Agency Id,Order Id,Product Id,Agency Ref,Agency Name,Order Ref,Agency Activity,Agency Group,Agency Type,Product Category,Product Ref,Quantity,Total Purchased,Total Cost,Total Service Fee,Weight,County,Service Fee,Pickup Delivery Date,Confirmed Date,Service Fee Name,Shipping Method,Is Non Food,Warehouse Name,Warehouse Ref,Agency Postal Code,Agency City,Product Name,Category
321,177391,8970,R-111,Royston Housing Authority,FAIMPORT480011,,FP/OP/USDA,AFTER SCHOOL PROGRAM-Agency,BLUE RECEIPT-SHL,MCW-16-10001,59,0,0,0.0,59,FRANKLIN,0.0,3/12/2024 0:00,3/12/2024 0:00,Price Code 1,CUSTOMER PICKUP,False,Food Bank of Northeast Georgia,01,30662.0,Royston,"MISC. FOOD BOX, SHL RETAIL PICKUP",Food Misc.
157,176949,696,N-103,New Beginnings Ministry,479571,,ON PREMISES (OP),REHAB-Agency,LOCAL - LL,W-25-10000,114,0,0,20.52,114,FRANKLIN,0.18,3/8/2024 13:34,3/8/2024 11:28,Price Code 1,CONTACT FOR DELIVERY,False,Sharing Floor Athens,01-SH,30557.0,Martin,"ASSORTED SNACK ITEMS, LL",Food Misc.
916,179600,875,W-125,World Outreach Ministries (d/b/a Ignited Church),482213,,FOOD PANTRY,FOOD PANTRY-Agency,BLUE RECEIPT-SHL,W-04-10000,10,0,0,0.0,10,FRANKLIN,0.0,4/25/2024 9:35,4/25/2024 9:23,Price Code 1,CUSTOMER PICKUP,False,Sharing Floor Athens,01-SH,30553.0,Lavonia,"BREAD & BAKERY, ASSORTED SHL",Grains
476,180442,3717,S-129,"Step of Faith Outreach, INC",483048,,FP/OP/GNAP/USDA,FOOD PANTRY-Agency,GNAP,N-40-10154,5,0,0,0.0,100,FRANKLIN,0.0,5/13/2024 16:09,5/14/2024 9:19,Price Code 1,CUSTOMER PICKUP,False,Food Bank of Northeast Georgia,01,30553.0,Lavonia,"GNAP APPLE JUICE, SINGLE SERVE",Beverages
973,177949,8940,G-134,The Grace Foundation: Family Transformation ,480568,,ON PREMISES (OP),REHAB-Agency,BLUE RECEIPT-SHL,C-28-90531,2,0,0,0.0,104,FRANKLIN,0.0,4/3/2024 11:33,4/3/2024 12:08,Price Code 1,CUSTOMER PICKUP,False,Food Bank of Northeast Georgia,01,30557.0,Martin,"CABBAGE, SHL 50#",Vegetables 
973,179425,1045,G-134,The Grace Foundation: Family Transformation ,482038,,ON PREMISES (OP),REHAB-Agency,BLUE RECEIPT-SHL,W-25-10009,183,0,0,32.94,183,FRANKLIN,0.18,4/23/2024 9:54,4/23/2024 9:58,Price Code 1,CUSTOMER PICKUP,False,Sharing Floor Athens,01-SH,30557.0,Martin,"ASSORTED SNACK ITEMS, SHL",Food Misc.
321,177585,8973,R-111,Royston Housing Authority,FAIMPORT480205,,FP/OP/USDA,AFTER SCHOOL PROGRAM-Agency,BLUE RECEIPT-SHL,MCC-16-10001,12,0,0,0.0,12,FRANKLIN,0.0,3/18/2024 0:00,3/18/2024 0:00,Price Code 1,CUSTOMER PICKUP,False,Food Bank of Northeast Georgia,01,30662.0,Royston,"COOLER FOOD MISC., SHL RETAIL PICKUP",Food Misc.
179,182301,9085,R-100,Rainbow Pantry,484905,,FP/USDA,FOOD PANTRY-Agency,USDA,F-50-90476,10,0,0,72.0,400,FRANKLIN,0.18,6/26/2024 11:30,6/27/2024 13:17,Price Code 1,CONTACT FOR DELIVERY,False,Food Bank of Northeast Georgia,01,30662.0,Royston,USDA PORK LOIN BONELESS CHOPS CCC,Proteins
973,175072,8937,G-134,The Grace Foundation: Family Transformation ,477702,,ON PREMISES (OP),REHAB-Agency,BLUE RECEIPT-SHL,N-03-11807,2,0,0,0.0,36,FRANKLIN,0.0,2/9/2024 8:00,2/9/2024 11:59,Price Code 1,CUSTOMER PICKUP,False,Food Bank of Northeast Georgia,01,30557.0,Martin,GATORADE LEMON LIME ZERO SUGAR,Beverages
321,172763,8909,R-111,Royston Housing Authority,476394,,FP/OP/USDA,AFTER SCHOOL PROGRAM-Agency,BLUE RECEIPT-SHL,N-03-11795,6,0,0,18.36,102,FRANKLIN,0.18,1/11/2024 14:45,1/11/2024 12:16,Price Code 1,CUSTOMER PICKUP,False,Food Bank of Northeast Georgia,01,30662.0,Royston,STARBUCKS VANILLA FRAPPUCCINO,Beverages
179,180878,8833,R-100,Rainbow Pantry,483484,,FP/USDA,FOOD PANTRY-Agency,BLUE RECEIPT-SHL,N-03-11769,13,0,0,0.0,364,FRANKLIN,0.0,5/23/2024 11:00,5/28/2024 7:42,Price Code 1,TRUCK 1,False,Food Bank of Northeast Georgia,01,30662.0,Royston,PEPSI COLA,Beverages
941,176929,842,L-117,Lavonia Church of God,479551,,FP/USDA,MOBILE PANTRY-Agency,USDA,N-50-10021,13,0,0,0.0,351,FRANKLIN,0.0,3/14/2024 7:00,3/14/2024 7:18,Price Code 1,TRUCK 1 MOBILE PANTRY,False,Food Bank of Northeast Georgia,01,30553.0,Lavonia,USDA DICED TOMATOES NO SALT CCC,Vegetables 
973,173104,690,G-134,The Grace Foundation: Family Transformation ,476734,,ON PREMISES (OP),REHAB-Agency,BLUE RECEIPT-SHL,W-03-10013,536,0,0,0.0,536,FRANKLIN,0.0,1/16/2024 9:57,1/16/2024 10:08,Price Code 1,CUSTOMER PICKUP,False,Sharing Floor Athens,01-SH,30557.0,Martin,"ASSORTED BEVERAGES, SHL",Beverages
157,181573,9044,N-103,New Beginnings Ministry,484177,,ON PREMISES (OP),REHAB-Agency,GNAP,N-40-10278,5,0,0,0.0,40,FRANKLIN,0.0,6/3/2024 0:00,6/3/2024 11:27,Price Code 1,CONTACT FOR DELIVERY,False,Food Bank of Northeast Georgia,01,30557.0,Martin,"GNAP PASTA SIDE, ALFREDO ",Prepared Meals
179,175758,8665,R-100,Rainbow Pantry,478386,,FP/USDA,FOOD PANTRY-Agency,BLUE RECEIPT-SHL,N-03-11268,10,0,0,6.9,230,FRANKLIN,0.03,2/22/2024 13:46,2/22/2024 9:28,Price Code 1,CONTACT FOR DELIVERY,False,Food Bank of Northeast Georgia,01,30662.0,Royston,PROPEL BERRY/KIWISTRAW/GRAPE,Beverages
476,180991,3717,S-129,"Step of Faith Outreach, INC",483596,,FP/OP/GNAP/USDA,FOOD PANTRY-Agency,GNAP,N-40-10154,40,0,0,0.0,800,FRANKLIN,0.0,5/22/2024 9:30,5/22/2024 12:46,Price Code 1,CUSTOMER PICKUP,False,Food Bank of Northeast Georgia,01,30553.0,Lavonia,"GNAP APPLE JUICE, SINGLE SERVE",Beverages
321,182223,8975,R-111,Royston Housing Authority,FAIMPORT484827,,FP/OP/USDA,AFTER SCHOOL PROGRAM-Agency,BLUE RECEIPT-SHL,MCC-07-10001,160,0,0,0.0,160,FRANKLIN,0.0,6/13/2024 0:00,6/13/2024 0:00,Price Code 1,CUSTOMER PICKUP,False,Food Bank of Northeast Georgia,01,30662.0,Royston,"DAIRY PRODUCTS, SHL RETAIL PICKUPS",Dairy
157,179262,683,N-103,New Beginnings Ministry,481875,,ON PREMISES (OP),REHAB-Agency,BLUE RECEIPT-SHL,W-16-10001,22,0,0,3.96,22,FRANKLIN,0.18,4/19/2024 13:34,4/19/2024 11:11,Price Code 1,CONTACT FOR DELIVERY,False,Sharing Floor Athens,01-SH,30557.0,Martin,MISC. FOOD BOX SHL,Food Misc.
157,178315,8949,N-103,New Beginnings Ministry,480931,,ON PREMISES (OP),REHAB-Agency,LOCAL - LL,C-28-90536,6,0,0,0.0,300,FRANKLIN,0.0,4/12/2024 0:00,4/12/2024 11:01,Price Code 1,CONTACT FOR DELIVERY,False,Food Bank of Northeast Georgia,01,30557.0,Martin,"CARROTS, 50#",Vegetables 
476,175439,8665,S-129,"Step of Faith Outreach, INC",478068,,FP/OP/GNAP/USDA,FOOD PANTRY-Agency,BLUE RECEIPT-SHL,N-03-11268,2,0,0,1.38,46,FRANKLIN,0.03,2/14/2024 16:09,2/14/2024 8:56,Price Code 1,CUSTOMER PICKUP,False,Food Bank of Northeast Georgia,01,30553.0,Lavonia,PROPEL BERRY/KIWISTRAW/GRAPE,Beverages
179,177165,4715,R-100,Rainbow Pantry,479786,,FP/USDA,FOOD PANTRY-Agency,USDA,F-50-90461,20,0,0,80.0,800,FRANKLIN,0.1,3/21/2024 10:30,3/27/2024 10:09,Price Code 1,CONTACT FOR DELIVERY,False,Food Bank of Northeast Georgia,01,30662.0,Royston,USDA ALASKAN POLLACK FISH FILLETS,Proteins
321,182494,8970,R-111,Royston Housing Authority,FAIMPORT485098,,FP/OP/USDA,AFTER SCHOOL PROGRAM-Agency,BLUE RECEIPT-SHL,MCW-16-10001,29,0,0,0.0,29,FRANKLIN,0.0,6/18/2024 0:00,6/18/2024 0:00,Price Code 1,CUSTOMER PICKUP,False,Food Bank of Northeast Georgia,01,30662.0,Royston,"MISC. FOOD BOX, SHL RETAIL PICKUP",Food Misc.
321,173207,8915,R-111,Royston Housing Authority,476837,,FP/OP/USDA,AFTER SCHOOL PROGRAM-Agency,USDA,F-50-90474,1,0,0,7.2,40,FRANKLIN,0.18,1/25/2024 14:45,1/25/2024 12:46,Price Code 1,CUSTOMER PICKUP,False,Food Bank of Northeast Georgia,01,30662.0,Royston,USDA PACIFIC SALAD SHRIMP,Proteins
157,178384,8974,N-103,New Beginnings Ministry,481000,,ON PREMISES (OP),REHAB-Agency,BLUE RECEIPT-SHL,MCW-04-10000,40,0,0,0.0,40,FRANKLIN,0.0,4/5/2024 13:34,4/5/2024 10:23,Price Code 1,CONTACT FOR DELIVERY,False,Sharing Floor Athens,01-SH,30557.0,Martin,"BREAD AND BAKERY, SHL RETAIL PICKUPS",Grains
157,179735,8658,N-103,New Beginnings Ministry,482348,,ON PREMISES (OP),REHAB-Agency,YELLOW RECEIPT - SHN,N-25-11893,2,0,0,6.48,36,FRANKLIN,0.18,5/3/2024 0:00,5/3/2024 12:29,Price Code 1,CUSTOMER PICKUP,False,Food Bank of Northeast Georgia,01,30557.0,Martin,KELLOGG WHEAT CRACKER ON TRAYS,Grains
321,180470,8976,R-111,Royston Housing Authority,FAIMPORT483076,,FP/OP/USDA,AFTER SCHOOL PROGRAM-Agency,BLUE RECEIPT-SHL,MCC-28-10001,28,0,0,0.0,28,FRANKLIN,0.0,5/3/2024 0:00,5/3/2024 0:00,Price Code 1,CUSTOMER PICKUP,False,Food Bank of Northeast Georgia,01,30662.0,Royston,"PRODUCE, SHL RETAIL PICKUPS",Mixed Produce
321,180447,9052,R-111,Royston Housing Authority,483053,,FP/OP/USDA,AFTER SCHOOL PROGRAM-Agency,GNAP,N-40-10283,10,0,0,0.0,200,FRANKLIN,0.0,5/15/2024 8:45,5/15/2024 10:03,Price Code 1,CUSTOMER PICKUP,False,Food Bank of Northeast Georgia,01,30662.0,Royston,"GNAP 100% ORANGE TANGERINE JUICE, SINGLE SERVE",Beverages
973,177949,4195,G-134,The Grace Foundation: Family Transformation ,480568,,ON PREMISES (OP),REHAB-Agency,BLUE RECEIPT-SHL,N-03-11030,11,0,0,0.0,220,FRANKLIN,0.0,4/3/2024 11:33,4/3/2024 12:08,Price Code 1,CUSTOMER PICKUP,False,Food Bank of Northeast Georgia,01,30557.0,Martin,DIET COKE,Beverages
157,180718,9056,N-103,New Beginnings Ministry,483324,,ON PREMISES (OP),REHAB-Agency,GNAP,N-40-10286,10,0,0,0.0,220,FRANKLIN,0.0,5/17/2024 0:00,5/17/2024 10:44,Price Code 1,CONTACT FOR DELIVERY,False,Food Bank of Northeast Georgia,01,30557.0,Martin,GNAP DICED PEAR CUPS,Fruits
157,181573,7202,N-103,New Beginnings Ministry,484177,,ON PREMISES (OP),REHAB-Agency,GNAP,N-40-10242,2,0,0,0.0,32,FRANKLIN,0.0,6/3/2024 0:00,6/3/2024 11:27,Price Code 1,CONTACT FOR DELIVERY,False,Food Bank of Northeast Georgia,01,30557.0,Martin,GNAP STRAWBERRY JELLY,Food Misc.
941,180242,1674,L-117,Lavonia Church of God,482848,,FP/USDA,MOBILE PANTRY-Agency,USDA,N-50-10073,13,0,0,0.0,351,FRANKLIN,0.0,5/9/2024 7:00,5/9/2024 8:53,Price Code 1,TRUCK 1 MOBILE PANTRY,False,Food Bank of Northeast Georgia,01,30553.0,Lavonia,USDA TOMATO SAUCE,Vegetables 
941,181780,842,L-117,Lavonia Church of God,484384,,FP/USDA,MOBILE PANTRY-Agency,USDA,N-50-10021,13,0,0,0.0,351,FRANKLIN,0.0,6/13/2024 7:00,6/13/2024 16:49,Price Code 1,TRUCK 1 MOBILE PANTRY,False,Food Bank of Northeast Georgia,01,30553.0,Lavonia,USDA DICED TOMATOES NO SALT CCC,Vegetables 
916,172635,696,W-125,World Outreach Ministries (d/b/a Ignited Church),476266,,FOOD PANTRY,FOOD PANTRY-Agency,LOCAL - LL,W-25-10000,31,0,0,5.58,31,FRANKLIN,0.18,1/5/2024 9:35,1/5/2024 14:57,Price Code 1,CUSTOMER PICKUP,False,Sharing Floor Athens,01-SH,30553.0,Lavonia,"ASSORTED SNACK ITEMS, LL",Food Misc.
321,178705,8971,R-111,Royston Housing Authority,FAIMPORT481319,,FP/OP/USDA,AFTER SCHOOL PROGRAM-Agency,BLUE RECEIPT-SHL,MCF-16-10001,6,0,0,0.0,6,FRANKLIN,0.0,4/4/2024 0:00,4/4/2024 0:00,Price Code 1,CUSTOMER PICKUP,False,Food Bank of Northeast Georgia,01,30662.0,Royston,"FROZEN FOODS, MISC SHL RETAIL PICKUP",Food Misc.
973,178534,8741,G-134,The Grace Foundation: Family Transformation ,481150,,ON PREMISES (OP),REHAB-Agency,BLUE RECEIPT-SHL,N-03-11741,25,0,0,0.0,250,FRANKLIN,0.0,4/12/2024 11:10,4/25/2024 7:41,Price Code 1,CUSTOMER PICKUP,False,Food Bank of Northeast Georgia,01,30557.0,Martin,DIET MT DEW,Beverages
476,175439,8719,S-129,"Step of Faith Outreach, INC",478068,,FP/OP/GNAP/USDA,FOOD PANTRY-Agency,GNAP,N-40-10265,3,0,0,3.9,39,FRANKLIN,0.1,2/14/2024 16:09,2/14/2024 8:56,Price Code 1,CUSTOMER PICKUP,False,Food Bank of Northeast Georgia,01,30553.0,Lavonia,GNAP MINI BEEF RAVIOLI,Prepared Meals
916,172949,5407,W-125,World Outreach Ministries (d/b/a Ignited Church),476580,,FOOD PANTRY,FOOD PANTRY-Agency,BLUE RECEIPT-SHL,F-15-10000,15,0,0,2.7,15,FRANKLIN,0.18,1/11/2024 9:35,1/11/2024 14:26,Price Code 1,CUSTOMER PICKUP,False,Sharing Floor Athens,01-SH,30553.0,Lavonia,"MEAT & SEAFOOD, FROZEN SHL",Proteins
973,181155,235,G-134,The Grace Foundation: Family Transformation ,483760,,ON PREMISES (OP),REHAB-Agency,LOCAL - LL,W-03-10012,75,0,0,0.0,75,FRANKLIN,0.0,5/21/2024 15:19,5/21/2024 15:26,Price Code 1,CUSTOMER PICKUP,False,Sharing Floor Athens,01-SH,30557.0,Martin,"ASSORTED BEVERAGES, LL",Beverages
179,181476,9081,R-100,Rainbow Pantry,484080,,FP/USDA,FOOD PANTRY-Agency,BLUE RECEIPT-SHL,N-03-11843,10,0,0,0.0,180,FRANKLIN,0.0,6/6/2024 10:00,6/6/2024 13:08,Price Code 1,TRUCK 1,False,Food Bank of Northeast Georgia,01,30662.0,Royston,DR PEPPER ZERO SUGAR,Beverages
179,176131,8856,R-100,Rainbow Pantry,478758,,FP/USDA,FOOD PANTRY-Agency,LOCAL - LL,N-25-11936,2,0,0,1.44,8,FRANKLIN,0.18,3/7/2024 10:30,3/8/2024 7:51,Price Code 1,CONTACT FOR DELIVERY,False,Food Bank of Northeast Georgia,01,30662.0,Royston,"CHUM FRUIT BITES, STRAWBERRY/MANGO",Fruits
157,179262,683,N-103,New Beginnings Ministry,481875,,ON PREMISES (OP),REHAB-Agency,BLUE RECEIPT-SHL,W-16-10001,81,0,0,0.0,81,FRANKLIN,0.0,4/19/2024 13:34,4/19/2024 11:11,Price Code 1,CONTACT FOR DELIVERY,False,Sharing Floor Athens,01-SH,30557.0,Martin,MISC. FOOD BOX SHL,Food Misc.
973,178534,9009,G-134,The Grace Foundation: Family Transformation ,481150,,ON PREMISES (OP),REHAB-Agency,BLUE RECEIPT-SHL,N-03-11828,23,0,0,0.0,322,FRANKLIN,0.0,4/12/2024 11:10,4/25/2024 7:41,Price Code 1,CUSTOMER PICKUP,False,Food Bank of Northeast Georgia,01,30557.0,Martin,PURE LEAF LEMON TEA,Beverages
157,176719,6983,N-103,New Beginnings Ministry,479342,,ON PREMISES (OP),REHAB-Agency,LOCAL - LL,C-28-90426,4,0,0,0.0,160,FRANKLIN,0.0,3/8/2024 13:34,3/8/2024 12:09,Price Code 1,CONTACT FOR DELIVERY,False,Food Bank of Northeast Georgia,01,30557.0,Martin,SWEET POTATOES,Potatoes 
157,179059,4036,N-103,New Beginnings Ministry,481673,,ON PREMISES (OP),REHAB-Agency,BLUE RECEIPT-SHL,N-03-11005,7,0,0,0.0,70,FRANKLIN,0.0,4/19/2024 13:34,4/19/2024 11:27,Price Code 1,CONTACT FOR DELIVERY,False,Food Bank of Northeast Georgia,01,30557.0,Martin,DIET PEPSI,Beverages
941,175109,4715,L-117,Lavonia Church of God,477739,,FP/USDA,MOBILE PANTRY-Agency,USDA,F-50-90461,36,0,0,0.0,1440,FRANKLIN,0.0,2/8/2024 7:00,2/8/2024 8:39,Price Code 1,TRUCK 1 MOBILE PANTRY,False,Food Bank of Northeast Georgia,01,30553.0,Lavonia,USDA ALASKAN POLLACK FISH FILLETS,Proteins
973,177949,8559,G-134,The Grace Foundation: Family Transformation ,480568,,ON PREMISES (OP),REHAB-Agency,BLUE RECEIPT-SHL,C-28-90529,2,0,0,0.0,80,FRANKLIN,0.0,4/3/2024 11:33,4/3/2024 12:08,Price Code 1,CUSTOMER PICKUP,False,Food Bank of Northeast Georgia,01,30557.0,Martin,"ORANGES, BULK",Fruits
973,176026,1045,G-134,The Grace Foundation: Family Transformation ,478654,,ON PREMISES (OP),REHAB-Agency,BLUE RECEIPT-SHL,W-25-10009,89,0,0,16.02,89,FRANKLIN,0.18,2/22/2024 12:01,2/22/2024 12:04,Price Code 1,CUSTOMER PICKUP,False,Sharing Floor Athens,01-SH,30557.0,Martin,"ASSORTED SNACK ITEMS, SHL",Food Misc.
179,181557,8970,R-100,Rainbow Pantry,FAIMPORT484161,,FP/USDA,FOOD PANTRY-Agency,BLUE RECEIPT-SHL,MCW-16-10001,28,0,0,0.0,28,FRANKLIN,0.0,5/19/2024 0:00,5/19/2024 0:00,Price Code 1,CUSTOMER PICKUP,False,Food Bank of Northeast Georgia,01,30662.0,Royston,"MISC. FOOD BOX, SHL RETAIL PICKUP",Food Misc.
941,172698,3943,L-117,Lavonia Church of God,476329,,FP/USDA,MOBILE PANTRY-Agency,USDA,N-50-10268,40,0,0,0.0,1520,FRANKLIN,0.0,1/11/2024 9:01,1/11/2024 8:33,Price Code 1,TRUCK 1 MOBILE PANTRY,False,Food Bank of Northeast Georgia,01,30553.0,Lavonia,USDA APPLE JUICE,Beverages
321,181529,8971,R-111,Royston Housing Authority,FAIMPORT484133,,FP/OP/USDA,AFTER SCHOOL PROGRAM-Agency,BLUE RECEIPT-SHL,MCF-16-10001,2,0,0,0.0,2,FRANKLIN,0.0,5/27/2024 0:00,5/27/2024 0:00,Price Code 1,CUSTOMER PICKUP,False,Food Bank of Northeast Georgia,01,30662.0,Royston,"FROZEN FOODS, MISC SHL RETAIL PICKUP",Food Misc.
179,172361,8893,R-100,Rainbow Pantry,475992,,FP/USDA,FOOD PANTRY-Agency,LOCAL - LL,N-25-11947,20,0,0,21.6,120,FRANKLIN,0.18,1/5/2024 10:30,1/16/2024 8:22,Price Code 1,CONTACT FOR DELIVERY,False,Food Bank of Northeast Georgia,01,30662.0,Royston,CELLAS CHOCOLATE COVERED CHERRIES,Food Misc.
157,180273,7169,N-103,New Beginnings Ministry,482879,,ON PREMISES (OP),REHAB-Agency,GNAP,N-40-10236,10,0,0,0.0,140,FRANKLIN,0.0,5/10/2024 10:25,5/10/2024 10:31,Price Code 1,CUSTOMER PICKUP,False,Food Bank of Northeast Georgia,01,30557.0,Martin,GNAP BEEF LASAGNA,Prepared Meals
179,173499,4761,R-100,Rainbow Pantry,477128,,FP/USDA,FOOD PANTRY-Agency,USDA,F-50-90454,4,0,0,0.0,124,FRANKLIN,0.0,2/1/2024 10:30,2/20/2024 13:42,Price Code 1,CONTACT FOR DELIVERY,False,Food Bank of Northeast Georgia,01,30662.0,Royston,USDA FROZEN STRAWBERRIES CCC,Fruits
321,179794,8973,R-111,Royston Housing Authority,FAIMPORT482407,,FP/OP/USDA,AFTER SCHOOL PROGRAM-Agency,BLUE RECEIPT-SHL,MCC-16-10001,3,0,0,0.0,3,FRANKLIN,0.0,4/25/2024 0:00,4/25/2024 0:00,Price Code 1,CUSTOMER PICKUP,False,Food Bank of Northeast Georgia,01,30662.0,Royston,"COOLER FOOD MISC., SHL RETAIL PICKUP",Food Misc.
179,181554,8970,R-100,Rainbow Pantry,FAIMPORT484158,,FP/USDA,FOOD PANTRY-Agency,BLUE RECEIPT-SHL,MCW-16-10001,14,0,0,0.0,14,FRANKLIN,0.0,5/9/2024 0:00,5/9/2024 0:00,Price Code 1,CUSTOMER PICKUP,False,Food Bank of Northeast Georgia,01,30662.0,Royston,"MISC. FOOD BOX, SHL RETAIL PICKUP",Food Misc.
179,182301,1674,R-100,Rainbow Pantry,484905,,FP/USDA,FOOD PANTRY-Agency,USDA,N-50-10073,8,0,0,38.88,216,FRANKLIN,0.18,6/26/2024 11:30,6/27/2024 13:17,Price Code 1,CONTACT FOR DELIVERY,False,Food Bank of Northeast Georgia,01,30662.0,Royston,USDA TOMATO SAUCE,Vegetables 
973,176696,1045,G-134,The Grace Foundation: Family Transformation ,479319,,ON PREMISES (OP),REHAB-Agency,BLUE RECEIPT-SHL,W-25-10009,30,0,0,5.4,30,FRANKLIN,0.18,3/5/2024 11:36,3/5/2024 11:45,Price Code 1,CUSTOMER PICKUP,False,Sharing Floor Athens,01-SH,30557.0,Martin,"ASSORTED SNACK ITEMS, SHL",Food Misc.
321,181528,8970,R-111,Royston Housing Authority,FAIMPORT484132,,FP/OP/USDA,AFTER SCHOOL PROGRAM-Agency,BLUE RECEIPT-SHL,MCW-16-10001,14,0,0,0.0,14,FRANKLIN,0.0,5/28/2024 0:00,5/28/2024 0:00,Price Code 1,CUSTOMER PICKUP,False,Food Bank of Northeast Georgia,01,30662.0,Royston,"MISC. FOOD BOX, SHL RETAIL PICKUP",Food Misc.
973,176026,690,G-134,The Grace Foundation: Family Transformation ,478654,,ON PREMISES (OP),REHAB-Agency,BLUE RECEIPT-SHL,W-03-10013,45,0,0,0.0,45,FRANKLIN,0.0,2/22/2024 12:01,2/22/2024 12:04,Price Code 1,CUSTOMER PICKUP,False,Sharing Floor Athens,01-SH,30557.0,Martin,"ASSORTED BEVERAGES, SHL",Beverages
973,178534,8546,G-134,The Grace Foundation: Family Transformation ,481150,,ON PREMISES (OP),REHAB-Agency,BLUE RECEIPT-SHL,N-03-10262,20,0,0,0.0,600,FRANKLIN,0.0,4/12/2024 11:10,4/25/2024 7:41,Price Code 1,CUSTOMER PICKUP,False,Food Bank of Northeast Georgia,01,30557.0,Martin,STARRY LEMON LIME SODA 16.9 OZ,Beverages
157,179735,9025,N-103,New Beginnings Ministry,482348,,ON PREMISES (OP),REHAB-Agency,YELLOW RECEIPT - SHN,N-11-11072,5,0,0,8.1,45,FRANKLIN,0.18,5/3/2024 0:00,5/3/2024 12:29,Price Code 1,CUSTOMER PICKUP,False,Food Bank of Northeast Georgia,01,30557.0,Martin,MRS BUTTERSWORTHS SMORES PANCAKE KIT,Food Misc.
973,172865,8854,G-134,The Grace Foundation: Family Transformation ,476496,,ON PREMISES (OP),REHAB-Agency,BLUE RECEIPT-SHL,N-03-11776,5,0,0,0.0,165,FRANKLIN,0.0,1/19/2024 8:00,1/19/2024 8:18,Price Code 1,CUSTOMER PICKUP,False,Food Bank of Northeast Georgia,01,30557.0,Martin,DR PEPPER STRAWBERRIES & CREAM,Beverages
973,178534,8854,G-134,The Grace Foundation: Family Transformation ,481150,,ON PREMISES (OP),REHAB-Agency,BLUE RECEIPT-SHL,N-03-11776,12,0,0,0.0,396,FRANKLIN,0.0,4/12/2024 11:10,4/25/2024 7:41,Price Code 1,CUSTOMER PICKUP,False,Food Bank of Northeast Georgia,01,30557.0,Martin,DR PEPPER STRAWBERRIES & CREAM,Beverages
157,180172,690,N-103,New Beginnings Ministry,482778,,ON PREMISES (OP),REHAB-Agency,BLUE RECEIPT-SHL,W-03-10013,258,0,0,7.74,258,FRANKLIN,0.03,5/3/2024 13:34,5/3/2024 11:23,Price Code 1,CONTACT FOR DELIVERY,False,Sharing Floor Athens,01-SH,30557.0,Martin,"ASSORTED BEVERAGES, SHL",Beverages
179,181476,5938,R-100,Rainbow Pantry,484080,,FP/USDA,FOOD PANTRY-Agency,BLUE RECEIPT-SHL,C-28-10001,350,0,0,0.0,350,FRANKLIN,0.0,6/6/2024 10:00,6/6/2024 13:08,Price Code 1,TRUCK 1,False,Food Bank of Northeast Georgia,01,30662.0,Royston,"PRODUCE, FRESH SHL",Mixed Produce
941,181780,8943,L-117,Lavonia Church of God,484384,,FP/USDA,MOBILE PANTRY-Agency,BLUE RECEIPT-SHL,C-28-90534,50,0,0,0.0,2100,FRANKLIN,0.0,6/13/2024 7:00,6/13/2024 16:49,Price Code 1,TRUCK 1 MOBILE PANTRY,False,Food Bank of Northeast Georgia,01,30553.0,Lavonia,"SWEET POTATO, SHL",Potatoes 
157,178315,8950,N-103,New Beginnings Ministry,480931,,ON PREMISES (OP),REHAB-Agency,LOCAL - LL,C-28-90537,50,0,0,0.0,50,FRANKLIN,0.0,4/12/2024 0:00,4/12/2024 11:01,Price Code 1,CONTACT FOR DELIVERY,False,Food Bank of Northeast Georgia,01,30557.0,Martin,"CABBAGE, BULK TOTE",Vegetables 
321,178891,8975,R-111,Royston Housing Authority,FAIMPORT481505,,FP/OP/USDA,AFTER SCHOOL PROGRAM-Agency,BLUE RECEIPT-SHL,MCC-07-10001,155,0,0,0.0,155,FRANKLIN,0.0,4/11/2024 0:00,4/11/2024 0:00,Price Code 1,CUSTOMER PICKUP,False,Food Bank of Northeast Georgia,01,30662.0,Royston,"DAIRY PRODUCTS, SHL RETAIL PICKUPS",Dairy
973,173077,8625,G-134,The Grace Foundation: Family Transformation ,476707,,ON PREMISES (OP),REHAB-Agency,BLUE RECEIPT-SHL,N-03-11261,10,0,0,0.0,330,FRANKLIN,0.0,1/19/2024 9:00,1/19/2024 9:08,Price Code 1,CUSTOMER PICKUP,False,Food Bank of Northeast Georgia,01,30557.0,Martin,STARRY ZERO SUGAR 24 X 20 FL OZ,Beverages
157,179735,8940,N-103,New Beginnings Ministry,482348,,ON PREMISES (OP),REHAB-Agency,BLUE RECEIPT-SHL,C-28-90531,10,0,0,0.0,520,FRANKLIN,0.0,5/3/2024 0:00,5/3/2024 12:29,Price Code 1,CUSTOMER PICKUP,False,Food Bank of Northeast Georgia,01,30557.0,Martin,"CABBAGE, SHL 50#",Vegetables 
476,180914,9039,S-129,"Step of Faith Outreach, INC",483520,,FP/OP/GNAP/USDA,FOOD PANTRY-Agency,GNAP,N-40-10276,20,0,0,0.0,200,FRANKLIN,0.0,5/21/2024 12:00,5/21/2024 12:04,Price Code 1,CUSTOMER PICKUP,False,Food Bank of Northeast Georgia,01,30553.0,Lavonia,GNAP CHEESE STICKS - WHITE CHEDDAR,Dairy
157,178859,5388,N-103,New Beginnings Ministry,481473,,ON PREMISES (OP),REHAB-Agency,BLUE RECEIPT-SHL,F-16-10001,83,0,0,0.0,83,FRANKLIN,0.0,4/12/2024 13:34,4/12/2024 10:29,Price Code 1,CONTACT FOR DELIVERY,False,Sharing Floor Athens,01-SH,30557.0,Martin,"ASSORTED FROZEN FOODS, SHL",Food Misc.
941,176929,1791,L-117,Lavonia Church of God,479551,,FP/USDA,MOBILE PANTRY-Agency,USDA,N-50-10079,13,0,0,0.0,338,FRANKLIN,0.0,3/14/2024 7:00,3/14/2024 7:18,Price Code 1,TRUCK 1 MOBILE PANTRY,False,Food Bank of Northeast Georgia,01,30553.0,Lavonia,USDA WALNUT HALVES AND PIECES,Proteins
973,173384,8910,G-134,The Grace Foundation: Family Transformation ,477013,,ON PREMISES (OP),REHAB-Agency,BLUE RECEIPT-SHL,N-03-11796,20,0,0,0.0,200,FRANKLIN,0.0,1/26/2024 8:30,1/26/2024 9:19,Price Code 1,CUSTOMER PICKUP,False,Food Bank of Northeast Georgia,01,30557.0,Martin,DR PEPPER STRAWBERRIES AND CREAM 12 FL OZ,Beverages
941,180242,4411,L-117,Lavonia Church of God,482848,,FP/USDA,MOBILE PANTRY-Agency,USDA,F-50-90465,64,0,0,0.0,1344,FRANKLIN,0.0,5/9/2024 7:00,5/9/2024 8:53,Price Code 1,TRUCK 1 MOBILE PANTRY,False,Food Bank of Northeast Georgia,01,30553.0,Lavonia,USDA WILD CAUGHT GULF SHRIMP,Proteins
973,180613,6201,G-134,The Grace Foundation: Family Transformation ,483219,,ON PREMISES (OP),REHAB-Agency,BLUE RECEIPT-SHL,C-28-90191,2,0,0,1.88,94,FRANKLIN,0.02,5/21/2024 10:00,5/21/2024 14:51,Price Code 1,CUSTOMER PICKUP,False,Food Bank of Northeast Georgia,01,30557.0,Martin,CUCUMBERS,Vegetables 
179,177931,8996,R-100,Rainbow Pantry,480550,,FP/USDA,FOOD PANTRY-Agency,LOCAL - LL,C-07-90662,6,0,0,0.0,84,FRANKLIN,0.0,4/4/2024 13:46,4/4/2024 9:23,Price Code 1,CONTACT FOR DELIVERY,False,Food Bank of Northeast Georgia,01,30662.0,Royston,DUNKIN COFFEE CREAMER,Food Misc.
942,179966,170,M-140FRANKLIN,Franklin County MedLink Georgia,482575,,DIRECT ASSISTANCE,MOBILE PANTRY-Agency,USDA,N-50-10007,9,0,0,0.0,252,FRANKLIN,0.0,5/10/2024 8:00,5/10/2024 7:57,Mobile Pantry/Feed Site Only,TRACTOR TRAILER 1 MOBILE PANTRY,False,Food Bank of Northeast Georgia,01,30628.0,Colbert,"USDA CORN, WHOLE KERNEL NO SALT",Vegetables 
476,180991,9056,S-129,"Step of Faith Outreach, INC",483596,,FP/OP/GNAP/USDA,FOOD PANTRY-Agency,GNAP,N-40-10286,20,0,0,0.0,440,FRANKLIN,0.0,5/22/2024 9:30,5/22/2024 12:46,Price Code 1,CUSTOMER PICKUP,False,Food Bank of Northeast Georgia,01,30553.0,Lavonia,GNAP DICED PEAR CUPS,Fruits
973,172865,8911,G-134,The Grace Foundation: Family Transformation ,476496,,ON PREMISES (OP),REHAB-Agency,BLUE RECEIPT-SHL,N-03-11797,6,0,0,0.0,108,FRANKLIN,0.0,1/19/2024 8:00,1/19/2024 8:18,Price Code 1,CUSTOMER PICKUP,False,Food Bank of Northeast Georgia,01,30557.0,Martin,GATORADE ZERO COOL BLUE,Beverages
157,178018,3122,N-103,New Beginnings Ministry,480637,,ON PREMISES (OP),REHAB-Agency,GNAP,N-40-10174,50,0,0,0.0,700,FRANKLIN,0.0,4/5/2024 0:00,4/5/2024 10:42,Price Code 1,CUSTOMER PICKUP,False,Food Bank of Northeast Georgia,01,30557.0,Martin,"GNAP BLACKEYE PEAS, LOW SODIUM",Proteins
157,176719,5938,N-103,New Beginnings Ministry,479342,,ON PREMISES (OP),REHAB-Agency,BLUE RECEIPT-SHL,C-28-10001,50,0,0,0.0,50,FRANKLIN,0.0,3/8/2024 13:34,3/8/2024 12:09,Price Code 1,CONTACT FOR DELIVERY,False,Food Bank of Northeast Georgia,01,30557.0,Martin,"PRODUCE, FRESH SHL",Mixed Produce
179,181476,8940,R-100,Rainbow Pantry,484080,,FP/USDA,FOOD PANTRY-Agency,BLUE RECEIPT-SHL,C-28-90531,5,0,0,0.0,260,FRANKLIN,0.0,6/6/2024 10:00,6/6/2024 13:08,Price Code 1,TRUCK 1,False,Food Bank of Northeast Georgia,01,30662.0,Royston,"CABBAGE, SHL 50#",Vegetables 
973,175072,3776,G-134,The Grace Foundation: Family Transformation ,477702,,ON PREMISES (OP),REHAB-Agency,BLUE RECEIPT-SHL,N-03-11125,60,0,0,0.0,1980,FRANKLIN,0.0,2/9/2024 8:00,2/9/2024 11:59,Price Code 1,CUSTOMER PICKUP,False,Food Bank of Northeast Georgia,01,30557.0,Martin,PEPSI WILD CHERRY,Beverages
157,180172,1045,N-103,New Beginnings Ministry,482778,,ON PREMISES (OP),REHAB-Agency,BLUE RECEIPT-SHL,W-25-10009,288,0,0,51.84,288,FRANKLIN,0.18,5/3/2024 13:34,5/3/2024 11:23,Price Code 1,CONTACT FOR DELIVERY,False,Sharing Floor Athens,01-SH,30557.0,Martin,"ASSORTED SNACK ITEMS, SHL",Food Misc.
157,179735,8939,N-103,New Beginnings Ministry,482348,,ON PREMISES (OP),REHAB-Agency,BLUE RECEIPT-SHL,C-28-90530,14,0,0,0.0,588,FRANKLIN,0.0,5/3/2024 0:00,5/3/2024 12:29,Price Code 1,CUSTOMER PICKUP,False,Food Bank of Northeast Georgia,01,30557.0,Martin,"APPLES, SHL",Fruits
321,180468,8975,R-111,Royston Housing Authority,FAIMPORT483074,,FP/OP/USDA,AFTER SCHOOL PROGRAM-Agency,BLUE RECEIPT-SHL,MCC-07-10001,145,0,0,0.0,145,FRANKLIN,0.0,5/6/2024 0:00,5/6/2024 0:00,Price Code 1,CUSTOMER PICKUP,False,Food Bank of Northeast Georgia,01,30662.0,Royston,"DAIRY PRODUCTS, SHL RETAIL PICKUPS",Dairy
179,177165,7284,R-100,Rainbow Pantry,479786,,FP/USDA,FOOD PANTRY-Agency,USDA,C-50-10043,16,0,0,41.6,416,FRANKLIN,0.1,3/21/2024 10:30,3/27/2024 10:09,Price Code 1,CONTACT FOR DELIVERY,False,Food Bank of Northeast Georgia,01,30662.0,Royston,USDA RED FAT AMERICAN CHEESE CCC,Dairy
157,180273,9046,N-103,New Beginnings Ministry,482879,,ON PREMISES (OP),REHAB-Agency,GNAP,N-40-10280,10,0,0,0.0,100,FRANKLIN,0.0,5/10/2024 10:25,5/10/2024 10:31,Price Code 1,CUSTOMER PICKUP,False,Food Bank of Northeast Georgia,01,30557.0,Martin,GNAP CHEESEBURGER DINNER,Prepared Meals
157,180718,7298,N-103,New Beginnings Ministry,483324,,ON PREMISES (OP),REHAB-Agency,GNAP,N-40-10248,2,0,0,0.0,28,FRANKLIN,0.0,5/17/2024 0:00,5/17/2024 10:44,Price Code 1,CONTACT FOR DELIVERY,False,Food Bank of Northeast Georgia,01,30557.0,Martin,GNAP BAKING AND BISCUIT MIX,Food Misc.
941,180242,2202,L-117,Lavonia Church of God,482848,,FP/USDA,MOBILE PANTRY-Agency,USDA,N-50-10240,15,0,0,0.0,330,FRANKLIN,0.0,5/9/2024 7:00,5/9/2024 8:53,Price Code 1,TRUCK 1 MOBILE PANTRY,False,Food Bank of Northeast Georgia,01,30553.0,Lavonia,USDA SPAGHETTI,Grains
157,181573,9025,N-103,New Beginnings Ministry,484177,,ON PREMISES (OP),REHAB-Agency,YELLOW RECEIPT - SHN,N-11-11072,2,0,0,3.24,18,FRANKLIN,0.18,6/3/2024 0:00,6/3/2024 11:27,Price Code 1,CONTACT FOR DELIVERY,False,Food Bank of Northeast Georgia,01,30557.0,Martin,MRS BUTTERSWORTHS SMORES PANCAKE KIT,Food Misc.
916,172635,50,W-125,World Outreach Ministries (d/b/a Ignited Church),476266,,FOOD PANTRY,FOOD PANTRY-Agency,LOCAL - LL,W-16-10002,15,0,0,2.7,15,FRANKLIN,0.18,1/5/2024 9:35,1/5/2024 14:57,Price Code 1,CUSTOMER PICKUP,False,Sharing Floor Athens,01-SH,30553.0,Lavonia,MISC. FOOD BOX LL,Food Misc.
179,173499,8783,R-100,Rainbow Pantry,477128,,FP/USDA,FOOD PANTRY-Agency,USDA,N-50-10308,12,0,0,49.68,276,FRANKLIN,0.18,2/1/2024 10:30,2/20/2024 13:42,Price Code 1,CONTACT FOR DELIVERY,False,Food Bank of Northeast Georgia,01,30662.0,Royston,USDA RAISINS,Fruits
973,173864,8837,G-134,The Grace Foundation: Family Transformation ,477493,,ON PREMISES (OP),REHAB-Agency,BLUE RECEIPT-SHL,N-03-11773,10,0,0,0.0,100,FRANKLIN,0.0,2/2/2024 17:49,2/7/2024 8:03,Price Code 1,CUSTOMER PICKUP,False,Food Bank of Northeast Georgia,01,30557.0,Martin,MT DEW PASSSIONFRUIT PUNCH,Beverages
916,180949,688,W-125,World Outreach Ministries (d/b/a Ignited Church),483555,,FOOD PANTRY,FOOD PANTRY-Agency,BLUE RECEIPT-SHL,W-01-10000,29,0,0,5.22,29,FRANKLIN,0.18,5/16/2024 9:35,5/16/2024 13:53,Price Code 1,CUSTOMER PICKUP,False,Sharing Floor Athens,01-SH,30553.0,Lavonia,"ASSORTED NON-FOOD ITEMS, SHL",Non-Food Misc.
973,173864,690,G-134,The Grace Foundation: Family Transformation ,477493,,ON PREMISES (OP),REHAB-Agency,BLUE RECEIPT-SHL,W-03-10013,600,0,0,0.0,600,FRANKLIN,0.0,2/2/2024 17:49,2/7/2024 8:03,Price Code 1,CUSTOMER PICKUP,False,Food Bank of Northeast Georgia,01,30557.0,Martin,"ASSORTED BEVERAGES, SHL",Beverages
916,172949,696,W-125,World Outreach Ministries (d/b/a Ignited Church),476580,,FOOD PANTRY,FOOD PANTRY-Agency,LOCAL - LL,W-25-10000,13,0,0,2.34,13,FRANKLIN,0.18,1/11/2024 9:35,1/11/2024 14:26,Price Code 1,CUSTOMER PICKUP,False,Sharing Floor Athens,01-SH,30553.0,Lavonia,"ASSORTED SNACK ITEMS, LL",Food Misc.
973,176696,875,G-134,The Grace Foundation: Family Transformation ,479319,,ON PREMISES (OP),REHAB-Agency,BLUE RECEIPT-SHL,W-04-10000,88,0,0,0.0,88,FRANKLIN,0.0,3/5/2024 11:36,3/5/2024 11:45,Price Code 1,CUSTOMER PICKUP,False,Sharing Floor Athens,01-SH,30557.0,Martin,"BREAD & BAKERY, ASSORTED SHL",Grains
321,177392,8972,R-111,Royston Housing Authority,FAIMPORT480012,,FP/OP/USDA,AFTER SCHOOL PROGRAM-Agency,BLUE RECEIPT-SHL,MCF-15-10000,1,0,0,0.0,1,FRANKLIN,0.0,3/14/2024 0:00,3/14/2024 0:00,Price Code 1,CUSTOMER PICKUP,False,Food Bank of Northeast Georgia,01,30662.0,Royston,"FROZEN MEAT & SEAFOOD, SHL RETAIL PICKUP",Proteins
916,172669,8869,W-125,World Outreach Ministries (d/b/a Ignited Church),476300,,FOOD PANTRY,FOOD PANTRY-Agency,YELLOW RECEIPT - SHN,N-20-10004,15,0,0,8.1,45,FRANKLIN,0.18,1/10/2024 9:35,1/11/2024 14:22,Price Code 1,CUSTOMER PICKUP,False,Food Bank of Northeast Georgia,01,30553.0,Lavonia,PAMPERS PREEMIE SWADDLERS,Non-Food Misc.
321,182125,8971,R-111,Royston Housing Authority,FAIMPORT484729,,FP/OP/USDA,AFTER SCHOOL PROGRAM-Agency,BLUE RECEIPT-SHL,MCF-16-10001,5,0,0,0.0,5,FRANKLIN,0.0,6/10/2024 0:00,6/10/2024 0:00,Price Code 1,CUSTOMER PICKUP,False,Food Bank of Northeast Georgia,01,30662.0,Royston,"FROZEN FOODS, MISC SHL RETAIL PICKUP",Food Misc.
179,176131,8916,R-100,Rainbow Pantry,478758,,FP/USDA,FOOD PANTRY-Agency,BLUE RECEIPT-SHL,N-03-11799,2,0,0,0.0,24,FRANKLIN,0.0,3/7/2024 10:30,3/8/2024 7:51,Price Code 1,CONTACT FOR DELIVERY,False,Food Bank of Northeast Georgia,01,30662.0,Royston,MONSTER COLD BREW LATTE,Beverages
157,178315,8995,N-103,New Beginnings Ministry,480931,,ON PREMISES (OP),REHAB-Agency,BLUE RECEIPT-SHL,N-21-10067,10,0,0,9.0,50,FRANKLIN,0.18,4/12/2024 0:00,4/12/2024 11:01,Price Code 1,CONTACT FOR DELIVERY,False,Food Bank of Northeast Georgia,01,30557.0,Martin,"RAMEN, MARUCHAN SHRIMP",Prepared Meals
179,182301,9079,R-100,Rainbow Pantry,484905,,FP/USDA,FOOD PANTRY-Agency,BLUE RECEIPT-SHL,N-03-11841,20,0,0,0.0,340,FRANKLIN,0.0,6/26/2024 11:30,6/27/2024 13:17,Price Code 1,CONTACT FOR DELIVERY,False,Food Bank of Northeast Georgia,01,30662.0,Royston,MTN DEW ZERO 24 X 12 FL OZ,Beverages
973,179425,5407,G-134,The Grace Foundation: Family Transformation ,482038,,ON PREMISES (OP),REHAB-Agency,BLUE RECEIPT-SHL,F-15-10000,232,0,0,41.76,232,FRANKLIN,0.18,4/23/2024 9:54,4/23/2024 9:58,Price Code 1,CUSTOMER PICKUP,False,Sharing Floor Athens,01-SH,30557.0,Martin,"MEAT & SEAFOOD, FROZEN SHL",Proteins
941,175109,5938,L-117,Lavonia Church of God,477739,,FP/USDA,MOBILE PANTRY-Agency,BLUE RECEIPT-SHL,C-28-10001,400,0,0,0.0,400,FRANKLIN,0.0,2/8/2024 7:00,2/8/2024 8:39,Price Code 1,TRUCK 1 MOBILE PANTRY,False,Food Bank of Northeast Georgia,01,30553.0,Lavonia,"PRODUCE, FRESH SHL",Mixed Produce
942,179966,8761,M-140FRANKLIN,Franklin County MedLink Georgia,482575,,DIRECT ASSISTANCE,MOBILE PANTRY-Agency,USDA,N-50-10306,9,0,0,0.0,225,FRANKLIN,0.0,5/10/2024 8:00,5/10/2024 7:57,Mobile Pantry/Feed Site Only,TRACTOR TRAILER 1 MOBILE PANTRY,False,Food Bank of Northeast Georgia,01,30628.0,Colbert,USDA WHOLE DEGLET DATES,Fruits
321,177857,8976,R-111,Royston Housing Authority,FAIMPORT480476,,FP/OP/USDA,AFTER SCHOOL PROGRAM-Agency,BLUE RECEIPT-SHL,MCC-28-10001,31,0,0,0.0,31,FRANKLIN,0.0,3/25/2024 0:00,3/25/2024 0:00,Price Code 1,CUSTOMER PICKUP,False,Food Bank of Northeast Georgia,01,30662.0,Royston,"PRODUCE, SHL RETAIL PICKUPS",Mixed Produce
321,172938,696,R-111,Royston Housing Authority,476569,,FP/OP/USDA,AFTER SCHOOL PROGRAM-Agency,LOCAL - LL,W-25-10000,20,0,0,3.6,20,FRANKLIN,0.18,1/11/2024 14:45,1/11/2024 11:37,Price Code 1,CUSTOMER PICKUP,False,Sharing Floor Athens,01-SH,30662.0,Royston,"ASSORTED SNACK ITEMS, LL",Food Misc.
157,177783,690,N-103,New Beginnings Ministry,480402,,ON PREMISES (OP),REHAB-Agency,BLUE RECEIPT-SHL,W-03-10013,50,0,0,0.0,50,FRANKLIN,0.0,3/22/2024 13:34,3/22/2024 11:26,Price Code 1,CONTACT FOR DELIVERY,False,Sharing Floor Athens,01-SH,30557.0,Martin,"ASSORTED BEVERAGES, SHL",Beverages
179,180878,9060,R-100,Rainbow Pantry,483484,,FP/USDA,FOOD PANTRY-Agency,LOCAL - LL,N-12-10106,15,0,0,0.0,105,FRANKLIN,0.0,5/23/2024 11:00,5/28/2024 7:42,Price Code 1,TRUCK 1,False,Food Bank of Northeast Georgia,01,30662.0,Royston,PURCOL MOISTURIZING HAND SANITIZER,Non-Food Misc.
973,173383,8858,G-134,The Grace Foundation: Family Transformation ,477012,,ON PREMISES (OP),REHAB-Agency,BLUE RECEIPT-SHL,N-03-11778,20,0,0,0.0,760,FRANKLIN,0.0,1/26/2024 8:00,1/26/2024 9:10,Price Code 1,CUSTOMER PICKUP,False,Food Bank of Northeast Georgia,01,30557.0,Martin,CRUSH PEACH SODA,Beverages
941,176929,8714,L-117,Lavonia Church of God,479551,,FP/USDA,MOBILE PANTRY-Agency,USDA,N-50-10303,25,0,0,0.0,600,FRANKLIN,0.0,3/14/2024 7:00,3/14/2024 7:18,Price Code 1,TRUCK 1 MOBILE PANTRY,False,Food Bank of Northeast Georgia,01,30553.0,Lavonia,USDA GREEN SPLIT PEAS,Proteins
157,176221,8966,N-103,New Beginnings Ministry,478847,,ON PREMISES (OP),REHAB-Agency,YELLOW RECEIPT - SHN,N-15-10049,20,0,0,21.6,120,FRANKLIN,0.18,3/1/2024 0:00,3/1/2024 10:51,Price Code 1,CUSTOMER PICKUP,False,Food Bank of Northeast Georgia,01,30557.0,Martin,FIRE CRACKER REDHOT PICKLED SAUSAGE,Food Misc.
321,182125,8973,R-111,Royston Housing Authority,FAIMPORT484729,,FP/OP/USDA,AFTER SCHOOL PROGRAM-Agency,BLUE RECEIPT-SHL,MCC-16-10001,10,0,0,0.0,10,FRANKLIN,0.0,6/10/2024 0:00,6/10/2024 0:00,Price Code 1,CUSTOMER PICKUP,False,Food Bank of Northeast Georgia,01,30662.0,Royston,"COOLER FOOD MISC., SHL RETAIL PICKUP",Food Misc.
476,180991,9055,S-129,"Step of Faith Outreach, INC",483596,,FP/OP/GNAP/USDA,FOOD PANTRY-Agency,GNAP,N-40-10285,40,0,0,0.0,880,FRANKLIN,0.0,5/22/2024 9:30,5/22/2024 12:46,Price Code 1,CUSTOMER PICKUP,False,Food Bank of Northeast Georgia,01,30553.0,Lavonia,GNAP MIXED FRUIT CUPS,Fruits
179,181558,8972,R-100,Rainbow Pantry,FAIMPORT484162,,FP/USDA,FOOD PANTRY-Agency,BLUE RECEIPT-SHL,MCF-15-10000,35,0,0,0.0,35,FRANKLIN,0.0,5/19/2024 0:00,5/19/2024 0:00,Price Code 1,CUSTOMER PICKUP,False,Food Bank of Northeast Georgia,01,30662.0,Royston,"FROZEN MEAT & SEAFOOD, SHL RETAIL PICKUP",Proteins
179,175758,3943,R-100,Rainbow Pantry,478386,,FP/USDA,FOOD PANTRY-Agency,USDA,N-50-10268,25,0,0,28.5,950,FRANKLIN,0.03,2/22/2024 13:46,2/22/2024 9:28,Price Code 1,CONTACT FOR DELIVERY,False,Food Bank of Northeast Georgia,01,30662.0,Royston,USDA APPLE JUICE,Beverages
321,181529,8986,R-111,Royston Housing Authority,FAIMPORT484133,,FP/OP/USDA,AFTER SCHOOL PROGRAM-Agency,BLUE RECEIPT-SHL,MCW-01-10001,6,0,0,0.0,6,FRANKLIN,0.0,5/27/2024 0:00,5/27/2024 0:00,Price Code 1,CUSTOMER PICKUP,False,Food Bank of Northeast Georgia,01,30662.0,Royston,"NON-FOOD ITEMS, SHL RETAIL PICKUPS",Non-Food Misc.
179,172361,8887,R-100,Rainbow Pantry,475992,,FP/USDA,FOOD PANTRY-Agency,LFB,N-19-10056,50,0,0,72.0,400,FRANKLIN,0.18,1/5/2024 10:30,1/16/2024 8:22,Price Code 1,CONTACT FOR DELIVERY,False,Food Bank of Northeast Georgia,01,30662.0,Royston,COTTONELLE TOILET PAPER 24,Non-Food Misc.
157,178315,8903,N-103,New Beginnings Ministry,480931,,ON PREMISES (OP),REHAB-Agency,YELLOW RECEIPT - SHN,N-16-10181,10,0,0,9.0,50,FRANKLIN,0.18,4/12/2024 0:00,4/12/2024 11:01,Price Code 1,CONTACT FOR DELIVERY,False,Food Bank of Northeast Georgia,01,30557.0,Martin,STOVE TOP STUFFING - TURKEY/CHICKEN/CORNBREAD,Prepared Meals
973,177949,8600,G-134,The Grace Foundation: Family Transformation ,480568,,ON PREMISES (OP),REHAB-Agency,BLUE RECEIPT-SHL,N-03-11249,20,0,0,0.0,600,FRANKLIN,0.0,4/3/2024 11:33,4/3/2024 12:08,Price Code 1,CUSTOMER PICKUP,False,Food Bank of Northeast Georgia,01,30557.0,Martin,DIET PEPSI,Beverages
321,177079,8546,R-111,Royston Housing Authority,479701,,FP/OP/USDA,AFTER SCHOOL PROGRAM-Agency,BLUE RECEIPT-SHL,N-03-10262,3,0,0,16.2,90,FRANKLIN,0.18,3/14/2024 14:45,3/14/2024 10:13,Price Code 1,CUSTOMER PICKUP,False,Food Bank of Northeast Georgia,01,30662.0,Royston,STARRY LEMON LIME SODA 16.9 OZ,Beverages
476,172565,8877,S-129,"Step of Faith Outreach, INC",476196,,FP/OP/GNAP/USDA,FOOD PANTRY-Agency,YELLOW RECEIPT - SHN,N-03-11782,15,0,0,0.0,270,FRANKLIN,0.0,1/8/2024 16:09,1/8/2024 11:33,Price Code 1,CUSTOMER PICKUP,False,Food Bank of Northeast Georgia,01,30553.0,Lavonia,CELSIUS LIVE FIT VAR PACK,Beverages
157,179735,8624,N-103,New Beginnings Ministry,482348,,ON PREMISES (OP),REHAB-Agency,BLUE RECEIPT-SHL,N-03-11260,5,0,0,0.0,60,FRANKLIN,0.0,5/3/2024 0:00,5/3/2024 12:29,Price Code 1,CUSTOMER PICKUP,False,Food Bank of Northeast Georgia,01,30557.0,Martin,STARRY ZERO SUGAR 12 X 12 FL OZ,Beverages
321,173424,8856,R-111,Royston Housing Authority,477053,,FP/OP/USDA,AFTER SCHOOL PROGRAM-Agency,LOCAL - LL,N-25-11936,2,0,0,1.44,8,FRANKLIN,0.18,1/25/2024 14:45,1/25/2024 12:46,Price Code 1,CUSTOMER PICKUP,False,Food Bank of Northeast Georgia,01,30662.0,Royston,"CHUM FRUIT BITES, STRAWBERRY/MANGO",Fruits
942,179966,842,M-140FRANKLIN,Franklin County MedLink Georgia,482575,,DIRECT ASSISTANCE,MOBILE PANTRY-Agency,USDA,N-50-10021,9,0,0,0.0,243,FRANKLIN,0.0,5/10/2024 8:00,5/10/2024 7:57,Mobile Pantry/Feed Site Only,TRACTOR TRAILER 1 MOBILE PANTRY,False,Food Bank of Northeast Georgia,01,30628.0,Colbert,USDA DICED TOMATOES NO SALT CCC,Vegetables 
321,173564,8766,R-111,Royston Housing Authority,477193,,FP/OP/USDA,AFTER SCHOOL PROGRAM-Agency,LOCAL - LL,N-25-11919,3,0,0,1.08,6,FRANKLIN,0.18,2/1/2024 14:45,2/1/2024 10:38,Price Code 1,CUSTOMER PICKUP,False,Food Bank of Northeast Georgia,01,30662.0,Royston,GHIRARDELLI SEA SALT CARAMEL CHOCOLATE,Food Misc.
941,181780,2202,L-117,Lavonia Church of God,484384,,FP/USDA,MOBILE PANTRY-Agency,USDA,N-50-10240,15,0,0,0.0,330,FRANKLIN,0.0,6/13/2024 7:00,6/13/2024 16:49,Price Code 1,TRUCK 1 MOBILE PANTRY,False,Food Bank of Northeast Georgia,01,30553.0,Lavonia,USDA SPAGHETTI,Grains
973,172865,8880,G-134,The Grace Foundation: Family Transformation ,476496,,ON PREMISES (OP),REHAB-Agency,YELLOW RECEIPT - SHN,N-03-11785,6,0,0,0.0,210,FRANKLIN,0.0,1/19/2024 8:00,1/19/2024 8:18,Price Code 1,CUSTOMER PICKUP,False,Food Bank of Northeast Georgia,01,30557.0,Martin,GATORADE G2 GLACIER FREEZE,Beverages
476,180914,9052,S-129,"Step of Faith Outreach, INC",483520,,FP/OP/GNAP/USDA,FOOD PANTRY-Agency,GNAP,N-40-10283,10,0,0,0.0,200,FRANKLIN,0.0,5/21/2024 12:00,5/21/2024 12:04,Price Code 1,CUSTOMER PICKUP,False,Food Bank of Northeast Georgia,01,30553.0,Lavonia,"GNAP 100% ORANGE TANGERINE JUICE, SINGLE SERVE",Beverages
157,178018,3204,N-103,New Beginnings Ministry,480637,,ON PREMISES (OP),REHAB-Agency,GNAP,N-40-10217,50,0,0,0.0,450,FRANKLIN,0.0,4/5/2024 0:00,4/5/2024 10:42,Price Code 1,CUSTOMER PICKUP,False,Food Bank of Northeast Georgia,01,30557.0,Martin,GNAP CANNED HAM,Proteins
179,181476,6420,R-100,Rainbow Pantry,484080,,FP/USDA,FOOD PANTRY-Agency,BLUE RECEIPT-SHL,C-28-90141,4,0,0,0.0,200,FRANKLIN,0.0,6/6/2024 10:00,6/6/2024 13:08,Price Code 1,TRUCK 1,False,Food Bank of Northeast Georgia,01,30662.0,Royston,ONIONS,Vegetables 
321,178708,8973,R-111,Royston Housing Authority,FAIMPORT481322,,FP/OP/USDA,AFTER SCHOOL PROGRAM-Agency,BLUE RECEIPT-SHL,MCC-16-10001,146,0,0,0.0,146,FRANKLIN,0.0,4/8/2024 0:00,4/8/2024 0:00,Price Code 1,CUSTOMER PICKUP,False,Food Bank of Northeast Georgia,01,30662.0,Royston,"COOLER FOOD MISC., SHL RETAIL PICKUP",Food Misc.
157,172609,5407,N-103,New Beginnings Ministry,476240,,ON PREMISES (OP),REHAB-Agency,BLUE RECEIPT-SHL,F-15-10000,71,0,0,12.78,71,FRANKLIN,0.18,1/5/2024 13:34,1/5/2024 10:31,Price Code 1,CONTACT FOR DELIVERY,False,Sharing Floor Athens,01-SH,30557.0,Martin,"MEAT & SEAFOOD, FROZEN SHL",Proteins
157,181573,9078,N-103,New Beginnings Ministry,484177,,ON PREMISES (OP),REHAB-Agency,BLUE RECEIPT-SHL,N-03-11840,5,0,0,0.0,45,FRANKLIN,0.0,6/3/2024 0:00,6/3/2024 11:27,Price Code 1,CONTACT FOR DELIVERY,False,Food Bank of Northeast Georgia,01,30557.0,Martin,PEPSI ZERO WILD CHERRY,Beverages
973,178534,8834,G-134,The Grace Foundation: Family Transformation ,481150,,ON PREMISES (OP),REHAB-Agency,BLUE RECEIPT-SHL,N-03-11770,25,0,0,0.0,250,FRANKLIN,0.0,4/12/2024 11:10,4/25/2024 7:41,Price Code 1,CUSTOMER PICKUP,False,Food Bank of Northeast Georgia,01,30557.0,Martin,MT DEW ZERO SUGAR,Beverages
321,177585,8975,R-111,Royston Housing Authority,FAIMPORT480205,,FP/OP/USDA,AFTER SCHOOL PROGRAM-Agency,BLUE RECEIPT-SHL,MCC-07-10001,120,0,0,0.0,120,FRANKLIN,0.0,3/18/2024 0:00,3/18/2024 0:00,Price Code 1,CUSTOMER PICKUP,False,Food Bank of Northeast Georgia,01,30662.0,Royston,"DAIRY PRODUCTS, SHL RETAIL PICKUPS",Dairy
941,180242,8783,L-117,Lavonia Church of God,482848,,FP/USDA,MOBILE PANTRY-Agency,USDA,N-50-10308,13,0,0,0.0,299,FRANKLIN,0.0,5/9/2024 7:00,5/9/2024 8:53,Price Code 1,TRUCK 1 MOBILE PANTRY,False,Food Bank of Northeast Georgia,01,30553.0,Lavonia,USDA RAISINS,Fruits
157,179735,6816,N-103,New Beginnings Ministry,482348,,ON PREMISES (OP),REHAB-Agency,BLUE RECEIPT-SHL,C-28-90345,5,0,0,0.0,250,FRANKLIN,0.0,5/3/2024 0:00,5/3/2024 12:29,Price Code 1,CUSTOMER PICKUP,False,Food Bank of Northeast Georgia,01,30557.0,Martin,CARROTS,Vegetables 
157,179059,7167,N-103,New Beginnings Ministry,481673,,ON PREMISES (OP),REHAB-Agency,BLUE RECEIPT-SHL,N-03-11200,8,0,0,0.0,80,FRANKLIN,0.0,4/19/2024 13:34,4/19/2024 11:27,Price Code 1,CONTACT FOR DELIVERY,False,Food Bank of Northeast Georgia,01,30557.0,Martin,DR PEPPER ZERO SUGAR,Beverages
179,182301,8783,R-100,Rainbow Pantry,484905,,FP/USDA,FOOD PANTRY-Agency,USDA,N-50-10308,14,0,0,57.96,322,FRANKLIN,0.18,6/26/2024 11:30,6/27/2024 13:17,Price Code 1,CONTACT FOR DELIVERY,False,Food Bank of Northeast Georgia,01,30662.0,Royston,USDA RAISINS,Fruits
321,182362,8975,R-111,Royston Housing Authority,FAIMPORT484966,,FP/OP/USDA,AFTER SCHOOL PROGRAM-Agency,BLUE RECEIPT-SHL,MCC-07-10001,25,0,0,0.0,25,FRANKLIN,0.0,6/17/2024 0:00,6/17/2024 0:00,Price Code 1,CUSTOMER PICKUP,False,Food Bank of Northeast Georgia,01,30662.0,Royston,"DAIRY PRODUCTS, SHL RETAIL PICKUPS",Dairy
157,172609,690,N-103,New Beginnings Ministry,476240,,ON PREMISES (OP),REHAB-Agency,BLUE RECEIPT-SHL,W-03-10013,214,0,0,0.0,214,FRANKLIN,0.0,1/5/2024 13:34,1/5/2024 10:31,Price Code 1,CONTACT FOR DELIVERY,False,Sharing Floor Athens,01-SH,30557.0,Martin,"ASSORTED BEVERAGES, SHL",Beverages
157,180273,9047,N-103,New Beginnings Ministry,482879,,ON PREMISES (OP),REHAB-Agency,GNAP,N-40-10281,10,0,0,0.0,100,FRANKLIN,0.0,5/10/2024 10:25,5/10/2024 10:31,Price Code 1,CUSTOMER PICKUP,False,Food Bank of Northeast Georgia,01,30557.0,Martin,GNAP LASAGNA DINNER ,Prepared Meals
973,173384,8905,G-134,The Grace Foundation: Family Transformation ,477013,,ON PREMISES (OP),REHAB-Agency,BLUE RECEIPT-SHL,N-03-11794,25,0,0,0.0,950,FRANKLIN,0.0,1/26/2024 8:30,1/26/2024 9:19,Price Code 1,CUSTOMER PICKUP,False,Food Bank of Northeast Georgia,01,30557.0,Martin,"PEPSI, 12/1.25L",Beverages
179,180601,9048,R-100,Rainbow Pantry,483207,,FP/USDA,FOOD PANTRY-Agency,BLUE RECEIPT-SHL,C-07-90664,3,0,0,14.04,108,FRANKLIN,0.13,5/23/2024 10:15,5/28/2024 7:55,Price Code 1,TRUCK 1,False,Food Bank of Northeast Georgia,01,30662.0,Royston,"BUTTER, GREAT VALUE SALTED",Dairy
973,176026,5958,G-134,The Grace Foundation: Family Transformation ,478654,,ON PREMISES (OP),REHAB-Agency,BLUE RECEIPT-SHL,C-16-10001,62,0,0,11.16,62,FRANKLIN,0.18,2/22/2024 12:01,2/22/2024 12:04,Price Code 1,CUSTOMER PICKUP,False,Sharing Floor Athens,01-SH,30557.0,Martin,"COOLER FOOD, MISC. SHL",Food Misc.
321,180142,8976,R-111,Royston Housing Authority,FAIMPORT482749,,FP/OP/USDA,AFTER SCHOOL PROGRAM-Agency,BLUE RECEIPT-SHL,MCC-28-10001,41,0,0,0.0,41,FRANKLIN,0.0,4/30/2024 0:00,4/30/2024 0:00,Price Code 1,CUSTOMER PICKUP,False,Food Bank of Northeast Georgia,01,30662.0,Royston,"PRODUCE, SHL RETAIL PICKUPS",Mixed Produce
941,181780,3139,L-117,Lavonia Church of God,484384,,FP/USDA,MOBILE PANTRY-Agency,USDA,N-50-10290,25,0,0,0.0,625,FRANKLIN,0.0,6/13/2024 7:00,6/13/2024 16:49,Price Code 1,TRUCK 1 MOBILE PANTRY,False,Food Bank of Northeast Georgia,01,30553.0,Lavonia,USDA WHOLE ALMONDS DRY ROASTED,Proteins
179,173499,8930,R-100,Rainbow Pantry,477128,,FP/USDA,FOOD PANTRY-Agency,BLUE RECEIPT-SHL,N-03-11805,5,0,0,0.0,90,FRANKLIN,0.0,2/1/2024 10:30,2/20/2024 13:42,Price Code 1,CONTACT FOR DELIVERY,False,Food Bank of Northeast Georgia,01,30662.0,Royston,GATORADE ORANGE ZERO SUGAR,Beverages
476,175439,7356,S-129,"Step of Faith Outreach, INC",478068,,FP/OP/GNAP/USDA,FOOD PANTRY-Agency,BLUE RECEIPT-SHL,N-03-11217,2,0,0,3.3,66,FRANKLIN,0.05,2/14/2024 16:09,2/14/2024 8:56,Price Code 1,CUSTOMER PICKUP,False,Food Bank of Northeast Georgia,01,30553.0,Lavonia,MT DEW MAUI BURST,Beverages
157,178384,50,N-103,New Beginnings Ministry,481000,,ON PREMISES (OP),REHAB-Agency,LOCAL - LL,W-16-10002,35,0,0,6.3,35,FRANKLIN,0.18,4/5/2024 13:34,4/5/2024 10:23,Price Code 1,CONTACT FOR DELIVERY,False,Sharing Floor Athens,01-SH,30557.0,Martin,MISC. FOOD BOX LL,Food Misc.
321,179794,8975,R-111,Royston Housing Authority,FAIMPORT482407,,FP/OP/USDA,AFTER SCHOOL PROGRAM-Agency,BLUE RECEIPT-SHL,MCC-07-10001,28,0,0,0.0,28,FRANKLIN,0.0,4/25/2024 0:00,4/25/2024 0:00,Price Code 1,CUSTOMER PICKUP,False,Food Bank of Northeast Georgia,01,30662.0,Royston,"DAIRY PRODUCTS, SHL RETAIL PICKUPS",Dairy
321,180471,8975,R-111,Royston Housing Authority,FAIMPORT483077,,FP/OP/USDA,AFTER SCHOOL PROGRAM-Agency,BLUE RECEIPT-SHL,MCC-07-10001,97,0,0,0.0,97,FRANKLIN,0.0,5/6/2024 0:00,5/6/2024 0:00,Price Code 1,CUSTOMER PICKUP,False,Food Bank of Northeast Georgia,01,30662.0,Royston,"DAIRY PRODUCTS, SHL RETAIL PICKUPS",Dairy
321,180447,9053,R-111,Royston Housing Authority,483053,,FP/OP/USDA,AFTER SCHOOL PROGRAM-Agency,GNAP,N-40-10284,12,0,0,0.0,240,FRANKLIN,0.0,5/15/2024 8:45,5/15/2024 10:03,Price Code 1,CUSTOMER PICKUP,False,Food Bank of Northeast Georgia,01,30662.0,Royston,"GNAP 100% VERY BERRY JUICE, SINGLE SERVE",Beverages
157,180718,8994,N-103,New Beginnings Ministry,483324,,ON PREMISES (OP),REHAB-Agency,GNAP,N-40-10269,10,0,0,0.0,270,FRANKLIN,0.0,5/17/2024 0:00,5/17/2024 10:44,Price Code 1,CONTACT FOR DELIVERY,False,Food Bank of Northeast Georgia,01,30557.0,Martin,"GNAP GREEN BEANS, WHOLE",Vegetables 
973,176696,1045,G-134,The Grace Foundation: Family Transformation ,479319,,ON PREMISES (OP),REHAB-Agency,BLUE RECEIPT-SHL,W-25-10009,27,0,0,4.86,27,FRANKLIN,0.18,3/5/2024 11:36,3/5/2024 11:45,Price Code 1,CUSTOMER PICKUP,False,Sharing Floor Athens,01-SH,30557.0,Martin,"ASSORTED SNACK ITEMS, SHL",Food Misc.
157,176221,8969,N-103,New Beginnings Ministry,478847,,ON PREMISES (OP),REHAB-Agency,YELLOW RECEIPT - SHN,N-27-10135,6,0,0,1.62,162,FRANKLIN,0.01,3/1/2024 0:00,3/1/2024 10:51,Price Code 1,CUSTOMER PICKUP,False,Food Bank of Northeast Georgia,01,30557.0,Martin,"HUNTS TOMATO SAUCE, BAG AND BOX",Vegetables 
321,172763,8885,R-111,Royston Housing Authority,476394,,FP/OP/USDA,AFTER SCHOOL PROGRAM-Agency,LFB,N-19-10054,10,0,0,25.2,140,FRANKLIN,0.18,1/11/2024 14:45,1/11/2024 12:16,Price Code 1,CUSTOMER PICKUP,False,Food Bank of Northeast Georgia,01,30662.0,Royston,COTTONELLE TOILET PAPER 4/9,Non-Food Misc.
973,173104,696,G-134,The Grace Foundation: Family Transformation ,476734,,ON PREMISES (OP),REHAB-Agency,LOCAL - LL,W-25-10000,78,0,0,0.0,78,FRANKLIN,0.0,1/16/2024 9:57,1/16/2024 10:08,Price Code 1,CUSTOMER PICKUP,False,Sharing Floor Athens,01-SH,30557.0,Martin,"ASSORTED SNACK ITEMS, LL",Food Misc.
321,178705,8970,R-111,Royston Housing Authority,FAIMPORT481319,,FP/OP/USDA,AFTER SCHOOL PROGRAM-Agency,BLUE RECEIPT-SHL,MCW-16-10001,2,0,0,0.0,2,FRANKLIN,0.0,4/4/2024 0:00,4/4/2024 0:00,Price Code 1,CUSTOMER PICKUP,False,Food Bank of Northeast Georgia,01,30662.0,Royston,"MISC. FOOD BOX, SHL RETAIL PICKUP",Food Misc.
973,178534,4036,G-134,The Grace Foundation: Family Transformation ,481150,,ON PREMISES (OP),REHAB-Agency,BLUE RECEIPT-SHL,N-03-11005,25,0,0,0.0,250,FRANKLIN,0.0,4/12/2024 11:10,4/25/2024 7:41,Price Code 1,CUSTOMER PICKUP,False,Food Bank of Northeast Georgia,01,30557.0,Martin,DIET PEPSI,Beverages
973,181155,875,G-134,The Grace Foundation: Family Transformation ,483760,,ON PREMISES (OP),REHAB-Agency,BLUE RECEIPT-SHL,W-04-10000,53,0,0,0.0,53,FRANKLIN,0.0,5/21/2024 15:19,5/21/2024 15:26,Price Code 1,CUSTOMER PICKUP,False,Sharing Floor Athens,01-SH,30557.0,Martin,"BREAD & BAKERY, ASSORTED SHL",Grains
941,181780,6655,L-117,Lavonia Church of God,484384,,FP/USDA,MOBILE PANTRY-Agency,LOCAL - LL,C-28-90413,30,0,0,0.0,1500,FRANKLIN,0.0,6/13/2024 7:00,6/13/2024 16:49,Price Code 1,TRUCK 1 MOBILE PANTRY,False,Food Bank of Northeast Georgia,01,30553.0,Lavonia,CABBAGE,Vegetables 
916,172635,688,W-125,World Outreach Ministries (d/b/a Ignited Church),476266,,FOOD PANTRY,FOOD PANTRY-Agency,BLUE RECEIPT-SHL,W-01-10000,33,0,0,5.94,33,FRANKLIN,0.18,1/5/2024 9:35,1/5/2024 14:57,Price Code 1,CUSTOMER PICKUP,False,Sharing Floor Athens,01-SH,30553.0,Lavonia,"ASSORTED NON-FOOD ITEMS, SHL",Non-Food Misc.
916,180949,696,W-125,World Outreach Ministries (d/b/a Ignited Church),483555,,FOOD PANTRY,FOOD PANTRY-Agency,LOCAL - LL,W-25-10000,105,0,0,18.9,105,FRANKLIN,0.18,5/16/2024 9:35,5/16/2024 13:53,Price Code 1,CUSTOMER PICKUP,False,Sharing Floor Athens,01-SH,30553.0,Lavonia,"ASSORTED SNACK ITEMS, LL",Food Misc.
157,175777,8922,N-103,New Beginnings Ministry,478405,,ON PREMISES (OP),REHAB-Agency,LOCAL - LL,N-25-11954,20,0,0,18.0,100,FRANKLIN,0.18,2/23/2024 0:00,2/23/2024 10:07,Price Code 1,CONTACT FOR DELIVERY,False,Food Bank of Northeast Georgia,01,30557.0,Martin,ATKINS VAR PACK CHOC PEANUT/CARAMEL,Food Misc.
973,172711,5772,G-134,The Grace Foundation: Family Transformation ,476342,,ON PREMISES (OP),REHAB-Agency,LOCAL - LL,C-28-10000,95,0,0,2.85,95,FRANKLIN,0.03,1/8/2024 10:05,1/8/2024 10:10,Price Code 1,CUSTOMER PICKUP,False,Sharing Floor Athens,01-SH,30557.0,Martin,"PRODUCE, FRESH LL",Mixed Produce
321,176218,8967,R-111,Royston Housing Authority,478844,,FP/OP/USDA,AFTER SCHOOL PROGRAM-Agency,YELLOW RECEIPT - SHN,N-25-11963,1,0,0,2.52,14,FRANKLIN,0.18,2/29/2024 14:45,3/4/2024 10:11,Price Code 1,CUSTOMER PICKUP,False,Food Bank of Northeast Georgia,01,30662.0,Royston,BIGS SUNFLOWER SEEDS VARIETY DISPLAY PACK,Proteins
157,178315,3204,N-103,New Beginnings Ministry,480931,,ON PREMISES (OP),REHAB-Agency,GNAP,N-40-10217,2,0,0,0.0,18,FRANKLIN,0.0,4/12/2024 0:00,4/12/2024 11:01,Price Code 1,CONTACT FOR DELIVERY,False,Food Bank of Northeast Georgia,01,30557.0,Martin,GNAP CANNED HAM,Proteins
973,178534,8781,G-134,The Grace Foundation: Family Transformation ,481150,,ON PREMISES (OP),REHAB-Agency,BLUE RECEIPT-SHL,N-03-11753,3,0,0,0.0,69,FRANKLIN,0.0,4/12/2024 11:10,4/25/2024 7:41,Price Code 1,CUSTOMER PICKUP,False,Food Bank of Northeast Georgia,01,30557.0,Martin,PURE LEAF SWEET TEA,Beverages
916,172635,690,W-125,World Outreach Ministries (d/b/a Ignited Church),476266,,FOOD PANTRY,FOOD PANTRY-Agency,BLUE RECEIPT-SHL,W-03-10013,32,0,0,0.0,32,FRANKLIN,0.0,1/5/2024 9:35,1/5/2024 14:57,Price Code 1,CUSTOMER PICKUP,False,Sharing Floor Athens,01-SH,30553.0,Lavonia,"ASSORTED BEVERAGES, SHL",Beverages
476,180914,9056,S-129,"Step of Faith Outreach, INC",483520,,FP/OP/GNAP/USDA,FOOD PANTRY-Agency,GNAP,N-40-10286,20,0,0,0.0,440,FRANKLIN,0.0,5/21/2024 12:00,5/21/2024 12:04,Price Code 1,CUSTOMER PICKUP,False,Food Bank of Northeast Georgia,01,30553.0,Lavonia,GNAP DICED PEAR CUPS,Fruits
941,178531,6736,L-117,Lavonia Church of God,481147,,FP/USDA,MOBILE PANTRY-Agency,LOCAL - LL,C-28-90456,1500,0,0,0.0,1500,FRANKLIN,0.0,4/11/2024 7:00,4/11/2024 6:46,Price Code 1,TRUCK 1 MOBILE PANTRY,False,Food Bank of Northeast Georgia,01,30553.0,Lavonia,APPLES,Fruits
157,176949,688,N-103,New Beginnings Ministry,479571,,ON PREMISES (OP),REHAB-Agency,BLUE RECEIPT-SHL,W-01-10000,22,0,0,3.96,22,FRANKLIN,0.18,3/8/2024 13:34,3/8/2024 11:28,Price Code 1,CONTACT FOR DELIVERY,False,Sharing Floor Athens,01-SH,30557.0,Martin,"ASSORTED NON-FOOD ITEMS, SHL",Non-Food Misc.
941,181780,84,L-117,Lavonia Church of God,484384,,FP/USDA,MOBILE PANTRY-Agency,USDA,N-50-10006,13,0,0,0.0,351,FRANKLIN,0.0,6/13/2024 7:00,6/13/2024 16:49,Price Code 1,TRUCK 1 MOBILE PANTRY,False,Food Bank of Northeast Georgia,01,30553.0,Lavonia,USDA GREEN BEANS,Vegetables 
179,181476,9067,R-100,Rainbow Pantry,484080,,FP/USDA,FOOD PANTRY-Agency,BLUE RECEIPT-SHL,N-03-11833,10,0,0,0.0,180,FRANKLIN,0.0,6/6/2024 10:00,6/6/2024 13:08,Price Code 1,TRUCK 1,False,Food Bank of Northeast Georgia,01,30662.0,Royston,DIET DR PEPPER,Beverages
916,176650,8869,W-125,World Outreach Ministries (d/b/a Ignited Church),479273,,FOOD PANTRY,FOOD PANTRY-Agency,YELLOW RECEIPT - SHN,N-20-10004,20,0,0,10.8,60,FRANKLIN,0.18,3/7/2024 9:35,3/7/2024 9:50,Price Code 1,CUSTOMER PICKUP,False,Food Bank of Northeast Georgia,01,30553.0,Lavonia,PAMPERS PREEMIE SWADDLERS,Non-Food Misc.
973,172865,8878,G-134,The Grace Foundation: Family Transformation ,476496,,ON PREMISES (OP),REHAB-Agency,YELLOW RECEIPT - SHN,N-03-11783,5,0,0,0.0,65,FRANKLIN,0.0,1/19/2024 8:00,1/19/2024 8:18,Price Code 1,CUSTOMER PICKUP,False,Food Bank of Northeast Georgia,01,30557.0,Martin,GATORADE FIT CITRUS BERRY,Beverages
157,180718,5938,N-103,New Beginnings Ministry,483324,,ON PREMISES (OP),REHAB-Agency,BLUE RECEIPT-SHL,C-28-10001,404,0,0,0.0,404,FRANKLIN,0.0,5/17/2024 0:00,5/17/2024 10:44,Price Code 1,CONTACT FOR DELIVERY,False,Food Bank of Northeast Georgia,01,30557.0,Martin,"PRODUCE, FRESH SHL",Mixed Produce
973,180613,7414,G-134,The Grace Foundation: Family Transformation ,483219,,ON PREMISES (OP),REHAB-Agency,PURCH,C-28-90525,3,0,0,0.0,66,FRANKLIN,0.0,5/21/2024 10:00,5/21/2024 14:51,Price Code 1,CUSTOMER PICKUP,False,Food Bank of Northeast Georgia,01,30557.0,Martin,BROCCOLI CROWNS,Vegetables 
916,172669,3408,W-125,World Outreach Ministries (d/b/a Ignited Church),476300,,FOOD PANTRY,FOOD PANTRY-Agency,YELLOW RECEIPT - SHN,N-03-10851,2,0,0,0.0,40,FRANKLIN,0.0,1/10/2024 9:35,1/11/2024 14:22,Price Code 1,CUSTOMER PICKUP,False,Food Bank of Northeast Georgia,01,30553.0,Lavonia,"PROPEL WATER, GRAPE",Beverages
157,178315,6709,N-103,New Beginnings Ministry,480931,,ON PREMISES (OP),REHAB-Agency,LOCAL - LL,C-28-90438,50,0,0,0.0,50,FRANKLIN,0.0,4/12/2024 0:00,4/12/2024 11:01,Price Code 1,CONTACT FOR DELIVERY,False,Food Bank of Northeast Georgia,01,30557.0,Martin,CANTALOUPES,Fruits
157,179735,6420,N-103,New Beginnings Ministry,482348,,ON PREMISES (OP),REHAB-Agency,BLUE RECEIPT-SHL,C-28-90141,4,0,0,0.0,200,FRANKLIN,0.0,5/3/2024 0:00,5/3/2024 12:29,Price Code 1,CUSTOMER PICKUP,False,Food Bank of Northeast Georgia,01,30557.0,Martin,ONIONS,Vegetables 
157,180273,3217,N-103,New Beginnings Ministry,482879,,ON PREMISES (OP),REHAB-Agency,GNAP,N-40-10222,5,0,0,0.0,50,FRANKLIN,0.0,5/10/2024 10:25,5/10/2024 10:31,Price Code 1,CUSTOMER PICKUP,False,Food Bank of Northeast Georgia,01,30557.0,Martin,GNAP BEEF PASTA DINNER POUCH,Prepared Meals
179,173499,84,R-100,Rainbow Pantry,477128,,FP/USDA,FOOD PANTRY-Agency,USDA,N-50-10006,20,0,0,97.2,540,FRANKLIN,0.18,2/1/2024 10:30,2/20/2024 13:42,Price Code 1,CONTACT FOR DELIVERY,False,Food Bank of Northeast Georgia,01,30662.0,Royston,USDA GREEN BEANS,Vegetables 
321,181287,8973,R-111,Royston Housing Authority,FAIMPORT483892,,FP/OP/USDA,AFTER SCHOOL PROGRAM-Agency,BLUE RECEIPT-SHL,MCC-16-10001,39,0,0,0.0,39,FRANKLIN,0.0,5/20/2024 0:00,5/20/2024 0:00,Price Code 1,CUSTOMER PICKUP,False,Food Bank of Northeast Georgia,01,30662.0,Royston,"COOLER FOOD MISC., SHL RETAIL PICKUP",Food Misc.
157,178859,5407,N-103,New Beginnings Ministry,481473,,ON PREMISES (OP),REHAB-Agency,BLUE RECEIPT-SHL,F-15-10000,53,0,0,9.54,53,FRANKLIN,0.18,4/12/2024 13:34,4/12/2024 10:29,Price Code 1,CONTACT FOR DELIVERY,False,Sharing Floor Athens,01-SH,30557.0,Martin,"MEAT & SEAFOOD, FROZEN SHL",Proteins
941,180242,1791,L-117,Lavonia Church of God,482848,,FP/USDA,MOBILE PANTRY-Agency,USDA,N-50-10079,13,0,0,0.0,338,FRANKLIN,0.0,5/9/2024 7:00,5/9/2024 8:53,Price Code 1,TRUCK 1 MOBILE PANTRY,False,Food Bank of Northeast Georgia,01,30553.0,Lavonia,USDA WALNUT HALVES AND PIECES,Proteins
179,175758,4350,R-100,Rainbow Pantry,478386,,FP/USDA,FOOD PANTRY-Agency,BLUE RECEIPT-SHL,N-03-11160,20,0,0,0.0,200,FRANKLIN,0.0,2/22/2024 13:46,2/22/2024 9:28,Price Code 1,CONTACT FOR DELIVERY,False,Food Bank of Northeast Georgia,01,30662.0,Royston,CHERRY DR PEPPER,Beverages
321,180447,9043,R-111,Royston Housing Authority,483053,,FP/OP/USDA,AFTER SCHOOL PROGRAM-Agency,GNAP,N-40-10277,2,0,0,0.0,16,FRANKLIN,0.0,5/15/2024 8:45,5/15/2024 10:03,Price Code 1,CUSTOMER PICKUP,False,Food Bank of Northeast Georgia,01,30662.0,Royston,GNAP DELUXE SHELLS & CHEESE,Prepared Meals
321,182124,8973,R-111,Royston Housing Authority,FAIMPORT484728,,FP/OP/USDA,AFTER SCHOOL PROGRAM-Agency,BLUE RECEIPT-SHL,MCC-16-10001,18,0,0,0.0,18,FRANKLIN,0.0,6/6/2024 0:00,6/6/2024 0:00,Price Code 1,CUSTOMER PICKUP,False,Food Bank of Northeast Georgia,01,30662.0,Royston,"COOLER FOOD MISC., SHL RETAIL PICKUP",Food Misc.
157,176719,8940,N-103,New Beginnings Ministry,479342,,ON PREMISES (OP),REHAB-Agency,BLUE RECEIPT-SHL,C-28-90531,3,0,0,0.0,156,FRANKLIN,0.0,3/8/2024 13:34,3/8/2024 12:09,Price Code 1,CONTACT FOR DELIVERY,False,Food Bank of Northeast Georgia,01,30557.0,Martin,"CABBAGE, SHL 50#",Vegetables 
179,181555,8970,R-100,Rainbow Pantry,FAIMPORT484159,,FP/USDA,FOOD PANTRY-Agency,BLUE RECEIPT-SHL,MCW-16-10001,14,0,0,0.0,14,FRANKLIN,0.0,5/12/2024 0:00,5/12/2024 0:00,Price Code 1,CUSTOMER PICKUP,False,Food Bank of Northeast Georgia,01,30662.0,Royston,"MISC. FOOD BOX, SHL RETAIL PICKUP",Food Misc.
321,177188,8976,R-111,Royston Housing Authority,FAIMPORT479809,,FP/OP/USDA,AFTER SCHOOL PROGRAM-Agency,BLUE RECEIPT-SHL,MCC-28-10001,40,0,0,0.0,40,FRANKLIN,0.0,3/11/2024 0:00,3/11/2024 0:00,Price Code 1,CUSTOMER PICKUP,False,Food Bank of Northeast Georgia,01,30662.0,Royston,"PRODUCE, SHL RETAIL PICKUPS",Mixed Produce
179,176131,8600,R-100,Rainbow Pantry,478758,,FP/USDA,FOOD PANTRY-Agency,BLUE RECEIPT-SHL,N-03-11249,25,0,0,0.0,750,FRANKLIN,0.0,3/7/2024 10:30,3/8/2024 7:51,Price Code 1,CONTACT FOR DELIVERY,False,Food Bank of Northeast Georgia,01,30662.0,Royston,DIET PEPSI,Beverages
321,181529,8975,R-111,Royston Housing Authority,FAIMPORT484133,,FP/OP/USDA,AFTER SCHOOL PROGRAM-Agency,BLUE RECEIPT-SHL,MCC-07-10001,9,0,0,0.0,9,FRANKLIN,0.0,5/27/2024 0:00,5/27/2024 0:00,Price Code 1,CUSTOMER PICKUP,False,Food Bank of Northeast Georgia,01,30662.0,Royston,"DAIRY PRODUCTS, SHL RETAIL PICKUPS",Dairy
973,173104,875,G-134,The Grace Foundation: Family Transformation ,476734,,ON PREMISES (OP),REHAB-Agency,BLUE RECEIPT-SHL,W-04-10000,54,0,0,0.0,54,FRANKLIN,0.0,1/16/2024 9:57,1/16/2024 10:08,Price Code 1,CUSTOMER PICKUP,False,Sharing Floor Athens,01-SH,30557.0,Martin,"BREAD & BAKERY, ASSORTED SHL",Grains
973,172865,8837,G-134,The Grace Foundation: Family Transformation ,476496,,ON PREMISES (OP),REHAB-Agency,BLUE RECEIPT-SHL,N-03-11773,10,0,0,0.0,100,FRANKLIN,0.0,1/19/2024 8:00,1/19/2024 8:18,Price Code 1,CUSTOMER PICKUP,False,Food Bank of Northeast Georgia,01,30557.0,Martin,MT DEW PASSSIONFRUIT PUNCH,Beverages
179,177165,1674,R-100,Rainbow Pantry,479786,,FP/USDA,FOOD PANTRY-Agency,USDA,N-50-10073,40,0,0,194.4,1080,FRANKLIN,0.18,3/21/2024 10:30,3/27/2024 10:09,Price Code 1,CONTACT FOR DELIVERY,False,Food Bank of Northeast Georgia,01,30662.0,Royston,USDA TOMATO SAUCE,Vegetables 
973,177949,8969,G-134,The Grace Foundation: Family Transformation ,480568,,ON PREMISES (OP),REHAB-Agency,YELLOW RECEIPT - SHN,N-27-10135,1,0,0,0.27,27,FRANKLIN,0.01,4/3/2024 11:33,4/3/2024 12:08,Price Code 1,CUSTOMER PICKUP,False,Food Bank of Northeast Georgia,01,30557.0,Martin,"HUNTS TOMATO SAUCE, BAG AND BOX",Vegetables 
157,178018,8996,N-103,New Beginnings Ministry,480637,,ON PREMISES (OP),REHAB-Agency,LOCAL - LL,C-07-90662,12,0,0,0.0,168,FRANKLIN,0.0,4/5/2024 0:00,4/5/2024 10:42,Price Code 1,CUSTOMER PICKUP,False,Food Bank of Northeast Georgia,01,30557.0,Martin,DUNKIN COFFEE CREAMER,Food Misc.
157,178384,1045,N-103,New Beginnings Ministry,481000,,ON PREMISES (OP),REHAB-Agency,BLUE RECEIPT-SHL,W-25-10009,447,0,0,0.0,447,FRANKLIN,0.0,4/5/2024 13:34,4/5/2024 10:23,Price Code 1,CONTACT FOR DELIVERY,False,Sharing Floor Athens,01-SH,30557.0,Martin,"ASSORTED SNACK ITEMS, SHL",Food Misc.
157,179735,8869,N-103,New Beginnings Ministry,482348,,ON PREMISES (OP),REHAB-Agency,YELLOW RECEIPT - SHN,N-20-10004,2,0,0,1.08,6,FRANKLIN,0.18,5/3/2024 0:00,5/3/2024 12:29,Price Code 1,CUSTOMER PICKUP,False,Food Bank of Northeast Georgia,01,30557.0,Martin,PAMPERS PREEMIE SWADDLERS,Non-Food Misc.
941,176929,4327,L-117,Lavonia Church of God,479551,,FP/USDA,MOBILE PANTRY-Agency,USDA,N-50-10277,13,0,0,0.0,351,FRANKLIN,0.0,3/14/2024 7:00,3/14/2024 7:18,Price Code 1,TRUCK 1 MOBILE PANTRY,False,Food Bank of Northeast Georgia,01,30553.0,Lavonia,USDA GARBANZO BEANS,Proteins
157,180718,7202,N-103,New Beginnings Ministry,483324,,ON PREMISES (OP),REHAB-Agency,GNAP,N-40-10242,3,0,0,0.0,48,FRANKLIN,0.0,5/17/2024 0:00,5/17/2024 10:44,Price Code 1,CONTACT FOR DELIVERY,False,Food Bank of Northeast Georgia,01,30557.0,Martin,GNAP STRAWBERRY JELLY,Food Misc.
916,180949,688,W-125,World Outreach Ministries (d/b/a Ignited Church),483555,,FOOD PANTRY,FOOD PANTRY-Agency,BLUE RECEIPT-SHL,W-01-10000,10,0,0,1.8,10,FRANKLIN,0.18,5/16/2024 9:35,5/16/2024 13:53,Price Code 1,CUSTOMER PICKUP,False,Sharing Floor Athens,01-SH,30553.0,Lavonia,"ASSORTED NON-FOOD ITEMS, SHL",Non-Food Misc.
973,181155,696,G-134,The Grace Foundation: Family Transformation ,483760,,ON PREMISES (OP),REHAB-Agency,LOCAL - LL,W-25-10000,143,0,0,25.74,143,FRANKLIN,0.18,5/21/2024 15:19,5/21/2024 15:26,Price Code 1,CUSTOMER PICKUP,False,Sharing Floor Athens,01-SH,30557.0,Martin,"ASSORTED SNACK ITEMS, LL",Food Misc.
973,176696,688,G-134,The Grace Foundation: Family Transformation ,479319,,ON PREMISES (OP),REHAB-Agency,BLUE RECEIPT-SHL,W-01-10000,12,0,0,2.16,12,FRANKLIN,0.18,3/5/2024 11:36,3/5/2024 11:45,Price Code 1,CUSTOMER PICKUP,False,Sharing Floor Athens,01-SH,30557.0,Martin,"ASSORTED NON-FOOD ITEMS, SHL",Non-Food Misc.
941,180242,9013,L-117,Lavonia Church of God,482848,,FP/USDA,MOBILE PANTRY-Agency,USDA,N-50-10313,13,0,0,0.0,312,FRANKLIN,0.0,5/9/2024 7:00,5/9/2024 8:53,Price Code 1,TRUCK 1 MOBILE PANTRY,False,Food Bank of Northeast Georgia,01,30553.0,Lavonia,USDA LIGHT RED KIDNEY BEANS 24/1LB,Proteins
941,181780,7083,L-117,Lavonia Church of God,484384,,FP/USDA,MOBILE PANTRY-Agency,USDA,C-50-10029,138,0,0,0.0,1656,FRANKLIN,0.0,6/13/2024 7:00,6/13/2024 16:49,Price Code 1,TRUCK 1 MOBILE PANTRY,False,Food Bank of Northeast Georgia,01,30553.0,Lavonia,"USDA MILD CHEDDAR CHEESE, BLOCK CCC",Dairy
321,178707,8972,R-111,Royston Housing Authority,FAIMPORT481321,,FP/OP/USDA,AFTER SCHOOL PROGRAM-Agency,BLUE RECEIPT-SHL,MCF-15-10000,2,0,0,0.0,2,FRANKLIN,0.0,4/9/2024 0:00,4/9/2024 0:00,Price Code 1,CUSTOMER PICKUP,False,Food Bank of Northeast Georgia,01,30662.0,Royston,"FROZEN MEAT & SEAFOOD, SHL RETAIL PICKUP",Proteins
476,175439,4715,S-129,"Step of Faith Outreach, INC",478068,,FP/OP/GNAP/USDA,FOOD PANTRY-Agency,USDA,F-50-90461,1,0,0,7.2,40,FRANKLIN,0.18,2/14/2024 16:09,2/14/2024 8:56,Price Code 1,CUSTOMER PICKUP,False,Food Bank of Northeast Georgia,01,30553.0,Lavonia,USDA ALASKAN POLLACK FISH FILLETS,Proteins
321,172938,696,R-111,Royston Housing Authority,476569,,FP/OP/USDA,AFTER SCHOOL PROGRAM-Agency,LOCAL - LL,W-25-10000,13,0,0,2.34,13,FRANKLIN,0.18,1/11/2024 14:45,1/11/2024 11:37,Price Code 1,CUSTOMER PICKUP,False,Sharing Floor Athens,01-SH,30662.0,Royston,"ASSORTED SNACK ITEMS, LL",Food Misc.
973,173384,8625,G-134,The Grace Foundation: Family Transformation ,477013,,ON PREMISES (OP),REHAB-Agency,BLUE RECEIPT-SHL,N-03-11261,25,0,0,0.0,825,FRANKLIN,0.0,1/26/2024 8:30,1/26/2024 9:19,Price Code 1,CUSTOMER PICKUP,False,Food Bank of Northeast Georgia,01,30557.0,Martin,STARRY ZERO SUGAR 24 X 20 FL OZ,Beverages
157,175777,6983,N-103,New Beginnings Ministry,478405,,ON PREMISES (OP),REHAB-Agency,LOCAL - LL,C-28-90426,4,0,0,16.0,160,FRANKLIN,0.1,2/23/2024 0:00,2/23/2024 10:07,Price Code 1,CONTACT FOR DELIVERY,False,Food Bank of Northeast Georgia,01,30557.0,Martin,SWEET POTATOES,Potatoes 
179,181476,9060,R-100,Rainbow Pantry,484080,,FP/USDA,FOOD PANTRY-Agency,LOCAL - LL,N-12-10106,7,0,0,0.0,49,FRANKLIN,0.0,6/6/2024 10:00,6/6/2024 13:08,Price Code 1,TRUCK 1,False,Food Bank of Northeast Georgia,01,30662.0,Royston,PURCOL MOISTURIZING HAND SANITIZER,Non-Food Misc.
179,176131,8957,R-100,Rainbow Pantry,478758,,FP/USDA,FOOD PANTRY-Agency,YELLOW RECEIPT - SHN,N-25-11956,15,0,0,10.8,60,FRANKLIN,0.18,3/7/2024 10:30,3/8/2024 7:51,Price Code 1,CONTACT FOR DELIVERY,False,Food Bank of Northeast Georgia,01,30662.0,Royston,HONEYMAID GRAHAM CRACKERS,Food Misc.
973,172711,696,G-134,The Grace Foundation: Family Transformation ,476342,,ON PREMISES (OP),REHAB-Agency,LOCAL - LL,W-25-10000,138,0,0,24.84,138,FRANKLIN,0.18,1/8/2024 10:05,1/8/2024 10:10,Price Code 1,CUSTOMER PICKUP,False,Sharing Floor Athens,01-SH,30557.0,Martin,"ASSORTED SNACK ITEMS, LL",Food Misc.
973,176026,875,G-134,The Grace Foundation: Family Transformation ,478654,,ON PREMISES (OP),REHAB-Agency,BLUE RECEIPT-SHL,W-04-10000,125,0,0,0.0,125,FRANKLIN,0.0,2/22/2024 12:01,2/22/2024 12:04,Price Code 1,CUSTOMER PICKUP,False,Sharing Floor Athens,01-SH,30557.0,Martin,"BREAD & BAKERY, ASSORTED SHL",Grains
973,180613,9026,G-134,The Grace Foundation: Family Transformation ,483219,,ON PREMISES (OP),REHAB-Agency,YELLOW RECEIPT - SHN,N-27-10138,5,0,0,19.8,110,FRANKLIN,0.18,5/21/2024 10:00,5/21/2024 14:51,Price Code 1,CUSTOMER PICKUP,False,Food Bank of Northeast Georgia,01,30557.0,Martin,"HUNTS DICED TOMATOES BASIL, GARLIC, OREGANO",Vegetables 
179,180696,7083,R-100,Rainbow Pantry,483302,,FP/USDA,FOOD PANTRY-Agency,USDA,C-50-10029,16,0,0,34.56,192,FRANKLIN,0.18,5/23/2024 10:30,5/28/2024 7:55,Price Code 1,TRUCK 1,False,Food Bank of Northeast Georgia,01,30662.0,Royston,"USDA MILD CHEDDAR CHEESE, BLOCK CCC",Dairy
157,176949,875,N-103,New Beginnings Ministry,479571,,ON PREMISES (OP),REHAB-Agency,BLUE RECEIPT-SHL,W-04-10000,37,0,0,0.0,37,FRANKLIN,0.0,3/8/2024 13:34,3/8/2024 11:28,Price Code 1,CONTACT FOR DELIVERY,False,Sharing Floor Athens,01-SH,30557.0,Martin,"BREAD & BAKERY, ASSORTED SHL",Grains
916,175582,5938,W-125,World Outreach Ministries (d/b/a Ignited Church),478210,,FOOD PANTRY,FOOD PANTRY-Agency,BLUE RECEIPT-SHL,C-28-10001,10,0,0,0.3,10,FRANKLIN,0.03,2/13/2024 9:35,2/13/2024 14:06,Price Code 1,CUSTOMER PICKUP,False,Sharing Floor Athens,01-SH,30553.0,Lavonia,"PRODUCE, FRESH SHL",Mixed Produce
973,182017,235,G-134,The Grace Foundation: Family Transformation ,484621,,ON PREMISES (OP),REHAB-Agency,LOCAL - LL,W-03-10012,445,0,0,0.0,445,FRANKLIN,0.0,6/7/2024 9:49,6/7/2024 9:59,Price Code 1,CUSTOMER PICKUP,False,Sharing Floor Athens,01-SH,30557.0,Martin,"ASSORTED BEVERAGES, LL",Beverages
916,176650,8946,W-125,World Outreach Ministries (d/b/a Ignited Church),479273,,FOOD PANTRY,FOOD PANTRY-Agency,BLUE RECEIPT-SHL,N-03-11810,1,0,0,0.0,14,FRANKLIN,0.0,3/7/2024 9:35,3/7/2024 9:50,Price Code 1,CUSTOMER PICKUP,False,Food Bank of Northeast Georgia,01,30553.0,Lavonia,PROPEL ORANGE RASPBERRY,Beverages
157,181573,6918,N-103,New Beginnings Ministry,484177,,ON PREMISES (OP),REHAB-Agency,BLUE RECEIPT-SHL,C-28-90382,3,0,0,2.94,147,FRANKLIN,0.02,6/3/2024 0:00,6/3/2024 11:27,Price Code 1,CONTACT FOR DELIVERY,False,Food Bank of Northeast Georgia,01,30557.0,Martin,BI COLOR SWEET CORN,Vegetables
157,180273,9038,N-103,New Beginnings Ministry,482879,,ON PREMISES (OP),REHAB-Agency,GNAP,N-40-10275,5,0,0,0.0,45,FRANKLIN,0.0,5/10/2024 10:25,5/10/2024 10:31,Price Code 1,CUSTOMER PICKUP,False,Food Bank of Northeast Georgia,01,30557.0,Martin,GNAP CORN FLAKES CEREAL BOWLS,Grains
179,173499,1791,R-100,Rainbow Pantry,477128,,FP/USDA,FOOD PANTRY-Agency,USDA,N-50-10079,15,0,0,70.2,390,FRANKLIN,0.18,2/1/2024 10:30,2/20/2024 13:42,Price Code 1,CONTACT FOR DELIVERY,False,Food Bank of Northeast Georgia,01,30662.0,Royston,USDA WALNUT HALVES AND PIECES,Proteins
179,181561,8975,R-100,Rainbow Pantry,FAIMPORT484165,,FP/USDA,FOOD PANTRY-Agency,BLUE RECEIPT-SHL,MCC-07-10001,23,0,0,0.0,23,FRANKLIN,0.0,5/22/2024 0:00,5/22/2024 0:00,Price Code 1,CUSTOMER PICKUP,False,Food Bank of Northeast Georgia,01,30662.0,Royston,"DAIRY PRODUCTS, SHL RETAIL PICKUPS",Dairy
941,175109,8914,L-117,Lavonia Church of God,477739,,FP/USDA,MOBILE PANTRY-Agency,USDA,N-50-10310,13,0,0,0.0,351,FRANKLIN,0.0,2/8/2024 7:00,2/8/2024 8:39,Price Code 1,TRUCK 1 MOBILE PANTRY,False,Food Bank of Northeast Georgia,01,30553.0,Lavonia,USDA DICED POTATOES,Potatoes 
157,180718,9039,N-103,New Beginnings Ministry,483324,,ON PREMISES (OP),REHAB-Agency,GNAP,N-40-10276,2,0,0,0.0,20,FRANKLIN,0.0,5/17/2024 0:00,5/17/2024 10:44,Price Code 1,CONTACT FOR DELIVERY,False,Food Bank of Northeast Georgia,01,30557.0,Martin,GNAP CHEESE STICKS - WHITE CHEDDAR,Dairy
179,172361,8869,R-100,Rainbow Pantry,475992,,FP/USDA,FOOD PANTRY-Agency,YELLOW RECEIPT - SHN,N-20-10004,20,0,0,10.8,60,FRANKLIN,0.18,1/5/2024 10:30,1/16/2024 8:22,Price Code 1,CONTACT FOR DELIVERY,False,Food Bank of Northeast Georgia,01,30662.0,Royston,PAMPERS PREEMIE SWADDLERS,Non-Food Misc.
321,181969,8970,R-111,Royston Housing Authority,FAIMPORT484573,,FP/OP/USDA,AFTER SCHOOL PROGRAM-Agency,BLUE RECEIPT-SHL,MCW-16-10001,88,0,0,0.0,88,FRANKLIN,0.0,6/4/2024 0:00,6/4/2024 0:00,Price Code 1,CUSTOMER PICKUP,False,Food Bank of Northeast Georgia,01,30662.0,Royston,"MISC. FOOD BOX, SHL RETAIL PICKUP",Food Misc.
941,178531,9013,L-117,Lavonia Church of God,481147,,FP/USDA,MOBILE PANTRY-Agency,USDA,N-50-10313,13,0,0,0.0,312,FRANKLIN,0.0,4/11/2024 7:00,4/11/2024 6:46,Price Code 1,TRUCK 1 MOBILE PANTRY,False,Food Bank of Northeast Georgia,01,30553.0,Lavonia,USDA LIGHT RED KIDNEY BEANS 24/1LB,Proteins
916,179600,683,W-125,World Outreach Ministries (d/b/a Ignited Church),482213,,FOOD PANTRY,FOOD PANTRY-Agency,BLUE RECEIPT-SHL,W-16-10001,27,0,0,4.86,27,FRANKLIN,0.18,4/25/2024 9:35,4/25/2024 9:23,Price Code 1,CUSTOMER PICKUP,False,Sharing Floor Athens,01-SH,30553.0,Lavonia,MISC. FOOD BOX SHL,Food Misc.
973,173864,2098,G-134,The Grace Foundation: Family Transformation ,477493,,ON PREMISES (OP),REHAB-Agency,BLUE RECEIPT-SHL,N-03-10677,30,0,0,0.0,660,FRANKLIN,0.0,2/2/2024 17:49,2/7/2024 8:03,Price Code 1,CUSTOMER PICKUP,False,Food Bank of Northeast Georgia,01,30557.0,Martin,GATORADE ORANGE,Beverages
321,176218,8956,R-111,Royston Housing Authority,478844,,FP/OP/USDA,AFTER SCHOOL PROGRAM-Agency,BLUE RECEIPT-SHL,N-03-11817,5,0,0,0.0,70,FRANKLIN,0.0,2/29/2024 14:45,3/4/2024 10:11,Price Code 1,CUSTOMER PICKUP,False,Food Bank of Northeast Georgia,01,30662.0,Royston,TWISTER CHERRY BERRY BLAST,Beverages
941,180242,7061,L-117,Lavonia Church of God,482848,,FP/USDA,MOBILE PANTRY-Agency,USDA,C-50-10021,54,0,0,0.0,2268,FRANKLIN,0.0,5/9/2024 7:00,5/9/2024 8:53,Price Code 1,TRUCK 1 MOBILE PANTRY,False,Food Bank of Northeast Georgia,01,30553.0,Lavonia,USDA FRESH ORANGES,Fruits
321,178889,8975,R-111,Royston Housing Authority,FAIMPORT481503,,FP/OP/USDA,AFTER SCHOOL PROGRAM-Agency,BLUE RECEIPT-SHL,MCC-07-10001,122,0,0,0.0,122,FRANKLIN,0.0,4/11/2024 0:00,4/11/2024 0:00,Price Code 1,CUSTOMER PICKUP,False,Food Bank of Northeast Georgia,01,30662.0,Royston,"DAIRY PRODUCTS, SHL RETAIL PICKUPS",Dairy
179,177931,8995,R-100,Rainbow Pantry,480550,,FP/USDA,FOOD PANTRY-Agency,BLUE RECEIPT-SHL,N-21-10067,15,0,0,13.5,75,FRANKLIN,0.18,4/4/2024 13:46,4/4/2024 9:23,Price Code 1,CONTACT FOR DELIVERY,False,Food Bank of Northeast Georgia,01,30662.0,Royston,"RAMEN, MARUCHAN SHRIMP",Prepared Meals
157,179262,690,N-103,New Beginnings Ministry,481875,,ON PREMISES (OP),REHAB-Agency,BLUE RECEIPT-SHL,W-03-10013,36,0,0,0.0,36,FRANKLIN,0.0,4/19/2024 13:34,4/19/2024 11:11,Price Code 1,CONTACT FOR DELIVERY,False,Sharing Floor Athens,01-SH,30557.0,Martin,"ASSORTED BEVERAGES, SHL",Beverages
973,177880,5938,G-134,The Grace Foundation: Family Transformation ,480499,,ON PREMISES (OP),REHAB-Agency,BLUE RECEIPT-SHL,C-28-10001,191,0,0,5.73,191,FRANKLIN,0.03,3/26/2024 10:51,3/26/2024 10:54,Price Code 1,CUSTOMER PICKUP,False,Sharing Floor Athens,01-SH,30557.0,Martin,"PRODUCE, FRESH SHL",Mixed Produce
476,177247,8781,S-129,"Step of Faith Outreach, INC",479867,,FP/OP/GNAP/USDA,FOOD PANTRY-Agency,BLUE RECEIPT-SHL,N-03-11753,5,0,0,3.45,115,FRANKLIN,0.03,3/20/2024 16:09,3/20/2024 11:34,Price Code 1,CUSTOMER PICKUP,False,Food Bank of Northeast Georgia,01,30553.0,Lavonia,PURE LEAF SWEET TEA,Beverages
321,179490,8976,R-111,Royston Housing Authority,FAIMPORT482103,,FP/OP/USDA,AFTER SCHOOL PROGRAM-Agency,BLUE RECEIPT-SHL,MCC-28-10001,41,0,0,0.0,41,FRANKLIN,0.0,4/22/2024 0:00,4/22/2024 0:00,Price Code 1,CUSTOMER PICKUP,False,Food Bank of Northeast Georgia,01,30662.0,Royston,"PRODUCE, SHL RETAIL PICKUPS",Mixed Produce
179,181476,6780,R-100,Rainbow Pantry,484080,,FP/USDA,FOOD PANTRY-Agency,USDA,C-50-10024,3,0,0,0.0,129,FRANKLIN,0.0,6/6/2024 10:00,6/6/2024 13:08,Price Code 1,TRUCK 1,False,Food Bank of Northeast Georgia,01,30662.0,Royston,USDA APPLES,Fruits
942,179966,9025,M-140FRANKLIN,Franklin County MedLink Georgia,482575,,DIRECT ASSISTANCE,MOBILE PANTRY-Agency,YELLOW RECEIPT - SHN,N-11-11072,40,0,0,0.0,360,FRANKLIN,0.0,5/10/2024 8:00,5/10/2024 7:57,Mobile Pantry/Feed Site Only,TRACTOR TRAILER 1 MOBILE PANTRY,False,Food Bank of Northeast Georgia,01,30628.0,Colbert,MRS BUTTERSWORTHS SMORES PANCAKE KIT,Food Misc.
941,175109,7082,L-117,Lavonia Church of God,477739,,FP/USDA,MOBILE PANTRY-Agency,USDA,C-50-10033,104,0,0,0.0,1248,FRANKLIN,0.0,2/8/2024 7:00,2/8/2024 8:39,Price Code 1,TRUCK 1 MOBILE PANTRY,False,Food Bank of Northeast Georgia,01,30553.0,Lavonia,USDA SHREDDED YELLOW CHEDDAR CHEESE CCC,Dairy
973,173384,8916,G-134,The Grace Foundation: Family Transformation ,477013,,ON PREMISES (OP),REHAB-Agency,BLUE RECEIPT-SHL,N-03-11799,25,0,0,0.0,300,FRANKLIN,0.0,1/26/2024 8:30,1/26/2024 9:19,Price Code 1,CUSTOMER PICKUP,False,Food Bank of Northeast Georgia,01,30557.0,Martin,MONSTER COLD BREW LATTE,Beverages
916,177548,875,W-125,World Outreach Ministries (d/b/a Ignited Church),480168,,FOOD PANTRY,FOOD PANTRY-Agency,BLUE RECEIPT-SHL,W-04-10000,14,0,0,0.0,14,FRANKLIN,0.0,3/19/2024 9:35,3/19/2024 11:23,Price Code 1,CUSTOMER PICKUP,False,Sharing Floor Athens,01-SH,30553.0,Lavonia,"BREAD & BAKERY, ASSORTED SHL",Grains
941,178531,8997,L-117,Lavonia Church of God,481147,,FP/USDA,MOBILE PANTRY-Agency,USDA,N-50-10312,25,0,0,0.0,300,FRANKLIN,0.0,4/11/2024 7:00,4/11/2024 6:46,Price Code 1,TRUCK 1 MOBILE PANTRY,False,Food Bank of Northeast Georgia,01,30553.0,Lavonia,USDA CHILI W/ BEANS CCC,Prepared Meals
973,173077,690,G-134,The Grace Foundation: Family Transformation ,476707,,ON PREMISES (OP),REHAB-Agency,BLUE RECEIPT-SHL,W-03-10013,3719,0,0,0.0,3719,FRANKLIN,0.0,1/19/2024 9:00,1/19/2024 9:08,Price Code 1,CUSTOMER PICKUP,False,Food Bank of Northeast Georgia,01,30557.0,Martin,"ASSORTED BEVERAGES, SHL",Beverages
476,178564,8587,S-129,"Step of Faith Outreach, INC",481180,,FP/OP/GNAP/USDA,FOOD PANTRY-Agency,BLUE RECEIPT-SHL,N-03-10269,1,0,0,0.0,28,FRANKLIN,0.0,4/12/2024 16:09,4/12/2024 14:34,Price Code 1,CUSTOMER PICKUP,False,Food Bank of Northeast Georgia,01,30553.0,Lavonia,PEPSI ZERO SUGAR,Beverages
179,177165,8977,R-100,Rainbow Pantry,479786,,FP/USDA,FOOD PANTRY-Agency,LOCAL - LL,N-25-11964,2,0,0,9.36,52,FRANKLIN,0.18,3/21/2024 10:30,3/27/2024 10:09,Price Code 1,CONTACT FOR DELIVERY,False,Food Bank of Northeast Georgia,01,30662.0,Royston,COMBOS CHEDDAR CHEESE BAKED PRETZEL SNACKS,Food Misc.
179,180878,9010,R-100,Rainbow Pantry,483484,,FP/USDA,FOOD PANTRY-Agency,BLUE RECEIPT-SHL,N-03-11829,7,0,0,0.0,294,FRANKLIN,0.0,5/23/2024 11:00,5/28/2024 7:42,Price Code 1,TRUCK 1,False,Food Bank of Northeast Georgia,01,30662.0,Royston,MR PIBB EXTRA,Beverages
973,180613,8940,G-134,The Grace Foundation: Family Transformation ,483219,,ON PREMISES (OP),REHAB-Agency,BLUE RECEIPT-SHL,C-28-90531,2,0,0,0.0,104,FRANKLIN,0.0,5/21/2024 10:00,5/21/2024 14:51,Price Code 1,CUSTOMER PICKUP,False,Food Bank of Northeast Georgia,01,30557.0,Martin,"CABBAGE, SHL 50#",Vegetables 
321,178197,8971,R-111,Royston Housing Authority,FAIMPORT480815,,FP/OP/USDA,AFTER SCHOOL PROGRAM-Agency,BLUE RECEIPT-SHL,MCF-16-10001,47,0,0,0.0,47,FRANKLIN,0.0,3/28/2024 0:00,3/28/2024 0:00,Price Code 1,CUSTOMER PICKUP,False,Food Bank of Northeast Georgia,01,30662.0,Royston,"FROZEN FOODS, MISC SHL RETAIL PICKUP",Food Misc.
179,179533,9029,R-100,Rainbow Pantry,482146,,FP/USDA,FOOD PANTRY-Agency,YELLOW RECEIPT - SHN,N-25-11971,12,0,0,17.28,96,FRANKLIN,0.18,5/9/2024 10:30,5/9/2024 9:48,Price Code 1,TRUCK 1,False,Food Bank of Northeast Georgia,01,30662.0,Royston,BIGS JUMBO SUNFLOWER KERNELS,Proteins
916,179600,5407,W-125,World Outreach Ministries (d/b/a Ignited Church),482213,,FOOD PANTRY,FOOD PANTRY-Agency,BLUE RECEIPT-SHL,F-15-10000,109,0,0,19.62,109,FRANKLIN,0.18,4/25/2024 9:35,4/25/2024 9:23,Price Code 1,CUSTOMER PICKUP,False,Sharing Floor Athens,01-SH,30553.0,Lavonia,"MEAT & SEAFOOD, FROZEN SHL",Proteins
941,175109,5637,L-117,Lavonia Church of God,477739,,FP/USDA,MOBILE PANTRY-Agency,USDA,F-50-90019,63,0,0,0.0,1890,FRANKLIN,0.0,2/8/2024 7:00,2/8/2024 8:39,Price Code 1,TRUCK 1 MOBILE PANTRY,False,Food Bank of Northeast Georgia,01,30553.0,Lavonia,USDA FROZEN BLUEBERRIES CCC,Fruits
941,180242,170,L-117,Lavonia Church of God,482848,,FP/USDA,MOBILE PANTRY-Agency,USDA,N-50-10007,13,0,0,0.0,364,FRANKLIN,0.0,5/9/2024 7:00,5/9/2024 8:53,Price Code 1,TRUCK 1 MOBILE PANTRY,False,Food Bank of Northeast Georgia,01,30553.0,Lavonia,"USDA CORN, WHOLE KERNEL NO SALT",Vegetables 
942,179966,3203,M-140FRANKLIN,Franklin County MedLink Georgia,482575,,DIRECT ASSISTANCE,MOBILE PANTRY-Agency,USDA,N-50-10289,9,0,0,0.0,225,FRANKLIN,0.0,5/10/2024 8:00,5/10/2024 7:57,Mobile Pantry/Feed Site Only,TRACTOR TRAILER 1 MOBILE PANTRY,False,Food Bank of Northeast Georgia,01,30628.0,Colbert,USDA PECAN PIECES,Proteins
941,176929,84,L-117,Lavonia Church of God,479551,,FP/USDA,MOBILE PANTRY-Agency,USDA,N-50-10006,13,0,0,0.0,351,FRANKLIN,0.0,3/14/2024 7:00,3/14/2024 7:18,Price Code 1,TRUCK 1 MOBILE PANTRY,False,Food Bank of Northeast Georgia,01,30553.0,Lavonia,USDA GREEN BEANS,Vegetables 
916,181639,683,W-125,World Outreach Ministries (d/b/a Ignited Church),484243,,FOOD PANTRY,FOOD PANTRY-Agency,BLUE RECEIPT-SHL,W-16-10001,7,0,0,1.26,7,FRANKLIN,0.18,5/30/2024 9:35,5/30/2024 14:00,Price Code 1,CUSTOMER PICKUP,False,Sharing Floor Athens,01-SH,30553.0,Lavonia,MISC. FOOD BOX SHL,Food Misc.
476,172565,1791,S-129,"Step of Faith Outreach, INC",476196,,FP/OP/GNAP/USDA,FOOD PANTRY-Agency,USDA,N-50-10079,1,0,0,4.68,26,FRANKLIN,0.18,1/8/2024 16:09,1/8/2024 11:33,Price Code 1,CUSTOMER PICKUP,False,Food Bank of Northeast Georgia,01,30553.0,Lavonia,USDA WALNUT HALVES AND PIECES,Proteins
973,173383,690,G-134,The Grace Foundation: Family Transformation ,477012,,ON PREMISES (OP),REHAB-Agency,BLUE RECEIPT-SHL,W-03-10013,1922,0,0,0.0,1922,FRANKLIN,0.0,1/26/2024 8:00,1/26/2024 9:10,Price Code 1,CUSTOMER PICKUP,False,Food Bank of Northeast Georgia,01,30557.0,Martin,"ASSORTED BEVERAGES, SHL",Beverages
916,180237,9019,W-125,World Outreach Ministries (d/b/a Ignited Church),482843,,FOOD PANTRY,FOOD PANTRY-Agency,BLUE RECEIPT-SHL,N-27-10137,40,0,0,172.8,960,FRANKLIN,0.18,5/8/2024 11:30,5/8/2024 11:20,Price Code 1,CUSTOMER PICKUP,False,Food Bank of Northeast Georgia,01,30553.0,Lavonia,"BLACK BEANS, PEUBLO LINDO (MISLABELED)",Vegetables 
916,180793,8869,W-125,World Outreach Ministries (d/b/a Ignited Church),483399,,FOOD PANTRY,FOOD PANTRY-Agency,YELLOW RECEIPT - SHN,N-20-10004,20,0,0,10.8,60,FRANKLIN,0.18,5/17/2024 10:45,5/17/2024 10:45,Price Code 1,CUSTOMER PICKUP,False,Food Bank of Northeast Georgia,01,30553.0,Lavonia,PAMPERS PREEMIE SWADDLERS,Non-Food Misc.
157,180273,7298,N-103,New Beginnings Ministry,482879,,ON PREMISES (OP),REHAB-Agency,GNAP,N-40-10248,5,0,0,0.0,70,FRANKLIN,0.0,5/10/2024 10:25,5/10/2024 10:31,Price Code 1,CUSTOMER PICKUP,False,Food Bank of Northeast Georgia,01,30557.0,Martin,GNAP BAKING AND BISCUIT MIX,Food Misc.
476,178564,8741,S-129,"Step of Faith Outreach, INC",481180,,FP/OP/GNAP/USDA,FOOD PANTRY-Agency,BLUE RECEIPT-SHL,N-03-11741,4,0,0,0.0,40,FRANKLIN,0.0,4/12/2024 16:09,4/12/2024 14:34,Price Code 1,CUSTOMER PICKUP,False,Food Bank of Northeast Georgia,01,30553.0,Lavonia,DIET MT DEW,Beverages
179,181476,8939,R-100,Rainbow Pantry,484080,,FP/USDA,FOOD PANTRY-Agency,BLUE RECEIPT-SHL,C-28-90530,14,0,0,0.0,588,FRANKLIN,0.0,6/6/2024 10:00,6/6/2024 13:08,Price Code 1,TRUCK 1,False,Food Bank of Northeast Georgia,01,30662.0,Royston,"APPLES, SHL",Fruits
321,177582,8975,R-111,Royston Housing Authority,FAIMPORT480202,,FP/OP/USDA,AFTER SCHOOL PROGRAM-Agency,BLUE RECEIPT-SHL,MCC-07-10001,59,0,0,0.0,59,FRANKLIN,0.0,3/18/2024 0:00,3/18/2024 0:00,Price Code 1,CUSTOMER PICKUP,False,Food Bank of Northeast Georgia,01,30662.0,Royston,"DAIRY PRODUCTS, SHL RETAIL PICKUPS",Dairy
157,172403,8891,N-103,New Beginnings Ministry,476034,,ON PREMISES (OP),REHAB-Agency,LFB,N-01-90133,8,0,0,14.4,80,FRANKLIN,0.18,1/5/2024 12:30,1/5/2024 11:23,Price Code 1,CONTACT FOR DELIVERY,False,Food Bank of Northeast Georgia,01,30557.0,Martin,PULUPS 4T/5T,Non-Food Misc.
973,181746,8846,G-134,The Grace Foundation: Family Transformation ,484350,,ON PREMISES (OP),REHAB-Agency,BLUE RECEIPT-SHL,N-03-11774,10,0,0,0.0,230,FRANKLIN,0.0,6/7/2024 9:30,6/7/2024 9:23,Price Code 1,CUSTOMER PICKUP,False,Food Bank of Northeast Georgia,01,30557.0,Martin,PURE LEAF UNSWEETENED TEA,Beverages
942,179966,6816,M-140FRANKLIN,Franklin County MedLink Georgia,482575,,DIRECT ASSISTANCE,MOBILE PANTRY-Agency,BLUE RECEIPT-SHL,C-28-90345,6,0,0,0.0,300,FRANKLIN,0.0,5/10/2024 8:00,5/10/2024 7:57,Mobile Pantry/Feed Site Only,TRACTOR TRAILER 1 MOBILE PANTRY,False,Food Bank of Northeast Georgia,01,30628.0,Colbert,CARROTS,Vegetables 
179,182301,9081,R-100,Rainbow Pantry,484905,,FP/USDA,FOOD PANTRY-Agency,BLUE RECEIPT-SHL,N-03-11843,25,0,0,0.0,450,FRANKLIN,0.0,6/26/2024 11:30,6/27/2024 13:17,Price Code 1,CONTACT FOR DELIVERY,False,Food Bank of Northeast Georgia,01,30662.0,Royston,DR PEPPER ZERO SUGAR,Beverages
157,179059,9014,N-103,New Beginnings Ministry,481673,,ON PREMISES (OP),REHAB-Agency,PURCH,N-27-10136,65,0,3387,315.9,1755,FRANKLIN,0.18,4/19/2024 13:34,4/19/2024 11:27,Price Code 1,CONTACT FOR DELIVERY,False,Food Bank of Northeast Georgia,01,30557.0,Martin,"GREEN BEANS, HARVEST VALLEY",Vegetables 
321,176256,5960,R-111,Royston Housing Authority,FAIMPORT478882,,FP/OP/USDA,AFTER SCHOOL PROGRAM-Agency,BLUE RECEIPT-SHL,C-07-10001,9,0,0,1.62,9,FRANKLIN,0.18,2/20/2024 0:00,2/20/2024 0:00,Price Code 1,CUSTOMER PICKUP,False,Food Bank of Northeast Georgia,01,30662.0,Royston,"DAIRY PRODUCT, ASSORTED SHL",Dairy
321,177392,8976,R-111,Royston Housing Authority,FAIMPORT480012,,FP/OP/USDA,AFTER SCHOOL PROGRAM-Agency,BLUE RECEIPT-SHL,MCC-28-10001,6,0,0,0.0,6,FRANKLIN,0.0,3/14/2024 0:00,3/14/2024 0:00,Price Code 1,CUSTOMER PICKUP,False,Food Bank of Northeast Georgia,01,30662.0,Royston,"PRODUCE, SHL RETAIL PICKUPS",Mixed Produce
942,179966,1791,M-140FRANKLIN,Franklin County MedLink Georgia,482575,,DIRECT ASSISTANCE,MOBILE PANTRY-Agency,USDA,N-50-10079,9,0,0,0.0,234,FRANKLIN,0.0,5/10/2024 8:00,5/10/2024 7:57,Mobile Pantry/Feed Site Only,TRACTOR TRAILER 1 MOBILE PANTRY,False,Food Bank of Northeast Georgia,01,30628.0,Colbert,USDA WALNUT HALVES AND PIECES,Proteins
973,177949,8631,G-134,The Grace Foundation: Family Transformation ,480568,,ON PREMISES (OP),REHAB-Agency,BLUE RECEIPT-SHL,N-03-11265,26,0,0,16.9,338,FRANKLIN,0.05,4/3/2024 11:33,4/3/2024 12:08,Price Code 1,CUSTOMER PICKUP,False,Food Bank of Northeast Georgia,01,30557.0,Martin,PROPEL BLACK CHERRY,Beverages
179,173679,696,R-100,Rainbow Pantry,477308,,FP/USDA,FOOD PANTRY-Agency,LOCAL - LL,W-25-10000,112,0,0,20.16,112,FRANKLIN,0.18,1/26/2024 13:46,1/26/2024 11:42,Price Code 1,CUSTOMER PICKUP,False,Sharing Floor Athens,01-SH,30662.0,Royston,"ASSORTED SNACK ITEMS, LL",Food Misc.
321,177581,8971,R-111,Royston Housing Authority,FAIMPORT480201,,FP/OP/USDA,AFTER SCHOOL PROGRAM-Agency,BLUE RECEIPT-SHL,MCF-16-10001,9,0,0,0.0,9,FRANKLIN,0.0,3/19/2024 0:00,3/19/2024 0:00,Price Code 1,CUSTOMER PICKUP,False,Food Bank of Northeast Georgia,01,30662.0,Royston,"FROZEN FOODS, MISC SHL RETAIL PICKUP",Food Misc.
973,173077,8912,G-134,The Grace Foundation: Family Transformation ,476707,,ON PREMISES (OP),REHAB-Agency,BLUE RECEIPT-SHL,N-03-11798,15,0,0,0.0,570,FRANKLIN,0.0,1/19/2024 9:00,1/19/2024 9:08,Price Code 1,CUSTOMER PICKUP,False,Food Bank of Northeast Georgia,01,30557.0,Martin,MT DEW 12/1.25L,Beverages
157,178315,8961,N-103,New Beginnings Ministry,480931,,ON PREMISES (OP),REHAB-Agency,BLUE RECEIPT-SHL,C-28-90538,4,0,0,0.0,208,FRANKLIN,0.0,4/12/2024 0:00,4/12/2024 11:01,Price Code 1,CONTACT FOR DELIVERY,False,Food Bank of Northeast Georgia,01,30557.0,Martin,"BEETS, SHL",Vegetables
321,178704,8975,R-111,Royston Housing Authority,FAIMPORT481318,,FP/OP/USDA,AFTER SCHOOL PROGRAM-Agency,BLUE RECEIPT-SHL,MCC-07-10001,69,0,0,0.0,69,FRANKLIN,0.0,4/4/2024 0:00,4/4/2024 0:00,Price Code 1,CUSTOMER PICKUP,False,Food Bank of Northeast Georgia,01,30662.0,Royston,"DAIRY PRODUCTS, SHL RETAIL PICKUPS",Dairy
179,181476,2202,R-100,Rainbow Pantry,484080,,FP/USDA,FOOD PANTRY-Agency,USDA,N-50-10240,22,0,0,87.12,484,FRANKLIN,0.18,6/6/2024 10:00,6/6/2024 13:08,Price Code 1,TRUCK 1,False,Food Bank of Northeast Georgia,01,30662.0,Royston,USDA SPAGHETTI,Grains
941,176929,5681,L-117,Lavonia Church of God,479551,,FP/USDA,MOBILE PANTRY-Agency,LOCAL - LL,C-16-10000,360,0,0,0.0,360,FRANKLIN,0.0,3/14/2024 7:00,3/14/2024 7:18,Price Code 1,TRUCK 1 MOBILE PANTRY,False,Food Bank of Northeast Georgia,01,30553.0,Lavonia,"COOLER FOOD, MISC. LL",Food Misc.
157,172403,8835,N-103,New Beginnings Ministry,476034,,ON PREMISES (OP),REHAB-Agency,BLUE RECEIPT-SHL,N-03-11771,3,0,0,0.0,90,FRANKLIN,0.0,1/5/2024 12:30,1/5/2024 11:23,Price Code 1,CONTACT FOR DELIVERY,False,Food Bank of Northeast Georgia,01,30557.0,Martin,GATORADE LOWER SUGAR GLACIER FREEZE,Beverages
157,172403,8881,N-103,New Beginnings Ministry,476034,,ON PREMISES (OP),REHAB-Agency,YELLOW RECEIPT - SHN,N-03-11786,6,0,0,0.0,78,FRANKLIN,0.0,1/5/2024 12:30,1/5/2024 11:23,Price Code 1,CONTACT FOR DELIVERY,False,Food Bank of Northeast Georgia,01,30557.0,Martin,GATORADE ZERO FRUIT PUNCH,Beverages
476,175439,8907,S-129,"Step of Faith Outreach, INC",478068,,FP/OP/GNAP/USDA,FOOD PANTRY-Agency,GNAP,N-40-10267,2,0,0,2.6,26,FRANKLIN,0.1,2/14/2024 16:09,2/14/2024 8:56,Price Code 1,CUSTOMER PICKUP,False,Food Bank of Northeast Georgia,01,30553.0,Lavonia,GNAP SPAGHETTI W/ MEATBALLS,Prepared Meals
179,175758,7284,R-100,Rainbow Pantry,478386,,FP/USDA,FOOD PANTRY-Agency,USDA,C-50-10043,10,0,0,26.0,260,FRANKLIN,0.1,2/22/2024 13:46,2/22/2024 9:28,Price Code 1,CONTACT FOR DELIVERY,False,Food Bank of Northeast Georgia,01,30662.0,Royston,USDA RED FAT AMERICAN CHEESE CCC,Dairy
157,178315,8906,N-103,New Beginnings Ministry,480931,,ON PREMISES (OP),REHAB-Agency,GNAP,N-40-10266,5,0,0,0.0,100,FRANKLIN,0.0,4/12/2024 0:00,4/12/2024 11:01,Price Code 1,CONTACT FOR DELIVERY,False,Food Bank of Northeast Georgia,01,30557.0,Martin,GNAP SPAGHETTI,Grains
179,177931,800,R-100,Rainbow Pantry,480550,,FP/USDA,FOOD PANTRY-Agency,USDA,N-50-10065,20,0,0,97.2,540,FRANKLIN,0.18,4/4/2024 13:46,4/4/2024 9:23,Price Code 1,CONTACT FOR DELIVERY,False,Food Bank of Northeast Georgia,01,30662.0,Royston,USDA APPLESAUCE,Fruits
973,173077,8790,G-134,The Grace Foundation: Family Transformation ,476707,,ON PREMISES (OP),REHAB-Agency,BLUE RECEIPT-SHL,N-03-11758,10,0,0,0.0,130,FRANKLIN,0.0,1/19/2024 9:00,1/19/2024 9:08,Price Code 1,CUSTOMER PICKUP,False,Food Bank of Northeast Georgia,01,30557.0,Martin,PROPEL LEMON,Beverages
941,172698,3139,L-117,Lavonia Church of God,476329,,FP/USDA,MOBILE PANTRY-Agency,USDA,N-50-10290,25,0,0,0.0,625,FRANKLIN,0.0,1/11/2024 9:01,1/11/2024 8:33,Price Code 1,TRUCK 1 MOBILE PANTRY,False,Food Bank of Northeast Georgia,01,30553.0,Lavonia,USDA WHOLE ALMONDS DRY ROASTED,Proteins
157,176719,7073,N-103,New Beginnings Ministry,479342,,ON PREMISES (OP),REHAB-Agency,BLUE RECEIPT-SHL,C-28-90494,60,0,0,0.0,60,FRANKLIN,0.0,3/8/2024 13:34,3/8/2024 12:09,Price Code 1,CONTACT FOR DELIVERY,False,Food Bank of Northeast Georgia,01,30557.0,Martin,"CAULIFLOWER, SHL",Vegetables 
916,176966,5407,W-125,World Outreach Ministries (d/b/a Ignited Church),479588,,FOOD PANTRY,FOOD PANTRY-Agency,BLUE RECEIPT-SHL,F-15-10000,29,0,0,5.22,29,FRANKLIN,0.18,3/8/2024 9:35,3/8/2024 14:15,Price Code 1,CUSTOMER PICKUP,False,Sharing Floor Athens,01-SH,30553.0,Lavonia,"MEAT & SEAFOOD, FROZEN SHL",Proteins
973,173384,8858,G-134,The Grace Foundation: Family Transformation ,477013,,ON PREMISES (OP),REHAB-Agency,BLUE RECEIPT-SHL,N-03-11778,20,0,0,0.0,760,FRANKLIN,0.0,1/26/2024 8:30,1/26/2024 9:19,Price Code 1,CUSTOMER PICKUP,False,Food Bank of Northeast Georgia,01,30557.0,Martin,CRUSH PEACH SODA,Beverages
321,175002,3776,R-111,Royston Housing Authority,477632,,FP/OP/USDA,AFTER SCHOOL PROGRAM-Agency,BLUE RECEIPT-SHL,N-03-11125,1,0,0,0.0,33,FRANKLIN,0.0,2/8/2024 14:45,2/8/2024 9:38,Price Code 1,CUSTOMER PICKUP,False,Food Bank of Northeast Georgia,01,30662.0,Royston,PEPSI WILD CHERRY,Beverages
973,180613,8943,G-134,The Grace Foundation: Family Transformation ,483219,,ON PREMISES (OP),REHAB-Agency,BLUE RECEIPT-SHL,C-28-90534,2,0,0,0.0,84,FRANKLIN,0.0,5/21/2024 10:00,5/21/2024 14:51,Price Code 1,CUSTOMER PICKUP,False,Food Bank of Northeast Georgia,01,30557.0,Martin,"SWEET POTATO, SHL",Potatoes 
973,175745,875,G-134,The Grace Foundation: Family Transformation ,478373,,ON PREMISES (OP),REHAB-Agency,BLUE RECEIPT-SHL,W-04-10000,34,0,0,0.0,34,FRANKLIN,0.0,2/16/2024 10:30,2/16/2024 10:47,Price Code 1,CUSTOMER PICKUP,False,Sharing Floor Athens,01-SH,30557.0,Martin,"BREAD & BAKERY, ASSORTED SHL",Grains
157,180273,9049,N-103,New Beginnings Ministry,482879,,ON PREMISES (OP),REHAB-Agency,BLUE RECEIPT-SHL,C-07-90665,3,0,0,14.04,108,FRANKLIN,0.13,5/10/2024 10:25,5/10/2024 10:31,Price Code 1,CUSTOMER PICKUP,False,Food Bank of Northeast Georgia,01,30557.0,Martin,GREAT VALUE UNSALTED BUTTER,Dairy
157,176719,8981,N-103,New Beginnings Ministry,479342,,ON PREMISES (OP),REHAB-Agency,BLUE RECEIPT-SHL,F-15-90554,10,0,0,23.4,130,FRANKLIN,0.18,3/8/2024 13:34,3/8/2024 12:09,Price Code 1,CONTACT FOR DELIVERY,False,Food Bank of Northeast Georgia,01,30557.0,Martin,JENNIE-O TURKEY FRANKS,Proteins
321,178711,8970,R-111,Royston Housing Authority,FAIMPORT481325,,FP/OP/USDA,AFTER SCHOOL PROGRAM-Agency,BLUE RECEIPT-SHL,MCW-16-10001,11,0,0,0.0,11,FRANKLIN,0.0,4/4/2024 0:00,4/4/2024 0:00,Price Code 1,CUSTOMER PICKUP,False,Food Bank of Northeast Georgia,01,30662.0,Royston,"MISC. FOOD BOX, SHL RETAIL PICKUP",Food Misc.
179,173499,170,R-100,Rainbow Pantry,477128,,FP/USDA,FOOD PANTRY-Agency,USDA,N-50-10007,10,0,0,50.4,280,FRANKLIN,0.18,2/1/2024 10:30,2/20/2024 13:42,Price Code 1,CONTACT FOR DELIVERY,False,Food Bank of Northeast Georgia,01,30662.0,Royston,"USDA CORN, WHOLE KERNEL NO SALT",Vegetables 
157,180718,7414,N-103,New Beginnings Ministry,483324,,ON PREMISES (OP),REHAB-Agency,PURCH,C-28-90525,1,0,0,0.0,22,FRANKLIN,0.0,5/17/2024 0:00,5/17/2024 10:44,Price Code 1,CONTACT FOR DELIVERY,False,Food Bank of Northeast Georgia,01,30557.0,Martin,BROCCOLI CROWNS,Vegetables 
973,176696,690,G-134,The Grace Foundation: Family Transformation ,479319,,ON PREMISES (OP),REHAB-Agency,BLUE RECEIPT-SHL,W-03-10013,354,0,0,0.0,354,FRANKLIN,0.0,3/5/2024 11:36,3/5/2024 11:45,Price Code 1,CUSTOMER PICKUP,False,Sharing Floor Athens,01-SH,30557.0,Martin,"ASSORTED BEVERAGES, SHL",Beverages
321,177391,8976,R-111,Royston Housing Authority,FAIMPORT480011,,FP/OP/USDA,AFTER SCHOOL PROGRAM-Agency,BLUE RECEIPT-SHL,MCC-28-10001,15,0,0,0.0,15,FRANKLIN,0.0,3/12/2024 0:00,3/12/2024 0:00,Price Code 1,CUSTOMER PICKUP,False,Food Bank of Northeast Georgia,01,30662.0,Royston,"PRODUCE, SHL RETAIL PICKUPS",Mixed Produce
973,175745,5681,G-134,The Grace Foundation: Family Transformation ,478373,,ON PREMISES (OP),REHAB-Agency,LOCAL - LL,C-16-10000,52,0,0,9.36,52,FRANKLIN,0.18,2/16/2024 10:30,2/16/2024 10:47,Price Code 1,CUSTOMER PICKUP,False,Sharing Floor Athens,01-SH,30557.0,Martin,"COOLER FOOD, MISC. LL",Food Misc.
973,173383,8905,G-134,The Grace Foundation: Family Transformation ,477012,,ON PREMISES (OP),REHAB-Agency,BLUE RECEIPT-SHL,N-03-11794,25,0,0,0.0,950,FRANKLIN,0.0,1/26/2024 8:00,1/26/2024 9:10,Price Code 1,CUSTOMER PICKUP,False,Food Bank of Northeast Georgia,01,30557.0,Martin,"PEPSI, 12/1.25L",Beverages
476,180442,9053,S-129,"Step of Faith Outreach, INC",483048,,FP/OP/GNAP/USDA,FOOD PANTRY-Agency,GNAP,N-40-10284,3,0,0,0.0,60,FRANKLIN,0.0,5/13/2024 16:09,5/14/2024 9:19,Price Code 1,CUSTOMER PICKUP,False,Food Bank of Northeast Georgia,01,30553.0,Lavonia,"GNAP 100% VERY BERRY JUICE, SINGLE SERVE",Beverages
941,175109,8672,L-117,Lavonia Church of God,477739,,FP/USDA,MOBILE PANTRY-Agency,USDA,N-50-10301,25,0,0,0.0,600,FRANKLIN,0.0,2/8/2024 7:00,2/8/2024 8:39,Price Code 1,TRUCK 1 MOBILE PANTRY,False,Food Bank of Northeast Georgia,01,30553.0,Lavonia,USDA YELLOW SPLIT PEAS,Proteins
941,181780,1791,L-117,Lavonia Church of God,484384,,FP/USDA,MOBILE PANTRY-Agency,USDA,N-50-10079,13,0,0,0.0,338,FRANKLIN,0.0,6/13/2024 7:00,6/13/2024 16:49,Price Code 1,TRUCK 1 MOBILE PANTRY,False,Food Bank of Northeast Georgia,01,30553.0,Lavonia,USDA WALNUT HALVES AND PIECES,Proteins
157,179665,688,N-103,New Beginnings Ministry,482278,,ON PREMISES (OP),REHAB-Agency,BLUE RECEIPT-SHL,W-01-10000,27,0,0,4.86,27,FRANKLIN,0.18,4/26/2024 13:34,4/26/2024 10:15,Price Code 1,CONTACT FOR DELIVERY,False,Sharing Floor Athens,01-SH,30557.0,Martin,"ASSORTED NON-FOOD ITEMS, SHL",Non-Food Misc.
973,179425,5938,G-134,The Grace Foundation: Family Transformation ,482038,,ON PREMISES (OP),REHAB-Agency,BLUE RECEIPT-SHL,C-28-10001,268,0,0,8.04,268,FRANKLIN,0.03,4/23/2024 9:54,4/23/2024 9:58,Price Code 1,CUSTOMER PICKUP,False,Sharing Floor Athens,01-SH,30557.0,Martin,"PRODUCE, FRESH SHL",Mixed Produce
321,179357,8739,R-111,Royston Housing Authority,481970,,FP/OP/USDA,AFTER SCHOOL PROGRAM-Agency,BLUE RECEIPT-SHL,N-03-11739,4,0,0,1.2,40,FRANKLIN,0.03,4/25/2024 14:45,4/25/2024 12:36,Price Code 1,CUSTOMER PICKUP,False,Food Bank of Northeast Georgia,01,30662.0,Royston,MT DEW ZERO SUGAR BAJA BLAST,Beverages
179,176131,842,R-100,Rainbow Pantry,478758,,FP/USDA,FOOD PANTRY-Agency,USDA,N-50-10021,20,0,0,0.0,540,FRANKLIN,0.0,3/7/2024 10:30,3/8/2024 7:51,Price Code 1,CONTACT FOR DELIVERY,False,Food Bank of Northeast Georgia,01,30662.0,Royston,USDA DICED TOMATOES NO SALT CCC,Vegetables 
321,178712,8972,R-111,Royston Housing Authority,FAIMPORT481326,,FP/OP/USDA,AFTER SCHOOL PROGRAM-Agency,BLUE RECEIPT-SHL,MCF-15-10000,8,0,0,0.0,8,FRANKLIN,0.0,4/9/2024 0:00,4/9/2024 0:00,Price Code 1,CUSTOMER PICKUP,False,Food Bank of Northeast Georgia,01,30662.0,Royston,"FROZEN MEAT & SEAFOOD, SHL RETAIL PICKUP",Proteins
157,177453,6351,N-103,New Beginnings Ministry,480073,,ON PREMISES (OP),REHAB-Agency,BLUE RECEIPT-SHL,C-28-90163,3,0,0,0.0,150,FRANKLIN,0.0,3/22/2024 0:00,3/22/2024 11:51,Price Code 1,CUSTOMER PICKUP,False,Food Bank of Northeast Georgia,01,30557.0,Martin,YUKON GOLD POTATOES,Potatoes 
157,178018,6816,N-103,New Beginnings Ministry,480637,,ON PREMISES (OP),REHAB-Agency,BLUE RECEIPT-SHL,C-28-90345,2,0,0,0.0,100,FRANKLIN,0.0,4/5/2024 0:00,4/5/2024 10:42,Price Code 1,CUSTOMER PICKUP,False,Food Bank of Northeast Georgia,01,30557.0,Martin,CARROTS,Vegetables 
157,181795,683,N-103,New Beginnings Ministry,484399,,ON PREMISES (OP),REHAB-Agency,BLUE RECEIPT-SHL,W-16-10001,62,0,0,11.16,62,FRANKLIN,0.18,6/3/2024 13:34,6/3/2024 10:45,Price Code 1,CONTACT FOR DELIVERY,False,Sharing Floor Athens,01-SH,30557.0,Martin,MISC. FOOD BOX SHL,Food Misc.
157,180718,9053,N-103,New Beginnings Ministry,483324,,ON PREMISES (OP),REHAB-Agency,GNAP,N-40-10284,5,0,0,0.0,100,FRANKLIN,0.0,5/17/2024 0:00,5/17/2024 10:44,Price Code 1,CONTACT FOR DELIVERY,False,Food Bank of Northeast Georgia,01,30557.0,Martin,"GNAP 100% VERY BERRY JUICE, SINGLE SERVE",Beverages
157,181573,9045,N-103,New Beginnings Ministry,484177,,ON PREMISES (OP),REHAB-Agency,GNAP,N-40-10279,5,0,0,0.0,40,FRANKLIN,0.0,6/3/2024 0:00,6/3/2024 11:27,Price Code 1,CONTACT FOR DELIVERY,False,Food Bank of Northeast Georgia,01,30557.0,Martin,"GNAP PASTA SIDE, CHEDDAR BROCCOLI",Prepared Meals
476,180991,8929,S-129,"Step of Faith Outreach, INC",483596,,FP/OP/GNAP/USDA,FOOD PANTRY-Agency,BLUE RECEIPT-SHL,N-03-11804,2,0,0,0.0,36,FRANKLIN,0.0,5/22/2024 9:30,5/22/2024 12:46,Price Code 1,CUSTOMER PICKUP,False,Food Bank of Northeast Georgia,01,30553.0,Lavonia,GATORADE GRAPE LOWER SUGAR,Beverages
973,181746,9079,G-134,The Grace Foundation: Family Transformation ,484350,,ON PREMISES (OP),REHAB-Agency,BLUE RECEIPT-SHL,N-03-11841,10,0,0,0.0,170,FRANKLIN,0.0,6/7/2024 9:30,6/7/2024 9:23,Price Code 1,CUSTOMER PICKUP,False,Food Bank of Northeast Georgia,01,30557.0,Martin,MTN DEW ZERO 24 X 12 FL OZ,Beverages
973,172865,8625,G-134,The Grace Foundation: Family Transformation ,476496,,ON PREMISES (OP),REHAB-Agency,BLUE RECEIPT-SHL,N-03-11261,5,0,0,0.0,165,FRANKLIN,0.0,1/19/2024 8:00,1/19/2024 8:18,Price Code 1,CUSTOMER PICKUP,False,Food Bank of Northeast Georgia,01,30557.0,Martin,STARRY ZERO SUGAR 24 X 20 FL OZ,Beverages
941,178531,7083,L-117,Lavonia Church of God,481147,,FP/USDA,MOBILE PANTRY-Agency,USDA,C-50-10029,64,0,0,0.0,768,FRANKLIN,0.0,4/11/2024 7:00,4/11/2024 6:46,Price Code 1,TRUCK 1 MOBILE PANTRY,False,Food Bank of Northeast Georgia,01,30553.0,Lavonia,"USDA MILD CHEDDAR CHEESE, BLOCK CCC",Dairy
179,176131,7284,R-100,Rainbow Pantry,478758,,FP/USDA,FOOD PANTRY-Agency,USDA,C-50-10043,15,0,0,39.0,390,FRANKLIN,0.1,3/7/2024 10:30,3/8/2024 7:51,Price Code 1,CONTACT FOR DELIVERY,False,Food Bank of Northeast Georgia,01,30662.0,Royston,USDA RED FAT AMERICAN CHEESE CCC,Dairy
321,182563,8975,R-111,Royston Housing Authority,FAIMPORT485166,,FP/OP/USDA,AFTER SCHOOL PROGRAM-Agency,BLUE RECEIPT-SHL,MCC-07-10001,63,0,0,0.0,63,FRANKLIN,0.0,6/24/2024 0:00,6/24/2024 0:00,Price Code 1,CUSTOMER PICKUP,False,Food Bank of Northeast Georgia,01,30662.0,Royston,"DAIRY PRODUCTS, SHL RETAIL PICKUPS",Dairy
973,179425,683,G-134,The Grace Foundation: Family Transformation ,482038,,ON PREMISES (OP),REHAB-Agency,BLUE RECEIPT-SHL,W-16-10001,227,0,0,0.0,227,FRANKLIN,0.0,4/23/2024 9:54,4/23/2024 9:58,Price Code 1,CUSTOMER PICKUP,False,Sharing Floor Athens,01-SH,30557.0,Martin,MISC. FOOD BOX SHL,Food Misc.
179,181476,9085,R-100,Rainbow Pantry,484080,,FP/USDA,FOOD PANTRY-Agency,USDA,F-50-90476,10,0,0,72.0,400,FRANKLIN,0.18,6/6/2024 10:00,6/6/2024 13:08,Price Code 1,TRUCK 1,False,Food Bank of Northeast Georgia,01,30662.0,Royston,USDA PORK LOIN BONELESS CHOPS CCC,Proteins
916,173132,5477,W-125,World Outreach Ministries (d/b/a Ignited Church),476762,,FOOD PANTRY,FOOD PANTRY-Agency,LOCAL - LL,F-15-10001,43,0,0,7.74,43,FRANKLIN,0.18,1/16/2024 9:35,1/16/2024 14:12,Price Code 1,CUSTOMER PICKUP,False,Sharing Floor Athens,01-SH,30553.0,Lavonia,"MEAT & SEAFOOD, FROZEN LOCAL",Proteins
321,178199,8970,R-111,Royston Housing Authority,FAIMPORT480817,,FP/OP/USDA,AFTER SCHOOL PROGRAM-Agency,BLUE RECEIPT-SHL,MCW-16-10001,39,0,0,0.0,39,FRANKLIN,0.0,3/26/2024 0:00,3/26/2024 0:00,Price Code 1,CUSTOMER PICKUP,False,Food Bank of Northeast Georgia,01,30662.0,Royston,"MISC. FOOD BOX, SHL RETAIL PICKUP",Food Misc.
973,178534,8587,G-134,The Grace Foundation: Family Transformation ,481150,,ON PREMISES (OP),REHAB-Agency,BLUE RECEIPT-SHL,N-03-10269,40,0,0,0.0,1120,FRANKLIN,0.0,4/12/2024 11:10,4/25/2024 7:41,Price Code 1,CUSTOMER PICKUP,False,Food Bank of Northeast Georgia,01,30557.0,Martin,PEPSI ZERO SUGAR,Beverages
179,177165,8869,R-100,Rainbow Pantry,479786,,FP/USDA,FOOD PANTRY-Agency,YELLOW RECEIPT - SHN,N-20-10004,25,0,0,13.5,75,FRANKLIN,0.18,3/21/2024 10:30,3/27/2024 10:09,Price Code 1,CONTACT FOR DELIVERY,False,Food Bank of Northeast Georgia,01,30662.0,Royston,PAMPERS PREEMIE SWADDLERS,Non-Food Misc.
321,173207,8683,R-111,Royston Housing Authority,476837,,FP/OP/USDA,AFTER SCHOOL PROGRAM-Agency,BLUE RECEIPT-SHL,N-03-11728,3,0,0,2.7,54,FRANKLIN,0.05,1/25/2024 14:45,1/25/2024 12:46,Price Code 1,CUSTOMER PICKUP,False,Food Bank of Northeast Georgia,01,30662.0,Royston,CRUSH ORANGE SODA,Beverages
179,183113,8975,R-100,Rainbow Pantry,FAIMPORT485714,,FP/USDA,FOOD PANTRY-Agency,BLUE RECEIPT-SHL,MCC-07-10001,8,0,0,0.0,8,FRANKLIN,0.0,6/26/2024 0:00,6/26/2024 0:00,Price Code 1,CONTACT FOR DELIVERY,False,Food Bank of Northeast Georgia,01,30662.0,Royston,"DAIRY PRODUCTS, SHL RETAIL PICKUPS",Dairy
916,177548,5407,W-125,World Outreach Ministries (d/b/a Ignited Church),480168,,FOOD PANTRY,FOOD PANTRY-Agency,BLUE RECEIPT-SHL,F-15-10000,66,0,0,11.88,66,FRANKLIN,0.18,3/19/2024 9:35,3/19/2024 11:23,Price Code 1,CUSTOMER PICKUP,False,Sharing Floor Athens,01-SH,30553.0,Lavonia,"MEAT & SEAFOOD, FROZEN SHL",Proteins
321,180447,3203,R-111,Royston Housing Authority,483053,,FP/OP/USDA,AFTER SCHOOL PROGRAM-Agency,USDA,N-50-10289,1,0,0,4.5,25,FRANKLIN,0.18,5/15/2024 8:45,5/15/2024 10:03,Price Code 1,CUSTOMER PICKUP,False,Food Bank of Northeast Georgia,01,30662.0,Royston,USDA PECAN PIECES,Proteins
157,181573,9034,N-103,New Beginnings Ministry,484177,,ON PREMISES (OP),REHAB-Agency,GNAP,N-40-10271,10,0,0,0.0,120,FRANKLIN,0.0,6/3/2024 0:00,6/3/2024 11:27,Price Code 1,CONTACT FOR DELIVERY,False,Food Bank of Northeast Georgia,01,30557.0,Martin,"GNAP MIX BERRY YOGURT, SHELF STABLE BACKPACK",Dairy
157,181016,235,N-103,New Beginnings Ministry,483621,,ON PREMISES (OP),REHAB-Agency,LOCAL - LL,W-03-10012,220,0,0,0.0,220,FRANKLIN,0.0,5/17/2024 13:34,5/17/2024 11:23,Price Code 1,CONTACT FOR DELIVERY,False,Sharing Floor Athens,01-SH,30557.0,Martin,"ASSORTED BEVERAGES, LL",Beverages
157,181795,5938,N-103,New Beginnings Ministry,484399,,ON PREMISES (OP),REHAB-Agency,BLUE RECEIPT-SHL,C-28-10001,15,0,0,0.45,15,FRANKLIN,0.03,6/3/2024 13:34,6/3/2024 10:45,Price Code 1,CONTACT FOR DELIVERY,False,Sharing Floor Athens,01-SH,30557.0,Martin,"PRODUCE, FRESH SHL",Mixed Produce
916,181639,5407,W-125,World Outreach Ministries (d/b/a Ignited Church),484243,,FOOD PANTRY,FOOD PANTRY-Agency,BLUE RECEIPT-SHL,F-15-10000,75,0,0,13.5,75,FRANKLIN,0.18,5/30/2024 9:35,5/30/2024 14:00,Price Code 1,CUSTOMER PICKUP,False,Sharing Floor Athens,01-SH,30553.0,Lavonia,"MEAT & SEAFOOD, FROZEN SHL",Proteins
157,181016,875,N-103,New Beginnings Ministry,483621,,ON PREMISES (OP),REHAB-Agency,BLUE RECEIPT-SHL,W-04-10000,20,0,0,0.0,20,FRANKLIN,0.0,5/17/2024 13:34,5/17/2024 11:23,Price Code 1,CONTACT FOR DELIVERY,False,Sharing Floor Athens,01-SH,30557.0,Martin,"BREAD & BAKERY, ASSORTED SHL",Grains
179,182301,3203,R-100,Rainbow Pantry,484905,,FP/USDA,FOOD PANTRY-Agency,USDA,N-50-10289,12,0,0,54.0,300,FRANKLIN,0.18,6/26/2024 11:30,6/27/2024 13:17,Price Code 1,CONTACT FOR DELIVERY,False,Food Bank of Northeast Georgia,01,30662.0,Royston,USDA PECAN PIECES,Proteins
321,177855,8975,R-111,Royston Housing Authority,FAIMPORT480474,,FP/OP/USDA,AFTER SCHOOL PROGRAM-Agency,BLUE RECEIPT-SHL,MCC-07-10001,30,0,0,0.0,30,FRANKLIN,0.0,3/25/2024 0:00,3/25/2024 0:00,Price Code 1,CUSTOMER PICKUP,False,Food Bank of Northeast Georgia,01,30662.0,Royston,"DAIRY PRODUCTS, SHL RETAIL PICKUPS",Dairy
179,173499,8766,R-100,Rainbow Pantry,477128,,FP/USDA,FOOD PANTRY-Agency,LOCAL - LL,N-25-11919,20,0,0,7.2,40,FRANKLIN,0.18,2/1/2024 10:30,2/20/2024 13:42,Price Code 1,CONTACT FOR DELIVERY,False,Food Bank of Northeast Georgia,01,30662.0,Royston,GHIRARDELLI SEA SALT CARAMEL CHOCOLATE,Food Misc.
157,180172,5938,N-103,New Beginnings Ministry,482778,,ON PREMISES (OP),REHAB-Agency,BLUE RECEIPT-SHL,C-28-10001,32,0,0,0.96,32,FRANKLIN,0.03,5/3/2024 13:34,5/3/2024 11:23,Price Code 1,CONTACT FOR DELIVERY,False,Sharing Floor Athens,01-SH,30557.0,Martin,"PRODUCE, FRESH SHL",Mixed Produce
916,172669,8911,W-125,World Outreach Ministries (d/b/a Ignited Church),476300,,FOOD PANTRY,FOOD PANTRY-Agency,BLUE RECEIPT-SHL,N-03-11797,10,0,0,0.0,180,FRANKLIN,0.0,1/10/2024 9:35,1/11/2024 14:22,Price Code 1,CUSTOMER PICKUP,False,Food Bank of Northeast Georgia,01,30553.0,Lavonia,GATORADE ZERO COOL BLUE,Beverages
973,177949,8943,G-134,The Grace Foundation: Family Transformation ,480568,,ON PREMISES (OP),REHAB-Agency,BLUE RECEIPT-SHL,C-28-90534,2,0,0,0.0,84,FRANKLIN,0.0,4/3/2024 11:33,4/3/2024 12:08,Price Code 1,CUSTOMER PICKUP,False,Food Bank of Northeast Georgia,01,30557.0,Martin,"SWEET POTATO, SHL",Potatoes 
157,176514,683,N-103,New Beginnings Ministry,479138,,ON PREMISES (OP),REHAB-Agency,BLUE RECEIPT-SHL,W-16-10001,30,0,0,0.0,30,FRANKLIN,0.0,3/1/2024 13:34,3/1/2024 11:17,Price Code 1,CONTACT FOR DELIVERY,False,Sharing Floor Athens,01-SH,30557.0,Martin,MISC. FOOD BOX SHL,Food Misc.
973,173864,8916,G-134,The Grace Foundation: Family Transformation ,477493,,ON PREMISES (OP),REHAB-Agency,BLUE RECEIPT-SHL,N-03-11799,20,0,0,0.0,240,FRANKLIN,0.0,2/2/2024 17:49,2/7/2024 8:03,Price Code 1,CUSTOMER PICKUP,False,Food Bank of Northeast Georgia,01,30557.0,Martin,MONSTER COLD BREW LATTE,Beverages
973,172865,3408,G-134,The Grace Foundation: Family Transformation ,476496,,ON PREMISES (OP),REHAB-Agency,YELLOW RECEIPT - SHN,N-03-10851,5,0,0,0.0,100,FRANKLIN,0.0,1/19/2024 8:00,1/19/2024 8:18,Price Code 1,CUSTOMER PICKUP,False,Food Bank of Northeast Georgia,01,30557.0,Martin,"PROPEL WATER, GRAPE",Beverages
973,178534,8624,G-134,The Grace Foundation: Family Transformation ,481150,,ON PREMISES (OP),REHAB-Agency,BLUE RECEIPT-SHL,N-03-11260,20,0,0,0.0,240,FRANKLIN,0.0,4/12/2024 11:10,4/25/2024 7:41,Price Code 1,CUSTOMER PICKUP,False,Food Bank of Northeast Georgia,01,30557.0,Martin,STARRY ZERO SUGAR 12 X 12 FL OZ,Beverages
916,177148,5407,W-125,World Outreach Ministries (d/b/a Ignited Church),479769,,FOOD PANTRY,FOOD PANTRY-Agency,BLUE RECEIPT-SHL,F-15-10000,120,0,0,21.6,120,FRANKLIN,0.18,3/12/2024 9:35,3/12/2024 13:58,Price Code 1,CUSTOMER PICKUP,False,Sharing Floor Athens,01-SH,30553.0,Lavonia,"MEAT & SEAFOOD, FROZEN SHL",Proteins
321,177584,8976,R-111,Royston Housing Authority,FAIMPORT480204,,FP/OP/USDA,AFTER SCHOOL PROGRAM-Agency,BLUE RECEIPT-SHL,MCC-28-10001,7,0,0,0.0,7,FRANKLIN,0.0,3/15/2024 0:00,3/15/2024 0:00,Price Code 1,CUSTOMER PICKUP,False,Food Bank of Northeast Georgia,01,30662.0,Royston,"PRODUCE, SHL RETAIL PICKUPS",Mixed Produce
321,181267,8976,R-111,Royston Housing Authority,FAIMPORT483872,,FP/OP/USDA,AFTER SCHOOL PROGRAM-Agency,BLUE RECEIPT-SHL,MCC-28-10001,73,0,0,0.0,73,FRANKLIN,0.0,5/10/2024 0:00,5/10/2024 0:00,Price Code 1,CUSTOMER PICKUP,False,Food Bank of Northeast Georgia,01,30662.0,Royston,"PRODUCE, SHL RETAIL PICKUPS",Mixed Produce
157,181573,9062,N-103,New Beginnings Ministry,484177,,ON PREMISES (OP),REHAB-Agency,LOCAL - LL,N-25-11975,5,0,0,2.7,15,FRANKLIN,0.18,6/3/2024 0:00,6/3/2024 11:27,Price Code 1,CONTACT FOR DELIVERY,False,Food Bank of Northeast Georgia,01,30557.0,Martin,DOVE DARK CHOCOLATE & PEANUT BUTTER,Food Misc.
321,182561,8973,R-111,Royston Housing Authority,FAIMPORT485164,,FP/OP/USDA,AFTER SCHOOL PROGRAM-Agency,BLUE RECEIPT-SHL,MCC-16-10001,18,0,0,0.0,18,FRANKLIN,0.0,6/24/2024 0:00,6/24/2024 0:00,Price Code 1,CUSTOMER PICKUP,False,Food Bank of Northeast Georgia,01,30662.0,Royston,"COOLER FOOD MISC., SHL RETAIL PICKUP",Food Misc.
321,173207,8834,R-111,Royston Housing Authority,476837,,FP/OP/USDA,AFTER SCHOOL PROGRAM-Agency,BLUE RECEIPT-SHL,N-03-11770,2,0,0,0.6,20,FRANKLIN,0.03,1/25/2024 14:45,1/25/2024 12:46,Price Code 1,CUSTOMER PICKUP,False,Food Bank of Northeast Georgia,01,30662.0,Royston,MT DEW ZERO SUGAR,Beverages
179,177165,3943,R-100,Rainbow Pantry,479786,,FP/USDA,FOOD PANTRY-Agency,USDA,N-50-10268,20,0,0,22.8,760,FRANKLIN,0.03,3/21/2024 10:30,3/27/2024 10:09,Price Code 1,CONTACT FOR DELIVERY,False,Food Bank of Northeast Georgia,01,30662.0,Royston,USDA APPLE JUICE,Beverages
321,180468,8973,R-111,Royston Housing Authority,FAIMPORT483074,,FP/OP/USDA,AFTER SCHOOL PROGRAM-Agency,BLUE RECEIPT-SHL,MCC-16-10001,14,0,0,0.0,14,FRANKLIN,0.0,5/6/2024 0:00,5/6/2024 0:00,Price Code 1,CUSTOMER PICKUP,False,Food Bank of Northeast Georgia,01,30662.0,Royston,"COOLER FOOD MISC., SHL RETAIL PICKUP",Food Misc.
916,178136,5938,W-125,World Outreach Ministries (d/b/a Ignited Church),480755,,FOOD PANTRY,FOOD PANTRY-Agency,BLUE RECEIPT-SHL,C-28-10001,7,0,0,0.21,7,FRANKLIN,0.03,4/2/2024 9:35,4/2/2024 15:00,Price Code 1,CUSTOMER PICKUP,False,Sharing Floor Athens,01-SH,30553.0,Lavonia,"PRODUCE, FRESH SHL",Mixed Produce
179,178817,4737,R-100,Rainbow Pantry,481431,,FP/USDA,FOOD PANTRY-Agency,USDA,F-50-90456,12,0,0,86.4,480,FRANKLIN,0.18,4/18/2024 10:30,4/18/2024 8:36,Price Code 1,TRUCK 1,False,Food Bank of Northeast Georgia,01,30662.0,Royston,USDA PORK PATTY,Proteins
321,177857,8973,R-111,Royston Housing Authority,FAIMPORT480476,,FP/OP/USDA,AFTER SCHOOL PROGRAM-Agency,BLUE RECEIPT-SHL,MCC-16-10001,28,0,0,0.0,28,FRANKLIN,0.0,3/25/2024 0:00,3/25/2024 0:00,Price Code 1,CUSTOMER PICKUP,False,Food Bank of Northeast Georgia,01,30662.0,Royston,"COOLER FOOD MISC., SHL RETAIL PICKUP",Food Misc.
157,177453,8963,N-103,New Beginnings Ministry,480073,,ON PREMISES (OP),REHAB-Agency,YELLOW RECEIPT - SHN,N-25-11960,4,0,0,7.92,44,FRANKLIN,0.18,3/22/2024 0:00,3/22/2024 11:51,Price Code 1,CUSTOMER PICKUP,False,Food Bank of Northeast Georgia,01,30557.0,Martin,"TAPIOCA PUDDING, BEST CHOICE",Food Misc.
157,180172,5407,N-103,New Beginnings Ministry,482778,,ON PREMISES (OP),REHAB-Agency,BLUE RECEIPT-SHL,F-15-10000,84,0,0,15.12,84,FRANKLIN,0.18,5/3/2024 13:34,5/3/2024 11:23,Price Code 1,CONTACT FOR DELIVERY,False,Sharing Floor Athens,01-SH,30557.0,Martin,"MEAT & SEAFOOD, FROZEN SHL",Proteins
916,172949,5407,W-125,World Outreach Ministries (d/b/a Ignited Church),476580,,FOOD PANTRY,FOOD PANTRY-Agency,BLUE RECEIPT-SHL,F-15-10000,13,0,0,2.34,13,FRANKLIN,0.18,1/11/2024 9:35,1/11/2024 14:26,Price Code 1,CUSTOMER PICKUP,False,Sharing Floor Athens,01-SH,30553.0,Lavonia,"MEAT & SEAFOOD, FROZEN SHL",Proteins
916,177148,688,W-125,World Outreach Ministries (d/b/a Ignited Church),479769,,FOOD PANTRY,FOOD PANTRY-Agency,BLUE RECEIPT-SHL,W-01-10000,5,0,0,0.9,5,FRANKLIN,0.18,3/12/2024 9:35,3/12/2024 13:58,Price Code 1,CUSTOMER PICKUP,False,Sharing Floor Athens,01-SH,30553.0,Lavonia,"ASSORTED NON-FOOD ITEMS, SHL",Non-Food Misc.
321,181269,8976,R-111,Royston Housing Authority,FAIMPORT483874,,FP/OP/USDA,AFTER SCHOOL PROGRAM-Agency,BLUE RECEIPT-SHL,MCC-28-10001,42,0,0,0.0,42,FRANKLIN,0.0,5/16/2024 0:00,5/16/2024 0:00,Price Code 1,CUSTOMER PICKUP,False,Food Bank of Northeast Georgia,01,30662.0,Royston,"PRODUCE, SHL RETAIL PICKUPS",Mixed Produce
973,173864,8625,G-134,The Grace Foundation: Family Transformation ,477493,,ON PREMISES (OP),REHAB-Agency,BLUE RECEIPT-SHL,N-03-11261,5,0,0,0.0,165,FRANKLIN,0.0,2/2/2024 17:49,2/7/2024 8:03,Price Code 1,CUSTOMER PICKUP,False,Food Bank of Northeast Georgia,01,30557.0,Martin,STARRY ZERO SUGAR 24 X 20 FL OZ,Beverages
941,180242,7414,L-117,Lavonia Church of God,482848,,FP/USDA,MOBILE PANTRY-Agency,PURCH,C-28-90525,56,0,0,0.0,1232,FRANKLIN,0.0,5/9/2024 7:00,5/9/2024 8:53,Price Code 1,TRUCK 1 MOBILE PANTRY,False,Food Bank of Northeast Georgia,01,30553.0,Lavonia,BROCCOLI CROWNS,Vegetables 
179,177931,4715,R-100,Rainbow Pantry,480550,,FP/USDA,FOOD PANTRY-Agency,USDA,F-50-90461,20,0,0,80.0,800,FRANKLIN,0.1,4/4/2024 13:46,4/4/2024 9:23,Price Code 1,CONTACT FOR DELIVERY,False,Food Bank of Northeast Georgia,01,30662.0,Royston,USDA ALASKAN POLLACK FISH FILLETS,Proteins
321,177584,8975,R-111,Royston Housing Authority,FAIMPORT480204,,FP/OP/USDA,AFTER SCHOOL PROGRAM-Agency,BLUE RECEIPT-SHL,MCC-07-10001,71,0,0,0.0,71,FRANKLIN,0.0,3/15/2024 0:00,3/15/2024 0:00,Price Code 1,CUSTOMER PICKUP,False,Food Bank of Northeast Georgia,01,30662.0,Royston,"DAIRY PRODUCTS, SHL RETAIL PICKUPS",Dairy
476,172565,4555,S-129,"Step of Faith Outreach, INC",476196,,FP/OP/GNAP/USDA,FOOD PANTRY-Agency,USDA,F-50-90042,3,0,0,21.6,120,FRANKLIN,0.18,1/8/2024 16:09,1/8/2024 11:33,Price Code 1,CUSTOMER PICKUP,False,Food Bank of Northeast Georgia,01,30553.0,Lavonia,USDA CHICKEN DRUMSTICKS CCC,Proteins
179,181565,8970,R-100,Rainbow Pantry,FAIMPORT484169,,FP/USDA,FOOD PANTRY-Agency,BLUE RECEIPT-SHL,MCW-16-10001,113,0,0,0.0,113,FRANKLIN,0.0,5/23/2024 0:00,5/23/2024 0:00,Price Code 1,CUSTOMER PICKUP,False,Food Bank of Northeast Georgia,01,30662.0,Royston,"MISC. FOOD BOX, SHL RETAIL PICKUP",Food Misc.
973,173864,8937,G-134,The Grace Foundation: Family Transformation ,477493,,ON PREMISES (OP),REHAB-Agency,BLUE RECEIPT-SHL,N-03-11807,30,0,0,0.0,540,FRANKLIN,0.0,2/2/2024 17:49,2/7/2024 8:03,Price Code 1,CUSTOMER PICKUP,False,Food Bank of Northeast Georgia,01,30557.0,Martin,GATORADE LEMON LIME ZERO SUGAR,Beverages
941,178531,2202,L-117,Lavonia Church of God,481147,,FP/USDA,MOBILE PANTRY-Agency,USDA,N-50-10240,15,0,0,0.0,330,FRANKLIN,0.0,4/11/2024 7:00,4/11/2024 6:46,Price Code 1,TRUCK 1 MOBILE PANTRY,False,Food Bank of Northeast Georgia,01,30553.0,Lavonia,USDA SPAGHETTI,Grains
321,178196,8976,R-111,Royston Housing Authority,FAIMPORT480814,,FP/OP/USDA,AFTER SCHOOL PROGRAM-Agency,BLUE RECEIPT-SHL,MCC-28-10001,4,0,0,0.0,4,FRANKLIN,0.0,3/28/2024 0:00,3/28/2024 0:00,Price Code 1,CUSTOMER PICKUP,False,Food Bank of Northeast Georgia,01,30662.0,Royston,"PRODUCE, SHL RETAIL PICKUPS",Mixed Produce
973,177880,875,G-134,The Grace Foundation: Family Transformation ,480499,,ON PREMISES (OP),REHAB-Agency,BLUE RECEIPT-SHL,W-04-10000,44,0,0,0.0,44,FRANKLIN,0.0,3/26/2024 10:51,3/26/2024 10:54,Price Code 1,CUSTOMER PICKUP,False,Sharing Floor Athens,01-SH,30557.0,Martin,"BREAD & BAKERY, ASSORTED SHL",Grains
179,176131,8914,R-100,Rainbow Pantry,478758,,FP/USDA,FOOD PANTRY-Agency,USDA,N-50-10310,20,0,0,97.2,540,FRANKLIN,0.18,3/7/2024 10:30,3/8/2024 7:51,Price Code 1,CONTACT FOR DELIVERY,False,Food Bank of Northeast Georgia,01,30662.0,Royston,USDA DICED POTATOES,Potatoes 
321,180447,9034,R-111,Royston Housing Authority,483053,,FP/OP/USDA,AFTER SCHOOL PROGRAM-Agency,GNAP,N-40-10271,1,0,0,0.0,12,FRANKLIN,0.0,5/15/2024 8:45,5/15/2024 10:03,Price Code 1,CUSTOMER PICKUP,False,Food Bank of Northeast Georgia,01,30662.0,Royston,"GNAP MIX BERRY YOGURT, SHELF STABLE BACKPACK",Dairy
321,176218,8965,R-111,Royston Housing Authority,478844,,FP/OP/USDA,AFTER SCHOOL PROGRAM-Agency,YELLOW RECEIPT - SHN,N-25-11962,4,0,0,7.92,44,FRANKLIN,0.18,2/29/2024 14:45,3/4/2024 10:11,Price Code 1,CUSTOMER PICKUP,False,Food Bank of Northeast Georgia,01,30662.0,Royston,SNACK PACK FRUITY PEBBLES PUDDING,Food Misc.
916,181639,1045,W-125,World Outreach Ministries (d/b/a Ignited Church),484243,,FOOD PANTRY,FOOD PANTRY-Agency,BLUE RECEIPT-SHL,W-25-10009,22,0,0,3.96,22,FRANKLIN,0.18,5/30/2024 9:35,5/30/2024 14:00,Price Code 1,CUSTOMER PICKUP,False,Sharing Floor Athens,01-SH,30553.0,Lavonia,"ASSORTED SNACK ITEMS, SHL",Food Misc.
179,179533,9027,R-100,Rainbow Pantry,482146,,FP/USDA,FOOD PANTRY-Agency,YELLOW RECEIPT - SHN,N-25-11970,2,0,0,3.6,20,FRANKLIN,0.18,5/9/2024 10:30,5/9/2024 9:48,Price Code 1,TRUCK 1,False,Food Bank of Northeast Georgia,01,30662.0,Royston,"SNACK PACK BLUE RASP, SOUR PATCH KIDS",Food Misc.
179,182301,84,R-100,Rainbow Pantry,484905,,FP/USDA,FOOD PANTRY-Agency,USDA,N-50-10006,20,0,0,97.2,540,FRANKLIN,0.18,6/26/2024 11:30,6/27/2024 13:17,Price Code 1,CONTACT FOR DELIVERY,False,Food Bank of Northeast Georgia,01,30662.0,Royston,USDA GREEN BEANS,Vegetables 
476,178564,7167,S-129,"Step of Faith Outreach, INC",481180,,FP/OP/GNAP/USDA,FOOD PANTRY-Agency,BLUE RECEIPT-SHL,N-03-11200,5,0,0,0.0,50,FRANKLIN,0.0,4/12/2024 16:09,4/12/2024 14:34,Price Code 1,CUSTOMER PICKUP,False,Food Bank of Northeast Georgia,01,30553.0,Lavonia,DR PEPPER ZERO SUGAR,Beverages
916,181639,875,W-125,World Outreach Ministries (d/b/a Ignited Church),484243,,FOOD PANTRY,FOOD PANTRY-Agency,BLUE RECEIPT-SHL,W-04-10000,20,0,0,0.0,20,FRANKLIN,0.0,5/30/2024 9:35,5/30/2024 14:00,Price Code 1,CUSTOMER PICKUP,False,Sharing Floor Athens,01-SH,30553.0,Lavonia,"BREAD & BAKERY, ASSORTED SHL",Grains
941,180242,84,L-117,Lavonia Church of God,482848,,FP/USDA,MOBILE PANTRY-Agency,USDA,N-50-10006,13,0,0,0.0,351,FRANKLIN,0.0,5/9/2024 7:00,5/9/2024 8:53,Price Code 1,TRUCK 1 MOBILE PANTRY,False,Food Bank of Northeast Georgia,01,30553.0,Lavonia,USDA GREEN BEANS,Vegetables 
179,173499,2098,R-100,Rainbow Pantry,477128,,FP/USDA,FOOD PANTRY-Agency,BLUE RECEIPT-SHL,N-03-10677,15,0,0,0.0,330,FRANKLIN,0.0,2/1/2024 10:30,2/20/2024 13:42,Price Code 1,CONTACT FOR DELIVERY,False,Food Bank of Northeast Georgia,01,30662.0,Royston,GATORADE ORANGE,Beverages
321,179489,8970,R-111,Royston Housing Authority,FAIMPORT482102,,FP/OP/USDA,AFTER SCHOOL PROGRAM-Agency,BLUE RECEIPT-SHL,MCW-16-10001,14,0,0,0.0,14,FRANKLIN,0.0,4/22/2024 0:00,4/22/2024 0:00,Price Code 1,CUSTOMER PICKUP,False,Food Bank of Northeast Georgia,01,30662.0,Royston,"MISC. FOOD BOX, SHL RETAIL PICKUP",Food Misc.
321,177582,8973,R-111,Royston Housing Authority,FAIMPORT480202,,FP/OP/USDA,AFTER SCHOOL PROGRAM-Agency,BLUE RECEIPT-SHL,MCC-16-10001,9,0,0,0.0,9,FRANKLIN,0.0,3/18/2024 0:00,3/18/2024 0:00,Price Code 1,CUSTOMER PICKUP,False,Food Bank of Northeast Georgia,01,30662.0,Royston,"COOLER FOOD MISC., SHL RETAIL PICKUP",Food Misc.
941,178531,1521,L-117,Lavonia Church of God,481147,,FP/USDA,MOBILE PANTRY-Agency,USDA,N-50-10104,25,0,0,0.0,625,FRANKLIN,0.0,4/11/2024 7:00,4/11/2024 6:46,Price Code 1,TRUCK 1 MOBILE PANTRY,False,Food Bank of Northeast Georgia,01,30553.0,Lavonia,USDA LENTIL BEANS,Proteins
916,177548,50,W-125,World Outreach Ministries (d/b/a Ignited Church),480168,,FOOD PANTRY,FOOD PANTRY-Agency,LOCAL - LL,W-16-10002,14,0,0,2.52,14,FRANKLIN,0.18,3/19/2024 9:35,3/19/2024 11:23,Price Code 1,CUSTOMER PICKUP,False,Sharing Floor Athens,01-SH,30553.0,Lavonia,MISC. FOOD BOX LL,Food Misc.
973,178534,9007,G-134,The Grace Foundation: Family Transformation ,481150,,ON PREMISES (OP),REHAB-Agency,BLUE RECEIPT-SHL,N-03-11826,20,0,0,0.0,220,FRANKLIN,0.0,4/12/2024 11:10,4/25/2024 7:41,Price Code 1,CUSTOMER PICKUP,False,Food Bank of Northeast Georgia,01,30557.0,Martin,PEPSI NITRO DRAFT COLA 12PK,Beverages
973,173384,690,G-134,The Grace Foundation: Family Transformation ,477013,,ON PREMISES (OP),REHAB-Agency,BLUE RECEIPT-SHL,W-03-10013,873,0,0,0.0,873,FRANKLIN,0.0,1/26/2024 8:30,1/26/2024 9:19,Price Code 1,CUSTOMER PICKUP,False,Food Bank of Northeast Georgia,01,30557.0,Martin,"ASSORTED BEVERAGES, SHL",Beverages
321,176812,8975,R-111,Royston Housing Authority,FAIMPORT479435,,FP/OP/USDA,AFTER SCHOOL PROGRAM-Agency,BLUE RECEIPT-SHL,MCC-07-10001,14,0,0,0.0,14,FRANKLIN,0.0,3/5/2024 0:00,3/5/2024 0:00,Price Code 1,CUSTOMER PICKUP,False,Food Bank of Northeast Georgia,01,30662.0,Royston,"DAIRY PRODUCTS, SHL RETAIL PICKUPS",Dairy
321,177079,8600,R-111,Royston Housing Authority,479701,,FP/OP/USDA,AFTER SCHOOL PROGRAM-Agency,BLUE RECEIPT-SHL,N-03-11249,2,0,0,0.0,60,FRANKLIN,0.0,3/14/2024 14:45,3/14/2024 10:13,Price Code 1,CUSTOMER PICKUP,False,Food Bank of Northeast Georgia,01,30662.0,Royston,DIET PEPSI,Beverages
916,180237,9049,W-125,World Outreach Ministries (d/b/a Ignited Church),482843,,FOOD PANTRY,FOOD PANTRY-Agency,BLUE RECEIPT-SHL,C-07-90665,1,0,0,4.68,36,FRANKLIN,0.13,5/8/2024 11:30,5/8/2024 11:20,Price Code 1,CUSTOMER PICKUP,False,Food Bank of Northeast Georgia,01,30553.0,Lavonia,GREAT VALUE UNSALTED BUTTER,Dairy
157,181573,8600,N-103,New Beginnings Ministry,484177,,ON PREMISES (OP),REHAB-Agency,BLUE RECEIPT-SHL,N-03-11249,10,0,0,0.0,300,FRANKLIN,0.0,6/3/2024 0:00,6/3/2024 11:27,Price Code 1,CONTACT FOR DELIVERY,False,Food Bank of Northeast Georgia,01,30557.0,Martin,DIET PEPSI,Beverages
179,179533,1791,R-100,Rainbow Pantry,482146,,FP/USDA,FOOD PANTRY-Agency,USDA,N-50-10079,15,0,0,70.2,390,FRANKLIN,0.18,5/9/2024 10:30,5/9/2024 9:48,Price Code 1,TRUCK 1,False,Food Bank of Northeast Georgia,01,30662.0,Royston,USDA WALNUT HALVES AND PIECES,Proteins
973,177880,5407,G-134,The Grace Foundation: Family Transformation ,480499,,ON PREMISES (OP),REHAB-Agency,BLUE RECEIPT-SHL,F-15-10000,80,0,0,14.4,80,FRANKLIN,0.18,3/26/2024 10:51,3/26/2024 10:54,Price Code 1,CUSTOMER PICKUP,False,Sharing Floor Athens,01-SH,30557.0,Martin,"MEAT & SEAFOOD, FROZEN SHL",Proteins
476,177247,8981,S-129,"Step of Faith Outreach, INC",479867,,FP/OP/GNAP/USDA,FOOD PANTRY-Agency,BLUE RECEIPT-SHL,F-15-90554,3,0,0,7.02,39,FRANKLIN,0.18,3/20/2024 16:09,3/20/2024 11:34,Price Code 1,CUSTOMER PICKUP,False,Food Bank of Northeast Georgia,01,30553.0,Lavonia,JENNIE-O TURKEY FRANKS,Proteins
157,179735,9014,N-103,New Beginnings Ministry,482348,,ON PREMISES (OP),REHAB-Agency,PURCH,N-27-10136,10,0,521,48.6,270,FRANKLIN,0.18,5/3/2024 0:00,5/3/2024 12:29,Price Code 1,CUSTOMER PICKUP,False,Food Bank of Northeast Georgia,01,30557.0,Martin,"GREEN BEANS, HARVEST VALLEY",Vegetables 
916,179213,683,W-125,World Outreach Ministries (d/b/a Ignited Church),481826,,FOOD PANTRY,FOOD PANTRY-Agency,BLUE RECEIPT-SHL,W-16-10001,2,0,0,0.36,2,FRANKLIN,0.18,4/18/2024 9:35,4/18/2024 13:51,Price Code 1,CUSTOMER PICKUP,False,Sharing Floor Athens,01-SH,30553.0,Lavonia,MISC. FOOD BOX SHL,Food Misc.
942,179966,3139,M-140FRANKLIN,Franklin County MedLink Georgia,482575,,DIRECT ASSISTANCE,MOBILE PANTRY-Agency,USDA,N-50-10290,18,0,0,0.0,450,FRANKLIN,0.0,5/10/2024 8:00,5/10/2024 7:57,Mobile Pantry/Feed Site Only,TRACTOR TRAILER 1 MOBILE PANTRY,False,Food Bank of Northeast Georgia,01,30628.0,Colbert,USDA WHOLE ALMONDS DRY ROASTED,Proteins
916,175582,696,W-125,World Outreach Ministries (d/b/a Ignited Church),478210,,FOOD PANTRY,FOOD PANTRY-Agency,LOCAL - LL,W-25-10000,122,0,0,21.96,122,FRANKLIN,0.18,2/13/2024 9:35,2/13/2024 14:06,Price Code 1,CUSTOMER PICKUP,False,Sharing Floor Athens,01-SH,30553.0,Lavonia,"ASSORTED SNACK ITEMS, LL",Food Misc.
321,175002,8869,R-111,Royston Housing Authority,477632,,FP/OP/USDA,AFTER SCHOOL PROGRAM-Agency,YELLOW RECEIPT - SHN,N-20-10004,6,0,0,3.24,18,FRANKLIN,0.18,2/8/2024 14:45,2/8/2024 9:38,Price Code 1,CUSTOMER PICKUP,False,Food Bank of Northeast Georgia,01,30662.0,Royston,PAMPERS PREEMIE SWADDLERS,Non-Food Misc.
973,173383,8625,G-134,The Grace Foundation: Family Transformation ,477012,,ON PREMISES (OP),REHAB-Agency,BLUE RECEIPT-SHL,N-03-11261,20,0,0,0.0,660,FRANKLIN,0.0,1/26/2024 8:00,1/26/2024 9:10,Price Code 1,CUSTOMER PICKUP,False,Food Bank of Northeast Georgia,01,30557.0,Martin,STARRY ZERO SUGAR 24 X 20 FL OZ,Beverages
157,176221,8956,N-103,New Beginnings Ministry,478847,,ON PREMISES (OP),REHAB-Agency,BLUE RECEIPT-SHL,N-03-11817,10,0,0,0.0,140,FRANKLIN,0.0,3/1/2024 0:00,3/1/2024 10:51,Price Code 1,CUSTOMER PICKUP,False,Food Bank of Northeast Georgia,01,30557.0,Martin,TWISTER CHERRY BERRY BLAST,Beverages
476,178564,9011,S-129,"Step of Faith Outreach, INC",481180,,FP/OP/GNAP/USDA,FOOD PANTRY-Agency,YELLOW RECEIPT - SHN,N-03-11830,10,0,0,61.2,340,FRANKLIN,0.18,4/12/2024 16:09,4/12/2024 14:34,Price Code 1,CUSTOMER PICKUP,False,Food Bank of Northeast Georgia,01,30553.0,Lavonia,DASANI WATER,Beverages
321,177580,8975,R-111,Royston Housing Authority,FAIMPORT480200,,FP/OP/USDA,AFTER SCHOOL PROGRAM-Agency,BLUE RECEIPT-SHL,MCC-07-10001,71,0,0,0.0,71,FRANKLIN,0.0,3/18/2024 0:00,3/18/2024 0:00,Price Code 1,CUSTOMER PICKUP,False,Food Bank of Northeast Georgia,01,30662.0,Royston,"DAIRY PRODUCTS, SHL RETAIL PICKUPS",Dairy
941,176929,8993,L-117,Lavonia Church of God,479551,,FP/USDA,MOBILE PANTRY-Agency,LOCAL - LL,C-28-90540,800,0,0,0.0,800,FRANKLIN,0.0,3/14/2024 7:00,3/14/2024 7:18,Price Code 1,TRUCK 1 MOBILE PANTRY,False,Food Bank of Northeast Georgia,01,30553.0,Lavonia,WATERMELONS SEEDLESS,Fruits
157,172403,346,N-103,New Beginnings Ministry,476034,,ON PREMISES (OP),REHAB-Agency,YELLOW RECEIPT - SHN,N-25-10350,3,0,0,7.02,39,FRANKLIN,0.18,1/5/2024 12:30,1/5/2024 11:23,Price Code 1,CONTACT FOR DELIVERY,False,Food Bank of Northeast Georgia,01,30557.0,Martin,"SALTINE CRACKERS, ZESTA ORIGINAL",Food Misc.
973,173384,8833,G-134,The Grace Foundation: Family Transformation ,477013,,ON PREMISES (OP),REHAB-Agency,BLUE RECEIPT-SHL,N-03-11769,1,0,0,0.0,28,FRANKLIN,0.0,1/26/2024 8:30,1/26/2024 9:19,Price Code 1,CUSTOMER PICKUP,False,Food Bank of Northeast Georgia,01,30557.0,Martin,PEPSI COLA,Beverages
321,182645,8975,R-111,Royston Housing Authority,FAIMPORT485248,,FP/OP/USDA,AFTER SCHOOL PROGRAM-Agency,BLUE RECEIPT-SHL,MCC-07-10001,44,0,0,0.0,44,FRANKLIN,0.0,6/27/2024 0:00,6/27/2024 0:00,Price Code 1,CUSTOMER PICKUP,False,Food Bank of Northeast Georgia,01,30662.0,Royston,"DAIRY PRODUCTS, SHL RETAIL PICKUPS",Dairy
916,176966,683,W-125,World Outreach Ministries (d/b/a Ignited Church),479588,,FOOD PANTRY,FOOD PANTRY-Agency,BLUE RECEIPT-SHL,W-16-10001,21,0,0,0.0,21,FRANKLIN,0.0,3/8/2024 9:35,3/8/2024 14:15,Price Code 1,CUSTOMER PICKUP,False,Sharing Floor Athens,01-SH,30553.0,Lavonia,MISC. FOOD BOX SHL,Food Misc.
973,177949,8901,G-134,The Grace Foundation: Family Transformation ,480568,,ON PREMISES (OP),REHAB-Agency,BLUE RECEIPT-SHL,N-03-11792,19,0,0,0.0,380,FRANKLIN,0.0,4/3/2024 11:33,4/3/2024 12:08,Price Code 1,CUSTOMER PICKUP,False,Food Bank of Northeast Georgia,01,30557.0,Martin,PROPEL BLACK CHERRY ,Beverages
941,172698,4327,L-117,Lavonia Church of God,476329,,FP/USDA,MOBILE PANTRY-Agency,USDA,N-50-10277,13,0,0,0.0,351,FRANKLIN,0.0,1/11/2024 9:01,1/11/2024 8:33,Price Code 1,TRUCK 1 MOBILE PANTRY,False,Food Bank of Northeast Georgia,01,30553.0,Lavonia,USDA GARBANZO BEANS,Proteins
179,180878,9062,R-100,Rainbow Pantry,483484,,FP/USDA,FOOD PANTRY-Agency,LOCAL - LL,N-25-11975,20,0,0,10.8,60,FRANKLIN,0.18,5/23/2024 11:00,5/28/2024 7:42,Price Code 1,TRUCK 1,False,Food Bank of Northeast Georgia,01,30662.0,Royston,DOVE DARK CHOCOLATE & PEANUT BUTTER,Food Misc.
942,179966,4411,M-140FRANKLIN,Franklin County MedLink Georgia,482575,,DIRECT ASSISTANCE,MOBILE PANTRY-Agency,USDA,F-50-90465,64,0,0,0.0,1344,FRANKLIN,0.0,5/10/2024 8:00,5/10/2024 7:57,Mobile Pantry/Feed Site Only,TRACTOR TRAILER 1 MOBILE PANTRY,False,Food Bank of Northeast Georgia,01,30628.0,Colbert,USDA WILD CAUGHT GULF SHRIMP,Proteins
942,179966,800,M-140FRANKLIN,Franklin County MedLink Georgia,482575,,DIRECT ASSISTANCE,MOBILE PANTRY-Agency,USDA,N-50-10065,9,0,0,0.0,243,FRANKLIN,0.0,5/10/2024 8:00,5/10/2024 7:57,Mobile Pantry/Feed Site Only,TRACTOR TRAILER 1 MOBILE PANTRY,False,Food Bank of Northeast Georgia,01,30628.0,Colbert,USDA APPLESAUCE,Fruits
941,175109,8873,L-117,Lavonia Church of God,477739,,FP/USDA,MOBILE PANTRY-Agency,YELLOW RECEIPT - SHN,F-10-10001,130,0,0,0.0,390,FRANKLIN,0.0,2/8/2024 7:00,2/8/2024 8:39,Price Code 1,TRUCK 1 MOBILE PANTRY,False,Food Bank of Northeast Georgia,01,30553.0,Lavonia,OUTSHINE STRAWBERRY BANANA SMOOTHIE CUBES,Beverages
157,180596,5407,N-103,New Beginnings Ministry,483202,,ON PREMISES (OP),REHAB-Agency,BLUE RECEIPT-SHL,F-15-10000,50,0,0,9.0,50,FRANKLIN,0.18,5/10/2024 13:34,5/10/2024 10:17,Price Code 1,CONTACT FOR DELIVERY,False,Sharing Floor Athens,01-SH,30557.0,Martin,"MEAT & SEAFOOD, FROZEN SHL",Proteins
157,178315,8620,N-103,New Beginnings Ministry,480931,,ON PREMISES (OP),REHAB-Agency,GNAP,N-40-10260,6,0,0,0.0,108,FRANKLIN,0.0,4/12/2024 0:00,4/12/2024 11:01,Price Code 1,CONTACT FOR DELIVERY,False,Food Bank of Northeast Georgia,01,30557.0,Martin,GNAP CREAM OF CHICKEN SOUP,Prepared Meals
157,180273,7202,N-103,New Beginnings Ministry,482879,,ON PREMISES (OP),REHAB-Agency,GNAP,N-40-10242,5,0,0,0.0,80,FRANKLIN,0.0,5/10/2024 10:25,5/10/2024 10:31,Price Code 1,CUSTOMER PICKUP,False,Food Bank of Northeast Georgia,01,30557.0,Martin,GNAP STRAWBERRY JELLY,Food Misc.
179,180050,3203,R-100,Rainbow Pantry,482658,,FP/USDA,FOOD PANTRY-Agency,USDA,N-50-10289,25,0,0,112.5,625,FRANKLIN,0.18,5/9/2024 10:30,5/9/2024 9:49,Price Code 1,TRUCK 1,False,Food Bank of Northeast Georgia,01,30662.0,Royston,USDA PECAN PIECES,Proteins
973,181746,9078,G-134,The Grace Foundation: Family Transformation ,484350,,ON PREMISES (OP),REHAB-Agency,BLUE RECEIPT-SHL,N-03-11840,5,0,0,0.0,45,FRANKLIN,0.0,6/7/2024 9:30,6/7/2024 9:23,Price Code 1,CUSTOMER PICKUP,False,Food Bank of Northeast Georgia,01,30557.0,Martin,PEPSI ZERO WILD CHERRY,Beverages
941,172698,8720,L-117,Lavonia Church of God,476329,,FP/USDA,MOBILE PANTRY-Agency,USDA,N-50-10305,25,0,0,0.0,350,FRANKLIN,0.0,1/11/2024 9:01,1/11/2024 8:33,Price Code 1,TRUCK 1 MOBILE PANTRY,False,Food Bank of Northeast Georgia,01,30553.0,Lavonia,USDA MIXED VEGETABLES CCC,Vegetables 
973,173864,8910,G-134,The Grace Foundation: Family Transformation ,477493,,ON PREMISES (OP),REHAB-Agency,BLUE RECEIPT-SHL,N-03-11796,10,0,0,0.0,100,FRANKLIN,0.0,2/2/2024 17:49,2/7/2024 8:03,Price Code 1,CUSTOMER PICKUP,False,Food Bank of Northeast Georgia,01,30557.0,Martin,DR PEPPER STRAWBERRIES AND CREAM 12 FL OZ,Beverages
321,176218,8665,R-111,Royston Housing Authority,478844,,FP/OP/USDA,AFTER SCHOOL PROGRAM-Agency,BLUE RECEIPT-SHL,N-03-11268,1,0,0,0.69,23,FRANKLIN,0.03,2/29/2024 14:45,3/4/2024 10:11,Price Code 1,CUSTOMER PICKUP,False,Food Bank of Northeast Georgia,01,30662.0,Royston,PROPEL BERRY/KIWISTRAW/GRAPE,Beverages
157,172403,8875,N-103,New Beginnings Ministry,476034,,ON PREMISES (OP),REHAB-Agency,BLUE RECEIPT-SHL,N-03-11780,10,0,0,0.0,350,FRANKLIN,0.0,1/5/2024 12:30,1/5/2024 11:23,Price Code 1,CONTACT FOR DELIVERY,False,Food Bank of Northeast Georgia,01,30557.0,Martin,GATORADE G2 GRAPE,Beverages
179,177931,7083,R-100,Rainbow Pantry,480550,,FP/USDA,FOOD PANTRY-Agency,USDA,C-50-10029,1,0,0,2.16,12,FRANKLIN,0.18,4/4/2024 13:46,4/4/2024 9:23,Price Code 1,CONTACT FOR DELIVERY,False,Food Bank of Northeast Georgia,01,30662.0,Royston,"USDA MILD CHEDDAR CHEESE, BLOCK CCC",Dairy
157,176719,6692,N-103,New Beginnings Ministry,479342,,ON PREMISES (OP),REHAB-Agency,LOCAL - LL,C-28-90422,3,0,0,0.0,150,FRANKLIN,0.0,3/8/2024 13:34,3/8/2024 12:09,Price Code 1,CONTACT FOR DELIVERY,False,Food Bank of Northeast Georgia,01,30557.0,Martin,"APPLES, LL",Fruits
973,173077,8905,G-134,The Grace Foundation: Family Transformation ,476707,,ON PREMISES (OP),REHAB-Agency,BLUE RECEIPT-SHL,N-03-11794,15,0,0,0.0,570,FRANKLIN,0.0,1/19/2024 9:00,1/19/2024 9:08,Price Code 1,CUSTOMER PICKUP,False,Food Bank of Northeast Georgia,01,30557.0,Martin,"PEPSI, 12/1.25L",Beverages
973,173326,696,G-134,The Grace Foundation: Family Transformation ,476955,,ON PREMISES (OP),REHAB-Agency,LOCAL - LL,W-25-10000,950,0,0,0.0,950,FRANKLIN,0.0,1/19/2024 14:28,1/19/2024 15:20,Price Code 1,CUSTOMER PICKUP,False,Food Bank of Northeast Georgia,01,30557.0,Martin,"ASSORTED SNACK ITEMS, LL",Food Misc.
973,173077,8858,G-134,The Grace Foundation: Family Transformation ,476707,,ON PREMISES (OP),REHAB-Agency,BLUE RECEIPT-SHL,N-03-11778,15,0,0,0.0,570,FRANKLIN,0.0,1/19/2024 9:00,1/19/2024 9:08,Price Code 1,CUSTOMER PICKUP,False,Food Bank of Northeast Georgia,01,30557.0,Martin,CRUSH PEACH SODA,Beverages
157,180596,1045,N-103,New Beginnings Ministry,483202,,ON PREMISES (OP),REHAB-Agency,BLUE RECEIPT-SHL,W-25-10009,28,0,0,0.0,28,FRANKLIN,0.0,5/10/2024 13:34,5/10/2024 10:17,Price Code 1,CONTACT FOR DELIVERY,False,Sharing Floor Athens,01-SH,30557.0,Martin,"ASSORTED SNACK ITEMS, SHL",Food Misc.
157,179665,696,N-103,New Beginnings Ministry,482278,,ON PREMISES (OP),REHAB-Agency,LOCAL - LL,W-25-10000,104,0,0,18.72,104,FRANKLIN,0.18,4/26/2024 13:34,4/26/2024 10:15,Price Code 1,CONTACT FOR DELIVERY,False,Sharing Floor Athens,01-SH,30557.0,Martin,"ASSORTED SNACK ITEMS, LL",Food Misc.
916,173132,690,W-125,World Outreach Ministries (d/b/a Ignited Church),476762,,FOOD PANTRY,FOOD PANTRY-Agency,BLUE RECEIPT-SHL,W-03-10013,20,0,0,0.0,20,FRANKLIN,0.0,1/16/2024 9:35,1/16/2024 14:12,Price Code 1,CUSTOMER PICKUP,False,Sharing Floor Athens,01-SH,30553.0,Lavonia,"ASSORTED BEVERAGES, SHL",Beverages
179,182301,4406,R-100,Rainbow Pantry,484905,,FP/USDA,FOOD PANTRY-Agency,USDA,N-50-10288,20,0,0,82.8,460,FRANKLIN,0.18,6/26/2024 11:30,6/27/2024 13:17,Price Code 1,CONTACT FOR DELIVERY,False,Food Bank of Northeast Georgia,01,30662.0,Royston,USDA PREMIUM WHITE CHICKEN IN POUCHES,Proteins
941,178531,4422,L-117,Lavonia Church of God,481147,,FP/USDA,MOBILE PANTRY-Agency,USDA,F-50-90452,50,0,0,0.0,1600,FRANKLIN,0.0,4/11/2024 7:00,4/11/2024 6:46,Price Code 1,TRUCK 1 MOBILE PANTRY,False,Food Bank of Northeast Georgia,01,30553.0,Lavonia,USDA PORK LOIN BONELESS ROAST,Proteins
321,178702,8975,R-111,Royston Housing Authority,FAIMPORT481316,,FP/OP/USDA,AFTER SCHOOL PROGRAM-Agency,BLUE RECEIPT-SHL,MCC-07-10001,31,0,0,0.0,31,FRANKLIN,0.0,4/8/2024 0:00,4/8/2024 0:00,Price Code 1,CUSTOMER PICKUP,False,Food Bank of Northeast Georgia,01,30662.0,Royston,"DAIRY PRODUCTS, SHL RETAIL PICKUPS",Dairy
476,177247,7284,S-129,"Step of Faith Outreach, INC",479867,,FP/OP/GNAP/USDA,FOOD PANTRY-Agency,USDA,C-50-10043,3,0,0,0.0,78,FRANKLIN,0.0,3/20/2024 16:09,3/20/2024 11:34,Price Code 1,CUSTOMER PICKUP,False,Food Bank of Northeast Georgia,01,30553.0,Lavonia,USDA RED FAT AMERICAN CHEESE CCC,Dairy
179,181476,7083,R-100,Rainbow Pantry,484080,,FP/USDA,FOOD PANTRY-Agency,USDA,C-50-10029,34,0,0,0.0,408,FRANKLIN,0.0,6/6/2024 10:00,6/6/2024 13:08,Price Code 1,TRUCK 1,False,Food Bank of Northeast Georgia,01,30662.0,Royston,"USDA MILD CHEDDAR CHEESE, BLOCK CCC",Dairy
973,175745,5407,G-134,The Grace Foundation: Family Transformation ,478373,,ON PREMISES (OP),REHAB-Agency,BLUE RECEIPT-SHL,F-15-10000,88,0,0,15.84,88,FRANKLIN,0.18,2/16/2024 10:30,2/16/2024 10:47,Price Code 1,CUSTOMER PICKUP,False,Sharing Floor Athens,01-SH,30557.0,Martin,"MEAT & SEAFOOD, FROZEN SHL",Proteins
941,176929,8949,L-117,Lavonia Church of God,479551,,FP/USDA,MOBILE PANTRY-Agency,LOCAL - LL,C-28-90536,39,0,0,0.0,1950,FRANKLIN,0.0,3/14/2024 7:00,3/14/2024 7:18,Price Code 1,TRUCK 1 MOBILE PANTRY,False,Food Bank of Northeast Georgia,01,30553.0,Lavonia,"CARROTS, 50#",Vegetables 
941,181780,9084,L-117,Lavonia Church of God,484384,,FP/USDA,MOBILE PANTRY-Agency,USDA,N-50-10315,13,0,0,0.0,351,FRANKLIN,0.0,6/13/2024 7:00,6/13/2024 16:49,Price Code 1,TRUCK 1 MOBILE PANTRY,False,Food Bank of Northeast Georgia,01,30553.0,Lavonia,USDA CANNED SALMON,Proteins
321,182563,8973,R-111,Royston Housing Authority,FAIMPORT485166,,FP/OP/USDA,AFTER SCHOOL PROGRAM-Agency,BLUE RECEIPT-SHL,MCC-16-10001,9,0,0,0.0,9,FRANKLIN,0.0,6/24/2024 0:00,6/24/2024 0:00,Price Code 1,CUSTOMER PICKUP,False,Food Bank of Northeast Georgia,01,30662.0,Royston,"COOLER FOOD MISC., SHL RETAIL PICKUP",Food Misc.
321,178711,8973,R-111,Royston Housing Authority,FAIMPORT481325,,FP/OP/USDA,AFTER SCHOOL PROGRAM-Agency,BLUE RECEIPT-SHL,MCC-16-10001,62,0,0,0.0,62,FRANKLIN,0.0,4/4/2024 0:00,4/4/2024 0:00,Price Code 1,CUSTOMER PICKUP,False,Food Bank of Northeast Georgia,01,30662.0,Royston,"COOLER FOOD MISC., SHL RETAIL PICKUP",Food Misc.
157,172403,8888,N-103,New Beginnings Ministry,476034,,ON PREMISES (OP),REHAB-Agency,LFB,N-19-10057,10,0,0,10.8,60,FRANKLIN,0.18,1/5/2024 12:30,1/5/2024 11:23,Price Code 1,CONTACT FOR DELIVERY,False,Food Bank of Northeast Georgia,01,30557.0,Martin,COTTONELLE TOILET PAPER 18,Non-Food Misc.
157,180273,9045,N-103,New Beginnings Ministry,482879,,ON PREMISES (OP),REHAB-Agency,GNAP,N-40-10279,5,0,0,0.0,40,FRANKLIN,0.0,5/10/2024 10:25,5/10/2024 10:31,Price Code 1,CUSTOMER PICKUP,False,Food Bank of Northeast Georgia,01,30557.0,Martin,"GNAP PASTA SIDE, CHEDDAR BROCCOLI",Prepared Meals
973,181746,7164,G-134,The Grace Foundation: Family Transformation ,484350,,ON PREMISES (OP),REHAB-Agency,BLUE RECEIPT-SHL,N-03-11197,10,0,0,0.0,100,FRANKLIN,0.0,6/7/2024 9:30,6/7/2024 9:23,Price Code 1,CUSTOMER PICKUP,False,Food Bank of Northeast Georgia,01,30557.0,Martin,MT DEW ZERO SUGAR MAJOR MELON,Beverages
179,177165,8940,R-100,Rainbow Pantry,479786,,FP/USDA,FOOD PANTRY-Agency,BLUE RECEIPT-SHL,C-28-90531,8,0,0,0.0,416,FRANKLIN,0.0,3/21/2024 10:30,3/27/2024 10:09,Price Code 1,CONTACT FOR DELIVERY,False,Food Bank of Northeast Georgia,01,30662.0,Royston,"CABBAGE, SHL 50#",Vegetables 
476,180991,3280,S-129,"Step of Faith Outreach, INC",483596,,FP/OP/GNAP/USDA,FOOD PANTRY-Agency,YELLOW RECEIPT - SHN,N-03-10833,5,0,0,0.0,90,FRANKLIN,0.0,5/22/2024 9:30,5/22/2024 12:46,Price Code 1,CUSTOMER PICKUP,False,Food Bank of Northeast Georgia,01,30553.0,Lavonia,GATORADE GLACIER FREEZE,Beverages
973,173077,8910,G-134,The Grace Foundation: Family Transformation ,476707,,ON PREMISES (OP),REHAB-Agency,BLUE RECEIPT-SHL,N-03-11796,10,0,0,0.0,100,FRANKLIN,0.0,1/19/2024 9:00,1/19/2024 9:08,Price Code 1,CUSTOMER PICKUP,False,Food Bank of Northeast Georgia,01,30557.0,Martin,DR PEPPER STRAWBERRIES AND CREAM 12 FL OZ,Beverages
973,173104,5958,G-134,The Grace Foundation: Family Transformation ,476734,,ON PREMISES (OP),REHAB-Agency,BLUE RECEIPT-SHL,C-16-10001,225,0,0,40.5,225,FRANKLIN,0.18,1/16/2024 9:57,1/16/2024 10:08,Price Code 1,CUSTOMER PICKUP,False,Sharing Floor Athens,01-SH,30557.0,Martin,"COOLER FOOD, MISC. SHL",Food Misc.
179,177931,1791,R-100,Rainbow Pantry,480550,,FP/USDA,FOOD PANTRY-Agency,USDA,N-50-10079,12,0,0,56.16,312,FRANKLIN,0.18,4/4/2024 13:46,4/4/2024 9:23,Price Code 1,CONTACT FOR DELIVERY,False,Food Bank of Northeast Georgia,01,30662.0,Royston,USDA WALNUT HALVES AND PIECES,Proteins
179,173679,92,R-100,Rainbow Pantry,477308,,FP/USDA,FOOD PANTRY-Agency,LOCAL - LL,W-01-10002,26,0,0,0.0,26,FRANKLIN,0.0,1/26/2024 13:46,1/26/2024 11:42,Price Code 1,CUSTOMER PICKUP,False,Sharing Floor Athens,01-SH,30662.0,Royston,"ASSORTED NON-FOOD ITEMS, LL",Non-Food Misc.
973,182017,696,G-134,The Grace Foundation: Family Transformation ,484621,,ON PREMISES (OP),REHAB-Agency,LOCAL - LL,W-25-10000,75,0,0,0.0,75,FRANKLIN,0.0,6/7/2024 9:49,6/7/2024 9:59,Price Code 1,CUSTOMER PICKUP,False,Sharing Floor Athens,01-SH,30557.0,Martin,"ASSORTED SNACK ITEMS, LL",Food Misc.
157,181795,875,N-103,New Beginnings Ministry,484399,,ON PREMISES (OP),REHAB-Agency,BLUE RECEIPT-SHL,W-04-10000,13,0,0,0.0,13,FRANKLIN,0.0,6/3/2024 13:34,6/3/2024 10:45,Price Code 1,CONTACT FOR DELIVERY,False,Sharing Floor Athens,01-SH,30557.0,Martin,"BREAD & BAKERY, ASSORTED SHL",Grains
973,172711,5407,G-134,The Grace Foundation: Family Transformation ,476342,,ON PREMISES (OP),REHAB-Agency,BLUE RECEIPT-SHL,F-15-10000,182,0,0,32.76,182,FRANKLIN,0.18,1/8/2024 10:05,1/8/2024 10:10,Price Code 1,CUSTOMER PICKUP,False,Sharing Floor Athens,01-SH,30557.0,Martin,"MEAT & SEAFOOD, FROZEN SHL",Proteins
973,175072,690,G-134,The Grace Foundation: Family Transformation ,477702,,ON PREMISES (OP),REHAB-Agency,BLUE RECEIPT-SHL,W-03-10013,2013,0,0,0.0,2013,FRANKLIN,0.0,2/9/2024 8:00,2/9/2024 11:59,Price Code 1,CUSTOMER PICKUP,False,Food Bank of Northeast Georgia,01,30557.0,Martin,"ASSORTED BEVERAGES, SHL",Beverages
973,173383,8874,G-134,The Grace Foundation: Family Transformation ,477012,,ON PREMISES (OP),REHAB-Agency,YELLOW RECEIPT - SHN,F-10-10002,10,0,0,0.9,30,FRANKLIN,0.03,1/26/2024 8:00,1/26/2024 9:10,Price Code 1,CUSTOMER PICKUP,False,Food Bank of Northeast Georgia,01,30557.0,Martin,OUTSHINE TROPICAL SMOOTHIE CUBES,Beverages
179,181476,8783,R-100,Rainbow Pantry,484080,,FP/USDA,FOOD PANTRY-Agency,USDA,N-50-10308,10,0,0,41.4,230,FRANKLIN,0.18,6/6/2024 10:00,6/6/2024 13:08,Price Code 1,TRUCK 1,False,Food Bank of Northeast Georgia,01,30662.0,Royston,USDA RAISINS,Fruits
321,178703,8975,R-111,Royston Housing Authority,FAIMPORT481317,,FP/OP/USDA,AFTER SCHOOL PROGRAM-Agency,BLUE RECEIPT-SHL,MCC-07-10001,1,0,0,0.0,1,FRANKLIN,0.0,4/1/2024 0:00,4/1/2024 0:00,Price Code 1,CUSTOMER PICKUP,False,Food Bank of Northeast Georgia,01,30662.0,Royston,"DAIRY PRODUCTS, SHL RETAIL PICKUPS",Dairy
973,175745,5772,G-134,The Grace Foundation: Family Transformation ,478373,,ON PREMISES (OP),REHAB-Agency,LOCAL - LL,C-28-10000,69,0,0,2.07,69,FRANKLIN,0.03,2/16/2024 10:30,2/16/2024 10:47,Price Code 1,CUSTOMER PICKUP,False,Sharing Floor Athens,01-SH,30557.0,Martin,"PRODUCE, FRESH LL",Mixed Produce
157,179735,9029,N-103,New Beginnings Ministry,482348,,ON PREMISES (OP),REHAB-Agency,YELLOW RECEIPT - SHN,N-25-11971,2,0,0,2.88,16,FRANKLIN,0.18,5/3/2024 0:00,5/3/2024 12:29,Price Code 1,CUSTOMER PICKUP,False,Food Bank of Northeast Georgia,01,30557.0,Martin,BIGS JUMBO SUNFLOWER KERNELS,Proteins
973,181746,9081,G-134,The Grace Foundation: Family Transformation ,484350,,ON PREMISES (OP),REHAB-Agency,BLUE RECEIPT-SHL,N-03-11843,5,0,0,0.0,90,FRANKLIN,0.0,6/7/2024 9:30,6/7/2024 9:23,Price Code 1,CUSTOMER PICKUP,False,Food Bank of Northeast Georgia,01,30557.0,Martin,DR PEPPER ZERO SUGAR,Beverages
157,180718,9052,N-103,New Beginnings Ministry,483324,,ON PREMISES (OP),REHAB-Agency,GNAP,N-40-10283,7,0,0,0.0,140,FRANKLIN,0.0,5/17/2024 0:00,5/17/2024 10:44,Price Code 1,CONTACT FOR DELIVERY,False,Food Bank of Northeast Georgia,01,30557.0,Martin,"GNAP 100% ORANGE TANGERINE JUICE, SINGLE SERVE",Beverages
973,179425,690,G-134,The Grace Foundation: Family Transformation ,482038,,ON PREMISES (OP),REHAB-Agency,BLUE RECEIPT-SHL,W-03-10013,132,0,0,0.0,132,FRANKLIN,0.0,4/23/2024 9:54,4/23/2024 9:58,Price Code 1,CUSTOMER PICKUP,False,Sharing Floor Athens,01-SH,30557.0,Martin,"ASSORTED BEVERAGES, SHL",Beverages
157,176719,8969,N-103,New Beginnings Ministry,479342,,ON PREMISES (OP),REHAB-Agency,YELLOW RECEIPT - SHN,N-27-10135,3,0,0,0.81,81,FRANKLIN,0.01,3/8/2024 13:34,3/8/2024 12:09,Price Code 1,CONTACT FOR DELIVERY,False,Food Bank of Northeast Georgia,01,30557.0,Martin,"HUNTS TOMATO SAUCE, BAG AND BOX",Vegetables 
179,177165,6351,R-100,Rainbow Pantry,479786,,FP/USDA,FOOD PANTRY-Agency,BLUE RECEIPT-SHL,C-28-90163,12,0,0,0.0,600,FRANKLIN,0.0,3/21/2024 10:30,3/27/2024 10:09,Price Code 1,CONTACT FOR DELIVERY,False,Food Bank of Northeast Georgia,01,30662.0,Royston,YUKON GOLD POTATOES,Potatoes 
973,175072,8877,G-134,The Grace Foundation: Family Transformation ,477702,,ON PREMISES (OP),REHAB-Agency,YELLOW RECEIPT - SHN,N-03-11782,1,0,0,0.0,18,FRANKLIN,0.0,2/9/2024 8:00,2/9/2024 11:59,Price Code 1,CUSTOMER PICKUP,False,Food Bank of Northeast Georgia,01,30557.0,Martin,CELSIUS LIVE FIT VAR PACK,Beverages
179,180696,170,R-100,Rainbow Pantry,483302,,FP/USDA,FOOD PANTRY-Agency,USDA,N-50-10007,10,0,0,50.4,280,FRANKLIN,0.18,5/23/2024 10:30,5/28/2024 7:55,Price Code 1,TRUCK 1,False,Food Bank of Northeast Georgia,01,30662.0,Royston,"USDA CORN, WHOLE KERNEL NO SALT",Vegetables 
916,176966,690,W-125,World Outreach Ministries (d/b/a Ignited Church),479588,,FOOD PANTRY,FOOD PANTRY-Agency,BLUE RECEIPT-SHL,W-03-10013,27,0,0,0.0,27,FRANKLIN,0.0,3/8/2024 9:35,3/8/2024 14:15,Price Code 1,CUSTOMER PICKUP,False,Sharing Floor Athens,01-SH,30553.0,Lavonia,"ASSORTED BEVERAGES, SHL",Beverages
321,178712,8975,R-111,Royston Housing Authority,FAIMPORT481326,,FP/OP/USDA,AFTER SCHOOL PROGRAM-Agency,BLUE RECEIPT-SHL,MCC-07-10001,290,0,0,0.0,290,FRANKLIN,0.0,4/9/2024 0:00,4/9/2024 0:00,Price Code 1,CUSTOMER PICKUP,False,Food Bank of Northeast Georgia,01,30662.0,Royston,"DAIRY PRODUCTS, SHL RETAIL PICKUPS",Dairy
973,177949,8837,G-134,The Grace Foundation: Family Transformation ,480568,,ON PREMISES (OP),REHAB-Agency,BLUE RECEIPT-SHL,N-03-11773,20,0,0,0.0,200,FRANKLIN,0.0,4/3/2024 11:33,4/3/2024 12:08,Price Code 1,CUSTOMER PICKUP,False,Food Bank of Northeast Georgia,01,30557.0,Martin,MT DEW PASSSIONFRUIT PUNCH,Beverages
973,172865,8790,G-134,The Grace Foundation: Family Transformation ,476496,,ON PREMISES (OP),REHAB-Agency,BLUE RECEIPT-SHL,N-03-11758,5,0,0,0.0,65,FRANKLIN,0.0,1/19/2024 8:00,1/19/2024 8:18,Price Code 1,CUSTOMER PICKUP,False,Food Bank of Northeast Georgia,01,30557.0,Martin,PROPEL LEMON,Beverages
179,178817,2202,R-100,Rainbow Pantry,481431,,FP/USDA,FOOD PANTRY-Agency,USDA,N-50-10240,25,0,0,99.0,550,FRANKLIN,0.18,4/18/2024 10:30,4/18/2024 8:36,Price Code 1,TRUCK 1,False,Food Bank of Northeast Georgia,01,30662.0,Royston,USDA SPAGHETTI,Grains
321,181268,8975,R-111,Royston Housing Authority,FAIMPORT483873,,FP/OP/USDA,AFTER SCHOOL PROGRAM-Agency,BLUE RECEIPT-SHL,MCC-07-10001,32,0,0,0.0,32,FRANKLIN,0.0,5/13/2024 0:00,5/13/2024 0:00,Price Code 1,CUSTOMER PICKUP,False,Food Bank of Northeast Georgia,01,30662.0,Royston,"DAIRY PRODUCTS, SHL RETAIL PICKUPS",Dairy
179,183113,8974,R-100,Rainbow Pantry,FAIMPORT485714,,FP/USDA,FOOD PANTRY-Agency,BLUE RECEIPT-SHL,MCW-04-10000,9,0,0,0.0,9,FRANKLIN,0.0,6/26/2024 0:00,6/26/2024 0:00,Price Code 1,CONTACT FOR DELIVERY,False,Food Bank of Northeast Georgia,01,30662.0,Royston,"BREAD AND BAKERY, SHL RETAIL PICKUPS",Grains
321,180447,7083,R-111,Royston Housing Authority,483053,,FP/OP/USDA,AFTER SCHOOL PROGRAM-Agency,USDA,C-50-10029,1,0,0,2.16,12,FRANKLIN,0.18,5/15/2024 8:45,5/15/2024 10:03,Price Code 1,CUSTOMER PICKUP,False,Food Bank of Northeast Georgia,01,30662.0,Royston,"USDA MILD CHEDDAR CHEESE, BLOCK CCC",Dairy
179,182301,7083,R-100,Rainbow Pantry,484905,,FP/USDA,FOOD PANTRY-Agency,USDA,C-50-10029,20,0,0,43.2,240,FRANKLIN,0.18,6/26/2024 11:30,6/27/2024 13:17,Price Code 1,CONTACT FOR DELIVERY,False,Food Bank of Northeast Georgia,01,30662.0,Royston,"USDA MILD CHEDDAR CHEESE, BLOCK CCC",Dairy
321,178198,8976,R-111,Royston Housing Authority,FAIMPORT480816,,FP/OP/USDA,AFTER SCHOOL PROGRAM-Agency,BLUE RECEIPT-SHL,MCC-28-10001,8,0,0,0.0,8,FRANKLIN,0.0,3/26/2024 0:00,3/26/2024 0:00,Price Code 1,CUSTOMER PICKUP,False,Food Bank of Northeast Georgia,01,30662.0,Royston,"PRODUCE, SHL RETAIL PICKUPS",Mixed Produce
157,177453,8943,N-103,New Beginnings Ministry,480073,,ON PREMISES (OP),REHAB-Agency,BLUE RECEIPT-SHL,C-28-90534,8,0,0,0.0,336,FRANKLIN,0.0,3/22/2024 0:00,3/22/2024 11:51,Price Code 1,CUSTOMER PICKUP,False,Food Bank of Northeast Georgia,01,30557.0,Martin,"SWEET POTATO, SHL",Potatoes 
157,176719,8863,N-103,New Beginnings Ministry,479342,,ON PREMISES (OP),REHAB-Agency,LOCAL - LL,N-25-11941,2,0,0,1.08,6,FRANKLIN,0.18,3/8/2024 13:34,3/8/2024 12:09,Price Code 1,CONTACT FOR DELIVERY,False,Food Bank of Northeast Georgia,01,30557.0,Martin,DOT'S CRUNCH CURLS,Food Misc.
179,176131,8922,R-100,Rainbow Pantry,478758,,FP/USDA,FOOD PANTRY-Agency,LOCAL - LL,N-25-11954,20,0,0,18.0,100,FRANKLIN,0.18,3/7/2024 10:30,3/8/2024 7:51,Price Code 1,CONTACT FOR DELIVERY,False,Food Bank of Northeast Georgia,01,30662.0,Royston,ATKINS VAR PACK CHOC PEANUT/CARAMEL,Food Misc.
941,172698,5407,L-117,Lavonia Church of God,476329,,FP/USDA,MOBILE PANTRY-Agency,BLUE RECEIPT-SHL,F-15-10000,611,0,0,0.0,611,FRANKLIN,0.0,1/11/2024 9:01,1/11/2024 8:33,Price Code 1,TRUCK 1 MOBILE PANTRY,False,Food Bank of Northeast Georgia,01,30553.0,Lavonia,"MEAT & SEAFOOD, FROZEN SHL",Proteins
179,173499,8918,R-100,Rainbow Pantry,477128,,FP/USDA,FOOD PANTRY-Agency,LOCAL - LL,N-25-11950,10,0,0,3.6,20,FRANKLIN,0.18,2/1/2024 10:30,2/20/2024 13:42,Price Code 1,CONTACT FOR DELIVERY,False,Food Bank of Northeast Georgia,01,30662.0,Royston,GHIRARDELLI DARK CHOCOLATE,Food Misc.
157,181573,9056,N-103,New Beginnings Ministry,484177,,ON PREMISES (OP),REHAB-Agency,GNAP,N-40-10286,10,0,0,0.0,220,FRANKLIN,0.0,6/3/2024 0:00,6/3/2024 11:27,Price Code 1,CONTACT FOR DELIVERY,False,Food Bank of Northeast Georgia,01,30557.0,Martin,GNAP DICED PEAR CUPS,Fruits
157,181016,5407,N-103,New Beginnings Ministry,483621,,ON PREMISES (OP),REHAB-Agency,BLUE RECEIPT-SHL,F-15-10000,24,0,0,4.32,24,FRANKLIN,0.18,5/17/2024 13:34,5/17/2024 11:23,Price Code 1,CONTACT FOR DELIVERY,False,Sharing Floor Athens,01-SH,30557.0,Martin,"MEAT & SEAFOOD, FROZEN SHL",Proteins
179,177165,8925,R-100,Rainbow Pantry,479786,,FP/USDA,FOOD PANTRY-Agency,BLUE RECEIPT-SHL,C-28-30001,2,0,0,0.0,2000,FRANKLIN,0.0,3/21/2024 10:30,3/27/2024 10:09,Price Code 1,CONTACT FOR DELIVERY,False,Food Bank of Northeast Georgia,01,30662.0,Royston,MIXED PRODUCE - 1 PALLET,Mixed Produce
941,175109,1791,L-117,Lavonia Church of God,477739,,FP/USDA,MOBILE PANTRY-Agency,USDA,N-50-10079,13,0,0,0.0,338,FRANKLIN,0.0,2/8/2024 7:00,2/8/2024 8:39,Price Code 1,TRUCK 1 MOBILE PANTRY,False,Food Bank of Northeast Georgia,01,30553.0,Lavonia,USDA WALNUT HALVES AND PIECES,Proteins
321,172763,8873,R-111,Royston Housing Authority,476394,,FP/OP/USDA,AFTER SCHOOL PROGRAM-Agency,YELLOW RECEIPT - SHN,F-10-10001,6,0,0,0.54,18,FRANKLIN,0.03,1/11/2024 14:45,1/11/2024 12:16,Price Code 1,CUSTOMER PICKUP,False,Food Bank of Northeast Georgia,01,30662.0,Royston,OUTSHINE STRAWBERRY BANANA SMOOTHIE CUBES,Beverages
321,179357,8834,R-111,Royston Housing Authority,481970,,FP/OP/USDA,AFTER SCHOOL PROGRAM-Agency,BLUE RECEIPT-SHL,N-03-11770,3,0,0,0.0,30,FRANKLIN,0.0,4/25/2024 14:45,4/25/2024 12:36,Price Code 1,CUSTOMER PICKUP,False,Food Bank of Northeast Georgia,01,30662.0,Royston,MT DEW ZERO SUGAR,Beverages
941,175109,84,L-117,Lavonia Church of God,477739,,FP/USDA,MOBILE PANTRY-Agency,USDA,N-50-10006,13,0,0,0.0,351,FRANKLIN,0.0,2/8/2024 7:00,2/8/2024 8:39,Price Code 1,TRUCK 1 MOBILE PANTRY,False,Food Bank of Northeast Georgia,01,30553.0,Lavonia,USDA GREEN BEANS,Vegetables 
941,181780,4327,L-117,Lavonia Church of God,484384,,FP/USDA,MOBILE PANTRY-Agency,USDA,N-50-10277,13,0,0,0.0,351,FRANKLIN,0.0,6/13/2024 7:00,6/13/2024 16:49,Price Code 1,TRUCK 1 MOBILE PANTRY,False,Food Bank of Northeast Georgia,01,30553.0,Lavonia,USDA GARBANZO BEANS,Proteins
179,178817,170,R-100,Rainbow Pantry,481431,,FP/USDA,FOOD PANTRY-Agency,USDA,N-50-10007,15,0,0,75.6,420,FRANKLIN,0.18,4/18/2024 10:30,4/18/2024 8:36,Price Code 1,TRUCK 1,False,Food Bank of Northeast Georgia,01,30662.0,Royston,"USDA CORN, WHOLE KERNEL NO SALT",Vegetables 
321,177855,8973,R-111,Royston Housing Authority,FAIMPORT480474,,FP/OP/USDA,AFTER SCHOOL PROGRAM-Agency,BLUE RECEIPT-SHL,MCC-16-10001,7,0,0,0.0,7,FRANKLIN,0.0,3/25/2024 0:00,3/25/2024 0:00,Price Code 1,CUSTOMER PICKUP,False,Food Bank of Northeast Georgia,01,30662.0,Royston,"COOLER FOOD MISC., SHL RETAIL PICKUP",Food Misc.
916,182549,696,W-125,World Outreach Ministries (d/b/a Ignited Church),485152,,FOOD PANTRY,FOOD PANTRY-Agency,LOCAL - LL,W-25-10000,29,0,0,5.22,29,FRANKLIN,0.18,6/25/2024 9:35,6/25/2024 13:46,Price Code 1,CUSTOMER PICKUP,False,Sharing Floor Athens,01-SH,30553.0,Lavonia,"ASSORTED SNACK ITEMS, LL",Food Misc.
157,176514,1045,N-103,New Beginnings Ministry,479138,,ON PREMISES (OP),REHAB-Agency,BLUE RECEIPT-SHL,W-25-10009,176,0,0,31.68,176,FRANKLIN,0.18,3/1/2024 13:34,3/1/2024 11:17,Price Code 1,CONTACT FOR DELIVERY,False,Sharing Floor Athens,01-SH,30557.0,Martin,"ASSORTED SNACK ITEMS, SHL",Food Misc.
321,182561,8975,R-111,Royston Housing Authority,FAIMPORT485164,,FP/OP/USDA,AFTER SCHOOL PROGRAM-Agency,BLUE RECEIPT-SHL,MCC-07-10001,35,0,0,0.0,35,FRANKLIN,0.0,6/24/2024 0:00,6/24/2024 0:00,Price Code 1,CUSTOMER PICKUP,False,Food Bank of Northeast Georgia,01,30662.0,Royston,"DAIRY PRODUCTS, SHL RETAIL PICKUPS",Dairy
321,181266,8975,R-111,Royston Housing Authority,FAIMPORT483871,,FP/OP/USDA,AFTER SCHOOL PROGRAM-Agency,BLUE RECEIPT-SHL,MCC-07-10001,12,0,0,0.0,12,FRANKLIN,0.0,5/16/2024 0:00,5/16/2024 0:00,Price Code 1,CUSTOMER PICKUP,False,Food Bank of Northeast Georgia,01,30662.0,Royston,"DAIRY PRODUCTS, SHL RETAIL PICKUPS",Dairy
157,177453,6937,N-103,New Beginnings Ministry,480073,,ON PREMISES (OP),REHAB-Agency,BLUE RECEIPT-SHL,C-28-90385,2,0,0,0.0,104,FRANKLIN,0.0,3/22/2024 0:00,3/22/2024 11:51,Price Code 1,CUSTOMER PICKUP,False,Food Bank of Northeast Georgia,01,30557.0,Martin,CELERY,Vegetables 
179,181476,170,R-100,Rainbow Pantry,484080,,FP/USDA,FOOD PANTRY-Agency,USDA,N-50-10007,8,0,0,40.32,224,FRANKLIN,0.18,6/6/2024 10:00,6/6/2024 13:08,Price Code 1,TRUCK 1,False,Food Bank of Northeast Georgia,01,30662.0,Royston,"USDA CORN, WHOLE KERNEL NO SALT",Vegetables 
476,172565,1230,S-129,"Step of Faith Outreach, INC",476196,,FP/OP/GNAP/USDA,FOOD PANTRY-Agency,USDA,N-50-10097,1,0,0,1.14,38,FRANKLIN,0.03,1/8/2024 16:09,1/8/2024 11:33,Price Code 1,CUSTOMER PICKUP,False,Food Bank of Northeast Georgia,01,30553.0,Lavonia,USDA CHERRY APPLE JUICE,Beverages
973,173864,8879,G-134,The Grace Foundation: Family Transformation ,477493,,ON PREMISES (OP),REHAB-Agency,BLUE RECEIPT-SHL,N-03-11784,15,0,0,0.0,405,FRANKLIN,0.0,2/2/2024 17:49,2/7/2024 8:03,Price Code 1,CUSTOMER PICKUP,False,Food Bank of Northeast Georgia,01,30557.0,Martin,GATORADE RIPTIDE RUSH,Beverages
157,180172,875,N-103,New Beginnings Ministry,482778,,ON PREMISES (OP),REHAB-Agency,BLUE RECEIPT-SHL,W-04-10000,26,0,0,0.0,26,FRANKLIN,0.0,5/3/2024 13:34,5/3/2024 11:23,Price Code 1,CONTACT FOR DELIVERY,False,Sharing Floor Athens,01-SH,30557.0,Martin,"BREAD & BAKERY, ASSORTED SHL",Grains
179,176131,8783,R-100,Rainbow Pantry,478758,,FP/USDA,FOOD PANTRY-Agency,USDA,N-50-10308,12,0,0,49.68,276,FRANKLIN,0.18,3/7/2024 10:30,3/8/2024 7:51,Price Code 1,CONTACT FOR DELIVERY,False,Food Bank of Northeast Georgia,01,30662.0,Royston,USDA RAISINS,Fruits
321,176218,8958,R-111,Royston Housing Authority,478844,,FP/OP/USDA,AFTER SCHOOL PROGRAM-Agency,YELLOW RECEIPT - SHN,N-25-11957,1,0,0,0.54,3,FRANKLIN,0.18,2/29/2024 14:45,3/4/2024 10:11,Price Code 1,CUSTOMER PICKUP,False,Food Bank of Northeast Georgia,01,30662.0,Royston,WHEAT THINS BIG,Grains
973,176696,5407,G-134,The Grace Foundation: Family Transformation ,479319,,ON PREMISES (OP),REHAB-Agency,BLUE RECEIPT-SHL,F-15-10000,19,0,0,0.0,19,FRANKLIN,0.0,3/5/2024 11:36,3/5/2024 11:45,Price Code 1,CUSTOMER PICKUP,False,Sharing Floor Athens,01-SH,30557.0,Martin,"MEAT & SEAFOOD, FROZEN SHL",Proteins
321,178710,8970,R-111,Royston Housing Authority,FAIMPORT481324,,FP/OP/USDA,AFTER SCHOOL PROGRAM-Agency,BLUE RECEIPT-SHL,MCW-16-10001,36,0,0,0.0,36,FRANKLIN,0.0,4/9/2024 0:00,4/9/2024 0:00,Price Code 1,CUSTOMER PICKUP,False,Food Bank of Northeast Georgia,01,30662.0,Royston,"MISC. FOOD BOX, SHL RETAIL PICKUP",Food Misc.
916,177148,5681,W-125,World Outreach Ministries (d/b/a Ignited Church),479769,,FOOD PANTRY,FOOD PANTRY-Agency,LOCAL - LL,C-16-10000,12,0,0,2.16,12,FRANKLIN,0.18,3/12/2024 9:35,3/12/2024 13:58,Price Code 1,CUSTOMER PICKUP,False,Sharing Floor Athens,01-SH,30553.0,Lavonia,"COOLER FOOD, MISC. LL",Food Misc.
321,177857,8970,R-111,Royston Housing Authority,FAIMPORT480476,,FP/OP/USDA,AFTER SCHOOL PROGRAM-Agency,BLUE RECEIPT-SHL,MCW-16-10001,39,0,0,0.0,39,FRANKLIN,0.0,3/25/2024 0:00,3/25/2024 0:00,Price Code 1,CUSTOMER PICKUP,False,Food Bank of Northeast Georgia,01,30662.0,Royston,"MISC. FOOD BOX, SHL RETAIL PICKUP",Food Misc.
157,181016,683,N-103,New Beginnings Ministry,483621,,ON PREMISES (OP),REHAB-Agency,BLUE RECEIPT-SHL,W-16-10001,57,0,0,10.26,57,FRANKLIN,0.18,5/17/2024 13:34,5/17/2024 11:23,Price Code 1,CONTACT FOR DELIVERY,False,Sharing Floor Athens,01-SH,30557.0,Martin,MISC. FOOD BOX SHL,Food Misc.
157,181795,5407,N-103,New Beginnings Ministry,484399,,ON PREMISES (OP),REHAB-Agency,BLUE RECEIPT-SHL,F-15-10000,36,0,0,6.48,36,FRANKLIN,0.18,6/3/2024 13:34,6/3/2024 10:45,Price Code 1,CONTACT FOR DELIVERY,False,Sharing Floor Athens,01-SH,30557.0,Martin,"MEAT & SEAFOOD, FROZEN SHL",Proteins
157,178018,8939,N-103,New Beginnings Ministry,480637,,ON PREMISES (OP),REHAB-Agency,BLUE RECEIPT-SHL,C-28-90530,7,0,0,0.0,294,FRANKLIN,0.0,4/5/2024 0:00,4/5/2024 10:42,Price Code 1,CUSTOMER PICKUP,False,Food Bank of Northeast Georgia,01,30557.0,Martin,"APPLES, SHL",Fruits
179,173499,3943,R-100,Rainbow Pantry,477128,,FP/USDA,FOOD PANTRY-Agency,USDA,N-50-10268,40,0,0,45.6,1520,FRANKLIN,0.03,2/1/2024 10:30,2/20/2024 13:42,Price Code 1,CONTACT FOR DELIVERY,False,Food Bank of Northeast Georgia,01,30662.0,Royston,USDA APPLE JUICE,Beverages
916,178136,683,W-125,World Outreach Ministries (d/b/a Ignited Church),480755,,FOOD PANTRY,FOOD PANTRY-Agency,BLUE RECEIPT-SHL,W-16-10001,24,0,0,4.32,24,FRANKLIN,0.18,4/2/2024 9:35,4/2/2024 15:00,Price Code 1,CUSTOMER PICKUP,False,Sharing Floor Athens,01-SH,30553.0,Lavonia,MISC. FOOD BOX SHL,Food Misc.
157,181573,9067,N-103,New Beginnings Ministry,484177,,ON PREMISES (OP),REHAB-Agency,BLUE RECEIPT-SHL,N-03-11833,5,0,0,0.0,90,FRANKLIN,0.0,6/3/2024 0:00,6/3/2024 11:27,Price Code 1,CONTACT FOR DELIVERY,False,Food Bank of Northeast Georgia,01,30557.0,Martin,DIET DR PEPPER,Beverages
973,175072,8625,G-134,The Grace Foundation: Family Transformation ,477702,,ON PREMISES (OP),REHAB-Agency,BLUE RECEIPT-SHL,N-03-11261,60,0,0,0.0,1980,FRANKLIN,0.0,2/9/2024 8:00,2/9/2024 11:59,Price Code 1,CUSTOMER PICKUP,False,Food Bank of Northeast Georgia,01,30557.0,Martin,STARRY ZERO SUGAR 24 X 20 FL OZ,Beverages
179,182301,3943,R-100,Rainbow Pantry,484905,,FP/USDA,FOOD PANTRY-Agency,USDA,N-50-10268,1,0,0,1.14,38,FRANKLIN,0.03,6/26/2024 11:30,6/27/2024 13:17,Price Code 1,CONTACT FOR DELIVERY,False,Food Bank of Northeast Georgia,01,30662.0,Royston,USDA APPLE JUICE,Beverages
157,177783,92,N-103,New Beginnings Ministry,480402,,ON PREMISES (OP),REHAB-Agency,LOCAL - LL,W-01-10002,42,0,0,7.56,42,FRANKLIN,0.18,3/22/2024 13:34,3/22/2024 11:26,Price Code 1,CONTACT FOR DELIVERY,False,Sharing Floor Athens,01-SH,30557.0,Martin,"ASSORTED NON-FOOD ITEMS, LL",Non-Food Misc.
157,180718,9034,N-103,New Beginnings Ministry,483324,,ON PREMISES (OP),REHAB-Agency,GNAP,N-40-10271,5,0,0,0.0,60,FRANKLIN,0.0,5/17/2024 0:00,5/17/2024 10:44,Price Code 1,CONTACT FOR DELIVERY,False,Food Bank of Northeast Georgia,01,30557.0,Martin,"GNAP MIX BERRY YOGURT, SHELF STABLE BACKPACK",Dairy
321,180447,8994,R-111,Royston Housing Authority,483053,,FP/OP/USDA,AFTER SCHOOL PROGRAM-Agency,GNAP,N-40-10269,2,0,0,0.0,54,FRANKLIN,0.0,5/15/2024 8:45,5/15/2024 10:03,Price Code 1,CUSTOMER PICKUP,False,Food Bank of Northeast Georgia,01,30662.0,Royston,"GNAP GREEN BEANS, WHOLE",Vegetables 
973,172865,8874,G-134,The Grace Foundation: Family Transformation ,476496,,ON PREMISES (OP),REHAB-Agency,YELLOW RECEIPT - SHN,F-10-10002,10,0,0,0.9,30,FRANKLIN,0.03,1/19/2024 8:00,1/19/2024 8:18,Price Code 1,CUSTOMER PICKUP,False,Food Bank of Northeast Georgia,01,30557.0,Martin,OUTSHINE TROPICAL SMOOTHIE CUBES,Beverages
321,179489,8975,R-111,Royston Housing Authority,FAIMPORT482102,,FP/OP/USDA,AFTER SCHOOL PROGRAM-Agency,BLUE RECEIPT-SHL,MCC-07-10001,11,0,0,0.0,11,FRANKLIN,0.0,4/22/2024 0:00,4/22/2024 0:00,Price Code 1,CUSTOMER PICKUP,False,Food Bank of Northeast Georgia,01,30662.0,Royston,"DAIRY PRODUCTS, SHL RETAIL PICKUPS",Dairy
476,180442,6780,S-129,"Step of Faith Outreach, INC",483048,,FP/OP/GNAP/USDA,FOOD PANTRY-Agency,USDA,C-50-10024,1,0,0,4.3,43,FRANKLIN,0.1,5/13/2024 16:09,5/14/2024 9:19,Price Code 1,CUSTOMER PICKUP,False,Food Bank of Northeast Georgia,01,30553.0,Lavonia,USDA APPLES,Fruits
973,176696,683,G-134,The Grace Foundation: Family Transformation ,479319,,ON PREMISES (OP),REHAB-Agency,BLUE RECEIPT-SHL,W-16-10001,176,0,0,31.68,176,FRANKLIN,0.18,3/5/2024 11:36,3/5/2024 11:45,Price Code 1,CUSTOMER PICKUP,False,Sharing Floor Athens,01-SH,30557.0,Martin,MISC. FOOD BOX SHL,Food Misc.
179,181563,8974,R-100,Rainbow Pantry,FAIMPORT484167,,FP/USDA,FOOD PANTRY-Agency,BLUE RECEIPT-SHL,MCW-04-10000,15,0,0,0.0,15,FRANKLIN,0.0,5/23/2024 0:00,5/23/2024 0:00,Price Code 1,CUSTOMER PICKUP,False,Food Bank of Northeast Georgia,01,30662.0,Royston,"BREAD AND BAKERY, SHL RETAIL PICKUPS",Grains
321,177801,8970,R-111,Royston Housing Authority,FAIMPORT480420,,FP/OP/USDA,AFTER SCHOOL PROGRAM-Agency,BLUE RECEIPT-SHL,MCW-16-10001,32,0,0,0.0,32,FRANKLIN,0.0,3/19/2024 0:00,3/19/2024 0:00,Price Code 1,CUSTOMER PICKUP,False,Food Bank of Northeast Georgia,01,30662.0,Royston,"MISC. FOOD BOX, SHL RETAIL PICKUP",Food Misc.
157,180718,6351,N-103,New Beginnings Ministry,483324,,ON PREMISES (OP),REHAB-Agency,BLUE RECEIPT-SHL,C-28-90163,3,0,0,0.0,150,FRANKLIN,0.0,5/17/2024 0:00,5/17/2024 10:44,Price Code 1,CONTACT FOR DELIVERY,False,Food Bank of Northeast Georgia,01,30557.0,Martin,YUKON GOLD POTATOES,Potatoes 
916,178136,92,W-125,World Outreach Ministries (d/b/a Ignited Church),480755,,FOOD PANTRY,FOOD PANTRY-Agency,LOCAL - LL,W-01-10002,6,0,0,0.0,6,FRANKLIN,0.0,4/2/2024 9:35,4/2/2024 15:00,Price Code 1,CUSTOMER PICKUP,False,Sharing Floor Athens,01-SH,30553.0,Lavonia,"ASSORTED NON-FOOD ITEMS, LL",Non-Food Misc.
321,181835,8975,R-111,Royston Housing Authority,FAIMPORT484439,,FP/OP/USDA,AFTER SCHOOL PROGRAM-Agency,BLUE RECEIPT-SHL,MCC-07-10001,27,0,0,0.0,27,FRANKLIN,0.0,6/3/2024 0:00,6/3/2024 0:00,Price Code 1,CUSTOMER PICKUP,False,Food Bank of Northeast Georgia,01,30662.0,Royston,"DAIRY PRODUCTS, SHL RETAIL PICKUPS",Dairy
941,175109,1481,L-117,Lavonia Church of God,477739,,FP/USDA,MOBILE PANTRY-Agency,USDA,N-50-10105,38,0,0,0.0,646,FRANKLIN,0.0,2/8/2024 7:00,2/8/2024 8:39,Price Code 1,TRUCK 1 MOBILE PANTRY,False,Food Bank of Northeast Georgia,01,30553.0,Lavonia,USDA DRIED CHERRIES CCC,Fruits
321,173424,8766,R-111,Royston Housing Authority,477053,,FP/OP/USDA,AFTER SCHOOL PROGRAM-Agency,LOCAL - LL,N-25-11919,8,0,0,2.88,16,FRANKLIN,0.18,1/25/2024 14:45,1/25/2024 12:46,Price Code 1,CUSTOMER PICKUP,False,Food Bank of Northeast Georgia,01,30662.0,Royston,GHIRARDELLI SEA SALT CARAMEL CHOCOLATE,Food Misc.
321,180447,9036,R-111,Royston Housing Authority,483053,,FP/OP/USDA,AFTER SCHOOL PROGRAM-Agency,GNAP,N-40-10273,1,0,0,0.0,14,FRANKLIN,0.0,5/15/2024 8:45,5/15/2024 10:03,Price Code 1,CUSTOMER PICKUP,False,Food Bank of Northeast Georgia,01,30662.0,Royston,GNAP PASTA O'S IN TOMATO SAUCE,Prepared Meals
321,180143,8975,R-111,Royston Housing Authority,FAIMPORT482750,,FP/OP/USDA,AFTER SCHOOL PROGRAM-Agency,BLUE RECEIPT-SHL,MCC-07-10001,11,0,0,0.0,11,FRANKLIN,0.0,5/2/2024 0:00,5/2/2024 0:00,Price Code 1,CUSTOMER PICKUP,False,Food Bank of Northeast Georgia,01,30662.0,Royston,"DAIRY PRODUCTS, SHL RETAIL PICKUPS",Dairy
973,173864,8938,G-134,The Grace Foundation: Family Transformation ,477493,,ON PREMISES (OP),REHAB-Agency,YELLOW RECEIPT - SHN,N-03-11808,40,0,0,0.0,720,FRANKLIN,0.0,2/2/2024 17:49,2/7/2024 8:03,Price Code 1,CUSTOMER PICKUP,False,Food Bank of Northeast Georgia,01,30557.0,Martin,GATORADE COOL BLUE ZERO SUGAR,Beverages
321,177079,8782,R-111,Royston Housing Authority,479701,,FP/OP/USDA,AFTER SCHOOL PROGRAM-Agency,BLUE RECEIPT-SHL,N-03-11754,2,0,0,1.68,56,FRANKLIN,0.03,3/14/2024 14:45,3/14/2024 10:13,Price Code 1,CUSTOMER PICKUP,False,Food Bank of Northeast Georgia,01,30662.0,Royston,LIPTON GREEN TEA CITRUS,Beverages
157,176089,5772,N-103,New Beginnings Ministry,478716,,ON PREMISES (OP),REHAB-Agency,LOCAL - LL,C-28-10000,79,0,0,2.37,79,FRANKLIN,0.03,2/23/2024 13:34,2/23/2024 10:47,Price Code 1,CONTACT FOR DELIVERY,False,Sharing Floor Athens,01-SH,30557.0,Martin,"PRODUCE, FRESH LL",Mixed Produce
179,175758,6786,R-100,Rainbow Pantry,478386,,FP/USDA,FOOD PANTRY-Agency,LOCAL - LL,C-28-90215,2,0,0,5.0,100,FRANKLIN,0.05,2/22/2024 13:46,2/22/2024 9:28,Price Code 1,CONTACT FOR DELIVERY,False,Food Bank of Northeast Georgia,01,30662.0,Royston,"POTATOES, RUSSET",Potatoes 
157,181573,6655,N-103,New Beginnings Ministry,484177,,ON PREMISES (OP),REHAB-Agency,LOCAL - LL,C-28-90413,2,0,0,2.0,100,FRANKLIN,0.02,6/3/2024 0:00,6/3/2024 11:27,Price Code 1,CONTACT FOR DELIVERY,False,Food Bank of Northeast Georgia,01,30557.0,Martin,CABBAGE,Vegetables 
973,177880,690,G-134,The Grace Foundation: Family Transformation ,480499,,ON PREMISES (OP),REHAB-Agency,BLUE RECEIPT-SHL,W-03-10013,94,0,0,0.0,94,FRANKLIN,0.0,3/26/2024 10:51,3/26/2024 10:54,Price Code 1,CUSTOMER PICKUP,False,Sharing Floor Athens,01-SH,30557.0,Martin,"ASSORTED BEVERAGES, SHL",Beverages
179,181476,9077,R-100,Rainbow Pantry,484080,,FP/USDA,FOOD PANTRY-Agency,BLUE RECEIPT-SHL,N-03-11839,10,0,0,0.0,270,FRANKLIN,0.0,6/6/2024 10:00,6/6/2024 13:08,Price Code 1,TRUCK 1,False,Food Bank of Northeast Georgia,01,30662.0,Royston,MTN DEW 36 X 12 FL OZ,Beverages
179,178817,8546,R-100,Rainbow Pantry,481431,,FP/USDA,FOOD PANTRY-Agency,BLUE RECEIPT-SHL,N-03-10262,15,0,0,0.0,450,FRANKLIN,0.0,4/18/2024 10:30,4/18/2024 8:36,Price Code 1,TRUCK 1,False,Food Bank of Northeast Georgia,01,30662.0,Royston,STARRY LEMON LIME SODA 16.9 OZ,Beverages
157,177783,50,N-103,New Beginnings Ministry,480402,,ON PREMISES (OP),REHAB-Agency,LOCAL - LL,W-16-10002,51,0,0,9.18,51,FRANKLIN,0.18,3/22/2024 13:34,3/22/2024 11:26,Price Code 1,CONTACT FOR DELIVERY,False,Sharing Floor Athens,01-SH,30557.0,Martin,MISC. FOOD BOX LL,Food Misc.
941,181780,1674,L-117,Lavonia Church of God,484384,,FP/USDA,MOBILE PANTRY-Agency,USDA,N-50-10073,13,0,0,0.0,351,FRANKLIN,0.0,6/13/2024 7:00,6/13/2024 16:49,Price Code 1,TRUCK 1 MOBILE PANTRY,False,Food Bank of Northeast Georgia,01,30553.0,Lavonia,USDA TOMATO SAUCE,Vegetables 
321,176218,6925,R-111,Royston Housing Authority,478844,,FP/OP/USDA,AFTER SCHOOL PROGRAM-Agency,BLUE RECEIPT-SHL,C-28-90401,1,0,0,1.0,50,FRANKLIN,0.02,2/29/2024 14:45,3/4/2024 10:11,Price Code 1,CUSTOMER PICKUP,False,Food Bank of Northeast Georgia,01,30662.0,Royston,POTATOES,Potatoes 
157,176514,5938,N-103,New Beginnings Ministry,479138,,ON PREMISES (OP),REHAB-Agency,BLUE RECEIPT-SHL,C-28-10001,32,0,0,0.96,32,FRANKLIN,0.03,3/1/2024 13:34,3/1/2024 11:17,Price Code 1,CONTACT FOR DELIVERY,False,Sharing Floor Athens,01-SH,30557.0,Martin,"PRODUCE, FRESH SHL",Mixed Produce
157,181016,696,N-103,New Beginnings Ministry,483621,,ON PREMISES (OP),REHAB-Agency,LOCAL - LL,W-25-10000,148,0,0,26.64,148,FRANKLIN,0.18,5/17/2024 13:34,5/17/2024 11:23,Price Code 1,CONTACT FOR DELIVERY,False,Sharing Floor Athens,01-SH,30557.0,Martin,"ASSORTED SNACK ITEMS, LL",Food Misc.
179,173499,8929,R-100,Rainbow Pantry,477128,,FP/USDA,FOOD PANTRY-Agency,BLUE RECEIPT-SHL,N-03-11804,5,0,0,0.0,90,FRANKLIN,0.0,2/1/2024 10:30,2/20/2024 13:42,Price Code 1,CONTACT FOR DELIVERY,False,Food Bank of Northeast Georgia,01,30662.0,Royston,GATORADE GRAPE LOWER SUGAR,Beverages
179,181566,8970,R-100,Rainbow Pantry,FAIMPORT484170,,FP/USDA,FOOD PANTRY-Agency,BLUE RECEIPT-SHL,MCW-16-10001,60,0,0,0.0,60,FRANKLIN,0.0,5/26/2024 0:00,5/26/2024 0:00,Price Code 1,CUSTOMER PICKUP,False,Food Bank of Northeast Georgia,01,30662.0,Royston,"MISC. FOOD BOX, SHL RETAIL PICKUP",Food Misc.
321,176812,8974,R-111,Royston Housing Authority,FAIMPORT479435,,FP/OP/USDA,AFTER SCHOOL PROGRAM-Agency,BLUE RECEIPT-SHL,MCW-04-10000,955,0,0,0.0,955,FRANKLIN,0.0,3/5/2024 0:00,3/5/2024 0:00,Price Code 1,CUSTOMER PICKUP,False,Food Bank of Northeast Georgia,01,30662.0,Royston,"BREAD AND BAKERY, SHL RETAIL PICKUPS",Grains
179,176131,3943,R-100,Rainbow Pantry,478758,,FP/USDA,FOOD PANTRY-Agency,USDA,N-50-10268,20,0,0,22.8,760,FRANKLIN,0.03,3/7/2024 10:30,3/8/2024 7:51,Price Code 1,CONTACT FOR DELIVERY,False,Food Bank of Northeast Georgia,01,30662.0,Royston,USDA APPLE JUICE,Beverages
321,178708,8975,R-111,Royston Housing Authority,FAIMPORT481322,,FP/OP/USDA,AFTER SCHOOL PROGRAM-Agency,BLUE RECEIPT-SHL,MCC-07-10001,131,0,0,0.0,131,FRANKLIN,0.0,4/8/2024 0:00,4/8/2024 0:00,Price Code 1,CUSTOMER PICKUP,False,Food Bank of Northeast Georgia,01,30662.0,Royston,"DAIRY PRODUCTS, SHL RETAIL PICKUPS",Dairy
157,178384,5407,N-103,New Beginnings Ministry,481000,,ON PREMISES (OP),REHAB-Agency,BLUE RECEIPT-SHL,F-15-10000,90,0,0,16.2,90,FRANKLIN,0.18,4/5/2024 13:34,4/5/2024 10:23,Price Code 1,CONTACT FOR DELIVERY,False,Sharing Floor Athens,01-SH,30557.0,Martin,"MEAT & SEAFOOD, FROZEN SHL",Proteins
941,175109,170,L-117,Lavonia Church of God,477739,,FP/USDA,MOBILE PANTRY-Agency,USDA,N-50-10007,13,0,0,0.0,364,FRANKLIN,0.0,2/8/2024 7:00,2/8/2024 8:39,Price Code 1,TRUCK 1 MOBILE PANTRY,False,Food Bank of Northeast Georgia,01,30553.0,Lavonia,"USDA CORN, WHOLE KERNEL NO SALT",Vegetables 
157,179735,8546,N-103,New Beginnings Ministry,482348,,ON PREMISES (OP),REHAB-Agency,BLUE RECEIPT-SHL,N-03-10262,5,0,0,0.0,150,FRANKLIN,0.0,5/3/2024 0:00,5/3/2024 12:29,Price Code 1,CUSTOMER PICKUP,False,Food Bank of Northeast Georgia,01,30557.0,Martin,STARRY LEMON LIME SODA 16.9 OZ,Beverages
941,172698,5772,L-117,Lavonia Church of God,476329,,FP/USDA,MOBILE PANTRY-Agency,LOCAL - LL,C-28-10000,3012,0,0,0.0,3012,FRANKLIN,0.0,1/11/2024 9:01,1/11/2024 8:33,Price Code 1,TRUCK 1 MOBILE PANTRY,False,Food Bank of Northeast Georgia,01,30553.0,Lavonia,"PRODUCE, FRESH LL",Mixed Produce
179,177931,8783,R-100,Rainbow Pantry,480550,,FP/USDA,FOOD PANTRY-Agency,USDA,N-50-10308,12,0,0,49.68,276,FRANKLIN,0.18,4/4/2024 13:46,4/4/2024 9:23,Price Code 1,CONTACT FOR DELIVERY,False,Food Bank of Northeast Georgia,01,30662.0,Royston,USDA RAISINS,Fruits
179,180878,4036,R-100,Rainbow Pantry,483484,,FP/USDA,FOOD PANTRY-Agency,BLUE RECEIPT-SHL,N-03-11005,15,0,0,0.0,150,FRANKLIN,0.0,5/23/2024 11:00,5/28/2024 7:42,Price Code 1,TRUCK 1,False,Food Bank of Northeast Georgia,01,30662.0,Royston,DIET PEPSI,Beverages
973,173864,811,G-134,The Grace Foundation: Family Transformation ,477493,,ON PREMISES (OP),REHAB-Agency,BLUE RECEIPT-SHL,N-03-10109,1,0,0,0.0,38,FRANKLIN,0.0,2/2/2024 17:49,2/7/2024 8:03,Price Code 1,CUSTOMER PICKUP,False,Food Bank of Northeast Georgia,01,30557.0,Martin,DIET PEPSI,Beverages
973,178534,9006,G-134,The Grace Foundation: Family Transformation ,481150,,ON PREMISES (OP),REHAB-Agency,BLUE RECEIPT-SHL,N-03-11825,20,0,0,0.0,220,FRANKLIN,0.0,4/12/2024 11:10,4/25/2024 7:41,Price Code 1,CUSTOMER PICKUP,False,Food Bank of Northeast Georgia,01,30557.0,Martin,STARBUCKS NITRO COLD BREW,Beverages
179,179533,8783,R-100,Rainbow Pantry,482146,,FP/USDA,FOOD PANTRY-Agency,USDA,N-50-10308,15,0,0,62.1,345,FRANKLIN,0.18,5/9/2024 10:30,5/9/2024 9:48,Price Code 1,TRUCK 1,False,Food Bank of Northeast Georgia,01,30662.0,Royston,USDA RAISINS,Fruits
321,182646,8971,R-111,Royston Housing Authority,FAIMPORT485249,,FP/OP/USDA,AFTER SCHOOL PROGRAM-Agency,BLUE RECEIPT-SHL,MCF-16-10001,1215,0,0,0.0,1215,FRANKLIN,0.0,6/25/2024 0:00,6/25/2024 0:00,Price Code 1,CUSTOMER PICKUP,False,Food Bank of Northeast Georgia,01,30662.0,Royston,"FROZEN FOODS, MISC SHL RETAIL PICKUP",Food Misc.
179,178866,1045,R-100,Rainbow Pantry,481480,,FP/USDA,FOOD PANTRY-Agency,BLUE RECEIPT-SHL,W-25-10009,140,0,0,25.2,140,FRANKLIN,0.18,4/12/2024 13:46,4/12/2024 11:09,Price Code 1,CUSTOMER PICKUP,False,Sharing Floor Athens,01-SH,30662.0,Royston,"ASSORTED SNACK ITEMS, SHL",Food Misc.
941,178531,84,L-117,Lavonia Church of God,481147,,FP/USDA,MOBILE PANTRY-Agency,USDA,N-50-10006,13,0,0,0.0,351,FRANKLIN,0.0,4/11/2024 7:00,4/11/2024 6:46,Price Code 1,TRUCK 1 MOBILE PANTRY,False,Food Bank of Northeast Georgia,01,30553.0,Lavonia,USDA GREEN BEANS,Vegetables 
321,172938,1045,R-111,Royston Housing Authority,476569,,FP/OP/USDA,AFTER SCHOOL PROGRAM-Agency,BLUE RECEIPT-SHL,W-25-10009,68,0,0,0.0,68,FRANKLIN,0.0,1/11/2024 14:45,1/11/2024 11:37,Price Code 1,CUSTOMER PICKUP,False,Sharing Floor Athens,01-SH,30662.0,Royston,"ASSORTED SNACK ITEMS, SHL",Food Misc.
179,178817,9007,R-100,Rainbow Pantry,481431,,FP/USDA,FOOD PANTRY-Agency,BLUE RECEIPT-SHL,N-03-11826,10,0,0,0.0,110,FRANKLIN,0.0,4/18/2024 10:30,4/18/2024 8:36,Price Code 1,TRUCK 1,False,Food Bank of Northeast Georgia,01,30662.0,Royston,PEPSI NITRO DRAFT COLA 12PK,Beverages
321,173564,8910,R-111,Royston Housing Authority,477193,,FP/OP/USDA,AFTER SCHOOL PROGRAM-Agency,BLUE RECEIPT-SHL,N-03-11796,3,0,0,0.0,30,FRANKLIN,0.0,2/1/2024 14:45,2/1/2024 10:38,Price Code 1,CUSTOMER PICKUP,False,Food Bank of Northeast Georgia,01,30662.0,Royston,DR PEPPER STRAWBERRIES AND CREAM 12 FL OZ,Beverages
157,178859,875,N-103,New Beginnings Ministry,481473,,ON PREMISES (OP),REHAB-Agency,BLUE RECEIPT-SHL,W-04-10000,22,0,0,0.0,22,FRANKLIN,0.0,4/12/2024 13:34,4/12/2024 10:29,Price Code 1,CONTACT FOR DELIVERY,False,Sharing Floor Athens,01-SH,30557.0,Martin,"BREAD & BAKERY, ASSORTED SHL",Grains
973,178534,8739,G-134,The Grace Foundation: Family Transformation ,481150,,ON PREMISES (OP),REHAB-Agency,BLUE RECEIPT-SHL,N-03-11739,20,0,0,0.0,200,FRANKLIN,0.0,4/12/2024 11:10,4/25/2024 7:41,Price Code 1,CUSTOMER PICKUP,False,Food Bank of Northeast Georgia,01,30557.0,Martin,MT DEW ZERO SUGAR BAJA BLAST,Beverages
157,180596,688,N-103,New Beginnings Ministry,483202,,ON PREMISES (OP),REHAB-Agency,BLUE RECEIPT-SHL,W-01-10000,15,0,0,2.7,15,FRANKLIN,0.18,5/10/2024 13:34,5/10/2024 10:17,Price Code 1,CONTACT FOR DELIVERY,False,Sharing Floor Athens,01-SH,30557.0,Martin,"ASSORTED NON-FOOD ITEMS, SHL",Non-Food Misc.
321,180141,8975,R-111,Royston Housing Authority,FAIMPORT482748,,FP/OP/USDA,AFTER SCHOOL PROGRAM-Agency,BLUE RECEIPT-SHL,MCC-07-10001,62,0,0,0.0,62,FRANKLIN,0.0,5/2/2024 0:00,5/2/2024 0:00,Price Code 1,CUSTOMER PICKUP,False,Food Bank of Northeast Georgia,01,30662.0,Royston,"DAIRY PRODUCTS, SHL RETAIL PICKUPS",Dairy
321,176218,8837,R-111,Royston Housing Authority,478844,,FP/OP/USDA,AFTER SCHOOL PROGRAM-Agency,BLUE RECEIPT-SHL,N-03-11773,2,0,0,0.0,20,FRANKLIN,0.0,2/29/2024 14:45,3/4/2024 10:11,Price Code 1,CUSTOMER PICKUP,False,Food Bank of Northeast Georgia,01,30662.0,Royston,MT DEW PASSSIONFRUIT PUNCH,Beverages
179,172361,8720,R-100,Rainbow Pantry,475992,,FP/USDA,FOOD PANTRY-Agency,USDA,N-50-10305,30,0,0,75.6,420,FRANKLIN,0.18,1/5/2024 10:30,1/16/2024 8:22,Price Code 1,CONTACT FOR DELIVERY,False,Food Bank of Northeast Georgia,01,30662.0,Royston,USDA MIXED VEGETABLES CCC,Vegetables 
942,179966,7008,M-140FRANKLIN,Franklin County MedLink Georgia,482575,,DIRECT ASSISTANCE,MOBILE PANTRY-Agency,LOCAL - LL,C-28-90443,10,0,0,0.0,220,FRANKLIN,0.0,5/10/2024 8:00,5/10/2024 7:57,Mobile Pantry/Feed Site Only,TRACTOR TRAILER 1 MOBILE PANTRY,False,Food Bank of Northeast Georgia,01,30628.0,Colbert,BELL PEPPERS,Vegetables
179,176131,8587,R-100,Rainbow Pantry,478758,,FP/USDA,FOOD PANTRY-Agency,BLUE RECEIPT-SHL,N-03-10269,35,0,0,0.0,980,FRANKLIN,0.0,3/7/2024 10:30,3/8/2024 7:51,Price Code 1,CONTACT FOR DELIVERY,False,Food Bank of Northeast Georgia,01,30662.0,Royston,PEPSI ZERO SUGAR,Beverages
179,173499,8915,R-100,Rainbow Pantry,477128,,FP/USDA,FOOD PANTRY-Agency,USDA,F-50-90474,5,0,0,36.0,200,FRANKLIN,0.18,2/1/2024 10:30,2/20/2024 13:42,Price Code 1,CONTACT FOR DELIVERY,False,Food Bank of Northeast Georgia,01,30662.0,Royston,USDA PACIFIC SALAD SHRIMP,Proteins
916,175582,875,W-125,World Outreach Ministries (d/b/a Ignited Church),478210,,FOOD PANTRY,FOOD PANTRY-Agency,BLUE RECEIPT-SHL,W-04-10000,22,0,0,0.0,22,FRANKLIN,0.0,2/13/2024 9:35,2/13/2024 14:06,Price Code 1,CUSTOMER PICKUP,False,Sharing Floor Athens,01-SH,30553.0,Lavonia,"BREAD & BAKERY, ASSORTED SHL",Grains
973,173384,8827,G-134,The Grace Foundation: Family Transformation ,477013,,ON PREMISES (OP),REHAB-Agency,BLUE RECEIPT-SHL,N-03-11766,14,0,0,0.0,112,FRANKLIN,0.0,1/26/2024 8:30,1/26/2024 9:19,Price Code 1,CUSTOMER PICKUP,False,Food Bank of Northeast Georgia,01,30557.0,Martin,PEPSI MINI CANS,Beverages
941,181780,875,L-117,Lavonia Church of God,484384,,FP/USDA,MOBILE PANTRY-Agency,BLUE RECEIPT-SHL,W-04-10000,275,0,0,0.0,275,FRANKLIN,0.0,6/13/2024 7:00,6/13/2024 16:49,Price Code 1,TRUCK 1 MOBILE PANTRY,False,Food Bank of Northeast Georgia,01,30553.0,Lavonia,"BREAD & BAKERY, ASSORTED SHL",Grains
157,180273,123,N-103,New Beginnings Ministry,482879,,ON PREMISES (OP),REHAB-Agency,GNAP,N-40-10002,5,0,0,0.0,75,FRANKLIN,0.0,5/10/2024 10:25,5/10/2024 10:31,Price Code 1,CUSTOMER PICKUP,False,Food Bank of Northeast Georgia,01,30557.0,Martin,GNAP PEANUT BUTTER,Proteins
973,172865,8682,G-134,The Grace Foundation: Family Transformation ,476496,,ON PREMISES (OP),REHAB-Agency,BLUE RECEIPT-SHL,N-03-11727,10,0,0,0.0,280,FRANKLIN,0.0,1/19/2024 8:00,1/19/2024 8:18,Price Code 1,CUSTOMER PICKUP,False,Food Bank of Northeast Georgia,01,30557.0,Martin,LIPTON DIET GREEN TEA CITRUS,Beverages
941,178531,1047,L-117,Lavonia Church of God,481147,,FP/USDA,MOBILE PANTRY-Agency,USDA,N-50-10041,25,0,0,0.0,1225,FRANKLIN,0.0,4/11/2024 7:00,4/11/2024 6:46,Price Code 1,TRUCK 1 MOBILE PANTRY,False,Food Bank of Northeast Georgia,01,30553.0,Lavonia,USDA RICE,Grains
973,177949,8905,G-134,The Grace Foundation: Family Transformation ,480568,,ON PREMISES (OP),REHAB-Agency,BLUE RECEIPT-SHL,N-03-11794,20,0,0,0.0,760,FRANKLIN,0.0,4/3/2024 11:33,4/3/2024 12:08,Price Code 1,CUSTOMER PICKUP,False,Food Bank of Northeast Georgia,01,30557.0,Martin,"PEPSI, 12/1.25L",Beverages
157,176221,8965,N-103,New Beginnings Ministry,478847,,ON PREMISES (OP),REHAB-Agency,YELLOW RECEIPT - SHN,N-25-11962,10,0,0,19.8,110,FRANKLIN,0.18,3/1/2024 0:00,3/1/2024 10:51,Price Code 1,CUSTOMER PICKUP,False,Food Bank of Northeast Georgia,01,30557.0,Martin,SNACK PACK FRUITY PEBBLES PUDDING,Food Misc.
157,172609,50,N-103,New Beginnings Ministry,476240,,ON PREMISES (OP),REHAB-Agency,LOCAL - LL,W-16-10002,23,0,0,4.14,23,FRANKLIN,0.18,1/5/2024 13:34,1/5/2024 10:31,Price Code 1,CONTACT FOR DELIVERY,False,Sharing Floor Athens,01-SH,30557.0,Martin,MISC. FOOD BOX LL,Food Misc.
942,179966,1521,M-140FRANKLIN,Franklin County MedLink Georgia,482575,,DIRECT ASSISTANCE,MOBILE PANTRY-Agency,USDA,N-50-10104,18,0,0,0.0,450,FRANKLIN,0.0,5/10/2024 8:00,5/10/2024 7:57,Mobile Pantry/Feed Site Only,TRACTOR TRAILER 1 MOBILE PANTRY,False,Food Bank of Northeast Georgia,01,30628.0,Colbert,USDA LENTIL BEANS,Proteins
321,180447,7118,R-111,Royston Housing Authority,483053,,FP/OP/USDA,AFTER SCHOOL PROGRAM-Agency,GNAP,N-40-10225,1,0,0,0.0,10,FRANKLIN,0.0,5/15/2024 8:45,5/15/2024 10:03,Price Code 1,CUSTOMER PICKUP,False,Food Bank of Northeast Georgia,01,30662.0,Royston,GNAP CRISPY RICE CEREAL,Grains
321,177079,8781,R-111,Royston Housing Authority,479701,,FP/OP/USDA,AFTER SCHOOL PROGRAM-Agency,BLUE RECEIPT-SHL,N-03-11753,4,0,0,2.76,92,FRANKLIN,0.03,3/14/2024 14:45,3/14/2024 10:13,Price Code 1,CUSTOMER PICKUP,False,Food Bank of Northeast Georgia,01,30662.0,Royston,PURE LEAF SWEET TEA,Beverages
179,181560,8971,R-100,Rainbow Pantry,FAIMPORT484164,,FP/USDA,FOOD PANTRY-Agency,BLUE RECEIPT-SHL,MCF-16-10001,33,0,0,0.0,33,FRANKLIN,0.0,5/22/2024 0:00,5/22/2024 0:00,Price Code 1,CUSTOMER PICKUP,False,Food Bank of Northeast Georgia,01,30662.0,Royston,"FROZEN FOODS, MISC SHL RETAIL PICKUP",Food Misc.
476,172565,8899,S-129,"Step of Faith Outreach, INC",476196,,FP/OP/GNAP/USDA,FOOD PANTRY-Agency,BLUE RECEIPT-SHL,N-03-11790,10,0,0,0.0,130,FRANKLIN,0.0,1/8/2024 16:09,1/8/2024 11:33,Price Code 1,CUSTOMER PICKUP,False,Food Bank of Northeast Georgia,01,30553.0,Lavonia,STARBUCKS DOUBLE SHOT ENERGY,Beverages
916,179213,1045,W-125,World Outreach Ministries (d/b/a Ignited Church),481826,,FOOD PANTRY,FOOD PANTRY-Agency,BLUE RECEIPT-SHL,W-25-10009,25,0,0,4.5,25,FRANKLIN,0.18,4/18/2024 9:35,4/18/2024 13:51,Price Code 1,CUSTOMER PICKUP,False,Sharing Floor Athens,01-SH,30553.0,Lavonia,"ASSORTED SNACK ITEMS, SHL",Food Misc.
941,176929,8497,L-117,Lavonia Church of God,479551,,FP/USDA,MOBILE PANTRY-Agency,USDA,C-50-10048,60,0,0,0.0,1920,FRANKLIN,0.0,3/14/2024 7:00,3/14/2024 7:18,Price Code 1,TRUCK 1 MOBILE PANTRY,False,Food Bank of Northeast Georgia,01,30553.0,Lavonia,USDA MANDARIN ORANGES,Fruits
321,179190,8970,R-111,Royston Housing Authority,FAIMPORT481803,,FP/OP/USDA,AFTER SCHOOL PROGRAM-Agency,BLUE RECEIPT-SHL,MCW-16-10001,63,0,0,0.0,63,FRANKLIN,0.0,4/16/2024 0:00,4/16/2024 0:00,Price Code 1,CUSTOMER PICKUP,False,Food Bank of Northeast Georgia,01,30662.0,Royston,"MISC. FOOD BOX, SHL RETAIL PICKUP",Food Misc.
973,178534,1786,G-134,The Grace Foundation: Family Transformation ,481150,,ON PREMISES (OP),REHAB-Agency,BLUE RECEIPT-SHL,N-03-10670,25,0,0,0.0,150,FRANKLIN,0.0,4/12/2024 11:10,4/25/2024 7:41,Price Code 1,CUSTOMER PICKUP,False,Food Bank of Northeast Georgia,01,30557.0,Martin,DIET DR PEPPER,Beverages
321,181288,8973,R-111,Royston Housing Authority,FAIMPORT483893,,FP/OP/USDA,AFTER SCHOOL PROGRAM-Agency,BLUE RECEIPT-SHL,MCC-16-10001,70,0,0,0.0,70,FRANKLIN,0.0,5/20/2024 0:00,5/20/2024 0:00,Price Code 1,CUSTOMER PICKUP,False,Food Bank of Northeast Georgia,01,30662.0,Royston,"COOLER FOOD MISC., SHL RETAIL PICKUP",Food Misc.
916,175582,690,W-125,World Outreach Ministries (d/b/a Ignited Church),478210,,FOOD PANTRY,FOOD PANTRY-Agency,BLUE RECEIPT-SHL,W-03-10013,165,0,0,0.0,165,FRANKLIN,0.0,2/13/2024 9:35,2/13/2024 14:06,Price Code 1,CUSTOMER PICKUP,False,Sharing Floor Athens,01-SH,30553.0,Lavonia,"ASSORTED BEVERAGES, SHL",Beverages
179,179533,84,R-100,Rainbow Pantry,482146,,FP/USDA,FOOD PANTRY-Agency,USDA,N-50-10006,10,0,0,48.6,270,FRANKLIN,0.18,5/9/2024 10:30,5/9/2024 9:48,Price Code 1,TRUCK 1,False,Food Bank of Northeast Georgia,01,30662.0,Royston,USDA GREEN BEANS,Vegetables 
179,177165,8943,R-100,Rainbow Pantry,479786,,FP/USDA,FOOD PANTRY-Agency,BLUE RECEIPT-SHL,C-28-90534,11,0,0,0.0,462,FRANKLIN,0.0,3/21/2024 10:30,3/27/2024 10:09,Price Code 1,CONTACT FOR DELIVERY,False,Food Bank of Northeast Georgia,01,30662.0,Royston,"SWEET POTATO, SHL",Potatoes 
973,177949,8954,G-134,The Grace Foundation: Family Transformation ,480568,,ON PREMISES (OP),REHAB-Agency,BLUE RECEIPT-SHL,N-03-11815,1,0,0,0.0,28,FRANKLIN,0.0,4/3/2024 11:33,4/3/2024 12:08,Price Code 1,CUSTOMER PICKUP,False,Food Bank of Northeast Georgia,01,30557.0,Martin,LIPTON HALF&HALF ICED TEA LEMONADE,Beverages
942,179966,2202,M-140FRANKLIN,Franklin County MedLink Georgia,482575,,DIRECT ASSISTANCE,MOBILE PANTRY-Agency,USDA,N-50-10240,11,0,0,0.0,242,FRANKLIN,0.0,5/10/2024 8:00,5/10/2024 7:57,Mobile Pantry/Feed Site Only,TRACTOR TRAILER 1 MOBILE PANTRY,False,Food Bank of Northeast Georgia,01,30628.0,Colbert,USDA SPAGHETTI,Grains
157,172609,5958,N-103,New Beginnings Ministry,476240,,ON PREMISES (OP),REHAB-Agency,BLUE RECEIPT-SHL,C-16-10001,27,0,0,4.86,27,FRANKLIN,0.18,1/5/2024 13:34,1/5/2024 10:31,Price Code 1,CONTACT FOR DELIVERY,False,Sharing Floor Athens,01-SH,30557.0,Martin,"COOLER FOOD, MISC. SHL",Food Misc.
157,176221,8968,N-103,New Beginnings Ministry,478847,,ON PREMISES (OP),REHAB-Agency,YELLOW RECEIPT - SHN,N-27-10134,20,0,0,8.8,880,FRANKLIN,0.01,3/1/2024 0:00,3/1/2024 10:51,Price Code 1,CUSTOMER PICKUP,False,Food Bank of Northeast Georgia,01,30557.0,Martin,"HUNTS TOMATO SAUCE, NO SALT ADDED",Vegetables 
973,181746,9014,G-134,The Grace Foundation: Family Transformation ,484350,,ON PREMISES (OP),REHAB-Agency,PURCH,N-27-10136,5,0,261,24.3,135,FRANKLIN,0.18,6/7/2024 9:30,6/7/2024 9:23,Price Code 1,CUSTOMER PICKUP,False,Food Bank of Northeast Georgia,01,30557.0,Martin,"GREEN BEANS, HARVEST VALLEY",Vegetables 
941,180242,8991,L-117,Lavonia Church of God,482848,,FP/USDA,MOBILE PANTRY-Agency,USDA,N-50-10311,13,0,0,0.0,312,FRANKLIN,0.0,5/9/2024 7:00,5/9/2024 8:53,Price Code 1,TRUCK 1 MOBILE PANTRY,False,Food Bank of Northeast Georgia,01,30553.0,Lavonia,USDA HAZELNUTS CCC,Proteins
157,172403,8885,N-103,New Beginnings Ministry,476034,,ON PREMISES (OP),REHAB-Agency,LFB,N-19-10054,50,0,0,126.0,700,FRANKLIN,0.18,1/5/2024 12:30,1/5/2024 11:23,Price Code 1,CONTACT FOR DELIVERY,False,Food Bank of Northeast Georgia,01,30557.0,Martin,COTTONELLE TOILET PAPER 4/9,Non-Food Misc.
973,173383,8837,G-134,The Grace Foundation: Family Transformation ,477012,,ON PREMISES (OP),REHAB-Agency,BLUE RECEIPT-SHL,N-03-11773,25,0,0,0.0,250,FRANKLIN,0.0,1/26/2024 8:00,1/26/2024 9:10,Price Code 1,CUSTOMER PICKUP,False,Food Bank of Northeast Georgia,01,30557.0,Martin,MT DEW PASSSIONFRUIT PUNCH,Beverages
973,181155,696,G-134,The Grace Foundation: Family Transformation ,483760,,ON PREMISES (OP),REHAB-Agency,LOCAL - LL,W-25-10000,109,0,0,19.62,109,FRANKLIN,0.18,5/21/2024 15:19,5/21/2024 15:26,Price Code 1,CUSTOMER PICKUP,False,Sharing Floor Athens,01-SH,30557.0,Martin,"ASSORTED SNACK ITEMS, LL",Food Misc.
941,176929,1047,L-117,Lavonia Church of God,479551,,FP/USDA,MOBILE PANTRY-Agency,USDA,N-50-10041,25,0,0,0.0,1225,FRANKLIN,0.0,3/14/2024 7:00,3/14/2024 7:18,Price Code 1,TRUCK 1 MOBILE PANTRY,False,Food Bank of Northeast Georgia,01,30553.0,Lavonia,USDA RICE,Grains
179,181476,84,R-100,Rainbow Pantry,484080,,FP/USDA,FOOD PANTRY-Agency,USDA,N-50-10006,8,0,0,38.88,216,FRANKLIN,0.18,6/6/2024 10:00,6/6/2024 13:08,Price Code 1,TRUCK 1,False,Food Bank of Northeast Georgia,01,30662.0,Royston,USDA GREEN BEANS,Vegetables 
179,176131,170,R-100,Rainbow Pantry,478758,,FP/USDA,FOOD PANTRY-Agency,USDA,N-50-10007,20,0,0,100.8,560,FRANKLIN,0.18,3/7/2024 10:30,3/8/2024 7:51,Price Code 1,CONTACT FOR DELIVERY,False,Food Bank of Northeast Georgia,01,30662.0,Royston,"USDA CORN, WHOLE KERNEL NO SALT",Vegetables 
941,172698,170,L-117,Lavonia Church of God,476329,,FP/USDA,MOBILE PANTRY-Agency,USDA,N-50-10007,13,0,0,0.0,364,FRANKLIN,0.0,1/11/2024 9:01,1/11/2024 8:33,Price Code 1,TRUCK 1 MOBILE PANTRY,False,Food Bank of Northeast Georgia,01,30553.0,Lavonia,"USDA CORN, WHOLE KERNEL NO SALT",Vegetables 
973,173104,696,G-134,The Grace Foundation: Family Transformation ,476734,,ON PREMISES (OP),REHAB-Agency,LOCAL - LL,W-25-10000,39,0,0,7.02,39,FRANKLIN,0.18,1/16/2024 9:57,1/16/2024 10:08,Price Code 1,CUSTOMER PICKUP,False,Sharing Floor Athens,01-SH,30557.0,Martin,"ASSORTED SNACK ITEMS, LL",Food Misc.
476,177247,8931,S-129,"Step of Faith Outreach, INC",479867,,FP/OP/GNAP/USDA,FOOD PANTRY-Agency,SBB-O,N-16-20003,18,0,0,0.0,396,FRANKLIN,0.0,3/20/2024 16:09,3/20/2024 11:34,Price Code 1,CUSTOMER PICKUP,False,Food Bank of Northeast Georgia,01,30553.0,Lavonia,SENIOR STAPLES BOX - ASSORTED USDA,Food Misc.
179,180601,3943,R-100,Rainbow Pantry,483207,,FP/USDA,FOOD PANTRY-Agency,USDA,N-50-10268,30,0,0,34.2,1140,FRANKLIN,0.03,5/23/2024 10:15,5/28/2024 7:55,Price Code 1,TRUCK 1,False,Food Bank of Northeast Georgia,01,30662.0,Royston,USDA APPLE JUICE,Beverages
942,179966,7061,M-140FRANKLIN,Franklin County MedLink Georgia,482575,,DIRECT ASSISTANCE,MOBILE PANTRY-Agency,USDA,C-50-10021,9,0,0,0.0,378,FRANKLIN,0.0,5/10/2024 8:00,5/10/2024 7:57,Mobile Pantry/Feed Site Only,TRACTOR TRAILER 1 MOBILE PANTRY,False,Food Bank of Northeast Georgia,01,30628.0,Colbert,USDA FRESH ORANGES,Fruits
321,172938,696,R-111,Royston Housing Authority,476569,,FP/OP/USDA,AFTER SCHOOL PROGRAM-Agency,LOCAL - LL,W-25-10000,22,0,0,3.96,22,FRANKLIN,0.18,1/11/2024 14:45,1/11/2024 11:37,Price Code 1,CUSTOMER PICKUP,False,Sharing Floor Athens,01-SH,30662.0,Royston,"ASSORTED SNACK ITEMS, LL",Food Misc.
973,182017,235,G-134,The Grace Foundation: Family Transformation ,484621,,ON PREMISES (OP),REHAB-Agency,LOCAL - LL,W-03-10012,126,0,0,0.0,126,FRANKLIN,0.0,6/7/2024 9:49,6/7/2024 9:59,Price Code 1,CUSTOMER PICKUP,False,Sharing Floor Athens,01-SH,30557.0,Martin,"ASSORTED BEVERAGES, LL",Beverages
973,172711,690,G-134,The Grace Foundation: Family Transformation ,476342,,ON PREMISES (OP),REHAB-Agency,BLUE RECEIPT-SHL,W-03-10013,442,0,0,0.0,442,FRANKLIN,0.0,1/8/2024 10:05,1/8/2024 10:10,Price Code 1,CUSTOMER PICKUP,False,Sharing Floor Athens,01-SH,30557.0,Martin,"ASSORTED BEVERAGES, SHL",Beverages
157,178315,3122,N-103,New Beginnings Ministry,480931,,ON PREMISES (OP),REHAB-Agency,GNAP,N-40-10174,30,0,0,0.0,420,FRANKLIN,0.0,4/12/2024 0:00,4/12/2024 11:01,Price Code 1,CONTACT FOR DELIVERY,False,Food Bank of Northeast Georgia,01,30557.0,Martin,"GNAP BLACKEYE PEAS, LOW SODIUM",Proteins
179,180878,3280,R-100,Rainbow Pantry,483484,,FP/USDA,FOOD PANTRY-Agency,YELLOW RECEIPT - SHN,N-03-10833,10,0,0,0.0,180,FRANKLIN,0.0,5/23/2024 11:00,5/28/2024 7:42,Price Code 1,TRUCK 1,False,Food Bank of Northeast Georgia,01,30662.0,Royston,GATORADE GLACIER FREEZE,Beverages
179,177931,8914,R-100,Rainbow Pantry,480550,,FP/USDA,FOOD PANTRY-Agency,USDA,N-50-10310,1,0,0,4.86,27,FRANKLIN,0.18,4/4/2024 13:46,4/4/2024 9:23,Price Code 1,CONTACT FOR DELIVERY,False,Food Bank of Northeast Georgia,01,30662.0,Royston,USDA DICED POTATOES,Potatoes 
476,177247,8600,S-129,"Step of Faith Outreach, INC",479867,,FP/OP/GNAP/USDA,FOOD PANTRY-Agency,BLUE RECEIPT-SHL,N-03-11249,2,0,0,0.0,60,FRANKLIN,0.0,3/20/2024 16:09,3/20/2024 11:34,Price Code 1,CUSTOMER PICKUP,False,Food Bank of Northeast Georgia,01,30553.0,Lavonia,DIET PEPSI,Beverages
157,180596,1045,N-103,New Beginnings Ministry,483202,,ON PREMISES (OP),REHAB-Agency,BLUE RECEIPT-SHL,W-25-10009,53,0,0,9.54,53,FRANKLIN,0.18,5/10/2024 13:34,5/10/2024 10:17,Price Code 1,CONTACT FOR DELIVERY,False,Sharing Floor Athens,01-SH,30557.0,Martin,"ASSORTED SNACK ITEMS, SHL",Food Misc.
973,178534,1898,G-134,The Grace Foundation: Family Transformation ,481150,,ON PREMISES (OP),REHAB-Agency,BLUE RECEIPT-SHL,N-03-10626,4,0,0,0.0,136,FRANKLIN,0.0,4/12/2024 11:10,4/25/2024 7:41,Price Code 1,CUSTOMER PICKUP,False,Food Bank of Northeast Georgia,01,30557.0,Martin,"GREEN TEA W/ CITRUS, DIET LIPTON",Beverages
321,176218,8957,R-111,Royston Housing Authority,478844,,FP/OP/USDA,AFTER SCHOOL PROGRAM-Agency,YELLOW RECEIPT - SHN,N-25-11956,4,0,0,2.88,16,FRANKLIN,0.18,2/29/2024 14:45,3/4/2024 10:11,Price Code 1,CUSTOMER PICKUP,False,Food Bank of Northeast Georgia,01,30662.0,Royston,HONEYMAID GRAHAM CRACKERS,Food Misc.
179,172361,8891,R-100,Rainbow Pantry,475992,,FP/USDA,FOOD PANTRY-Agency,LFB,N-01-90133,20,0,0,36.0,200,FRANKLIN,0.18,1/5/2024 10:30,1/16/2024 8:22,Price Code 1,CONTACT FOR DELIVERY,False,Food Bank of Northeast Georgia,01,30662.0,Royston,PULUPS 4T/5T,Non-Food Misc.
973,173077,811,G-134,The Grace Foundation: Family Transformation ,476707,,ON PREMISES (OP),REHAB-Agency,BLUE RECEIPT-SHL,N-03-10109,20,0,0,0.0,760,FRANKLIN,0.0,1/19/2024 9:00,1/19/2024 9:08,Price Code 1,CUSTOMER PICKUP,False,Food Bank of Northeast Georgia,01,30557.0,Martin,DIET PEPSI,Beverages
321,177187,8976,R-111,Royston Housing Authority,FAIMPORT479808,,FP/OP/USDA,AFTER SCHOOL PROGRAM-Agency,BLUE RECEIPT-SHL,MCC-28-10001,40,0,0,0.0,40,FRANKLIN,0.0,3/11/2024 0:00,3/11/2024 0:00,Price Code 1,CUSTOMER PICKUP,False,Food Bank of Northeast Georgia,01,30662.0,Royston,"PRODUCE, SHL RETAIL PICKUPS",Mixed Produce
973,182017,5388,G-134,The Grace Foundation: Family Transformation ,484621,,ON PREMISES (OP),REHAB-Agency,BLUE RECEIPT-SHL,F-16-10001,273,0,0,24.57,273,FRANKLIN,0.09,6/7/2024 9:49,6/7/2024 9:59,Price Code 1,CUSTOMER PICKUP,False,Sharing Floor Athens,01-SH,30557.0,Martin,"ASSORTED FROZEN FOODS, SHL",Food Misc.
157,180273,9034,N-103,New Beginnings Ministry,482879,,ON PREMISES (OP),REHAB-Agency,GNAP,N-40-10271,10,0,0,0.0,120,FRANKLIN,0.0,5/10/2024 10:25,5/10/2024 10:31,Price Code 1,CUSTOMER PICKUP,False,Food Bank of Northeast Georgia,01,30557.0,Martin,"GNAP MIX BERRY YOGURT, SHELF STABLE BACKPACK",Dairy
157,179665,5407,N-103,New Beginnings Ministry,482278,,ON PREMISES (OP),REHAB-Agency,BLUE RECEIPT-SHL,F-15-10000,63,0,0,11.34,63,FRANKLIN,0.18,4/26/2024 13:34,4/26/2024 10:15,Price Code 1,CONTACT FOR DELIVERY,False,Sharing Floor Athens,01-SH,30557.0,Martin,"MEAT & SEAFOOD, FROZEN SHL",Proteins
157,178018,8940,N-103,New Beginnings Ministry,480637,,ON PREMISES (OP),REHAB-Agency,BLUE RECEIPT-SHL,C-28-90531,5,0,0,0.0,260,FRANKLIN,0.0,4/5/2024 0:00,4/5/2024 10:42,Price Code 1,CUSTOMER PICKUP,False,Food Bank of Northeast Georgia,01,30557.0,Martin,"CABBAGE, SHL 50#",Vegetables 
157,177453,8939,N-103,New Beginnings Ministry,480073,,ON PREMISES (OP),REHAB-Agency,BLUE RECEIPT-SHL,C-28-90530,7,0,0,0.0,294,FRANKLIN,0.0,3/22/2024 0:00,3/22/2024 11:51,Price Code 1,CUSTOMER PICKUP,False,Food Bank of Northeast Georgia,01,30557.0,Martin,"APPLES, SHL",Fruits
157,176089,5407,N-103,New Beginnings Ministry,478716,,ON PREMISES (OP),REHAB-Agency,BLUE RECEIPT-SHL,F-15-10000,56,0,0,10.08,56,FRANKLIN,0.18,2/23/2024 13:34,2/23/2024 10:47,Price Code 1,CONTACT FOR DELIVERY,False,Sharing Floor Athens,01-SH,30557.0,Martin,"MEAT & SEAFOOD, FROZEN SHL",Proteins
476,175439,3204,S-129,"Step of Faith Outreach, INC",478068,,FP/OP/GNAP/USDA,FOOD PANTRY-Agency,GNAP,N-40-10217,2,0,0,1.8,18,FRANKLIN,0.1,2/14/2024 16:09,2/14/2024 8:56,Price Code 1,CUSTOMER PICKUP,False,Food Bank of Northeast Georgia,01,30553.0,Lavonia,GNAP CANNED HAM,Proteins
916,176650,8665,W-125,World Outreach Ministries (d/b/a Ignited Church),479273,,FOOD PANTRY,FOOD PANTRY-Agency,BLUE RECEIPT-SHL,N-03-11268,4,0,0,2.76,92,FRANKLIN,0.03,3/7/2024 9:35,3/7/2024 9:50,Price Code 1,CUSTOMER PICKUP,False,Food Bank of Northeast Georgia,01,30553.0,Lavonia,PROPEL BERRY/KIWISTRAW/GRAPE,Beverages
321,172763,1230,R-111,Royston Housing Authority,476394,,FP/OP/USDA,AFTER SCHOOL PROGRAM-Agency,USDA,N-50-10097,1,0,0,1.14,38,FRANKLIN,0.03,1/11/2024 14:45,1/11/2024 12:16,Price Code 1,CUSTOMER PICKUP,False,Food Bank of Northeast Georgia,01,30662.0,Royston,USDA CHERRY APPLE JUICE,Beverages
321,178702,8973,R-111,Royston Housing Authority,FAIMPORT481316,,FP/OP/USDA,AFTER SCHOOL PROGRAM-Agency,BLUE RECEIPT-SHL,MCC-16-10001,25,0,0,0.0,25,FRANKLIN,0.0,4/8/2024 0:00,4/8/2024 0:00,Price Code 1,CUSTOMER PICKUP,False,Food Bank of Northeast Georgia,01,30662.0,Royston,"COOLER FOOD MISC., SHL RETAIL PICKUP",Food Misc.
179,180696,9026,R-100,Rainbow Pantry,483302,,FP/USDA,FOOD PANTRY-Agency,YELLOW RECEIPT - SHN,N-27-10138,1,0,0,3.96,22,FRANKLIN,0.18,5/23/2024 10:30,5/28/2024 7:55,Price Code 1,TRUCK 1,False,Food Bank of Northeast Georgia,01,30662.0,Royston,"HUNTS DICED TOMATOES BASIL, GARLIC, OREGANO",Vegetables 
179,172361,8878,R-100,Rainbow Pantry,475992,,FP/USDA,FOOD PANTRY-Agency,YELLOW RECEIPT - SHN,N-03-11783,20,0,0,0.0,260,FRANKLIN,0.0,1/5/2024 10:30,1/16/2024 8:22,Price Code 1,CONTACT FOR DELIVERY,False,Food Bank of Northeast Georgia,01,30662.0,Royston,GATORADE FIT CITRUS BERRY,Beverages
157,180273,9042,N-103,New Beginnings Ministry,482879,,ON PREMISES (OP),REHAB-Agency,GNAP,F-40-90059,5,0,0,0.0,120,FRANKLIN,0.0,5/10/2024 10:25,5/10/2024 10:31,Price Code 1,CUSTOMER PICKUP,False,Food Bank of Northeast Georgia,01,30557.0,Martin,GNAP GROUND TURKEY CHUB 85/15,Proteins
179,176131,84,R-100,Rainbow Pantry,478758,,FP/USDA,FOOD PANTRY-Agency,USDA,N-50-10006,20,0,0,97.2,540,FRANKLIN,0.18,3/7/2024 10:30,3/8/2024 7:51,Price Code 1,CONTACT FOR DELIVERY,False,Food Bank of Northeast Georgia,01,30662.0,Royston,USDA GREEN BEANS,Vegetables 
973,180613,9014,G-134,The Grace Foundation: Family Transformation ,483219,,ON PREMISES (OP),REHAB-Agency,PURCH,N-27-10136,10,0,521,48.6,270,FRANKLIN,0.18,5/21/2024 10:00,5/21/2024 14:51,Price Code 1,CUSTOMER PICKUP,False,Food Bank of Northeast Georgia,01,30557.0,Martin,"GREEN BEANS, HARVEST VALLEY",Vegetables 
916,173132,696,W-125,World Outreach Ministries (d/b/a Ignited Church),476762,,FOOD PANTRY,FOOD PANTRY-Agency,LOCAL - LL,W-25-10000,79,0,0,0.0,79,FRANKLIN,0.0,1/16/2024 9:35,1/16/2024 14:12,Price Code 1,CUSTOMER PICKUP,False,Sharing Floor Athens,01-SH,30553.0,Lavonia,"ASSORTED SNACK ITEMS, LL",Food Misc.
321,178709,8975,R-111,Royston Housing Authority,FAIMPORT481323,,FP/OP/USDA,AFTER SCHOOL PROGRAM-Agency,BLUE RECEIPT-SHL,MCC-07-10001,277,0,0,0.0,277,FRANKLIN,0.0,4/4/2024 0:00,4/4/2024 0:00,Price Code 1,CUSTOMER PICKUP,False,Food Bank of Northeast Georgia,01,30662.0,Royston,"DAIRY PRODUCTS, SHL RETAIL PICKUPS",Dairy
973,176026,683,G-134,The Grace Foundation: Family Transformation ,478654,,ON PREMISES (OP),REHAB-Agency,BLUE RECEIPT-SHL,W-16-10001,47,0,0,8.46,47,FRANKLIN,0.18,2/22/2024 12:01,2/22/2024 12:04,Price Code 1,CUSTOMER PICKUP,False,Sharing Floor Athens,01-SH,30557.0,Martin,MISC. FOOD BOX SHL,Food Misc.
179,180696,8783,R-100,Rainbow Pantry,483302,,FP/USDA,FOOD PANTRY-Agency,USDA,N-50-10308,10,0,0,41.4,230,FRANKLIN,0.18,5/23/2024 10:30,5/28/2024 7:55,Price Code 1,TRUCK 1,False,Food Bank of Northeast Georgia,01,30662.0,Royston,USDA RAISINS,Fruits
973,172711,875,G-134,The Grace Foundation: Family Transformation ,476342,,ON PREMISES (OP),REHAB-Agency,BLUE RECEIPT-SHL,W-04-10000,32,0,0,0.0,32,FRANKLIN,0.0,1/8/2024 10:05,1/8/2024 10:10,Price Code 1,CUSTOMER PICKUP,False,Sharing Floor Athens,01-SH,30557.0,Martin,"BREAD & BAKERY, ASSORTED SHL",Grains
973,177949,8996,G-134,The Grace Foundation: Family Transformation ,480568,,ON PREMISES (OP),REHAB-Agency,LOCAL - LL,C-07-90662,1,0,0,0.0,14,FRANKLIN,0.0,4/3/2024 11:33,4/3/2024 12:08,Price Code 1,CUSTOMER PICKUP,False,Food Bank of Northeast Georgia,01,30557.0,Martin,DUNKIN COFFEE CREAMER,Food Misc.
973,182017,5938,G-134,The Grace Foundation: Family Transformation ,484621,,ON PREMISES (OP),REHAB-Agency,BLUE RECEIPT-SHL,C-28-10001,170,0,0,5.1,170,FRANKLIN,0.03,6/7/2024 9:49,6/7/2024 9:59,Price Code 1,CUSTOMER PICKUP,False,Sharing Floor Athens,01-SH,30557.0,Martin,"PRODUCE, FRESH SHL",Mixed Produce
973,181746,9067,G-134,The Grace Foundation: Family Transformation ,484350,,ON PREMISES (OP),REHAB-Agency,BLUE RECEIPT-SHL,N-03-11833,5,0,0,0.0,90,FRANKLIN,0.0,6/7/2024 9:30,6/7/2024 9:23,Price Code 1,CUSTOMER PICKUP,False,Food Bank of Northeast Georgia,01,30557.0,Martin,DIET DR PEPPER,Beverages
973,176696,5938,G-134,The Grace Foundation: Family Transformation ,479319,,ON PREMISES (OP),REHAB-Agency,BLUE RECEIPT-SHL,C-28-10001,50,0,0,1.5,50,FRANKLIN,0.03,3/5/2024 11:36,3/5/2024 11:45,Price Code 1,CUSTOMER PICKUP,False,Sharing Floor Athens,01-SH,30557.0,Martin,"PRODUCE, FRESH SHL",Mixed Produce
321,172763,8901,R-111,Royston Housing Authority,476394,,FP/OP/USDA,AFTER SCHOOL PROGRAM-Agency,BLUE RECEIPT-SHL,N-03-11792,2,0,0,0.0,40,FRANKLIN,0.0,1/11/2024 14:45,1/11/2024 12:16,Price Code 1,CUSTOMER PICKUP,False,Food Bank of Northeast Georgia,01,30662.0,Royston,PROPEL BLACK CHERRY ,Beverages
973,173383,8910,G-134,The Grace Foundation: Family Transformation ,477012,,ON PREMISES (OP),REHAB-Agency,BLUE RECEIPT-SHL,N-03-11796,18,0,0,0.0,180,FRANKLIN,0.0,1/26/2024 8:00,1/26/2024 9:10,Price Code 1,CUSTOMER PICKUP,False,Food Bank of Northeast Georgia,01,30557.0,Martin,DR PEPPER STRAWBERRIES AND CREAM 12 FL OZ,Beverages
973,181155,688,G-134,The Grace Foundation: Family Transformation ,483760,,ON PREMISES (OP),REHAB-Agency,BLUE RECEIPT-SHL,W-01-10000,41,0,0,7.38,41,FRANKLIN,0.18,5/21/2024 15:19,5/21/2024 15:26,Price Code 1,CUSTOMER PICKUP,False,Sharing Floor Athens,01-SH,30557.0,Martin,"ASSORTED NON-FOOD ITEMS, SHL",Non-Food Misc.
157,178018,2573,N-103,New Beginnings Ministry,480637,,ON PREMISES (OP),REHAB-Agency,GNAP,N-40-10204,10,0,0,0.0,190,FRANKLIN,0.0,4/5/2024 0:00,4/5/2024 10:42,Price Code 1,CUSTOMER PICKUP,False,Food Bank of Northeast Georgia,01,30557.0,Martin,GNAP CHICKEN & RICE SOUP,Prepared Meals
157,178018,8995,N-103,New Beginnings Ministry,480637,,ON PREMISES (OP),REHAB-Agency,BLUE RECEIPT-SHL,N-21-10067,25,0,0,22.5,125,FRANKLIN,0.18,4/5/2024 0:00,4/5/2024 10:42,Price Code 1,CUSTOMER PICKUP,False,Food Bank of Northeast Georgia,01,30557.0,Martin,"RAMEN, MARUCHAN SHRIMP",Prepared Meals
321,182917,8976,R-111,Royston Housing Authority,FAIMPORT485519,,FP/OP/USDA,AFTER SCHOOL PROGRAM-Agency,BLUE RECEIPT-SHL,MCC-28-10001,17,0,0,0.0,17,FRANKLIN,0.0,6/28/2024 0:00,6/28/2024 0:00,Price Code 1,CUSTOMER PICKUP,False,Food Bank of Northeast Georgia,01,30662.0,Royston,"PRODUCE, SHL RETAIL PICKUPS",Mixed Produce
179,176131,8966,R-100,Rainbow Pantry,478758,,FP/USDA,FOOD PANTRY-Agency,YELLOW RECEIPT - SHN,N-15-10049,2,0,0,2.16,12,FRANKLIN,0.18,3/7/2024 10:30,3/8/2024 7:51,Price Code 1,CONTACT FOR DELIVERY,False,Food Bank of Northeast Georgia,01,30662.0,Royston,FIRE CRACKER REDHOT PICKLED SAUSAGE,Food Misc.
179,180601,9029,R-100,Rainbow Pantry,483207,,FP/USDA,FOOD PANTRY-Agency,YELLOW RECEIPT - SHN,N-25-11971,1,0,0,1.44,8,FRANKLIN,0.18,5/23/2024 10:15,5/28/2024 7:55,Price Code 1,TRUCK 1,False,Food Bank of Northeast Georgia,01,30662.0,Royston,BIGS JUMBO SUNFLOWER KERNELS,Proteins
179,182301,8997,R-100,Rainbow Pantry,484905,,FP/USDA,FOOD PANTRY-Agency,USDA,N-50-10312,15,0,0,32.4,180,FRANKLIN,0.18,6/26/2024 11:30,6/27/2024 13:17,Price Code 1,CONTACT FOR DELIVERY,False,Food Bank of Northeast Georgia,01,30662.0,Royston,USDA CHILI W/ BEANS CCC,Prepared Meals
973,173104,5772,G-134,The Grace Foundation: Family Transformation ,476734,,ON PREMISES (OP),REHAB-Agency,LOCAL - LL,C-28-10000,60,0,0,1.8,60,FRANKLIN,0.03,1/16/2024 9:57,1/16/2024 10:08,Price Code 1,CUSTOMER PICKUP,False,Sharing Floor Athens,01-SH,30557.0,Martin,"PRODUCE, FRESH LL",Mixed Produce
941,175109,8783,L-117,Lavonia Church of God,477739,,FP/USDA,MOBILE PANTRY-Agency,USDA,N-50-10308,13,0,0,0.0,299,FRANKLIN,0.0,2/8/2024 7:00,2/8/2024 8:39,Price Code 1,TRUCK 1 MOBILE PANTRY,False,Food Bank of Northeast Georgia,01,30553.0,Lavonia,USDA RAISINS,Fruits
973,175745,235,G-134,The Grace Foundation: Family Transformation ,478373,,ON PREMISES (OP),REHAB-Agency,LOCAL - LL,W-03-10012,96,0,0,0.0,96,FRANKLIN,0.0,2/16/2024 10:30,2/16/2024 10:47,Price Code 1,CUSTOMER PICKUP,False,Sharing Floor Athens,01-SH,30557.0,Martin,"ASSORTED BEVERAGES, LL",Beverages
321,173424,8834,R-111,Royston Housing Authority,477053,,FP/OP/USDA,AFTER SCHOOL PROGRAM-Agency,BLUE RECEIPT-SHL,N-03-11770,2,0,0,0.6,20,FRANKLIN,0.03,1/25/2024 14:45,1/25/2024 12:46,Price Code 1,CUSTOMER PICKUP,False,Food Bank of Northeast Georgia,01,30662.0,Royston,MT DEW ZERO SUGAR,Beverages
157,176949,690,N-103,New Beginnings Ministry,479571,,ON PREMISES (OP),REHAB-Agency,BLUE RECEIPT-SHL,W-03-10013,83,0,0,2.49,83,FRANKLIN,0.03,3/8/2024 13:34,3/8/2024 11:28,Price Code 1,CONTACT FOR DELIVERY,False,Sharing Floor Athens,01-SH,30557.0,Martin,"ASSORTED BEVERAGES, SHL",Beverages
321,178710,8972,R-111,Royston Housing Authority,FAIMPORT481324,,FP/OP/USDA,AFTER SCHOOL PROGRAM-Agency,BLUE RECEIPT-SHL,MCF-15-10000,14,0,0,0.0,14,FRANKLIN,0.0,4/9/2024 0:00,4/9/2024 0:00,Price Code 1,CUSTOMER PICKUP,False,Food Bank of Northeast Georgia,01,30662.0,Royston,"FROZEN MEAT & SEAFOOD, SHL RETAIL PICKUP",Proteins
916,180949,690,W-125,World Outreach Ministries (d/b/a Ignited Church),483555,,FOOD PANTRY,FOOD PANTRY-Agency,BLUE RECEIPT-SHL,W-03-10013,21,0,0,0.0,21,FRANKLIN,0.0,5/16/2024 9:35,5/16/2024 13:53,Price Code 1,CUSTOMER PICKUP,False,Sharing Floor Athens,01-SH,30553.0,Lavonia,"ASSORTED BEVERAGES, SHL",Beverages
916,182549,688,W-125,World Outreach Ministries (d/b/a Ignited Church),485152,,FOOD PANTRY,FOOD PANTRY-Agency,BLUE RECEIPT-SHL,W-01-10000,17,0,0,0.0,17,FRANKLIN,0.0,6/25/2024 9:35,6/25/2024 13:46,Price Code 1,CUSTOMER PICKUP,False,Sharing Floor Athens,01-SH,30553.0,Lavonia,"ASSORTED NON-FOOD ITEMS, SHL",Non-Food Misc.
916,178136,696,W-125,World Outreach Ministries (d/b/a Ignited Church),480755,,FOOD PANTRY,FOOD PANTRY-Agency,LOCAL - LL,W-25-10000,24,0,0,4.32,24,FRANKLIN,0.18,4/2/2024 9:35,4/2/2024 15:00,Price Code 1,CUSTOMER PICKUP,False,Sharing Floor Athens,01-SH,30553.0,Lavonia,"ASSORTED SNACK ITEMS, LL",Food Misc.
157,180718,6655,N-103,New Beginnings Ministry,483324,,ON PREMISES (OP),REHAB-Agency,LOCAL - LL,C-28-90413,1,0,0,0.0,50,FRANKLIN,0.0,5/17/2024 0:00,5/17/2024 10:44,Price Code 1,CONTACT FOR DELIVERY,False,Food Bank of Northeast Georgia,01,30557.0,Martin,CABBAGE,Vegetables 
179,182301,9075,R-100,Rainbow Pantry,484905,,FP/USDA,FOOD PANTRY-Agency,BLUE RECEIPT-SHL,N-03-11837,3,0,0,0.0,90,FRANKLIN,0.0,6/26/2024 11:30,6/27/2024 13:17,Price Code 1,CONTACT FOR DELIVERY,False,Food Bank of Northeast Georgia,01,30662.0,Royston,GATORADE STRAWBERRY LEMONADE,Beverages
941,175109,842,L-117,Lavonia Church of God,477739,,FP/USDA,MOBILE PANTRY-Agency,USDA,N-50-10021,13,0,0,0.0,351,FRANKLIN,0.0,2/8/2024 7:00,2/8/2024 8:39,Price Code 1,TRUCK 1 MOBILE PANTRY,False,Food Bank of Northeast Georgia,01,30553.0,Lavonia,USDA DICED TOMATOES NO SALT CCC,Vegetables 
321,178707,8970,R-111,Royston Housing Authority,FAIMPORT481321,,FP/OP/USDA,AFTER SCHOOL PROGRAM-Agency,BLUE RECEIPT-SHL,MCW-16-10001,58,0,0,0.0,58,FRANKLIN,0.0,4/9/2024 0:00,4/9/2024 0:00,Price Code 1,CUSTOMER PICKUP,False,Food Bank of Northeast Georgia,01,30662.0,Royston,"MISC. FOOD BOX, SHL RETAIL PICKUP",Food Misc.
321,173424,8919,R-111,Royston Housing Authority,477053,,FP/OP/USDA,AFTER SCHOOL PROGRAM-Agency,LOCAL - LL,N-25-11951,8,0,0,2.88,16,FRANKLIN,0.18,1/25/2024 14:45,1/25/2024 12:46,Price Code 1,CUSTOMER PICKUP,False,Food Bank of Northeast Georgia,01,30662.0,Royston,GHIRARDELLI MILK CHOC CARAMEL,Food Misc.
916,180949,5407,W-125,World Outreach Ministries (d/b/a Ignited Church),483555,,FOOD PANTRY,FOOD PANTRY-Agency,BLUE RECEIPT-SHL,F-15-10000,25,0,0,4.5,25,FRANKLIN,0.18,5/16/2024 9:35,5/16/2024 13:53,Price Code 1,CUSTOMER PICKUP,False,Sharing Floor Athens,01-SH,30553.0,Lavonia,"MEAT & SEAFOOD, FROZEN SHL",Proteins
157,176089,696,N-103,New Beginnings Ministry,478716,,ON PREMISES (OP),REHAB-Agency,LOCAL - LL,W-25-10000,179,0,0,32.22,179,FRANKLIN,0.18,2/23/2024 13:34,2/23/2024 10:47,Price Code 1,CONTACT FOR DELIVERY,False,Sharing Floor Athens,01-SH,30557.0,Martin,"ASSORTED SNACK ITEMS, LL",Food Misc.
321,177079,8497,R-111,Royston Housing Authority,479701,,FP/OP/USDA,AFTER SCHOOL PROGRAM-Agency,USDA,C-50-10048,1,0,0,1.6,32,FRANKLIN,0.05,3/14/2024 14:45,3/14/2024 10:13,Price Code 1,CUSTOMER PICKUP,False,Food Bank of Northeast Georgia,01,30662.0,Royston,USDA MANDARIN ORANGES,Fruits
321,181835,8972,R-111,Royston Housing Authority,FAIMPORT484439,,FP/OP/USDA,AFTER SCHOOL PROGRAM-Agency,BLUE RECEIPT-SHL,MCF-15-10000,6,0,0,0.0,6,FRANKLIN,0.0,6/3/2024 0:00,6/3/2024 0:00,Price Code 1,CUSTOMER PICKUP,False,Food Bank of Northeast Georgia,01,30662.0,Royston,"FROZEN MEAT & SEAFOOD, SHL RETAIL PICKUP",Proteins
157,177783,696,N-103,New Beginnings Ministry,480402,,ON PREMISES (OP),REHAB-Agency,LOCAL - LL,W-25-10000,101,0,0,18.18,101,FRANKLIN,0.18,3/22/2024 13:34,3/22/2024 11:26,Price Code 1,CONTACT FOR DELIVERY,False,Sharing Floor Athens,01-SH,30557.0,Martin,"ASSORTED SNACK ITEMS, LL",Food Misc.
157,180718,9055,N-103,New Beginnings Ministry,483324,,ON PREMISES (OP),REHAB-Agency,GNAP,N-40-10285,10,0,0,0.0,220,FRANKLIN,0.0,5/17/2024 0:00,5/17/2024 10:44,Price Code 1,CONTACT FOR DELIVERY,False,Food Bank of Northeast Georgia,01,30557.0,Martin,GNAP MIXED FRUIT CUPS,Fruits
476,180442,8931,S-129,"Step of Faith Outreach, INC",483048,,FP/OP/GNAP/USDA,FOOD PANTRY-Agency,SBB-O,N-16-20003,18,0,0,0.0,396,FRANKLIN,0.0,5/13/2024 16:09,5/14/2024 9:19,Price Code 1,CUSTOMER PICKUP,False,Food Bank of Northeast Georgia,01,30553.0,Lavonia,SENIOR STAPLES BOX - ASSORTED USDA,Food Misc.
476,175439,3943,S-129,"Step of Faith Outreach, INC",478068,,FP/OP/GNAP/USDA,FOOD PANTRY-Agency,USDA,N-50-10268,2,0,0,2.28,76,FRANKLIN,0.03,2/14/2024 16:09,2/14/2024 8:56,Price Code 1,CUSTOMER PICKUP,False,Food Bank of Northeast Georgia,01,30553.0,Lavonia,USDA APPLE JUICE,Beverages
157,178018,7298,N-103,New Beginnings Ministry,480637,,ON PREMISES (OP),REHAB-Agency,GNAP,N-40-10248,10,0,0,0.0,140,FRANKLIN,0.0,4/5/2024 0:00,4/5/2024 10:42,Price Code 1,CUSTOMER PICKUP,False,Food Bank of Northeast Georgia,01,30557.0,Martin,GNAP BAKING AND BISCUIT MIX,Food Misc.
157,178018,8620,N-103,New Beginnings Ministry,480637,,ON PREMISES (OP),REHAB-Agency,GNAP,N-40-10260,20,0,0,0.0,360,FRANKLIN,0.0,4/5/2024 0:00,4/5/2024 10:42,Price Code 1,CUSTOMER PICKUP,False,Food Bank of Northeast Georgia,01,30557.0,Martin,GNAP CREAM OF CHICKEN SOUP,Prepared Meals
157,181573,8943,N-103,New Beginnings Ministry,484177,,ON PREMISES (OP),REHAB-Agency,BLUE RECEIPT-SHL,C-28-90534,3,0,0,0.0,126,FRANKLIN,0.0,6/3/2024 0:00,6/3/2024 11:27,Price Code 1,CONTACT FOR DELIVERY,False,Food Bank of Northeast Georgia,01,30557.0,Martin,"SWEET POTATO, SHL",Potatoes 
179,175758,8851,R-100,Rainbow Pantry,478386,,FP/USDA,FOOD PANTRY-Agency,PURCH,N-11-11071,20,0,0,21.6,120,FRANKLIN,0.18,2/22/2024 13:46,2/22/2024 9:28,Price Code 1,CONTACT FOR DELIVERY,False,Food Bank of Northeast Georgia,01,30662.0,Royston,"CHICKEN STUFFING, PREMIER PANTRY",Prepared Meals
941,175109,2960,L-117,Lavonia Church of God,477739,,FP/USDA,MOBILE PANTRY-Agency,USDA,N-50-10247,13,0,0,0.0,468,FRANKLIN,0.0,2/8/2024 7:00,2/8/2024 8:39,Price Code 1,TRUCK 1 MOBILE PANTRY,False,Food Bank of Northeast Georgia,01,30553.0,Lavonia,USDA BEEF STEW POUCHES CCC,Prepared Meals
179,181562,8970,R-100,Rainbow Pantry,FAIMPORT484166,,FP/USDA,FOOD PANTRY-Agency,BLUE RECEIPT-SHL,MCW-16-10001,20,0,0,0.0,20,FRANKLIN,0.0,5/23/2024 0:00,5/23/2024 0:00,Price Code 1,CUSTOMER PICKUP,False,Food Bank of Northeast Georgia,01,30662.0,Royston,"MISC. FOOD BOX, SHL RETAIL PICKUP",Food Misc.
941,172698,875,L-117,Lavonia Church of God,476329,,FP/USDA,MOBILE PANTRY-Agency,BLUE RECEIPT-SHL,W-04-10000,372,0,0,0.0,372,FRANKLIN,0.0,1/11/2024 9:01,1/11/2024 8:33,Price Code 1,TRUCK 1 MOBILE PANTRY,False,Food Bank of Northeast Georgia,01,30553.0,Lavonia,"BREAD & BAKERY, ASSORTED SHL",Grains
179,176131,6925,R-100,Rainbow Pantry,478758,,FP/USDA,FOOD PANTRY-Agency,BLUE RECEIPT-SHL,C-28-90401,12,0,0,12.0,600,FRANKLIN,0.02,3/7/2024 10:30,3/8/2024 7:51,Price Code 1,CONTACT FOR DELIVERY,False,Food Bank of Northeast Georgia,01,30662.0,Royston,POTATOES,Potatoes 
157,178384,235,N-103,New Beginnings Ministry,481000,,ON PREMISES (OP),REHAB-Agency,LOCAL - LL,W-03-10012,328,0,0,0.0,328,FRANKLIN,0.0,4/5/2024 13:34,4/5/2024 10:23,Price Code 1,CONTACT FOR DELIVERY,False,Sharing Floor Athens,01-SH,30557.0,Martin,"ASSORTED BEVERAGES, LL",Beverages
973,176026,5938,G-134,The Grace Foundation: Family Transformation ,478654,,ON PREMISES (OP),REHAB-Agency,BLUE RECEIPT-SHL,C-28-10001,152,0,0,4.56,152,FRANKLIN,0.03,2/22/2024 12:01,2/22/2024 12:04,Price Code 1,CUSTOMER PICKUP,False,Sharing Floor Athens,01-SH,30557.0,Martin,"PRODUCE, FRESH SHL",Mixed Produce
157,176089,683,N-103,New Beginnings Ministry,478716,,ON PREMISES (OP),REHAB-Agency,BLUE RECEIPT-SHL,W-16-10001,33,0,0,5.94,33,FRANKLIN,0.18,2/23/2024 13:34,2/23/2024 10:47,Price Code 1,CONTACT FOR DELIVERY,False,Sharing Floor Athens,01-SH,30557.0,Martin,MISC. FOOD BOX SHL,Food Misc.
321,180142,8970,R-111,Royston Housing Authority,FAIMPORT482749,,FP/OP/USDA,AFTER SCHOOL PROGRAM-Agency,BLUE RECEIPT-SHL,MCW-16-10001,49,0,0,0.0,49,FRANKLIN,0.0,4/30/2024 0:00,4/30/2024 0:00,Price Code 1,CUSTOMER PICKUP,False,Food Bank of Northeast Georgia,01,30662.0,Royston,"MISC. FOOD BOX, SHL RETAIL PICKUP",Food Misc.
157,177783,875,N-103,New Beginnings Ministry,480402,,ON PREMISES (OP),REHAB-Agency,BLUE RECEIPT-SHL,W-04-10000,16,0,0,0.0,16,FRANKLIN,0.0,3/22/2024 13:34,3/22/2024 11:26,Price Code 1,CONTACT FOR DELIVERY,False,Sharing Floor Athens,01-SH,30557.0,Martin,"BREAD & BAKERY, ASSORTED SHL",Grains
973,172865,8873,G-134,The Grace Foundation: Family Transformation ,476496,,ON PREMISES (OP),REHAB-Agency,YELLOW RECEIPT - SHN,F-10-10001,10,0,0,0.9,30,FRANKLIN,0.03,1/19/2024 8:00,1/19/2024 8:18,Price Code 1,CUSTOMER PICKUP,False,Food Bank of Northeast Georgia,01,30557.0,Martin,OUTSHINE STRAWBERRY BANANA SMOOTHIE CUBES,Beverages
973,173384,8790,G-134,The Grace Foundation: Family Transformation ,477013,,ON PREMISES (OP),REHAB-Agency,BLUE RECEIPT-SHL,N-03-11758,25,0,0,0.0,325,FRANKLIN,0.0,1/26/2024 8:30,1/26/2024 9:19,Price Code 1,CUSTOMER PICKUP,False,Food Bank of Northeast Georgia,01,30557.0,Martin,PROPEL LEMON,Beverages
157,175777,6816,N-103,New Beginnings Ministry,478405,,ON PREMISES (OP),REHAB-Agency,BLUE RECEIPT-SHL,C-28-90345,5,0,0,5.0,250,FRANKLIN,0.02,2/23/2024 0:00,2/23/2024 10:07,Price Code 1,CONTACT FOR DELIVERY,False,Food Bank of Northeast Georgia,01,30557.0,Martin,CARROTS,Vegetables 
157,180718,8943,N-103,New Beginnings Ministry,483324,,ON PREMISES (OP),REHAB-Agency,BLUE RECEIPT-SHL,C-28-90534,3,0,0,0.0,126,FRANKLIN,0.0,5/17/2024 0:00,5/17/2024 10:44,Price Code 1,CONTACT FOR DELIVERY,False,Food Bank of Northeast Georgia,01,30557.0,Martin,"SWEET POTATO, SHL",Potatoes 
476,175439,8854,S-129,"Step of Faith Outreach, INC",478068,,FP/OP/GNAP/USDA,FOOD PANTRY-Agency,BLUE RECEIPT-SHL,N-03-11776,1,0,0,0.0,33,FRANKLIN,0.0,2/14/2024 16:09,2/14/2024 8:56,Price Code 1,CUSTOMER PICKUP,False,Food Bank of Northeast Georgia,01,30553.0,Lavonia,DR PEPPER STRAWBERRIES & CREAM,Beverages
179,178817,9006,R-100,Rainbow Pantry,481431,,FP/USDA,FOOD PANTRY-Agency,BLUE RECEIPT-SHL,N-03-11825,14,0,0,0.0,154,FRANKLIN,0.0,4/18/2024 10:30,4/18/2024 8:36,Price Code 1,TRUCK 1,False,Food Bank of Northeast Georgia,01,30662.0,Royston,STARBUCKS NITRO COLD BREW,Beverages
321,172763,8875,R-111,Royston Housing Authority,476394,,FP/OP/USDA,AFTER SCHOOL PROGRAM-Agency,BLUE RECEIPT-SHL,N-03-11780,3,0,0,0.0,105,FRANKLIN,0.0,1/11/2024 14:45,1/11/2024 12:16,Price Code 1,CUSTOMER PICKUP,False,Food Bank of Northeast Georgia,01,30662.0,Royston,GATORADE G2 GRAPE,Beverages
179,181559,8973,R-100,Rainbow Pantry,FAIMPORT484163,,FP/USDA,FOOD PANTRY-Agency,BLUE RECEIPT-SHL,MCC-16-10001,10,0,0,0.0,10,FRANKLIN,0.0,5/22/2024 0:00,5/22/2024 0:00,Price Code 1,CUSTOMER PICKUP,False,Food Bank of Northeast Georgia,01,30662.0,Royston,"COOLER FOOD MISC., SHL RETAIL PICKUP",Food Misc.
321,173564,8625,R-111,Royston Housing Authority,477193,,FP/OP/USDA,AFTER SCHOOL PROGRAM-Agency,BLUE RECEIPT-SHL,N-03-11261,3,0,0,0.0,99,FRANKLIN,0.0,2/1/2024 14:45,2/1/2024 10:38,Price Code 1,CUSTOMER PICKUP,False,Food Bank of Northeast Georgia,01,30662.0,Royston,STARRY ZERO SUGAR 24 X 20 FL OZ,Beverages
476,172565,8891,S-129,"Step of Faith Outreach, INC",476196,,FP/OP/GNAP/USDA,FOOD PANTRY-Agency,LFB,N-01-90133,5,0,0,9.0,50,FRANKLIN,0.18,1/8/2024 16:09,1/8/2024 11:33,Price Code 1,CUSTOMER PICKUP,False,Food Bank of Northeast Georgia,01,30553.0,Lavonia,PULUPS 4T/5T,Non-Food Misc.
321,181287,8970,R-111,Royston Housing Authority,FAIMPORT483892,,FP/OP/USDA,AFTER SCHOOL PROGRAM-Agency,BLUE RECEIPT-SHL,MCW-16-10001,24,0,0,0.0,24,FRANKLIN,0.0,5/20/2024 0:00,5/20/2024 0:00,Price Code 1,CUSTOMER PICKUP,False,Food Bank of Northeast Georgia,01,30662.0,Royston,"MISC. FOOD BOX, SHL RETAIL PICKUP",Food Misc.
179,176131,8837,R-100,Rainbow Pantry,478758,,FP/USDA,FOOD PANTRY-Agency,BLUE RECEIPT-SHL,N-03-11773,5,0,0,0.0,50,FRANKLIN,0.0,3/7/2024 10:30,3/8/2024 7:51,Price Code 1,CONTACT FOR DELIVERY,False,Food Bank of Northeast Georgia,01,30662.0,Royston,MT DEW PASSSIONFRUIT PUNCH,Beverages
321,182125,8975,R-111,Royston Housing Authority,FAIMPORT484729,,FP/OP/USDA,AFTER SCHOOL PROGRAM-Agency,BLUE RECEIPT-SHL,MCC-07-10001,39,0,0,0.0,39,FRANKLIN,0.0,6/10/2024 0:00,6/10/2024 0:00,Price Code 1,CUSTOMER PICKUP,False,Food Bank of Northeast Georgia,01,30662.0,Royston,"DAIRY PRODUCTS, SHL RETAIL PICKUPS",Dairy
157,175777,8903,N-103,New Beginnings Ministry,478405,,ON PREMISES (OP),REHAB-Agency,YELLOW RECEIPT - SHN,N-16-10181,4,0,0,3.6,20,FRANKLIN,0.18,2/23/2024 0:00,2/23/2024 10:07,Price Code 1,CONTACT FOR DELIVERY,False,Food Bank of Northeast Georgia,01,30557.0,Martin,STOVE TOP STUFFING - TURKEY/CHICKEN/CORNBREAD,Prepared Meals
321,177188,8974,R-111,Royston Housing Authority,FAIMPORT479809,,FP/OP/USDA,AFTER SCHOOL PROGRAM-Agency,BLUE RECEIPT-SHL,MCW-04-10000,4,0,0,0.0,4,FRANKLIN,0.0,3/11/2024 0:00,3/11/2024 0:00,Price Code 1,CUSTOMER PICKUP,False,Food Bank of Northeast Georgia,01,30662.0,Royston,"BREAD AND BAKERY, SHL RETAIL PICKUPS",Grains
179,179533,8720,R-100,Rainbow Pantry,482146,,FP/USDA,FOOD PANTRY-Agency,USDA,N-50-10305,10,0,0,25.2,140,FRANKLIN,0.18,5/9/2024 10:30,5/9/2024 9:48,Price Code 1,TRUCK 1,False,Food Bank of Northeast Georgia,01,30662.0,Royston,USDA MIXED VEGETABLES CCC,Vegetables 
321,176218,8834,R-111,Royston Housing Authority,478844,,FP/OP/USDA,AFTER SCHOOL PROGRAM-Agency,BLUE RECEIPT-SHL,N-03-11770,3,0,0,0.9,30,FRANKLIN,0.03,2/29/2024 14:45,3/4/2024 10:11,Price Code 1,CUSTOMER PICKUP,False,Food Bank of Northeast Georgia,01,30662.0,Royston,MT DEW ZERO SUGAR,Beverages
179,173499,7082,R-100,Rainbow Pantry,477128,,FP/USDA,FOOD PANTRY-Agency,USDA,C-50-10033,30,0,0,0.0,360,FRANKLIN,0.0,2/1/2024 10:30,2/20/2024 13:42,Price Code 1,CONTACT FOR DELIVERY,False,Food Bank of Northeast Georgia,01,30662.0,Royston,USDA SHREDDED YELLOW CHEDDAR CHEESE CCC,Dairy
973,172865,8882,G-134,The Grace Foundation: Family Transformation ,476496,,ON PREMISES (OP),REHAB-Agency,BLUE RECEIPT-SHL,F-15-90548,10,0,0,16.2,90,FRANKLIN,0.18,1/19/2024 8:00,1/19/2024 8:18,Price Code 1,CUSTOMER PICKUP,False,Food Bank of Northeast Georgia,01,30557.0,Martin,"GROUND TURKEY BREAST, KIRKWOOD",Proteins
157,181573,8846,N-103,New Beginnings Ministry,484177,,ON PREMISES (OP),REHAB-Agency,BLUE RECEIPT-SHL,N-03-11774,3,0,0,0.0,69,FRANKLIN,0.0,6/3/2024 0:00,6/3/2024 11:27,Price Code 1,CONTACT FOR DELIVERY,False,Food Bank of Northeast Georgia,01,30557.0,Martin,PURE LEAF UNSWEETENED TEA,Beverages
321,180447,3717,R-111,Royston Housing Authority,483053,,FP/OP/USDA,AFTER SCHOOL PROGRAM-Agency,GNAP,N-40-10154,12,0,0,0.0,240,FRANKLIN,0.0,5/15/2024 8:45,5/15/2024 10:03,Price Code 1,CUSTOMER PICKUP,False,Food Bank of Northeast Georgia,01,30662.0,Royston,"GNAP APPLE JUICE, SINGLE SERVE",Beverages
321,179192,8976,R-111,Royston Housing Authority,FAIMPORT481805,,FP/OP/USDA,AFTER SCHOOL PROGRAM-Agency,BLUE RECEIPT-SHL,MCC-28-10001,83,0,0,0.0,83,FRANKLIN,0.0,4/16/2024 0:00,4/16/2024 0:00,Price Code 1,CUSTOMER PICKUP,False,Food Bank of Northeast Georgia,01,30662.0,Royston,"PRODUCE, SHL RETAIL PICKUPS",Mixed Produce
476,180442,9039,S-129,"Step of Faith Outreach, INC",483048,,FP/OP/GNAP/USDA,FOOD PANTRY-Agency,GNAP,N-40-10276,2,0,0,0.0,20,FRANKLIN,0.0,5/13/2024 16:09,5/14/2024 9:19,Price Code 1,CUSTOMER PICKUP,False,Food Bank of Northeast Georgia,01,30553.0,Lavonia,GNAP CHEESE STICKS - WHITE CHEDDAR,Dairy
916,175582,683,W-125,World Outreach Ministries (d/b/a Ignited Church),478210,,FOOD PANTRY,FOOD PANTRY-Agency,BLUE RECEIPT-SHL,W-16-10001,33,0,0,5.94,33,FRANKLIN,0.18,2/13/2024 9:35,2/13/2024 14:06,Price Code 1,CUSTOMER PICKUP,False,Sharing Floor Athens,01-SH,30553.0,Lavonia,MISC. FOOD BOX SHL,Food Misc.
179,176131,8928,R-100,Rainbow Pantry,478758,,FP/USDA,FOOD PANTRY-Agency,BLUE RECEIPT-SHL,N-03-11803,25,0,0,0.0,400,FRANKLIN,0.0,3/7/2024 10:30,3/8/2024 7:51,Price Code 1,CONTACT FOR DELIVERY,False,Food Bank of Northeast Georgia,01,30662.0,Royston,GATORADE THIRST QUENCHER VAR PACK,Beverages
321,181529,8972,R-111,Royston Housing Authority,FAIMPORT484133,,FP/OP/USDA,AFTER SCHOOL PROGRAM-Agency,BLUE RECEIPT-SHL,MCF-15-10000,1,0,0,0.0,1,FRANKLIN,0.0,5/27/2024 0:00,5/27/2024 0:00,Price Code 1,CUSTOMER PICKUP,False,Food Bank of Northeast Georgia,01,30662.0,Royston,"FROZEN MEAT & SEAFOOD, SHL RETAIL PICKUP",Proteins
157,179735,6201,N-103,New Beginnings Ministry,482348,,ON PREMISES (OP),REHAB-Agency,BLUE RECEIPT-SHL,C-28-90191,20,0,0,0.0,940,FRANKLIN,0.0,5/3/2024 0:00,5/3/2024 12:29,Price Code 1,CUSTOMER PICKUP,False,Food Bank of Northeast Georgia,01,30557.0,Martin,CUCUMBERS,Vegetables 
941,178531,842,L-117,Lavonia Church of God,481147,,FP/USDA,MOBILE PANTRY-Agency,USDA,N-50-10021,13,0,0,0.0,351,FRANKLIN,0.0,4/11/2024 7:00,4/11/2024 6:46,Price Code 1,TRUCK 1 MOBILE PANTRY,False,Food Bank of Northeast Georgia,01,30553.0,Lavonia,USDA DICED TOMATOES NO SALT CCC,Vegetables 
157,176221,8964,N-103,New Beginnings Ministry,478847,,ON PREMISES (OP),REHAB-Agency,YELLOW RECEIPT - SHN,N-25-11961,10,0,0,9.0,50,FRANKLIN,0.18,3/1/2024 0:00,3/1/2024 10:51,Price Code 1,CUSTOMER PICKUP,False,Food Bank of Northeast Georgia,01,30557.0,Martin,SNACK PACK CINNABON PUDDING,Food Misc.
321,177079,1745,R-111,Royston Housing Authority,479701,,FP/OP/USDA,AFTER SCHOOL PROGRAM-Agency,BLUE RECEIPT-SHL,N-03-10756,2,0,0,2.22,74,FRANKLIN,0.03,3/14/2024 14:45,3/14/2024 10:13,Price Code 1,CUSTOMER PICKUP,False,Food Bank of Northeast Georgia,01,30662.0,Royston,GATORADE FRUIT PUNCH,Beverages
321,172938,683,R-111,Royston Housing Authority,476569,,FP/OP/USDA,AFTER SCHOOL PROGRAM-Agency,BLUE RECEIPT-SHL,W-16-10001,48,0,0,8.64,48,FRANKLIN,0.18,1/11/2024 14:45,1/11/2024 11:37,Price Code 1,CUSTOMER PICKUP,False,Sharing Floor Athens,01-SH,30662.0,Royston,MISC. FOOD BOX SHL,Food Misc.
321,180447,7152,R-111,Royston Housing Authority,483053,,FP/OP/USDA,AFTER SCHOOL PROGRAM-Agency,GNAP,N-40-10233,1,0,0,0.0,16,FRANKLIN,0.0,5/15/2024 8:45,5/15/2024 10:03,Price Code 1,CUSTOMER PICKUP,False,Food Bank of Northeast Georgia,01,30662.0,Royston,GNAP GRAPE JELLY,Food Misc.
157,179735,8962,N-103,New Beginnings Ministry,482348,,ON PREMISES (OP),REHAB-Agency,BLUE RECEIPT-SHL,C-28-90539,2,0,0,0.0,104,FRANKLIN,0.0,5/3/2024 0:00,5/3/2024 12:29,Price Code 1,CUSTOMER PICKUP,False,Food Bank of Northeast Georgia,01,30557.0,Martin,"TURNIPS, SHL",Vegetables 
157,181573,9059,N-103,New Beginnings Ministry,484177,,ON PREMISES (OP),REHAB-Agency,LOCAL - LL,F-16-90438,2,0,0,1.44,8,FRANKLIN,0.18,6/3/2024 0:00,6/3/2024 11:27,Price Code 1,CONTACT FOR DELIVERY,False,Food Bank of Northeast Georgia,01,30557.0,Martin,OSCAR MAYER MAPLE SAUSAGE ROLLERS,Food Misc.
157,172609,875,N-103,New Beginnings Ministry,476240,,ON PREMISES (OP),REHAB-Agency,BLUE RECEIPT-SHL,W-04-10000,20,0,0,0.0,20,FRANKLIN,0.0,1/5/2024 13:34,1/5/2024 10:31,Price Code 1,CONTACT FOR DELIVERY,False,Sharing Floor Athens,01-SH,30557.0,Martin,"BREAD & BAKERY, ASSORTED SHL",Grains
179,173499,8852,R-100,Rainbow Pantry,477128,,FP/USDA,FOOD PANTRY-Agency,PURCH,N-23-10010,15,0,0,35.1,195,FRANKLIN,0.18,2/1/2024 10:30,2/20/2024 13:42,Price Code 1,CONTACT FOR DELIVERY,False,Food Bank of Northeast Georgia,01,30662.0,Royston,NUT'N BETTER CREAMY PEANUT BUTTER - RED SUGAR & SODIUM,Proteins
941,172698,84,L-117,Lavonia Church of God,476329,,FP/USDA,MOBILE PANTRY-Agency,USDA,N-50-10006,13,0,0,0.0,351,FRANKLIN,0.0,1/11/2024 9:01,1/11/2024 8:33,Price Code 1,TRUCK 1 MOBILE PANTRY,False,Food Bank of Northeast Georgia,01,30553.0,Lavonia,USDA GREEN BEANS,Vegetables 
973,173383,8912,G-134,The Grace Foundation: Family Transformation ,477012,,ON PREMISES (OP),REHAB-Agency,BLUE RECEIPT-SHL,N-03-11798,8,0,0,0.0,304,FRANKLIN,0.0,1/26/2024 8:00,1/26/2024 9:10,Price Code 1,CUSTOMER PICKUP,False,Food Bank of Northeast Georgia,01,30557.0,Martin,MT DEW 12/1.25L,Beverages
973,178534,8949,G-134,The Grace Foundation: Family Transformation ,481150,,ON PREMISES (OP),REHAB-Agency,LOCAL - LL,C-28-90536,5,0,0,0.0,250,FRANKLIN,0.0,4/12/2024 11:10,4/25/2024 7:41,Price Code 1,CUSTOMER PICKUP,False,Food Bank of Northeast Georgia,01,30557.0,Martin,"CARROTS, 50#",Vegetables 
941,176929,8761,L-117,Lavonia Church of God,479551,,FP/USDA,MOBILE PANTRY-Agency,USDA,N-50-10306,13,0,0,0.0,325,FRANKLIN,0.0,3/14/2024 7:00,3/14/2024 7:18,Price Code 1,TRUCK 1 MOBILE PANTRY,False,Food Bank of Northeast Georgia,01,30553.0,Lavonia,USDA WHOLE DEGLET DATES,Fruits
321,179189,8970,R-111,Royston Housing Authority,FAIMPORT481802,,FP/OP/USDA,AFTER SCHOOL PROGRAM-Agency,BLUE RECEIPT-SHL,MCW-16-10001,46,0,0,0.0,46,FRANKLIN,0.0,4/16/2024 0:00,4/16/2024 0:00,Price Code 1,CUSTOMER PICKUP,False,Food Bank of Northeast Georgia,01,30662.0,Royston,"MISC. FOOD BOX, SHL RETAIL PICKUP",Food Misc.
916,175582,5407,W-125,World Outreach Ministries (d/b/a Ignited Church),478210,,FOOD PANTRY,FOOD PANTRY-Agency,BLUE RECEIPT-SHL,F-15-10000,116,0,0,20.88,116,FRANKLIN,0.18,2/13/2024 9:35,2/13/2024 14:06,Price Code 1,CUSTOMER PICKUP,False,Sharing Floor Athens,01-SH,30553.0,Lavonia,"MEAT & SEAFOOD, FROZEN SHL",Proteins
179,180601,9049,R-100,Rainbow Pantry,483207,,FP/USDA,FOOD PANTRY-Agency,BLUE RECEIPT-SHL,C-07-90665,1,0,0,4.68,36,FRANKLIN,0.13,5/23/2024 10:15,5/28/2024 7:55,Price Code 1,TRUCK 1,False,Food Bank of Northeast Georgia,01,30662.0,Royston,GREAT VALUE UNSALTED BUTTER,Dairy
973,172711,5958,G-134,The Grace Foundation: Family Transformation ,476342,,ON PREMISES (OP),REHAB-Agency,BLUE RECEIPT-SHL,C-16-10001,86,0,0,15.48,86,FRANKLIN,0.18,1/8/2024 10:05,1/8/2024 10:10,Price Code 1,CUSTOMER PICKUP,False,Sharing Floor Athens,01-SH,30557.0,Martin,"COOLER FOOD, MISC. SHL",Food Misc.
157,180273,9035,N-103,New Beginnings Ministry,482879,,ON PREMISES (OP),REHAB-Agency,GNAP,N-40-10272,10,0,0,0.0,140,FRANKLIN,0.0,5/10/2024 10:25,5/10/2024 10:31,Price Code 1,CUSTOMER PICKUP,False,Food Bank of Northeast Georgia,01,30557.0,Martin,GNAP MACARONI O'S W/ BEEF - EZ OPEN,Prepared Meals
321,172938,690,R-111,Royston Housing Authority,476569,,FP/OP/USDA,AFTER SCHOOL PROGRAM-Agency,BLUE RECEIPT-SHL,W-03-10013,481,0,0,0.0,481,FRANKLIN,0.0,1/11/2024 14:45,1/11/2024 11:37,Price Code 1,CUSTOMER PICKUP,False,Sharing Floor Athens,01-SH,30662.0,Royston,"ASSORTED BEVERAGES, SHL",Beverages
157,176221,8957,N-103,New Beginnings Ministry,478847,,ON PREMISES (OP),REHAB-Agency,YELLOW RECEIPT - SHN,N-25-11956,6,0,0,4.32,24,FRANKLIN,0.18,3/1/2024 0:00,3/1/2024 10:51,Price Code 1,CUSTOMER PICKUP,False,Food Bank of Northeast Georgia,01,30557.0,Martin,HONEYMAID GRAHAM CRACKERS,Food Misc.
942,179966,6780,M-140FRANKLIN,Franklin County MedLink Georgia,482575,,DIRECT ASSISTANCE,MOBILE PANTRY-Agency,USDA,C-50-10024,7,0,0,0.0,301,FRANKLIN,0.0,5/10/2024 8:00,5/10/2024 7:57,Mobile Pantry/Feed Site Only,TRACTOR TRAILER 1 MOBILE PANTRY,False,Food Bank of Northeast Georgia,01,30628.0,Colbert,USDA APPLES,Fruits
941,180242,3139,L-117,Lavonia Church of God,482848,,FP/USDA,MOBILE PANTRY-Agency,USDA,N-50-10290,25,0,0,0.0,625,FRANKLIN,0.0,5/9/2024 7:00,5/9/2024 8:53,Price Code 1,TRUCK 1 MOBILE PANTRY,False,Food Bank of Northeast Georgia,01,30553.0,Lavonia,USDA WHOLE ALMONDS DRY ROASTED,Proteins
179,172361,8627,R-100,Rainbow Pantry,475992,,FP/USDA,FOOD PANTRY-Agency,USDA,N-50-10300,15,0,0,37.8,210,FRANKLIN,0.18,1/5/2024 10:30,1/16/2024 8:22,Price Code 1,CONTACT FOR DELIVERY,False,Food Bank of Northeast Georgia,01,30662.0,Royston,USDA CANNED COLLARD GREENS CCC,Vegetables 
157,178859,1045,N-103,New Beginnings Ministry,481473,,ON PREMISES (OP),REHAB-Agency,BLUE RECEIPT-SHL,W-25-10009,109,0,0,19.62,109,FRANKLIN,0.18,4/12/2024 13:34,4/12/2024 10:29,Price Code 1,CONTACT FOR DELIVERY,False,Sharing Floor Athens,01-SH,30557.0,Martin,"ASSORTED SNACK ITEMS, SHL",Food Misc.
157,172609,688,N-103,New Beginnings Ministry,476240,,ON PREMISES (OP),REHAB-Agency,BLUE RECEIPT-SHL,W-01-10000,13,0,0,2.34,13,FRANKLIN,0.18,1/5/2024 13:34,1/5/2024 10:31,Price Code 1,CONTACT FOR DELIVERY,False,Sharing Floor Athens,01-SH,30557.0,Martin,"ASSORTED NON-FOOD ITEMS, SHL",Non-Food Misc.
973,177949,8682,G-134,The Grace Foundation: Family Transformation ,480568,,ON PREMISES (OP),REHAB-Agency,BLUE RECEIPT-SHL,N-03-11727,30,0,0,0.0,840,FRANKLIN,0.0,4/3/2024 11:33,4/3/2024 12:08,Price Code 1,CUSTOMER PICKUP,False,Food Bank of Northeast Georgia,01,30557.0,Martin,LIPTON DIET GREEN TEA CITRUS,Beverages
321,180471,8973,R-111,Royston Housing Authority,FAIMPORT483077,,FP/OP/USDA,AFTER SCHOOL PROGRAM-Agency,BLUE RECEIPT-SHL,MCC-16-10001,16,0,0,0.0,16,FRANKLIN,0.0,5/6/2024 0:00,5/6/2024 0:00,Price Code 1,CUSTOMER PICKUP,False,Food Bank of Northeast Georgia,01,30662.0,Royston,"COOLER FOOD MISC., SHL RETAIL PICKUP",Food Misc.
476,179375,7083,S-129,"Step of Faith Outreach, INC",481988,,FP/OP/GNAP/USDA,FOOD PANTRY-Agency,USDA,C-50-10029,2,0,0,0.0,24,FRANKLIN,0.0,4/25/2024 16:09,4/26/2024 9:37,Price Code 1,CUSTOMER PICKUP,False,Food Bank of Northeast Georgia,01,30553.0,Lavonia,"USDA MILD CHEDDAR CHEESE, BLOCK CCC",Dairy
942,179966,8997,M-140FRANKLIN,Franklin County MedLink Georgia,482575,,DIRECT ASSISTANCE,MOBILE PANTRY-Agency,USDA,N-50-10312,18,0,0,0.0,216,FRANKLIN,0.0,5/10/2024 8:00,5/10/2024 7:57,Mobile Pantry/Feed Site Only,TRACTOR TRAILER 1 MOBILE PANTRY,False,Food Bank of Northeast Georgia,01,30628.0,Colbert,USDA CHILI W/ BEANS CCC,Prepared Meals
941,180242,8997,L-117,Lavonia Church of God,482848,,FP/USDA,MOBILE PANTRY-Agency,USDA,N-50-10312,25,0,0,0.0,300,FRANKLIN,0.0,5/9/2024 7:00,5/9/2024 8:53,Price Code 1,TRUCK 1 MOBILE PANTRY,False,Food Bank of Northeast Georgia,01,30553.0,Lavonia,USDA CHILI W/ BEANS CCC,Prepared Meals
179,176131,4715,R-100,Rainbow Pantry,478758,,FP/USDA,FOOD PANTRY-Agency,USDA,F-50-90461,10,0,0,40.0,400,FRANKLIN,0.1,3/7/2024 10:30,3/8/2024 7:51,Price Code 1,CONTACT FOR DELIVERY,False,Food Bank of Northeast Georgia,01,30662.0,Royston,USDA ALASKAN POLLACK FISH FILLETS,Proteins
157,179665,5958,N-103,New Beginnings Ministry,482278,,ON PREMISES (OP),REHAB-Agency,BLUE RECEIPT-SHL,C-16-10001,51,0,0,9.18,51,FRANKLIN,0.18,4/26/2024 13:34,4/26/2024 10:15,Price Code 1,CONTACT FOR DELIVERY,False,Sharing Floor Athens,01-SH,30557.0,Martin,"COOLER FOOD, MISC. SHL",Food Misc.
916,172635,5958,W-125,World Outreach Ministries (d/b/a Ignited Church),476266,,FOOD PANTRY,FOOD PANTRY-Agency,BLUE RECEIPT-SHL,C-16-10001,24,0,0,4.32,24,FRANKLIN,0.18,1/5/2024 9:35,1/5/2024 14:57,Price Code 1,CUSTOMER PICKUP,False,Sharing Floor Athens,01-SH,30553.0,Lavonia,"COOLER FOOD, MISC. SHL",Food Misc.
179,180878,8929,R-100,Rainbow Pantry,483484,,FP/USDA,FOOD PANTRY-Agency,BLUE RECEIPT-SHL,N-03-11804,8,0,0,0.0,144,FRANKLIN,0.0,5/23/2024 11:00,5/28/2024 7:42,Price Code 1,TRUCK 1,False,Food Bank of Northeast Georgia,01,30662.0,Royston,GATORADE GRAPE LOWER SUGAR,Beverages
941,181780,6918,L-117,Lavonia Church of God,484384,,FP/USDA,MOBILE PANTRY-Agency,BLUE RECEIPT-SHL,C-28-90382,42,0,0,0.0,2058,FRANKLIN,0.0,6/13/2024 7:00,6/13/2024 16:49,Price Code 1,TRUCK 1 MOBILE PANTRY,False,Food Bank of Northeast Georgia,01,30553.0,Lavonia,BI COLOR SWEET CORN,Vegetables
157,178859,683,N-103,New Beginnings Ministry,481473,,ON PREMISES (OP),REHAB-Agency,BLUE RECEIPT-SHL,W-16-10001,11,0,0,1.98,11,FRANKLIN,0.18,4/12/2024 13:34,4/12/2024 10:29,Price Code 1,CONTACT FOR DELIVERY,False,Sharing Floor Athens,01-SH,30557.0,Martin,MISC. FOOD BOX SHL,Food Misc.
157,178315,8996,N-103,New Beginnings Ministry,480931,,ON PREMISES (OP),REHAB-Agency,LOCAL - LL,C-07-90662,8,0,0,0.0,112,FRANKLIN,0.0,4/12/2024 0:00,4/12/2024 11:01,Price Code 1,CONTACT FOR DELIVERY,False,Food Bank of Northeast Georgia,01,30557.0,Martin,DUNKIN COFFEE CREAMER,Food Misc.
941,172698,1791,L-117,Lavonia Church of God,476329,,FP/USDA,MOBILE PANTRY-Agency,USDA,N-50-10079,13,0,0,0.0,338,FRANKLIN,0.0,1/11/2024 9:01,1/11/2024 8:33,Price Code 1,TRUCK 1 MOBILE PANTRY,False,Food Bank of Northeast Georgia,01,30553.0,Lavonia,USDA WALNUT HALVES AND PIECES,Proteins
942,179966,1047,M-140FRANKLIN,Franklin County MedLink Georgia,482575,,DIRECT ASSISTANCE,MOBILE PANTRY-Agency,USDA,N-50-10041,9,0,0,0.0,441,FRANKLIN,0.0,5/10/2024 8:00,5/10/2024 7:57,Mobile Pantry/Feed Site Only,TRACTOR TRAILER 1 MOBILE PANTRY,False,Food Bank of Northeast Georgia,01,30628.0,Colbert,USDA RICE,Grains
973,178534,7167,G-134,The Grace Foundation: Family Transformation ,481150,,ON PREMISES (OP),REHAB-Agency,BLUE RECEIPT-SHL,N-03-11200,20,0,0,0.0,200,FRANKLIN,0.0,4/12/2024 11:10,4/25/2024 7:41,Price Code 1,CUSTOMER PICKUP,False,Food Bank of Northeast Georgia,01,30557.0,Martin,DR PEPPER ZERO SUGAR,Beverages
321,176218,8966,R-111,Royston Housing Authority,478844,,FP/OP/USDA,AFTER SCHOOL PROGRAM-Agency,YELLOW RECEIPT - SHN,N-15-10049,3,0,0,3.24,18,FRANKLIN,0.18,2/29/2024 14:45,3/4/2024 10:11,Price Code 1,CUSTOMER PICKUP,False,Food Bank of Northeast Georgia,01,30662.0,Royston,FIRE CRACKER REDHOT PICKLED SAUSAGE,Food Misc.
179,172361,8890,R-100,Rainbow Pantry,475992,,FP/USDA,FOOD PANTRY-Agency,LFB,N-01-90132,8,0,0,15.84,88,FRANKLIN,0.18,1/5/2024 10:30,1/16/2024 8:22,Price Code 1,CONTACT FOR DELIVERY,False,Food Bank of Northeast Georgia,01,30662.0,Royston,PULLUPS 2T/3T,Non-Food Misc.
973,173104,683,G-134,The Grace Foundation: Family Transformation ,476734,,ON PREMISES (OP),REHAB-Agency,BLUE RECEIPT-SHL,W-16-10001,142,0,0,0.0,142,FRANKLIN,0.0,1/16/2024 9:57,1/16/2024 10:08,Price Code 1,CUSTOMER PICKUP,False,Sharing Floor Athens,01-SH,30557.0,Martin,MISC. FOOD BOX SHL,Food Misc.
179,181476,3943,R-100,Rainbow Pantry,484080,,FP/USDA,FOOD PANTRY-Agency,USDA,N-50-10268,40,0,0,45.6,1520,FRANKLIN,0.03,6/6/2024 10:00,6/6/2024 13:08,Price Code 1,TRUCK 1,False,Food Bank of Northeast Georgia,01,30662.0,Royston,USDA APPLE JUICE,Beverages
941,181780,8783,L-117,Lavonia Church of God,484384,,FP/USDA,MOBILE PANTRY-Agency,USDA,N-50-10308,25,0,0,0.0,575,FRANKLIN,0.0,6/13/2024 7:00,6/13/2024 16:49,Price Code 1,TRUCK 1 MOBILE PANTRY,False,Food Bank of Northeast Georgia,01,30553.0,Lavonia,USDA RAISINS,Fruits
321,180637,8970,R-111,Royston Housing Authority,FAIMPORT483243,,FP/OP/USDA,AFTER SCHOOL PROGRAM-Agency,BLUE RECEIPT-SHL,MCW-16-10001,37,0,0,0.0,37,FRANKLIN,0.0,5/9/2024 0:00,5/9/2024 0:00,Price Code 1,CUSTOMER PICKUP,False,Food Bank of Northeast Georgia,01,30662.0,Royston,"MISC. FOOD BOX, SHL RETAIL PICKUP",Food Misc.
916,172669,8901,W-125,World Outreach Ministries (d/b/a Ignited Church),476300,,FOOD PANTRY,FOOD PANTRY-Agency,BLUE RECEIPT-SHL,N-03-11792,1,0,0,0.0,20,FRANKLIN,0.0,1/10/2024 9:35,1/11/2024 14:22,Price Code 1,CUSTOMER PICKUP,False,Food Bank of Northeast Georgia,01,30553.0,Lavonia,PROPEL BLACK CHERRY ,Beverages
157,176949,5407,N-103,New Beginnings Ministry,479571,,ON PREMISES (OP),REHAB-Agency,BLUE RECEIPT-SHL,F-15-10000,123,0,0,22.14,123,FRANKLIN,0.18,3/8/2024 13:34,3/8/2024 11:28,Price Code 1,CONTACT FOR DELIVERY,False,Sharing Floor Athens,01-SH,30557.0,Martin,"MEAT & SEAFOOD, FROZEN SHL",Proteins
916,182549,683,W-125,World Outreach Ministries (d/b/a Ignited Church),485152,,FOOD PANTRY,FOOD PANTRY-Agency,BLUE RECEIPT-SHL,W-16-10001,1,0,0,0.18,1,FRANKLIN,0.18,6/25/2024 9:35,6/25/2024 13:46,Price Code 1,CUSTOMER PICKUP,False,Sharing Floor Athens,01-SH,30553.0,Lavonia,MISC. FOOD BOX SHL,Food Misc.
973,180613,9040,G-134,The Grace Foundation: Family Transformation ,483219,,ON PREMISES (OP),REHAB-Agency,LOCAL - LL,N-11-11073,2,0,0,5.0,50,FRANKLIN,0.1,5/21/2024 10:00,5/21/2024 14:51,Price Code 1,CUSTOMER PICKUP,False,Food Bank of Northeast Georgia,01,30557.0,Martin,COUSCOUS,Grains
973,182017,235,G-134,The Grace Foundation: Family Transformation ,484621,,ON PREMISES (OP),REHAB-Agency,LOCAL - LL,W-03-10012,284,0,0,0.0,284,FRANKLIN,0.0,6/7/2024 9:49,6/7/2024 9:59,Price Code 1,CUSTOMER PICKUP,False,Sharing Floor Athens,01-SH,30557.0,Martin,"ASSORTED BEVERAGES, LL",Beverages
476,180914,9055,S-129,"Step of Faith Outreach, INC",483520,,FP/OP/GNAP/USDA,FOOD PANTRY-Agency,GNAP,N-40-10285,20,0,0,0.0,440,FRANKLIN,0.0,5/21/2024 12:00,5/21/2024 12:04,Price Code 1,CUSTOMER PICKUP,False,Food Bank of Northeast Georgia,01,30553.0,Lavonia,GNAP MIXED FRUIT CUPS,Fruits
179,180878,9063,R-100,Rainbow Pantry,483484,,FP/USDA,FOOD PANTRY-Agency,LOCAL - LL,N-25-11976,20,0,0,50.4,280,FRANKLIN,0.18,5/23/2024 11:00,5/28/2024 7:42,Price Code 1,TRUCK 1,False,Food Bank of Northeast Georgia,01,30662.0,Royston,MINI SOFT BAKED COOKIES LUCKY CHARMS,Food Misc.
321,172763,8903,R-111,Royston Housing Authority,476394,,FP/OP/USDA,AFTER SCHOOL PROGRAM-Agency,YELLOW RECEIPT - SHN,N-16-10181,1,0,0,0.9,5,FRANKLIN,0.18,1/11/2024 14:45,1/11/2024 12:16,Price Code 1,CUSTOMER PICKUP,False,Food Bank of Northeast Georgia,01,30662.0,Royston,STOVE TOP STUFFING - TURKEY/CHICKEN/CORNBREAD,Prepared Meals
973,176026,5407,G-134,The Grace Foundation: Family Transformation ,478654,,ON PREMISES (OP),REHAB-Agency,BLUE RECEIPT-SHL,F-15-10000,119,0,0,21.42,119,FRANKLIN,0.18,2/22/2024 12:01,2/22/2024 12:04,Price Code 1,CUSTOMER PICKUP,False,Sharing Floor Athens,01-SH,30557.0,Martin,"MEAT & SEAFOOD, FROZEN SHL",Proteins
916,176650,8903,W-125,World Outreach Ministries (d/b/a Ignited Church),479273,,FOOD PANTRY,FOOD PANTRY-Agency,YELLOW RECEIPT - SHN,N-16-10181,1,0,0,0.9,5,FRANKLIN,0.18,3/7/2024 9:35,3/7/2024 9:50,Price Code 1,CUSTOMER PICKUP,False,Food Bank of Northeast Georgia,01,30553.0,Lavonia,STOVE TOP STUFFING - TURKEY/CHICKEN/CORNBREAD,Prepared Meals
973,177949,8851,G-134,The Grace Foundation: Family Transformation ,480568,,ON PREMISES (OP),REHAB-Agency,PURCH,N-11-11071,10,0,0,10.8,60,FRANKLIN,0.18,4/3/2024 11:33,4/3/2024 12:08,Price Code 1,CUSTOMER PICKUP,False,Food Bank of Northeast Georgia,01,30557.0,Martin,"CHICKEN STUFFING, PREMIER PANTRY",Prepared Meals
973,181155,683,G-134,The Grace Foundation: Family Transformation ,483760,,ON PREMISES (OP),REHAB-Agency,BLUE RECEIPT-SHL,W-16-10001,255,0,0,45.9,255,FRANKLIN,0.18,5/21/2024 15:19,5/21/2024 15:26,Price Code 1,CUSTOMER PICKUP,False,Sharing Floor Athens,01-SH,30557.0,Martin,MISC. FOOD BOX SHL,Food Misc.
942,179966,84,M-140FRANKLIN,Franklin County MedLink Georgia,482575,,DIRECT ASSISTANCE,MOBILE PANTRY-Agency,USDA,N-50-10006,9,0,0,0.0,243,FRANKLIN,0.0,5/10/2024 8:00,5/10/2024 7:57,Mobile Pantry/Feed Site Only,TRACTOR TRAILER 1 MOBILE PANTRY,False,Food Bank of Northeast Georgia,01,30628.0,Colbert,USDA GREEN BEANS,Vegetables 
476,175439,8546,S-129,"Step of Faith Outreach, INC",478068,,FP/OP/GNAP/USDA,FOOD PANTRY-Agency,BLUE RECEIPT-SHL,N-03-10262,2,0,0,10.8,60,FRANKLIN,0.18,2/14/2024 16:09,2/14/2024 8:56,Price Code 1,CUSTOMER PICKUP,False,Food Bank of Northeast Georgia,01,30553.0,Lavonia,STARRY LEMON LIME SODA 16.9 OZ,Beverages
179,172361,8875,R-100,Rainbow Pantry,475992,,FP/USDA,FOOD PANTRY-Agency,BLUE RECEIPT-SHL,N-03-11780,20,0,0,0.0,700,FRANKLIN,0.0,1/5/2024 10:30,1/16/2024 8:22,Price Code 1,CONTACT FOR DELIVERY,False,Food Bank of Northeast Georgia,01,30662.0,Royston,GATORADE G2 GRAPE,Beverages
973,181746,9040,G-134,The Grace Foundation: Family Transformation ,484350,,ON PREMISES (OP),REHAB-Agency,LOCAL - LL,N-11-11073,2,0,0,5.0,50,FRANKLIN,0.1,6/7/2024 9:30,6/7/2024 9:23,Price Code 1,CUSTOMER PICKUP,False,Food Bank of Northeast Georgia,01,30557.0,Martin,COUSCOUS,Grains
973,173383,8854,G-134,The Grace Foundation: Family Transformation ,477012,,ON PREMISES (OP),REHAB-Agency,BLUE RECEIPT-SHL,N-03-11776,25,0,0,0.0,825,FRANKLIN,0.0,1/26/2024 8:00,1/26/2024 9:10,Price Code 1,CUSTOMER PICKUP,False,Food Bank of Northeast Georgia,01,30557.0,Martin,DR PEPPER STRAWBERRIES & CREAM,Beverages
941,176929,8783,L-117,Lavonia Church of God,479551,,FP/USDA,MOBILE PANTRY-Agency,USDA,N-50-10308,13,0,0,0.0,299,FRANKLIN,0.0,3/14/2024 7:00,3/14/2024 7:18,Price Code 1,TRUCK 1 MOBILE PANTRY,False,Food Bank of Northeast Georgia,01,30553.0,Lavonia,USDA RAISINS,Fruits
157,176949,683,N-103,New Beginnings Ministry,479571,,ON PREMISES (OP),REHAB-Agency,BLUE RECEIPT-SHL,W-16-10001,67,0,0,0.0,67,FRANKLIN,0.0,3/8/2024 13:34,3/8/2024 11:28,Price Code 1,CONTACT FOR DELIVERY,False,Sharing Floor Athens,01-SH,30557.0,Martin,MISC. FOOD BOX SHL,Food Misc.
321,173424,8918,R-111,Royston Housing Authority,477053,,FP/OP/USDA,AFTER SCHOOL PROGRAM-Agency,LOCAL - LL,N-25-11950,2,0,0,0.72,4,FRANKLIN,0.18,1/25/2024 14:45,1/25/2024 12:46,Price Code 1,CUSTOMER PICKUP,False,Food Bank of Northeast Georgia,01,30662.0,Royston,GHIRARDELLI DARK CHOCOLATE,Food Misc.
157,180273,7152,N-103,New Beginnings Ministry,482879,,ON PREMISES (OP),REHAB-Agency,GNAP,N-40-10233,5,0,0,0.0,80,FRANKLIN,0.0,5/10/2024 10:25,5/10/2024 10:31,Price Code 1,CUSTOMER PICKUP,False,Food Bank of Northeast Georgia,01,30557.0,Martin,GNAP GRAPE JELLY,Food Misc.
321,179298,8975,R-111,Royston Housing Authority,FAIMPORT481911,,FP/OP/USDA,AFTER SCHOOL PROGRAM-Agency,BLUE RECEIPT-SHL,MCC-07-10001,397,0,0,0.0,397,FRANKLIN,0.0,4/18/2024 0:00,4/18/2024 0:00,Price Code 1,CUSTOMER PICKUP,False,Food Bank of Northeast Georgia,01,30662.0,Royston,"DAIRY PRODUCTS, SHL RETAIL PICKUPS",Dairy
476,179375,8931,S-129,"Step of Faith Outreach, INC",481988,,FP/OP/GNAP/USDA,FOOD PANTRY-Agency,SBB-O,N-16-20003,18,0,0,0.0,396,FRANKLIN,0.0,4/25/2024 16:09,4/26/2024 9:37,Price Code 1,CUSTOMER PICKUP,False,Food Bank of Northeast Georgia,01,30553.0,Lavonia,SENIOR STAPLES BOX - ASSORTED USDA,Food Misc.
973,177949,8854,G-134,The Grace Foundation: Family Transformation ,480568,,ON PREMISES (OP),REHAB-Agency,BLUE RECEIPT-SHL,N-03-11776,20,0,0,0.0,660,FRANKLIN,0.0,4/3/2024 11:33,4/3/2024 12:08,Price Code 1,CUSTOMER PICKUP,False,Food Bank of Northeast Georgia,01,30557.0,Martin,DR PEPPER STRAWBERRIES & CREAM,Beverages
916,176650,8952,W-125,World Outreach Ministries (d/b/a Ignited Church),479273,,FOOD PANTRY,FOOD PANTRY-Agency,BLUE RECEIPT-SHL,N-03-11813,2,0,0,0.0,48,FRANKLIN,0.0,3/7/2024 9:35,3/7/2024 9:50,Price Code 1,CUSTOMER PICKUP,False,Food Bank of Northeast Georgia,01,30553.0,Lavonia,PROPEL BERRY,Beverages
973,181155,5407,G-134,The Grace Foundation: Family Transformation ,483760,,ON PREMISES (OP),REHAB-Agency,BLUE RECEIPT-SHL,F-15-10000,134,0,0,24.12,134,FRANKLIN,0.18,5/21/2024 15:19,5/21/2024 15:26,Price Code 1,CUSTOMER PICKUP,False,Sharing Floor Athens,01-SH,30557.0,Martin,"MEAT & SEAFOOD, FROZEN SHL",Proteins
157,178315,8963,N-103,New Beginnings Ministry,480931,,ON PREMISES (OP),REHAB-Agency,YELLOW RECEIPT - SHN,N-25-11960,10,0,0,19.8,110,FRANKLIN,0.18,4/12/2024 0:00,4/12/2024 11:01,Price Code 1,CONTACT FOR DELIVERY,False,Food Bank of Northeast Georgia,01,30557.0,Martin,"TAPIOCA PUDDING, BEST CHOICE",Food Misc.
916,178136,5407,W-125,World Outreach Ministries (d/b/a Ignited Church),480755,,FOOD PANTRY,FOOD PANTRY-Agency,BLUE RECEIPT-SHL,F-15-10000,73,0,0,13.14,73,FRANKLIN,0.18,4/2/2024 9:35,4/2/2024 15:00,Price Code 1,CUSTOMER PICKUP,False,Sharing Floor Athens,01-SH,30553.0,Lavonia,"MEAT & SEAFOOD, FROZEN SHL",Proteins
973,176696,5958,G-134,The Grace Foundation: Family Transformation ,479319,,ON PREMISES (OP),REHAB-Agency,BLUE RECEIPT-SHL,C-16-10001,128,0,0,23.04,128,FRANKLIN,0.18,3/5/2024 11:36,3/5/2024 11:45,Price Code 1,CUSTOMER PICKUP,False,Sharing Floor Athens,01-SH,30557.0,Martin,"COOLER FOOD, MISC. SHL",Food Misc.
321,178709,8971,R-111,Royston Housing Authority,FAIMPORT481323,,FP/OP/USDA,AFTER SCHOOL PROGRAM-Agency,BLUE RECEIPT-SHL,MCF-16-10001,71,0,0,0.0,71,FRANKLIN,0.0,4/4/2024 0:00,4/4/2024 0:00,Price Code 1,CUSTOMER PICKUP,False,Food Bank of Northeast Georgia,01,30662.0,Royston,"FROZEN FOODS, MISC SHL RETAIL PICKUP",Food Misc.
973,173383,8873,G-134,The Grace Foundation: Family Transformation ,477012,,ON PREMISES (OP),REHAB-Agency,YELLOW RECEIPT - SHN,F-10-10001,10,0,0,0.9,30,FRANKLIN,0.03,1/26/2024 8:00,1/26/2024 9:10,Price Code 1,CUSTOMER PICKUP,False,Food Bank of Northeast Georgia,01,30557.0,Martin,OUTSHINE STRAWBERRY BANANA SMOOTHIE CUBES,Beverages
973,175745,1045,G-134,The Grace Foundation: Family Transformation ,478373,,ON PREMISES (OP),REHAB-Agency,BLUE RECEIPT-SHL,W-25-10009,103,0,0,18.54,103,FRANKLIN,0.18,2/16/2024 10:30,2/16/2024 10:47,Price Code 1,CUSTOMER PICKUP,False,Sharing Floor Athens,01-SH,30557.0,Martin,"ASSORTED SNACK ITEMS, SHL",Food Misc.
157,172403,8878,N-103,New Beginnings Ministry,476034,,ON PREMISES (OP),REHAB-Agency,YELLOW RECEIPT - SHN,N-03-11783,20,0,0,0.0,260,FRANKLIN,0.0,1/5/2024 12:30,1/5/2024 11:23,Price Code 1,CONTACT FOR DELIVERY,False,Food Bank of Northeast Georgia,01,30557.0,Martin,GATORADE FIT CITRUS BERRY,Beverages
973,182017,683,G-134,The Grace Foundation: Family Transformation ,484621,,ON PREMISES (OP),REHAB-Agency,BLUE RECEIPT-SHL,W-16-10001,100,0,0,9.0,100,FRANKLIN,0.09,6/7/2024 9:49,6/7/2024 9:59,Price Code 1,CUSTOMER PICKUP,False,Sharing Floor Athens,01-SH,30557.0,Martin,MISC. FOOD BOX SHL,Food Misc.
179,173679,696,R-100,Rainbow Pantry,477308,,FP/USDA,FOOD PANTRY-Agency,LOCAL - LL,W-25-10000,100,0,0,18.0,100,FRANKLIN,0.18,1/26/2024 13:46,1/26/2024 11:42,Price Code 1,CUSTOMER PICKUP,False,Sharing Floor Athens,01-SH,30662.0,Royston,"ASSORTED SNACK ITEMS, LL",Food Misc.
157,180596,875,N-103,New Beginnings Ministry,483202,,ON PREMISES (OP),REHAB-Agency,BLUE RECEIPT-SHL,W-04-10000,20,0,0,0.0,20,FRANKLIN,0.0,5/10/2024 13:34,5/10/2024 10:17,Price Code 1,CONTACT FOR DELIVERY,False,Sharing Floor Athens,01-SH,30557.0,Martin,"BREAD & BAKERY, ASSORTED SHL",Grains
973,178534,6736,G-134,The Grace Foundation: Family Transformation ,481150,,ON PREMISES (OP),REHAB-Agency,LOCAL - LL,C-28-90456,700,0,0,0.0,700,FRANKLIN,0.0,4/12/2024 11:10,4/25/2024 7:41,Price Code 1,CUSTOMER PICKUP,False,Food Bank of Northeast Georgia,01,30557.0,Martin,APPLES,Fruits
179,177931,7284,R-100,Rainbow Pantry,480550,,FP/USDA,FOOD PANTRY-Agency,USDA,C-50-10043,20,0,0,52.0,520,FRANKLIN,0.1,4/4/2024 13:46,4/4/2024 9:23,Price Code 1,CONTACT FOR DELIVERY,False,Food Bank of Northeast Georgia,01,30662.0,Royston,USDA RED FAT AMERICAN CHEESE CCC,Dairy
179,177165,6692,R-100,Rainbow Pantry,479786,,FP/USDA,FOOD PANTRY-Agency,LOCAL - LL,C-28-90422,5,0,0,0.0,250,FRANKLIN,0.0,3/21/2024 10:30,3/27/2024 10:09,Price Code 1,CONTACT FOR DELIVERY,False,Food Bank of Northeast Georgia,01,30662.0,Royston,"APPLES, LL",Fruits
916,173132,5477,W-125,World Outreach Ministries (d/b/a Ignited Church),476762,,FOOD PANTRY,FOOD PANTRY-Agency,LOCAL - LL,F-15-10001,184,0,0,0.0,184,FRANKLIN,0.0,1/16/2024 9:35,1/16/2024 14:12,Price Code 1,CUSTOMER PICKUP,False,Sharing Floor Athens,01-SH,30553.0,Lavonia,"MEAT & SEAFOOD, FROZEN LOCAL",Proteins
941,172698,1047,L-117,Lavonia Church of God,476329,,FP/USDA,MOBILE PANTRY-Agency,USDA,N-50-10041,13,0,0,0.0,637,FRANKLIN,0.0,1/11/2024 9:01,1/11/2024 8:33,Price Code 1,TRUCK 1 MOBILE PANTRY,False,Food Bank of Northeast Georgia,01,30553.0,Lavonia,USDA RICE,Grains
973,173104,5958,G-134,The Grace Foundation: Family Transformation ,476734,,ON PREMISES (OP),REHAB-Agency,BLUE RECEIPT-SHL,C-16-10001,27,0,0,0.0,27,FRANKLIN,0.0,1/16/2024 9:57,1/16/2024 10:08,Price Code 1,CUSTOMER PICKUP,False,Sharing Floor Athens,01-SH,30557.0,Martin,"COOLER FOOD, MISC. SHL",Food Misc.
179,180878,9061,R-100,Rainbow Pantry,483484,,FP/USDA,FOOD PANTRY-Agency,LOCAL - LL,N-25-11974,20,0,0,10.8,60,FRANKLIN,0.18,5/23/2024 11:00,5/28/2024 7:42,Price Code 1,TRUCK 1,False,Food Bank of Northeast Georgia,01,30662.0,Royston,DOVE DARK CHOCOLATE & SEA SALT CARAMEL,Food Misc.
157,172403,8887,N-103,New Beginnings Ministry,476034,,ON PREMISES (OP),REHAB-Agency,LFB,N-19-10056,10,0,0,14.4,80,FRANKLIN,0.18,1/5/2024 12:30,1/5/2024 11:23,Price Code 1,CONTACT FOR DELIVERY,False,Food Bank of Northeast Georgia,01,30557.0,Martin,COTTONELLE TOILET PAPER 24,Non-Food Misc.
157,180273,9044,N-103,New Beginnings Ministry,482879,,ON PREMISES (OP),REHAB-Agency,GNAP,N-40-10278,10,0,0,0.0,80,FRANKLIN,0.0,5/10/2024 10:25,5/10/2024 10:31,Price Code 1,CUSTOMER PICKUP,False,Food Bank of Northeast Georgia,01,30557.0,Martin,"GNAP PASTA SIDE, ALFREDO ",Prepared Meals
973,173077,8854,G-134,The Grace Foundation: Family Transformation ,476707,,ON PREMISES (OP),REHAB-Agency,BLUE RECEIPT-SHL,N-03-11776,10,0,0,0.0,330,FRANKLIN,0.0,1/19/2024 9:00,1/19/2024 9:08,Price Code 1,CUSTOMER PICKUP,False,Food Bank of Northeast Georgia,01,30557.0,Martin,DR PEPPER STRAWBERRIES & CREAM,Beverages
179,172361,3943,R-100,Rainbow Pantry,475992,,FP/USDA,FOOD PANTRY-Agency,USDA,N-50-10268,15,0,0,17.1,570,FRANKLIN,0.03,1/5/2024 10:30,1/16/2024 8:22,Price Code 1,CONTACT FOR DELIVERY,False,Food Bank of Northeast Georgia,01,30662.0,Royston,USDA APPLE JUICE,Beverages
973,181746,9069,G-134,The Grace Foundation: Family Transformation ,484350,,ON PREMISES (OP),REHAB-Agency,BLUE RECEIPT-SHL,N-03-11834,5,0,0,0.0,200,FRANKLIN,0.0,6/7/2024 9:30,6/7/2024 9:23,Price Code 1,CUSTOMER PICKUP,False,Food Bank of Northeast Georgia,01,30557.0,Martin,DR PEPPER ZERO SUGAR,Beverages
941,176929,3139,L-117,Lavonia Church of God,479551,,FP/USDA,MOBILE PANTRY-Agency,USDA,N-50-10290,25,0,0,0.0,625,FRANKLIN,0.0,3/14/2024 7:00,3/14/2024 7:18,Price Code 1,TRUCK 1 MOBILE PANTRY,False,Food Bank of Northeast Georgia,01,30553.0,Lavonia,USDA WHOLE ALMONDS DRY ROASTED,Proteins
179,173679,884,R-100,Rainbow Pantry,477308,,FP/USDA,FOOD PANTRY-Agency,LFB,W-01-10003,32,0,0,5.76,32,FRANKLIN,0.18,1/26/2024 13:46,1/26/2024 11:42,Price Code 1,CUSTOMER PICKUP,False,Sharing Floor Athens,01-SH,30662.0,Royston,ASSORTED NON-FOOD ITEMS LFB,Non-Food Misc.
973,182017,696,G-134,The Grace Foundation: Family Transformation ,484621,,ON PREMISES (OP),REHAB-Agency,LOCAL - LL,W-25-10000,278,0,0,13.9,278,FRANKLIN,0.05,6/7/2024 9:49,6/7/2024 9:59,Price Code 1,CUSTOMER PICKUP,False,Sharing Floor Athens,01-SH,30557.0,Martin,"ASSORTED SNACK ITEMS, LL",Food Misc.
942,179966,8783,M-140FRANKLIN,Franklin County MedLink Georgia,482575,,DIRECT ASSISTANCE,MOBILE PANTRY-Agency,USDA,N-50-10308,9,0,0,0.0,207,FRANKLIN,0.0,5/10/2024 8:00,5/10/2024 7:57,Mobile Pantry/Feed Site Only,TRACTOR TRAILER 1 MOBILE PANTRY,False,Food Bank of Northeast Georgia,01,30628.0,Colbert,USDA RAISINS,Fruits
157,179735,9028,N-103,New Beginnings Ministry,482348,,ON PREMISES (OP),REHAB-Agency,YELLOW RECEIPT - SHN,N-27-10139,2,0,0,14.04,78,FRANKLIN,0.18,5/3/2024 0:00,5/3/2024 12:29,Price Code 1,CUSTOMER PICKUP,False,Food Bank of Northeast Georgia,01,30557.0,Martin,ANGELA MIA WHOLE PEELED PEAR TOMATOES,Vegetables 
321,182562,8976,R-111,Royston Housing Authority,FAIMPORT485165,,FP/OP/USDA,AFTER SCHOOL PROGRAM-Agency,BLUE RECEIPT-SHL,MCC-28-10001,17,0,0,0.0,17,FRANKLIN,0.0,6/24/2024 0:00,6/24/2024 0:00,Price Code 1,CUSTOMER PICKUP,False,Food Bank of Northeast Georgia,01,30662.0,Royston,"PRODUCE, SHL RETAIL PICKUPS",Mixed Produce
973,172711,50,G-134,The Grace Foundation: Family Transformation ,476342,,ON PREMISES (OP),REHAB-Agency,LOCAL - LL,W-16-10002,137,0,0,24.66,137,FRANKLIN,0.18,1/8/2024 10:05,1/8/2024 10:10,Price Code 1,CUSTOMER PICKUP,False,Sharing Floor Athens,01-SH,30557.0,Martin,MISC. FOOD BOX LL,Food Misc.
157,179665,875,N-103,New Beginnings Ministry,482278,,ON PREMISES (OP),REHAB-Agency,BLUE RECEIPT-SHL,W-04-10000,41,0,0,0.0,41,FRANKLIN,0.0,4/26/2024 13:34,4/26/2024 10:15,Price Code 1,CONTACT FOR DELIVERY,False,Sharing Floor Athens,01-SH,30557.0,Martin,"BREAD & BAKERY, ASSORTED SHL",Grains
179,177165,8962,R-100,Rainbow Pantry,479786,,FP/USDA,FOOD PANTRY-Agency,BLUE RECEIPT-SHL,C-28-90539,4,0,0,0.0,208,FRANKLIN,0.0,3/21/2024 10:30,3/27/2024 10:09,Price Code 1,CONTACT FOR DELIVERY,False,Food Bank of Northeast Georgia,01,30662.0,Royston,"TURNIPS, SHL",Vegetables 
321,179357,8624,R-111,Royston Housing Authority,481970,,FP/OP/USDA,AFTER SCHOOL PROGRAM-Agency,BLUE RECEIPT-SHL,N-03-11260,4,0,0,0.0,48,FRANKLIN,0.0,4/25/2024 14:45,4/25/2024 12:36,Price Code 1,CUSTOMER PICKUP,False,Food Bank of Northeast Georgia,01,30662.0,Royston,STARRY ZERO SUGAR 12 X 12 FL OZ,Beverages
321,178712,8976,R-111,Royston Housing Authority,FAIMPORT481326,,FP/OP/USDA,AFTER SCHOOL PROGRAM-Agency,BLUE RECEIPT-SHL,MCC-28-10001,28,0,0,0.0,28,FRANKLIN,0.0,4/9/2024 0:00,4/9/2024 0:00,Price Code 1,CUSTOMER PICKUP,False,Food Bank of Northeast Georgia,01,30662.0,Royston,"PRODUCE, SHL RETAIL PICKUPS",Mixed Produce
973,173104,92,G-134,The Grace Foundation: Family Transformation ,476734,,ON PREMISES (OP),REHAB-Agency,LOCAL - LL,W-01-10002,36,0,0,6.48,36,FRANKLIN,0.18,1/16/2024 9:57,1/16/2024 10:08,Price Code 1,CUSTOMER PICKUP,False,Sharing Floor Athens,01-SH,30557.0,Martin,"ASSORTED NON-FOOD ITEMS, LL",Non-Food Misc.
179,182301,9112,R-100,Rainbow Pantry,484905,,FP/USDA,FOOD PANTRY-Agency,YELLOW RECEIPT - SHN,N-03-11844,10,0,0,0.0,190,FRANKLIN,0.0,6/26/2024 11:30,6/27/2024 13:17,Price Code 1,CONTACT FOR DELIVERY,False,Food Bank of Northeast Georgia,01,30662.0,Royston,SPLASH LEMON WATER,Beverages
916,176966,688,W-125,World Outreach Ministries (d/b/a Ignited Church),479588,,FOOD PANTRY,FOOD PANTRY-Agency,BLUE RECEIPT-SHL,W-01-10000,56,0,0,10.08,56,FRANKLIN,0.18,3/8/2024 9:35,3/8/2024 14:15,Price Code 1,CUSTOMER PICKUP,False,Sharing Floor Athens,01-SH,30553.0,Lavonia,"ASSORTED NON-FOOD ITEMS, SHL",Non-Food Misc.
973,181746,8924,G-134,The Grace Foundation: Family Transformation ,484350,,ON PREMISES (OP),REHAB-Agency,BLUE RECEIPT-SHL,C-28-30000,1,0,0,0.0,250,FRANKLIN,0.0,6/7/2024 9:30,6/7/2024 9:23,Price Code 1,CUSTOMER PICKUP,False,Food Bank of Northeast Georgia,01,30557.0,Martin,MIX PRODUCE - QUARTER PALLET,Mixed Produce
179,180696,9014,R-100,Rainbow Pantry,483302,,FP/USDA,FOOD PANTRY-Agency,PURCH,N-27-10136,10,0,521,48.6,270,FRANKLIN,0.18,5/23/2024 10:30,5/28/2024 7:55,Price Code 1,TRUCK 1,False,Food Bank of Northeast Georgia,01,30662.0,Royston,"GREEN BEANS, HARVEST VALLEY",Vegetables 
179,181476,8714,R-100,Rainbow Pantry,484080,,FP/USDA,FOOD PANTRY-Agency,USDA,N-50-10303,10,0,0,0.0,240,FRANKLIN,0.0,6/6/2024 10:00,6/6/2024 13:08,Price Code 1,TRUCK 1,False,Food Bank of Northeast Georgia,01,30662.0,Royston,USDA GREEN SPLIT PEAS,Proteins
321,178702,8986,R-111,Royston Housing Authority,FAIMPORT481316,,FP/OP/USDA,AFTER SCHOOL PROGRAM-Agency,BLUE RECEIPT-SHL,MCW-01-10001,20,0,0,0.0,20,FRANKLIN,0.0,4/8/2024 0:00,4/8/2024 0:00,Price Code 1,CUSTOMER PICKUP,False,Food Bank of Northeast Georgia,01,30662.0,Royston,"NON-FOOD ITEMS, SHL RETAIL PICKUPS",Non-Food Misc.
973,173864,8854,G-134,The Grace Foundation: Family Transformation ,477493,,ON PREMISES (OP),REHAB-Agency,BLUE RECEIPT-SHL,N-03-11776,5,0,0,0.0,165,FRANKLIN,0.0,2/2/2024 17:49,2/7/2024 8:03,Price Code 1,CUSTOMER PICKUP,False,Food Bank of Northeast Georgia,01,30557.0,Martin,DR PEPPER STRAWBERRIES & CREAM,Beverages
321,177580,8973,R-111,Royston Housing Authority,FAIMPORT480200,,FP/OP/USDA,AFTER SCHOOL PROGRAM-Agency,BLUE RECEIPT-SHL,MCC-16-10001,14,0,0,0.0,14,FRANKLIN,0.0,3/18/2024 0:00,3/18/2024 0:00,Price Code 1,CUSTOMER PICKUP,False,Food Bank of Northeast Georgia,01,30662.0,Royston,"COOLER FOOD MISC., SHL RETAIL PICKUP",Food Misc.
941,178531,170,L-117,Lavonia Church of God,481147,,FP/USDA,MOBILE PANTRY-Agency,USDA,N-50-10007,13,0,0,0.0,364,FRANKLIN,0.0,4/11/2024 7:00,4/11/2024 6:46,Price Code 1,TRUCK 1 MOBILE PANTRY,False,Food Bank of Northeast Georgia,01,30553.0,Lavonia,"USDA CORN, WHOLE KERNEL NO SALT",Vegetables 
476,172565,8627,S-129,"Step of Faith Outreach, INC",476196,,FP/OP/GNAP/USDA,FOOD PANTRY-Agency,USDA,N-50-10300,1,0,0,2.52,14,FRANKLIN,0.18,1/8/2024 16:09,1/8/2024 11:33,Price Code 1,CUSTOMER PICKUP,False,Food Bank of Northeast Georgia,01,30553.0,Lavonia,USDA CANNED COLLARD GREENS CCC,Vegetables 
942,179966,1674,M-140FRANKLIN,Franklin County MedLink Georgia,482575,,DIRECT ASSISTANCE,MOBILE PANTRY-Agency,USDA,N-50-10073,9,0,0,0.0,243,FRANKLIN,0.0,5/10/2024 8:00,5/10/2024 7:57,Mobile Pantry/Feed Site Only,TRACTOR TRAILER 1 MOBILE PANTRY,False,Food Bank of Northeast Georgia,01,30628.0,Colbert,USDA TOMATO SAUCE,Vegetables 
179,177931,8720,R-100,Rainbow Pantry,480550,,FP/USDA,FOOD PANTRY-Agency,USDA,N-50-10305,12,0,0,30.24,168,FRANKLIN,0.18,4/4/2024 13:46,4/4/2024 9:23,Price Code 1,CONTACT FOR DELIVERY,False,Food Bank of Northeast Georgia,01,30662.0,Royston,USDA MIXED VEGETABLES CCC,Vegetables 
973,173326,690,G-134,The Grace Foundation: Family Transformation ,476955,,ON PREMISES (OP),REHAB-Agency,BLUE RECEIPT-SHL,W-03-10013,3150,0,0,0.0,3150,FRANKLIN,0.0,1/19/2024 14:28,1/19/2024 15:20,Price Code 1,CUSTOMER PICKUP,False,Food Bank of Northeast Georgia,01,30557.0,Martin,"ASSORTED BEVERAGES, SHL",Beverages
179,180878,9064,R-100,Rainbow Pantry,483484,,FP/USDA,FOOD PANTRY-Agency,LOCAL - LL,N-25-11977,5,0,0,2.7,15,FRANKLIN,0.18,5/23/2024 11:00,5/28/2024 7:42,Price Code 1,TRUCK 1,False,Food Bank of Northeast Georgia,01,30662.0,Royston,RAP SNACKS HOT CRUNCHABLES,Food Misc.
942,179966,6655,M-140FRANKLIN,Franklin County MedLink Georgia,482575,,DIRECT ASSISTANCE,MOBILE PANTRY-Agency,LOCAL - LL,C-28-90413,5,0,0,0.0,250,FRANKLIN,0.0,5/10/2024 8:00,5/10/2024 7:57,Mobile Pantry/Feed Site Only,TRACTOR TRAILER 1 MOBILE PANTRY,False,Food Bank of Northeast Georgia,01,30628.0,Colbert,CABBAGE,Vegetables 
973,173384,8742,G-134,The Grace Foundation: Family Transformation ,477013,,ON PREMISES (OP),REHAB-Agency,BLUE RECEIPT-SHL,N-03-11742,11,0,0,0.0,110,FRANKLIN,0.0,1/26/2024 8:30,1/26/2024 9:19,Price Code 1,CUSTOMER PICKUP,False,Food Bank of Northeast Georgia,01,30557.0,Martin,DR PEPPER ZERO SUGAR CHERRY,Beverages
321,179191,8973,R-111,Royston Housing Authority,FAIMPORT481804,,FP/OP/USDA,AFTER SCHOOL PROGRAM-Agency,BLUE RECEIPT-SHL,MCC-16-10001,41,0,0,0.0,41,FRANKLIN,0.0,4/15/2024 0:00,4/15/2024 0:00,Price Code 1,CUSTOMER PICKUP,False,Food Bank of Northeast Georgia,01,30662.0,Royston,"COOLER FOOD MISC., SHL RETAIL PICKUP",Food Misc.
916,179213,5407,W-125,World Outreach Ministries (d/b/a Ignited Church),481826,,FOOD PANTRY,FOOD PANTRY-Agency,BLUE RECEIPT-SHL,F-15-10000,44,0,0,7.92,44,FRANKLIN,0.18,4/18/2024 9:35,4/18/2024 13:51,Price Code 1,CUSTOMER PICKUP,False,Sharing Floor Athens,01-SH,30553.0,Lavonia,"MEAT & SEAFOOD, FROZEN SHL",Proteins
179,179533,7083,R-100,Rainbow Pantry,482146,,FP/USDA,FOOD PANTRY-Agency,USDA,C-50-10029,10,0,0,21.6,120,FRANKLIN,0.18,5/9/2024 10:30,5/9/2024 9:48,Price Code 1,TRUCK 1,False,Food Bank of Northeast Georgia,01,30662.0,Royston,"USDA MILD CHEDDAR CHEESE, BLOCK CCC",Dairy
321,176218,8968,R-111,Royston Housing Authority,478844,,FP/OP/USDA,AFTER SCHOOL PROGRAM-Agency,YELLOW RECEIPT - SHN,N-27-10134,2,0,0,0.88,88,FRANKLIN,0.01,2/29/2024 14:45,3/4/2024 10:11,Price Code 1,CUSTOMER PICKUP,False,Food Bank of Northeast Georgia,01,30662.0,Royston,"HUNTS TOMATO SAUCE, NO SALT ADDED",Vegetables 
941,176929,6780,L-117,Lavonia Church of God,479551,,FP/USDA,MOBILE PANTRY-Agency,USDA,C-50-10024,46,0,0,0.0,1978,FRANKLIN,0.0,3/14/2024 7:00,3/14/2024 7:18,Price Code 1,TRUCK 1 MOBILE PANTRY,False,Food Bank of Northeast Georgia,01,30553.0,Lavonia,USDA APPLES,Fruits
179,176131,8956,R-100,Rainbow Pantry,478758,,FP/USDA,FOOD PANTRY-Agency,BLUE RECEIPT-SHL,N-03-11817,15,0,0,0.0,210,FRANKLIN,0.0,3/7/2024 10:30,3/8/2024 7:51,Price Code 1,CONTACT FOR DELIVERY,False,Food Bank of Northeast Georgia,01,30662.0,Royston,TWISTER CHERRY BERRY BLAST,Beverages
973,173383,8790,G-134,The Grace Foundation: Family Transformation ,477012,,ON PREMISES (OP),REHAB-Agency,BLUE RECEIPT-SHL,N-03-11758,20,0,0,0.0,260,FRANKLIN,0.0,1/26/2024 8:00,1/26/2024 9:10,Price Code 1,CUSTOMER PICKUP,False,Food Bank of Northeast Georgia,01,30557.0,Martin,PROPEL LEMON,Beverages
321,173564,8929,R-111,Royston Housing Authority,477193,,FP/OP/USDA,AFTER SCHOOL PROGRAM-Agency,BLUE RECEIPT-SHL,N-03-11804,3,0,0,0.0,54,FRANKLIN,0.0,2/1/2024 14:45,2/1/2024 10:38,Price Code 1,CUSTOMER PICKUP,False,Food Bank of Northeast Georgia,01,30662.0,Royston,GATORADE GRAPE LOWER SUGAR,Beverages
157,178859,690,N-103,New Beginnings Ministry,481473,,ON PREMISES (OP),REHAB-Agency,BLUE RECEIPT-SHL,W-03-10013,29,0,0,0.0,29,FRANKLIN,0.0,4/12/2024 13:34,4/12/2024 10:29,Price Code 1,CONTACT FOR DELIVERY,False,Sharing Floor Athens,01-SH,30557.0,Martin,"ASSORTED BEVERAGES, SHL",Beverages
942,179966,4327,M-140FRANKLIN,Franklin County MedLink Georgia,482575,,DIRECT ASSISTANCE,MOBILE PANTRY-Agency,USDA,N-50-10277,9,0,0,0.0,243,FRANKLIN,0.0,5/10/2024 8:00,5/10/2024 7:57,Mobile Pantry/Feed Site Only,TRACTOR TRAILER 1 MOBILE PANTRY,False,Food Bank of Northeast Georgia,01,30628.0,Colbert,USDA GARBANZO BEANS,Proteins
157,176221,8963,N-103,New Beginnings Ministry,478847,,ON PREMISES (OP),REHAB-Agency,YELLOW RECEIPT - SHN,N-25-11960,10,0,0,19.8,110,FRANKLIN,0.18,3/1/2024 0:00,3/1/2024 10:51,Price Code 1,CUSTOMER PICKUP,False,Food Bank of Northeast Georgia,01,30557.0,Martin,"TAPIOCA PUDDING, BEST CHOICE",Food Misc.
157,180596,683,N-103,New Beginnings Ministry,483202,,ON PREMISES (OP),REHAB-Agency,BLUE RECEIPT-SHL,W-16-10001,24,0,0,4.32,24,FRANKLIN,0.18,5/10/2024 13:34,5/10/2024 10:17,Price Code 1,CONTACT FOR DELIVERY,False,Sharing Floor Athens,01-SH,30557.0,Martin,MISC. FOOD BOX SHL,Food Misc.
973,177949,8952,G-134,The Grace Foundation: Family Transformation ,480568,,ON PREMISES (OP),REHAB-Agency,BLUE RECEIPT-SHL,N-03-11813,2,0,0,0.0,48,FRANKLIN,0.0,4/3/2024 11:33,4/3/2024 12:08,Price Code 1,CUSTOMER PICKUP,False,Food Bank of Northeast Georgia,01,30557.0,Martin,PROPEL BERRY,Beverages
476,177247,8854,S-129,"Step of Faith Outreach, INC",479867,,FP/OP/GNAP/USDA,FOOD PANTRY-Agency,BLUE RECEIPT-SHL,N-03-11776,2,0,0,0.0,66,FRANKLIN,0.0,3/20/2024 16:09,3/20/2024 11:34,Price Code 1,CUSTOMER PICKUP,False,Food Bank of Northeast Georgia,01,30553.0,Lavonia,DR PEPPER STRAWBERRIES & CREAM,Beverages
157,172609,696,N-103,New Beginnings Ministry,476240,,ON PREMISES (OP),REHAB-Agency,LOCAL - LL,W-25-10000,195,0,0,35.1,195,FRANKLIN,0.18,1/5/2024 13:34,1/5/2024 10:31,Price Code 1,CONTACT FOR DELIVERY,False,Sharing Floor Athens,01-SH,30557.0,Martin,"ASSORTED SNACK ITEMS, LL",Food Misc.
916,175582,5407,W-125,World Outreach Ministries (d/b/a Ignited Church),478210,,FOOD PANTRY,FOOD PANTRY-Agency,BLUE RECEIPT-SHL,F-15-10000,23,0,0,0.0,23,FRANKLIN,0.0,2/13/2024 9:35,2/13/2024 14:06,Price Code 1,CUSTOMER PICKUP,False,Sharing Floor Athens,01-SH,30553.0,Lavonia,"MEAT & SEAFOOD, FROZEN SHL",Proteins
179,179533,2202,R-100,Rainbow Pantry,482146,,FP/USDA,FOOD PANTRY-Agency,USDA,N-50-10240,10,0,0,39.6,220,FRANKLIN,0.18,5/9/2024 10:30,5/9/2024 9:48,Price Code 1,TRUCK 1,False,Food Bank of Northeast Georgia,01,30662.0,Royston,USDA SPAGHETTI,Grains
916,179213,875,W-125,World Outreach Ministries (d/b/a Ignited Church),481826,,FOOD PANTRY,FOOD PANTRY-Agency,BLUE RECEIPT-SHL,W-04-10000,25,0,0,0.0,25,FRANKLIN,0.0,4/18/2024 9:35,4/18/2024 13:51,Price Code 1,CUSTOMER PICKUP,False,Sharing Floor Athens,01-SH,30553.0,Lavonia,"BREAD & BAKERY, ASSORTED SHL",Grains
157,180273,9037,N-103,New Beginnings Ministry,482879,,ON PREMISES (OP),REHAB-Agency,GNAP,N-40-10274,9,0,0,0.0,81,FRANKLIN,0.0,5/10/2024 10:25,5/10/2024 10:31,Price Code 1,CUSTOMER PICKUP,False,Food Bank of Northeast Georgia,01,30557.0,Martin,GNAP RICE KRISPIES CEREAL BOWLS,Grains
321,172938,92,R-111,Royston Housing Authority,476569,,FP/OP/USDA,AFTER SCHOOL PROGRAM-Agency,LOCAL - LL,W-01-10002,92,0,0,0.0,92,FRANKLIN,0.0,1/11/2024 14:45,1/11/2024 11:37,Price Code 1,CUSTOMER PICKUP,False,Sharing Floor Athens,01-SH,30662.0,Royston,"ASSORTED NON-FOOD ITEMS, LL",Non-Food Misc.
942,179966,7414,M-140FRANKLIN,Franklin County MedLink Georgia,482575,,DIRECT ASSISTANCE,MOBILE PANTRY-Agency,PURCH,C-28-90525,56,0,0,0.0,1232,FRANKLIN,0.0,5/10/2024 8:00,5/10/2024 7:57,Mobile Pantry/Feed Site Only,TRACTOR TRAILER 1 MOBILE PANTRY,False,Food Bank of Northeast Georgia,01,30628.0,Colbert,BROCCOLI CROWNS,Vegetables 
941,182174,4715,L-117,Lavonia Church of God,484778,,FP/USDA,MOBILE PANTRY-Agency,USDA,F-50-90461,36,0,0,0.0,1440,FRANKLIN,0.0,6/13/2024 5:29,6/13/2024 5:33,Price Code 1,TRUCK 1 MOBILE PANTRY,False,Food Bank of Northeast Georgia,01,30553.0,Lavonia,USDA ALASKAN POLLACK FISH FILLETS,Proteins
973,178534,9002,G-134,The Grace Foundation: Family Transformation ,481150,,ON PREMISES (OP),REHAB-Agency,BLUE RECEIPT-SHL,N-03-11821,20,0,0,0.0,200,FRANKLIN,0.0,4/12/2024 11:10,4/25/2024 7:41,Price Code 1,CUSTOMER PICKUP,False,Food Bank of Northeast Georgia,01,30557.0,Martin,MUG ROOT BEER,Beverages
941,172698,1521,L-117,Lavonia Church of God,476329,,FP/USDA,MOBILE PANTRY-Agency,USDA,N-50-10104,25,0,0,0.0,625,FRANKLIN,0.0,1/11/2024 9:01,1/11/2024 8:33,Price Code 1,TRUCK 1 MOBILE PANTRY,False,Food Bank of Northeast Georgia,01,30553.0,Lavonia,USDA LENTIL BEANS,Proteins
973,177880,696,G-134,The Grace Foundation: Family Transformation ,480499,,ON PREMISES (OP),REHAB-Agency,LOCAL - LL,W-25-10000,57,0,0,10.26,57,FRANKLIN,0.18,3/26/2024 10:51,3/26/2024 10:54,Price Code 1,CUSTOMER PICKUP,False,Sharing Floor Athens,01-SH,30557.0,Martin,"ASSORTED SNACK ITEMS, LL",Food Misc.
179,172361,1674,R-100,Rainbow Pantry,475992,,FP/USDA,FOOD PANTRY-Agency,USDA,N-50-10073,20,0,0,97.2,540,FRANKLIN,0.18,1/5/2024 10:30,1/16/2024 8:22,Price Code 1,CONTACT FOR DELIVERY,False,Food Bank of Northeast Georgia,01,30662.0,Royston,USDA TOMATO SAUCE,Vegetables 
321,176218,8587,R-111,Royston Housing Authority,478844,,FP/OP/USDA,AFTER SCHOOL PROGRAM-Agency,BLUE RECEIPT-SHL,N-03-10269,2,0,0,0.0,56,FRANKLIN,0.0,2/29/2024 14:45,3/4/2024 10:11,Price Code 1,CUSTOMER PICKUP,False,Food Bank of Northeast Georgia,01,30662.0,Royston,PEPSI ZERO SUGAR,Beverages
973,173384,8787,G-134,The Grace Foundation: Family Transformation ,477013,,ON PREMISES (OP),REHAB-Agency,BLUE RECEIPT-SHL,N-03-11755,6,0,0,0.0,180,FRANKLIN,0.0,1/26/2024 8:30,1/26/2024 9:19,Price Code 1,CUSTOMER PICKUP,False,Food Bank of Northeast Georgia,01,30557.0,Martin,DIET DR PEPPER,Beverages
321,180447,9051,R-111,Royston Housing Authority,483053,,FP/OP/USDA,AFTER SCHOOL PROGRAM-Agency,GNAP,N-40-10282,1,0,0,0.0,16,FRANKLIN,0.0,5/15/2024 8:45,5/15/2024 10:03,Price Code 1,CUSTOMER PICKUP,False,Food Bank of Northeast Georgia,01,30662.0,Royston,GNAP WHITE GRITS,Grains
321,177079,8587,R-111,Royston Housing Authority,479701,,FP/OP/USDA,AFTER SCHOOL PROGRAM-Agency,BLUE RECEIPT-SHL,N-03-10269,3,0,0,0.0,84,FRANKLIN,0.0,3/14/2024 14:45,3/14/2024 10:13,Price Code 1,CUSTOMER PICKUP,False,Food Bank of Northeast Georgia,01,30662.0,Royston,PEPSI ZERO SUGAR,Beverages
157,181573,8939,N-103,New Beginnings Ministry,484177,,ON PREMISES (OP),REHAB-Agency,BLUE RECEIPT-SHL,C-28-90530,2,0,0,0.0,84,FRANKLIN,0.0,6/3/2024 0:00,6/3/2024 11:27,Price Code 1,CONTACT FOR DELIVERY,False,Food Bank of Northeast Georgia,01,30557.0,Martin,"APPLES, SHL",Fruits
321,179489,8973,R-111,Royston Housing Authority,FAIMPORT482102,,FP/OP/USDA,AFTER SCHOOL PROGRAM-Agency,BLUE RECEIPT-SHL,MCC-16-10001,18,0,0,0.0,18,FRANKLIN,0.0,4/22/2024 0:00,4/22/2024 0:00,Price Code 1,CUSTOMER PICKUP,False,Food Bank of Northeast Georgia,01,30662.0,Royston,"COOLER FOOD MISC., SHL RETAIL PICKUP",Food Misc.
321,178197,8975,R-111,Royston Housing Authority,FAIMPORT480815,,FP/OP/USDA,AFTER SCHOOL PROGRAM-Agency,BLUE RECEIPT-SHL,MCC-07-10001,148,0,0,0.0,148,FRANKLIN,0.0,3/28/2024 0:00,3/28/2024 0:00,Price Code 1,CUSTOMER PICKUP,False,Food Bank of Northeast Georgia,01,30662.0,Royston,"DAIRY PRODUCTS, SHL RETAIL PICKUPS",Dairy
476,175125,8931,S-129,"Step of Faith Outreach, INC",477754,,FP/OP/GNAP/USDA,FOOD PANTRY-Agency,SBB-O,N-16-20003,18,0,0,0.0,396,FRANKLIN,0.0,2/14/2024 11:00,2/14/2024 8:54,Price Code 1,CUSTOMER PICKUP,False,Food Bank of Northeast Georgia,01,30553.0,Lavonia,SENIOR STAPLES BOX - ASSORTED USDA,Food Misc.
179,178817,8997,R-100,Rainbow Pantry,481431,,FP/USDA,FOOD PANTRY-Agency,USDA,N-50-10312,25,0,0,54.0,300,FRANKLIN,0.18,4/18/2024 10:30,4/18/2024 8:36,Price Code 1,TRUCK 1,False,Food Bank of Northeast Georgia,01,30662.0,Royston,USDA CHILI W/ BEANS CCC,Prepared Meals
941,178531,8783,L-117,Lavonia Church of God,481147,,FP/USDA,MOBILE PANTRY-Agency,USDA,N-50-10308,13,0,0,0.0,299,FRANKLIN,0.0,4/11/2024 7:00,4/11/2024 6:46,Price Code 1,TRUCK 1 MOBILE PANTRY,False,Food Bank of Northeast Georgia,01,30553.0,Lavonia,USDA RAISINS,Fruits
476,178564,4036,S-129,"Step of Faith Outreach, INC",481180,,FP/OP/GNAP/USDA,FOOD PANTRY-Agency,BLUE RECEIPT-SHL,N-03-11005,3,0,0,0.0,30,FRANKLIN,0.0,4/12/2024 16:09,4/12/2024 14:34,Price Code 1,CUSTOMER PICKUP,False,Food Bank of Northeast Georgia,01,30553.0,Lavonia,DIET PEPSI,Beverages
973,173864,8930,G-134,The Grace Foundation: Family Transformation ,477493,,ON PREMISES (OP),REHAB-Agency,BLUE RECEIPT-SHL,N-03-11805,18,0,0,0.0,324,FRANKLIN,0.0,2/2/2024 17:49,2/7/2024 8:03,Price Code 1,CUSTOMER PICKUP,False,Food Bank of Northeast Georgia,01,30557.0,Martin,GATORADE ORANGE ZERO SUGAR,Beverages
157,176089,875,N-103,New Beginnings Ministry,478716,,ON PREMISES (OP),REHAB-Agency,BLUE RECEIPT-SHL,W-04-10000,20,0,0,0.0,20,FRANKLIN,0.0,2/23/2024 13:34,2/23/2024 10:47,Price Code 1,CONTACT FOR DELIVERY,False,Sharing Floor Athens,01-SH,30557.0,Martin,"BREAD & BAKERY, ASSORTED SHL",Grains
941,180242,6845,L-117,Lavonia Church of God,482848,,FP/USDA,MOBILE PANTRY-Agency,BLUE RECEIPT-SHL,C-28-90349,1549,0,0,0.0,1549,FRANKLIN,0.0,5/9/2024 7:00,5/9/2024 8:53,Price Code 1,TRUCK 1 MOBILE PANTRY,False,Food Bank of Northeast Georgia,01,30553.0,Lavonia,STRAWBERRIES,Fruits
476,180442,7083,S-129,"Step of Faith Outreach, INC",483048,,FP/OP/GNAP/USDA,FOOD PANTRY-Agency,USDA,C-50-10029,1,0,0,2.16,12,FRANKLIN,0.18,5/13/2024 16:09,5/14/2024 9:19,Price Code 1,CUSTOMER PICKUP,False,Food Bank of Northeast Georgia,01,30553.0,Lavonia,"USDA MILD CHEDDAR CHEESE, BLOCK CCC",Dairy
321,177854,8975,R-111,Royston Housing Authority,FAIMPORT480473,,FP/OP/USDA,AFTER SCHOOL PROGRAM-Agency,BLUE RECEIPT-SHL,MCC-07-10001,13,0,0,0.0,13,FRANKLIN,0.0,3/25/2024 0:00,3/25/2024 0:00,Price Code 1,CUSTOMER PICKUP,False,Food Bank of Northeast Georgia,01,30662.0,Royston,"DAIRY PRODUCTS, SHL RETAIL PICKUPS",Dairy
916,177548,5772,W-125,World Outreach Ministries (d/b/a Ignited Church),480168,,FOOD PANTRY,FOOD PANTRY-Agency,LOCAL - LL,C-28-10000,9,0,0,0.27,9,FRANKLIN,0.03,3/19/2024 9:35,3/19/2024 11:23,Price Code 1,CUSTOMER PICKUP,False,Sharing Floor Athens,01-SH,30553.0,Lavonia,"PRODUCE, FRESH LL",Mixed Produce
916,178136,8974,W-125,World Outreach Ministries (d/b/a Ignited Church),480755,,FOOD PANTRY,FOOD PANTRY-Agency,BLUE RECEIPT-SHL,MCW-04-10000,10,0,0,0.0,10,FRANKLIN,0.0,4/2/2024 9:35,4/2/2024 15:00,Price Code 1,CUSTOMER PICKUP,False,Sharing Floor Athens,01-SH,30553.0,Lavonia,"BREAD AND BAKERY, SHL RETAIL PICKUPS",Grains
179,177165,8978,R-100,Rainbow Pantry,479786,,FP/USDA,FOOD PANTRY-Agency,LOCAL - LL,N-25-11965,2,0,0,11.88,66,FRANKLIN,0.18,3/21/2024 10:30,3/27/2024 10:09,Price Code 1,CONTACT FOR DELIVERY,False,Food Bank of Northeast Georgia,01,30662.0,Royston,M&M'S & PEANUT M&M'S 48 COUNT DISPLAY,Food Misc.
157,180718,9041,N-103,New Beginnings Ministry,483324,,ON PREMISES (OP),REHAB-Agency,BLUE RECEIPT-SHL,C-28-90542,3,0,0,0.0,123,FRANKLIN,0.0,5/17/2024 0:00,5/17/2024 10:44,Price Code 1,CONTACT FOR DELIVERY,False,Food Bank of Northeast Georgia,01,30557.0,Martin,"ZUCCHINI, SHL",Vegetables 
179,173499,8922,R-100,Rainbow Pantry,477128,,FP/USDA,FOOD PANTRY-Agency,LOCAL - LL,N-25-11954,20,0,0,18.0,100,FRANKLIN,0.18,2/1/2024 10:30,2/20/2024 13:42,Price Code 1,CONTACT FOR DELIVERY,False,Food Bank of Northeast Georgia,01,30662.0,Royston,ATKINS VAR PACK CHOC PEANUT/CARAMEL,Food Misc.
973,178534,7413,G-134,The Grace Foundation: Family Transformation ,481150,,ON PREMISES (OP),REHAB-Agency,PURCH,C-28-90524,7,0,0,0.0,140,FRANKLIN,0.0,4/12/2024 11:10,4/25/2024 7:41,Price Code 1,CUSTOMER PICKUP,False,Food Bank of Northeast Georgia,01,30557.0,Martin,"BELL PEPPERS, GREEN",Vegetables
941,172698,8512,L-117,Lavonia Church of God,476329,,FP/USDA,MOBILE PANTRY-Agency,USDA,C-50-10049,42,0,0,0.0,1638,FRANKLIN,0.0,1/11/2024 9:01,1/11/2024 8:33,Price Code 1,TRUCK 1 MOBILE PANTRY,False,Food Bank of Northeast Georgia,01,30553.0,Lavonia,USDA GRAPEFRUIT CCC,Fruits
321,177581,8972,R-111,Royston Housing Authority,FAIMPORT480201,,FP/OP/USDA,AFTER SCHOOL PROGRAM-Agency,BLUE RECEIPT-SHL,MCF-15-10000,5,0,0,0.0,5,FRANKLIN,0.0,3/19/2024 0:00,3/19/2024 0:00,Price Code 1,CUSTOMER PICKUP,False,Food Bank of Northeast Georgia,01,30662.0,Royston,"FROZEN MEAT & SEAFOOD, SHL RETAIL PICKUP",Proteins
973,177880,50,G-134,The Grace Foundation: Family Transformation ,480499,,ON PREMISES (OP),REHAB-Agency,LOCAL - LL,W-16-10002,251,0,0,45.18,251,FRANKLIN,0.18,3/26/2024 10:51,3/26/2024 10:54,Price Code 1,CUSTOMER PICKUP,False,Sharing Floor Athens,01-SH,30557.0,Martin,MISC. FOOD BOX LL,Food Misc.
179,176131,8665,R-100,Rainbow Pantry,478758,,FP/USDA,FOOD PANTRY-Agency,BLUE RECEIPT-SHL,N-03-11268,27,0,0,18.63,621,FRANKLIN,0.03,3/7/2024 10:30,3/8/2024 7:51,Price Code 1,CONTACT FOR DELIVERY,False,Food Bank of Northeast Georgia,01,30662.0,Royston,PROPEL BERRY/KIWISTRAW/GRAPE,Beverages
476,172565,3943,S-129,"Step of Faith Outreach, INC",476196,,FP/OP/GNAP/USDA,FOOD PANTRY-Agency,USDA,N-50-10268,2,0,0,2.28,76,FRANKLIN,0.03,1/8/2024 16:09,1/8/2024 11:33,Price Code 1,CUSTOMER PICKUP,False,Food Bank of Northeast Georgia,01,30553.0,Lavonia,USDA APPLE JUICE,Beverages
321,176812,8970,R-111,Royston Housing Authority,FAIMPORT479435,,FP/OP/USDA,AFTER SCHOOL PROGRAM-Agency,BLUE RECEIPT-SHL,MCW-16-10001,50,0,0,0.0,50,FRANKLIN,0.0,3/5/2024 0:00,3/5/2024 0:00,Price Code 1,CUSTOMER PICKUP,False,Food Bank of Northeast Georgia,01,30662.0,Royston,"MISC. FOOD BOX, SHL RETAIL PICKUP",Food Misc.
973,173864,8929,G-134,The Grace Foundation: Family Transformation ,477493,,ON PREMISES (OP),REHAB-Agency,BLUE RECEIPT-SHL,N-03-11804,4,0,0,0.0,72,FRANKLIN,0.0,2/2/2024 17:49,2/7/2024 8:03,Price Code 1,CUSTOMER PICKUP,False,Food Bank of Northeast Georgia,01,30557.0,Martin,GATORADE GRAPE LOWER SUGAR,Beverages
321,176218,8964,R-111,Royston Housing Authority,478844,,FP/OP/USDA,AFTER SCHOOL PROGRAM-Agency,YELLOW RECEIPT - SHN,N-25-11961,4,0,0,3.6,20,FRANKLIN,0.18,2/29/2024 14:45,3/4/2024 10:11,Price Code 1,CUSTOMER PICKUP,False,Food Bank of Northeast Georgia,01,30662.0,Royston,SNACK PACK CINNABON PUDDING,Food Misc.
321,178195,8970,R-111,Royston Housing Authority,FAIMPORT480813,,FP/OP/USDA,AFTER SCHOOL PROGRAM-Agency,BLUE RECEIPT-SHL,MCW-16-10001,67,0,0,0.0,67,FRANKLIN,0.0,3/26/2024 0:00,3/26/2024 0:00,Price Code 1,CUSTOMER PICKUP,False,Food Bank of Northeast Georgia,01,30662.0,Royston,"MISC. FOOD BOX, SHL RETAIL PICKUP",Food Misc.
321,180143,8973,R-111,Royston Housing Authority,FAIMPORT482750,,FP/OP/USDA,AFTER SCHOOL PROGRAM-Agency,BLUE RECEIPT-SHL,MCC-16-10001,14,0,0,0.0,14,FRANKLIN,0.0,5/2/2024 0:00,5/2/2024 0:00,Price Code 1,CUSTOMER PICKUP,False,Food Bank of Northeast Georgia,01,30662.0,Royston,"COOLER FOOD MISC., SHL RETAIL PICKUP",Food Misc.
179,182301,170,R-100,Rainbow Pantry,484905,,FP/USDA,FOOD PANTRY-Agency,USDA,N-50-10007,12,0,0,60.48,336,FRANKLIN,0.18,6/26/2024 11:30,6/27/2024 13:17,Price Code 1,CONTACT FOR DELIVERY,False,Food Bank of Northeast Georgia,01,30662.0,Royston,"USDA CORN, WHOLE KERNEL NO SALT",Vegetables 
941,178531,800,L-117,Lavonia Church of God,481147,,FP/USDA,MOBILE PANTRY-Agency,USDA,N-50-10065,13,0,0,0.0,351,FRANKLIN,0.0,4/11/2024 7:00,4/11/2024 6:46,Price Code 1,TRUCK 1 MOBILE PANTRY,False,Food Bank of Northeast Georgia,01,30553.0,Lavonia,USDA APPLESAUCE,Fruits
321,180447,9042,R-111,Royston Housing Authority,483053,,FP/OP/USDA,AFTER SCHOOL PROGRAM-Agency,GNAP,F-40-90059,1,0,0,0.0,24,FRANKLIN,0.0,5/15/2024 8:45,5/15/2024 10:03,Price Code 1,CUSTOMER PICKUP,False,Food Bank of Northeast Georgia,01,30662.0,Royston,GNAP GROUND TURKEY CHUB 85/15,Proteins
157,176514,683,N-103,New Beginnings Ministry,479138,,ON PREMISES (OP),REHAB-Agency,BLUE RECEIPT-SHL,W-16-10001,45,0,0,8.1,45,FRANKLIN,0.18,3/1/2024 13:34,3/1/2024 11:17,Price Code 1,CONTACT FOR DELIVERY,False,Sharing Floor Athens,01-SH,30557.0,Martin,MISC. FOOD BOX SHL,Food Misc.
179,178817,3943,R-100,Rainbow Pantry,481431,,FP/USDA,FOOD PANTRY-Agency,USDA,N-50-10268,20,0,0,22.8,760,FRANKLIN,0.03,4/18/2024 10:30,4/18/2024 8:36,Price Code 1,TRUCK 1,False,Food Bank of Northeast Georgia,01,30662.0,Royston,USDA APPLE JUICE,Beverages
973,172865,8495,G-134,The Grace Foundation: Family Transformation ,476496,,ON PREMISES (OP),REHAB-Agency,LOCAL - LL,N-13-10209,1,0,0,0.0,45,FRANKLIN,0.0,1/19/2024 8:00,1/19/2024 8:18,Price Code 1,CUSTOMER PICKUP,False,Food Bank of Northeast Georgia,01,30557.0,Martin,"OXIVIR TB, HYDROGEN PEROXIDE SANITIZER",Non-Food Misc.
179,179533,9017,R-100,Rainbow Pantry,482146,,FP/USDA,FOOD PANTRY-Agency,YELLOW RECEIPT - SHN,N-16-10182,2,0,0,4.68,26,FRANKLIN,0.18,5/9/2024 10:30,5/9/2024 9:48,Price Code 1,TRUCK 1,False,Food Bank of Northeast Georgia,01,30662.0,Royston,HEINZ APPLE CIDER VINEGAR,Food Misc.
783,172574,6981,FBBB-18,Franklin: Step of Faith Senior Staples Program,476205,,BROWN BAG,FB BROWN BAG-Agency,USDA,C-50-10018,3,0,0,0.0,57,FRANKLIN,0.0,1/12/2024 11:00,1/18/2024 10:05,Mobile Pantry/Feed Site Only,CUSTOMER PICKUP,False,Food Bank of Northeast Georgia,01,30553.0,Lavonia,USDA FRESH TABLE GRAPES CCC,Fruits
157,181573,9069,N-103,New Beginnings Ministry,484177,,ON PREMISES (OP),REHAB-Agency,BLUE RECEIPT-SHL,N-03-11834,10,0,0,0.0,400,FRANKLIN,0.0,6/3/2024 0:00,6/3/2024 11:27,Price Code 1,CONTACT FOR DELIVERY,False,Food Bank of Northeast Georgia,01,30557.0,Martin,DR PEPPER ZERO SUGAR,Beverages
157,181016,688,N-103,New Beginnings Ministry,483621,,ON PREMISES (OP),REHAB-Agency,BLUE RECEIPT-SHL,W-01-10000,11,0,0,1.98,11,FRANKLIN,0.18,5/17/2024 13:34,5/17/2024 11:23,Price Code 1,CONTACT FOR DELIVERY,False,Sharing Floor Athens,01-SH,30557.0,Martin,"ASSORTED NON-FOOD ITEMS, SHL",Non-Food Misc.
179,176131,2960,R-100,Rainbow Pantry,478758,,FP/USDA,FOOD PANTRY-Agency,USDA,N-50-10247,20,0,0,129.6,720,FRANKLIN,0.18,3/7/2024 10:30,3/8/2024 7:51,Price Code 1,CONTACT FOR DELIVERY,False,Food Bank of Northeast Georgia,01,30662.0,Royston,USDA BEEF STEW POUCHES CCC,Prepared Meals
941,172698,8874,L-117,Lavonia Church of God,476329,,FP/USDA,MOBILE PANTRY-Agency,YELLOW RECEIPT - SHN,F-10-10002,130,0,0,0.0,390,FRANKLIN,0.0,1/11/2024 9:01,1/11/2024 8:33,Price Code 1,TRUCK 1 MOBILE PANTRY,False,Food Bank of Northeast Georgia,01,30553.0,Lavonia,OUTSHINE TROPICAL SMOOTHIE CUBES,Beverages
941,175109,1047,L-117,Lavonia Church of God,477739,,FP/USDA,MOBILE PANTRY-Agency,USDA,N-50-10041,13,0,0,0.0,637,FRANKLIN,0.0,2/8/2024 7:00,2/8/2024 8:39,Price Code 1,TRUCK 1 MOBILE PANTRY,False,Food Bank of Northeast Georgia,01,30553.0,Lavonia,USDA RICE,Grains
179,181564,8972,R-100,Rainbow Pantry,FAIMPORT484168,,FP/USDA,FOOD PANTRY-Agency,BLUE RECEIPT-SHL,MCF-15-10000,25,0,0,0.0,25,FRANKLIN,0.0,5/23/2024 0:00,5/23/2024 0:00,Price Code 1,CUSTOMER PICKUP,False,Food Bank of Northeast Georgia,01,30662.0,Royston,"FROZEN MEAT & SEAFOOD, SHL RETAIL PICKUP",Proteins
157,176089,690,N-103,New Beginnings Ministry,478716,,ON PREMISES (OP),REHAB-Agency,BLUE RECEIPT-SHL,W-03-10013,479,0,0,14.37,479,FRANKLIN,0.03,2/23/2024 13:34,2/23/2024 10:47,Price Code 1,CONTACT FOR DELIVERY,False,Sharing Floor Athens,01-SH,30557.0,Martin,"ASSORTED BEVERAGES, SHL",Beverages
321,173424,8923,R-111,Royston Housing Authority,477053,,FP/OP/USDA,AFTER SCHOOL PROGRAM-Agency,LOCAL - LL,N-25-11955,8,0,0,21.6,120,FRANKLIN,0.18,1/25/2024 14:45,1/25/2024 12:46,Price Code 1,CUSTOMER PICKUP,False,Food Bank of Northeast Georgia,01,30662.0,Royston,REESES/KIT KAT/PAYDAY CANDY BAR ASST,Food Misc.
476,175439,8837,S-129,"Step of Faith Outreach, INC",478068,,FP/OP/GNAP/USDA,FOOD PANTRY-Agency,BLUE RECEIPT-SHL,N-03-11773,2,0,0,0.0,20,FRANKLIN,0.0,2/14/2024 16:09,2/14/2024 8:56,Price Code 1,CUSTOMER PICKUP,False,Food Bank of Northeast Georgia,01,30553.0,Lavonia,MT DEW PASSSIONFRUIT PUNCH,Beverages
157,181573,9052,N-103,New Beginnings Ministry,484177,,ON PREMISES (OP),REHAB-Agency,GNAP,N-40-10283,10,0,0,0.0,200,FRANKLIN,0.0,6/3/2024 0:00,6/3/2024 11:27,Price Code 1,CONTACT FOR DELIVERY,False,Food Bank of Northeast Georgia,01,30557.0,Martin,"GNAP 100% ORANGE TANGERINE JUICE, SINGLE SERVE",Beverages
157,181795,688,N-103,New Beginnings Ministry,484399,,ON PREMISES (OP),REHAB-Agency,BLUE RECEIPT-SHL,W-01-10000,27,0,0,4.86,27,FRANKLIN,0.18,6/3/2024 13:34,6/3/2024 10:45,Price Code 1,CONTACT FOR DELIVERY,False,Sharing Floor Athens,01-SH,30557.0,Martin,"ASSORTED NON-FOOD ITEMS, SHL",Non-Food Misc.
157,178018,8559,N-103,New Beginnings Ministry,480637,,ON PREMISES (OP),REHAB-Agency,BLUE RECEIPT-SHL,C-28-90529,8,0,0,0.0,320,FRANKLIN,0.0,4/5/2024 0:00,4/5/2024 10:42,Price Code 1,CUSTOMER PICKUP,False,Food Bank of Northeast Georgia,01,30557.0,Martin,"ORANGES, BULK",Fruits
321,173424,8921,R-111,Royston Housing Authority,477053,,FP/OP/USDA,AFTER SCHOOL PROGRAM-Agency,LOCAL - LL,N-25-11953,2,0,0,4.32,24,FRANKLIN,0.18,1/25/2024 14:45,1/25/2024 12:46,Price Code 1,CUSTOMER PICKUP,False,Food Bank of Northeast Georgia,01,30662.0,Royston,GREAT VALUE COOKIE & CARAMEL BARS,Food Misc.
916,173132,92,W-125,World Outreach Ministries (d/b/a Ignited Church),476762,,FOOD PANTRY,FOOD PANTRY-Agency,LOCAL - LL,W-01-10002,33,0,0,5.94,33,FRANKLIN,0.18,1/16/2024 9:35,1/16/2024 14:12,Price Code 1,CUSTOMER PICKUP,False,Sharing Floor Athens,01-SH,30553.0,Lavonia,"ASSORTED NON-FOOD ITEMS, LL",Non-Food Misc.
973,173383,8682,G-134,The Grace Foundation: Family Transformation ,477012,,ON PREMISES (OP),REHAB-Agency,BLUE RECEIPT-SHL,N-03-11727,2,0,0,0.0,56,FRANKLIN,0.0,1/26/2024 8:00,1/26/2024 9:10,Price Code 1,CUSTOMER PICKUP,False,Food Bank of Northeast Georgia,01,30557.0,Martin,LIPTON DIET GREEN TEA CITRUS,Beverages
157,181573,5772,N-103,New Beginnings Ministry,484177,,ON PREMISES (OP),REHAB-Agency,LOCAL - LL,C-28-10000,150,0,0,0.0,150,FRANKLIN,0.0,6/3/2024 0:00,6/3/2024 11:27,Price Code 1,CONTACT FOR DELIVERY,False,Food Bank of Northeast Georgia,01,30557.0,Martin,"PRODUCE, FRESH LL",Mixed Produce
973,172865,8846,G-134,The Grace Foundation: Family Transformation ,476496,,ON PREMISES (OP),REHAB-Agency,BLUE RECEIPT-SHL,N-03-11774,5,0,0,0.0,115,FRANKLIN,0.0,1/19/2024 8:00,1/19/2024 8:18,Price Code 1,CUSTOMER PICKUP,False,Food Bank of Northeast Georgia,01,30557.0,Martin,PURE LEAF UNSWEETENED TEA,Beverages
321,177079,8963,R-111,Royston Housing Authority,479701,,FP/OP/USDA,AFTER SCHOOL PROGRAM-Agency,YELLOW RECEIPT - SHN,N-25-11960,2,0,0,3.96,22,FRANKLIN,0.18,3/14/2024 14:45,3/14/2024 10:13,Price Code 1,CUSTOMER PICKUP,False,Food Bank of Northeast Georgia,01,30662.0,Royston,"TAPIOCA PUDDING, BEST CHOICE",Food Misc.
321,173207,4195,R-111,Royston Housing Authority,476837,,FP/OP/USDA,AFTER SCHOOL PROGRAM-Agency,BLUE RECEIPT-SHL,N-03-11030,3,0,0,0.0,60,FRANKLIN,0.0,1/25/2024 14:45,1/25/2024 12:46,Price Code 1,CUSTOMER PICKUP,False,Food Bank of Northeast Georgia,01,30662.0,Royston,DIET COKE,Beverages
941,181780,1047,L-117,Lavonia Church of God,484384,,FP/USDA,MOBILE PANTRY-Agency,USDA,N-50-10041,13,0,0,0.0,637,FRANKLIN,0.0,6/13/2024 7:00,6/13/2024 16:49,Price Code 1,TRUCK 1 MOBILE PANTRY,False,Food Bank of Northeast Georgia,01,30553.0,Lavonia,USDA RICE,Grains
157,177453,8942,N-103,New Beginnings Ministry,480073,,ON PREMISES (OP),REHAB-Agency,BLUE RECEIPT-SHL,C-28-90533,7,0,0,0.0,294,FRANKLIN,0.0,3/22/2024 0:00,3/22/2024 11:51,Price Code 1,CUSTOMER PICKUP,False,Food Bank of Northeast Georgia,01,30557.0,Martin,"ORANGES, SHL",Fruits
157,181016,683,N-103,New Beginnings Ministry,483621,,ON PREMISES (OP),REHAB-Agency,BLUE RECEIPT-SHL,W-16-10001,4,0,0,0.0,4,FRANKLIN,0.0,5/17/2024 13:34,5/17/2024 11:23,Price Code 1,CONTACT FOR DELIVERY,False,Sharing Floor Athens,01-SH,30557.0,Martin,MISC. FOOD BOX SHL,Food Misc.
179,176131,8720,R-100,Rainbow Pantry,478758,,FP/USDA,FOOD PANTRY-Agency,USDA,N-50-10305,32,0,0,80.64,448,FRANKLIN,0.18,3/7/2024 10:30,3/8/2024 7:51,Price Code 1,CONTACT FOR DELIVERY,False,Food Bank of Northeast Georgia,01,30662.0,Royston,USDA MIXED VEGETABLES CCC,Vegetables 
973,176696,5407,G-134,The Grace Foundation: Family Transformation ,479319,,ON PREMISES (OP),REHAB-Agency,BLUE RECEIPT-SHL,F-15-10000,38,0,0,0.0,38,FRANKLIN,0.0,3/5/2024 11:36,3/5/2024 11:45,Price Code 1,CUSTOMER PICKUP,False,Sharing Floor Athens,01-SH,30557.0,Martin,"MEAT & SEAFOOD, FROZEN SHL",Proteins
321,172763,8891,R-111,Royston Housing Authority,476394,,FP/OP/USDA,AFTER SCHOOL PROGRAM-Agency,LFB,N-01-90133,10,0,0,18.0,100,FRANKLIN,0.18,1/11/2024 14:45,1/11/2024 12:16,Price Code 1,CUSTOMER PICKUP,False,Food Bank of Northeast Georgia,01,30662.0,Royston,PULUPS 4T/5T,Non-Food Misc.
179,180696,800,R-100,Rainbow Pantry,483302,,FP/USDA,FOOD PANTRY-Agency,USDA,N-50-10065,10,0,0,48.6,270,FRANKLIN,0.18,5/23/2024 10:30,5/28/2024 7:55,Price Code 1,TRUCK 1,False,Food Bank of Northeast Georgia,01,30662.0,Royston,USDA APPLESAUCE,Fruits
179,176131,8963,R-100,Rainbow Pantry,478758,,FP/USDA,FOOD PANTRY-Agency,YELLOW RECEIPT - SHN,N-25-11960,10,0,0,19.8,110,FRANKLIN,0.18,3/7/2024 10:30,3/8/2024 7:51,Price Code 1,CONTACT FOR DELIVERY,False,Food Bank of Northeast Georgia,01,30662.0,Royston,"TAPIOCA PUDDING, BEST CHOICE",Food Misc.
157,177453,8869,N-103,New Beginnings Ministry,480073,,ON PREMISES (OP),REHAB-Agency,YELLOW RECEIPT - SHN,N-20-10004,2,0,0,1.08,6,FRANKLIN,0.18,3/22/2024 0:00,3/22/2024 11:51,Price Code 1,CUSTOMER PICKUP,False,Food Bank of Northeast Georgia,01,30557.0,Martin,PAMPERS PREEMIE SWADDLERS,Non-Food Misc.
941,175109,4376,L-117,Lavonia Church of God,477739,,FP/USDA,MOBILE PANTRY-Agency,USDA,N-50-10291,13,0,0,0.0,325,FRANKLIN,0.0,2/8/2024 7:00,2/8/2024 8:39,Price Code 1,TRUCK 1 MOBILE PANTRY,False,Food Bank of Northeast Georgia,01,30553.0,Lavonia,USDA GARBANZO BEANS,Proteins
321,178711,8975,R-111,Royston Housing Authority,FAIMPORT481325,,FP/OP/USDA,AFTER SCHOOL PROGRAM-Agency,BLUE RECEIPT-SHL,MCC-07-10001,42,0,0,0.0,42,FRANKLIN,0.0,4/4/2024 0:00,4/4/2024 0:00,Price Code 1,CUSTOMER PICKUP,False,Food Bank of Northeast Georgia,01,30662.0,Royston,"DAIRY PRODUCTS, SHL RETAIL PICKUPS",Dairy
179,180696,4737,R-100,Rainbow Pantry,483302,,FP/USDA,FOOD PANTRY-Agency,USDA,F-50-90456,10,0,0,72.0,400,FRANKLIN,0.18,5/23/2024 10:30,5/28/2024 7:55,Price Code 1,TRUCK 1,False,Food Bank of Northeast Georgia,01,30662.0,Royston,USDA PORK PATTY,Proteins
157,178018,8943,N-103,New Beginnings Ministry,480637,,ON PREMISES (OP),REHAB-Agency,BLUE RECEIPT-SHL,C-28-90534,8,0,0,0.0,336,FRANKLIN,0.0,4/5/2024 0:00,4/5/2024 10:42,Price Code 1,CUSTOMER PICKUP,False,Food Bank of Northeast Georgia,01,30557.0,Martin,"SWEET POTATO, SHL",Potatoes 
916,182549,875,W-125,World Outreach Ministries (d/b/a Ignited Church),485152,,FOOD PANTRY,FOOD PANTRY-Agency,BLUE RECEIPT-SHL,W-04-10000,26,0,0,0.0,26,FRANKLIN,0.0,6/25/2024 9:35,6/25/2024 13:46,Price Code 1,CUSTOMER PICKUP,False,Sharing Floor Athens,01-SH,30553.0,Lavonia,"BREAD & BAKERY, ASSORTED SHL",Grains
321,181265,8970,R-111,Royston Housing Authority,FAIMPORT483870,,FP/OP/USDA,AFTER SCHOOL PROGRAM-Agency,BLUE RECEIPT-SHL,MCW-16-10001,14,0,0,0.0,14,FRANKLIN,0.0,5/14/2024 0:00,5/14/2024 0:00,Price Code 1,CUSTOMER PICKUP,False,Food Bank of Northeast Georgia,01,30662.0,Royston,"MISC. FOOD BOX, SHL RETAIL PICKUP",Food Misc.
321,179357,7167,R-111,Royston Housing Authority,481970,,FP/OP/USDA,AFTER SCHOOL PROGRAM-Agency,BLUE RECEIPT-SHL,N-03-11200,4,0,0,0.0,40,FRANKLIN,0.0,4/25/2024 14:45,4/25/2024 12:36,Price Code 1,CUSTOMER PICKUP,False,Food Bank of Northeast Georgia,01,30662.0,Royston,DR PEPPER ZERO SUGAR,Beverages
157,181795,690,N-103,New Beginnings Ministry,484399,,ON PREMISES (OP),REHAB-Agency,BLUE RECEIPT-SHL,W-03-10013,195,0,0,0.0,195,FRANKLIN,0.0,6/3/2024 13:34,6/3/2024 10:45,Price Code 1,CONTACT FOR DELIVERY,False,Sharing Floor Athens,01-SH,30557.0,Martin,"ASSORTED BEVERAGES, SHL",Beverages
179,182301,8714,R-100,Rainbow Pantry,484905,,FP/USDA,FOOD PANTRY-Agency,USDA,N-50-10303,15,0,0,0.0,360,FRANKLIN,0.0,6/26/2024 11:30,6/27/2024 13:17,Price Code 1,CONTACT FOR DELIVERY,False,Food Bank of Northeast Georgia,01,30662.0,Royston,USDA GREEN SPLIT PEAS,Proteins
179,181476,9084,R-100,Rainbow Pantry,484080,,FP/USDA,FOOD PANTRY-Agency,USDA,N-50-10315,30,0,0,145.8,810,FRANKLIN,0.18,6/6/2024 10:00,6/6/2024 13:08,Price Code 1,TRUCK 1,False,Food Bank of Northeast Georgia,01,30662.0,Royston,USDA CANNED SALMON,Proteins
157,177453,8940,N-103,New Beginnings Ministry,480073,,ON PREMISES (OP),REHAB-Agency,BLUE RECEIPT-SHL,C-28-90531,6,0,0,0.0,312,FRANKLIN,0.0,3/22/2024 0:00,3/22/2024 11:51,Price Code 1,CUSTOMER PICKUP,False,Food Bank of Northeast Georgia,01,30557.0,Martin,"CABBAGE, SHL 50#",Vegetables 
157,178018,8963,N-103,New Beginnings Ministry,480637,,ON PREMISES (OP),REHAB-Agency,YELLOW RECEIPT - SHN,N-25-11960,10,0,0,19.8,110,FRANKLIN,0.18,4/5/2024 0:00,4/5/2024 10:42,Price Code 1,CUSTOMER PICKUP,False,Food Bank of Northeast Georgia,01,30557.0,Martin,"TAPIOCA PUDDING, BEST CHOICE",Food Misc.
973,172865,8901,G-134,The Grace Foundation: Family Transformation ,476496,,ON PREMISES (OP),REHAB-Agency,BLUE RECEIPT-SHL,N-03-11792,6,0,0,0.0,120,FRANKLIN,0.0,1/19/2024 8:00,1/19/2024 8:18,Price Code 1,CUSTOMER PICKUP,False,Food Bank of Northeast Georgia,01,30557.0,Martin,PROPEL BLACK CHERRY ,Beverages
973,177949,6816,G-134,The Grace Foundation: Family Transformation ,480568,,ON PREMISES (OP),REHAB-Agency,BLUE RECEIPT-SHL,C-28-90345,2,0,0,0.0,100,FRANKLIN,0.0,4/3/2024 11:33,4/3/2024 12:08,Price Code 1,CUSTOMER PICKUP,False,Food Bank of Northeast Georgia,01,30557.0,Martin,CARROTS,Vegetables 
321,177856,8976,R-111,Royston Housing Authority,FAIMPORT480475,,FP/OP/USDA,AFTER SCHOOL PROGRAM-Agency,BLUE RECEIPT-SHL,MCC-28-10001,26,0,0,0.0,26,FRANKLIN,0.0,3/22/2024 0:00,3/22/2024 0:00,Price Code 1,CUSTOMER PICKUP,False,Food Bank of Northeast Georgia,01,30662.0,Royston,"PRODUCE, SHL RETAIL PICKUPS",Mixed Produce
179,176131,1791,R-100,Rainbow Pantry,478758,,FP/USDA,FOOD PANTRY-Agency,USDA,N-50-10079,14,0,0,65.52,364,FRANKLIN,0.18,3/7/2024 10:30,3/8/2024 7:51,Price Code 1,CONTACT FOR DELIVERY,False,Food Bank of Northeast Georgia,01,30662.0,Royston,USDA WALNUT HALVES AND PIECES,Proteins
157,180273,9039,N-103,New Beginnings Ministry,482879,,ON PREMISES (OP),REHAB-Agency,GNAP,N-40-10276,15,0,0,0.0,150,FRANKLIN,0.0,5/10/2024 10:25,5/10/2024 10:31,Price Code 1,CUSTOMER PICKUP,False,Food Bank of Northeast Georgia,01,30557.0,Martin,GNAP CHEESE STICKS - WHITE CHEDDAR,Dairy
916,172949,683,W-125,World Outreach Ministries (d/b/a Ignited Church),476580,,FOOD PANTRY,FOOD PANTRY-Agency,BLUE RECEIPT-SHL,W-16-10001,7,0,0,1.26,7,FRANKLIN,0.18,1/11/2024 9:35,1/11/2024 14:26,Price Code 1,CUSTOMER PICKUP,False,Sharing Floor Athens,01-SH,30553.0,Lavonia,MISC. FOOD BOX SHL,Food Misc.
916,177148,875,W-125,World Outreach Ministries (d/b/a Ignited Church),479769,,FOOD PANTRY,FOOD PANTRY-Agency,BLUE RECEIPT-SHL,W-04-10000,4,0,0,0.0,4,FRANKLIN,0.0,3/12/2024 9:35,3/12/2024 13:58,Price Code 1,CUSTOMER PICKUP,False,Sharing Floor Athens,01-SH,30553.0,Lavonia,"BREAD & BAKERY, ASSORTED SHL",Grains
941,178531,6979,L-117,Lavonia Church of God,481147,,FP/USDA,MOBILE PANTRY-Agency,USDA,C-50-10017,48,0,0,0.0,1920,FRANKLIN,0.0,4/11/2024 7:00,4/11/2024 6:46,Price Code 1,TRUCK 1 MOBILE PANTRY,False,Food Bank of Northeast Georgia,01,30553.0,Lavonia,"USDA 2% MILK, FRESH CCC",Dairy
157,181795,696,N-103,New Beginnings Ministry,484399,,ON PREMISES (OP),REHAB-Agency,LOCAL - LL,W-25-10000,130,0,0,23.4,130,FRANKLIN,0.18,6/3/2024 13:34,6/3/2024 10:45,Price Code 1,CONTACT FOR DELIVERY,False,Sharing Floor Athens,01-SH,30557.0,Martin,"ASSORTED SNACK ITEMS, LL",Food Misc.
321,177079,8981,R-111,Royston Housing Authority,479701,,FP/OP/USDA,AFTER SCHOOL PROGRAM-Agency,BLUE RECEIPT-SHL,F-15-90554,1,0,0,2.34,13,FRANKLIN,0.18,3/14/2024 14:45,3/14/2024 10:13,Price Code 1,CUSTOMER PICKUP,False,Food Bank of Northeast Georgia,01,30662.0,Royston,JENNIE-O TURKEY FRANKS,Proteins
157,176719,8966,N-103,New Beginnings Ministry,479342,,ON PREMISES (OP),REHAB-Agency,YELLOW RECEIPT - SHN,N-15-10049,5,0,0,5.4,30,FRANKLIN,0.18,3/8/2024 13:34,3/8/2024 12:09,Price Code 1,CONTACT FOR DELIVERY,False,Food Bank of Northeast Georgia,01,30557.0,Martin,FIRE CRACKER REDHOT PICKLED SAUSAGE,Food Misc.
321,180469,8970,R-111,Royston Housing Authority,FAIMPORT483075,,FP/OP/USDA,AFTER SCHOOL PROGRAM-Agency,BLUE RECEIPT-SHL,MCW-16-10001,100,0,0,0.0,100,FRANKLIN,0.0,5/7/2024 0:00,5/7/2024 0:00,Price Code 1,CUSTOMER PICKUP,False,Food Bank of Northeast Georgia,01,30662.0,Royston,"MISC. FOOD BOX, SHL RETAIL PICKUP",Food Misc.
157,179735,9024,N-103,New Beginnings Ministry,482348,,ON PREMISES (OP),REHAB-Agency,YELLOW RECEIPT - SHN,N-26-11582,4,0,0,5.04,28,FRANKLIN,0.18,5/3/2024 0:00,5/3/2024 12:29,Price Code 1,CUSTOMER PICKUP,False,Food Bank of Northeast Georgia,01,30557.0,Martin,DUNCAN HINES CHOCOLATE FROSTING,Food Misc.
321,172938,5407,R-111,Royston Housing Authority,476569,,FP/OP/USDA,AFTER SCHOOL PROGRAM-Agency,BLUE RECEIPT-SHL,F-15-10000,42,0,0,7.56,42,FRANKLIN,0.18,1/11/2024 14:45,1/11/2024 11:37,Price Code 1,CUSTOMER PICKUP,False,Sharing Floor Athens,01-SH,30662.0,Royston,"MEAT & SEAFOOD, FROZEN SHL",Proteins
179,182301,2202,R-100,Rainbow Pantry,484905,,FP/USDA,FOOD PANTRY-Agency,USDA,N-50-10240,10,0,0,39.6,220,FRANKLIN,0.18,6/26/2024 11:30,6/27/2024 13:17,Price Code 1,CONTACT FOR DELIVERY,False,Food Bank of Northeast Georgia,01,30662.0,Royston,USDA SPAGHETTI,Grains
941,181780,3712,L-117,Lavonia Church of God,484384,,FP/USDA,MOBILE PANTRY-Agency,USDA,N-50-10266,13,0,0,0.0,351,FRANKLIN,0.0,6/13/2024 7:00,6/13/2024 16:49,Price Code 1,TRUCK 1 MOBILE PANTRY,False,Food Bank of Northeast Georgia,01,30553.0,Lavonia,USDA CANNED PINTO BEANS,Proteins
321,178703,8973,R-111,Royston Housing Authority,FAIMPORT481317,,FP/OP/USDA,AFTER SCHOOL PROGRAM-Agency,BLUE RECEIPT-SHL,MCC-16-10001,47,0,0,0.0,47,FRANKLIN,0.0,4/1/2024 0:00,4/1/2024 0:00,Price Code 1,CUSTOMER PICKUP,False,Food Bank of Northeast Georgia,01,30662.0,Royston,"COOLER FOOD MISC., SHL RETAIL PICKUP",Food Misc.
157,180172,683,N-103,New Beginnings Ministry,482778,,ON PREMISES (OP),REHAB-Agency,BLUE RECEIPT-SHL,W-16-10001,62,0,0,11.16,62,FRANKLIN,0.18,5/3/2024 13:34,5/3/2024 11:23,Price Code 1,CONTACT FOR DELIVERY,False,Sharing Floor Athens,01-SH,30557.0,Martin,MISC. FOOD BOX SHL,Food Misc.
179,173499,8720,R-100,Rainbow Pantry,477128,,FP/USDA,FOOD PANTRY-Agency,USDA,N-50-10305,35,0,0,88.2,490,FRANKLIN,0.18,2/1/2024 10:30,2/20/2024 13:42,Price Code 1,CONTACT FOR DELIVERY,False,Food Bank of Northeast Georgia,01,30662.0,Royston,USDA MIXED VEGETABLES CCC,Vegetables 
973,172865,8905,G-134,The Grace Foundation: Family Transformation ,476496,,ON PREMISES (OP),REHAB-Agency,BLUE RECEIPT-SHL,N-03-11794,25,0,0,0.0,950,FRANKLIN,0.0,1/19/2024 8:00,1/19/2024 8:18,Price Code 1,CUSTOMER PICKUP,False,Food Bank of Northeast Georgia,01,30557.0,Martin,"PEPSI, 12/1.25L",Beverages
321,177391,8972,R-111,Royston Housing Authority,FAIMPORT480011,,FP/OP/USDA,AFTER SCHOOL PROGRAM-Agency,BLUE RECEIPT-SHL,MCF-15-10000,5,0,0,0.0,5,FRANKLIN,0.0,3/12/2024 0:00,3/12/2024 0:00,Price Code 1,CUSTOMER PICKUP,False,Food Bank of Northeast Georgia,01,30662.0,Royston,"FROZEN MEAT & SEAFOOD, SHL RETAIL PICKUP",Proteins
179,181556,8970,R-100,Rainbow Pantry,FAIMPORT484160,,FP/USDA,FOOD PANTRY-Agency,BLUE RECEIPT-SHL,MCW-16-10001,7,0,0,0.0,7,FRANKLIN,0.0,5/15/2024 0:00,5/15/2024 0:00,Price Code 1,CUSTOMER PICKUP,False,Food Bank of Northeast Georgia,01,30662.0,Royston,"MISC. FOOD BOX, SHL RETAIL PICKUP",Food Misc.
321,177857,8975,R-111,Royston Housing Authority,FAIMPORT480476,,FP/OP/USDA,AFTER SCHOOL PROGRAM-Agency,BLUE RECEIPT-SHL,MCC-07-10001,41,0,0,0.0,41,FRANKLIN,0.0,3/25/2024 0:00,3/25/2024 0:00,Price Code 1,CUSTOMER PICKUP,False,Food Bank of Northeast Georgia,01,30662.0,Royston,"DAIRY PRODUCTS, SHL RETAIL PICKUPS",Dairy
179,181476,4737,R-100,Rainbow Pantry,484080,,FP/USDA,FOOD PANTRY-Agency,USDA,F-50-90456,8,0,0,57.6,320,FRANKLIN,0.18,6/6/2024 10:00,6/6/2024 13:08,Price Code 1,TRUCK 1,False,Food Bank of Northeast Georgia,01,30662.0,Royston,USDA PORK PATTY,Proteins
476,180991,9052,S-129,"Step of Faith Outreach, INC",483596,,FP/OP/GNAP/USDA,FOOD PANTRY-Agency,GNAP,N-40-10283,40,0,0,0.0,800,FRANKLIN,0.0,5/22/2024 9:30,5/22/2024 12:46,Price Code 1,CUSTOMER PICKUP,False,Food Bank of Northeast Georgia,01,30553.0,Lavonia,"GNAP 100% ORANGE TANGERINE JUICE, SINGLE SERVE",Beverages
973,179425,875,G-134,The Grace Foundation: Family Transformation ,482038,,ON PREMISES (OP),REHAB-Agency,BLUE RECEIPT-SHL,W-04-10000,40,0,0,0.0,40,FRANKLIN,0.0,4/23/2024 9:54,4/23/2024 9:58,Price Code 1,CUSTOMER PICKUP,False,Sharing Floor Athens,01-SH,30557.0,Martin,"BREAD & BAKERY, ASSORTED SHL",Grains
179,181553,8970,R-100,Rainbow Pantry,FAIMPORT484157,,FP/USDA,FOOD PANTRY-Agency,BLUE RECEIPT-SHL,MCW-16-10001,40,0,0,0.0,40,FRANKLIN,0.0,5/12/2024 0:00,5/12/2024 0:00,Price Code 1,CUSTOMER PICKUP,False,Food Bank of Northeast Georgia,01,30662.0,Royston,"MISC. FOOD BOX, SHL RETAIL PICKUP",Food Misc.
941,181780,3203,L-117,Lavonia Church of God,484384,,FP/USDA,MOBILE PANTRY-Agency,USDA,N-50-10289,13,0,0,0.0,325,FRANKLIN,0.0,6/13/2024 7:00,6/13/2024 16:49,Price Code 1,TRUCK 1 MOBILE PANTRY,False,Food Bank of Northeast Georgia,01,30553.0,Lavonia,USDA PECAN PIECES,Proteins
157,181573,123,N-103,New Beginnings Ministry,484177,,ON PREMISES (OP),REHAB-Agency,GNAP,N-40-10002,2,0,0,0.0,30,FRANKLIN,0.0,6/3/2024 0:00,6/3/2024 11:27,Price Code 1,CONTACT FOR DELIVERY,False,Food Bank of Northeast Georgia,01,30557.0,Martin,GNAP PEANUT BUTTER,Proteins
157,177453,8944,N-103,New Beginnings Ministry,480073,,ON PREMISES (OP),REHAB-Agency,YELLOW RECEIPT - SHN,C-28-90535,1,0,0,0.0,52,FRANKLIN,0.0,3/22/2024 0:00,3/22/2024 11:51,Price Code 1,CUSTOMER PICKUP,False,Food Bank of Northeast Georgia,01,30557.0,Martin,"TURNIP, SHL",Vegetables 
321,173207,8909,R-111,Royston Housing Authority,476837,,FP/OP/USDA,AFTER SCHOOL PROGRAM-Agency,BLUE RECEIPT-SHL,N-03-11795,4,0,0,12.24,68,FRANKLIN,0.18,1/25/2024 14:45,1/25/2024 12:46,Price Code 1,CUSTOMER PICKUP,False,Food Bank of Northeast Georgia,01,30662.0,Royston,STARBUCKS VANILLA FRAPPUCCINO,Beverages
179,177165,8627,R-100,Rainbow Pantry,479786,,FP/USDA,FOOD PANTRY-Agency,USDA,N-50-10300,15,0,0,37.8,210,FRANKLIN,0.18,3/21/2024 10:30,3/27/2024 10:09,Price Code 1,CONTACT FOR DELIVERY,False,Food Bank of Northeast Georgia,01,30662.0,Royston,USDA CANNED COLLARD GREENS CCC,Vegetables 
157,179735,8943,N-103,New Beginnings Ministry,482348,,ON PREMISES (OP),REHAB-Agency,BLUE RECEIPT-SHL,C-28-90534,16,0,0,0.0,672,FRANKLIN,0.0,5/3/2024 0:00,5/3/2024 12:29,Price Code 1,CUSTOMER PICKUP,False,Food Bank of Northeast Georgia,01,30557.0,Martin,"SWEET POTATO, SHL",Potatoes 
179,173499,8914,R-100,Rainbow Pantry,477128,,FP/USDA,FOOD PANTRY-Agency,USDA,N-50-10310,22,0,0,106.92,594,FRANKLIN,0.18,2/1/2024 10:30,2/20/2024 13:42,Price Code 1,CONTACT FOR DELIVERY,False,Food Bank of Northeast Georgia,01,30662.0,Royston,USDA DICED POTATOES,Potatoes 
973,175745,683,G-134,The Grace Foundation: Family Transformation ,478373,,ON PREMISES (OP),REHAB-Agency,BLUE RECEIPT-SHL,W-16-10001,110,0,0,19.8,110,FRANKLIN,0.18,2/16/2024 10:30,2/16/2024 10:47,Price Code 1,CUSTOMER PICKUP,False,Sharing Floor Athens,01-SH,30557.0,Martin,MISC. FOOD BOX SHL,Food Misc.
941,178531,8497,L-117,Lavonia Church of God,481147,,FP/USDA,MOBILE PANTRY-Agency,USDA,C-50-10048,60,0,0,0.0,1920,FRANKLIN,0.0,4/11/2024 7:00,4/11/2024 6:46,Price Code 1,TRUCK 1 MOBILE PANTRY,False,Food Bank of Northeast Georgia,01,30553.0,Lavonia,USDA MANDARIN ORANGES,Fruits
179,176131,4350,R-100,Rainbow Pantry,478758,,FP/USDA,FOOD PANTRY-Agency,BLUE RECEIPT-SHL,N-03-11160,5,0,0,0.0,50,FRANKLIN,0.0,3/7/2024 10:30,3/8/2024 7:51,Price Code 1,CONTACT FOR DELIVERY,False,Food Bank of Northeast Georgia,01,30662.0,Royston,CHERRY DR PEPPER,Beverages
157,180718,9028,N-103,New Beginnings Ministry,483324,,ON PREMISES (OP),REHAB-Agency,YELLOW RECEIPT - SHN,N-27-10139,1,0,0,7.02,39,FRANKLIN,0.18,5/17/2024 0:00,5/17/2024 10:44,Price Code 1,CONTACT FOR DELIVERY,False,Food Bank of Northeast Georgia,01,30557.0,Martin,ANGELA MIA WHOLE PEELED PEAR TOMATOES,Vegetables 
973,172865,1199,G-134,The Grace Foundation: Family Transformation ,476496,,ON PREMISES (OP),REHAB-Agency,BLUE RECEIPT-SHL,N-03-10612,1,0,0,0.0,35,FRANKLIN,0.0,1/19/2024 8:00,1/19/2024 8:18,Price Code 1,CUSTOMER PICKUP,False,Food Bank of Northeast Georgia,01,30557.0,Martin,GATORADE G2 FRUIT PUNCH,Beverages
321,176256,5407,R-111,Royston Housing Authority,FAIMPORT478882,,FP/OP/USDA,AFTER SCHOOL PROGRAM-Agency,BLUE RECEIPT-SHL,F-15-10000,75,0,0,13.5,75,FRANKLIN,0.18,2/20/2024 0:00,2/20/2024 0:00,Price Code 1,CUSTOMER PICKUP,False,Food Bank of Northeast Georgia,01,30662.0,Royston,"MEAT & SEAFOOD, FROZEN SHL",Proteins
941,181780,170,L-117,Lavonia Church of God,484384,,FP/USDA,MOBILE PANTRY-Agency,USDA,N-50-10007,13,0,0,0.0,364,FRANKLIN,0.0,6/13/2024 7:00,6/13/2024 16:49,Price Code 1,TRUCK 1 MOBILE PANTRY,False,Food Bank of Northeast Georgia,01,30553.0,Lavonia,"USDA CORN, WHOLE KERNEL NO SALT",Vegetables 
973,181746,9059,G-134,The Grace Foundation: Family Transformation ,484350,,ON PREMISES (OP),REHAB-Agency,LOCAL - LL,F-16-90438,5,0,0,3.6,20,FRANKLIN,0.18,6/7/2024 9:30,6/7/2024 9:23,Price Code 1,CUSTOMER PICKUP,False,Food Bank of Northeast Georgia,01,30557.0,Martin,OSCAR MAYER MAPLE SAUSAGE ROLLERS,Food Misc.
157,180718,9043,N-103,New Beginnings Ministry,483324,,ON PREMISES (OP),REHAB-Agency,GNAP,N-40-10277,10,0,0,0.0,80,FRANKLIN,0.0,5/17/2024 0:00,5/17/2024 10:44,Price Code 1,CONTACT FOR DELIVERY,False,Food Bank of Northeast Georgia,01,30557.0,Martin,GNAP DELUXE SHELLS & CHEESE,Prepared Meals
476,175439,3776,S-129,"Step of Faith Outreach, INC",478068,,FP/OP/GNAP/USDA,FOOD PANTRY-Agency,BLUE RECEIPT-SHL,N-03-11125,2,0,0,0.0,66,FRANKLIN,0.0,2/14/2024 16:09,2/14/2024 8:56,Price Code 1,CUSTOMER PICKUP,False,Food Bank of Northeast Georgia,01,30553.0,Lavonia,PEPSI WILD CHERRY,Beverages
973,175072,8837,G-134,The Grace Foundation: Family Transformation ,477702,,ON PREMISES (OP),REHAB-Agency,BLUE RECEIPT-SHL,N-03-11773,125,0,0,0.0,1250,FRANKLIN,0.0,2/9/2024 8:00,2/9/2024 11:59,Price Code 1,CUSTOMER PICKUP,False,Food Bank of Northeast Georgia,01,30557.0,Martin,MT DEW PASSSIONFRUIT PUNCH,Beverages
157,175777,6420,N-103,New Beginnings Ministry,478405,,ON PREMISES (OP),REHAB-Agency,BLUE RECEIPT-SHL,C-28-90141,3,0,0,3.0,150,FRANKLIN,0.02,2/23/2024 0:00,2/23/2024 10:07,Price Code 1,CONTACT FOR DELIVERY,False,Food Bank of Northeast Georgia,01,30557.0,Martin,ONIONS,Vegetables 
157,176719,8665,N-103,New Beginnings Ministry,479342,,ON PREMISES (OP),REHAB-Agency,BLUE RECEIPT-SHL,N-03-11268,10,0,0,6.9,230,FRANKLIN,0.03,3/8/2024 13:34,3/8/2024 12:09,Price Code 1,CONTACT FOR DELIVERY,False,Food Bank of Northeast Georgia,01,30557.0,Martin,PROPEL BERRY/KIWISTRAW/GRAPE,Beverages
973,173864,5958,G-134,The Grace Foundation: Family Transformation ,477493,,ON PREMISES (OP),REHAB-Agency,BLUE RECEIPT-SHL,C-16-10001,120,0,0,21.6,120,FRANKLIN,0.18,2/2/2024 17:49,2/7/2024 8:03,Price Code 1,CUSTOMER PICKUP,False,Food Bank of Northeast Georgia,01,30557.0,Martin,"COOLER FOOD, MISC. SHL",Food Misc.
321,178706,8971,R-111,Royston Housing Authority,FAIMPORT481320,,FP/OP/USDA,AFTER SCHOOL PROGRAM-Agency,BLUE RECEIPT-SHL,MCF-16-10001,603,0,0,0.0,603,FRANKLIN,0.0,4/5/2024 0:00,4/5/2024 0:00,Price Code 1,CUSTOMER PICKUP,False,Food Bank of Northeast Georgia,01,30662.0,Royston,"FROZEN FOODS, MISC SHL RETAIL PICKUP",Food Misc.
157,179735,9026,N-103,New Beginnings Ministry,482348,,ON PREMISES (OP),REHAB-Agency,YELLOW RECEIPT - SHN,N-27-10138,2,0,0,7.92,44,FRANKLIN,0.18,5/3/2024 0:00,5/3/2024 12:29,Price Code 1,CUSTOMER PICKUP,False,Food Bank of Northeast Georgia,01,30557.0,Martin,"HUNTS DICED TOMATOES BASIL, GARLIC, OREGANO",Vegetables 
157,179262,5407,N-103,New Beginnings Ministry,481875,,ON PREMISES (OP),REHAB-Agency,BLUE RECEIPT-SHL,F-15-10000,29,0,0,5.22,29,FRANKLIN,0.18,4/19/2024 13:34,4/19/2024 11:11,Price Code 1,CONTACT FOR DELIVERY,False,Sharing Floor Athens,01-SH,30557.0,Martin,"MEAT & SEAFOOD, FROZEN SHL",Proteins
973,176696,683,G-134,The Grace Foundation: Family Transformation ,479319,,ON PREMISES (OP),REHAB-Agency,BLUE RECEIPT-SHL,W-16-10001,158,0,0,0.0,158,FRANKLIN,0.0,3/5/2024 11:36,3/5/2024 11:45,Price Code 1,CUSTOMER PICKUP,False,Sharing Floor Athens,01-SH,30557.0,Martin,MISC. FOOD BOX SHL,Food Misc.
916,176966,696,W-125,World Outreach Ministries (d/b/a Ignited Church),479588,,FOOD PANTRY,FOOD PANTRY-Agency,LOCAL - LL,W-25-10000,28,0,0,5.04,28,FRANKLIN,0.18,3/8/2024 9:35,3/8/2024 14:15,Price Code 1,CUSTOMER PICKUP,False,Sharing Floor Athens,01-SH,30553.0,Lavonia,"ASSORTED SNACK ITEMS, LL",Food Misc.
321,175002,8665,R-111,Royston Housing Authority,477632,,FP/OP/USDA,AFTER SCHOOL PROGRAM-Agency,BLUE RECEIPT-SHL,N-03-11268,3,0,0,2.07,69,FRANKLIN,0.03,2/8/2024 14:45,2/8/2024 9:38,Price Code 1,CUSTOMER PICKUP,False,Food Bank of Northeast Georgia,01,30662.0,Royston,PROPEL BERRY/KIWISTRAW/GRAPE,Beverages
973,173077,8846,G-134,The Grace Foundation: Family Transformation ,476707,,ON PREMISES (OP),REHAB-Agency,BLUE RECEIPT-SHL,N-03-11774,4,0,0,0.0,92,FRANKLIN,0.0,1/19/2024 9:00,1/19/2024 9:08,Price Code 1,CUSTOMER PICKUP,False,Food Bank of Northeast Georgia,01,30557.0,Martin,PURE LEAF UNSWEETENED TEA,Beverages
973,173384,8854,G-134,The Grace Foundation: Family Transformation ,477013,,ON PREMISES (OP),REHAB-Agency,BLUE RECEIPT-SHL,N-03-11776,25,0,0,0.0,825,FRANKLIN,0.0,1/26/2024 8:30,1/26/2024 9:19,Price Code 1,CUSTOMER PICKUP,False,Food Bank of Northeast Georgia,01,30557.0,Martin,DR PEPPER STRAWBERRIES & CREAM,Beverages
157,180718,3717,N-103,New Beginnings Ministry,483324,,ON PREMISES (OP),REHAB-Agency,GNAP,N-40-10154,7,0,0,0.0,140,FRANKLIN,0.0,5/17/2024 0:00,5/17/2024 10:44,Price Code 1,CONTACT FOR DELIVERY,False,Food Bank of Northeast Georgia,01,30557.0,Martin,"GNAP APPLE JUICE, SINGLE SERVE",Beverages
476,180991,9039,S-129,"Step of Faith Outreach, INC",483596,,FP/OP/GNAP/USDA,FOOD PANTRY-Agency,GNAP,N-40-10276,40,0,0,0.0,400,FRANKLIN,0.0,5/22/2024 9:30,5/22/2024 12:46,Price Code 1,CUSTOMER PICKUP,False,Food Bank of Northeast Georgia,01,30553.0,Lavonia,GNAP CHEESE STICKS - WHITE CHEDDAR,Dairy
157,172403,8882,N-103,New Beginnings Ministry,476034,,ON PREMISES (OP),REHAB-Agency,BLUE RECEIPT-SHL,F-15-90548,100,0,0,162.0,900,FRANKLIN,0.18,1/5/2024 12:30,1/5/2024 11:23,Price Code 1,CONTACT FOR DELIVERY,False,Food Bank of Northeast Georgia,01,30557.0,Martin,"GROUND TURKEY BREAST, KIRKWOOD",Proteins
321,172763,8911,R-111,Royston Housing Authority,476394,,FP/OP/USDA,AFTER SCHOOL PROGRAM-Agency,BLUE RECEIPT-SHL,N-03-11797,6,0,0,0.0,108,FRANKLIN,0.0,1/11/2024 14:45,1/11/2024 12:16,Price Code 1,CUSTOMER PICKUP,False,Food Bank of Northeast Georgia,01,30662.0,Royston,GATORADE ZERO COOL BLUE,Beverages
179,177931,3943,R-100,Rainbow Pantry,480550,,FP/USDA,FOOD PANTRY-Agency,USDA,N-50-10268,22,0,0,25.08,836,FRANKLIN,0.03,4/4/2024 13:46,4/4/2024 9:23,Price Code 1,CONTACT FOR DELIVERY,False,Food Bank of Northeast Georgia,01,30662.0,Royston,USDA APPLE JUICE,Beverages
157,179059,8990,N-103,New Beginnings Ministry,481673,,ON PREMISES (OP),REHAB-Agency,BLUE RECEIPT-SHL,N-03-11819,7,0,0,41.58,231,FRANKLIN,0.18,4/19/2024 13:34,4/19/2024 11:27,Price Code 1,CONTACT FOR DELIVERY,False,Food Bank of Northeast Georgia,01,30557.0,Martin,CHERRY DR PEPPER,Beverages
476,175439,8918,S-129,"Step of Faith Outreach, INC",478068,,FP/OP/GNAP/USDA,FOOD PANTRY-Agency,LOCAL - LL,N-25-11950,5,0,0,1.8,10,FRANKLIN,0.18,2/14/2024 16:09,2/14/2024 8:56,Price Code 1,CUSTOMER PICKUP,False,Food Bank of Northeast Georgia,01,30553.0,Lavonia,GHIRARDELLI DARK CHOCOLATE,Food Misc.
973,180613,8949,G-134,The Grace Foundation: Family Transformation ,483219,,ON PREMISES (OP),REHAB-Agency,LOCAL - LL,C-28-90536,1,0,0,1.5,50,FRANKLIN,0.03,5/21/2024 10:00,5/21/2024 14:51,Price Code 1,CUSTOMER PICKUP,False,Food Bank of Northeast Georgia,01,30557.0,Martin,"CARROTS, 50#",Vegetables 
973,179425,683,G-134,The Grace Foundation: Family Transformation ,482038,,ON PREMISES (OP),REHAB-Agency,BLUE RECEIPT-SHL,W-16-10001,286,0,0,51.48,286,FRANKLIN,0.18,4/23/2024 9:54,4/23/2024 9:58,Price Code 1,CUSTOMER PICKUP,False,Sharing Floor Athens,01-SH,30557.0,Martin,MISC. FOOD BOX SHL,Food Misc.
321,182124,8975,R-111,Royston Housing Authority,FAIMPORT484728,,FP/OP/USDA,AFTER SCHOOL PROGRAM-Agency,BLUE RECEIPT-SHL,MCC-07-10001,35,0,0,0.0,35,FRANKLIN,0.0,6/6/2024 0:00,6/6/2024 0:00,Price Code 1,CUSTOMER PICKUP,False,Food Bank of Northeast Georgia,01,30662.0,Royston,"DAIRY PRODUCTS, SHL RETAIL PICKUPS",Dairy
973,173077,8837,G-134,The Grace Foundation: Family Transformation ,476707,,ON PREMISES (OP),REHAB-Agency,BLUE RECEIPT-SHL,N-03-11773,10,0,0,0.0,100,FRANKLIN,0.0,1/19/2024 9:00,1/19/2024 9:08,Price Code 1,CUSTOMER PICKUP,False,Food Bank of Northeast Georgia,01,30557.0,Martin,MT DEW PASSSIONFRUIT PUNCH,Beverages
157,176719,6937,N-103,New Beginnings Ministry,479342,,ON PREMISES (OP),REHAB-Agency,BLUE RECEIPT-SHL,C-28-90385,2,0,0,0.0,104,FRANKLIN,0.0,3/8/2024 13:34,3/8/2024 12:09,Price Code 1,CONTACT FOR DELIVERY,False,Food Bank of Northeast Georgia,01,30557.0,Martin,CELERY,Vegetables 
321,178705,8975,R-111,Royston Housing Authority,FAIMPORT481319,,FP/OP/USDA,AFTER SCHOOL PROGRAM-Agency,BLUE RECEIPT-SHL,MCC-07-10001,69,0,0,0.0,69,FRANKLIN,0.0,4/4/2024 0:00,4/4/2024 0:00,Price Code 1,CUSTOMER PICKUP,False,Food Bank of Northeast Georgia,01,30662.0,Royston,"DAIRY PRODUCTS, SHL RETAIL PICKUPS",Dairy
179,181476,1674,R-100,Rainbow Pantry,484080,,FP/USDA,FOOD PANTRY-Agency,USDA,N-50-10073,18,0,0,87.48,486,FRANKLIN,0.18,6/6/2024 10:00,6/6/2024 13:08,Price Code 1,TRUCK 1,False,Food Bank of Northeast Georgia,01,30662.0,Royston,USDA TOMATO SAUCE,Vegetables 
321,177392,8975,R-111,Royston Housing Authority,FAIMPORT480012,,FP/OP/USDA,AFTER SCHOOL PROGRAM-Agency,BLUE RECEIPT-SHL,MCC-07-10001,165,0,0,0.0,165,FRANKLIN,0.0,3/14/2024 0:00,3/14/2024 0:00,Price Code 1,CUSTOMER PICKUP,False,Food Bank of Northeast Georgia,01,30662.0,Royston,"DAIRY PRODUCTS, SHL RETAIL PICKUPS",Dairy
941,175109,4449,L-117,Lavonia Church of God,477739,,FP/USDA,MOBILE PANTRY-Agency,USDA,F-50-90445,38,0,0,0.0,1558,FRANKLIN,0.0,2/8/2024 7:00,2/8/2024 8:39,Price Code 1,TRUCK 1 MOBILE PANTRY,False,Food Bank of Northeast Georgia,01,30553.0,Lavonia,USDA FULLY COOKED PULLED PORK CCC,Proteins
157,176719,6925,N-103,New Beginnings Ministry,479342,,ON PREMISES (OP),REHAB-Agency,BLUE RECEIPT-SHL,C-28-90401,4,0,0,0.0,200,FRANKLIN,0.0,3/8/2024 13:34,3/8/2024 12:09,Price Code 1,CONTACT FOR DELIVERY,False,Food Bank of Northeast Georgia,01,30557.0,Martin,POTATOES,Potatoes 
942,179966,9013,M-140FRANKLIN,Franklin County MedLink Georgia,482575,,DIRECT ASSISTANCE,MOBILE PANTRY-Agency,USDA,N-50-10313,9,0,0,0.0,216,FRANKLIN,0.0,5/10/2024 8:00,5/10/2024 7:57,Mobile Pantry/Feed Site Only,TRACTOR TRAILER 1 MOBILE PANTRY,False,Food Bank of Northeast Georgia,01,30628.0,Colbert,USDA LIGHT RED KIDNEY BEANS 24/1LB,Proteins
916,179600,5772,W-125,World Outreach Ministries (d/b/a Ignited Church),482213,,FOOD PANTRY,FOOD PANTRY-Agency,LOCAL - LL,C-28-10000,4,0,0,0.12,4,FRANKLIN,0.03,4/25/2024 9:35,4/25/2024 9:23,Price Code 1,CUSTOMER PICKUP,False,Sharing Floor Athens,01-SH,30553.0,Lavonia,"PRODUCE, FRESH LL",Mixed Produce
941,176929,170,L-117,Lavonia Church of God,479551,,FP/USDA,MOBILE PANTRY-Agency,USDA,N-50-10007,13,0,0,0.0,364,FRANKLIN,0.0,3/14/2024 7:00,3/14/2024 7:18,Price Code 1,TRUCK 1 MOBILE PANTRY,False,Food Bank of Northeast Georgia,01,30553.0,Lavonia,"USDA CORN, WHOLE KERNEL NO SALT",Vegetables 
321,176218,7284,R-111,Royston Housing Authority,478844,,FP/OP/USDA,AFTER SCHOOL PROGRAM-Agency,USDA,C-50-10043,1,0,0,2.6,26,FRANKLIN,0.1,2/29/2024 14:45,3/4/2024 10:11,Price Code 1,CUSTOMER PICKUP,False,Food Bank of Northeast Georgia,01,30662.0,Royston,USDA RED FAT AMERICAN CHEESE CCC,Dairy
179,177931,8918,R-100,Rainbow Pantry,480550,,FP/USDA,FOOD PANTRY-Agency,LOCAL - LL,N-25-11950,12,0,0,4.32,24,FRANKLIN,0.18,4/4/2024 13:46,4/4/2024 9:23,Price Code 1,CONTACT FOR DELIVERY,False,Food Bank of Northeast Georgia,01,30662.0,Royston,GHIRARDELLI DARK CHOCOLATE,Food Misc.
179,181476,6201,R-100,Rainbow Pantry,484080,,FP/USDA,FOOD PANTRY-Agency,BLUE RECEIPT-SHL,C-28-90191,11,0,0,0.0,517,FRANKLIN,0.0,6/6/2024 10:00,6/6/2024 13:08,Price Code 1,TRUCK 1,False,Food Bank of Northeast Georgia,01,30662.0,Royston,CUCUMBERS,Vegetables 
476,180914,3717,S-129,"Step of Faith Outreach, INC",483520,,FP/OP/GNAP/USDA,FOOD PANTRY-Agency,GNAP,N-40-10154,20,0,0,0.0,400,FRANKLIN,0.0,5/21/2024 12:00,5/21/2024 12:04,Price Code 1,CUSTOMER PICKUP,False,Food Bank of Northeast Georgia,01,30553.0,Lavonia,"GNAP APPLE JUICE, SINGLE SERVE",Beverages
157,176949,688,N-103,New Beginnings Ministry,479571,,ON PREMISES (OP),REHAB-Agency,BLUE RECEIPT-SHL,W-01-10000,142,0,0,25.56,142,FRANKLIN,0.18,3/8/2024 13:34,3/8/2024 11:28,Price Code 1,CONTACT FOR DELIVERY,False,Sharing Floor Athens,01-SH,30557.0,Martin,"ASSORTED NON-FOOD ITEMS, SHL",Non-Food Misc.
179,180878,9059,R-100,Rainbow Pantry,483484,,FP/USDA,FOOD PANTRY-Agency,LOCAL - LL,F-16-90438,10,0,0,7.2,40,FRANKLIN,0.18,5/23/2024 11:00,5/28/2024 7:42,Price Code 1,TRUCK 1,False,Food Bank of Northeast Georgia,01,30662.0,Royston,OSCAR MAYER MAPLE SAUSAGE ROLLERS,Food Misc.
157,180273,7153,N-103,New Beginnings Ministry,482879,,ON PREMISES (OP),REHAB-Agency,GNAP,N-40-10234,5,0,0,0.0,65,FRANKLIN,0.0,5/10/2024 10:25,5/10/2024 10:31,Price Code 1,CUSTOMER PICKUP,False,Food Bank of Northeast Georgia,01,30557.0,Martin,GNAP BAKED BEANS,Proteins
157,176719,8559,N-103,New Beginnings Ministry,479342,,ON PREMISES (OP),REHAB-Agency,BLUE RECEIPT-SHL,C-28-90529,3,0,0,0.0,120,FRANKLIN,0.0,3/8/2024 13:34,3/8/2024 12:09,Price Code 1,CONTACT FOR DELIVERY,False,Food Bank of Northeast Georgia,01,30557.0,Martin,"ORANGES, BULK",Fruits
321,178890,8976,R-111,Royston Housing Authority,FAIMPORT481504,,FP/OP/USDA,AFTER SCHOOL PROGRAM-Agency,BLUE RECEIPT-SHL,MCC-28-10001,33,0,0,0.0,33,FRANKLIN,0.0,4/12/2024 0:00,4/12/2024 0:00,Price Code 1,CUSTOMER PICKUP,False,Food Bank of Northeast Georgia,01,30662.0,Royston,"PRODUCE, SHL RETAIL PICKUPS",Mixed Produce
476,177247,8546,S-129,"Step of Faith Outreach, INC",479867,,FP/OP/GNAP/USDA,FOOD PANTRY-Agency,BLUE RECEIPT-SHL,N-03-10262,4,0,0,21.6,120,FRANKLIN,0.18,3/20/2024 16:09,3/20/2024 11:34,Price Code 1,CUSTOMER PICKUP,False,Food Bank of Northeast Georgia,01,30553.0,Lavonia,STARRY LEMON LIME SODA 16.9 OZ,Beverages
179,182301,9111,R-100,Rainbow Pantry,484905,,FP/USDA,FOOD PANTRY-Agency,LOCAL - LL,N-25-11979,30,0,0,27.486,153,FRANKLIN,0.18,6/26/2024 11:30,6/27/2024 13:17,Price Code 1,CONTACT FOR DELIVERY,False,Food Bank of Northeast Georgia,01,30662.0,Royston,GEORGIA PEANUTS,Proteins
973,173104,5477,G-134,The Grace Foundation: Family Transformation ,476734,,ON PREMISES (OP),REHAB-Agency,LOCAL - LL,F-15-10001,231,0,0,41.58,231,FRANKLIN,0.18,1/16/2024 9:57,1/16/2024 10:08,Price Code 1,CUSTOMER PICKUP,False,Sharing Floor Athens,01-SH,30557.0,Martin,"MEAT & SEAFOOD, FROZEN LOCAL",Proteins
941,175109,875,L-117,Lavonia Church of God,477739,,FP/USDA,MOBILE PANTRY-Agency,BLUE RECEIPT-SHL,W-04-10000,273,0,0,0.0,273,FRANKLIN,0.0,2/8/2024 7:00,2/8/2024 8:39,Price Code 1,TRUCK 1 MOBILE PANTRY,False,Food Bank of Northeast Georgia,01,30553.0,Lavonia,"BREAD & BAKERY, ASSORTED SHL",Grains
321,182494,8973,R-111,Royston Housing Authority,FAIMPORT485098,,FP/OP/USDA,AFTER SCHOOL PROGRAM-Agency,BLUE RECEIPT-SHL,MCC-16-10001,26,0,0,0.0,26,FRANKLIN,0.0,6/18/2024 0:00,6/18/2024 0:00,Price Code 1,CUSTOMER PICKUP,False,Food Bank of Northeast Georgia,01,30662.0,Royston,"COOLER FOOD MISC., SHL RETAIL PICKUP",Food Misc.
476,178564,4449,S-129,"Step of Faith Outreach, INC",481180,,FP/OP/GNAP/USDA,FOOD PANTRY-Agency,USDA,F-50-90445,1,0,0,4.1,41,FRANKLIN,0.1,4/12/2024 16:09,4/12/2024 14:34,Price Code 1,CUSTOMER PICKUP,False,Food Bank of Northeast Georgia,01,30553.0,Lavonia,USDA FULLY COOKED PULLED PORK CCC,Proteins
179,181476,8943,R-100,Rainbow Pantry,484080,,FP/USDA,FOOD PANTRY-Agency,BLUE RECEIPT-SHL,C-28-90534,8,0,0,0.0,336,FRANKLIN,0.0,6/6/2024 10:00,6/6/2024 13:08,Price Code 1,TRUCK 1,False,Food Bank of Northeast Georgia,01,30662.0,Royston,"SWEET POTATO, SHL",Potatoes 
916,181639,690,W-125,World Outreach Ministries (d/b/a Ignited Church),484243,,FOOD PANTRY,FOOD PANTRY-Agency,BLUE RECEIPT-SHL,W-03-10013,21,0,0,0.0,21,FRANKLIN,0.0,5/30/2024 9:35,5/30/2024 14:00,Price Code 1,CUSTOMER PICKUP,False,Sharing Floor Athens,01-SH,30553.0,Lavonia,"ASSORTED BEVERAGES, SHL",Beverages
179,181476,9062,R-100,Rainbow Pantry,484080,,FP/USDA,FOOD PANTRY-Agency,LOCAL - LL,N-25-11975,20,0,0,10.8,60,FRANKLIN,0.18,6/6/2024 10:00,6/6/2024 13:08,Price Code 1,TRUCK 1,False,Food Bank of Northeast Georgia,01,30662.0,Royston,DOVE DARK CHOCOLATE & PEANUT BUTTER,Food Misc.
321,177583,8970,R-111,Royston Housing Authority,FAIMPORT480203,,FP/OP/USDA,AFTER SCHOOL PROGRAM-Agency,BLUE RECEIPT-SHL,MCW-16-10001,65,0,0,0.0,65,FRANKLIN,0.0,3/19/2024 0:00,3/19/2024 0:00,Price Code 1,CUSTOMER PICKUP,False,Food Bank of Northeast Georgia,01,30662.0,Royston,"MISC. FOOD BOX, SHL RETAIL PICKUP",Food Misc.
973,173384,8837,G-134,The Grace Foundation: Family Transformation ,477013,,ON PREMISES (OP),REHAB-Agency,BLUE RECEIPT-SHL,N-03-11773,25,0,0,0.0,250,FRANKLIN,0.0,1/26/2024 8:30,1/26/2024 9:19,Price Code 1,CUSTOMER PICKUP,False,Food Bank of Northeast Georgia,01,30557.0,Martin,MT DEW PASSSIONFRUIT PUNCH,Beverages
157,179262,8677,N-103,New Beginnings Ministry,481875,,ON PREMISES (OP),REHAB-Agency,LOCAL - LL,C-88-20000,56,0,0,0.0,56,FRANKLIN,0.0,4/19/2024 13:34,4/19/2024 11:11,Price Code 1,CONTACT FOR DELIVERY,False,Sharing Floor Athens,01-SH,30557.0,Martin,"LFPA DAIRY, MISC",Dairy
941,172698,8714,L-117,Lavonia Church of God,476329,,FP/USDA,MOBILE PANTRY-Agency,USDA,N-50-10303,25,0,0,0.0,600,FRANKLIN,0.0,1/11/2024 9:01,1/11/2024 8:33,Price Code 1,TRUCK 1 MOBILE PANTRY,False,Food Bank of Northeast Georgia,01,30553.0,Lavonia,USDA GREEN SPLIT PEAS,Proteins
973,173077,696,G-134,The Grace Foundation: Family Transformation ,476707,,ON PREMISES (OP),REHAB-Agency,LOCAL - LL,W-25-10000,1249,0,0,0.0,1249,FRANKLIN,0.0,1/19/2024 9:00,1/19/2024 9:08,Price Code 1,CUSTOMER PICKUP,False,Food Bank of Northeast Georgia,01,30557.0,Martin,"ASSORTED SNACK ITEMS, LL",Food Misc.
916,177548,696,W-125,World Outreach Ministries (d/b/a Ignited Church),480168,,FOOD PANTRY,FOOD PANTRY-Agency,LOCAL - LL,W-25-10000,22,0,0,3.96,22,FRANKLIN,0.18,3/19/2024 9:35,3/19/2024 11:23,Price Code 1,CUSTOMER PICKUP,False,Sharing Floor Athens,01-SH,30553.0,Lavonia,"ASSORTED SNACK ITEMS, LL",Food Misc.
476,180442,9052,S-129,"Step of Faith Outreach, INC",483048,,FP/OP/GNAP/USDA,FOOD PANTRY-Agency,GNAP,N-40-10283,3,0,0,0.0,60,FRANKLIN,0.0,5/13/2024 16:09,5/14/2024 9:19,Price Code 1,CUSTOMER PICKUP,False,Food Bank of Northeast Georgia,01,30553.0,Lavonia,"GNAP 100% ORANGE TANGERINE JUICE, SINGLE SERVE",Beverages
916,172635,5407,W-125,World Outreach Ministries (d/b/a Ignited Church),476266,,FOOD PANTRY,FOOD PANTRY-Agency,BLUE RECEIPT-SHL,F-15-10000,48,0,0,8.64,48,FRANKLIN,0.18,1/5/2024 9:35,1/5/2024 14:57,Price Code 1,CUSTOMER PICKUP,False,Sharing Floor Athens,01-SH,30553.0,Lavonia,"MEAT & SEAFOOD, FROZEN SHL",Proteins
941,178531,2414,L-117,Lavonia Church of God,481147,,FP/USDA,MOBILE PANTRY-Agency,USDA,N-50-10244,13,0,0,0.0,468,FRANKLIN,0.0,4/11/2024 7:00,4/11/2024 6:46,Price Code 1,TRUCK 1 MOBILE PANTRY,False,Food Bank of Northeast Georgia,01,30553.0,Lavonia,USDA CANNED BEEF CCC,Proteins
321,181268,8976,R-111,Royston Housing Authority,FAIMPORT483873,,FP/OP/USDA,AFTER SCHOOL PROGRAM-Agency,BLUE RECEIPT-SHL,MCC-28-10001,35,0,0,0.0,35,FRANKLIN,0.0,5/13/2024 0:00,5/13/2024 0:00,Price Code 1,CUSTOMER PICKUP,False,Food Bank of Northeast Georgia,01,30662.0,Royston,"PRODUCE, SHL RETAIL PICKUPS",Mixed Produce
941,180242,842,L-117,Lavonia Church of God,482848,,FP/USDA,MOBILE PANTRY-Agency,USDA,N-50-10021,13,0,0,0.0,351,FRANKLIN,0.0,5/9/2024 7:00,5/9/2024 8:53,Price Code 1,TRUCK 1 MOBILE PANTRY,False,Food Bank of Northeast Georgia,01,30553.0,Lavonia,USDA DICED TOMATOES NO SALT CCC,Vegetables 
973,178534,9004,G-134,The Grace Foundation: Family Transformation ,481150,,ON PREMISES (OP),REHAB-Agency,BLUE RECEIPT-SHL,N-03-11823,18,0,0,0.0,396,FRANKLIN,0.0,4/12/2024 11:10,4/25/2024 7:41,Price Code 1,CUSTOMER PICKUP,False,Food Bank of Northeast Georgia,01,30557.0,Martin,PEPSI NITRO DRAFT COLA 24PK,Beverages
179,178817,7083,R-100,Rainbow Pantry,481431,,FP/USDA,FOOD PANTRY-Agency,USDA,C-50-10029,20,0,0,43.2,240,FRANKLIN,0.18,4/18/2024 10:30,4/18/2024 8:36,Price Code 1,TRUCK 1,False,Food Bank of Northeast Georgia,01,30662.0,Royston,"USDA MILD CHEDDAR CHEESE, BLOCK CCC",Dairy
179,183113,8971,R-100,Rainbow Pantry,FAIMPORT485714,,FP/USDA,FOOD PANTRY-Agency,BLUE RECEIPT-SHL,MCF-16-10001,5,0,0,0.0,5,FRANKLIN,0.0,6/26/2024 0:00,6/26/2024 0:00,Price Code 1,CONTACT FOR DELIVERY,False,Food Bank of Northeast Georgia,01,30662.0,Royston,"FROZEN FOODS, MISC SHL RETAIL PICKUP",Food Misc.
941,180242,6655,L-117,Lavonia Church of God,482848,,FP/USDA,MOBILE PANTRY-Agency,LOCAL - LL,C-28-90413,30,0,0,0.0,1500,FRANKLIN,0.0,5/9/2024 7:00,5/9/2024 8:53,Price Code 1,TRUCK 1 MOBILE PANTRY,False,Food Bank of Northeast Georgia,01,30553.0,Lavonia,CABBAGE,Vegetables 
157,176514,5407,N-103,New Beginnings Ministry,479138,,ON PREMISES (OP),REHAB-Agency,BLUE RECEIPT-SHL,F-15-10000,59,0,0,10.62,59,FRANKLIN,0.18,3/1/2024 13:34,3/1/2024 11:17,Price Code 1,CONTACT FOR DELIVERY,False,Sharing Floor Athens,01-SH,30557.0,Martin,"MEAT & SEAFOOD, FROZEN SHL",Proteins
157,178315,6736,N-103,New Beginnings Ministry,480931,,ON PREMISES (OP),REHAB-Agency,LOCAL - LL,C-28-90456,75,0,0,0.0,75,FRANKLIN,0.0,4/12/2024 0:00,4/12/2024 11:01,Price Code 1,CONTACT FOR DELIVERY,False,Food Bank of Northeast Georgia,01,30557.0,Martin,APPLES,Fruits
321,180447,4411,R-111,Royston Housing Authority,483053,,FP/OP/USDA,AFTER SCHOOL PROGRAM-Agency,USDA,F-50-90465,2,0,0,7.56,42,FRANKLIN,0.18,5/15/2024 8:45,5/15/2024 10:03,Price Code 1,CUSTOMER PICKUP,False,Food Bank of Northeast Georgia,01,30662.0,Royston,USDA WILD CAUGHT GULF SHRIMP,Proteins
179,173499,4715,R-100,Rainbow Pantry,477128,,FP/USDA,FOOD PANTRY-Agency,USDA,F-50-90461,20,0,0,144.0,800,FRANKLIN,0.18,2/1/2024 10:30,2/20/2024 13:42,Price Code 1,CONTACT FOR DELIVERY,False,Food Bank of Northeast Georgia,01,30662.0,Royston,USDA ALASKAN POLLACK FISH FILLETS,Proteins
321,177585,8972,R-111,Royston Housing Authority,FAIMPORT480205,,FP/OP/USDA,AFTER SCHOOL PROGRAM-Agency,BLUE RECEIPT-SHL,MCF-15-10000,2,0,0,0.0,2,FRANKLIN,0.0,3/18/2024 0:00,3/18/2024 0:00,Price Code 1,CUSTOMER PICKUP,False,Food Bank of Northeast Georgia,01,30662.0,Royston,"FROZEN MEAT & SEAFOOD, SHL RETAIL PICKUP",Proteins
916,172949,696,W-125,World Outreach Ministries (d/b/a Ignited Church),476580,,FOOD PANTRY,FOOD PANTRY-Agency,LOCAL - LL,W-25-10000,44,0,0,0.0,44,FRANKLIN,0.0,1/11/2024 9:35,1/11/2024 14:26,Price Code 1,CUSTOMER PICKUP,False,Sharing Floor Athens,01-SH,30553.0,Lavonia,"ASSORTED SNACK ITEMS, LL",Food Misc.
973,177949,6351,G-134,The Grace Foundation: Family Transformation ,480568,,ON PREMISES (OP),REHAB-Agency,BLUE RECEIPT-SHL,C-28-90163,2,0,0,0.0,100,FRANKLIN,0.0,4/3/2024 11:33,4/3/2024 12:08,Price Code 1,CUSTOMER PICKUP,False,Food Bank of Northeast Georgia,01,30557.0,Martin,YUKON GOLD POTATOES,Potatoes 
916,172669,8852,W-125,World Outreach Ministries (d/b/a Ignited Church),476300,,FOOD PANTRY,FOOD PANTRY-Agency,PURCH,N-23-10010,1,0,0,2.34,13,FRANKLIN,0.18,1/10/2024 9:35,1/11/2024 14:22,Price Code 1,CUSTOMER PICKUP,False,Food Bank of Northeast Georgia,01,30553.0,Lavonia,NUT'N BETTER CREAMY PEANUT BUTTER - RED SUGAR & SODIUM,Proteins
916,177148,50,W-125,World Outreach Ministries (d/b/a Ignited Church),479769,,FOOD PANTRY,FOOD PANTRY-Agency,LOCAL - LL,W-16-10002,112,0,0,20.16,112,FRANKLIN,0.18,3/12/2024 9:35,3/12/2024 13:58,Price Code 1,CUSTOMER PICKUP,False,Sharing Floor Athens,01-SH,30553.0,Lavonia,MISC. FOOD BOX LL,Food Misc.
179,183113,8972,R-100,Rainbow Pantry,FAIMPORT485714,,FP/USDA,FOOD PANTRY-Agency,BLUE RECEIPT-SHL,MCF-15-10000,6,0,0,0.0,6,FRANKLIN,0.0,6/26/2024 0:00,6/26/2024 0:00,Price Code 1,CONTACT FOR DELIVERY,False,Food Bank of Northeast Georgia,01,30662.0,Royston,"FROZEN MEAT & SEAFOOD, SHL RETAIL PICKUP",Proteins
157,181573,9071,N-103,New Beginnings Ministry,484177,,ON PREMISES (OP),REHAB-Agency,GNAP,F-40-90060,3,0,0,0.0,120,FRANKLIN,0.0,6/3/2024 0:00,6/3/2024 11:27,Price Code 1,CONTACT FOR DELIVERY,False,Food Bank of Northeast Georgia,01,30557.0,Martin,GNAP LEG QUARTERS,Proteins
179,177165,8979,R-100,Rainbow Pantry,479786,,FP/USDA,FOOD PANTRY-Agency,LOCAL - LL,N-25-11966,4,0,0,10.08,56,FRANKLIN,0.18,3/21/2024 10:30,3/27/2024 10:09,Price Code 1,CONTACT FOR DELIVERY,False,Food Bank of Northeast Georgia,01,30662.0,Royston,REESES/KIT KAT/PAY DAY KING SIZE,Food Misc.
157,180172,683,N-103,New Beginnings Ministry,482778,,ON PREMISES (OP),REHAB-Agency,BLUE RECEIPT-SHL,W-16-10001,15,0,0,0.0,15,FRANKLIN,0.0,5/3/2024 13:34,5/3/2024 11:23,Price Code 1,CONTACT FOR DELIVERY,False,Sharing Floor Athens,01-SH,30557.0,Martin,MISC. FOOD BOX SHL,Food Misc.
973,177880,5407,G-134,The Grace Foundation: Family Transformation ,480499,,ON PREMISES (OP),REHAB-Agency,BLUE RECEIPT-SHL,F-15-10000,126,0,0,0.0,126,FRANKLIN,0.0,3/26/2024 10:51,3/26/2024 10:54,Price Code 1,CUSTOMER PICKUP,False,Sharing Floor Athens,01-SH,30557.0,Martin,"MEAT & SEAFOOD, FROZEN SHL",Proteins
157,178315,7413,N-103,New Beginnings Ministry,480931,,ON PREMISES (OP),REHAB-Agency,PURCH,C-28-90524,10,0,0,0.0,200,FRANKLIN,0.0,4/12/2024 0:00,4/12/2024 11:01,Price Code 1,CONTACT FOR DELIVERY,False,Food Bank of Northeast Georgia,01,30557.0,Martin,"BELL PEPPERS, GREEN",Vegetables
941,180242,1047,L-117,Lavonia Church of God,482848,,FP/USDA,MOBILE PANTRY-Agency,USDA,N-50-10041,25,0,0,0.0,1225,FRANKLIN,0.0,5/9/2024 7:00,5/9/2024 8:53,Price Code 1,TRUCK 1 MOBILE PANTRY,False,Food Bank of Northeast Georgia,01,30553.0,Lavonia,USDA RICE,Grains
