Agency Id,Order Id,Product Id,Agency Ref,Agency Name,Order Ref,Agency Activity,Agency Group,Agency Type,Product Category,Product Ref,Quantity,Total Purchased,Total Cost,Total Service Fee,Weight,County,Service Fee,Pickup Delivery Date,Confirmed Date,Service Fee Name,Shipping Method,Is Non Food,Warehouse Name,Warehouse Ref,Agency Postal Code,Agency City,Product Name,Category
451,179561,875,L-105,Lexington Baptist Church,482174,,FP/GNAP/USDA,FOOD PANTRY-Agency,BLUE RECEIPT-SHL,W-04-10000,76,0,0,0.0,76,OGLETHORPE,0.0,4/24/2024 14:30,4/24/2024 11:47,Price Code 1,CUSTOMER PICKUP,False,Sharing Floor Athens,01-SH,30648.0,Lexington,"BREAD & BAKERY, ASSORTED SHL",Grains
451,181753,8846,L-105,Lexington Baptist Church,484357,,FP/GNAP/USDA,FOOD PANTRY-Agency,BLUE RECEIPT-SHL,N-03-11774,3,0,0,0.0,69,OGLETHORPE,0.0,6/7/2024 12:00,6/18/2024 14:23,Price Code 1,CUSTOMER PICKUP,False,Food Bank of Northeast Georgia,01,30648.0,Lexington,PURE LEAF UNSWEETENED TEA,Beverages
433,175502,1791,T-114,Thankful Baptist Church,478131,,FP/OP/GNAP/USDA,YOUTH-Agency,USDA,N-50-10079,13,0,0,0.0,338,OGLETHORPE,0.0,2/17/2024 7:00,2/17/2024 9:51,Price Code 1,TRUCK 1 MOBILE PANTRY,False,Food Bank of Northeast Georgia,01,30667.0,Stephens,USDA WALNUT HALVES AND PIECES,Proteins
713,176961,6420,B-136,Burt's United Methodist Church,479583,,FP/GNAP/USDA,FOOD PANTRY-Agency,BLUE RECEIPT-SHL,C-28-90141,2,0,0,0.0,100,OGLETHORPE,0.0,3/19/2024 13:44,3/19/2024 12:19,Price Code 1,CUSTOMER PICKUP,False,Food Bank of Northeast Georgia,01,30627.0,Lexington,ONIONS,Vegetables 
162,176625,8981,O-101,Oglethorpe County Senior Center,479248,,FP/OP/USDA,SENIOR-Agency,BLUE RECEIPT-SHL,F-15-90554,4,0,0,9.36,52,OGLETHORPE,0.18,3/7/2024 13:38,3/8/2024 12:51,Price Code 1,CUSTOMER PICKUP,False,Food Bank of Northeast Georgia,01,30630.0,Crawford,JENNIE-O TURKEY FRANKS,Proteins
451,178365,2202,L-105,Lexington Baptist Church,480981,,FP/GNAP/USDA,FOOD PANTRY-Agency,USDA,N-50-10240,15,0,0,0.0,330,OGLETHORPE,0.0,4/8/2024 14:30,4/11/2024 13:06,Price Code 1,TRUCK 1 MOBILE PANTRY,False,Food Bank of Northeast Georgia,01,30648.0,Lexington,USDA SPAGHETTI,Grains
817,178738,170,F2KOGL,Food 2 Kids Oglethorpe County,481352,,DIRECT ASSISTANCE,DIRECT ASSISTANCE-Agency,USDA,N-50-10007,4,0,0,0.0,112,OGLETHORPE,0.0,4/18/2024 15:30,4/24/2024 11:26,Price Code 1,TRUCK 1 MOBILE PANTRY,False,Food Bank of Northeast Georgia,01,30607.0,Athens,"USDA CORN, WHOLE KERNEL NO SALT",Vegetables 
433,182572,8973,T-114,Thankful Baptist Church,FAIMPORT485175,,FP/OP/GNAP/USDA,YOUTH-Agency,BLUE RECEIPT-SHL,MCC-16-10001,231,0,0,0.0,231,OGLETHORPE,0.0,6/21/2024 0:00,6/21/2024 0:00,Price Code 1,CUSTOMER PICKUP,False,Food Bank of Northeast Georgia,01,30667.0,Stephens,"COOLER FOOD MISC., SHL RETAIL PICKUP",Food Misc.
433,179434,875,T-114,Thankful Baptist Church,482047,,FP/OP/GNAP/USDA,YOUTH-Agency,BLUE RECEIPT-SHL,W-04-10000,1,0,0,0.0,1,OGLETHORPE,0.0,4/23/2024 15:14,4/23/2024 10:37,Price Code 1,CUSTOMER PICKUP,False,Sharing Floor Athens,01-SH,30667.0,Stephens,"BREAD & BAKERY, ASSORTED SHL",Grains
940,176504,5407,O-114,Oconee Baptist Church ,479128,,FOOD PANTRY,FOOD PANTRY-Agency,BLUE RECEIPT-SHL,F-15-10000,32,0,0,5.76,32,OGLETHORPE,0.18,3/1/2024 10:00,3/1/2024 10:12,Price Code 1,CONTACT FOR DELIVERY,False,Sharing Floor Athens,01-SH,30667.0,Stephens,"MEAT & SEAFOOD, FROZEN SHL",Proteins
433,173781,2573,T-114,Thankful Baptist Church,477410,,FP/OP/GNAP/USDA,YOUTH-Agency,GNAP,N-40-10204,1,0,0,1.9,19,OGLETHORPE,0.1,2/6/2024 15:14,2/6/2024 11:20,Price Code 1,CUSTOMER PICKUP,False,Food Bank of Northeast Georgia,01,30667.0,Stephens,GNAP CHICKEN & RICE SOUP,Prepared Meals
433,181880,688,T-114,Thankful Baptist Church,484484,,FP/OP/GNAP/USDA,YOUTH-Agency,BLUE RECEIPT-SHL,W-01-10000,105,0,0,18.9,105,OGLETHORPE,0.18,6/4/2024 15:14,6/4/2024 10:58,Price Code 1,CUSTOMER PICKUP,False,Sharing Floor Athens,01-SH,30667.0,Stephens,"ASSORTED NON-FOOD ITEMS, SHL",Non-Food Misc.
162,176818,8970,O-101,Oglethorpe County Senior Center,FAIMPORT479440,,FP/OP/USDA,SENIOR-Agency,BLUE RECEIPT-SHL,MCW-16-10001,7,0,0,0.0,7,OGLETHORPE,0.0,2/29/2024 0:00,2/29/2024 0:00,Price Code 1,CUSTOMER PICKUP,False,Food Bank of Northeast Georgia,01,30630.0,Crawford,"MISC. FOOD BOX, SHL RETAIL PICKUP",Food Misc.
162,173307,8923,O-101,Oglethorpe County Senior Center,476936,,FP/OP/USDA,SENIOR-Agency,LOCAL - LL,N-25-11955,7,0,0,18.9,105,OGLETHORPE,0.18,1/24/2024 13:38,1/25/2024 14:31,Price Code 1,CUSTOMER PICKUP,False,Food Bank of Northeast Georgia,01,30630.0,Crawford,REESES/KIT KAT/PAYDAY CANDY BAR ASST,Food Misc.
433,177882,5681,T-114,Thankful Baptist Church,480501,,FP/OP/GNAP/USDA,YOUTH-Agency,LOCAL - LL,C-16-10000,24,0,0,4.32,24,OGLETHORPE,0.18,3/26/2024 15:14,3/26/2024 11:03,Price Code 1,CUSTOMER PICKUP,False,Sharing Floor Athens,01-SH,30667.0,Stephens,"COOLER FOOD, MISC. LL",Food Misc.
451,177010,8981,L-105,Lexington Baptist Church,479632,,FP/GNAP/USDA,FOOD PANTRY-Agency,BLUE RECEIPT-SHL,F-15-90554,6,0,0,14.04,78,OGLETHORPE,0.18,3/13/2024 14:30,3/13/2024 10:48,Price Code 1,CUSTOMER PICKUP,False,Food Bank of Northeast Georgia,01,30648.0,Lexington,JENNIE-O TURKEY FRANKS,Proteins
451,179963,1045,L-105,Lexington Baptist Church,482572,,FP/GNAP/USDA,FOOD PANTRY-Agency,BLUE RECEIPT-SHL,W-25-10009,58,0,0,0.0,58,OGLETHORPE,0.0,5/1/2024 14:30,5/1/2024 11:39,Price Code 1,CUSTOMER PICKUP,False,Sharing Floor Athens,01-SH,30648.0,Lexington,"ASSORTED SNACK ITEMS, SHL",Food Misc.
451,175514,5958,L-105,Lexington Baptist Church,478143,,FP/GNAP/USDA,FOOD PANTRY-Agency,BLUE RECEIPT-SHL,C-16-10001,757,0,0,0.0,757,OGLETHORPE,0.0,2/12/2024 14:30,2/21/2024 12:42,Price Code 1,CUSTOMER PICKUP,False,Food Bank of Northeast Georgia,01,30648.0,Lexington,"COOLER FOOD, MISC. SHL",Food Misc.
451,172481,5958,L-105,Lexington Baptist Church,476112,,FP/GNAP/USDA,FOOD PANTRY-Agency,BLUE RECEIPT-SHL,C-16-10001,28,0,0,5.04,28,OGLETHORPE,0.18,1/3/2024 14:30,1/3/2024 11:54,Price Code 1,CUSTOMER PICKUP,False,Sharing Floor Athens,01-SH,30648.0,Lexington,"COOLER FOOD, MISC. SHL",Food Misc.
451,182595,5407,L-105,Lexington Baptist Church,485198,,FP/GNAP/USDA,FOOD PANTRY-Agency,BLUE RECEIPT-SHL,F-15-10000,56,0,0,10.08,56,OGLETHORPE,0.18,6/26/2024 14:30,6/26/2024 11:45,Price Code 1,CUSTOMER PICKUP,False,Food Bank of Northeast Georgia,01,30648.0,Lexington,"MEAT & SEAFOOD, FROZEN SHL",Proteins
451,175288,5938,L-105,Lexington Baptist Church,477917,,FP/GNAP/USDA,FOOD PANTRY-Agency,BLUE RECEIPT-SHL,C-28-10001,51,0,0,1.53,51,OGLETHORPE,0.03,2/7/2024 14:30,2/7/2024 11:40,Price Code 1,CUSTOMER PICKUP,False,Sharing Floor Athens,01-SH,30648.0,Lexington,"PRODUCE, FRESH SHL",Mixed Produce
433,179147,5938,T-114,Thankful Baptist Church,481760,,FP/OP/GNAP/USDA,YOUTH-Agency,BLUE RECEIPT-SHL,C-28-10001,690,0,0,0.0,690,OGLETHORPE,0.0,4/20/2024 7:00,4/22/2024 13:45,Price Code 1,TRUCK 1 MOBILE PANTRY,False,Food Bank of Northeast Georgia,01,30667.0,Stephens,"PRODUCE, FRESH SHL",Mixed Produce
1007,181916,688,S-141,SWAG Ministries,484520,,FP/OP/USDA,FOOD PANTRY-Agency,BLUE RECEIPT-SHL,W-01-10000,18,0,0,3.24,18,OGLETHORPE,0.18,6/5/2024 9:27,6/5/2024 9:32,Price Code 1,CUSTOMER PICKUP,False,Sharing Floor Athens,01-SH,30630.0,Crawford,"ASSORTED NON-FOOD ITEMS, SHL",Non-Food Misc.
451,180869,875,L-105,Lexington Baptist Church,483475,,FP/GNAP/USDA,FOOD PANTRY-Agency,BLUE RECEIPT-SHL,W-04-10000,13,0,0,0.0,13,OGLETHORPE,0.0,5/15/2024 14:30,5/15/2024 11:33,Price Code 1,CUSTOMER PICKUP,False,Sharing Floor Athens,01-SH,30648.0,Lexington,"BREAD & BAKERY, ASSORTED SHL",Grains
451,175962,5407,L-105,Lexington Baptist Church,478590,,FP/GNAP/USDA,FOOD PANTRY-Agency,BLUE RECEIPT-SHL,F-15-10000,80,0,0,0.0,80,OGLETHORPE,0.0,2/21/2024 14:30,2/21/2024 11:59,Price Code 1,CUSTOMER PICKUP,False,Sharing Floor Athens,01-SH,30648.0,Lexington,"MEAT & SEAFOOD, FROZEN SHL",Proteins
433,177134,5407,T-114,Thankful Baptist Church,479755,,FP/OP/GNAP/USDA,YOUTH-Agency,BLUE RECEIPT-SHL,F-15-10000,20,0,0,0.0,20,OGLETHORPE,0.0,3/12/2024 15:14,3/12/2024 10:56,Price Code 1,CUSTOMER PICKUP,False,Sharing Floor Athens,01-SH,30667.0,Stephens,"MEAT & SEAFOOD, FROZEN SHL",Proteins
451,172692,8761,L-105,Lexington Baptist Church,476323,,FP/GNAP/USDA,FOOD PANTRY-Agency,USDA,N-50-10306,13,0,0,0.0,325,OGLETHORPE,0.0,1/8/2024 14:30,1/16/2024 8:14,Price Code 1,TRUCK 1 MOBILE PANTRY,False,Food Bank of Northeast Georgia,01,30648.0,Lexington,USDA WHOLE DEGLET DATES,Fruits
940,181526,8975,O-114,Oconee Baptist Church ,FAIMPORT484130,,FOOD PANTRY,FOOD PANTRY-Agency,BLUE RECEIPT-SHL,MCC-07-10001,20,0,0,0.0,20,OGLETHORPE,0.0,5/23/2024 0:00,5/23/2024 0:00,Price Code 1,CONTACT FOR DELIVERY,False,Food Bank of Northeast Georgia,01,30667.0,Stephens,"DAIRY PRODUCTS, SHL RETAIL PICKUPS",Dairy
433,179500,8975,T-114,Thankful Baptist Church,FAIMPORT482113,,FP/OP/GNAP/USDA,YOUTH-Agency,BLUE RECEIPT-SHL,MCC-07-10001,184,0,0,0.0,184,OGLETHORPE,0.0,4/18/2024 0:00,4/18/2024 0:00,Price Code 1,CUSTOMER PICKUP,False,Food Bank of Northeast Georgia,01,30667.0,Stephens,"DAIRY PRODUCTS, SHL RETAIL PICKUPS",Dairy
433,172551,690,T-114,Thankful Baptist Church,476182,,FP/OP/GNAP/USDA,YOUTH-Agency,BLUE RECEIPT-SHL,W-03-10013,31,0,0,0.0,31,OGLETHORPE,0.0,1/4/2024 15:14,1/4/2024 11:53,Price Code 1,CUSTOMER PICKUP,False,Sharing Floor Athens,01-SH,30667.0,Stephens,"ASSORTED BEVERAGES, SHL",Beverages
817,181458,9083,F2KOGL,Food 2 Kids Oglethorpe County,484062,,DIRECT ASSISTANCE,DIRECT ASSISTANCE-Agency,GNAP,N-40-10288,1,0,0,0.0,12,OGLETHORPE,0.0,5/30/2024 12:00,5/31/2024 14:15,Price Code 1,CUSTOMER PICKUP,False,Food Bank of Northeast Georgia,01,30607.0,Athens,GNAP HONEY ROASTED SUNFLOWER SEED KERNALS,Proteins
451,178668,875,L-105,Lexington Baptist Church,481284,,FP/GNAP/USDA,FOOD PANTRY-Agency,BLUE RECEIPT-SHL,W-04-10000,87,0,0,0.0,87,OGLETHORPE,0.0,4/10/2024 14:30,4/10/2024 11:53,Price Code 1,CUSTOMER PICKUP,False,Sharing Floor Athens,01-SH,30648.0,Lexington,"BREAD & BAKERY, ASSORTED SHL",Grains
451,172692,5407,L-105,Lexington Baptist Church,476323,,FP/GNAP/USDA,FOOD PANTRY-Agency,BLUE RECEIPT-SHL,F-15-10000,1482,0,0,0.0,1482,OGLETHORPE,0.0,1/8/2024 14:30,1/16/2024 8:14,Price Code 1,TRUCK 1 MOBILE PANTRY,False,Food Bank of Northeast Georgia,01,30648.0,Lexington,"MEAT & SEAFOOD, FROZEN SHL",Proteins
1007,181486,7083,S-141,SWAG Ministries,484090,,FP/OP/USDA,FOOD PANTRY-Agency,USDA,C-50-10029,2,0,0,4.32,24,OGLETHORPE,0.18,6/5/2024 10:00,6/5/2024 10:06,Price Code 1,CUSTOMER PICKUP,False,Food Bank of Northeast Georgia,01,30630.0,Crawford,"USDA MILD CHEDDAR CHEESE, BLOCK CCC",Dairy
433,173114,683,T-114,Thankful Baptist Church,476744,,FP/OP/GNAP/USDA,YOUTH-Agency,BLUE RECEIPT-SHL,W-16-10001,18,0,0,3.24,18,OGLETHORPE,0.18,1/16/2024 15:14,1/16/2024 11:00,Price Code 1,CUSTOMER PICKUP,False,Sharing Floor Athens,01-SH,30667.0,Stephens,MISC. FOOD BOX SHL,Food Misc.
433,175565,5407,T-114,Thankful Baptist Church,478193,,FP/OP/GNAP/USDA,YOUTH-Agency,BLUE RECEIPT-SHL,F-15-10000,119,0,0,21.42,119,OGLETHORPE,0.18,2/13/2024 15:14,2/13/2024 11:04,Price Code 1,CUSTOMER PICKUP,False,Sharing Floor Athens,01-SH,30667.0,Stephens,"MEAT & SEAFOOD, FROZEN SHL",Proteins
940,176085,5772,O-114,Oconee Baptist Church ,478712,,FOOD PANTRY,FOOD PANTRY-Agency,LOCAL - LL,C-28-10000,242,0,0,7.26,242,OGLETHORPE,0.03,2/23/2024 9:57,2/23/2024 10:06,Price Code 1,CONTACT FOR DELIVERY,False,Sharing Floor Athens,01-SH,30667.0,Stephens,"PRODUCE, FRESH LL",Mixed Produce
451,181689,690,L-105,Lexington Baptist Church,484293,,FP/GNAP/USDA,FOOD PANTRY-Agency,BLUE RECEIPT-SHL,W-03-10013,252,0,0,0.0,252,OGLETHORPE,0.0,5/31/2024 14:30,5/31/2024 11:56,Price Code 1,CUSTOMER PICKUP,False,Sharing Floor Athens,01-SH,30648.0,Lexington,"ASSORTED BEVERAGES, SHL",Beverages
433,181784,8991,T-114,Thankful Baptist Church,484388,,FP/OP/GNAP/USDA,YOUTH-Agency,USDA,N-50-10311,13,0,0,0.0,312,OGLETHORPE,0.0,6/15/2024 7:00,6/15/2024 9:53,Price Code 1,TRUCK 1 MOBILE PANTRY,False,Food Bank of Northeast Georgia,01,30667.0,Stephens,USDA HAZELNUTS CCC,Proteins
451,182385,2426,L-105,Lexington Baptist Church,484989,,FP/GNAP/USDA,FOOD PANTRY-Agency,USDA,N-50-10112,2,0,0,9.0,50,OGLETHORPE,0.18,6/26/2024 12:30,6/26/2024 12:28,Price Code 1,CUSTOMER PICKUP,False,Food Bank of Northeast Georgia,01,30648.0,Lexington,USDA PISTACHIOS,Proteins
433,176686,683,T-114,Thankful Baptist Church,479309,,FP/OP/GNAP/USDA,YOUTH-Agency,BLUE RECEIPT-SHL,W-16-10001,59,0,0,0.0,59,OGLETHORPE,0.0,3/5/2024 15:14,3/5/2024 10:38,Price Code 1,CUSTOMER PICKUP,False,Sharing Floor Athens,01-SH,30667.0,Stephens,MISC. FOOD BOX SHL,Food Misc.
451,177235,5407,L-105,Lexington Baptist Church,479855,,FP/GNAP/USDA,FOOD PANTRY-Agency,BLUE RECEIPT-SHL,F-15-10000,2,0,0,0.36,2,OGLETHORPE,0.18,3/13/2024 14:30,3/13/2024 11:38,Price Code 1,CUSTOMER PICKUP,False,Sharing Floor Athens,01-SH,30648.0,Lexington,"MEAT & SEAFOOD, FROZEN SHL",Proteins
1007,173524,696,S-141,SWAG Ministries,477153,,FP/OP/USDA,FOOD PANTRY-Agency,LOCAL - LL,W-25-10000,25,0,0,4.5,25,OGLETHORPE,0.18,1/24/2024 9:33,1/24/2024 9:37,Price Code 1,CUSTOMER PICKUP,False,Sharing Floor Athens,01-SH,30630.0,Crawford,"ASSORTED SNACK ITEMS, LL",Food Misc.
940,175102,8942,O-114,Oconee Baptist Church ,477732,,FOOD PANTRY,FOOD PANTRY-Agency,BLUE RECEIPT-SHL,C-28-90533,9,0,0,0.0,378,OGLETHORPE,0.0,2/8/2024 8:20,2/9/2024 8:51,Price Code 1,CUSTOMER PICKUP,False,Food Bank of Northeast Georgia,01,30667.0,Stephens,"ORANGES, SHL",Fruits
713,176961,6780,B-136,Burt's United Methodist Church,479583,,FP/GNAP/USDA,FOOD PANTRY-Agency,USDA,C-50-10024,5,0,0,21.5,215,OGLETHORPE,0.1,3/19/2024 13:44,3/19/2024 12:19,Price Code 1,CUSTOMER PICKUP,False,Food Bank of Northeast Georgia,01,30627.0,Lexington,USDA APPLES,Fruits
433,182935,8974,T-114,Thankful Baptist Church,FAIMPORT485536,,FP/OP/GNAP/USDA,YOUTH-Agency,BLUE RECEIPT-SHL,MCW-04-10000,56,0,0,0.0,56,OGLETHORPE,0.0,6/28/2024 0:00,6/28/2024 0:00,Price Code 1,CUSTOMER PICKUP,False,Food Bank of Northeast Georgia,01,30667.0,Stephens,"BREAD AND BAKERY, SHL RETAIL PICKUPS",Grains
162,181304,8973,O-101,Oglethorpe County Senior Center,FAIMPORT483908,,FP/OP/USDA,SENIOR-Agency,BLUE RECEIPT-SHL,MCC-16-10001,9,0,0,0.0,9,OGLETHORPE,0.0,5/17/2024 0:00,5/17/2024 0:00,Price Code 1,CUSTOMER PICKUP,False,Food Bank of Northeast Georgia,01,30630.0,Crawford,"COOLER FOOD MISC., SHL RETAIL PICKUP",Food Misc.
451,175304,84,L-105,Lexington Baptist Church,477933,,FP/GNAP/USDA,FOOD PANTRY-Agency,USDA,N-50-10006,1,0,0,4.86,27,OGLETHORPE,0.18,2/12/2024 14:30,2/20/2024 13:43,Price Code 1,CUSTOMER PICKUP,False,Food Bank of Northeast Georgia,01,30648.0,Lexington,USDA GREEN BEANS,Vegetables 
940,173885,8922,O-114,Oconee Baptist Church ,477514,,FOOD PANTRY,FOOD PANTRY-Agency,LOCAL - LL,N-25-11954,2,0,0,1.8,10,OGLETHORPE,0.18,2/5/2024 8:15,2/6/2024 10:04,Price Code 1,CUSTOMER PICKUP,False,Food Bank of Northeast Georgia,01,30667.0,Stephens,ATKINS VAR PACK CHOC PEANUT/CARAMEL,Food Misc.
162,180481,8975,O-101,Oglethorpe County Senior Center,FAIMPORT483087,,FP/OP/USDA,SENIOR-Agency,BLUE RECEIPT-SHL,MCC-07-10001,85,0,0,0.0,85,OGLETHORPE,0.0,5/3/2024 0:00,5/3/2024 0:00,Price Code 1,CUSTOMER PICKUP,False,Food Bank of Northeast Georgia,01,30630.0,Crawford,"DAIRY PRODUCTS, SHL RETAIL PICKUPS",Dairy
451,182027,5938,L-105,Lexington Baptist Church,484631,,FP/GNAP/USDA,FOOD PANTRY-Agency,BLUE RECEIPT-SHL,C-28-10001,43,0,0,0.0,43,OGLETHORPE,0.0,6/7/2024 14:30,6/7/2024 11:12,Price Code 1,CUSTOMER PICKUP,False,Sharing Floor Athens,01-SH,30648.0,Lexington,"PRODUCE, FRESH SHL",Mixed Produce
713,175990,8625,B-136,Burt's United Methodist Church,478618,,FP/GNAP/USDA,FOOD PANTRY-Agency,BLUE RECEIPT-SHL,N-03-11261,1,0,0,0.0,33,OGLETHORPE,0.0,2/26/2024 13:44,2/26/2024 14:00,Price Code 1,CUSTOMER PICKUP,False,Food Bank of Northeast Georgia,01,30627.0,Lexington,STARRY ZERO SUGAR 24 X 20 FL OZ,Beverages
646,181675,9062,C-168,Crawford Pentecostal Church,484279,,FP/USDA,AFTER SCHOOL PROGRAM-Agency,LOCAL - LL,N-25-11975,20,0,0,10.8,60,OGLETHORPE,0.18,6/5/2024 8:30,6/5/2024 12:08,Price Code 1,CUSTOMER PICKUP,False,Food Bank of Northeast Georgia,01,30630.0,Crawford,DOVE DARK CHOCOLATE & PEANUT BUTTER,Food Misc.
817,178738,8995,F2KOGL,Food 2 Kids Oglethorpe County,481352,,DIRECT ASSISTANCE,DIRECT ASSISTANCE-Agency,BLUE RECEIPT-SHL,N-21-10067,47,0,0,0.0,235,OGLETHORPE,0.0,4/18/2024 15:30,4/24/2024 11:26,Price Code 1,TRUCK 1 MOBILE PANTRY,False,Food Bank of Northeast Georgia,01,30607.0,Athens,"RAMEN, MARUCHAN SHRIMP",Prepared Meals
940,181788,7164,O-114,Oconee Baptist Church ,484392,,FOOD PANTRY,FOOD PANTRY-Agency,BLUE RECEIPT-SHL,N-03-11197,7,0,0,0.0,70,OGLETHORPE,0.0,6/6/2024 0:00,6/6/2024 11:37,Price Code 1,CONTACT FOR DELIVERY,False,Food Bank of Northeast Georgia,01,30667.0,Stephens,MT DEW ZERO SUGAR MAJOR MELON,Beverages
451,173918,683,L-105,Lexington Baptist Church,477547,,FP/GNAP/USDA,FOOD PANTRY-Agency,BLUE RECEIPT-SHL,W-16-10001,7,0,0,0.0,7,OGLETHORPE,0.0,1/31/2024 14:30,1/31/2024 12:05,Price Code 1,CUSTOMER PICKUP,False,Sharing Floor Athens,01-SH,30648.0,Lexington,MISC. FOOD BOX SHL,Food Misc.
940,179789,8971,O-114,Oconee Baptist Church ,FAIMPORT482402,,FOOD PANTRY,FOOD PANTRY-Agency,BLUE RECEIPT-SHL,MCF-16-10001,20,0,0,0.0,20,OGLETHORPE,0.0,4/25/2024 0:00,4/25/2024 0:00,Price Code 1,CONTACT FOR DELIVERY,False,Food Bank of Northeast Georgia,01,30667.0,Stephens,"FROZEN FOODS, MISC SHL RETAIL PICKUP",Food Misc.
451,181198,875,L-105,Lexington Baptist Church,483803,,FP/GNAP/USDA,FOOD PANTRY-Agency,BLUE RECEIPT-SHL,W-04-10000,28,0,0,0.0,28,OGLETHORPE,0.0,5/22/2024 14:30,5/22/2024 11:52,Price Code 1,CUSTOMER PICKUP,False,Sharing Floor Athens,01-SH,30648.0,Lexington,"BREAD & BAKERY, ASSORTED SHL",Grains
817,177220,8963,F2KOGL,Food 2 Kids Oglethorpe County,479840,,DIRECT ASSISTANCE,DIRECT ASSISTANCE-Agency,YELLOW RECEIPT - SHN,N-25-11960,6,0,0,0.0,66,OGLETHORPE,0.0,3/21/2024 15:00,3/27/2024 10:55,Price Code 1,TRACTOR TRAILER 1 MOBILE PANTRY,False,Food Bank of Northeast Georgia,01,30607.0,Athens,"TAPIOCA PUDDING, BEST CHOICE",Food Misc.
433,172458,3943,T-114,Thankful Baptist Church,476089,,FP/OP/GNAP/USDA,YOUTH-Agency,USDA,N-50-10268,1,0,0,1.14,38,OGLETHORPE,0.03,1/8/2024 15:14,1/9/2024 8:58,Price Code 1,CUSTOMER PICKUP,False,Food Bank of Northeast Georgia,01,30667.0,Stephens,USDA APPLE JUICE,Beverages
646,181675,7083,C-168,Crawford Pentecostal Church,484279,,FP/USDA,AFTER SCHOOL PROGRAM-Agency,USDA,C-50-10029,7,0,0,15.12,84,OGLETHORPE,0.18,6/5/2024 8:30,6/5/2024 12:08,Price Code 1,CUSTOMER PICKUP,False,Food Bank of Northeast Georgia,01,30630.0,Crawford,"USDA MILD CHEDDAR CHEESE, BLOCK CCC",Dairy
1007,181184,5958,S-141,SWAG Ministries,483789,,FP/OP/USDA,FOOD PANTRY-Agency,BLUE RECEIPT-SHL,C-16-10001,182,0,0,32.76,182,OGLETHORPE,0.18,5/22/2024 9:45,5/22/2024 9:52,Price Code 1,CUSTOMER PICKUP,False,Sharing Floor Athens,01-SH,30630.0,Crawford,"COOLER FOOD, MISC. SHL",Food Misc.
451,175210,8874,L-105,Lexington Baptist Church,477839,,FP/GNAP/USDA,FOOD PANTRY-Agency,YELLOW RECEIPT - SHN,F-10-10002,2,0,0,0.18,6,OGLETHORPE,0.03,2/9/2024 14:30,2/20/2024 13:43,Price Code 1,CUSTOMER PICKUP,False,Food Bank of Northeast Georgia,01,30648.0,Lexington,OUTSHINE TROPICAL SMOOTHIE CUBES,Beverages
433,173836,875,T-114,Thankful Baptist Church,477465,,FP/OP/GNAP/USDA,YOUTH-Agency,BLUE RECEIPT-SHL,W-04-10000,50,0,0,0.0,50,OGLETHORPE,0.0,1/30/2024 15:14,1/30/2024 10:53,Price Code 1,CUSTOMER PICKUP,False,Sharing Floor Athens,01-SH,30667.0,Stephens,"BREAD & BAKERY, ASSORTED SHL",Grains
817,177251,3204,F2KOGL,Food 2 Kids Oglethorpe County,479871,,DIRECT ASSISTANCE,DIRECT ASSISTANCE-Agency,GNAP,N-40-10217,10,0,0,0.0,90,OGLETHORPE,0.0,3/21/2024 15:30,3/27/2024 10:00,Price Code 1,CUSTOMER PICKUP,False,Food Bank of Northeast Georgia,01,30607.0,Athens,GNAP CANNED HAM,Proteins
940,180634,8974,O-114,Oconee Baptist Church ,FAIMPORT483240,,FOOD PANTRY,FOOD PANTRY-Agency,BLUE RECEIPT-SHL,MCW-04-10000,112,0,0,0.0,112,OGLETHORPE,0.0,5/10/2024 0:00,5/10/2024 0:00,Price Code 1,CONTACT FOR DELIVERY,False,Food Bank of Northeast Georgia,01,30667.0,Stephens,"BREAD AND BAKERY, SHL RETAIL PICKUPS",Grains
451,178344,3280,L-105,Lexington Baptist Church,480960,,FP/GNAP/USDA,FOOD PANTRY-Agency,YELLOW RECEIPT - SHN,N-03-10833,5,0,0,0.0,90,OGLETHORPE,0.0,4/9/2024 14:30,4/17/2024 10:56,Price Code 1,CUSTOMER PICKUP,False,Food Bank of Northeast Georgia,01,30648.0,Lexington,GATORADE GLACIER FREEZE,Beverages
713,180394,9013,B-136,Burt's United Methodist Church,483000,,FP/GNAP/USDA,FOOD PANTRY-Agency,USDA,N-50-10313,4,0,0,17.28,96,OGLETHORPE,0.18,5/13/2024 9:15,5/13/2024 10:47,Price Code 1,CUSTOMER PICKUP,False,Food Bank of Northeast Georgia,01,30627.0,Lexington,USDA LIGHT RED KIDNEY BEANS 24/1LB,Proteins
1007,180411,688,S-141,SWAG Ministries,483017,,FP/OP/USDA,FOOD PANTRY-Agency,BLUE RECEIPT-SHL,W-01-10000,26,0,0,4.68,26,OGLETHORPE,0.18,5/8/2024 9:37,5/8/2024 9:44,Price Code 1,CUSTOMER PICKUP,False,Sharing Floor Athens,01-SH,30630.0,Crawford,"ASSORTED NON-FOOD ITEMS, SHL",Non-Food Misc.
433,178225,8975,T-114,Thankful Baptist Church,FAIMPORT480841,,FP/OP/GNAP/USDA,YOUTH-Agency,BLUE RECEIPT-SHL,MCC-07-10001,1071,0,0,0.0,1071,OGLETHORPE,0.0,3/28/2024 0:00,3/28/2024 0:00,Price Code 1,CUSTOMER PICKUP,False,Food Bank of Northeast Georgia,01,30667.0,Stephens,"DAIRY PRODUCTS, SHL RETAIL PICKUPS",Dairy
433,176288,5938,T-114,Thankful Baptist Church,478913,,FP/OP/GNAP/USDA,YOUTH-Agency,BLUE RECEIPT-SHL,C-28-10001,17,0,0,0.51,17,OGLETHORPE,0.03,2/27/2024 15:14,2/27/2024 10:58,Price Code 1,CUSTOMER PICKUP,False,Sharing Floor Athens,01-SH,30667.0,Stephens,"PRODUCE, FRESH SHL",Mixed Produce
713,175990,842,B-136,Burt's United Methodist Church,478618,,FP/GNAP/USDA,FOOD PANTRY-Agency,USDA,N-50-10021,1,0,0,4.86,27,OGLETHORPE,0.18,2/26/2024 13:44,2/26/2024 14:00,Price Code 1,CUSTOMER PICKUP,False,Food Bank of Northeast Georgia,01,30627.0,Lexington,USDA DICED TOMATOES NO SALT CCC,Vegetables 
451,173194,690,L-105,Lexington Baptist Church,476824,,FP/GNAP/USDA,FOOD PANTRY-Agency,BLUE RECEIPT-SHL,W-03-10013,42,0,0,0.0,42,OGLETHORPE,0.0,1/17/2024 14:30,1/17/2024 12:10,Price Code 1,CUSTOMER PICKUP,False,Sharing Floor Athens,01-SH,30648.0,Lexington,"ASSORTED BEVERAGES, SHL",Beverages
162,182138,8975,O-101,Oglethorpe County Senior Center,FAIMPORT484742,,FP/OP/USDA,SENIOR-Agency,BLUE RECEIPT-SHL,MCC-07-10001,25,0,0,0.0,25,OGLETHORPE,0.0,6/3/2024 0:00,6/3/2024 0:00,Price Code 1,CUSTOMER PICKUP,False,Food Bank of Northeast Georgia,01,30630.0,Crawford,"DAIRY PRODUCTS, SHL RETAIL PICKUPS",Dairy
433,181541,8974,T-114,Thankful Baptist Church,FAIMPORT484145,,FP/OP/GNAP/USDA,YOUTH-Agency,BLUE RECEIPT-SHL,MCW-04-10000,101,0,0,0.0,101,OGLETHORPE,0.0,5/24/2024 0:00,5/24/2024 0:00,Price Code 1,CUSTOMER PICKUP,False,Food Bank of Northeast Georgia,01,30667.0,Stephens,"BREAD AND BAKERY, SHL RETAIL PICKUPS",Grains
433,175502,6979,T-114,Thankful Baptist Church,478131,,FP/OP/GNAP/USDA,YOUTH-Agency,USDA,C-50-10017,50,0,0,0.0,2000,OGLETHORPE,0.0,2/17/2024 7:00,2/17/2024 9:51,Price Code 1,TRUCK 1 MOBILE PANTRY,False,Food Bank of Northeast Georgia,01,30667.0,Stephens,"USDA 2% MILK, FRESH CCC",Dairy
451,176927,8497,L-105,Lexington Baptist Church,479549,,FP/GNAP/USDA,FOOD PANTRY-Agency,USDA,C-50-10048,60,0,0,0.0,1920,OGLETHORPE,0.0,3/11/2024 14:30,3/12/2024 9:29,Price Code 1,TRUCK 1 MOBILE PANTRY,False,Food Bank of Northeast Georgia,01,30648.0,Lexington,USDA MANDARIN ORANGES,Fruits
433,175208,690,T-114,Thankful Baptist Church,477837,,FP/OP/GNAP/USDA,YOUTH-Agency,BLUE RECEIPT-SHL,W-03-10013,34,0,0,0.0,34,OGLETHORPE,0.0,2/6/2024 15:14,2/6/2024 10:51,Price Code 1,CUSTOMER PICKUP,False,Sharing Floor Athens,01-SH,30667.0,Stephens,"ASSORTED BEVERAGES, SHL",Beverages
433,181132,5407,T-114,Thankful Baptist Church,483737,,FP/OP/GNAP/USDA,YOUTH-Agency,BLUE RECEIPT-SHL,F-15-10000,93,0,0,16.74,93,OGLETHORPE,0.18,5/21/2024 15:14,5/21/2024 10:57,Price Code 1,CUSTOMER PICKUP,False,Sharing Floor Athens,01-SH,30667.0,Stephens,"MEAT & SEAFOOD, FROZEN SHL",Proteins
162,173307,8914,O-101,Oglethorpe County Senior Center,476936,,FP/OP/USDA,SENIOR-Agency,USDA,N-50-10310,1,0,0,4.86,27,OGLETHORPE,0.18,1/24/2024 13:38,1/25/2024 14:31,Price Code 1,CUSTOMER PICKUP,False,Food Bank of Northeast Georgia,01,30630.0,Crawford,USDA DICED POTATOES,Potatoes 
433,182369,8970,T-114,Thankful Baptist Church,FAIMPORT484973,,FP/OP/GNAP/USDA,YOUTH-Agency,BLUE RECEIPT-SHL,MCW-16-10001,4,0,0,0.0,4,OGLETHORPE,0.0,6/14/2024 0:00,6/14/2024 0:00,Price Code 1,CUSTOMER PICKUP,False,Food Bank of Northeast Georgia,01,30667.0,Stephens,"MISC. FOOD BOX, SHL RETAIL PICKUP",Food Misc.
940,181788,6936,O-114,Oconee Baptist Church ,484392,,FOOD PANTRY,FOOD PANTRY-Agency,BLUE RECEIPT-SHL,C-28-90388,5,0,0,3.0,150,OGLETHORPE,0.02,6/6/2024 0:00,6/6/2024 11:37,Price Code 1,CONTACT FOR DELIVERY,False,Food Bank of Northeast Georgia,01,30667.0,Stephens,PEACHES,Fruits
817,178738,5938,F2KOGL,Food 2 Kids Oglethorpe County,481352,,DIRECT ASSISTANCE,DIRECT ASSISTANCE-Agency,BLUE RECEIPT-SHL,C-28-10001,40,0,0,0.0,40,OGLETHORPE,0.0,4/18/2024 15:30,4/24/2024 11:26,Price Code 1,TRUCK 1 MOBILE PANTRY,False,Food Bank of Northeast Georgia,01,30607.0,Athens,"PRODUCE, FRESH SHL",Mixed Produce
433,176047,8957,T-114,Thankful Baptist Church,478674,,FP/OP/GNAP/USDA,YOUTH-Agency,YELLOW RECEIPT - SHN,N-25-11956,1,0,0,0.72,4,OGLETHORPE,0.18,2/27/2024 15:14,2/27/2024 11:21,Price Code 1,CUSTOMER PICKUP,False,Food Bank of Northeast Georgia,01,30667.0,Stephens,HONEYMAID GRAHAM CRACKERS,Food Misc.
433,173781,8918,T-114,Thankful Baptist Church,477410,,FP/OP/GNAP/USDA,YOUTH-Agency,LOCAL - LL,N-25-11950,1,0,0,0.36,2,OGLETHORPE,0.18,2/6/2024 15:14,2/6/2024 11:20,Price Code 1,CUSTOMER PICKUP,False,Food Bank of Northeast Georgia,01,30667.0,Stephens,GHIRARDELLI DARK CHOCOLATE,Food Misc.
433,177134,235,T-114,Thankful Baptist Church,479755,,FP/OP/GNAP/USDA,YOUTH-Agency,LOCAL - LL,W-03-10012,141,0,0,0.0,141,OGLETHORPE,0.0,3/12/2024 15:14,3/12/2024 10:56,Price Code 1,CUSTOMER PICKUP,False,Sharing Floor Athens,01-SH,30667.0,Stephens,"ASSORTED BEVERAGES, LL",Beverages
451,180426,683,L-105,Lexington Baptist Church,483032,,FP/GNAP/USDA,FOOD PANTRY-Agency,BLUE RECEIPT-SHL,W-16-10001,134,0,0,24.12,134,OGLETHORPE,0.18,5/8/2024 14:30,5/8/2024 11:51,Price Code 1,CUSTOMER PICKUP,False,Sharing Floor Athens,01-SH,30648.0,Lexington,MISC. FOOD BOX SHL,Food Misc.
451,173918,5958,L-105,Lexington Baptist Church,477547,,FP/GNAP/USDA,FOOD PANTRY-Agency,BLUE RECEIPT-SHL,C-16-10001,34,0,0,6.12,34,OGLETHORPE,0.18,1/31/2024 14:30,1/31/2024 12:05,Price Code 1,CUSTOMER PICKUP,False,Sharing Floor Athens,01-SH,30648.0,Lexington,"COOLER FOOD, MISC. SHL",Food Misc.
451,176927,8783,L-105,Lexington Baptist Church,479549,,FP/GNAP/USDA,FOOD PANTRY-Agency,USDA,N-50-10308,13,0,0,0.0,299,OGLETHORPE,0.0,3/11/2024 14:30,3/12/2024 9:29,Price Code 1,TRUCK 1 MOBILE PANTRY,False,Food Bank of Northeast Georgia,01,30648.0,Lexington,USDA RAISINS,Fruits
1007,173286,8873,S-141,SWAG Ministries,476915,,FP/OP/USDA,FOOD PANTRY-Agency,YELLOW RECEIPT - SHN,F-10-10001,1,0,0,0.09,3,OGLETHORPE,0.03,1/26/2024 3:37,2/20/2024 13:35,Price Code 1,CUSTOMER PICKUP,False,Food Bank of Northeast Georgia,01,30630.0,Crawford,OUTSHINE STRAWBERRY BANANA SMOOTHIE CUBES,Beverages
1007,180041,8761,S-141,SWAG Ministries,482649,,FP/OP/USDA,FOOD PANTRY-Agency,USDA,N-50-10306,1,0,0,4.5,25,OGLETHORPE,0.18,5/8/2024 8:00,5/8/2024 10:45,Price Code 1,CUSTOMER PICKUP,False,Food Bank of Northeast Georgia,01,30630.0,Crawford,USDA WHOLE DEGLET DATES,Fruits
162,179302,8976,O-101,Oglethorpe County Senior Center,FAIMPORT481915,,FP/OP/USDA,SENIOR-Agency,BLUE RECEIPT-SHL,MCC-28-10001,10,0,0,0.0,10,OGLETHORPE,0.0,4/15/2024 0:00,4/15/2024 0:00,Price Code 1,CUSTOMER PICKUP,False,Food Bank of Northeast Georgia,01,30630.0,Crawford,"PRODUCE, SHL RETAIL PICKUPS",Mixed Produce
713,172822,4555,B-136,Burt's United Methodist Church,476453,,FP/GNAP/USDA,FOOD PANTRY-Agency,USDA,F-50-90042,8,0,0,57.6,320,OGLETHORPE,0.18,1/16/2024 13:44,1/16/2024 12:52,Price Code 1,CUSTOMER PICKUP,False,Food Bank of Northeast Georgia,01,30627.0,Lexington,USDA CHICKEN DRUMSTICKS CCC,Proteins
451,173549,5772,L-105,Lexington Baptist Church,477178,,FP/GNAP/USDA,FOOD PANTRY-Agency,LOCAL - LL,C-28-10000,70,0,0,2.1,70,OGLETHORPE,0.03,1/24/2024 14:30,1/24/2024 12:07,Price Code 1,CUSTOMER PICKUP,False,Sharing Floor Athens,01-SH,30648.0,Lexington,"PRODUCE, FRESH LL",Mixed Produce
451,181689,875,L-105,Lexington Baptist Church,484293,,FP/GNAP/USDA,FOOD PANTRY-Agency,BLUE RECEIPT-SHL,W-04-10000,64,0,0,0.0,64,OGLETHORPE,0.0,5/31/2024 14:30,5/31/2024 11:56,Price Code 1,CUSTOMER PICKUP,False,Sharing Floor Athens,01-SH,30648.0,Lexington,"BREAD & BAKERY, ASSORTED SHL",Grains
433,179147,6780,T-114,Thankful Baptist Church,481760,,FP/OP/GNAP/USDA,YOUTH-Agency,USDA,C-50-10024,42,0,0,0.0,1806,OGLETHORPE,0.0,4/20/2024 7:00,4/22/2024 13:45,Price Code 1,TRUCK 1 MOBILE PANTRY,False,Food Bank of Northeast Georgia,01,30667.0,Stephens,USDA APPLES,Fruits
451,180869,688,L-105,Lexington Baptist Church,483475,,FP/GNAP/USDA,FOOD PANTRY-Agency,BLUE RECEIPT-SHL,W-01-10000,2,0,0,0.36,2,OGLETHORPE,0.18,5/15/2024 14:30,5/15/2024 11:33,Price Code 1,CUSTOMER PICKUP,False,Sharing Floor Athens,01-SH,30648.0,Lexington,"ASSORTED NON-FOOD ITEMS, SHL",Non-Food Misc.
451,175962,92,L-105,Lexington Baptist Church,478590,,FP/GNAP/USDA,FOOD PANTRY-Agency,LOCAL - LL,W-01-10002,4,0,0,0.72,4,OGLETHORPE,0.18,2/21/2024 14:30,2/21/2024 11:59,Price Code 1,CUSTOMER PICKUP,False,Sharing Floor Athens,01-SH,30648.0,Lexington,"ASSORTED NON-FOOD ITEMS, LL",Non-Food Misc.
940,179292,8975,O-114,Oconee Baptist Church ,FAIMPORT481905,,FOOD PANTRY,FOOD PANTRY-Agency,BLUE RECEIPT-SHL,MCC-07-10001,142,0,0,0.0,142,OGLETHORPE,0.0,4/18/2024 0:00,4/18/2024 0:00,Price Code 1,CONTACT FOR DELIVERY,False,Food Bank of Northeast Georgia,01,30667.0,Stephens,"DAIRY PRODUCTS, SHL RETAIL PICKUPS",Dairy
1007,180322,5772,S-141,SWAG Ministries,482928,,FP/OP/USDA,FOOD PANTRY-Agency,LOCAL - LL,C-28-10000,30,0,0,0.0,30,OGLETHORPE,0.0,5/15/2024 8:00,5/15/2024 9:35,Price Code 1,CUSTOMER PICKUP,False,Food Bank of Northeast Georgia,01,30630.0,Crawford,"PRODUCE, FRESH LL",Mixed Produce
713,172374,8881,B-136,Burt's United Methodist Church,476005,,FP/GNAP/USDA,FOOD PANTRY-Agency,YELLOW RECEIPT - SHN,N-03-11786,2,0,0,0.0,26,OGLETHORPE,0.0,1/5/2024 13:44,1/26/2024 9:00,Price Code 1,CUSTOMER PICKUP,False,Food Bank of Northeast Georgia,01,30627.0,Lexington,GATORADE ZERO FRUIT PUNCH,Beverages
433,173114,690,T-114,Thankful Baptist Church,476744,,FP/OP/GNAP/USDA,YOUTH-Agency,BLUE RECEIPT-SHL,W-03-10013,72,0,0,0.0,72,OGLETHORPE,0.0,1/16/2024 15:14,1/16/2024 11:00,Price Code 1,CUSTOMER PICKUP,False,Sharing Floor Athens,01-SH,30667.0,Stephens,"ASSORTED BEVERAGES, SHL",Beverages
451,176383,4715,L-105,Lexington Baptist Church,479008,,FP/GNAP/USDA,FOOD PANTRY-Agency,USDA,F-50-90461,1,0,0,4.0,40,OGLETHORPE,0.1,3/5/2024 14:30,3/6/2024 10:50,Price Code 1,CUSTOMER PICKUP,False,Food Bank of Northeast Georgia,01,30648.0,Lexington,USDA ALASKAN POLLACK FISH FILLETS,Proteins
1007,179516,84,S-141,SWAG Ministries,482129,,FP/OP/USDA,FOOD PANTRY-Agency,USDA,N-50-10006,4,0,0,19.44,108,OGLETHORPE,0.18,5/1/2024 15:42,5/8/2024 10:44,Price Code 1,CUSTOMER PICKUP,False,Food Bank of Northeast Georgia,01,30630.0,Crawford,USDA GREEN BEANS,Vegetables 
433,173781,7309,T-114,Thankful Baptist Church,477410,,FP/OP/GNAP/USDA,YOUTH-Agency,GNAP,N-40-10250,1,0,0,2.7,27,OGLETHORPE,0.1,2/6/2024 15:14,2/6/2024 11:20,Price Code 1,CUSTOMER PICKUP,False,Food Bank of Northeast Georgia,01,30667.0,Stephens,GNAP MIXED VEGETABLES,Vegetables 
433,181784,7083,T-114,Thankful Baptist Church,484388,,FP/OP/GNAP/USDA,YOUTH-Agency,USDA,C-50-10029,138,0,0,0.0,1656,OGLETHORPE,0.0,6/15/2024 7:00,6/15/2024 9:53,Price Code 1,TRUCK 1 MOBILE PANTRY,False,Food Bank of Northeast Georgia,01,30667.0,Stephens,"USDA MILD CHEDDAR CHEESE, BLOCK CCC",Dairy
451,175697,842,L-105,Lexington Baptist Church,478325,,FP/GNAP/USDA,FOOD PANTRY-Agency,USDA,N-50-10021,13,0,0,0.0,351,OGLETHORPE,0.0,2/12/2024 14:30,2/15/2024 11:13,Price Code 1,TRUCK 1 MOBILE PANTRY,False,Food Bank of Northeast Georgia,01,30648.0,Lexington,USDA DICED TOMATOES NO SALT CCC,Vegetables 
713,176961,8915,B-136,Burt's United Methodist Church,479583,,FP/GNAP/USDA,FOOD PANTRY-Agency,USDA,F-50-90474,3,0,0,12.0,120,OGLETHORPE,0.1,3/19/2024 13:44,3/19/2024 12:19,Price Code 1,CUSTOMER PICKUP,False,Food Bank of Northeast Georgia,01,30627.0,Lexington,USDA PACIFIC SALAD SHRIMP,Proteins
433,176686,5388,T-114,Thankful Baptist Church,479309,,FP/OP/GNAP/USDA,YOUTH-Agency,BLUE RECEIPT-SHL,F-16-10001,13,0,0,0.0,13,OGLETHORPE,0.0,3/5/2024 15:14,3/5/2024 10:38,Price Code 1,CUSTOMER PICKUP,False,Sharing Floor Athens,01-SH,30667.0,Stephens,"ASSORTED FROZEN FOODS, SHL",Food Misc.
433,180942,683,T-114,Thankful Baptist Church,483548,,FP/OP/GNAP/USDA,YOUTH-Agency,BLUE RECEIPT-SHL,W-16-10001,4,0,0,0.72,4,OGLETHORPE,0.18,5/16/2024 15:14,5/16/2024 11:45,Price Code 1,CUSTOMER PICKUP,False,Sharing Floor Athens,01-SH,30667.0,Stephens,MISC. FOOD BOX SHL,Food Misc.
433,182144,8974,T-114,Thankful Baptist Church,FAIMPORT484748,,FP/OP/GNAP/USDA,YOUTH-Agency,BLUE RECEIPT-SHL,MCW-04-10000,80,0,0,0.0,80,OGLETHORPE,0.0,6/7/2024 0:00,6/7/2024 0:00,Price Code 1,CUSTOMER PICKUP,False,Food Bank of Northeast Georgia,01,30667.0,Stephens,"BREAD AND BAKERY, SHL RETAIL PICKUPS",Grains
451,177653,5407,L-105,Lexington Baptist Church,480273,,FP/GNAP/USDA,FOOD PANTRY-Agency,BLUE RECEIPT-SHL,F-15-10000,71,0,0,12.78,71,OGLETHORPE,0.18,3/20/2024 14:30,3/20/2024 12:02,Price Code 1,CUSTOMER PICKUP,False,Sharing Floor Athens,01-SH,30648.0,Lexington,"MEAT & SEAFOOD, FROZEN SHL",Proteins
940,178698,8970,O-114,Oconee Baptist Church ,FAIMPORT481313,,FOOD PANTRY,FOOD PANTRY-Agency,BLUE RECEIPT-SHL,MCW-16-10001,30,0,0,0.0,30,OGLETHORPE,0.0,4/9/2024 0:00,4/9/2024 0:00,Price Code 1,CONTACT FOR DELIVERY,False,Food Bank of Northeast Georgia,01,30667.0,Stephens,"MISC. FOOD BOX, SHL RETAIL PICKUP",Food Misc.
433,172551,50,T-114,Thankful Baptist Church,476182,,FP/OP/GNAP/USDA,YOUTH-Agency,LOCAL - LL,W-16-10002,20,0,0,3.6,20,OGLETHORPE,0.18,1/4/2024 15:14,1/4/2024 11:53,Price Code 1,CUSTOMER PICKUP,False,Sharing Floor Athens,01-SH,30667.0,Stephens,MISC. FOOD BOX LL,Food Misc.
451,178344,8834,L-105,Lexington Baptist Church,480960,,FP/GNAP/USDA,FOOD PANTRY-Agency,BLUE RECEIPT-SHL,N-03-11770,5,0,0,0.0,50,OGLETHORPE,0.0,4/9/2024 14:30,4/17/2024 10:56,Price Code 1,CUSTOMER PICKUP,False,Food Bank of Northeast Georgia,01,30648.0,Lexington,MT DEW ZERO SUGAR,Beverages
817,178738,5088,F2KOGL,Food 2 Kids Oglethorpe County,481352,,DIRECT ASSISTANCE,DIRECT ASSISTANCE-Agency,USDA,F-50-90023,4,0,0,0.0,100,OGLETHORPE,0.0,4/18/2024 15:30,4/24/2024 11:26,Price Code 1,TRUCK 1 MOBILE PANTRY,False,Food Bank of Northeast Georgia,01,30607.0,Athens,USDA FROZEN PEACHES CCC,Fruits
940,176807,8973,O-114,Oconee Baptist Church ,FAIMPORT479430,,FOOD PANTRY,FOOD PANTRY-Agency,BLUE RECEIPT-SHL,MCC-16-10001,22,0,0,0.0,22,OGLETHORPE,0.0,3/4/2024 0:00,3/4/2024 0:00,Price Code 1,CONTACT FOR DELIVERY,False,Food Bank of Northeast Georgia,01,30667.0,Stephens,"COOLER FOOD MISC., SHL RETAIL PICKUP",Food Misc.
940,174992,875,O-114,Oconee Baptist Church ,477622,,FOOD PANTRY,FOOD PANTRY-Agency,BLUE RECEIPT-SHL,W-04-10000,102,0,0,0.0,102,OGLETHORPE,0.0,2/1/2024 14:29,2/1/2024 14:41,Price Code 1,CONTACT FOR DELIVERY,False,Sharing Floor Athens,01-SH,30667.0,Stephens,"BREAD & BAKERY, ASSORTED SHL",Grains
162,173307,8766,O-101,Oglethorpe County Senior Center,476936,,FP/OP/USDA,SENIOR-Agency,LOCAL - LL,N-25-11919,5,0,0,1.8,10,OGLETHORPE,0.18,1/24/2024 13:38,1/25/2024 14:31,Price Code 1,CUSTOMER PICKUP,False,Food Bank of Northeast Georgia,01,30630.0,Crawford,GHIRARDELLI SEA SALT CARAMEL CHOCOLATE,Food Misc.
433,176288,5388,T-114,Thankful Baptist Church,478913,,FP/OP/GNAP/USDA,YOUTH-Agency,BLUE RECEIPT-SHL,F-16-10001,124,0,0,22.32,124,OGLETHORPE,0.18,2/27/2024 15:14,2/27/2024 10:58,Price Code 1,CUSTOMER PICKUP,False,Sharing Floor Athens,01-SH,30667.0,Stephens,"ASSORTED FROZEN FOODS, SHL",Food Misc.
1007,179516,7061,S-141,SWAG Ministries,482129,,FP/OP/USDA,FOOD PANTRY-Agency,USDA,C-50-10021,1,0,0,0.0,42,OGLETHORPE,0.0,5/1/2024 15:42,5/8/2024 10:44,Price Code 1,CUSTOMER PICKUP,False,Food Bank of Northeast Georgia,01,30630.0,Crawford,USDA FRESH ORANGES,Fruits
433,175502,170,T-114,Thankful Baptist Church,478131,,FP/OP/GNAP/USDA,YOUTH-Agency,USDA,N-50-10007,13,0,0,0.0,364,OGLETHORPE,0.0,2/17/2024 7:00,2/17/2024 9:51,Price Code 1,TRUCK 1 MOBILE PANTRY,False,Food Bank of Northeast Georgia,01,30667.0,Stephens,"USDA CORN, WHOLE KERNEL NO SALT",Vegetables 
451,179561,683,L-105,Lexington Baptist Church,482174,,FP/GNAP/USDA,FOOD PANTRY-Agency,BLUE RECEIPT-SHL,W-16-10001,49,0,0,0.0,49,OGLETHORPE,0.0,4/24/2024 14:30,4/24/2024 11:47,Price Code 1,CUSTOMER PICKUP,False,Sharing Floor Athens,01-SH,30648.0,Lexington,MISC. FOOD BOX SHL,Food Misc.
451,175294,4448,L-105,Lexington Baptist Church,477923,,FP/GNAP/USDA,FOOD PANTRY-Agency,USDA,F-50-90446,1,0,0,0.0,28,OGLETHORPE,0.0,2/12/2024 14:30,2/12/2024 12:27,Price Code 1,CUSTOMER PICKUP,False,Food Bank of Northeast Georgia,01,30648.0,Lexington,USDA FROZEN STRAWBERRY FRUIT CUPS,Fruits
433,181784,3203,T-114,Thankful Baptist Church,484388,,FP/OP/GNAP/USDA,YOUTH-Agency,USDA,N-50-10289,13,0,0,0.0,325,OGLETHORPE,0.0,6/15/2024 7:00,6/15/2024 9:53,Price Code 1,TRUCK 1 MOBILE PANTRY,False,Food Bank of Northeast Georgia,01,30667.0,Stephens,USDA PECAN PIECES,Proteins
162,177595,8973,O-101,Oglethorpe County Senior Center,FAIMPORT480215,,FP/OP/USDA,SENIOR-Agency,BLUE RECEIPT-SHL,MCC-16-10001,17,0,0,0.0,17,OGLETHORPE,0.0,3/18/2024 0:00,3/18/2024 0:00,Price Code 1,CUSTOMER PICKUP,False,Food Bank of Northeast Georgia,01,30630.0,Crawford,"COOLER FOOD MISC., SHL RETAIL PICKUP",Food Misc.
433,181446,5407,T-114,Thankful Baptist Church,484050,,FP/OP/GNAP/USDA,YOUTH-Agency,BLUE RECEIPT-SHL,F-15-10000,18,0,0,3.24,18,OGLETHORPE,0.18,5/28/2024 15:14,5/28/2024 10:58,Price Code 1,CUSTOMER PICKUP,False,Sharing Floor Athens,01-SH,30667.0,Stephens,"MEAT & SEAFOOD, FROZEN SHL",Proteins
566,180951,5958,MSFP-OGL,Oglethorpe School Food Pantry,483557,,FOOD PANTRY,DIRECT ASSISTANCE-Agency,BLUE RECEIPT-SHL,C-16-10001,331,0,0,0.0,331,OGLETHORPE,0.0,5/16/2024 15:00,5/16/2024 14:06,Mobile Pantry/Feed Site Only,TRUCK 1 MOBILE PANTRY,False,Food Bank of Northeast Georgia,01,30630.0,Crawford,"COOLER FOOD, MISC. SHL",Food Misc.
451,178365,1047,L-105,Lexington Baptist Church,480981,,FP/GNAP/USDA,FOOD PANTRY-Agency,USDA,N-50-10041,25,0,0,0.0,1225,OGLETHORPE,0.0,4/8/2024 14:30,4/11/2024 13:06,Price Code 1,TRUCK 1 MOBILE PANTRY,False,Food Bank of Northeast Georgia,01,30648.0,Lexington,USDA RICE,Grains
1007,179091,92,S-141,SWAG Ministries,481705,,FP/OP/USDA,FOOD PANTRY-Agency,LOCAL - LL,W-01-10002,4,0,0,0.72,4,OGLETHORPE,0.18,4/17/2024 9:33,4/17/2024 9:37,Price Code 1,CUSTOMER PICKUP,False,Sharing Floor Athens,01-SH,30630.0,Crawford,"ASSORTED NON-FOOD ITEMS, LL",Non-Food Misc.
451,173438,8790,L-105,Lexington Baptist Church,477067,,FP/GNAP/USDA,FOOD PANTRY-Agency,BLUE RECEIPT-SHL,N-03-11758,5,0,0,0.0,65,OGLETHORPE,0.0,1/25/2024 14:30,1/25/2024 12:46,Price Code 1,CUSTOMER PICKUP,False,Food Bank of Northeast Georgia,01,30648.0,Lexington,PROPEL LEMON,Beverages
451,172481,688,L-105,Lexington Baptist Church,476112,,FP/GNAP/USDA,FOOD PANTRY-Agency,BLUE RECEIPT-SHL,W-01-10000,265,0,0,0.0,265,OGLETHORPE,0.0,1/3/2024 14:30,1/3/2024 11:54,Price Code 1,CUSTOMER PICKUP,False,Sharing Floor Athens,01-SH,30648.0,Lexington,"ASSORTED NON-FOOD ITEMS, SHL",Non-Food Misc.
817,181458,9039,F2KOGL,Food 2 Kids Oglethorpe County,484062,,DIRECT ASSISTANCE,DIRECT ASSISTANCE-Agency,GNAP,N-40-10276,1,0,0,0.0,10,OGLETHORPE,0.0,5/30/2024 12:00,5/31/2024 14:15,Price Code 1,CUSTOMER PICKUP,False,Food Bank of Northeast Georgia,01,30607.0,Athens,GNAP CHEESE STICKS - WHITE CHEDDAR,Dairy
451,181053,9061,L-105,Lexington Baptist Church,483658,,FP/GNAP/USDA,FOOD PANTRY-Agency,LOCAL - LL,N-25-11974,3,0,0,1.62,9,OGLETHORPE,0.18,5/22/2024 10:00,5/22/2024 10:39,Price Code 1,CUSTOMER PICKUP,False,Food Bank of Northeast Georgia,01,30648.0,Lexington,DOVE DARK CHOCOLATE & SEA SALT CARAMEL,Food Misc.
451,172692,1791,L-105,Lexington Baptist Church,476323,,FP/GNAP/USDA,FOOD PANTRY-Agency,USDA,N-50-10079,13,0,0,0.0,338,OGLETHORPE,0.0,1/8/2024 14:30,1/16/2024 8:14,Price Code 1,TRUCK 1 MOBILE PANTRY,False,Food Bank of Northeast Georgia,01,30648.0,Lexington,USDA WALNUT HALVES AND PIECES,Proteins
451,178929,4737,L-105,Lexington Baptist Church,481543,,FP/GNAP/USDA,FOOD PANTRY-Agency,USDA,F-50-90456,1,0,0,7.2,40,OGLETHORPE,0.18,4/17/2024 14:30,4/17/2024 11:02,Price Code 1,CUSTOMER PICKUP,False,Food Bank of Northeast Georgia,01,30648.0,Lexington,USDA PORK PATTY,Proteins
451,179963,50,L-105,Lexington Baptist Church,482572,,FP/GNAP/USDA,FOOD PANTRY-Agency,LOCAL - LL,W-16-10002,68,0,0,12.24,68,OGLETHORPE,0.18,5/1/2024 14:30,5/1/2024 11:39,Price Code 1,CUSTOMER PICKUP,False,Sharing Floor Athens,01-SH,30648.0,Lexington,MISC. FOOD BOX LL,Food Misc.
940,176504,683,O-114,Oconee Baptist Church ,479128,,FOOD PANTRY,FOOD PANTRY-Agency,BLUE RECEIPT-SHL,W-16-10001,96,0,0,0.0,96,OGLETHORPE,0.0,3/1/2024 10:00,3/1/2024 10:12,Price Code 1,CONTACT FOR DELIVERY,False,Sharing Floor Athens,01-SH,30667.0,Stephens,MISC. FOOD BOX SHL,Food Misc.
940,173885,8874,O-114,Oconee Baptist Church ,477514,,FOOD PANTRY,FOOD PANTRY-Agency,YELLOW RECEIPT - SHN,F-10-10002,5,0,0,0.45,15,OGLETHORPE,0.03,2/5/2024 8:15,2/6/2024 10:04,Price Code 1,CUSTOMER PICKUP,False,Food Bank of Northeast Georgia,01,30667.0,Stephens,OUTSHINE TROPICAL SMOOTHIE CUBES,Beverages
817,178738,8940,F2KOGL,Food 2 Kids Oglethorpe County,481352,,DIRECT ASSISTANCE,DIRECT ASSISTANCE-Agency,BLUE RECEIPT-SHL,C-28-90531,1,0,0,0.0,52,OGLETHORPE,0.0,4/18/2024 15:30,4/24/2024 11:26,Price Code 1,TRUCK 1 MOBILE PANTRY,False,Food Bank of Northeast Georgia,01,30607.0,Athens,"CABBAGE, SHL 50#",Vegetables 
433,176047,8958,T-114,Thankful Baptist Church,478674,,FP/OP/GNAP/USDA,YOUTH-Agency,YELLOW RECEIPT - SHN,N-25-11957,1,0,0,0.54,3,OGLETHORPE,0.18,2/27/2024 15:14,2/27/2024 11:21,Price Code 1,CUSTOMER PICKUP,False,Food Bank of Northeast Georgia,01,30667.0,Stephens,WHEAT THINS BIG,Grains
1007,175941,92,S-141,SWAG Ministries,478569,,FP/OP/USDA,FOOD PANTRY-Agency,LOCAL - LL,W-01-10002,46,0,0,8.28,46,OGLETHORPE,0.18,2/21/2024 9:29,2/21/2024 9:37,Price Code 1,CUSTOMER PICKUP,False,Sharing Floor Athens,01-SH,30630.0,Crawford,"ASSORTED NON-FOOD ITEMS, LL",Non-Food Misc.
451,176927,5681,L-105,Lexington Baptist Church,479549,,FP/GNAP/USDA,FOOD PANTRY-Agency,LOCAL - LL,C-16-10000,701,0,0,0.0,701,OGLETHORPE,0.0,3/11/2024 14:30,3/12/2024 9:29,Price Code 1,TRUCK 1 MOBILE PANTRY,False,Food Bank of Northeast Georgia,01,30648.0,Lexington,"COOLER FOOD, MISC. LL",Food Misc.
1007,172831,8874,S-141,SWAG Ministries,476462,,FP/OP/USDA,FOOD PANTRY-Agency,YELLOW RECEIPT - SHN,F-10-10002,1,0,0,0.09,3,OGLETHORPE,0.03,1/19/2024 20:16,1/19/2024 9:15,Price Code 1,CUSTOMER PICKUP,False,Food Bank of Northeast Georgia,01,30630.0,Crawford,OUTSHINE TROPICAL SMOOTHIE CUBES,Beverages
451,182385,9078,L-105,Lexington Baptist Church,484989,,FP/GNAP/USDA,FOOD PANTRY-Agency,BLUE RECEIPT-SHL,N-03-11840,2,0,0,0.0,18,OGLETHORPE,0.0,6/26/2024 12:30,6/26/2024 12:28,Price Code 1,CUSTOMER PICKUP,False,Food Bank of Northeast Georgia,01,30648.0,Lexington,PEPSI ZERO WILD CHERRY,Beverages
940,182558,8974,O-114,Oconee Baptist Church ,FAIMPORT485161,,FOOD PANTRY,FOOD PANTRY-Agency,BLUE RECEIPT-SHL,MCW-04-10000,175,0,0,0.0,175,OGLETHORPE,0.0,6/20/2024 0:00,6/20/2024 0:00,Price Code 1,CUSTOMER PICKUP,False,Food Bank of Northeast Georgia,01,30667.0,Stephens,"BREAD AND BAKERY, SHL RETAIL PICKUPS",Grains
451,181600,2202,L-105,Lexington Baptist Church,484204,,FP/GNAP/USDA,FOOD PANTRY-Agency,USDA,N-50-10240,1,0,0,3.96,22,OGLETHORPE,0.18,6/7/2024 11:30,6/7/2024 13:11,Price Code 1,CUSTOMER PICKUP,False,Food Bank of Northeast Georgia,01,30648.0,Lexington,USDA SPAGHETTI,Grains
451,173055,8790,L-105,Lexington Baptist Church,476685,,FP/GNAP/USDA,FOOD PANTRY-Agency,BLUE RECEIPT-SHL,N-03-11758,4,0,0,0.0,52,OGLETHORPE,0.0,1/19/2024 0:00,1/19/2024 14:07,Price Code 1,CUSTOMER PICKUP,False,Food Bank of Northeast Georgia,01,30648.0,Lexington,PROPEL LEMON,Beverages
713,175990,8720,B-136,Burt's United Methodist Church,478618,,FP/GNAP/USDA,FOOD PANTRY-Agency,USDA,N-50-10305,1,0,0,2.52,14,OGLETHORPE,0.18,2/26/2024 13:44,2/26/2024 14:00,Price Code 1,CUSTOMER PICKUP,False,Food Bank of Northeast Georgia,01,30627.0,Lexington,USDA MIXED VEGETABLES CCC,Vegetables 
1007,180322,9031,S-141,SWAG Ministries,482928,,FP/OP/USDA,FOOD PANTRY-Agency,YELLOW RECEIPT - SHN,N-25-11973,1,0,0,0.54,3,OGLETHORPE,0.18,5/15/2024 8:00,5/15/2024 9:35,Price Code 1,CUSTOMER PICKUP,False,Food Bank of Northeast Georgia,01,30630.0,Crawford,BIGS TAKIS SUNFLOWER SEEDS,Proteins
451,176927,170,L-105,Lexington Baptist Church,479549,,FP/GNAP/USDA,FOOD PANTRY-Agency,USDA,N-50-10007,13,0,0,0.0,364,OGLETHORPE,0.0,3/11/2024 14:30,3/12/2024 9:29,Price Code 1,TRUCK 1 MOBILE PANTRY,False,Food Bank of Northeast Georgia,01,30648.0,Lexington,"USDA CORN, WHOLE KERNEL NO SALT",Vegetables 
817,181458,9055,F2KOGL,Food 2 Kids Oglethorpe County,484062,,DIRECT ASSISTANCE,DIRECT ASSISTANCE-Agency,GNAP,N-40-10285,1,0,0,0.0,22,OGLETHORPE,0.0,5/30/2024 12:00,5/31/2024 14:15,Price Code 1,CUSTOMER PICKUP,False,Food Bank of Northeast Georgia,01,30607.0,Athens,GNAP MIXED FRUIT CUPS,Fruits
713,178357,8834,B-136,Burt's United Methodist Church,480973,,FP/GNAP/USDA,FOOD PANTRY-Agency,BLUE RECEIPT-SHL,N-03-11770,2,0,0,0.0,20,OGLETHORPE,0.0,4/10/2024 13:44,4/10/2024 14:26,Price Code 1,CUSTOMER PICKUP,False,Food Bank of Northeast Georgia,01,30627.0,Lexington,MT DEW ZERO SUGAR,Beverages
1007,180041,8783,S-141,SWAG Ministries,482649,,FP/OP/USDA,FOOD PANTRY-Agency,USDA,N-50-10308,1,0,0,4.14,23,OGLETHORPE,0.18,5/8/2024 8:00,5/8/2024 10:45,Price Code 1,CUSTOMER PICKUP,False,Food Bank of Northeast Georgia,01,30630.0,Crawford,USDA RAISINS,Fruits
713,172822,3868,B-136,Burt's United Methodist Church,476453,,FP/GNAP/USDA,FOOD PANTRY-Agency,USDA,N-50-10267,9,0,0,64.8,360,OGLETHORPE,0.18,1/16/2024 13:44,1/16/2024 12:52,Price Code 1,CUSTOMER PICKUP,False,Food Bank of Northeast Georgia,01,30627.0,Lexington,USDA ALL PURPOSE FLOUR,Grains
162,179303,8973,O-101,Oglethorpe County Senior Center,FAIMPORT481916,,FP/OP/USDA,SENIOR-Agency,BLUE RECEIPT-SHL,MCC-16-10001,25,0,0,0.0,25,OGLETHORPE,0.0,4/18/2024 0:00,4/18/2024 0:00,Price Code 1,CUSTOMER PICKUP,False,Food Bank of Northeast Georgia,01,30630.0,Crawford,"COOLER FOOD MISC., SHL RETAIL PICKUP",Food Misc.
451,181198,683,L-105,Lexington Baptist Church,483803,,FP/GNAP/USDA,FOOD PANTRY-Agency,BLUE RECEIPT-SHL,W-16-10001,138,0,0,24.84,138,OGLETHORPE,0.18,5/22/2024 14:30,5/22/2024 11:52,Price Code 1,CUSTOMER PICKUP,False,Sharing Floor Athens,01-SH,30648.0,Lexington,MISC. FOOD BOX SHL,Food Misc.
1007,173524,683,S-141,SWAG Ministries,477153,,FP/OP/USDA,FOOD PANTRY-Agency,BLUE RECEIPT-SHL,W-16-10001,152,0,0,27.36,152,OGLETHORPE,0.18,1/24/2024 9:33,1/24/2024 9:37,Price Code 1,CUSTOMER PICKUP,False,Sharing Floor Athens,01-SH,30630.0,Crawford,MISC. FOOD BOX SHL,Food Misc.
817,177251,1822,F2KOGL,Food 2 Kids Oglethorpe County,479871,,DIRECT ASSISTANCE,DIRECT ASSISTANCE-Agency,GNAP,N-40-10140,2,0,0,0.0,36,OGLETHORPE,0.0,3/21/2024 15:30,3/27/2024 10:00,Price Code 1,CUSTOMER PICKUP,False,Food Bank of Northeast Georgia,01,30607.0,Athens,GNAP TUNA LIGHT CHUNK,Proteins
940,173299,696,O-114,Oconee Baptist Church ,476928,,FOOD PANTRY,FOOD PANTRY-Agency,LOCAL - LL,W-25-10000,284,0,0,25.56,284,OGLETHORPE,0.09,1/19/2024 9:43,1/19/2024 9:54,Price Code 1,CONTACT FOR DELIVERY,False,Sharing Floor Athens,01-SH,30667.0,Stephens,"ASSORTED SNACK ITEMS, LL",Food Misc.
162,182230,8976,O-101,Oglethorpe County Senior Center,FAIMPORT484834,,FP/OP/USDA,SENIOR-Agency,BLUE RECEIPT-SHL,MCC-28-10001,33,0,0,0.0,33,OGLETHORPE,0.0,6/10/2024 0:00,6/10/2024 0:00,Price Code 1,CUSTOMER PICKUP,False,Food Bank of Northeast Georgia,01,30630.0,Crawford,"PRODUCE, SHL RETAIL PICKUPS",Mixed Produce
713,180394,4448,B-136,Burt's United Methodist Church,483000,,FP/GNAP/USDA,FOOD PANTRY-Agency,USDA,F-50-90446,3,0,0,0.0,84,OGLETHORPE,0.0,5/13/2024 9:15,5/13/2024 10:47,Price Code 1,CUSTOMER PICKUP,False,Food Bank of Northeast Georgia,01,30627.0,Lexington,USDA FROZEN STRAWBERRY FRUIT CUPS,Fruits
451,177010,8782,L-105,Lexington Baptist Church,479632,,FP/GNAP/USDA,FOOD PANTRY-Agency,BLUE RECEIPT-SHL,N-03-11754,1,0,0,0.84,28,OGLETHORPE,0.03,3/13/2024 14:30,3/13/2024 10:48,Price Code 1,CUSTOMER PICKUP,False,Food Bank of Northeast Georgia,01,30648.0,Lexington,LIPTON GREEN TEA CITRUS,Beverages
713,178357,84,B-136,Burt's United Methodist Church,480973,,FP/GNAP/USDA,FOOD PANTRY-Agency,USDA,N-50-10006,1,0,0,4.86,27,OGLETHORPE,0.18,4/10/2024 13:44,4/10/2024 14:26,Price Code 1,CUSTOMER PICKUP,False,Food Bank of Northeast Georgia,01,30627.0,Lexington,USDA GREEN BEANS,Vegetables 
713,176961,8940,B-136,Burt's United Methodist Church,479583,,FP/GNAP/USDA,FOOD PANTRY-Agency,BLUE RECEIPT-SHL,C-28-90531,4,0,0,0.0,208,OGLETHORPE,0.0,3/19/2024 13:44,3/19/2024 12:19,Price Code 1,CUSTOMER PICKUP,False,Food Bank of Northeast Georgia,01,30627.0,Lexington,"CABBAGE, SHL 50#",Vegetables 
817,177220,8906,F2KOGL,Food 2 Kids Oglethorpe County,479840,,DIRECT ASSISTANCE,DIRECT ASSISTANCE-Agency,GNAP,N-40-10266,5,0,0,0.0,100,OGLETHORPE,0.0,3/21/2024 15:00,3/27/2024 10:55,Price Code 1,TRACTOR TRAILER 1 MOBILE PANTRY,False,Food Bank of Northeast Georgia,01,30607.0,Athens,GNAP SPAGHETTI,Grains
1007,173286,8766,S-141,SWAG Ministries,476915,,FP/OP/USDA,FOOD PANTRY-Agency,LOCAL - LL,N-25-11919,5,0,0,1.8,10,OGLETHORPE,0.18,1/26/2024 3:37,2/20/2024 13:35,Price Code 1,CUSTOMER PICKUP,False,Food Bank of Northeast Georgia,01,30630.0,Crawford,GHIRARDELLI SEA SALT CARAMEL CHOCOLATE,Food Misc.
451,181198,690,L-105,Lexington Baptist Church,483803,,FP/GNAP/USDA,FOOD PANTRY-Agency,BLUE RECEIPT-SHL,W-03-10013,36,0,0,0.0,36,OGLETHORPE,0.0,5/22/2024 14:30,5/22/2024 11:52,Price Code 1,CUSTOMER PICKUP,False,Sharing Floor Athens,01-SH,30648.0,Lexington,"ASSORTED BEVERAGES, SHL",Beverages
433,175872,5681,T-114,Thankful Baptist Church,478500,,FP/OP/GNAP/USDA,YOUTH-Agency,LOCAL - LL,C-16-10000,39,0,0,7.02,39,OGLETHORPE,0.18,2/20/2024 15:14,2/20/2024 11:03,Price Code 1,CUSTOMER PICKUP,False,Sharing Floor Athens,01-SH,30667.0,Stephens,"COOLER FOOD, MISC. LL",Food Misc.
433,173836,683,T-114,Thankful Baptist Church,477465,,FP/OP/GNAP/USDA,YOUTH-Agency,BLUE RECEIPT-SHL,W-16-10001,78,0,0,14.04,78,OGLETHORPE,0.18,1/30/2024 15:14,1/30/2024 10:53,Price Code 1,CUSTOMER PICKUP,False,Sharing Floor Athens,01-SH,30667.0,Stephens,MISC. FOOD BOX SHL,Food Misc.
1007,181916,683,S-141,SWAG Ministries,484520,,FP/OP/USDA,FOOD PANTRY-Agency,BLUE RECEIPT-SHL,W-16-10001,226,0,0,40.68,226,OGLETHORPE,0.18,6/5/2024 9:27,6/5/2024 9:32,Price Code 1,CUSTOMER PICKUP,False,Sharing Floor Athens,01-SH,30630.0,Crawford,MISC. FOOD BOX SHL,Food Misc.
162,182138,8973,O-101,Oglethorpe County Senior Center,FAIMPORT484742,,FP/OP/USDA,SENIOR-Agency,BLUE RECEIPT-SHL,MCC-16-10001,20,0,0,0.0,20,OGLETHORPE,0.0,6/3/2024 0:00,6/3/2024 0:00,Price Code 1,CUSTOMER PICKUP,False,Food Bank of Northeast Georgia,01,30630.0,Crawford,"COOLER FOOD MISC., SHL RETAIL PICKUP",Food Misc.
817,178732,8995,F2KOGL,Food 2 Kids Oglethorpe County,481346,,DIRECT ASSISTANCE,DIRECT ASSISTANCE-Agency,BLUE RECEIPT-SHL,N-21-10067,10,0,0,0.0,50,OGLETHORPE,0.0,4/18/2024 15:00,4/24/2024 11:39,Price Code 1,TRUCK 1 MOBILE PANTRY,False,Food Bank of Northeast Georgia,01,30607.0,Athens,"RAMEN, MARUCHAN SHRIMP",Prepared Meals
940,176504,1045,O-114,Oconee Baptist Church ,479128,,FOOD PANTRY,FOOD PANTRY-Agency,BLUE RECEIPT-SHL,W-25-10009,91,0,0,16.38,91,OGLETHORPE,0.18,3/1/2024 10:00,3/1/2024 10:12,Price Code 1,CONTACT FOR DELIVERY,False,Sharing Floor Athens,01-SH,30667.0,Stephens,"ASSORTED SNACK ITEMS, SHL",Food Misc.
433,180942,5938,T-114,Thankful Baptist Church,483548,,FP/OP/GNAP/USDA,YOUTH-Agency,BLUE RECEIPT-SHL,C-28-10001,117,0,0,3.51,117,OGLETHORPE,0.03,5/16/2024 15:14,5/16/2024 11:45,Price Code 1,CUSTOMER PICKUP,False,Sharing Floor Athens,01-SH,30667.0,Stephens,"PRODUCE, FRESH SHL",Mixed Produce
1007,180322,8949,S-141,SWAG Ministries,482928,,FP/OP/USDA,FOOD PANTRY-Agency,LOCAL - LL,C-28-90536,1,0,0,0.0,50,OGLETHORPE,0.0,5/15/2024 8:00,5/15/2024 9:35,Price Code 1,CUSTOMER PICKUP,False,Food Bank of Northeast Georgia,01,30630.0,Crawford,"CARROTS, 50#",Vegetables 
451,176365,683,L-105,Lexington Baptist Church,478990,,FP/GNAP/USDA,FOOD PANTRY-Agency,BLUE RECEIPT-SHL,W-16-10001,7,0,0,0.0,7,OGLETHORPE,0.0,2/28/2024 14:30,2/28/2024 12:01,Price Code 1,CUSTOMER PICKUP,False,Sharing Floor Athens,01-SH,30648.0,Lexington,MISC. FOOD BOX SHL,Food Misc.
433,176686,5407,T-114,Thankful Baptist Church,479309,,FP/OP/GNAP/USDA,YOUTH-Agency,BLUE RECEIPT-SHL,F-15-10000,83,0,0,14.94,83,OGLETHORPE,0.18,3/5/2024 15:14,3/5/2024 10:38,Price Code 1,CUSTOMER PICKUP,False,Sharing Floor Athens,01-SH,30667.0,Stephens,"MEAT & SEAFOOD, FROZEN SHL",Proteins
433,181309,8974,T-114,Thankful Baptist Church,FAIMPORT483913,,FP/OP/GNAP/USDA,YOUTH-Agency,BLUE RECEIPT-SHL,MCW-04-10000,115,0,0,0.0,115,OGLETHORPE,0.0,5/17/2024 0:00,5/17/2024 0:00,Price Code 1,CUSTOMER PICKUP,False,Food Bank of Northeast Georgia,01,30667.0,Stephens,"BREAD AND BAKERY, SHL RETAIL PICKUPS",Grains
451,181777,5407,L-105,Lexington Baptist Church,484381,,FP/GNAP/USDA,FOOD PANTRY-Agency,BLUE RECEIPT-SHL,F-15-10000,1680,0,0,0.0,1680,OGLETHORPE,0.0,6/10/2024 14:30,6/13/2024 5:23,Price Code 1,TRUCK 1 MOBILE PANTRY,False,Food Bank of Northeast Georgia,01,30648.0,Lexington,"MEAT & SEAFOOD, FROZEN SHL",Proteins
451,173194,5772,L-105,Lexington Baptist Church,476824,,FP/GNAP/USDA,FOOD PANTRY-Agency,LOCAL - LL,C-28-10000,65,0,0,1.95,65,OGLETHORPE,0.03,1/17/2024 14:30,1/17/2024 12:10,Price Code 1,CUSTOMER PICKUP,False,Sharing Floor Athens,01-SH,30648.0,Lexington,"PRODUCE, FRESH LL",Mixed Produce
433,175502,8672,T-114,Thankful Baptist Church,478131,,FP/OP/GNAP/USDA,YOUTH-Agency,USDA,N-50-10301,25,0,0,0.0,600,OGLETHORPE,0.0,2/17/2024 7:00,2/17/2024 9:51,Price Code 1,TRUCK 1 MOBILE PANTRY,False,Food Bank of Northeast Georgia,01,30667.0,Stephens,USDA YELLOW SPLIT PEAS,Proteins
451,175288,5407,L-105,Lexington Baptist Church,477917,,FP/GNAP/USDA,FOOD PANTRY-Agency,BLUE RECEIPT-SHL,F-15-10000,32,0,0,5.76,32,OGLETHORPE,0.18,2/7/2024 14:30,2/7/2024 11:40,Price Code 1,CUSTOMER PICKUP,False,Sharing Floor Athens,01-SH,30648.0,Lexington,"MEAT & SEAFOOD, FROZEN SHL",Proteins
1007,181121,1608,S-141,SWAG Ministries,483726,,FP/OP/USDA,FOOD PANTRY-Agency,BLUE RECEIPT-SHL,N-03-10679,5,0,0,0.0,90,OGLETHORPE,0.0,5/29/2024 10:30,5/29/2024 10:52,Price Code 1,CUSTOMER PICKUP,False,Food Bank of Northeast Georgia,01,30630.0,Crawford,DIET PEPSI,Beverages
1007,175615,92,S-141,SWAG Ministries,478243,,FP/OP/USDA,FOOD PANTRY-Agency,LOCAL - LL,W-01-10002,95,0,0,17.1,95,OGLETHORPE,0.18,2/14/2024 9:49,2/14/2024 10:01,Price Code 1,CUSTOMER PICKUP,False,Sharing Floor Athens,01-SH,30630.0,Crawford,"ASSORTED NON-FOOD ITEMS, LL",Non-Food Misc.
1007,173286,8921,S-141,SWAG Ministries,476915,,FP/OP/USDA,FOOD PANTRY-Agency,LOCAL - LL,N-25-11953,3,0,0,6.48,36,OGLETHORPE,0.18,1/26/2024 3:37,2/20/2024 13:35,Price Code 1,CUSTOMER PICKUP,False,Food Bank of Northeast Georgia,01,30630.0,Crawford,GREAT VALUE COOKIE & CARAMEL BARS,Food Misc.
162,180974,8976,O-101,Oglethorpe County Senior Center,FAIMPORT483579,,FP/OP/USDA,SENIOR-Agency,BLUE RECEIPT-SHL,MCC-28-10001,77,0,0,0.0,77,OGLETHORPE,0.0,5/14/2024 0:00,5/14/2024 0:00,Price Code 1,CUSTOMER PICKUP,False,Food Bank of Northeast Georgia,01,30630.0,Crawford,"PRODUCE, SHL RETAIL PICKUPS",Mixed Produce
451,173549,696,L-105,Lexington Baptist Church,477178,,FP/GNAP/USDA,FOOD PANTRY-Agency,LOCAL - LL,W-25-10000,39,0,0,3.51,39,OGLETHORPE,0.09,1/24/2024 14:30,1/24/2024 12:07,Price Code 1,CUSTOMER PICKUP,False,Sharing Floor Athens,01-SH,30648.0,Lexington,"ASSORTED SNACK ITEMS, LL",Food Misc.
451,181689,683,L-105,Lexington Baptist Church,484293,,FP/GNAP/USDA,FOOD PANTRY-Agency,BLUE RECEIPT-SHL,W-16-10001,27,0,0,0.0,27,OGLETHORPE,0.0,5/31/2024 14:30,5/31/2024 11:56,Price Code 1,CUSTOMER PICKUP,False,Sharing Floor Athens,01-SH,30648.0,Lexington,MISC. FOOD BOX SHL,Food Misc.
433,181784,1791,T-114,Thankful Baptist Church,484388,,FP/OP/GNAP/USDA,YOUTH-Agency,USDA,N-50-10079,13,0,0,0.0,338,OGLETHORPE,0.0,6/15/2024 7:00,6/15/2024 9:53,Price Code 1,TRUCK 1 MOBILE PANTRY,False,Food Bank of Northeast Georgia,01,30667.0,Stephens,USDA WALNUT HALVES AND PIECES,Proteins
433,179147,170,T-114,Thankful Baptist Church,481760,,FP/OP/GNAP/USDA,YOUTH-Agency,USDA,N-50-10007,13,0,0,0.0,364,OGLETHORPE,0.0,4/20/2024 7:00,4/22/2024 13:45,Price Code 1,TRUCK 1 MOBILE PANTRY,False,Food Bank of Northeast Georgia,01,30667.0,Stephens,"USDA CORN, WHOLE KERNEL NO SALT",Vegetables 
451,175697,8736,L-105,Lexington Baptist Church,478325,,FP/GNAP/USDA,FOOD PANTRY-Agency,YELLOW RECEIPT - SHN,N-25-11911,13,0,0,0.0,52,OGLETHORPE,0.0,2/12/2024 14:30,2/15/2024 11:13,Price Code 1,TRUCK 1 MOBILE PANTRY,False,Food Bank of Northeast Georgia,01,30648.0,Lexington,BLUE DIAMOND SMOKEHOUSE NUT THINS,Proteins
713,180394,84,B-136,Burt's United Methodist Church,483000,,FP/GNAP/USDA,FOOD PANTRY-Agency,USDA,N-50-10006,4,0,0,19.44,108,OGLETHORPE,0.18,5/13/2024 9:15,5/13/2024 10:47,Price Code 1,CUSTOMER PICKUP,False,Food Bank of Northeast Georgia,01,30627.0,Lexington,USDA GREEN BEANS,Vegetables 
451,180869,5407,L-105,Lexington Baptist Church,483475,,FP/GNAP/USDA,FOOD PANTRY-Agency,BLUE RECEIPT-SHL,F-15-10000,30,0,0,5.4,30,OGLETHORPE,0.18,5/15/2024 14:30,5/15/2024 11:33,Price Code 1,CUSTOMER PICKUP,False,Sharing Floor Athens,01-SH,30648.0,Lexington,"MEAT & SEAFOOD, FROZEN SHL",Proteins
940,176085,5772,O-114,Oconee Baptist Church ,478712,,FOOD PANTRY,FOOD PANTRY-Agency,LOCAL - LL,C-28-10000,105,0,0,3.15,105,OGLETHORPE,0.03,2/23/2024 9:57,2/23/2024 10:06,Price Code 1,CONTACT FOR DELIVERY,False,Sharing Floor Athens,01-SH,30667.0,Stephens,"PRODUCE, FRESH LL",Mixed Produce
816,176203,875,S-135,Sonlight Baptist Church,478829,,FOOD PANTRY,FOOD PANTRY-Agency,BLUE RECEIPT-SHL,W-04-10000,14,0,0,0.0,14,OGLETHORPE,0.0,2/26/2024 12:22,2/26/2024 11:00,Price Code 1,CUSTOMER PICKUP,False,Sharing Floor Athens,01-SH,30628.0,Colbert,"BREAD & BAKERY, ASSORTED SHL",Grains
451,176365,1045,L-105,Lexington Baptist Church,478990,,FP/GNAP/USDA,FOOD PANTRY-Agency,BLUE RECEIPT-SHL,W-25-10009,45,0,0,8.1,45,OGLETHORPE,0.18,2/28/2024 14:30,2/28/2024 12:01,Price Code 1,CUSTOMER PICKUP,False,Sharing Floor Athens,01-SH,30648.0,Lexington,"ASSORTED SNACK ITEMS, SHL",Food Misc.
817,178738,8739,F2KOGL,Food 2 Kids Oglethorpe County,481352,,DIRECT ASSISTANCE,DIRECT ASSISTANCE-Agency,BLUE RECEIPT-SHL,N-03-11739,50,0,0,0.0,500,OGLETHORPE,0.0,4/18/2024 15:30,4/24/2024 11:26,Price Code 1,TRUCK 1 MOBILE PANTRY,False,Food Bank of Northeast Georgia,01,30607.0,Athens,MT DEW ZERO SUGAR BAJA BLAST,Beverages
433,172551,875,T-114,Thankful Baptist Church,476182,,FP/OP/GNAP/USDA,YOUTH-Agency,BLUE RECEIPT-SHL,W-04-10000,61,0,0,0.0,61,OGLETHORPE,0.0,1/4/2024 15:14,1/4/2024 11:53,Price Code 1,CUSTOMER PICKUP,False,Sharing Floor Athens,01-SH,30667.0,Stephens,"BREAD & BAKERY, ASSORTED SHL",Grains
646,181675,8600,C-168,Crawford Pentecostal Church,484279,,FP/USDA,AFTER SCHOOL PROGRAM-Agency,BLUE RECEIPT-SHL,N-03-11249,2,0,0,0.0,60,OGLETHORPE,0.0,6/5/2024 8:30,6/5/2024 12:08,Price Code 1,CUSTOMER PICKUP,False,Food Bank of Northeast Georgia,01,30630.0,Crawford,DIET PEPSI,Beverages
1007,181184,683,S-141,SWAG Ministries,483789,,FP/OP/USDA,FOOD PANTRY-Agency,BLUE RECEIPT-SHL,W-16-10001,262,0,0,47.16,262,OGLETHORPE,0.18,5/22/2024 9:45,5/22/2024 9:52,Price Code 1,CUSTOMER PICKUP,False,Sharing Floor Athens,01-SH,30630.0,Crawford,MISC. FOOD BOX SHL,Food Misc.
940,173885,8766,O-114,Oconee Baptist Church ,477514,,FOOD PANTRY,FOOD PANTRY-Agency,LOCAL - LL,N-25-11919,10,0,0,3.6,20,OGLETHORPE,0.18,2/5/2024 8:15,2/6/2024 10:04,Price Code 1,CUSTOMER PICKUP,False,Food Bank of Northeast Georgia,01,30667.0,Stephens,GHIRARDELLI SEA SALT CARAMEL CHOCOLATE,Food Misc.
162,179303,8976,O-101,Oglethorpe County Senior Center,FAIMPORT481916,,FP/OP/USDA,SENIOR-Agency,BLUE RECEIPT-SHL,MCC-28-10001,20,0,0,0.0,20,OGLETHORPE,0.0,4/18/2024 0:00,4/18/2024 0:00,Price Code 1,CUSTOMER PICKUP,False,Food Bank of Northeast Georgia,01,30630.0,Crawford,"PRODUCE, SHL RETAIL PICKUPS",Mixed Produce
451,175962,696,L-105,Lexington Baptist Church,478590,,FP/GNAP/USDA,FOOD PANTRY-Agency,LOCAL - LL,W-25-10000,49,0,0,8.82,49,OGLETHORPE,0.18,2/21/2024 14:30,2/21/2024 11:59,Price Code 1,CUSTOMER PICKUP,False,Sharing Floor Athens,01-SH,30648.0,Lexington,"ASSORTED SNACK ITEMS, LL",Food Misc.
646,181216,696,C-168,Crawford Pentecostal Church,483821,,FP/USDA,AFTER SCHOOL PROGRAM-Agency,LOCAL - LL,W-25-10000,18,0,0,3.24,18,OGLETHORPE,0.18,5/22/2024 12:13,5/22/2024 15:06,Price Code 1,CUSTOMER PICKUP,False,Sharing Floor Athens,01-SH,30630.0,Crawford,"ASSORTED SNACK ITEMS, LL",Food Misc.
433,172795,5407,T-114,Thankful Baptist Church,476426,,FP/OP/GNAP/USDA,YOUTH-Agency,BLUE RECEIPT-SHL,F-15-10000,101,0,0,18.18,101,OGLETHORPE,0.18,1/9/2024 15:14,1/9/2024 10:40,Price Code 1,CUSTOMER PICKUP,False,Sharing Floor Athens,01-SH,30667.0,Stephens,"MEAT & SEAFOOD, FROZEN SHL",Proteins
162,173307,3943,O-101,Oglethorpe County Senior Center,476936,,FP/OP/USDA,SENIOR-Agency,USDA,N-50-10268,2,0,0,2.28,76,OGLETHORPE,0.03,1/24/2024 13:38,1/25/2024 14:31,Price Code 1,CUSTOMER PICKUP,False,Food Bank of Northeast Georgia,01,30630.0,Crawford,USDA APPLE JUICE,Beverages
713,176961,6351,B-136,Burt's United Methodist Church,479583,,FP/GNAP/USDA,FOOD PANTRY-Agency,BLUE RECEIPT-SHL,C-28-90163,3,0,0,0.0,150,OGLETHORPE,0.0,3/19/2024 13:44,3/19/2024 12:19,Price Code 1,CUSTOMER PICKUP,False,Food Bank of Northeast Georgia,01,30627.0,Lexington,YUKON GOLD POTATOES,Potatoes 
433,173836,683,T-114,Thankful Baptist Church,477465,,FP/OP/GNAP/USDA,YOUTH-Agency,BLUE RECEIPT-SHL,W-16-10001,15,0,0,0.0,15,OGLETHORPE,0.0,1/30/2024 15:14,1/30/2024 10:53,Price Code 1,CUSTOMER PICKUP,False,Sharing Floor Athens,01-SH,30667.0,Stephens,MISC. FOOD BOX SHL,Food Misc.
451,178365,2414,L-105,Lexington Baptist Church,480981,,FP/GNAP/USDA,FOOD PANTRY-Agency,USDA,N-50-10244,13,0,0,0.0,468,OGLETHORPE,0.0,4/8/2024 14:30,4/11/2024 13:06,Price Code 1,TRUCK 1 MOBILE PANTRY,False,Food Bank of Northeast Georgia,01,30648.0,Lexington,USDA CANNED BEEF CCC,Proteins
713,176961,8874,B-136,Burt's United Methodist Church,479583,,FP/GNAP/USDA,FOOD PANTRY-Agency,YELLOW RECEIPT - SHN,F-10-10002,5,0,0,0.45,15,OGLETHORPE,0.03,3/19/2024 13:44,3/19/2024 12:19,Price Code 1,CUSTOMER PICKUP,False,Food Bank of Northeast Georgia,01,30627.0,Lexington,OUTSHINE TROPICAL SMOOTHIE CUBES,Beverages
433,179815,8974,T-114,Thankful Baptist Church,FAIMPORT482426,,FP/OP/GNAP/USDA,YOUTH-Agency,BLUE RECEIPT-SHL,MCW-04-10000,2,0,0,0.0,2,OGLETHORPE,0.0,4/26/2024 0:00,4/26/2024 0:00,Price Code 1,CUSTOMER PICKUP,False,Food Bank of Northeast Georgia,01,30667.0,Stephens,"BREAD AND BAKERY, SHL RETAIL PICKUPS",Grains
433,175502,8783,T-114,Thankful Baptist Church,478131,,FP/OP/GNAP/USDA,YOUTH-Agency,USDA,N-50-10308,13,0,0,0.0,299,OGLETHORPE,0.0,2/17/2024 7:00,2/17/2024 9:51,Price Code 1,TRUCK 1 MOBILE PANTRY,False,Food Bank of Northeast Georgia,01,30667.0,Stephens,USDA RAISINS,Fruits
1007,172831,8869,S-141,SWAG Ministries,476462,,FP/OP/USDA,FOOD PANTRY-Agency,YELLOW RECEIPT - SHN,N-20-10004,10,0,0,5.4,30,OGLETHORPE,0.18,1/19/2024 20:16,1/19/2024 9:15,Price Code 1,CUSTOMER PICKUP,False,Food Bank of Northeast Georgia,01,30630.0,Crawford,PAMPERS PREEMIE SWADDLERS,Non-Food Misc.
451,176144,8928,L-105,Lexington Baptist Church,478771,,FP/GNAP/USDA,FOOD PANTRY-Agency,BLUE RECEIPT-SHL,N-03-11803,3,0,0,0.0,48,OGLETHORPE,0.0,2/28/2024 14:30,2/28/2024 10:49,Price Code 1,CUSTOMER PICKUP,False,Food Bank of Northeast Georgia,01,30648.0,Lexington,GATORADE THIRST QUENCHER VAR PACK,Beverages
162,176625,8985,O-101,Oglethorpe County Senior Center,479248,,FP/OP/USDA,SENIOR-Agency,BLUE RECEIPT-SHL,C-14-90150,5,0,0,8.5,170,OGLETHORPE,0.05,3/7/2024 13:38,3/8/2024 12:51,Price Code 1,CUSTOMER PICKUP,False,Food Bank of Northeast Georgia,01,30630.0,Crawford,MINUTE MAID STRAWBERRY LEMONADE,Beverages
817,178738,9015,F2KOGL,Food 2 Kids Oglethorpe County,481352,,DIRECT ASSISTANCE,DIRECT ASSISTANCE-Agency,USDA,N-50-10314,4,0,0,0.0,196,OGLETHORPE,0.0,4/18/2024 15:30,4/24/2024 11:26,Price Code 1,TRUCK 1 MOBILE PANTRY,False,Food Bank of Northeast Georgia,01,30607.0,Athens,USDA RICE CCC,Grains
451,179561,683,L-105,Lexington Baptist Church,482174,,FP/GNAP/USDA,FOOD PANTRY-Agency,BLUE RECEIPT-SHL,W-16-10001,73,0,0,13.14,73,OGLETHORPE,0.18,4/24/2024 14:30,4/24/2024 11:47,Price Code 1,CUSTOMER PICKUP,False,Sharing Floor Athens,01-SH,30648.0,Lexington,MISC. FOOD BOX SHL,Food Misc.
1007,179516,170,S-141,SWAG Ministries,482129,,FP/OP/USDA,FOOD PANTRY-Agency,USDA,N-50-10007,2,0,0,10.08,56,OGLETHORPE,0.18,5/1/2024 15:42,5/8/2024 10:44,Price Code 1,CUSTOMER PICKUP,False,Food Bank of Northeast Georgia,01,30630.0,Crawford,"USDA CORN, WHOLE KERNEL NO SALT",Vegetables 
713,175990,8958,B-136,Burt's United Methodist Church,478618,,FP/GNAP/USDA,FOOD PANTRY-Agency,YELLOW RECEIPT - SHN,N-25-11957,1,0,0,0.54,3,OGLETHORPE,0.18,2/26/2024 13:44,2/26/2024 14:00,Price Code 1,CUSTOMER PICKUP,False,Food Bank of Northeast Georgia,01,30627.0,Lexington,WHEAT THINS BIG,Grains
433,179434,683,T-114,Thankful Baptist Church,482047,,FP/OP/GNAP/USDA,YOUTH-Agency,BLUE RECEIPT-SHL,W-16-10001,6,0,0,1.08,6,OGLETHORPE,0.18,4/23/2024 15:14,4/23/2024 10:37,Price Code 1,CUSTOMER PICKUP,False,Sharing Floor Athens,01-SH,30667.0,Stephens,MISC. FOOD BOX SHL,Food Misc.
940,173301,690,O-114,Oconee Baptist Church ,476930,,FOOD PANTRY,FOOD PANTRY-Agency,BLUE RECEIPT-SHL,W-03-10013,470,0,0,0.0,470,OGLETHORPE,0.0,1/19/2024 10:08,1/19/2024 10:10,Price Code 1,CONTACT FOR DELIVERY,False,Sharing Floor Athens,01-SH,30667.0,Stephens,"ASSORTED BEVERAGES, SHL",Beverages
451,175514,8512,L-105,Lexington Baptist Church,478143,,FP/GNAP/USDA,FOOD PANTRY-Agency,USDA,C-50-10049,54,0,0,0.0,2106,OGLETHORPE,0.0,2/12/2024 14:30,2/21/2024 12:42,Price Code 1,CUSTOMER PICKUP,False,Food Bank of Northeast Georgia,01,30648.0,Lexington,USDA GRAPEFRUIT CCC,Fruits
713,172822,3943,B-136,Burt's United Methodist Church,476453,,FP/GNAP/USDA,FOOD PANTRY-Agency,USDA,N-50-10268,7,0,0,7.98,266,OGLETHORPE,0.03,1/16/2024 13:44,1/16/2024 12:52,Price Code 1,CUSTOMER PICKUP,False,Food Bank of Northeast Georgia,01,30627.0,Lexington,USDA APPLE JUICE,Beverages
451,172481,5772,L-105,Lexington Baptist Church,476112,,FP/GNAP/USDA,FOOD PANTRY-Agency,LOCAL - LL,C-28-10000,150,0,0,4.5,150,OGLETHORPE,0.03,1/3/2024 14:30,1/3/2024 11:54,Price Code 1,CUSTOMER PICKUP,False,Sharing Floor Athens,01-SH,30648.0,Lexington,"PRODUCE, FRESH LL",Mixed Produce
713,172374,8895,B-136,Burt's United Methodist Church,476005,,FP/GNAP/USDA,FOOD PANTRY-Agency,LOCAL - LL,N-25-11949,2,0,0,0.72,4,OGLETHORPE,0.18,1/5/2024 13:44,1/26/2024 9:00,Price Code 1,CUSTOMER PICKUP,False,Food Bank of Northeast Georgia,01,30627.0,Lexington,THINFUL BIRTHDAY CAKE SNACK MIX,Food Misc.
451,181777,3712,L-105,Lexington Baptist Church,484381,,FP/GNAP/USDA,FOOD PANTRY-Agency,USDA,N-50-10266,13,0,0,0.0,351,OGLETHORPE,0.0,6/10/2024 14:30,6/13/2024 5:23,Price Code 1,TRUCK 1 MOBILE PANTRY,False,Food Bank of Northeast Georgia,01,30648.0,Lexington,USDA CANNED PINTO BEANS,Proteins
451,176927,6925,L-105,Lexington Baptist Church,479549,,FP/GNAP/USDA,FOOD PANTRY-Agency,BLUE RECEIPT-SHL,C-28-90401,28,0,0,0.0,1400,OGLETHORPE,0.0,3/11/2024 14:30,3/12/2024 9:29,Price Code 1,TRUCK 1 MOBILE PANTRY,False,Food Bank of Northeast Georgia,01,30648.0,Lexington,POTATOES,Potatoes 
451,176760,5958,L-105,Lexington Baptist Church,479383,,FP/GNAP/USDA,FOOD PANTRY-Agency,BLUE RECEIPT-SHL,C-16-10001,16,0,0,2.88,16,OGLETHORPE,0.18,3/6/2024 14:30,3/6/2024 11:44,Price Code 1,CUSTOMER PICKUP,False,Sharing Floor Athens,01-SH,30648.0,Lexington,"COOLER FOOD, MISC. SHL",Food Misc.
451,175288,875,L-105,Lexington Baptist Church,477917,,FP/GNAP/USDA,FOOD PANTRY-Agency,BLUE RECEIPT-SHL,W-04-10000,39,0,0,0.0,39,OGLETHORPE,0.0,2/7/2024 14:30,2/7/2024 11:40,Price Code 1,CUSTOMER PICKUP,False,Sharing Floor Athens,01-SH,30648.0,Lexington,"BREAD & BAKERY, ASSORTED SHL",Grains
433,175208,1045,T-114,Thankful Baptist Church,477837,,FP/OP/GNAP/USDA,YOUTH-Agency,BLUE RECEIPT-SHL,W-25-10009,25,0,0,4.5,25,OGLETHORPE,0.18,2/6/2024 15:14,2/6/2024 10:51,Price Code 1,CUSTOMER PICKUP,False,Sharing Floor Athens,01-SH,30667.0,Stephens,"ASSORTED SNACK ITEMS, SHL",Food Misc.
433,179147,8940,T-114,Thankful Baptist Church,481760,,FP/OP/GNAP/USDA,YOUTH-Agency,BLUE RECEIPT-SHL,C-28-90531,13,0,0,0.0,676,OGLETHORPE,0.0,4/20/2024 7:00,4/22/2024 13:45,Price Code 1,TRUCK 1 MOBILE PANTRY,False,Food Bank of Northeast Georgia,01,30667.0,Stephens,"CABBAGE, SHL 50#",Vegetables 
451,175304,4715,L-105,Lexington Baptist Church,477933,,FP/GNAP/USDA,FOOD PANTRY-Agency,USDA,F-50-90461,1,0,0,7.2,40,OGLETHORPE,0.18,2/12/2024 14:30,2/20/2024 13:43,Price Code 1,CUSTOMER PICKUP,False,Food Bank of Northeast Georgia,01,30648.0,Lexington,USDA ALASKAN POLLACK FISH FILLETS,Proteins
433,175502,842,T-114,Thankful Baptist Church,478131,,FP/OP/GNAP/USDA,YOUTH-Agency,USDA,N-50-10021,13,0,0,0.0,351,OGLETHORPE,0.0,2/17/2024 7:00,2/17/2024 9:51,Price Code 1,TRUCK 1 MOBILE PANTRY,False,Food Bank of Northeast Georgia,01,30667.0,Stephens,USDA DICED TOMATOES NO SALT CCC,Vegetables 
451,177653,5772,L-105,Lexington Baptist Church,480273,,FP/GNAP/USDA,FOOD PANTRY-Agency,LOCAL - LL,C-28-10000,32,0,0,0.96,32,OGLETHORPE,0.03,3/20/2024 14:30,3/20/2024 12:02,Price Code 1,CUSTOMER PICKUP,False,Sharing Floor Athens,01-SH,30648.0,Lexington,"PRODUCE, FRESH LL",Mixed Produce
433,173466,875,T-114,Thankful Baptist Church,477095,,FP/OP/GNAP/USDA,YOUTH-Agency,BLUE RECEIPT-SHL,W-04-10000,46,0,0,0.0,46,OGLETHORPE,0.0,1/23/2024 15:14,1/23/2024 10:42,Price Code 1,CUSTOMER PICKUP,False,Sharing Floor Athens,01-SH,30667.0,Stephens,"BREAD & BAKERY, ASSORTED SHL",Grains
1007,180322,9025,S-141,SWAG Ministries,482928,,FP/OP/USDA,FOOD PANTRY-Agency,YELLOW RECEIPT - SHN,N-11-11072,2,0,0,3.24,18,OGLETHORPE,0.18,5/15/2024 8:00,5/15/2024 9:35,Price Code 1,CUSTOMER PICKUP,False,Food Bank of Northeast Georgia,01,30630.0,Crawford,MRS BUTTERSWORTHS SMORES PANCAKE KIT,Food Misc.
451,178248,690,L-105,Lexington Baptist Church,480864,,FP/GNAP/USDA,FOOD PANTRY-Agency,BLUE RECEIPT-SHL,W-03-10013,98,0,0,0.0,98,OGLETHORPE,0.0,4/3/2024 14:30,4/3/2024 11:42,Price Code 1,CUSTOMER PICKUP,False,Sharing Floor Athens,01-SH,30648.0,Lexington,"ASSORTED BEVERAGES, SHL",Beverages
940,181788,8846,O-114,Oconee Baptist Church ,484392,,FOOD PANTRY,FOOD PANTRY-Agency,BLUE RECEIPT-SHL,N-03-11774,5,0,0,0.0,115,OGLETHORPE,0.0,6/6/2024 0:00,6/6/2024 11:37,Price Code 1,CONTACT FOR DELIVERY,False,Food Bank of Northeast Georgia,01,30667.0,Stephens,PURE LEAF UNSWEETENED TEA,Beverages
433,176047,8873,T-114,Thankful Baptist Church,478674,,FP/OP/GNAP/USDA,YOUTH-Agency,YELLOW RECEIPT - SHN,F-10-10001,5,0,0,0.45,15,OGLETHORPE,0.03,2/27/2024 15:14,2/27/2024 11:21,Price Code 1,CUSTOMER PICKUP,False,Food Bank of Northeast Georgia,01,30667.0,Stephens,OUTSHINE STRAWBERRY BANANA SMOOTHIE CUBES,Beverages
451,179561,696,L-105,Lexington Baptist Church,482174,,FP/GNAP/USDA,FOOD PANTRY-Agency,LOCAL - LL,W-25-10000,70,0,0,12.6,70,OGLETHORPE,0.18,4/24/2024 14:30,4/24/2024 11:47,Price Code 1,CUSTOMER PICKUP,False,Sharing Floor Athens,01-SH,30648.0,Lexington,"ASSORTED SNACK ITEMS, LL",Food Misc.
1007,175941,5958,S-141,SWAG Ministries,478569,,FP/OP/USDA,FOOD PANTRY-Agency,BLUE RECEIPT-SHL,C-16-10001,32,0,0,5.76,32,OGLETHORPE,0.18,2/21/2024 9:29,2/21/2024 9:37,Price Code 1,CUSTOMER PICKUP,False,Sharing Floor Athens,01-SH,30630.0,Crawford,"COOLER FOOD, MISC. SHL",Food Misc.
1007,172831,8720,S-141,SWAG Ministries,476462,,FP/OP/USDA,FOOD PANTRY-Agency,USDA,N-50-10305,4,0,0,10.08,56,OGLETHORPE,0.18,1/19/2024 20:16,1/19/2024 9:15,Price Code 1,CUSTOMER PICKUP,False,Food Bank of Northeast Georgia,01,30630.0,Crawford,USDA MIXED VEGETABLES CCC,Vegetables 
1007,181121,9061,S-141,SWAG Ministries,483726,,FP/OP/USDA,FOOD PANTRY-Agency,LOCAL - LL,N-25-11974,6,0,0,3.24,18,OGLETHORPE,0.18,5/29/2024 10:30,5/29/2024 10:52,Price Code 1,CUSTOMER PICKUP,False,Food Bank of Northeast Georgia,01,30630.0,Crawford,DOVE DARK CHOCOLATE & SEA SALT CARAMEL,Food Misc.
713,180394,6655,B-136,Burt's United Methodist Church,483000,,FP/GNAP/USDA,FOOD PANTRY-Agency,LOCAL - LL,C-28-90413,2,0,0,0.0,100,OGLETHORPE,0.0,5/13/2024 9:15,5/13/2024 10:47,Price Code 1,CUSTOMER PICKUP,False,Food Bank of Northeast Georgia,01,30627.0,Lexington,CABBAGE,Vegetables 
1007,173524,690,S-141,SWAG Ministries,477153,,FP/OP/USDA,FOOD PANTRY-Agency,BLUE RECEIPT-SHL,W-03-10013,58,0,0,0.0,58,OGLETHORPE,0.0,1/24/2024 9:33,1/24/2024 9:37,Price Code 1,CUSTOMER PICKUP,False,Sharing Floor Athens,01-SH,30630.0,Crawford,"ASSORTED BEVERAGES, SHL",Beverages
451,173918,5938,L-105,Lexington Baptist Church,477547,,FP/GNAP/USDA,FOOD PANTRY-Agency,BLUE RECEIPT-SHL,C-28-10001,117,0,0,3.51,117,OGLETHORPE,0.03,1/31/2024 14:30,1/31/2024 12:05,Price Code 1,CUSTOMER PICKUP,False,Sharing Floor Athens,01-SH,30648.0,Lexington,"PRODUCE, FRESH SHL",Mixed Produce
451,175294,8834,L-105,Lexington Baptist Church,477923,,FP/GNAP/USDA,FOOD PANTRY-Agency,BLUE RECEIPT-SHL,N-03-11770,4,0,0,1.2,40,OGLETHORPE,0.03,2/12/2024 14:30,2/12/2024 12:27,Price Code 1,CUSTOMER PICKUP,False,Food Bank of Northeast Georgia,01,30648.0,Lexington,MT DEW ZERO SUGAR,Beverages
451,175514,875,L-105,Lexington Baptist Church,478143,,FP/GNAP/USDA,FOOD PANTRY-Agency,BLUE RECEIPT-SHL,W-04-10000,206,0,0,0.0,206,OGLETHORPE,0.0,2/12/2024 14:30,2/21/2024 12:42,Price Code 1,CUSTOMER PICKUP,False,Food Bank of Northeast Georgia,01,30648.0,Lexington,"BREAD & BAKERY, ASSORTED SHL",Grains
451,172481,875,L-105,Lexington Baptist Church,476112,,FP/GNAP/USDA,FOOD PANTRY-Agency,BLUE RECEIPT-SHL,W-04-10000,79,0,0,0.0,79,OGLETHORPE,0.0,1/3/2024 14:30,1/3/2024 11:54,Price Code 1,CUSTOMER PICKUP,False,Sharing Floor Athens,01-SH,30648.0,Lexington,"BREAD & BAKERY, ASSORTED SHL",Grains
940,173299,5477,O-114,Oconee Baptist Church ,476928,,FOOD PANTRY,FOOD PANTRY-Agency,LOCAL - LL,F-15-10001,432,0,0,77.76,432,OGLETHORPE,0.18,1/19/2024 9:43,1/19/2024 9:54,Price Code 1,CONTACT FOR DELIVERY,False,Sharing Floor Athens,01-SH,30667.0,Stephens,"MEAT & SEAFOOD, FROZEN LOCAL",Proteins
162,177595,8976,O-101,Oglethorpe County Senior Center,FAIMPORT480215,,FP/OP/USDA,SENIOR-Agency,BLUE RECEIPT-SHL,MCC-28-10001,12,0,0,0.0,12,OGLETHORPE,0.0,3/18/2024 0:00,3/18/2024 0:00,Price Code 1,CUSTOMER PICKUP,False,Food Bank of Northeast Georgia,01,30630.0,Crawford,"PRODUCE, SHL RETAIL PICKUPS",Mixed Produce
162,180481,8976,O-101,Oglethorpe County Senior Center,FAIMPORT483087,,FP/OP/USDA,SENIOR-Agency,BLUE RECEIPT-SHL,MCC-28-10001,73,0,0,0.0,73,OGLETHORPE,0.0,5/3/2024 0:00,5/3/2024 0:00,Price Code 1,CUSTOMER PICKUP,False,Food Bank of Northeast Georgia,01,30630.0,Crawford,"PRODUCE, SHL RETAIL PICKUPS",Mixed Produce
162,173449,5088,O-101,Oglethorpe County Senior Center,477078,,FP/OP/USDA,SENIOR-Agency,USDA,F-50-90023,5,0,0,0.0,125,OGLETHORPE,0.0,1/25/2024 13:38,1/25/2024 14:30,Price Code 1,CUSTOMER PICKUP,False,Food Bank of Northeast Georgia,01,30630.0,Crawford,USDA FROZEN PEACHES CCC,Fruits
433,179147,4737,T-114,Thankful Baptist Church,481760,,FP/OP/GNAP/USDA,YOUTH-Agency,USDA,F-50-90456,40,0,0,0.0,1600,OGLETHORPE,0.0,4/20/2024 7:00,4/22/2024 13:45,Price Code 1,TRUCK 1 MOBILE PANTRY,False,Food Bank of Northeast Georgia,01,30667.0,Stephens,USDA PORK PATTY,Proteins
451,176927,1791,L-105,Lexington Baptist Church,479549,,FP/GNAP/USDA,FOOD PANTRY-Agency,USDA,N-50-10079,13,0,0,0.0,338,OGLETHORPE,0.0,3/11/2024 14:30,3/12/2024 9:29,Price Code 1,TRUCK 1 MOBILE PANTRY,False,Food Bank of Northeast Georgia,01,30648.0,Lexington,USDA WALNUT HALVES AND PIECES,Proteins
451,182027,875,L-105,Lexington Baptist Church,484631,,FP/GNAP/USDA,FOOD PANTRY-Agency,BLUE RECEIPT-SHL,W-04-10000,36,0,0,0.0,36,OGLETHORPE,0.0,6/7/2024 14:30,6/7/2024 11:12,Price Code 1,CUSTOMER PICKUP,False,Sharing Floor Athens,01-SH,30648.0,Lexington,"BREAD & BAKERY, ASSORTED SHL",Grains
433,181784,5938,T-114,Thankful Baptist Church,484388,,FP/OP/GNAP/USDA,YOUTH-Agency,BLUE RECEIPT-SHL,C-28-10001,2400,0,0,0.0,2400,OGLETHORPE,0.0,6/15/2024 7:00,6/15/2024 9:53,Price Code 1,TRUCK 1 MOBILE PANTRY,False,Food Bank of Northeast Georgia,01,30667.0,Stephens,"PRODUCE, FRESH SHL",Mixed Produce
451,175697,170,L-105,Lexington Baptist Church,478325,,FP/GNAP/USDA,FOOD PANTRY-Agency,USDA,N-50-10007,13,0,0,0.0,364,OGLETHORPE,0.0,2/12/2024 14:30,2/15/2024 11:13,Price Code 1,TRUCK 1 MOBILE PANTRY,False,Food Bank of Northeast Georgia,01,30648.0,Lexington,"USDA CORN, WHOLE KERNEL NO SALT",Vegetables 
817,181458,9043,F2KOGL,Food 2 Kids Oglethorpe County,484062,,DIRECT ASSISTANCE,DIRECT ASSISTANCE-Agency,GNAP,N-40-10277,3,0,0,0.0,24,OGLETHORPE,0.0,5/30/2024 12:00,5/31/2024 14:15,Price Code 1,CUSTOMER PICKUP,False,Food Bank of Northeast Georgia,01,30607.0,Athens,GNAP DELUXE SHELLS & CHEESE,Prepared Meals
713,178774,8997,B-136,Burt's United Methodist Church,481388,,FP/GNAP/USDA,FOOD PANTRY-Agency,USDA,N-50-10312,4,0,0,8.64,48,OGLETHORPE,0.18,4/16/2024 13:44,4/17/2024 10:03,Price Code 1,CUSTOMER PICKUP,False,Food Bank of Northeast Georgia,01,30627.0,Lexington,USDA CHILI W/ BEANS CCC,Prepared Meals
1007,180994,9064,S-141,SWAG Ministries,483599,,FP/OP/USDA,FOOD PANTRY-Agency,LOCAL - LL,N-25-11977,2,0,0,1.08,6,OGLETHORPE,0.18,5/29/2024 10:00,5/30/2024 7:19,Price Code 1,CUSTOMER PICKUP,False,Food Bank of Northeast Georgia,01,30630.0,Crawford,RAP SNACKS HOT CRUNCHABLES,Food Misc.
451,172692,4327,L-105,Lexington Baptist Church,476323,,FP/GNAP/USDA,FOOD PANTRY-Agency,USDA,N-50-10277,13,0,0,0.0,351,OGLETHORPE,0.0,1/8/2024 14:30,1/16/2024 8:14,Price Code 1,TRUCK 1 MOBILE PANTRY,False,Food Bank of Northeast Georgia,01,30648.0,Lexington,USDA GARBANZO BEANS,Proteins
817,177251,8620,F2KOGL,Food 2 Kids Oglethorpe County,479871,,DIRECT ASSISTANCE,DIRECT ASSISTANCE-Agency,GNAP,N-40-10260,3,0,0,0.0,54,OGLETHORPE,0.0,3/21/2024 15:30,3/27/2024 10:00,Price Code 1,CUSTOMER PICKUP,False,Food Bank of Northeast Georgia,01,30607.0,Athens,GNAP CREAM OF CHICKEN SOUP,Prepared Meals
940,178184,8971,O-114,Oconee Baptist Church ,FAIMPORT480802,,FOOD PANTRY,FOOD PANTRY-Agency,BLUE RECEIPT-SHL,MCF-16-10001,8,0,0,0.0,8,OGLETHORPE,0.0,3/26/2024 0:00,3/26/2024 0:00,Price Code 1,CONTACT FOR DELIVERY,False,Food Bank of Northeast Georgia,01,30667.0,Stephens,"FROZEN FOODS, MISC SHL RETAIL PICKUP",Food Misc.
451,180869,1045,L-105,Lexington Baptist Church,483475,,FP/GNAP/USDA,FOOD PANTRY-Agency,BLUE RECEIPT-SHL,W-25-10009,21,0,0,3.78,21,OGLETHORPE,0.18,5/15/2024 14:30,5/15/2024 11:33,Price Code 1,CUSTOMER PICKUP,False,Sharing Floor Athens,01-SH,30648.0,Lexington,"ASSORTED SNACK ITEMS, SHL",Food Misc.
433,181446,683,T-114,Thankful Baptist Church,484050,,FP/OP/GNAP/USDA,YOUTH-Agency,BLUE RECEIPT-SHL,W-16-10001,33,0,0,5.94,33,OGLETHORPE,0.18,5/28/2024 15:14,5/28/2024 10:58,Price Code 1,CUSTOMER PICKUP,False,Sharing Floor Athens,01-SH,30667.0,Stephens,MISC. FOOD BOX SHL,Food Misc.
451,181198,5938,L-105,Lexington Baptist Church,483803,,FP/GNAP/USDA,FOOD PANTRY-Agency,BLUE RECEIPT-SHL,C-28-10001,8,0,0,0.24,8,OGLETHORPE,0.03,5/22/2024 14:30,5/22/2024 11:52,Price Code 1,CUSTOMER PICKUP,False,Sharing Floor Athens,01-SH,30648.0,Lexington,"PRODUCE, FRESH SHL",Mixed Produce
451,181753,3943,L-105,Lexington Baptist Church,484357,,FP/GNAP/USDA,FOOD PANTRY-Agency,USDA,N-50-10268,1,0,0,1.14,38,OGLETHORPE,0.03,6/7/2024 12:00,6/18/2024 14:23,Price Code 1,CUSTOMER PICKUP,False,Food Bank of Northeast Georgia,01,30648.0,Lexington,USDA APPLE JUICE,Beverages
713,180394,7083,B-136,Burt's United Methodist Church,483000,,FP/GNAP/USDA,FOOD PANTRY-Agency,USDA,C-50-10029,4,0,0,8.64,48,OGLETHORPE,0.18,5/13/2024 9:15,5/13/2024 10:47,Price Code 1,CUSTOMER PICKUP,False,Food Bank of Northeast Georgia,01,30627.0,Lexington,"USDA MILD CHEDDAR CHEESE, BLOCK CCC",Dairy
162,178217,8973,O-101,Oglethorpe County Senior Center,FAIMPORT480835,,FP/OP/USDA,SENIOR-Agency,BLUE RECEIPT-SHL,MCC-16-10001,52,0,0,0.0,52,OGLETHORPE,0.0,3/25/2024 0:00,3/25/2024 0:00,Price Code 1,CUSTOMER PICKUP,False,Food Bank of Northeast Georgia,01,30630.0,Crawford,"COOLER FOOD MISC., SHL RETAIL PICKUP",Food Misc.
451,178344,8929,L-105,Lexington Baptist Church,480960,,FP/GNAP/USDA,FOOD PANTRY-Agency,BLUE RECEIPT-SHL,N-03-11804,1,0,0,0.0,18,OGLETHORPE,0.0,4/9/2024 14:30,4/17/2024 10:56,Price Code 1,CUSTOMER PICKUP,False,Food Bank of Northeast Georgia,01,30648.0,Lexington,GATORADE GRAPE LOWER SUGAR,Beverages
817,178732,4449,F2KOGL,Food 2 Kids Oglethorpe County,481346,,DIRECT ASSISTANCE,DIRECT ASSISTANCE-Agency,USDA,F-50-90445,6,0,0,0.0,246,OGLETHORPE,0.0,4/18/2024 15:00,4/24/2024 11:39,Price Code 1,TRUCK 1 MOBILE PANTRY,False,Food Bank of Northeast Georgia,01,30607.0,Athens,USDA FULLY COOKED PULLED PORK CCC,Proteins
940,177276,8940,O-114,Oconee Baptist Church ,479896,,FOOD PANTRY,FOOD PANTRY-Agency,BLUE RECEIPT-SHL,C-28-90531,9,0,0,0.0,468,OGLETHORPE,0.0,3/15/2024 18:27,3/15/2024 9:40,Price Code 1,CONTACT FOR DELIVERY,False,Food Bank of Northeast Georgia,01,30667.0,Stephens,"CABBAGE, SHL 50#",Vegetables 
433,177882,690,T-114,Thankful Baptist Church,480501,,FP/OP/GNAP/USDA,YOUTH-Agency,BLUE RECEIPT-SHL,W-03-10013,65,0,0,0.0,65,OGLETHORPE,0.0,3/26/2024 15:14,3/26/2024 11:03,Price Code 1,CUSTOMER PICKUP,False,Sharing Floor Athens,01-SH,30667.0,Stephens,"ASSORTED BEVERAGES, SHL",Beverages
1007,180411,5407,S-141,SWAG Ministries,483017,,FP/OP/USDA,FOOD PANTRY-Agency,BLUE RECEIPT-SHL,F-15-10000,97,0,0,17.46,97,OGLETHORPE,0.18,5/8/2024 9:37,5/8/2024 9:44,Price Code 1,CUSTOMER PICKUP,False,Sharing Floor Athens,01-SH,30630.0,Crawford,"MEAT & SEAFOOD, FROZEN SHL",Proteins
433,181880,5407,T-114,Thankful Baptist Church,484484,,FP/OP/GNAP/USDA,YOUTH-Agency,BLUE RECEIPT-SHL,F-15-10000,32,0,0,5.76,32,OGLETHORPE,0.18,6/4/2024 15:14,6/4/2024 10:58,Price Code 1,CUSTOMER PICKUP,False,Sharing Floor Athens,01-SH,30667.0,Stephens,"MEAT & SEAFOOD, FROZEN SHL",Proteins
1007,180322,8512,S-141,SWAG Ministries,482928,,FP/OP/USDA,FOOD PANTRY-Agency,USDA,C-50-10049,1,0,0,0.0,39,OGLETHORPE,0.0,5/15/2024 8:00,5/15/2024 9:35,Price Code 1,CUSTOMER PICKUP,False,Food Bank of Northeast Georgia,01,30630.0,Crawford,USDA GRAPEFRUIT CCC,Fruits
816,176203,5681,S-135,Sonlight Baptist Church,478829,,FOOD PANTRY,FOOD PANTRY-Agency,LOCAL - LL,C-16-10000,37,0,0,6.66,37,OGLETHORPE,0.18,2/26/2024 12:22,2/26/2024 11:00,Price Code 1,CUSTOMER PICKUP,False,Sharing Floor Athens,01-SH,30628.0,Colbert,"COOLER FOOD, MISC. LL",Food Misc.
433,176686,683,T-114,Thankful Baptist Church,479309,,FP/OP/GNAP/USDA,YOUTH-Agency,BLUE RECEIPT-SHL,W-16-10001,38,0,0,6.84,38,OGLETHORPE,0.18,3/5/2024 15:14,3/5/2024 10:38,Price Code 1,CUSTOMER PICKUP,False,Sharing Floor Athens,01-SH,30667.0,Stephens,MISC. FOOD BOX SHL,Food Misc.
433,173781,8907,T-114,Thankful Baptist Church,477410,,FP/OP/GNAP/USDA,YOUTH-Agency,GNAP,N-40-10267,1,0,0,1.3,13,OGLETHORPE,0.1,2/6/2024 15:14,2/6/2024 11:20,Price Code 1,CUSTOMER PICKUP,False,Food Bank of Northeast Georgia,01,30667.0,Stephens,GNAP SPAGHETTI W/ MEATBALLS,Prepared Meals
433,179866,5407,T-114,Thankful Baptist Church,482477,,FP/OP/GNAP/USDA,YOUTH-Agency,BLUE RECEIPT-SHL,F-15-10000,45,0,0,8.1,45,OGLETHORPE,0.18,4/30/2024 15:14,4/30/2024 10:53,Price Code 1,CUSTOMER PICKUP,False,Sharing Floor Athens,01-SH,30667.0,Stephens,"MEAT & SEAFOOD, FROZEN SHL",Proteins
451,179963,5407,L-105,Lexington Baptist Church,482572,,FP/GNAP/USDA,FOOD PANTRY-Agency,BLUE RECEIPT-SHL,F-15-10000,35,0,0,6.3,35,OGLETHORPE,0.18,5/1/2024 14:30,5/1/2024 11:39,Price Code 1,CUSTOMER PICKUP,False,Sharing Floor Athens,01-SH,30648.0,Lexington,"MEAT & SEAFOOD, FROZEN SHL",Proteins
162,176819,8973,O-101,Oglethorpe County Senior Center,FAIMPORT479441,,FP/OP/USDA,SENIOR-Agency,BLUE RECEIPT-SHL,MCC-16-10001,33,0,0,0.0,33,OGLETHORPE,0.0,3/4/2024 0:00,3/4/2024 0:00,Price Code 1,CUSTOMER PICKUP,False,Food Bank of Northeast Georgia,01,30630.0,Crawford,"COOLER FOOD MISC., SHL RETAIL PICKUP",Food Misc.
451,173549,690,L-105,Lexington Baptist Church,477178,,FP/GNAP/USDA,FOOD PANTRY-Agency,BLUE RECEIPT-SHL,W-03-10013,213,0,0,0.0,213,OGLETHORPE,0.0,1/24/2024 14:30,1/24/2024 12:07,Price Code 1,CUSTOMER PICKUP,False,Sharing Floor Athens,01-SH,30648.0,Lexington,"ASSORTED BEVERAGES, SHL",Beverages
1007,181916,696,S-141,SWAG Ministries,484520,,FP/OP/USDA,FOOD PANTRY-Agency,LOCAL - LL,W-25-10000,89,0,0,8.01,89,OGLETHORPE,0.09,6/5/2024 9:27,6/5/2024 9:32,Price Code 1,CUSTOMER PICKUP,False,Sharing Floor Athens,01-SH,30630.0,Crawford,"ASSORTED SNACK ITEMS, LL",Food Misc.
162,182139,8976,O-101,Oglethorpe County Senior Center,FAIMPORT484743,,FP/OP/USDA,SENIOR-Agency,BLUE RECEIPT-SHL,MCC-28-10001,90,0,0,0.0,90,OGLETHORPE,0.0,6/6/2024 0:00,6/6/2024 0:00,Price Code 1,CUSTOMER PICKUP,False,Food Bank of Northeast Georgia,01,30630.0,Crawford,"PRODUCE, SHL RETAIL PICKUPS",Mixed Produce
817,178738,4448,F2KOGL,Food 2 Kids Oglethorpe County,481352,,DIRECT ASSISTANCE,DIRECT ASSISTANCE-Agency,USDA,F-50-90446,2,0,0,0.0,56,OGLETHORPE,0.0,4/18/2024 15:30,4/24/2024 11:26,Price Code 1,TRUCK 1 MOBILE PANTRY,False,Food Bank of Northeast Georgia,01,30607.0,Athens,USDA FROZEN STRAWBERRY FRUIT CUPS,Fruits
433,180942,688,T-114,Thankful Baptist Church,483548,,FP/OP/GNAP/USDA,YOUTH-Agency,BLUE RECEIPT-SHL,W-01-10000,3,0,0,0.54,3,OGLETHORPE,0.18,5/16/2024 15:14,5/16/2024 11:45,Price Code 1,CUSTOMER PICKUP,False,Sharing Floor Athens,01-SH,30667.0,Stephens,"ASSORTED NON-FOOD ITEMS, SHL",Non-Food Misc.
940,181263,8973,O-114,Oconee Baptist Church ,FAIMPORT483868,,FOOD PANTRY,FOOD PANTRY-Agency,BLUE RECEIPT-SHL,MCC-16-10001,69,0,0,0.0,69,OGLETHORPE,0.0,5/16/2024 0:00,5/16/2024 0:00,Price Code 1,CONTACT FOR DELIVERY,False,Food Bank of Northeast Georgia,01,30667.0,Stephens,"COOLER FOOD MISC., SHL RETAIL PICKUP",Food Misc.
451,176365,5407,L-105,Lexington Baptist Church,478990,,FP/GNAP/USDA,FOOD PANTRY-Agency,BLUE RECEIPT-SHL,F-15-10000,23,0,0,4.14,23,OGLETHORPE,0.18,2/28/2024 14:30,2/28/2024 12:01,Price Code 1,CUSTOMER PICKUP,False,Sharing Floor Athens,01-SH,30648.0,Lexington,"MEAT & SEAFOOD, FROZEN SHL",Proteins
433,178902,8970,T-114,Thankful Baptist Church,FAIMPORT481516,,FP/OP/GNAP/USDA,YOUTH-Agency,BLUE RECEIPT-SHL,MCW-16-10001,31,0,0,0.0,31,OGLETHORPE,0.0,4/12/2024 0:00,4/12/2024 0:00,Price Code 1,CUSTOMER PICKUP,False,Food Bank of Northeast Georgia,01,30667.0,Stephens,"MISC. FOOD BOX, SHL RETAIL PICKUP",Food Misc.
1007,181184,5938,S-141,SWAG Ministries,483789,,FP/OP/USDA,FOOD PANTRY-Agency,BLUE RECEIPT-SHL,C-28-10001,58,0,0,1.74,58,OGLETHORPE,0.03,5/22/2024 9:45,5/22/2024 9:52,Price Code 1,CUSTOMER PICKUP,False,Sharing Floor Athens,01-SH,30630.0,Crawford,"PRODUCE, FRESH SHL",Mixed Produce
940,177276,8943,O-114,Oconee Baptist Church ,479896,,FOOD PANTRY,FOOD PANTRY-Agency,BLUE RECEIPT-SHL,C-28-90534,9,0,0,0.0,378,OGLETHORPE,0.0,3/15/2024 18:27,3/15/2024 9:40,Price Code 1,CONTACT FOR DELIVERY,False,Food Bank of Northeast Georgia,01,30667.0,Stephens,"SWEET POTATO, SHL",Potatoes 
940,179788,8986,O-114,Oconee Baptist Church ,FAIMPORT482401,,FOOD PANTRY,FOOD PANTRY-Agency,BLUE RECEIPT-SHL,MCW-01-10001,4400,0,0,0.0,4400,OGLETHORPE,0.0,4/25/2024 0:00,4/25/2024 0:00,Price Code 1,CONTACT FOR DELIVERY,False,Food Bank of Northeast Georgia,01,30667.0,Stephens,"NON-FOOD ITEMS, SHL RETAIL PICKUPS",Non-Food Misc.
433,181880,875,T-114,Thankful Baptist Church,484484,,FP/OP/GNAP/USDA,YOUTH-Agency,BLUE RECEIPT-SHL,W-04-10000,5,0,0,0.0,5,OGLETHORPE,0.0,6/4/2024 15:14,6/4/2024 10:58,Price Code 1,CUSTOMER PICKUP,False,Sharing Floor Athens,01-SH,30667.0,Stephens,"BREAD & BAKERY, ASSORTED SHL",Grains
940,174992,5958,O-114,Oconee Baptist Church ,477622,,FOOD PANTRY,FOOD PANTRY-Agency,BLUE RECEIPT-SHL,C-16-10001,56,0,0,10.08,56,OGLETHORPE,0.18,2/1/2024 14:29,2/1/2024 14:41,Price Code 1,CONTACT FOR DELIVERY,False,Sharing Floor Athens,01-SH,30667.0,Stephens,"COOLER FOOD, MISC. SHL",Food Misc.
162,173307,8915,O-101,Oglethorpe County Senior Center,476936,,FP/OP/USDA,SENIOR-Agency,USDA,F-50-90474,1,0,0,7.2,40,OGLETHORPE,0.18,1/24/2024 13:38,1/25/2024 14:31,Price Code 1,CUSTOMER PICKUP,False,Food Bank of Northeast Georgia,01,30630.0,Crawford,USDA PACIFIC SALAD SHRIMP,Proteins
451,178365,8997,L-105,Lexington Baptist Church,480981,,FP/GNAP/USDA,FOOD PANTRY-Agency,USDA,N-50-10312,25,0,0,0.0,300,OGLETHORPE,0.0,4/8/2024 14:30,4/11/2024 13:06,Price Code 1,TRUCK 1 MOBILE PANTRY,False,Food Bank of Northeast Georgia,01,30648.0,Lexington,USDA CHILI W/ BEANS CCC,Prepared Meals
433,172458,8891,T-114,Thankful Baptist Church,476089,,FP/OP/GNAP/USDA,YOUTH-Agency,LFB,N-01-90133,5,0,0,9.0,50,OGLETHORPE,0.18,1/8/2024 15:14,1/9/2024 8:58,Price Code 1,CUSTOMER PICKUP,False,Food Bank of Northeast Georgia,01,30667.0,Stephens,PULUPS 4T/5T,Non-Food Misc.
162,182651,8976,O-101,Oglethorpe County Senior Center,FAIMPORT485254,,FP/OP/USDA,SENIOR-Agency,BLUE RECEIPT-SHL,MCC-28-10001,3,0,0,0.0,3,OGLETHORPE,0.0,6/27/2024 0:00,6/27/2024 0:00,Price Code 1,CUSTOMER PICKUP,False,Food Bank of Northeast Georgia,01,30630.0,Crawford,"PRODUCE, SHL RETAIL PICKUPS",Mixed Produce
1007,176749,690,S-141,SWAG Ministries,479372,,FP/OP/USDA,FOOD PANTRY-Agency,BLUE RECEIPT-SHL,W-03-10013,34,0,0,0.0,34,OGLETHORPE,0.0,3/6/2024 9:39,3/6/2024 9:47,Price Code 1,CUSTOMER PICKUP,False,Sharing Floor Athens,01-SH,30630.0,Crawford,"ASSORTED BEVERAGES, SHL",Beverages
451,181753,4448,L-105,Lexington Baptist Church,484357,,FP/GNAP/USDA,FOOD PANTRY-Agency,USDA,F-50-90446,1,0,0,0.0,28,OGLETHORPE,0.0,6/7/2024 12:00,6/18/2024 14:23,Price Code 1,CUSTOMER PICKUP,False,Food Bank of Northeast Georgia,01,30648.0,Lexington,USDA FROZEN STRAWBERRY FRUIT CUPS,Fruits
162,176625,1791,O-101,Oglethorpe County Senior Center,479248,,FP/OP/USDA,SENIOR-Agency,USDA,N-50-10079,1,0,0,4.68,26,OGLETHORPE,0.18,3/7/2024 13:38,3/8/2024 12:51,Price Code 1,CUSTOMER PICKUP,False,Food Bank of Northeast Georgia,01,30630.0,Crawford,USDA WALNUT HALVES AND PIECES,Proteins
940,176504,690,O-114,Oconee Baptist Church ,479128,,FOOD PANTRY,FOOD PANTRY-Agency,BLUE RECEIPT-SHL,W-03-10013,292,0,0,0.0,292,OGLETHORPE,0.0,3/1/2024 10:00,3/1/2024 10:12,Price Code 1,CONTACT FOR DELIVERY,False,Sharing Floor Athens,01-SH,30667.0,Stephens,"ASSORTED BEVERAGES, SHL",Beverages
433,181784,4269,T-114,Thankful Baptist Church,484388,,FP/OP/GNAP/USDA,YOUTH-Agency,USDA,N-50-10273,25,0,0,0.0,600,OGLETHORPE,0.0,6/15/2024 7:00,6/15/2024 9:53,Price Code 1,TRUCK 1 MOBILE PANTRY,False,Food Bank of Northeast Georgia,01,30667.0,Stephens,USDA DRY NAVY BEANS CCC,Proteins
451,175288,683,L-105,Lexington Baptist Church,477917,,FP/GNAP/USDA,FOOD PANTRY-Agency,BLUE RECEIPT-SHL,W-16-10001,33,0,0,5.94,33,OGLETHORPE,0.18,2/7/2024 14:30,2/7/2024 11:40,Price Code 1,CUSTOMER PICKUP,False,Sharing Floor Athens,01-SH,30648.0,Lexington,MISC. FOOD BOX SHL,Food Misc.
1007,176243,8957,S-141,SWAG Ministries,478869,,FP/OP/USDA,FOOD PANTRY-Agency,YELLOW RECEIPT - SHN,N-25-11956,4,0,0,2.88,16,OGLETHORPE,0.18,3/6/2024 21:40,3/6/2024 9:02,Price Code 1,CUSTOMER PICKUP,False,Food Bank of Northeast Georgia,01,30630.0,Crawford,HONEYMAID GRAHAM CRACKERS,Food Misc.
451,181689,5407,L-105,Lexington Baptist Church,484293,,FP/GNAP/USDA,FOOD PANTRY-Agency,BLUE RECEIPT-SHL,F-15-10000,77,0,0,13.86,77,OGLETHORPE,0.18,5/31/2024 14:30,5/31/2024 11:56,Price Code 1,CUSTOMER PICKUP,False,Sharing Floor Athens,01-SH,30648.0,Lexington,"MEAT & SEAFOOD, FROZEN SHL",Proteins
451,180426,690,L-105,Lexington Baptist Church,483032,,FP/GNAP/USDA,FOOD PANTRY-Agency,BLUE RECEIPT-SHL,W-03-10013,46,0,0,0.0,46,OGLETHORPE,0.0,5/8/2024 14:30,5/8/2024 11:51,Price Code 1,CUSTOMER PICKUP,False,Sharing Floor Athens,01-SH,30648.0,Lexington,"ASSORTED BEVERAGES, SHL",Beverages
566,180951,5938,MSFP-OGL,Oglethorpe School Food Pantry,483557,,FOOD PANTRY,DIRECT ASSISTANCE-Agency,BLUE RECEIPT-SHL,C-28-10001,2656,0,0,0.0,2656,OGLETHORPE,0.0,5/16/2024 15:00,5/16/2024 14:06,Mobile Pantry/Feed Site Only,TRUCK 1 MOBILE PANTRY,False,Food Bank of Northeast Georgia,01,30630.0,Crawford,"PRODUCE, FRESH SHL",Mixed Produce
433,175502,8914,T-114,Thankful Baptist Church,478131,,FP/OP/GNAP/USDA,YOUTH-Agency,USDA,N-50-10310,13,0,0,0.0,351,OGLETHORPE,0.0,2/17/2024 7:00,2/17/2024 9:51,Price Code 1,TRUCK 1 MOBILE PANTRY,False,Food Bank of Northeast Georgia,01,30667.0,Stephens,USDA DICED POTATOES,Potatoes 
451,179963,5938,L-105,Lexington Baptist Church,482572,,FP/GNAP/USDA,FOOD PANTRY-Agency,BLUE RECEIPT-SHL,C-28-10001,154,0,0,4.62,154,OGLETHORPE,0.03,5/1/2024 14:30,5/1/2024 11:39,Price Code 1,CUSTOMER PICKUP,False,Sharing Floor Athens,01-SH,30648.0,Lexington,"PRODUCE, FRESH SHL",Mixed Produce
451,179561,235,L-105,Lexington Baptist Church,482174,,FP/GNAP/USDA,FOOD PANTRY-Agency,LOCAL - LL,W-03-10012,55,0,0,0.0,55,OGLETHORPE,0.0,4/24/2024 14:30,4/24/2024 11:47,Price Code 1,CUSTOMER PICKUP,False,Sharing Floor Athens,01-SH,30648.0,Lexington,"ASSORTED BEVERAGES, LL",Beverages
1007,172831,8882,S-141,SWAG Ministries,476462,,FP/OP/USDA,FOOD PANTRY-Agency,BLUE RECEIPT-SHL,F-15-90548,3,0,0,4.86,27,OGLETHORPE,0.18,1/19/2024 20:16,1/19/2024 9:15,Price Code 1,CUSTOMER PICKUP,False,Food Bank of Northeast Georgia,01,30630.0,Crawford,"GROUND TURKEY BREAST, KIRKWOOD",Proteins
713,176961,6937,B-136,Burt's United Methodist Church,479583,,FP/GNAP/USDA,FOOD PANTRY-Agency,BLUE RECEIPT-SHL,C-28-90385,3,0,0,0.0,156,OGLETHORPE,0.0,3/19/2024 13:44,3/19/2024 12:19,Price Code 1,CUSTOMER PICKUP,False,Food Bank of Northeast Georgia,01,30627.0,Lexington,CELERY,Vegetables 
433,181309,8986,T-114,Thankful Baptist Church,FAIMPORT483913,,FP/OP/GNAP/USDA,YOUTH-Agency,BLUE RECEIPT-SHL,MCW-01-10001,32,0,0,0.0,32,OGLETHORPE,0.0,5/17/2024 0:00,5/17/2024 0:00,Price Code 1,CUSTOMER PICKUP,False,Food Bank of Northeast Georgia,01,30667.0,Stephens,"NON-FOOD ITEMS, SHL RETAIL PICKUPS",Non-Food Misc.
451,181053,9059,L-105,Lexington Baptist Church,483658,,FP/GNAP/USDA,FOOD PANTRY-Agency,LOCAL - LL,F-16-90438,2,0,0,1.44,8,OGLETHORPE,0.18,5/22/2024 10:00,5/22/2024 10:39,Price Code 1,CUSTOMER PICKUP,False,Food Bank of Northeast Georgia,01,30648.0,Lexington,OSCAR MAYER MAPLE SAUSAGE ROLLERS,Food Misc.
1007,179091,92,S-141,SWAG Ministries,481705,,FP/OP/USDA,FOOD PANTRY-Agency,LOCAL - LL,W-01-10002,32,0,0,0.0,32,OGLETHORPE,0.0,4/17/2024 9:33,4/17/2024 9:37,Price Code 1,CUSTOMER PICKUP,False,Sharing Floor Athens,01-SH,30630.0,Crawford,"ASSORTED NON-FOOD ITEMS, LL",Non-Food Misc.
713,178774,50,B-136,Burt's United Methodist Church,481388,,FP/GNAP/USDA,FOOD PANTRY-Agency,LOCAL - LL,W-16-10002,30,0,0,0.0,30,OGLETHORPE,0.0,4/16/2024 13:44,4/17/2024 10:03,Price Code 1,CUSTOMER PICKUP,False,Food Bank of Northeast Georgia,01,30627.0,Lexington,MISC. FOOD BOX LL,Food Misc.
940,176504,5407,O-114,Oconee Baptist Church ,479128,,FOOD PANTRY,FOOD PANTRY-Agency,BLUE RECEIPT-SHL,F-15-10000,24,0,0,4.32,24,OGLETHORPE,0.18,3/1/2024 10:00,3/1/2024 10:12,Price Code 1,CONTACT FOR DELIVERY,False,Sharing Floor Athens,01-SH,30667.0,Stephens,"MEAT & SEAFOOD, FROZEN SHL",Proteins
1007,173286,8874,S-141,SWAG Ministries,476915,,FP/OP/USDA,FOOD PANTRY-Agency,YELLOW RECEIPT - SHN,F-10-10002,1,0,0,0.09,3,OGLETHORPE,0.03,1/26/2024 3:37,2/20/2024 13:35,Price Code 1,CUSTOMER PICKUP,False,Food Bank of Northeast Georgia,01,30630.0,Crawford,OUTSHINE TROPICAL SMOOTHIE CUBES,Beverages
1007,177217,875,S-141,SWAG Ministries,479837,,FP/OP/USDA,FOOD PANTRY-Agency,BLUE RECEIPT-SHL,W-04-10000,9,0,0,0.0,9,OGLETHORPE,0.0,3/13/2024 9:38,3/13/2024 9:44,Price Code 1,CUSTOMER PICKUP,False,Sharing Floor Athens,01-SH,30630.0,Crawford,"BREAD & BAKERY, ASSORTED SHL",Grains
646,181675,3203,C-168,Crawford Pentecostal Church,484279,,FP/USDA,AFTER SCHOOL PROGRAM-Agency,USDA,N-50-10289,4,0,0,18.0,100,OGLETHORPE,0.18,6/5/2024 8:30,6/5/2024 12:08,Price Code 1,CUSTOMER PICKUP,False,Food Bank of Northeast Georgia,01,30630.0,Crawford,USDA PECAN PIECES,Proteins
817,178738,8676,F2KOGL,Food 2 Kids Oglethorpe County,481352,,DIRECT ASSISTANCE,DIRECT ASSISTANCE-Agency,LOCAL - LL,C-88-10000,443,0,0,0.0,443,OGLETHORPE,0.0,4/18/2024 15:30,4/24/2024 11:26,Price Code 1,TRUCK 1 MOBILE PANTRY,False,Food Bank of Northeast Georgia,01,30607.0,Athens,"LFPA PRODUCE, MISC",Mixed Produce
451,176927,875,L-105,Lexington Baptist Church,479549,,FP/GNAP/USDA,FOOD PANTRY-Agency,BLUE RECEIPT-SHL,W-04-10000,395,0,0,0.0,395,OGLETHORPE,0.0,3/11/2024 14:30,3/12/2024 9:29,Price Code 1,TRUCK 1 MOBILE PANTRY,False,Food Bank of Northeast Georgia,01,30648.0,Lexington,"BREAD & BAKERY, ASSORTED SHL",Grains
1007,181121,9062,S-141,SWAG Ministries,483726,,FP/OP/USDA,FOOD PANTRY-Agency,LOCAL - LL,N-25-11975,4,0,0,2.16,12,OGLETHORPE,0.18,5/29/2024 10:30,5/29/2024 10:52,Price Code 1,CUSTOMER PICKUP,False,Food Bank of Northeast Georgia,01,30630.0,Crawford,DOVE DARK CHOCOLATE & PEANUT BUTTER,Food Misc.
940,179292,8973,O-114,Oconee Baptist Church ,FAIMPORT481905,,FOOD PANTRY,FOOD PANTRY-Agency,BLUE RECEIPT-SHL,MCC-16-10001,90,0,0,0.0,90,OGLETHORPE,0.0,4/18/2024 0:00,4/18/2024 0:00,Price Code 1,CONTACT FOR DELIVERY,False,Food Bank of Northeast Georgia,01,30667.0,Stephens,"COOLER FOOD MISC., SHL RETAIL PICKUP",Food Misc.
713,172374,8643,B-136,Burt's United Methodist Church,476005,,FP/GNAP/USDA,FOOD PANTRY-Agency,YELLOW RECEIPT - SHN,N-20-10000,1,0,0,0.72,4,OGLETHORPE,0.18,1/5/2024 13:44,1/26/2024 9:00,Price Code 1,CUSTOMER PICKUP,False,Food Bank of Northeast Georgia,01,30627.0,Lexington,PAMPERS SPLASHERS SIZE 4,Non-Food Misc.
451,179724,3203,L-105,Lexington Baptist Church,482337,,FP/GNAP/USDA,FOOD PANTRY-Agency,USDA,N-50-10289,3,0,0,13.5,75,OGLETHORPE,0.18,5/1/2024 14:30,5/1/2024 10:28,Price Code 1,CUSTOMER PICKUP,False,Food Bank of Northeast Georgia,01,30648.0,Lexington,USDA PECAN PIECES,Proteins
1007,181486,9059,S-141,SWAG Ministries,484090,,FP/OP/USDA,FOOD PANTRY-Agency,LOCAL - LL,F-16-90438,4,0,0,2.88,16,OGLETHORPE,0.18,6/5/2024 10:00,6/5/2024 10:06,Price Code 1,CUSTOMER PICKUP,False,Food Bank of Northeast Georgia,01,30630.0,Crawford,OSCAR MAYER MAPLE SAUSAGE ROLLERS,Food Misc.
940,180464,8974,O-114,Oconee Baptist Church ,FAIMPORT483070,,FOOD PANTRY,FOOD PANTRY-Agency,BLUE RECEIPT-SHL,MCW-04-10000,24,0,0,0.0,24,OGLETHORPE,0.0,5/3/2024 0:00,5/3/2024 0:00,Price Code 1,CONTACT FOR DELIVERY,False,Food Bank of Northeast Georgia,01,30667.0,Stephens,"BREAD AND BAKERY, SHL RETAIL PICKUPS",Grains
713,175990,84,B-136,Burt's United Methodist Church,478618,,FP/GNAP/USDA,FOOD PANTRY-Agency,USDA,N-50-10006,1,0,0,4.86,27,OGLETHORPE,0.18,2/26/2024 13:44,2/26/2024 14:00,Price Code 1,CUSTOMER PICKUP,False,Food Bank of Northeast Georgia,01,30627.0,Lexington,USDA GREEN BEANS,Vegetables 
451,176927,842,L-105,Lexington Baptist Church,479549,,FP/GNAP/USDA,FOOD PANTRY-Agency,USDA,N-50-10021,13,0,0,0.0,351,OGLETHORPE,0.0,3/11/2024 14:30,3/12/2024 9:29,Price Code 1,TRUCK 1 MOBILE PANTRY,False,Food Bank of Northeast Georgia,01,30648.0,Lexington,USDA DICED TOMATOES NO SALT CCC,Vegetables 
940,176085,683,O-114,Oconee Baptist Church ,478712,,FOOD PANTRY,FOOD PANTRY-Agency,BLUE RECEIPT-SHL,W-16-10001,29,0,0,5.22,29,OGLETHORPE,0.18,2/23/2024 9:57,2/23/2024 10:06,Price Code 1,CONTACT FOR DELIVERY,False,Sharing Floor Athens,01-SH,30667.0,Stephens,MISC. FOOD BOX SHL,Food Misc.
451,173918,690,L-105,Lexington Baptist Church,477547,,FP/GNAP/USDA,FOOD PANTRY-Agency,BLUE RECEIPT-SHL,W-03-10013,229,0,0,0.0,229,OGLETHORPE,0.0,1/31/2024 14:30,1/31/2024 12:05,Price Code 1,CUSTOMER PICKUP,False,Sharing Floor Athens,01-SH,30648.0,Lexington,"ASSORTED BEVERAGES, SHL",Beverages
940,177358,5772,O-114,Oconee Baptist Church ,479978,,FOOD PANTRY,FOOD PANTRY-Agency,LOCAL - LL,C-28-10000,163,0,0,4.89,163,OGLETHORPE,0.03,3/15/2024 10:02,3/15/2024 10:08,Price Code 1,CONTACT FOR DELIVERY,False,Sharing Floor Athens,01-SH,30667.0,Stephens,"PRODUCE, FRESH LL",Mixed Produce
433,181784,9085,T-114,Thankful Baptist Church,484388,,FP/OP/GNAP/USDA,YOUTH-Agency,USDA,F-50-90476,40,0,0,0.0,1600,OGLETHORPE,0.0,6/15/2024 7:00,6/15/2024 9:53,Price Code 1,TRUCK 1 MOBILE PANTRY,False,Food Bank of Northeast Georgia,01,30667.0,Stephens,USDA PORK LOIN BONELESS CHOPS CCC,Proteins
433,179815,8973,T-114,Thankful Baptist Church,FAIMPORT482426,,FP/OP/GNAP/USDA,YOUTH-Agency,BLUE RECEIPT-SHL,MCC-16-10001,6,0,0,0.0,6,OGLETHORPE,0.0,4/26/2024 0:00,4/26/2024 0:00,Price Code 1,CUSTOMER PICKUP,False,Food Bank of Northeast Georgia,01,30667.0,Stephens,"COOLER FOOD MISC., SHL RETAIL PICKUP",Food Misc.
1007,180322,2202,S-141,SWAG Ministries,482928,,FP/OP/USDA,FOOD PANTRY-Agency,USDA,N-50-10240,1,0,0,3.96,22,OGLETHORPE,0.18,5/15/2024 8:00,5/15/2024 9:35,Price Code 1,CUSTOMER PICKUP,False,Food Bank of Northeast Georgia,01,30630.0,Crawford,USDA SPAGHETTI,Grains
940,178698,8975,O-114,Oconee Baptist Church ,FAIMPORT481313,,FOOD PANTRY,FOOD PANTRY-Agency,BLUE RECEIPT-SHL,MCC-07-10001,4,0,0,0.0,4,OGLETHORPE,0.0,4/9/2024 0:00,4/9/2024 0:00,Price Code 1,CONTACT FOR DELIVERY,False,Food Bank of Northeast Georgia,01,30667.0,Stephens,"DAIRY PRODUCTS, SHL RETAIL PICKUPS",Dairy
713,180394,6816,B-136,Burt's United Methodist Church,483000,,FP/GNAP/USDA,FOOD PANTRY-Agency,BLUE RECEIPT-SHL,C-28-90345,2,0,0,0.0,100,OGLETHORPE,0.0,5/13/2024 9:15,5/13/2024 10:47,Price Code 1,CUSTOMER PICKUP,False,Food Bank of Northeast Georgia,01,30627.0,Lexington,CARROTS,Vegetables 
433,172551,5407,T-114,Thankful Baptist Church,476182,,FP/OP/GNAP/USDA,YOUTH-Agency,BLUE RECEIPT-SHL,F-15-10000,125,0,0,22.5,125,OGLETHORPE,0.18,1/4/2024 15:14,1/4/2024 11:53,Price Code 1,CUSTOMER PICKUP,False,Sharing Floor Athens,01-SH,30667.0,Stephens,"MEAT & SEAFOOD, FROZEN SHL",Proteins
817,178738,3139,F2KOGL,Food 2 Kids Oglethorpe County,481352,,DIRECT ASSISTANCE,DIRECT ASSISTANCE-Agency,USDA,N-50-10290,4,0,0,0.0,100,OGLETHORPE,0.0,4/18/2024 15:30,4/24/2024 11:26,Price Code 1,TRUCK 1 MOBILE PANTRY,False,Food Bank of Northeast Georgia,01,30607.0,Athens,USDA WHOLE ALMONDS DRY ROASTED,Proteins
451,182027,235,L-105,Lexington Baptist Church,484631,,FP/GNAP/USDA,FOOD PANTRY-Agency,LOCAL - LL,W-03-10012,85,0,0,0.0,85,OGLETHORPE,0.0,6/7/2024 14:30,6/7/2024 11:12,Price Code 1,CUSTOMER PICKUP,False,Sharing Floor Athens,01-SH,30648.0,Lexington,"ASSORTED BEVERAGES, LL",Beverages
713,172374,8888,B-136,Burt's United Methodist Church,476005,,FP/GNAP/USDA,FOOD PANTRY-Agency,LFB,N-19-10057,8,0,0,8.64,48,OGLETHORPE,0.18,1/5/2024 13:44,1/26/2024 9:00,Price Code 1,CUSTOMER PICKUP,False,Food Bank of Northeast Georgia,01,30627.0,Lexington,COTTONELLE TOILET PAPER 18,Non-Food Misc.
451,177010,8954,L-105,Lexington Baptist Church,479632,,FP/GNAP/USDA,FOOD PANTRY-Agency,BLUE RECEIPT-SHL,N-03-11815,1,0,0,0.0,28,OGLETHORPE,0.0,3/13/2024 14:30,3/13/2024 10:48,Price Code 1,CUSTOMER PICKUP,False,Food Bank of Northeast Georgia,01,30648.0,Lexington,LIPTON HALF&HALF ICED TEA LEMONADE,Beverages
433,177882,50,T-114,Thankful Baptist Church,480501,,FP/OP/GNAP/USDA,YOUTH-Agency,LOCAL - LL,W-16-10002,92,0,0,16.56,92,OGLETHORPE,0.18,3/26/2024 15:14,3/26/2024 11:03,Price Code 1,CUSTOMER PICKUP,False,Sharing Floor Athens,01-SH,30667.0,Stephens,MISC. FOOD BOX LL,Food Misc.
451,178344,9002,L-105,Lexington Baptist Church,480960,,FP/GNAP/USDA,FOOD PANTRY-Agency,BLUE RECEIPT-SHL,N-03-11821,2,0,0,0.0,20,OGLETHORPE,0.0,4/9/2024 14:30,4/17/2024 10:56,Price Code 1,CUSTOMER PICKUP,False,Food Bank of Northeast Georgia,01,30648.0,Lexington,MUG ROOT BEER,Beverages
451,172692,8672,L-105,Lexington Baptist Church,476323,,FP/GNAP/USDA,FOOD PANTRY-Agency,USDA,N-50-10301,25,0,0,0.0,600,OGLETHORPE,0.0,1/8/2024 14:30,1/16/2024 8:14,Price Code 1,TRUCK 1 MOBILE PANTRY,False,Food Bank of Northeast Georgia,01,30648.0,Lexington,USDA YELLOW SPLIT PEAS,Proteins
451,178365,1791,L-105,Lexington Baptist Church,480981,,FP/GNAP/USDA,FOOD PANTRY-Agency,USDA,N-50-10079,13,0,0,0.0,338,OGLETHORPE,0.0,4/8/2024 14:30,4/11/2024 13:06,Price Code 1,TRUCK 1 MOBILE PANTRY,False,Food Bank of Northeast Georgia,01,30648.0,Lexington,USDA WALNUT HALVES AND PIECES,Proteins
451,173918,8698,L-105,Lexington Baptist Church,477547,,FP/GNAP/USDA,FOOD PANTRY-Agency,LOCAL - LL,F-88-10000,44,0,0,0.0,44,OGLETHORPE,0.0,1/31/2024 14:30,1/31/2024 12:05,Price Code 1,CUSTOMER PICKUP,False,Sharing Floor Athens,01-SH,30648.0,Lexington,LFPA GROUND BEEF CHUBS,Proteins
451,177235,50,L-105,Lexington Baptist Church,479855,,FP/GNAP/USDA,FOOD PANTRY-Agency,LOCAL - LL,W-16-10002,28,0,0,5.04,28,OGLETHORPE,0.18,3/13/2024 14:30,3/13/2024 11:38,Price Code 1,CUSTOMER PICKUP,False,Sharing Floor Athens,01-SH,30648.0,Lexington,MISC. FOOD BOX LL,Food Misc.
1007,181486,9073,S-141,SWAG Ministries,484090,,FP/OP/USDA,FOOD PANTRY-Agency,USDA,C-50-10051,1,0,0,2.16,12,OGLETHORPE,0.18,6/5/2024 10:00,6/5/2024 10:06,Price Code 1,CUSTOMER PICKUP,False,Food Bank of Northeast Georgia,01,30630.0,Crawford,USDA SHREDDED MOZZARELLA CHEESE CCC,Dairy
451,181600,9059,L-105,Lexington Baptist Church,484204,,FP/GNAP/USDA,FOOD PANTRY-Agency,LOCAL - LL,F-16-90438,1,0,0,0.72,4,OGLETHORPE,0.18,6/7/2024 11:30,6/7/2024 13:11,Price Code 1,CUSTOMER PICKUP,False,Food Bank of Northeast Georgia,01,30648.0,Lexington,OSCAR MAYER MAPLE SAUSAGE ROLLERS,Food Misc.
433,173836,5407,T-114,Thankful Baptist Church,477465,,FP/OP/GNAP/USDA,YOUTH-Agency,BLUE RECEIPT-SHL,F-15-10000,178,0,0,32.04,178,OGLETHORPE,0.18,1/30/2024 15:14,1/30/2024 10:53,Price Code 1,CUSTOMER PICKUP,False,Sharing Floor Athens,01-SH,30667.0,Stephens,"MEAT & SEAFOOD, FROZEN SHL",Proteins
451,182595,5772,L-105,Lexington Baptist Church,485198,,FP/GNAP/USDA,FOOD PANTRY-Agency,LOCAL - LL,C-28-10000,42,0,0,1.26,42,OGLETHORPE,0.03,6/26/2024 14:30,6/26/2024 11:45,Price Code 1,CUSTOMER PICKUP,False,Food Bank of Northeast Georgia,01,30648.0,Lexington,"PRODUCE, FRESH LL",Mixed Produce
433,182935,8986,T-114,Thankful Baptist Church,FAIMPORT485536,,FP/OP/GNAP/USDA,YOUTH-Agency,BLUE RECEIPT-SHL,MCW-01-10001,3,0,0,0.0,3,OGLETHORPE,0.0,6/28/2024 0:00,6/28/2024 0:00,Price Code 1,CUSTOMER PICKUP,False,Food Bank of Northeast Georgia,01,30667.0,Stephens,"NON-FOOD ITEMS, SHL RETAIL PICKUPS",Non-Food Misc.
817,178732,8869,F2KOGL,Food 2 Kids Oglethorpe County,481346,,DIRECT ASSISTANCE,DIRECT ASSISTANCE-Agency,YELLOW RECEIPT - SHN,N-20-10004,6,0,0,0.0,18,OGLETHORPE,0.0,4/18/2024 15:00,4/24/2024 11:39,Price Code 1,TRUCK 1 MOBILE PANTRY,False,Food Bank of Northeast Georgia,01,30607.0,Athens,PAMPERS PREEMIE SWADDLERS,Non-Food Misc.
162,176818,8976,O-101,Oglethorpe County Senior Center,FAIMPORT479440,,FP/OP/USDA,SENIOR-Agency,BLUE RECEIPT-SHL,MCC-28-10001,69,0,0,0.0,69,OGLETHORPE,0.0,2/29/2024 0:00,2/29/2024 0:00,Price Code 1,CUSTOMER PICKUP,False,Food Bank of Northeast Georgia,01,30630.0,Crawford,"PRODUCE, SHL RETAIL PICKUPS",Mixed Produce
162,181305,8973,O-101,Oglethorpe County Senior Center,FAIMPORT483909,,FP/OP/USDA,SENIOR-Agency,BLUE RECEIPT-SHL,MCC-16-10001,55,0,0,0.0,55,OGLETHORPE,0.0,5/16/2024 0:00,5/16/2024 0:00,Price Code 1,CUSTOMER PICKUP,False,Food Bank of Northeast Georgia,01,30630.0,Crawford,"COOLER FOOD MISC., SHL RETAIL PICKUP",Food Misc.
451,177986,8995,L-105,Lexington Baptist Church,480605,,FP/GNAP/USDA,FOOD PANTRY-Agency,BLUE RECEIPT-SHL,N-21-10067,2,0,0,1.8,10,OGLETHORPE,0.18,4/3/2024 14:30,4/5/2024 13:24,Price Code 1,CUSTOMER PICKUP,False,Food Bank of Northeast Georgia,01,30648.0,Lexington,"RAMEN, MARUCHAN SHRIMP",Prepared Meals
940,175102,8944,O-114,Oconee Baptist Church ,477732,,FOOD PANTRY,FOOD PANTRY-Agency,YELLOW RECEIPT - SHN,C-28-90535,2,0,0,0.0,104,OGLETHORPE,0.0,2/8/2024 8:20,2/9/2024 8:51,Price Code 1,CUSTOMER PICKUP,False,Food Bank of Northeast Georgia,01,30667.0,Stephens,"TURNIP, SHL",Vegetables 
433,180942,5407,T-114,Thankful Baptist Church,483548,,FP/OP/GNAP/USDA,YOUTH-Agency,BLUE RECEIPT-SHL,F-15-10000,67,0,0,12.06,67,OGLETHORPE,0.18,5/16/2024 15:14,5/16/2024 11:45,Price Code 1,CUSTOMER PICKUP,False,Sharing Floor Athens,01-SH,30667.0,Stephens,"MEAT & SEAFOOD, FROZEN SHL",Proteins
433,173781,1356,T-114,Thankful Baptist Church,477410,,FP/OP/GNAP/USDA,YOUTH-Agency,GNAP,N-40-10131,1,0,0,1.1,11,OGLETHORPE,0.1,2/6/2024 15:14,2/6/2024 11:20,Price Code 1,CUSTOMER PICKUP,False,Food Bank of Northeast Georgia,01,30667.0,Stephens,GNAP CHUNK CHICKEN,Proteins
451,173438,8923,L-105,Lexington Baptist Church,477067,,FP/GNAP/USDA,FOOD PANTRY-Agency,LOCAL - LL,N-25-11955,2,0,0,5.4,30,OGLETHORPE,0.18,1/25/2024 14:30,1/25/2024 12:46,Price Code 1,CUSTOMER PICKUP,False,Food Bank of Northeast Georgia,01,30648.0,Lexington,REESES/KIT KAT/PAYDAY CANDY BAR ASST,Food Misc.
433,172551,688,T-114,Thankful Baptist Church,476182,,FP/OP/GNAP/USDA,YOUTH-Agency,BLUE RECEIPT-SHL,W-01-10000,22,0,0,3.96,22,OGLETHORPE,0.18,1/4/2024 15:14,1/4/2024 11:53,Price Code 1,CUSTOMER PICKUP,False,Sharing Floor Athens,01-SH,30667.0,Stephens,"ASSORTED NON-FOOD ITEMS, SHL",Non-Food Misc.
451,175304,7082,L-105,Lexington Baptist Church,477933,,FP/GNAP/USDA,FOOD PANTRY-Agency,USDA,C-50-10033,1,0,0,0.0,12,OGLETHORPE,0.0,2/12/2024 14:30,2/20/2024 13:43,Price Code 1,CUSTOMER PICKUP,False,Food Bank of Northeast Georgia,01,30648.0,Lexington,USDA SHREDDED YELLOW CHEDDAR CHEESE CCC,Dairy
451,181753,9014,L-105,Lexington Baptist Church,484357,,FP/GNAP/USDA,FOOD PANTRY-Agency,PURCH,N-27-10136,2,0,104,9.72,54,OGLETHORPE,0.18,6/7/2024 12:00,6/18/2024 14:23,Price Code 1,CUSTOMER PICKUP,False,Food Bank of Northeast Georgia,01,30648.0,Lexington,"GREEN BEANS, HARVEST VALLEY",Vegetables 
940,181788,9014,O-114,Oconee Baptist Church ,484392,,FOOD PANTRY,FOOD PANTRY-Agency,PURCH,N-27-10136,4,0,208,19.44,108,OGLETHORPE,0.18,6/6/2024 0:00,6/6/2024 11:37,Price Code 1,CONTACT FOR DELIVERY,False,Food Bank of Northeast Georgia,01,30667.0,Stephens,"GREEN BEANS, HARVEST VALLEY",Vegetables 
1007,181121,9059,S-141,SWAG Ministries,483726,,FP/OP/USDA,FOOD PANTRY-Agency,LOCAL - LL,F-16-90438,5,0,0,3.6,20,OGLETHORPE,0.18,5/29/2024 10:30,5/29/2024 10:52,Price Code 1,CUSTOMER PICKUP,False,Food Bank of Northeast Georgia,01,30630.0,Crawford,OSCAR MAYER MAPLE SAUSAGE ROLLERS,Food Misc.
713,172822,1674,B-136,Burt's United Methodist Church,476453,,FP/GNAP/USDA,FOOD PANTRY-Agency,USDA,N-50-10073,6,0,0,29.16,162,OGLETHORPE,0.18,1/16/2024 13:44,1/16/2024 12:52,Price Code 1,CUSTOMER PICKUP,False,Food Bank of Northeast Georgia,01,30627.0,Lexington,USDA TOMATO SAUCE,Vegetables 
162,173449,2098,O-101,Oglethorpe County Senior Center,477078,,FP/OP/USDA,SENIOR-Agency,BLUE RECEIPT-SHL,N-03-10677,15,0,0,0.0,330,OGLETHORPE,0.0,1/25/2024 13:38,1/25/2024 14:30,Price Code 1,CUSTOMER PICKUP,False,Food Bank of Northeast Georgia,01,30630.0,Crawford,GATORADE ORANGE,Beverages
1007,180322,7414,S-141,SWAG Ministries,482928,,FP/OP/USDA,FOOD PANTRY-Agency,PURCH,C-28-90525,1,0,0,0.0,22,OGLETHORPE,0.0,5/15/2024 8:00,5/15/2024 9:35,Price Code 1,CUSTOMER PICKUP,False,Food Bank of Northeast Georgia,01,30630.0,Crawford,BROCCOLI CROWNS,Vegetables 
713,176961,8963,B-136,Burt's United Methodist Church,479583,,FP/GNAP/USDA,FOOD PANTRY-Agency,YELLOW RECEIPT - SHN,N-25-11960,6,0,0,11.88,66,OGLETHORPE,0.18,3/19/2024 13:44,3/19/2024 12:19,Price Code 1,CUSTOMER PICKUP,False,Food Bank of Northeast Georgia,01,30627.0,Lexington,"TAPIOCA PUDDING, BEST CHOICE",Food Misc.
451,181689,5958,L-105,Lexington Baptist Church,484293,,FP/GNAP/USDA,FOOD PANTRY-Agency,BLUE RECEIPT-SHL,C-16-10001,9,0,0,1.62,9,OGLETHORPE,0.18,5/31/2024 14:30,5/31/2024 11:56,Price Code 1,CUSTOMER PICKUP,False,Sharing Floor Athens,01-SH,30648.0,Lexington,"COOLER FOOD, MISC. SHL",Food Misc.
1007,173286,8923,S-141,SWAG Ministries,476915,,FP/OP/USDA,FOOD PANTRY-Agency,LOCAL - LL,N-25-11955,3,0,0,8.1,45,OGLETHORPE,0.18,1/26/2024 3:37,2/20/2024 13:35,Price Code 1,CUSTOMER PICKUP,False,Food Bank of Northeast Georgia,01,30630.0,Crawford,REESES/KIT KAT/PAYDAY CANDY BAR ASST,Food Misc.
451,181053,9067,L-105,Lexington Baptist Church,483658,,FP/GNAP/USDA,FOOD PANTRY-Agency,BLUE RECEIPT-SHL,N-03-11833,2,0,0,0.0,36,OGLETHORPE,0.0,5/22/2024 10:00,5/22/2024 10:39,Price Code 1,CUSTOMER PICKUP,False,Food Bank of Northeast Georgia,01,30648.0,Lexington,DIET DR PEPPER,Beverages
713,178357,8995,B-136,Burt's United Methodist Church,480973,,FP/GNAP/USDA,FOOD PANTRY-Agency,BLUE RECEIPT-SHL,N-21-10067,1,0,0,0.9,5,OGLETHORPE,0.18,4/10/2024 13:44,4/10/2024 14:26,Price Code 1,CUSTOMER PICKUP,False,Food Bank of Northeast Georgia,01,30627.0,Lexington,"RAMEN, MARUCHAN SHRIMP",Prepared Meals
713,180394,4411,B-136,Burt's United Methodist Church,483000,,FP/GNAP/USDA,FOOD PANTRY-Agency,USDA,F-50-90465,3,0,0,11.34,63,OGLETHORPE,0.18,5/13/2024 9:15,5/13/2024 10:47,Price Code 1,CUSTOMER PICKUP,False,Food Bank of Northeast Georgia,01,30627.0,Lexington,USDA WILD CAUGHT GULF SHRIMP,Proteins
451,175697,8914,L-105,Lexington Baptist Church,478325,,FP/GNAP/USDA,FOOD PANTRY-Agency,USDA,N-50-10310,13,0,0,0.0,351,OGLETHORPE,0.0,2/12/2024 14:30,2/15/2024 11:13,Price Code 1,TRUCK 1 MOBILE PANTRY,False,Food Bank of Northeast Georgia,01,30648.0,Lexington,USDA DICED POTATOES,Potatoes 
646,181216,5958,C-168,Crawford Pentecostal Church,483821,,FP/USDA,AFTER SCHOOL PROGRAM-Agency,BLUE RECEIPT-SHL,C-16-10001,26,0,0,4.68,26,OGLETHORPE,0.18,5/22/2024 12:13,5/22/2024 15:06,Price Code 1,CUSTOMER PICKUP,False,Sharing Floor Athens,01-SH,30630.0,Crawford,"COOLER FOOD, MISC. SHL",Food Misc.
433,177882,5407,T-114,Thankful Baptist Church,480501,,FP/OP/GNAP/USDA,YOUTH-Agency,BLUE RECEIPT-SHL,F-15-10000,121,0,0,21.78,121,OGLETHORPE,0.18,3/26/2024 15:14,3/26/2024 11:03,Price Code 1,CUSTOMER PICKUP,False,Sharing Floor Athens,01-SH,30667.0,Stephens,"MEAT & SEAFOOD, FROZEN SHL",Proteins
940,178182,8970,O-114,Oconee Baptist Church ,FAIMPORT480800,,FOOD PANTRY,FOOD PANTRY-Agency,BLUE RECEIPT-SHL,MCW-16-10001,85,0,0,0.0,85,OGLETHORPE,0.0,3/26/2024 0:00,3/26/2024 0:00,Price Code 1,CONTACT FOR DELIVERY,False,Food Bank of Northeast Georgia,01,30667.0,Stephens,"MISC. FOOD BOX, SHL RETAIL PICKUP",Food Misc.
713,178774,8943,B-136,Burt's United Methodist Church,481388,,FP/GNAP/USDA,FOOD PANTRY-Agency,BLUE RECEIPT-SHL,C-28-90534,8,0,0,0.0,336,OGLETHORPE,0.0,4/16/2024 13:44,4/17/2024 10:03,Price Code 1,CUSTOMER PICKUP,False,Food Bank of Northeast Georgia,01,30627.0,Lexington,"SWEET POTATO, SHL",Potatoes 
433,181446,5938,T-114,Thankful Baptist Church,484050,,FP/OP/GNAP/USDA,YOUTH-Agency,BLUE RECEIPT-SHL,C-28-10001,20,0,0,0.6,20,OGLETHORPE,0.03,5/28/2024 15:14,5/28/2024 10:58,Price Code 1,CUSTOMER PICKUP,False,Sharing Floor Athens,01-SH,30667.0,Stephens,"PRODUCE, FRESH SHL",Mixed Produce
1007,173524,5407,S-141,SWAG Ministries,477153,,FP/OP/USDA,FOOD PANTRY-Agency,BLUE RECEIPT-SHL,F-15-10000,37,0,0,6.66,37,OGLETHORPE,0.18,1/24/2024 9:33,1/24/2024 9:37,Price Code 1,CUSTOMER PICKUP,False,Sharing Floor Athens,01-SH,30630.0,Crawford,"MEAT & SEAFOOD, FROZEN SHL",Proteins
162,182230,8973,O-101,Oglethorpe County Senior Center,FAIMPORT484834,,FP/OP/USDA,SENIOR-Agency,BLUE RECEIPT-SHL,MCC-16-10001,2,0,0,0.0,2,OGLETHORPE,0.0,6/10/2024 0:00,6/10/2024 0:00,Price Code 1,CUSTOMER PICKUP,False,Food Bank of Northeast Georgia,01,30630.0,Crawford,"COOLER FOOD MISC., SHL RETAIL PICKUP",Food Misc.
1007,181184,875,S-141,SWAG Ministries,483789,,FP/OP/USDA,FOOD PANTRY-Agency,BLUE RECEIPT-SHL,W-04-10000,11,0,0,0.0,11,OGLETHORPE,0.0,5/22/2024 9:45,5/22/2024 9:52,Price Code 1,CUSTOMER PICKUP,False,Sharing Floor Athens,01-SH,30630.0,Crawford,"BREAD & BAKERY, ASSORTED SHL",Grains
162,180481,8973,O-101,Oglethorpe County Senior Center,FAIMPORT483087,,FP/OP/USDA,SENIOR-Agency,BLUE RECEIPT-SHL,MCC-16-10001,36,0,0,0.0,36,OGLETHORPE,0.0,5/3/2024 0:00,5/3/2024 0:00,Price Code 1,CUSTOMER PICKUP,False,Food Bank of Northeast Georgia,01,30630.0,Crawford,"COOLER FOOD MISC., SHL RETAIL PICKUP",Food Misc.
817,177251,8587,F2KOGL,Food 2 Kids Oglethorpe County,479871,,DIRECT ASSISTANCE,DIRECT ASSISTANCE-Agency,BLUE RECEIPT-SHL,N-03-10269,35,0,0,0.0,980,OGLETHORPE,0.0,3/21/2024 15:30,3/27/2024 10:00,Price Code 1,CUSTOMER PICKUP,False,Food Bank of Northeast Georgia,01,30607.0,Athens,PEPSI ZERO SUGAR,Beverages
940,173299,92,O-114,Oconee Baptist Church ,476928,,FOOD PANTRY,FOOD PANTRY-Agency,LOCAL - LL,W-01-10002,15,0,0,2.7,15,OGLETHORPE,0.18,1/19/2024 9:43,1/19/2024 9:54,Price Code 1,CONTACT FOR DELIVERY,False,Sharing Floor Athens,01-SH,30667.0,Stephens,"ASSORTED NON-FOOD ITEMS, LL",Non-Food Misc.
1007,173286,7082,S-141,SWAG Ministries,476915,,FP/OP/USDA,FOOD PANTRY-Agency,USDA,C-50-10033,3,0,0,0.0,36,OGLETHORPE,0.0,1/26/2024 3:37,2/20/2024 13:35,Price Code 1,CUSTOMER PICKUP,False,Food Bank of Northeast Georgia,01,30630.0,Crawford,USDA SHREDDED YELLOW CHEDDAR CHEESE CCC,Dairy
713,175990,170,B-136,Burt's United Methodist Church,478618,,FP/GNAP/USDA,FOOD PANTRY-Agency,USDA,N-50-10007,1,0,0,5.04,28,OGLETHORPE,0.18,2/26/2024 13:44,2/26/2024 14:00,Price Code 1,CUSTOMER PICKUP,False,Food Bank of Northeast Georgia,01,30627.0,Lexington,"USDA CORN, WHOLE KERNEL NO SALT",Vegetables 
451,173055,2862,L-105,Lexington Baptist Church,476685,,FP/GNAP/USDA,FOOD PANTRY-Agency,USDA,N-50-10115,1,0,0,4.86,27,OGLETHORPE,0.18,1/19/2024 0:00,1/19/2024 14:07,Price Code 1,CUSTOMER PICKUP,False,Food Bank of Northeast Georgia,01,30648.0,Lexington,USDA DARK RED KIDNEY BEANS CCC,Proteins
451,181600,84,L-105,Lexington Baptist Church,484204,,FP/GNAP/USDA,FOOD PANTRY-Agency,USDA,N-50-10006,2,0,0,9.72,54,OGLETHORPE,0.18,6/7/2024 11:30,6/7/2024 13:11,Price Code 1,CUSTOMER PICKUP,False,Food Bank of Northeast Georgia,01,30648.0,Lexington,USDA GREEN BEANS,Vegetables 
451,177235,5681,L-105,Lexington Baptist Church,479855,,FP/GNAP/USDA,FOOD PANTRY-Agency,LOCAL - LL,C-16-10000,47,0,0,8.46,47,OGLETHORPE,0.18,3/13/2024 14:30,3/13/2024 11:38,Price Code 1,CUSTOMER PICKUP,False,Sharing Floor Athens,01-SH,30648.0,Lexington,"COOLER FOOD, MISC. LL",Food Misc.
451,179963,690,L-105,Lexington Baptist Church,482572,,FP/GNAP/USDA,FOOD PANTRY-Agency,BLUE RECEIPT-SHL,W-03-10013,49,0,0,0.0,49,OGLETHORPE,0.0,5/1/2024 14:30,5/1/2024 11:39,Price Code 1,CUSTOMER PICKUP,False,Sharing Floor Athens,01-SH,30648.0,Lexington,"ASSORTED BEVERAGES, SHL",Beverages
451,180526,4327,L-105,Lexington Baptist Church,483132,,FP/GNAP/USDA,FOOD PANTRY-Agency,USDA,N-50-10277,13,0,0,0.0,351,OGLETHORPE,0.0,5/13/2024 14:30,5/14/2024 8:06,Price Code 1,TRUCK 1 MOBILE PANTRY,False,Food Bank of Northeast Georgia,01,30648.0,Lexington,USDA GARBANZO BEANS,Proteins
451,175779,7284,L-105,Lexington Baptist Church,478407,,FP/GNAP/USDA,FOOD PANTRY-Agency,USDA,C-50-10043,3,0,0,0.0,78,OGLETHORPE,0.0,2/21/2024 14:30,2/21/2024 12:42,Price Code 1,CUSTOMER PICKUP,False,Food Bank of Northeast Georgia,01,30648.0,Lexington,USDA RED FAT AMERICAN CHEESE CCC,Dairy
433,180485,8970,T-114,Thankful Baptist Church,FAIMPORT483091,,FP/OP/GNAP/USDA,YOUTH-Agency,BLUE RECEIPT-SHL,MCW-16-10001,3,0,0,0.0,3,OGLETHORPE,0.0,5/3/2024 0:00,5/3/2024 0:00,Price Code 1,CUSTOMER PICKUP,False,Food Bank of Northeast Georgia,01,30667.0,Stephens,"MISC. FOOD BOX, SHL RETAIL PICKUP",Food Misc.
162,173307,8918,O-101,Oglethorpe County Senior Center,476936,,FP/OP/USDA,SENIOR-Agency,LOCAL - LL,N-25-11950,4,0,0,1.44,8,OGLETHORPE,0.18,1/24/2024 13:38,1/25/2024 14:31,Price Code 1,CUSTOMER PICKUP,False,Food Bank of Northeast Georgia,01,30630.0,Crawford,GHIRARDELLI DARK CHOCOLATE,Food Misc.
940,182915,8974,O-114,Oconee Baptist Church ,FAIMPORT485517,,FOOD PANTRY,FOOD PANTRY-Agency,BLUE RECEIPT-SHL,MCW-04-10000,40,0,0,0.0,40,OGLETHORPE,0.0,6/29/2024 0:00,6/29/2024 0:00,Price Code 1,CUSTOMER PICKUP,False,Food Bank of Northeast Georgia,01,30667.0,Stephens,"BREAD AND BAKERY, SHL RETAIL PICKUPS",Grains
451,176542,4448,L-105,Lexington Baptist Church,479166,,FP/GNAP/USDA,FOOD PANTRY-Agency,USDA,F-50-90446,1,0,0,0.0,28,OGLETHORPE,0.0,3/6/2024 14:30,3/6/2024 10:50,Price Code 1,CUSTOMER PICKUP,False,Food Bank of Northeast Georgia,01,30648.0,Lexington,USDA FROZEN STRAWBERRY FRUIT CUPS,Fruits
1007,180849,688,S-141,SWAG Ministries,483455,,FP/OP/USDA,FOOD PANTRY-Agency,BLUE RECEIPT-SHL,W-01-10000,3,0,0,0.54,3,OGLETHORPE,0.18,5/15/2024 9:22,5/15/2024 9:24,Price Code 1,CUSTOMER PICKUP,False,Sharing Floor Athens,01-SH,30630.0,Crawford,"ASSORTED NON-FOOD ITEMS, SHL",Non-Food Misc.
940,176586,8957,O-114,Oconee Baptist Church ,479210,,FOOD PANTRY,FOOD PANTRY-Agency,YELLOW RECEIPT - SHN,N-25-11956,5,0,0,3.6,20,OGLETHORPE,0.18,3/6/2024 6:23,3/6/2024 12:20,Price Code 1,CUSTOMER PICKUP,False,Food Bank of Northeast Georgia,01,30667.0,Stephens,HONEYMAID GRAHAM CRACKERS,Food Misc.
451,178365,875,L-105,Lexington Baptist Church,480981,,FP/GNAP/USDA,FOOD PANTRY-Agency,BLUE RECEIPT-SHL,W-04-10000,205,0,0,0.0,205,OGLETHORPE,0.0,4/8/2024 14:30,4/11/2024 13:06,Price Code 1,TRUCK 1 MOBILE PANTRY,False,Food Bank of Northeast Georgia,01,30648.0,Lexington,"BREAD & BAKERY, ASSORTED SHL",Grains
451,175962,5681,L-105,Lexington Baptist Church,478590,,FP/GNAP/USDA,FOOD PANTRY-Agency,LOCAL - LL,C-16-10000,17,0,0,3.06,17,OGLETHORPE,0.18,2/21/2024 14:30,2/21/2024 11:59,Price Code 1,CUSTOMER PICKUP,False,Sharing Floor Athens,01-SH,30648.0,Lexington,"COOLER FOOD, MISC. LL",Food Misc.
817,177220,3204,F2KOGL,Food 2 Kids Oglethorpe County,479840,,DIRECT ASSISTANCE,DIRECT ASSISTANCE-Agency,GNAP,N-40-10217,10,0,0,0.0,90,OGLETHORPE,0.0,3/21/2024 15:00,3/27/2024 10:55,Price Code 1,TRACTOR TRAILER 1 MOBILE PANTRY,False,Food Bank of Northeast Georgia,01,30607.0,Athens,GNAP CANNED HAM,Proteins
1007,175615,5958,S-141,SWAG Ministries,478243,,FP/OP/USDA,FOOD PANTRY-Agency,BLUE RECEIPT-SHL,C-16-10001,46,0,0,0.0,46,OGLETHORPE,0.0,2/14/2024 9:49,2/14/2024 10:01,Price Code 1,CUSTOMER PICKUP,False,Sharing Floor Athens,01-SH,30630.0,Crawford,"COOLER FOOD, MISC. SHL",Food Misc.
817,178738,6420,F2KOGL,Food 2 Kids Oglethorpe County,481352,,DIRECT ASSISTANCE,DIRECT ASSISTANCE-Agency,BLUE RECEIPT-SHL,C-28-90141,2,0,0,0.0,100,OGLETHORPE,0.0,4/18/2024 15:30,4/24/2024 11:26,Price Code 1,TRUCK 1 MOBILE PANTRY,False,Food Bank of Northeast Georgia,01,30607.0,Athens,ONIONS,Vegetables 
451,178929,6780,L-105,Lexington Baptist Church,481543,,FP/GNAP/USDA,FOOD PANTRY-Agency,USDA,C-50-10024,1,0,0,4.3,43,OGLETHORPE,0.1,4/17/2024 14:30,4/17/2024 11:02,Price Code 1,CUSTOMER PICKUP,False,Food Bank of Northeast Georgia,01,30648.0,Lexington,USDA APPLES,Fruits
940,182475,696,O-114,Oconee Baptist Church ,485079,,FOOD PANTRY,FOOD PANTRY-Agency,LOCAL - LL,W-25-10000,68,0,0,12.24,68,OGLETHORPE,0.18,6/21/2024 11:44,6/21/2024 11:51,Price Code 1,CONTACT FOR DELIVERY,False,Sharing Floor Athens,01-SH,30667.0,Stephens,"ASSORTED SNACK ITEMS, LL",Food Misc.
1007,175271,5407,S-141,SWAG Ministries,477900,,FP/OP/USDA,FOOD PANTRY-Agency,BLUE RECEIPT-SHL,F-15-10000,96,0,0,17.28,96,OGLETHORPE,0.18,2/7/2024 9:34,2/7/2024 9:37,Price Code 1,CUSTOMER PICKUP,False,Sharing Floor Athens,01-SH,30630.0,Crawford,"MEAT & SEAFOOD, FROZEN SHL",Proteins
451,175626,5958,L-105,Lexington Baptist Church,478254,,FP/GNAP/USDA,FOOD PANTRY-Agency,BLUE RECEIPT-SHL,C-16-10001,8,0,0,1.44,8,OGLETHORPE,0.18,2/14/2024 14:30,2/14/2024 11:55,Price Code 1,CUSTOMER PICKUP,False,Sharing Floor Athens,01-SH,30648.0,Lexington,"COOLER FOOD, MISC. SHL",Food Misc.
451,175210,8915,L-105,Lexington Baptist Church,477839,,FP/GNAP/USDA,FOOD PANTRY-Agency,USDA,F-50-90474,1,0,0,7.2,40,OGLETHORPE,0.18,2/9/2024 14:30,2/20/2024 13:43,Price Code 1,CUSTOMER PICKUP,False,Food Bank of Northeast Georgia,01,30648.0,Lexington,USDA PACIFIC SALAD SHRIMP,Proteins
162,176920,8973,O-101,Oglethorpe County Senior Center,FAIMPORT479542,,FP/OP/USDA,SENIOR-Agency,BLUE RECEIPT-SHL,MCC-16-10001,11,0,0,0.0,11,OGLETHORPE,0.0,3/7/2024 0:00,3/7/2024 0:00,Price Code 1,CUSTOMER PICKUP,False,Food Bank of Northeast Georgia,01,30630.0,Crawford,"COOLER FOOD MISC., SHL RETAIL PICKUP",Food Misc.
451,175288,690,L-105,Lexington Baptist Church,477917,,FP/GNAP/USDA,FOOD PANTRY-Agency,BLUE RECEIPT-SHL,W-03-10013,375,0,0,0.0,375,OGLETHORPE,0.0,2/7/2024 14:30,2/7/2024 11:40,Price Code 1,CUSTOMER PICKUP,False,Sharing Floor Athens,01-SH,30648.0,Lexington,"ASSORTED BEVERAGES, SHL",Beverages
940,174992,50,O-114,Oconee Baptist Church ,477622,,FOOD PANTRY,FOOD PANTRY-Agency,LOCAL - LL,W-16-10002,289,0,0,52.02,289,OGLETHORPE,0.18,2/1/2024 14:29,2/1/2024 14:41,Price Code 1,CONTACT FOR DELIVERY,False,Sharing Floor Athens,01-SH,30667.0,Stephens,MISC. FOOD BOX LL,Food Misc.
1007,180322,6918,S-141,SWAG Ministries,482928,,FP/OP/USDA,FOOD PANTRY-Agency,BLUE RECEIPT-SHL,C-28-90382,2,0,0,0.0,98,OGLETHORPE,0.0,5/15/2024 8:00,5/15/2024 9:35,Price Code 1,CUSTOMER PICKUP,False,Food Bank of Northeast Georgia,01,30630.0,Crawford,BI COLOR SWEET CORN,Vegetables
451,177235,696,L-105,Lexington Baptist Church,479855,,FP/GNAP/USDA,FOOD PANTRY-Agency,LOCAL - LL,W-25-10000,42,0,0,7.56,42,OGLETHORPE,0.18,3/13/2024 14:30,3/13/2024 11:38,Price Code 1,CUSTOMER PICKUP,False,Sharing Floor Athens,01-SH,30648.0,Lexington,"ASSORTED SNACK ITEMS, LL",Food Misc.
1007,181916,5407,S-141,SWAG Ministries,484520,,FP/OP/USDA,FOOD PANTRY-Agency,BLUE RECEIPT-SHL,F-15-10000,52,0,0,9.36,52,OGLETHORPE,0.18,6/5/2024 9:27,6/5/2024 9:32,Price Code 1,CUSTOMER PICKUP,False,Sharing Floor Athens,01-SH,30630.0,Crawford,"MEAT & SEAFOOD, FROZEN SHL",Proteins
1007,175271,875,S-141,SWAG Ministries,477900,,FP/OP/USDA,FOOD PANTRY-Agency,BLUE RECEIPT-SHL,W-04-10000,17,0,0,0.0,17,OGLETHORPE,0.0,2/7/2024 9:34,2/7/2024 9:37,Price Code 1,CUSTOMER PICKUP,False,Sharing Floor Athens,01-SH,30630.0,Crawford,"BREAD & BAKERY, ASSORTED SHL",Grains
451,177888,5958,L-105,Lexington Baptist Church,480507,,FP/GNAP/USDA,FOOD PANTRY-Agency,BLUE RECEIPT-SHL,C-16-10001,93,0,0,16.74,93,OGLETHORPE,0.18,3/26/2024 14:30,3/26/2024 14:19,Price Code 1,CUSTOMER PICKUP,False,Sharing Floor Athens,01-SH,30648.0,Lexington,"COOLER FOOD, MISC. SHL",Food Misc.
433,176288,683,T-114,Thankful Baptist Church,478913,,FP/OP/GNAP/USDA,YOUTH-Agency,BLUE RECEIPT-SHL,W-16-10001,72,0,0,12.96,72,OGLETHORPE,0.18,2/27/2024 15:14,2/27/2024 10:58,Price Code 1,CUSTOMER PICKUP,False,Sharing Floor Athens,01-SH,30667.0,Stephens,MISC. FOOD BOX SHL,Food Misc.
451,173918,92,L-105,Lexington Baptist Church,477547,,FP/GNAP/USDA,FOOD PANTRY-Agency,LOCAL - LL,W-01-10002,52,0,0,9.36,52,OGLETHORPE,0.18,1/31/2024 14:30,1/31/2024 12:05,Price Code 1,CUSTOMER PICKUP,False,Sharing Floor Athens,01-SH,30648.0,Lexington,"ASSORTED NON-FOOD ITEMS, LL",Non-Food Misc.
451,175962,683,L-105,Lexington Baptist Church,478590,,FP/GNAP/USDA,FOOD PANTRY-Agency,BLUE RECEIPT-SHL,W-16-10001,22,0,0,3.96,22,OGLETHORPE,0.18,2/21/2024 14:30,2/21/2024 11:59,Price Code 1,CUSTOMER PICKUP,False,Sharing Floor Athens,01-SH,30648.0,Lexington,MISC. FOOD BOX SHL,Food Misc.
451,180223,9048,L-105,Lexington Baptist Church,482829,,FP/GNAP/USDA,FOOD PANTRY-Agency,BLUE RECEIPT-SHL,C-07-90664,1,0,0,4.68,36,OGLETHORPE,0.13,5/8/2024 9:45,5/8/2024 12:04,Price Code 1,CUSTOMER PICKUP,False,Food Bank of Northeast Georgia,01,30648.0,Lexington,"BUTTER, GREAT VALUE SALTED",Dairy
817,177220,890,F2KOGL,Food 2 Kids Oglethorpe County,479840,,DIRECT ASSISTANCE,DIRECT ASSISTANCE-Agency,GNAP,N-40-10001,4,0,0,0.0,108,OGLETHORPE,0.0,3/21/2024 15:00,3/27/2024 10:55,Price Code 1,TRACTOR TRAILER 1 MOBILE PANTRY,False,Food Bank of Northeast Georgia,01,30607.0,Athens,GNAP APPLE SAUCE,Food Misc.
451,180526,9013,L-105,Lexington Baptist Church,483132,,FP/GNAP/USDA,FOOD PANTRY-Agency,USDA,N-50-10313,13,0,0,0.0,312,OGLETHORPE,0.0,5/13/2024 14:30,5/14/2024 8:06,Price Code 1,TRUCK 1 MOBILE PANTRY,False,Food Bank of Northeast Georgia,01,30648.0,Lexington,USDA LIGHT RED KIDNEY BEANS 24/1LB,Proteins
817,177251,7298,F2KOGL,Food 2 Kids Oglethorpe County,479871,,DIRECT ASSISTANCE,DIRECT ASSISTANCE-Agency,GNAP,N-40-10248,5,0,0,0.0,70,OGLETHORPE,0.0,3/21/2024 15:30,3/27/2024 10:00,Price Code 1,CUSTOMER PICKUP,False,Food Bank of Northeast Georgia,01,30607.0,Athens,GNAP BAKING AND BISCUIT MIX,Food Misc.
940,180635,8973,O-114,Oconee Baptist Church ,FAIMPORT483241,,FOOD PANTRY,FOOD PANTRY-Agency,BLUE RECEIPT-SHL,MCC-16-10001,42,0,0,0.0,42,OGLETHORPE,0.0,5/9/2024 0:00,5/9/2024 0:00,Price Code 1,CONTACT FOR DELIVERY,False,Food Bank of Northeast Georgia,01,30667.0,Stephens,"COOLER FOOD MISC., SHL RETAIL PICKUP",Food Misc.
646,181675,8874,C-168,Crawford Pentecostal Church,484279,,FP/USDA,AFTER SCHOOL PROGRAM-Agency,YELLOW RECEIPT - SHN,F-10-10002,5,0,0,0.45,15,OGLETHORPE,0.03,6/5/2024 8:30,6/5/2024 12:08,Price Code 1,CUSTOMER PICKUP,False,Food Bank of Northeast Georgia,01,30630.0,Crawford,OUTSHINE TROPICAL SMOOTHIE CUBES,Beverages
433,181132,688,T-114,Thankful Baptist Church,483737,,FP/OP/GNAP/USDA,YOUTH-Agency,BLUE RECEIPT-SHL,W-01-10000,16,0,0,0.0,16,OGLETHORPE,0.0,5/21/2024 15:14,5/21/2024 10:57,Price Code 1,CUSTOMER PICKUP,False,Sharing Floor Athens,01-SH,30667.0,Stephens,"ASSORTED NON-FOOD ITEMS, SHL",Non-Food Misc.
451,172352,8887,L-105,Lexington Baptist Church,475983,,FP/GNAP/USDA,FOOD PANTRY-Agency,LFB,N-19-10056,2,0,0,2.88,16,OGLETHORPE,0.18,1/5/2024 14:30,1/5/2024 14:24,Price Code 1,CUSTOMER PICKUP,False,Food Bank of Northeast Georgia,01,30648.0,Lexington,COTTONELLE TOILET PAPER 24,Non-Food Misc.
451,181600,9085,L-105,Lexington Baptist Church,484204,,FP/GNAP/USDA,FOOD PANTRY-Agency,USDA,F-50-90476,6,0,0,43.2,240,OGLETHORPE,0.18,6/7/2024 11:30,6/7/2024 13:11,Price Code 1,CUSTOMER PICKUP,False,Food Bank of Northeast Georgia,01,30648.0,Lexington,USDA PORK LOIN BONELESS CHOPS CCC,Proteins
451,173338,8915,L-105,Lexington Baptist Church,476967,,FP/GNAP/USDA,FOOD PANTRY-Agency,USDA,F-50-90474,1,0,0,7.2,40,OGLETHORPE,0.18,1/24/2024 14:30,1/25/2024 12:45,Price Code 1,CUSTOMER PICKUP,False,Food Bank of Northeast Georgia,01,30648.0,Lexington,USDA PACIFIC SALAD SHRIMP,Proteins
451,172692,170,L-105,Lexington Baptist Church,476323,,FP/GNAP/USDA,FOOD PANTRY-Agency,USDA,N-50-10007,13,0,0,0.0,364,OGLETHORPE,0.0,1/8/2024 14:30,1/16/2024 8:14,Price Code 1,TRUCK 1 MOBILE PANTRY,False,Food Bank of Northeast Georgia,01,30648.0,Lexington,"USDA CORN, WHOLE KERNEL NO SALT",Vegetables 
1007,173286,4195,S-141,SWAG Ministries,476915,,FP/OP/USDA,FOOD PANTRY-Agency,BLUE RECEIPT-SHL,N-03-11030,5,0,0,0.0,100,OGLETHORPE,0.0,1/26/2024 3:37,2/20/2024 13:35,Price Code 1,CUSTOMER PICKUP,False,Food Bank of Northeast Georgia,01,30630.0,Crawford,DIET COKE,Beverages
940,182475,688,O-114,Oconee Baptist Church ,485079,,FOOD PANTRY,FOOD PANTRY-Agency,BLUE RECEIPT-SHL,W-01-10000,52,0,0,0.0,52,OGLETHORPE,0.0,6/21/2024 11:44,6/21/2024 11:51,Price Code 1,CONTACT FOR DELIVERY,False,Sharing Floor Athens,01-SH,30667.0,Stephens,"ASSORTED NON-FOOD ITEMS, SHL",Non-Food Misc.
940,182558,8970,O-114,Oconee Baptist Church ,FAIMPORT485161,,FOOD PANTRY,FOOD PANTRY-Agency,BLUE RECEIPT-SHL,MCW-16-10001,100,0,0,0.0,100,OGLETHORPE,0.0,6/20/2024 0:00,6/20/2024 0:00,Price Code 1,CUSTOMER PICKUP,False,Food Bank of Northeast Georgia,01,30667.0,Stephens,"MISC. FOOD BOX, SHL RETAIL PICKUP",Food Misc.
451,177681,8915,L-105,Lexington Baptist Church,480301,,FP/GNAP/USDA,FOOD PANTRY-Agency,USDA,F-50-90474,1,0,0,4.0,40,OGLETHORPE,0.1,3/25/2024 14:30,3/25/2024 14:10,Price Code 1,CUSTOMER PICKUP,False,Food Bank of Northeast Georgia,01,30648.0,Lexington,USDA PACIFIC SALAD SHRIMP,Proteins
451,173055,8846,L-105,Lexington Baptist Church,476685,,FP/GNAP/USDA,FOOD PANTRY-Agency,BLUE RECEIPT-SHL,N-03-11774,3,0,0,0.0,69,OGLETHORPE,0.0,1/19/2024 0:00,1/19/2024 14:07,Price Code 1,CUSTOMER PICKUP,False,Food Bank of Northeast Georgia,01,30648.0,Lexington,PURE LEAF UNSWEETENED TEA,Beverages
451,172692,4852,L-105,Lexington Baptist Church,476323,,FP/GNAP/USDA,FOOD PANTRY-Agency,USDA,F-50-90035,58,0,0,0.0,1856,OGLETHORPE,0.0,1/8/2024 14:30,1/16/2024 8:14,Price Code 1,TRUCK 1 MOBILE PANTRY,False,Food Bank of Northeast Georgia,01,30648.0,Lexington,USDA FROZEN CHERRIES CCC,Fruits
940,174992,5407,O-114,Oconee Baptist Church ,477622,,FOOD PANTRY,FOOD PANTRY-Agency,BLUE RECEIPT-SHL,F-15-10000,147,0,0,0.0,147,OGLETHORPE,0.0,2/1/2024 14:29,2/1/2024 14:41,Price Code 1,CONTACT FOR DELIVERY,False,Sharing Floor Athens,01-SH,30667.0,Stephens,"MEAT & SEAFOOD, FROZEN SHL",Proteins
451,176542,8983,L-105,Lexington Baptist Church,479166,,FP/GNAP/USDA,FOOD PANTRY-Agency,BLUE RECEIPT-SHL,F-15-90556,2,0,0,2.16,12,OGLETHORPE,0.18,3/6/2024 14:30,3/6/2024 10:50,Price Code 1,CUSTOMER PICKUP,False,Food Bank of Northeast Georgia,01,30648.0,Lexington,HORMEL MEAT LOAF W/ TOMATO SAUCE,Prepared Meals
646,181675,84,C-168,Crawford Pentecostal Church,484279,,FP/USDA,AFTER SCHOOL PROGRAM-Agency,USDA,N-50-10006,9,0,0,43.74,243,OGLETHORPE,0.18,6/5/2024 8:30,6/5/2024 12:08,Price Code 1,CUSTOMER PICKUP,False,Food Bank of Northeast Georgia,01,30630.0,Crawford,USDA GREEN BEANS,Vegetables 
433,176047,8915,T-114,Thankful Baptist Church,478674,,FP/OP/GNAP/USDA,YOUTH-Agency,USDA,F-50-90474,1,0,0,4.0,40,OGLETHORPE,0.1,2/27/2024 15:14,2/27/2024 11:21,Price Code 1,CUSTOMER PICKUP,False,Food Bank of Northeast Georgia,01,30667.0,Stephens,USDA PACIFIC SALAD SHRIMP,Proteins
162,179302,8973,O-101,Oglethorpe County Senior Center,FAIMPORT481915,,FP/OP/USDA,SENIOR-Agency,BLUE RECEIPT-SHL,MCC-16-10001,3,0,0,0.0,3,OGLETHORPE,0.0,4/15/2024 0:00,4/15/2024 0:00,Price Code 1,CUSTOMER PICKUP,False,Food Bank of Northeast Georgia,01,30630.0,Crawford,"COOLER FOOD MISC., SHL RETAIL PICKUP",Food Misc.
1007,180322,7083,S-141,SWAG Ministries,482928,,FP/OP/USDA,FOOD PANTRY-Agency,USDA,C-50-10029,2,0,0,4.32,24,OGLETHORPE,0.18,5/15/2024 8:00,5/15/2024 9:35,Price Code 1,CUSTOMER PICKUP,False,Food Bank of Northeast Georgia,01,30630.0,Crawford,"USDA MILD CHEDDAR CHEESE, BLOCK CCC",Dairy
940,175102,8939,O-114,Oconee Baptist Church ,477732,,FOOD PANTRY,FOOD PANTRY-Agency,BLUE RECEIPT-SHL,C-28-90530,5,0,0,0.0,210,OGLETHORPE,0.0,2/8/2024 8:20,2/9/2024 8:51,Price Code 1,CUSTOMER PICKUP,False,Food Bank of Northeast Georgia,01,30667.0,Stephens,"APPLES, SHL",Fruits
1007,180041,9015,S-141,SWAG Ministries,482649,,FP/OP/USDA,FOOD PANTRY-Agency,USDA,N-50-10314,1,0,0,8.82,49,OGLETHORPE,0.18,5/8/2024 8:00,5/8/2024 10:45,Price Code 1,CUSTOMER PICKUP,False,Food Bank of Northeast Georgia,01,30630.0,Crawford,USDA RICE CCC,Grains
451,178365,170,L-105,Lexington Baptist Church,480981,,FP/GNAP/USDA,FOOD PANTRY-Agency,USDA,N-50-10007,13,0,0,0.0,364,OGLETHORPE,0.0,4/8/2024 14:30,4/11/2024 13:06,Price Code 1,TRUCK 1 MOBILE PANTRY,False,Food Bank of Northeast Georgia,01,30648.0,Lexington,"USDA CORN, WHOLE KERNEL NO SALT",Vegetables 
433,178598,1045,T-114,Thankful Baptist Church,481214,,FP/OP/GNAP/USDA,YOUTH-Agency,BLUE RECEIPT-SHL,W-25-10009,20,0,0,3.6,20,OGLETHORPE,0.18,4/9/2024 15:14,4/9/2024 11:01,Price Code 1,CUSTOMER PICKUP,False,Sharing Floor Athens,01-SH,30667.0,Stephens,"ASSORTED SNACK ITEMS, SHL",Food Misc.
433,181132,235,T-114,Thankful Baptist Church,483737,,FP/OP/GNAP/USDA,YOUTH-Agency,LOCAL - LL,W-03-10012,150,0,0,4.5,150,OGLETHORPE,0.03,5/21/2024 15:14,5/21/2024 10:57,Price Code 1,CUSTOMER PICKUP,False,Sharing Floor Athens,01-SH,30667.0,Stephens,"ASSORTED BEVERAGES, LL",Beverages
713,176961,4852,B-136,Burt's United Methodist Church,479583,,FP/GNAP/USDA,FOOD PANTRY-Agency,USDA,F-50-90035,2,0,0,0.0,64,OGLETHORPE,0.0,3/19/2024 13:44,3/19/2024 12:19,Price Code 1,CUSTOMER PICKUP,False,Food Bank of Northeast Georgia,01,30627.0,Lexington,USDA FROZEN CHERRIES CCC,Fruits
433,176686,875,T-114,Thankful Baptist Church,479309,,FP/OP/GNAP/USDA,YOUTH-Agency,BLUE RECEIPT-SHL,W-04-10000,17,0,0,0.0,17,OGLETHORPE,0.0,3/5/2024 15:14,3/5/2024 10:38,Price Code 1,CUSTOMER PICKUP,False,Sharing Floor Athens,01-SH,30667.0,Stephens,"BREAD & BAKERY, ASSORTED SHL",Grains
451,173338,8766,L-105,Lexington Baptist Church,476967,,FP/GNAP/USDA,FOOD PANTRY-Agency,LOCAL - LL,N-25-11919,5,0,0,1.8,10,OGLETHORPE,0.18,1/24/2024 14:30,1/25/2024 12:45,Price Code 1,CUSTOMER PICKUP,False,Food Bank of Northeast Georgia,01,30648.0,Lexington,GHIRARDELLI SEA SALT CARAMEL CHOCOLATE,Food Misc.
433,176288,690,T-114,Thankful Baptist Church,478913,,FP/OP/GNAP/USDA,YOUTH-Agency,BLUE RECEIPT-SHL,W-03-10013,17,0,0,0.51,17,OGLETHORPE,0.03,2/27/2024 15:14,2/27/2024 10:58,Price Code 1,CUSTOMER PICKUP,False,Sharing Floor Athens,01-SH,30667.0,Stephens,"ASSORTED BEVERAGES, SHL",Beverages
162,180641,8973,O-101,Oglethorpe County Senior Center,FAIMPORT483247,,FP/OP/USDA,SENIOR-Agency,BLUE RECEIPT-SHL,MCC-16-10001,129,0,0,0.0,129,OGLETHORPE,0.0,5/9/2024 0:00,5/9/2024 0:00,Price Code 1,CUSTOMER PICKUP,False,Food Bank of Northeast Georgia,01,30630.0,Crawford,"COOLER FOOD MISC., SHL RETAIL PICKUP",Food Misc.
433,173114,5772,T-114,Thankful Baptist Church,476744,,FP/OP/GNAP/USDA,YOUTH-Agency,LOCAL - LL,C-28-10000,16,0,0,0.48,16,OGLETHORPE,0.03,1/16/2024 15:14,1/16/2024 11:00,Price Code 1,CUSTOMER PICKUP,False,Sharing Floor Athens,01-SH,30667.0,Stephens,"PRODUCE, FRESH LL",Mixed Produce
817,181458,9044,F2KOGL,Food 2 Kids Oglethorpe County,484062,,DIRECT ASSISTANCE,DIRECT ASSISTANCE-Agency,GNAP,N-40-10278,1,0,0,0.0,8,OGLETHORPE,0.0,5/30/2024 12:00,5/31/2024 14:15,Price Code 1,CUSTOMER PICKUP,False,Food Bank of Northeast Georgia,01,30607.0,Athens,"GNAP PASTA SIDE, ALFREDO ",Prepared Meals
451,181777,9015,L-105,Lexington Baptist Church,484381,,FP/GNAP/USDA,FOOD PANTRY-Agency,USDA,N-50-10314,13,0,0,0.0,637,OGLETHORPE,0.0,6/10/2024 14:30,6/13/2024 5:23,Price Code 1,TRUCK 1 MOBILE PANTRY,False,Food Bank of Northeast Georgia,01,30648.0,Lexington,USDA RICE CCC,Grains
451,178668,5938,L-105,Lexington Baptist Church,481284,,FP/GNAP/USDA,FOOD PANTRY-Agency,BLUE RECEIPT-SHL,C-28-10001,41,0,0,1.23,41,OGLETHORPE,0.03,4/10/2024 14:30,4/10/2024 11:53,Price Code 1,CUSTOMER PICKUP,False,Sharing Floor Athens,01-SH,30648.0,Lexington,"PRODUCE, FRESH SHL",Mixed Produce
451,173055,8512,L-105,Lexington Baptist Church,476685,,FP/GNAP/USDA,FOOD PANTRY-Agency,USDA,C-50-10049,2,0,0,14.04,78,OGLETHORPE,0.18,1/19/2024 0:00,1/19/2024 14:07,Price Code 1,CUSTOMER PICKUP,False,Food Bank of Northeast Georgia,01,30648.0,Lexington,USDA GRAPEFRUIT CCC,Fruits
1007,177629,875,S-141,SWAG Ministries,480249,,FP/OP/USDA,FOOD PANTRY-Agency,BLUE RECEIPT-SHL,W-04-10000,80,0,0,0.0,80,OGLETHORPE,0.0,3/20/2024 9:14,3/20/2024 9:19,Price Code 1,CUSTOMER PICKUP,False,Sharing Floor Athens,01-SH,30630.0,Crawford,"BREAD & BAKERY, ASSORTED SHL",Grains
451,177442,6780,L-105,Lexington Baptist Church,480062,,FP/GNAP/USDA,FOOD PANTRY-Agency,USDA,C-50-10024,2,0,0,8.6,86,OGLETHORPE,0.1,3/20/2024 14:30,3/20/2024 10:44,Price Code 1,CUSTOMER PICKUP,False,Food Bank of Northeast Georgia,01,30648.0,Lexington,USDA APPLES,Fruits
713,175990,8957,B-136,Burt's United Methodist Church,478618,,FP/GNAP/USDA,FOOD PANTRY-Agency,YELLOW RECEIPT - SHN,N-25-11956,2,0,0,1.44,8,OGLETHORPE,0.18,2/26/2024 13:44,2/26/2024 14:00,Price Code 1,CUSTOMER PICKUP,False,Food Bank of Northeast Georgia,01,30627.0,Lexington,HONEYMAID GRAHAM CRACKERS,Food Misc.
1007,175615,875,S-141,SWAG Ministries,478243,,FP/OP/USDA,FOOD PANTRY-Agency,BLUE RECEIPT-SHL,W-04-10000,20,0,0,0.0,20,OGLETHORPE,0.0,2/14/2024 9:49,2/14/2024 10:01,Price Code 1,CUSTOMER PICKUP,False,Sharing Floor Athens,01-SH,30630.0,Crawford,"BREAD & BAKERY, ASSORTED SHL",Grains
451,181198,688,L-105,Lexington Baptist Church,483803,,FP/GNAP/USDA,FOOD PANTRY-Agency,BLUE RECEIPT-SHL,W-01-10000,4,0,0,0.72,4,OGLETHORPE,0.18,5/22/2024 14:30,5/22/2024 11:52,Price Code 1,CUSTOMER PICKUP,False,Sharing Floor Athens,01-SH,30648.0,Lexington,"ASSORTED NON-FOOD ITEMS, SHL",Non-Food Misc.
940,182915,8986,O-114,Oconee Baptist Church ,FAIMPORT485517,,FOOD PANTRY,FOOD PANTRY-Agency,BLUE RECEIPT-SHL,MCW-01-10001,70,0,0,0.0,70,OGLETHORPE,0.0,6/29/2024 0:00,6/29/2024 0:00,Price Code 1,CUSTOMER PICKUP,False,Food Bank of Northeast Georgia,01,30667.0,Stephens,"NON-FOOD ITEMS, SHL RETAIL PICKUPS",Non-Food Misc.
940,182475,5407,O-114,Oconee Baptist Church ,485079,,FOOD PANTRY,FOOD PANTRY-Agency,BLUE RECEIPT-SHL,F-15-10000,77,0,0,13.86,77,OGLETHORPE,0.18,6/21/2024 11:44,6/21/2024 11:51,Price Code 1,CONTACT FOR DELIVERY,False,Sharing Floor Athens,01-SH,30667.0,Stephens,"MEAT & SEAFOOD, FROZEN SHL",Proteins
1007,180041,3203,S-141,SWAG Ministries,482649,,FP/OP/USDA,FOOD PANTRY-Agency,USDA,N-50-10289,2,0,0,9.0,50,OGLETHORPE,0.18,5/8/2024 8:00,5/8/2024 10:45,Price Code 1,CUSTOMER PICKUP,False,Food Bank of Northeast Georgia,01,30630.0,Crawford,USDA PECAN PIECES,Proteins
451,175626,1045,L-105,Lexington Baptist Church,478254,,FP/GNAP/USDA,FOOD PANTRY-Agency,BLUE RECEIPT-SHL,W-25-10009,70,0,0,12.6,70,OGLETHORPE,0.18,2/14/2024 14:30,2/14/2024 11:55,Price Code 1,CUSTOMER PICKUP,False,Sharing Floor Athens,01-SH,30648.0,Lexington,"ASSORTED SNACK ITEMS, SHL",Food Misc.
451,173918,92,L-105,Lexington Baptist Church,477547,,FP/GNAP/USDA,FOOD PANTRY-Agency,LOCAL - LL,W-01-10002,14,0,0,0.0,14,OGLETHORPE,0.0,1/31/2024 14:30,1/31/2024 12:05,Price Code 1,CUSTOMER PICKUP,False,Sharing Floor Athens,01-SH,30648.0,Lexington,"ASSORTED NON-FOOD ITEMS, LL",Non-Food Misc.
162,180640,8975,O-101,Oglethorpe County Senior Center,FAIMPORT483246,,FP/OP/USDA,SENIOR-Agency,BLUE RECEIPT-SHL,MCC-07-10001,349,0,0,0.0,349,OGLETHORPE,0.0,5/9/2024 0:00,5/9/2024 0:00,Price Code 1,CUSTOMER PICKUP,False,Food Bank of Northeast Georgia,01,30630.0,Crawford,"DAIRY PRODUCTS, SHL RETAIL PICKUPS",Dairy
433,181132,683,T-114,Thankful Baptist Church,483737,,FP/OP/GNAP/USDA,YOUTH-Agency,BLUE RECEIPT-SHL,W-16-10001,60,0,0,10.8,60,OGLETHORPE,0.18,5/21/2024 15:14,5/21/2024 10:57,Price Code 1,CUSTOMER PICKUP,False,Sharing Floor Athens,01-SH,30667.0,Stephens,MISC. FOOD BOX SHL,Food Misc.
646,181216,690,C-168,Crawford Pentecostal Church,483821,,FP/USDA,AFTER SCHOOL PROGRAM-Agency,BLUE RECEIPT-SHL,W-03-10013,172,0,0,0.0,172,OGLETHORPE,0.0,5/22/2024 12:13,5/22/2024 15:06,Price Code 1,CUSTOMER PICKUP,False,Sharing Floor Athens,01-SH,30630.0,Crawford,"ASSORTED BEVERAGES, SHL",Beverages
566,180951,7414,MSFP-OGL,Oglethorpe School Food Pantry,483557,,FOOD PANTRY,DIRECT ASSISTANCE-Agency,PURCH,C-28-90525,5,0,0,0.0,110,OGLETHORPE,0.0,5/16/2024 15:00,5/16/2024 14:06,Mobile Pantry/Feed Site Only,TRUCK 1 MOBILE PANTRY,False,Food Bank of Northeast Georgia,01,30630.0,Crawford,BROCCOLI CROWNS,Vegetables 
433,179039,683,T-114,Thankful Baptist Church,481653,,FP/OP/GNAP/USDA,YOUTH-Agency,BLUE RECEIPT-SHL,W-16-10001,9,0,0,1.62,9,OGLETHORPE,0.18,4/16/2024 15:14,4/16/2024 10:53,Price Code 1,CUSTOMER PICKUP,False,Sharing Floor Athens,01-SH,30667.0,Stephens,MISC. FOOD BOX SHL,Food Misc.
451,182385,4715,L-105,Lexington Baptist Church,484989,,FP/GNAP/USDA,FOOD PANTRY-Agency,USDA,F-50-90461,1,0,0,4.0,40,OGLETHORPE,0.1,6/26/2024 12:30,6/26/2024 12:28,Price Code 1,CUSTOMER PICKUP,False,Food Bank of Northeast Georgia,01,30648.0,Lexington,USDA ALASKAN POLLACK FISH FILLETS,Proteins
817,177251,6351,F2KOGL,Food 2 Kids Oglethorpe County,479871,,DIRECT ASSISTANCE,DIRECT ASSISTANCE-Agency,BLUE RECEIPT-SHL,C-28-90163,6,0,0,0.0,300,OGLETHORPE,0.0,3/21/2024 15:30,3/27/2024 10:00,Price Code 1,CUSTOMER PICKUP,False,Food Bank of Northeast Georgia,01,30607.0,Athens,YUKON GOLD POTATOES,Potatoes 
940,177771,696,O-114,Oconee Baptist Church ,480390,,FOOD PANTRY,FOOD PANTRY-Agency,LOCAL - LL,W-25-10000,80,0,0,14.4,80,OGLETHORPE,0.18,3/22/2024 9:55,3/22/2024 9:58,Price Code 1,CONTACT FOR DELIVERY,False,Sharing Floor Athens,01-SH,30667.0,Stephens,"ASSORTED SNACK ITEMS, LL",Food Misc.
1007,175771,4715,S-141,SWAG Ministries,478399,,FP/OP/USDA,FOOD PANTRY-Agency,USDA,F-50-90461,2,0,0,8.0,80,OGLETHORPE,0.1,2/28/2024 6:43,2/28/2024 8:35,Price Code 1,CUSTOMER PICKUP,False,Food Bank of Northeast Georgia,01,30630.0,Crawford,USDA ALASKAN POLLACK FISH FILLETS,Proteins
433,173114,5958,T-114,Thankful Baptist Church,476744,,FP/OP/GNAP/USDA,YOUTH-Agency,BLUE RECEIPT-SHL,C-16-10001,25,0,0,0.0,25,OGLETHORPE,0.0,1/16/2024 15:14,1/16/2024 11:00,Price Code 1,CUSTOMER PICKUP,False,Sharing Floor Athens,01-SH,30667.0,Stephens,"COOLER FOOD, MISC. SHL",Food Misc.
817,178732,9015,F2KOGL,Food 2 Kids Oglethorpe County,481346,,DIRECT ASSISTANCE,DIRECT ASSISTANCE-Agency,USDA,N-50-10314,2,0,0,0.0,98,OGLETHORPE,0.0,4/18/2024 15:00,4/24/2024 11:39,Price Code 1,TRUCK 1 MOBILE PANTRY,False,Food Bank of Northeast Georgia,01,30607.0,Athens,USDA RICE CCC,Grains
433,181541,8973,T-114,Thankful Baptist Church,FAIMPORT484145,,FP/OP/GNAP/USDA,YOUTH-Agency,BLUE RECEIPT-SHL,MCC-16-10001,47,0,0,0.0,47,OGLETHORPE,0.0,5/24/2024 0:00,5/24/2024 0:00,Price Code 1,CUSTOMER PICKUP,False,Food Bank of Northeast Georgia,01,30667.0,Stephens,"COOLER FOOD MISC., SHL RETAIL PICKUP",Food Misc.
451,173736,8915,L-105,Lexington Baptist Church,477365,,FP/GNAP/USDA,FOOD PANTRY-Agency,USDA,F-50-90474,1,0,0,7.2,40,OGLETHORPE,0.18,1/31/2024 14:30,1/31/2024 14:20,Price Code 1,CUSTOMER PICKUP,False,Food Bank of Northeast Georgia,01,30648.0,Lexington,USDA PACIFIC SALAD SHRIMP,Proteins
817,178738,2414,F2KOGL,Food 2 Kids Oglethorpe County,481352,,DIRECT ASSISTANCE,DIRECT ASSISTANCE-Agency,USDA,N-50-10244,4,0,0,0.0,144,OGLETHORPE,0.0,4/18/2024 15:30,4/24/2024 11:26,Price Code 1,TRUCK 1 MOBILE PANTRY,False,Food Bank of Northeast Georgia,01,30607.0,Athens,USDA CANNED BEEF CCC,Proteins
1007,180411,5938,S-141,SWAG Ministries,483017,,FP/OP/USDA,FOOD PANTRY-Agency,BLUE RECEIPT-SHL,C-28-10001,107,0,0,3.21,107,OGLETHORPE,0.03,5/8/2024 9:37,5/8/2024 9:44,Price Code 1,CUSTOMER PICKUP,False,Sharing Floor Athens,01-SH,30630.0,Crawford,"PRODUCE, FRESH SHL",Mixed Produce
433,173781,8930,T-114,Thankful Baptist Church,477410,,FP/OP/GNAP/USDA,YOUTH-Agency,BLUE RECEIPT-SHL,N-03-11805,1,0,0,0.0,18,OGLETHORPE,0.0,2/6/2024 15:14,2/6/2024 11:20,Price Code 1,CUSTOMER PICKUP,False,Food Bank of Northeast Georgia,01,30667.0,Stephens,GATORADE ORANGE ZERO SUGAR,Beverages
1007,176350,5938,S-141,SWAG Ministries,478975,,FP/OP/USDA,FOOD PANTRY-Agency,BLUE RECEIPT-SHL,C-28-10001,68,0,0,2.04,68,OGLETHORPE,0.03,2/28/2024 9:23,2/28/2024 9:26,Price Code 1,CUSTOMER PICKUP,False,Sharing Floor Athens,01-SH,30630.0,Crawford,"PRODUCE, FRESH SHL",Mixed Produce
451,181198,235,L-105,Lexington Baptist Church,483803,,FP/GNAP/USDA,FOOD PANTRY-Agency,LOCAL - LL,W-03-10012,134,0,0,0.0,134,OGLETHORPE,0.0,5/22/2024 14:30,5/22/2024 11:52,Price Code 1,CUSTOMER PICKUP,False,Sharing Floor Athens,01-SH,30648.0,Lexington,"ASSORTED BEVERAGES, LL",Beverages
713,180394,6780,B-136,Burt's United Methodist Church,483000,,FP/GNAP/USDA,FOOD PANTRY-Agency,USDA,C-50-10024,6,0,0,25.8,258,OGLETHORPE,0.1,5/13/2024 9:15,5/13/2024 10:47,Price Code 1,CUSTOMER PICKUP,False,Food Bank of Northeast Georgia,01,30627.0,Lexington,USDA APPLES,Fruits
451,178668,1045,L-105,Lexington Baptist Church,481284,,FP/GNAP/USDA,FOOD PANTRY-Agency,BLUE RECEIPT-SHL,W-25-10009,26,0,0,4.68,26,OGLETHORPE,0.18,4/10/2024 14:30,4/10/2024 11:53,Price Code 1,CUSTOMER PICKUP,False,Sharing Floor Athens,01-SH,30648.0,Lexington,"ASSORTED SNACK ITEMS, SHL",Food Misc.
1007,180041,5637,S-141,SWAG Ministries,482649,,FP/OP/USDA,FOOD PANTRY-Agency,USDA,F-50-90019,2,0,0,0.0,60,OGLETHORPE,0.0,5/8/2024 8:00,5/8/2024 10:45,Price Code 1,CUSTOMER PICKUP,False,Food Bank of Northeast Georgia,01,30630.0,Crawford,USDA FROZEN BLUEBERRIES CCC,Fruits
451,181777,1674,L-105,Lexington Baptist Church,484381,,FP/GNAP/USDA,FOOD PANTRY-Agency,USDA,N-50-10073,15,0,0,0.0,405,OGLETHORPE,0.0,6/10/2024 14:30,6/13/2024 5:23,Price Code 1,TRUCK 1 MOBILE PANTRY,False,Food Bank of Northeast Georgia,01,30648.0,Lexington,USDA TOMATO SAUCE,Vegetables 
433,181784,3712,T-114,Thankful Baptist Church,484388,,FP/OP/GNAP/USDA,YOUTH-Agency,USDA,N-50-10266,13,0,0,0.0,351,OGLETHORPE,0.0,6/15/2024 7:00,6/15/2024 9:53,Price Code 1,TRUCK 1 MOBILE PANTRY,False,Food Bank of Northeast Georgia,01,30667.0,Stephens,USDA CANNED PINTO BEANS,Proteins
451,179326,9020,L-105,Lexington Baptist Church,481939,,FP/GNAP/USDA,FOOD PANTRY-Agency,BLUE RECEIPT-SHL,F-15-90560,1,0,0,3.24,18,OGLETHORPE,0.18,4/24/2024 14:30,4/24/2024 10:56,Price Code 1,CUSTOMER PICKUP,False,Food Bank of Northeast Georgia,01,30648.0,Lexington,APPLETON PORK SAUSAGE,Proteins
433,175872,5407,T-114,Thankful Baptist Church,478500,,FP/OP/GNAP/USDA,YOUTH-Agency,BLUE RECEIPT-SHL,F-15-10000,63,0,0,11.34,63,OGLETHORPE,0.18,2/20/2024 15:14,2/20/2024 11:03,Price Code 1,CUSTOMER PICKUP,False,Sharing Floor Athens,01-SH,30667.0,Stephens,"MEAT & SEAFOOD, FROZEN SHL",Proteins
817,178732,8720,F2KOGL,Food 2 Kids Oglethorpe County,481346,,DIRECT ASSISTANCE,DIRECT ASSISTANCE-Agency,USDA,N-50-10305,4,0,0,0.0,56,OGLETHORPE,0.0,4/18/2024 15:00,4/24/2024 11:39,Price Code 1,TRUCK 1 MOBILE PANTRY,False,Food Bank of Northeast Georgia,01,30607.0,Athens,USDA MIXED VEGETABLES CCC,Vegetables 
451,182595,5681,L-105,Lexington Baptist Church,485198,,FP/GNAP/USDA,FOOD PANTRY-Agency,LOCAL - LL,C-16-10000,3,0,0,0.54,3,OGLETHORPE,0.18,6/26/2024 14:30,6/26/2024 11:45,Price Code 1,CUSTOMER PICKUP,False,Food Bank of Northeast Georgia,01,30648.0,Lexington,"COOLER FOOD, MISC. LL",Food Misc.
433,182369,8975,T-114,Thankful Baptist Church,FAIMPORT484973,,FP/OP/GNAP/USDA,YOUTH-Agency,BLUE RECEIPT-SHL,MCC-07-10001,13,0,0,0.0,13,OGLETHORPE,0.0,6/14/2024 0:00,6/14/2024 0:00,Price Code 1,CUSTOMER PICKUP,False,Food Bank of Northeast Georgia,01,30667.0,Stephens,"DAIRY PRODUCTS, SHL RETAIL PICKUPS",Dairy
817,177251,4449,F2KOGL,Food 2 Kids Oglethorpe County,479871,,DIRECT ASSISTANCE,DIRECT ASSISTANCE-Agency,USDA,F-50-90445,5,0,0,0.0,205,OGLETHORPE,0.0,3/21/2024 15:30,3/27/2024 10:00,Price Code 1,CUSTOMER PICKUP,False,Food Bank of Northeast Georgia,01,30607.0,Athens,USDA FULLY COOKED PULLED PORK CCC,Proteins
1007,175771,7284,S-141,SWAG Ministries,478399,,FP/OP/USDA,FOOD PANTRY-Agency,USDA,C-50-10043,2,0,0,0.0,52,OGLETHORPE,0.0,2/28/2024 6:43,2/28/2024 8:35,Price Code 1,CUSTOMER PICKUP,False,Food Bank of Northeast Georgia,01,30630.0,Crawford,USDA RED FAT AMERICAN CHEESE CCC,Dairy
451,180426,875,L-105,Lexington Baptist Church,483032,,FP/GNAP/USDA,FOOD PANTRY-Agency,BLUE RECEIPT-SHL,W-04-10000,53,0,0,0.0,53,OGLETHORPE,0.0,5/8/2024 14:30,5/8/2024 11:51,Price Code 1,CUSTOMER PICKUP,False,Sharing Floor Athens,01-SH,30648.0,Lexington,"BREAD & BAKERY, ASSORTED SHL",Grains
940,182558,8973,O-114,Oconee Baptist Church ,FAIMPORT485161,,FOOD PANTRY,FOOD PANTRY-Agency,BLUE RECEIPT-SHL,MCC-16-10001,80,0,0,0.0,80,OGLETHORPE,0.0,6/20/2024 0:00,6/20/2024 0:00,Price Code 1,CUSTOMER PICKUP,False,Food Bank of Northeast Georgia,01,30667.0,Stephens,"COOLER FOOD MISC., SHL RETAIL PICKUP",Food Misc.
940,181788,8874,O-114,Oconee Baptist Church ,484392,,FOOD PANTRY,FOOD PANTRY-Agency,YELLOW RECEIPT - SHN,F-10-10002,10,0,0,0.9,30,OGLETHORPE,0.03,6/6/2024 0:00,6/6/2024 11:37,Price Code 1,CONTACT FOR DELIVERY,False,Food Bank of Northeast Georgia,01,30667.0,Stephens,OUTSHINE TROPICAL SMOOTHIE CUBES,Beverages
433,179434,5407,T-114,Thankful Baptist Church,482047,,FP/OP/GNAP/USDA,YOUTH-Agency,BLUE RECEIPT-SHL,F-15-10000,196,0,0,35.28,196,OGLETHORPE,0.18,4/23/2024 15:14,4/23/2024 10:37,Price Code 1,CUSTOMER PICKUP,False,Sharing Floor Athens,01-SH,30667.0,Stephens,"MEAT & SEAFOOD, FROZEN SHL",Proteins
433,173781,8766,T-114,Thankful Baptist Church,477410,,FP/OP/GNAP/USDA,YOUTH-Agency,LOCAL - LL,N-25-11919,1,0,0,0.36,2,OGLETHORPE,0.18,2/6/2024 15:14,2/6/2024 11:20,Price Code 1,CUSTOMER PICKUP,False,Food Bank of Northeast Georgia,01,30667.0,Stephens,GHIRARDELLI SEA SALT CARAMEL CHOCOLATE,Food Misc.
433,181784,2202,T-114,Thankful Baptist Church,484388,,FP/OP/GNAP/USDA,YOUTH-Agency,USDA,N-50-10240,15,0,0,0.0,330,OGLETHORPE,0.0,6/15/2024 7:00,6/15/2024 9:53,Price Code 1,TRUCK 1 MOBILE PANTRY,False,Food Bank of Northeast Georgia,01,30667.0,Stephens,USDA SPAGHETTI,Grains
817,178738,842,F2KOGL,Food 2 Kids Oglethorpe County,481352,,DIRECT ASSISTANCE,DIRECT ASSISTANCE-Agency,USDA,N-50-10021,4,0,0,0.0,108,OGLETHORPE,0.0,4/18/2024 15:30,4/24/2024 11:26,Price Code 1,TRUCK 1 MOBILE PANTRY,False,Food Bank of Northeast Georgia,01,30607.0,Athens,USDA DICED TOMATOES NO SALT CCC,Vegetables 
940,179092,5938,O-114,Oconee Baptist Church ,481706,,FOOD PANTRY,FOOD PANTRY-Agency,BLUE RECEIPT-SHL,C-28-10001,77,0,0,2.31,77,OGLETHORPE,0.03,4/17/2024 9:38,4/17/2024 9:44,Price Code 1,CONTACT FOR DELIVERY,False,Sharing Floor Athens,01-SH,30667.0,Stephens,"PRODUCE, FRESH SHL",Mixed Produce
940,181526,8970,O-114,Oconee Baptist Church ,FAIMPORT484130,,FOOD PANTRY,FOOD PANTRY-Agency,BLUE RECEIPT-SHL,MCW-16-10001,5,0,0,0.0,5,OGLETHORPE,0.0,5/23/2024 0:00,5/23/2024 0:00,Price Code 1,CONTACT FOR DELIVERY,False,Food Bank of Northeast Georgia,01,30667.0,Stephens,"MISC. FOOD BOX, SHL RETAIL PICKUP",Food Misc.
451,173194,5958,L-105,Lexington Baptist Church,476824,,FP/GNAP/USDA,FOOD PANTRY-Agency,BLUE RECEIPT-SHL,C-16-10001,56,0,0,0.0,56,OGLETHORPE,0.0,1/17/2024 14:30,1/17/2024 12:10,Price Code 1,CUSTOMER PICKUP,False,Sharing Floor Athens,01-SH,30648.0,Lexington,"COOLER FOOD, MISC. SHL",Food Misc.
162,182138,8971,O-101,Oglethorpe County Senior Center,FAIMPORT484742,,FP/OP/USDA,SENIOR-Agency,BLUE RECEIPT-SHL,MCF-16-10001,37,0,0,0.0,37,OGLETHORPE,0.0,6/3/2024 0:00,6/3/2024 0:00,Price Code 1,CUSTOMER PICKUP,False,Food Bank of Northeast Georgia,01,30630.0,Crawford,"FROZEN FOODS, MISC SHL RETAIL PICKUP",Food Misc.
433,182572,8970,T-114,Thankful Baptist Church,FAIMPORT485175,,FP/OP/GNAP/USDA,YOUTH-Agency,BLUE RECEIPT-SHL,MCW-16-10001,118,0,0,0.0,118,OGLETHORPE,0.0,6/21/2024 0:00,6/21/2024 0:00,Price Code 1,CUSTOMER PICKUP,False,Food Bank of Northeast Georgia,01,30667.0,Stephens,"MISC. FOOD BOX, SHL RETAIL PICKUP",Food Misc.
451,181777,842,L-105,Lexington Baptist Church,484381,,FP/GNAP/USDA,FOOD PANTRY-Agency,USDA,N-50-10021,13,0,0,0.0,351,OGLETHORPE,0.0,6/10/2024 14:30,6/13/2024 5:23,Price Code 1,TRUCK 1 MOBILE PANTRY,False,Food Bank of Northeast Georgia,01,30648.0,Lexington,USDA DICED TOMATOES NO SALT CCC,Vegetables 
713,180394,4269,B-136,Burt's United Methodist Church,483000,,FP/GNAP/USDA,FOOD PANTRY-Agency,USDA,N-50-10273,4,0,0,17.28,96,OGLETHORPE,0.18,5/13/2024 9:15,5/13/2024 10:47,Price Code 1,CUSTOMER PICKUP,False,Food Bank of Northeast Georgia,01,30627.0,Lexington,USDA DRY NAVY BEANS CCC,Proteins
162,180001,8976,O-101,Oglethorpe County Senior Center,FAIMPORT482609,,FP/OP/USDA,SENIOR-Agency,BLUE RECEIPT-SHL,MCC-28-10001,150,0,0,0.0,150,OGLETHORPE,0.0,4/29/2024 0:00,4/29/2024 0:00,Price Code 1,CUSTOMER PICKUP,False,Food Bank of Northeast Georgia,01,30630.0,Crawford,"PRODUCE, SHL RETAIL PICKUPS",Mixed Produce
713,176961,8587,B-136,Burt's United Methodist Church,479583,,FP/GNAP/USDA,FOOD PANTRY-Agency,BLUE RECEIPT-SHL,N-03-10269,3,0,0,0.0,84,OGLETHORPE,0.0,3/19/2024 13:44,3/19/2024 12:19,Price Code 1,CUSTOMER PICKUP,False,Food Bank of Northeast Georgia,01,30627.0,Lexington,PEPSI ZERO SUGAR,Beverages
433,182321,690,T-114,Thankful Baptist Church,484925,,FP/OP/GNAP/USDA,YOUTH-Agency,BLUE RECEIPT-SHL,W-03-10013,83,0,0,0.0,83,OGLETHORPE,0.0,6/18/2024 15:14,6/18/2024 10:55,Price Code 1,CUSTOMER PICKUP,False,Sharing Floor Athens,01-SH,30667.0,Stephens,"ASSORTED BEVERAGES, SHL",Beverages
940,178381,8974,O-114,Oconee Baptist Church ,480997,,FOOD PANTRY,FOOD PANTRY-Agency,BLUE RECEIPT-SHL,MCW-04-10000,99,0,0,0.0,99,OGLETHORPE,0.0,4/5/2024 9:46,4/24/2024 11:29,Price Code 1,CONTACT FOR DELIVERY,False,Sharing Floor Athens,01-SH,30667.0,Stephens,"BREAD AND BAKERY, SHL RETAIL PICKUPS",Grains
713,178357,7167,B-136,Burt's United Methodist Church,480973,,FP/GNAP/USDA,FOOD PANTRY-Agency,BLUE RECEIPT-SHL,N-03-11200,4,0,0,0.0,40,OGLETHORPE,0.0,4/10/2024 13:44,4/10/2024 14:26,Price Code 1,CUSTOMER PICKUP,False,Food Bank of Northeast Georgia,01,30627.0,Lexington,DR PEPPER ZERO SUGAR,Beverages
451,175210,8922,L-105,Lexington Baptist Church,477839,,FP/GNAP/USDA,FOOD PANTRY-Agency,LOCAL - LL,N-25-11954,4,0,0,3.6,20,OGLETHORPE,0.18,2/9/2024 14:30,2/20/2024 13:43,Price Code 1,CUSTOMER PICKUP,False,Food Bank of Northeast Georgia,01,30648.0,Lexington,ATKINS VAR PACK CHOC PEANUT/CARAMEL,Food Misc.
433,179147,9013,T-114,Thankful Baptist Church,481760,,FP/OP/GNAP/USDA,YOUTH-Agency,USDA,N-50-10313,13,0,0,0.0,312,OGLETHORPE,0.0,4/20/2024 7:00,4/22/2024 13:45,Price Code 1,TRUCK 1 MOBILE PANTRY,False,Food Bank of Northeast Georgia,01,30667.0,Stephens,USDA LIGHT RED KIDNEY BEANS 24/1LB,Proteins
451,180426,5958,L-105,Lexington Baptist Church,483032,,FP/GNAP/USDA,FOOD PANTRY-Agency,BLUE RECEIPT-SHL,C-16-10001,53,0,0,9.54,53,OGLETHORPE,0.18,5/8/2024 14:30,5/8/2024 11:51,Price Code 1,CUSTOMER PICKUP,False,Sharing Floor Athens,01-SH,30648.0,Lexington,"COOLER FOOD, MISC. SHL",Food Misc.
1007,181916,5958,S-141,SWAG Ministries,484520,,FP/OP/USDA,FOOD PANTRY-Agency,BLUE RECEIPT-SHL,C-16-10001,13,0,0,2.34,13,OGLETHORPE,0.18,6/5/2024 9:27,6/5/2024 9:32,Price Code 1,CUSTOMER PICKUP,False,Sharing Floor Athens,01-SH,30630.0,Crawford,"COOLER FOOD, MISC. SHL",Food Misc.
1007,180322,6655,S-141,SWAG Ministries,482928,,FP/OP/USDA,FOOD PANTRY-Agency,LOCAL - LL,C-28-90413,1,0,0,0.0,50,OGLETHORPE,0.0,5/15/2024 8:00,5/15/2024 9:35,Price Code 1,CUSTOMER PICKUP,False,Food Bank of Northeast Georgia,01,30630.0,Crawford,CABBAGE,Vegetables 
451,179106,1045,L-105,Lexington Baptist Church,481720,,FP/GNAP/USDA,FOOD PANTRY-Agency,BLUE RECEIPT-SHL,W-25-10009,22,0,0,3.96,22,OGLETHORPE,0.18,4/17/2024 14:30,4/17/2024 11:48,Price Code 1,CUSTOMER PICKUP,False,Sharing Floor Athens,01-SH,30648.0,Lexington,"ASSORTED SNACK ITEMS, SHL",Food Misc.
817,178738,3943,F2KOGL,Food 2 Kids Oglethorpe County,481352,,DIRECT ASSISTANCE,DIRECT ASSISTANCE-Agency,USDA,N-50-10268,6,0,0,0.0,228,OGLETHORPE,0.0,4/18/2024 15:30,4/24/2024 11:26,Price Code 1,TRUCK 1 MOBILE PANTRY,False,Food Bank of Northeast Georgia,01,30607.0,Athens,USDA APPLE JUICE,Beverages
451,182595,92,L-105,Lexington Baptist Church,485198,,FP/GNAP/USDA,FOOD PANTRY-Agency,LOCAL - LL,W-01-10002,1,0,0,0.0,1,OGLETHORPE,0.0,6/26/2024 14:30,6/26/2024 11:45,Price Code 1,CUSTOMER PICKUP,False,Food Bank of Northeast Georgia,01,30648.0,Lexington,"ASSORTED NON-FOOD ITEMS, LL",Non-Food Misc.
451,173549,5958,L-105,Lexington Baptist Church,477178,,FP/GNAP/USDA,FOOD PANTRY-Agency,BLUE RECEIPT-SHL,C-16-10001,71,0,0,12.78,71,OGLETHORPE,0.18,1/24/2024 14:30,1/24/2024 12:07,Price Code 1,CUSTOMER PICKUP,False,Sharing Floor Athens,01-SH,30648.0,Lexington,"COOLER FOOD, MISC. SHL",Food Misc.
451,173194,875,L-105,Lexington Baptist Church,476824,,FP/GNAP/USDA,FOOD PANTRY-Agency,BLUE RECEIPT-SHL,W-04-10000,41,0,0,0.0,41,OGLETHORPE,0.0,1/17/2024 14:30,1/17/2024 12:10,Price Code 1,CUSTOMER PICKUP,False,Sharing Floor Athens,01-SH,30648.0,Lexington,"BREAD & BAKERY, ASSORTED SHL",Grains
1007,172854,690,S-141,SWAG Ministries,476485,,FP/OP/USDA,FOOD PANTRY-Agency,BLUE RECEIPT-SHL,W-03-10013,48,0,0,1.44,48,OGLETHORPE,0.03,1/10/2024 9:44,1/10/2024 9:48,Price Code 1,CUSTOMER PICKUP,False,Sharing Floor Athens,01-SH,30630.0,Crawford,"ASSORTED BEVERAGES, SHL",Beverages
1007,173286,8918,S-141,SWAG Ministries,476915,,FP/OP/USDA,FOOD PANTRY-Agency,LOCAL - LL,N-25-11950,5,0,0,1.8,10,OGLETHORPE,0.18,1/26/2024 3:37,2/20/2024 13:35,Price Code 1,CUSTOMER PICKUP,False,Food Bank of Northeast Georgia,01,30630.0,Crawford,GHIRARDELLI DARK CHOCOLATE,Food Misc.
451,181600,1674,L-105,Lexington Baptist Church,484204,,FP/GNAP/USDA,FOOD PANTRY-Agency,USDA,N-50-10073,1,0,0,4.86,27,OGLETHORPE,0.18,6/7/2024 11:30,6/7/2024 13:11,Price Code 1,CUSTOMER PICKUP,False,Food Bank of Northeast Georgia,01,30648.0,Lexington,USDA TOMATO SAUCE,Vegetables 
1007,181502,5958,S-141,SWAG Ministries,484106,,FP/OP/USDA,FOOD PANTRY-Agency,BLUE RECEIPT-SHL,C-16-10001,15,0,0,2.7,15,OGLETHORPE,0.18,5/29/2024 9:32,5/29/2024 9:35,Price Code 1,CUSTOMER PICKUP,False,Sharing Floor Athens,01-SH,30630.0,Crawford,"COOLER FOOD, MISC. SHL",Food Misc.
162,178429,8973,O-101,Oglethorpe County Senior Center,FAIMPORT481045,,FP/OP/USDA,SENIOR-Agency,BLUE RECEIPT-SHL,MCC-16-10001,31,0,0,0.0,31,OGLETHORPE,0.0,3/28/2024 0:00,3/28/2024 0:00,Price Code 1,CUSTOMER PICKUP,False,Food Bank of Northeast Georgia,01,30630.0,Crawford,"COOLER FOOD MISC., SHL RETAIL PICKUP",Food Misc.
433,179499,8970,T-114,Thankful Baptist Church,FAIMPORT482112,,FP/OP/GNAP/USDA,YOUTH-Agency,BLUE RECEIPT-SHL,MCW-16-10001,2170,0,0,0.0,2170,OGLETHORPE,0.0,4/19/2024 0:00,4/19/2024 0:00,Price Code 1,CUSTOMER PICKUP,False,Food Bank of Northeast Georgia,01,30667.0,Stephens,"MISC. FOOD BOX, SHL RETAIL PICKUP",Food Misc.
433,177542,50,T-114,Thankful Baptist Church,480162,,FP/OP/GNAP/USDA,YOUTH-Agency,LOCAL - LL,W-16-10002,26,0,0,4.68,26,OGLETHORPE,0.18,3/19/2024 15:14,3/19/2024 10:41,Price Code 1,CUSTOMER PICKUP,False,Sharing Floor Athens,01-SH,30667.0,Stephens,MISC. FOOD BOX LL,Food Misc.
1007,175941,1045,S-141,SWAG Ministries,478569,,FP/OP/USDA,FOOD PANTRY-Agency,BLUE RECEIPT-SHL,W-25-10009,70,0,0,12.6,70,OGLETHORPE,0.18,2/21/2024 9:29,2/21/2024 9:37,Price Code 1,CUSTOMER PICKUP,False,Sharing Floor Athens,01-SH,30630.0,Crawford,"ASSORTED SNACK ITEMS, SHL",Food Misc.
451,178365,4422,L-105,Lexington Baptist Church,480981,,FP/GNAP/USDA,FOOD PANTRY-Agency,USDA,F-50-90452,50,0,0,0.0,1600,OGLETHORPE,0.0,4/8/2024 14:30,4/11/2024 13:06,Price Code 1,TRUCK 1 MOBILE PANTRY,False,Food Bank of Northeast Georgia,01,30648.0,Lexington,USDA PORK LOIN BONELESS ROAST,Proteins
713,178774,8990,B-136,Burt's United Methodist Church,481388,,FP/GNAP/USDA,FOOD PANTRY-Agency,BLUE RECEIPT-SHL,N-03-11819,7,0,0,0.0,231,OGLETHORPE,0.0,4/16/2024 13:44,4/17/2024 10:03,Price Code 1,CUSTOMER PICKUP,False,Food Bank of Northeast Georgia,01,30627.0,Lexington,CHERRY DR PEPPER,Beverages
162,179198,8976,O-101,Oglethorpe County Senior Center,FAIMPORT481811,,FP/OP/USDA,SENIOR-Agency,BLUE RECEIPT-SHL,MCC-28-10001,52,0,0,0.0,52,OGLETHORPE,0.0,4/12/2024 0:00,4/12/2024 0:00,Price Code 1,CUSTOMER PICKUP,False,Food Bank of Northeast Georgia,01,30630.0,Crawford,"PRODUCE, SHL RETAIL PICKUPS",Mixed Produce
817,177220,1822,F2KOGL,Food 2 Kids Oglethorpe County,479840,,DIRECT ASSISTANCE,DIRECT ASSISTANCE-Agency,GNAP,N-40-10140,10,0,0,0.0,180,OGLETHORPE,0.0,3/21/2024 15:00,3/27/2024 10:55,Price Code 1,TRACTOR TRAILER 1 MOBILE PANTRY,False,Food Bank of Northeast Georgia,01,30607.0,Athens,GNAP TUNA LIGHT CHUNK,Proteins
162,173307,8916,O-101,Oglethorpe County Senior Center,476936,,FP/OP/USDA,SENIOR-Agency,BLUE RECEIPT-SHL,N-03-11799,3,0,0,0.0,36,OGLETHORPE,0.0,1/24/2024 13:38,1/25/2024 14:31,Price Code 1,CUSTOMER PICKUP,False,Food Bank of Northeast Georgia,01,30630.0,Crawford,MONSTER COLD BREW LATTE,Beverages
433,182144,8970,T-114,Thankful Baptist Church,FAIMPORT484748,,FP/OP/GNAP/USDA,YOUTH-Agency,BLUE RECEIPT-SHL,MCW-16-10001,14,0,0,0.0,14,OGLETHORPE,0.0,6/7/2024 0:00,6/7/2024 0:00,Price Code 1,CUSTOMER PICKUP,False,Food Bank of Northeast Georgia,01,30667.0,Stephens,"MISC. FOOD BOX, SHL RETAIL PICKUP",Food Misc.
433,173781,8938,T-114,Thankful Baptist Church,477410,,FP/OP/GNAP/USDA,YOUTH-Agency,YELLOW RECEIPT - SHN,N-03-11808,1,0,0,0.0,18,OGLETHORPE,0.0,2/6/2024 15:14,2/6/2024 11:20,Price Code 1,CUSTOMER PICKUP,False,Food Bank of Northeast Georgia,01,30667.0,Stephens,GATORADE COOL BLUE ZERO SUGAR,Beverages
433,175872,683,T-114,Thankful Baptist Church,478500,,FP/OP/GNAP/USDA,YOUTH-Agency,BLUE RECEIPT-SHL,W-16-10001,43,0,0,7.74,43,OGLETHORPE,0.18,2/20/2024 15:14,2/20/2024 11:03,Price Code 1,CUSTOMER PICKUP,False,Sharing Floor Athens,01-SH,30667.0,Stephens,MISC. FOOD BOX SHL,Food Misc.
451,173194,696,L-105,Lexington Baptist Church,476824,,FP/GNAP/USDA,FOOD PANTRY-Agency,LOCAL - LL,W-25-10000,98,0,0,17.64,98,OGLETHORPE,0.18,1/17/2024 14:30,1/17/2024 12:10,Price Code 1,CUSTOMER PICKUP,False,Sharing Floor Athens,01-SH,30648.0,Lexington,"ASSORTED SNACK ITEMS, LL",Food Misc.
940,182360,8973,O-114,Oconee Baptist Church ,FAIMPORT484964,,FOOD PANTRY,FOOD PANTRY-Agency,BLUE RECEIPT-SHL,MCC-16-10001,125,0,0,0.0,125,OGLETHORPE,0.0,6/13/2024 0:00,6/13/2024 0:00,Price Code 1,CONTACT FOR DELIVERY,False,Food Bank of Northeast Georgia,01,30667.0,Stephens,"COOLER FOOD MISC., SHL RETAIL PICKUP",Food Misc.
1007,180411,683,S-141,SWAG Ministries,483017,,FP/OP/USDA,FOOD PANTRY-Agency,BLUE RECEIPT-SHL,W-16-10001,7,0,0,0.0,7,OGLETHORPE,0.0,5/8/2024 9:37,5/8/2024 9:44,Price Code 1,CUSTOMER PICKUP,False,Sharing Floor Athens,01-SH,30630.0,Crawford,MISC. FOOD BOX SHL,Food Misc.
451,176927,5388,L-105,Lexington Baptist Church,479549,,FP/GNAP/USDA,FOOD PANTRY-Agency,BLUE RECEIPT-SHL,F-16-10001,135,0,0,0.0,135,OGLETHORPE,0.0,3/11/2024 14:30,3/12/2024 9:29,Price Code 1,TRUCK 1 MOBILE PANTRY,False,Food Bank of Northeast Georgia,01,30648.0,Lexington,"ASSORTED FROZEN FOODS, SHL",Food Misc.
940,176586,8981,O-114,Oconee Baptist Church ,479210,,FOOD PANTRY,FOOD PANTRY-Agency,BLUE RECEIPT-SHL,F-15-90554,8,0,0,18.72,104,OGLETHORPE,0.18,3/6/2024 6:23,3/6/2024 12:20,Price Code 1,CUSTOMER PICKUP,False,Food Bank of Northeast Georgia,01,30667.0,Stephens,JENNIE-O TURKEY FRANKS,Proteins
1007,177219,690,S-141,SWAG Ministries,479839,,FP/OP/USDA,FOOD PANTRY-Agency,BLUE RECEIPT-SHL,W-03-10013,133,0,0,0.0,133,OGLETHORPE,0.0,3/13/2024 9:44,3/13/2024 9:45,Price Code 1,CUSTOMER PICKUP,False,Sharing Floor Athens,01-SH,30630.0,Crawford,"ASSORTED BEVERAGES, SHL",Beverages
1007,176749,683,S-141,SWAG Ministries,479372,,FP/OP/USDA,FOOD PANTRY-Agency,BLUE RECEIPT-SHL,W-16-10001,55,0,0,9.9,55,OGLETHORPE,0.18,3/6/2024 9:39,3/6/2024 9:47,Price Code 1,CUSTOMER PICKUP,False,Sharing Floor Athens,01-SH,30630.0,Crawford,MISC. FOOD BOX SHL,Food Misc.
940,176504,875,O-114,Oconee Baptist Church ,479128,,FOOD PANTRY,FOOD PANTRY-Agency,BLUE RECEIPT-SHL,W-04-10000,45,0,0,0.0,45,OGLETHORPE,0.0,3/1/2024 10:00,3/1/2024 10:12,Price Code 1,CONTACT FOR DELIVERY,False,Sharing Floor Athens,01-SH,30667.0,Stephens,"BREAD & BAKERY, ASSORTED SHL",Grains
451,177888,5938,L-105,Lexington Baptist Church,480507,,FP/GNAP/USDA,FOOD PANTRY-Agency,BLUE RECEIPT-SHL,C-28-10001,71,0,0,2.13,71,OGLETHORPE,0.03,3/26/2024 14:30,3/26/2024 14:19,Price Code 1,CUSTOMER PICKUP,False,Sharing Floor Athens,01-SH,30648.0,Lexington,"PRODUCE, FRESH SHL",Mixed Produce
817,177251,890,F2KOGL,Food 2 Kids Oglethorpe County,479871,,DIRECT ASSISTANCE,DIRECT ASSISTANCE-Agency,GNAP,N-40-10001,5,0,0,0.0,135,OGLETHORPE,0.0,3/21/2024 15:30,3/27/2024 10:00,Price Code 1,CUSTOMER PICKUP,False,Food Bank of Northeast Georgia,01,30607.0,Athens,GNAP APPLE SAUCE,Food Misc.
1007,173286,8683,S-141,SWAG Ministries,476915,,FP/OP/USDA,FOOD PANTRY-Agency,BLUE RECEIPT-SHL,N-03-11728,5,0,0,4.5,90,OGLETHORPE,0.05,1/26/2024 3:37,2/20/2024 13:35,Price Code 1,CUSTOMER PICKUP,False,Food Bank of Northeast Georgia,01,30630.0,Crawford,CRUSH ORANGE SODA,Beverages
433,180485,8973,T-114,Thankful Baptist Church,FAIMPORT483091,,FP/OP/GNAP/USDA,YOUTH-Agency,BLUE RECEIPT-SHL,MCC-16-10001,111,0,0,0.0,111,OGLETHORPE,0.0,5/3/2024 0:00,5/3/2024 0:00,Price Code 1,CUSTOMER PICKUP,False,Food Bank of Northeast Georgia,01,30667.0,Stephens,"COOLER FOOD MISC., SHL RETAIL PICKUP",Food Misc.
940,182915,8973,O-114,Oconee Baptist Church ,FAIMPORT485517,,FOOD PANTRY,FOOD PANTRY-Agency,BLUE RECEIPT-SHL,MCC-16-10001,88,0,0,0.0,88,OGLETHORPE,0.0,6/29/2024 0:00,6/29/2024 0:00,Price Code 1,CUSTOMER PICKUP,False,Food Bank of Northeast Georgia,01,30667.0,Stephens,"COOLER FOOD MISC., SHL RETAIL PICKUP",Food Misc.
940,181263,8974,O-114,Oconee Baptist Church ,FAIMPORT483868,,FOOD PANTRY,FOOD PANTRY-Agency,BLUE RECEIPT-SHL,MCW-04-10000,46,0,0,0.0,46,OGLETHORPE,0.0,5/16/2024 0:00,5/16/2024 0:00,Price Code 1,CONTACT FOR DELIVERY,False,Food Bank of Northeast Georgia,01,30667.0,Stephens,"BREAD AND BAKERY, SHL RETAIL PICKUPS",Grains
1007,181121,4411,S-141,SWAG Ministries,483726,,FP/OP/USDA,FOOD PANTRY-Agency,USDA,F-50-90465,2,0,0,7.56,42,OGLETHORPE,0.18,5/29/2024 10:30,5/29/2024 10:52,Price Code 1,CUSTOMER PICKUP,False,Food Bank of Northeast Georgia,01,30630.0,Crawford,USDA WILD CAUGHT GULF SHRIMP,Proteins
451,175210,8665,L-105,Lexington Baptist Church,477839,,FP/GNAP/USDA,FOOD PANTRY-Agency,BLUE RECEIPT-SHL,N-03-11268,4,0,0,2.76,92,OGLETHORPE,0.03,2/9/2024 14:30,2/20/2024 13:43,Price Code 1,CUSTOMER PICKUP,False,Food Bank of Northeast Georgia,01,30648.0,Lexington,PROPEL BERRY/KIWISTRAW/GRAPE,Beverages
1007,180849,5958,S-141,SWAG Ministries,483455,,FP/OP/USDA,FOOD PANTRY-Agency,BLUE RECEIPT-SHL,C-16-10001,16,0,0,2.88,16,OGLETHORPE,0.18,5/15/2024 9:22,5/15/2024 9:24,Price Code 1,CUSTOMER PICKUP,False,Sharing Floor Athens,01-SH,30630.0,Crawford,"COOLER FOOD, MISC. SHL",Food Misc.
1007,175615,5958,S-141,SWAG Ministries,478243,,FP/OP/USDA,FOOD PANTRY-Agency,BLUE RECEIPT-SHL,C-16-10001,61,0,0,0.0,61,OGLETHORPE,0.0,2/14/2024 9:49,2/14/2024 10:01,Price Code 1,CUSTOMER PICKUP,False,Sharing Floor Athens,01-SH,30630.0,Crawford,"COOLER FOOD, MISC. SHL",Food Misc.
451,178365,5960,L-105,Lexington Baptist Church,480981,,FP/GNAP/USDA,FOOD PANTRY-Agency,BLUE RECEIPT-SHL,C-07-10001,2032,0,0,0.0,2032,OGLETHORPE,0.0,4/8/2024 14:30,4/11/2024 13:06,Price Code 1,TRUCK 1 MOBILE PANTRY,False,Food Bank of Northeast Georgia,01,30648.0,Lexington,"DAIRY PRODUCT, ASSORTED SHL",Dairy
940,178186,8971,O-114,Oconee Baptist Church ,FAIMPORT480804,,FOOD PANTRY,FOOD PANTRY-Agency,BLUE RECEIPT-SHL,MCF-16-10001,2,0,0,0.0,2,OGLETHORPE,0.0,3/28/2024 0:00,3/28/2024 0:00,Price Code 1,CONTACT FOR DELIVERY,False,Food Bank of Northeast Georgia,01,30667.0,Stephens,"FROZEN FOODS, MISC SHL RETAIL PICKUP",Food Misc.
713,178774,8497,B-136,Burt's United Methodist Church,481388,,FP/GNAP/USDA,FOOD PANTRY-Agency,USDA,C-50-10048,10,0,0,0.0,320,OGLETHORPE,0.0,4/16/2024 13:44,4/17/2024 10:03,Price Code 1,CUSTOMER PICKUP,False,Food Bank of Northeast Georgia,01,30627.0,Lexington,USDA MANDARIN ORANGES,Fruits
1007,173286,1047,S-141,SWAG Ministries,476915,,FP/OP/USDA,FOOD PANTRY-Agency,USDA,N-50-10041,1,0,0,8.82,49,OGLETHORPE,0.18,1/26/2024 3:37,2/20/2024 13:35,Price Code 1,CUSTOMER PICKUP,False,Food Bank of Northeast Georgia,01,30630.0,Crawford,USDA RICE,Grains
433,179147,1791,T-114,Thankful Baptist Church,481760,,FP/OP/GNAP/USDA,YOUTH-Agency,USDA,N-50-10079,13,0,0,0.0,338,OGLETHORPE,0.0,4/20/2024 7:00,4/22/2024 13:45,Price Code 1,TRUCK 1 MOBILE PANTRY,False,Food Bank of Northeast Georgia,01,30667.0,Stephens,USDA WALNUT HALVES AND PIECES,Proteins
162,179810,8976,O-101,Oglethorpe County Senior Center,FAIMPORT482422,,FP/OP/USDA,SENIOR-Agency,BLUE RECEIPT-SHL,MCC-28-10001,84,0,0,0.0,84,OGLETHORPE,0.0,4/23/2024 0:00,4/23/2024 0:00,Price Code 1,CUSTOMER PICKUP,False,Food Bank of Northeast Georgia,01,30630.0,Crawford,"PRODUCE, SHL RETAIL PICKUPS",Mixed Produce
451,175962,875,L-105,Lexington Baptist Church,478590,,FP/GNAP/USDA,FOOD PANTRY-Agency,BLUE RECEIPT-SHL,W-04-10000,54,0,0,0.0,54,OGLETHORPE,0.0,2/21/2024 14:30,2/21/2024 11:59,Price Code 1,CUSTOMER PICKUP,False,Sharing Floor Athens,01-SH,30648.0,Lexington,"BREAD & BAKERY, ASSORTED SHL",Grains
451,175626,875,L-105,Lexington Baptist Church,478254,,FP/GNAP/USDA,FOOD PANTRY-Agency,BLUE RECEIPT-SHL,W-04-10000,59,0,0,0.0,59,OGLETHORPE,0.0,2/14/2024 14:30,2/14/2024 11:55,Price Code 1,CUSTOMER PICKUP,False,Sharing Floor Athens,01-SH,30648.0,Lexington,"BREAD & BAKERY, ASSORTED SHL",Grains
451,180526,8714,L-105,Lexington Baptist Church,483132,,FP/GNAP/USDA,FOOD PANTRY-Agency,USDA,N-50-10303,25,0,0,0.0,600,OGLETHORPE,0.0,5/13/2024 14:30,5/14/2024 8:06,Price Code 1,TRUCK 1 MOBILE PANTRY,False,Food Bank of Northeast Georgia,01,30648.0,Lexington,USDA GREEN SPLIT PEAS,Proteins
646,181675,8873,C-168,Crawford Pentecostal Church,484279,,FP/USDA,AFTER SCHOOL PROGRAM-Agency,YELLOW RECEIPT - SHN,F-10-10001,5,0,0,0.45,15,OGLETHORPE,0.03,6/5/2024 8:30,6/5/2024 12:08,Price Code 1,CUSTOMER PICKUP,False,Food Bank of Northeast Georgia,01,30630.0,Crawford,OUTSHINE STRAWBERRY BANANA SMOOTHIE CUBES,Beverages
817,178738,6351,F2KOGL,Food 2 Kids Oglethorpe County,481352,,DIRECT ASSISTANCE,DIRECT ASSISTANCE-Agency,BLUE RECEIPT-SHL,C-28-90163,2,0,0,0.0,100,OGLETHORPE,0.0,4/18/2024 15:30,4/24/2024 11:26,Price Code 1,TRUCK 1 MOBILE PANTRY,False,Food Bank of Northeast Georgia,01,30607.0,Athens,YUKON GOLD POTATOES,Potatoes 
162,173307,8851,O-101,Oglethorpe County Senior Center,476936,,FP/OP/USDA,SENIOR-Agency,PURCH,N-11-11071,2,0,0,2.16,12,OGLETHORPE,0.18,1/24/2024 13:38,1/25/2024 14:31,Price Code 1,CUSTOMER PICKUP,False,Food Bank of Northeast Georgia,01,30630.0,Crawford,"CHICKEN STUFFING, PREMIER PANTRY",Prepared Meals
451,172352,6981,L-105,Lexington Baptist Church,475983,,FP/GNAP/USDA,FOOD PANTRY-Agency,USDA,C-50-10018,1,0,0,0.0,19,OGLETHORPE,0.0,1/5/2024 14:30,1/5/2024 14:24,Price Code 1,CUSTOMER PICKUP,False,Food Bank of Northeast Georgia,01,30648.0,Lexington,USDA FRESH TABLE GRAPES CCC,Fruits
1007,175271,5938,S-141,SWAG Ministries,477900,,FP/OP/USDA,FOOD PANTRY-Agency,BLUE RECEIPT-SHL,C-28-10001,27,0,0,0.81,27,OGLETHORPE,0.03,2/7/2024 9:34,2/7/2024 9:37,Price Code 1,CUSTOMER PICKUP,False,Sharing Floor Athens,01-SH,30630.0,Crawford,"PRODUCE, FRESH SHL",Mixed Produce
451,176542,8981,L-105,Lexington Baptist Church,479166,,FP/GNAP/USDA,FOOD PANTRY-Agency,BLUE RECEIPT-SHL,F-15-90554,1,0,0,2.34,13,OGLETHORPE,0.18,3/6/2024 14:30,3/6/2024 10:50,Price Code 1,CUSTOMER PICKUP,False,Food Bank of Northeast Georgia,01,30648.0,Lexington,JENNIE-O TURKEY FRANKS,Proteins
940,176504,683,O-114,Oconee Baptist Church ,479128,,FOOD PANTRY,FOOD PANTRY-Agency,BLUE RECEIPT-SHL,W-16-10001,292,0,0,52.56,292,OGLETHORPE,0.18,3/1/2024 10:00,3/1/2024 10:12,Price Code 1,CONTACT FOR DELIVERY,False,Sharing Floor Athens,01-SH,30667.0,Stephens,MISC. FOOD BOX SHL,Food Misc.
646,181927,696,C-168,Crawford Pentecostal Church,484531,,FP/USDA,AFTER SCHOOL PROGRAM-Agency,LOCAL - LL,W-25-10000,75,0,0,6.75,75,OGLETHORPE,0.09,6/5/2024 12:13,6/5/2024 11:38,Price Code 1,CUSTOMER PICKUP,False,Sharing Floor Athens,01-SH,30630.0,Crawford,"ASSORTED SNACK ITEMS, LL",Food Misc.
451,181600,3203,L-105,Lexington Baptist Church,484204,,FP/GNAP/USDA,FOOD PANTRY-Agency,USDA,N-50-10289,1,0,0,4.5,25,OGLETHORPE,0.18,6/7/2024 11:30,6/7/2024 13:11,Price Code 1,CUSTOMER PICKUP,False,Food Bank of Northeast Georgia,01,30648.0,Lexington,USDA PECAN PIECES,Proteins
451,172692,84,L-105,Lexington Baptist Church,476323,,FP/GNAP/USDA,FOOD PANTRY-Agency,USDA,N-50-10006,13,0,0,0.0,351,OGLETHORPE,0.0,1/8/2024 14:30,1/16/2024 8:14,Price Code 1,TRUCK 1 MOBILE PANTRY,False,Food Bank of Northeast Georgia,01,30648.0,Lexington,USDA GREEN BEANS,Vegetables 
817,177220,3122,F2KOGL,Food 2 Kids Oglethorpe County,479840,,DIRECT ASSISTANCE,DIRECT ASSISTANCE-Agency,GNAP,N-40-10174,5,0,0,0.0,70,OGLETHORPE,0.0,3/21/2024 15:00,3/27/2024 10:55,Price Code 1,TRACTOR TRAILER 1 MOBILE PANTRY,False,Food Bank of Northeast Georgia,01,30607.0,Athens,"GNAP BLACKEYE PEAS, LOW SODIUM",Proteins
451,180223,7061,L-105,Lexington Baptist Church,482829,,FP/GNAP/USDA,FOOD PANTRY-Agency,USDA,C-50-10021,1,0,0,1.26,42,OGLETHORPE,0.03,5/8/2024 9:45,5/8/2024 12:04,Price Code 1,CUSTOMER PICKUP,False,Food Bank of Northeast Georgia,01,30648.0,Lexington,USDA FRESH ORANGES,Fruits
940,182475,690,O-114,Oconee Baptist Church ,485079,,FOOD PANTRY,FOOD PANTRY-Agency,BLUE RECEIPT-SHL,W-03-10013,217,0,0,0.0,217,OGLETHORPE,0.0,6/21/2024 11:44,6/21/2024 11:51,Price Code 1,CONTACT FOR DELIVERY,False,Sharing Floor Athens,01-SH,30667.0,Stephens,"ASSORTED BEVERAGES, SHL",Beverages
162,177862,8974,O-101,Oglethorpe County Senior Center,FAIMPORT480481,,FP/OP/USDA,SENIOR-Agency,BLUE RECEIPT-SHL,MCW-04-10000,7,0,0,0.0,7,OGLETHORPE,0.0,3/22/2024 0:00,3/22/2024 0:00,Price Code 1,CUSTOMER PICKUP,False,Food Bank of Northeast Georgia,01,30630.0,Crawford,"BREAD AND BAKERY, SHL RETAIL PICKUPS",Grains
1007,175941,875,S-141,SWAG Ministries,478569,,FP/OP/USDA,FOOD PANTRY-Agency,BLUE RECEIPT-SHL,W-04-10000,28,0,0,0.0,28,OGLETHORPE,0.0,2/21/2024 9:29,2/21/2024 9:37,Price Code 1,CUSTOMER PICKUP,False,Sharing Floor Athens,01-SH,30630.0,Crawford,"BREAD & BAKERY, ASSORTED SHL",Grains
451,179963,5407,L-105,Lexington Baptist Church,482572,,FP/GNAP/USDA,FOOD PANTRY-Agency,BLUE RECEIPT-SHL,F-15-10000,67,0,0,0.0,67,OGLETHORPE,0.0,5/1/2024 14:30,5/1/2024 11:39,Price Code 1,CUSTOMER PICKUP,False,Sharing Floor Athens,01-SH,30648.0,Lexington,"MEAT & SEAFOOD, FROZEN SHL",Proteins
451,177235,50,L-105,Lexington Baptist Church,479855,,FP/GNAP/USDA,FOOD PANTRY-Agency,LOCAL - LL,W-16-10002,29,0,0,0.0,29,OGLETHORPE,0.0,3/13/2024 14:30,3/13/2024 11:38,Price Code 1,CUSTOMER PICKUP,False,Sharing Floor Athens,01-SH,30648.0,Lexington,MISC. FOOD BOX LL,Food Misc.
1007,180849,1045,S-141,SWAG Ministries,483455,,FP/OP/USDA,FOOD PANTRY-Agency,BLUE RECEIPT-SHL,W-25-10009,68,0,0,12.24,68,OGLETHORPE,0.18,5/15/2024 9:22,5/15/2024 9:24,Price Code 1,CUSTOMER PICKUP,False,Sharing Floor Athens,01-SH,30630.0,Crawford,"ASSORTED SNACK ITEMS, SHL",Food Misc.
451,176760,5407,L-105,Lexington Baptist Church,479383,,FP/GNAP/USDA,FOOD PANTRY-Agency,BLUE RECEIPT-SHL,F-15-10000,38,0,0,6.84,38,OGLETHORPE,0.18,3/6/2024 14:30,3/6/2024 11:44,Price Code 1,CUSTOMER PICKUP,False,Sharing Floor Athens,01-SH,30648.0,Lexington,"MEAT & SEAFOOD, FROZEN SHL",Proteins
451,178365,6692,L-105,Lexington Baptist Church,480981,,FP/GNAP/USDA,FOOD PANTRY-Agency,LOCAL - LL,C-28-90422,20,0,0,0.0,1000,OGLETHORPE,0.0,4/8/2024 14:30,4/11/2024 13:06,Price Code 1,TRUCK 1 MOBILE PANTRY,False,Food Bank of Northeast Georgia,01,30648.0,Lexington,"APPLES, LL",Fruits
1007,175615,683,S-141,SWAG Ministries,478243,,FP/OP/USDA,FOOD PANTRY-Agency,BLUE RECEIPT-SHL,W-16-10001,81,0,0,14.58,81,OGLETHORPE,0.18,2/14/2024 9:49,2/14/2024 10:01,Price Code 1,CUSTOMER PICKUP,False,Sharing Floor Athens,01-SH,30630.0,Crawford,MISC. FOOD BOX SHL,Food Misc.
1007,175271,50,S-141,SWAG Ministries,477900,,FP/OP/USDA,FOOD PANTRY-Agency,LOCAL - LL,W-16-10002,71,0,0,12.78,71,OGLETHORPE,0.18,2/7/2024 9:34,2/7/2024 9:37,Price Code 1,CUSTOMER PICKUP,False,Sharing Floor Athens,01-SH,30630.0,Crawford,MISC. FOOD BOX LL,Food Misc.
451,178986,8834,L-105,Lexington Baptist Church,481600,,FP/GNAP/USDA,FOOD PANTRY-Agency,BLUE RECEIPT-SHL,N-03-11770,4,0,0,0.0,40,OGLETHORPE,0.0,4/17/2024 14:30,4/17/2024 11:02,Price Code 1,CUSTOMER PICKUP,False,Food Bank of Northeast Georgia,01,30648.0,Lexington,MT DEW ZERO SUGAR,Beverages
1007,180041,7083,S-141,SWAG Ministries,482649,,FP/OP/USDA,FOOD PANTRY-Agency,USDA,C-50-10029,2,0,0,4.32,24,OGLETHORPE,0.18,5/8/2024 8:00,5/8/2024 10:45,Price Code 1,CUSTOMER PICKUP,False,Food Bank of Northeast Georgia,01,30630.0,Crawford,"USDA MILD CHEDDAR CHEESE, BLOCK CCC",Dairy
451,173549,875,L-105,Lexington Baptist Church,477178,,FP/GNAP/USDA,FOOD PANTRY-Agency,BLUE RECEIPT-SHL,W-04-10000,29,0,0,0.0,29,OGLETHORPE,0.0,1/24/2024 14:30,1/24/2024 12:07,Price Code 1,CUSTOMER PICKUP,False,Sharing Floor Athens,01-SH,30648.0,Lexington,"BREAD & BAKERY, ASSORTED SHL",Grains
451,176542,8982,L-105,Lexington Baptist Church,479166,,FP/GNAP/USDA,FOOD PANTRY-Agency,BLUE RECEIPT-SHL,F-15-90555,5,0,0,11.7,65,OGLETHORPE,0.18,3/6/2024 14:30,3/6/2024 10:50,Price Code 1,CUSTOMER PICKUP,False,Food Bank of Northeast Georgia,01,30648.0,Lexington,HORMEL BLACK LABEL BACON,Proteins
940,175102,6816,O-114,Oconee Baptist Church ,477732,,FOOD PANTRY,FOOD PANTRY-Agency,BLUE RECEIPT-SHL,C-28-90345,2,0,0,0.0,100,OGLETHORPE,0.0,2/8/2024 8:20,2/9/2024 8:51,Price Code 1,CUSTOMER PICKUP,False,Food Bank of Northeast Georgia,01,30667.0,Stephens,CARROTS,Vegetables 
1007,175615,875,S-141,SWAG Ministries,478243,,FP/OP/USDA,FOOD PANTRY-Agency,BLUE RECEIPT-SHL,W-04-10000,65,0,0,0.0,65,OGLETHORPE,0.0,2/14/2024 9:49,2/14/2024 10:01,Price Code 1,CUSTOMER PICKUP,False,Sharing Floor Athens,01-SH,30630.0,Crawford,"BREAD & BAKERY, ASSORTED SHL",Grains
940,179328,9018,O-114,Oconee Baptist Church ,481941,,FOOD PANTRY,FOOD PANTRY-Agency,LFB,N-12-10105,32,0,0,17.28,96,OGLETHORPE,0.18,4/24/2024 18:58,4/24/2024 10:13,Price Code 1,CONTACT FOR DELIVERY,False,Food Bank of Northeast Georgia,01,30667.0,Stephens,CREST WHITE TOOTHPASTE,Non-Food Misc.
646,181675,5637,C-168,Crawford Pentecostal Church,484279,,FP/USDA,AFTER SCHOOL PROGRAM-Agency,USDA,F-50-90019,5,0,0,0.0,150,OGLETHORPE,0.0,6/5/2024 8:30,6/5/2024 12:08,Price Code 1,CUSTOMER PICKUP,False,Food Bank of Northeast Georgia,01,30630.0,Crawford,USDA FROZEN BLUEBERRIES CCC,Fruits
451,180526,8783,L-105,Lexington Baptist Church,483132,,FP/GNAP/USDA,FOOD PANTRY-Agency,USDA,N-50-10308,25,0,0,0.0,575,OGLETHORPE,0.0,5/13/2024 14:30,5/14/2024 8:06,Price Code 1,TRUCK 1 MOBILE PANTRY,False,Food Bank of Northeast Georgia,01,30648.0,Lexington,USDA RAISINS,Fruits
1007,173304,690,S-141,SWAG Ministries,476933,,FP/OP/USDA,FOOD PANTRY-Agency,BLUE RECEIPT-SHL,W-03-10013,332,0,0,0.0,332,OGLETHORPE,0.0,1/19/2024 10:48,1/19/2024 10:52,Price Code 1,CUSTOMER PICKUP,False,Sharing Floor Athens,01-SH,30630.0,Crawford,"ASSORTED BEVERAGES, SHL",Beverages
646,181927,5938,C-168,Crawford Pentecostal Church,484531,,FP/USDA,AFTER SCHOOL PROGRAM-Agency,BLUE RECEIPT-SHL,C-28-10001,286,0,0,8.58,286,OGLETHORPE,0.03,6/5/2024 12:13,6/5/2024 11:38,Price Code 1,CUSTOMER PICKUP,False,Sharing Floor Athens,01-SH,30630.0,Crawford,"PRODUCE, FRESH SHL",Mixed Produce
451,178365,84,L-105,Lexington Baptist Church,480981,,FP/GNAP/USDA,FOOD PANTRY-Agency,USDA,N-50-10006,13,0,0,0.0,351,OGLETHORPE,0.0,4/8/2024 14:30,4/11/2024 13:06,Price Code 1,TRUCK 1 MOBILE PANTRY,False,Food Bank of Northeast Georgia,01,30648.0,Lexington,USDA GREEN BEANS,Vegetables 
451,181600,4448,L-105,Lexington Baptist Church,484204,,FP/GNAP/USDA,FOOD PANTRY-Agency,USDA,F-50-90446,1,0,0,0.0,28,OGLETHORPE,0.0,6/7/2024 11:30,6/7/2024 13:11,Price Code 1,CUSTOMER PICKUP,False,Food Bank of Northeast Georgia,01,30648.0,Lexington,USDA FROZEN STRAWBERRY FRUIT CUPS,Fruits
451,175626,690,L-105,Lexington Baptist Church,478254,,FP/GNAP/USDA,FOOD PANTRY-Agency,BLUE RECEIPT-SHL,W-03-10013,66,0,0,0.0,66,OGLETHORPE,0.0,2/14/2024 14:30,2/14/2024 11:55,Price Code 1,CUSTOMER PICKUP,False,Sharing Floor Athens,01-SH,30648.0,Lexington,"ASSORTED BEVERAGES, SHL",Beverages
940,182475,875,O-114,Oconee Baptist Church ,485079,,FOOD PANTRY,FOOD PANTRY-Agency,BLUE RECEIPT-SHL,W-04-10000,26,0,0,0.0,26,OGLETHORPE,0.0,6/21/2024 11:44,6/21/2024 11:51,Price Code 1,CONTACT FOR DELIVERY,False,Sharing Floor Athens,01-SH,30667.0,Stephens,"BREAD & BAKERY, ASSORTED SHL",Grains
451,173338,8919,L-105,Lexington Baptist Church,476967,,FP/GNAP/USDA,FOOD PANTRY-Agency,LOCAL - LL,N-25-11951,5,0,0,1.8,10,OGLETHORPE,0.18,1/24/2024 14:30,1/25/2024 12:45,Price Code 1,CUSTOMER PICKUP,False,Food Bank of Northeast Georgia,01,30648.0,Lexington,GHIRARDELLI MILK CHOC CARAMEL,Food Misc.
162,180641,8975,O-101,Oglethorpe County Senior Center,FAIMPORT483247,,FP/OP/USDA,SENIOR-Agency,BLUE RECEIPT-SHL,MCC-07-10001,28,0,0,0.0,28,OGLETHORPE,0.0,5/9/2024 0:00,5/9/2024 0:00,Price Code 1,CUSTOMER PICKUP,False,Food Bank of Northeast Georgia,01,30630.0,Crawford,"DAIRY PRODUCTS, SHL RETAIL PICKUPS",Dairy
433,181132,696,T-114,Thankful Baptist Church,483737,,FP/OP/GNAP/USDA,YOUTH-Agency,LOCAL - LL,W-25-10000,7,0,0,1.26,7,OGLETHORPE,0.18,5/21/2024 15:14,5/21/2024 10:57,Price Code 1,CUSTOMER PICKUP,False,Sharing Floor Athens,01-SH,30667.0,Stephens,"ASSORTED SNACK ITEMS, LL",Food Misc.
162,178220,8975,O-101,Oglethorpe County Senior Center,FAIMPORT480837,,FP/OP/USDA,SENIOR-Agency,BLUE RECEIPT-SHL,MCC-07-10001,27,0,0,0.0,27,OGLETHORPE,0.0,3/28/2024 0:00,3/28/2024 0:00,Price Code 1,CUSTOMER PICKUP,False,Food Bank of Northeast Georgia,01,30630.0,Crawford,"DAIRY PRODUCTS, SHL RETAIL PICKUPS",Dairy
940,174992,5407,O-114,Oconee Baptist Church ,477622,,FOOD PANTRY,FOOD PANTRY-Agency,BLUE RECEIPT-SHL,F-15-10000,109,0,0,19.62,109,OGLETHORPE,0.18,2/1/2024 14:29,2/1/2024 14:41,Price Code 1,CONTACT FOR DELIVERY,False,Sharing Floor Athens,01-SH,30667.0,Stephens,"MEAT & SEAFOOD, FROZEN SHL",Proteins
433,179039,884,T-114,Thankful Baptist Church,481653,,FP/OP/GNAP/USDA,YOUTH-Agency,LFB,W-01-10003,6,0,0,1.08,6,OGLETHORPE,0.18,4/16/2024 15:14,4/16/2024 10:53,Price Code 1,CUSTOMER PICKUP,False,Sharing Floor Athens,01-SH,30667.0,Stephens,ASSORTED NON-FOOD ITEMS LFB,Non-Food Misc.
162,173637,8929,O-101,Oglethorpe County Senior Center,477266,,FP/OP/USDA,SENIOR-Agency,BLUE RECEIPT-SHL,N-03-11804,20,0,0,0.0,360,OGLETHORPE,0.0,1/30/2024 13:38,1/30/2024 13:41,Price Code 1,CUSTOMER PICKUP,False,Food Bank of Northeast Georgia,01,30630.0,Crawford,GATORADE GRAPE LOWER SUGAR,Beverages
433,176288,92,T-114,Thankful Baptist Church,478913,,FP/OP/GNAP/USDA,YOUTH-Agency,LOCAL - LL,W-01-10002,14,0,0,2.52,14,OGLETHORPE,0.18,2/27/2024 15:14,2/27/2024 10:58,Price Code 1,CUSTOMER PICKUP,False,Sharing Floor Athens,01-SH,30667.0,Stephens,"ASSORTED NON-FOOD ITEMS, LL",Non-Food Misc.
1007,173304,875,S-141,SWAG Ministries,476933,,FP/OP/USDA,FOOD PANTRY-Agency,BLUE RECEIPT-SHL,W-04-10000,13,0,0,0.0,13,OGLETHORPE,0.0,1/19/2024 10:48,1/19/2024 10:52,Price Code 1,CUSTOMER PICKUP,False,Sharing Floor Athens,01-SH,30630.0,Crawford,"BREAD & BAKERY, ASSORTED SHL",Grains
713,176961,1481,B-136,Burt's United Methodist Church,479583,,FP/GNAP/USDA,FOOD PANTRY-Agency,USDA,N-50-10105,7,0,0,21.42,119,OGLETHORPE,0.18,3/19/2024 13:44,3/19/2024 12:19,Price Code 1,CUSTOMER PICKUP,False,Food Bank of Northeast Georgia,01,30627.0,Lexington,USDA DRIED CHERRIES CCC,Fruits
940,174992,690,O-114,Oconee Baptist Church ,477622,,FOOD PANTRY,FOOD PANTRY-Agency,BLUE RECEIPT-SHL,W-03-10013,256,0,0,0.0,256,OGLETHORPE,0.0,2/1/2024 14:29,2/1/2024 14:41,Price Code 1,CONTACT FOR DELIVERY,False,Sharing Floor Athens,01-SH,30667.0,Stephens,"ASSORTED BEVERAGES, SHL",Beverages
1007,177629,5407,S-141,SWAG Ministries,480249,,FP/OP/USDA,FOOD PANTRY-Agency,BLUE RECEIPT-SHL,F-15-10000,33,0,0,5.94,33,OGLETHORPE,0.18,3/20/2024 9:14,3/20/2024 9:19,Price Code 1,CUSTOMER PICKUP,False,Sharing Floor Athens,01-SH,30630.0,Crawford,"MEAT & SEAFOOD, FROZEN SHL",Proteins
1007,181121,8783,S-141,SWAG Ministries,483726,,FP/OP/USDA,FOOD PANTRY-Agency,USDA,N-50-10308,1,0,0,4.14,23,OGLETHORPE,0.18,5/29/2024 10:30,5/29/2024 10:52,Price Code 1,CUSTOMER PICKUP,False,Food Bank of Northeast Georgia,01,30630.0,Crawford,USDA RAISINS,Fruits
451,175626,5407,L-105,Lexington Baptist Church,478254,,FP/GNAP/USDA,FOOD PANTRY-Agency,BLUE RECEIPT-SHL,F-15-10000,43,0,0,7.74,43,OGLETHORPE,0.18,2/14/2024 14:30,2/14/2024 11:55,Price Code 1,CUSTOMER PICKUP,False,Sharing Floor Athens,01-SH,30648.0,Lexington,"MEAT & SEAFOOD, FROZEN SHL",Proteins
451,173918,683,L-105,Lexington Baptist Church,477547,,FP/GNAP/USDA,FOOD PANTRY-Agency,BLUE RECEIPT-SHL,W-16-10001,78,0,0,14.04,78,OGLETHORPE,0.18,1/31/2024 14:30,1/31/2024 12:05,Price Code 1,CUSTOMER PICKUP,False,Sharing Floor Athens,01-SH,30648.0,Lexington,MISC. FOOD BOX SHL,Food Misc.
451,180026,3203,L-105,Lexington Baptist Church,482634,,FP/GNAP/USDA,FOOD PANTRY-Agency,USDA,N-50-10289,2,0,0,9.0,50,OGLETHORPE,0.18,5/6/2024 10:45,5/8/2024 12:04,Price Code 1,CUSTOMER PICKUP,False,Food Bank of Northeast Georgia,01,30648.0,Lexington,USDA PECAN PIECES,Proteins
433,178598,683,T-114,Thankful Baptist Church,481214,,FP/OP/GNAP/USDA,YOUTH-Agency,BLUE RECEIPT-SHL,W-16-10001,20,0,0,3.6,20,OGLETHORPE,0.18,4/9/2024 15:14,4/9/2024 11:01,Price Code 1,CUSTOMER PICKUP,False,Sharing Floor Athens,01-SH,30667.0,Stephens,MISC. FOOD BOX SHL,Food Misc.
1007,179543,5407,S-141,SWAG Ministries,482156,,FP/OP/USDA,FOOD PANTRY-Agency,BLUE RECEIPT-SHL,F-15-10000,16,0,0,2.88,16,OGLETHORPE,0.18,4/24/2024 9:26,4/24/2024 9:31,Price Code 1,CUSTOMER PICKUP,False,Sharing Floor Athens,01-SH,30630.0,Crawford,"MEAT & SEAFOOD, FROZEN SHL",Proteins
1007,173286,4555,S-141,SWAG Ministries,476915,,FP/OP/USDA,FOOD PANTRY-Agency,USDA,F-50-90042,2,0,0,14.4,80,OGLETHORPE,0.18,1/26/2024 3:37,2/20/2024 13:35,Price Code 1,CUSTOMER PICKUP,False,Food Bank of Northeast Georgia,01,30630.0,Crawford,USDA CHICKEN DRUMSTICKS CCC,Proteins
451,173338,8923,L-105,Lexington Baptist Church,476967,,FP/GNAP/USDA,FOOD PANTRY-Agency,LOCAL - LL,N-25-11955,1,0,0,2.7,15,OGLETHORPE,0.18,1/24/2024 14:30,1/25/2024 12:45,Price Code 1,CUSTOMER PICKUP,False,Food Bank of Northeast Georgia,01,30648.0,Lexington,REESES/KIT KAT/PAYDAY CANDY BAR ASST,Food Misc.
162,180640,8973,O-101,Oglethorpe County Senior Center,FAIMPORT483246,,FP/OP/USDA,SENIOR-Agency,BLUE RECEIPT-SHL,MCC-16-10001,1790,0,0,0.0,1790,OGLETHORPE,0.0,5/9/2024 0:00,5/9/2024 0:00,Price Code 1,CUSTOMER PICKUP,False,Food Bank of Northeast Georgia,01,30630.0,Crawford,"COOLER FOOD MISC., SHL RETAIL PICKUP",Food Misc.
451,173055,6981,L-105,Lexington Baptist Church,476685,,FP/GNAP/USDA,FOOD PANTRY-Agency,USDA,C-50-10018,5,0,0,0.0,95,OGLETHORPE,0.0,1/19/2024 0:00,1/19/2024 14:07,Price Code 1,CUSTOMER PICKUP,False,Food Bank of Northeast Georgia,01,30648.0,Lexington,USDA FRESH TABLE GRAPES CCC,Fruits
451,172692,5772,L-105,Lexington Baptist Church,476323,,FP/GNAP/USDA,FOOD PANTRY-Agency,LOCAL - LL,C-28-10000,3016,0,0,0.0,3016,OGLETHORPE,0.0,1/8/2024 14:30,1/16/2024 8:14,Price Code 1,TRUCK 1 MOBILE PANTRY,False,Food Bank of Northeast Georgia,01,30648.0,Lexington,"PRODUCE, FRESH LL",Mixed Produce
566,180951,9041,MSFP-OGL,Oglethorpe School Food Pantry,483557,,FOOD PANTRY,DIRECT ASSISTANCE-Agency,BLUE RECEIPT-SHL,C-28-90542,3,0,0,0.0,123,OGLETHORPE,0.0,5/16/2024 15:00,5/16/2024 14:06,Mobile Pantry/Feed Site Only,TRUCK 1 MOBILE PANTRY,False,Food Bank of Northeast Georgia,01,30630.0,Crawford,"ZUCCHINI, SHL",Vegetables 
1007,180322,8720,S-141,SWAG Ministries,482928,,FP/OP/USDA,FOOD PANTRY-Agency,USDA,N-50-10305,2,0,0,5.04,28,OGLETHORPE,0.18,5/15/2024 8:00,5/15/2024 9:35,Price Code 1,CUSTOMER PICKUP,False,Food Bank of Northeast Georgia,01,30630.0,Crawford,USDA MIXED VEGETABLES CCC,Vegetables 
940,182360,8975,O-114,Oconee Baptist Church ,FAIMPORT484964,,FOOD PANTRY,FOOD PANTRY-Agency,BLUE RECEIPT-SHL,MCC-07-10001,200,0,0,0.0,200,OGLETHORPE,0.0,6/13/2024 0:00,6/13/2024 0:00,Price Code 1,CONTACT FOR DELIVERY,False,Food Bank of Northeast Georgia,01,30667.0,Stephens,"DAIRY PRODUCTS, SHL RETAIL PICKUPS",Dairy
940,181526,8973,O-114,Oconee Baptist Church ,FAIMPORT484130,,FOOD PANTRY,FOOD PANTRY-Agency,BLUE RECEIPT-SHL,MCC-16-10001,18,0,0,0.0,18,OGLETHORPE,0.0,5/23/2024 0:00,5/23/2024 0:00,Price Code 1,CONTACT FOR DELIVERY,False,Food Bank of Northeast Georgia,01,30667.0,Stephens,"COOLER FOOD MISC., SHL RETAIL PICKUP",Food Misc.
1007,180411,683,S-141,SWAG Ministries,483017,,FP/OP/USDA,FOOD PANTRY-Agency,BLUE RECEIPT-SHL,W-16-10001,158,0,0,28.44,158,OGLETHORPE,0.18,5/8/2024 9:37,5/8/2024 9:44,Price Code 1,CUSTOMER PICKUP,False,Sharing Floor Athens,01-SH,30630.0,Crawford,MISC. FOOD BOX SHL,Food Misc.
162,180001,8975,O-101,Oglethorpe County Senior Center,FAIMPORT482609,,FP/OP/USDA,SENIOR-Agency,BLUE RECEIPT-SHL,MCC-07-10001,17,0,0,0.0,17,OGLETHORPE,0.0,4/29/2024 0:00,4/29/2024 0:00,Price Code 1,CUSTOMER PICKUP,False,Food Bank of Northeast Georgia,01,30630.0,Crawford,"DAIRY PRODUCTS, SHL RETAIL PICKUPS",Dairy
713,176961,8837,B-136,Burt's United Methodist Church,479583,,FP/GNAP/USDA,FOOD PANTRY-Agency,BLUE RECEIPT-SHL,N-03-11773,5,0,0,0.0,50,OGLETHORPE,0.0,3/19/2024 13:44,3/19/2024 12:19,Price Code 1,CUSTOMER PICKUP,False,Food Bank of Northeast Georgia,01,30627.0,Lexington,MT DEW PASSSIONFRUIT PUNCH,Beverages
433,181784,1047,T-114,Thankful Baptist Church,484388,,FP/OP/GNAP/USDA,YOUTH-Agency,USDA,N-50-10041,13,0,0,0.0,637,OGLETHORPE,0.0,6/15/2024 7:00,6/15/2024 9:53,Price Code 1,TRUCK 1 MOBILE PANTRY,False,Food Bank of Northeast Georgia,01,30667.0,Stephens,USDA RICE,Grains
451,181198,683,L-105,Lexington Baptist Church,483803,,FP/GNAP/USDA,FOOD PANTRY-Agency,BLUE RECEIPT-SHL,W-16-10001,61,0,0,0.0,61,OGLETHORPE,0.0,5/22/2024 14:30,5/22/2024 11:52,Price Code 1,CUSTOMER PICKUP,False,Sharing Floor Athens,01-SH,30648.0,Lexington,MISC. FOOD BOX SHL,Food Misc.
817,177251,6780,F2KOGL,Food 2 Kids Oglethorpe County,479871,,DIRECT ASSISTANCE,DIRECT ASSISTANCE-Agency,USDA,C-50-10024,8,0,0,0.0,344,OGLETHORPE,0.0,3/21/2024 15:30,3/27/2024 10:00,Price Code 1,CUSTOMER PICKUP,False,Food Bank of Northeast Georgia,01,30607.0,Athens,USDA APPLES,Fruits
433,182321,5938,T-114,Thankful Baptist Church,484925,,FP/OP/GNAP/USDA,YOUTH-Agency,BLUE RECEIPT-SHL,C-28-10001,28,0,0,0.84,28,OGLETHORPE,0.03,6/18/2024 15:14,6/18/2024 10:55,Price Code 1,CUSTOMER PICKUP,False,Sharing Floor Athens,01-SH,30667.0,Stephens,"PRODUCE, FRESH SHL",Mixed Produce
451,178668,92,L-105,Lexington Baptist Church,481284,,FP/GNAP/USDA,FOOD PANTRY-Agency,LOCAL - LL,W-01-10002,4,0,0,0.72,4,OGLETHORPE,0.18,4/10/2024 14:30,4/10/2024 11:53,Price Code 1,CUSTOMER PICKUP,False,Sharing Floor Athens,01-SH,30648.0,Lexington,"ASSORTED NON-FOOD ITEMS, LL",Non-Food Misc.
451,173055,8548,L-105,Lexington Baptist Church,476685,,FP/GNAP/USDA,FOOD PANTRY-Agency,BLUE RECEIPT-SHL,N-03-10264,2,0,0,7.2,40,OGLETHORPE,0.18,1/19/2024 0:00,1/19/2024 14:07,Price Code 1,CUSTOMER PICKUP,False,Food Bank of Northeast Georgia,01,30648.0,Lexington,"PEPSI, 12 FLOZ",Beverages
451,177681,1481,L-105,Lexington Baptist Church,480301,,FP/GNAP/USDA,FOOD PANTRY-Agency,USDA,N-50-10105,1,0,0,3.06,17,OGLETHORPE,0.18,3/25/2024 14:30,3/25/2024 14:10,Price Code 1,CUSTOMER PICKUP,False,Food Bank of Northeast Georgia,01,30648.0,Lexington,USDA DRIED CHERRIES CCC,Fruits
713,182247,4448,B-136,Burt's United Methodist Church,484851,,FP/GNAP/USDA,FOOD PANTRY-Agency,USDA,F-50-90446,1,0,0,0.0,28,OGLETHORPE,0.0,6/25/2024 14:00,6/25/2024 14:24,Price Code 1,CUSTOMER PICKUP,False,Food Bank of Northeast Georgia,01,30627.0,Lexington,USDA FROZEN STRAWBERRY FRUIT CUPS,Fruits
817,178732,4737,F2KOGL,Food 2 Kids Oglethorpe County,481346,,DIRECT ASSISTANCE,DIRECT ASSISTANCE-Agency,USDA,F-50-90456,6,0,0,0.0,240,OGLETHORPE,0.0,4/18/2024 15:00,4/24/2024 11:39,Price Code 1,TRUCK 1 MOBILE PANTRY,False,Food Bank of Northeast Georgia,01,30607.0,Athens,USDA PORK PATTY,Proteins
451,173736,4448,L-105,Lexington Baptist Church,477365,,FP/GNAP/USDA,FOOD PANTRY-Agency,USDA,F-50-90446,2,0,0,0.0,56,OGLETHORPE,0.0,1/31/2024 14:30,1/31/2024 14:20,Price Code 1,CUSTOMER PICKUP,False,Food Bank of Northeast Georgia,01,30648.0,Lexington,USDA FROZEN STRAWBERRY FRUIT CUPS,Fruits
1007,176350,875,S-141,SWAG Ministries,478975,,FP/OP/USDA,FOOD PANTRY-Agency,BLUE RECEIPT-SHL,W-04-10000,6,0,0,0.0,6,OGLETHORPE,0.0,2/28/2024 9:23,2/28/2024 9:26,Price Code 1,CUSTOMER PICKUP,False,Sharing Floor Athens,01-SH,30630.0,Crawford,"BREAD & BAKERY, ASSORTED SHL",Grains
713,172374,4555,B-136,Burt's United Methodist Church,476005,,FP/GNAP/USDA,FOOD PANTRY-Agency,USDA,F-50-90042,2,0,0,14.4,80,OGLETHORPE,0.18,1/5/2024 13:44,1/26/2024 9:00,Price Code 1,CUSTOMER PICKUP,False,Food Bank of Northeast Georgia,01,30627.0,Lexington,USDA CHICKEN DRUMSTICKS CCC,Proteins
1007,180322,4448,S-141,SWAG Ministries,482928,,FP/OP/USDA,FOOD PANTRY-Agency,USDA,F-50-90446,1,0,0,0.0,28,OGLETHORPE,0.0,5/15/2024 8:00,5/15/2024 9:35,Price Code 1,CUSTOMER PICKUP,False,Food Bank of Northeast Georgia,01,30630.0,Crawford,USDA FROZEN STRAWBERRY FRUIT CUPS,Fruits
433,173781,8937,T-114,Thankful Baptist Church,477410,,FP/OP/GNAP/USDA,YOUTH-Agency,BLUE RECEIPT-SHL,N-03-11807,1,0,0,0.0,18,OGLETHORPE,0.0,2/6/2024 15:14,2/6/2024 11:20,Price Code 1,CUSTOMER PICKUP,False,Food Bank of Northeast Georgia,01,30667.0,Stephens,GATORADE LEMON LIME ZERO SUGAR,Beverages
433,182321,696,T-114,Thankful Baptist Church,484925,,FP/OP/GNAP/USDA,YOUTH-Agency,LOCAL - LL,W-25-10000,23,0,0,4.14,23,OGLETHORPE,0.18,6/18/2024 15:14,6/18/2024 10:55,Price Code 1,CUSTOMER PICKUP,False,Sharing Floor Athens,01-SH,30667.0,Stephens,"ASSORTED SNACK ITEMS, LL",Food Misc.
1007,180041,8997,S-141,SWAG Ministries,482649,,FP/OP/USDA,FOOD PANTRY-Agency,USDA,N-50-10312,5,0,0,10.8,60,OGLETHORPE,0.18,5/8/2024 8:00,5/8/2024 10:45,Price Code 1,CUSTOMER PICKUP,False,Food Bank of Northeast Georgia,01,30630.0,Crawford,USDA CHILI W/ BEANS CCC,Prepared Meals
817,178738,800,F2KOGL,Food 2 Kids Oglethorpe County,481352,,DIRECT ASSISTANCE,DIRECT ASSISTANCE-Agency,USDA,N-50-10065,2,0,0,0.0,54,OGLETHORPE,0.0,4/18/2024 15:30,4/24/2024 11:26,Price Code 1,TRUCK 1 MOBILE PANTRY,False,Food Bank of Northeast Georgia,01,30607.0,Athens,USDA APPLESAUCE,Fruits
713,180394,170,B-136,Burt's United Methodist Church,483000,,FP/GNAP/USDA,FOOD PANTRY-Agency,USDA,N-50-10007,3,0,0,15.12,84,OGLETHORPE,0.18,5/13/2024 9:15,5/13/2024 10:47,Price Code 1,CUSTOMER PICKUP,False,Food Bank of Northeast Georgia,01,30627.0,Lexington,"USDA CORN, WHOLE KERNEL NO SALT",Vegetables 
713,178357,8741,B-136,Burt's United Methodist Church,480973,,FP/GNAP/USDA,FOOD PANTRY-Agency,BLUE RECEIPT-SHL,N-03-11741,3,0,0,0.0,30,OGLETHORPE,0.0,4/10/2024 13:44,4/10/2024 14:26,Price Code 1,CUSTOMER PICKUP,False,Food Bank of Northeast Georgia,01,30627.0,Lexington,DIET MT DEW,Beverages
433,181784,1674,T-114,Thankful Baptist Church,484388,,FP/OP/GNAP/USDA,YOUTH-Agency,USDA,N-50-10073,13,0,0,0.0,351,OGLETHORPE,0.0,6/15/2024 7:00,6/15/2024 9:53,Price Code 1,TRUCK 1 MOBILE PANTRY,False,Food Bank of Northeast Georgia,01,30667.0,Stephens,USDA TOMATO SAUCE,Vegetables 
433,181723,8974,T-114,Thankful Baptist Church,FAIMPORT484327,,FP/OP/GNAP/USDA,YOUTH-Agency,BLUE RECEIPT-SHL,MCW-04-10000,29,0,0,0.0,29,OGLETHORPE,0.0,5/31/2024 0:00,5/31/2024 0:00,Price Code 1,CUSTOMER PICKUP,False,Food Bank of Northeast Georgia,01,30667.0,Stephens,"BREAD AND BAKERY, SHL RETAIL PICKUPS",Grains
817,177251,8992,F2KOGL,Food 2 Kids Oglethorpe County,479871,,DIRECT ASSISTANCE,DIRECT ASSISTANCE-Agency,USDA,F-50-90475,5,0,0,0.0,200,OGLETHORPE,0.0,3/21/2024 15:30,3/27/2024 10:00,Price Code 1,CUSTOMER PICKUP,False,Food Bank of Northeast Georgia,01,30607.0,Athens,USDA PORK TACO FILLING FULLY COOKED CCC,Proteins
451,178668,1045,L-105,Lexington Baptist Church,481284,,FP/GNAP/USDA,FOOD PANTRY-Agency,BLUE RECEIPT-SHL,W-25-10009,80,0,0,0.0,80,OGLETHORPE,0.0,4/10/2024 14:30,4/10/2024 11:53,Price Code 1,CUSTOMER PICKUP,False,Sharing Floor Athens,01-SH,30648.0,Lexington,"ASSORTED SNACK ITEMS, SHL",Food Misc.
451,181777,8714,L-105,Lexington Baptist Church,484381,,FP/GNAP/USDA,FOOD PANTRY-Agency,USDA,N-50-10303,25,0,0,0.0,600,OGLETHORPE,0.0,6/10/2024 14:30,6/13/2024 5:23,Price Code 1,TRUCK 1 MOBILE PANTRY,False,Food Bank of Northeast Georgia,01,30648.0,Lexington,USDA GREEN SPLIT PEAS,Proteins
940,178381,5407,O-114,Oconee Baptist Church ,480997,,FOOD PANTRY,FOOD PANTRY-Agency,BLUE RECEIPT-SHL,F-15-10000,109,0,0,19.62,109,OGLETHORPE,0.18,4/5/2024 9:46,4/24/2024 11:29,Price Code 1,CONTACT FOR DELIVERY,False,Sharing Floor Athens,01-SH,30667.0,Stephens,"MEAT & SEAFOOD, FROZEN SHL",Proteins
451,182595,1222,L-105,Lexington Baptist Church,485198,,FP/GNAP/USDA,FOOD PANTRY-Agency,YELLOW RECEIPT - SHN,W-16-10003,36,0,0,6.48,36,OGLETHORPE,0.18,6/26/2024 14:30,6/26/2024 11:45,Price Code 1,CUSTOMER PICKUP,False,Food Bank of Northeast Georgia,01,30648.0,Lexington,ASSORTED FOOD ITEMS SHD,Food Misc.
646,181216,875,C-168,Crawford Pentecostal Church,483821,,FP/USDA,AFTER SCHOOL PROGRAM-Agency,BLUE RECEIPT-SHL,W-04-10000,39,0,0,0.0,39,OGLETHORPE,0.0,5/22/2024 12:13,5/22/2024 15:06,Price Code 1,CUSTOMER PICKUP,False,Sharing Floor Athens,01-SH,30630.0,Crawford,"BREAD & BAKERY, ASSORTED SHL",Grains
433,182572,8975,T-114,Thankful Baptist Church,FAIMPORT485175,,FP/OP/GNAP/USDA,YOUTH-Agency,BLUE RECEIPT-SHL,MCC-07-10001,5,0,0,0.0,5,OGLETHORPE,0.0,6/21/2024 0:00,6/21/2024 0:00,Price Code 1,CUSTOMER PICKUP,False,Food Bank of Northeast Georgia,01,30667.0,Stephens,"DAIRY PRODUCTS, SHL RETAIL PICKUPS",Dairy
451,177681,4449,L-105,Lexington Baptist Church,480301,,FP/GNAP/USDA,FOOD PANTRY-Agency,USDA,F-50-90445,1,0,0,4.1,41,OGLETHORPE,0.1,3/25/2024 14:30,3/25/2024 14:10,Price Code 1,CUSTOMER PICKUP,False,Food Bank of Northeast Georgia,01,30648.0,Lexington,USDA FULLY COOKED PULLED PORK CCC,Proteins
433,179039,5938,T-114,Thankful Baptist Church,481653,,FP/OP/GNAP/USDA,YOUTH-Agency,BLUE RECEIPT-SHL,C-28-10001,106,0,0,3.18,106,OGLETHORPE,0.03,4/16/2024 15:14,4/16/2024 10:53,Price Code 1,CUSTOMER PICKUP,False,Sharing Floor Athens,01-SH,30667.0,Stephens,"PRODUCE, FRESH SHL",Mixed Produce
1007,175771,8690,S-141,SWAG Ministries,478399,,FP/OP/USDA,FOOD PANTRY-Agency,USDA,N-50-10302,2,0,0,5.04,28,OGLETHORPE,0.18,2/28/2024 6:43,2/28/2024 8:35,Price Code 1,CUSTOMER PICKUP,False,Food Bank of Northeast Georgia,01,30630.0,Crawford,USDA GREEN BEANS CCC,Vegetables 
451,174991,8512,L-105,Lexington Baptist Church,477621,,FP/GNAP/USDA,FOOD PANTRY-Agency,USDA,C-50-10049,1,0,0,7.02,39,OGLETHORPE,0.18,2/6/2024 14:30,2/6/2024 12:31,Price Code 1,CUSTOMER PICKUP,False,Food Bank of Northeast Georgia,01,30648.0,Lexington,USDA GRAPEFRUIT CCC,Fruits
451,173194,92,L-105,Lexington Baptist Church,476824,,FP/GNAP/USDA,FOOD PANTRY-Agency,LOCAL - LL,W-01-10002,22,0,0,3.96,22,OGLETHORPE,0.18,1/17/2024 14:30,1/17/2024 12:10,Price Code 1,CUSTOMER PICKUP,False,Sharing Floor Athens,01-SH,30648.0,Lexington,"ASSORTED NON-FOOD ITEMS, LL",Non-Food Misc.
940,179092,690,O-114,Oconee Baptist Church ,481706,,FOOD PANTRY,FOOD PANTRY-Agency,BLUE RECEIPT-SHL,W-03-10013,267,0,0,0.0,267,OGLETHORPE,0.0,4/17/2024 9:38,4/17/2024 9:44,Price Code 1,CONTACT FOR DELIVERY,False,Sharing Floor Athens,01-SH,30667.0,Stephens,"ASSORTED BEVERAGES, SHL",Beverages
817,178738,4737,F2KOGL,Food 2 Kids Oglethorpe County,481352,,DIRECT ASSISTANCE,DIRECT ASSISTANCE-Agency,USDA,F-50-90456,5,0,0,0.0,200,OGLETHORPE,0.0,4/18/2024 15:30,4/24/2024 11:26,Price Code 1,TRUCK 1 MOBILE PANTRY,False,Food Bank of Northeast Georgia,01,30607.0,Athens,USDA PORK PATTY,Proteins
451,176927,5407,L-105,Lexington Baptist Church,479549,,FP/GNAP/USDA,FOOD PANTRY-Agency,BLUE RECEIPT-SHL,F-15-10000,1219,0,0,0.0,1219,OGLETHORPE,0.0,3/11/2024 14:30,3/12/2024 9:29,Price Code 1,TRUCK 1 MOBILE PANTRY,False,Food Bank of Northeast Georgia,01,30648.0,Lexington,"MEAT & SEAFOOD, FROZEN SHL",Proteins
713,180394,3943,B-136,Burt's United Methodist Church,483000,,FP/GNAP/USDA,FOOD PANTRY-Agency,USDA,N-50-10268,3,0,0,3.42,114,OGLETHORPE,0.03,5/13/2024 9:15,5/13/2024 10:47,Price Code 1,CUSTOMER PICKUP,False,Food Bank of Northeast Georgia,01,30627.0,Lexington,USDA APPLE JUICE,Beverages
940,178420,8973,O-114,Oconee Baptist Church ,FAIMPORT481036,,FOOD PANTRY,FOOD PANTRY-Agency,BLUE RECEIPT-SHL,MCC-16-10001,30,0,0,0.0,30,OGLETHORPE,0.0,4/4/2024 0:00,4/4/2024 0:00,Price Code 1,CONTACT FOR DELIVERY,False,Food Bank of Northeast Georgia,01,30667.0,Stephens,"COOLER FOOD MISC., SHL RETAIL PICKUP",Food Misc.
1007,172854,5407,S-141,SWAG Ministries,476485,,FP/OP/USDA,FOOD PANTRY-Agency,BLUE RECEIPT-SHL,F-15-10000,71,0,0,12.78,71,OGLETHORPE,0.18,1/10/2024 9:44,1/10/2024 9:48,Price Code 1,CUSTOMER PICKUP,False,Sharing Floor Athens,01-SH,30630.0,Crawford,"MEAT & SEAFOOD, FROZEN SHL",Proteins
433,173781,8814,T-114,Thankful Baptist Church,477410,,FP/OP/GNAP/USDA,YOUTH-Agency,LOCAL - LL,N-25-11929,1,0,0,4.86,27,OGLETHORPE,0.18,2/6/2024 15:14,2/6/2024 11:20,Price Code 1,CUSTOMER PICKUP,False,Food Bank of Northeast Georgia,01,30667.0,Stephens,BRACHS CLASSIC CANDY CORN,Food Misc.
451,175210,7082,L-105,Lexington Baptist Church,477839,,FP/GNAP/USDA,FOOD PANTRY-Agency,USDA,C-50-10033,3,0,0,0.0,36,OGLETHORPE,0.0,2/9/2024 14:30,2/20/2024 13:43,Price Code 1,CUSTOMER PICKUP,False,Food Bank of Northeast Georgia,01,30648.0,Lexington,USDA SHREDDED YELLOW CHEDDAR CHEESE CCC,Dairy
940,178381,696,O-114,Oconee Baptist Church ,480997,,FOOD PANTRY,FOOD PANTRY-Agency,LOCAL - LL,W-25-10000,353,0,0,0.0,353,OGLETHORPE,0.0,4/5/2024 9:46,4/24/2024 11:29,Price Code 1,CONTACT FOR DELIVERY,False,Sharing Floor Athens,01-SH,30667.0,Stephens,"ASSORTED SNACK ITEMS, LL",Food Misc.
433,173466,683,T-114,Thankful Baptist Church,477095,,FP/OP/GNAP/USDA,YOUTH-Agency,BLUE RECEIPT-SHL,W-16-10001,43,0,0,0.0,43,OGLETHORPE,0.0,1/23/2024 15:14,1/23/2024 10:42,Price Code 1,CUSTOMER PICKUP,False,Sharing Floor Athens,01-SH,30667.0,Stephens,MISC. FOOD BOX SHL,Food Misc.
940,177771,92,O-114,Oconee Baptist Church ,480390,,FOOD PANTRY,FOOD PANTRY-Agency,LOCAL - LL,W-01-10002,14,0,0,2.52,14,OGLETHORPE,0.18,3/22/2024 9:55,3/22/2024 9:58,Price Code 1,CONTACT FOR DELIVERY,False,Sharing Floor Athens,01-SH,30667.0,Stephens,"ASSORTED NON-FOOD ITEMS, LL",Non-Food Misc.
162,179812,8973,O-101,Oglethorpe County Senior Center,FAIMPORT482423,,FP/OP/USDA,SENIOR-Agency,BLUE RECEIPT-SHL,MCC-16-10001,3,0,0,0.0,3,OGLETHORPE,0.0,4/26/2024 0:00,4/26/2024 0:00,Price Code 1,CUSTOMER PICKUP,False,Food Bank of Northeast Georgia,01,30630.0,Crawford,"COOLER FOOD MISC., SHL RETAIL PICKUP",Food Misc.
451,177003,8954,L-105,Lexington Baptist Church,479625,,FP/GNAP/USDA,FOOD PANTRY-Agency,BLUE RECEIPT-SHL,N-03-11815,2,0,0,0.0,56,OGLETHORPE,0.0,3/13/2024 14:30,3/13/2024 10:47,Price Code 1,CUSTOMER PICKUP,False,Food Bank of Northeast Georgia,01,30648.0,Lexington,LIPTON HALF&HALF ICED TEA LEMONADE,Beverages
433,179499,8973,T-114,Thankful Baptist Church,FAIMPORT482112,,FP/OP/GNAP/USDA,YOUTH-Agency,BLUE RECEIPT-SHL,MCC-16-10001,45,0,0,0.0,45,OGLETHORPE,0.0,4/19/2024 0:00,4/19/2024 0:00,Price Code 1,CUSTOMER PICKUP,False,Food Bank of Northeast Georgia,01,30667.0,Stephens,"COOLER FOOD MISC., SHL RETAIL PICKUP",Food Misc.
451,180526,7061,L-105,Lexington Baptist Church,483132,,FP/GNAP/USDA,FOOD PANTRY-Agency,USDA,C-50-10021,42,0,0,0.0,1764,OGLETHORPE,0.0,5/13/2024 14:30,5/14/2024 8:06,Price Code 1,TRUCK 1 MOBILE PANTRY,False,Food Bank of Northeast Georgia,01,30648.0,Lexington,USDA FRESH ORANGES,Fruits
162,178429,8975,O-101,Oglethorpe County Senior Center,FAIMPORT481045,,FP/OP/USDA,SENIOR-Agency,BLUE RECEIPT-SHL,MCC-07-10001,27,0,0,0.0,27,OGLETHORPE,0.0,3/28/2024 0:00,3/28/2024 0:00,Price Code 1,CUSTOMER PICKUP,False,Food Bank of Northeast Georgia,01,30630.0,Crawford,"DAIRY PRODUCTS, SHL RETAIL PICKUPS",Dairy
451,180426,696,L-105,Lexington Baptist Church,483032,,FP/GNAP/USDA,FOOD PANTRY-Agency,LOCAL - LL,W-25-10000,8,0,0,1.44,8,OGLETHORPE,0.18,5/8/2024 14:30,5/8/2024 11:51,Price Code 1,CUSTOMER PICKUP,False,Sharing Floor Athens,01-SH,30648.0,Lexington,"ASSORTED SNACK ITEMS, LL",Food Misc.
451,182595,875,L-105,Lexington Baptist Church,485198,,FP/GNAP/USDA,FOOD PANTRY-Agency,BLUE RECEIPT-SHL,W-04-10000,56,0,0,0.0,56,OGLETHORPE,0.0,6/26/2024 14:30,6/26/2024 11:45,Price Code 1,CUSTOMER PICKUP,False,Food Bank of Northeast Georgia,01,30648.0,Lexington,"BREAD & BAKERY, ASSORTED SHL",Grains
1007,173286,8854,S-141,SWAG Ministries,476915,,FP/OP/USDA,FOOD PANTRY-Agency,BLUE RECEIPT-SHL,N-03-11776,5,0,0,0.0,165,OGLETHORPE,0.0,1/26/2024 3:37,2/20/2024 13:35,Price Code 1,CUSTOMER PICKUP,False,Food Bank of Northeast Georgia,01,30630.0,Crawford,DR PEPPER STRAWBERRIES & CREAM,Beverages
1007,175771,8903,S-141,SWAG Ministries,478399,,FP/OP/USDA,FOOD PANTRY-Agency,YELLOW RECEIPT - SHN,N-16-10181,2,0,0,1.8,10,OGLETHORPE,0.18,2/28/2024 6:43,2/28/2024 8:35,Price Code 1,CUSTOMER PICKUP,False,Food Bank of Northeast Georgia,01,30630.0,Crawford,STOVE TOP STUFFING - TURKEY/CHICKEN/CORNBREAD,Prepared Meals
817,178732,800,F2KOGL,Food 2 Kids Oglethorpe County,481346,,DIRECT ASSISTANCE,DIRECT ASSISTANCE-Agency,USDA,N-50-10065,2,0,0,0.0,54,OGLETHORPE,0.0,4/18/2024 15:00,4/24/2024 11:39,Price Code 1,TRUCK 1 MOBILE PANTRY,False,Food Bank of Northeast Georgia,01,30607.0,Athens,USDA APPLESAUCE,Fruits
433,177134,688,T-114,Thankful Baptist Church,479755,,FP/OP/GNAP/USDA,YOUTH-Agency,BLUE RECEIPT-SHL,W-01-10000,23,0,0,4.14,23,OGLETHORPE,0.18,3/12/2024 15:14,3/12/2024 10:56,Price Code 1,CUSTOMER PICKUP,False,Sharing Floor Athens,01-SH,30667.0,Stephens,"ASSORTED NON-FOOD ITEMS, SHL",Non-Food Misc.
940,177358,875,O-114,Oconee Baptist Church ,479978,,FOOD PANTRY,FOOD PANTRY-Agency,BLUE RECEIPT-SHL,W-04-10000,106,0,0,0.0,106,OGLETHORPE,0.0,3/15/2024 10:02,3/15/2024 10:08,Price Code 1,CONTACT FOR DELIVERY,False,Sharing Floor Athens,01-SH,30667.0,Stephens,"BREAD & BAKERY, ASSORTED SHL",Grains
451,176365,875,L-105,Lexington Baptist Church,478990,,FP/GNAP/USDA,FOOD PANTRY-Agency,BLUE RECEIPT-SHL,W-04-10000,5,0,0,0.0,5,OGLETHORPE,0.0,2/28/2024 14:30,2/28/2024 12:01,Price Code 1,CUSTOMER PICKUP,False,Sharing Floor Athens,01-SH,30648.0,Lexington,"BREAD & BAKERY, ASSORTED SHL",Grains
713,180394,5938,B-136,Burt's United Methodist Church,483000,,FP/GNAP/USDA,FOOD PANTRY-Agency,BLUE RECEIPT-SHL,C-28-10001,89,0,0,0.0,89,OGLETHORPE,0.0,5/13/2024 9:15,5/13/2024 10:47,Price Code 1,CUSTOMER PICKUP,False,Food Bank of Northeast Georgia,01,30627.0,Lexington,"PRODUCE, FRESH SHL",Mixed Produce
433,179039,5958,T-114,Thankful Baptist Church,481653,,FP/OP/GNAP/USDA,YOUTH-Agency,BLUE RECEIPT-SHL,C-16-10001,137,0,0,24.66,137,OGLETHORPE,0.18,4/16/2024 15:14,4/16/2024 10:53,Price Code 1,CUSTOMER PICKUP,False,Sharing Floor Athens,01-SH,30667.0,Stephens,"COOLER FOOD, MISC. SHL",Food Misc.
433,179147,8997,T-114,Thankful Baptist Church,481760,,FP/OP/GNAP/USDA,YOUTH-Agency,USDA,N-50-10312,25,0,0,0.0,300,OGLETHORPE,0.0,4/20/2024 7:00,4/22/2024 13:45,Price Code 1,TRUCK 1 MOBILE PANTRY,False,Food Bank of Northeast Georgia,01,30667.0,Stephens,USDA CHILI W/ BEANS CCC,Prepared Meals
713,178774,4737,B-136,Burt's United Methodist Church,481388,,FP/GNAP/USDA,FOOD PANTRY-Agency,USDA,F-50-90456,2,0,0,14.4,80,OGLETHORPE,0.18,4/16/2024 13:44,4/17/2024 10:03,Price Code 1,CUSTOMER PICKUP,False,Food Bank of Northeast Georgia,01,30627.0,Lexington,USDA PORK PATTY,Proteins
940,182360,8974,O-114,Oconee Baptist Church ,FAIMPORT484964,,FOOD PANTRY,FOOD PANTRY-Agency,BLUE RECEIPT-SHL,MCW-04-10000,150,0,0,0.0,150,OGLETHORPE,0.0,6/13/2024 0:00,6/13/2024 0:00,Price Code 1,CONTACT FOR DELIVERY,False,Food Bank of Northeast Georgia,01,30667.0,Stephens,"BREAD AND BAKERY, SHL RETAIL PICKUPS",Grains
162,178718,8970,O-101,Oglethorpe County Senior Center,FAIMPORT481332,,FP/OP/USDA,SENIOR-Agency,BLUE RECEIPT-SHL,MCW-16-10001,5,0,0,0.0,5,OGLETHORPE,0.0,4/9/2024 0:00,4/9/2024 0:00,Price Code 1,CUSTOMER PICKUP,False,Food Bank of Northeast Georgia,01,30630.0,Crawford,"MISC. FOOD BOX, SHL RETAIL PICKUP",Food Misc.
451,173194,5477,L-105,Lexington Baptist Church,476824,,FP/GNAP/USDA,FOOD PANTRY-Agency,LOCAL - LL,F-15-10001,43,0,0,7.74,43,OGLETHORPE,0.18,1/17/2024 14:30,1/17/2024 12:10,Price Code 1,CUSTOMER PICKUP,False,Sharing Floor Athens,01-SH,30648.0,Lexington,"MEAT & SEAFOOD, FROZEN LOCAL",Proteins
713,180394,9025,B-136,Burt's United Methodist Church,483000,,FP/GNAP/USDA,FOOD PANTRY-Agency,YELLOW RECEIPT - SHN,N-11-11072,4,0,0,6.48,36,OGLETHORPE,0.18,5/13/2024 9:15,5/13/2024 10:47,Price Code 1,CUSTOMER PICKUP,False,Food Bank of Northeast Georgia,01,30627.0,Lexington,MRS BUTTERSWORTHS SMORES PANCAKE KIT,Food Misc.
433,177542,5772,T-114,Thankful Baptist Church,480162,,FP/OP/GNAP/USDA,YOUTH-Agency,LOCAL - LL,C-28-10000,33,0,0,0.99,33,OGLETHORPE,0.03,3/19/2024 15:14,3/19/2024 10:41,Price Code 1,CUSTOMER PICKUP,False,Sharing Floor Athens,01-SH,30667.0,Stephens,"PRODUCE, FRESH LL",Mixed Produce
940,179092,5407,O-114,Oconee Baptist Church ,481706,,FOOD PANTRY,FOOD PANTRY-Agency,BLUE RECEIPT-SHL,F-15-10000,381,0,0,68.58,381,OGLETHORPE,0.18,4/17/2024 9:38,4/17/2024 9:44,Price Code 1,CONTACT FOR DELIVERY,False,Sharing Floor Athens,01-SH,30667.0,Stephens,"MEAT & SEAFOOD, FROZEN SHL",Proteins
1007,181502,5407,S-141,SWAG Ministries,484106,,FP/OP/USDA,FOOD PANTRY-Agency,BLUE RECEIPT-SHL,F-15-10000,79,0,0,14.22,79,OGLETHORPE,0.18,5/29/2024 9:32,5/29/2024 9:35,Price Code 1,CUSTOMER PICKUP,False,Sharing Floor Athens,01-SH,30630.0,Crawford,"MEAT & SEAFOOD, FROZEN SHL",Proteins
433,175872,1045,T-114,Thankful Baptist Church,478500,,FP/OP/GNAP/USDA,YOUTH-Agency,BLUE RECEIPT-SHL,W-25-10009,37,0,0,6.66,37,OGLETHORPE,0.18,2/20/2024 15:14,2/20/2024 11:03,Price Code 1,CUSTOMER PICKUP,False,Sharing Floor Athens,01-SH,30667.0,Stephens,"ASSORTED SNACK ITEMS, SHL",Food Misc.
433,175502,875,T-114,Thankful Baptist Church,478131,,FP/OP/GNAP/USDA,YOUTH-Agency,BLUE RECEIPT-SHL,W-04-10000,472,0,0,0.0,472,OGLETHORPE,0.0,2/17/2024 7:00,2/17/2024 9:51,Price Code 1,TRUCK 1 MOBILE PANTRY,False,Food Bank of Northeast Georgia,01,30667.0,Stephens,"BREAD & BAKERY, ASSORTED SHL",Grains
940,177771,5407,O-114,Oconee Baptist Church ,480390,,FOOD PANTRY,FOOD PANTRY-Agency,BLUE RECEIPT-SHL,F-15-10000,128,0,0,23.04,128,OGLETHORPE,0.18,3/22/2024 9:55,3/22/2024 9:58,Price Code 1,CONTACT FOR DELIVERY,False,Sharing Floor Athens,01-SH,30667.0,Stephens,"MEAT & SEAFOOD, FROZEN SHL",Proteins
817,178732,9013,F2KOGL,Food 2 Kids Oglethorpe County,481346,,DIRECT ASSISTANCE,DIRECT ASSISTANCE-Agency,USDA,N-50-10313,3,0,0,0.0,72,OGLETHORPE,0.0,4/18/2024 15:00,4/24/2024 11:39,Price Code 1,TRUCK 1 MOBILE PANTRY,False,Food Bank of Northeast Georgia,01,30607.0,Athens,USDA LIGHT RED KIDNEY BEANS 24/1LB,Proteins
433,178117,683,T-114,Thankful Baptist Church,480736,,FP/OP/GNAP/USDA,YOUTH-Agency,BLUE RECEIPT-SHL,W-16-10001,18,0,0,3.24,18,OGLETHORPE,0.18,4/2/2024 15:14,4/2/2024 10:42,Price Code 1,CUSTOMER PICKUP,False,Sharing Floor Athens,01-SH,30667.0,Stephens,MISC. FOOD BOX SHL,Food Misc.
1007,172854,50,S-141,SWAG Ministries,476485,,FP/OP/USDA,FOOD PANTRY-Agency,LOCAL - LL,W-16-10002,35,0,0,0.0,35,OGLETHORPE,0.0,1/10/2024 9:44,1/10/2024 9:48,Price Code 1,CUSTOMER PICKUP,False,Sharing Floor Athens,01-SH,30630.0,Crawford,MISC. FOOD BOX LL,Food Misc.
451,179106,875,L-105,Lexington Baptist Church,481720,,FP/GNAP/USDA,FOOD PANTRY-Agency,BLUE RECEIPT-SHL,W-04-10000,21,0,0,0.0,21,OGLETHORPE,0.0,4/17/2024 14:30,4/17/2024 11:48,Price Code 1,CUSTOMER PICKUP,False,Sharing Floor Athens,01-SH,30648.0,Lexington,"BREAD & BAKERY, ASSORTED SHL",Grains
1007,176350,5407,S-141,SWAG Ministries,478975,,FP/OP/USDA,FOOD PANTRY-Agency,BLUE RECEIPT-SHL,F-15-10000,57,0,0,10.26,57,OGLETHORPE,0.18,2/28/2024 9:23,2/28/2024 9:26,Price Code 1,CUSTOMER PICKUP,False,Sharing Floor Athens,01-SH,30630.0,Crawford,"MEAT & SEAFOOD, FROZEN SHL",Proteins
433,179147,800,T-114,Thankful Baptist Church,481760,,FP/OP/GNAP/USDA,YOUTH-Agency,USDA,N-50-10065,13,0,0,0.0,351,OGLETHORPE,0.0,4/20/2024 7:00,4/22/2024 13:45,Price Code 1,TRUCK 1 MOBILE PANTRY,False,Food Bank of Northeast Georgia,01,30667.0,Stephens,USDA APPLESAUCE,Fruits
451,176473,8980,L-105,Lexington Baptist Church,479097,,FP/GNAP/USDA,FOOD PANTRY-Agency,LOCAL - LL,N-25-11967,10,0,0,7.2,40,OGLETHORPE,0.18,3/6/2024 14:30,3/6/2024 10:50,Price Code 1,CUSTOMER PICKUP,False,Food Bank of Northeast Georgia,01,30648.0,Lexington,REESES MINIATURE CUPS W/ REESES PUFFS,Food Misc.
940,176504,5407,O-114,Oconee Baptist Church ,479128,,FOOD PANTRY,FOOD PANTRY-Agency,BLUE RECEIPT-SHL,F-15-10000,125,0,0,22.5,125,OGLETHORPE,0.18,3/1/2024 10:00,3/1/2024 10:12,Price Code 1,CONTACT FOR DELIVERY,False,Sharing Floor Athens,01-SH,30667.0,Stephens,"MEAT & SEAFOOD, FROZEN SHL",Proteins
817,178738,8714,F2KOGL,Food 2 Kids Oglethorpe County,481352,,DIRECT ASSISTANCE,DIRECT ASSISTANCE-Agency,USDA,N-50-10303,4,0,0,0.0,96,OGLETHORPE,0.0,4/18/2024 15:30,4/24/2024 11:26,Price Code 1,TRUCK 1 MOBILE PANTRY,False,Food Bank of Northeast Georgia,01,30607.0,Athens,USDA GREEN SPLIT PEAS,Proteins
451,179106,5938,L-105,Lexington Baptist Church,481720,,FP/GNAP/USDA,FOOD PANTRY-Agency,BLUE RECEIPT-SHL,C-28-10001,119,0,0,3.57,119,OGLETHORPE,0.03,4/17/2024 14:30,4/17/2024 11:48,Price Code 1,CUSTOMER PICKUP,False,Sharing Floor Athens,01-SH,30648.0,Lexington,"PRODUCE, FRESH SHL",Mixed Produce
433,179147,1047,T-114,Thankful Baptist Church,481760,,FP/OP/GNAP/USDA,YOUTH-Agency,USDA,N-50-10041,25,0,0,0.0,1225,OGLETHORPE,0.0,4/20/2024 7:00,4/22/2024 13:45,Price Code 1,TRUCK 1 MOBILE PANTRY,False,Food Bank of Northeast Georgia,01,30667.0,Stephens,USDA RICE,Grains
162,177862,8973,O-101,Oglethorpe County Senior Center,FAIMPORT480481,,FP/OP/USDA,SENIOR-Agency,BLUE RECEIPT-SHL,MCC-16-10001,5,0,0,0.0,5,OGLETHORPE,0.0,3/22/2024 0:00,3/22/2024 0:00,Price Code 1,CUSTOMER PICKUP,False,Food Bank of Northeast Georgia,01,30630.0,Crawford,"COOLER FOOD MISC., SHL RETAIL PICKUP",Food Misc.
162,179810,8975,O-101,Oglethorpe County Senior Center,FAIMPORT482422,,FP/OP/USDA,SENIOR-Agency,BLUE RECEIPT-SHL,MCC-07-10001,8,0,0,0.0,8,OGLETHORPE,0.0,4/23/2024 0:00,4/23/2024 0:00,Price Code 1,CUSTOMER PICKUP,False,Food Bank of Northeast Georgia,01,30630.0,Crawford,"DAIRY PRODUCTS, SHL RETAIL PICKUPS",Dairy
433,175208,5958,T-114,Thankful Baptist Church,477837,,FP/OP/GNAP/USDA,YOUTH-Agency,BLUE RECEIPT-SHL,C-16-10001,16,0,0,2.88,16,OGLETHORPE,0.18,2/6/2024 15:14,2/6/2024 10:51,Price Code 1,CUSTOMER PICKUP,False,Sharing Floor Athens,01-SH,30667.0,Stephens,"COOLER FOOD, MISC. SHL",Food Misc.
1007,179091,1045,S-141,SWAG Ministries,481705,,FP/OP/USDA,FOOD PANTRY-Agency,BLUE RECEIPT-SHL,W-25-10009,98,0,0,17.64,98,OGLETHORPE,0.18,4/17/2024 9:33,4/17/2024 9:37,Price Code 1,CUSTOMER PICKUP,False,Sharing Floor Athens,01-SH,30630.0,Crawford,"ASSORTED SNACK ITEMS, SHL",Food Misc.
1007,180994,9060,S-141,SWAG Ministries,483599,,FP/OP/USDA,FOOD PANTRY-Agency,LOCAL - LL,N-12-10106,3,0,0,0.0,21,OGLETHORPE,0.0,5/29/2024 10:00,5/30/2024 7:19,Price Code 1,CUSTOMER PICKUP,False,Food Bank of Northeast Georgia,01,30630.0,Crawford,PURCOL MOISTURIZING HAND SANITIZER,Non-Food Misc.
162,182364,8971,O-101,Oglethorpe County Senior Center,FAIMPORT484968,,FP/OP/USDA,SENIOR-Agency,BLUE RECEIPT-SHL,MCF-16-10001,231,0,0,0.0,231,OGLETHORPE,0.0,6/14/2024 0:00,6/14/2024 0:00,Price Code 1,CUSTOMER PICKUP,False,Food Bank of Northeast Georgia,01,30630.0,Crawford,"FROZEN FOODS, MISC SHL RETAIL PICKUP",Food Misc.
451,172481,696,L-105,Lexington Baptist Church,476112,,FP/GNAP/USDA,FOOD PANTRY-Agency,LOCAL - LL,W-25-10000,78,0,0,14.04,78,OGLETHORPE,0.18,1/3/2024 14:30,1/3/2024 11:54,Price Code 1,CUSTOMER PICKUP,False,Sharing Floor Athens,01-SH,30648.0,Lexington,"ASSORTED SNACK ITEMS, LL",Food Misc.
162,177395,8976,O-101,Oglethorpe County Senior Center,FAIMPORT480015,,FP/OP/USDA,SENIOR-Agency,BLUE RECEIPT-SHL,MCC-28-10001,28,0,0,0.0,28,OGLETHORPE,0.0,3/12/2024 0:00,3/12/2024 0:00,Price Code 1,CUSTOMER PICKUP,False,Food Bank of Northeast Georgia,01,30630.0,Crawford,"PRODUCE, SHL RETAIL PICKUPS",Mixed Produce
817,178738,8874,F2KOGL,Food 2 Kids Oglethorpe County,481352,,DIRECT ASSISTANCE,DIRECT ASSISTANCE-Agency,YELLOW RECEIPT - SHN,F-10-10002,8,0,0,0.0,24,OGLETHORPE,0.0,4/18/2024 15:30,4/24/2024 11:26,Price Code 1,TRUCK 1 MOBILE PANTRY,False,Food Bank of Northeast Georgia,01,30607.0,Athens,OUTSHINE TROPICAL SMOOTHIE CUBES,Beverages
1007,172831,3943,S-141,SWAG Ministries,476462,,FP/OP/USDA,FOOD PANTRY-Agency,USDA,N-50-10268,3,0,0,3.42,114,OGLETHORPE,0.03,1/19/2024 20:16,1/19/2024 9:15,Price Code 1,CUSTOMER PICKUP,False,Food Bank of Northeast Georgia,01,30630.0,Crawford,USDA APPLE JUICE,Beverages
433,175502,8903,T-114,Thankful Baptist Church,478131,,FP/OP/GNAP/USDA,YOUTH-Agency,YELLOW RECEIPT - SHN,N-16-10181,25,0,0,0.0,125,OGLETHORPE,0.0,2/17/2024 7:00,2/17/2024 9:51,Price Code 1,TRUCK 1 MOBILE PANTRY,False,Food Bank of Northeast Georgia,01,30667.0,Stephens,STOVE TOP STUFFING - TURKEY/CHICKEN/CORNBREAD,Prepared Meals
433,173781,8874,T-114,Thankful Baptist Church,477410,,FP/OP/GNAP/USDA,YOUTH-Agency,YELLOW RECEIPT - SHN,F-10-10002,1,0,0,0.09,3,OGLETHORPE,0.03,2/6/2024 15:14,2/6/2024 11:20,Price Code 1,CUSTOMER PICKUP,False,Food Bank of Northeast Georgia,01,30667.0,Stephens,OUTSHINE TROPICAL SMOOTHIE CUBES,Beverages
162,178427,8976,O-101,Oglethorpe County Senior Center,FAIMPORT481043,,FP/OP/USDA,SENIOR-Agency,BLUE RECEIPT-SHL,MCC-28-10001,23,0,0,0.0,23,OGLETHORPE,0.0,4/4/2024 0:00,4/4/2024 0:00,Price Code 1,CUSTOMER PICKUP,False,Food Bank of Northeast Georgia,01,30630.0,Crawford,"PRODUCE, SHL RETAIL PICKUPS",Mixed Produce
713,180394,8943,B-136,Burt's United Methodist Church,483000,,FP/GNAP/USDA,FOOD PANTRY-Agency,BLUE RECEIPT-SHL,C-28-90534,2,0,0,0.0,84,OGLETHORPE,0.0,5/13/2024 9:15,5/13/2024 10:47,Price Code 1,CUSTOMER PICKUP,False,Food Bank of Northeast Georgia,01,30627.0,Lexington,"SWEET POTATO, SHL",Potatoes 
451,177839,4449,L-105,Lexington Baptist Church,480458,,FP/GNAP/USDA,FOOD PANTRY-Agency,USDA,F-50-90445,1,0,0,4.1,41,OGLETHORPE,0.1,3/25/2024 14:30,3/25/2024 14:31,Price Code 1,CUSTOMER PICKUP,False,Food Bank of Northeast Georgia,01,30648.0,Lexington,USDA FULLY COOKED PULLED PORK CCC,Proteins
940,176085,5388,O-114,Oconee Baptist Church ,478712,,FOOD PANTRY,FOOD PANTRY-Agency,BLUE RECEIPT-SHL,F-16-10001,66,0,0,11.88,66,OGLETHORPE,0.18,2/23/2024 9:57,2/23/2024 10:06,Price Code 1,CONTACT FOR DELIVERY,False,Sharing Floor Athens,01-SH,30667.0,Stephens,"ASSORTED FROZEN FOODS, SHL",Food Misc.
713,180394,4737,B-136,Burt's United Methodist Church,483000,,FP/GNAP/USDA,FOOD PANTRY-Agency,USDA,F-50-90456,4,0,0,28.8,160,OGLETHORPE,0.18,5/13/2024 9:15,5/13/2024 10:47,Price Code 1,CUSTOMER PICKUP,False,Food Bank of Northeast Georgia,01,30627.0,Lexington,USDA PORK PATTY,Proteins
433,175502,4676,T-114,Thankful Baptist Church,478131,,FP/OP/GNAP/USDA,YOUTH-Agency,USDA,F-50-90031,63,0,0,0.0,1512,OGLETHORPE,0.0,2/17/2024 7:00,2/17/2024 9:51,Price Code 1,TRUCK 1 MOBILE PANTRY,False,Food Bank of Northeast Georgia,01,30667.0,Stephens,USDA FROZEN BLUEBERRIES CCC,Fruits
817,178732,842,F2KOGL,Food 2 Kids Oglethorpe County,481346,,DIRECT ASSISTANCE,DIRECT ASSISTANCE-Agency,USDA,N-50-10021,3,0,0,0.0,81,OGLETHORPE,0.0,4/18/2024 15:00,4/24/2024 11:39,Price Code 1,TRUCK 1 MOBILE PANTRY,False,Food Bank of Northeast Georgia,01,30607.0,Athens,USDA DICED TOMATOES NO SALT CCC,Vegetables 
940,172851,8873,O-114,Oconee Baptist Church ,476482,,FOOD PANTRY,FOOD PANTRY-Agency,YELLOW RECEIPT - SHN,F-10-10001,5,0,0,0.45,15,OGLETHORPE,0.03,1/16/2024 9:38,1/16/2024 9:59,Price Code 1,CONTACT FOR DELIVERY,False,Food Bank of Northeast Georgia,01,30667.0,Stephens,OUTSHINE STRAWBERRY BANANA SMOOTHIE CUBES,Beverages
451,176365,683,L-105,Lexington Baptist Church,478990,,FP/GNAP/USDA,FOOD PANTRY-Agency,BLUE RECEIPT-SHL,W-16-10001,117,0,0,21.06,117,OGLETHORPE,0.18,2/28/2024 14:30,2/28/2024 12:01,Price Code 1,CUSTOMER PICKUP,False,Sharing Floor Athens,01-SH,30648.0,Lexington,MISC. FOOD BOX SHL,Food Misc.
451,176144,8873,L-105,Lexington Baptist Church,478771,,FP/GNAP/USDA,FOOD PANTRY-Agency,YELLOW RECEIPT - SHN,F-10-10001,4,0,0,0.36,12,OGLETHORPE,0.03,2/28/2024 14:30,2/28/2024 10:49,Price Code 1,CUSTOMER PICKUP,False,Food Bank of Northeast Georgia,01,30648.0,Lexington,OUTSHINE STRAWBERRY BANANA SMOOTHIE CUBES,Beverages
817,178738,1791,F2KOGL,Food 2 Kids Oglethorpe County,481352,,DIRECT ASSISTANCE,DIRECT ASSISTANCE-Agency,USDA,N-50-10079,2,0,0,0.0,52,OGLETHORPE,0.0,4/18/2024 15:30,4/24/2024 11:26,Price Code 1,TRUCK 1 MOBILE PANTRY,False,Food Bank of Northeast Georgia,01,30607.0,Athens,USDA WALNUT HALVES AND PIECES,Proteins
451,176760,5938,L-105,Lexington Baptist Church,479383,,FP/GNAP/USDA,FOOD PANTRY-Agency,BLUE RECEIPT-SHL,C-28-10001,36,0,0,1.08,36,OGLETHORPE,0.03,3/6/2024 14:30,3/6/2024 11:44,Price Code 1,CUSTOMER PICKUP,False,Sharing Floor Athens,01-SH,30648.0,Lexington,"PRODUCE, FRESH SHL",Mixed Produce
940,181263,8972,O-114,Oconee Baptist Church ,FAIMPORT483868,,FOOD PANTRY,FOOD PANTRY-Agency,BLUE RECEIPT-SHL,MCF-15-10000,26,0,0,0.0,26,OGLETHORPE,0.0,5/16/2024 0:00,5/16/2024 0:00,Price Code 1,CONTACT FOR DELIVERY,False,Food Bank of Northeast Georgia,01,30667.0,Stephens,"FROZEN MEAT & SEAFOOD, SHL RETAIL PICKUP",Proteins
433,173466,5407,T-114,Thankful Baptist Church,477095,,FP/OP/GNAP/USDA,YOUTH-Agency,BLUE RECEIPT-SHL,F-15-10000,102,0,0,18.36,102,OGLETHORPE,0.18,1/23/2024 15:14,1/23/2024 10:42,Price Code 1,CUSTOMER PICKUP,False,Sharing Floor Athens,01-SH,30667.0,Stephens,"MEAT & SEAFOOD, FROZEN SHL",Proteins
713,178774,4449,B-136,Burt's United Methodist Church,481388,,FP/GNAP/USDA,FOOD PANTRY-Agency,USDA,F-50-90445,3,0,0,12.3,123,OGLETHORPE,0.1,4/16/2024 13:44,4/17/2024 10:03,Price Code 1,CUSTOMER PICKUP,False,Food Bank of Northeast Georgia,01,30627.0,Lexington,USDA FULLY COOKED PULLED PORK CCC,Proteins
1007,176749,5407,S-141,SWAG Ministries,479372,,FP/OP/USDA,FOOD PANTRY-Agency,BLUE RECEIPT-SHL,F-15-10000,51,0,0,9.18,51,OGLETHORPE,0.18,3/6/2024 9:39,3/6/2024 9:47,Price Code 1,CUSTOMER PICKUP,False,Sharing Floor Athens,01-SH,30630.0,Crawford,"MEAT & SEAFOOD, FROZEN SHL",Proteins
433,179147,8714,T-114,Thankful Baptist Church,481760,,FP/OP/GNAP/USDA,YOUTH-Agency,USDA,N-50-10303,25,0,0,0.0,600,OGLETHORPE,0.0,4/20/2024 7:00,4/22/2024 13:45,Price Code 1,TRUCK 1 MOBILE PANTRY,False,Food Bank of Northeast Georgia,01,30667.0,Stephens,USDA GREEN SPLIT PEAS,Proteins
451,177839,8915,L-105,Lexington Baptist Church,480458,,FP/GNAP/USDA,FOOD PANTRY-Agency,USDA,F-50-90474,1,0,0,4.0,40,OGLETHORPE,0.1,3/25/2024 14:30,3/25/2024 14:31,Price Code 1,CUSTOMER PICKUP,False,Food Bank of Northeast Georgia,01,30648.0,Lexington,USDA PACIFIC SALAD SHRIMP,Proteins
1007,179091,875,S-141,SWAG Ministries,481705,,FP/OP/USDA,FOOD PANTRY-Agency,BLUE RECEIPT-SHL,W-04-10000,70,0,0,0.0,70,OGLETHORPE,0.0,4/17/2024 9:33,4/17/2024 9:37,Price Code 1,CUSTOMER PICKUP,False,Sharing Floor Athens,01-SH,30630.0,Crawford,"BREAD & BAKERY, ASSORTED SHL",Grains
713,178774,8940,B-136,Burt's United Methodist Church,481388,,FP/GNAP/USDA,FOOD PANTRY-Agency,BLUE RECEIPT-SHL,C-28-90531,5,0,0,0.0,260,OGLETHORPE,0.0,4/16/2024 13:44,4/17/2024 10:03,Price Code 1,CUSTOMER PICKUP,False,Food Bank of Northeast Georgia,01,30627.0,Lexington,"CABBAGE, SHL 50#",Vegetables 
1007,180994,4411,S-141,SWAG Ministries,483599,,FP/OP/USDA,FOOD PANTRY-Agency,USDA,F-50-90465,3,0,0,11.34,63,OGLETHORPE,0.18,5/29/2024 10:00,5/30/2024 7:19,Price Code 1,CUSTOMER PICKUP,False,Food Bank of Northeast Georgia,01,30630.0,Crawford,USDA WILD CAUGHT GULF SHRIMP,Proteins
433,178117,875,T-114,Thankful Baptist Church,480736,,FP/OP/GNAP/USDA,YOUTH-Agency,BLUE RECEIPT-SHL,W-04-10000,32,0,0,0.0,32,OGLETHORPE,0.0,4/2/2024 15:14,4/2/2024 10:42,Price Code 1,CUSTOMER PICKUP,False,Sharing Floor Athens,01-SH,30667.0,Stephens,"BREAD & BAKERY, ASSORTED SHL",Grains
940,178418,8970,O-114,Oconee Baptist Church ,FAIMPORT481034,,FOOD PANTRY,FOOD PANTRY-Agency,BLUE RECEIPT-SHL,MCW-16-10001,80,0,0,0.0,80,OGLETHORPE,0.0,4/4/2024 0:00,4/4/2024 0:00,Price Code 1,CONTACT FOR DELIVERY,False,Food Bank of Northeast Georgia,01,30667.0,Stephens,"MISC. FOOD BOX, SHL RETAIL PICKUP",Food Misc.
162,183308,8976,O-101,Oglethorpe County Senior Center,FAIMPORT485909,,FP/OP/USDA,SENIOR-Agency,BLUE RECEIPT-SHL,MCC-28-10001,71,0,0,0.0,71,OGLETHORPE,0.0,6/28/2024 0:00,6/28/2024 0:00,Price Code 1,CUSTOMER PICKUP,False,Food Bank of Northeast Georgia,01,30630.0,Crawford,"PRODUCE, SHL RETAIL PICKUPS",Mixed Produce
451,178365,8714,L-105,Lexington Baptist Church,480981,,FP/GNAP/USDA,FOOD PANTRY-Agency,USDA,N-50-10303,25,0,0,0.0,600,OGLETHORPE,0.0,4/8/2024 14:30,4/11/2024 13:06,Price Code 1,TRUCK 1 MOBILE PANTRY,False,Food Bank of Northeast Georgia,01,30648.0,Lexington,USDA GREEN SPLIT PEAS,Proteins
940,176085,690,O-114,Oconee Baptist Church ,478712,,FOOD PANTRY,FOOD PANTRY-Agency,BLUE RECEIPT-SHL,W-03-10013,715,0,0,0.0,715,OGLETHORPE,0.0,2/23/2024 9:57,2/23/2024 10:06,Price Code 1,CONTACT FOR DELIVERY,False,Sharing Floor Athens,01-SH,30667.0,Stephens,"ASSORTED BEVERAGES, SHL",Beverages
162,179812,8975,O-101,Oglethorpe County Senior Center,FAIMPORT482423,,FP/OP/USDA,SENIOR-Agency,BLUE RECEIPT-SHL,MCC-07-10001,52,0,0,0.0,52,OGLETHORPE,0.0,4/26/2024 0:00,4/26/2024 0:00,Price Code 1,CUSTOMER PICKUP,False,Food Bank of Northeast Georgia,01,30630.0,Crawford,"DAIRY PRODUCTS, SHL RETAIL PICKUPS",Dairy
1007,181486,9077,S-141,SWAG Ministries,484090,,FP/OP/USDA,FOOD PANTRY-Agency,BLUE RECEIPT-SHL,N-03-11839,2,0,0,0.0,54,OGLETHORPE,0.0,6/5/2024 10:00,6/5/2024 10:06,Price Code 1,CUSTOMER PICKUP,False,Food Bank of Northeast Georgia,01,30630.0,Crawford,MTN DEW 36 X 12 FL OZ,Beverages
713,172822,7082,B-136,Burt's United Methodist Church,476453,,FP/GNAP/USDA,FOOD PANTRY-Agency,USDA,C-50-10033,8,0,0,17.28,96,OGLETHORPE,0.18,1/16/2024 13:44,1/16/2024 12:52,Price Code 1,CUSTOMER PICKUP,False,Food Bank of Northeast Georgia,01,30627.0,Lexington,USDA SHREDDED YELLOW CHEDDAR CHEESE CCC,Dairy
940,181834,8971,O-114,Oconee Baptist Church ,FAIMPORT484438,,FOOD PANTRY,FOOD PANTRY-Agency,BLUE RECEIPT-SHL,MCF-16-10001,15,0,0,0.0,15,OGLETHORPE,0.0,5/31/2024 0:00,5/31/2024 0:00,Price Code 1,CONTACT FOR DELIVERY,False,Food Bank of Northeast Georgia,01,30667.0,Stephens,"FROZEN FOODS, MISC SHL RETAIL PICKUP",Food Misc.
162,173449,7284,O-101,Oglethorpe County Senior Center,477078,,FP/OP/USDA,SENIOR-Agency,USDA,C-50-10043,4,0,0,18.72,104,OGLETHORPE,0.18,1/25/2024 13:38,1/25/2024 14:30,Price Code 1,CUSTOMER PICKUP,False,Food Bank of Northeast Georgia,01,30630.0,Crawford,USDA RED FAT AMERICAN CHEESE CCC,Dairy
1007,172854,5958,S-141,SWAG Ministries,476485,,FP/OP/USDA,FOOD PANTRY-Agency,BLUE RECEIPT-SHL,C-16-10001,18,0,0,3.24,18,OGLETHORPE,0.18,1/10/2024 9:44,1/10/2024 9:48,Price Code 1,CUSTOMER PICKUP,False,Sharing Floor Athens,01-SH,30630.0,Crawford,"COOLER FOOD, MISC. SHL",Food Misc.
817,178732,4715,F2KOGL,Food 2 Kids Oglethorpe County,481346,,DIRECT ASSISTANCE,DIRECT ASSISTANCE-Agency,USDA,F-50-90461,1,0,0,0.0,40,OGLETHORPE,0.0,4/18/2024 15:00,4/24/2024 11:39,Price Code 1,TRUCK 1 MOBILE PANTRY,False,Food Bank of Northeast Georgia,01,30607.0,Athens,USDA ALASKAN POLLACK FISH FILLETS,Proteins
451,175514,5938,L-105,Lexington Baptist Church,478143,,FP/GNAP/USDA,FOOD PANTRY-Agency,BLUE RECEIPT-SHL,C-28-10001,2900,0,0,0.0,2900,OGLETHORPE,0.0,2/12/2024 14:30,2/21/2024 12:42,Price Code 1,CUSTOMER PICKUP,False,Food Bank of Northeast Georgia,01,30648.0,Lexington,"PRODUCE, FRESH SHL",Mixed Produce
451,180526,170,L-105,Lexington Baptist Church,483132,,FP/GNAP/USDA,FOOD PANTRY-Agency,USDA,N-50-10007,13,0,0,0.0,364,OGLETHORPE,0.0,5/13/2024 14:30,5/14/2024 8:06,Price Code 1,TRUCK 1 MOBILE PANTRY,False,Food Bank of Northeast Georgia,01,30648.0,Lexington,"USDA CORN, WHOLE KERNEL NO SALT",Vegetables 
162,181305,8976,O-101,Oglethorpe County Senior Center,FAIMPORT483909,,FP/OP/USDA,SENIOR-Agency,BLUE RECEIPT-SHL,MCC-28-10001,37,0,0,0.0,37,OGLETHORPE,0.0,5/16/2024 0:00,5/16/2024 0:00,Price Code 1,CUSTOMER PICKUP,False,Food Bank of Northeast Georgia,01,30630.0,Crawford,"PRODUCE, SHL RETAIL PICKUPS",Mixed Produce
940,176504,5407,O-114,Oconee Baptist Church ,479128,,FOOD PANTRY,FOOD PANTRY-Agency,BLUE RECEIPT-SHL,F-15-10000,142,0,0,0.0,142,OGLETHORPE,0.0,3/1/2024 10:00,3/1/2024 10:12,Price Code 1,CONTACT FOR DELIVERY,False,Sharing Floor Athens,01-SH,30667.0,Stephens,"MEAT & SEAFOOD, FROZEN SHL",Proteins
433,178598,5938,T-114,Thankful Baptist Church,481214,,FP/OP/GNAP/USDA,YOUTH-Agency,BLUE RECEIPT-SHL,C-28-10001,21,0,0,0.63,21,OGLETHORPE,0.03,4/9/2024 15:14,4/9/2024 11:01,Price Code 1,CUSTOMER PICKUP,False,Sharing Floor Athens,01-SH,30667.0,Stephens,"PRODUCE, FRESH SHL",Mixed Produce
713,178774,6780,B-136,Burt's United Methodist Church,481388,,FP/GNAP/USDA,FOOD PANTRY-Agency,USDA,C-50-10024,4,0,0,0.0,172,OGLETHORPE,0.0,4/16/2024 13:44,4/17/2024 10:03,Price Code 1,CUSTOMER PICKUP,False,Food Bank of Northeast Georgia,01,30627.0,Lexington,USDA APPLES,Fruits
451,176760,696,L-105,Lexington Baptist Church,479383,,FP/GNAP/USDA,FOOD PANTRY-Agency,LOCAL - LL,W-25-10000,229,0,0,41.22,229,OGLETHORPE,0.18,3/6/2024 14:30,3/6/2024 11:44,Price Code 1,CUSTOMER PICKUP,False,Sharing Floor Athens,01-SH,30648.0,Lexington,"ASSORTED SNACK ITEMS, LL",Food Misc.
940,181263,8986,O-114,Oconee Baptist Church ,FAIMPORT483868,,FOOD PANTRY,FOOD PANTRY-Agency,BLUE RECEIPT-SHL,MCW-01-10001,7,0,0,0.0,7,OGLETHORPE,0.0,5/16/2024 0:00,5/16/2024 0:00,Price Code 1,CONTACT FOR DELIVERY,False,Food Bank of Northeast Georgia,01,30667.0,Stephens,"NON-FOOD ITEMS, SHL RETAIL PICKUPS",Non-Food Misc.
1007,177217,5772,S-141,SWAG Ministries,479837,,FP/OP/USDA,FOOD PANTRY-Agency,LOCAL - LL,C-28-10000,50,0,0,1.5,50,OGLETHORPE,0.03,3/13/2024 9:38,3/13/2024 9:44,Price Code 1,CUSTOMER PICKUP,False,Sharing Floor Athens,01-SH,30630.0,Crawford,"PRODUCE, FRESH LL",Mixed Produce
1007,176749,688,S-141,SWAG Ministries,479372,,FP/OP/USDA,FOOD PANTRY-Agency,BLUE RECEIPT-SHL,W-01-10000,32,0,0,5.76,32,OGLETHORPE,0.18,3/6/2024 9:39,3/6/2024 9:47,Price Code 1,CUSTOMER PICKUP,False,Sharing Floor Athens,01-SH,30630.0,Crawford,"ASSORTED NON-FOOD ITEMS, SHL",Non-Food Misc.
162,178218,8976,O-101,Oglethorpe County Senior Center,FAIMPORT480836,,FP/OP/USDA,SENIOR-Agency,BLUE RECEIPT-SHL,MCC-28-10001,78,0,0,0.0,78,OGLETHORPE,0.0,3/27/2024 0:00,3/27/2024 0:00,Price Code 1,CUSTOMER PICKUP,False,Food Bank of Northeast Georgia,01,30630.0,Crawford,"PRODUCE, SHL RETAIL PICKUPS",Mixed Produce
816,176203,50,S-135,Sonlight Baptist Church,478829,,FOOD PANTRY,FOOD PANTRY-Agency,LOCAL - LL,W-16-10002,188,0,0,33.84,188,OGLETHORPE,0.18,2/26/2024 12:22,2/26/2024 11:00,Price Code 1,CUSTOMER PICKUP,False,Sharing Floor Athens,01-SH,30628.0,Colbert,MISC. FOOD BOX LL,Food Misc.
433,179815,8975,T-114,Thankful Baptist Church,FAIMPORT482426,,FP/OP/GNAP/USDA,YOUTH-Agency,BLUE RECEIPT-SHL,MCC-07-10001,25,0,0,0.0,25,OGLETHORPE,0.0,4/26/2024 0:00,4/26/2024 0:00,Price Code 1,CUSTOMER PICKUP,False,Food Bank of Northeast Georgia,01,30667.0,Stephens,"DAIRY PRODUCTS, SHL RETAIL PICKUPS",Dairy
433,181880,683,T-114,Thankful Baptist Church,484484,,FP/OP/GNAP/USDA,YOUTH-Agency,BLUE RECEIPT-SHL,W-16-10001,116,0,0,20.88,116,OGLETHORPE,0.18,6/4/2024 15:14,6/4/2024 10:58,Price Code 1,CUSTOMER PICKUP,False,Sharing Floor Athens,01-SH,30667.0,Stephens,MISC. FOOD BOX SHL,Food Misc.
162,173449,4676,O-101,Oglethorpe County Senior Center,477078,,FP/OP/USDA,SENIOR-Agency,USDA,F-50-90031,5,0,0,0.0,120,OGLETHORPE,0.0,1/25/2024 13:38,1/25/2024 14:30,Price Code 1,CUSTOMER PICKUP,False,Food Bank of Northeast Georgia,01,30630.0,Crawford,USDA FROZEN BLUEBERRIES CCC,Fruits
451,178248,50,L-105,Lexington Baptist Church,480864,,FP/GNAP/USDA,FOOD PANTRY-Agency,LOCAL - LL,W-16-10002,17,0,0,3.06,17,OGLETHORPE,0.18,4/3/2024 14:30,4/3/2024 11:42,Price Code 1,CUSTOMER PICKUP,False,Sharing Floor Athens,01-SH,30648.0,Lexington,MISC. FOOD BOX LL,Food Misc.
940,178183,8973,O-114,Oconee Baptist Church ,FAIMPORT480801,,FOOD PANTRY,FOOD PANTRY-Agency,BLUE RECEIPT-SHL,MCC-16-10001,2,0,0,0.0,2,OGLETHORPE,0.0,3/26/2024 0:00,3/26/2024 0:00,Price Code 1,CONTACT FOR DELIVERY,False,Food Bank of Northeast Georgia,01,30667.0,Stephens,"COOLER FOOD MISC., SHL RETAIL PICKUP",Food Misc.
1007,179543,875,S-141,SWAG Ministries,482156,,FP/OP/USDA,FOOD PANTRY-Agency,BLUE RECEIPT-SHL,W-04-10000,28,0,0,0.0,28,OGLETHORPE,0.0,4/24/2024 9:26,4/24/2024 9:31,Price Code 1,CUSTOMER PICKUP,False,Sharing Floor Athens,01-SH,30630.0,Crawford,"BREAD & BAKERY, ASSORTED SHL",Grains
1007,173286,4715,S-141,SWAG Ministries,476915,,FP/OP/USDA,FOOD PANTRY-Agency,USDA,F-50-90461,2,0,0,14.4,80,OGLETHORPE,0.18,1/26/2024 3:37,2/20/2024 13:35,Price Code 1,CUSTOMER PICKUP,False,Food Bank of Northeast Georgia,01,30630.0,Crawford,USDA ALASKAN POLLACK FISH FILLETS,Proteins
433,179866,875,T-114,Thankful Baptist Church,482477,,FP/OP/GNAP/USDA,YOUTH-Agency,BLUE RECEIPT-SHL,W-04-10000,59,0,0,0.0,59,OGLETHORPE,0.0,4/30/2024 15:14,4/30/2024 10:53,Price Code 1,CUSTOMER PICKUP,False,Sharing Floor Athens,01-SH,30667.0,Stephens,"BREAD & BAKERY, ASSORTED SHL",Grains
451,177888,50,L-105,Lexington Baptist Church,480507,,FP/GNAP/USDA,FOOD PANTRY-Agency,LOCAL - LL,W-16-10002,40,0,0,7.2,40,OGLETHORPE,0.18,3/26/2024 14:30,3/26/2024 14:19,Price Code 1,CUSTOMER PICKUP,False,Sharing Floor Athens,01-SH,30648.0,Lexington,MISC. FOOD BOX LL,Food Misc.
162,181306,8973,O-101,Oglethorpe County Senior Center,FAIMPORT483910,,FP/OP/USDA,SENIOR-Agency,BLUE RECEIPT-SHL,MCC-16-10001,35,0,0,0.0,35,OGLETHORPE,0.0,5/20/2024 0:00,5/20/2024 0:00,Price Code 1,CUSTOMER PICKUP,False,Food Bank of Northeast Georgia,01,30630.0,Crawford,"COOLER FOOD MISC., SHL RETAIL PICKUP",Food Misc.
433,179147,84,T-114,Thankful Baptist Church,481760,,FP/OP/GNAP/USDA,YOUTH-Agency,USDA,N-50-10006,13,0,0,0.0,351,OGLETHORPE,0.0,4/20/2024 7:00,4/22/2024 13:45,Price Code 1,TRUCK 1 MOBILE PANTRY,False,Food Bank of Northeast Georgia,01,30667.0,Stephens,USDA GREEN BEANS,Vegetables 
162,176819,8976,O-101,Oglethorpe County Senior Center,FAIMPORT479441,,FP/OP/USDA,SENIOR-Agency,BLUE RECEIPT-SHL,MCC-28-10001,83,0,0,0.0,83,OGLETHORPE,0.0,3/4/2024 0:00,3/4/2024 0:00,Price Code 1,CUSTOMER PICKUP,False,Food Bank of Northeast Georgia,01,30630.0,Crawford,"PRODUCE, SHL RETAIL PICKUPS",Mixed Produce
1007,173286,4761,S-141,SWAG Ministries,476915,,FP/OP/USDA,FOOD PANTRY-Agency,USDA,F-50-90454,1,0,0,0.0,31,OGLETHORPE,0.0,1/26/2024 3:37,2/20/2024 13:35,Price Code 1,CUSTOMER PICKUP,False,Food Bank of Northeast Georgia,01,30630.0,Crawford,USDA FROZEN STRAWBERRIES CCC,Fruits
433,173836,696,T-114,Thankful Baptist Church,477465,,FP/OP/GNAP/USDA,YOUTH-Agency,LOCAL - LL,W-25-10000,58,0,0,10.44,58,OGLETHORPE,0.18,1/30/2024 15:14,1/30/2024 10:53,Price Code 1,CUSTOMER PICKUP,False,Sharing Floor Athens,01-SH,30667.0,Stephens,"ASSORTED SNACK ITEMS, LL",Food Misc.
451,181600,9078,L-105,Lexington Baptist Church,484204,,FP/GNAP/USDA,FOOD PANTRY-Agency,BLUE RECEIPT-SHL,N-03-11840,2,0,0,0.0,18,OGLETHORPE,0.0,6/7/2024 11:30,6/7/2024 13:11,Price Code 1,CUSTOMER PICKUP,False,Food Bank of Northeast Georgia,01,30648.0,Lexington,PEPSI ZERO WILD CHERRY,Beverages
451,175626,92,L-105,Lexington Baptist Church,478254,,FP/GNAP/USDA,FOOD PANTRY-Agency,LOCAL - LL,W-01-10002,23,0,0,4.14,23,OGLETHORPE,0.18,2/14/2024 14:30,2/14/2024 11:55,Price Code 1,CUSTOMER PICKUP,False,Sharing Floor Athens,01-SH,30648.0,Lexington,"ASSORTED NON-FOOD ITEMS, LL",Non-Food Misc.
433,175208,5958,T-114,Thankful Baptist Church,477837,,FP/OP/GNAP/USDA,YOUTH-Agency,BLUE RECEIPT-SHL,C-16-10001,5,0,0,0.9,5,OGLETHORPE,0.18,2/6/2024 15:14,2/6/2024 10:51,Price Code 1,CUSTOMER PICKUP,False,Sharing Floor Athens,01-SH,30667.0,Stephens,"COOLER FOOD, MISC. SHL",Food Misc.
1007,177217,50,S-141,SWAG Ministries,479837,,FP/OP/USDA,FOOD PANTRY-Agency,LOCAL - LL,W-16-10002,104,0,0,0.0,104,OGLETHORPE,0.0,3/13/2024 9:38,3/13/2024 9:44,Price Code 1,CUSTOMER PICKUP,False,Sharing Floor Athens,01-SH,30630.0,Crawford,MISC. FOOD BOX LL,Food Misc.
162,180482,8975,O-101,Oglethorpe County Senior Center,FAIMPORT483088,,FP/OP/USDA,SENIOR-Agency,BLUE RECEIPT-SHL,MCC-07-10001,46,0,0,0.0,46,OGLETHORPE,0.0,5/7/2024 0:00,5/7/2024 0:00,Price Code 1,CUSTOMER PICKUP,False,Food Bank of Northeast Georgia,01,30630.0,Crawford,"DAIRY PRODUCTS, SHL RETAIL PICKUPS",Dairy
451,173549,5407,L-105,Lexington Baptist Church,477178,,FP/GNAP/USDA,FOOD PANTRY-Agency,BLUE RECEIPT-SHL,F-15-10000,132,0,0,23.76,132,OGLETHORPE,0.18,1/24/2024 14:30,1/24/2024 12:07,Price Code 1,CUSTOMER PICKUP,False,Sharing Floor Athens,01-SH,30648.0,Lexington,"MEAT & SEAFOOD, FROZEN SHL",Proteins
433,172551,5772,T-114,Thankful Baptist Church,476182,,FP/OP/GNAP/USDA,YOUTH-Agency,LOCAL - LL,C-28-10000,36,0,0,1.08,36,OGLETHORPE,0.03,1/4/2024 15:14,1/4/2024 11:53,Price Code 1,CUSTOMER PICKUP,False,Sharing Floor Athens,01-SH,30667.0,Stephens,"PRODUCE, FRESH LL",Mixed Produce
1007,179516,2202,S-141,SWAG Ministries,482129,,FP/OP/USDA,FOOD PANTRY-Agency,USDA,N-50-10240,2,0,0,7.92,44,OGLETHORPE,0.18,5/1/2024 15:42,5/8/2024 10:44,Price Code 1,CUSTOMER PICKUP,False,Food Bank of Northeast Georgia,01,30630.0,Crawford,USDA SPAGHETTI,Grains
940,176504,5958,O-114,Oconee Baptist Church ,479128,,FOOD PANTRY,FOOD PANTRY-Agency,BLUE RECEIPT-SHL,C-16-10001,20,0,0,3.6,20,OGLETHORPE,0.18,3/1/2024 10:00,3/1/2024 10:12,Price Code 1,CONTACT FOR DELIVERY,False,Sharing Floor Athens,01-SH,30667.0,Stephens,"COOLER FOOD, MISC. SHL",Food Misc.
1007,173304,683,S-141,SWAG Ministries,476933,,FP/OP/USDA,FOOD PANTRY-Agency,BLUE RECEIPT-SHL,W-16-10001,110,0,0,19.8,110,OGLETHORPE,0.18,1/19/2024 10:48,1/19/2024 10:52,Price Code 1,CUSTOMER PICKUP,False,Sharing Floor Athens,01-SH,30630.0,Crawford,MISC. FOOD BOX SHL,Food Misc.
451,180526,800,L-105,Lexington Baptist Church,483132,,FP/GNAP/USDA,FOOD PANTRY-Agency,USDA,N-50-10065,13,0,0,0.0,351,OGLETHORPE,0.0,5/13/2024 14:30,5/14/2024 8:06,Price Code 1,TRUCK 1 MOBILE PANTRY,False,Food Bank of Northeast Georgia,01,30648.0,Lexington,USDA APPLESAUCE,Fruits
1007,180849,683,S-141,SWAG Ministries,483455,,FP/OP/USDA,FOOD PANTRY-Agency,BLUE RECEIPT-SHL,W-16-10001,147,0,0,26.46,147,OGLETHORPE,0.18,5/15/2024 9:22,5/15/2024 9:24,Price Code 1,CUSTOMER PICKUP,False,Sharing Floor Athens,01-SH,30630.0,Crawford,MISC. FOOD BOX SHL,Food Misc.
162,173307,8905,O-101,Oglethorpe County Senior Center,476936,,FP/OP/USDA,SENIOR-Agency,BLUE RECEIPT-SHL,N-03-11794,2,0,0,0.0,76,OGLETHORPE,0.0,1/24/2024 13:38,1/25/2024 14:31,Price Code 1,CUSTOMER PICKUP,False,Food Bank of Northeast Georgia,01,30630.0,Crawford,"PEPSI, 12/1.25L",Beverages
940,176907,8970,O-114,Oconee Baptist Church ,FAIMPORT479529,,FOOD PANTRY,FOOD PANTRY-Agency,BLUE RECEIPT-SHL,MCW-16-10001,34,0,0,0.0,34,OGLETHORPE,0.0,3/7/2024 0:00,3/7/2024 0:00,Price Code 1,CONTACT FOR DELIVERY,False,Food Bank of Northeast Georgia,01,30667.0,Stephens,"MISC. FOOD BOX, SHL RETAIL PICKUP",Food Misc.
940,178185,8975,O-114,Oconee Baptist Church ,FAIMPORT480803,,FOOD PANTRY,FOOD PANTRY-Agency,BLUE RECEIPT-SHL,MCC-07-10001,79,0,0,0.0,79,OGLETHORPE,0.0,3/28/2024 0:00,3/28/2024 0:00,Price Code 1,CONTACT FOR DELIVERY,False,Food Bank of Northeast Georgia,01,30667.0,Stephens,"DAIRY PRODUCTS, SHL RETAIL PICKUPS",Dairy
1007,179543,1045,S-141,SWAG Ministries,482156,,FP/OP/USDA,FOOD PANTRY-Agency,BLUE RECEIPT-SHL,W-25-10009,134,0,0,24.12,134,OGLETHORPE,0.18,4/24/2024 9:26,4/24/2024 9:31,Price Code 1,CUSTOMER PICKUP,False,Sharing Floor Athens,01-SH,30630.0,Crawford,"ASSORTED SNACK ITEMS, SHL",Food Misc.
451,180526,7008,L-105,Lexington Baptist Church,483132,,FP/GNAP/USDA,FOOD PANTRY-Agency,LOCAL - LL,C-28-90443,38,0,0,0.0,836,OGLETHORPE,0.0,5/13/2024 14:30,5/14/2024 8:06,Price Code 1,TRUCK 1 MOBILE PANTRY,False,Food Bank of Northeast Georgia,01,30648.0,Lexington,BELL PEPPERS,Vegetables
1007,173524,875,S-141,SWAG Ministries,477153,,FP/OP/USDA,FOOD PANTRY-Agency,BLUE RECEIPT-SHL,W-04-10000,40,0,0,0.0,40,OGLETHORPE,0.0,1/24/2024 9:33,1/24/2024 9:37,Price Code 1,CUSTOMER PICKUP,False,Sharing Floor Athens,01-SH,30630.0,Crawford,"BREAD & BAKERY, ASSORTED SHL",Grains
940,173299,690,O-114,Oconee Baptist Church ,476928,,FOOD PANTRY,FOOD PANTRY-Agency,BLUE RECEIPT-SHL,W-03-10013,185,0,0,5.55,185,OGLETHORPE,0.03,1/19/2024 9:43,1/19/2024 9:54,Price Code 1,CONTACT FOR DELIVERY,False,Sharing Floor Athens,01-SH,30667.0,Stephens,"ASSORTED BEVERAGES, SHL",Beverages
646,181927,875,C-168,Crawford Pentecostal Church,484531,,FP/USDA,AFTER SCHOOL PROGRAM-Agency,BLUE RECEIPT-SHL,W-04-10000,63,0,0,0.0,63,OGLETHORPE,0.0,6/5/2024 12:13,6/5/2024 11:38,Price Code 1,CUSTOMER PICKUP,False,Sharing Floor Athens,01-SH,30630.0,Crawford,"BREAD & BAKERY, ASSORTED SHL",Grains
646,181675,9014,C-168,Crawford Pentecostal Church,484279,,FP/USDA,AFTER SCHOOL PROGRAM-Agency,PURCH,N-27-10136,3,0,156,14.58,81,OGLETHORPE,0.18,6/5/2024 8:30,6/5/2024 12:08,Price Code 1,CUSTOMER PICKUP,False,Food Bank of Northeast Georgia,01,30630.0,Crawford,"GREEN BEANS, HARVEST VALLEY",Vegetables 
433,179866,5938,T-114,Thankful Baptist Church,482477,,FP/OP/GNAP/USDA,YOUTH-Agency,BLUE RECEIPT-SHL,C-28-10001,21,0,0,0.63,21,OGLETHORPE,0.03,4/30/2024 15:14,4/30/2024 10:53,Price Code 1,CUSTOMER PICKUP,False,Sharing Floor Athens,01-SH,30667.0,Stephens,"PRODUCE, FRESH SHL",Mixed Produce
451,177003,8915,L-105,Lexington Baptist Church,479625,,FP/GNAP/USDA,FOOD PANTRY-Agency,USDA,F-50-90474,1,0,0,4.0,40,OGLETHORPE,0.1,3/13/2024 14:30,3/13/2024 10:47,Price Code 1,CUSTOMER PICKUP,False,Food Bank of Northeast Georgia,01,30648.0,Lexington,USDA PACIFIC SALAD SHRIMP,Proteins
433,181723,8970,T-114,Thankful Baptist Church,FAIMPORT484327,,FP/OP/GNAP/USDA,YOUTH-Agency,BLUE RECEIPT-SHL,MCW-16-10001,21,0,0,0.0,21,OGLETHORPE,0.0,5/31/2024 0:00,5/31/2024 0:00,Price Code 1,CUSTOMER PICKUP,False,Food Bank of Northeast Georgia,01,30667.0,Stephens,"MISC. FOOD BOX, SHL RETAIL PICKUP",Food Misc.
451,174991,8914,L-105,Lexington Baptist Church,477621,,FP/GNAP/USDA,FOOD PANTRY-Agency,USDA,N-50-10310,2,0,0,9.72,54,OGLETHORPE,0.18,2/6/2024 14:30,2/6/2024 12:31,Price Code 1,CUSTOMER PICKUP,False,Food Bank of Northeast Georgia,01,30648.0,Lexington,USDA DICED POTATOES,Potatoes 
1007,173304,5477,S-141,SWAG Ministries,476933,,FP/OP/USDA,FOOD PANTRY-Agency,LOCAL - LL,F-15-10001,61,0,0,10.98,61,OGLETHORPE,0.18,1/19/2024 10:48,1/19/2024 10:52,Price Code 1,CUSTOMER PICKUP,False,Sharing Floor Athens,01-SH,30630.0,Crawford,"MEAT & SEAFOOD, FROZEN LOCAL",Proteins
433,177882,696,T-114,Thankful Baptist Church,480501,,FP/OP/GNAP/USDA,YOUTH-Agency,LOCAL - LL,W-25-10000,39,0,0,7.02,39,OGLETHORPE,0.18,3/26/2024 15:14,3/26/2024 11:03,Price Code 1,CUSTOMER PICKUP,False,Sharing Floor Athens,01-SH,30667.0,Stephens,"ASSORTED SNACK ITEMS, LL",Food Misc.
162,173307,4852,O-101,Oglethorpe County Senior Center,476936,,FP/OP/USDA,SENIOR-Agency,USDA,F-50-90035,5,0,0,0.0,160,OGLETHORPE,0.0,1/24/2024 13:38,1/25/2024 14:31,Price Code 1,CUSTOMER PICKUP,False,Food Bank of Northeast Georgia,01,30630.0,Crawford,USDA FROZEN CHERRIES CCC,Fruits
713,182247,2426,B-136,Burt's United Methodist Church,484851,,FP/GNAP/USDA,FOOD PANTRY-Agency,USDA,N-50-10112,6,0,0,27.0,150,OGLETHORPE,0.18,6/25/2024 14:00,6/25/2024 14:24,Price Code 1,CUSTOMER PICKUP,False,Food Bank of Northeast Georgia,01,30627.0,Lexington,USDA PISTACHIOS,Proteins
940,177276,8873,O-114,Oconee Baptist Church ,479896,,FOOD PANTRY,FOOD PANTRY-Agency,YELLOW RECEIPT - SHN,F-10-10001,2,0,0,0.18,6,OGLETHORPE,0.03,3/15/2024 18:27,3/15/2024 9:40,Price Code 1,CONTACT FOR DELIVERY,False,Food Bank of Northeast Georgia,01,30667.0,Stephens,OUTSHINE STRAWBERRY BANANA SMOOTHIE CUBES,Beverages
1007,181121,8740,S-141,SWAG Ministries,483726,,FP/OP/USDA,FOOD PANTRY-Agency,BLUE RECEIPT-SHL,N-03-11740,10,0,0,0.0,280,OGLETHORPE,0.0,5/29/2024 10:30,5/29/2024 10:52,Price Code 1,CUSTOMER PICKUP,False,Food Bank of Northeast Georgia,01,30630.0,Crawford,MT DEW BAJA BLAST,Beverages
1007,176243,8965,S-141,SWAG Ministries,478869,,FP/OP/USDA,FOOD PANTRY-Agency,YELLOW RECEIPT - SHN,N-25-11962,2,0,0,3.96,22,OGLETHORPE,0.18,3/6/2024 21:40,3/6/2024 9:02,Price Code 1,CUSTOMER PICKUP,False,Food Bank of Northeast Georgia,01,30630.0,Crawford,SNACK PACK FRUITY PEBBLES PUDDING,Food Misc.
940,173299,5958,O-114,Oconee Baptist Church ,476928,,FOOD PANTRY,FOOD PANTRY-Agency,BLUE RECEIPT-SHL,C-16-10001,504,0,0,90.72,504,OGLETHORPE,0.18,1/19/2024 9:43,1/19/2024 9:54,Price Code 1,CONTACT FOR DELIVERY,False,Sharing Floor Athens,01-SH,30667.0,Stephens,"COOLER FOOD, MISC. SHL",Food Misc.
433,182321,5407,T-114,Thankful Baptist Church,484925,,FP/OP/GNAP/USDA,YOUTH-Agency,BLUE RECEIPT-SHL,F-15-10000,80,0,0,14.4,80,OGLETHORPE,0.18,6/18/2024 15:14,6/18/2024 10:55,Price Code 1,CUSTOMER PICKUP,False,Sharing Floor Athens,01-SH,30667.0,Stephens,"MEAT & SEAFOOD, FROZEN SHL",Proteins
713,172374,8903,B-136,Burt's United Methodist Church,476005,,FP/GNAP/USDA,FOOD PANTRY-Agency,YELLOW RECEIPT - SHN,N-16-10181,2,0,0,1.8,10,OGLETHORPE,0.18,1/5/2024 13:44,1/26/2024 9:00,Price Code 1,CUSTOMER PICKUP,False,Food Bank of Northeast Georgia,01,30627.0,Lexington,STOVE TOP STUFFING - TURKEY/CHICKEN/CORNBREAD,Prepared Meals
451,177653,875,L-105,Lexington Baptist Church,480273,,FP/GNAP/USDA,FOOD PANTRY-Agency,BLUE RECEIPT-SHL,W-04-10000,120,0,0,0.0,120,OGLETHORPE,0.0,3/20/2024 14:30,3/20/2024 12:02,Price Code 1,CUSTOMER PICKUP,False,Sharing Floor Athens,01-SH,30648.0,Lexington,"BREAD & BAKERY, ASSORTED SHL",Grains
451,174991,7082,L-105,Lexington Baptist Church,477621,,FP/GNAP/USDA,FOOD PANTRY-Agency,USDA,C-50-10033,2,0,0,0.0,24,OGLETHORPE,0.0,2/6/2024 14:30,2/6/2024 12:31,Price Code 1,CUSTOMER PICKUP,False,Food Bank of Northeast Georgia,01,30648.0,Lexington,USDA SHREDDED YELLOW CHEDDAR CHEESE CCC,Dairy
451,177681,5637,L-105,Lexington Baptist Church,480301,,FP/GNAP/USDA,FOOD PANTRY-Agency,USDA,F-50-90019,1,0,0,0.0,30,OGLETHORPE,0.0,3/25/2024 14:30,3/25/2024 14:10,Price Code 1,CUSTOMER PICKUP,False,Food Bank of Northeast Georgia,01,30648.0,Lexington,USDA FROZEN BLUEBERRIES CCC,Fruits
451,176927,3139,L-105,Lexington Baptist Church,479549,,FP/GNAP/USDA,FOOD PANTRY-Agency,USDA,N-50-10290,25,0,0,0.0,625,OGLETHORPE,0.0,3/11/2024 14:30,3/12/2024 9:29,Price Code 1,TRUCK 1 MOBILE PANTRY,False,Food Bank of Northeast Georgia,01,30648.0,Lexington,USDA WHOLE ALMONDS DRY ROASTED,Proteins
451,181753,9073,L-105,Lexington Baptist Church,484357,,FP/GNAP/USDA,FOOD PANTRY-Agency,USDA,C-50-10051,1,0,0,2.16,12,OGLETHORPE,0.18,6/7/2024 12:00,6/18/2024 14:23,Price Code 1,CUSTOMER PICKUP,False,Food Bank of Northeast Georgia,01,30648.0,Lexington,USDA SHREDDED MOZZARELLA CHEESE CCC,Dairy
713,176961,8942,B-136,Burt's United Methodist Church,479583,,FP/GNAP/USDA,FOOD PANTRY-Agency,BLUE RECEIPT-SHL,C-28-90533,2,0,0,0.0,84,OGLETHORPE,0.0,3/19/2024 13:44,3/19/2024 12:19,Price Code 1,CUSTOMER PICKUP,False,Food Bank of Northeast Georgia,01,30627.0,Lexington,"ORANGES, SHL",Fruits
162,178217,8975,O-101,Oglethorpe County Senior Center,FAIMPORT480835,,FP/OP/USDA,SENIOR-Agency,BLUE RECEIPT-SHL,MCC-07-10001,12,0,0,0.0,12,OGLETHORPE,0.0,3/25/2024 0:00,3/25/2024 0:00,Price Code 1,CUSTOMER PICKUP,False,Food Bank of Northeast Georgia,01,30630.0,Crawford,"DAIRY PRODUCTS, SHL RETAIL PICKUPS",Dairy
646,181675,1791,C-168,Crawford Pentecostal Church,484279,,FP/USDA,AFTER SCHOOL PROGRAM-Agency,USDA,N-50-10079,3,0,0,14.04,78,OGLETHORPE,0.18,6/5/2024 8:30,6/5/2024 12:08,Price Code 1,CUSTOMER PICKUP,False,Food Bank of Northeast Georgia,01,30630.0,Crawford,USDA WALNUT HALVES AND PIECES,Proteins
451,173055,8882,L-105,Lexington Baptist Church,476685,,FP/GNAP/USDA,FOOD PANTRY-Agency,BLUE RECEIPT-SHL,F-15-90548,10,0,0,16.2,90,OGLETHORPE,0.18,1/19/2024 0:00,1/19/2024 14:07,Price Code 1,CUSTOMER PICKUP,False,Food Bank of Northeast Georgia,01,30648.0,Lexington,"GROUND TURKEY BREAST, KIRKWOOD",Proteins
940,177358,5407,O-114,Oconee Baptist Church ,479978,,FOOD PANTRY,FOOD PANTRY-Agency,BLUE RECEIPT-SHL,F-15-10000,99,0,0,17.82,99,OGLETHORPE,0.18,3/15/2024 10:02,3/15/2024 10:08,Price Code 1,CONTACT FOR DELIVERY,False,Sharing Floor Athens,01-SH,30667.0,Stephens,"MEAT & SEAFOOD, FROZEN SHL",Proteins
1007,181486,8940,S-141,SWAG Ministries,484090,,FP/OP/USDA,FOOD PANTRY-Agency,BLUE RECEIPT-SHL,C-28-90531,2,0,0,0.0,104,OGLETHORPE,0.0,6/5/2024 10:00,6/5/2024 10:06,Price Code 1,CUSTOMER PICKUP,False,Food Bank of Northeast Georgia,01,30630.0,Crawford,"CABBAGE, SHL 50#",Vegetables 
162,182651,8973,O-101,Oglethorpe County Senior Center,FAIMPORT485254,,FP/OP/USDA,SENIOR-Agency,BLUE RECEIPT-SHL,MCC-16-10001,4,0,0,0.0,4,OGLETHORPE,0.0,6/27/2024 0:00,6/27/2024 0:00,Price Code 1,CUSTOMER PICKUP,False,Food Bank of Northeast Georgia,01,30630.0,Crawford,"COOLER FOOD MISC., SHL RETAIL PICKUP",Food Misc.
713,182247,9111,B-136,Burt's United Methodist Church,484851,,FP/GNAP/USDA,FOOD PANTRY-Agency,LOCAL - LL,N-25-11979,2,0,0,1.8324,10,OGLETHORPE,0.18,6/25/2024 14:00,6/25/2024 14:24,Price Code 1,CUSTOMER PICKUP,False,Food Bank of Northeast Georgia,01,30627.0,Lexington,GEORGIA PEANUTS,Proteins
1007,181121,9060,S-141,SWAG Ministries,483726,,FP/OP/USDA,FOOD PANTRY-Agency,LOCAL - LL,N-12-10106,1,0,0,0.0,7,OGLETHORPE,0.0,5/29/2024 10:30,5/29/2024 10:52,Price Code 1,CUSTOMER PICKUP,False,Food Bank of Northeast Georgia,01,30630.0,Crawford,PURCOL MOISTURIZING HAND SANITIZER,Non-Food Misc.
451,179561,5958,L-105,Lexington Baptist Church,482174,,FP/GNAP/USDA,FOOD PANTRY-Agency,BLUE RECEIPT-SHL,C-16-10001,22,0,0,3.96,22,OGLETHORPE,0.18,4/24/2024 14:30,4/24/2024 11:47,Price Code 1,CUSTOMER PICKUP,False,Sharing Floor Athens,01-SH,30648.0,Lexington,"COOLER FOOD, MISC. SHL",Food Misc.
1007,176350,1045,S-141,SWAG Ministries,478975,,FP/OP/USDA,FOOD PANTRY-Agency,BLUE RECEIPT-SHL,W-25-10009,31,0,0,5.58,31,OGLETHORPE,0.18,2/28/2024 9:23,2/28/2024 9:26,Price Code 1,CUSTOMER PICKUP,False,Sharing Floor Athens,01-SH,30630.0,Crawford,"ASSORTED SNACK ITEMS, SHL",Food Misc.
1007,180322,4327,S-141,SWAG Ministries,482928,,FP/OP/USDA,FOOD PANTRY-Agency,USDA,N-50-10277,1,0,0,4.86,27,OGLETHORPE,0.18,5/15/2024 8:00,5/15/2024 9:35,Price Code 1,CUSTOMER PICKUP,False,Food Bank of Northeast Georgia,01,30630.0,Crawford,USDA GARBANZO BEANS,Proteins
940,181788,8943,O-114,Oconee Baptist Church ,484392,,FOOD PANTRY,FOOD PANTRY-Agency,BLUE RECEIPT-SHL,C-28-90534,8,0,0,0.0,336,OGLETHORPE,0.0,6/6/2024 0:00,6/6/2024 11:37,Price Code 1,CONTACT FOR DELIVERY,False,Food Bank of Northeast Georgia,01,30667.0,Stephens,"SWEET POTATO, SHL",Potatoes 
713,172374,7082,B-136,Burt's United Methodist Church,476005,,FP/GNAP/USDA,FOOD PANTRY-Agency,USDA,C-50-10033,4,0,0,8.64,48,OGLETHORPE,0.18,1/5/2024 13:44,1/26/2024 9:00,Price Code 1,CUSTOMER PICKUP,False,Food Bank of Northeast Georgia,01,30627.0,Lexington,USDA SHREDDED YELLOW CHEDDAR CHEESE CCC,Dairy
451,177653,50,L-105,Lexington Baptist Church,480273,,FP/GNAP/USDA,FOOD PANTRY-Agency,LOCAL - LL,W-16-10002,31,0,0,5.58,31,OGLETHORPE,0.18,3/20/2024 14:30,3/20/2024 12:02,Price Code 1,CUSTOMER PICKUP,False,Sharing Floor Athens,01-SH,30648.0,Lexington,MISC. FOOD BOX LL,Food Misc.
817,178738,5938,F2KOGL,Food 2 Kids Oglethorpe County,481352,,DIRECT ASSISTANCE,DIRECT ASSISTANCE-Agency,BLUE RECEIPT-SHL,C-28-10001,441,0,0,0.0,441,OGLETHORPE,0.0,4/18/2024 15:30,4/24/2024 11:26,Price Code 1,TRUCK 1 MOBILE PANTRY,False,Food Bank of Northeast Georgia,01,30607.0,Athens,"PRODUCE, FRESH SHL",Mixed Produce
1007,176243,8966,S-141,SWAG Ministries,478869,,FP/OP/USDA,FOOD PANTRY-Agency,YELLOW RECEIPT - SHN,N-15-10049,1,0,0,1.08,6,OGLETHORPE,0.18,3/6/2024 21:40,3/6/2024 9:02,Price Code 1,CUSTOMER PICKUP,False,Food Bank of Northeast Georgia,01,30630.0,Crawford,FIRE CRACKER REDHOT PICKLED SAUSAGE,Food Misc.
566,180951,8943,MSFP-OGL,Oglethorpe School Food Pantry,483557,,FOOD PANTRY,DIRECT ASSISTANCE-Agency,BLUE RECEIPT-SHL,C-28-90534,3,0,0,0.0,126,OGLETHORPE,0.0,5/16/2024 15:00,5/16/2024 14:06,Mobile Pantry/Feed Site Only,TRUCK 1 MOBILE PANTRY,False,Food Bank of Northeast Georgia,01,30630.0,Crawford,"SWEET POTATO, SHL",Potatoes 
1007,173286,8790,S-141,SWAG Ministries,476915,,FP/OP/USDA,FOOD PANTRY-Agency,BLUE RECEIPT-SHL,N-03-11758,3,0,0,0.0,39,OGLETHORPE,0.0,1/26/2024 3:37,2/20/2024 13:35,Price Code 1,CUSTOMER PICKUP,False,Food Bank of Northeast Georgia,01,30630.0,Crawford,PROPEL LEMON,Beverages
1007,180041,8874,S-141,SWAG Ministries,482649,,FP/OP/USDA,FOOD PANTRY-Agency,YELLOW RECEIPT - SHN,F-10-10002,4,0,0,0.36,12,OGLETHORPE,0.03,5/8/2024 8:00,5/8/2024 10:45,Price Code 1,CUSTOMER PICKUP,False,Food Bank of Northeast Georgia,01,30630.0,Crawford,OUTSHINE TROPICAL SMOOTHIE CUBES,Beverages
713,180394,9014,B-136,Burt's United Methodist Church,483000,,FP/GNAP/USDA,FOOD PANTRY-Agency,PURCH,N-27-10136,4,0,208,19.44,108,OGLETHORPE,0.18,5/13/2024 9:15,5/13/2024 10:47,Price Code 1,CUSTOMER PICKUP,False,Food Bank of Northeast Georgia,01,30627.0,Lexington,"GREEN BEANS, HARVEST VALLEY",Vegetables 
713,176961,8981,B-136,Burt's United Methodist Church,479583,,FP/GNAP/USDA,FOOD PANTRY-Agency,BLUE RECEIPT-SHL,F-15-90554,9,0,0,21.06,117,OGLETHORPE,0.18,3/19/2024 13:44,3/19/2024 12:19,Price Code 1,CUSTOMER PICKUP,False,Food Bank of Northeast Georgia,01,30627.0,Lexington,JENNIE-O TURKEY FRANKS,Proteins
451,181753,3203,L-105,Lexington Baptist Church,484357,,FP/GNAP/USDA,FOOD PANTRY-Agency,USDA,N-50-10289,1,0,0,4.5,25,OGLETHORPE,0.18,6/7/2024 12:00,6/18/2024 14:23,Price Code 1,CUSTOMER PICKUP,False,Food Bank of Northeast Georgia,01,30648.0,Lexington,USDA PECAN PIECES,Proteins
713,180394,7008,B-136,Burt's United Methodist Church,483000,,FP/GNAP/USDA,FOOD PANTRY-Agency,LOCAL - LL,C-28-90443,2,0,0,0.0,44,OGLETHORPE,0.0,5/13/2024 9:15,5/13/2024 10:47,Price Code 1,CUSTOMER PICKUP,False,Food Bank of Northeast Georgia,01,30627.0,Lexington,BELL PEPPERS,Vegetables
817,177220,4449,F2KOGL,Food 2 Kids Oglethorpe County,479840,,DIRECT ASSISTANCE,DIRECT ASSISTANCE-Agency,USDA,F-50-90445,5,0,0,0.0,205,OGLETHORPE,0.0,3/21/2024 15:00,3/27/2024 10:55,Price Code 1,TRACTOR TRAILER 1 MOBILE PANTRY,False,Food Bank of Northeast Georgia,01,30607.0,Athens,USDA FULLY COOKED PULLED PORK CCC,Proteins
713,178774,7083,B-136,Burt's United Methodist Church,481388,,FP/GNAP/USDA,FOOD PANTRY-Agency,USDA,C-50-10029,6,0,0,0.0,72,OGLETHORPE,0.0,4/16/2024 13:44,4/17/2024 10:03,Price Code 1,CUSTOMER PICKUP,False,Food Bank of Northeast Georgia,01,30627.0,Lexington,"USDA MILD CHEDDAR CHEESE, BLOCK CCC",Dairy
940,178421,8986,O-114,Oconee Baptist Church ,FAIMPORT481037,,FOOD PANTRY,FOOD PANTRY-Agency,BLUE RECEIPT-SHL,MCW-01-10001,1,0,0,0.0,1,OGLETHORPE,0.0,4/4/2024 0:00,4/4/2024 0:00,Price Code 1,CONTACT FOR DELIVERY,False,Food Bank of Northeast Georgia,01,30667.0,Stephens,"NON-FOOD ITEMS, SHL RETAIL PICKUPS",Non-Food Misc.
940,177358,50,O-114,Oconee Baptist Church ,479978,,FOOD PANTRY,FOOD PANTRY-Agency,LOCAL - LL,W-16-10002,173,0,0,31.14,173,OGLETHORPE,0.18,3/15/2024 10:02,3/15/2024 10:08,Price Code 1,CONTACT FOR DELIVERY,False,Sharing Floor Athens,01-SH,30667.0,Stephens,MISC. FOOD BOX LL,Food Misc.
451,177010,1047,L-105,Lexington Baptist Church,479632,,FP/GNAP/USDA,FOOD PANTRY-Agency,USDA,N-50-10041,1,0,0,8.82,49,OGLETHORPE,0.18,3/13/2024 14:30,3/13/2024 10:48,Price Code 1,CUSTOMER PICKUP,False,Food Bank of Northeast Georgia,01,30648.0,Lexington,USDA RICE,Grains
940,179092,92,O-114,Oconee Baptist Church ,481706,,FOOD PANTRY,FOOD PANTRY-Agency,LOCAL - LL,W-01-10002,40,0,0,0.0,40,OGLETHORPE,0.0,4/17/2024 9:38,4/17/2024 9:44,Price Code 1,CONTACT FOR DELIVERY,False,Sharing Floor Athens,01-SH,30667.0,Stephens,"ASSORTED NON-FOOD ITEMS, LL",Non-Food Misc.
451,176365,5388,L-105,Lexington Baptist Church,478990,,FP/GNAP/USDA,FOOD PANTRY-Agency,BLUE RECEIPT-SHL,F-16-10001,8,0,0,0.0,8,OGLETHORPE,0.0,2/28/2024 14:30,2/28/2024 12:01,Price Code 1,CUSTOMER PICKUP,False,Sharing Floor Athens,01-SH,30648.0,Lexington,"ASSORTED FROZEN FOODS, SHL",Food Misc.
433,172795,5772,T-114,Thankful Baptist Church,476426,,FP/OP/GNAP/USDA,YOUTH-Agency,LOCAL - LL,C-28-10000,36,0,0,1.08,36,OGLETHORPE,0.03,1/9/2024 15:14,1/9/2024 10:40,Price Code 1,CUSTOMER PICKUP,False,Sharing Floor Athens,01-SH,30667.0,Stephens,"PRODUCE, FRESH LL",Mixed Produce
433,181784,84,T-114,Thankful Baptist Church,484388,,FP/OP/GNAP/USDA,YOUTH-Agency,USDA,N-50-10006,13,0,0,0.0,351,OGLETHORPE,0.0,6/15/2024 7:00,6/15/2024 9:53,Price Code 1,TRUCK 1 MOBILE PANTRY,False,Food Bank of Northeast Georgia,01,30667.0,Stephens,USDA GREEN BEANS,Vegetables 
940,178381,5938,O-114,Oconee Baptist Church ,480997,,FOOD PANTRY,FOOD PANTRY-Agency,BLUE RECEIPT-SHL,C-28-10001,58,0,0,1.74,58,OGLETHORPE,0.03,4/5/2024 9:46,4/24/2024 11:29,Price Code 1,CONTACT FOR DELIVERY,False,Sharing Floor Athens,01-SH,30667.0,Stephens,"PRODUCE, FRESH SHL",Mixed Produce
713,176961,8873,B-136,Burt's United Methodist Church,479583,,FP/GNAP/USDA,FOOD PANTRY-Agency,YELLOW RECEIPT - SHN,F-10-10001,5,0,0,0.45,15,OGLETHORPE,0.03,3/19/2024 13:44,3/19/2024 12:19,Price Code 1,CUSTOMER PICKUP,False,Food Bank of Northeast Georgia,01,30627.0,Lexington,OUTSHINE STRAWBERRY BANANA SMOOTHIE CUBES,Beverages
1007,180322,4269,S-141,SWAG Ministries,482928,,FP/OP/USDA,FOOD PANTRY-Agency,USDA,N-50-10273,2,0,0,8.64,48,OGLETHORPE,0.18,5/15/2024 8:00,5/15/2024 9:35,Price Code 1,CUSTOMER PICKUP,False,Food Bank of Northeast Georgia,01,30630.0,Crawford,USDA DRY NAVY BEANS CCC,Proteins
940,177387,8971,O-114,Oconee Baptist Church ,FAIMPORT480007,,FOOD PANTRY,FOOD PANTRY-Agency,BLUE RECEIPT-SHL,MCF-16-10001,5,0,0,0.0,5,OGLETHORPE,0.0,3/14/2024 0:00,3/14/2024 0:00,Price Code 1,CONTACT FOR DELIVERY,False,Food Bank of Northeast Georgia,01,30667.0,Stephens,"FROZEN FOODS, MISC SHL RETAIL PICKUP",Food Misc.
433,180342,688,T-114,Thankful Baptist Church,482948,,FP/OP/GNAP/USDA,YOUTH-Agency,BLUE RECEIPT-SHL,W-01-10000,8,0,0,1.44,8,OGLETHORPE,0.18,5/7/2024 15:14,5/7/2024 10:52,Price Code 1,CUSTOMER PICKUP,False,Sharing Floor Athens,01-SH,30667.0,Stephens,"ASSORTED NON-FOOD ITEMS, SHL",Non-Food Misc.
451,181689,683,L-105,Lexington Baptist Church,484293,,FP/GNAP/USDA,FOOD PANTRY-Agency,BLUE RECEIPT-SHL,W-16-10001,121,0,0,21.78,121,OGLETHORPE,0.18,5/31/2024 14:30,5/31/2024 11:56,Price Code 1,CUSTOMER PICKUP,False,Sharing Floor Athens,01-SH,30648.0,Lexington,MISC. FOOD BOX SHL,Food Misc.
817,178732,2414,F2KOGL,Food 2 Kids Oglethorpe County,481346,,DIRECT ASSISTANCE,DIRECT ASSISTANCE-Agency,USDA,N-50-10244,4,0,0,0.0,144,OGLETHORPE,0.0,4/18/2024 15:00,4/24/2024 11:39,Price Code 1,TRUCK 1 MOBILE PANTRY,False,Food Bank of Northeast Georgia,01,30607.0,Athens,USDA CANNED BEEF CCC,Proteins
162,182569,8976,O-101,Oglethorpe County Senior Center,FAIMPORT485172,,FP/OP/USDA,SENIOR-Agency,BLUE RECEIPT-SHL,MCC-28-10001,64,0,0,0.0,64,OGLETHORPE,0.0,6/21/2024 0:00,6/21/2024 0:00,Price Code 1,CUSTOMER PICKUP,False,Food Bank of Northeast Georgia,01,30630.0,Crawford,"PRODUCE, SHL RETAIL PICKUPS",Mixed Produce
451,177986,84,L-105,Lexington Baptist Church,480605,,FP/GNAP/USDA,FOOD PANTRY-Agency,USDA,N-50-10006,1,0,0,4.86,27,OGLETHORPE,0.18,4/3/2024 14:30,4/5/2024 13:24,Price Code 1,CUSTOMER PICKUP,False,Food Bank of Northeast Georgia,01,30648.0,Lexington,USDA GREEN BEANS,Vegetables 
451,179106,5407,L-105,Lexington Baptist Church,481720,,FP/GNAP/USDA,FOOD PANTRY-Agency,BLUE RECEIPT-SHL,F-15-10000,201,0,0,36.18,201,OGLETHORPE,0.18,4/17/2024 14:30,4/17/2024 11:48,Price Code 1,CUSTOMER PICKUP,False,Sharing Floor Athens,01-SH,30648.0,Lexington,"MEAT & SEAFOOD, FROZEN SHL",Proteins
451,180526,7414,L-105,Lexington Baptist Church,483132,,FP/GNAP/USDA,FOOD PANTRY-Agency,PURCH,C-28-90525,56,0,0,0.0,1232,OGLETHORPE,0.0,5/13/2024 14:30,5/14/2024 8:06,Price Code 1,TRUCK 1 MOBILE PANTRY,False,Food Bank of Northeast Georgia,01,30648.0,Lexington,BROCCOLI CROWNS,Vegetables 
433,182321,688,T-114,Thankful Baptist Church,484925,,FP/OP/GNAP/USDA,YOUTH-Agency,BLUE RECEIPT-SHL,W-01-10000,10,0,0,1.8,10,OGLETHORPE,0.18,6/18/2024 15:14,6/18/2024 10:55,Price Code 1,CUSTOMER PICKUP,False,Sharing Floor Athens,01-SH,30667.0,Stephens,"ASSORTED NON-FOOD ITEMS, SHL",Non-Food Misc.
940,177771,50,O-114,Oconee Baptist Church ,480390,,FOOD PANTRY,FOOD PANTRY-Agency,LOCAL - LL,W-16-10002,229,0,0,41.22,229,OGLETHORPE,0.18,3/22/2024 9:55,3/22/2024 9:58,Price Code 1,CONTACT FOR DELIVERY,False,Sharing Floor Athens,01-SH,30667.0,Stephens,MISC. FOOD BOX LL,Food Misc.
817,178738,7083,F2KOGL,Food 2 Kids Oglethorpe County,481352,,DIRECT ASSISTANCE,DIRECT ASSISTANCE-Agency,USDA,C-50-10029,8,0,0,0.0,96,OGLETHORPE,0.0,4/18/2024 15:30,4/24/2024 11:26,Price Code 1,TRUCK 1 MOBILE PANTRY,False,Food Bank of Northeast Georgia,01,30607.0,Athens,"USDA MILD CHEDDAR CHEESE, BLOCK CCC",Dairy
162,176625,8915,O-101,Oglethorpe County Senior Center,479248,,FP/OP/USDA,SENIOR-Agency,USDA,F-50-90474,3,0,0,12.0,120,OGLETHORPE,0.1,3/7/2024 13:38,3/8/2024 12:51,Price Code 1,CUSTOMER PICKUP,False,Food Bank of Northeast Georgia,01,30630.0,Crawford,USDA PACIFIC SALAD SHRIMP,Proteins
433,182935,8975,T-114,Thankful Baptist Church,FAIMPORT485536,,FP/OP/GNAP/USDA,YOUTH-Agency,BLUE RECEIPT-SHL,MCC-07-10001,5,0,0,0.0,5,OGLETHORPE,0.0,6/28/2024 0:00,6/28/2024 0:00,Price Code 1,CUSTOMER PICKUP,False,Food Bank of Northeast Georgia,01,30667.0,Stephens,"DAIRY PRODUCTS, SHL RETAIL PICKUPS",Dairy
451,182027,683,L-105,Lexington Baptist Church,484631,,FP/GNAP/USDA,FOOD PANTRY-Agency,BLUE RECEIPT-SHL,W-16-10001,12,0,0,0.0,12,OGLETHORPE,0.0,6/7/2024 14:30,6/7/2024 11:12,Price Code 1,CUSTOMER PICKUP,False,Sharing Floor Athens,01-SH,30648.0,Lexington,MISC. FOOD BOX SHL,Food Misc.
940,177358,5407,O-114,Oconee Baptist Church ,479978,,FOOD PANTRY,FOOD PANTRY-Agency,BLUE RECEIPT-SHL,F-15-10000,75,0,0,0.0,75,OGLETHORPE,0.0,3/15/2024 10:02,3/15/2024 10:08,Price Code 1,CONTACT FOR DELIVERY,False,Sharing Floor Athens,01-SH,30667.0,Stephens,"MEAT & SEAFOOD, FROZEN SHL",Proteins
451,176365,5938,L-105,Lexington Baptist Church,478990,,FP/GNAP/USDA,FOOD PANTRY-Agency,BLUE RECEIPT-SHL,C-28-10001,80,0,0,2.4,80,OGLETHORPE,0.03,2/28/2024 14:30,2/28/2024 12:01,Price Code 1,CUSTOMER PICKUP,False,Sharing Floor Athens,01-SH,30648.0,Lexington,"PRODUCE, FRESH SHL",Mixed Produce
1007,180322,7008,S-141,SWAG Ministries,482928,,FP/OP/USDA,FOOD PANTRY-Agency,LOCAL - LL,C-28-90443,2,0,0,0.0,44,OGLETHORPE,0.0,5/15/2024 8:00,5/15/2024 9:35,Price Code 1,CUSTOMER PICKUP,False,Food Bank of Northeast Georgia,01,30630.0,Crawford,BELL PEPPERS,Vegetables
451,173736,8546,L-105,Lexington Baptist Church,477365,,FP/GNAP/USDA,FOOD PANTRY-Agency,BLUE RECEIPT-SHL,N-03-10262,1,0,0,5.4,30,OGLETHORPE,0.18,1/31/2024 14:30,1/31/2024 14:20,Price Code 1,CUSTOMER PICKUP,False,Food Bank of Northeast Georgia,01,30648.0,Lexington,STARRY LEMON LIME SODA 16.9 OZ,Beverages
451,177424,8497,L-105,Lexington Baptist Church,480044,,FP/GNAP/USDA,FOOD PANTRY-Agency,USDA,C-50-10048,3,0,0,4.8,96,OGLETHORPE,0.05,3/20/2024 14:30,3/20/2024 10:45,Price Code 1,CUSTOMER PICKUP,False,Food Bank of Northeast Georgia,01,30648.0,Lexington,USDA MANDARIN ORANGES,Fruits
817,178738,3122,F2KOGL,Food 2 Kids Oglethorpe County,481352,,DIRECT ASSISTANCE,DIRECT ASSISTANCE-Agency,GNAP,N-40-10174,50,0,0,0.0,700,OGLETHORPE,0.0,4/18/2024 15:30,4/24/2024 11:26,Price Code 1,TRUCK 1 MOBILE PANTRY,False,Food Bank of Northeast Georgia,01,30607.0,Athens,"GNAP BLACKEYE PEAS, LOW SODIUM",Proteins
1007,181502,1045,S-141,SWAG Ministries,484106,,FP/OP/USDA,FOOD PANTRY-Agency,BLUE RECEIPT-SHL,W-25-10009,158,0,0,28.44,158,OGLETHORPE,0.18,5/29/2024 9:32,5/29/2024 9:35,Price Code 1,CUSTOMER PICKUP,False,Sharing Floor Athens,01-SH,30630.0,Crawford,"ASSORTED SNACK ITEMS, SHL",Food Misc.
1007,181184,696,S-141,SWAG Ministries,483789,,FP/OP/USDA,FOOD PANTRY-Agency,LOCAL - LL,W-25-10000,98,0,0,17.64,98,OGLETHORPE,0.18,5/22/2024 9:45,5/22/2024 9:52,Price Code 1,CUSTOMER PICKUP,False,Sharing Floor Athens,01-SH,30630.0,Crawford,"ASSORTED SNACK ITEMS, LL",Food Misc.
451,175697,2960,L-105,Lexington Baptist Church,478325,,FP/GNAP/USDA,FOOD PANTRY-Agency,USDA,N-50-10247,13,0,0,0.0,468,OGLETHORPE,0.0,2/12/2024 14:30,2/15/2024 11:13,Price Code 1,TRUCK 1 MOBILE PANTRY,False,Food Bank of Northeast Georgia,01,30648.0,Lexington,USDA BEEF STEW POUCHES CCC,Prepared Meals
162,178428,8976,O-101,Oglethorpe County Senior Center,FAIMPORT481044,,FP/OP/USDA,SENIOR-Agency,BLUE RECEIPT-SHL,MCC-28-10001,29,0,0,0.0,29,OGLETHORPE,0.0,4/5/2024 0:00,4/5/2024 0:00,Price Code 1,CUSTOMER PICKUP,False,Food Bank of Northeast Georgia,01,30630.0,Crawford,"PRODUCE, SHL RETAIL PICKUPS",Mixed Produce
433,180342,696,T-114,Thankful Baptist Church,482948,,FP/OP/GNAP/USDA,YOUTH-Agency,LOCAL - LL,W-25-10000,23,0,0,4.14,23,OGLETHORPE,0.18,5/7/2024 15:14,5/7/2024 10:52,Price Code 1,CUSTOMER PICKUP,False,Sharing Floor Athens,01-SH,30667.0,Stephens,"ASSORTED SNACK ITEMS, LL",Food Misc.
451,178668,690,L-105,Lexington Baptist Church,481284,,FP/GNAP/USDA,FOOD PANTRY-Agency,BLUE RECEIPT-SHL,W-03-10013,114,0,0,0.0,114,OGLETHORPE,0.0,4/10/2024 14:30,4/10/2024 11:53,Price Code 1,CUSTOMER PICKUP,False,Sharing Floor Athens,01-SH,30648.0,Lexington,"ASSORTED BEVERAGES, SHL",Beverages
1007,180322,8874,S-141,SWAG Ministries,482928,,FP/OP/USDA,FOOD PANTRY-Agency,YELLOW RECEIPT - SHN,F-10-10002,3,0,0,0.27,9,OGLETHORPE,0.03,5/15/2024 8:00,5/15/2024 9:35,Price Code 1,CUSTOMER PICKUP,False,Food Bank of Northeast Georgia,01,30630.0,Crawford,OUTSHINE TROPICAL SMOOTHIE CUBES,Beverages
940,177276,6920,O-114,Oconee Baptist Church ,479896,,FOOD PANTRY,FOOD PANTRY-Agency,LOCAL - LL,C-28-90389,8,0,0,0.0,400,OGLETHORPE,0.0,3/15/2024 18:27,3/15/2024 9:40,Price Code 1,CONTACT FOR DELIVERY,False,Food Bank of Northeast Georgia,01,30667.0,Stephens,ONIONS 50 LB,Vegetables 
713,180394,8873,B-136,Burt's United Methodist Church,483000,,FP/GNAP/USDA,FOOD PANTRY-Agency,YELLOW RECEIPT - SHN,F-10-10001,4,0,0,0.36,12,OGLETHORPE,0.03,5/13/2024 9:15,5/13/2024 10:47,Price Code 1,CUSTOMER PICKUP,False,Food Bank of Northeast Georgia,01,30627.0,Lexington,OUTSHINE STRAWBERRY BANANA SMOOTHIE CUBES,Beverages
433,175502,5958,T-114,Thankful Baptist Church,478131,,FP/OP/GNAP/USDA,YOUTH-Agency,BLUE RECEIPT-SHL,C-16-10001,836,0,0,0.0,836,OGLETHORPE,0.0,2/17/2024 7:00,2/17/2024 9:51,Price Code 1,TRUCK 1 MOBILE PANTRY,False,Food Bank of Northeast Georgia,01,30667.0,Stephens,"COOLER FOOD, MISC. SHL",Food Misc.
451,181777,84,L-105,Lexington Baptist Church,484381,,FP/GNAP/USDA,FOOD PANTRY-Agency,USDA,N-50-10006,13,0,0,0.0,351,OGLETHORPE,0.0,6/10/2024 14:30,6/13/2024 5:23,Price Code 1,TRUCK 1 MOBILE PANTRY,False,Food Bank of Northeast Georgia,01,30648.0,Lexington,USDA GREEN BEANS,Vegetables 
451,177681,8495,L-105,Lexington Baptist Church,480301,,FP/GNAP/USDA,FOOD PANTRY-Agency,LOCAL - LL,N-13-10209,1,0,0,0.0,45,OGLETHORPE,0.0,3/25/2024 14:30,3/25/2024 14:10,Price Code 1,CUSTOMER PICKUP,False,Food Bank of Northeast Georgia,01,30648.0,Lexington,"OXIVIR TB, HYDROGEN PEROXIDE SANITIZER",Non-Food Misc.
433,176047,8874,T-114,Thankful Baptist Church,478674,,FP/OP/GNAP/USDA,YOUTH-Agency,YELLOW RECEIPT - SHN,F-10-10002,15,0,0,1.35,45,OGLETHORPE,0.03,2/27/2024 15:14,2/27/2024 11:21,Price Code 1,CUSTOMER PICKUP,False,Food Bank of Northeast Georgia,01,30667.0,Stephens,OUTSHINE TROPICAL SMOOTHIE CUBES,Beverages
433,180942,875,T-114,Thankful Baptist Church,483548,,FP/OP/GNAP/USDA,YOUTH-Agency,BLUE RECEIPT-SHL,W-04-10000,15,0,0,0.0,15,OGLETHORPE,0.0,5/16/2024 15:14,5/16/2024 11:45,Price Code 1,CUSTOMER PICKUP,False,Sharing Floor Athens,01-SH,30667.0,Stephens,"BREAD & BAKERY, ASSORTED SHL",Grains
940,176085,696,O-114,Oconee Baptist Church ,478712,,FOOD PANTRY,FOOD PANTRY-Agency,LOCAL - LL,W-25-10000,82,0,0,14.76,82,OGLETHORPE,0.18,2/23/2024 9:57,2/23/2024 10:06,Price Code 1,CONTACT FOR DELIVERY,False,Sharing Floor Athens,01-SH,30667.0,Stephens,"ASSORTED SNACK ITEMS, LL",Food Misc.
713,180394,3203,B-136,Burt's United Methodist Church,483000,,FP/GNAP/USDA,FOOD PANTRY-Agency,USDA,N-50-10289,4,0,0,18.0,100,OGLETHORPE,0.18,5/13/2024 9:15,5/13/2024 10:47,Price Code 1,CUSTOMER PICKUP,False,Food Bank of Northeast Georgia,01,30627.0,Lexington,USDA PECAN PIECES,Proteins
451,177010,1745,L-105,Lexington Baptist Church,479632,,FP/GNAP/USDA,FOOD PANTRY-Agency,BLUE RECEIPT-SHL,N-03-10756,1,0,0,1.11,37,OGLETHORPE,0.03,3/13/2024 14:30,3/13/2024 10:48,Price Code 1,CUSTOMER PICKUP,False,Food Bank of Northeast Georgia,01,30648.0,Lexington,GATORADE FRUIT PUNCH,Beverages
451,176383,8918,L-105,Lexington Baptist Church,479008,,FP/GNAP/USDA,FOOD PANTRY-Agency,LOCAL - LL,N-25-11950,4,0,0,1.44,8,OGLETHORPE,0.18,3/5/2024 14:30,3/6/2024 10:50,Price Code 1,CUSTOMER PICKUP,False,Food Bank of Northeast Georgia,01,30648.0,Lexington,GHIRARDELLI DARK CHOCOLATE,Food Misc.
1007,181502,683,S-141,SWAG Ministries,484106,,FP/OP/USDA,FOOD PANTRY-Agency,BLUE RECEIPT-SHL,W-16-10001,170,0,0,30.6,170,OGLETHORPE,0.18,5/29/2024 9:32,5/29/2024 9:35,Price Code 1,CUSTOMER PICKUP,False,Sharing Floor Athens,01-SH,30630.0,Crawford,MISC. FOOD BOX SHL,Food Misc.
433,175502,8761,T-114,Thankful Baptist Church,478131,,FP/OP/GNAP/USDA,YOUTH-Agency,USDA,N-50-10306,13,0,0,0.0,325,OGLETHORPE,0.0,2/17/2024 7:00,2/17/2024 9:51,Price Code 1,TRUCK 1 MOBILE PANTRY,False,Food Bank of Northeast Georgia,01,30667.0,Stephens,USDA WHOLE DEGLET DATES,Fruits
817,178738,4036,F2KOGL,Food 2 Kids Oglethorpe County,481352,,DIRECT ASSISTANCE,DIRECT ASSISTANCE-Agency,BLUE RECEIPT-SHL,N-03-11005,50,0,0,0.0,500,OGLETHORPE,0.0,4/18/2024 15:30,4/24/2024 11:26,Price Code 1,TRUCK 1 MOBILE PANTRY,False,Food Bank of Northeast Georgia,01,30607.0,Athens,DIET PEPSI,Beverages
162,178427,8971,O-101,Oglethorpe County Senior Center,FAIMPORT481043,,FP/OP/USDA,SENIOR-Agency,BLUE RECEIPT-SHL,MCF-16-10001,17,0,0,0.0,17,OGLETHORPE,0.0,4/4/2024 0:00,4/4/2024 0:00,Price Code 1,CUSTOMER PICKUP,False,Food Bank of Northeast Georgia,01,30630.0,Crawford,"FROZEN FOODS, MISC SHL RETAIL PICKUP",Food Misc.
713,180394,7414,B-136,Burt's United Methodist Church,483000,,FP/GNAP/USDA,FOOD PANTRY-Agency,PURCH,C-28-90525,3,0,0,0.0,66,OGLETHORPE,0.0,5/13/2024 9:15,5/13/2024 10:47,Price Code 1,CUSTOMER PICKUP,False,Food Bank of Northeast Georgia,01,30627.0,Lexington,BROCCOLI CROWNS,Vegetables 
433,173114,5388,T-114,Thankful Baptist Church,476744,,FP/OP/GNAP/USDA,YOUTH-Agency,BLUE RECEIPT-SHL,F-16-10001,97,0,0,17.46,97,OGLETHORPE,0.18,1/16/2024 15:14,1/16/2024 11:00,Price Code 1,CUSTOMER PICKUP,False,Sharing Floor Athens,01-SH,30667.0,Stephens,"ASSORTED FROZEN FOODS, SHL",Food Misc.
433,173466,5772,T-114,Thankful Baptist Church,477095,,FP/OP/GNAP/USDA,YOUTH-Agency,LOCAL - LL,C-28-10000,34,0,0,1.02,34,OGLETHORPE,0.03,1/23/2024 15:14,1/23/2024 10:42,Price Code 1,CUSTOMER PICKUP,False,Sharing Floor Athens,01-SH,30667.0,Stephens,"PRODUCE, FRESH LL",Mixed Produce
451,181753,9084,L-105,Lexington Baptist Church,484357,,FP/GNAP/USDA,FOOD PANTRY-Agency,USDA,N-50-10315,1,0,0,4.86,27,OGLETHORPE,0.18,6/7/2024 12:00,6/18/2024 14:23,Price Code 1,CUSTOMER PICKUP,False,Food Bank of Northeast Georgia,01,30648.0,Lexington,USDA CANNED SALMON,Proteins
451,176144,8918,L-105,Lexington Baptist Church,478771,,FP/GNAP/USDA,FOOD PANTRY-Agency,LOCAL - LL,N-25-11950,4,0,0,1.44,8,OGLETHORPE,0.18,2/28/2024 14:30,2/28/2024 10:49,Price Code 1,CUSTOMER PICKUP,False,Food Bank of Northeast Georgia,01,30648.0,Lexington,GHIRARDELLI DARK CHOCOLATE,Food Misc.
451,181777,4327,L-105,Lexington Baptist Church,484381,,FP/GNAP/USDA,FOOD PANTRY-Agency,USDA,N-50-10277,13,0,0,0.0,351,OGLETHORPE,0.0,6/10/2024 14:30,6/13/2024 5:23,Price Code 1,TRUCK 1 MOBILE PANTRY,False,Food Bank of Northeast Georgia,01,30648.0,Lexington,USDA GARBANZO BEANS,Proteins
1007,172831,8903,S-141,SWAG Ministries,476462,,FP/OP/USDA,FOOD PANTRY-Agency,YELLOW RECEIPT - SHN,N-16-10181,3,0,0,2.7,15,OGLETHORPE,0.18,1/19/2024 20:16,1/19/2024 9:15,Price Code 1,CUSTOMER PICKUP,False,Food Bank of Northeast Georgia,01,30630.0,Crawford,STOVE TOP STUFFING - TURKEY/CHICKEN/CORNBREAD,Prepared Meals
817,178738,8761,F2KOGL,Food 2 Kids Oglethorpe County,481352,,DIRECT ASSISTANCE,DIRECT ASSISTANCE-Agency,USDA,N-50-10306,2,0,0,0.0,50,OGLETHORPE,0.0,4/18/2024 15:30,4/24/2024 11:26,Price Code 1,TRUCK 1 MOBILE PANTRY,False,Food Bank of Northeast Georgia,01,30607.0,Athens,USDA WHOLE DEGLET DATES,Fruits
1007,180994,7083,S-141,SWAG Ministries,483599,,FP/OP/USDA,FOOD PANTRY-Agency,USDA,C-50-10029,3,0,0,6.48,36,OGLETHORPE,0.18,5/29/2024 10:00,5/30/2024 7:19,Price Code 1,CUSTOMER PICKUP,False,Food Bank of Northeast Georgia,01,30630.0,Crawford,"USDA MILD CHEDDAR CHEESE, BLOCK CCC",Dairy
433,178117,5407,T-114,Thankful Baptist Church,480736,,FP/OP/GNAP/USDA,YOUTH-Agency,BLUE RECEIPT-SHL,F-15-10000,110,0,0,19.8,110,OGLETHORPE,0.18,4/2/2024 15:14,4/2/2024 10:42,Price Code 1,CUSTOMER PICKUP,False,Sharing Floor Athens,01-SH,30667.0,Stephens,"MEAT & SEAFOOD, FROZEN SHL",Proteins
433,172795,875,T-114,Thankful Baptist Church,476426,,FP/OP/GNAP/USDA,YOUTH-Agency,BLUE RECEIPT-SHL,W-04-10000,25,0,0,0.0,25,OGLETHORPE,0.0,1/9/2024 15:14,1/9/2024 10:40,Price Code 1,CUSTOMER PICKUP,False,Sharing Floor Athens,01-SH,30667.0,Stephens,"BREAD & BAKERY, ASSORTED SHL",Grains
713,178774,5798,B-136,Burt's United Methodist Church,481388,,FP/GNAP/USDA,FOOD PANTRY-Agency,LOCAL - LL,C-28-90053,10,0,0,0.0,400,OGLETHORPE,0.0,4/16/2024 13:44,4/17/2024 10:03,Price Code 1,CUSTOMER PICKUP,False,Food Bank of Northeast Georgia,01,30627.0,Lexington,CUCUMBERS,Vegetables 
451,182027,688,L-105,Lexington Baptist Church,484631,,FP/GNAP/USDA,FOOD PANTRY-Agency,BLUE RECEIPT-SHL,W-01-10000,30,0,0,0.0,30,OGLETHORPE,0.0,6/7/2024 14:30,6/7/2024 11:12,Price Code 1,CUSTOMER PICKUP,False,Sharing Floor Athens,01-SH,30648.0,Lexington,"ASSORTED NON-FOOD ITEMS, SHL",Non-Food Misc.
433,172458,8885,T-114,Thankful Baptist Church,476089,,FP/OP/GNAP/USDA,YOUTH-Agency,LFB,N-19-10054,29,0,0,73.08,406,OGLETHORPE,0.18,1/8/2024 15:14,1/9/2024 8:58,Price Code 1,CUSTOMER PICKUP,False,Food Bank of Northeast Georgia,01,30667.0,Stephens,COTTONELLE TOILET PAPER 4/9,Non-Food Misc.
451,179106,884,L-105,Lexington Baptist Church,481720,,FP/GNAP/USDA,FOOD PANTRY-Agency,LFB,W-01-10003,25,0,0,4.5,25,OGLETHORPE,0.18,4/17/2024 14:30,4/17/2024 11:48,Price Code 1,CUSTOMER PICKUP,False,Sharing Floor Athens,01-SH,30648.0,Lexington,ASSORTED NON-FOOD ITEMS LFB,Non-Food Misc.
451,176760,5407,L-105,Lexington Baptist Church,479383,,FP/GNAP/USDA,FOOD PANTRY-Agency,BLUE RECEIPT-SHL,F-15-10000,19,0,0,0.0,19,OGLETHORPE,0.0,3/6/2024 14:30,3/6/2024 11:44,Price Code 1,CUSTOMER PICKUP,False,Sharing Floor Athens,01-SH,30648.0,Lexington,"MEAT & SEAFOOD, FROZEN SHL",Proteins
162,177395,8973,O-101,Oglethorpe County Senior Center,FAIMPORT480015,,FP/OP/USDA,SENIOR-Agency,BLUE RECEIPT-SHL,MCC-16-10001,44,0,0,0.0,44,OGLETHORPE,0.0,3/12/2024 0:00,3/12/2024 0:00,Price Code 1,CUSTOMER PICKUP,False,Food Bank of Northeast Georgia,01,30630.0,Crawford,"COOLER FOOD MISC., SHL RETAIL PICKUP",Food Misc.
940,178417,8970,O-114,Oconee Baptist Church ,FAIMPORT481033,,FOOD PANTRY,FOOD PANTRY-Agency,BLUE RECEIPT-SHL,MCW-16-10001,26,0,0,0.0,26,OGLETHORPE,0.0,4/4/2024 0:00,4/4/2024 0:00,Price Code 1,CONTACT FOR DELIVERY,False,Food Bank of Northeast Georgia,01,30667.0,Stephens,"MISC. FOOD BOX, SHL RETAIL PICKUP",Food Misc.
162,173449,4761,O-101,Oglethorpe County Senior Center,477078,,FP/OP/USDA,SENIOR-Agency,USDA,F-50-90454,5,0,0,0.0,155,OGLETHORPE,0.0,1/25/2024 13:38,1/25/2024 14:30,Price Code 1,CUSTOMER PICKUP,False,Food Bank of Northeast Georgia,01,30630.0,Crawford,USDA FROZEN STRAWBERRIES CCC,Fruits
713,180394,9015,B-136,Burt's United Methodist Church,483000,,FP/GNAP/USDA,FOOD PANTRY-Agency,USDA,N-50-10314,2,0,0,17.64,98,OGLETHORPE,0.18,5/13/2024 9:15,5/13/2024 10:47,Price Code 1,CUSTOMER PICKUP,False,Food Bank of Northeast Georgia,01,30627.0,Lexington,USDA RICE CCC,Grains
451,177010,8915,L-105,Lexington Baptist Church,479632,,FP/GNAP/USDA,FOOD PANTRY-Agency,USDA,F-50-90474,1,0,0,4.0,40,OGLETHORPE,0.1,3/13/2024 14:30,3/13/2024 10:48,Price Code 1,CUSTOMER PICKUP,False,Food Bank of Northeast Georgia,01,30648.0,Lexington,USDA PACIFIC SALAD SHRIMP,Proteins
433,173781,8837,T-114,Thankful Baptist Church,477410,,FP/OP/GNAP/USDA,YOUTH-Agency,BLUE RECEIPT-SHL,N-03-11773,1,0,0,0.0,10,OGLETHORPE,0.0,2/6/2024 15:14,2/6/2024 11:20,Price Code 1,CUSTOMER PICKUP,False,Food Bank of Northeast Georgia,01,30667.0,Stephens,MT DEW PASSSIONFRUIT PUNCH,Beverages
1007,172854,875,S-141,SWAG Ministries,476485,,FP/OP/USDA,FOOD PANTRY-Agency,BLUE RECEIPT-SHL,W-04-10000,20,0,0,0.0,20,OGLETHORPE,0.0,1/10/2024 9:44,1/10/2024 9:48,Price Code 1,CUSTOMER PICKUP,False,Sharing Floor Athens,01-SH,30630.0,Crawford,"BREAD & BAKERY, ASSORTED SHL",Grains
451,176365,875,L-105,Lexington Baptist Church,478990,,FP/GNAP/USDA,FOOD PANTRY-Agency,BLUE RECEIPT-SHL,W-04-10000,44,0,0,0.0,44,OGLETHORPE,0.0,2/28/2024 14:30,2/28/2024 12:01,Price Code 1,CUSTOMER PICKUP,False,Sharing Floor Athens,01-SH,30648.0,Lexington,"BREAD & BAKERY, ASSORTED SHL",Grains
451,178365,4327,L-105,Lexington Baptist Church,480981,,FP/GNAP/USDA,FOOD PANTRY-Agency,USDA,N-50-10277,13,0,0,0.0,351,OGLETHORPE,0.0,4/8/2024 14:30,4/11/2024 13:06,Price Code 1,TRUCK 1 MOBILE PANTRY,False,Food Bank of Northeast Georgia,01,30648.0,Lexington,USDA GARBANZO BEANS,Proteins
451,181198,5958,L-105,Lexington Baptist Church,483803,,FP/GNAP/USDA,FOOD PANTRY-Agency,BLUE RECEIPT-SHL,C-16-10001,172,0,0,30.96,172,OGLETHORPE,0.18,5/22/2024 14:30,5/22/2024 11:52,Price Code 1,CUSTOMER PICKUP,False,Sharing Floor Athens,01-SH,30648.0,Lexington,"COOLER FOOD, MISC. SHL",Food Misc.
1007,179091,5938,S-141,SWAG Ministries,481705,,FP/OP/USDA,FOOD PANTRY-Agency,BLUE RECEIPT-SHL,C-28-10001,440,0,0,13.2,440,OGLETHORPE,0.03,4/17/2024 9:33,4/17/2024 9:37,Price Code 1,CUSTOMER PICKUP,False,Sharing Floor Athens,01-SH,30630.0,Crawford,"PRODUCE, FRESH SHL",Mixed Produce
1007,176749,690,S-141,SWAG Ministries,479372,,FP/OP/USDA,FOOD PANTRY-Agency,BLUE RECEIPT-SHL,W-03-10013,57,0,0,1.71,57,OGLETHORPE,0.03,3/6/2024 9:39,3/6/2024 9:47,Price Code 1,CUSTOMER PICKUP,False,Sharing Floor Athens,01-SH,30630.0,Crawford,"ASSORTED BEVERAGES, SHL",Beverages
817,178738,8873,F2KOGL,Food 2 Kids Oglethorpe County,481352,,DIRECT ASSISTANCE,DIRECT ASSISTANCE-Agency,YELLOW RECEIPT - SHN,F-10-10001,8,0,0,0.0,24,OGLETHORPE,0.0,4/18/2024 15:30,4/24/2024 11:26,Price Code 1,TRUCK 1 MOBILE PANTRY,False,Food Bank of Northeast Georgia,01,30607.0,Athens,OUTSHINE STRAWBERRY BANANA SMOOTHIE CUBES,Beverages
1007,181184,690,S-141,SWAG Ministries,483789,,FP/OP/USDA,FOOD PANTRY-Agency,BLUE RECEIPT-SHL,W-03-10013,216,0,0,0.0,216,OGLETHORPE,0.0,5/22/2024 9:45,5/22/2024 9:52,Price Code 1,CUSTOMER PICKUP,False,Sharing Floor Athens,01-SH,30630.0,Crawford,"ASSORTED BEVERAGES, SHL",Beverages
433,175502,4422,T-114,Thankful Baptist Church,478131,,FP/OP/GNAP/USDA,YOUTH-Agency,USDA,F-50-90452,48,0,0,0.0,1536,OGLETHORPE,0.0,2/17/2024 7:00,2/17/2024 9:51,Price Code 1,TRUCK 1 MOBILE PANTRY,False,Food Bank of Northeast Georgia,01,30667.0,Stephens,USDA PORK LOIN BONELESS ROAST,Proteins
451,172481,5407,L-105,Lexington Baptist Church,476112,,FP/GNAP/USDA,FOOD PANTRY-Agency,BLUE RECEIPT-SHL,F-15-10000,92,0,0,16.56,92,OGLETHORPE,0.18,1/3/2024 14:30,1/3/2024 11:54,Price Code 1,CUSTOMER PICKUP,False,Sharing Floor Athens,01-SH,30648.0,Lexington,"MEAT & SEAFOOD, FROZEN SHL",Proteins
817,178732,170,F2KOGL,Food 2 Kids Oglethorpe County,481346,,DIRECT ASSISTANCE,DIRECT ASSISTANCE-Agency,USDA,N-50-10007,3,0,0,0.0,84,OGLETHORPE,0.0,4/18/2024 15:00,4/24/2024 11:39,Price Code 1,TRUCK 1 MOBILE PANTRY,False,Food Bank of Northeast Georgia,01,30607.0,Athens,"USDA CORN, WHOLE KERNEL NO SALT",Vegetables 
162,178428,8973,O-101,Oglethorpe County Senior Center,FAIMPORT481044,,FP/OP/USDA,SENIOR-Agency,BLUE RECEIPT-SHL,MCC-16-10001,6,0,0,0.0,6,OGLETHORPE,0.0,4/5/2024 0:00,4/5/2024 0:00,Price Code 1,CUSTOMER PICKUP,False,Food Bank of Northeast Georgia,01,30630.0,Crawford,"COOLER FOOD MISC., SHL RETAIL PICKUP",Food Misc.
940,176085,875,O-114,Oconee Baptist Church ,478712,,FOOD PANTRY,FOOD PANTRY-Agency,BLUE RECEIPT-SHL,W-04-10000,72,0,0,0.0,72,OGLETHORPE,0.0,2/23/2024 9:57,2/23/2024 10:06,Price Code 1,CONTACT FOR DELIVERY,False,Sharing Floor Athens,01-SH,30667.0,Stephens,"BREAD & BAKERY, ASSORTED SHL",Grains
713,172822,84,B-136,Burt's United Methodist Church,476453,,FP/GNAP/USDA,FOOD PANTRY-Agency,USDA,N-50-10006,4,0,0,19.44,108,OGLETHORPE,0.18,1/16/2024 13:44,1/16/2024 12:52,Price Code 1,CUSTOMER PICKUP,False,Food Bank of Northeast Georgia,01,30627.0,Lexington,USDA GREEN BEANS,Vegetables 
940,181263,8975,O-114,Oconee Baptist Church ,FAIMPORT483868,,FOOD PANTRY,FOOD PANTRY-Agency,BLUE RECEIPT-SHL,MCC-07-10001,121,0,0,0.0,121,OGLETHORPE,0.0,5/16/2024 0:00,5/16/2024 0:00,Price Code 1,CONTACT FOR DELIVERY,False,Food Bank of Northeast Georgia,01,30667.0,Stephens,"DAIRY PRODUCTS, SHL RETAIL PICKUPS",Dairy
817,178732,8903,F2KOGL,Food 2 Kids Oglethorpe County,481346,,DIRECT ASSISTANCE,DIRECT ASSISTANCE-Agency,YELLOW RECEIPT - SHN,N-16-10181,4,0,0,0.0,20,OGLETHORPE,0.0,4/18/2024 15:00,4/24/2024 11:39,Price Code 1,TRUCK 1 MOBILE PANTRY,False,Food Bank of Northeast Georgia,01,30607.0,Athens,STOVE TOP STUFFING - TURKEY/CHICKEN/CORNBREAD,Prepared Meals
817,181458,9056,F2KOGL,Food 2 Kids Oglethorpe County,484062,,DIRECT ASSISTANCE,DIRECT ASSISTANCE-Agency,GNAP,N-40-10286,1,0,0,0.0,22,OGLETHORPE,0.0,5/30/2024 12:00,5/31/2024 14:15,Price Code 1,CUSTOMER PICKUP,False,Food Bank of Northeast Georgia,01,30607.0,Athens,GNAP DICED PEAR CUPS,Fruits
713,178357,1047,B-136,Burt's United Methodist Church,480973,,FP/GNAP/USDA,FOOD PANTRY-Agency,USDA,N-50-10041,1,0,0,8.82,49,OGLETHORPE,0.18,4/10/2024 13:44,4/10/2024 14:26,Price Code 1,CUSTOMER PICKUP,False,Food Bank of Northeast Georgia,01,30627.0,Lexington,USDA RICE,Grains
433,177134,5407,T-114,Thankful Baptist Church,479755,,FP/OP/GNAP/USDA,YOUTH-Agency,BLUE RECEIPT-SHL,F-15-10000,102,0,0,18.36,102,OGLETHORPE,0.18,3/12/2024 15:14,3/12/2024 10:56,Price Code 1,CUSTOMER PICKUP,False,Sharing Floor Athens,01-SH,30667.0,Stephens,"MEAT & SEAFOOD, FROZEN SHL",Proteins
433,179147,8676,T-114,Thankful Baptist Church,481760,,FP/OP/GNAP/USDA,YOUTH-Agency,LOCAL - LL,C-88-10000,300,0,0,0.0,300,OGLETHORPE,0.0,4/20/2024 7:00,4/22/2024 13:45,Price Code 1,TRUCK 1 MOBILE PANTRY,False,Food Bank of Northeast Georgia,01,30667.0,Stephens,"LFPA PRODUCE, MISC",Mixed Produce
162,182366,8976,O-101,Oglethorpe County Senior Center,FAIMPORT484970,,FP/OP/USDA,SENIOR-Agency,BLUE RECEIPT-SHL,MCC-28-10001,39,0,0,0.0,39,OGLETHORPE,0.0,6/17/2024 0:00,6/17/2024 0:00,Price Code 1,CUSTOMER PICKUP,False,Food Bank of Northeast Georgia,01,30630.0,Crawford,"PRODUCE, SHL RETAIL PICKUPS",Mixed Produce
433,179147,842,T-114,Thankful Baptist Church,481760,,FP/OP/GNAP/USDA,YOUTH-Agency,USDA,N-50-10021,13,0,0,0.0,351,OGLETHORPE,0.0,4/20/2024 7:00,4/22/2024 13:45,Price Code 1,TRUCK 1 MOBILE PANTRY,False,Food Bank of Northeast Georgia,01,30667.0,Stephens,USDA DICED TOMATOES NO SALT CCC,Vegetables 
1007,180994,9059,S-141,SWAG Ministries,483599,,FP/OP/USDA,FOOD PANTRY-Agency,LOCAL - LL,F-16-90438,4,0,0,2.88,16,OGLETHORPE,0.18,5/29/2024 10:00,5/30/2024 7:19,Price Code 1,CUSTOMER PICKUP,False,Food Bank of Northeast Georgia,01,30630.0,Crawford,OSCAR MAYER MAPLE SAUSAGE ROLLERS,Food Misc.
1007,179091,683,S-141,SWAG Ministries,481705,,FP/OP/USDA,FOOD PANTRY-Agency,BLUE RECEIPT-SHL,W-16-10001,116,0,0,0.0,116,OGLETHORPE,0.0,4/17/2024 9:33,4/17/2024 9:37,Price Code 1,CUSTOMER PICKUP,False,Sharing Floor Athens,01-SH,30630.0,Crawford,MISC. FOOD BOX SHL,Food Misc.
451,173438,4448,L-105,Lexington Baptist Church,477067,,FP/GNAP/USDA,FOOD PANTRY-Agency,USDA,F-50-90446,1,0,0,0.0,28,OGLETHORPE,0.0,1/25/2024 14:30,1/25/2024 12:46,Price Code 1,CUSTOMER PICKUP,False,Food Bank of Northeast Georgia,01,30648.0,Lexington,USDA FROZEN STRAWBERRY FRUIT CUPS,Fruits
940,179292,8986,O-114,Oconee Baptist Church ,FAIMPORT481905,,FOOD PANTRY,FOOD PANTRY-Agency,BLUE RECEIPT-SHL,MCW-01-10001,63,0,0,0.0,63,OGLETHORPE,0.0,4/18/2024 0:00,4/18/2024 0:00,Price Code 1,CONTACT FOR DELIVERY,False,Food Bank of Northeast Georgia,01,30667.0,Stephens,"NON-FOOD ITEMS, SHL RETAIL PICKUPS",Non-Food Misc.
713,178774,4448,B-136,Burt's United Methodist Church,481388,,FP/GNAP/USDA,FOOD PANTRY-Agency,USDA,F-50-90446,2,0,0,0.0,56,OGLETHORPE,0.0,4/16/2024 13:44,4/17/2024 10:03,Price Code 1,CUSTOMER PICKUP,False,Food Bank of Northeast Georgia,01,30627.0,Lexington,USDA FROZEN STRAWBERRY FRUIT CUPS,Fruits
817,178738,4449,F2KOGL,Food 2 Kids Oglethorpe County,481352,,DIRECT ASSISTANCE,DIRECT ASSISTANCE-Agency,USDA,F-50-90445,5,0,0,0.0,205,OGLETHORPE,0.0,4/18/2024 15:30,4/24/2024 11:26,Price Code 1,TRUCK 1 MOBILE PANTRY,False,Food Bank of Northeast Georgia,01,30607.0,Athens,USDA FULLY COOKED PULLED PORK CCC,Proteins
162,177199,8976,O-101,Oglethorpe County Senior Center,FAIMPORT479819,,FP/OP/USDA,SENIOR-Agency,BLUE RECEIPT-SHL,MCC-28-10001,70,0,0,0.0,70,OGLETHORPE,0.0,3/8/2024 0:00,3/8/2024 0:00,Price Code 1,CUSTOMER PICKUP,False,Food Bank of Northeast Georgia,01,30630.0,Crawford,"PRODUCE, SHL RETAIL PICKUPS",Mixed Produce
940,178183,8975,O-114,Oconee Baptist Church ,FAIMPORT480801,,FOOD PANTRY,FOOD PANTRY-Agency,BLUE RECEIPT-SHL,MCC-07-10001,2,0,0,0.0,2,OGLETHORPE,0.0,3/26/2024 0:00,3/26/2024 0:00,Price Code 1,CONTACT FOR DELIVERY,False,Food Bank of Northeast Georgia,01,30667.0,Stephens,"DAIRY PRODUCTS, SHL RETAIL PICKUPS",Dairy
433,173781,8719,T-114,Thankful Baptist Church,477410,,FP/OP/GNAP/USDA,YOUTH-Agency,GNAP,N-40-10265,1,0,0,1.3,13,OGLETHORPE,0.1,2/6/2024 15:14,2/6/2024 11:20,Price Code 1,CUSTOMER PICKUP,False,Food Bank of Northeast Georgia,01,30667.0,Stephens,GNAP MINI BEEF RAVIOLI,Prepared Meals
433,181005,4411,T-114,Thankful Baptist Church,483610,,FP/OP/GNAP/USDA,YOUTH-Agency,USDA,F-50-90465,26,0,0,98.28,546,OGLETHORPE,0.18,5/17/2024 10:00,5/17/2024 9:53,Price Code 1,CUSTOMER PICKUP,False,Food Bank of Northeast Georgia,01,30667.0,Stephens,USDA WILD CAUGHT GULF SHRIMP,Proteins
162,173307,4761,O-101,Oglethorpe County Senior Center,476936,,FP/OP/USDA,SENIOR-Agency,USDA,F-50-90454,5,0,0,0.0,155,OGLETHORPE,0.0,1/24/2024 13:38,1/25/2024 14:31,Price Code 1,CUSTOMER PICKUP,False,Food Bank of Northeast Georgia,01,30630.0,Crawford,USDA FROZEN STRAWBERRIES CCC,Fruits
1007,179543,5958,S-141,SWAG Ministries,482156,,FP/OP/USDA,FOOD PANTRY-Agency,BLUE RECEIPT-SHL,C-16-10001,35,0,0,6.3,35,OGLETHORPE,0.18,4/24/2024 9:26,4/24/2024 9:31,Price Code 1,CUSTOMER PICKUP,False,Sharing Floor Athens,01-SH,30630.0,Crawford,"COOLER FOOD, MISC. SHL",Food Misc.
451,175514,4449,L-105,Lexington Baptist Church,478143,,FP/GNAP/USDA,FOOD PANTRY-Agency,USDA,F-50-90445,48,0,0,0.0,1968,OGLETHORPE,0.0,2/12/2024 14:30,2/21/2024 12:42,Price Code 1,CUSTOMER PICKUP,False,Food Bank of Northeast Georgia,01,30648.0,Lexington,USDA FULLY COOKED PULLED PORK CCC,Proteins
433,179815,8986,T-114,Thankful Baptist Church,FAIMPORT482426,,FP/OP/GNAP/USDA,YOUTH-Agency,BLUE RECEIPT-SHL,MCW-01-10001,2,0,0,0.0,2,OGLETHORPE,0.0,4/26/2024 0:00,4/26/2024 0:00,Price Code 1,CUSTOMER PICKUP,False,Food Bank of Northeast Georgia,01,30667.0,Stephens,"NON-FOOD ITEMS, SHL RETAIL PICKUPS",Non-Food Misc.
162,173449,8928,O-101,Oglethorpe County Senior Center,477078,,FP/OP/USDA,SENIOR-Agency,BLUE RECEIPT-SHL,N-03-11803,15,0,0,0.0,240,OGLETHORPE,0.0,1/25/2024 13:38,1/25/2024 14:30,Price Code 1,CUSTOMER PICKUP,False,Food Bank of Northeast Georgia,01,30630.0,Crawford,GATORADE THIRST QUENCHER VAR PACK,Beverages
940,181788,9077,O-114,Oconee Baptist Church ,484392,,FOOD PANTRY,FOOD PANTRY-Agency,BLUE RECEIPT-SHL,N-03-11839,2,0,0,0.0,54,OGLETHORPE,0.0,6/6/2024 0:00,6/6/2024 11:37,Price Code 1,CONTACT FOR DELIVERY,False,Food Bank of Northeast Georgia,01,30667.0,Stephens,MTN DEW 36 X 12 FL OZ,Beverages
451,181600,9014,L-105,Lexington Baptist Church,484204,,FP/GNAP/USDA,FOOD PANTRY-Agency,PURCH,N-27-10136,2,0,104,9.72,54,OGLETHORPE,0.18,6/7/2024 11:30,6/7/2024 13:11,Price Code 1,CUSTOMER PICKUP,False,Food Bank of Northeast Georgia,01,30648.0,Lexington,"GREEN BEANS, HARVEST VALLEY",Vegetables 
162,181305,8975,O-101,Oglethorpe County Senior Center,FAIMPORT483909,,FP/OP/USDA,SENIOR-Agency,BLUE RECEIPT-SHL,MCC-07-10001,3,0,0,0.0,3,OGLETHORPE,0.0,5/16/2024 0:00,5/16/2024 0:00,Price Code 1,CUSTOMER PICKUP,False,Food Bank of Northeast Georgia,01,30630.0,Crawford,"DAIRY PRODUCTS, SHL RETAIL PICKUPS",Dairy
1007,181486,9041,S-141,SWAG Ministries,484090,,FP/OP/USDA,FOOD PANTRY-Agency,BLUE RECEIPT-SHL,C-28-90542,1,0,0,0.0,41,OGLETHORPE,0.0,6/5/2024 10:00,6/5/2024 10:06,Price Code 1,CUSTOMER PICKUP,False,Food Bank of Northeast Georgia,01,30630.0,Crawford,"ZUCCHINI, SHL",Vegetables 
433,177134,875,T-114,Thankful Baptist Church,479755,,FP/OP/GNAP/USDA,YOUTH-Agency,BLUE RECEIPT-SHL,W-04-10000,2,0,0,0.0,2,OGLETHORPE,0.0,3/12/2024 15:14,3/12/2024 10:56,Price Code 1,CUSTOMER PICKUP,False,Sharing Floor Athens,01-SH,30667.0,Stephens,"BREAD & BAKERY, ASSORTED SHL",Grains
1007,173286,8909,S-141,SWAG Ministries,476915,,FP/OP/USDA,FOOD PANTRY-Agency,BLUE RECEIPT-SHL,N-03-11795,2,0,0,6.12,34,OGLETHORPE,0.18,1/26/2024 3:37,2/20/2024 13:35,Price Code 1,CUSTOMER PICKUP,False,Food Bank of Northeast Georgia,01,30630.0,Crawford,STARBUCKS VANILLA FRAPPUCCINO,Beverages
451,180526,1047,L-105,Lexington Baptist Church,483132,,FP/GNAP/USDA,FOOD PANTRY-Agency,USDA,N-50-10041,25,0,0,0.0,1225,OGLETHORPE,0.0,5/13/2024 14:30,5/14/2024 8:06,Price Code 1,TRUCK 1 MOBILE PANTRY,False,Food Bank of Northeast Georgia,01,30648.0,Lexington,USDA RICE,Grains
451,177839,4448,L-105,Lexington Baptist Church,480458,,FP/GNAP/USDA,FOOD PANTRY-Agency,USDA,F-50-90446,1,0,0,0.0,28,OGLETHORPE,0.0,3/25/2024 14:30,3/25/2024 14:31,Price Code 1,CUSTOMER PICKUP,False,Food Bank of Northeast Georgia,01,30648.0,Lexington,USDA FROZEN STRAWBERRY FRUIT CUPS,Fruits
433,175208,5938,T-114,Thankful Baptist Church,477837,,FP/OP/GNAP/USDA,YOUTH-Agency,BLUE RECEIPT-SHL,C-28-10001,54,0,0,1.62,54,OGLETHORPE,0.03,2/6/2024 15:14,2/6/2024 10:51,Price Code 1,CUSTOMER PICKUP,False,Sharing Floor Athens,01-SH,30667.0,Stephens,"PRODUCE, FRESH SHL",Mixed Produce
940,178185,8971,O-114,Oconee Baptist Church ,FAIMPORT480803,,FOOD PANTRY,FOOD PANTRY-Agency,BLUE RECEIPT-SHL,MCF-16-10001,20,0,0,0.0,20,OGLETHORPE,0.0,3/28/2024 0:00,3/28/2024 0:00,Price Code 1,CONTACT FOR DELIVERY,False,Food Bank of Northeast Georgia,01,30667.0,Stephens,"FROZEN FOODS, MISC SHL RETAIL PICKUP",Food Misc.
451,177888,92,L-105,Lexington Baptist Church,480507,,FP/GNAP/USDA,FOOD PANTRY-Agency,LOCAL - LL,W-01-10002,6,0,0,1.08,6,OGLETHORPE,0.18,3/26/2024 14:30,3/26/2024 14:19,Price Code 1,CUSTOMER PICKUP,False,Sharing Floor Athens,01-SH,30648.0,Lexington,"ASSORTED NON-FOOD ITEMS, LL",Non-Food Misc.
1007,181486,9085,S-141,SWAG Ministries,484090,,FP/OP/USDA,FOOD PANTRY-Agency,USDA,F-50-90476,2,0,0,14.4,80,OGLETHORPE,0.18,6/5/2024 10:00,6/5/2024 10:06,Price Code 1,CUSTOMER PICKUP,False,Food Bank of Northeast Georgia,01,30630.0,Crawford,USDA PORK LOIN BONELESS CHOPS CCC,Proteins
1007,177217,696,S-141,SWAG Ministries,479837,,FP/OP/USDA,FOOD PANTRY-Agency,LOCAL - LL,W-25-10000,24,0,0,4.32,24,OGLETHORPE,0.18,3/13/2024 9:38,3/13/2024 9:44,Price Code 1,CUSTOMER PICKUP,False,Sharing Floor Athens,01-SH,30630.0,Crawford,"ASSORTED SNACK ITEMS, LL",Food Misc.
433,175502,2960,T-114,Thankful Baptist Church,478131,,FP/OP/GNAP/USDA,YOUTH-Agency,USDA,N-50-10247,13,0,0,0.0,468,OGLETHORPE,0.0,2/17/2024 7:00,2/17/2024 9:51,Price Code 1,TRUCK 1 MOBILE PANTRY,False,Food Bank of Northeast Georgia,01,30667.0,Stephens,USDA BEEF STEW POUCHES CCC,Prepared Meals
433,172551,5958,T-114,Thankful Baptist Church,476182,,FP/OP/GNAP/USDA,YOUTH-Agency,BLUE RECEIPT-SHL,C-16-10001,35,0,0,6.3,35,OGLETHORPE,0.18,1/4/2024 15:14,1/4/2024 11:53,Price Code 1,CUSTOMER PICKUP,False,Sharing Floor Athens,01-SH,30667.0,Stephens,"COOLER FOOD, MISC. SHL",Food Misc.
451,181053,8512,L-105,Lexington Baptist Church,483658,,FP/GNAP/USDA,FOOD PANTRY-Agency,USDA,C-50-10049,1,0,0,7.02,39,OGLETHORPE,0.18,5/22/2024 10:00,5/22/2024 10:39,Price Code 1,CUSTOMER PICKUP,False,Food Bank of Northeast Georgia,01,30648.0,Lexington,USDA GRAPEFRUIT CCC,Fruits
451,176927,6979,L-105,Lexington Baptist Church,479549,,FP/GNAP/USDA,FOOD PANTRY-Agency,USDA,C-50-10017,38,0,0,0.0,1520,OGLETHORPE,0.0,3/11/2024 14:30,3/12/2024 9:29,Price Code 1,TRUCK 1 MOBILE PANTRY,False,Food Bank of Northeast Georgia,01,30648.0,Lexington,"USDA 2% MILK, FRESH CCC",Dairy
162,181306,8975,O-101,Oglethorpe County Senior Center,FAIMPORT483910,,FP/OP/USDA,SENIOR-Agency,BLUE RECEIPT-SHL,MCC-07-10001,20,0,0,0.0,20,OGLETHORPE,0.0,5/20/2024 0:00,5/20/2024 0:00,Price Code 1,CUSTOMER PICKUP,False,Food Bank of Northeast Georgia,01,30630.0,Crawford,"DAIRY PRODUCTS, SHL RETAIL PICKUPS",Dairy
433,181880,690,T-114,Thankful Baptist Church,484484,,FP/OP/GNAP/USDA,YOUTH-Agency,BLUE RECEIPT-SHL,W-03-10013,145,0,0,0.0,145,OGLETHORPE,0.0,6/4/2024 15:14,6/4/2024 10:58,Price Code 1,CUSTOMER PICKUP,False,Sharing Floor Athens,01-SH,30667.0,Stephens,"ASSORTED BEVERAGES, SHL",Beverages
940,179789,8973,O-114,Oconee Baptist Church ,FAIMPORT482402,,FOOD PANTRY,FOOD PANTRY-Agency,BLUE RECEIPT-SHL,MCC-16-10001,28,0,0,0.0,28,OGLETHORPE,0.0,4/25/2024 0:00,4/25/2024 0:00,Price Code 1,CONTACT FOR DELIVERY,False,Food Bank of Northeast Georgia,01,30667.0,Stephens,"COOLER FOOD MISC., SHL RETAIL PICKUP",Food Misc.
451,175514,5407,L-105,Lexington Baptist Church,478143,,FP/GNAP/USDA,FOOD PANTRY-Agency,BLUE RECEIPT-SHL,F-15-10000,609,0,0,0.0,609,OGLETHORPE,0.0,2/12/2024 14:30,2/21/2024 12:42,Price Code 1,CUSTOMER PICKUP,False,Food Bank of Northeast Georgia,01,30648.0,Lexington,"MEAT & SEAFOOD, FROZEN SHL",Proteins
433,173836,5958,T-114,Thankful Baptist Church,477465,,FP/OP/GNAP/USDA,YOUTH-Agency,BLUE RECEIPT-SHL,C-16-10001,23,0,0,4.14,23,OGLETHORPE,0.18,1/30/2024 15:14,1/30/2024 10:53,Price Code 1,CUSTOMER PICKUP,False,Sharing Floor Athens,01-SH,30667.0,Stephens,"COOLER FOOD, MISC. SHL",Food Misc.
940,181833,8986,O-114,Oconee Baptist Church ,FAIMPORT484437,,FOOD PANTRY,FOOD PANTRY-Agency,BLUE RECEIPT-SHL,MCW-01-10001,150,0,0,0.0,150,OGLETHORPE,0.0,5/31/2024 0:00,5/31/2024 0:00,Price Code 1,CONTACT FOR DELIVERY,False,Food Bank of Northeast Georgia,01,30667.0,Stephens,"NON-FOOD ITEMS, SHL RETAIL PICKUPS",Non-Food Misc.
433,175208,683,T-114,Thankful Baptist Church,477837,,FP/OP/GNAP/USDA,YOUTH-Agency,BLUE RECEIPT-SHL,W-16-10001,41,0,0,7.38,41,OGLETHORPE,0.18,2/6/2024 15:14,2/6/2024 10:51,Price Code 1,CUSTOMER PICKUP,False,Sharing Floor Athens,01-SH,30667.0,Stephens,MISC. FOOD BOX SHL,Food Misc.
433,179434,5938,T-114,Thankful Baptist Church,482047,,FP/OP/GNAP/USDA,YOUTH-Agency,BLUE RECEIPT-SHL,C-28-10001,40,0,0,1.2,40,OGLETHORPE,0.03,4/23/2024 15:14,4/23/2024 10:37,Price Code 1,CUSTOMER PICKUP,False,Sharing Floor Athens,01-SH,30667.0,Stephens,"PRODUCE, FRESH SHL",Mixed Produce
162,178217,8976,O-101,Oglethorpe County Senior Center,FAIMPORT480835,,FP/OP/USDA,SENIOR-Agency,BLUE RECEIPT-SHL,MCC-28-10001,9,0,0,0.0,9,OGLETHORPE,0.0,3/25/2024 0:00,3/25/2024 0:00,Price Code 1,CUSTOMER PICKUP,False,Food Bank of Northeast Georgia,01,30630.0,Crawford,"PRODUCE, SHL RETAIL PICKUPS",Mixed Produce
451,176760,875,L-105,Lexington Baptist Church,479383,,FP/GNAP/USDA,FOOD PANTRY-Agency,BLUE RECEIPT-SHL,W-04-10000,56,0,0,0.0,56,OGLETHORPE,0.0,3/6/2024 14:30,3/6/2024 11:44,Price Code 1,CUSTOMER PICKUP,False,Sharing Floor Athens,01-SH,30648.0,Lexington,"BREAD & BAKERY, ASSORTED SHL",Grains
433,179866,683,T-114,Thankful Baptist Church,482477,,FP/OP/GNAP/USDA,YOUTH-Agency,BLUE RECEIPT-SHL,W-16-10001,7,0,0,1.26,7,OGLETHORPE,0.18,4/30/2024 15:14,4/30/2024 10:53,Price Code 1,CUSTOMER PICKUP,False,Sharing Floor Athens,01-SH,30667.0,Stephens,MISC. FOOD BOX SHL,Food Misc.
940,173299,683,O-114,Oconee Baptist Church ,476928,,FOOD PANTRY,FOOD PANTRY-Agency,BLUE RECEIPT-SHL,W-16-10001,183,0,0,32.94,183,OGLETHORPE,0.18,1/19/2024 9:43,1/19/2024 9:54,Price Code 1,CONTACT FOR DELIVERY,False,Sharing Floor Athens,01-SH,30667.0,Stephens,MISC. FOOD BOX SHL,Food Misc.
817,178738,1674,F2KOGL,Food 2 Kids Oglethorpe County,481352,,DIRECT ASSISTANCE,DIRECT ASSISTANCE-Agency,USDA,N-50-10073,2,0,0,0.0,54,OGLETHORPE,0.0,4/18/2024 15:30,4/24/2024 11:26,Price Code 1,TRUCK 1 MOBILE PANTRY,False,Food Bank of Northeast Georgia,01,30607.0,Athens,USDA TOMATO SAUCE,Vegetables 
162,176819,8975,O-101,Oglethorpe County Senior Center,FAIMPORT479441,,FP/OP/USDA,SENIOR-Agency,BLUE RECEIPT-SHL,MCC-07-10001,31,0,0,0.0,31,OGLETHORPE,0.0,3/4/2024 0:00,3/4/2024 0:00,Price Code 1,CUSTOMER PICKUP,False,Food Bank of Northeast Georgia,01,30630.0,Crawford,"DAIRY PRODUCTS, SHL RETAIL PICKUPS",Dairy
1007,173524,92,S-141,SWAG Ministries,477153,,FP/OP/USDA,FOOD PANTRY-Agency,LOCAL - LL,W-01-10002,28,0,0,5.04,28,OGLETHORPE,0.18,1/24/2024 9:33,1/24/2024 9:37,Price Code 1,CUSTOMER PICKUP,False,Sharing Floor Athens,01-SH,30630.0,Crawford,"ASSORTED NON-FOOD ITEMS, LL",Non-Food Misc.
713,172374,6981,B-136,Burt's United Methodist Church,476005,,FP/GNAP/USDA,FOOD PANTRY-Agency,USDA,C-50-10018,2,0,0,0.0,38,OGLETHORPE,0.0,1/5/2024 13:44,1/26/2024 9:00,Price Code 1,CUSTOMER PICKUP,False,Food Bank of Northeast Georgia,01,30627.0,Lexington,USDA FRESH TABLE GRAPES CCC,Fruits
817,178738,5958,F2KOGL,Food 2 Kids Oglethorpe County,481352,,DIRECT ASSISTANCE,DIRECT ASSISTANCE-Agency,BLUE RECEIPT-SHL,C-16-10001,308,0,0,0.0,308,OGLETHORPE,0.0,4/18/2024 15:30,4/24/2024 11:26,Price Code 1,TRUCK 1 MOBILE PANTRY,False,Food Bank of Northeast Georgia,01,30607.0,Athens,"COOLER FOOD, MISC. SHL",Food Misc.
1007,180041,8873,S-141,SWAG Ministries,482649,,FP/OP/USDA,FOOD PANTRY-Agency,YELLOW RECEIPT - SHN,F-10-10001,4,0,0,0.36,12,OGLETHORPE,0.03,5/8/2024 8:00,5/8/2024 10:45,Price Code 1,CUSTOMER PICKUP,False,Food Bank of Northeast Georgia,01,30630.0,Crawford,OUTSHINE STRAWBERRY BANANA SMOOTHIE CUBES,Beverages
1007,176243,8967,S-141,SWAG Ministries,478869,,FP/OP/USDA,FOOD PANTRY-Agency,YELLOW RECEIPT - SHN,N-25-11963,2,0,0,5.04,28,OGLETHORPE,0.18,3/6/2024 21:40,3/6/2024 9:02,Price Code 1,CUSTOMER PICKUP,False,Food Bank of Northeast Georgia,01,30630.0,Crawford,BIGS SUNFLOWER SEEDS VARIETY DISPLAY PACK,Proteins
451,175288,683,L-105,Lexington Baptist Church,477917,,FP/GNAP/USDA,FOOD PANTRY-Agency,BLUE RECEIPT-SHL,W-16-10001,34,0,0,0.0,34,OGLETHORPE,0.0,2/7/2024 14:30,2/7/2024 11:40,Price Code 1,CUSTOMER PICKUP,False,Sharing Floor Athens,01-SH,30648.0,Lexington,MISC. FOOD BOX SHL,Food Misc.
451,179561,5772,L-105,Lexington Baptist Church,482174,,FP/GNAP/USDA,FOOD PANTRY-Agency,LOCAL - LL,C-28-10000,24,0,0,0.72,24,OGLETHORPE,0.03,4/24/2024 14:30,4/24/2024 11:47,Price Code 1,CUSTOMER PICKUP,False,Sharing Floor Athens,01-SH,30648.0,Lexington,"PRODUCE, FRESH LL",Mixed Produce
433,173836,92,T-114,Thankful Baptist Church,477465,,FP/OP/GNAP/USDA,YOUTH-Agency,LOCAL - LL,W-01-10002,18,0,0,3.24,18,OGLETHORPE,0.18,1/30/2024 15:14,1/30/2024 10:53,Price Code 1,CUSTOMER PICKUP,False,Sharing Floor Athens,01-SH,30667.0,Stephens,"ASSORTED NON-FOOD ITEMS, LL",Non-Food Misc.
1007,173286,8905,S-141,SWAG Ministries,476915,,FP/OP/USDA,FOOD PANTRY-Agency,BLUE RECEIPT-SHL,N-03-11794,5,0,0,0.0,190,OGLETHORPE,0.0,1/26/2024 3:37,2/20/2024 13:35,Price Code 1,CUSTOMER PICKUP,False,Food Bank of Northeast Georgia,01,30630.0,Crawford,"PEPSI, 12/1.25L",Beverages
451,181053,9062,L-105,Lexington Baptist Church,483658,,FP/GNAP/USDA,FOOD PANTRY-Agency,LOCAL - LL,N-25-11975,3,0,0,1.62,9,OGLETHORPE,0.18,5/22/2024 10:00,5/22/2024 10:39,Price Code 1,CUSTOMER PICKUP,False,Food Bank of Northeast Georgia,01,30648.0,Lexington,DOVE DARK CHOCOLATE & PEANUT BUTTER,Food Misc.
433,181880,696,T-114,Thankful Baptist Church,484484,,FP/OP/GNAP/USDA,YOUTH-Agency,LOCAL - LL,W-25-10000,59,0,0,5.31,59,OGLETHORPE,0.09,6/4/2024 15:14,6/4/2024 10:58,Price Code 1,CUSTOMER PICKUP,False,Sharing Floor Athens,01-SH,30667.0,Stephens,"ASSORTED SNACK ITEMS, LL",Food Misc.
451,178248,5407,L-105,Lexington Baptist Church,480864,,FP/GNAP/USDA,FOOD PANTRY-Agency,BLUE RECEIPT-SHL,F-15-10000,42,0,0,7.56,42,OGLETHORPE,0.18,4/3/2024 14:30,4/3/2024 11:42,Price Code 1,CUSTOMER PICKUP,False,Sharing Floor Athens,01-SH,30648.0,Lexington,"MEAT & SEAFOOD, FROZEN SHL",Proteins
433,177882,5407,T-114,Thankful Baptist Church,480501,,FP/OP/GNAP/USDA,YOUTH-Agency,BLUE RECEIPT-SHL,F-15-10000,24,0,0,0.0,24,OGLETHORPE,0.0,3/26/2024 15:14,3/26/2024 11:03,Price Code 1,CUSTOMER PICKUP,False,Sharing Floor Athens,01-SH,30667.0,Stephens,"MEAT & SEAFOOD, FROZEN SHL",Proteins
451,174991,8937,L-105,Lexington Baptist Church,477621,,FP/GNAP/USDA,FOOD PANTRY-Agency,BLUE RECEIPT-SHL,N-03-11807,3,0,0,0.0,54,OGLETHORPE,0.0,2/6/2024 14:30,2/6/2024 12:31,Price Code 1,CUSTOMER PICKUP,False,Food Bank of Northeast Georgia,01,30648.0,Lexington,GATORADE LEMON LIME ZERO SUGAR,Beverages
940,173299,5772,O-114,Oconee Baptist Church ,476928,,FOOD PANTRY,FOOD PANTRY-Agency,LOCAL - LL,C-28-10000,51,0,0,1.53,51,OGLETHORPE,0.03,1/19/2024 9:43,1/19/2024 9:54,Price Code 1,CONTACT FOR DELIVERY,False,Sharing Floor Athens,01-SH,30667.0,Stephens,"PRODUCE, FRESH LL",Mixed Produce
1007,175941,683,S-141,SWAG Ministries,478569,,FP/OP/USDA,FOOD PANTRY-Agency,BLUE RECEIPT-SHL,W-16-10001,80,0,0,14.4,80,OGLETHORPE,0.18,2/21/2024 9:29,2/21/2024 9:37,Price Code 1,CUSTOMER PICKUP,False,Sharing Floor Athens,01-SH,30630.0,Crawford,MISC. FOOD BOX SHL,Food Misc.
1007,177217,5958,S-141,SWAG Ministries,479837,,FP/OP/USDA,FOOD PANTRY-Agency,BLUE RECEIPT-SHL,C-16-10001,10,0,0,1.8,10,OGLETHORPE,0.18,3/13/2024 9:38,3/13/2024 9:44,Price Code 1,CUSTOMER PICKUP,False,Sharing Floor Athens,01-SH,30630.0,Crawford,"COOLER FOOD, MISC. SHL",Food Misc.
451,176927,1521,L-105,Lexington Baptist Church,479549,,FP/GNAP/USDA,FOOD PANTRY-Agency,USDA,N-50-10104,25,0,0,0.0,625,OGLETHORPE,0.0,3/11/2024 14:30,3/12/2024 9:29,Price Code 1,TRUCK 1 MOBILE PANTRY,False,Food Bank of Northeast Georgia,01,30648.0,Lexington,USDA LENTIL BEANS,Proteins
1007,173304,92,S-141,SWAG Ministries,476933,,FP/OP/USDA,FOOD PANTRY-Agency,LOCAL - LL,W-01-10002,24,0,0,4.32,24,OGLETHORPE,0.18,1/19/2024 10:48,1/19/2024 10:52,Price Code 1,CUSTOMER PICKUP,False,Sharing Floor Athens,01-SH,30630.0,Crawford,"ASSORTED NON-FOOD ITEMS, LL",Non-Food Misc.
816,176203,5407,S-135,Sonlight Baptist Church,478829,,FOOD PANTRY,FOOD PANTRY-Agency,BLUE RECEIPT-SHL,F-15-10000,182,0,0,32.76,182,OGLETHORPE,0.18,2/26/2024 12:22,2/26/2024 11:00,Price Code 1,CUSTOMER PICKUP,False,Sharing Floor Athens,01-SH,30628.0,Colbert,"MEAT & SEAFOOD, FROZEN SHL",Proteins
451,173918,875,L-105,Lexington Baptist Church,477547,,FP/GNAP/USDA,FOOD PANTRY-Agency,BLUE RECEIPT-SHL,W-04-10000,69,0,0,0.0,69,OGLETHORPE,0.0,1/31/2024 14:30,1/31/2024 12:05,Price Code 1,CUSTOMER PICKUP,False,Sharing Floor Athens,01-SH,30648.0,Lexington,"BREAD & BAKERY, ASSORTED SHL",Grains
646,181675,3280,C-168,Crawford Pentecostal Church,484279,,FP/USDA,AFTER SCHOOL PROGRAM-Agency,YELLOW RECEIPT - SHN,N-03-10833,1,0,0,0.0,18,OGLETHORPE,0.0,6/5/2024 8:30,6/5/2024 12:08,Price Code 1,CUSTOMER PICKUP,False,Food Bank of Northeast Georgia,01,30630.0,Crawford,GATORADE GLACIER FREEZE,Beverages
1007,176243,8968,S-141,SWAG Ministries,478869,,FP/OP/USDA,FOOD PANTRY-Agency,YELLOW RECEIPT - SHN,N-27-10134,2,0,0,0.88,88,OGLETHORPE,0.01,3/6/2024 21:40,3/6/2024 9:02,Price Code 1,CUSTOMER PICKUP,False,Food Bank of Northeast Georgia,01,30630.0,Crawford,"HUNTS TOMATO SAUCE, NO SALT ADDED",Vegetables 
162,180482,8973,O-101,Oglethorpe County Senior Center,FAIMPORT483088,,FP/OP/USDA,SENIOR-Agency,BLUE RECEIPT-SHL,MCC-16-10001,7,0,0,0.0,7,OGLETHORPE,0.0,5/7/2024 0:00,5/7/2024 0:00,Price Code 1,CUSTOMER PICKUP,False,Food Bank of Northeast Georgia,01,30630.0,Crawford,"COOLER FOOD MISC., SHL RETAIL PICKUP",Food Misc.
713,176961,8943,B-136,Burt's United Methodist Church,479583,,FP/GNAP/USDA,FOOD PANTRY-Agency,BLUE RECEIPT-SHL,C-28-90534,4,0,0,0.0,168,OGLETHORPE,0.0,3/19/2024 13:44,3/19/2024 12:19,Price Code 1,CUSTOMER PICKUP,False,Food Bank of Northeast Georgia,01,30627.0,Lexington,"SWEET POTATO, SHL",Potatoes 
451,178248,696,L-105,Lexington Baptist Church,480864,,FP/GNAP/USDA,FOOD PANTRY-Agency,LOCAL - LL,W-25-10000,125,0,0,22.5,125,OGLETHORPE,0.18,4/3/2024 14:30,4/3/2024 11:42,Price Code 1,CUSTOMER PICKUP,False,Sharing Floor Athens,01-SH,30648.0,Lexington,"ASSORTED SNACK ITEMS, LL",Food Misc.
162,173307,5637,O-101,Oglethorpe County Senior Center,476936,,FP/OP/USDA,SENIOR-Agency,USDA,F-50-90019,5,0,0,0.0,150,OGLETHORPE,0.0,1/24/2024 13:38,1/25/2024 14:31,Price Code 1,CUSTOMER PICKUP,False,Food Bank of Northeast Georgia,01,30630.0,Crawford,USDA FROZEN BLUEBERRIES CCC,Fruits
713,176961,1745,B-136,Burt's United Methodist Church,479583,,FP/GNAP/USDA,FOOD PANTRY-Agency,BLUE RECEIPT-SHL,N-03-10756,5,0,0,5.55,185,OGLETHORPE,0.03,3/19/2024 13:44,3/19/2024 12:19,Price Code 1,CUSTOMER PICKUP,False,Food Bank of Northeast Georgia,01,30627.0,Lexington,GATORADE FRUIT PUNCH,Beverages
451,180869,683,L-105,Lexington Baptist Church,483475,,FP/GNAP/USDA,FOOD PANTRY-Agency,BLUE RECEIPT-SHL,W-16-10001,56,0,0,10.08,56,OGLETHORPE,0.18,5/15/2024 14:30,5/15/2024 11:33,Price Code 1,CUSTOMER PICKUP,False,Sharing Floor Athens,01-SH,30648.0,Lexington,MISC. FOOD BOX SHL,Food Misc.
451,177653,50,L-105,Lexington Baptist Church,480273,,FP/GNAP/USDA,FOOD PANTRY-Agency,LOCAL - LL,W-16-10002,6,0,0,0.0,6,OGLETHORPE,0.0,3/20/2024 14:30,3/20/2024 12:02,Price Code 1,CUSTOMER PICKUP,False,Sharing Floor Athens,01-SH,30648.0,Lexington,MISC. FOOD BOX LL,Food Misc.
162,181304,8976,O-101,Oglethorpe County Senior Center,FAIMPORT483908,,FP/OP/USDA,SENIOR-Agency,BLUE RECEIPT-SHL,MCC-28-10001,50,0,0,0.0,50,OGLETHORPE,0.0,5/17/2024 0:00,5/17/2024 0:00,Price Code 1,CUSTOMER PICKUP,False,Food Bank of Northeast Georgia,01,30630.0,Crawford,"PRODUCE, SHL RETAIL PICKUPS",Mixed Produce
433,175208,875,T-114,Thankful Baptist Church,477837,,FP/OP/GNAP/USDA,YOUTH-Agency,BLUE RECEIPT-SHL,W-04-10000,33,0,0,0.0,33,OGLETHORPE,0.0,2/6/2024 15:14,2/6/2024 10:51,Price Code 1,CUSTOMER PICKUP,False,Sharing Floor Athens,01-SH,30667.0,Stephens,"BREAD & BAKERY, ASSORTED SHL",Grains
162,182651,8975,O-101,Oglethorpe County Senior Center,FAIMPORT485254,,FP/OP/USDA,SENIOR-Agency,BLUE RECEIPT-SHL,MCC-07-10001,11,0,0,0.0,11,OGLETHORPE,0.0,6/27/2024 0:00,6/27/2024 0:00,Price Code 1,CUSTOMER PICKUP,False,Food Bank of Northeast Georgia,01,30630.0,Crawford,"DAIRY PRODUCTS, SHL RETAIL PICKUPS",Dairy
940,181788,8940,O-114,Oconee Baptist Church ,484392,,FOOD PANTRY,FOOD PANTRY-Agency,BLUE RECEIPT-SHL,C-28-90531,5,0,0,0.0,260,OGLETHORPE,0.0,6/6/2024 0:00,6/6/2024 11:37,Price Code 1,CONTACT FOR DELIVERY,False,Food Bank of Northeast Georgia,01,30667.0,Stephens,"CABBAGE, SHL 50#",Vegetables 
451,180526,84,L-105,Lexington Baptist Church,483132,,FP/GNAP/USDA,FOOD PANTRY-Agency,USDA,N-50-10006,13,0,0,0.0,351,OGLETHORPE,0.0,5/13/2024 14:30,5/14/2024 8:06,Price Code 1,TRUCK 1 MOBILE PANTRY,False,Food Bank of Northeast Georgia,01,30648.0,Lexington,USDA GREEN BEANS,Vegetables 
713,182247,9062,B-136,Burt's United Methodist Church,484851,,FP/GNAP/USDA,FOOD PANTRY-Agency,LOCAL - LL,N-25-11975,2,0,0,1.08,6,OGLETHORPE,0.18,6/25/2024 14:00,6/25/2024 14:24,Price Code 1,CUSTOMER PICKUP,False,Food Bank of Northeast Georgia,01,30627.0,Lexington,DOVE DARK CHOCOLATE & PEANUT BUTTER,Food Misc.
1007,179516,7083,S-141,SWAG Ministries,482129,,FP/OP/USDA,FOOD PANTRY-Agency,USDA,C-50-10029,2,0,0,4.32,24,OGLETHORPE,0.18,5/1/2024 15:42,5/8/2024 10:44,Price Code 1,CUSTOMER PICKUP,False,Food Bank of Northeast Georgia,01,30630.0,Crawford,"USDA MILD CHEDDAR CHEESE, BLOCK CCC",Dairy
713,176961,8665,B-136,Burt's United Methodist Church,479583,,FP/GNAP/USDA,FOOD PANTRY-Agency,BLUE RECEIPT-SHL,N-03-11268,4,0,0,2.76,92,OGLETHORPE,0.03,3/19/2024 13:44,3/19/2024 12:19,Price Code 1,CUSTOMER PICKUP,False,Food Bank of Northeast Georgia,01,30627.0,Lexington,PROPEL BERRY/KIWISTRAW/GRAPE,Beverages
940,177386,8972,O-114,Oconee Baptist Church ,FAIMPORT480006,,FOOD PANTRY,FOOD PANTRY-Agency,BLUE RECEIPT-SHL,MCF-15-10000,12,0,0,0.0,12,OGLETHORPE,0.0,3/14/2024 0:00,3/14/2024 0:00,Price Code 1,CONTACT FOR DELIVERY,False,Food Bank of Northeast Georgia,01,30667.0,Stephens,"FROZEN MEAT & SEAFOOD, SHL RETAIL PICKUP",Proteins
451,178344,7083,L-105,Lexington Baptist Church,480960,,FP/GNAP/USDA,FOOD PANTRY-Agency,USDA,C-50-10029,2,0,0,4.32,24,OGLETHORPE,0.18,4/9/2024 14:30,4/17/2024 10:56,Price Code 1,CUSTOMER PICKUP,False,Food Bank of Northeast Georgia,01,30648.0,Lexington,"USDA MILD CHEDDAR CHEESE, BLOCK CCC",Dairy
162,176689,8559,O-101,Oglethorpe County Senior Center,479312,,FP/OP/USDA,SENIOR-Agency,BLUE RECEIPT-SHL,C-28-90529,3,0,0,6.0,120,OGLETHORPE,0.05,3/8/2024 13:38,3/8/2024 12:51,Price Code 1,CUSTOMER PICKUP,False,Food Bank of Northeast Georgia,01,30630.0,Crawford,"ORANGES, BULK",Fruits
1007,180322,8997,S-141,SWAG Ministries,482928,,FP/OP/USDA,FOOD PANTRY-Agency,USDA,N-50-10312,2,0,0,4.32,24,OGLETHORPE,0.18,5/15/2024 8:00,5/15/2024 9:35,Price Code 1,CUSTOMER PICKUP,False,Food Bank of Northeast Georgia,01,30630.0,Crawford,USDA CHILI W/ BEANS CCC,Prepared Meals
162,173307,1230,O-101,Oglethorpe County Senior Center,476936,,FP/OP/USDA,SENIOR-Agency,USDA,N-50-10097,2,0,0,2.28,76,OGLETHORPE,0.03,1/24/2024 13:38,1/25/2024 14:31,Price Code 1,CUSTOMER PICKUP,False,Food Bank of Northeast Georgia,01,30630.0,Crawford,USDA CHERRY APPLE JUICE,Beverages
433,180342,690,T-114,Thankful Baptist Church,482948,,FP/OP/GNAP/USDA,YOUTH-Agency,BLUE RECEIPT-SHL,W-03-10013,46,0,0,0.0,46,OGLETHORPE,0.0,5/7/2024 15:14,5/7/2024 10:52,Price Code 1,CUSTOMER PICKUP,False,Sharing Floor Athens,01-SH,30667.0,Stephens,"ASSORTED BEVERAGES, SHL",Beverages
713,172374,8875,B-136,Burt's United Methodist Church,476005,,FP/GNAP/USDA,FOOD PANTRY-Agency,BLUE RECEIPT-SHL,N-03-11780,4,0,0,0.0,140,OGLETHORPE,0.0,1/5/2024 13:44,1/26/2024 9:00,Price Code 1,CUSTOMER PICKUP,False,Food Bank of Northeast Georgia,01,30627.0,Lexington,GATORADE G2 GRAPE,Beverages
451,181689,696,L-105,Lexington Baptist Church,484293,,FP/GNAP/USDA,FOOD PANTRY-Agency,LOCAL - LL,W-25-10000,49,0,0,8.82,49,OGLETHORPE,0.18,5/31/2024 14:30,5/31/2024 11:56,Price Code 1,CUSTOMER PICKUP,False,Sharing Floor Athens,01-SH,30648.0,Lexington,"ASSORTED SNACK ITEMS, LL",Food Misc.
451,172692,3943,L-105,Lexington Baptist Church,476323,,FP/GNAP/USDA,FOOD PANTRY-Agency,USDA,N-50-10268,40,0,0,0.0,1520,OGLETHORPE,0.0,1/8/2024 14:30,1/16/2024 8:14,Price Code 1,TRUCK 1 MOBILE PANTRY,False,Food Bank of Northeast Georgia,01,30648.0,Lexington,USDA APPLE JUICE,Beverages
646,181675,9073,C-168,Crawford Pentecostal Church,484279,,FP/USDA,AFTER SCHOOL PROGRAM-Agency,USDA,C-50-10051,15,0,0,32.4,180,OGLETHORPE,0.18,6/5/2024 8:30,6/5/2024 12:08,Price Code 1,CUSTOMER PICKUP,False,Food Bank of Northeast Georgia,01,30630.0,Crawford,USDA SHREDDED MOZZARELLA CHEESE CCC,Dairy
566,180951,875,MSFP-OGL,Oglethorpe School Food Pantry,483557,,FOOD PANTRY,DIRECT ASSISTANCE-Agency,BLUE RECEIPT-SHL,W-04-10000,471,0,0,0.0,471,OGLETHORPE,0.0,5/16/2024 15:00,5/16/2024 14:06,Mobile Pantry/Feed Site Only,TRUCK 1 MOBILE PANTRY,False,Food Bank of Northeast Georgia,01,30630.0,Crawford,"BREAD & BAKERY, ASSORTED SHL",Grains
451,177653,5958,L-105,Lexington Baptist Church,480273,,FP/GNAP/USDA,FOOD PANTRY-Agency,BLUE RECEIPT-SHL,C-16-10001,32,0,0,5.76,32,OGLETHORPE,0.18,3/20/2024 14:30,3/20/2024 12:02,Price Code 1,CUSTOMER PICKUP,False,Sharing Floor Athens,01-SH,30648.0,Lexington,"COOLER FOOD, MISC. SHL",Food Misc.
817,177220,8992,F2KOGL,Food 2 Kids Oglethorpe County,479840,,DIRECT ASSISTANCE,DIRECT ASSISTANCE-Agency,USDA,F-50-90475,5,0,0,0.0,200,OGLETHORPE,0.0,3/21/2024 15:00,3/27/2024 10:55,Price Code 1,TRACTOR TRAILER 1 MOBILE PANTRY,False,Food Bank of Northeast Georgia,01,30607.0,Athens,USDA PORK TACO FILLING FULLY COOKED CCC,Proteins
162,176625,6780,O-101,Oglethorpe County Senior Center,479248,,FP/OP/USDA,SENIOR-Agency,USDA,C-50-10024,4,0,0,17.2,172,OGLETHORPE,0.1,3/7/2024 13:38,3/8/2024 12:51,Price Code 1,CUSTOMER PICKUP,False,Food Bank of Northeast Georgia,01,30630.0,Crawford,USDA APPLES,Fruits
713,178357,2414,B-136,Burt's United Methodist Church,480973,,FP/GNAP/USDA,FOOD PANTRY-Agency,USDA,N-50-10244,2,0,0,12.96,72,OGLETHORPE,0.18,4/10/2024 13:44,4/10/2024 14:26,Price Code 1,CUSTOMER PICKUP,False,Food Bank of Northeast Georgia,01,30627.0,Lexington,USDA CANNED BEEF CCC,Proteins
451,181390,9084,L-105,Lexington Baptist Church,483994,,FP/GNAP/USDA,FOOD PANTRY-Agency,USDA,N-50-10315,3,0,0,0.0,81,OGLETHORPE,0.0,5/30/2024 12:00,5/31/2024 14:14,Price Code 1,CUSTOMER PICKUP,False,Food Bank of Northeast Georgia,01,30648.0,Lexington,USDA CANNED SALMON,Proteins
451,175304,4448,L-105,Lexington Baptist Church,477933,,FP/GNAP/USDA,FOOD PANTRY-Agency,USDA,F-50-90446,1,0,0,0.0,28,OGLETHORPE,0.0,2/12/2024 14:30,2/20/2024 13:43,Price Code 1,CUSTOMER PICKUP,False,Food Bank of Northeast Georgia,01,30648.0,Lexington,USDA FROZEN STRAWBERRY FRUIT CUPS,Fruits
433,182935,8970,T-114,Thankful Baptist Church,FAIMPORT485536,,FP/OP/GNAP/USDA,YOUTH-Agency,BLUE RECEIPT-SHL,MCW-16-10001,22,0,0,0.0,22,OGLETHORPE,0.0,6/28/2024 0:00,6/28/2024 0:00,Price Code 1,CUSTOMER PICKUP,False,Food Bank of Northeast Georgia,01,30667.0,Stephens,"MISC. FOOD BOX, SHL RETAIL PICKUP",Food Misc.
451,178344,9008,L-105,Lexington Baptist Church,480960,,FP/GNAP/USDA,FOOD PANTRY-Agency,BLUE RECEIPT-SHL,N-03-11827,2,0,0,0.0,60,OGLETHORPE,0.0,4/9/2024 14:30,4/17/2024 10:56,Price Code 1,CUSTOMER PICKUP,False,Food Bank of Northeast Georgia,01,30648.0,Lexington,GATORADE LEMON LIME 15PK,Beverages
817,177251,8546,F2KOGL,Food 2 Kids Oglethorpe County,479871,,DIRECT ASSISTANCE,DIRECT ASSISTANCE-Agency,BLUE RECEIPT-SHL,N-03-10262,30,0,0,0.0,900,OGLETHORPE,0.0,3/21/2024 15:30,3/27/2024 10:00,Price Code 1,CUSTOMER PICKUP,False,Food Bank of Northeast Georgia,01,30607.0,Athens,STARRY LEMON LIME SODA 16.9 OZ,Beverages
433,180342,5958,T-114,Thankful Baptist Church,482948,,FP/OP/GNAP/USDA,YOUTH-Agency,BLUE RECEIPT-SHL,C-16-10001,16,0,0,2.88,16,OGLETHORPE,0.18,5/7/2024 15:14,5/7/2024 10:52,Price Code 1,CUSTOMER PICKUP,False,Sharing Floor Athens,01-SH,30667.0,Stephens,"COOLER FOOD, MISC. SHL",Food Misc.
713,176961,8966,B-136,Burt's United Methodist Church,479583,,FP/GNAP/USDA,FOOD PANTRY-Agency,YELLOW RECEIPT - SHN,N-15-10049,5,0,0,5.4,30,OGLETHORPE,0.18,3/19/2024 13:44,3/19/2024 12:19,Price Code 1,CUSTOMER PICKUP,False,Food Bank of Northeast Georgia,01,30627.0,Lexington,FIRE CRACKER REDHOT PICKLED SAUSAGE,Food Misc.
451,179561,5407,L-105,Lexington Baptist Church,482174,,FP/GNAP/USDA,FOOD PANTRY-Agency,BLUE RECEIPT-SHL,F-15-10000,55,0,0,9.9,55,OGLETHORPE,0.18,4/24/2024 14:30,4/24/2024 11:47,Price Code 1,CUSTOMER PICKUP,False,Sharing Floor Athens,01-SH,30648.0,Lexington,"MEAT & SEAFOOD, FROZEN SHL",Proteins
1007,180322,8873,S-141,SWAG Ministries,482928,,FP/OP/USDA,FOOD PANTRY-Agency,YELLOW RECEIPT - SHN,F-10-10001,3,0,0,0.27,9,OGLETHORPE,0.03,5/15/2024 8:00,5/15/2024 9:35,Price Code 1,CUSTOMER PICKUP,False,Food Bank of Northeast Georgia,01,30630.0,Crawford,OUTSHINE STRAWBERRY BANANA SMOOTHIE CUBES,Beverages
940,177276,6786,O-114,Oconee Baptist Church ,479896,,FOOD PANTRY,FOOD PANTRY-Agency,LOCAL - LL,C-28-90215,9,0,0,0.0,450,OGLETHORPE,0.0,3/15/2024 18:27,3/15/2024 9:40,Price Code 1,CONTACT FOR DELIVERY,False,Food Bank of Northeast Georgia,01,30667.0,Stephens,"POTATOES, RUSSET",Potatoes 
451,181753,9015,L-105,Lexington Baptist Church,484357,,FP/GNAP/USDA,FOOD PANTRY-Agency,USDA,N-50-10314,1,0,0,8.82,49,OGLETHORPE,0.18,6/7/2024 12:00,6/18/2024 14:23,Price Code 1,CUSTOMER PICKUP,False,Food Bank of Northeast Georgia,01,30648.0,Lexington,USDA RICE CCC,Grains
713,172374,8901,B-136,Burt's United Methodist Church,476005,,FP/GNAP/USDA,FOOD PANTRY-Agency,BLUE RECEIPT-SHL,N-03-11792,2,0,0,0.0,40,OGLETHORPE,0.0,1/5/2024 13:44,1/26/2024 9:00,Price Code 1,CUSTOMER PICKUP,False,Food Bank of Northeast Georgia,01,30627.0,Lexington,PROPEL BLACK CHERRY ,Beverages
451,177653,690,L-105,Lexington Baptist Church,480273,,FP/GNAP/USDA,FOOD PANTRY-Agency,BLUE RECEIPT-SHL,W-03-10013,33,0,0,0.0,33,OGLETHORPE,0.0,3/20/2024 14:30,3/20/2024 12:02,Price Code 1,CUSTOMER PICKUP,False,Sharing Floor Athens,01-SH,30648.0,Lexington,"ASSORTED BEVERAGES, SHL",Beverages
162,176625,8761,O-101,Oglethorpe County Senior Center,479248,,FP/OP/USDA,SENIOR-Agency,USDA,N-50-10306,1,0,0,4.5,25,OGLETHORPE,0.18,3/7/2024 13:38,3/8/2024 12:51,Price Code 1,CUSTOMER PICKUP,False,Food Bank of Northeast Georgia,01,30630.0,Crawford,USDA WHOLE DEGLET DATES,Fruits
451,182027,696,L-105,Lexington Baptist Church,484631,,FP/GNAP/USDA,FOOD PANTRY-Agency,LOCAL - LL,W-25-10000,26,0,0,0.0,26,OGLETHORPE,0.0,6/7/2024 14:30,6/7/2024 11:12,Price Code 1,CUSTOMER PICKUP,False,Sharing Floor Athens,01-SH,30648.0,Lexington,"ASSORTED SNACK ITEMS, LL",Food Misc.
451,177986,1481,L-105,Lexington Baptist Church,480605,,FP/GNAP/USDA,FOOD PANTRY-Agency,USDA,N-50-10105,1,0,0,3.06,17,OGLETHORPE,0.18,4/3/2024 14:30,4/5/2024 13:24,Price Code 1,CUSTOMER PICKUP,False,Food Bank of Northeast Georgia,01,30648.0,Lexington,USDA DRIED CHERRIES CCC,Fruits
451,175697,8783,L-105,Lexington Baptist Church,478325,,FP/GNAP/USDA,FOOD PANTRY-Agency,USDA,N-50-10308,13,0,0,0.0,299,OGLETHORPE,0.0,2/12/2024 14:30,2/15/2024 11:13,Price Code 1,TRUCK 1 MOBILE PANTRY,False,Food Bank of Northeast Georgia,01,30648.0,Lexington,USDA RAISINS,Fruits
451,176927,1047,L-105,Lexington Baptist Church,479549,,FP/GNAP/USDA,FOOD PANTRY-Agency,USDA,N-50-10041,25,0,0,0.0,1225,OGLETHORPE,0.0,3/11/2024 14:30,3/12/2024 9:29,Price Code 1,TRUCK 1 MOBILE PANTRY,False,Food Bank of Northeast Georgia,01,30648.0,Lexington,USDA RICE,Grains
433,181784,6351,T-114,Thankful Baptist Church,484388,,FP/OP/GNAP/USDA,YOUTH-Agency,BLUE RECEIPT-SHL,C-28-90163,40,0,0,0.0,2000,OGLETHORPE,0.0,6/15/2024 7:00,6/15/2024 9:53,Price Code 1,TRUCK 1 MOBILE PANTRY,False,Food Bank of Northeast Georgia,01,30667.0,Stephens,YUKON GOLD POTATOES,Potatoes 
451,181753,7083,L-105,Lexington Baptist Church,484357,,FP/GNAP/USDA,FOOD PANTRY-Agency,USDA,C-50-10029,2,0,0,4.32,24,OGLETHORPE,0.18,6/7/2024 12:00,6/18/2024 14:23,Price Code 1,CUSTOMER PICKUP,False,Food Bank of Northeast Georgia,01,30648.0,Lexington,"USDA MILD CHEDDAR CHEESE, BLOCK CCC",Dairy
433,182935,8973,T-114,Thankful Baptist Church,FAIMPORT485536,,FP/OP/GNAP/USDA,YOUTH-Agency,BLUE RECEIPT-SHL,MCC-16-10001,196,0,0,0.0,196,OGLETHORPE,0.0,6/28/2024 0:00,6/28/2024 0:00,Price Code 1,CUSTOMER PICKUP,False,Food Bank of Northeast Georgia,01,30667.0,Stephens,"COOLER FOOD MISC., SHL RETAIL PICKUP",Food Misc.
162,177397,8976,O-101,Oglethorpe County Senior Center,FAIMPORT480017,,FP/OP/USDA,SENIOR-Agency,BLUE RECEIPT-SHL,MCC-28-10001,121,0,0,0.0,121,OGLETHORPE,0.0,3/15/2024 0:00,3/15/2024 0:00,Price Code 1,CUSTOMER PICKUP,False,Food Bank of Northeast Georgia,01,30630.0,Crawford,"PRODUCE, SHL RETAIL PICKUPS",Mixed Produce
433,172795,688,T-114,Thankful Baptist Church,476426,,FP/OP/GNAP/USDA,YOUTH-Agency,BLUE RECEIPT-SHL,W-01-10000,9,0,0,1.62,9,OGLETHORPE,0.18,1/9/2024 15:14,1/9/2024 10:40,Price Code 1,CUSTOMER PICKUP,False,Sharing Floor Athens,01-SH,30667.0,Stephens,"ASSORTED NON-FOOD ITEMS, SHL",Non-Food Misc.
817,178738,8497,F2KOGL,Food 2 Kids Oglethorpe County,481352,,DIRECT ASSISTANCE,DIRECT ASSISTANCE-Agency,USDA,C-50-10048,4,0,0,0.0,128,OGLETHORPE,0.0,4/18/2024 15:30,4/24/2024 11:26,Price Code 1,TRUCK 1 MOBILE PANTRY,False,Food Bank of Northeast Georgia,01,30607.0,Athens,USDA MANDARIN ORANGES,Fruits
713,175990,1521,B-136,Burt's United Methodist Church,478618,,FP/GNAP/USDA,FOOD PANTRY-Agency,USDA,N-50-10104,1,0,0,0.0,25,OGLETHORPE,0.0,2/26/2024 13:44,2/26/2024 14:00,Price Code 1,CUSTOMER PICKUP,False,Food Bank of Northeast Georgia,01,30627.0,Lexington,USDA LENTIL BEANS,Proteins
817,178732,8997,F2KOGL,Food 2 Kids Oglethorpe County,481346,,DIRECT ASSISTANCE,DIRECT ASSISTANCE-Agency,USDA,N-50-10312,4,0,0,0.0,48,OGLETHORPE,0.0,4/18/2024 15:00,4/24/2024 11:39,Price Code 1,TRUCK 1 MOBILE PANTRY,False,Food Bank of Northeast Georgia,01,30607.0,Athens,USDA CHILI W/ BEANS CCC,Prepared Meals
162,178428,8975,O-101,Oglethorpe County Senior Center,FAIMPORT481044,,FP/OP/USDA,SENIOR-Agency,BLUE RECEIPT-SHL,MCC-07-10001,6,0,0,0.0,6,OGLETHORPE,0.0,4/5/2024 0:00,4/5/2024 0:00,Price Code 1,CUSTOMER PICKUP,False,Food Bank of Northeast Georgia,01,30630.0,Crawford,"DAIRY PRODUCTS, SHL RETAIL PICKUPS",Dairy
940,177358,690,O-114,Oconee Baptist Church ,479978,,FOOD PANTRY,FOOD PANTRY-Agency,BLUE RECEIPT-SHL,W-03-10013,316,0,0,0.0,316,OGLETHORPE,0.0,3/15/2024 10:02,3/15/2024 10:08,Price Code 1,CONTACT FOR DELIVERY,False,Sharing Floor Athens,01-SH,30667.0,Stephens,"ASSORTED BEVERAGES, SHL",Beverages
1007,180322,7061,S-141,SWAG Ministries,482928,,FP/OP/USDA,FOOD PANTRY-Agency,USDA,C-50-10021,1,0,0,1.26,42,OGLETHORPE,0.03,5/15/2024 8:00,5/15/2024 9:35,Price Code 1,CUSTOMER PICKUP,False,Food Bank of Northeast Georgia,01,30630.0,Crawford,USDA FRESH ORANGES,Fruits
451,181777,170,L-105,Lexington Baptist Church,484381,,FP/GNAP/USDA,FOOD PANTRY-Agency,USDA,N-50-10007,13,0,0,0.0,364,OGLETHORPE,0.0,6/10/2024 14:30,6/13/2024 5:23,Price Code 1,TRUCK 1 MOBILE PANTRY,False,Food Bank of Northeast Georgia,01,30648.0,Lexington,"USDA CORN, WHOLE KERNEL NO SALT",Vegetables 
1007,181502,875,S-141,SWAG Ministries,484106,,FP/OP/USDA,FOOD PANTRY-Agency,BLUE RECEIPT-SHL,W-04-10000,43,0,0,0.0,43,OGLETHORPE,0.0,5/29/2024 9:32,5/29/2024 9:35,Price Code 1,CUSTOMER PICKUP,False,Sharing Floor Athens,01-SH,30630.0,Crawford,"BREAD & BAKERY, ASSORTED SHL",Grains
940,178381,235,O-114,Oconee Baptist Church ,480997,,FOOD PANTRY,FOOD PANTRY-Agency,LOCAL - LL,W-03-10012,220,0,0,0.0,220,OGLETHORPE,0.0,4/5/2024 9:46,4/24/2024 11:29,Price Code 1,CONTACT FOR DELIVERY,False,Sharing Floor Athens,01-SH,30667.0,Stephens,"ASSORTED BEVERAGES, LL",Beverages
940,177771,5938,O-114,Oconee Baptist Church ,480390,,FOOD PANTRY,FOOD PANTRY-Agency,BLUE RECEIPT-SHL,C-28-10001,405,0,0,12.15,405,OGLETHORPE,0.03,3/22/2024 9:55,3/22/2024 9:58,Price Code 1,CONTACT FOR DELIVERY,False,Sharing Floor Athens,01-SH,30667.0,Stephens,"PRODUCE, FRESH SHL",Mixed Produce
1007,180041,6780,S-141,SWAG Ministries,482649,,FP/OP/USDA,FOOD PANTRY-Agency,USDA,C-50-10024,2,0,0,8.6,86,OGLETHORPE,0.1,5/8/2024 8:00,5/8/2024 10:45,Price Code 1,CUSTOMER PICKUP,False,Food Bank of Northeast Georgia,01,30630.0,Crawford,USDA APPLES,Fruits
451,176927,8761,L-105,Lexington Baptist Church,479549,,FP/GNAP/USDA,FOOD PANTRY-Agency,USDA,N-50-10306,13,0,0,0.0,325,OGLETHORPE,0.0,3/11/2024 14:30,3/12/2024 9:29,Price Code 1,TRUCK 1 MOBILE PANTRY,False,Food Bank of Northeast Georgia,01,30648.0,Lexington,USDA WHOLE DEGLET DATES,Fruits
713,176961,8987,B-136,Burt's United Methodist Church,479583,,FP/GNAP/USDA,FOOD PANTRY-Agency,BLUE RECEIPT-SHL,F-15-90558,6,0,0,27.0,150,OGLETHORPE,0.18,3/19/2024 13:44,3/19/2024 12:19,Price Code 1,CUSTOMER PICKUP,False,Food Bank of Northeast Georgia,01,30627.0,Lexington,PERDUE CHICKEN DRUMSTICKS,Proteins
451,177681,5088,L-105,Lexington Baptist Church,480301,,FP/GNAP/USDA,FOOD PANTRY-Agency,USDA,F-50-90023,4,0,0,0.0,100,OGLETHORPE,0.0,3/25/2024 14:30,3/25/2024 14:10,Price Code 1,CUSTOMER PICKUP,False,Food Bank of Northeast Georgia,01,30648.0,Lexington,USDA FROZEN PEACHES CCC,Fruits
451,181777,8783,L-105,Lexington Baptist Church,484381,,FP/GNAP/USDA,FOOD PANTRY-Agency,USDA,N-50-10308,25,0,0,0.0,575,OGLETHORPE,0.0,6/10/2024 14:30,6/13/2024 5:23,Price Code 1,TRUCK 1 MOBILE PANTRY,False,Food Bank of Northeast Georgia,01,30648.0,Lexington,USDA RAISINS,Fruits
713,172374,3408,B-136,Burt's United Methodist Church,476005,,FP/GNAP/USDA,FOOD PANTRY-Agency,YELLOW RECEIPT - SHN,N-03-10851,2,0,0,0.0,40,OGLETHORPE,0.0,1/5/2024 13:44,1/26/2024 9:00,Price Code 1,CUSTOMER PICKUP,False,Food Bank of Northeast Georgia,01,30627.0,Lexington,"PROPEL WATER, GRAPE",Beverages
451,177653,688,L-105,Lexington Baptist Church,480273,,FP/GNAP/USDA,FOOD PANTRY-Agency,BLUE RECEIPT-SHL,W-01-10000,1,0,0,0.18,1,OGLETHORPE,0.18,3/20/2024 14:30,3/20/2024 12:02,Price Code 1,CUSTOMER PICKUP,False,Sharing Floor Athens,01-SH,30648.0,Lexington,"ASSORTED NON-FOOD ITEMS, SHL",Non-Food Misc.
566,180951,6780,MSFP-OGL,Oglethorpe School Food Pantry,483557,,FOOD PANTRY,DIRECT ASSISTANCE-Agency,USDA,C-50-10024,3,0,0,0.0,129,OGLETHORPE,0.0,5/16/2024 15:00,5/16/2024 14:06,Mobile Pantry/Feed Site Only,TRUCK 1 MOBILE PANTRY,False,Food Bank of Northeast Georgia,01,30630.0,Crawford,USDA APPLES,Fruits
713,178357,1786,B-136,Burt's United Methodist Church,480973,,FP/GNAP/USDA,FOOD PANTRY-Agency,BLUE RECEIPT-SHL,N-03-10670,8,0,0,0.0,48,OGLETHORPE,0.0,4/10/2024 13:44,4/10/2024 14:26,Price Code 1,CUSTOMER PICKUP,False,Food Bank of Northeast Georgia,01,30627.0,Lexington,DIET DR PEPPER,Beverages
451,173736,8625,L-105,Lexington Baptist Church,477365,,FP/GNAP/USDA,FOOD PANTRY-Agency,BLUE RECEIPT-SHL,N-03-11261,1,0,0,0.0,33,OGLETHORPE,0.0,1/31/2024 14:30,1/31/2024 14:20,Price Code 1,CUSTOMER PICKUP,False,Food Bank of Northeast Georgia,01,30648.0,Lexington,STARRY ZERO SUGAR 24 X 20 FL OZ,Beverages
940,178381,50,O-114,Oconee Baptist Church ,480997,,FOOD PANTRY,FOOD PANTRY-Agency,LOCAL - LL,W-16-10002,14,0,0,2.52,14,OGLETHORPE,0.18,4/5/2024 9:46,4/24/2024 11:29,Price Code 1,CONTACT FOR DELIVERY,False,Sharing Floor Athens,01-SH,30667.0,Stephens,MISC. FOOD BOX LL,Food Misc.
1007,176350,683,S-141,SWAG Ministries,478975,,FP/OP/USDA,FOOD PANTRY-Agency,BLUE RECEIPT-SHL,W-16-10001,98,0,0,0.0,98,OGLETHORPE,0.0,2/28/2024 9:23,2/28/2024 9:26,Price Code 1,CUSTOMER PICKUP,False,Sharing Floor Athens,01-SH,30630.0,Crawford,MISC. FOOD BOX SHL,Food Misc.
451,178668,5407,L-105,Lexington Baptist Church,481284,,FP/GNAP/USDA,FOOD PANTRY-Agency,BLUE RECEIPT-SHL,F-15-10000,44,0,0,7.92,44,OGLETHORPE,0.18,4/10/2024 14:30,4/10/2024 11:53,Price Code 1,CUSTOMER PICKUP,False,Sharing Floor Athens,01-SH,30648.0,Lexington,"MEAT & SEAFOOD, FROZEN SHL",Proteins
451,173055,8852,L-105,Lexington Baptist Church,476685,,FP/GNAP/USDA,FOOD PANTRY-Agency,PURCH,N-23-10010,2,0,0,4.68,26,OGLETHORPE,0.18,1/19/2024 0:00,1/19/2024 14:07,Price Code 1,CUSTOMER PICKUP,False,Food Bank of Northeast Georgia,01,30648.0,Lexington,NUT'N BETTER CREAMY PEANUT BUTTER - RED SUGAR & SODIUM,Proteins
162,173307,5088,O-101,Oglethorpe County Senior Center,476936,,FP/OP/USDA,SENIOR-Agency,USDA,F-50-90023,5,0,0,0.0,125,OGLETHORPE,0.0,1/24/2024 13:38,1/25/2024 14:31,Price Code 1,CUSTOMER PICKUP,False,Food Bank of Northeast Georgia,01,30630.0,Crawford,USDA FROZEN PEACHES CCC,Fruits
817,177251,6937,F2KOGL,Food 2 Kids Oglethorpe County,479871,,DIRECT ASSISTANCE,DIRECT ASSISTANCE-Agency,BLUE RECEIPT-SHL,C-28-90385,6,0,0,0.0,312,OGLETHORPE,0.0,3/21/2024 15:30,3/27/2024 10:00,Price Code 1,CUSTOMER PICKUP,False,Food Bank of Northeast Georgia,01,30607.0,Athens,CELERY,Vegetables 
433,182321,683,T-114,Thankful Baptist Church,484925,,FP/OP/GNAP/USDA,YOUTH-Agency,BLUE RECEIPT-SHL,W-16-10001,90,0,0,16.2,90,OGLETHORPE,0.18,6/18/2024 15:14,6/18/2024 10:55,Price Code 1,CUSTOMER PICKUP,False,Sharing Floor Athens,01-SH,30667.0,Stephens,MISC. FOOD BOX SHL,Food Misc.
713,176961,8600,B-136,Burt's United Methodist Church,479583,,FP/GNAP/USDA,FOOD PANTRY-Agency,BLUE RECEIPT-SHL,N-03-11249,2,0,0,0.0,60,OGLETHORPE,0.0,3/19/2024 13:44,3/19/2024 12:19,Price Code 1,CUSTOMER PICKUP,False,Food Bank of Northeast Georgia,01,30627.0,Lexington,DIET PEPSI,Beverages
433,178598,884,T-114,Thankful Baptist Church,481214,,FP/OP/GNAP/USDA,YOUTH-Agency,LFB,W-01-10003,49,0,0,8.82,49,OGLETHORPE,0.18,4/9/2024 15:14,4/9/2024 11:01,Price Code 1,CUSTOMER PICKUP,False,Sharing Floor Athens,01-SH,30667.0,Stephens,ASSORTED NON-FOOD ITEMS LFB,Non-Food Misc.
162,180001,8973,O-101,Oglethorpe County Senior Center,FAIMPORT482609,,FP/OP/USDA,SENIOR-Agency,BLUE RECEIPT-SHL,MCC-16-10001,114,0,0,0.0,114,OGLETHORPE,0.0,4/29/2024 0:00,4/29/2024 0:00,Price Code 1,CUSTOMER PICKUP,False,Food Bank of Northeast Georgia,01,30630.0,Crawford,"COOLER FOOD MISC., SHL RETAIL PICKUP",Food Misc.
433,181723,8973,T-114,Thankful Baptist Church,FAIMPORT484327,,FP/OP/GNAP/USDA,YOUTH-Agency,BLUE RECEIPT-SHL,MCC-16-10001,76,0,0,0.0,76,OGLETHORPE,0.0,5/31/2024 0:00,5/31/2024 0:00,Price Code 1,CUSTOMER PICKUP,False,Food Bank of Northeast Georgia,01,30667.0,Stephens,"COOLER FOOD MISC., SHL RETAIL PICKUP",Food Misc.
713,172822,8882,B-136,Burt's United Methodist Church,476453,,FP/GNAP/USDA,FOOD PANTRY-Agency,BLUE RECEIPT-SHL,F-15-90548,9,0,0,14.58,81,OGLETHORPE,0.18,1/16/2024 13:44,1/16/2024 12:52,Price Code 1,CUSTOMER PICKUP,False,Food Bank of Northeast Georgia,01,30627.0,Lexington,"GROUND TURKEY BREAST, KIRKWOOD",Proteins
1007,180041,4448,S-141,SWAG Ministries,482649,,FP/OP/USDA,FOOD PANTRY-Agency,USDA,F-50-90446,1,0,0,0.0,28,OGLETHORPE,0.0,5/8/2024 8:00,5/8/2024 10:45,Price Code 1,CUSTOMER PICKUP,False,Food Bank of Northeast Georgia,01,30630.0,Crawford,USDA FROZEN STRAWBERRY FRUIT CUPS,Fruits
451,178668,683,L-105,Lexington Baptist Church,481284,,FP/GNAP/USDA,FOOD PANTRY-Agency,BLUE RECEIPT-SHL,W-16-10001,34,0,0,6.12,34,OGLETHORPE,0.18,4/10/2024 14:30,4/10/2024 11:53,Price Code 1,CUSTOMER PICKUP,False,Sharing Floor Athens,01-SH,30648.0,Lexington,MISC. FOOD BOX SHL,Food Misc.
451,177681,842,L-105,Lexington Baptist Church,480301,,FP/GNAP/USDA,FOOD PANTRY-Agency,USDA,N-50-10021,1,0,0,4.86,27,OGLETHORPE,0.18,3/25/2024 14:30,3/25/2024 14:10,Price Code 1,CUSTOMER PICKUP,False,Food Bank of Northeast Georgia,01,30648.0,Lexington,USDA DICED TOMATOES NO SALT CCC,Vegetables 
433,180342,5407,T-114,Thankful Baptist Church,482948,,FP/OP/GNAP/USDA,YOUTH-Agency,BLUE RECEIPT-SHL,F-15-10000,112,0,0,20.16,112,OGLETHORPE,0.18,5/7/2024 15:14,5/7/2024 10:52,Price Code 1,CUSTOMER PICKUP,False,Sharing Floor Athens,01-SH,30667.0,Stephens,"MEAT & SEAFOOD, FROZEN SHL",Proteins
451,174991,1481,L-105,Lexington Baptist Church,477621,,FP/GNAP/USDA,FOOD PANTRY-Agency,USDA,N-50-10105,1,0,0,3.06,17,OGLETHORPE,0.18,2/6/2024 14:30,2/6/2024 12:31,Price Code 1,CUSTOMER PICKUP,False,Food Bank of Northeast Georgia,01,30648.0,Lexington,USDA DRIED CHERRIES CCC,Fruits
940,181788,6201,O-114,Oconee Baptist Church ,484392,,FOOD PANTRY,FOOD PANTRY-Agency,BLUE RECEIPT-SHL,C-28-90191,10,0,0,0.0,470,OGLETHORPE,0.0,6/6/2024 0:00,6/6/2024 11:37,Price Code 1,CONTACT FOR DELIVERY,False,Food Bank of Northeast Georgia,01,30667.0,Stephens,CUCUMBERS,Vegetables 
713,182247,9014,B-136,Burt's United Methodist Church,484851,,FP/GNAP/USDA,FOOD PANTRY-Agency,PURCH,N-27-10136,1,0,52,4.86,27,OGLETHORPE,0.18,6/25/2024 14:00,6/25/2024 14:24,Price Code 1,CUSTOMER PICKUP,False,Food Bank of Northeast Georgia,01,30627.0,Lexington,"GREEN BEANS, HARVEST VALLEY",Vegetables 
940,177276,8874,O-114,Oconee Baptist Church ,479896,,FOOD PANTRY,FOOD PANTRY-Agency,YELLOW RECEIPT - SHN,F-10-10002,10,0,0,0.9,30,OGLETHORPE,0.03,3/15/2024 18:27,3/15/2024 9:40,Price Code 1,CONTACT FOR DELIVERY,False,Food Bank of Northeast Georgia,01,30667.0,Stephens,OUTSHINE TROPICAL SMOOTHIE CUBES,Beverages
451,173055,4715,L-105,Lexington Baptist Church,476685,,FP/GNAP/USDA,FOOD PANTRY-Agency,USDA,F-50-90461,5,0,0,36.0,200,OGLETHORPE,0.18,1/19/2024 0:00,1/19/2024 14:07,Price Code 1,CUSTOMER PICKUP,False,Food Bank of Northeast Georgia,01,30648.0,Lexington,USDA ALASKAN POLLACK FISH FILLETS,Proteins
451,181600,9084,L-105,Lexington Baptist Church,484204,,FP/GNAP/USDA,FOOD PANTRY-Agency,USDA,N-50-10315,8,0,0,38.88,216,OGLETHORPE,0.18,6/7/2024 11:30,6/7/2024 13:11,Price Code 1,CUSTOMER PICKUP,False,Food Bank of Northeast Georgia,01,30648.0,Lexington,USDA CANNED SALMON,Proteins
1007,173304,696,S-141,SWAG Ministries,476933,,FP/OP/USDA,FOOD PANTRY-Agency,LOCAL - LL,W-25-10000,113,0,0,10.17,113,OGLETHORPE,0.09,1/19/2024 10:48,1/19/2024 10:52,Price Code 1,CUSTOMER PICKUP,False,Sharing Floor Athens,01-SH,30630.0,Crawford,"ASSORTED SNACK ITEMS, LL",Food Misc.
433,176288,1045,T-114,Thankful Baptist Church,478913,,FP/OP/GNAP/USDA,YOUTH-Agency,BLUE RECEIPT-SHL,W-25-10009,42,0,0,7.56,42,OGLETHORPE,0.18,2/27/2024 15:14,2/27/2024 10:58,Price Code 1,CUSTOMER PICKUP,False,Sharing Floor Athens,01-SH,30667.0,Stephens,"ASSORTED SNACK ITEMS, SHL",Food Misc.
646,181927,683,C-168,Crawford Pentecostal Church,484531,,FP/USDA,AFTER SCHOOL PROGRAM-Agency,BLUE RECEIPT-SHL,W-16-10001,427,0,0,76.86,427,OGLETHORPE,0.18,6/5/2024 12:13,6/5/2024 11:38,Price Code 1,CUSTOMER PICKUP,False,Sharing Floor Athens,01-SH,30630.0,Crawford,MISC. FOOD BOX SHL,Food Misc.
451,180526,1674,L-105,Lexington Baptist Church,483132,,FP/GNAP/USDA,FOOD PANTRY-Agency,USDA,N-50-10073,13,0,0,0.0,351,OGLETHORPE,0.0,5/13/2024 14:30,5/14/2024 8:06,Price Code 1,TRUCK 1 MOBILE PANTRY,False,Food Bank of Northeast Georgia,01,30648.0,Lexington,USDA TOMATO SAUCE,Vegetables 
433,178598,5958,T-114,Thankful Baptist Church,481214,,FP/OP/GNAP/USDA,YOUTH-Agency,BLUE RECEIPT-SHL,C-16-10001,13,0,0,2.34,13,OGLETHORPE,0.18,4/9/2024 15:14,4/9/2024 11:01,Price Code 1,CUSTOMER PICKUP,False,Sharing Floor Athens,01-SH,30667.0,Stephens,"COOLER FOOD, MISC. SHL",Food Misc.
451,178344,4449,L-105,Lexington Baptist Church,480960,,FP/GNAP/USDA,FOOD PANTRY-Agency,USDA,F-50-90445,1,0,0,4.1,41,OGLETHORPE,0.1,4/9/2024 14:30,4/17/2024 10:56,Price Code 1,CUSTOMER PICKUP,False,Food Bank of Northeast Georgia,01,30648.0,Lexington,USDA FULLY COOKED PULLED PORK CCC,Proteins
1007,177217,688,S-141,SWAG Ministries,479837,,FP/OP/USDA,FOOD PANTRY-Agency,BLUE RECEIPT-SHL,W-01-10000,61,0,0,0.0,61,OGLETHORPE,0.0,3/13/2024 9:38,3/13/2024 9:44,Price Code 1,CUSTOMER PICKUP,False,Sharing Floor Athens,01-SH,30630.0,Crawford,"ASSORTED NON-FOOD ITEMS, SHL",Non-Food Misc.
646,181675,9085,C-168,Crawford Pentecostal Church,484279,,FP/USDA,AFTER SCHOOL PROGRAM-Agency,USDA,F-50-90476,3,0,0,21.6,120,OGLETHORPE,0.18,6/5/2024 8:30,6/5/2024 12:08,Price Code 1,CUSTOMER PICKUP,False,Food Bank of Northeast Georgia,01,30630.0,Crawford,USDA PORK LOIN BONELESS CHOPS CCC,Proteins
940,173299,875,O-114,Oconee Baptist Church ,476928,,FOOD PANTRY,FOOD PANTRY-Agency,BLUE RECEIPT-SHL,W-04-10000,60,0,0,0.0,60,OGLETHORPE,0.0,1/19/2024 9:43,1/19/2024 9:54,Price Code 1,CONTACT FOR DELIVERY,False,Sharing Floor Athens,01-SH,30667.0,Stephens,"BREAD & BAKERY, ASSORTED SHL",Grains
451,177888,690,L-105,Lexington Baptist Church,480507,,FP/GNAP/USDA,FOOD PANTRY-Agency,BLUE RECEIPT-SHL,W-03-10013,81,0,0,2.43,81,OGLETHORPE,0.03,3/26/2024 14:30,3/26/2024 14:19,Price Code 1,CUSTOMER PICKUP,False,Sharing Floor Athens,01-SH,30648.0,Lexington,"ASSORTED BEVERAGES, SHL",Beverages
433,175208,5407,T-114,Thankful Baptist Church,477837,,FP/OP/GNAP/USDA,YOUTH-Agency,BLUE RECEIPT-SHL,F-15-10000,4,0,0,0.72,4,OGLETHORPE,0.18,2/6/2024 15:14,2/6/2024 10:51,Price Code 1,CUSTOMER PICKUP,False,Sharing Floor Athens,01-SH,30667.0,Stephens,"MEAT & SEAFOOD, FROZEN SHL",Proteins
1007,179543,5772,S-141,SWAG Ministries,482156,,FP/OP/USDA,FOOD PANTRY-Agency,LOCAL - LL,C-28-10000,126,0,0,3.78,126,OGLETHORPE,0.03,4/24/2024 9:26,4/24/2024 9:31,Price Code 1,CUSTOMER PICKUP,False,Sharing Floor Athens,01-SH,30630.0,Crawford,"PRODUCE, FRESH LL",Mixed Produce
1007,181121,9064,S-141,SWAG Ministries,483726,,FP/OP/USDA,FOOD PANTRY-Agency,LOCAL - LL,N-25-11977,2,0,0,1.08,6,OGLETHORPE,0.18,5/29/2024 10:30,5/29/2024 10:52,Price Code 1,CUSTOMER PICKUP,False,Food Bank of Northeast Georgia,01,30630.0,Crawford,RAP SNACKS HOT CRUNCHABLES,Food Misc.
451,173918,5407,L-105,Lexington Baptist Church,477547,,FP/GNAP/USDA,FOOD PANTRY-Agency,BLUE RECEIPT-SHL,F-15-10000,30,0,0,5.4,30,OGLETHORPE,0.18,1/31/2024 14:30,1/31/2024 12:05,Price Code 1,CUSTOMER PICKUP,False,Sharing Floor Athens,01-SH,30648.0,Lexington,"MEAT & SEAFOOD, FROZEN SHL",Proteins
1007,181486,8943,S-141,SWAG Ministries,484090,,FP/OP/USDA,FOOD PANTRY-Agency,BLUE RECEIPT-SHL,C-28-90534,2,0,0,0.0,84,OGLETHORPE,0.0,6/5/2024 10:00,6/5/2024 10:06,Price Code 1,CUSTOMER PICKUP,False,Food Bank of Northeast Georgia,01,30630.0,Crawford,"SWEET POTATO, SHL",Potatoes 
162,173307,811,O-101,Oglethorpe County Senior Center,476936,,FP/OP/USDA,SENIOR-Agency,BLUE RECEIPT-SHL,N-03-10109,2,0,0,0.0,76,OGLETHORPE,0.0,1/24/2024 13:38,1/25/2024 14:31,Price Code 1,CUSTOMER PICKUP,False,Food Bank of Northeast Georgia,01,30630.0,Crawford,DIET PEPSI,Beverages
1007,177217,50,S-141,SWAG Ministries,479837,,FP/OP/USDA,FOOD PANTRY-Agency,LOCAL - LL,W-16-10002,99,0,0,17.82,99,OGLETHORPE,0.18,3/13/2024 9:38,3/13/2024 9:44,Price Code 1,CUSTOMER PICKUP,False,Sharing Floor Athens,01-SH,30630.0,Crawford,MISC. FOOD BOX LL,Food Misc.
162,178220,8973,O-101,Oglethorpe County Senior Center,FAIMPORT480837,,FP/OP/USDA,SENIOR-Agency,BLUE RECEIPT-SHL,MCC-16-10001,31,0,0,0.0,31,OGLETHORPE,0.0,3/28/2024 0:00,3/28/2024 0:00,Price Code 1,CUSTOMER PICKUP,False,Food Bank of Northeast Georgia,01,30630.0,Crawford,"COOLER FOOD MISC., SHL RETAIL PICKUP",Food Misc.
1007,173304,5958,S-141,SWAG Ministries,476933,,FP/OP/USDA,FOOD PANTRY-Agency,BLUE RECEIPT-SHL,C-16-10001,25,0,0,4.5,25,OGLETHORPE,0.18,1/19/2024 10:48,1/19/2024 10:52,Price Code 1,CUSTOMER PICKUP,False,Sharing Floor Athens,01-SH,30630.0,Crawford,"COOLER FOOD, MISC. SHL",Food Misc.
816,176203,690,S-135,Sonlight Baptist Church,478829,,FOOD PANTRY,FOOD PANTRY-Agency,BLUE RECEIPT-SHL,W-03-10013,218,0,0,6.54,218,OGLETHORPE,0.03,2/26/2024 12:22,2/26/2024 11:00,Price Code 1,CUSTOMER PICKUP,False,Sharing Floor Athens,01-SH,30628.0,Colbert,"ASSORTED BEVERAGES, SHL",Beverages
940,174992,5958,O-114,Oconee Baptist Church ,477622,,FOOD PANTRY,FOOD PANTRY-Agency,BLUE RECEIPT-SHL,C-16-10001,268,0,0,48.24,268,OGLETHORPE,0.18,2/1/2024 14:29,2/1/2024 14:41,Price Code 1,CONTACT FOR DELIVERY,False,Sharing Floor Athens,01-SH,30667.0,Stephens,"COOLER FOOD, MISC. SHL",Food Misc.
451,180526,842,L-105,Lexington Baptist Church,483132,,FP/GNAP/USDA,FOOD PANTRY-Agency,USDA,N-50-10021,13,0,0,0.0,351,OGLETHORPE,0.0,5/13/2024 14:30,5/14/2024 8:06,Price Code 1,TRUCK 1 MOBILE PANTRY,False,Food Bank of Northeast Georgia,01,30648.0,Lexington,USDA DICED TOMATOES NO SALT CCC,Vegetables 
646,181927,696,C-168,Crawford Pentecostal Church,484531,,FP/USDA,AFTER SCHOOL PROGRAM-Agency,LOCAL - LL,W-25-10000,142,0,0,25.56,142,OGLETHORPE,0.18,6/5/2024 12:13,6/5/2024 11:38,Price Code 1,CUSTOMER PICKUP,False,Sharing Floor Athens,01-SH,30630.0,Crawford,"ASSORTED SNACK ITEMS, LL",Food Misc.
1007,177629,5772,S-141,SWAG Ministries,480249,,FP/OP/USDA,FOOD PANTRY-Agency,LOCAL - LL,C-28-10000,41,0,0,1.23,41,OGLETHORPE,0.03,3/20/2024 9:14,3/20/2024 9:19,Price Code 1,CUSTOMER PICKUP,False,Sharing Floor Athens,01-SH,30630.0,Crawford,"PRODUCE, FRESH LL",Mixed Produce
451,175626,92,L-105,Lexington Baptist Church,478254,,FP/GNAP/USDA,FOOD PANTRY-Agency,LOCAL - LL,W-01-10002,41,0,0,7.38,41,OGLETHORPE,0.18,2/14/2024 14:30,2/14/2024 11:55,Price Code 1,CUSTOMER PICKUP,False,Sharing Floor Athens,01-SH,30648.0,Lexington,"ASSORTED NON-FOOD ITEMS, LL",Non-Food Misc.
433,181784,9013,T-114,Thankful Baptist Church,484388,,FP/OP/GNAP/USDA,YOUTH-Agency,USDA,N-50-10313,13,0,0,0.0,312,OGLETHORPE,0.0,6/15/2024 7:00,6/15/2024 9:53,Price Code 1,TRUCK 1 MOBILE PANTRY,False,Food Bank of Northeast Georgia,01,30667.0,Stephens,USDA LIGHT RED KIDNEY BEANS 24/1LB,Proteins
433,177134,50,T-114,Thankful Baptist Church,479755,,FP/OP/GNAP/USDA,YOUTH-Agency,LOCAL - LL,W-16-10002,139,0,0,25.02,139,OGLETHORPE,0.18,3/12/2024 15:14,3/12/2024 10:56,Price Code 1,CUSTOMER PICKUP,False,Sharing Floor Athens,01-SH,30667.0,Stephens,MISC. FOOD BOX LL,Food Misc.
1007,176243,8963,S-141,SWAG Ministries,478869,,FP/OP/USDA,FOOD PANTRY-Agency,YELLOW RECEIPT - SHN,N-25-11960,1,0,0,1.98,11,OGLETHORPE,0.18,3/6/2024 21:40,3/6/2024 9:02,Price Code 1,CUSTOMER PICKUP,False,Food Bank of Northeast Georgia,01,30630.0,Crawford,"TAPIOCA PUDDING, BEST CHOICE",Food Misc.
162,173637,2098,O-101,Oglethorpe County Senior Center,477266,,FP/OP/USDA,SENIOR-Agency,BLUE RECEIPT-SHL,N-03-10677,30,0,0,0.0,660,OGLETHORPE,0.0,1/30/2024 13:38,1/30/2024 13:41,Price Code 1,CUSTOMER PICKUP,False,Food Bank of Northeast Georgia,01,30630.0,Crawford,GATORADE ORANGE,Beverages
1007,173286,1230,S-141,SWAG Ministries,476915,,FP/OP/USDA,FOOD PANTRY-Agency,USDA,N-50-10097,1,0,0,1.14,38,OGLETHORPE,0.03,1/26/2024 3:37,2/20/2024 13:35,Price Code 1,CUSTOMER PICKUP,False,Food Bank of Northeast Georgia,01,30630.0,Crawford,USDA CHERRY APPLE JUICE,Beverages
451,177681,1674,L-105,Lexington Baptist Church,480301,,FP/GNAP/USDA,FOOD PANTRY-Agency,USDA,N-50-10073,1,0,0,4.86,27,OGLETHORPE,0.18,3/25/2024 14:30,3/25/2024 14:10,Price Code 1,CUSTOMER PICKUP,False,Food Bank of Northeast Georgia,01,30648.0,Lexington,USDA TOMATO SAUCE,Vegetables 
1007,175615,5407,S-141,SWAG Ministries,478243,,FP/OP/USDA,FOOD PANTRY-Agency,BLUE RECEIPT-SHL,F-15-10000,129,0,0,23.22,129,OGLETHORPE,0.18,2/14/2024 9:49,2/14/2024 10:01,Price Code 1,CUSTOMER PICKUP,False,Sharing Floor Athens,01-SH,30630.0,Crawford,"MEAT & SEAFOOD, FROZEN SHL",Proteins
646,181675,4448,C-168,Crawford Pentecostal Church,484279,,FP/USDA,AFTER SCHOOL PROGRAM-Agency,USDA,F-50-90446,2,0,0,0.0,56,OGLETHORPE,0.0,6/5/2024 8:30,6/5/2024 12:08,Price Code 1,CUSTOMER PICKUP,False,Food Bank of Northeast Georgia,01,30630.0,Crawford,USDA FROZEN STRAWBERRY FRUIT CUPS,Fruits
940,182475,5938,O-114,Oconee Baptist Church ,485079,,FOOD PANTRY,FOOD PANTRY-Agency,BLUE RECEIPT-SHL,C-28-10001,107,0,0,3.21,107,OGLETHORPE,0.03,6/21/2024 11:44,6/21/2024 11:51,Price Code 1,CONTACT FOR DELIVERY,False,Sharing Floor Athens,01-SH,30667.0,Stephens,"PRODUCE, FRESH SHL",Mixed Produce
451,173918,696,L-105,Lexington Baptist Church,477547,,FP/GNAP/USDA,FOOD PANTRY-Agency,LOCAL - LL,W-25-10000,37,0,0,6.66,37,OGLETHORPE,0.18,1/31/2024 14:30,1/31/2024 12:05,Price Code 1,CUSTOMER PICKUP,False,Sharing Floor Athens,01-SH,30648.0,Lexington,"ASSORTED SNACK ITEMS, LL",Food Misc.
940,176908,8975,O-114,Oconee Baptist Church ,FAIMPORT479530,,FOOD PANTRY,FOOD PANTRY-Agency,BLUE RECEIPT-SHL,MCC-07-10001,7,0,0,0.0,7,OGLETHORPE,0.0,3/7/2024 0:00,3/7/2024 0:00,Price Code 1,CONTACT FOR DELIVERY,False,Food Bank of Northeast Georgia,01,30667.0,Stephens,"DAIRY PRODUCTS, SHL RETAIL PICKUPS",Dairy
451,175210,7284,L-105,Lexington Baptist Church,477839,,FP/GNAP/USDA,FOOD PANTRY-Agency,USDA,C-50-10043,1,0,0,4.68,26,OGLETHORPE,0.18,2/9/2024 14:30,2/20/2024 13:43,Price Code 1,CUSTOMER PICKUP,False,Food Bank of Northeast Georgia,01,30648.0,Lexington,USDA RED FAT AMERICAN CHEESE CCC,Dairy
1007,176749,875,S-141,SWAG Ministries,479372,,FP/OP/USDA,FOOD PANTRY-Agency,BLUE RECEIPT-SHL,W-04-10000,31,0,0,0.0,31,OGLETHORPE,0.0,3/6/2024 9:39,3/6/2024 9:47,Price Code 1,CUSTOMER PICKUP,False,Sharing Floor Athens,01-SH,30630.0,Crawford,"BREAD & BAKERY, ASSORTED SHL",Grains
451,176542,8984,L-105,Lexington Baptist Church,479166,,FP/GNAP/USDA,FOOD PANTRY-Agency,BLUE RECEIPT-SHL,F-15-90557,2,0,0,2.16,12,OGLETHORPE,0.18,3/6/2024 14:30,3/6/2024 10:50,Price Code 1,CUSTOMER PICKUP,False,Food Bank of Northeast Georgia,01,30648.0,Lexington,HORMEL PORK ROAST WITH AU JUS SAUCE,Proteins
940,178419,8975,O-114,Oconee Baptist Church ,FAIMPORT481035,,FOOD PANTRY,FOOD PANTRY-Agency,BLUE RECEIPT-SHL,MCC-07-10001,25,0,0,0.0,25,OGLETHORPE,0.0,4/4/2024 0:00,4/4/2024 0:00,Price Code 1,CONTACT FOR DELIVERY,False,Food Bank of Northeast Georgia,01,30667.0,Stephens,"DAIRY PRODUCTS, SHL RETAIL PICKUPS",Dairy
817,177220,7298,F2KOGL,Food 2 Kids Oglethorpe County,479840,,DIRECT ASSISTANCE,DIRECT ASSISTANCE-Agency,GNAP,N-40-10248,5,0,0,0.0,70,OGLETHORPE,0.0,3/21/2024 15:00,3/27/2024 10:55,Price Code 1,TRACTOR TRAILER 1 MOBILE PANTRY,False,Food Bank of Northeast Georgia,01,30607.0,Athens,GNAP BAKING AND BISCUIT MIX,Food Misc.
451,180223,9049,L-105,Lexington Baptist Church,482829,,FP/GNAP/USDA,FOOD PANTRY-Agency,BLUE RECEIPT-SHL,C-07-90665,1,0,0,4.68,36,OGLETHORPE,0.13,5/8/2024 9:45,5/8/2024 12:04,Price Code 1,CUSTOMER PICKUP,False,Food Bank of Northeast Georgia,01,30648.0,Lexington,GREAT VALUE UNSALTED BUTTER,Dairy
451,175626,683,L-105,Lexington Baptist Church,478254,,FP/GNAP/USDA,FOOD PANTRY-Agency,BLUE RECEIPT-SHL,W-16-10001,28,0,0,5.04,28,OGLETHORPE,0.18,2/14/2024 14:30,2/14/2024 11:55,Price Code 1,CUSTOMER PICKUP,False,Sharing Floor Athens,01-SH,30648.0,Lexington,MISC. FOOD BOX SHL,Food Misc.
817,178738,9013,F2KOGL,Food 2 Kids Oglethorpe County,481352,,DIRECT ASSISTANCE,DIRECT ASSISTANCE-Agency,USDA,N-50-10313,4,0,0,0.0,96,OGLETHORPE,0.0,4/18/2024 15:30,4/24/2024 11:26,Price Code 1,TRUCK 1 MOBILE PANTRY,False,Food Bank of Northeast Georgia,01,30607.0,Athens,USDA LIGHT RED KIDNEY BEANS 24/1LB,Proteins
433,179147,4327,T-114,Thankful Baptist Church,481760,,FP/OP/GNAP/USDA,YOUTH-Agency,USDA,N-50-10277,13,0,0,0.0,351,OGLETHORPE,0.0,4/20/2024 7:00,4/22/2024 13:45,Price Code 1,TRUCK 1 MOBILE PANTRY,False,Food Bank of Northeast Georgia,01,30667.0,Stephens,USDA GARBANZO BEANS,Proteins
1007,175615,5958,S-141,SWAG Ministries,478243,,FP/OP/USDA,FOOD PANTRY-Agency,BLUE RECEIPT-SHL,C-16-10001,12,0,0,2.16,12,OGLETHORPE,0.18,2/14/2024 9:49,2/14/2024 10:01,Price Code 1,CUSTOMER PICKUP,False,Sharing Floor Athens,01-SH,30630.0,Crawford,"COOLER FOOD, MISC. SHL",Food Misc.
162,182365,8976,O-101,Oglethorpe County Senior Center,FAIMPORT484969,,FP/OP/USDA,SENIOR-Agency,BLUE RECEIPT-SHL,MCC-28-10001,121,0,0,0.0,121,OGLETHORPE,0.0,6/14/2024 0:00,6/14/2024 0:00,Price Code 1,CUSTOMER PICKUP,False,Food Bank of Northeast Georgia,01,30630.0,Crawford,"PRODUCE, SHL RETAIL PICKUPS",Mixed Produce
1007,180849,683,S-141,SWAG Ministries,483455,,FP/OP/USDA,FOOD PANTRY-Agency,BLUE RECEIPT-SHL,W-16-10001,108,0,0,19.44,108,OGLETHORPE,0.18,5/15/2024 9:22,5/15/2024 9:24,Price Code 1,CUSTOMER PICKUP,False,Sharing Floor Athens,01-SH,30630.0,Crawford,MISC. FOOD BOX SHL,Food Misc.
451,176760,690,L-105,Lexington Baptist Church,479383,,FP/GNAP/USDA,FOOD PANTRY-Agency,BLUE RECEIPT-SHL,W-03-10013,10,0,0,0.3,10,OGLETHORPE,0.03,3/6/2024 14:30,3/6/2024 11:44,Price Code 1,CUSTOMER PICKUP,False,Sharing Floor Athens,01-SH,30648.0,Lexington,"ASSORTED BEVERAGES, SHL",Beverages
1007,173286,8720,S-141,SWAG Ministries,476915,,FP/OP/USDA,FOOD PANTRY-Agency,USDA,N-50-10305,2,0,0,5.04,28,OGLETHORPE,0.18,1/26/2024 3:37,2/20/2024 13:35,Price Code 1,CUSTOMER PICKUP,False,Food Bank of Northeast Georgia,01,30630.0,Crawford,USDA MIXED VEGETABLES CCC,Vegetables 
1007,175271,50,S-141,SWAG Ministries,477900,,FP/OP/USDA,FOOD PANTRY-Agency,LOCAL - LL,W-16-10002,23,0,0,0.0,23,OGLETHORPE,0.0,2/7/2024 9:34,2/7/2024 9:37,Price Code 1,CUSTOMER PICKUP,False,Sharing Floor Athens,01-SH,30630.0,Crawford,MISC. FOOD BOX LL,Food Misc.
1007,175941,5407,S-141,SWAG Ministries,478569,,FP/OP/USDA,FOOD PANTRY-Agency,BLUE RECEIPT-SHL,F-15-10000,42,0,0,7.56,42,OGLETHORPE,0.18,2/21/2024 9:29,2/21/2024 9:37,Price Code 1,CUSTOMER PICKUP,False,Sharing Floor Athens,01-SH,30630.0,Crawford,"MEAT & SEAFOOD, FROZEN SHL",Proteins
162,177396,8973,O-101,Oglethorpe County Senior Center,FAIMPORT480016,,FP/OP/USDA,SENIOR-Agency,BLUE RECEIPT-SHL,MCC-16-10001,12,0,0,0.0,12,OGLETHORPE,0.0,3/14/2024 0:00,3/14/2024 0:00,Price Code 1,CUSTOMER PICKUP,False,Food Bank of Northeast Georgia,01,30630.0,Crawford,"COOLER FOOD MISC., SHL RETAIL PICKUP",Food Misc.
433,179499,8975,T-114,Thankful Baptist Church,FAIMPORT482112,,FP/OP/GNAP/USDA,YOUTH-Agency,BLUE RECEIPT-SHL,MCC-07-10001,125,0,0,0.0,125,OGLETHORPE,0.0,4/19/2024 0:00,4/19/2024 0:00,Price Code 1,CUSTOMER PICKUP,False,Food Bank of Northeast Georgia,01,30667.0,Stephens,"DAIRY PRODUCTS, SHL RETAIL PICKUPS",Dairy
162,178427,8973,O-101,Oglethorpe County Senior Center,FAIMPORT481043,,FP/OP/USDA,SENIOR-Agency,BLUE RECEIPT-SHL,MCC-16-10001,2,0,0,0.0,2,OGLETHORPE,0.0,4/4/2024 0:00,4/4/2024 0:00,Price Code 1,CUSTOMER PICKUP,False,Food Bank of Northeast Georgia,01,30630.0,Crawford,"COOLER FOOD MISC., SHL RETAIL PICKUP",Food Misc.
433,178117,5938,T-114,Thankful Baptist Church,480736,,FP/OP/GNAP/USDA,YOUTH-Agency,BLUE RECEIPT-SHL,C-28-10001,40,0,0,1.2,40,OGLETHORPE,0.03,4/2/2024 15:14,4/2/2024 10:42,Price Code 1,CUSTOMER PICKUP,False,Sharing Floor Athens,01-SH,30667.0,Stephens,"PRODUCE, FRESH SHL",Mixed Produce
817,178738,8851,F2KOGL,Food 2 Kids Oglethorpe County,481352,,DIRECT ASSISTANCE,DIRECT ASSISTANCE-Agency,PURCH,N-11-11071,4,0,0,0.0,24,OGLETHORPE,0.0,4/18/2024 15:30,4/24/2024 11:26,Price Code 1,TRUCK 1 MOBILE PANTRY,False,Food Bank of Northeast Georgia,01,30607.0,Athens,"CHICKEN STUFFING, PREMIER PANTRY",Prepared Meals
451,180526,8997,L-105,Lexington Baptist Church,483132,,FP/GNAP/USDA,FOOD PANTRY-Agency,USDA,N-50-10312,25,0,0,0.0,300,OGLETHORPE,0.0,5/13/2024 14:30,5/14/2024 8:06,Price Code 1,TRUCK 1 MOBILE PANTRY,False,Food Bank of Northeast Georgia,01,30648.0,Lexington,USDA CHILI W/ BEANS CCC,Prepared Meals
162,179810,8973,O-101,Oglethorpe County Senior Center,FAIMPORT482422,,FP/OP/USDA,SENIOR-Agency,BLUE RECEIPT-SHL,MCC-16-10001,17,0,0,0.0,17,OGLETHORPE,0.0,4/23/2024 0:00,4/23/2024 0:00,Price Code 1,CUSTOMER PICKUP,False,Food Bank of Northeast Georgia,01,30630.0,Crawford,"COOLER FOOD MISC., SHL RETAIL PICKUP",Food Misc.
451,173549,683,L-105,Lexington Baptist Church,477178,,FP/GNAP/USDA,FOOD PANTRY-Agency,BLUE RECEIPT-SHL,W-16-10001,52,0,0,9.36,52,OGLETHORPE,0.18,1/24/2024 14:30,1/24/2024 12:07,Price Code 1,CUSTOMER PICKUP,False,Sharing Floor Athens,01-SH,30648.0,Lexington,MISC. FOOD BOX SHL,Food Misc.
433,175208,5407,T-114,Thankful Baptist Church,477837,,FP/OP/GNAP/USDA,YOUTH-Agency,BLUE RECEIPT-SHL,F-15-10000,245,0,0,44.1,245,OGLETHORPE,0.18,2/6/2024 15:14,2/6/2024 10:51,Price Code 1,CUSTOMER PICKUP,False,Sharing Floor Athens,01-SH,30667.0,Stephens,"MEAT & SEAFOOD, FROZEN SHL",Proteins
940,181263,8970,O-114,Oconee Baptist Church ,FAIMPORT483868,,FOOD PANTRY,FOOD PANTRY-Agency,BLUE RECEIPT-SHL,MCW-16-10001,108,0,0,0.0,108,OGLETHORPE,0.0,5/16/2024 0:00,5/16/2024 0:00,Price Code 1,CONTACT FOR DELIVERY,False,Food Bank of Northeast Georgia,01,30667.0,Stephens,"MISC. FOOD BOX, SHL RETAIL PICKUP",Food Misc.
940,172851,8874,O-114,Oconee Baptist Church ,476482,,FOOD PANTRY,FOOD PANTRY-Agency,YELLOW RECEIPT - SHN,F-10-10002,5,0,0,0.45,15,OGLETHORPE,0.03,1/16/2024 9:38,1/16/2024 9:59,Price Code 1,CONTACT FOR DELIVERY,False,Food Bank of Northeast Georgia,01,30667.0,Stephens,OUTSHINE TROPICAL SMOOTHIE CUBES,Beverages
451,181600,7083,L-105,Lexington Baptist Church,484204,,FP/GNAP/USDA,FOOD PANTRY-Agency,USDA,C-50-10029,4,0,0,8.64,48,OGLETHORPE,0.18,6/7/2024 11:30,6/7/2024 13:11,Price Code 1,CUSTOMER PICKUP,False,Food Bank of Northeast Georgia,01,30648.0,Lexington,"USDA MILD CHEDDAR CHEESE, BLOCK CCC",Dairy
433,179147,2202,T-114,Thankful Baptist Church,481760,,FP/OP/GNAP/USDA,YOUTH-Agency,USDA,N-50-10240,15,0,0,0.0,330,OGLETHORPE,0.0,4/20/2024 7:00,4/22/2024 13:45,Price Code 1,TRUCK 1 MOBILE PANTRY,False,Food Bank of Northeast Georgia,01,30667.0,Stephens,USDA SPAGHETTI,Grains
713,178774,8714,B-136,Burt's United Methodist Church,481388,,FP/GNAP/USDA,FOOD PANTRY-Agency,USDA,N-50-10303,4,0,0,0.0,96,OGLETHORPE,0.0,4/16/2024 13:44,4/17/2024 10:03,Price Code 1,CUSTOMER PICKUP,False,Food Bank of Northeast Georgia,01,30627.0,Lexington,USDA GREEN SPLIT PEAS,Proteins
1007,179091,683,S-141,SWAG Ministries,481705,,FP/OP/USDA,FOOD PANTRY-Agency,BLUE RECEIPT-SHL,W-16-10001,87,0,0,15.66,87,OGLETHORPE,0.18,4/17/2024 9:33,4/17/2024 9:37,Price Code 1,CUSTOMER PICKUP,False,Sharing Floor Athens,01-SH,30630.0,Crawford,MISC. FOOD BOX SHL,Food Misc.
433,173801,8915,T-114,Thankful Baptist Church,477430,,FP/OP/GNAP/USDA,YOUTH-Agency,USDA,F-50-90474,1,0,0,7.2,40,OGLETHORPE,0.18,2/6/2024 15:14,2/6/2024 11:20,Price Code 1,CUSTOMER PICKUP,False,Food Bank of Northeast Georgia,01,30667.0,Stephens,USDA PACIFIC SALAD SHRIMP,Proteins
451,177888,5407,L-105,Lexington Baptist Church,480507,,FP/GNAP/USDA,FOOD PANTRY-Agency,BLUE RECEIPT-SHL,F-15-10000,69,0,0,12.42,69,OGLETHORPE,0.18,3/26/2024 14:30,3/26/2024 14:19,Price Code 1,CUSTOMER PICKUP,False,Sharing Floor Athens,01-SH,30648.0,Lexington,"MEAT & SEAFOOD, FROZEN SHL",Proteins
940,178186,8973,O-114,Oconee Baptist Church ,FAIMPORT480804,,FOOD PANTRY,FOOD PANTRY-Agency,BLUE RECEIPT-SHL,MCC-16-10001,16,0,0,0.0,16,OGLETHORPE,0.0,3/28/2024 0:00,3/28/2024 0:00,Price Code 1,CONTACT FOR DELIVERY,False,Food Bank of Northeast Georgia,01,30667.0,Stephens,"COOLER FOOD MISC., SHL RETAIL PICKUP",Food Misc.
451,176760,683,L-105,Lexington Baptist Church,479383,,FP/GNAP/USDA,FOOD PANTRY-Agency,BLUE RECEIPT-SHL,W-16-10001,102,0,0,18.36,102,OGLETHORPE,0.18,3/6/2024 14:30,3/6/2024 11:44,Price Code 1,CUSTOMER PICKUP,False,Sharing Floor Athens,01-SH,30648.0,Lexington,MISC. FOOD BOX SHL,Food Misc.
451,179106,690,L-105,Lexington Baptist Church,481720,,FP/GNAP/USDA,FOOD PANTRY-Agency,BLUE RECEIPT-SHL,W-03-10013,37,0,0,1.11,37,OGLETHORPE,0.03,4/17/2024 14:30,4/17/2024 11:48,Price Code 1,CUSTOMER PICKUP,False,Sharing Floor Athens,01-SH,30648.0,Lexington,"ASSORTED BEVERAGES, SHL",Beverages
433,180485,8974,T-114,Thankful Baptist Church,FAIMPORT483091,,FP/OP/GNAP/USDA,YOUTH-Agency,BLUE RECEIPT-SHL,MCW-04-10000,13,0,0,0.0,13,OGLETHORPE,0.0,5/3/2024 0:00,5/3/2024 0:00,Price Code 1,CUSTOMER PICKUP,False,Food Bank of Northeast Georgia,01,30667.0,Stephens,"BREAD AND BAKERY, SHL RETAIL PICKUPS",Grains
1007,173286,8922,S-141,SWAG Ministries,476915,,FP/OP/USDA,FOOD PANTRY-Agency,LOCAL - LL,N-25-11954,5,0,0,4.5,25,OGLETHORPE,0.18,1/26/2024 3:37,2/20/2024 13:35,Price Code 1,CUSTOMER PICKUP,False,Food Bank of Northeast Georgia,01,30630.0,Crawford,ATKINS VAR PACK CHOC PEANUT/CARAMEL,Food Misc.
940,181834,8975,O-114,Oconee Baptist Church ,FAIMPORT484438,,FOOD PANTRY,FOOD PANTRY-Agency,BLUE RECEIPT-SHL,MCC-07-10001,10,0,0,0.0,10,OGLETHORPE,0.0,5/31/2024 0:00,5/31/2024 0:00,Price Code 1,CONTACT FOR DELIVERY,False,Food Bank of Northeast Georgia,01,30667.0,Stephens,"DAIRY PRODUCTS, SHL RETAIL PICKUPS",Dairy
1007,179543,683,S-141,SWAG Ministries,482156,,FP/OP/USDA,FOOD PANTRY-Agency,BLUE RECEIPT-SHL,W-16-10001,156,0,0,28.08,156,OGLETHORPE,0.18,4/24/2024 9:26,4/24/2024 9:31,Price Code 1,CUSTOMER PICKUP,False,Sharing Floor Athens,01-SH,30630.0,Crawford,MISC. FOOD BOX SHL,Food Misc.
433,179866,683,T-114,Thankful Baptist Church,482477,,FP/OP/GNAP/USDA,YOUTH-Agency,BLUE RECEIPT-SHL,W-16-10001,44,0,0,0.0,44,OGLETHORPE,0.0,4/30/2024 15:14,4/30/2024 10:53,Price Code 1,CUSTOMER PICKUP,False,Sharing Floor Athens,01-SH,30667.0,Stephens,MISC. FOOD BOX SHL,Food Misc.
162,177862,8975,O-101,Oglethorpe County Senior Center,FAIMPORT480481,,FP/OP/USDA,SENIOR-Agency,BLUE RECEIPT-SHL,MCC-07-10001,3,0,0,0.0,3,OGLETHORPE,0.0,3/22/2024 0:00,3/22/2024 0:00,Price Code 1,CUSTOMER PICKUP,False,Food Bank of Northeast Georgia,01,30630.0,Crawford,"DAIRY PRODUCTS, SHL RETAIL PICKUPS",Dairy
1007,172854,5772,S-141,SWAG Ministries,476485,,FP/OP/USDA,FOOD PANTRY-Agency,LOCAL - LL,C-28-10000,15,0,0,0.45,15,OGLETHORPE,0.03,1/10/2024 9:44,1/10/2024 9:48,Price Code 1,CUSTOMER PICKUP,False,Sharing Floor Athens,01-SH,30630.0,Crawford,"PRODUCE, FRESH LL",Mixed Produce
566,180951,5407,MSFP-OGL,Oglethorpe School Food Pantry,483557,,FOOD PANTRY,DIRECT ASSISTANCE-Agency,BLUE RECEIPT-SHL,F-15-10000,2894,0,0,0.0,2894,OGLETHORPE,0.0,5/16/2024 15:00,5/16/2024 14:06,Mobile Pantry/Feed Site Only,TRUCK 1 MOBILE PANTRY,False,Food Bank of Northeast Georgia,01,30630.0,Crawford,"MEAT & SEAFOOD, FROZEN SHL",Proteins
1007,180849,5407,S-141,SWAG Ministries,483455,,FP/OP/USDA,FOOD PANTRY-Agency,BLUE RECEIPT-SHL,F-15-10000,121,0,0,21.78,121,OGLETHORPE,0.18,5/15/2024 9:22,5/15/2024 9:24,Price Code 1,CUSTOMER PICKUP,False,Sharing Floor Athens,01-SH,30630.0,Crawford,"MEAT & SEAFOOD, FROZEN SHL",Proteins
162,182569,8973,O-101,Oglethorpe County Senior Center,FAIMPORT485172,,FP/OP/USDA,SENIOR-Agency,BLUE RECEIPT-SHL,MCC-16-10001,5,0,0,0.0,5,OGLETHORPE,0.0,6/21/2024 0:00,6/21/2024 0:00,Price Code 1,CUSTOMER PICKUP,False,Food Bank of Northeast Georgia,01,30630.0,Crawford,"COOLER FOOD MISC., SHL RETAIL PICKUP",Food Misc.
940,177385,8975,O-114,Oconee Baptist Church ,FAIMPORT480005,,FOOD PANTRY,FOOD PANTRY-Agency,BLUE RECEIPT-SHL,MCC-07-10001,36,0,0,0.0,36,OGLETHORPE,0.0,3/14/2024 0:00,3/14/2024 0:00,Price Code 1,CONTACT FOR DELIVERY,False,Food Bank of Northeast Georgia,01,30667.0,Stephens,"DAIRY PRODUCTS, SHL RETAIL PICKUPS",Dairy
433,180342,683,T-114,Thankful Baptist Church,482948,,FP/OP/GNAP/USDA,YOUTH-Agency,BLUE RECEIPT-SHL,W-16-10001,114,0,0,20.52,114,OGLETHORPE,0.18,5/7/2024 15:14,5/7/2024 10:52,Price Code 1,CUSTOMER PICKUP,False,Sharing Floor Athens,01-SH,30667.0,Stephens,MISC. FOOD BOX SHL,Food Misc.
433,173781,8922,T-114,Thankful Baptist Church,477410,,FP/OP/GNAP/USDA,YOUTH-Agency,LOCAL - LL,N-25-11954,1,0,0,0.9,5,OGLETHORPE,0.18,2/6/2024 15:14,2/6/2024 11:20,Price Code 1,CUSTOMER PICKUP,False,Food Bank of Northeast Georgia,01,30667.0,Stephens,ATKINS VAR PACK CHOC PEANUT/CARAMEL,Food Misc.
1007,180041,9025,S-141,SWAG Ministries,482649,,FP/OP/USDA,FOOD PANTRY-Agency,YELLOW RECEIPT - SHN,N-11-11072,6,0,0,9.72,54,OGLETHORPE,0.18,5/8/2024 8:00,5/8/2024 10:45,Price Code 1,CUSTOMER PICKUP,False,Food Bank of Northeast Georgia,01,30630.0,Crawford,MRS BUTTERSWORTHS SMORES PANCAKE KIT,Food Misc.
817,178738,8720,F2KOGL,Food 2 Kids Oglethorpe County,481352,,DIRECT ASSISTANCE,DIRECT ASSISTANCE-Agency,USDA,N-50-10305,8,0,0,0.0,112,OGLETHORPE,0.0,4/18/2024 15:30,4/24/2024 11:26,Price Code 1,TRUCK 1 MOBILE PANTRY,False,Food Bank of Northeast Georgia,01,30607.0,Athens,USDA MIXED VEGETABLES CCC,Vegetables 
433,181784,170,T-114,Thankful Baptist Church,484388,,FP/OP/GNAP/USDA,YOUTH-Agency,USDA,N-50-10007,13,0,0,0.0,364,OGLETHORPE,0.0,6/15/2024 7:00,6/15/2024 9:53,Price Code 1,TRUCK 1 MOBILE PANTRY,False,Food Bank of Northeast Georgia,01,30667.0,Stephens,"USDA CORN, WHOLE KERNEL NO SALT",Vegetables 
940,179092,875,O-114,Oconee Baptist Church ,481706,,FOOD PANTRY,FOOD PANTRY-Agency,BLUE RECEIPT-SHL,W-04-10000,205,0,0,0.0,205,OGLETHORPE,0.0,4/17/2024 9:38,4/17/2024 9:44,Price Code 1,CONTACT FOR DELIVERY,False,Sharing Floor Athens,01-SH,30667.0,Stephens,"BREAD & BAKERY, ASSORTED SHL",Grains
940,177771,690,O-114,Oconee Baptist Church ,480390,,FOOD PANTRY,FOOD PANTRY-Agency,BLUE RECEIPT-SHL,W-03-10013,16,0,0,0.0,16,OGLETHORPE,0.0,3/22/2024 9:55,3/22/2024 9:58,Price Code 1,CONTACT FOR DELIVERY,False,Sharing Floor Athens,01-SH,30667.0,Stephens,"ASSORTED BEVERAGES, SHL",Beverages
451,180526,8512,L-105,Lexington Baptist Church,483132,,FP/GNAP/USDA,FOOD PANTRY-Agency,USDA,C-50-10049,54,0,0,0.0,2106,OGLETHORPE,0.0,5/13/2024 14:30,5/14/2024 8:06,Price Code 1,TRUCK 1 MOBILE PANTRY,False,Food Bank of Northeast Georgia,01,30648.0,Lexington,USDA GRAPEFRUIT CCC,Fruits
451,181753,9085,L-105,Lexington Baptist Church,484357,,FP/GNAP/USDA,FOOD PANTRY-Agency,USDA,F-50-90476,3,0,0,21.6,120,OGLETHORPE,0.18,6/7/2024 12:00,6/18/2024 14:23,Price Code 1,CUSTOMER PICKUP,False,Food Bank of Northeast Georgia,01,30648.0,Lexington,USDA PORK LOIN BONELESS CHOPS CCC,Proteins
433,172795,683,T-114,Thankful Baptist Church,476426,,FP/OP/GNAP/USDA,YOUTH-Agency,BLUE RECEIPT-SHL,W-16-10001,36,0,0,0.0,36,OGLETHORPE,0.0,1/9/2024 15:14,1/9/2024 10:40,Price Code 1,CUSTOMER PICKUP,False,Sharing Floor Athens,01-SH,30667.0,Stephens,MISC. FOOD BOX SHL,Food Misc.
1007,172854,683,S-141,SWAG Ministries,476485,,FP/OP/USDA,FOOD PANTRY-Agency,BLUE RECEIPT-SHL,W-16-10001,32,0,0,5.76,32,OGLETHORPE,0.18,1/10/2024 9:44,1/10/2024 9:48,Price Code 1,CUSTOMER PICKUP,False,Sharing Floor Athens,01-SH,30630.0,Crawford,MISC. FOOD BOX SHL,Food Misc.
1007,181502,690,S-141,SWAG Ministries,484106,,FP/OP/USDA,FOOD PANTRY-Agency,BLUE RECEIPT-SHL,W-03-10013,62,0,0,0.0,62,OGLETHORPE,0.0,5/29/2024 9:32,5/29/2024 9:35,Price Code 1,CUSTOMER PICKUP,False,Sharing Floor Athens,01-SH,30630.0,Crawford,"ASSORTED BEVERAGES, SHL",Beverages
451,173194,683,L-105,Lexington Baptist Church,476824,,FP/GNAP/USDA,FOOD PANTRY-Agency,BLUE RECEIPT-SHL,W-16-10001,26,0,0,0.0,26,OGLETHORPE,0.0,1/17/2024 14:30,1/17/2024 12:10,Price Code 1,CUSTOMER PICKUP,False,Sharing Floor Athens,01-SH,30648.0,Lexington,MISC. FOOD BOX SHL,Food Misc.
1007,175771,8945,S-141,SWAG Ministries,478399,,FP/OP/USDA,FOOD PANTRY-Agency,BLUE RECEIPT-SHL,N-03-11809,2,0,0,0.0,36,OGLETHORPE,0.0,2/28/2024 6:43,2/28/2024 8:35,Price Code 1,CUSTOMER PICKUP,False,Food Bank of Northeast Georgia,01,30630.0,Crawford,PROPEL KIWI STRAWBERRY,Beverages
817,178732,3943,F2KOGL,Food 2 Kids Oglethorpe County,481346,,DIRECT ASSISTANCE,DIRECT ASSISTANCE-Agency,USDA,N-50-10268,8,0,0,0.0,304,OGLETHORPE,0.0,4/18/2024 15:00,4/24/2024 11:39,Price Code 1,TRUCK 1 MOBILE PANTRY,False,Food Bank of Northeast Georgia,01,30607.0,Athens,USDA APPLE JUICE,Beverages
940,177388,8973,O-114,Oconee Baptist Church ,FAIMPORT480008,,FOOD PANTRY,FOOD PANTRY-Agency,BLUE RECEIPT-SHL,MCC-16-10001,3,0,0,0.0,3,OGLETHORPE,0.0,3/14/2024 0:00,3/14/2024 0:00,Price Code 1,CONTACT FOR DELIVERY,False,Food Bank of Northeast Georgia,01,30667.0,Stephens,"COOLER FOOD MISC., SHL RETAIL PICKUP",Food Misc.
433,173781,8929,T-114,Thankful Baptist Church,477410,,FP/OP/GNAP/USDA,YOUTH-Agency,BLUE RECEIPT-SHL,N-03-11804,1,0,0,0.0,18,OGLETHORPE,0.0,2/6/2024 15:14,2/6/2024 11:20,Price Code 1,CUSTOMER PICKUP,False,Food Bank of Northeast Georgia,01,30667.0,Stephens,GATORADE GRAPE LOWER SUGAR,Beverages
451,176365,5958,L-105,Lexington Baptist Church,478990,,FP/GNAP/USDA,FOOD PANTRY-Agency,BLUE RECEIPT-SHL,C-16-10001,33,0,0,5.94,33,OGLETHORPE,0.18,2/28/2024 14:30,2/28/2024 12:01,Price Code 1,CUSTOMER PICKUP,False,Sharing Floor Athens,01-SH,30648.0,Lexington,"COOLER FOOD, MISC. SHL",Food Misc.
713,180394,8874,B-136,Burt's United Methodist Church,483000,,FP/GNAP/USDA,FOOD PANTRY-Agency,YELLOW RECEIPT - SHN,F-10-10002,4,0,0,0.36,12,OGLETHORPE,0.03,5/13/2024 9:15,5/13/2024 10:47,Price Code 1,CUSTOMER PICKUP,False,Food Bank of Northeast Georgia,01,30627.0,Lexington,OUTSHINE TROPICAL SMOOTHIE CUBES,Beverages
451,175779,8783,L-105,Lexington Baptist Church,478407,,FP/GNAP/USDA,FOOD PANTRY-Agency,USDA,N-50-10308,1,0,0,4.14,23,OGLETHORPE,0.18,2/21/2024 14:30,2/21/2024 12:42,Price Code 1,CUSTOMER PICKUP,False,Food Bank of Northeast Georgia,01,30648.0,Lexington,USDA RAISINS,Fruits
433,182321,5958,T-114,Thankful Baptist Church,484925,,FP/OP/GNAP/USDA,YOUTH-Agency,BLUE RECEIPT-SHL,C-16-10001,60,0,0,10.8,60,OGLETHORPE,0.18,6/18/2024 15:14,6/18/2024 10:55,Price Code 1,CUSTOMER PICKUP,False,Sharing Floor Athens,01-SH,30667.0,Stephens,"COOLER FOOD, MISC. SHL",Food Misc.
713,178774,2202,B-136,Burt's United Methodist Church,481388,,FP/GNAP/USDA,FOOD PANTRY-Agency,USDA,N-50-10240,3,0,0,11.88,66,OGLETHORPE,0.18,4/16/2024 13:44,4/17/2024 10:03,Price Code 1,CUSTOMER PICKUP,False,Food Bank of Northeast Georgia,01,30627.0,Lexington,USDA SPAGHETTI,Grains
451,179106,50,L-105,Lexington Baptist Church,481720,,FP/GNAP/USDA,FOOD PANTRY-Agency,LOCAL - LL,W-16-10002,6,0,0,1.08,6,OGLETHORPE,0.18,4/17/2024 14:30,4/17/2024 11:48,Price Code 1,CUSTOMER PICKUP,False,Sharing Floor Athens,01-SH,30648.0,Lexington,MISC. FOOD BOX LL,Food Misc.
713,176961,8929,B-136,Burt's United Methodist Church,479583,,FP/GNAP/USDA,FOOD PANTRY-Agency,BLUE RECEIPT-SHL,N-03-11804,2,0,0,0.0,36,OGLETHORPE,0.0,3/19/2024 13:44,3/19/2024 12:19,Price Code 1,CUSTOMER PICKUP,False,Food Bank of Northeast Georgia,01,30627.0,Lexington,GATORADE GRAPE LOWER SUGAR,Beverages
451,180526,875,L-105,Lexington Baptist Church,483132,,FP/GNAP/USDA,FOOD PANTRY-Agency,BLUE RECEIPT-SHL,W-04-10000,448,0,0,0.0,448,OGLETHORPE,0.0,5/13/2024 14:30,5/14/2024 8:06,Price Code 1,TRUCK 1 MOBILE PANTRY,False,Food Bank of Northeast Georgia,01,30648.0,Lexington,"BREAD & BAKERY, ASSORTED SHL",Grains
433,173466,683,T-114,Thankful Baptist Church,477095,,FP/OP/GNAP/USDA,YOUTH-Agency,BLUE RECEIPT-SHL,W-16-10001,71,0,0,12.78,71,OGLETHORPE,0.18,1/23/2024 15:14,1/23/2024 10:42,Price Code 1,CUSTOMER PICKUP,False,Sharing Floor Athens,01-SH,30667.0,Stephens,MISC. FOOD BOX SHL,Food Misc.
162,179812,8976,O-101,Oglethorpe County Senior Center,FAIMPORT482423,,FP/OP/USDA,SENIOR-Agency,BLUE RECEIPT-SHL,MCC-28-10001,1,0,0,0.0,1,OGLETHORPE,0.0,4/26/2024 0:00,4/26/2024 0:00,Price Code 1,CUSTOMER PICKUP,False,Food Bank of Northeast Georgia,01,30630.0,Crawford,"PRODUCE, SHL RETAIL PICKUPS",Mixed Produce
817,178738,6780,F2KOGL,Food 2 Kids Oglethorpe County,481352,,DIRECT ASSISTANCE,DIRECT ASSISTANCE-Agency,USDA,C-50-10024,5,0,0,0.0,215,OGLETHORPE,0.0,4/18/2024 15:30,4/24/2024 11:26,Price Code 1,TRUCK 1 MOBILE PANTRY,False,Food Bank of Northeast Georgia,01,30607.0,Athens,USDA APPLES,Fruits
817,177251,5958,F2KOGL,Food 2 Kids Oglethorpe County,479871,,DIRECT ASSISTANCE,DIRECT ASSISTANCE-Agency,BLUE RECEIPT-SHL,C-16-10001,285,0,0,0.0,285,OGLETHORPE,0.0,3/21/2024 15:30,3/27/2024 10:00,Price Code 1,CUSTOMER PICKUP,False,Food Bank of Northeast Georgia,01,30607.0,Athens,"COOLER FOOD, MISC. SHL",Food Misc.
940,179092,1045,O-114,Oconee Baptist Church ,481706,,FOOD PANTRY,FOOD PANTRY-Agency,BLUE RECEIPT-SHL,W-25-10009,158,0,0,28.44,158,OGLETHORPE,0.18,4/17/2024 9:38,4/17/2024 9:44,Price Code 1,CONTACT FOR DELIVERY,False,Sharing Floor Athens,01-SH,30667.0,Stephens,"ASSORTED SNACK ITEMS, SHL",Food Misc.
940,177771,875,O-114,Oconee Baptist Church ,480390,,FOOD PANTRY,FOOD PANTRY-Agency,BLUE RECEIPT-SHL,W-04-10000,83,0,0,0.0,83,OGLETHORPE,0.0,3/22/2024 9:55,3/22/2024 9:58,Price Code 1,CONTACT FOR DELIVERY,False,Sharing Floor Athens,01-SH,30667.0,Stephens,"BREAD & BAKERY, ASSORTED SHL",Grains
817,178738,8943,F2KOGL,Food 2 Kids Oglethorpe County,481352,,DIRECT ASSISTANCE,DIRECT ASSISTANCE-Agency,BLUE RECEIPT-SHL,C-28-90534,3,0,0,0.0,126,OGLETHORPE,0.0,4/18/2024 15:30,4/24/2024 11:26,Price Code 1,TRUCK 1 MOBILE PANTRY,False,Food Bank of Northeast Georgia,01,30607.0,Athens,"SWEET POTATO, SHL",Potatoes 
451,180426,696,L-105,Lexington Baptist Church,483032,,FP/GNAP/USDA,FOOD PANTRY-Agency,LOCAL - LL,W-25-10000,2,0,0,0.0,2,OGLETHORPE,0.0,5/8/2024 14:30,5/8/2024 11:51,Price Code 1,CUSTOMER PICKUP,False,Sharing Floor Athens,01-SH,30648.0,Lexington,"ASSORTED SNACK ITEMS, LL",Food Misc.
451,175962,235,L-105,Lexington Baptist Church,478590,,FP/GNAP/USDA,FOOD PANTRY-Agency,LOCAL - LL,W-03-10012,239,0,0,0.0,239,OGLETHORPE,0.0,2/21/2024 14:30,2/21/2024 11:59,Price Code 1,CUSTOMER PICKUP,False,Sharing Floor Athens,01-SH,30648.0,Lexington,"ASSORTED BEVERAGES, LL",Beverages
1007,180322,6780,S-141,SWAG Ministries,482928,,FP/OP/USDA,FOOD PANTRY-Agency,USDA,C-50-10024,1,0,0,0.0,43,OGLETHORPE,0.0,5/15/2024 8:00,5/15/2024 9:35,Price Code 1,CUSTOMER PICKUP,False,Food Bank of Northeast Georgia,01,30630.0,Crawford,USDA APPLES,Fruits
433,175872,92,T-114,Thankful Baptist Church,478500,,FP/OP/GNAP/USDA,YOUTH-Agency,LOCAL - LL,W-01-10002,24,0,0,4.32,24,OGLETHORPE,0.18,2/20/2024 15:14,2/20/2024 11:03,Price Code 1,CUSTOMER PICKUP,False,Sharing Floor Athens,01-SH,30667.0,Stephens,"ASSORTED NON-FOOD ITEMS, LL",Non-Food Misc.
940,173885,8873,O-114,Oconee Baptist Church ,477514,,FOOD PANTRY,FOOD PANTRY-Agency,YELLOW RECEIPT - SHN,F-10-10001,5,0,0,0.45,15,OGLETHORPE,0.03,2/5/2024 8:15,2/6/2024 10:04,Price Code 1,CUSTOMER PICKUP,False,Food Bank of Northeast Georgia,01,30667.0,Stephens,OUTSHINE STRAWBERRY BANANA SMOOTHIE CUBES,Beverages
817,177251,2573,F2KOGL,Food 2 Kids Oglethorpe County,479871,,DIRECT ASSISTANCE,DIRECT ASSISTANCE-Agency,GNAP,N-40-10204,3,0,0,0.0,57,OGLETHORPE,0.0,3/21/2024 15:30,3/27/2024 10:00,Price Code 1,CUSTOMER PICKUP,False,Food Bank of Northeast Georgia,01,30607.0,Athens,GNAP CHICKEN & RICE SOUP,Prepared Meals
940,181526,8986,O-114,Oconee Baptist Church ,FAIMPORT484130,,FOOD PANTRY,FOOD PANTRY-Agency,BLUE RECEIPT-SHL,MCW-01-10001,30,0,0,0.0,30,OGLETHORPE,0.0,5/23/2024 0:00,5/23/2024 0:00,Price Code 1,CONTACT FOR DELIVERY,False,Food Bank of Northeast Georgia,01,30667.0,Stephens,"NON-FOOD ITEMS, SHL RETAIL PICKUPS",Non-Food Misc.
433,173114,5958,T-114,Thankful Baptist Church,476744,,FP/OP/GNAP/USDA,YOUTH-Agency,BLUE RECEIPT-SHL,C-16-10001,9,0,0,1.62,9,OGLETHORPE,0.18,1/16/2024 15:14,1/16/2024 11:00,Price Code 1,CUSTOMER PICKUP,False,Sharing Floor Athens,01-SH,30667.0,Stephens,"COOLER FOOD, MISC. SHL",Food Misc.
713,176961,6901,B-136,Burt's United Methodist Church,479583,,FP/GNAP/USDA,FOOD PANTRY-Agency,BLUE RECEIPT-SHL,C-28-90372,264,0,0,0.0,264,OGLETHORPE,0.0,3/19/2024 13:44,3/19/2024 12:19,Price Code 1,CUSTOMER PICKUP,False,Food Bank of Northeast Georgia,01,30627.0,Lexington,COLLARD GREENS,Vegetables 
451,182595,1222,L-105,Lexington Baptist Church,485198,,FP/GNAP/USDA,FOOD PANTRY-Agency,YELLOW RECEIPT - SHN,W-16-10003,21,0,0,0.0,21,OGLETHORPE,0.0,6/26/2024 14:30,6/26/2024 11:45,Price Code 1,CUSTOMER PICKUP,False,Food Bank of Northeast Georgia,01,30648.0,Lexington,ASSORTED FOOD ITEMS SHD,Food Misc.
162,180481,8970,O-101,Oglethorpe County Senior Center,FAIMPORT483087,,FP/OP/USDA,SENIOR-Agency,BLUE RECEIPT-SHL,MCW-16-10001,40,0,0,0.0,40,OGLETHORPE,0.0,5/3/2024 0:00,5/3/2024 0:00,Price Code 1,CUSTOMER PICKUP,False,Food Bank of Northeast Georgia,01,30630.0,Crawford,"MISC. FOOD BOX, SHL RETAIL PICKUP",Food Misc.
433,182369,8974,T-114,Thankful Baptist Church,FAIMPORT484973,,FP/OP/GNAP/USDA,YOUTH-Agency,BLUE RECEIPT-SHL,MCW-04-10000,53,0,0,0.0,53,OGLETHORPE,0.0,6/14/2024 0:00,6/14/2024 0:00,Price Code 1,CUSTOMER PICKUP,False,Food Bank of Northeast Georgia,01,30667.0,Stephens,"BREAD AND BAKERY, SHL RETAIL PICKUPS",Grains
433,181541,8970,T-114,Thankful Baptist Church,FAIMPORT484145,,FP/OP/GNAP/USDA,YOUTH-Agency,BLUE RECEIPT-SHL,MCW-16-10001,16,0,0,0.0,16,OGLETHORPE,0.0,5/24/2024 0:00,5/24/2024 0:00,Price Code 1,CUSTOMER PICKUP,False,Food Bank of Northeast Georgia,01,30667.0,Stephens,"MISC. FOOD BOX, SHL RETAIL PICKUP",Food Misc.
433,173836,5938,T-114,Thankful Baptist Church,477465,,FP/OP/GNAP/USDA,YOUTH-Agency,BLUE RECEIPT-SHL,C-28-10001,88,0,0,2.64,88,OGLETHORPE,0.03,1/30/2024 15:14,1/30/2024 10:53,Price Code 1,CUSTOMER PICKUP,False,Sharing Floor Athens,01-SH,30667.0,Stephens,"PRODUCE, FRESH SHL",Mixed Produce
433,177882,5938,T-114,Thankful Baptist Church,480501,,FP/OP/GNAP/USDA,YOUTH-Agency,BLUE RECEIPT-SHL,C-28-10001,60,0,0,1.8,60,OGLETHORPE,0.03,3/26/2024 15:14,3/26/2024 11:03,Price Code 1,CUSTOMER PICKUP,False,Sharing Floor Athens,01-SH,30667.0,Stephens,"PRODUCE, FRESH SHL",Mixed Produce
817,178732,1674,F2KOGL,Food 2 Kids Oglethorpe County,481346,,DIRECT ASSISTANCE,DIRECT ASSISTANCE-Agency,USDA,N-50-10073,3,0,0,0.0,81,OGLETHORPE,0.0,4/18/2024 15:00,4/24/2024 11:39,Price Code 1,TRUCK 1 MOBILE PANTRY,False,Food Bank of Northeast Georgia,01,30607.0,Athens,USDA TOMATO SAUCE,Vegetables 
1007,180411,1045,S-141,SWAG Ministries,483017,,FP/OP/USDA,FOOD PANTRY-Agency,BLUE RECEIPT-SHL,W-25-10009,59,0,0,10.62,59,OGLETHORPE,0.18,5/8/2024 9:37,5/8/2024 9:44,Price Code 1,CUSTOMER PICKUP,False,Sharing Floor Athens,01-SH,30630.0,Crawford,"ASSORTED SNACK ITEMS, SHL",Food Misc.
433,177134,696,T-114,Thankful Baptist Church,479755,,FP/OP/GNAP/USDA,YOUTH-Agency,LOCAL - LL,W-25-10000,16,0,0,2.88,16,OGLETHORPE,0.18,3/12/2024 15:14,3/12/2024 10:56,Price Code 1,CUSTOMER PICKUP,False,Sharing Floor Athens,01-SH,30667.0,Stephens,"ASSORTED SNACK ITEMS, LL",Food Misc.
817,178732,8915,F2KOGL,Food 2 Kids Oglethorpe County,481346,,DIRECT ASSISTANCE,DIRECT ASSISTANCE-Agency,USDA,F-50-90474,3,0,0,0.0,120,OGLETHORPE,0.0,4/18/2024 15:00,4/24/2024 11:39,Price Code 1,TRUCK 1 MOBILE PANTRY,False,Food Bank of Northeast Georgia,01,30607.0,Athens,USDA PACIFIC SALAD SHRIMP,Proteins
451,173194,5958,L-105,Lexington Baptist Church,476824,,FP/GNAP/USDA,FOOD PANTRY-Agency,BLUE RECEIPT-SHL,C-16-10001,28,0,0,5.04,28,OGLETHORPE,0.18,1/17/2024 14:30,1/17/2024 12:10,Price Code 1,CUSTOMER PICKUP,False,Sharing Floor Athens,01-SH,30648.0,Lexington,"COOLER FOOD, MISC. SHL",Food Misc.
1007,173286,8912,S-141,SWAG Ministries,476915,,FP/OP/USDA,FOOD PANTRY-Agency,BLUE RECEIPT-SHL,N-03-11798,6,0,0,0.0,228,OGLETHORPE,0.0,1/26/2024 3:37,2/20/2024 13:35,Price Code 1,CUSTOMER PICKUP,False,Food Bank of Northeast Georgia,01,30630.0,Crawford,MT DEW 12/1.25L,Beverages
646,181216,690,C-168,Crawford Pentecostal Church,483821,,FP/USDA,AFTER SCHOOL PROGRAM-Agency,BLUE RECEIPT-SHL,W-03-10013,318,0,0,0.0,318,OGLETHORPE,0.0,5/22/2024 12:13,5/22/2024 15:06,Price Code 1,CUSTOMER PICKUP,False,Sharing Floor Athens,01-SH,30630.0,Crawford,"ASSORTED BEVERAGES, SHL",Beverages
162,182138,8976,O-101,Oglethorpe County Senior Center,FAIMPORT484742,,FP/OP/USDA,SENIOR-Agency,BLUE RECEIPT-SHL,MCC-28-10001,224,0,0,0.0,224,OGLETHORPE,0.0,6/3/2024 0:00,6/3/2024 0:00,Price Code 1,CUSTOMER PICKUP,False,Food Bank of Northeast Georgia,01,30630.0,Crawford,"PRODUCE, SHL RETAIL PICKUPS",Mixed Produce
433,175565,875,T-114,Thankful Baptist Church,478193,,FP/OP/GNAP/USDA,YOUTH-Agency,BLUE RECEIPT-SHL,W-04-10000,44,0,0,0.0,44,OGLETHORPE,0.0,2/13/2024 15:14,2/13/2024 11:04,Price Code 1,CUSTOMER PICKUP,False,Sharing Floor Athens,01-SH,30667.0,Stephens,"BREAD & BAKERY, ASSORTED SHL",Grains
451,182385,9111,L-105,Lexington Baptist Church,484989,,FP/GNAP/USDA,FOOD PANTRY-Agency,LOCAL - LL,N-25-11979,2,0,0,1.8324,10,OGLETHORPE,0.18,6/26/2024 12:30,6/26/2024 12:28,Price Code 1,CUSTOMER PICKUP,False,Food Bank of Northeast Georgia,01,30648.0,Lexington,GEORGIA PEANUTS,Proteins
451,180426,5938,L-105,Lexington Baptist Church,483032,,FP/GNAP/USDA,FOOD PANTRY-Agency,BLUE RECEIPT-SHL,C-28-10001,153,0,0,4.59,153,OGLETHORPE,0.03,5/8/2024 14:30,5/8/2024 11:51,Price Code 1,CUSTOMER PICKUP,False,Sharing Floor Athens,01-SH,30648.0,Lexington,"PRODUCE, FRESH SHL",Mixed Produce
433,173781,3204,T-114,Thankful Baptist Church,477410,,FP/OP/GNAP/USDA,YOUTH-Agency,GNAP,N-40-10217,1,0,0,0.9,9,OGLETHORPE,0.1,2/6/2024 15:14,2/6/2024 11:20,Price Code 1,CUSTOMER PICKUP,False,Food Bank of Northeast Georgia,01,30667.0,Stephens,GNAP CANNED HAM,Proteins
433,175502,84,T-114,Thankful Baptist Church,478131,,FP/OP/GNAP/USDA,YOUTH-Agency,USDA,N-50-10006,13,0,0,0.0,351,OGLETHORPE,0.0,2/17/2024 7:00,2/17/2024 9:51,Price Code 1,TRUCK 1 MOBILE PANTRY,False,Food Bank of Northeast Georgia,01,30667.0,Stephens,USDA GREEN BEANS,Vegetables 
451,182595,696,L-105,Lexington Baptist Church,485198,,FP/GNAP/USDA,FOOD PANTRY-Agency,LOCAL - LL,W-25-10000,49,0,0,8.82,49,OGLETHORPE,0.18,6/26/2024 14:30,6/26/2024 11:45,Price Code 1,CUSTOMER PICKUP,False,Food Bank of Northeast Georgia,01,30648.0,Lexington,"ASSORTED SNACK ITEMS, LL",Food Misc.
1007,179516,8997,S-141,SWAG Ministries,482129,,FP/OP/USDA,FOOD PANTRY-Agency,USDA,N-50-10312,5,0,0,10.8,60,OGLETHORPE,0.18,5/1/2024 15:42,5/8/2024 10:44,Price Code 1,CUSTOMER PICKUP,False,Food Bank of Northeast Georgia,01,30630.0,Crawford,USDA CHILI W/ BEANS CCC,Prepared Meals
451,180426,5407,L-105,Lexington Baptist Church,483032,,FP/GNAP/USDA,FOOD PANTRY-Agency,BLUE RECEIPT-SHL,F-15-10000,52,0,0,9.36,52,OGLETHORPE,0.18,5/8/2024 14:30,5/8/2024 11:51,Price Code 1,CUSTOMER PICKUP,False,Sharing Floor Athens,01-SH,30648.0,Lexington,"MEAT & SEAFOOD, FROZEN SHL",Proteins
817,178738,8997,F2KOGL,Food 2 Kids Oglethorpe County,481352,,DIRECT ASSISTANCE,DIRECT ASSISTANCE-Agency,USDA,N-50-10312,4,0,0,0.0,48,OGLETHORPE,0.0,4/18/2024 15:30,4/24/2024 11:26,Price Code 1,TRUCK 1 MOBILE PANTRY,False,Food Bank of Northeast Georgia,01,30607.0,Athens,USDA CHILI W/ BEANS CCC,Prepared Meals
1007,173524,5772,S-141,SWAG Ministries,477153,,FP/OP/USDA,FOOD PANTRY-Agency,LOCAL - LL,C-28-10000,50,0,0,1.5,50,OGLETHORPE,0.03,1/24/2024 9:33,1/24/2024 9:37,Price Code 1,CUSTOMER PICKUP,False,Sharing Floor Athens,01-SH,30630.0,Crawford,"PRODUCE, FRESH LL",Mixed Produce
940,182558,8975,O-114,Oconee Baptist Church ,FAIMPORT485161,,FOOD PANTRY,FOOD PANTRY-Agency,BLUE RECEIPT-SHL,MCC-07-10001,100,0,0,0.0,100,OGLETHORPE,0.0,6/20/2024 0:00,6/20/2024 0:00,Price Code 1,CUSTOMER PICKUP,False,Food Bank of Northeast Georgia,01,30667.0,Stephens,"DAIRY PRODUCTS, SHL RETAIL PICKUPS",Dairy
451,182385,4448,L-105,Lexington Baptist Church,484989,,FP/GNAP/USDA,FOOD PANTRY-Agency,USDA,F-50-90446,1,0,0,0.0,28,OGLETHORPE,0.0,6/26/2024 12:30,6/26/2024 12:28,Price Code 1,CUSTOMER PICKUP,False,Food Bank of Northeast Georgia,01,30648.0,Lexington,USDA FROZEN STRAWBERRY FRUIT CUPS,Fruits
433,179039,875,T-114,Thankful Baptist Church,481653,,FP/OP/GNAP/USDA,YOUTH-Agency,BLUE RECEIPT-SHL,W-04-10000,19,0,0,0.0,19,OGLETHORPE,0.0,4/16/2024 15:14,4/16/2024 10:53,Price Code 1,CUSTOMER PICKUP,False,Sharing Floor Athens,01-SH,30667.0,Stephens,"BREAD & BAKERY, ASSORTED SHL",Grains
713,180394,8997,B-136,Burt's United Methodist Church,483000,,FP/GNAP/USDA,FOOD PANTRY-Agency,USDA,N-50-10312,3,0,0,6.48,36,OGLETHORPE,0.18,5/13/2024 9:15,5/13/2024 10:47,Price Code 1,CUSTOMER PICKUP,False,Food Bank of Northeast Georgia,01,30627.0,Lexington,USDA CHILI W/ BEANS CCC,Prepared Meals
433,179434,688,T-114,Thankful Baptist Church,482047,,FP/OP/GNAP/USDA,YOUTH-Agency,BLUE RECEIPT-SHL,W-01-10000,7,0,0,1.26,7,OGLETHORPE,0.18,4/23/2024 15:14,4/23/2024 10:37,Price Code 1,CUSTOMER PICKUP,False,Sharing Floor Athens,01-SH,30667.0,Stephens,"ASSORTED NON-FOOD ITEMS, SHL",Non-Food Misc.
1007,175771,8914,S-141,SWAG Ministries,478399,,FP/OP/USDA,FOOD PANTRY-Agency,USDA,N-50-10310,1,0,0,4.86,27,OGLETHORPE,0.18,2/28/2024 6:43,2/28/2024 8:35,Price Code 1,CUSTOMER PICKUP,False,Food Bank of Northeast Georgia,01,30630.0,Crawford,USDA DICED POTATOES,Potatoes 
713,180394,7061,B-136,Burt's United Methodist Church,483000,,FP/GNAP/USDA,FOOD PANTRY-Agency,USDA,C-50-10021,3,0,0,3.78,126,OGLETHORPE,0.03,5/13/2024 9:15,5/13/2024 10:47,Price Code 1,CUSTOMER PICKUP,False,Food Bank of Northeast Georgia,01,30627.0,Lexington,USDA FRESH ORANGES,Fruits
566,180951,8512,MSFP-OGL,Oglethorpe School Food Pantry,483557,,FOOD PANTRY,DIRECT ASSISTANCE-Agency,USDA,C-50-10049,3,0,0,0.0,117,OGLETHORPE,0.0,5/16/2024 15:00,5/16/2024 14:06,Mobile Pantry/Feed Site Only,TRUCK 1 MOBILE PANTRY,False,Food Bank of Northeast Georgia,01,30630.0,Crawford,USDA GRAPEFRUIT CCC,Fruits
451,173194,683,L-105,Lexington Baptist Church,476824,,FP/GNAP/USDA,FOOD PANTRY-Agency,BLUE RECEIPT-SHL,W-16-10001,64,0,0,11.52,64,OGLETHORPE,0.18,1/17/2024 14:30,1/17/2024 12:10,Price Code 1,CUSTOMER PICKUP,False,Sharing Floor Athens,01-SH,30648.0,Lexington,MISC. FOOD BOX SHL,Food Misc.
433,178431,8970,T-114,Thankful Baptist Church,FAIMPORT481047,,FP/OP/GNAP/USDA,YOUTH-Agency,BLUE RECEIPT-SHL,MCW-16-10001,48,0,0,0.0,48,OGLETHORPE,0.0,4/5/2024 0:00,4/5/2024 0:00,Price Code 1,CUSTOMER PICKUP,False,Food Bank of Northeast Georgia,01,30667.0,Stephens,"MISC. FOOD BOX, SHL RETAIL PICKUP",Food Misc.
433,182369,8973,T-114,Thankful Baptist Church,FAIMPORT484973,,FP/OP/GNAP/USDA,YOUTH-Agency,BLUE RECEIPT-SHL,MCC-16-10001,96,0,0,0.0,96,OGLETHORPE,0.0,6/14/2024 0:00,6/14/2024 0:00,Price Code 1,CUSTOMER PICKUP,False,Food Bank of Northeast Georgia,01,30667.0,Stephens,"COOLER FOOD MISC., SHL RETAIL PICKUP",Food Misc.
1007,180411,875,S-141,SWAG Ministries,483017,,FP/OP/USDA,FOOD PANTRY-Agency,BLUE RECEIPT-SHL,W-04-10000,25,0,0,0.0,25,OGLETHORPE,0.0,5/8/2024 9:37,5/8/2024 9:44,Price Code 1,CUSTOMER PICKUP,False,Sharing Floor Athens,01-SH,30630.0,Crawford,"BREAD & BAKERY, ASSORTED SHL",Grains
433,181309,8973,T-114,Thankful Baptist Church,FAIMPORT483913,,FP/OP/GNAP/USDA,YOUTH-Agency,BLUE RECEIPT-SHL,MCC-16-10001,19,0,0,0.0,19,OGLETHORPE,0.0,5/17/2024 0:00,5/17/2024 0:00,Price Code 1,CUSTOMER PICKUP,False,Food Bank of Northeast Georgia,01,30667.0,Stephens,"COOLER FOOD MISC., SHL RETAIL PICKUP",Food Misc.
940,182360,8986,O-114,Oconee Baptist Church ,FAIMPORT484964,,FOOD PANTRY,FOOD PANTRY-Agency,BLUE RECEIPT-SHL,MCW-01-10001,150,0,0,0.0,150,OGLETHORPE,0.0,6/13/2024 0:00,6/13/2024 0:00,Price Code 1,CONTACT FOR DELIVERY,False,Food Bank of Northeast Georgia,01,30667.0,Stephens,"NON-FOOD ITEMS, SHL RETAIL PICKUPS",Non-Food Misc.
451,178929,9017,L-105,Lexington Baptist Church,481543,,FP/GNAP/USDA,FOOD PANTRY-Agency,YELLOW RECEIPT - SHN,N-16-10182,2,0,0,4.68,26,OGLETHORPE,0.18,4/17/2024 14:30,4/17/2024 11:02,Price Code 1,CUSTOMER PICKUP,False,Food Bank of Northeast Georgia,01,30648.0,Lexington,HEINZ APPLE CIDER VINEGAR,Food Misc.
433,181784,4327,T-114,Thankful Baptist Church,484388,,FP/OP/GNAP/USDA,YOUTH-Agency,USDA,N-50-10277,13,0,0,0.0,351,OGLETHORPE,0.0,6/15/2024 7:00,6/15/2024 9:53,Price Code 1,TRUCK 1 MOBILE PANTRY,False,Food Bank of Northeast Georgia,01,30667.0,Stephens,USDA GARBANZO BEANS,Proteins
940,179092,683,O-114,Oconee Baptist Church ,481706,,FOOD PANTRY,FOOD PANTRY-Agency,BLUE RECEIPT-SHL,W-16-10001,33,0,0,5.94,33,OGLETHORPE,0.18,4/17/2024 9:38,4/17/2024 9:44,Price Code 1,CONTACT FOR DELIVERY,False,Sharing Floor Athens,01-SH,30667.0,Stephens,MISC. FOOD BOX SHL,Food Misc.
451,173736,7082,L-105,Lexington Baptist Church,477365,,FP/GNAP/USDA,FOOD PANTRY-Agency,USDA,C-50-10033,1,0,0,0.0,12,OGLETHORPE,0.0,1/31/2024 14:30,1/31/2024 14:20,Price Code 1,CUSTOMER PICKUP,False,Food Bank of Northeast Georgia,01,30648.0,Lexington,USDA SHREDDED YELLOW CHEDDAR CHEESE CCC,Dairy
940,176807,8975,O-114,Oconee Baptist Church ,FAIMPORT479430,,FOOD PANTRY,FOOD PANTRY-Agency,BLUE RECEIPT-SHL,MCC-07-10001,1,0,0,0.0,1,OGLETHORPE,0.0,3/4/2024 0:00,3/4/2024 0:00,Price Code 1,CONTACT FOR DELIVERY,False,Food Bank of Northeast Georgia,01,30667.0,Stephens,"DAIRY PRODUCTS, SHL RETAIL PICKUPS",Dairy
1007,176350,683,S-141,SWAG Ministries,478975,,FP/OP/USDA,FOOD PANTRY-Agency,BLUE RECEIPT-SHL,W-16-10001,99,0,0,17.82,99,OGLETHORPE,0.18,2/28/2024 9:23,2/28/2024 9:26,Price Code 1,CUSTOMER PICKUP,False,Sharing Floor Athens,01-SH,30630.0,Crawford,MISC. FOOD BOX SHL,Food Misc.
451,173549,683,L-105,Lexington Baptist Church,477178,,FP/GNAP/USDA,FOOD PANTRY-Agency,BLUE RECEIPT-SHL,W-16-10001,7,0,0,0.0,7,OGLETHORPE,0.0,1/24/2024 14:30,1/24/2024 12:07,Price Code 1,CUSTOMER PICKUP,False,Sharing Floor Athens,01-SH,30648.0,Lexington,MISC. FOOD BOX SHL,Food Misc.
940,175102,6420,O-114,Oconee Baptist Church ,477732,,FOOD PANTRY,FOOD PANTRY-Agency,BLUE RECEIPT-SHL,C-28-90141,3,0,0,0.0,150,OGLETHORPE,0.0,2/8/2024 8:20,2/9/2024 8:51,Price Code 1,CUSTOMER PICKUP,False,Food Bank of Northeast Georgia,01,30667.0,Stephens,ONIONS,Vegetables 
817,178738,5637,F2KOGL,Food 2 Kids Oglethorpe County,481352,,DIRECT ASSISTANCE,DIRECT ASSISTANCE-Agency,USDA,F-50-90019,8,0,0,0.0,240,OGLETHORPE,0.0,4/18/2024 15:30,4/24/2024 11:26,Price Code 1,TRUCK 1 MOBILE PANTRY,False,Food Bank of Northeast Georgia,01,30607.0,Athens,USDA FROZEN BLUEBERRIES CCC,Fruits
940,182558,8986,O-114,Oconee Baptist Church ,FAIMPORT485161,,FOOD PANTRY,FOOD PANTRY-Agency,BLUE RECEIPT-SHL,MCW-01-10001,50,0,0,0.0,50,OGLETHORPE,0.0,6/20/2024 0:00,6/20/2024 0:00,Price Code 1,CUSTOMER PICKUP,False,Food Bank of Northeast Georgia,01,30667.0,Stephens,"NON-FOOD ITEMS, SHL RETAIL PICKUPS",Non-Food Misc.
713,175990,8834,B-136,Burt's United Methodist Church,478618,,FP/GNAP/USDA,FOOD PANTRY-Agency,BLUE RECEIPT-SHL,N-03-11770,1,0,0,0.3,10,OGLETHORPE,0.03,2/26/2024 13:44,2/26/2024 14:00,Price Code 1,CUSTOMER PICKUP,False,Food Bank of Northeast Georgia,01,30627.0,Lexington,MT DEW ZERO SUGAR,Beverages
817,181458,9034,F2KOGL,Food 2 Kids Oglethorpe County,484062,,DIRECT ASSISTANCE,DIRECT ASSISTANCE-Agency,GNAP,N-40-10271,4,0,0,0.0,48,OGLETHORPE,0.0,5/30/2024 12:00,5/31/2024 14:15,Price Code 1,CUSTOMER PICKUP,False,Food Bank of Northeast Georgia,01,30607.0,Athens,"GNAP MIX BERRY YOGURT, SHELF STABLE BACKPACK",Dairy
433,181446,875,T-114,Thankful Baptist Church,484050,,FP/OP/GNAP/USDA,YOUTH-Agency,BLUE RECEIPT-SHL,W-04-10000,77,0,0,0.0,77,OGLETHORPE,0.0,5/28/2024 15:14,5/28/2024 10:58,Price Code 1,CUSTOMER PICKUP,False,Sharing Floor Athens,01-SH,30667.0,Stephens,"BREAD & BAKERY, ASSORTED SHL",Grains
940,181788,9064,O-114,Oconee Baptist Church ,484392,,FOOD PANTRY,FOOD PANTRY-Agency,LOCAL - LL,N-25-11977,2,0,0,1.08,6,OGLETHORPE,0.18,6/6/2024 0:00,6/6/2024 11:37,Price Code 1,CONTACT FOR DELIVERY,False,Food Bank of Northeast Georgia,01,30667.0,Stephens,RAP SNACKS HOT CRUNCHABLES,Food Misc.
433,182321,875,T-114,Thankful Baptist Church,484925,,FP/OP/GNAP/USDA,YOUTH-Agency,BLUE RECEIPT-SHL,W-04-10000,33,0,0,0.0,33,OGLETHORPE,0.0,6/18/2024 15:14,6/18/2024 10:55,Price Code 1,CUSTOMER PICKUP,False,Sharing Floor Athens,01-SH,30667.0,Stephens,"BREAD & BAKERY, ASSORTED SHL",Grains
646,181216,5407,C-168,Crawford Pentecostal Church,483821,,FP/USDA,AFTER SCHOOL PROGRAM-Agency,BLUE RECEIPT-SHL,F-15-10000,80,0,0,14.4,80,OGLETHORPE,0.18,5/22/2024 12:13,5/22/2024 15:06,Price Code 1,CUSTOMER PICKUP,False,Sharing Floor Athens,01-SH,30630.0,Crawford,"MEAT & SEAFOOD, FROZEN SHL",Proteins
940,174992,5938,O-114,Oconee Baptist Church ,477622,,FOOD PANTRY,FOOD PANTRY-Agency,BLUE RECEIPT-SHL,C-28-10001,292,0,0,8.76,292,OGLETHORPE,0.03,2/1/2024 14:29,2/1/2024 14:41,Price Code 1,CONTACT FOR DELIVERY,False,Sharing Floor Athens,01-SH,30667.0,Stephens,"PRODUCE, FRESH SHL",Mixed Produce
433,181132,5958,T-114,Thankful Baptist Church,483737,,FP/OP/GNAP/USDA,YOUTH-Agency,BLUE RECEIPT-SHL,C-16-10001,60,0,0,10.8,60,OGLETHORPE,0.18,5/21/2024 15:14,5/21/2024 10:57,Price Code 1,CUSTOMER PICKUP,False,Sharing Floor Athens,01-SH,30667.0,Stephens,"COOLER FOOD, MISC. SHL",Food Misc.
451,172481,688,L-105,Lexington Baptist Church,476112,,FP/GNAP/USDA,FOOD PANTRY-Agency,BLUE RECEIPT-SHL,W-01-10000,23,0,0,4.14,23,OGLETHORPE,0.18,1/3/2024 14:30,1/3/2024 11:54,Price Code 1,CUSTOMER PICKUP,False,Sharing Floor Athens,01-SH,30648.0,Lexington,"ASSORTED NON-FOOD ITEMS, SHL",Non-Food Misc.
1007,180041,4737,S-141,SWAG Ministries,482649,,FP/OP/USDA,FOOD PANTRY-Agency,USDA,F-50-90456,1,0,0,7.2,40,OGLETHORPE,0.18,5/8/2024 8:00,5/8/2024 10:45,Price Code 1,CUSTOMER PICKUP,False,Food Bank of Northeast Georgia,01,30630.0,Crawford,USDA PORK PATTY,Proteins
713,180394,8991,B-136,Burt's United Methodist Church,483000,,FP/GNAP/USDA,FOOD PANTRY-Agency,USDA,N-50-10311,4,0,0,17.28,96,OGLETHORPE,0.18,5/13/2024 9:15,5/13/2024 10:47,Price Code 1,CUSTOMER PICKUP,False,Food Bank of Northeast Georgia,01,30627.0,Lexington,USDA HAZELNUTS CCC,Proteins
451,178668,5958,L-105,Lexington Baptist Church,481284,,FP/GNAP/USDA,FOOD PANTRY-Agency,BLUE RECEIPT-SHL,C-16-10001,44,0,0,7.92,44,OGLETHORPE,0.18,4/10/2024 14:30,4/10/2024 11:53,Price Code 1,CUSTOMER PICKUP,False,Sharing Floor Athens,01-SH,30648.0,Lexington,"COOLER FOOD, MISC. SHL",Food Misc.
451,181777,9084,L-105,Lexington Baptist Church,484381,,FP/GNAP/USDA,FOOD PANTRY-Agency,USDA,N-50-10315,13,0,0,0.0,351,OGLETHORPE,0.0,6/10/2024 14:30,6/13/2024 5:23,Price Code 1,TRUCK 1 MOBILE PANTRY,False,Food Bank of Northeast Georgia,01,30648.0,Lexington,USDA CANNED SALMON,Proteins
433,176686,5958,T-114,Thankful Baptist Church,479309,,FP/OP/GNAP/USDA,YOUTH-Agency,BLUE RECEIPT-SHL,C-16-10001,14,0,0,2.52,14,OGLETHORPE,0.18,3/5/2024 15:14,3/5/2024 10:38,Price Code 1,CUSTOMER PICKUP,False,Sharing Floor Athens,01-SH,30667.0,Stephens,"COOLER FOOD, MISC. SHL",Food Misc.
713,172822,8852,B-136,Burt's United Methodist Church,476453,,FP/GNAP/USDA,FOOD PANTRY-Agency,PURCH,N-23-10010,7,0,0,16.38,91,OGLETHORPE,0.18,1/16/2024 13:44,1/16/2024 12:52,Price Code 1,CUSTOMER PICKUP,False,Food Bank of Northeast Georgia,01,30627.0,Lexington,NUT'N BETTER CREAMY PEANUT BUTTER - RED SUGAR & SODIUM,Proteins
433,176047,5088,T-114,Thankful Baptist Church,478674,,FP/OP/GNAP/USDA,YOUTH-Agency,USDA,F-50-90023,1,0,0,0.0,25,OGLETHORPE,0.0,2/27/2024 15:14,2/27/2024 11:21,Price Code 1,CUSTOMER PICKUP,False,Food Bank of Northeast Georgia,01,30667.0,Stephens,USDA FROZEN PEACHES CCC,Fruits
1007,172831,8873,S-141,SWAG Ministries,476462,,FP/OP/USDA,FOOD PANTRY-Agency,YELLOW RECEIPT - SHN,F-10-10001,1,0,0,0.09,3,OGLETHORPE,0.03,1/19/2024 20:16,1/19/2024 9:15,Price Code 1,CUSTOMER PICKUP,False,Food Bank of Northeast Georgia,01,30630.0,Crawford,OUTSHINE STRAWBERRY BANANA SMOOTHIE CUBES,Beverages
451,181198,5407,L-105,Lexington Baptist Church,483803,,FP/GNAP/USDA,FOOD PANTRY-Agency,BLUE RECEIPT-SHL,F-15-10000,80,0,0,14.4,80,OGLETHORPE,0.18,5/22/2024 14:30,5/22/2024 11:52,Price Code 1,CUSTOMER PICKUP,False,Sharing Floor Athens,01-SH,30648.0,Lexington,"MEAT & SEAFOOD, FROZEN SHL",Proteins
451,178365,842,L-105,Lexington Baptist Church,480981,,FP/GNAP/USDA,FOOD PANTRY-Agency,USDA,N-50-10021,13,0,0,0.0,351,OGLETHORPE,0.0,4/8/2024 14:30,4/11/2024 13:06,Price Code 1,TRUCK 1 MOBILE PANTRY,False,Food Bank of Northeast Georgia,01,30648.0,Lexington,USDA DICED TOMATOES NO SALT CCC,Vegetables 
451,172692,8873,L-105,Lexington Baptist Church,476323,,FP/GNAP/USDA,FOOD PANTRY-Agency,YELLOW RECEIPT - SHN,F-10-10001,78,0,0,0.0,234,OGLETHORPE,0.0,1/8/2024 14:30,1/16/2024 8:14,Price Code 1,TRUCK 1 MOBILE PANTRY,False,Food Bank of Northeast Georgia,01,30648.0,Lexington,OUTSHINE STRAWBERRY BANANA SMOOTHIE CUBES,Beverages
433,182572,8974,T-114,Thankful Baptist Church,FAIMPORT485175,,FP/OP/GNAP/USDA,YOUTH-Agency,BLUE RECEIPT-SHL,MCW-04-10000,136,0,0,0.0,136,OGLETHORPE,0.0,6/21/2024 0:00,6/21/2024 0:00,Price Code 1,CUSTOMER PICKUP,False,Food Bank of Northeast Georgia,01,30667.0,Stephens,"BREAD AND BAKERY, SHL RETAIL PICKUPS",Grains
940,176085,5407,O-114,Oconee Baptist Church ,478712,,FOOD PANTRY,FOOD PANTRY-Agency,BLUE RECEIPT-SHL,F-15-10000,126,0,0,22.68,126,OGLETHORPE,0.18,2/23/2024 9:57,2/23/2024 10:06,Price Code 1,CONTACT FOR DELIVERY,False,Sharing Floor Athens,01-SH,30667.0,Stephens,"MEAT & SEAFOOD, FROZEN SHL",Proteins
433,181784,9084,T-114,Thankful Baptist Church,484388,,FP/OP/GNAP/USDA,YOUTH-Agency,USDA,N-50-10315,13,0,0,0.0,351,OGLETHORPE,0.0,6/15/2024 7:00,6/15/2024 9:53,Price Code 1,TRUCK 1 MOBILE PANTRY,False,Food Bank of Northeast Georgia,01,30667.0,Stephens,USDA CANNED SALMON,Proteins
451,172692,875,L-105,Lexington Baptist Church,476323,,FP/GNAP/USDA,FOOD PANTRY-Agency,BLUE RECEIPT-SHL,W-04-10000,498,0,0,0.0,498,OGLETHORPE,0.0,1/8/2024 14:30,1/16/2024 8:14,Price Code 1,TRUCK 1 MOBILE PANTRY,False,Food Bank of Northeast Georgia,01,30648.0,Lexington,"BREAD & BAKERY, ASSORTED SHL",Grains
433,173114,696,T-114,Thankful Baptist Church,476744,,FP/OP/GNAP/USDA,YOUTH-Agency,LOCAL - LL,W-25-10000,16,0,0,2.88,16,OGLETHORPE,0.18,1/16/2024 15:14,1/16/2024 11:00,Price Code 1,CUSTOMER PICKUP,False,Sharing Floor Athens,01-SH,30667.0,Stephens,"ASSORTED SNACK ITEMS, LL",Food Misc.
451,173055,7082,L-105,Lexington Baptist Church,476685,,FP/GNAP/USDA,FOOD PANTRY-Agency,USDA,C-50-10033,20,0,0,0.0,240,OGLETHORPE,0.0,1/19/2024 0:00,1/19/2024 14:07,Price Code 1,CUSTOMER PICKUP,False,Food Bank of Northeast Georgia,01,30648.0,Lexington,USDA SHREDDED YELLOW CHEDDAR CHEESE CCC,Dairy
940,175102,8940,O-114,Oconee Baptist Church ,477732,,FOOD PANTRY,FOOD PANTRY-Agency,BLUE RECEIPT-SHL,C-28-90531,5,0,0,0.0,260,OGLETHORPE,0.0,2/8/2024 8:20,2/9/2024 8:51,Price Code 1,CUSTOMER PICKUP,False,Food Bank of Northeast Georgia,01,30667.0,Stephens,"CABBAGE, SHL 50#",Vegetables 
646,181675,9031,C-168,Crawford Pentecostal Church,484279,,FP/USDA,AFTER SCHOOL PROGRAM-Agency,YELLOW RECEIPT - SHN,N-25-11973,4,0,0,2.16,12,OGLETHORPE,0.18,6/5/2024 8:30,6/5/2024 12:08,Price Code 1,CUSTOMER PICKUP,False,Food Bank of Northeast Georgia,01,30630.0,Crawford,BIGS TAKIS SUNFLOWER SEEDS,Proteins
817,181458,7202,F2KOGL,Food 2 Kids Oglethorpe County,484062,,DIRECT ASSISTANCE,DIRECT ASSISTANCE-Agency,GNAP,N-40-10242,3,0,0,0.0,48,OGLETHORPE,0.0,5/30/2024 12:00,5/31/2024 14:15,Price Code 1,CUSTOMER PICKUP,False,Food Bank of Northeast Georgia,01,30607.0,Athens,GNAP STRAWBERRY JELLY,Food Misc.
433,179147,8497,T-114,Thankful Baptist Church,481760,,FP/OP/GNAP/USDA,YOUTH-Agency,USDA,C-50-10048,60,0,0,0.0,1920,OGLETHORPE,0.0,4/20/2024 7:00,4/22/2024 13:45,Price Code 1,TRUCK 1 MOBILE PANTRY,False,Food Bank of Northeast Georgia,01,30667.0,Stephens,USDA MANDARIN ORANGES,Fruits
451,172481,50,L-105,Lexington Baptist Church,476112,,FP/GNAP/USDA,FOOD PANTRY-Agency,LOCAL - LL,W-16-10002,27,0,0,4.86,27,OGLETHORPE,0.18,1/3/2024 14:30,1/3/2024 11:54,Price Code 1,CUSTOMER PICKUP,False,Sharing Floor Athens,01-SH,30648.0,Lexington,MISC. FOOD BOX LL,Food Misc.
451,181777,5938,L-105,Lexington Baptist Church,484381,,FP/GNAP/USDA,FOOD PANTRY-Agency,BLUE RECEIPT-SHL,C-28-10001,5210,0,0,0.0,5210,OGLETHORPE,0.0,6/10/2024 14:30,6/13/2024 5:23,Price Code 1,TRUCK 1 MOBILE PANTRY,False,Food Bank of Northeast Georgia,01,30648.0,Lexington,"PRODUCE, FRESH SHL",Mixed Produce
162,179302,8975,O-101,Oglethorpe County Senior Center,FAIMPORT481915,,FP/OP/USDA,SENIOR-Agency,BLUE RECEIPT-SHL,MCC-07-10001,31,0,0,0.0,31,OGLETHORPE,0.0,4/15/2024 0:00,4/15/2024 0:00,Price Code 1,CUSTOMER PICKUP,False,Food Bank of Northeast Georgia,01,30630.0,Crawford,"DAIRY PRODUCTS, SHL RETAIL PICKUPS",Dairy
646,181216,683,C-168,Crawford Pentecostal Church,483821,,FP/USDA,AFTER SCHOOL PROGRAM-Agency,BLUE RECEIPT-SHL,W-16-10001,141,0,0,25.38,141,OGLETHORPE,0.18,5/22/2024 12:13,5/22/2024 15:06,Price Code 1,CUSTOMER PICKUP,False,Sharing Floor Athens,01-SH,30630.0,Crawford,MISC. FOOD BOX SHL,Food Misc.
433,176686,688,T-114,Thankful Baptist Church,479309,,FP/OP/GNAP/USDA,YOUTH-Agency,BLUE RECEIPT-SHL,W-01-10000,3,0,0,0.54,3,OGLETHORPE,0.18,3/5/2024 15:14,3/5/2024 10:38,Price Code 1,CUSTOMER PICKUP,False,Sharing Floor Athens,01-SH,30667.0,Stephens,"ASSORTED NON-FOOD ITEMS, SHL",Non-Food Misc.
1007,180411,690,S-141,SWAG Ministries,483017,,FP/OP/USDA,FOOD PANTRY-Agency,BLUE RECEIPT-SHL,W-03-10013,27,0,0,0.0,27,OGLETHORPE,0.0,5/8/2024 9:37,5/8/2024 9:44,Price Code 1,CUSTOMER PICKUP,False,Sharing Floor Athens,01-SH,30630.0,Crawford,"ASSORTED BEVERAGES, SHL",Beverages
817,178732,9014,F2KOGL,Food 2 Kids Oglethorpe County,481346,,DIRECT ASSISTANCE,DIRECT ASSISTANCE-Agency,PURCH,N-27-10136,6,0,313,0.0,162,OGLETHORPE,0.0,4/18/2024 15:00,4/24/2024 11:39,Price Code 1,TRUCK 1 MOBILE PANTRY,False,Food Bank of Northeast Georgia,01,30607.0,Athens,"GREEN BEANS, HARVEST VALLEY",Vegetables 
451,173338,3776,L-105,Lexington Baptist Church,476967,,FP/GNAP/USDA,FOOD PANTRY-Agency,BLUE RECEIPT-SHL,N-03-11125,1,0,0,0.99,33,OGLETHORPE,0.03,1/24/2024 14:30,1/25/2024 12:45,Price Code 1,CUSTOMER PICKUP,False,Food Bank of Northeast Georgia,01,30648.0,Lexington,PEPSI WILD CHERRY,Beverages
433,176288,5938,T-114,Thankful Baptist Church,478913,,FP/OP/GNAP/USDA,YOUTH-Agency,BLUE RECEIPT-SHL,C-28-10001,10,0,0,0.3,10,OGLETHORPE,0.03,2/27/2024 15:14,2/27/2024 10:58,Price Code 1,CUSTOMER PICKUP,False,Sharing Floor Athens,01-SH,30667.0,Stephens,"PRODUCE, FRESH SHL",Mixed Produce
713,172822,8627,B-136,Burt's United Methodist Church,476453,,FP/GNAP/USDA,FOOD PANTRY-Agency,USDA,N-50-10300,6,0,0,15.12,84,OGLETHORPE,0.18,1/16/2024 13:44,1/16/2024 12:52,Price Code 1,CUSTOMER PICKUP,False,Food Bank of Northeast Georgia,01,30627.0,Lexington,USDA CANNED COLLARD GREENS CCC,Vegetables 
940,179328,9020,O-114,Oconee Baptist Church ,481941,,FOOD PANTRY,FOOD PANTRY-Agency,BLUE RECEIPT-SHL,F-15-90560,6,0,0,19.44,108,OGLETHORPE,0.18,4/24/2024 18:58,4/24/2024 10:13,Price Code 1,CONTACT FOR DELIVERY,False,Food Bank of Northeast Georgia,01,30667.0,Stephens,APPLETON PORK SAUSAGE,Proteins
1007,180322,4737,S-141,SWAG Ministries,482928,,FP/OP/USDA,FOOD PANTRY-Agency,USDA,F-50-90456,1,0,0,7.2,40,OGLETHORPE,0.18,5/15/2024 8:00,5/15/2024 9:35,Price Code 1,CUSTOMER PICKUP,False,Food Bank of Northeast Georgia,01,30630.0,Crawford,USDA PORK PATTY,Proteins
162,180640,8971,O-101,Oglethorpe County Senior Center,FAIMPORT483246,,FP/OP/USDA,SENIOR-Agency,BLUE RECEIPT-SHL,MCF-16-10001,1352,0,0,0.0,1352,OGLETHORPE,0.0,5/9/2024 0:00,5/9/2024 0:00,Price Code 1,CUSTOMER PICKUP,False,Food Bank of Northeast Georgia,01,30630.0,Crawford,"FROZEN FOODS, MISC SHL RETAIL PICKUP",Food Misc.
433,175502,1047,T-114,Thankful Baptist Church,478131,,FP/OP/GNAP/USDA,YOUTH-Agency,USDA,N-50-10041,13,0,0,0.0,637,OGLETHORPE,0.0,2/17/2024 7:00,2/17/2024 9:51,Price Code 1,TRUCK 1 MOBILE PANTRY,False,Food Bank of Northeast Georgia,01,30667.0,Stephens,USDA RICE,Grains
433,172551,696,T-114,Thankful Baptist Church,476182,,FP/OP/GNAP/USDA,YOUTH-Agency,LOCAL - LL,W-25-10000,8,0,0,1.44,8,OGLETHORPE,0.18,1/4/2024 15:14,1/4/2024 11:53,Price Code 1,CUSTOMER PICKUP,False,Sharing Floor Athens,01-SH,30667.0,Stephens,"ASSORTED SNACK ITEMS, LL",Food Misc.
433,181784,8997,T-114,Thankful Baptist Church,484388,,FP/OP/GNAP/USDA,YOUTH-Agency,USDA,N-50-10312,25,0,0,0.0,300,OGLETHORPE,0.0,6/15/2024 7:00,6/15/2024 9:53,Price Code 1,TRUCK 1 MOBILE PANTRY,False,Food Bank of Northeast Georgia,01,30667.0,Stephens,USDA CHILI W/ BEANS CCC,Prepared Meals
451,181198,696,L-105,Lexington Baptist Church,483803,,FP/GNAP/USDA,FOOD PANTRY-Agency,LOCAL - LL,W-25-10000,43,0,0,7.74,43,OGLETHORPE,0.18,5/22/2024 14:30,5/22/2024 11:52,Price Code 1,CUSTOMER PICKUP,False,Sharing Floor Athens,01-SH,30648.0,Lexington,"ASSORTED SNACK ITEMS, LL",Food Misc.
1007,177629,5681,S-141,SWAG Ministries,480249,,FP/OP/USDA,FOOD PANTRY-Agency,LOCAL - LL,C-16-10000,36,0,0,6.48,36,OGLETHORPE,0.18,3/20/2024 9:14,3/20/2024 9:19,Price Code 1,CUSTOMER PICKUP,False,Sharing Floor Athens,01-SH,30630.0,Crawford,"COOLER FOOD, MISC. LL",Food Misc.
451,180526,1791,L-105,Lexington Baptist Church,483132,,FP/GNAP/USDA,FOOD PANTRY-Agency,USDA,N-50-10079,13,0,0,0.0,338,OGLETHORPE,0.0,5/13/2024 14:30,5/14/2024 8:06,Price Code 1,TRUCK 1 MOBILE PANTRY,False,Food Bank of Northeast Georgia,01,30648.0,Lexington,USDA WALNUT HALVES AND PIECES,Proteins
940,182915,8975,O-114,Oconee Baptist Church ,FAIMPORT485517,,FOOD PANTRY,FOOD PANTRY-Agency,BLUE RECEIPT-SHL,MCC-07-10001,180,0,0,0.0,180,OGLETHORPE,0.0,6/29/2024 0:00,6/29/2024 0:00,Price Code 1,CUSTOMER PICKUP,False,Food Bank of Northeast Georgia,01,30667.0,Stephens,"DAIRY PRODUCTS, SHL RETAIL PICKUPS",Dairy
646,181675,9069,C-168,Crawford Pentecostal Church,484279,,FP/USDA,AFTER SCHOOL PROGRAM-Agency,BLUE RECEIPT-SHL,N-03-11834,5,0,0,0.0,200,OGLETHORPE,0.0,6/5/2024 8:30,6/5/2024 12:08,Price Code 1,CUSTOMER PICKUP,False,Food Bank of Northeast Georgia,01,30630.0,Crawford,DR PEPPER ZERO SUGAR,Beverages
433,173114,92,T-114,Thankful Baptist Church,476744,,FP/OP/GNAP/USDA,YOUTH-Agency,LOCAL - LL,W-01-10002,25,0,0,4.5,25,OGLETHORPE,0.18,1/16/2024 15:14,1/16/2024 11:00,Price Code 1,CUSTOMER PICKUP,False,Sharing Floor Athens,01-SH,30667.0,Stephens,"ASSORTED NON-FOOD ITEMS, LL",Non-Food Misc.
451,172692,1047,L-105,Lexington Baptist Church,476323,,FP/GNAP/USDA,FOOD PANTRY-Agency,USDA,N-50-10041,13,0,0,0.0,637,OGLETHORPE,0.0,1/8/2024 14:30,1/16/2024 8:14,Price Code 1,TRUCK 1 MOBILE PANTRY,False,Food Bank of Northeast Georgia,01,30648.0,Lexington,USDA RICE,Grains
451,175288,5958,L-105,Lexington Baptist Church,477917,,FP/GNAP/USDA,FOOD PANTRY-Agency,BLUE RECEIPT-SHL,C-16-10001,13,0,0,2.34,13,OGLETHORPE,0.18,2/7/2024 14:30,2/7/2024 11:40,Price Code 1,CUSTOMER PICKUP,False,Sharing Floor Athens,01-SH,30648.0,Lexington,"COOLER FOOD, MISC. SHL",Food Misc.
451,181753,9059,L-105,Lexington Baptist Church,484357,,FP/GNAP/USDA,FOOD PANTRY-Agency,LOCAL - LL,F-16-90438,3,0,0,2.16,12,OGLETHORPE,0.18,6/7/2024 12:00,6/18/2024 14:23,Price Code 1,CUSTOMER PICKUP,False,Food Bank of Northeast Georgia,01,30648.0,Lexington,OSCAR MAYER MAPLE SAUSAGE ROLLERS,Food Misc.
817,178738,8949,F2KOGL,Food 2 Kids Oglethorpe County,481352,,DIRECT ASSISTANCE,DIRECT ASSISTANCE-Agency,LOCAL - LL,C-28-90536,3,0,0,0.0,150,OGLETHORPE,0.0,4/18/2024 15:30,4/24/2024 11:26,Price Code 1,TRUCK 1 MOBILE PANTRY,False,Food Bank of Northeast Georgia,01,30607.0,Athens,"CARROTS, 50#",Vegetables 
451,181600,9073,L-105,Lexington Baptist Church,484204,,FP/GNAP/USDA,FOOD PANTRY-Agency,USDA,C-50-10051,6,0,0,12.96,72,OGLETHORPE,0.18,6/7/2024 11:30,6/7/2024 13:11,Price Code 1,CUSTOMER PICKUP,False,Food Bank of Northeast Georgia,01,30648.0,Lexington,USDA SHREDDED MOZZARELLA CHEESE CCC,Dairy
451,177235,5772,L-105,Lexington Baptist Church,479855,,FP/GNAP/USDA,FOOD PANTRY-Agency,LOCAL - LL,C-28-10000,47,0,0,1.41,47,OGLETHORPE,0.03,3/13/2024 14:30,3/13/2024 11:38,Price Code 1,CUSTOMER PICKUP,False,Sharing Floor Athens,01-SH,30648.0,Lexington,"PRODUCE, FRESH LL",Mixed Produce
451,172352,8895,L-105,Lexington Baptist Church,475983,,FP/GNAP/USDA,FOOD PANTRY-Agency,LOCAL - LL,N-25-11949,3,0,0,1.08,6,OGLETHORPE,0.18,1/5/2024 14:30,1/5/2024 14:24,Price Code 1,CUSTOMER PICKUP,False,Food Bank of Northeast Georgia,01,30648.0,Lexington,THINFUL BIRTHDAY CAKE SNACK MIX,Food Misc.
1007,181121,9067,S-141,SWAG Ministries,483726,,FP/OP/USDA,FOOD PANTRY-Agency,BLUE RECEIPT-SHL,N-03-11833,5,0,0,0.0,90,OGLETHORPE,0.0,5/29/2024 10:30,5/29/2024 10:52,Price Code 1,CUSTOMER PICKUP,False,Food Bank of Northeast Georgia,01,30630.0,Crawford,DIET DR PEPPER,Beverages
433,176288,5407,T-114,Thankful Baptist Church,478913,,FP/OP/GNAP/USDA,YOUTH-Agency,BLUE RECEIPT-SHL,F-15-10000,34,0,0,0.0,34,OGLETHORPE,0.0,2/27/2024 15:14,2/27/2024 10:58,Price Code 1,CUSTOMER PICKUP,False,Sharing Floor Athens,01-SH,30667.0,Stephens,"MEAT & SEAFOOD, FROZEN SHL",Proteins
940,176586,8966,O-114,Oconee Baptist Church ,479210,,FOOD PANTRY,FOOD PANTRY-Agency,YELLOW RECEIPT - SHN,N-15-10049,3,0,0,3.24,18,OGLETHORPE,0.18,3/6/2024 6:23,3/6/2024 12:20,Price Code 1,CUSTOMER PICKUP,False,Food Bank of Northeast Georgia,01,30667.0,Stephens,FIRE CRACKER REDHOT PICKLED SAUSAGE,Food Misc.
940,182475,683,O-114,Oconee Baptist Church ,485079,,FOOD PANTRY,FOOD PANTRY-Agency,BLUE RECEIPT-SHL,W-16-10001,80,0,0,14.4,80,OGLETHORPE,0.18,6/21/2024 11:44,6/21/2024 11:51,Price Code 1,CONTACT FOR DELIVERY,False,Sharing Floor Athens,01-SH,30667.0,Stephens,MISC. FOOD BOX SHL,Food Misc.
451,180660,7414,L-105,Lexington Baptist Church,483266,,FP/GNAP/USDA,FOOD PANTRY-Agency,PURCH,C-28-90525,1,0,0,0.0,22,OGLETHORPE,0.0,5/15/2024 10:30,5/15/2024 10:52,Price Code 1,CUSTOMER PICKUP,False,Food Bank of Northeast Georgia,01,30648.0,Lexington,BROCCOLI CROWNS,Vegetables 
1007,173286,811,S-141,SWAG Ministries,476915,,FP/OP/USDA,FOOD PANTRY-Agency,BLUE RECEIPT-SHL,N-03-10109,3,0,0,0.0,114,OGLETHORPE,0.0,1/26/2024 3:37,2/20/2024 13:35,Price Code 1,CUSTOMER PICKUP,False,Food Bank of Northeast Georgia,01,30630.0,Crawford,DIET PEPSI,Beverages
817,177251,3122,F2KOGL,Food 2 Kids Oglethorpe County,479871,,DIRECT ASSISTANCE,DIRECT ASSISTANCE-Agency,GNAP,N-40-10174,5,0,0,0.0,70,OGLETHORPE,0.0,3/21/2024 15:30,3/27/2024 10:00,Price Code 1,CUSTOMER PICKUP,False,Food Bank of Northeast Georgia,01,30607.0,Athens,"GNAP BLACKEYE PEAS, LOW SODIUM",Proteins
940,182915,8970,O-114,Oconee Baptist Church ,FAIMPORT485517,,FOOD PANTRY,FOOD PANTRY-Agency,BLUE RECEIPT-SHL,MCW-16-10001,16,0,0,0.0,16,OGLETHORPE,0.0,6/29/2024 0:00,6/29/2024 0:00,Price Code 1,CUSTOMER PICKUP,False,Food Bank of Northeast Georgia,01,30667.0,Stephens,"MISC. FOOD BOX, SHL RETAIL PICKUP",Food Misc.
162,179303,8975,O-101,Oglethorpe County Senior Center,FAIMPORT481916,,FP/OP/USDA,SENIOR-Agency,BLUE RECEIPT-SHL,MCC-07-10001,120,0,0,0.0,120,OGLETHORPE,0.0,4/18/2024 0:00,4/18/2024 0:00,Price Code 1,CUSTOMER PICKUP,False,Food Bank of Northeast Georgia,01,30630.0,Crawford,"DAIRY PRODUCTS, SHL RETAIL PICKUPS",Dairy
162,173307,8919,O-101,Oglethorpe County Senior Center,476936,,FP/OP/USDA,SENIOR-Agency,LOCAL - LL,N-25-11951,6,0,0,2.16,12,OGLETHORPE,0.18,1/24/2024 13:38,1/25/2024 14:31,Price Code 1,CUSTOMER PICKUP,False,Food Bank of Northeast Georgia,01,30630.0,Crawford,GHIRARDELLI MILK CHOC CARAMEL,Food Misc.
646,181675,9059,C-168,Crawford Pentecostal Church,484279,,FP/USDA,AFTER SCHOOL PROGRAM-Agency,LOCAL - LL,F-16-90438,15,0,0,10.8,60,OGLETHORPE,0.18,6/5/2024 8:30,6/5/2024 12:08,Price Code 1,CUSTOMER PICKUP,False,Food Bank of Northeast Georgia,01,30630.0,Crawford,OSCAR MAYER MAPLE SAUSAGE ROLLERS,Food Misc.
817,177220,2573,F2KOGL,Food 2 Kids Oglethorpe County,479840,,DIRECT ASSISTANCE,DIRECT ASSISTANCE-Agency,GNAP,N-40-10204,4,0,0,0.0,76,OGLETHORPE,0.0,3/21/2024 15:00,3/27/2024 10:55,Price Code 1,TRACTOR TRAILER 1 MOBILE PANTRY,False,Food Bank of Northeast Georgia,01,30607.0,Athens,GNAP CHICKEN & RICE SOUP,Prepared Meals
940,174992,696,O-114,Oconee Baptist Church ,477622,,FOOD PANTRY,FOOD PANTRY-Agency,LOCAL - LL,W-25-10000,40,0,0,7.2,40,OGLETHORPE,0.18,2/1/2024 14:29,2/1/2024 14:41,Price Code 1,CONTACT FOR DELIVERY,False,Sharing Floor Athens,01-SH,30667.0,Stephens,"ASSORTED SNACK ITEMS, LL",Food Misc.
713,175990,8914,B-136,Burt's United Methodist Church,478618,,FP/GNAP/USDA,FOOD PANTRY-Agency,USDA,N-50-10310,1,0,0,4.86,27,OGLETHORPE,0.18,2/26/2024 13:44,2/26/2024 14:00,Price Code 1,CUSTOMER PICKUP,False,Food Bank of Northeast Georgia,01,30627.0,Lexington,USDA DICED POTATOES,Potatoes 
940,178698,8986,O-114,Oconee Baptist Church ,FAIMPORT481313,,FOOD PANTRY,FOOD PANTRY-Agency,BLUE RECEIPT-SHL,MCW-01-10001,15,0,0,0.0,15,OGLETHORPE,0.0,4/9/2024 0:00,4/9/2024 0:00,Price Code 1,CONTACT FOR DELIVERY,False,Food Bank of Northeast Georgia,01,30667.0,Stephens,"NON-FOOD ITEMS, SHL RETAIL PICKUPS",Non-Food Misc.
451,175697,84,L-105,Lexington Baptist Church,478325,,FP/GNAP/USDA,FOOD PANTRY-Agency,USDA,N-50-10006,13,0,0,0.0,351,OGLETHORPE,0.0,2/12/2024 14:30,2/15/2024 11:13,Price Code 1,TRUCK 1 MOBILE PANTRY,False,Food Bank of Northeast Georgia,01,30648.0,Lexington,USDA GREEN BEANS,Vegetables 
451,175626,5938,L-105,Lexington Baptist Church,478254,,FP/GNAP/USDA,FOOD PANTRY-Agency,BLUE RECEIPT-SHL,C-28-10001,39,0,0,1.17,39,OGLETHORPE,0.03,2/14/2024 14:30,2/14/2024 11:55,Price Code 1,CUSTOMER PICKUP,False,Sharing Floor Athens,01-SH,30648.0,Lexington,"PRODUCE, FRESH SHL",Mixed Produce
451,178929,8497,L-105,Lexington Baptist Church,481543,,FP/GNAP/USDA,FOOD PANTRY-Agency,USDA,C-50-10048,3,0,0,4.8,96,OGLETHORPE,0.05,4/17/2024 14:30,4/17/2024 11:02,Price Code 1,CUSTOMER PICKUP,False,Food Bank of Northeast Georgia,01,30648.0,Lexington,USDA MANDARIN ORANGES,Fruits
433,178598,5407,T-114,Thankful Baptist Church,481214,,FP/OP/GNAP/USDA,YOUTH-Agency,BLUE RECEIPT-SHL,F-15-10000,100,0,0,18.0,100,OGLETHORPE,0.18,4/9/2024 15:14,4/9/2024 11:01,Price Code 1,CUSTOMER PICKUP,False,Sharing Floor Athens,01-SH,30667.0,Stephens,"MEAT & SEAFOOD, FROZEN SHL",Proteins
451,178626,4737,L-105,Lexington Baptist Church,481242,,FP/GNAP/USDA,FOOD PANTRY-Agency,USDA,F-50-90456,1,0,0,0.0,40,OGLETHORPE,0.0,4/12/2024 14:30,4/17/2024 10:49,Price Code 1,CUSTOMER PICKUP,False,Food Bank of Northeast Georgia,01,30648.0,Lexington,USDA PORK PATTY,Proteins
451,179963,696,L-105,Lexington Baptist Church,482572,,FP/GNAP/USDA,FOOD PANTRY-Agency,LOCAL - LL,W-25-10000,135,0,0,24.3,135,OGLETHORPE,0.18,5/1/2024 14:30,5/1/2024 11:39,Price Code 1,CUSTOMER PICKUP,False,Sharing Floor Athens,01-SH,30648.0,Lexington,"ASSORTED SNACK ITEMS, LL",Food Misc.
451,175962,5407,L-105,Lexington Baptist Church,478590,,FP/GNAP/USDA,FOOD PANTRY-Agency,BLUE RECEIPT-SHL,F-15-10000,69,0,0,12.42,69,OGLETHORPE,0.18,2/21/2024 14:30,2/21/2024 11:59,Price Code 1,CUSTOMER PICKUP,False,Sharing Floor Athens,01-SH,30648.0,Lexington,"MEAT & SEAFOOD, FROZEN SHL",Proteins
940,176586,8985,O-114,Oconee Baptist Church ,479210,,FOOD PANTRY,FOOD PANTRY-Agency,BLUE RECEIPT-SHL,C-14-90150,8,0,0,13.6,272,OGLETHORPE,0.05,3/6/2024 6:23,3/6/2024 12:20,Price Code 1,CUSTOMER PICKUP,False,Food Bank of Northeast Georgia,01,30667.0,Stephens,MINUTE MAID STRAWBERRY LEMONADE,Beverages
713,176961,8903,B-136,Burt's United Methodist Church,479583,,FP/GNAP/USDA,FOOD PANTRY-Agency,YELLOW RECEIPT - SHN,N-16-10181,6,0,0,5.4,30,OGLETHORPE,0.18,3/19/2024 13:44,3/19/2024 12:19,Price Code 1,CUSTOMER PICKUP,False,Food Bank of Northeast Georgia,01,30627.0,Lexington,STOVE TOP STUFFING - TURKEY/CHICKEN/CORNBREAD,Prepared Meals
940,182475,688,O-114,Oconee Baptist Church ,485079,,FOOD PANTRY,FOOD PANTRY-Agency,BLUE RECEIPT-SHL,W-01-10000,11,0,0,1.98,11,OGLETHORPE,0.18,6/21/2024 11:44,6/21/2024 11:51,Price Code 1,CONTACT FOR DELIVERY,False,Sharing Floor Athens,01-SH,30667.0,Stephens,"ASSORTED NON-FOOD ITEMS, SHL",Non-Food Misc.
1007,180041,2202,S-141,SWAG Ministries,482649,,FP/OP/USDA,FOOD PANTRY-Agency,USDA,N-50-10240,2,0,0,7.92,44,OGLETHORPE,0.18,5/8/2024 8:00,5/8/2024 10:45,Price Code 1,CUSTOMER PICKUP,False,Food Bank of Northeast Georgia,01,30630.0,Crawford,USDA SPAGHETTI,Grains
451,178365,800,L-105,Lexington Baptist Church,480981,,FP/GNAP/USDA,FOOD PANTRY-Agency,USDA,N-50-10065,13,0,0,0.0,351,OGLETHORPE,0.0,4/8/2024 14:30,4/11/2024 13:06,Price Code 1,TRUCK 1 MOBILE PANTRY,False,Food Bank of Northeast Georgia,01,30648.0,Lexington,USDA APPLESAUCE,Fruits
1007,175615,5958,S-141,SWAG Ministries,478243,,FP/OP/USDA,FOOD PANTRY-Agency,BLUE RECEIPT-SHL,C-16-10001,8,0,0,1.44,8,OGLETHORPE,0.18,2/14/2024 9:49,2/14/2024 10:01,Price Code 1,CUSTOMER PICKUP,False,Sharing Floor Athens,01-SH,30630.0,Crawford,"COOLER FOOD, MISC. SHL",Food Misc.
451,178344,7167,L-105,Lexington Baptist Church,480960,,FP/GNAP/USDA,FOOD PANTRY-Agency,BLUE RECEIPT-SHL,N-03-11200,5,0,0,0.0,50,OGLETHORPE,0.0,4/9/2024 14:30,4/17/2024 10:56,Price Code 1,CUSTOMER PICKUP,False,Food Bank of Northeast Georgia,01,30648.0,Lexington,DR PEPPER ZERO SUGAR,Beverages
940,175102,8943,O-114,Oconee Baptist Church ,477732,,FOOD PANTRY,FOOD PANTRY-Agency,BLUE RECEIPT-SHL,C-28-90534,8,0,0,0.0,336,OGLETHORPE,0.0,2/8/2024 8:20,2/9/2024 8:51,Price Code 1,CUSTOMER PICKUP,False,Food Bank of Northeast Georgia,01,30667.0,Stephens,"SWEET POTATO, SHL",Potatoes 
940,180635,8975,O-114,Oconee Baptist Church ,FAIMPORT483241,,FOOD PANTRY,FOOD PANTRY-Agency,BLUE RECEIPT-SHL,MCC-07-10001,64,0,0,0.0,64,OGLETHORPE,0.0,5/9/2024 0:00,5/9/2024 0:00,Price Code 1,CONTACT FOR DELIVERY,False,Food Bank of Northeast Georgia,01,30667.0,Stephens,"DAIRY PRODUCTS, SHL RETAIL PICKUPS",Dairy
451,178365,6351,L-105,Lexington Baptist Church,480981,,FP/GNAP/USDA,FOOD PANTRY-Agency,BLUE RECEIPT-SHL,C-28-90163,38,0,0,0.0,1900,OGLETHORPE,0.0,4/8/2024 14:30,4/11/2024 13:06,Price Code 1,TRUCK 1 MOBILE PANTRY,False,Food Bank of Northeast Georgia,01,30648.0,Lexington,YUKON GOLD POTATOES,Potatoes 
451,180869,5938,L-105,Lexington Baptist Church,483475,,FP/GNAP/USDA,FOOD PANTRY-Agency,BLUE RECEIPT-SHL,C-28-10001,62,0,0,1.86,62,OGLETHORPE,0.03,5/15/2024 14:30,5/15/2024 11:33,Price Code 1,CUSTOMER PICKUP,False,Sharing Floor Athens,01-SH,30648.0,Lexington,"PRODUCE, FRESH SHL",Mixed Produce
433,179499,8986,T-114,Thankful Baptist Church,FAIMPORT482112,,FP/OP/GNAP/USDA,YOUTH-Agency,BLUE RECEIPT-SHL,MCW-01-10001,27,0,0,0.0,27,OGLETHORPE,0.0,4/19/2024 0:00,4/19/2024 0:00,Price Code 1,CUSTOMER PICKUP,False,Food Bank of Northeast Georgia,01,30667.0,Stephens,"NON-FOOD ITEMS, SHL RETAIL PICKUPS",Non-Food Misc.
1007,173286,8919,S-141,SWAG Ministries,476915,,FP/OP/USDA,FOOD PANTRY-Agency,LOCAL - LL,N-25-11951,5,0,0,1.8,10,OGLETHORPE,0.18,1/26/2024 3:37,2/20/2024 13:35,Price Code 1,CUSTOMER PICKUP,False,Food Bank of Northeast Georgia,01,30630.0,Crawford,GHIRARDELLI MILK CHOC CARAMEL,Food Misc.
451,176365,690,L-105,Lexington Baptist Church,478990,,FP/GNAP/USDA,FOOD PANTRY-Agency,BLUE RECEIPT-SHL,W-03-10013,249,0,0,0.0,249,OGLETHORPE,0.0,2/28/2024 14:30,2/28/2024 12:01,Price Code 1,CUSTOMER PICKUP,False,Sharing Floor Athens,01-SH,30648.0,Lexington,"ASSORTED BEVERAGES, SHL",Beverages
1007,181184,688,S-141,SWAG Ministries,483789,,FP/OP/USDA,FOOD PANTRY-Agency,BLUE RECEIPT-SHL,W-01-10000,26,0,0,0.0,26,OGLETHORPE,0.0,5/22/2024 9:45,5/22/2024 9:52,Price Code 1,CUSTOMER PICKUP,False,Sharing Floor Athens,01-SH,30630.0,Crawford,"ASSORTED NON-FOOD ITEMS, SHL",Non-Food Misc.
451,172692,8627,L-105,Lexington Baptist Church,476323,,FP/GNAP/USDA,FOOD PANTRY-Agency,USDA,N-50-10300,25,0,0,0.0,350,OGLETHORPE,0.0,1/8/2024 14:30,1/16/2024 8:14,Price Code 1,TRUCK 1 MOBILE PANTRY,False,Food Bank of Northeast Georgia,01,30648.0,Lexington,USDA CANNED COLLARD GREENS CCC,Vegetables 
451,176927,84,L-105,Lexington Baptist Church,479549,,FP/GNAP/USDA,FOOD PANTRY-Agency,USDA,N-50-10006,13,0,0,0.0,351,OGLETHORPE,0.0,3/11/2024 14:30,3/12/2024 9:29,Price Code 1,TRUCK 1 MOBILE PANTRY,False,Food Bank of Northeast Georgia,01,30648.0,Lexington,USDA GREEN BEANS,Vegetables 
451,177235,690,L-105,Lexington Baptist Church,479855,,FP/GNAP/USDA,FOOD PANTRY-Agency,BLUE RECEIPT-SHL,W-03-10013,88,0,0,0.0,88,OGLETHORPE,0.0,3/13/2024 14:30,3/13/2024 11:38,Price Code 1,CUSTOMER PICKUP,False,Sharing Floor Athens,01-SH,30648.0,Lexington,"ASSORTED BEVERAGES, SHL",Beverages
162,177595,8975,O-101,Oglethorpe County Senior Center,FAIMPORT480215,,FP/OP/USDA,SENIOR-Agency,BLUE RECEIPT-SHL,MCC-07-10001,11,0,0,0.0,11,OGLETHORPE,0.0,3/18/2024 0:00,3/18/2024 0:00,Price Code 1,CUSTOMER PICKUP,False,Food Bank of Northeast Georgia,01,30630.0,Crawford,"DAIRY PRODUCTS, SHL RETAIL PICKUPS",Dairy
451,175288,690,L-105,Lexington Baptist Church,477917,,FP/GNAP/USDA,FOOD PANTRY-Agency,BLUE RECEIPT-SHL,W-03-10013,9,0,0,0.27,9,OGLETHORPE,0.03,2/7/2024 14:30,2/7/2024 11:40,Price Code 1,CUSTOMER PICKUP,False,Sharing Floor Athens,01-SH,30648.0,Lexington,"ASSORTED BEVERAGES, SHL",Beverages
451,180869,690,L-105,Lexington Baptist Church,483475,,FP/GNAP/USDA,FOOD PANTRY-Agency,BLUE RECEIPT-SHL,W-03-10013,39,0,0,0.0,39,OGLETHORPE,0.0,5/15/2024 14:30,5/15/2024 11:33,Price Code 1,CUSTOMER PICKUP,False,Sharing Floor Athens,01-SH,30648.0,Lexington,"ASSORTED BEVERAGES, SHL",Beverages
451,175210,8873,L-105,Lexington Baptist Church,477839,,FP/GNAP/USDA,FOOD PANTRY-Agency,YELLOW RECEIPT - SHN,F-10-10001,2,0,0,0.18,6,OGLETHORPE,0.03,2/9/2024 14:30,2/20/2024 13:43,Price Code 1,CUSTOMER PICKUP,False,Food Bank of Northeast Georgia,01,30648.0,Lexington,OUTSHINE STRAWBERRY BANANA SMOOTHIE CUBES,Beverages
433,177542,875,T-114,Thankful Baptist Church,480162,,FP/OP/GNAP/USDA,YOUTH-Agency,BLUE RECEIPT-SHL,W-04-10000,47,0,0,0.0,47,OGLETHORPE,0.0,3/19/2024 15:14,3/19/2024 10:41,Price Code 1,CUSTOMER PICKUP,False,Sharing Floor Athens,01-SH,30667.0,Stephens,"BREAD & BAKERY, ASSORTED SHL",Grains
162,173307,3776,O-101,Oglethorpe County Senior Center,476936,,FP/OP/USDA,SENIOR-Agency,BLUE RECEIPT-SHL,N-03-11125,2,0,0,1.98,66,OGLETHORPE,0.03,1/24/2024 13:38,1/25/2024 14:31,Price Code 1,CUSTOMER PICKUP,False,Food Bank of Northeast Georgia,01,30630.0,Crawford,PEPSI WILD CHERRY,Beverages
162,179198,8973,O-101,Oglethorpe County Senior Center,FAIMPORT481811,,FP/OP/USDA,SENIOR-Agency,BLUE RECEIPT-SHL,MCC-16-10001,14,0,0,0.0,14,OGLETHORPE,0.0,4/12/2024 0:00,4/12/2024 0:00,Price Code 1,CUSTOMER PICKUP,False,Food Bank of Northeast Georgia,01,30630.0,Crawford,"COOLER FOOD MISC., SHL RETAIL PICKUP",Food Misc.
1007,181916,875,S-141,SWAG Ministries,484520,,FP/OP/USDA,FOOD PANTRY-Agency,BLUE RECEIPT-SHL,W-04-10000,44,0,0,0.0,44,OGLETHORPE,0.0,6/5/2024 9:27,6/5/2024 9:32,Price Code 1,CUSTOMER PICKUP,False,Sharing Floor Athens,01-SH,30630.0,Crawford,"BREAD & BAKERY, ASSORTED SHL",Grains
433,175872,235,T-114,Thankful Baptist Church,478500,,FP/OP/GNAP/USDA,YOUTH-Agency,LOCAL - LL,W-03-10012,80,0,0,2.4,80,OGLETHORPE,0.03,2/20/2024 15:14,2/20/2024 11:03,Price Code 1,CUSTOMER PICKUP,False,Sharing Floor Athens,01-SH,30667.0,Stephens,"ASSORTED BEVERAGES, LL",Beverages
451,181689,5938,L-105,Lexington Baptist Church,484293,,FP/GNAP/USDA,FOOD PANTRY-Agency,BLUE RECEIPT-SHL,C-28-10001,49,0,0,1.47,49,OGLETHORPE,0.03,5/31/2024 14:30,5/31/2024 11:56,Price Code 1,CUSTOMER PICKUP,False,Sharing Floor Athens,01-SH,30648.0,Lexington,"PRODUCE, FRESH SHL",Mixed Produce
451,175962,5772,L-105,Lexington Baptist Church,478590,,FP/GNAP/USDA,FOOD PANTRY-Agency,LOCAL - LL,C-28-10000,8,0,0,0.24,8,OGLETHORPE,0.03,2/21/2024 14:30,2/21/2024 11:59,Price Code 1,CUSTOMER PICKUP,False,Sharing Floor Athens,01-SH,30648.0,Lexington,"PRODUCE, FRESH LL",Mixed Produce
817,178738,8998,F2KOGL,Food 2 Kids Oglethorpe County,481352,,DIRECT ASSISTANCE,DIRECT ASSISTANCE-Agency,BLUE RECEIPT-SHL,C-28-90541,5,0,0,0.0,105,OGLETHORPE,0.0,4/18/2024 15:30,4/24/2024 11:26,Price Code 1,TRUCK 1 MOBILE PANTRY,False,Food Bank of Northeast Georgia,01,30607.0,Athens,"ZUCCHINI SQUASH, SHL",Vegetables 
433,181309,8970,T-114,Thankful Baptist Church,FAIMPORT483913,,FP/OP/GNAP/USDA,YOUTH-Agency,BLUE RECEIPT-SHL,MCW-16-10001,25,0,0,0.0,25,OGLETHORPE,0.0,5/17/2024 0:00,5/17/2024 0:00,Price Code 1,CUSTOMER PICKUP,False,Food Bank of Northeast Georgia,01,30667.0,Stephens,"MISC. FOOD BOX, SHL RETAIL PICKUP",Food Misc.
433,182144,8973,T-114,Thankful Baptist Church,FAIMPORT484748,,FP/OP/GNAP/USDA,YOUTH-Agency,BLUE RECEIPT-SHL,MCC-16-10001,150,0,0,0.0,150,OGLETHORPE,0.0,6/7/2024 0:00,6/7/2024 0:00,Price Code 1,CUSTOMER PICKUP,False,Food Bank of Northeast Georgia,01,30667.0,Stephens,"COOLER FOOD MISC., SHL RETAIL PICKUP",Food Misc.
433,177542,5407,T-114,Thankful Baptist Church,480162,,FP/OP/GNAP/USDA,YOUTH-Agency,BLUE RECEIPT-SHL,F-15-10000,121,0,0,21.78,121,OGLETHORPE,0.18,3/19/2024 15:14,3/19/2024 10:41,Price Code 1,CUSTOMER PICKUP,False,Sharing Floor Athens,01-SH,30667.0,Stephens,"MEAT & SEAFOOD, FROZEN SHL",Proteins
646,181675,9081,C-168,Crawford Pentecostal Church,484279,,FP/USDA,AFTER SCHOOL PROGRAM-Agency,BLUE RECEIPT-SHL,N-03-11843,2,0,0,0.0,36,OGLETHORPE,0.0,6/5/2024 8:30,6/5/2024 12:08,Price Code 1,CUSTOMER PICKUP,False,Food Bank of Northeast Georgia,01,30630.0,Crawford,DR PEPPER ZERO SUGAR,Beverages
451,179963,875,L-105,Lexington Baptist Church,482572,,FP/GNAP/USDA,FOOD PANTRY-Agency,BLUE RECEIPT-SHL,W-04-10000,44,0,0,0.0,44,OGLETHORPE,0.0,5/1/2024 14:30,5/1/2024 11:39,Price Code 1,CUSTOMER PICKUP,False,Sharing Floor Athens,01-SH,30648.0,Lexington,"BREAD & BAKERY, ASSORTED SHL",Grains
1007,175941,5938,S-141,SWAG Ministries,478569,,FP/OP/USDA,FOOD PANTRY-Agency,BLUE RECEIPT-SHL,C-28-10001,18,0,0,0.54,18,OGLETHORPE,0.03,2/21/2024 9:29,2/21/2024 9:37,Price Code 1,CUSTOMER PICKUP,False,Sharing Floor Athens,01-SH,30630.0,Crawford,"PRODUCE, FRESH SHL",Mixed Produce
1007,181916,690,S-141,SWAG Ministries,484520,,FP/OP/USDA,FOOD PANTRY-Agency,BLUE RECEIPT-SHL,W-03-10013,48,0,0,0.0,48,OGLETHORPE,0.0,6/5/2024 9:27,6/5/2024 9:32,Price Code 1,CUSTOMER PICKUP,False,Sharing Floor Athens,01-SH,30630.0,Crawford,"ASSORTED BEVERAGES, SHL",Beverages
