Agency Id,Order Id,Product Id,Agency Ref,Agency Name,Order Ref,Agency Activity,Agency Group,Agency Type,Product Category,Product Ref,Quantity,Total Purchased,Total Cost,Total Service Fee,Weight,County,Service Fee,Pickup Delivery Date,Confirmed Date,Service Fee Name,Shipping Method,Is Non Food,Warehouse Name,Warehouse Ref,Agency Postal Code,Agency City,Product Name,Food Category
812,179811,3203,F2KBANKS,Food 2 Kids Banks County,482423,,DIRECT ASSISTANCE,DIRECT ASSISTANCE-Agency,USDA,N-50-10289,1,0,0,0.0,25,BANKS,0.0,5/15/2024 16:00,5/15/2024 13:59,Price Code 1,TRUCK 1 MOBILE PANTRY,False,Food Bank of Northeast Georgia,01,30607.0,Athens,USDA PECAN PIECES,Dry Dry Dry Dry Proteins
845,181622,5407,H-146,"Homer Methodist Church, Inc.",484226,,FP/OP/USDA,FOOD PANTRY-Agency,BLUE RECEIPT-SHL,F-15-10000,75,0,0,13.5,75,BANKS,0.18,5/30/2024 8:50,5/30/2024 10:35,Price Code 1,CUSTOMER PICKUP,False,Sharing Floor Athens,01-SH,30547.0,Homer,"MEAT & SEAFOOD, FROZEN SHL",Frozen Frozen Frozen Frozen Proteins
812,173546,5088,F2KBANKS,Food 2 Kids Banks County,477175,,DIRECT ASSISTANCE,DIRECT ASSISTANCE-Agency,USDA,F-50-90023,3,0,0,0.0,75,BANKS,0.0,2/7/2024 15:30,2/8/2024 5:14,Price Code 1,TRUCK 1 MOBILE PANTRY,False,Food Bank of Northeast Georgia,01,30607.0,Athens,USDA FROZEN PEACHES CCC,Frozen Frozen Frozen Frozen Fruits
439,182313,875,N-114,New Life Fellowship,484917,,FP/USDA,EMERGENCY-Agency,BLUE RECEIPT-SHL,W-04-10000,41,0,0,0.0,41,BANKS,0.0,6/18/2024 14:32,6/18/2024 9:33,Price Code 1,CUSTOMER PICKUP,False,Sharing Floor Athens,01-SH,30510.0,Alto,"BREAD & BAKERY, ASSORTED SHL",Dry Dry Dry Dry Grains
439,172446,8765,N-114,New Life Fellowship,476077,,FP/USDA,EMERGENCY-Agency,USDA,N-50-10307,6,0,0,29.16,162,BANKS,0.18,1/8/2024 11:00,1/8/2024 10:40,Price Code 1,CUSTOMER PICKUP,False,Rabun Warehouse,02,30510.0,Alto,"USDA LIGHT RED KIDNEY BEANS, LOW SODIUM",Dry Dry Dry Dry Proteins
1012,176305,1045,B-140,"Banks County Family Connection, Inc.",478930,,FP/USDA,AFTER SCHOOL PROGRAM-Agency,BLUE RECEIPT-SHL,W-25-10009,61,0,0,10.98,61,BANKS,0.18,2/27/2024 13:38,2/27/2024 13:41,Price Code 1,CUSTOMER PICKUP,False,Sharing Floor Athens,01-SH,30547.0,Homer,"ASSORTED SNACK ITEMS, SHL",Dry Dry Dry Dry Food Misc.
1012,176973,1356,B-140,"Banks County Family Connection, Inc.",479595,,FP/USDA,AFTER SCHOOL PROGRAM-Agency,GNAP,N-40-10131,10,0,0,0.0,110,BANKS,0.0,3/19/2024 15:12,3/19/2024 14:02,Price Code 1,CUSTOMER PICKUP,False,Food Bank of Northeast Georgia,01,30547.0,Homer,GNAP CHUNK CHICKEN,Dry Dry Dry Dry Proteins
805,175168,1791,D-105,Damascus Baptist Church,477797,,FP/USDA,FOOD PANTRY-Agency,USDA,N-50-10079,2,0,0,9.36,52,BANKS,0.18,2/12/2024 14:05,2/20/2024 14:46,Price Code 1,CUSTOMER PICKUP,False,Food Bank of Northeast Georgia,01,30547.0,Homer,USDA WALNUT HALVES AND PIECES,Dry Dry Dry Dry Proteins
812,176503,5958,F2KBANKS,Food 2 Kids Banks County,479127,,DIRECT ASSISTANCE,DIRECT ASSISTANCE-Agency,BLUE RECEIPT-SHL,C-16-10001,2978,0,0,0.0,2978,BANKS,0.0,3/6/2024 15:30,3/8/2024 7:52,Price Code 1,TRUCK 1 MOBILE PANTRY,False,Food Bank of Northeast Georgia,01,30607.0,Athens,"COOLER FOOD, MISC. SHL",Cooled Cooled Cooled Cooled Food Misc.
812,182533,7083,F2KBANKS,Food 2 Kids Banks County,485136,,DIRECT ASSISTANCE,DIRECT ASSISTANCE-Agency,USDA,C-50-10029,10,0,0,0.0,120,BANKS,0.0,6/27/2024 11:09,6/27/2024 10:01,Price Code 1,TRUCK 2 MOBILE PANTRY,False,Food Bank of Northeast Georgia,01,30607.0,Athens,"USDA MILD CHEDDAR CHEESE, BLOCK CCC",Cooled Cooled Cooled Cooled Dairy
812,177214,8948,F2KBANKS,Food 2 Kids Banks County,479834,,DIRECT ASSISTANCE,DIRECT ASSISTANCE-Agency,BLUE RECEIPT-SHL,N-03-11812,6,0,0,0.0,216,BANKS,0.0,3/20/2024 16:00,3/27/2024 10:01,Price Code 1,TRACTOR TRAILER 1 MOBILE PANTRY,False,Food Bank of Northeast Georgia,01,30607.0,Athens,LIPTON DIET GREEN CITRUS TEA,Dry Dry Dry Dry Beverages
439,175193,696,N-114,New Life Fellowship,477822,,FP/USDA,EMERGENCY-Agency,LOCAL - LL,W-25-10000,4,0,0,0.72,4,BANKS,0.18,2/6/2024 14:32,2/6/2024 9:24,Price Code 1,CUSTOMER PICKUP,False,Sharing Floor Athens,01-SH,30510.0,Alto,"ASSORTED SNACK ITEMS, LL",Dry Dry Dry Dry Food Misc.
575,172910,170,G-121,"Get Real Ministries, Inc.",476541,,FP/GNAP/USDA,FOOD PANTRY-Agency,USDA,N-50-10007,13,0,0,0.0,364,BANKS,0.0,1/16/2024 10:40,1/16/2024 13:28,Price Code 1,CUSTOMER PICKUP,False,Rabun Warehouse,02,30511.0,Baldwin,"USDA CORN, WHOLE KERNEL NO SALT",Dry Dry Dry Dry Vegetables
1012,173672,8719,B-140,"Banks County Family Connection, Inc.",477301,,FP/USDA,AFTER SCHOOL PROGRAM-Agency,GNAP,N-40-10265,8,0,0,10.4,104,BANKS,0.1,2/7/2024 10:42,2/7/2024 9:44,Price Code 1,CUSTOMER PICKUP,False,Food Bank of Northeast Georgia,01,30547.0,Homer,GNAP MINI BEEF RAVIOLI,Dry Dry Dry Dry Prepared Meals
812,177214,5637,F2KBANKS,Food 2 Kids Banks County,479834,,DIRECT ASSISTANCE,DIRECT ASSISTANCE-Agency,USDA,F-50-90019,8,0,0,0.0,240,BANKS,0.0,3/20/2024 16:00,3/27/2024 10:01,Price Code 1,TRACTOR TRAILER 1 MOBILE PANTRY,False,Food Bank of Northeast Georgia,01,30607.0,Athens,USDA FROZEN BLUEBERRIES CCC,Frozen Frozen Frozen Frozen Fruits
805,172402,8853,D-105,Damascus Baptist Church,476033,,FP/USDA,FOOD PANTRY-Agency,PURCH,N-23-10011,2,0,0,4.68,26,BANKS,0.18,1/9/2024 14:05,1/9/2024 10:24,Price Code 1,CUSTOMER PICKUP,False,Food Bank of Northeast Georgia,01,30547.0,Homer,"CRUNCHY PEANUT BUTTER, MEIJER",Dry Dry Dry Dry Proteins
845,182640,8976,H-146,"Homer Methodist Church, Inc.",FAIMPORT485243,,FP/OP/USDA,FOOD PANTRY-Agency,BLUE RECEIPT-SHL,MCC-28-10001,1,0,0,0.0,1,BANKS,0.0,6/25/2024 0:00,6/25/2024 0:00,Price Code 1,CUSTOMER PICKUP,False,Food Bank of Northeast Georgia,01,30547.0,Homer,"PRODUCE, SHL RETAIL PICKUPS",Dry Dry Dry Dry Mixed Produce
979,182054,2202,G-135,Gillsville Baptist Church INC,484658,,FP/OP/USDA,FOOD PANTRY-Agency,USDA,N-50-10240,5,0,0,19.8,110,BANKS,0.18,6/21/2024 11:30,6/21/2024 14:17,Price Code 1,CUSTOMER PICKUP,False,Food Bank of Northeast Georgia,01,30543.0,Gillsville,USDA SPAGHETTI,Dry Dry Dry Dry Grains
459,178640,9013,A-138,Alto C.H. Church Benevolent- The Grace House,481256,,FP/GNAP/USDA,FOOD PANTRY-Agency,USDA,N-50-10313,4,0,0,17.28,96,BANKS,0.18,4/25/2024 11:00,4/25/2024 11:14,Price Code 1,CUSTOMER PICKUP,False,Rabun Warehouse,02,30510.0,Alto,USDA LIGHT RED KIDNEY BEANS 24/1LB,Dry Dry Dry Dry Proteins
812,179811,170,F2KBANKS,Food 2 Kids Banks County,482423,,DIRECT ASSISTANCE,DIRECT ASSISTANCE-Agency,USDA,N-50-10007,1,0,0,0.0,28,BANKS,0.0,5/15/2024 16:00,5/15/2024 13:59,Price Code 1,TRUCK 1 MOBILE PANTRY,False,Food Bank of Northeast Georgia,01,30607.0,Athens,"USDA CORN, WHOLE KERNEL NO SALT",Dry Dry Dry Dry Vegetables
845,179290,8970,H-146,"Homer Methodist Church, Inc.",FAIMPORT481903,,FP/OP/USDA,FOOD PANTRY-Agency,BLUE RECEIPT-SHL,MCW-16-10001,12,0,0,0.0,12,BANKS,0.0,4/18/2024 0:00,4/18/2024 0:00,Price Code 1,CUSTOMER PICKUP,False,Food Bank of Northeast Georgia,01,30547.0,Homer,"MISC. FOOD BOX, SHL RETAIL PICKUP",Dry Dry Dry Dry Food Misc.
812,182531,4448,F2KBANKS,Food 2 Kids Banks County,485134,,DIRECT ASSISTANCE,DIRECT ASSISTANCE-Agency,USDA,F-50-90446,1,0,0,0.0,28,BANKS,0.0,6/27/2024 11:33,6/27/2024 10:02,Price Code 1,TRACTOR TRAILER 1 MOBILE PANTRY,False,Food Bank of Northeast Georgia,01,30607.0,Athens,USDA FROZEN STRAWBERRY FRUIT CUPS,Frozen Frozen Frozen Frozen Fruits
812,178039,7083,F2KBANKS,Food 2 Kids Banks County,480658,,DIRECT ASSISTANCE,DIRECT ASSISTANCE-Agency,USDA,C-50-10029,147,0,0,0.0,1764,BANKS,0.0,4/3/2024 15:00,4/24/2024 11:34,Price Code 1,CUSTOMER PICKUP,False,Food Bank of Northeast Georgia,01,30607.0,Athens,"USDA MILD CHEDDAR CHEESE, BLOCK CCC",Cooled Cooled Cooled Cooled Dairy
845,173613,683,H-146,"Homer Methodist Church, Inc.",477242,,FP/OP/USDA,FOOD PANTRY-Agency,BLUE RECEIPT-SHL,W-16-10001,245,0,0,44.1,245,BANKS,0.18,1/25/2024 8:50,1/25/2024 10:52,Price Code 1,CUSTOMER PICKUP,False,Sharing Floor Athens,01-SH,30547.0,Homer,MISC. FOOD BOX SHL,Dry Dry Dry Dry Food Misc.
812,182533,875,F2KBANKS,Food 2 Kids Banks County,485136,,DIRECT ASSISTANCE,DIRECT ASSISTANCE-Agency,BLUE RECEIPT-SHL,W-04-10000,319,0,0,0.0,319,BANKS,0.0,6/27/2024 11:09,6/27/2024 10:01,Price Code 1,TRUCK 2 MOBILE PANTRY,False,Food Bank of Northeast Georgia,01,30607.0,Athens,"BREAD & BAKERY, ASSORTED SHL",Dry Dry Dry Dry Grains
575,180871,3203,G-121,"Get Real Ministries, Inc.",483477,,FP/GNAP/USDA,FOOD PANTRY-Agency,USDA,N-50-10289,13,0,0,0.0,325,BANKS,0.0,5/20/2024 9:00,5/21/2024 16:15,Price Code 1,CUSTOMER PICKUP,False,Rabun Warehouse,02,30511.0,Baldwin,USDA PECAN PIECES,Dry Dry Dry Dry Proteins
845,180077,3943,H-146,"Homer Methodist Church, Inc.",482685,,FP/OP/USDA,FOOD PANTRY-Agency,USDA,N-50-10268,8,0,0,9.12,304,BANKS,0.03,5/8/2024 8:30,5/8/2024 9:16,Price Code 1,CUSTOMER PICKUP,False,Food Bank of Northeast Georgia,01,30547.0,Homer,USDA APPLE JUICE,Dry Dry Dry Dry Beverages
805,177043,688,D-105,Damascus Baptist Church,479665,,FP/USDA,FOOD PANTRY-Agency,BLUE RECEIPT-SHL,W-01-10000,2,0,0,0.36,2,BANKS,0.18,3/11/2024 14:05,3/11/2024 9:21,Price Code 1,CUSTOMER PICKUP,False,Sharing Floor Athens,01-SH,30547.0,Homer,"ASSORTED NON-FOOD ITEMS, SHL",Dry Dry Dry Dry Non-Food Misc.
845,172484,1791,H-146,"Homer Methodist Church, Inc.",476115,,FP/OP/USDA,FOOD PANTRY-Agency,USDA,N-50-10079,6,0,0,28.08,156,BANKS,0.18,1/9/2024 13:30,1/26/2024 13:43,Price Code 1,CUSTOMER PICKUP,False,Food Bank of Northeast Georgia,01,30547.0,Homer,USDA WALNUT HALVES AND PIECES,Dry Dry Dry Dry Proteins
812,177214,8781,F2KBANKS,Food 2 Kids Banks County,479834,,DIRECT ASSISTANCE,DIRECT ASSISTANCE-Agency,BLUE RECEIPT-SHL,N-03-11753,16,0,0,0.0,368,BANKS,0.0,3/20/2024 16:00,3/27/2024 10:01,Price Code 1,TRACTOR TRAILER 1 MOBILE PANTRY,False,Food Bank of Northeast Georgia,01,30607.0,Athens,PURE LEAF SWEET TEA,Dry Dry Dry Dry Beverages
439,179419,5407,N-114,New Life Fellowship,482032,,FP/USDA,EMERGENCY-Agency,BLUE RECEIPT-SHL,F-15-10000,36,0,0,6.48,36,BANKS,0.18,4/23/2024 14:32,4/23/2024 9:25,Price Code 1,CUSTOMER PICKUP,False,Sharing Floor Athens,01-SH,30510.0,Alto,"MEAT & SEAFOOD, FROZEN SHL",Frozen Frozen Frozen Frozen Proteins
439,173828,5407,N-114,New Life Fellowship,477457,,FP/USDA,EMERGENCY-Agency,BLUE RECEIPT-SHL,F-15-10000,65,0,0,11.7,65,BANKS,0.18,1/30/2024 14:32,1/30/2024 9:35,Price Code 1,CUSTOMER PICKUP,False,Sharing Floor Athens,01-SH,30510.0,Alto,"MEAT & SEAFOOD, FROZEN SHL",Frozen Frozen Frozen Frozen Proteins
979,180758,800,G-135,Gillsville Baptist Church INC,483364,,FP/OP/USDA,FOOD PANTRY-Agency,USDA,N-50-10065,2,0,0,9.72,54,BANKS,0.18,5/17/2024 12:30,5/17/2024 12:19,Price Code 1,CUSTOMER PICKUP,False,Food Bank of Northeast Georgia,01,30543.0,Gillsville,USDA APPLESAUCE,Dry Dry Dry Dry Fruits
845,180139,8976,H-146,"Homer Methodist Church, Inc.",FAIMPORT482746,,FP/OP/USDA,FOOD PANTRY-Agency,BLUE RECEIPT-SHL,MCC-28-10001,32,0,0,0.0,32,BANKS,0.0,5/1/2024 0:00,5/1/2024 0:00,Price Code 1,CUSTOMER PICKUP,False,Food Bank of Northeast Georgia,01,30547.0,Homer,"PRODUCE, SHL RETAIL PICKUPS",Dry Dry Dry Dry Mixed Produce
812,172020,8854,F2KBANKS,Food 2 Kids Banks County,475651,,DIRECT ASSISTANCE,DIRECT ASSISTANCE-Agency,BLUE RECEIPT-SHL,N-03-11776,30,0,0,0.0,990,BANKS,0.0,1/3/2024 12:00,1/16/2024 8:20,Price Code 1,TRUCK 1 MOBILE PANTRY,False,Food Bank of Northeast Georgia,01,30607.0,Athens,DR PEPPER STRAWBERRIES & CREAM,Dry Dry Dry Dry Beverages
459,175150,4788,A-138,Alto C.H. Church Benevolent- The Grace House,477779,,FP/GNAP/USDA,FOOD PANTRY-Agency,USDA,F-50-90039,2,0,0,14.4,80,BANKS,0.18,2/15/2024 11:00,2/15/2024 10:55,Price Code 1,CUSTOMER PICKUP,False,Rabun Warehouse,02,30510.0,Alto,USDA CATFISH FILLETS CCC,Frozen Frozen Frozen Frozen Proteins
845,173935,1047,H-146,"Homer Methodist Church, Inc.",477564,,FP/OP/USDA,FOOD PANTRY-Agency,USDA,N-50-10041,3,0,0,26.46,147,BANKS,0.18,2/6/2024 13:00,2/6/2024 13:31,Price Code 1,CUSTOMER PICKUP,False,Food Bank of Northeast Georgia,01,30547.0,Homer,USDA RICE,Dry Dry Dry Dry Grains
845,177714,50,H-146,"Homer Methodist Church, Inc.",480333,,FP/OP/USDA,FOOD PANTRY-Agency,LOCAL - LL,W-16-10002,177,0,0,31.86,177,BANKS,0.18,3/21/2024 8:50,3/21/2024 10:09,Price Code 1,CUSTOMER PICKUP,False,Sharing Floor Athens,01-SH,30547.0,Homer,MISC. FOOD BOX LL,Dry Dry Dry Dry Food Misc.
1012,180066,7169,B-140,"Banks County Family Connection, Inc.",482674,,FP/USDA,AFTER SCHOOL PROGRAM-Agency,GNAP,N-40-10236,18,0,0,0.0,252,BANKS,0.0,5/8/2024 9:00,5/9/2024 9:40,Price Code 1,CUSTOMER PICKUP,False,Food Bank of Northeast Georgia,01,30547.0,Homer,GNAP BEEF LASAGNA,Dry Dry Dry Dry Prepared Meals
812,182531,6780,F2KBANKS,Food 2 Kids Banks County,485134,,DIRECT ASSISTANCE,DIRECT ASSISTANCE-Agency,USDA,C-50-10024,5,0,0,0.0,215,BANKS,0.0,6/27/2024 11:33,6/27/2024 10:02,Price Code 1,TRACTOR TRAILER 1 MOBILE PANTRY,False,Food Bank of Northeast Georgia,01,30607.0,Athens,USDA APPLES,Cooled Cooled Cooled Cooled Fruits
805,178389,5407,D-105,Damascus Baptist Church,481005,,FP/USDA,FOOD PANTRY-Agency,BLUE RECEIPT-SHL,F-15-10000,22,0,0,3.96,22,BANKS,0.18,4/5/2024 14:05,4/5/2024 11:19,Price Code 1,CUSTOMER PICKUP,False,Sharing Floor Athens,01-SH,30547.0,Homer,"MEAT & SEAFOOD, FROZEN SHL",Frozen Frozen Frozen Frozen Proteins
439,179853,5407,N-114,New Life Fellowship,482464,,FP/USDA,EMERGENCY-Agency,BLUE RECEIPT-SHL,F-15-10000,31,0,0,5.58,31,BANKS,0.18,4/30/2024 14:32,4/30/2024 9:11,Price Code 1,CUSTOMER PICKUP,False,Sharing Floor Athens,01-SH,30510.0,Alto,"MEAT & SEAFOOD, FROZEN SHL",Frozen Frozen Frozen Frozen Proteins
1012,176973,890,B-140,"Banks County Family Connection, Inc.",479595,,FP/USDA,AFTER SCHOOL PROGRAM-Agency,GNAP,N-40-10001,8,0,0,0.0,216,BANKS,0.0,3/19/2024 15:12,3/19/2024 14:02,Price Code 1,CUSTOMER PICKUP,False,Food Bank of Northeast Georgia,01,30547.0,Homer,GNAP APPLE SAUCE,Dry Dry Dry Dry Fruits
812,182533,7061,F2KBANKS,Food 2 Kids Banks County,485136,,DIRECT ASSISTANCE,DIRECT ASSISTANCE-Agency,USDA,C-50-10021,4,0,0,0.0,168,BANKS,0.0,6/27/2024 11:09,6/27/2024 10:01,Price Code 1,TRUCK 2 MOBILE PANTRY,False,Food Bank of Northeast Georgia,01,30607.0,Athens,USDA FRESH ORANGES,Cooled Cooled Cooled Cooled Fruits
805,175168,7284,D-105,Damascus Baptist Church,477797,,FP/USDA,FOOD PANTRY-Agency,USDA,C-50-10043,4,0,0,18.72,104,BANKS,0.18,2/12/2024 14:05,2/20/2024 14:46,Price Code 1,CUSTOMER PICKUP,False,Food Bank of Northeast Georgia,01,30547.0,Homer,USDA RED FAT AMERICAN CHEESE CCC,Cooled Cooled Cooled Cooled Dairy
812,179556,9013,F2KBANKS,Food 2 Kids Banks County,482169,,DIRECT ASSISTANCE,DIRECT ASSISTANCE-Agency,USDA,N-50-10313,6,0,0,0.0,144,BANKS,0.0,5/1/2024 16:00,5/2/2024 10:35,Price Code 1,TRUCK 1 MOBILE PANTRY,False,Food Bank of Northeast Georgia,01,30607.0,Athens,USDA LIGHT RED KIDNEY BEANS 24/1LB,Dry Dry Dry Dry Proteins
812,182375,9035,F2KBANKS,Food 2 Kids Banks County,484979,,DIRECT ASSISTANCE,DIRECT ASSISTANCE-Agency,GNAP,N-40-10272,17,0,0,0.0,238,BANKS,0.0,6/21/2024 8:00,7/9/2024 8:54,Price Code 1,CUSTOMER PICKUP,False,Food Bank of Northeast Georgia,01,30607.0,Athens,GNAP MACARONI O'S W/ BEEF - EZ OPEN,Dry Dry Dry Dry Prepared Meals
812,176503,4715,F2KBANKS,Food 2 Kids Banks County,479127,,DIRECT ASSISTANCE,DIRECT ASSISTANCE-Agency,USDA,F-50-90461,3,0,0,0.0,120,BANKS,0.0,3/6/2024 15:30,3/8/2024 7:52,Price Code 1,TRUCK 1 MOBILE PANTRY,False,Food Bank of Northeast Georgia,01,30607.0,Athens,USDA ALASKAN POLLACK FISH FILLETS,Frozen Frozen Frozen Frozen Proteins
1012,180066,9037,B-140,"Banks County Family Connection, Inc.",482674,,FP/USDA,AFTER SCHOOL PROGRAM-Agency,GNAP,N-40-10274,2,0,0,0.0,18,BANKS,0.0,5/8/2024 9:00,5/9/2024 9:40,Price Code 1,CUSTOMER PICKUP,False,Food Bank of Northeast Georgia,01,30547.0,Homer,GNAP RICE KRISPIES CEREAL BOWLS,Dry Dry Dry Dry Grains
575,177451,7059,G-121,"Get Real Ministries, Inc.",480071,,FP/GNAP/USDA,FOOD PANTRY-Agency,USDA,C-50-10019,45,0,0,0.0,1620,BANKS,0.0,3/18/2024 10:40,3/20/2024 9:03,Price Code 1,CUSTOMER PICKUP,False,Rabun Warehouse,02,30511.0,Baldwin,USDA 2% MILK CCC,Cooled Cooled Cooled Cooled Dairy
812,182531,9111,F2KBANKS,Food 2 Kids Banks County,485134,,DIRECT ASSISTANCE,DIRECT ASSISTANCE-Agency,LOCAL - LL,N-25-11979,6,0,0,0.0,31,BANKS,0.0,6/27/2024 11:33,6/27/2024 10:02,Price Code 1,TRACTOR TRAILER 1 MOBILE PANTRY,False,Food Bank of Northeast Georgia,01,30607.0,Athens,GEORGIA PEANUTS,Dry Dry Dry Dry Proteins
812,182531,9129,F2KBANKS,Food 2 Kids Banks County,485134,,DIRECT ASSISTANCE,DIRECT ASSISTANCE-Agency,GNAP,C-40-10000,84,0,0,0.0,4116,BANKS,0.0,6/27/2024 11:33,6/27/2024 10:02,Price Code 1,TRACTOR TRAILER 1 MOBILE PANTRY,False,Food Bank of Northeast Georgia,01,30607.0,Athens,"GNAP BI-COLOR SWEET CORN, FRESH",Cooled Cooled Cooled Cooled Vegetables
812,176503,6925,F2KBANKS,Food 2 Kids Banks County,479127,,DIRECT ASSISTANCE,DIRECT ASSISTANCE-Agency,BLUE RECEIPT-SHL,C-28-90401,3,0,0,0.0,150,BANKS,0.0,3/6/2024 15:30,3/8/2024 7:52,Price Code 1,TRUCK 1 MOBILE PANTRY,False,Food Bank of Northeast Georgia,01,30607.0,Athens,POTATOES,Cooled Cooled Cooled Cooled Potatoes
845,176420,683,H-146,"Homer Methodist Church, Inc.",479044,,FP/OP/USDA,FOOD PANTRY-Agency,BLUE RECEIPT-SHL,W-16-10001,184,0,0,33.12,184,BANKS,0.18,2/29/2024 8:50,2/29/2024 10:18,Price Code 1,CUSTOMER PICKUP,False,Sharing Floor Athens,01-SH,30547.0,Homer,MISC. FOOD BOX SHL,Dry Dry Dry Dry Food Misc.
812,177214,7284,F2KBANKS,Food 2 Kids Banks County,479834,,DIRECT ASSISTANCE,DIRECT ASSISTANCE-Agency,USDA,C-50-10043,85,0,0,0.0,2210,BANKS,0.0,3/20/2024 16:00,3/27/2024 10:01,Price Code 1,TRACTOR TRAILER 1 MOBILE PANTRY,False,Food Bank of Northeast Georgia,01,30607.0,Athens,USDA RED FAT AMERICAN CHEESE CCC,Cooled Cooled Cooled Cooled Dairy
845,181816,4269,H-146,"Homer Methodist Church, Inc.",484420,,FP/OP/USDA,FOOD PANTRY-Agency,USDA,N-50-10273,6,0,0,25.92,144,BANKS,0.18,6/18/2024 9:00,6/18/2024 9:22,Price Code 1,CUSTOMER PICKUP,False,Food Bank of Northeast Georgia,01,30547.0,Homer,USDA DRY NAVY BEANS CCC,Dry Dry Dry Dry Proteins
439,172446,84,N-114,New Life Fellowship,476077,,FP/USDA,EMERGENCY-Agency,USDA,N-50-10006,6,0,0,29.16,162,BANKS,0.18,1/8/2024 11:00,1/8/2024 10:40,Price Code 1,CUSTOMER PICKUP,False,Rabun Warehouse,02,30510.0,Alto,USDA GREEN BEANS,Dry Dry Dry Dry Vegetables
845,173240,696,H-146,"Homer Methodist Church, Inc.",476870,,FP/OP/USDA,FOOD PANTRY-Agency,LOCAL - LL,W-25-10000,11,0,0,1.98,11,BANKS,0.18,1/18/2024 8:50,1/18/2024 10:22,Price Code 1,CUSTOMER PICKUP,False,Sharing Floor Athens,01-SH,30547.0,Homer,"ASSORTED SNACK ITEMS, LL",Dry Dry Dry Dry Food Misc.
439,176673,690,N-114,New Life Fellowship,479296,,FP/USDA,EMERGENCY-Agency,BLUE RECEIPT-SHL,W-03-10013,21,0,0,0.63,21,BANKS,0.03,3/5/2024 14:32,3/5/2024 9:25,Price Code 1,CUSTOMER PICKUP,False,Sharing Floor Athens,01-SH,30510.0,Alto,"ASSORTED BEVERAGES, SHL",Dry Dry Dry Dry Beverages
812,178655,170,F2KBANKS,Food 2 Kids Banks County,481271,,DIRECT ASSISTANCE,DIRECT ASSISTANCE-Agency,USDA,N-50-10007,3,0,0,0.0,84,BANKS,0.0,4/17/2024 16:00,4/24/2024 11:38,Price Code 1,TRUCK 1 MOBILE PANTRY,False,Food Bank of Northeast Georgia,01,30607.0,Athens,"USDA CORN, WHOLE KERNEL NO SALT",Dry Dry Dry Dry Vegetables
439,182313,688,N-114,New Life Fellowship,484917,,FP/USDA,EMERGENCY-Agency,BLUE RECEIPT-SHL,W-01-10000,20,0,0,3.6,20,BANKS,0.18,6/18/2024 14:32,6/18/2024 9:33,Price Code 1,CUSTOMER PICKUP,False,Sharing Floor Athens,01-SH,30510.0,Alto,"ASSORTED NON-FOOD ITEMS, SHL",Dry Dry Dry Dry Non-Food Misc.
812,179811,800,F2KBANKS,Food 2 Kids Banks County,482423,,DIRECT ASSISTANCE,DIRECT ASSISTANCE-Agency,USDA,N-50-10065,1,0,0,0.0,27,BANKS,0.0,5/15/2024 16:00,5/15/2024 13:59,Price Code 1,TRUCK 1 MOBILE PANTRY,False,Food Bank of Northeast Georgia,01,30607.0,Athens,USDA APPLESAUCE,Dry Dry Dry Dry Fruits
845,178181,8975,H-146,"Homer Methodist Church, Inc.",FAIMPORT480799,,FP/OP/USDA,FOOD PANTRY-Agency,BLUE RECEIPT-SHL,MCC-07-10001,359,0,0,0.0,359,BANKS,0.0,4/1/2024 0:00,4/1/2024 0:00,Price Code 1,CUSTOMER PICKUP,False,Food Bank of Northeast Georgia,01,30547.0,Homer,"DAIRY PRODUCTS, SHL RETAIL PICKUPS",Dry Dry Dry Dry Dairy
812,179556,1674,F2KBANKS,Food 2 Kids Banks County,482169,,DIRECT ASSISTANCE,DIRECT ASSISTANCE-Agency,USDA,N-50-10073,6,0,0,0.0,162,BANKS,0.0,5/1/2024 16:00,5/2/2024 10:35,Price Code 1,TRUCK 1 MOBILE PANTRY,False,Food Bank of Northeast Georgia,01,30607.0,Athens,USDA TOMATO SAUCE,Dry Dry Dry Dry Vegetables
575,180871,1481,G-121,"Get Real Ministries, Inc.",483477,,FP/GNAP/USDA,FOOD PANTRY-Agency,USDA,N-50-10105,13,0,0,0.0,221,BANKS,0.0,5/20/2024 9:00,5/21/2024 16:15,Price Code 1,CUSTOMER PICKUP,False,Rabun Warehouse,02,30511.0,Baldwin,USDA DRIED CHERRIES CCC,Dry Dry Dry Dry Fruits
845,179787,8976,H-146,"Homer Methodist Church, Inc.",FAIMPORT482400,,FP/OP/USDA,FOOD PANTRY-Agency,BLUE RECEIPT-SHL,MCC-28-10001,35,0,0,0.0,35,BANKS,0.0,4/23/2024 0:00,4/23/2024 0:00,Price Code 1,CUSTOMER PICKUP,False,Food Bank of Northeast Georgia,01,30547.0,Homer,"PRODUCE, SHL RETAIL PICKUPS",Dry Dry Dry Dry Mixed Produce
812,178039,6351,F2KBANKS,Food 2 Kids Banks County,480658,,DIRECT ASSISTANCE,DIRECT ASSISTANCE-Agency,BLUE RECEIPT-SHL,C-28-90163,6,0,0,0.0,300,BANKS,0.0,4/3/2024 15:00,4/24/2024 11:34,Price Code 1,CUSTOMER PICKUP,False,Food Bank of Northeast Georgia,01,30607.0,Athens,YUKON GOLD POTATOES,Cooled Cooled Cooled Cooled Potatoes
979,177286,170,G-135,Gillsville Baptist Church INC,479906,,FP/OP/USDA,FOOD PANTRY-Agency,USDA,N-50-10007,4,0,0,20.16,112,BANKS,0.18,3/20/2024 7:34,3/20/2024 12:56,Price Code 1,CUSTOMER PICKUP,False,Food Bank of Northeast Georgia,01,30543.0,Gillsville,"USDA CORN, WHOLE KERNEL NO SALT",Dry Dry Dry Dry Vegetables
812,175978,688,F2KBANKS,Food 2 Kids Banks County,478606,,DIRECT ASSISTANCE,DIRECT ASSISTANCE-Agency,BLUE RECEIPT-SHL,W-01-10000,150,0,0,0.0,150,BANKS,0.0,2/21/2024 15:00,2/23/2024 7:08,Price Code 1,TRUCK 1 MOBILE PANTRY,False,Food Bank of Northeast Georgia,01,30607.0,Athens,"ASSORTED NON-FOOD ITEMS, SHL",Dry Dry Dry Dry Non-Food Misc.
439,172961,84,N-114,New Life Fellowship,476591,,FP/USDA,EMERGENCY-Agency,USDA,N-50-10006,6,0,0,29.16,162,BANKS,0.18,1/23/2024 11:00,1/23/2024 10:43,Price Code 1,CUSTOMER PICKUP,False,Rabun Warehouse,02,30510.0,Alto,USDA GREEN BEANS,Dry Dry Dry Dry Vegetables
812,176503,4449,F2KBANKS,Food 2 Kids Banks County,479127,,DIRECT ASSISTANCE,DIRECT ASSISTANCE-Agency,USDA,F-50-90445,3,0,0,0.0,123,BANKS,0.0,3/6/2024 15:30,3/8/2024 7:52,Price Code 1,TRUCK 1 MOBILE PANTRY,False,Food Bank of Northeast Georgia,01,30607.0,Athens,USDA FULLY COOKED PULLED PORK CCC,Frozen Frozen Frozen Frozen Proteins
805,172402,8627,D-105,Damascus Baptist Church,476033,,FP/USDA,FOOD PANTRY-Agency,USDA,N-50-10300,6,0,0,15.12,84,BANKS,0.18,1/9/2024 14:05,1/9/2024 10:24,Price Code 1,CUSTOMER PICKUP,False,Food Bank of Northeast Georgia,01,30547.0,Homer,USDA CANNED COLLARD GREENS CCC,Dry Dry Dry Dry Vegetables
845,173970,50,H-146,"Homer Methodist Church, Inc.",477599,,FP/OP/USDA,FOOD PANTRY-Agency,LOCAL - LL,W-16-10002,30,0,0,0.0,30,BANKS,0.0,2/1/2024 8:50,2/1/2024 10:25,Price Code 1,CUSTOMER PICKUP,False,Sharing Floor Athens,01-SH,30547.0,Homer,MISC. FOOD BOX LL,Dry Dry Dry Dry Food Misc.
845,178062,84,H-146,"Homer Methodist Church, Inc.",480681,,FP/OP/USDA,FOOD PANTRY-Agency,USDA,N-50-10006,3,0,0,14.58,81,BANKS,0.18,4/10/2024 8:50,4/10/2024 9:25,Price Code 1,CUSTOMER PICKUP,False,Food Bank of Northeast Georgia,01,30547.0,Homer,USDA GREEN BEANS,Dry Dry Dry Dry Vegetables
812,182531,9084,F2KBANKS,Food 2 Kids Banks County,485134,,DIRECT ASSISTANCE,DIRECT ASSISTANCE-Agency,USDA,N-50-10315,2,0,0,0.0,54,BANKS,0.0,6/27/2024 11:33,6/27/2024 10:02,Price Code 1,TRACTOR TRAILER 1 MOBILE PANTRY,False,Food Bank of Northeast Georgia,01,30607.0,Athens,USDA CANNED SALMON,Dry Dry Dry Dry Proteins
812,179811,8783,F2KBANKS,Food 2 Kids Banks County,482423,,DIRECT ASSISTANCE,DIRECT ASSISTANCE-Agency,USDA,N-50-10308,1,0,0,0.0,23,BANKS,0.0,5/15/2024 16:00,5/15/2024 13:59,Price Code 1,TRUCK 1 MOBILE PANTRY,False,Food Bank of Northeast Georgia,01,30607.0,Athens,USDA RAISINS,Dry Dry Dry Dry Fruits
845,176010,5938,H-146,"Homer Methodist Church, Inc.",478638,,FP/OP/USDA,FOOD PANTRY-Agency,BLUE RECEIPT-SHL,C-28-10001,130,0,0,3.9,130,BANKS,0.03,2/22/2024 8:50,2/22/2024 10:14,Price Code 1,CUSTOMER PICKUP,False,Sharing Floor Athens,01-SH,30547.0,Homer,"PRODUCE, FRESH SHL",Cooled Cooled Cooled Cooled Mixed Produce
439,181427,5407,N-114,New Life Fellowship,484031,,FP/USDA,EMERGENCY-Agency,BLUE RECEIPT-SHL,F-15-10000,14,0,0,2.52,14,BANKS,0.18,5/28/2024 14:32,5/28/2024 9:32,Price Code 1,CUSTOMER PICKUP,False,Sharing Floor Athens,01-SH,30510.0,Alto,"MEAT & SEAFOOD, FROZEN SHL",Frozen Frozen Frozen Frozen Proteins
459,178640,842,A-138,Alto C.H. Church Benevolent- The Grace House,481256,,FP/GNAP/USDA,FOOD PANTRY-Agency,USDA,N-50-10021,8,0,0,38.88,216,BANKS,0.18,4/25/2024 11:00,4/25/2024 11:14,Price Code 1,CUSTOMER PICKUP,False,Rabun Warehouse,02,30510.0,Alto,USDA DICED TOMATOES NO SALT CCC,Dry Dry Dry Dry Vegetables
812,172020,1791,F2KBANKS,Food 2 Kids Banks County,475651,,DIRECT ASSISTANCE,DIRECT ASSISTANCE-Agency,USDA,N-50-10079,5,0,0,0.0,130,BANKS,0.0,1/3/2024 12:00,1/16/2024 8:20,Price Code 1,TRUCK 1 MOBILE PANTRY,False,Food Bank of Northeast Georgia,01,30607.0,Athens,USDA WALNUT HALVES AND PIECES,Dry Dry Dry Dry Proteins
805,175168,4761,D-105,Damascus Baptist Church,477797,,FP/USDA,FOOD PANTRY-Agency,USDA,F-50-90454,5,0,0,0.0,155,BANKS,0.0,2/12/2024 14:05,2/20/2024 14:46,Price Code 1,CUSTOMER PICKUP,False,Food Bank of Northeast Georgia,01,30547.0,Homer,USDA FROZEN STRAWBERRIES CCC,Frozen Frozen Frozen Frozen Fruits
805,172617,5407,D-105,Damascus Baptist Church,476248,,FP/USDA,FOOD PANTRY-Agency,BLUE RECEIPT-SHL,F-15-10000,64,0,0,11.52,64,BANKS,0.18,1/5/2024 14:05,1/5/2024 11:41,Price Code 1,CUSTOMER PICKUP,False,Sharing Floor Athens,01-SH,30547.0,Homer,"MEAT & SEAFOOD, FROZEN SHL",Frozen Frozen Frozen Frozen Proteins
845,172484,170,H-146,"Homer Methodist Church, Inc.",476115,,FP/OP/USDA,FOOD PANTRY-Agency,USDA,N-50-10007,3,0,0,15.12,84,BANKS,0.18,1/9/2024 13:30,1/26/2024 13:43,Price Code 1,CUSTOMER PICKUP,False,Food Bank of Northeast Georgia,01,30547.0,Homer,"USDA CORN, WHOLE KERNEL NO SALT",Dry Dry Dry Dry Vegetables
979,177286,8963,G-135,Gillsville Baptist Church INC,479906,,FP/OP/USDA,FOOD PANTRY-Agency,YELLOW RECEIPT - SHN,N-25-11960,12,0,0,23.76,132,BANKS,0.18,3/20/2024 7:34,3/20/2024 12:56,Price Code 1,CUSTOMER PICKUP,False,Food Bank of Northeast Georgia,01,30543.0,Gillsville,"TAPIOCA PUDDING, BEST CHOICE",Dry Dry Dry Dry Food Misc.
812,182375,9043,F2KBANKS,Food 2 Kids Banks County,484979,,DIRECT ASSISTANCE,DIRECT ASSISTANCE-Agency,GNAP,N-40-10277,34,0,0,0.0,272,BANKS,0.0,6/21/2024 8:00,7/9/2024 8:54,Price Code 1,CUSTOMER PICKUP,False,Food Bank of Northeast Georgia,01,30607.0,Athens,GNAP DELUXE SHELLS & CHEESE,Dry Dry Dry Dry Prepared Meals
845,181963,696,H-146,"Homer Methodist Church, Inc.",484567,,FP/OP/USDA,FOOD PANTRY-Agency,LOCAL - LL,W-25-10000,6,0,0,0.3,6,BANKS,0.05,6/6/2024 8:50,6/6/2024 10:13,Price Code 1,CUSTOMER PICKUP,False,Sharing Floor Athens,01-SH,30547.0,Homer,"ASSORTED SNACK ITEMS, LL",Dry Dry Dry Dry Food Misc.
812,172020,8853,F2KBANKS,Food 2 Kids Banks County,475651,,DIRECT ASSISTANCE,DIRECT ASSISTANCE-Agency,PURCH,N-23-10011,6,0,0,0.0,78,BANKS,0.0,1/3/2024 12:00,1/16/2024 8:20,Price Code 1,TRUCK 1 MOBILE PANTRY,False,Food Bank of Northeast Georgia,01,30607.0,Athens,"CRUNCHY PEANUT BUTTER, MEIJER",Dry Dry Dry Dry Proteins
845,182641,8973,H-146,"Homer Methodist Church, Inc.",FAIMPORT485244,,FP/OP/USDA,FOOD PANTRY-Agency,BLUE RECEIPT-SHL,MCC-16-10001,1,0,0,0.0,1,BANKS,0.0,6/27/2024 0:00,6/27/2024 0:00,Price Code 1,CUSTOMER PICKUP,False,Food Bank of Northeast Georgia,01,30547.0,Homer,"COOLER FOOD MISC., SHL RETAIL PICKUP",Dry Dry Dry Dry Food Misc.
845,173240,683,H-146,"Homer Methodist Church, Inc.",476870,,FP/OP/USDA,FOOD PANTRY-Agency,BLUE RECEIPT-SHL,W-16-10001,232,0,0,41.76,232,BANKS,0.18,1/18/2024 8:50,1/18/2024 10:22,Price Code 1,CUSTOMER PICKUP,False,Sharing Floor Athens,01-SH,30547.0,Homer,MISC. FOOD BOX SHL,Dry Dry Dry Dry Food Misc.
812,179556,8783,F2KBANKS,Food 2 Kids Banks County,482169,,DIRECT ASSISTANCE,DIRECT ASSISTANCE-Agency,USDA,N-50-10308,4,0,0,0.0,92,BANKS,0.0,5/1/2024 16:00,5/2/2024 10:35,Price Code 1,TRUCK 1 MOBILE PANTRY,False,Food Bank of Northeast Georgia,01,30607.0,Athens,USDA RAISINS,Dry Dry Dry Dry Fruits
439,180333,5407,N-114,New Life Fellowship,482939,,FP/USDA,EMERGENCY-Agency,BLUE RECEIPT-SHL,F-15-10000,9,0,0,1.62,9,BANKS,0.18,5/7/2024 14:32,5/7/2024 9:26,Price Code 1,CUSTOMER PICKUP,False,Sharing Floor Athens,01-SH,30510.0,Alto,"MEAT & SEAFOOD, FROZEN SHL",Frozen Frozen Frozen Frozen Proteins
812,173546,7246,F2KBANKS,Food 2 Kids Banks County,477175,,DIRECT ASSISTANCE,DIRECT ASSISTANCE-Agency,GNAP,N-40-10245,10,0,0,0.0,220,BANKS,0.0,2/7/2024 15:30,2/8/2024 5:14,Price Code 1,TRUCK 1 MOBILE PANTRY,False,Food Bank of Northeast Georgia,01,30607.0,Athens,GNAP TRADITIONAL PASTA SAUCE,Dry Dry Dry Dry Vegetables
845,181832,8973,H-146,"Homer Methodist Church, Inc.",FAIMPORT484436,,FP/OP/USDA,FOOD PANTRY-Agency,BLUE RECEIPT-SHL,MCC-16-10001,4,0,0,0.0,4,BANKS,0.0,6/1/2024 0:00,6/1/2024 0:00,Price Code 1,CUSTOMER PICKUP,False,Food Bank of Northeast Georgia,01,30547.0,Homer,"COOLER FOOD MISC., SHL RETAIL PICKUP",Dry Dry Dry Dry Food Misc.
805,181444,3203,D-105,Damascus Baptist Church,484048,,FP/USDA,FOOD PANTRY-Agency,USDA,N-50-10289,2,0,0,9.0,50,BANKS,0.18,6/4/2024 10:30,6/4/2024 9:03,Price Code 1,CUSTOMER PICKUP,False,Food Bank of Northeast Georgia,01,30547.0,Homer,USDA PECAN PIECES,Dry Dry Dry Dry Proteins
812,173546,5938,F2KBANKS,Food 2 Kids Banks County,477175,,DIRECT ASSISTANCE,DIRECT ASSISTANCE-Agency,BLUE RECEIPT-SHL,C-28-10001,700,0,0,0.0,700,BANKS,0.0,2/7/2024 15:30,2/8/2024 5:14,Price Code 1,TRUCK 1 MOBILE PANTRY,False,Food Bank of Northeast Georgia,01,30607.0,Athens,"PRODUCE, FRESH SHL",Cooled Cooled Cooled Cooled Mixed Produce
845,180140,8976,H-146,"Homer Methodist Church, Inc.",FAIMPORT482747,,FP/OP/USDA,FOOD PANTRY-Agency,BLUE RECEIPT-SHL,MCC-28-10001,5,0,0,0.0,5,BANKS,0.0,5/2/2024 0:00,5/2/2024 0:00,Price Code 1,CUSTOMER PICKUP,False,Food Bank of Northeast Georgia,01,30547.0,Homer,"PRODUCE, SHL RETAIL PICKUPS",Dry Dry Dry Dry Mixed Produce
805,180352,9014,D-105,Damascus Baptist Church,482958,,FP/USDA,FOOD PANTRY-Agency,PURCH,N-27-10136,2,0,104,9.72,54,BANKS,0.18,5/14/2024 9:00,5/14/2024 9:10,Price Code 1,CUSTOMER PICKUP,False,Food Bank of Northeast Georgia,01,30547.0,Homer,"GREEN BEANS, HARVEST VALLEY",Dry Dry Dry Dry Vegetables
805,176670,7284,D-105,Damascus Baptist Church,479293,,FP/USDA,FOOD PANTRY-Agency,USDA,C-50-10043,4,0,0,10.4,104,BANKS,0.1,3/11/2024 14:05,3/11/2024 9:06,Price Code 1,CUSTOMER PICKUP,False,Food Bank of Northeast Georgia,01,30547.0,Homer,USDA RED FAT AMERICAN CHEESE CCC,Cooled Cooled Cooled Cooled Dairy
812,173102,2573,F2KBANKS,Food 2 Kids Banks County,476732,,DIRECT ASSISTANCE,DIRECT ASSISTANCE-Agency,GNAP,N-40-10204,3,0,0,0.0,57,BANKS,0.0,1/17/2024 12:00,1/29/2024 9:33,Price Code 1,TRACTOR TRAILER 1 MOBILE PANTRY,False,Food Bank of Northeast Georgia,01,30607.0,Athens,GNAP CHICKEN & RICE SOUP,Dry Dry Dry Dry Prepared Meals
845,172928,92,H-146,"Homer Methodist Church, Inc.",476559,,FP/OP/USDA,FOOD PANTRY-Agency,LOCAL - LL,W-01-10002,5,0,0,0.9,5,BANKS,0.18,1/11/2024 8:50,1/11/2024 10:37,Price Code 1,CUSTOMER PICKUP,False,Sharing Floor Athens,01-SH,30547.0,Homer,"ASSORTED NON-FOOD ITEMS, LL",Dry Dry Dry Dry Non-Food Misc.
805,178140,8995,D-105,Damascus Baptist Church,480759,,FP/USDA,FOOD PANTRY-Agency,BLUE RECEIPT-SHL,N-21-10067,4,0,0,3.6,20,BANKS,0.18,4/9/2024 14:05,4/9/2024 9:11,Price Code 1,CUSTOMER PICKUP,False,Food Bank of Northeast Georgia,01,30547.0,Homer,"RAMEN, MARUCHAN SHRIMP",Dry Dry Dry Dry Prepared Meals
845,181816,3139,H-146,"Homer Methodist Church, Inc.",484420,,FP/OP/USDA,FOOD PANTRY-Agency,USDA,N-50-10290,6,0,0,27.0,150,BANKS,0.18,6/18/2024 9:00,6/18/2024 9:22,Price Code 1,CUSTOMER PICKUP,False,Food Bank of Northeast Georgia,01,30547.0,Homer,USDA WHOLE ALMONDS DRY ROASTED,Dry Dry Dry Dry Proteins
439,176673,5407,N-114,New Life Fellowship,479296,,FP/USDA,EMERGENCY-Agency,BLUE RECEIPT-SHL,F-15-10000,54,0,0,9.72,54,BANKS,0.18,3/5/2024 14:32,3/5/2024 9:25,Price Code 1,CUSTOMER PICKUP,False,Sharing Floor Athens,01-SH,30510.0,Alto,"MEAT & SEAFOOD, FROZEN SHL",Frozen Frozen Frozen Frozen Proteins
812,172020,1047,F2KBANKS,Food 2 Kids Banks County,475651,,DIRECT ASSISTANCE,DIRECT ASSISTANCE-Agency,USDA,N-50-10041,6,0,0,0.0,294,BANKS,0.0,1/3/2024 12:00,1/16/2024 8:20,Price Code 1,TRUCK 1 MOBILE PANTRY,False,Food Bank of Northeast Georgia,01,30607.0,Athens,USDA RICE,Dry Dry Dry Dry Grains
575,172910,1791,G-121,"Get Real Ministries, Inc.",476541,,FP/GNAP/USDA,FOOD PANTRY-Agency,USDA,N-50-10079,13,0,0,0.0,338,BANKS,0.0,1/16/2024 10:40,1/16/2024 13:28,Price Code 1,CUSTOMER PICKUP,False,Rabun Warehouse,02,30511.0,Baldwin,USDA WALNUT HALVES AND PIECES,Dry Dry Dry Dry Proteins
812,178655,8995,F2KBANKS,Food 2 Kids Banks County,481271,,DIRECT ASSISTANCE,DIRECT ASSISTANCE-Agency,BLUE RECEIPT-SHL,N-21-10067,10,0,0,0.0,50,BANKS,0.0,4/17/2024 16:00,4/24/2024 11:38,Price Code 1,TRUCK 1 MOBILE PANTRY,False,Food Bank of Northeast Georgia,01,30607.0,Athens,"RAMEN, MARUCHAN SHRIMP",Dry Dry Dry Dry Prepared Meals
1012,173672,8907,B-140,"Banks County Family Connection, Inc.",477301,,FP/USDA,AFTER SCHOOL PROGRAM-Agency,GNAP,N-40-10267,9,0,0,11.7,117,BANKS,0.1,2/7/2024 10:42,2/7/2024 9:44,Price Code 1,CUSTOMER PICKUP,False,Food Bank of Northeast Georgia,01,30547.0,Homer,GNAP SPAGHETTI W/ MEATBALLS,Dry Dry Dry Dry Prepared Meals
575,177451,842,G-121,"Get Real Ministries, Inc.",480071,,FP/GNAP/USDA,FOOD PANTRY-Agency,USDA,N-50-10021,13,0,0,0.0,351,BANKS,0.0,3/18/2024 10:40,3/20/2024 9:03,Price Code 1,CUSTOMER PICKUP,False,Rabun Warehouse,02,30511.0,Baldwin,USDA DICED TOMATOES NO SALT CCC,Dry Dry Dry Dry Vegetables
439,180333,696,N-114,New Life Fellowship,482939,,FP/USDA,EMERGENCY-Agency,LOCAL - LL,W-25-10000,17,0,0,3.06,17,BANKS,0.18,5/7/2024 14:32,5/7/2024 9:26,Price Code 1,CUSTOMER PICKUP,False,Sharing Floor Athens,01-SH,30510.0,Alto,"ASSORTED SNACK ITEMS, LL",Dry Dry Dry Dry Food Misc.
812,179811,842,F2KBANKS,Food 2 Kids Banks County,482423,,DIRECT ASSISTANCE,DIRECT ASSISTANCE-Agency,USDA,N-50-10021,1,0,0,0.0,27,BANKS,0.0,5/15/2024 16:00,5/15/2024 13:59,Price Code 1,TRUCK 1 MOBILE PANTRY,False,Food Bank of Northeast Georgia,01,30607.0,Athens,USDA DICED TOMATOES NO SALT CCC,Dry Dry Dry Dry Vegetables
812,179556,8720,F2KBANKS,Food 2 Kids Banks County,482169,,DIRECT ASSISTANCE,DIRECT ASSISTANCE-Agency,USDA,N-50-10305,10,0,0,0.0,140,BANKS,0.0,5/1/2024 16:00,5/2/2024 10:35,Price Code 1,TRUCK 1 MOBILE PANTRY,False,Food Bank of Northeast Georgia,01,30607.0,Athens,USDA MIXED VegetablesCCC,Dry Dry Dry Dry Vegetables
845,178304,50,H-146,"Homer Methodist Church, Inc.",480920,,FP/OP/USDA,FOOD PANTRY-Agency,LOCAL - LL,W-16-10002,184,0,0,33.12,184,BANKS,0.18,4/4/2024 8:50,4/4/2024 10:15,Price Code 1,CUSTOMER PICKUP,False,Sharing Floor Athens,01-SH,30547.0,Homer,MISC. FOOD BOX LL,Dry Dry Dry Dry Food Misc.
812,178655,4449,F2KBANKS,Food 2 Kids Banks County,481271,,DIRECT ASSISTANCE,DIRECT ASSISTANCE-Agency,USDA,F-50-90445,3,0,0,0.0,123,BANKS,0.0,4/17/2024 16:00,4/24/2024 11:38,Price Code 1,TRUCK 1 MOBILE PANTRY,False,Food Bank of Northeast Georgia,01,30607.0,Athens,USDA FULLY COOKED PULLED PORK CCC,Frozen Frozen Frozen Frozen Proteins
1012,176443,8977,B-140,"Banks County Family Connection, Inc.",479067,,FP/USDA,AFTER SCHOOL PROGRAM-Agency,LOCAL - LL,N-25-11964,3,0,0,14.04,78,BANKS,0.18,3/5/2024 13:29,3/5/2024 13:16,Price Code 1,CUSTOMER PICKUP,False,Food Bank of Northeast Georgia,01,30547.0,Homer,COMBOS CHEDDAR CHEESE BAKED PRETZEL SNACKS,Dry Dry Dry Dry Food Misc.
805,181444,8690,D-105,Damascus Baptist Church,484048,,FP/USDA,FOOD PANTRY-Agency,USDA,N-50-10302,5,0,0,12.6,70,BANKS,0.18,6/4/2024 10:30,6/4/2024 9:03,Price Code 1,CUSTOMER PICKUP,False,Food Bank of Northeast Georgia,01,30547.0,Homer,USDA GREEN BEANS CCC,Dry Dry Dry Dry Vegetables
812,175978,6420,F2KBANKS,Food 2 Kids Banks County,478606,,DIRECT ASSISTANCE,DIRECT ASSISTANCE-Agency,BLUE RECEIPT-SHL,C-28-90141,5,0,0,0.0,250,BANKS,0.0,2/21/2024 15:00,2/23/2024 7:08,Price Code 1,TRUCK 1 MOBILE PANTRY,False,Food Bank of Northeast Georgia,01,30607.0,Athens,ONIONS,Cooled Cooled Cooled Cooled Vegetables
812,176503,8903,F2KBANKS,Food 2 Kids Banks County,479127,,DIRECT ASSISTANCE,DIRECT ASSISTANCE-Agency,YELLOW RECEIPT - SHN,N-16-10181,6,0,0,0.0,30,BANKS,0.0,3/6/2024 15:30,3/8/2024 7:52,Price Code 1,TRUCK 1 MOBILE PANTRY,False,Food Bank of Northeast Georgia,01,30607.0,Athens,STOVE TOP STUFFING - TURKEY/CHICKEN/CORNBREAD,Dry Dry Dry Dry Prepared Meals
805,178584,683,D-105,Damascus Baptist Church,481200,,FP/USDA,FOOD PANTRY-Agency,BLUE RECEIPT-SHL,W-16-10001,47,0,0,8.46,47,BANKS,0.18,4/9/2024 14:05,4/9/2024 9:16,Price Code 1,CUSTOMER PICKUP,False,Sharing Floor Athens,01-SH,30547.0,Homer,MISC. FOOD BOX SHL,Dry Dry Dry Dry Food Misc.
439,178336,8720,N-114,New Life Fellowship,480952,,FP/USDA,EMERGENCY-Agency,USDA,N-50-10305,12,0,0,30.24,168,BANKS,0.18,4/9/2024 14:32,4/9/2024 11:05,Price Code 1,CUSTOMER PICKUP,False,Rabun Warehouse,02,30510.0,Alto,USDA MIXED VegetablesCCC,Dry Dry Dry Dry Vegetables
812,176503,875,F2KBANKS,Food 2 Kids Banks County,479127,,DIRECT ASSISTANCE,DIRECT ASSISTANCE-Agency,BLUE RECEIPT-SHL,W-04-10000,175,0,0,0.0,175,BANKS,0.0,3/6/2024 15:30,3/8/2024 7:52,Price Code 1,TRUCK 1 MOBILE PANTRY,False,Food Bank of Northeast Georgia,01,30607.0,Athens,"BREAD & BAKERY, ASSORTED SHL",Dry Dry Dry Dry Grains
575,180871,8690,G-121,"Get Real Ministries, Inc.",483477,,FP/GNAP/USDA,FOOD PANTRY-Agency,USDA,N-50-10302,26,0,0,0.0,364,BANKS,0.0,5/20/2024 9:00,5/21/2024 16:15,Price Code 1,CUSTOMER PICKUP,False,Rabun Warehouse,02,30511.0,Baldwin,USDA GREEN BEANS CCC,Dry Dry Dry Dry Vegetables
439,172446,8628,N-114,New Life Fellowship,476077,,FP/USDA,EMERGENCY-Agency,YELLOW RECEIPT - SHN,N-27-10129,12,0,0,17.28,96,BANKS,0.18,1/8/2024 11:00,1/8/2024 10:40,Price Code 1,CUSTOMER PICKUP,False,Rabun Warehouse,02,30510.0,Alto,HUNTS DICED TOMATOES,Dry Dry Dry Dry Vegetables
805,181874,683,D-105,Damascus Baptist Church,484478,,FP/USDA,FOOD PANTRY-Agency,BLUE RECEIPT-SHL,W-16-10001,107,0,0,19.26,107,BANKS,0.18,6/4/2024 14:05,6/4/2024 9:18,Price Code 1,CUSTOMER PICKUP,False,Sharing Floor Athens,01-SH,30547.0,Homer,MISC. FOOD BOX SHL,Dry Dry Dry Dry Food Misc.
439,182313,5958,N-114,New Life Fellowship,484917,,FP/USDA,EMERGENCY-Agency,BLUE RECEIPT-SHL,C-16-10001,63,0,0,11.34,63,BANKS,0.18,6/18/2024 14:32,6/18/2024 9:33,Price Code 1,CUSTOMER PICKUP,False,Sharing Floor Athens,01-SH,30510.0,Alto,"COOLER FOOD, MISC. SHL",Cooled Cooled Cooled Cooled Food Misc.
812,173546,8874,F2KBANKS,Food 2 Kids Banks County,477175,,DIRECT ASSISTANCE,DIRECT ASSISTANCE-Agency,YELLOW RECEIPT - SHN,F-10-10002,5,0,0,0.0,15,BANKS,0.0,2/7/2024 15:30,2/8/2024 5:14,Price Code 1,TRUCK 1 MOBILE PANTRY,False,Food Bank of Northeast Georgia,01,30607.0,Athens,OUTSHINE TROPICAL SMOOTHIE CUBES,Frozen Frozen Frozen Frozen Beverages
774,172569,6981,FBBB-17,Banks: Homer UMC Senior Staples Program,476200,,BROWN BAG,FB BROWN BAG-Agency,USDA,C-50-10018,4,0,0,0.0,76,BANKS,0.0,1/9/2024 11:00,1/11/2024 8:46,Mobile Pantry/Feed Site Only,CUSTOMER PICKUP,False,Food Bank of Northeast Georgia,01,30547.0,Homer,USDA FRESH TABLE GRAPES CCC,Cooled Cooled Cooled Cooled Fruits
845,177303,50,H-146,"Homer Methodist Church, Inc.",479923,,FP/OP/USDA,FOOD PANTRY-Agency,LOCAL - LL,W-16-10002,143,0,0,25.74,143,BANKS,0.18,3/14/2024 8:50,3/14/2024 10:34,Price Code 1,CUSTOMER PICKUP,False,Sharing Floor Athens,01-SH,30547.0,Homer,MISC. FOOD BOX LL,Dry Dry Dry Dry Food Misc.
575,175845,7061,G-121,"Get Real Ministries, Inc.",478473,,FP/GNAP/USDA,FOOD PANTRY-Agency,USDA,C-50-10021,45,0,0,0.0,1890,BANKS,0.0,2/20/2024 10:40,2/23/2024 8:29,Price Code 1,CUSTOMER PICKUP,False,Rabun Warehouse,02,30511.0,Baldwin,USDA FRESH ORANGES,Cooled Cooled Cooled Cooled Fruits
979,180758,6780,G-135,Gillsville Baptist Church INC,483364,,FP/OP/USDA,FOOD PANTRY-Agency,USDA,C-50-10024,4,0,0,17.2,172,BANKS,0.1,5/17/2024 12:30,5/17/2024 12:19,Price Code 1,CUSTOMER PICKUP,False,Food Bank of Northeast Georgia,01,30543.0,Gillsville,USDA APPLES,Cooled Cooled Cooled Cooled Fruits
1012,178996,1045,B-140,"Banks County Family Connection, Inc.",481610,,FP/USDA,AFTER SCHOOL PROGRAM-Agency,BLUE RECEIPT-SHL,W-25-10009,76,0,0,13.68,76,BANKS,0.18,4/15/2024 14:44,4/15/2024 14:47,Price Code 1,CUSTOMER PICKUP,False,Sharing Floor Athens,01-SH,30547.0,Homer,"ASSORTED SNACK ITEMS, SHL",Dry Dry Dry Dry Food Misc.
439,181427,875,N-114,New Life Fellowship,484031,,FP/USDA,EMERGENCY-Agency,BLUE RECEIPT-SHL,W-04-10000,4,0,0,0.0,4,BANKS,0.0,5/28/2024 14:32,5/28/2024 9:32,Price Code 1,CUSTOMER PICKUP,False,Sharing Floor Athens,01-SH,30510.0,Alto,"BREAD & BAKERY, ASSORTED SHL",Dry Dry Dry Dry Grains
805,175472,5407,D-105,Damascus Baptist Church,478101,,FP/USDA,FOOD PANTRY-Agency,BLUE RECEIPT-SHL,F-15-10000,45,0,0,8.1,45,BANKS,0.18,2/12/2024 14:05,2/12/2024 9:36,Price Code 1,CUSTOMER PICKUP,False,Sharing Floor Athens,01-SH,30547.0,Homer,"MEAT & SEAFOOD, FROZEN SHL",Frozen Frozen Frozen Frozen Proteins
805,172402,8720,D-105,Damascus Baptist Church,476033,,FP/USDA,FOOD PANTRY-Agency,USDA,N-50-10305,4,0,0,10.08,56,BANKS,0.18,1/9/2024 14:05,1/9/2024 10:24,Price Code 1,CUSTOMER PICKUP,False,Food Bank of Northeast Georgia,01,30547.0,Homer,USDA MIXED VegetablesCCC,Dry Dry Dry Dry Vegetables
812,172020,8862,F2KBANKS,Food 2 Kids Banks County,475651,,DIRECT ASSISTANCE,DIRECT ASSISTANCE-Agency,LOCAL - LL,N-25-11940,14,0,0,0.0,42,BANKS,0.0,1/3/2024 12:00,1/16/2024 8:20,Price Code 1,TRUCK 1 MOBILE PANTRY,False,Food Bank of Northeast Georgia,01,30607.0,Athens,FEASTABLES PEANUT BUTTER CHOC SNACK BARS,Dry Dry Dry Dry Food Misc.
812,182531,9132,F2KBANKS,Food 2 Kids Banks County,485134,,DIRECT ASSISTANCE,DIRECT ASSISTANCE-Agency,PURCH,N-15-10050,1,0,0,0.0,18,BANKS,0.0,6/27/2024 11:33,6/27/2024 10:02,Price Code 1,TRACTOR TRAILER 1 MOBILE PANTRY,False,Food Bank of Northeast Georgia,01,30607.0,Athens,TUNA CHUNK LIGHT IN WATER,Dry Dry Dry Dry Proteins
979,182054,8690,G-135,Gillsville Baptist Church INC,484658,,FP/OP/USDA,FOOD PANTRY-Agency,USDA,N-50-10302,4,0,0,10.08,56,BANKS,0.18,6/21/2024 11:30,6/21/2024 14:17,Price Code 1,CUSTOMER PICKUP,False,Food Bank of Northeast Georgia,01,30543.0,Gillsville,USDA GREEN BEANS CCC,Dry Dry Dry Dry Vegetables
979,177286,7061,G-135,Gillsville Baptist Church INC,479906,,FP/OP/USDA,FOOD PANTRY-Agency,USDA,C-50-10021,4,0,0,16.8,168,BANKS,0.1,3/20/2024 7:34,3/20/2024 12:56,Price Code 1,CUSTOMER PICKUP,False,Food Bank of Northeast Georgia,01,30543.0,Gillsville,USDA FRESH ORANGES,Cooled Cooled Cooled Cooled Fruits
845,179188,8976,H-146,"Homer Methodist Church, Inc.",FAIMPORT481801,,FP/OP/USDA,FOOD PANTRY-Agency,BLUE RECEIPT-SHL,MCC-28-10001,29,0,0,0.0,29,BANKS,0.0,4/17/2024 0:00,4/17/2024 0:00,Price Code 1,CUSTOMER PICKUP,False,Food Bank of Northeast Georgia,01,30547.0,Homer,"PRODUCE, SHL RETAIL PICKUPS",Dry Dry Dry Dry Mixed Produce
459,178640,8497,A-138,Alto C.H. Church Benevolent- The Grace House,481256,,FP/GNAP/USDA,FOOD PANTRY-Agency,USDA,C-50-10048,2,0,0,3.2,64,BANKS,0.05,4/25/2024 11:00,4/25/2024 11:14,Price Code 1,CUSTOMER PICKUP,False,Rabun Warehouse,02,30510.0,Alto,USDA MANDARIN ORANGES,Cooled Cooled Cooled Cooled Fruits
1012,176973,8928,B-140,"Banks County Family Connection, Inc.",479595,,FP/USDA,AFTER SCHOOL PROGRAM-Agency,BLUE RECEIPT-SHL,N-03-11803,5,0,0,0.0,80,BANKS,0.0,3/19/2024 15:12,3/19/2024 14:02,Price Code 1,CUSTOMER PICKUP,False,Food Bank of Northeast Georgia,01,30547.0,Homer,GATORADE THIRST QUENCHER VAR PACK,Dry Dry Dry Dry Beverages
805,172402,170,D-105,Damascus Baptist Church,476033,,FP/USDA,FOOD PANTRY-Agency,USDA,N-50-10007,3,0,0,15.12,84,BANKS,0.18,1/9/2024 14:05,1/9/2024 10:24,Price Code 1,CUSTOMER PICKUP,False,Food Bank of Northeast Georgia,01,30547.0,Homer,"USDA CORN, WHOLE KERNEL NO SALT",Dry Dry Dry Dry Vegetables
805,175168,1047,D-105,Damascus Baptist Church,477797,,FP/USDA,FOOD PANTRY-Agency,USDA,N-50-10041,2,0,0,17.64,98,BANKS,0.18,2/12/2024 14:05,2/20/2024 14:46,Price Code 1,CUSTOMER PICKUP,False,Food Bank of Northeast Georgia,01,30547.0,Homer,USDA RICE,Dry Dry Dry Dry Grains
845,178801,683,H-146,"Homer Methodist Church, Inc.",481415,,FP/OP/USDA,FOOD PANTRY-Agency,BLUE RECEIPT-SHL,W-16-10001,31,0,0,5.58,31,BANKS,0.18,4/11/2024 8:50,4/11/2024 10:11,Price Code 1,CUSTOMER PICKUP,False,Sharing Floor Athens,01-SH,30547.0,Homer,MISC. FOOD BOX SHL,Dry Dry Dry Dry Food Misc.
805,175410,683,D-105,Damascus Baptist Church,478039,,FP/USDA,FOOD PANTRY-Agency,BLUE RECEIPT-SHL,W-16-10001,35,0,0,6.3,35,BANKS,0.18,2/9/2024 14:05,2/9/2024 11:21,Price Code 1,CUSTOMER PICKUP,False,Sharing Floor Athens,01-SH,30547.0,Homer,MISC. FOOD BOX SHL,Dry Dry Dry Dry Food Misc.
812,182533,5637,F2KBANKS,Food 2 Kids Banks County,485136,,DIRECT ASSISTANCE,DIRECT ASSISTANCE-Agency,USDA,F-50-90019,4,0,0,0.0,120,BANKS,0.0,6/27/2024 11:09,6/27/2024 10:01,Price Code 1,TRUCK 2 MOBILE PANTRY,False,Food Bank of Northeast Georgia,01,30607.0,Athens,USDA FROZEN BLUEBERRIES CCC,Frozen Frozen Frozen Frozen Fruits
439,181427,683,N-114,New Life Fellowship,484031,,FP/USDA,EMERGENCY-Agency,BLUE RECEIPT-SHL,W-16-10001,111,0,0,19.98,111,BANKS,0.18,5/28/2024 14:32,5/28/2024 9:32,Price Code 1,CUSTOMER PICKUP,False,Sharing Floor Athens,01-SH,30510.0,Alto,MISC. FOOD BOX SHL,Dry Dry Dry Dry Food Misc.
845,172484,3139,H-146,"Homer Methodist Church, Inc.",476115,,FP/OP/USDA,FOOD PANTRY-Agency,USDA,N-50-10290,6,0,0,27.0,150,BANKS,0.18,1/9/2024 13:30,1/26/2024 13:43,Price Code 1,CUSTOMER PICKUP,False,Food Bank of Northeast Georgia,01,30547.0,Homer,USDA WHOLE ALMONDS DRY ROASTED,Dry Dry Dry Dry Proteins
812,172020,5407,F2KBANKS,Food 2 Kids Banks County,475651,,DIRECT ASSISTANCE,DIRECT ASSISTANCE-Agency,BLUE RECEIPT-SHL,F-15-10000,5073,0,0,0.0,5073,BANKS,0.0,1/3/2024 12:00,1/16/2024 8:20,Price Code 1,TRUCK 1 MOBILE PANTRY,False,Food Bank of Northeast Georgia,01,30607.0,Athens,"MEAT & SEAFOOD, FROZEN SHL",Frozen Frozen Frozen Frozen Proteins
812,177214,8963,F2KBANKS,Food 2 Kids Banks County,479834,,DIRECT ASSISTANCE,DIRECT ASSISTANCE-Agency,YELLOW RECEIPT - SHN,N-25-11960,7,0,0,0.0,77,BANKS,0.0,3/20/2024 16:00,3/27/2024 10:01,Price Code 1,TRACTOR TRAILER 1 MOBILE PANTRY,False,Food Bank of Northeast Georgia,01,30607.0,Athens,"TAPIOCA PUDDING, BEST CHOICE",Dry Dry Dry Dry Food Misc.
1012,173203,696,B-140,"Banks County Family Connection, Inc.",476833,,FP/USDA,AFTER SCHOOL PROGRAM-Agency,LOCAL - LL,W-25-10000,48,0,0,8.64,48,BANKS,0.18,1/17/2024 14:40,1/17/2024 14:41,Price Code 1,CUSTOMER PICKUP,False,Sharing Floor Athens,01-SH,30547.0,Homer,"ASSORTED SNACK ITEMS, LL",Dry Dry Dry Dry Food Misc.
805,180352,8873,D-105,Damascus Baptist Church,482958,,FP/USDA,FOOD PANTRY-Agency,YELLOW RECEIPT - SHN,F-10-10001,8,0,0,0.72,24,BANKS,0.03,5/14/2024 9:00,5/14/2024 9:10,Price Code 1,CUSTOMER PICKUP,False,Food Bank of Northeast Georgia,01,30547.0,Homer,OUTSHINE STRAWBERRY BANANA SMOOTHIE CUBES,Frozen Frozen Frozen Frozen Beverages
439,176673,688,N-114,New Life Fellowship,479296,,FP/USDA,EMERGENCY-Agency,BLUE RECEIPT-SHL,W-01-10000,14,0,0,2.52,14,BANKS,0.18,3/5/2024 14:32,3/5/2024 9:25,Price Code 1,CUSTOMER PICKUP,False,Sharing Floor Athens,01-SH,30510.0,Alto,"ASSORTED NON-FOOD ITEMS, SHL",Dry Dry Dry Dry Non-Food Misc.
439,179419,5938,N-114,New Life Fellowship,482032,,FP/USDA,EMERGENCY-Agency,BLUE RECEIPT-SHL,C-28-10001,95,0,0,2.85,95,BANKS,0.03,4/23/2024 14:32,4/23/2024 9:25,Price Code 1,CUSTOMER PICKUP,False,Sharing Floor Athens,01-SH,30510.0,Alto,"PRODUCE, FRESH SHL",Cooled Cooled Cooled Cooled Mixed Produce
812,180921,9052,F2KBANKS,Food 2 Kids Banks County,483527,,DIRECT ASSISTANCE,DIRECT ASSISTANCE-Agency,GNAP,N-40-10283,8,0,0,0.0,160,BANKS,0.0,5/20/2024 9:00,6/3/2024 8:50,Price Code 1,CUSTOMER PICKUP,False,Food Bank of Northeast Georgia,01,30607.0,Athens,"GNAP 100% ORANGE TANGERINE JUICE, SINGLE SERVE",Dry Dry Dry Dry Beverages
575,182298,6676,G-121,"Get Real Ministries, Inc.",484902,,FP/GNAP/USDA,FOOD PANTRY-Agency,USDA,C-50-10009,10,0,0,0.0,450,BANKS,0.0,6/18/2024 10:40,6/20/2024 16:14,Price Code 1,CUSTOMER PICKUP,False,Rabun Warehouse,02,30511.0,Baldwin,"USDA APPLES, FRESH",Cooled Cooled Cooled Cooled Fruits
805,181444,2202,D-105,Damascus Baptist Church,484048,,FP/USDA,FOOD PANTRY-Agency,USDA,N-50-10240,3,0,0,11.88,66,BANKS,0.18,6/4/2024 10:30,6/4/2024 9:03,Price Code 1,CUSTOMER PICKUP,False,Food Bank of Northeast Georgia,01,30547.0,Homer,USDA SPAGHETTI,Dry Dry Dry Dry Grains
812,178655,8497,F2KBANKS,Food 2 Kids Banks County,481271,,DIRECT ASSISTANCE,DIRECT ASSISTANCE-Agency,USDA,C-50-10048,10,0,0,0.0,320,BANKS,0.0,4/17/2024 16:00,4/24/2024 11:38,Price Code 1,TRUCK 1 MOBILE PANTRY,False,Food Bank of Northeast Georgia,01,30607.0,Athens,USDA MANDARIN ORANGES,Cooled Cooled Cooled Cooled Fruits
812,173546,6816,F2KBANKS,Food 2 Kids Banks County,477175,,DIRECT ASSISTANCE,DIRECT ASSISTANCE-Agency,BLUE RECEIPT-SHL,C-28-90345,2,0,0,0.0,100,BANKS,0.0,2/7/2024 15:30,2/8/2024 5:14,Price Code 1,TRUCK 1 MOBILE PANTRY,False,Food Bank of Northeast Georgia,01,30607.0,Athens,CARROTS,Cooled Cooled Cooled Cooled Vegetables
845,176010,1045,H-146,"Homer Methodist Church, Inc.",478638,,FP/OP/USDA,FOOD PANTRY-Agency,BLUE RECEIPT-SHL,W-25-10009,67,0,0,12.06,67,BANKS,0.18,2/22/2024 8:50,2/22/2024 10:14,Price Code 1,CUSTOMER PICKUP,False,Sharing Floor Athens,01-SH,30547.0,Homer,"ASSORTED SNACK ITEMS, SHL",Dry Dry Dry Dry Food Misc.
575,180871,2202,G-121,"Get Real Ministries, Inc.",483477,,FP/GNAP/USDA,FOOD PANTRY-Agency,USDA,N-50-10240,15,0,0,0.0,330,BANKS,0.0,5/20/2024 9:00,5/21/2024 16:15,Price Code 1,CUSTOMER PICKUP,False,Rabun Warehouse,02,30511.0,Baldwin,USDA SPAGHETTI,Dry Dry Dry Dry Grains
845,172484,84,H-146,"Homer Methodist Church, Inc.",476115,,FP/OP/USDA,FOOD PANTRY-Agency,USDA,N-50-10006,3,0,0,14.58,81,BANKS,0.18,1/9/2024 13:30,1/26/2024 13:43,Price Code 1,CUSTOMER PICKUP,False,Food Bank of Northeast Georgia,01,30547.0,Homer,USDA GREEN BEANS,Dry Dry Dry Dry Vegetables
1012,178510,8995,B-140,"Banks County Family Connection, Inc.",481126,,FP/USDA,AFTER SCHOOL PROGRAM-Agency,BLUE RECEIPT-SHL,N-21-10067,10,0,0,9.0,50,BANKS,0.18,4/15/2024 2:30,4/15/2024 14:34,Price Code 1,CUSTOMER PICKUP,False,Food Bank of Northeast Georgia,01,30547.0,Homer,"RAMEN, MARUCHAN SHRIMP",Dry Dry Dry Dry Prepared Meals
439,172961,8720,N-114,New Life Fellowship,476591,,FP/USDA,EMERGENCY-Agency,USDA,N-50-10305,12,0,0,30.24,168,BANKS,0.18,1/23/2024 11:00,1/23/2024 10:43,Price Code 1,CUSTOMER PICKUP,False,Rabun Warehouse,02,30510.0,Alto,USDA MIXED VegetablesCCC,Dry Dry Dry Dry Vegetables
805,181444,9085,D-105,Damascus Baptist Church,484048,,FP/USDA,FOOD PANTRY-Agency,USDA,F-50-90476,2,0,0,14.4,80,BANKS,0.18,6/4/2024 10:30,6/4/2024 9:03,Price Code 1,CUSTOMER PICKUP,False,Food Bank of Northeast Georgia,01,30547.0,Homer,USDA PORK LOIN BONELESS CHOPS CCC,Frozen Frozen Frozen Frozen Proteins
812,175978,6477,F2KBANKS,Food 2 Kids Banks County,478606,,DIRECT ASSISTANCE,DIRECT ASSISTANCE-Agency,LOCAL - LL,C-28-90151,750,0,0,0.0,750,BANKS,0.0,2/21/2024 15:00,2/23/2024 7:08,Price Code 1,TRUCK 1 MOBILE PANTRY,False,Food Bank of Northeast Georgia,01,30607.0,Athens,GNAP WATERMELONS,Cooled Cooled Cooled Cooled Fruits
812,179556,4327,F2KBANKS,Food 2 Kids Banks County,482169,,DIRECT ASSISTANCE,DIRECT ASSISTANCE-Agency,USDA,N-50-10277,3,0,0,0.0,81,BANKS,0.0,5/1/2024 16:00,5/2/2024 10:35,Price Code 1,TRUCK 1 MOBILE PANTRY,False,Food Bank of Northeast Georgia,01,30607.0,Athens,USDA GARBANZO BEANS,Dry Dry Dry Dry Proteins
805,178389,683,D-105,Damascus Baptist Church,481005,,FP/USDA,FOOD PANTRY-Agency,BLUE RECEIPT-SHL,W-16-10001,123,0,0,22.14,123,BANKS,0.18,4/5/2024 14:05,4/5/2024 11:19,Price Code 1,CUSTOMER PICKUP,False,Sharing Floor Athens,01-SH,30547.0,Homer,MISC. FOOD BOX SHL,Dry Dry Dry Dry Food Misc.
812,176503,4448,F2KBANKS,Food 2 Kids Banks County,479127,,DIRECT ASSISTANCE,DIRECT ASSISTANCE-Agency,USDA,F-50-90446,1,0,0,0.0,28,BANKS,0.0,3/6/2024 15:30,3/8/2024 7:52,Price Code 1,TRUCK 1 MOBILE PANTRY,False,Food Bank of Northeast Georgia,01,30607.0,Athens,USDA FROZEN STRAWBERRY FRUIT CUPS,Frozen Frozen Frozen Frozen Fruits
439,179419,690,N-114,New Life Fellowship,482032,,FP/USDA,EMERGENCY-Agency,BLUE RECEIPT-SHL,W-03-10013,79,0,0,0.0,79,BANKS,0.0,4/23/2024 14:32,4/23/2024 9:25,Price Code 1,CUSTOMER PICKUP,False,Sharing Floor Athens,01-SH,30510.0,Alto,"ASSORTED BEVERAGES, SHL",Dry Dry Dry Dry Beverages
812,182375,9086,F2KBANKS,Food 2 Kids Banks County,484979,,DIRECT ASSISTANCE,DIRECT ASSISTANCE-Agency,GNAP,N-40-10289,4,0,0,0.0,40,BANKS,0.0,6/21/2024 8:00,7/9/2024 8:54,Price Code 1,CUSTOMER PICKUP,False,Food Bank of Northeast Georgia,01,30607.0,Athens,GNAP MEAT STICKS,Dry Dry Dry Dry Proteins
812,182533,9111,F2KBANKS,Food 2 Kids Banks County,485136,,DIRECT ASSISTANCE,DIRECT ASSISTANCE-Agency,LOCAL - LL,N-25-11979,10,0,0,0.0,51,BANKS,0.0,6/27/2024 11:09,6/27/2024 10:01,Price Code 1,TRUCK 2 MOBILE PANTRY,False,Food Bank of Northeast Georgia,01,30607.0,Athens,GEORGIA PEANUTS,Dry Dry Dry Dry Proteins
812,178039,890,F2KBANKS,Food 2 Kids Banks County,480658,,DIRECT ASSISTANCE,DIRECT ASSISTANCE-Agency,GNAP,N-40-10001,18,0,0,0.0,486,BANKS,0.0,4/3/2024 15:00,4/24/2024 11:34,Price Code 1,CUSTOMER PICKUP,False,Food Bank of Northeast Georgia,01,30607.0,Athens,GNAP APPLE SAUCE,Dry Dry Dry Dry Fruits
845,173970,5407,H-146,"Homer Methodist Church, Inc.",477599,,FP/OP/USDA,FOOD PANTRY-Agency,BLUE RECEIPT-SHL,F-15-10000,34,0,0,0.0,34,BANKS,0.0,2/1/2024 8:50,2/1/2024 10:25,Price Code 1,CUSTOMER PICKUP,False,Sharing Floor Athens,01-SH,30547.0,Homer,"MEAT & SEAFOOD, FROZEN SHL",Frozen Frozen Frozen Frozen Proteins
845,181963,683,H-146,"Homer Methodist Church, Inc.",484567,,FP/OP/USDA,FOOD PANTRY-Agency,BLUE RECEIPT-SHL,W-16-10001,129,0,0,23.22,129,BANKS,0.18,6/6/2024 8:50,6/6/2024 10:13,Price Code 1,CUSTOMER PICKUP,False,Sharing Floor Athens,01-SH,30547.0,Homer,MISC. FOOD BOX SHL,Dry Dry Dry Dry Food Misc.
979,180758,8873,G-135,Gillsville Baptist Church INC,483364,,FP/OP/USDA,FOOD PANTRY-Agency,YELLOW RECEIPT - SHN,F-10-10001,5,0,0,0.45,15,BANKS,0.03,5/17/2024 12:30,5/17/2024 12:19,Price Code 1,CUSTOMER PICKUP,False,Food Bank of Northeast Georgia,01,30543.0,Gillsville,OUTSHINE STRAWBERRY BANANA SMOOTHIE CUBES,Frozen Frozen Frozen Frozen Beverages
439,172718,683,N-114,New Life Fellowship,476349,,FP/USDA,EMERGENCY-Agency,BLUE RECEIPT-SHL,W-16-10001,14,0,0,2.52,14,BANKS,0.18,1/8/2024 14:32,1/8/2024 10:47,Price Code 1,CUSTOMER PICKUP,False,Sharing Floor Rabun,02-SH,30510.0,Alto,MISC. FOOD BOX SHL,Dry Dry Dry Dry Food Misc.
812,182531,9090,F2KBANKS,Food 2 Kids Banks County,485134,,DIRECT ASSISTANCE,DIRECT ASSISTANCE-Agency,LOCAL - LL,F-15-90561,3,0,0,0.0,39,BANKS,0.0,6/27/2024 11:33,6/27/2024 10:02,Price Code 1,TRACTOR TRAILER 1 MOBILE PANTRY,False,Food Bank of Northeast Georgia,01,30607.0,Athens,TYSON BUFFALO STYLE CHICKEN STRIPS,Frozen Frozen Frozen Frozen Prepared Meals
845,180063,683,H-146,"Homer Methodist Church, Inc.",482671,,FP/OP/USDA,FOOD PANTRY-Agency,BLUE RECEIPT-SHL,W-16-10001,144,0,0,25.92,144,BANKS,0.18,5/2/2024 8:50,5/2/2024 10:16,Price Code 1,CUSTOMER PICKUP,False,Sharing Floor Athens,01-SH,30547.0,Homer,MISC. FOOD BOX SHL,Dry Dry Dry Dry Food Misc.
845,178416,8973,H-146,"Homer Methodist Church, Inc.",FAIMPORT481032,,FP/OP/USDA,FOOD PANTRY-Agency,BLUE RECEIPT-SHL,MCC-16-10001,67,0,0,0.0,67,BANKS,0.0,4/4/2024 0:00,4/4/2024 0:00,Price Code 1,CUSTOMER PICKUP,False,Food Bank of Northeast Georgia,01,30547.0,Homer,"COOLER FOOD MISC., SHL RETAIL PICKUP",Dry Dry Dry Dry Food Misc.
575,177451,6831,G-121,"Get Real Ministries, Inc.",480071,,FP/GNAP/USDA,FOOD PANTRY-Agency,USDA,C-50-10025,49,0,0,0.0,2058,BANKS,0.0,3/18/2024 10:40,3/20/2024 9:03,Price Code 1,CUSTOMER PICKUP,False,Rabun Warehouse,02,30511.0,Baldwin,USDA APPLES,Cooled Cooled Cooled Cooled Fruits
845,180077,8997,H-146,"Homer Methodist Church, Inc.",482685,,FP/OP/USDA,FOOD PANTRY-Agency,USDA,N-50-10312,8,0,0,17.28,96,BANKS,0.18,5/8/2024 8:30,5/8/2024 9:16,Price Code 1,CUSTOMER PICKUP,False,Food Bank of Northeast Georgia,01,30547.0,Homer,USDA CHILI W/ BEANS CCC,Dry Dry Dry Dry Prepared Meals
805,178140,2414,D-105,Damascus Baptist Church,480759,,FP/USDA,FOOD PANTRY-Agency,USDA,N-50-10244,2,0,0,12.96,72,BANKS,0.18,4/9/2024 14:05,4/9/2024 9:11,Price Code 1,CUSTOMER PICKUP,False,Food Bank of Northeast Georgia,01,30547.0,Homer,USDA CANNED BEEF CCC,Dry Dry Dry Dry Proteins
812,173546,8683,F2KBANKS,Food 2 Kids Banks County,477175,,DIRECT ASSISTANCE,DIRECT ASSISTANCE-Agency,BLUE RECEIPT-SHL,N-03-11728,6,0,0,0.0,108,BANKS,0.0,2/7/2024 15:30,2/8/2024 5:14,Price Code 1,TRUCK 1 MOBILE PANTRY,False,Food Bank of Northeast Georgia,01,30607.0,Athens,CRUSH ORANGE SODA,Dry Dry Dry Dry Beverages
845,173240,5477,H-146,"Homer Methodist Church, Inc.",476870,,FP/OP/USDA,FOOD PANTRY-Agency,LOCAL - LL,F-15-10001,103,0,0,18.54,103,BANKS,0.18,1/18/2024 8:50,1/18/2024 10:22,Price Code 1,CUSTOMER PICKUP,False,Sharing Floor Athens,01-SH,30547.0,Homer,"MEAT & SEAFOOD, FROZEN LOCAL",Frozen Frozen Frozen Frozen Proteins
812,178655,5637,F2KBANKS,Food 2 Kids Banks County,481271,,DIRECT ASSISTANCE,DIRECT ASSISTANCE-Agency,USDA,F-50-90019,5,0,0,0.0,150,BANKS,0.0,4/17/2024 16:00,4/24/2024 11:38,Price Code 1,TRUCK 1 MOBILE PANTRY,False,Food Bank of Northeast Georgia,01,30607.0,Athens,USDA FROZEN BLUEBERRIES CCC,Frozen Frozen Frozen Frozen Fruits
845,180139,8973,H-146,"Homer Methodist Church, Inc.",FAIMPORT482746,,FP/OP/USDA,FOOD PANTRY-Agency,BLUE RECEIPT-SHL,MCC-16-10001,8,0,0,0.0,8,BANKS,0.0,5/1/2024 0:00,5/1/2024 0:00,Price Code 1,CUSTOMER PICKUP,False,Food Bank of Northeast Georgia,01,30547.0,Homer,"COOLER FOOD MISC., SHL RETAIL PICKUP",Dry Dry Dry Dry Food Misc.
812,178039,8994,F2KBANKS,Food 2 Kids Banks County,480658,,DIRECT ASSISTANCE,DIRECT ASSISTANCE-Agency,GNAP,N-40-10269,10,0,0,0.0,270,BANKS,0.0,4/3/2024 15:00,4/24/2024 11:34,Price Code 1,CUSTOMER PICKUP,False,Food Bank of Northeast Georgia,01,30607.0,Athens,"GNAP GREEN BEANS, WHOLE",Dry Dry Dry Dry Vegetables
439,180333,5938,N-114,New Life Fellowship,482939,,FP/USDA,EMERGENCY-Agency,BLUE RECEIPT-SHL,C-28-10001,206,0,0,6.18,206,BANKS,0.03,5/7/2024 14:32,5/7/2024 9:26,Price Code 1,CUSTOMER PICKUP,False,Sharing Floor Athens,01-SH,30510.0,Alto,"PRODUCE, FRESH SHL",Cooled Cooled Cooled Cooled Mixed Produce
439,182313,696,N-114,New Life Fellowship,484917,,FP/USDA,EMERGENCY-Agency,LOCAL - LL,W-25-10000,37,0,0,6.66,37,BANKS,0.18,6/18/2024 14:32,6/18/2024 9:33,Price Code 1,CUSTOMER PICKUP,False,Sharing Floor Athens,01-SH,30510.0,Alto,"ASSORTED SNACK ITEMS, LL",Dry Dry Dry Dry Food Misc.
845,182642,8973,H-146,"Homer Methodist Church, Inc.",FAIMPORT485245,,FP/OP/USDA,FOOD PANTRY-Agency,BLUE RECEIPT-SHL,MCC-16-10001,18,0,0,0.0,18,BANKS,0.0,6/28/2024 0:00,6/28/2024 0:00,Price Code 1,CUSTOMER PICKUP,False,Food Bank of Northeast Georgia,01,30547.0,Homer,"COOLER FOOD MISC., SHL RETAIL PICKUP",Dry Dry Dry Dry Food Misc.
459,178640,2202,A-138,Alto C.H. Church Benevolent- The Grace House,481256,,FP/GNAP/USDA,FOOD PANTRY-Agency,USDA,N-50-10240,10,0,0,39.6,220,BANKS,0.18,4/25/2024 11:00,4/25/2024 11:14,Price Code 1,CUSTOMER PICKUP,False,Rabun Warehouse,02,30510.0,Alto,USDA SPAGHETTI,Dry Dry Dry Dry Grains
845,178801,5938,H-146,"Homer Methodist Church, Inc.",481415,,FP/OP/USDA,FOOD PANTRY-Agency,BLUE RECEIPT-SHL,C-28-10001,8,0,0,0.24,8,BANKS,0.03,4/11/2024 8:50,4/11/2024 10:11,Price Code 1,CUSTOMER PICKUP,False,Sharing Floor Athens,01-SH,30547.0,Homer,"PRODUCE, FRESH SHL",Cooled Cooled Cooled Cooled Mixed Produce
805,181444,9014,D-105,Damascus Baptist Church,484048,,FP/USDA,FOOD PANTRY-Agency,PURCH,N-27-10136,4,0,208,19.44,108,BANKS,0.18,6/4/2024 10:30,6/4/2024 9:03,Price Code 1,CUSTOMER PICKUP,False,Food Bank of Northeast Georgia,01,30547.0,Homer,"GREEN BEANS, HARVEST VALLEY",Dry Dry Dry Dry Vegetables
845,180077,2202,H-146,"Homer Methodist Church, Inc.",482685,,FP/OP/USDA,FOOD PANTRY-Agency,USDA,N-50-10240,8,0,0,31.68,176,BANKS,0.18,5/8/2024 8:30,5/8/2024 9:16,Price Code 1,CUSTOMER PICKUP,False,Food Bank of Northeast Georgia,01,30547.0,Homer,USDA SPAGHETTI,Dry Dry Dry Dry Grains
845,181832,8976,H-146,"Homer Methodist Church, Inc.",FAIMPORT484436,,FP/OP/USDA,FOOD PANTRY-Agency,BLUE RECEIPT-SHL,MCC-28-10001,45,0,0,0.0,45,BANKS,0.0,6/1/2024 0:00,6/1/2024 0:00,Price Code 1,CUSTOMER PICKUP,False,Food Bank of Northeast Georgia,01,30547.0,Homer,"PRODUCE, SHL RETAIL PICKUPS",Dry Dry Dry Dry Mixed Produce
439,175193,5938,N-114,New Life Fellowship,477822,,FP/USDA,EMERGENCY-Agency,BLUE RECEIPT-SHL,C-28-10001,83,0,0,2.49,83,BANKS,0.03,2/6/2024 14:32,2/6/2024 9:24,Price Code 1,CUSTOMER PICKUP,False,Sharing Floor Athens,01-SH,30510.0,Alto,"PRODUCE, FRESH SHL",Cooled Cooled Cooled Cooled Mixed Produce
1012,176973,8665,B-140,"Banks County Family Connection, Inc.",479595,,FP/USDA,AFTER SCHOOL PROGRAM-Agency,BLUE RECEIPT-SHL,N-03-11268,6,0,0,4.14,138,BANKS,0.03,3/19/2024 15:12,3/19/2024 14:02,Price Code 1,CUSTOMER PICKUP,False,Food Bank of Northeast Georgia,01,30547.0,Homer,PROPEL BERRY/KIWISTRAW/GRAPE,Dry Dry Dry Dry Beverages
979,180758,4448,G-135,Gillsville Baptist Church INC,483364,,FP/OP/USDA,FOOD PANTRY-Agency,USDA,F-50-90446,2,0,0,0.0,56,BANKS,0.0,5/17/2024 12:30,5/17/2024 12:19,Price Code 1,CUSTOMER PICKUP,False,Food Bank of Northeast Georgia,01,30543.0,Gillsville,USDA FROZEN STRAWBERRY FRUIT CUPS,Frozen Frozen Frozen Frozen Fruits
812,173546,3204,F2KBANKS,Food 2 Kids Banks County,477175,,DIRECT ASSISTANCE,DIRECT ASSISTANCE-Agency,GNAP,N-40-10217,10,0,0,0.0,90,BANKS,0.0,2/7/2024 15:30,2/8/2024 5:14,Price Code 1,TRUCK 1 MOBILE PANTRY,False,Food Bank of Northeast Georgia,01,30607.0,Athens,GNAP CANNED HAM,Dry Dry Dry Dry Proteins
812,177214,4448,F2KBANKS,Food 2 Kids Banks County,479834,,DIRECT ASSISTANCE,DIRECT ASSISTANCE-Agency,USDA,F-50-90446,8,0,0,0.0,224,BANKS,0.0,3/20/2024 16:00,3/27/2024 10:01,Price Code 1,TRACTOR TRAILER 1 MOBILE PANTRY,False,Food Bank of Northeast Georgia,01,30607.0,Athens,USDA FROZEN STRAWBERRY FRUIT CUPS,Frozen Frozen Frozen Frozen Fruits
845,182120,8975,H-146,"Homer Methodist Church, Inc.",FAIMPORT484724,,FP/OP/USDA,FOOD PANTRY-Agency,BLUE RECEIPT-SHL,MCC-07-10001,99,0,0,0.0,99,BANKS,0.0,6/11/2024 0:00,6/11/2024 0:00,Price Code 1,CUSTOMER PICKUP,False,Food Bank of Northeast Georgia,01,30547.0,Homer,"DAIRY PRODUCTS, SHL RETAIL PICKUPS",Dry Dry Dry Dry Dairy
812,173102,1356,F2KBANKS,Food 2 Kids Banks County,476732,,DIRECT ASSISTANCE,DIRECT ASSISTANCE-Agency,GNAP,N-40-10131,6,0,0,0.0,66,BANKS,0.0,1/17/2024 12:00,1/29/2024 9:33,Price Code 1,TRACTOR TRAILER 1 MOBILE PANTRY,False,Food Bank of Northeast Georgia,01,30607.0,Athens,GNAP CHUNK CHICKEN,Dry Dry Dry Dry Proteins
845,180140,8973,H-146,"Homer Methodist Church, Inc.",FAIMPORT482747,,FP/OP/USDA,FOOD PANTRY-Agency,BLUE RECEIPT-SHL,MCC-16-10001,30,0,0,0.0,30,BANKS,0.0,5/2/2024 0:00,5/2/2024 0:00,Price Code 1,CUSTOMER PICKUP,False,Food Bank of Northeast Georgia,01,30547.0,Homer,"COOLER FOOD MISC., SHL RETAIL PICKUP",Dry Dry Dry Dry Food Misc.
439,179419,1045,N-114,New Life Fellowship,482032,,FP/USDA,EMERGENCY-Agency,BLUE RECEIPT-SHL,W-25-10009,51,0,0,9.18,51,BANKS,0.18,4/23/2024 14:32,4/23/2024 9:25,Price Code 1,CUSTOMER PICKUP,False,Sharing Floor Athens,01-SH,30510.0,Alto,"ASSORTED SNACK ITEMS, SHL",Dry Dry Dry Dry Food Misc.
845,172928,683,H-146,"Homer Methodist Church, Inc.",476559,,FP/OP/USDA,FOOD PANTRY-Agency,BLUE RECEIPT-SHL,W-16-10001,133,0,0,23.94,133,BANKS,0.18,1/11/2024 8:50,1/11/2024 10:37,Price Code 1,CUSTOMER PICKUP,False,Sharing Floor Athens,01-SH,30547.0,Homer,MISC. FOOD BOX SHL,Dry Dry Dry Dry Food Misc.
845,181816,3203,H-146,"Homer Methodist Church, Inc.",484420,,FP/OP/USDA,FOOD PANTRY-Agency,USDA,N-50-10289,3,0,0,13.5,75,BANKS,0.18,6/18/2024 9:00,6/18/2024 9:22,Price Code 1,CUSTOMER PICKUP,False,Food Bank of Northeast Georgia,01,30547.0,Homer,USDA PECAN PIECES,Dry Dry Dry Dry Proteins
845,173970,696,H-146,"Homer Methodist Church, Inc.",477599,,FP/OP/USDA,FOOD PANTRY-Agency,LOCAL - LL,W-25-10000,48,0,0,8.64,48,BANKS,0.18,2/1/2024 8:50,2/1/2024 10:25,Price Code 1,CUSTOMER PICKUP,False,Sharing Floor Athens,01-SH,30547.0,Homer,"ASSORTED SNACK ITEMS, LL",Dry Dry Dry Dry Food Misc.
812,176503,3122,F2KBANKS,Food 2 Kids Banks County,479127,,DIRECT ASSISTANCE,DIRECT ASSISTANCE-Agency,GNAP,N-40-10174,12,0,0,0.0,168,BANKS,0.0,3/6/2024 15:30,3/8/2024 7:52,Price Code 1,TRUCK 1 MOBILE PANTRY,False,Food Bank of Northeast Georgia,01,30607.0,Athens,"GNAP BLACKEYE PEAS, LOW SODIUM",Dry Dry Dry Dry Proteins
459,178640,4449,A-138,Alto C.H. Church Benevolent- The Grace House,481256,,FP/GNAP/USDA,FOOD PANTRY-Agency,USDA,F-50-90445,10,0,0,41.0,410,BANKS,0.1,4/25/2024 11:00,4/25/2024 11:14,Price Code 1,CUSTOMER PICKUP,False,Rabun Warehouse,02,30510.0,Alto,USDA FULLY COOKED PULLED PORK CCC,Frozen Frozen Frozen Frozen Proteins
812,172020,8852,F2KBANKS,Food 2 Kids Banks County,475651,,DIRECT ASSISTANCE,DIRECT ASSISTANCE-Agency,PURCH,N-23-10010,6,0,0,0.0,78,BANKS,0.0,1/3/2024 12:00,1/16/2024 8:20,Price Code 1,TRUCK 1 MOBILE PANTRY,False,Food Bank of Northeast Georgia,01,30607.0,Athens,NUT'N BETTER CREAMY PEANUT BUTTER - RED SUGAR & SODIUM,Dry Dry Dry Dry Proteins
805,172402,8903,D-105,Damascus Baptist Church,476033,,FP/USDA,FOOD PANTRY-Agency,YELLOW RECEIPT - SHN,N-16-10181,5,0,0,4.5,25,BANKS,0.18,1/9/2024 14:05,1/9/2024 10:24,Price Code 1,CUSTOMER PICKUP,False,Food Bank of Northeast Georgia,01,30547.0,Homer,STOVE TOP STUFFING - TURKEY/CHICKEN/CORNBREAD,Dry Dry Dry Dry Prepared Meals
979,177286,3943,G-135,Gillsville Baptist Church INC,479906,,FP/OP/USDA,FOOD PANTRY-Agency,USDA,N-50-10268,5,0,0,5.7,190,BANKS,0.03,3/20/2024 7:34,3/20/2024 12:56,Price Code 1,CUSTOMER PICKUP,False,Food Bank of Northeast Georgia,01,30543.0,Gillsville,USDA APPLE JUICE,Dry Dry Dry Dry Beverages
812,176503,170,F2KBANKS,Food 2 Kids Banks County,479127,,DIRECT ASSISTANCE,DIRECT ASSISTANCE-Agency,USDA,N-50-10007,8,0,0,0.0,224,BANKS,0.0,3/6/2024 15:30,3/8/2024 7:52,Price Code 1,TRUCK 1 MOBILE PANTRY,False,Food Bank of Northeast Georgia,01,30607.0,Athens,"USDA CORN, WHOLE KERNEL NO SALT",Dry Dry Dry Dry Vegetables
979,182054,3943,G-135,Gillsville Baptist Church INC,484658,,FP/OP/USDA,FOOD PANTRY-Agency,USDA,N-50-10268,8,0,0,9.12,304,BANKS,0.03,6/21/2024 11:30,6/21/2024 14:17,Price Code 1,CUSTOMER PICKUP,False,Food Bank of Northeast Georgia,01,30543.0,Gillsville,USDA APPLE JUICE,Dry Dry Dry Dry Beverages
439,181427,5938,N-114,New Life Fellowship,484031,,FP/USDA,EMERGENCY-Agency,BLUE RECEIPT-SHL,C-28-10001,108,0,0,3.24,108,BANKS,0.03,5/28/2024 14:32,5/28/2024 9:32,Price Code 1,CUSTOMER PICKUP,False,Sharing Floor Athens,01-SH,30510.0,Alto,"PRODUCE, FRESH SHL",Cooled Cooled Cooled Cooled Mixed Produce
575,176969,1045,G-121,"Get Real Ministries, Inc.",479591,,FP/GNAP/USDA,FOOD PANTRY-Agency,BLUE RECEIPT-SHL,W-25-10009,101,0,0,18.18,101,BANKS,0.18,3/8/2024 10:40,3/8/2024 14:41,Price Code 1,CUSTOMER PICKUP,False,Sharing Floor Rabun,02-SH,30511.0,Baldwin,"ASSORTED SNACK ITEMS, SHL",Dry Dry Dry Dry Food Misc.
812,182533,9085,F2KBANKS,Food 2 Kids Banks County,485136,,DIRECT ASSISTANCE,DIRECT ASSISTANCE-Agency,USDA,F-50-90476,6,0,0,0.0,240,BANKS,0.0,6/27/2024 11:09,6/27/2024 10:01,Price Code 1,TRUCK 2 MOBILE PANTRY,False,Food Bank of Northeast Georgia,01,30607.0,Athens,USDA PORK LOIN BONELESS CHOPS CCC,Frozen Frozen Frozen Frozen Proteins
812,176503,6937,F2KBANKS,Food 2 Kids Banks County,479127,,DIRECT ASSISTANCE,DIRECT ASSISTANCE-Agency,BLUE RECEIPT-SHL,C-28-90385,1,0,0,0.0,52,BANKS,0.0,3/6/2024 15:30,3/8/2024 7:52,Price Code 1,TRUCK 1 MOBILE PANTRY,False,Food Bank of Northeast Georgia,01,30607.0,Athens,CELERY,Cooled Cooled Cooled Cooled Vegetables
812,182375,9056,F2KBANKS,Food 2 Kids Banks County,484979,,DIRECT ASSISTANCE,DIRECT ASSISTANCE-Agency,GNAP,N-40-10286,3,0,0,0.0,66,BANKS,0.0,6/21/2024 8:00,7/9/2024 8:54,Price Code 1,CUSTOMER PICKUP,False,Food Bank of Northeast Georgia,01,30607.0,Athens,GNAP DICED PEAR CUPS,Dry Dry Dry Dry Fruits
845,182640,8975,H-146,"Homer Methodist Church, Inc.",FAIMPORT485243,,FP/OP/USDA,FOOD PANTRY-Agency,BLUE RECEIPT-SHL,MCC-07-10001,88,0,0,0.0,88,BANKS,0.0,6/25/2024 0:00,6/25/2024 0:00,Price Code 1,CUSTOMER PICKUP,False,Food Bank of Northeast Georgia,01,30547.0,Homer,"DAIRY PRODUCTS, SHL RETAIL PICKUPS",Dry Dry Dry Dry Dairy
812,179556,9025,F2KBANKS,Food 2 Kids Banks County,482169,,DIRECT ASSISTANCE,DIRECT ASSISTANCE-Agency,YELLOW RECEIPT - SHN,N-11-11072,10,0,0,0.0,90,BANKS,0.0,5/1/2024 16:00,5/2/2024 10:35,Price Code 1,TRUCK 1 MOBILE PANTRY,False,Food Bank of Northeast Georgia,01,30607.0,Athens,MRS BUTTERSWORTHS SMORES PANCAKE KIT,Dry Dry Dry Dry Food Misc.
575,180871,4449,G-121,"Get Real Ministries, Inc.",483477,,FP/GNAP/USDA,FOOD PANTRY-Agency,USDA,F-50-90445,48,0,0,0.0,1968,BANKS,0.0,5/20/2024 9:00,5/21/2024 16:15,Price Code 1,CUSTOMER PICKUP,False,Rabun Warehouse,02,30511.0,Baldwin,USDA FULLY COOKED PULLED PORK CCC,Frozen Frozen Frozen Frozen Proteins
845,173935,1791,H-146,"Homer Methodist Church, Inc.",477564,,FP/OP/USDA,FOOD PANTRY-Agency,USDA,N-50-10079,6,0,0,28.08,156,BANKS,0.18,2/6/2024 13:00,2/6/2024 13:31,Price Code 1,CUSTOMER PICKUP,False,Food Bank of Northeast Georgia,01,30547.0,Homer,USDA WALNUT HALVES AND PIECES,Dry Dry Dry Dry Proteins
812,178039,8943,F2KBANKS,Food 2 Kids Banks County,480658,,DIRECT ASSISTANCE,DIRECT ASSISTANCE-Agency,BLUE RECEIPT-SHL,C-28-90534,8,0,0,0.0,336,BANKS,0.0,4/3/2024 15:00,4/24/2024 11:34,Price Code 1,CUSTOMER PICKUP,False,Food Bank of Northeast Georgia,01,30607.0,Athens,"SWEET POTATO, SHL",Cooled Cooled Cooled Cooled Potatoes
812,179811,6816,F2KBANKS,Food 2 Kids Banks County,482423,,DIRECT ASSISTANCE,DIRECT ASSISTANCE-Agency,BLUE RECEIPT-SHL,C-28-90345,2,0,0,0.0,100,BANKS,0.0,5/15/2024 16:00,5/15/2024 13:59,Price Code 1,TRUCK 1 MOBILE PANTRY,False,Food Bank of Northeast Georgia,01,30607.0,Athens,CARROTS,Cooled Cooled Cooled Cooled Vegetables
812,173546,8512,F2KBANKS,Food 2 Kids Banks County,477175,,DIRECT ASSISTANCE,DIRECT ASSISTANCE-Agency,USDA,C-50-10049,3,0,0,0.0,117,BANKS,0.0,2/7/2024 15:30,2/8/2024 5:14,Price Code 1,TRUCK 1 MOBILE PANTRY,False,Food Bank of Northeast Georgia,01,30607.0,Athens,USDA GRAPEFRUIT CCC,Cooled Cooled Cooled Cooled Fruits
459,173868,3139,A-138,Alto C.H. Church Benevolent- The Grace House,477497,,FP/GNAP/USDA,FOOD PANTRY-Agency,USDA,N-50-10290,8,0,0,36.0,200,BANKS,0.18,2/15/2024 11:00,2/15/2024 10:55,Price Code 1,CUSTOMER PICKUP,False,Rabun Warehouse,02,30510.0,Alto,USDA WHOLE ALMONDS DRY ROASTED,Dry Dry Dry Dry Proteins
1012,179566,9025,B-140,"Banks County Family Connection, Inc.",482179,,FP/USDA,AFTER SCHOOL PROGRAM-Agency,YELLOW RECEIPT - SHN,N-11-11072,21,0,0,34.02,189,BANKS,0.18,5/1/2024 13:45,5/8/2024 7:49,Price Code 1,CUSTOMER PICKUP,False,Food Bank of Northeast Georgia,01,30547.0,Homer,MRS BUTTERSWORTHS SMORES PANCAKE KIT,Dry Dry Dry Dry Food Misc.
812,179556,1222,F2KBANKS,Food 2 Kids Banks County,482169,,DIRECT ASSISTANCE,DIRECT ASSISTANCE-Agency,YELLOW RECEIPT - SHN,W-16-10003,941,0,0,0.0,941,BANKS,0.0,5/1/2024 16:00,5/2/2024 10:35,Price Code 1,TRUCK 1 MOBILE PANTRY,False,Food Bank of Northeast Georgia,01,30607.0,Athens,ASSORTED FOOD ITEMS SHD,Dry Dry Dry Dry Food Misc.
812,173546,8915,F2KBANKS,Food 2 Kids Banks County,477175,,DIRECT ASSISTANCE,DIRECT ASSISTANCE-Agency,USDA,F-50-90474,1,0,0,0.0,40,BANKS,0.0,2/7/2024 15:30,2/8/2024 5:14,Price Code 1,TRUCK 1 MOBILE PANTRY,False,Food Bank of Northeast Georgia,01,30607.0,Athens,USDA PACIFIC SALAD SHRIMP,Frozen Frozen Frozen Frozen Proteins
845,173613,5407,H-146,"Homer Methodist Church, Inc.",477242,,FP/OP/USDA,FOOD PANTRY-Agency,BLUE RECEIPT-SHL,F-15-10000,122,0,0,21.96,122,BANKS,0.18,1/25/2024 8:50,1/25/2024 10:52,Price Code 1,CUSTOMER PICKUP,False,Sharing Floor Athens,01-SH,30547.0,Homer,"MEAT & SEAFOOD, FROZEN SHL",Frozen Frozen Frozen Frozen Proteins
812,177214,8906,F2KBANKS,Food 2 Kids Banks County,479834,,DIRECT ASSISTANCE,DIRECT ASSISTANCE-Agency,GNAP,N-40-10266,2,0,0,0.0,40,BANKS,0.0,3/20/2024 16:00,3/27/2024 10:01,Price Code 1,TRACTOR TRAILER 1 MOBILE PANTRY,False,Food Bank of Northeast Georgia,01,30607.0,Athens,GNAP SPAGHETTI,Dry Dry Dry Dry Grains
812,173102,3408,F2KBANKS,Food 2 Kids Banks County,476732,,DIRECT ASSISTANCE,DIRECT ASSISTANCE-Agency,YELLOW RECEIPT - SHN,N-03-10851,3,0,0,0.0,60,BANKS,0.0,1/17/2024 12:00,1/29/2024 9:33,Price Code 1,TRACTOR TRAILER 1 MOBILE PANTRY,False,Food Bank of Northeast Georgia,01,30607.0,Athens,"PROPEL WATER, GRAPE",Dry Dry Dry Dry Beverages
812,178039,6816,F2KBANKS,Food 2 Kids Banks County,480658,,DIRECT ASSISTANCE,DIRECT ASSISTANCE-Agency,BLUE RECEIPT-SHL,C-28-90345,6,0,0,0.0,300,BANKS,0.0,4/3/2024 15:00,4/24/2024 11:34,Price Code 1,CUSTOMER PICKUP,False,Food Bank of Northeast Georgia,01,30607.0,Athens,CARROTS,Cooled Cooled Cooled Cooled Vegetables
812,179556,1047,F2KBANKS,Food 2 Kids Banks County,482169,,DIRECT ASSISTANCE,DIRECT ASSISTANCE-Agency,USDA,N-50-10041,6,0,0,0.0,294,BANKS,0.0,5/1/2024 16:00,5/2/2024 10:35,Price Code 1,TRUCK 1 MOBILE PANTRY,False,Food Bank of Northeast Georgia,01,30607.0,Athens,USDA RICE,Dry Dry Dry Dry Grains
805,172617,696,D-105,Damascus Baptist Church,476248,,FP/USDA,FOOD PANTRY-Agency,LOCAL - LL,W-25-10000,10,0,0,1.8,10,BANKS,0.18,1/5/2024 14:05,1/5/2024 11:41,Price Code 1,CUSTOMER PICKUP,False,Sharing Floor Athens,01-SH,30547.0,Homer,"ASSORTED SNACK ITEMS, LL",Dry Dry Dry Dry Food Misc.
439,175553,875,N-114,New Life Fellowship,478182,,FP/USDA,EMERGENCY-Agency,BLUE RECEIPT-SHL,W-04-10000,22,0,0,0.0,22,BANKS,0.0,2/13/2024 14:32,2/13/2024 9:54,Price Code 1,CUSTOMER PICKUP,False,Sharing Floor Athens,01-SH,30510.0,Alto,"BREAD & BAKERY, ASSORTED SHL",Dry Dry Dry Dry Grains
845,179291,8975,H-146,"Homer Methodist Church, Inc.",FAIMPORT481904,,FP/OP/USDA,FOOD PANTRY-Agency,BLUE RECEIPT-SHL,MCC-07-10001,198,0,0,0.0,198,BANKS,0.0,4/19/2024 0:00,4/19/2024 0:00,Price Code 1,CUSTOMER PICKUP,False,Food Bank of Northeast Georgia,01,30547.0,Homer,"DAIRY PRODUCTS, SHL RETAIL PICKUPS",Dry Dry Dry Dry Dairy
845,173935,8720,H-146,"Homer Methodist Church, Inc.",477564,,FP/OP/USDA,FOOD PANTRY-Agency,USDA,N-50-10305,12,0,0,30.24,168,BANKS,0.18,2/6/2024 13:00,2/6/2024 13:31,Price Code 1,CUSTOMER PICKUP,False,Food Bank of Northeast Georgia,01,30547.0,Homer,USDA MIXED VegetablesCCC,Dry Dry Dry Dry Vegetables
812,177214,6780,F2KBANKS,Food 2 Kids Banks County,479834,,DIRECT ASSISTANCE,DIRECT ASSISTANCE-Agency,USDA,C-50-10024,3,0,0,0.0,129,BANKS,0.0,3/20/2024 16:00,3/27/2024 10:01,Price Code 1,TRACTOR TRAILER 1 MOBILE PANTRY,False,Food Bank of Northeast Georgia,01,30607.0,Athens,USDA APPLES,Cooled Cooled Cooled Cooled Fruits
845,177853,8975,H-146,"Homer Methodist Church, Inc.",FAIMPORT480472,,FP/OP/USDA,FOOD PANTRY-Agency,BLUE RECEIPT-SHL,MCC-07-10001,309,0,0,0.0,309,BANKS,0.0,3/25/2024 0:00,3/25/2024 0:00,Price Code 1,CUSTOMER PICKUP,False,Food Bank of Northeast Georgia,01,30547.0,Homer,"DAIRY PRODUCTS, SHL RETAIL PICKUPS",Dry Dry Dry Dry Dairy
812,173546,8766,F2KBANKS,Food 2 Kids Banks County,477175,,DIRECT ASSISTANCE,DIRECT ASSISTANCE-Agency,LOCAL - LL,N-25-11919,10,0,0,0.0,20,BANKS,0.0,2/7/2024 15:30,2/8/2024 5:14,Price Code 1,TRUCK 1 MOBILE PANTRY,False,Food Bank of Northeast Georgia,01,30607.0,Athens,GHIRARDELLI SEA SALT CARAMEL CHOCOLATE,Dry Dry Dry Dry Food Misc.
845,176227,1047,H-146,"Homer Methodist Church, Inc.",478853,,FP/OP/USDA,FOOD PANTRY-Agency,USDA,N-50-10041,3,0,0,26.46,147,BANKS,0.18,3/6/2024 8:50,3/6/2024 9:34,Price Code 1,CUSTOMER PICKUP,False,Food Bank of Northeast Georgia,01,30547.0,Homer,USDA RICE,Dry Dry Dry Dry Grains
439,177530,875,N-114,New Life Fellowship,480150,,FP/USDA,EMERGENCY-Agency,BLUE RECEIPT-SHL,W-04-10000,27,0,0,0.0,27,BANKS,0.0,3/19/2024 14:32,3/19/2024 9:17,Price Code 1,CUSTOMER PICKUP,False,Sharing Floor Athens,01-SH,30510.0,Alto,"BREAD & BAKERY, ASSORTED SHL",Dry Dry Dry Dry Grains
805,180607,683,D-105,Damascus Baptist Church,483213,,FP/USDA,FOOD PANTRY-Agency,BLUE RECEIPT-SHL,W-16-10001,105,0,0,18.9,105,BANKS,0.18,5/10/2024 14:05,5/10/2024 11:25,Price Code 1,CUSTOMER PICKUP,False,Sharing Floor Athens,01-SH,30547.0,Homer,MISC. FOOD BOX SHL,Dry Dry Dry Dry Food Misc.
845,173935,842,H-146,"Homer Methodist Church, Inc.",477564,,FP/OP/USDA,FOOD PANTRY-Agency,USDA,N-50-10021,3,0,0,14.58,81,BANKS,0.18,2/6/2024 13:00,2/6/2024 13:31,Price Code 1,CUSTOMER PICKUP,False,Food Bank of Northeast Georgia,01,30547.0,Homer,USDA DICED TOMATOES NO SALT CCC,Dry Dry Dry Dry Vegetables
439,180333,688,N-114,New Life Fellowship,482939,,FP/USDA,EMERGENCY-Agency,BLUE RECEIPT-SHL,W-01-10000,25,0,0,4.5,25,BANKS,0.18,5/7/2024 14:32,5/7/2024 9:26,Price Code 1,CUSTOMER PICKUP,False,Sharing Floor Athens,01-SH,30510.0,Alto,"ASSORTED NON-FOOD ITEMS, SHL",Dry Dry Dry Dry Non-Food Misc.
812,178655,2414,F2KBANKS,Food 2 Kids Banks County,481271,,DIRECT ASSISTANCE,DIRECT ASSISTANCE-Agency,USDA,N-50-10244,3,0,0,0.0,108,BANKS,0.0,4/17/2024 16:00,4/24/2024 11:38,Price Code 1,TRUCK 1 MOBILE PANTRY,False,Food Bank of Northeast Georgia,01,30607.0,Athens,USDA CANNED BEEF CCC,Dry Dry Dry Dry Proteins
812,182531,9067,F2KBANKS,Food 2 Kids Banks County,485134,,DIRECT ASSISTANCE,DIRECT ASSISTANCE-Agency,BLUE RECEIPT-SHL,N-03-11833,27,0,0,0.0,486,BANKS,0.0,6/27/2024 11:33,6/27/2024 10:02,Price Code 1,TRACTOR TRAILER 1 MOBILE PANTRY,False,Food Bank of Northeast Georgia,01,30607.0,Athens,DIET DR PEPPER,Dry Dry Dry Dry Beverages
979,177286,8600,G-135,Gillsville Baptist Church INC,479906,,FP/OP/USDA,FOOD PANTRY-Agency,BLUE RECEIPT-SHL,N-03-11249,2,0,0,0.0,60,BANKS,0.0,3/20/2024 7:34,3/20/2024 12:56,Price Code 1,CUSTOMER PICKUP,False,Food Bank of Northeast Georgia,01,30543.0,Gillsville,DIET PEPSI,Dry Dry Dry Dry Beverages
845,175686,683,H-146,"Homer Methodist Church, Inc.",478314,,FP/OP/USDA,FOOD PANTRY-Agency,BLUE RECEIPT-SHL,W-16-10001,110,0,0,19.8,110,BANKS,0.18,2/15/2024 8:50,2/15/2024 10:34,Price Code 1,CUSTOMER PICKUP,False,Sharing Floor Athens,01-SH,30547.0,Homer,MISC. FOOD BOX SHL,Dry Dry Dry Dry Food Misc.
812,177214,5938,F2KBANKS,Food 2 Kids Banks County,479834,,DIRECT ASSISTANCE,DIRECT ASSISTANCE-Agency,BLUE RECEIPT-SHL,C-28-10001,168,0,0,0.0,168,BANKS,0.0,3/20/2024 16:00,3/27/2024 10:01,Price Code 1,TRACTOR TRAILER 1 MOBILE PANTRY,False,Food Bank of Northeast Georgia,01,30607.0,Athens,"PRODUCE, FRESH SHL",Cooled Cooled Cooled Cooled Mixed Produce
845,180632,8973,H-146,"Homer Methodist Church, Inc.",FAIMPORT483238,,FP/OP/USDA,FOOD PANTRY-Agency,BLUE RECEIPT-SHL,MCC-16-10001,36,0,0,0.0,36,BANKS,0.0,5/9/2024 0:00,5/9/2024 0:00,Price Code 1,CUSTOMER PICKUP,False,Food Bank of Northeast Georgia,01,30547.0,Homer,"COOLER FOOD MISC., SHL RETAIL PICKUP",Dry Dry Dry Dry Food Misc.
845,177714,5407,H-146,"Homer Methodist Church, Inc.",480333,,FP/OP/USDA,FOOD PANTRY-Agency,BLUE RECEIPT-SHL,F-15-10000,86,0,0,15.48,86,BANKS,0.18,3/21/2024 8:50,3/21/2024 10:09,Price Code 1,CUSTOMER PICKUP,False,Sharing Floor Athens,01-SH,30547.0,Homer,"MEAT & SEAFOOD, FROZEN SHL",Frozen Frozen Frozen Frozen Proteins
812,182531,4406,F2KBANKS,Food 2 Kids Banks County,485134,,DIRECT ASSISTANCE,DIRECT ASSISTANCE-Agency,USDA,N-50-10288,2,0,0,0.0,46,BANKS,0.0,6/27/2024 11:33,6/27/2024 10:02,Price Code 1,TRACTOR TRAILER 1 MOBILE PANTRY,False,Food Bank of Northeast Georgia,01,30607.0,Athens,USDA PREMIUM WHITE CHICKEN IN POUCHES,Dry Dry Dry Dry Proteins
575,182298,3139,G-121,"Get Real Ministries, Inc.",484902,,FP/GNAP/USDA,FOOD PANTRY-Agency,USDA,N-50-10290,12,0,0,0.0,300,BANKS,0.0,6/18/2024 10:40,6/20/2024 16:14,Price Code 1,CUSTOMER PICKUP,False,Rabun Warehouse,02,30511.0,Baldwin,USDA WHOLE ALMONDS DRY ROASTED,Dry Dry Dry Dry Proteins
805,180607,5407,D-105,Damascus Baptist Church,483213,,FP/USDA,FOOD PANTRY-Agency,BLUE RECEIPT-SHL,F-15-10000,76,0,0,13.68,76,BANKS,0.18,5/10/2024 14:05,5/10/2024 11:25,Price Code 1,CUSTOMER PICKUP,False,Sharing Floor Athens,01-SH,30547.0,Homer,"MEAT & SEAFOOD, FROZEN SHL",Frozen Frozen Frozen Frozen Proteins
812,182533,4715,F2KBANKS,Food 2 Kids Banks County,485136,,DIRECT ASSISTANCE,DIRECT ASSISTANCE-Agency,USDA,F-50-90461,8,0,0,0.0,320,BANKS,0.0,6/27/2024 11:09,6/27/2024 10:01,Price Code 1,TRUCK 2 MOBILE PANTRY,False,Food Bank of Northeast Georgia,01,30607.0,Athens,USDA ALASKAN POLLACK FISH FILLETS,Frozen Frozen Frozen Frozen Proteins
845,179605,5388,H-146,"Homer Methodist Church, Inc.",482218,,FP/OP/USDA,FOOD PANTRY-Agency,BLUE RECEIPT-SHL,F-16-10001,142,0,0,25.56,142,BANKS,0.18,4/25/2024 8:50,4/25/2024 10:13,Price Code 1,CUSTOMER PICKUP,False,Sharing Floor Athens,01-SH,30547.0,Homer,"ASSORTED FROZEN FOODS, SHL",Frozen Frozen Frozen Frozen Food Misc.
845,179605,683,H-146,"Homer Methodist Church, Inc.",482218,,FP/OP/USDA,FOOD PANTRY-Agency,BLUE RECEIPT-SHL,W-16-10001,80,0,0,14.4,80,BANKS,0.18,4/25/2024 8:50,4/25/2024 10:13,Price Code 1,CUSTOMER PICKUP,False,Sharing Floor Athens,01-SH,30547.0,Homer,MISC. FOOD BOX SHL,Dry Dry Dry Dry Food Misc.
1012,179962,50,B-140,"Banks County Family Connection, Inc.",482571,,FP/USDA,AFTER SCHOOL PROGRAM-Agency,LOCAL - LL,W-16-10002,355,0,0,63.9,355,BANKS,0.18,5/1/2024 11:21,5/1/2024 11:22,Price Code 1,CUSTOMER PICKUP,False,Sharing Floor Athens,01-SH,30547.0,Homer,MISC. FOOD BOX LL,Dry Dry Dry Dry Food Misc.
979,177286,1047,G-135,Gillsville Baptist Church INC,479906,,FP/OP/USDA,FOOD PANTRY-Agency,USDA,N-50-10041,4,0,0,35.28,196,BANKS,0.18,3/20/2024 7:34,3/20/2024 12:56,Price Code 1,CUSTOMER PICKUP,False,Food Bank of Northeast Georgia,01,30543.0,Gillsville,USDA RICE,Dry Dry Dry Dry Grains
845,179993,8975,H-146,"Homer Methodist Church, Inc.",FAIMPORT482602,,FP/OP/USDA,FOOD PANTRY-Agency,BLUE RECEIPT-SHL,MCC-07-10001,35,0,0,0.0,35,BANKS,0.0,4/24/2024 0:00,4/24/2024 0:00,Price Code 1,CUSTOMER PICKUP,False,Food Bank of Northeast Georgia,01,30547.0,Homer,"DAIRY PRODUCTS, SHL RETAIL PICKUPS",Dry Dry Dry Dry Dairy
812,175978,4715,F2KBANKS,Food 2 Kids Banks County,478606,,DIRECT ASSISTANCE,DIRECT ASSISTANCE-Agency,USDA,F-50-90461,22,0,0,0.0,880,BANKS,0.0,2/21/2024 15:00,2/23/2024 7:08,Price Code 1,TRUCK 1 MOBILE PANTRY,False,Food Bank of Northeast Georgia,01,30607.0,Athens,USDA ALASKAN POLLACK FISH FILLETS,Frozen Frozen Frozen Frozen Proteins
812,182531,9042,F2KBANKS,Food 2 Kids Banks County,485134,,DIRECT ASSISTANCE,DIRECT ASSISTANCE-Agency,GNAP,F-40-90059,6,0,0,0.0,144,BANKS,0.0,6/27/2024 11:33,6/27/2024 10:02,Price Code 1,TRACTOR TRAILER 1 MOBILE PANTRY,False,Food Bank of Northeast Georgia,01,30607.0,Athens,GNAP GROUND TURKEY CHUB 85/15,Frozen Frozen Frozen Frozen Proteins
575,178977,1674,G-121,"Get Real Ministries, Inc.",481591,,FP/GNAP/USDA,FOOD PANTRY-Agency,USDA,N-50-10073,13,0,0,0.0,351,BANKS,0.0,4/15/2024 10:40,4/16/2024 12:32,Price Code 1,CUSTOMER PICKUP,False,Rabun Warehouse,02,30511.0,Baldwin,USDA TOMATO SAUCE,Dry Dry Dry Dry Vegetables
439,172446,8627,N-114,New Life Fellowship,476077,,FP/USDA,EMERGENCY-Agency,USDA,N-50-10300,3,0,0,7.56,42,BANKS,0.18,1/8/2024 11:00,1/8/2024 10:40,Price Code 1,CUSTOMER PICKUP,False,Rabun Warehouse,02,30510.0,Alto,USDA CANNED COLLARD GREENS CCC,Dry Dry Dry Dry Vegetables
805,177043,5407,D-105,Damascus Baptist Church,479665,,FP/USDA,FOOD PANTRY-Agency,BLUE RECEIPT-SHL,F-15-10000,61,0,0,10.98,61,BANKS,0.18,3/11/2024 14:05,3/11/2024 9:21,Price Code 1,CUSTOMER PICKUP,False,Sharing Floor Athens,01-SH,30547.0,Homer,"MEAT & SEAFOOD, FROZEN SHL",Frozen Frozen Frozen Frozen Proteins
812,179811,7414,F2KBANKS,Food 2 Kids Banks County,482423,,DIRECT ASSISTANCE,DIRECT ASSISTANCE-Agency,PURCH,C-28-90525,2,0,0,0.0,44,BANKS,0.0,5/15/2024 16:00,5/15/2024 13:59,Price Code 1,TRUCK 1 MOBILE PANTRY,False,Food Bank of Northeast Georgia,01,30607.0,Athens,BROCCOLI CROWNS,Cooled Cooled Cooled Cooled Vegetables
812,182531,7061,F2KBANKS,Food 2 Kids Banks County,485134,,DIRECT ASSISTANCE,DIRECT ASSISTANCE-Agency,USDA,C-50-10021,4,0,0,0.0,168,BANKS,0.0,6/27/2024 11:33,6/27/2024 10:02,Price Code 1,TRACTOR TRAILER 1 MOBILE PANTRY,False,Food Bank of Northeast Georgia,01,30607.0,Athens,USDA FRESH ORANGES,Cooled Cooled Cooled Cooled Fruits
1012,180066,9038,B-140,"Banks County Family Connection, Inc.",482674,,FP/USDA,AFTER SCHOOL PROGRAM-Agency,GNAP,N-40-10275,2,0,0,0.0,18,BANKS,0.0,5/8/2024 9:00,5/9/2024 9:40,Price Code 1,CUSTOMER PICKUP,False,Food Bank of Northeast Georgia,01,30547.0,Homer,GNAP CORN FLAKES CEREAL BOWLS,Dry Dry Dry Dry Grains
459,178640,4788,A-138,Alto C.H. Church Benevolent- The Grace House,481256,,FP/GNAP/USDA,FOOD PANTRY-Agency,USDA,F-50-90039,4,0,0,28.8,160,BANKS,0.18,4/25/2024 11:00,4/25/2024 11:14,Price Code 1,CUSTOMER PICKUP,False,Rabun Warehouse,02,30510.0,Alto,USDA CATFISH FILLETS CCC,Frozen Frozen Frozen Frozen Proteins
439,176274,1045,N-114,New Life Fellowship,478899,,FP/USDA,EMERGENCY-Agency,BLUE RECEIPT-SHL,W-25-10009,18,0,0,3.24,18,BANKS,0.18,2/27/2024 14:32,2/27/2024 9:26,Price Code 1,CUSTOMER PICKUP,False,Sharing Floor Athens,01-SH,30510.0,Alto,"ASSORTED SNACK ITEMS, SHL",Dry Dry Dry Dry Food Misc.
439,182313,235,N-114,New Life Fellowship,484917,,FP/USDA,EMERGENCY-Agency,LOCAL - LL,W-03-10012,106,0,0,0.0,106,BANKS,0.0,6/18/2024 14:32,6/18/2024 9:33,Price Code 1,CUSTOMER PICKUP,False,Sharing Floor Athens,01-SH,30510.0,Alto,"ASSORTED BEVERAGES, LL",Dry Dry Dry Dry Beverages
805,180352,8783,D-105,Damascus Baptist Church,482958,,FP/USDA,FOOD PANTRY-Agency,USDA,N-50-10308,2,0,0,8.28,46,BANKS,0.18,5/14/2024 9:00,5/14/2024 9:10,Price Code 1,CUSTOMER PICKUP,False,Food Bank of Northeast Georgia,01,30547.0,Homer,USDA RAISINS,Dry Dry Dry Dry Fruits
575,182298,4327,G-121,"Get Real Ministries, Inc.",484902,,FP/GNAP/USDA,FOOD PANTRY-Agency,USDA,N-50-10277,6,0,0,0.0,162,BANKS,0.0,6/18/2024 10:40,6/20/2024 16:14,Price Code 1,CUSTOMER PICKUP,False,Rabun Warehouse,02,30511.0,Baldwin,USDA GARBANZO BEANS,Dry Dry Dry Dry Proteins
812,173546,7284,F2KBANKS,Food 2 Kids Banks County,477175,,DIRECT ASSISTANCE,DIRECT ASSISTANCE-Agency,USDA,C-50-10043,10,0,0,0.0,260,BANKS,0.0,2/7/2024 15:30,2/8/2024 5:14,Price Code 1,TRUCK 1 MOBILE PANTRY,False,Food Bank of Northeast Georgia,01,30607.0,Athens,USDA RED FAT AMERICAN CHEESE CCC,Cooled Cooled Cooled Cooled Dairy
805,176670,4448,D-105,Damascus Baptist Church,479293,,FP/USDA,FOOD PANTRY-Agency,USDA,F-50-90446,2,0,0,0.0,56,BANKS,0.0,3/11/2024 14:05,3/11/2024 9:06,Price Code 1,CUSTOMER PICKUP,False,Food Bank of Northeast Georgia,01,30547.0,Homer,USDA FROZEN STRAWBERRY FRUIT CUPS,Frozen Frozen Frozen Frozen Fruits
845,176420,683,H-146,"Homer Methodist Church, Inc.",479044,,FP/OP/USDA,FOOD PANTRY-Agency,BLUE RECEIPT-SHL,W-16-10001,32,0,0,0.0,32,BANKS,0.0,2/29/2024 8:50,2/29/2024 10:18,Price Code 1,CUSTOMER PICKUP,False,Sharing Floor Athens,01-SH,30547.0,Homer,MISC. FOOD BOX SHL,Dry Dry Dry Dry Food Misc.
845,172484,8627,H-146,"Homer Methodist Church, Inc.",476115,,FP/OP/USDA,FOOD PANTRY-Agency,USDA,N-50-10300,6,0,0,15.12,84,BANKS,0.18,1/9/2024 13:30,1/26/2024 13:43,Price Code 1,CUSTOMER PICKUP,False,Food Bank of Northeast Georgia,01,30547.0,Homer,USDA CANNED COLLARD GREENS CCC,Dry Dry Dry Dry Vegetables
812,182375,9089,F2KBANKS,Food 2 Kids Banks County,484979,,DIRECT ASSISTANCE,DIRECT ASSISTANCE-Agency,GNAP,N-40-10292,17,0,0,0.0,119,BANKS,0.0,6/21/2024 8:00,7/9/2024 8:54,Price Code 1,CUSTOMER PICKUP,False,Food Bank of Northeast Georgia,01,30607.0,Athens,GNAP HONEY RINGS MULTIGRAIN CEREAL,Dry Dry Dry Dry Grains
1012,176045,2573,B-140,"Banks County Family Connection, Inc.",478672,,FP/USDA,AFTER SCHOOL PROGRAM-Agency,GNAP,N-40-10204,5,0,0,0.0,95,BANKS,0.0,2/27/2024 16:06,2/27/2024 14:04,Price Code 1,CUSTOMER PICKUP,False,Food Bank of Northeast Georgia,01,30547.0,Homer,GNAP CHICKEN & RICE SOUP,Dry Dry Dry Dry Prepared Meals
805,181444,842,D-105,Damascus Baptist Church,484048,,FP/USDA,FOOD PANTRY-Agency,USDA,N-50-10021,2,0,0,9.72,54,BANKS,0.18,6/4/2024 10:30,6/4/2024 9:03,Price Code 1,CUSTOMER PICKUP,False,Food Bank of Northeast Georgia,01,30547.0,Homer,USDA DICED TOMATOES NO SALT CCC,Dry Dry Dry Dry Vegetables
812,176503,7073,F2KBANKS,Food 2 Kids Banks County,479127,,DIRECT ASSISTANCE,DIRECT ASSISTANCE-Agency,BLUE RECEIPT-SHL,C-28-90494,55,0,0,0.0,55,BANKS,0.0,3/6/2024 15:30,3/8/2024 7:52,Price Code 1,TRUCK 1 MOBILE PANTRY,False,Food Bank of Northeast Georgia,01,30607.0,Athens,"CAULIFLOWER, SHL",Cooled Cooled Cooled Cooled Vegetables
812,182531,9088,F2KBANKS,Food 2 Kids Banks County,485134,,DIRECT ASSISTANCE,DIRECT ASSISTANCE-Agency,GNAP,N-40-10291,1,0,0,0.0,14,BANKS,0.0,6/27/2024 11:33,6/27/2024 10:02,Price Code 1,TRACTOR TRAILER 1 MOBILE PANTRY,False,Food Bank of Northeast Georgia,01,30607.0,Athens,GNAP MOUNTAIN DRIED FRUIT BLEND,Dry Dry Dry Dry Fruits
812,178039,8781,F2KBANKS,Food 2 Kids Banks County,480658,,DIRECT ASSISTANCE,DIRECT ASSISTANCE-Agency,BLUE RECEIPT-SHL,N-03-11753,10,0,0,0.0,230,BANKS,0.0,4/3/2024 15:00,4/24/2024 11:34,Price Code 1,CUSTOMER PICKUP,False,Food Bank of Northeast Georgia,01,30607.0,Athens,PURE LEAF SWEET TEA,Dry Dry Dry Dry Beverages
805,175168,8720,D-105,Damascus Baptist Church,477797,,FP/USDA,FOOD PANTRY-Agency,USDA,N-50-10305,5,0,0,12.6,70,BANKS,0.18,2/12/2024 14:05,2/20/2024 14:46,Price Code 1,CUSTOMER PICKUP,False,Food Bank of Northeast Georgia,01,30547.0,Homer,USDA MIXED VegetablesCCC,Dry Dry Dry Dry Vegetables
439,179853,5938,N-114,New Life Fellowship,482464,,FP/USDA,EMERGENCY-Agency,BLUE RECEIPT-SHL,C-28-10001,64,0,0,1.92,64,BANKS,0.03,4/30/2024 14:32,4/30/2024 9:11,Price Code 1,CUSTOMER PICKUP,False,Sharing Floor Athens,01-SH,30510.0,Alto,"PRODUCE, FRESH SHL",Cooled Cooled Cooled Cooled Mixed Produce
459,175150,84,A-138,Alto C.H. Church Benevolent- The Grace House,477779,,FP/GNAP/USDA,FOOD PANTRY-Agency,USDA,N-50-10006,12,0,0,58.32,324,BANKS,0.18,2/15/2024 11:00,2/15/2024 10:55,Price Code 1,CUSTOMER PICKUP,False,Rabun Warehouse,02,30510.0,Alto,USDA GREEN BEANS,Dry Dry Dry Dry Vegetables
805,176670,8690,D-105,Damascus Baptist Church,479293,,FP/USDA,FOOD PANTRY-Agency,USDA,N-50-10302,3,0,0,7.56,42,BANKS,0.18,3/11/2024 14:05,3/11/2024 9:06,Price Code 1,CUSTOMER PICKUP,False,Food Bank of Northeast Georgia,01,30547.0,Homer,USDA GREEN BEANS CCC,Dry Dry Dry Dry Vegetables
805,180352,4448,D-105,Damascus Baptist Church,482958,,FP/USDA,FOOD PANTRY-Agency,USDA,F-50-90446,2,0,0,0.0,56,BANKS,0.0,5/14/2024 9:00,5/14/2024 9:10,Price Code 1,CUSTOMER PICKUP,False,Food Bank of Northeast Georgia,01,30547.0,Homer,USDA FROZEN STRAWBERRY FRUIT CUPS,Frozen Frozen Frozen Frozen Fruits
439,173828,5958,N-114,New Life Fellowship,477457,,FP/USDA,EMERGENCY-Agency,BLUE RECEIPT-SHL,C-16-10001,21,0,0,3.78,21,BANKS,0.18,1/30/2024 14:32,1/30/2024 9:35,Price Code 1,CUSTOMER PICKUP,False,Sharing Floor Athens,01-SH,30510.0,Alto,"COOLER FOOD, MISC. SHL",Cooled Cooled Cooled Cooled Food Misc.
845,178062,2414,H-146,"Homer Methodist Church, Inc.",480681,,FP/OP/USDA,FOOD PANTRY-Agency,USDA,N-50-10244,6,0,0,38.88,216,BANKS,0.18,4/10/2024 8:50,4/10/2024 9:25,Price Code 1,CUSTOMER PICKUP,False,Food Bank of Northeast Georgia,01,30547.0,Homer,USDA CANNED BEEF CCC,Dry Dry Dry Dry Proteins
845,181816,9084,H-146,"Homer Methodist Church, Inc.",484420,,FP/OP/USDA,FOOD PANTRY-Agency,USDA,N-50-10315,6,0,0,29.16,162,BANKS,0.18,6/18/2024 9:00,6/18/2024 9:22,Price Code 1,CUSTOMER PICKUP,False,Food Bank of Northeast Georgia,01,30547.0,Homer,USDA CANNED SALMON,Dry Dry Dry Dry Proteins
812,178039,8906,F2KBANKS,Food 2 Kids Banks County,480658,,DIRECT ASSISTANCE,DIRECT ASSISTANCE-Agency,GNAP,N-40-10266,12,0,0,0.0,240,BANKS,0.0,4/3/2024 15:00,4/24/2024 11:34,Price Code 1,CUSTOMER PICKUP,False,Food Bank of Northeast Georgia,01,30607.0,Athens,GNAP SPAGHETTI,Dry Dry Dry Dry Grains
439,175193,875,N-114,New Life Fellowship,477822,,FP/USDA,EMERGENCY-Agency,BLUE RECEIPT-SHL,W-04-10000,23,0,0,0.0,23,BANKS,0.0,2/6/2024 14:32,2/6/2024 9:24,Price Code 1,CUSTOMER PICKUP,False,Sharing Floor Athens,01-SH,30510.0,Alto,"BREAD & BAKERY, ASSORTED SHL",Dry Dry Dry Dry Grains
845,181244,5407,H-146,"Homer Methodist Church, Inc.",483849,,FP/OP/USDA,FOOD PANTRY-Agency,BLUE RECEIPT-SHL,F-15-10000,48,0,0,8.64,48,BANKS,0.18,5/23/2024 8:50,5/23/2024 10:17,Price Code 1,CUSTOMER PICKUP,False,Sharing Floor Athens,01-SH,30547.0,Homer,"MEAT & SEAFOOD, FROZEN SHL",Frozen Frozen Frozen Frozen Proteins
812,173102,4448,F2KBANKS,Food 2 Kids Banks County,476732,,DIRECT ASSISTANCE,DIRECT ASSISTANCE-Agency,USDA,F-50-90446,64,0,0,0.0,1792,BANKS,0.0,1/17/2024 12:00,1/29/2024 9:33,Price Code 1,TRACTOR TRAILER 1 MOBILE PANTRY,False,Food Bank of Northeast Georgia,01,30607.0,Athens,USDA FROZEN STRAWBERRY FRUIT CUPS,Frozen Frozen Frozen Frozen Fruits
812,179811,4737,F2KBANKS,Food 2 Kids Banks County,482423,,DIRECT ASSISTANCE,DIRECT ASSISTANCE-Agency,USDA,F-50-90456,3,0,0,0.0,120,BANKS,0.0,5/15/2024 16:00,5/15/2024 13:59,Price Code 1,TRUCK 1 MOBILE PANTRY,False,Food Bank of Northeast Georgia,01,30607.0,Athens,USDA PORK PATTY,Frozen Frozen Frozen Frozen Proteins
845,172538,5407,H-146,"Homer Methodist Church, Inc.",476169,,FP/OP/USDA,FOOD PANTRY-Agency,BLUE RECEIPT-SHL,F-15-10000,75,0,0,13.5,75,BANKS,0.18,1/4/2024 8:50,1/4/2024 10:30,Price Code 1,CUSTOMER PICKUP,False,Sharing Floor Athens,01-SH,30547.0,Homer,"MEAT & SEAFOOD, FROZEN SHL",Frozen Frozen Frozen Frozen Proteins
575,175845,8783,G-121,"Get Real Ministries, Inc.",478473,,FP/GNAP/USDA,FOOD PANTRY-Agency,USDA,N-50-10308,13,0,0,0.0,299,BANKS,0.0,2/20/2024 10:40,2/23/2024 8:29,Price Code 1,CUSTOMER PICKUP,False,Rabun Warehouse,02,30511.0,Baldwin,USDA RAISINS,Dry Dry Dry Dry Fruits
805,178140,1047,D-105,Damascus Baptist Church,480759,,FP/USDA,FOOD PANTRY-Agency,USDA,N-50-10041,2,0,0,17.64,98,BANKS,0.18,4/9/2024 14:05,4/9/2024 9:11,Price Code 1,CUSTOMER PICKUP,False,Food Bank of Northeast Georgia,01,30547.0,Homer,USDA RICE,Dry Dry Dry Dry Grains
439,175553,683,N-114,New Life Fellowship,478182,,FP/USDA,EMERGENCY-Agency,BLUE RECEIPT-SHL,W-16-10001,60,0,0,10.8,60,BANKS,0.18,2/13/2024 14:32,2/13/2024 9:54,Price Code 1,CUSTOMER PICKUP,False,Sharing Floor Athens,01-SH,30510.0,Alto,MISC. FOOD BOX SHL,Dry Dry Dry Dry Food Misc.
439,175193,690,N-114,New Life Fellowship,477822,,FP/USDA,EMERGENCY-Agency,BLUE RECEIPT-SHL,W-03-10013,87,0,0,0.0,87,BANKS,0.0,2/6/2024 14:32,2/6/2024 9:24,Price Code 1,CUSTOMER PICKUP,False,Sharing Floor Athens,01-SH,30510.0,Alto,"ASSORTED BEVERAGES, SHL",Dry Dry Dry Dry Beverages
439,177530,50,N-114,New Life Fellowship,480150,,FP/USDA,EMERGENCY-Agency,LOCAL - LL,W-16-10002,24,0,0,4.32,24,BANKS,0.18,3/19/2024 14:32,3/19/2024 9:17,Price Code 1,CUSTOMER PICKUP,False,Sharing Floor Athens,01-SH,30510.0,Alto,MISC. FOOD BOX LL,Dry Dry Dry Dry Food Misc.
812,179556,1521,F2KBANKS,Food 2 Kids Banks County,482169,,DIRECT ASSISTANCE,DIRECT ASSISTANCE-Agency,USDA,N-50-10104,3,0,0,0.0,75,BANKS,0.0,5/1/2024 16:00,5/2/2024 10:35,Price Code 1,TRUCK 1 MOBILE PANTRY,False,Food Bank of Northeast Georgia,01,30607.0,Athens,USDA LENTIL BEANS,Dry Dry Dry Dry Proteins
845,179168,5407,H-146,"Homer Methodist Church, Inc.",481781,,FP/OP/USDA,FOOD PANTRY-Agency,BLUE RECEIPT-SHL,F-15-10000,117,0,0,21.06,117,BANKS,0.18,4/18/2024 8:50,4/18/2024 10:13,Price Code 1,CUSTOMER PICKUP,False,Sharing Floor Athens,01-SH,30547.0,Homer,"MEAT & SEAFOOD, FROZEN SHL",Frozen Frozen Frozen Frozen Proteins
812,172020,8851,F2KBANKS,Food 2 Kids Banks County,475651,,DIRECT ASSISTANCE,DIRECT ASSISTANCE-Agency,PURCH,N-11-11071,6,0,0,0.0,36,BANKS,0.0,1/3/2024 12:00,1/16/2024 8:20,Price Code 1,TRUCK 1 MOBILE PANTRY,False,Food Bank of Northeast Georgia,01,30607.0,Athens,"CHICKEN STUFFING, PREMIER PANTRY",Dry Dry Dry Dry Prepared Meals
812,178039,5407,F2KBANKS,Food 2 Kids Banks County,480658,,DIRECT ASSISTANCE,DIRECT ASSISTANCE-Agency,BLUE RECEIPT-SHL,F-15-10000,4024,0,0,0.0,4024,BANKS,0.0,4/3/2024 15:00,4/24/2024 11:34,Price Code 1,CUSTOMER PICKUP,False,Food Bank of Northeast Georgia,01,30607.0,Athens,"MEAT & SEAFOOD, FROZEN SHL",Frozen Frozen Frozen Frozen Proteins
812,173102,3868,F2KBANKS,Food 2 Kids Banks County,476732,,DIRECT ASSISTANCE,DIRECT ASSISTANCE-Agency,USDA,N-50-10267,4,0,0,0.0,160,BANKS,0.0,1/17/2024 12:00,1/29/2024 9:33,Price Code 1,TRACTOR TRAILER 1 MOBILE PANTRY,False,Food Bank of Northeast Georgia,01,30607.0,Athens,USDA ALL PURPOSE FLOUR,Dry Dry Dry Dry Grains
805,175168,5088,D-105,Damascus Baptist Church,477797,,FP/USDA,FOOD PANTRY-Agency,USDA,F-50-90023,5,0,0,0.0,125,BANKS,0.0,2/12/2024 14:05,2/20/2024 14:46,Price Code 1,CUSTOMER PICKUP,False,Food Bank of Northeast Georgia,01,30547.0,Homer,USDA FROZEN PEACHES CCC,Frozen Frozen Frozen Frozen Fruits
845,181244,690,H-146,"Homer Methodist Church, Inc.",483849,,FP/OP/USDA,FOOD PANTRY-Agency,BLUE RECEIPT-SHL,W-03-10013,31,0,0,0.0,31,BANKS,0.0,5/23/2024 8:50,5/23/2024 10:17,Price Code 1,CUSTOMER PICKUP,False,Sharing Floor Athens,01-SH,30547.0,Homer,"ASSORTED BEVERAGES, SHL",Dry Dry Dry Dry Beverages
805,180352,6655,D-105,Damascus Baptist Church,482958,,FP/USDA,FOOD PANTRY-Agency,LOCAL - LL,C-28-90413,5,0,0,0.0,250,BANKS,0.0,5/14/2024 9:00,5/14/2024 9:10,Price Code 1,CUSTOMER PICKUP,False,Food Bank of Northeast Georgia,01,30547.0,Homer,CABBAGE,Cooled Cooled Cooled Cooled Vegetables
812,176503,7298,F2KBANKS,Food 2 Kids Banks County,479127,,DIRECT ASSISTANCE,DIRECT ASSISTANCE-Agency,GNAP,N-40-10248,8,0,0,0.0,112,BANKS,0.0,3/6/2024 15:30,3/8/2024 7:52,Price Code 1,TRUCK 1 MOBILE PANTRY,False,Food Bank of Northeast Georgia,01,30607.0,Athens,GNAP BAKING AND BISCUIT MIX,Dry Dry Dry Dry Grains
812,173102,7298,F2KBANKS,Food 2 Kids Banks County,476732,,DIRECT ASSISTANCE,DIRECT ASSISTANCE-Agency,GNAP,N-40-10248,6,0,0,0.0,84,BANKS,0.0,1/17/2024 12:00,1/29/2024 9:33,Price Code 1,TRACTOR TRAILER 1 MOBILE PANTRY,False,Food Bank of Northeast Georgia,01,30607.0,Athens,GNAP BAKING AND BISCUIT MIX,Dry Dry Dry Dry Grains
812,172020,84,F2KBANKS,Food 2 Kids Banks County,475651,,DIRECT ASSISTANCE,DIRECT ASSISTANCE-Agency,USDA,N-50-10006,15,0,0,0.0,405,BANKS,0.0,1/3/2024 12:00,1/16/2024 8:20,Price Code 1,TRUCK 1 MOBILE PANTRY,False,Food Bank of Northeast Georgia,01,30607.0,Athens,USDA GREEN BEANS,Dry Dry Dry Dry Vegetables
845,182641,8975,H-146,"Homer Methodist Church, Inc.",FAIMPORT485244,,FP/OP/USDA,FOOD PANTRY-Agency,BLUE RECEIPT-SHL,MCC-07-10001,13,0,0,0.0,13,BANKS,0.0,6/27/2024 0:00,6/27/2024 0:00,Price Code 1,CUSTOMER PICKUP,False,Food Bank of Northeast Georgia,01,30547.0,Homer,"DAIRY PRODUCTS, SHL RETAIL PICKUPS",Dry Dry Dry Dry Dairy
439,179853,875,N-114,New Life Fellowship,482464,,FP/USDA,EMERGENCY-Agency,BLUE RECEIPT-SHL,W-04-10000,34,0,0,0.0,34,BANKS,0.0,4/30/2024 14:32,4/30/2024 9:11,Price Code 1,CUSTOMER PICKUP,False,Sharing Floor Athens,01-SH,30510.0,Alto,"BREAD & BAKERY, ASSORTED SHL",Dry Dry Dry Dry Grains
439,173828,690,N-114,New Life Fellowship,477457,,FP/USDA,EMERGENCY-Agency,BLUE RECEIPT-SHL,W-03-10013,172,0,0,0.0,172,BANKS,0.0,1/30/2024 14:32,1/30/2024 9:35,Price Code 1,CUSTOMER PICKUP,False,Sharing Floor Athens,01-SH,30510.0,Alto,"ASSORTED BEVERAGES, SHL",Dry Dry Dry Dry Beverages
439,177530,5938,N-114,New Life Fellowship,480150,,FP/USDA,EMERGENCY-Agency,BLUE RECEIPT-SHL,C-28-10001,22,0,0,0.66,22,BANKS,0.03,3/19/2024 14:32,3/19/2024 9:17,Price Code 1,CUSTOMER PICKUP,False,Sharing Floor Athens,01-SH,30510.0,Alto,"PRODUCE, FRESH SHL",Cooled Cooled Cooled Cooled Mixed Produce
812,176503,7284,F2KBANKS,Food 2 Kids Banks County,479127,,DIRECT ASSISTANCE,DIRECT ASSISTANCE-Agency,USDA,C-50-10043,29,0,0,0.0,754,BANKS,0.0,3/6/2024 15:30,3/8/2024 7:52,Price Code 1,TRUCK 1 MOBILE PANTRY,False,Food Bank of Northeast Georgia,01,30607.0,Athens,USDA RED FAT AMERICAN CHEESE CCC,Cooled Cooled Cooled Cooled Dairy
812,182375,9088,F2KBANKS,Food 2 Kids Banks County,484979,,DIRECT ASSISTANCE,DIRECT ASSISTANCE-Agency,GNAP,N-40-10291,4,0,0,0.0,56,BANKS,0.0,6/21/2024 8:00,7/9/2024 8:54,Price Code 1,CUSTOMER PICKUP,False,Food Bank of Northeast Georgia,01,30607.0,Athens,GNAP MOUNTAIN DRIED FRUIT BLEND,Dry Dry Dry Dry Fruits
812,176503,8943,F2KBANKS,Food 2 Kids Banks County,479127,,DIRECT ASSISTANCE,DIRECT ASSISTANCE-Agency,BLUE RECEIPT-SHL,C-28-90534,9,0,0,0.0,378,BANKS,0.0,3/6/2024 15:30,3/8/2024 7:52,Price Code 1,TRUCK 1 MOBILE PANTRY,False,Food Bank of Northeast Georgia,01,30607.0,Athens,"SWEET POTATO, SHL",Cooled Cooled Cooled Cooled Potatoes
575,180871,1047,G-121,"Get Real Ministries, Inc.",483477,,FP/GNAP/USDA,FOOD PANTRY-Agency,USDA,N-50-10041,13,0,0,0.0,637,BANKS,0.0,5/20/2024 9:00,5/21/2024 16:15,Price Code 1,CUSTOMER PICKUP,False,Rabun Warehouse,02,30511.0,Baldwin,USDA RICE,Dry Dry Dry Dry Grains
845,179168,683,H-146,"Homer Methodist Church, Inc.",481781,,FP/OP/USDA,FOOD PANTRY-Agency,BLUE RECEIPT-SHL,W-16-10001,39,0,0,7.02,39,BANKS,0.18,4/18/2024 8:50,4/18/2024 10:13,Price Code 1,CUSTOMER PICKUP,False,Sharing Floor Athens,01-SH,30547.0,Homer,MISC. FOOD BOX SHL,Dry Dry Dry Dry Food Misc.
845,181525,8975,H-146,"Homer Methodist Church, Inc.",FAIMPORT484129,,FP/OP/USDA,FOOD PANTRY-Agency,BLUE RECEIPT-SHL,MCC-07-10001,10,0,0,0.0,10,BANKS,0.0,5/23/2024 0:00,5/23/2024 0:00,Price Code 1,CUSTOMER PICKUP,False,Food Bank of Northeast Georgia,01,30547.0,Homer,"DAIRY PRODUCTS, SHL RETAIL PICKUPS",Dry Dry Dry Dry Dairy
805,175168,8851,D-105,Damascus Baptist Church,477797,,FP/USDA,FOOD PANTRY-Agency,PURCH,N-11-11071,4,0,0,4.32,24,BANKS,0.18,2/12/2024 14:05,2/20/2024 14:46,Price Code 1,CUSTOMER PICKUP,False,Food Bank of Northeast Georgia,01,30547.0,Homer,"CHICKEN STUFFING, PREMIER PANTRY",Dry Dry Dry Dry Prepared Meals
459,173868,8783,A-138,Alto C.H. Church Benevolent- The Grace House,477497,,FP/GNAP/USDA,FOOD PANTRY-Agency,USDA,N-50-10308,8,0,0,33.12,184,BANKS,0.18,2/15/2024 11:00,2/15/2024 10:55,Price Code 1,CUSTOMER PICKUP,False,Rabun Warehouse,02,30510.0,Alto,USDA RAISINS,Dry Dry Dry Dry Fruits
805,172617,50,D-105,Damascus Baptist Church,476248,,FP/USDA,FOOD PANTRY-Agency,LOCAL - LL,W-16-10002,140,0,0,25.2,140,BANKS,0.18,1/5/2024 14:05,1/5/2024 11:41,Price Code 1,CUSTOMER PICKUP,False,Sharing Floor Athens,01-SH,30547.0,Homer,MISC. FOOD BOX LL,Dry Dry Dry Dry Food Misc.
845,181622,683,H-146,"Homer Methodist Church, Inc.",484226,,FP/OP/USDA,FOOD PANTRY-Agency,BLUE RECEIPT-SHL,W-16-10001,124,0,0,22.32,124,BANKS,0.18,5/30/2024 8:50,5/30/2024 10:35,Price Code 1,CUSTOMER PICKUP,False,Sharing Floor Athens,01-SH,30547.0,Homer,MISC. FOOD BOX SHL,Dry Dry Dry Dry Food Misc.
845,173240,683,H-146,"Homer Methodist Church, Inc.",476870,,FP/OP/USDA,FOOD PANTRY-Agency,BLUE RECEIPT-SHL,W-16-10001,61,0,0,0.0,61,BANKS,0.0,1/18/2024 8:50,1/18/2024 10:22,Price Code 1,CUSTOMER PICKUP,False,Sharing Floor Athens,01-SH,30547.0,Homer,MISC. FOOD BOX SHL,Dry Dry Dry Dry Food Misc.
812,179811,7083,F2KBANKS,Food 2 Kids Banks County,482423,,DIRECT ASSISTANCE,DIRECT ASSISTANCE-Agency,USDA,C-50-10029,3,0,0,0.0,36,BANKS,0.0,5/15/2024 16:00,5/15/2024 13:59,Price Code 1,TRUCK 1 MOBILE PANTRY,False,Food Bank of Northeast Georgia,01,30607.0,Athens,"USDA MILD CHEDDAR CHEESE, BLOCK CCC",Cooled Cooled Cooled Cooled Dairy
845,181284,8975,H-146,"Homer Methodist Church, Inc.",FAIMPORT483889,,FP/OP/USDA,FOOD PANTRY-Agency,BLUE RECEIPT-SHL,MCC-07-10001,6,0,0,0.0,6,BANKS,0.0,5/21/2024 0:00,5/21/2024 0:00,Price Code 1,CUSTOMER PICKUP,False,Food Bank of Northeast Georgia,01,30547.0,Homer,"DAIRY PRODUCTS, SHL RETAIL PICKUPS",Dry Dry Dry Dry Dairy
812,173102,8903,F2KBANKS,Food 2 Kids Banks County,476732,,DIRECT ASSISTANCE,DIRECT ASSISTANCE-Agency,YELLOW RECEIPT - SHN,N-16-10181,6,0,0,0.0,30,BANKS,0.0,1/17/2024 12:00,1/29/2024 9:33,Price Code 1,TRACTOR TRAILER 1 MOBILE PANTRY,False,Food Bank of Northeast Georgia,01,30607.0,Athens,STOVE TOP STUFFING - TURKEY/CHICKEN/CORNBREAD,Dry Dry Dry Dry Prepared Meals
812,173546,8943,F2KBANKS,Food 2 Kids Banks County,477175,,DIRECT ASSISTANCE,DIRECT ASSISTANCE-Agency,BLUE RECEIPT-SHL,C-28-90534,2,0,0,0.0,84,BANKS,0.0,2/7/2024 15:30,2/8/2024 5:14,Price Code 1,TRUCK 1 MOBILE PANTRY,False,Food Bank of Northeast Georgia,01,30607.0,Athens,"SWEET POTATO, SHL",Cooled Cooled Cooled Cooled Potatoes
845,177853,8973,H-146,"Homer Methodist Church, Inc.",FAIMPORT480472,,FP/OP/USDA,FOOD PANTRY-Agency,BLUE RECEIPT-SHL,MCC-16-10001,1,0,0,0.0,1,BANKS,0.0,3/25/2024 0:00,3/25/2024 0:00,Price Code 1,CUSTOMER PICKUP,False,Food Bank of Northeast Georgia,01,30547.0,Homer,"COOLER FOOD MISC., SHL RETAIL PICKUP",Dry Dry Dry Dry Food Misc.
812,179811,8512,F2KBANKS,Food 2 Kids Banks County,482423,,DIRECT ASSISTANCE,DIRECT ASSISTANCE-Agency,USDA,C-50-10049,2,0,0,0.0,78,BANKS,0.0,5/15/2024 16:00,5/15/2024 13:59,Price Code 1,TRUCK 1 MOBILE PANTRY,False,Food Bank of Northeast Georgia,01,30607.0,Athens,USDA GRAPEFRUIT CCC,Cooled Cooled Cooled Cooled Fruits
845,182121,8976,H-146,"Homer Methodist Church, Inc.",FAIMPORT484725,,FP/OP/USDA,FOOD PANTRY-Agency,BLUE RECEIPT-SHL,MCC-28-10001,58,0,0,0.0,58,BANKS,0.0,6/12/2024 0:00,6/12/2024 0:00,Price Code 1,CUSTOMER PICKUP,False,Food Bank of Northeast Georgia,01,30547.0,Homer,"PRODUCE, SHL RETAIL PICKUPS",Dry Dry Dry Dry Mixed Produce
805,176853,683,D-105,Damascus Baptist Church,479475,,FP/USDA,FOOD PANTRY-Agency,BLUE RECEIPT-SHL,W-16-10001,221,0,0,39.78,221,BANKS,0.18,3/7/2024 14:05,3/7/2024 13:52,Price Code 1,CUSTOMER PICKUP,False,Sharing Floor Athens,01-SH,30547.0,Homer,MISC. FOOD BOX SHL,Dry Dry Dry Dry Food Misc.
845,181968,8976,H-146,"Homer Methodist Church, Inc.",FAIMPORT484572,,FP/OP/USDA,FOOD PANTRY-Agency,BLUE RECEIPT-SHL,MCC-28-10001,41,0,0,0.0,41,BANKS,0.0,6/4/2024 0:00,6/4/2024 0:00,Price Code 1,CUSTOMER PICKUP,False,Food Bank of Northeast Georgia,01,30547.0,Homer,"PRODUCE, SHL RETAIL PICKUPS",Dry Dry Dry Dry Mixed Produce
805,178140,8690,D-105,Damascus Baptist Church,480759,,FP/USDA,FOOD PANTRY-Agency,USDA,N-50-10302,2,0,0,5.04,28,BANKS,0.18,4/9/2024 14:05,4/9/2024 9:11,Price Code 1,CUSTOMER PICKUP,False,Food Bank of Northeast Georgia,01,30547.0,Homer,USDA GREEN BEANS CCC,Dry Dry Dry Dry Vegetables
812,173546,7082,F2KBANKS,Food 2 Kids Banks County,477175,,DIRECT ASSISTANCE,DIRECT ASSISTANCE-Agency,USDA,C-50-10033,74,0,0,0.0,888,BANKS,0.0,2/7/2024 15:30,2/8/2024 5:14,Price Code 1,TRUCK 1 MOBILE PANTRY,False,Food Bank of Northeast Georgia,01,30607.0,Athens,USDA SHREDDED YELLOW CHEDDAR CHEESE CCC,Cooled Cooled Cooled Cooled Dairy
845,176834,696,H-146,"Homer Methodist Church, Inc.",479456,,FP/OP/USDA,FOOD PANTRY-Agency,LOCAL - LL,W-25-10000,125,0,0,22.5,125,BANKS,0.18,3/7/2024 8:50,3/7/2024 10:19,Price Code 1,CUSTOMER PICKUP,False,Sharing Floor Athens,01-SH,30547.0,Homer,"ASSORTED SNACK ITEMS, LL",Dry Dry Dry Dry Food Misc.
812,172020,3943,F2KBANKS,Food 2 Kids Banks County,475651,,DIRECT ASSISTANCE,DIRECT ASSISTANCE-Agency,USDA,N-50-10268,10,0,0,0.0,380,BANKS,0.0,1/3/2024 12:00,1/16/2024 8:20,Price Code 1,TRUCK 1 MOBILE PANTRY,False,Food Bank of Northeast Georgia,01,30607.0,Athens,USDA APPLE JUICE,Dry Dry Dry Dry Beverages
812,176503,8720,F2KBANKS,Food 2 Kids Banks County,479127,,DIRECT ASSISTANCE,DIRECT ASSISTANCE-Agency,USDA,N-50-10305,10,0,0,0.0,140,BANKS,0.0,3/6/2024 15:30,3/8/2024 7:52,Price Code 1,TRUCK 1 MOBILE PANTRY,False,Food Bank of Northeast Georgia,01,30607.0,Athens,USDA MIXED VegetablesCCC,Dry Dry Dry Dry Vegetables
812,177214,3204,F2KBANKS,Food 2 Kids Banks County,479834,,DIRECT ASSISTANCE,DIRECT ASSISTANCE-Agency,GNAP,N-40-10217,6,0,0,0.0,54,BANKS,0.0,3/20/2024 16:00,3/27/2024 10:01,Price Code 1,TRACTOR TRAILER 1 MOBILE PANTRY,False,Food Bank of Northeast Georgia,01,30607.0,Athens,GNAP CANNED HAM,Dry Dry Dry Dry Proteins
812,173102,8682,F2KBANKS,Food 2 Kids Banks County,476732,,DIRECT ASSISTANCE,DIRECT ASSISTANCE-Agency,BLUE RECEIPT-SHL,N-03-11727,20,0,0,0.0,560,BANKS,0.0,1/17/2024 12:00,1/29/2024 9:33,Price Code 1,TRACTOR TRAILER 1 MOBILE PANTRY,False,Food Bank of Northeast Georgia,01,30607.0,Athens,LIPTON DIET GREEN TEA CITRUS,Dry Dry Dry Dry Beverages
812,178039,8944,F2KBANKS,Food 2 Kids Banks County,480658,,DIRECT ASSISTANCE,DIRECT ASSISTANCE-Agency,YELLOW RECEIPT - SHN,C-28-90535,3,0,0,0.0,156,BANKS,0.0,4/3/2024 15:00,4/24/2024 11:34,Price Code 1,CUSTOMER PICKUP,False,Food Bank of Northeast Georgia,01,30607.0,Athens,"TURNIP, SHL",Cooled Cooled Cooled Cooled Vegetables
979,180758,2202,G-135,Gillsville Baptist Church INC,483364,,FP/OP/USDA,FOOD PANTRY-Agency,USDA,N-50-10240,6,0,0,23.76,132,BANKS,0.18,5/17/2024 12:30,5/17/2024 12:19,Price Code 1,CUSTOMER PICKUP,False,Food Bank of Northeast Georgia,01,30543.0,Gillsville,USDA SPAGHETTI,Dry Dry Dry Dry Grains
845,179168,683,H-146,"Homer Methodist Church, Inc.",481781,,FP/OP/USDA,FOOD PANTRY-Agency,BLUE RECEIPT-SHL,W-16-10001,47,0,0,0.0,47,BANKS,0.0,4/18/2024 8:50,4/18/2024 10:13,Price Code 1,CUSTOMER PICKUP,False,Sharing Floor Athens,01-SH,30547.0,Homer,MISC. FOOD BOX SHL,Dry Dry Dry Dry Food Misc.
812,176503,6920,F2KBANKS,Food 2 Kids Banks County,479127,,DIRECT ASSISTANCE,DIRECT ASSISTANCE-Agency,LOCAL - LL,C-28-90389,2,0,0,0.0,100,BANKS,0.0,3/6/2024 15:30,3/8/2024 7:52,Price Code 1,TRUCK 1 MOBILE PANTRY,False,Food Bank of Northeast Georgia,01,30607.0,Athens,ONIONS 50 LB,Cooled Cooled Cooled Cooled Vegetables
459,173868,7082,A-138,Alto C.H. Church Benevolent- The Grace House,477497,,FP/GNAP/USDA,FOOD PANTRY-Agency,USDA,C-50-10033,20,0,0,0.0,240,BANKS,0.0,2/15/2024 11:00,2/15/2024 10:55,Price Code 1,CUSTOMER PICKUP,False,Rabun Warehouse,02,30510.0,Alto,USDA SHREDDED YELLOW CHEDDAR CHEESE CCC,Cooled Cooled Cooled Cooled Dairy
1012,172863,696,B-140,"Banks County Family Connection, Inc.",476494,,FP/USDA,AFTER SCHOOL PROGRAM-Agency,LOCAL - LL,W-25-10000,70,0,0,0.0,70,BANKS,0.0,1/10/2024 11:15,1/10/2024 11:28,Price Code 1,CUSTOMER PICKUP,False,Sharing Floor Athens,01-SH,30547.0,Homer,"ASSORTED SNACK ITEMS, LL",Dry Dry Dry Dry Food Misc.
812,177214,8992,F2KBANKS,Food 2 Kids Banks County,479834,,DIRECT ASSISTANCE,DIRECT ASSISTANCE-Agency,USDA,F-50-90475,8,0,0,0.0,320,BANKS,0.0,3/20/2024 16:00,3/27/2024 10:01,Price Code 1,TRACTOR TRAILER 1 MOBILE PANTRY,False,Food Bank of Northeast Georgia,01,30607.0,Athens,USDA PORK TACO FILLING FULLY COOKED CCC,Frozen Frozen Frozen Frozen Proteins
812,173546,8620,F2KBANKS,Food 2 Kids Banks County,477175,,DIRECT ASSISTANCE,DIRECT ASSISTANCE-Agency,GNAP,N-40-10260,10,0,0,0.0,180,BANKS,0.0,2/7/2024 15:30,2/8/2024 5:14,Price Code 1,TRUCK 1 MOBILE PANTRY,False,Food Bank of Northeast Georgia,01,30607.0,Athens,GNAP CREAM OF CHICKEN SOUP,Dry Dry Dry Dry Prepared Meals
805,176853,5407,D-105,Damascus Baptist Church,479475,,FP/USDA,FOOD PANTRY-Agency,BLUE RECEIPT-SHL,F-15-10000,79,0,0,14.22,79,BANKS,0.18,3/7/2024 14:05,3/7/2024 13:52,Price Code 1,CUSTOMER PICKUP,False,Sharing Floor Athens,01-SH,30547.0,Homer,"MEAT & SEAFOOD, FROZEN SHL",Frozen Frozen Frozen Frozen Proteins
812,173546,4555,F2KBANKS,Food 2 Kids Banks County,477175,,DIRECT ASSISTANCE,DIRECT ASSISTANCE-Agency,USDA,F-50-90042,10,0,0,0.0,400,BANKS,0.0,2/7/2024 15:30,2/8/2024 5:14,Price Code 1,TRUCK 1 MOBILE PANTRY,False,Food Bank of Northeast Georgia,01,30607.0,Athens,USDA CHICKEN DRUMSTICKS CCC,Frozen Frozen Frozen Frozen Proteins
812,172020,8627,F2KBANKS,Food 2 Kids Banks County,475651,,DIRECT ASSISTANCE,DIRECT ASSISTANCE-Agency,USDA,N-50-10300,10,0,0,0.0,140,BANKS,0.0,1/3/2024 12:00,1/16/2024 8:20,Price Code 1,TRUCK 1 MOBILE PANTRY,False,Food Bank of Northeast Georgia,01,30607.0,Athens,USDA CANNED COLLARD GREENS CCC,Dry Dry Dry Dry Vegetables
845,176834,5407,H-146,"Homer Methodist Church, Inc.",479456,,FP/OP/USDA,FOOD PANTRY-Agency,BLUE RECEIPT-SHL,F-15-10000,134,0,0,24.12,134,BANKS,0.18,3/7/2024 8:50,3/7/2024 10:19,Price Code 1,CUSTOMER PICKUP,False,Sharing Floor Athens,01-SH,30547.0,Homer,"MEAT & SEAFOOD, FROZEN SHL",Frozen Frozen Frozen Frozen Proteins
812,173102,8906,F2KBANKS,Food 2 Kids Banks County,476732,,DIRECT ASSISTANCE,DIRECT ASSISTANCE-Agency,GNAP,N-40-10266,4,0,0,0.0,80,BANKS,0.0,1/17/2024 12:00,1/29/2024 9:33,Price Code 1,TRACTOR TRAILER 1 MOBILE PANTRY,False,Food Bank of Northeast Georgia,01,30607.0,Athens,GNAP SPAGHETTI,Dry Dry Dry Dry Grains
845,173935,84,H-146,"Homer Methodist Church, Inc.",477564,,FP/OP/USDA,FOOD PANTRY-Agency,USDA,N-50-10006,6,0,0,29.16,162,BANKS,0.18,2/6/2024 13:00,2/6/2024 13:31,Price Code 1,CUSTOMER PICKUP,False,Food Bank of Northeast Georgia,01,30547.0,Homer,USDA GREEN BEANS,Dry Dry Dry Dry Vegetables
459,173868,4852,A-138,Alto C.H. Church Benevolent- The Grace House,477497,,FP/GNAP/USDA,FOOD PANTRY-Agency,USDA,F-50-90035,12,0,0,0.0,384,BANKS,0.0,2/15/2024 11:00,2/15/2024 10:55,Price Code 1,CUSTOMER PICKUP,False,Rabun Warehouse,02,30510.0,Alto,USDA FROZEN CHERRIES CCC,Frozen Frozen Frozen Frozen Fruits
1012,173545,92,B-140,"Banks County Family Connection, Inc.",477174,,FP/USDA,AFTER SCHOOL PROGRAM-Agency,LOCAL - LL,W-01-10002,26,0,0,0.0,26,BANKS,0.0,1/24/2024 11:46,1/24/2024 11:54,Price Code 1,CUSTOMER PICKUP,False,Sharing Floor Athens,01-SH,30547.0,Homer,"ASSORTED NON-FOOD ITEMS, LL",Dry Dry Dry Dry Non-Food Misc.
439,177530,5407,N-114,New Life Fellowship,480150,,FP/USDA,EMERGENCY-Agency,BLUE RECEIPT-SHL,F-15-10000,50,0,0,9.0,50,BANKS,0.18,3/19/2024 14:32,3/19/2024 9:17,Price Code 1,CUSTOMER PICKUP,False,Sharing Floor Athens,01-SH,30510.0,Alto,"MEAT & SEAFOOD, FROZEN SHL",Frozen Frozen Frozen Frozen Proteins
439,175553,1045,N-114,New Life Fellowship,478182,,FP/USDA,EMERGENCY-Agency,BLUE RECEIPT-SHL,W-25-10009,27,0,0,4.86,27,BANKS,0.18,2/13/2024 14:32,2/13/2024 9:54,Price Code 1,CUSTOMER PICKUP,False,Sharing Floor Athens,01-SH,30510.0,Alto,"ASSORTED SNACK ITEMS, SHL",Dry Dry Dry Dry Food Misc.
575,180871,6676,G-121,"Get Real Ministries, Inc.",483477,,FP/GNAP/USDA,FOOD PANTRY-Agency,USDA,C-50-10009,49,0,0,0.0,2205,BANKS,0.0,5/20/2024 9:00,5/21/2024 16:15,Price Code 1,CUSTOMER PICKUP,False,Rabun Warehouse,02,30511.0,Baldwin,"USDA APPLES, FRESH",Cooled Cooled Cooled Cooled Fruits
812,177214,8620,F2KBANKS,Food 2 Kids Banks County,479834,,DIRECT ASSISTANCE,DIRECT ASSISTANCE-Agency,GNAP,N-40-10260,2,0,0,0.0,36,BANKS,0.0,3/20/2024 16:00,3/27/2024 10:01,Price Code 1,TRACTOR TRAILER 1 MOBILE PANTRY,False,Food Bank of Northeast Georgia,01,30607.0,Athens,GNAP CREAM OF CHICKEN SOUP,Dry Dry Dry Dry Prepared Meals
812,179556,7284,F2KBANKS,Food 2 Kids Banks County,482169,,DIRECT ASSISTANCE,DIRECT ASSISTANCE-Agency,USDA,C-50-10043,10,0,0,0.0,260,BANKS,0.0,5/1/2024 16:00,5/2/2024 10:35,Price Code 1,TRUCK 1 MOBILE PANTRY,False,Food Bank of Northeast Georgia,01,30607.0,Athens,USDA RED FAT AMERICAN CHEESE CCC,Cooled Cooled Cooled Cooled Dairy
812,177214,8943,F2KBANKS,Food 2 Kids Banks County,479834,,DIRECT ASSISTANCE,DIRECT ASSISTANCE-Agency,BLUE RECEIPT-SHL,C-28-90534,4,0,0,0.0,168,BANKS,0.0,3/20/2024 16:00,3/27/2024 10:01,Price Code 1,TRACTOR TRAILER 1 MOBILE PANTRY,False,Food Bank of Northeast Georgia,01,30607.0,Athens,"SWEET POTATO, SHL",Cooled Cooled Cooled Cooled Potatoes
845,176227,8783,H-146,"Homer Methodist Church, Inc.",478853,,FP/OP/USDA,FOOD PANTRY-Agency,USDA,N-50-10308,6,0,0,24.84,138,BANKS,0.18,3/6/2024 8:50,3/6/2024 9:34,Price Code 1,CUSTOMER PICKUP,False,Food Bank of Northeast Georgia,01,30547.0,Homer,USDA RAISINS,Dry Dry Dry Dry Fruits
575,182298,3203,G-121,"Get Real Ministries, Inc.",484902,,FP/GNAP/USDA,FOOD PANTRY-Agency,USDA,N-50-10289,6,0,0,0.0,150,BANKS,0.0,6/18/2024 10:40,6/20/2024 16:14,Price Code 1,CUSTOMER PICKUP,False,Rabun Warehouse,02,30511.0,Baldwin,USDA PECAN PIECES,Dry Dry Dry Dry Proteins
845,180631,8976,H-146,"Homer Methodist Church, Inc.",FAIMPORT483237,,FP/OP/USDA,FOOD PANTRY-Agency,BLUE RECEIPT-SHL,MCC-28-10001,31,0,0,0.0,31,BANKS,0.0,5/8/2024 0:00,5/8/2024 0:00,Price Code 1,CUSTOMER PICKUP,False,Food Bank of Northeast Georgia,01,30547.0,Homer,"PRODUCE, SHL RETAIL PICKUPS",Dry Dry Dry Dry Mixed Produce
845,179605,5772,H-146,"Homer Methodist Church, Inc.",482218,,FP/OP/USDA,FOOD PANTRY-Agency,LOCAL - LL,C-28-10000,103,0,0,3.09,103,BANKS,0.03,4/25/2024 8:50,4/25/2024 10:13,Price Code 1,CUSTOMER PICKUP,False,Sharing Floor Athens,01-SH,30547.0,Homer,"PRODUCE, FRESH LL",Cooled Cooled Cooled Cooled Mixed Produce
575,172910,7082,G-121,"Get Real Ministries, Inc.",476541,,FP/GNAP/USDA,FOOD PANTRY-Agency,USDA,C-50-10033,52,0,0,0.0,624,BANKS,0.0,1/16/2024 10:40,1/16/2024 13:28,Price Code 1,CUSTOMER PICKUP,False,Rabun Warehouse,02,30511.0,Baldwin,USDA SHREDDED YELLOW CHEDDAR CHEESE CCC,Cooled Cooled Cooled Cooled Dairy
812,178655,6780,F2KBANKS,Food 2 Kids Banks County,481271,,DIRECT ASSISTANCE,DIRECT ASSISTANCE-Agency,USDA,C-50-10024,5,0,0,0.0,215,BANKS,0.0,4/17/2024 16:00,4/24/2024 11:38,Price Code 1,TRUCK 1 MOBILE PANTRY,False,Food Bank of Northeast Georgia,01,30607.0,Athens,USDA APPLES,Cooled Cooled Cooled Cooled Fruits
812,173102,8719,F2KBANKS,Food 2 Kids Banks County,476732,,DIRECT ASSISTANCE,DIRECT ASSISTANCE-Agency,GNAP,N-40-10265,6,0,0,0.0,78,BANKS,0.0,1/17/2024 12:00,1/29/2024 9:33,Price Code 1,TRACTOR TRAILER 1 MOBILE PANTRY,False,Food Bank of Northeast Georgia,01,30607.0,Athens,GNAP MINI BEEF RAVIOLI,Dry Dry Dry Dry Prepared Meals
812,177214,890,F2KBANKS,Food 2 Kids Banks County,479834,,DIRECT ASSISTANCE,DIRECT ASSISTANCE-Agency,GNAP,N-40-10001,2,0,0,0.0,54,BANKS,0.0,3/20/2024 16:00,3/27/2024 10:01,Price Code 1,TRACTOR TRAILER 1 MOBILE PANTRY,False,Food Bank of Northeast Georgia,01,30607.0,Athens,GNAP APPLE SAUCE,Dry Dry Dry Dry Fruits
812,179556,9026,F2KBANKS,Food 2 Kids Banks County,482169,,DIRECT ASSISTANCE,DIRECT ASSISTANCE-Agency,YELLOW RECEIPT - SHN,N-27-10138,8,0,0,0.0,176,BANKS,0.0,5/1/2024 16:00,5/2/2024 10:35,Price Code 1,TRUCK 1 MOBILE PANTRY,False,Food Bank of Northeast Georgia,01,30607.0,Athens,"HUNTS DICED TOMATOES BASIL, GARLIC, OREGANO",Dry Dry Dry Dry Vegetables
439,172446,8784,N-114,New Life Fellowship,476077,,FP/USDA,EMERGENCY-Agency,USDA,N-50-10309,12,0,0,58.32,324,BANKS,0.18,1/8/2024 11:00,1/8/2024 10:40,Price Code 1,CUSTOMER PICKUP,False,Rabun Warehouse,02,30510.0,Alto,USDA CANNED SALMON CCC,Dry Dry Dry Dry Proteins
845,173935,8914,H-146,"Homer Methodist Church, Inc.",477564,,FP/OP/USDA,FOOD PANTRY-Agency,USDA,N-50-10310,6,0,0,29.16,162,BANKS,0.18,2/6/2024 13:00,2/6/2024 13:31,Price Code 1,CUSTOMER PICKUP,False,Food Bank of Northeast Georgia,01,30547.0,Homer,USDA DICED POTATOES,Dry Dry Dry Dry Potatoes
459,178917,8997,A-138,Alto C.H. Church Benevolent- The Grace House,481531,,FP/GNAP/USDA,FOOD PANTRY-Agency,USDA,N-50-10312,8,0,0,17.28,96,BANKS,0.18,4/25/2024 11:00,4/25/2024 11:13,Price Code 1,CUSTOMER PICKUP,False,Rabun Warehouse,02,30510.0,Alto,USDA CHILI W/ BEANS CCC,Dry Dry Dry Dry Prepared Meals
459,178640,8997,A-138,Alto C.H. Church Benevolent- The Grace House,481256,,FP/GNAP/USDA,FOOD PANTRY-Agency,USDA,N-50-10312,8,0,0,17.28,96,BANKS,0.18,4/25/2024 11:00,4/25/2024 11:14,Price Code 1,CUSTOMER PICKUP,False,Rabun Warehouse,02,30510.0,Alto,USDA CHILI W/ BEANS CCC,Dry Dry Dry Dry Prepared Meals
979,177286,8546,G-135,Gillsville Baptist Church INC,479906,,FP/OP/USDA,FOOD PANTRY-Agency,BLUE RECEIPT-SHL,N-03-10262,6,0,0,32.4,180,BANKS,0.18,3/20/2024 7:34,3/20/2024 12:56,Price Code 1,CUSTOMER PICKUP,False,Food Bank of Northeast Georgia,01,30543.0,Gillsville,STARRY LEMON LIME SODA 16.9 OZ,Dry Dry Dry Dry Beverages
439,176274,683,N-114,New Life Fellowship,478899,,FP/USDA,EMERGENCY-Agency,BLUE RECEIPT-SHL,W-16-10001,59,0,0,10.62,59,BANKS,0.18,2/27/2024 14:32,2/27/2024 9:26,Price Code 1,CUSTOMER PICKUP,False,Sharing Floor Athens,01-SH,30510.0,Alto,MISC. FOOD BOX SHL,Dry Dry Dry Dry Food Misc.
805,176670,1047,D-105,Damascus Baptist Church,479293,,FP/USDA,FOOD PANTRY-Agency,USDA,N-50-10041,2,0,0,17.64,98,BANKS,0.18,3/11/2024 14:05,3/11/2024 9:06,Price Code 1,CUSTOMER PICKUP,False,Food Bank of Northeast Georgia,01,30547.0,Homer,USDA RICE,Dry Dry Dry Dry Grains
459,179611,690,A-138,Alto C.H. Church Benevolent- The Grace House,482224,,FP/GNAP/USDA,FOOD PANTRY-Agency,BLUE RECEIPT-SHL,W-03-10013,113,0,0,3.39,113,BANKS,0.03,4/25/2024 16:07,4/25/2024 11:24,Price Code 1,CUSTOMER PICKUP,False,Sharing Floor Rabun,02-SH,30510.0,Alto,"ASSORTED BEVERAGES, SHL",Dry Dry Dry Dry Beverages
805,181444,4448,D-105,Damascus Baptist Church,484048,,FP/USDA,FOOD PANTRY-Agency,USDA,F-50-90446,3,0,0,0.0,84,BANKS,0.0,6/4/2024 10:30,6/4/2024 9:03,Price Code 1,CUSTOMER PICKUP,False,Food Bank of Northeast Georgia,01,30547.0,Homer,USDA FROZEN STRAWBERRY FRUIT CUPS,Frozen Frozen Frozen Frozen Fruits
812,173546,5958,F2KBANKS,Food 2 Kids Banks County,477175,,DIRECT ASSISTANCE,DIRECT ASSISTANCE-Agency,BLUE RECEIPT-SHL,C-16-10001,578,0,0,0.0,578,BANKS,0.0,2/7/2024 15:30,2/8/2024 5:14,Price Code 1,TRUCK 1 MOBILE PANTRY,False,Food Bank of Northeast Georgia,01,30607.0,Athens,"COOLER FOOD, MISC. SHL",Cooled Cooled Cooled Cooled Food Misc.
812,182531,9085,F2KBANKS,Food 2 Kids Banks County,485134,,DIRECT ASSISTANCE,DIRECT ASSISTANCE-Agency,USDA,F-50-90476,2,0,0,0.0,80,BANKS,0.0,6/27/2024 11:33,6/27/2024 10:02,Price Code 1,TRACTOR TRAILER 1 MOBILE PANTRY,False,Food Bank of Northeast Georgia,01,30607.0,Athens,USDA PORK LOIN BONELESS CHOPS CCC,Frozen Frozen Frozen Frozen Proteins
812,182533,6780,F2KBANKS,Food 2 Kids Banks County,485136,,DIRECT ASSISTANCE,DIRECT ASSISTANCE-Agency,USDA,C-50-10024,5,0,0,0.0,215,BANKS,0.0,6/27/2024 11:09,6/27/2024 10:01,Price Code 1,TRUCK 2 MOBILE PANTRY,False,Food Bank of Northeast Georgia,01,30607.0,Athens,USDA APPLES,Cooled Cooled Cooled Cooled Fruits
812,175978,4448,F2KBANKS,Food 2 Kids Banks County,478606,,DIRECT ASSISTANCE,DIRECT ASSISTANCE-Agency,USDA,F-50-90446,51,0,0,0.0,1428,BANKS,0.0,2/21/2024 15:00,2/23/2024 7:08,Price Code 1,TRUCK 1 MOBILE PANTRY,False,Food Bank of Northeast Georgia,01,30607.0,Athens,USDA FROZEN STRAWBERRY FRUIT CUPS,Frozen Frozen Frozen Frozen Fruits
575,178977,1047,G-121,"Get Real Ministries, Inc.",481591,,FP/GNAP/USDA,FOOD PANTRY-Agency,USDA,N-50-10041,13,0,0,0.0,637,BANKS,0.0,4/15/2024 10:40,4/16/2024 12:32,Price Code 1,CUSTOMER PICKUP,False,Rabun Warehouse,02,30511.0,Baldwin,USDA RICE,Dry Dry Dry Dry Grains
812,179811,6655,F2KBANKS,Food 2 Kids Banks County,482423,,DIRECT ASSISTANCE,DIRECT ASSISTANCE-Agency,LOCAL - LL,C-28-90413,2,0,0,0.0,100,BANKS,0.0,5/15/2024 16:00,5/15/2024 13:59,Price Code 1,TRUCK 1 MOBILE PANTRY,False,Food Bank of Northeast Georgia,01,30607.0,Athens,CABBAGE,Cooled Cooled Cooled Cooled Vegetables
812,173102,8869,F2KBANKS,Food 2 Kids Banks County,476732,,DIRECT ASSISTANCE,DIRECT ASSISTANCE-Agency,YELLOW RECEIPT - SHN,N-20-10004,10,0,0,0.0,30,BANKS,0.0,1/17/2024 12:00,1/29/2024 9:33,Price Code 1,TRACTOR TRAILER 1 MOBILE PANTRY,False,Food Bank of Northeast Georgia,01,30607.0,Athens,PAMPERS PREEMIE SWADDLERS,Dry Dry Dry Dry Non-Food Misc.
979,177286,8783,G-135,Gillsville Baptist Church INC,479906,,FP/OP/USDA,FOOD PANTRY-Agency,USDA,N-50-10308,4,0,0,16.56,92,BANKS,0.18,3/20/2024 7:34,3/20/2024 12:56,Price Code 1,CUSTOMER PICKUP,False,Food Bank of Northeast Georgia,01,30543.0,Gillsville,USDA RAISINS,Dry Dry Dry Dry Fruits
459,178640,3943,A-138,Alto C.H. Church Benevolent- The Grace House,481256,,FP/GNAP/USDA,FOOD PANTRY-Agency,USDA,N-50-10268,10,0,0,11.4,380,BANKS,0.03,4/25/2024 11:00,4/25/2024 11:14,Price Code 1,CUSTOMER PICKUP,False,Rabun Warehouse,02,30510.0,Alto,USDA APPLE JUICE,Dry Dry Dry Dry Beverages
812,178039,8559,F2KBANKS,Food 2 Kids Banks County,480658,,DIRECT ASSISTANCE,DIRECT ASSISTANCE-Agency,BLUE RECEIPT-SHL,C-28-90529,9,0,0,0.0,360,BANKS,0.0,4/3/2024 15:00,4/24/2024 11:34,Price Code 1,CUSTOMER PICKUP,False,Food Bank of Northeast Georgia,01,30607.0,Athens,"ORANGES, BULK",Cooled Cooled Cooled Cooled Fruits
459,179611,688,A-138,Alto C.H. Church Benevolent- The Grace House,482224,,FP/GNAP/USDA,FOOD PANTRY-Agency,BLUE RECEIPT-SHL,W-01-10000,22,0,0,3.96,22,BANKS,0.18,4/25/2024 16:07,4/25/2024 11:24,Price Code 1,CUSTOMER PICKUP,False,Sharing Floor Rabun,02-SH,30510.0,Alto,"ASSORTED NON-FOOD ITEMS, SHL",Dry Dry Dry Dry Non-Food Misc.
812,178039,8995,F2KBANKS,Food 2 Kids Banks County,480658,,DIRECT ASSISTANCE,DIRECT ASSISTANCE-Agency,BLUE RECEIPT-SHL,N-21-10067,20,0,0,0.0,100,BANKS,0.0,4/3/2024 15:00,4/24/2024 11:34,Price Code 1,CUSTOMER PICKUP,False,Food Bank of Northeast Georgia,01,30607.0,Athens,"RAMEN, MARUCHAN SHRIMP",Dry Dry Dry Dry Prepared Meals
1012,176045,890,B-140,"Banks County Family Connection, Inc.",478672,,FP/USDA,AFTER SCHOOL PROGRAM-Agency,GNAP,N-40-10001,5,0,0,0.0,135,BANKS,0.0,2/27/2024 16:06,2/27/2024 14:04,Price Code 1,CUSTOMER PICKUP,False,Food Bank of Northeast Georgia,01,30547.0,Homer,GNAP APPLE SAUCE,Dry Dry Dry Dry Fruits
812,182375,9093,F2KBANKS,Food 2 Kids Banks County,484979,,DIRECT ASSISTANCE,DIRECT ASSISTANCE-Agency,GNAP,N-40-10293,13,0,0,0.0,143,BANKS,0.0,6/21/2024 8:00,7/9/2024 8:54,Price Code 1,CUSTOMER PICKUP,False,Food Bank of Northeast Georgia,01,30607.0,Athens,GNAP HAMPTON FARMS SALTED PEANUTS,Dry Dry Dry Dry Proteins
439,178336,8690,N-114,New Life Fellowship,480952,,FP/USDA,EMERGENCY-Agency,USDA,N-50-10302,3,0,0,7.56,42,BANKS,0.18,4/9/2024 14:32,4/9/2024 11:05,Price Code 1,CUSTOMER PICKUP,False,Rabun Warehouse,02,30510.0,Alto,USDA GREEN BEANS CCC,Dry Dry Dry Dry Vegetables
805,181444,170,D-105,Damascus Baptist Church,484048,,FP/USDA,FOOD PANTRY-Agency,USDA,N-50-10007,3,0,0,15.12,84,BANKS,0.18,6/4/2024 10:30,6/4/2024 9:03,Price Code 1,CUSTOMER PICKUP,False,Food Bank of Northeast Georgia,01,30547.0,Homer,"USDA CORN, WHOLE KERNEL NO SALT",Dry Dry Dry Dry Vegetables
805,180352,4269,D-105,Damascus Baptist Church,482958,,FP/USDA,FOOD PANTRY-Agency,USDA,N-50-10273,4,0,0,17.28,96,BANKS,0.18,5/14/2024 9:00,5/14/2024 9:10,Price Code 1,CUSTOMER PICKUP,False,Food Bank of Northeast Georgia,01,30547.0,Homer,USDA DRY NAVY BEANS CCC,Dry Dry Dry Dry Proteins
575,182298,1047,G-121,"Get Real Ministries, Inc.",484902,,FP/GNAP/USDA,FOOD PANTRY-Agency,USDA,N-50-10041,6,0,0,0.0,294,BANKS,0.0,6/18/2024 10:40,6/20/2024 16:14,Price Code 1,CUSTOMER PICKUP,False,Rabun Warehouse,02,30511.0,Baldwin,USDA RICE,Dry Dry Dry Dry Grains
805,176670,8720,D-105,Damascus Baptist Church,479293,,FP/USDA,FOOD PANTRY-Agency,USDA,N-50-10305,4,0,0,10.08,56,BANKS,0.18,3/11/2024 14:05,3/11/2024 9:06,Price Code 1,CUSTOMER PICKUP,False,Food Bank of Northeast Georgia,01,30547.0,Homer,USDA MIXED VegetablesCCC,Dry Dry Dry Dry Vegetables
575,172910,4715,G-121,"Get Real Ministries, Inc.",476541,,FP/GNAP/USDA,FOOD PANTRY-Agency,USDA,F-50-90461,15,0,0,0.0,600,BANKS,0.0,1/16/2024 10:40,1/16/2024 13:28,Price Code 1,CUSTOMER PICKUP,False,Rabun Warehouse,02,30511.0,Baldwin,USDA ALASKAN POLLACK FISH FILLETS,Frozen Frozen Frozen Frozen Proteins
575,178977,800,G-121,"Get Real Ministries, Inc.",481591,,FP/GNAP/USDA,FOOD PANTRY-Agency,USDA,N-50-10065,13,0,0,0.0,351,BANKS,0.0,4/15/2024 10:40,4/16/2024 12:32,Price Code 1,CUSTOMER PICKUP,False,Rabun Warehouse,02,30511.0,Baldwin,USDA APPLESAUCE,Dry Dry Dry Dry Fruits
812,182531,9131,F2KBANKS,Food 2 Kids Banks County,485134,,DIRECT ASSISTANCE,DIRECT ASSISTANCE-Agency,PURCH,N-24-10045,2,0,0,0.0,48,BANKS,0.0,6/27/2024 11:33,6/27/2024 10:02,Price Code 1,TRACTOR TRAILER 1 MOBILE PANTRY,False,Food Bank of Northeast Georgia,01,30607.0,Athens,LONG GRAIN WHITE RICE,Dry Dry Dry Dry Grains
459,175695,690,A-138,Alto C.H. Church Benevolent- The Grace House,478323,,FP/GNAP/USDA,FOOD PANTRY-Agency,BLUE RECEIPT-SHL,W-03-10013,56,0,0,1.68,56,BANKS,0.03,2/15/2024 16:07,2/15/2024 11:18,Price Code 1,CUSTOMER PICKUP,False,Sharing Floor Rabun,02-SH,30510.0,Alto,"ASSORTED BEVERAGES, SHL",Dry Dry Dry Dry Beverages
845,181816,3712,H-146,"Homer Methodist Church, Inc.",484420,,FP/OP/USDA,FOOD PANTRY-Agency,USDA,N-50-10266,6,0,0,29.16,162,BANKS,0.18,6/18/2024 9:00,6/18/2024 9:22,Price Code 1,CUSTOMER PICKUP,False,Food Bank of Northeast Georgia,01,30547.0,Homer,USDA CANNED PINTO BEANS,Dry Dry Dry Dry Proteins
812,178039,8620,F2KBANKS,Food 2 Kids Banks County,480658,,DIRECT ASSISTANCE,DIRECT ASSISTANCE-Agency,GNAP,N-40-10260,10,0,0,0.0,180,BANKS,0.0,4/3/2024 15:00,4/24/2024 11:34,Price Code 1,CUSTOMER PICKUP,False,Food Bank of Northeast Georgia,01,30607.0,Athens,GNAP CREAM OF CHICKEN SOUP,Dry Dry Dry Dry Prepared Meals
1012,176045,8907,B-140,"Banks County Family Connection, Inc.",478672,,FP/USDA,AFTER SCHOOL PROGRAM-Agency,GNAP,N-40-10267,9,0,0,0.0,117,BANKS,0.0,2/27/2024 16:06,2/27/2024 14:04,Price Code 1,CUSTOMER PICKUP,False,Food Bank of Northeast Georgia,01,30547.0,Homer,GNAP SPAGHETTI W/ MEATBALLS,Dry Dry Dry Dry Prepared Meals
979,182054,7061,G-135,Gillsville Baptist Church INC,484658,,FP/OP/USDA,FOOD PANTRY-Agency,USDA,C-50-10021,3,0,0,3.78,126,BANKS,0.03,6/21/2024 11:30,6/21/2024 14:17,Price Code 1,CUSTOMER PICKUP,False,Food Bank of Northeast Georgia,01,30543.0,Gillsville,USDA FRESH ORANGES,Cooled Cooled Cooled Cooled Fruits
439,178336,3943,N-114,New Life Fellowship,480952,,FP/USDA,EMERGENCY-Agency,USDA,N-50-10268,1,0,0,1.14,38,BANKS,0.03,4/9/2024 14:32,4/9/2024 11:05,Price Code 1,CUSTOMER PICKUP,False,Rabun Warehouse,02,30510.0,Alto,USDA APPLE JUICE,Dry Dry Dry Dry Beverages
805,180352,4737,D-105,Damascus Baptist Church,482958,,FP/USDA,FOOD PANTRY-Agency,USDA,F-50-90456,3,0,0,21.6,120,BANKS,0.18,5/14/2024 9:00,5/14/2024 9:10,Price Code 1,CUSTOMER PICKUP,False,Food Bank of Northeast Georgia,01,30547.0,Homer,USDA PORK PATTY,Frozen Frozen Frozen Frozen Proteins
805,176670,5088,D-105,Damascus Baptist Church,479293,,FP/USDA,FOOD PANTRY-Agency,USDA,F-50-90023,5,0,0,0.0,125,BANKS,0.0,3/11/2024 14:05,3/11/2024 9:06,Price Code 1,CUSTOMER PICKUP,False,Food Bank of Northeast Georgia,01,30547.0,Homer,USDA FROZEN PEACHES CCC,Frozen Frozen Frozen Frozen Fruits
575,182298,4269,G-121,"Get Real Ministries, Inc.",484902,,FP/GNAP/USDA,FOOD PANTRY-Agency,USDA,N-50-10273,12,0,0,0.0,288,BANKS,0.0,6/18/2024 10:40,6/20/2024 16:14,Price Code 1,CUSTOMER PICKUP,False,Rabun Warehouse,02,30511.0,Baldwin,USDA DRY NAVY BEANS CCC,Dry Dry Dry Dry Proteins
845,173935,3943,H-146,"Homer Methodist Church, Inc.",477564,,FP/OP/USDA,FOOD PANTRY-Agency,USDA,N-50-10268,8,0,0,9.12,304,BANKS,0.03,2/6/2024 13:00,2/6/2024 13:31,Price Code 1,CUSTOMER PICKUP,False,Food Bank of Northeast Georgia,01,30547.0,Homer,USDA APPLE JUICE,Dry Dry Dry Dry Beverages
845,179992,8976,H-146,"Homer Methodist Church, Inc.",FAIMPORT482601,,FP/OP/USDA,FOOD PANTRY-Agency,BLUE RECEIPT-SHL,MCC-28-10001,23,0,0,0.0,23,BANKS,0.0,4/29/2024 0:00,4/29/2024 0:00,Price Code 1,CUSTOMER PICKUP,False,Food Bank of Northeast Georgia,01,30547.0,Homer,"PRODUCE, SHL RETAIL PICKUPS",Dry Dry Dry Dry Mixed Produce
812,175978,6816,F2KBANKS,Food 2 Kids Banks County,478606,,DIRECT ASSISTANCE,DIRECT ASSISTANCE-Agency,BLUE RECEIPT-SHL,C-28-90345,5,0,0,0.0,250,BANKS,0.0,2/21/2024 15:00,2/23/2024 7:08,Price Code 1,TRUCK 1 MOBILE PANTRY,False,Food Bank of Northeast Georgia,01,30607.0,Athens,CARROTS,Cooled Cooled Cooled Cooled Vegetables
812,182531,9086,F2KBANKS,Food 2 Kids Banks County,485134,,DIRECT ASSISTANCE,DIRECT ASSISTANCE-Agency,GNAP,N-40-10289,2,0,0,0.0,20,BANKS,0.0,6/27/2024 11:33,6/27/2024 10:02,Price Code 1,TRACTOR TRAILER 1 MOBILE PANTRY,False,Food Bank of Northeast Georgia,01,30607.0,Athens,GNAP MEAT STICKS,Dry Dry Dry Dry Proteins
845,180932,696,H-146,"Homer Methodist Church, Inc.",483538,,FP/OP/USDA,FOOD PANTRY-Agency,LOCAL - LL,W-25-10000,63,0,0,11.34,63,BANKS,0.18,5/16/2024 8:50,5/16/2024 10:22,Price Code 1,CUSTOMER PICKUP,False,Sharing Floor Athens,01-SH,30547.0,Homer,"ASSORTED SNACK ITEMS, LL",Dry Dry Dry Dry Food Misc.
845,178062,800,H-146,"Homer Methodist Church, Inc.",480681,,FP/OP/USDA,FOOD PANTRY-Agency,USDA,N-50-10065,6,0,0,29.16,162,BANKS,0.18,4/10/2024 8:50,4/10/2024 9:25,Price Code 1,CUSTOMER PICKUP,False,Food Bank of Northeast Georgia,01,30547.0,Homer,USDA APPLESAUCE,Dry Dry Dry Dry Fruits
812,178655,4036,F2KBANKS,Food 2 Kids Banks County,481271,,DIRECT ASSISTANCE,DIRECT ASSISTANCE-Agency,BLUE RECEIPT-SHL,N-03-11005,67,0,0,0.0,670,BANKS,0.0,4/17/2024 16:00,4/24/2024 11:38,Price Code 1,TRUCK 1 MOBILE PANTRY,False,Food Bank of Northeast Georgia,01,30607.0,Athens,DIET PEPSI,Dry Dry Dry Dry Beverages
805,181444,3712,D-105,Damascus Baptist Church,484048,,FP/USDA,FOOD PANTRY-Agency,USDA,N-50-10266,3,0,0,14.58,81,BANKS,0.18,6/4/2024 10:30,6/4/2024 9:03,Price Code 1,CUSTOMER PICKUP,False,Food Bank of Northeast Georgia,01,30547.0,Homer,USDA CANNED PINTO BEANS,Dry Dry Dry Dry Proteins
439,176274,690,N-114,New Life Fellowship,478899,,FP/USDA,EMERGENCY-Agency,BLUE RECEIPT-SHL,W-03-10013,170,0,0,0.0,170,BANKS,0.0,2/27/2024 14:32,2/27/2024 9:26,Price Code 1,CUSTOMER PICKUP,False,Sharing Floor Athens,01-SH,30510.0,Alto,"ASSORTED BEVERAGES, SHL",Dry Dry Dry Dry Beverages
459,175695,688,A-138,Alto C.H. Church Benevolent- The Grace House,478323,,FP/GNAP/USDA,FOOD PANTRY-Agency,BLUE RECEIPT-SHL,W-01-10000,6,0,0,1.08,6,BANKS,0.18,2/15/2024 16:07,2/15/2024 11:18,Price Code 1,CUSTOMER PICKUP,False,Sharing Floor Rabun,02-SH,30510.0,Alto,"ASSORTED NON-FOOD ITEMS, SHL",Dry Dry Dry Dry Non-Food Misc.
845,179168,5772,H-146,"Homer Methodist Church, Inc.",481781,,FP/OP/USDA,FOOD PANTRY-Agency,LOCAL - LL,C-28-10000,6,0,0,0.18,6,BANKS,0.03,4/18/2024 8:50,4/18/2024 10:13,Price Code 1,CUSTOMER PICKUP,False,Sharing Floor Athens,01-SH,30547.0,Homer,"PRODUCE, FRESH LL",Cooled Cooled Cooled Cooled Mixed Produce
845,181523,8976,H-146,"Homer Methodist Church, Inc.",FAIMPORT484127,,FP/OP/USDA,FOOD PANTRY-Agency,BLUE RECEIPT-SHL,MCC-28-10001,41,0,0,0.0,41,BANKS,0.0,5/22/2024 0:00,5/22/2024 0:00,Price Code 1,CUSTOMER PICKUP,False,Food Bank of Northeast Georgia,01,30547.0,Homer,"PRODUCE, SHL RETAIL PICKUPS",Dry Dry Dry Dry Mixed Produce
845,181283,8975,H-146,"Homer Methodist Church, Inc.",FAIMPORT483888,,FP/OP/USDA,FOOD PANTRY-Agency,BLUE RECEIPT-SHL,MCC-07-10001,60,0,0,0.0,60,BANKS,0.0,5/20/2024 0:00,5/20/2024 0:00,Price Code 1,CUSTOMER PICKUP,False,Food Bank of Northeast Georgia,01,30547.0,Homer,"DAIRY PRODUCTS, SHL RETAIL PICKUPS",Dry Dry Dry Dry Dairy
812,173546,8661,F2KBANKS,Food 2 Kids Banks County,477175,,DIRECT ASSISTANCE,DIRECT ASSISTANCE-Agency,GNAP,N-40-10264,6,0,0,0.0,174,BANKS,0.0,2/7/2024 15:30,2/8/2024 5:14,Price Code 1,TRUCK 1 MOBILE PANTRY,False,Food Bank of Northeast Georgia,01,30607.0,Athens,GNAP 2% MILK-FAMILY SIZE,Dry Dry Dry Dry Dairy
845,182359,8975,H-146,"Homer Methodist Church, Inc.",FAIMPORT484963,,FP/OP/USDA,FOOD PANTRY-Agency,BLUE RECEIPT-SHL,MCC-07-10001,88,0,0,0.0,88,BANKS,0.0,6/18/2024 0:00,6/18/2024 0:00,Price Code 1,CUSTOMER PICKUP,False,Food Bank of Northeast Georgia,01,30547.0,Homer,"DAIRY PRODUCTS, SHL RETAIL PICKUPS",Dry Dry Dry Dry Dairy
812,172020,2862,F2KBANKS,Food 2 Kids Banks County,475651,,DIRECT ASSISTANCE,DIRECT ASSISTANCE-Agency,USDA,N-50-10115,6,0,0,0.0,162,BANKS,0.0,1/3/2024 12:00,1/16/2024 8:20,Price Code 1,TRUCK 1 MOBILE PANTRY,False,Food Bank of Northeast Georgia,01,30607.0,Athens,USDA DARK RED KIDNEY BEANS CCC,Dry Dry Dry Dry Proteins
812,179811,8720,F2KBANKS,Food 2 Kids Banks County,482423,,DIRECT ASSISTANCE,DIRECT ASSISTANCE-Agency,USDA,N-50-10305,2,0,0,0.0,28,BANKS,0.0,5/15/2024 16:00,5/15/2024 13:59,Price Code 1,TRUCK 1 MOBILE PANTRY,False,Food Bank of Northeast Georgia,01,30607.0,Athens,USDA MIXED VegetablesCCC,Dry Dry Dry Dry Vegetables
575,180871,842,G-121,"Get Real Ministries, Inc.",483477,,FP/GNAP/USDA,FOOD PANTRY-Agency,USDA,N-50-10021,13,0,0,0.0,351,BANKS,0.0,5/20/2024 9:00,5/21/2024 16:15,Price Code 1,CUSTOMER PICKUP,False,Rabun Warehouse,02,30511.0,Baldwin,USDA DICED TOMATOES NO SALT CCC,Dry Dry Dry Dry Vegetables
439,173828,683,N-114,New Life Fellowship,477457,,FP/USDA,EMERGENCY-Agency,BLUE RECEIPT-SHL,W-16-10001,60,0,0,10.8,60,BANKS,0.18,1/30/2024 14:32,1/30/2024 9:35,Price Code 1,CUSTOMER PICKUP,False,Sharing Floor Athens,01-SH,30510.0,Alto,MISC. FOOD BOX SHL,Dry Dry Dry Dry Food Misc.
812,173102,890,F2KBANKS,Food 2 Kids Banks County,476732,,DIRECT ASSISTANCE,DIRECT ASSISTANCE-Agency,GNAP,N-40-10001,3,0,0,0.0,81,BANKS,0.0,1/17/2024 12:00,1/29/2024 9:33,Price Code 1,TRACTOR TRAILER 1 MOBILE PANTRY,False,Food Bank of Northeast Georgia,01,30607.0,Athens,GNAP APPLE SAUCE,Dry Dry Dry Dry Fruits
575,175845,8720,G-121,"Get Real Ministries, Inc.",478473,,FP/GNAP/USDA,FOOD PANTRY-Agency,USDA,N-50-10305,26,0,0,0.0,364,BANKS,0.0,2/20/2024 10:40,2/23/2024 8:29,Price Code 1,CUSTOMER PICKUP,False,Rabun Warehouse,02,30511.0,Baldwin,USDA MIXED VegetablesCCC,Dry Dry Dry Dry Vegetables
439,175553,5407,N-114,New Life Fellowship,478182,,FP/USDA,EMERGENCY-Agency,BLUE RECEIPT-SHL,F-15-10000,35,0,0,6.3,35,BANKS,0.18,2/13/2024 14:32,2/13/2024 9:54,Price Code 1,CUSTOMER PICKUP,False,Sharing Floor Athens,01-SH,30510.0,Alto,"MEAT & SEAFOOD, FROZEN SHL",Frozen Frozen Frozen Frozen Proteins
812,178039,2573,F2KBANKS,Food 2 Kids Banks County,480658,,DIRECT ASSISTANCE,DIRECT ASSISTANCE-Agency,GNAP,N-40-10204,14,0,0,0.0,266,BANKS,0.0,4/3/2024 15:00,4/24/2024 11:34,Price Code 1,CUSTOMER PICKUP,False,Food Bank of Northeast Georgia,01,30607.0,Athens,GNAP CHICKEN & RICE SOUP,Dry Dry Dry Dry Prepared Meals
845,172538,696,H-146,"Homer Methodist Church, Inc.",476169,,FP/OP/USDA,FOOD PANTRY-Agency,LOCAL - LL,W-25-10000,21,0,0,3.78,21,BANKS,0.18,1/4/2024 8:50,1/4/2024 10:30,Price Code 1,CUSTOMER PICKUP,False,Sharing Floor Athens,01-SH,30547.0,Homer,"ASSORTED SNACK ITEMS, LL",Dry Dry Dry Dry Food Misc.
805,175168,8914,D-105,Damascus Baptist Church,477797,,FP/USDA,FOOD PANTRY-Agency,USDA,N-50-10310,4,0,0,19.44,108,BANKS,0.18,2/12/2024 14:05,2/20/2024 14:46,Price Code 1,CUSTOMER PICKUP,False,Food Bank of Northeast Georgia,01,30547.0,Homer,USDA DICED POTATOES,Dry Dry Dry Dry Potatoes
845,181524,8976,H-146,"Homer Methodist Church, Inc.",FAIMPORT484128,,FP/OP/USDA,FOOD PANTRY-Agency,BLUE RECEIPT-SHL,MCC-28-10001,14,0,0,0.0,14,BANKS,0.0,5/28/2024 0:00,5/28/2024 0:00,Price Code 1,CUSTOMER PICKUP,False,Food Bank of Northeast Georgia,01,30547.0,Homer,"PRODUCE, SHL RETAIL PICKUPS",Dry Dry Dry Dry Mixed Produce
845,181284,8973,H-146,"Homer Methodist Church, Inc.",FAIMPORT483889,,FP/OP/USDA,FOOD PANTRY-Agency,BLUE RECEIPT-SHL,MCC-16-10001,117,0,0,0.0,117,BANKS,0.0,5/21/2024 0:00,5/21/2024 0:00,Price Code 1,CUSTOMER PICKUP,False,Food Bank of Northeast Georgia,01,30547.0,Homer,"COOLER FOOD MISC., SHL RETAIL PICKUP",Dry Dry Dry Dry Food Misc.
812,182375,9034,F2KBANKS,Food 2 Kids Banks County,484979,,DIRECT ASSISTANCE,DIRECT ASSISTANCE-Agency,GNAP,N-40-10271,5,0,0,0.0,60,BANKS,0.0,6/21/2024 8:00,7/9/2024 8:54,Price Code 1,CUSTOMER PICKUP,False,Food Bank of Northeast Georgia,01,30607.0,Athens,"GNAP MIX BERRY YOGURT, SHELF STABLE BACKPACK",Dry Dry Dry Dry Dairy
812,182533,9129,F2KBANKS,Food 2 Kids Banks County,485136,,DIRECT ASSISTANCE,DIRECT ASSISTANCE-Agency,GNAP,C-40-10000,126,0,0,0.0,6174,BANKS,0.0,6/27/2024 11:09,6/27/2024 10:01,Price Code 1,TRUCK 2 MOBILE PANTRY,False,Food Bank of Northeast Georgia,01,30607.0,Athens,"GNAP BI-COLOR SWEET CORN, FRESH",Cooled Cooled Cooled Cooled Vegetables
1012,172863,696,B-140,"Banks County Family Connection, Inc.",476494,,FP/USDA,AFTER SCHOOL PROGRAM-Agency,LOCAL - LL,W-25-10000,44,0,0,0.0,44,BANKS,0.0,1/10/2024 11:15,1/10/2024 11:28,Price Code 1,CUSTOMER PICKUP,False,Sharing Floor Athens,01-SH,30547.0,Homer,"ASSORTED SNACK ITEMS, LL",Dry Dry Dry Dry Food Misc.
805,178140,8783,D-105,Damascus Baptist Church,480759,,FP/USDA,FOOD PANTRY-Agency,USDA,N-50-10308,2,0,0,8.28,46,BANKS,0.18,4/9/2024 14:05,4/9/2024 9:11,Price Code 1,CUSTOMER PICKUP,False,Food Bank of Northeast Georgia,01,30547.0,Homer,USDA RAISINS,Dry Dry Dry Dry Fruits
575,175845,1791,G-121,"Get Real Ministries, Inc.",478473,,FP/GNAP/USDA,FOOD PANTRY-Agency,USDA,N-50-10079,13,0,0,0.0,338,BANKS,0.0,2/20/2024 10:40,2/23/2024 8:29,Price Code 1,CUSTOMER PICKUP,False,Rabun Warehouse,02,30511.0,Baldwin,USDA WALNUT HALVES AND PIECES,Dry Dry Dry Dry Proteins
439,173828,696,N-114,New Life Fellowship,477457,,FP/USDA,EMERGENCY-Agency,LOCAL - LL,W-25-10000,63,0,0,11.34,63,BANKS,0.18,1/30/2024 14:32,1/30/2024 9:35,Price Code 1,CUSTOMER PICKUP,False,Sharing Floor Athens,01-SH,30510.0,Alto,"ASSORTED SNACK ITEMS, LL",Dry Dry Dry Dry Food Misc.
845,181622,696,H-146,"Homer Methodist Church, Inc.",484226,,FP/OP/USDA,FOOD PANTRY-Agency,LOCAL - LL,W-25-10000,28,0,0,5.04,28,BANKS,0.18,5/30/2024 8:50,5/30/2024 10:35,Price Code 1,CUSTOMER PICKUP,False,Sharing Floor Athens,01-SH,30547.0,Homer,"ASSORTED SNACK ITEMS, LL",Dry Dry Dry Dry Food Misc.
812,179811,9028,F2KBANKS,Food 2 Kids Banks County,482423,,DIRECT ASSISTANCE,DIRECT ASSISTANCE-Agency,YELLOW RECEIPT - SHN,N-27-10139,5,0,0,0.0,195,BANKS,0.0,5/15/2024 16:00,5/15/2024 13:59,Price Code 1,TRUCK 1 MOBILE PANTRY,False,Food Bank of Northeast Georgia,01,30607.0,Athens,ANGELA MIA WHOLE PEELED PEAR TOMATOES,Dry Dry Dry Dry Vegetables
845,180077,3203,H-146,"Homer Methodist Church, Inc.",482685,,FP/OP/USDA,FOOD PANTRY-Agency,USDA,N-50-10289,6,0,0,27.0,150,BANKS,0.18,5/8/2024 8:30,5/8/2024 9:16,Price Code 1,CUSTOMER PICKUP,False,Food Bank of Northeast Georgia,01,30547.0,Homer,USDA PECAN PIECES,Dry Dry Dry Dry Proteins
812,182533,9073,F2KBANKS,Food 2 Kids Banks County,485136,,DIRECT ASSISTANCE,DIRECT ASSISTANCE-Agency,USDA,C-50-10051,20,0,0,0.0,240,BANKS,0.0,6/27/2024 11:09,6/27/2024 10:01,Price Code 1,TRUCK 2 MOBILE PANTRY,False,Food Bank of Northeast Georgia,01,30607.0,Athens,USDA SHREDDED MOZZARELLA CHEESE CCC,Cooled Cooled Cooled Cooled Dairy
812,176503,5621,F2KBANKS,Food 2 Kids Banks County,479127,,DIRECT ASSISTANCE,DIRECT ASSISTANCE-Agency,LOCAL - LL,F-16-10000,298,0,0,0.0,298,BANKS,0.0,3/6/2024 15:30,3/8/2024 7:52,Price Code 1,TRUCK 1 MOBILE PANTRY,False,Food Bank of Northeast Georgia,01,30607.0,Athens,"ASSORTED FROZEN FOODS, LL",Frozen Frozen Frozen Frozen Food Misc.
439,179419,683,N-114,New Life Fellowship,482032,,FP/USDA,EMERGENCY-Agency,BLUE RECEIPT-SHL,W-16-10001,28,0,0,5.04,28,BANKS,0.18,4/23/2024 14:32,4/23/2024 9:25,Price Code 1,CUSTOMER PICKUP,False,Sharing Floor Athens,01-SH,30510.0,Alto,MISC. FOOD BOX SHL,Dry Dry Dry Dry Food Misc.
805,178140,4449,D-105,Damascus Baptist Church,480759,,FP/USDA,FOOD PANTRY-Agency,USDA,F-50-90445,2,0,0,8.2,82,BANKS,0.1,4/9/2024 14:05,4/9/2024 9:11,Price Code 1,CUSTOMER PICKUP,False,Food Bank of Northeast Georgia,01,30547.0,Homer,USDA FULLY COOKED PULLED PORK CCC,Frozen Frozen Frozen Frozen Proteins
812,176503,8957,F2KBANKS,Food 2 Kids Banks County,479127,,DIRECT ASSISTANCE,DIRECT ASSISTANCE-Agency,YELLOW RECEIPT - SHN,N-25-11956,15,0,0,0.0,60,BANKS,0.0,3/6/2024 15:30,3/8/2024 7:52,Price Code 1,TRUCK 1 MOBILE PANTRY,False,Food Bank of Northeast Georgia,01,30607.0,Athens,HONEYMAID GRAHAM CRACKERS,Dry Dry Dry Dry Grains
845,182120,8973,H-146,"Homer Methodist Church, Inc.",FAIMPORT484724,,FP/OP/USDA,FOOD PANTRY-Agency,BLUE RECEIPT-SHL,MCC-16-10001,5,0,0,0.0,5,BANKS,0.0,6/11/2024 0:00,6/11/2024 0:00,Price Code 1,CUSTOMER PICKUP,False,Food Bank of Northeast Georgia,01,30547.0,Homer,"COOLER FOOD MISC., SHL RETAIL PICKUP",Dry Dry Dry Dry Food Misc.
439,173828,92,N-114,New Life Fellowship,477457,,FP/USDA,EMERGENCY-Agency,LOCAL - LL,W-01-10002,14,0,0,0.0,14,BANKS,0.0,1/30/2024 14:32,1/30/2024 9:35,Price Code 1,CUSTOMER PICKUP,False,Sharing Floor Athens,01-SH,30510.0,Alto,"ASSORTED NON-FOOD ITEMS, LL",Dry Dry Dry Dry Non-Food Misc.
812,173546,1356,F2KBANKS,Food 2 Kids Banks County,477175,,DIRECT ASSISTANCE,DIRECT ASSISTANCE-Agency,GNAP,N-40-10131,10,0,0,0.0,110,BANKS,0.0,2/7/2024 15:30,2/8/2024 5:14,Price Code 1,TRUCK 1 MOBILE PANTRY,False,Food Bank of Northeast Georgia,01,30607.0,Athens,GNAP CHUNK CHICKEN,Dry Dry Dry Dry Proteins
812,179811,1674,F2KBANKS,Food 2 Kids Banks County,482423,,DIRECT ASSISTANCE,DIRECT ASSISTANCE-Agency,USDA,N-50-10073,1,0,0,0.0,27,BANKS,0.0,5/15/2024 16:00,5/15/2024 13:59,Price Code 1,TRUCK 1 MOBILE PANTRY,False,Food Bank of Northeast Georgia,01,30607.0,Athens,USDA TOMATO SAUCE,Dry Dry Dry Dry Vegetables
439,176673,1045,N-114,New Life Fellowship,479296,,FP/USDA,EMERGENCY-Agency,BLUE RECEIPT-SHL,W-25-10009,74,0,0,13.32,74,BANKS,0.18,3/5/2024 14:32,3/5/2024 9:25,Price Code 1,CUSTOMER PICKUP,False,Sharing Floor Athens,01-SH,30510.0,Alto,"ASSORTED SNACK ITEMS, SHL",Dry Dry Dry Dry Food Misc.
575,175845,170,G-121,"Get Real Ministries, Inc.",478473,,FP/GNAP/USDA,FOOD PANTRY-Agency,USDA,N-50-10007,13,0,0,0.0,364,BANKS,0.0,2/20/2024 10:40,2/23/2024 8:29,Price Code 1,CUSTOMER PICKUP,False,Rabun Warehouse,02,30511.0,Baldwin,"USDA CORN, WHOLE KERNEL NO SALT",Dry Dry Dry Dry Vegetables
805,180352,8939,D-105,Damascus Baptist Church,482958,,FP/USDA,FOOD PANTRY-Agency,BLUE RECEIPT-SHL,C-28-90530,3,0,0,0.0,126,BANKS,0.0,5/14/2024 9:00,5/14/2024 9:10,Price Code 1,CUSTOMER PICKUP,False,Food Bank of Northeast Georgia,01,30547.0,Homer,"APPLES, SHL",Cooled Cooled Cooled Cooled Fruits
845,176834,5772,H-146,"Homer Methodist Church, Inc.",479456,,FP/OP/USDA,FOOD PANTRY-Agency,LOCAL - LL,C-28-10000,15,0,0,0.45,15,BANKS,0.03,3/7/2024 8:50,3/7/2024 10:19,Price Code 1,CUSTOMER PICKUP,False,Sharing Floor Athens,01-SH,30547.0,Homer,"PRODUCE, FRESH LL",Cooled Cooled Cooled Cooled Mixed Produce
575,177451,170,G-121,"Get Real Ministries, Inc.",480071,,FP/GNAP/USDA,FOOD PANTRY-Agency,USDA,N-50-10007,13,0,0,0.0,364,BANKS,0.0,3/18/2024 10:40,3/20/2024 9:03,Price Code 1,CUSTOMER PICKUP,False,Rabun Warehouse,02,30511.0,Baldwin,"USDA CORN, WHOLE KERNEL NO SALT",Dry Dry Dry Dry Vegetables
845,177852,8976,H-146,"Homer Methodist Church, Inc.",FAIMPORT480471,,FP/OP/USDA,FOOD PANTRY-Agency,BLUE RECEIPT-SHL,MCC-28-10001,12,0,0,0.0,12,BANKS,0.0,3/23/2024 0:00,3/23/2024 0:00,Price Code 1,CUSTOMER PICKUP,False,Food Bank of Northeast Georgia,01,30547.0,Homer,"PRODUCE, SHL RETAIL PICKUPS",Dry Dry Dry Dry Mixed Produce
845,181282,8976,H-146,"Homer Methodist Church, Inc.",FAIMPORT483887,,FP/OP/USDA,FOOD PANTRY-Agency,BLUE RECEIPT-SHL,MCC-28-10001,63,0,0,0.0,63,BANKS,0.0,5/14/2024 0:00,5/14/2024 0:00,Price Code 1,CUSTOMER PICKUP,False,Food Bank of Northeast Georgia,01,30547.0,Homer,"PRODUCE, SHL RETAIL PICKUPS",Dry Dry Dry Dry Mixed Produce
812,176503,8906,F2KBANKS,Food 2 Kids Banks County,479127,,DIRECT ASSISTANCE,DIRECT ASSISTANCE-Agency,GNAP,N-40-10266,5,0,0,0.0,100,BANKS,0.0,3/6/2024 15:30,3/8/2024 7:52,Price Code 1,TRUCK 1 MOBILE PANTRY,False,Food Bank of Northeast Georgia,01,30607.0,Athens,GNAP SPAGHETTI,Dry Dry Dry Dry Grains
845,172484,8761,H-146,"Homer Methodist Church, Inc.",476115,,FP/OP/USDA,FOOD PANTRY-Agency,USDA,N-50-10306,6,0,0,27.0,150,BANKS,0.18,1/9/2024 13:30,1/26/2024 13:43,Price Code 1,CUSTOMER PICKUP,False,Food Bank of Northeast Georgia,01,30547.0,Homer,USDA WHOLE DEGLET DATES,Dry Dry Dry Dry Fruits
575,172910,8765,G-121,"Get Real Ministries, Inc.",476541,,FP/GNAP/USDA,FOOD PANTRY-Agency,USDA,N-50-10307,13,0,0,0.0,351,BANKS,0.0,1/16/2024 10:40,1/16/2024 13:28,Price Code 1,CUSTOMER PICKUP,False,Rabun Warehouse,02,30511.0,Baldwin,"USDA LIGHT RED KIDNEY BEANS, LOW SODIUM",Dry Dry Dry Dry Proteins
845,182358,8976,H-146,"Homer Methodist Church, Inc.",FAIMPORT484962,,FP/OP/USDA,FOOD PANTRY-Agency,BLUE RECEIPT-SHL,MCC-28-10001,10,0,0,0.0,10,BANKS,0.0,6/14/2024 0:00,6/14/2024 0:00,Price Code 1,CUSTOMER PICKUP,False,Food Bank of Northeast Georgia,01,30547.0,Homer,"PRODUCE, SHL RETAIL PICKUPS",Dry Dry Dry Dry Mixed Produce
812,172020,3318,F2KBANKS,Food 2 Kids Banks County,475651,,DIRECT ASSISTANCE,DIRECT ASSISTANCE-Agency,USDA,N-50-10230,3,0,0,0.0,93,BANKS,0.0,1/3/2024 12:00,1/16/2024 8:20,Price Code 1,TRUCK 1 MOBILE PANTRY,False,Food Bank of Northeast Georgia,01,30607.0,Athens,USDA APPLESAUCE CUPS,Dry Dry Dry Dry Fruits
805,175472,690,D-105,Damascus Baptist Church,478101,,FP/USDA,FOOD PANTRY-Agency,BLUE RECEIPT-SHL,W-03-10013,99,0,0,0.0,99,BANKS,0.0,2/12/2024 14:05,2/12/2024 9:36,Price Code 1,CUSTOMER PICKUP,False,Sharing Floor Athens,01-SH,30547.0,Homer,"ASSORTED BEVERAGES, SHL",Dry Dry Dry Dry Beverages
805,172793,683,D-105,Damascus Baptist Church,476424,,FP/USDA,FOOD PANTRY-Agency,BLUE RECEIPT-SHL,W-16-10001,69,0,0,12.42,69,BANKS,0.18,1/9/2024 14:05,1/9/2024 10:25,Price Code 1,CUSTOMER PICKUP,False,Sharing Floor Athens,01-SH,30547.0,Homer,MISC. FOOD BOX SHL,Dry Dry Dry Dry Food Misc.
1012,177564,50,B-140,"Banks County Family Connection, Inc.",480184,,FP/USDA,AFTER SCHOOL PROGRAM-Agency,LOCAL - LL,W-16-10002,38,0,0,6.84,38,BANKS,0.18,3/19/2024 13:41,3/19/2024 13:42,Price Code 1,CUSTOMER PICKUP,False,Sharing Floor Athens,01-SH,30547.0,Homer,MISC. FOOD BOX LL,Dry Dry Dry Dry Food Misc.
979,180758,4737,G-135,Gillsville Baptist Church INC,483364,,FP/OP/USDA,FOOD PANTRY-Agency,USDA,F-50-90456,5,0,0,36.0,200,BANKS,0.18,5/17/2024 12:30,5/17/2024 12:19,Price Code 1,CUSTOMER PICKUP,False,Food Bank of Northeast Georgia,01,30543.0,Gillsville,USDA PORK PATTY,Frozen Frozen Frozen Frozen Proteins
575,175845,7082,G-121,"Get Real Ministries, Inc.",478473,,FP/GNAP/USDA,FOOD PANTRY-Agency,USDA,C-50-10033,52,0,0,0.0,624,BANKS,0.0,2/20/2024 10:40,2/23/2024 8:29,Price Code 1,CUSTOMER PICKUP,False,Rabun Warehouse,02,30511.0,Baldwin,USDA SHREDDED YELLOW CHEDDAR CHEESE CCC,Cooled Cooled Cooled Cooled Dairy
575,177451,8720,G-121,"Get Real Ministries, Inc.",480071,,FP/GNAP/USDA,FOOD PANTRY-Agency,USDA,N-50-10305,26,0,0,0.0,364,BANKS,0.0,3/18/2024 10:40,3/20/2024 9:03,Price Code 1,CUSTOMER PICKUP,False,Rabun Warehouse,02,30511.0,Baldwin,USDA MIXED VegetablesCCC,Dry Dry Dry Dry Vegetables
812,175978,8940,F2KBANKS,Food 2 Kids Banks County,478606,,DIRECT ASSISTANCE,DIRECT ASSISTANCE-Agency,BLUE RECEIPT-SHL,C-28-90531,5,0,0,0.0,260,BANKS,0.0,2/21/2024 15:00,2/23/2024 7:08,Price Code 1,TRUCK 1 MOBILE PANTRY,False,Food Bank of Northeast Georgia,01,30607.0,Athens,"CABBAGE, SHL 50#",Cooled Cooled Cooled Cooled Vegetables
812,173102,7177,F2KBANKS,Food 2 Kids Banks County,476732,,DIRECT ASSISTANCE,DIRECT ASSISTANCE-Agency,GNAP,N-40-10237,3,0,0,0.0,81,BANKS,0.0,1/17/2024 12:00,1/29/2024 9:33,Price Code 1,TRACTOR TRAILER 1 MOBILE PANTRY,False,Food Bank of Northeast Georgia,01,30607.0,Athens,GNAP SWEET POTATO IN LIGHT SYRUP,Dry Dry Dry Dry Potatoes
575,172910,4327,G-121,"Get Real Ministries, Inc.",476541,,FP/GNAP/USDA,FOOD PANTRY-Agency,USDA,N-50-10277,13,0,0,0.0,351,BANKS,0.0,1/16/2024 10:40,1/16/2024 13:28,Price Code 1,CUSTOMER PICKUP,False,Rabun Warehouse,02,30511.0,Baldwin,USDA GARBANZO BEANS,Dry Dry Dry Dry Proteins
812,177214,7298,F2KBANKS,Food 2 Kids Banks County,479834,,DIRECT ASSISTANCE,DIRECT ASSISTANCE-Agency,GNAP,N-40-10248,4,0,0,0.0,56,BANKS,0.0,3/20/2024 16:00,3/27/2024 10:01,Price Code 1,TRACTOR TRAILER 1 MOBILE PANTRY,False,Food Bank of Northeast Georgia,01,30607.0,Athens,GNAP BAKING AND BISCUIT MIX,Dry Dry Dry Dry Grains
812,173546,7298,F2KBANKS,Food 2 Kids Banks County,477175,,DIRECT ASSISTANCE,DIRECT ASSISTANCE-Agency,GNAP,N-40-10248,10,0,0,0.0,140,BANKS,0.0,2/7/2024 15:30,2/8/2024 5:14,Price Code 1,TRUCK 1 MOBILE PANTRY,False,Food Bank of Northeast Georgia,01,30607.0,Athens,GNAP BAKING AND BISCUIT MIX,Dry Dry Dry Dry Grains
812,179556,170,F2KBANKS,Food 2 Kids Banks County,482169,,DIRECT ASSISTANCE,DIRECT ASSISTANCE-Agency,USDA,N-50-10007,12,0,0,0.0,336,BANKS,0.0,5/1/2024 16:00,5/2/2024 10:35,Price Code 1,TRUCK 1 MOBILE PANTRY,False,Food Bank of Northeast Georgia,01,30607.0,Athens,"USDA CORN, WHOLE KERNEL NO SALT",Dry Dry Dry Dry Vegetables
812,172020,8869,F2KBANKS,Food 2 Kids Banks County,475651,,DIRECT ASSISTANCE,DIRECT ASSISTANCE-Agency,YELLOW RECEIPT - SHN,N-20-10004,10,0,0,0.0,30,BANKS,0.0,1/3/2024 12:00,1/16/2024 8:20,Price Code 1,TRUCK 1 MOBILE PANTRY,False,Food Bank of Northeast Georgia,01,30607.0,Athens,PAMPERS PREEMIE SWADDLERS,Dry Dry Dry Dry Non-Food Misc.
805,181874,696,D-105,Damascus Baptist Church,484478,,FP/USDA,FOOD PANTRY-Agency,LOCAL - LL,W-25-10000,13,0,0,1.17,13,BANKS,0.09,6/4/2024 14:05,6/4/2024 9:18,Price Code 1,CUSTOMER PICKUP,False,Sharing Floor Athens,01-SH,30547.0,Homer,"ASSORTED SNACK ITEMS, LL",Dry Dry Dry Dry Food Misc.
812,172020,7094,F2KBANKS,Food 2 Kids Banks County,475651,,DIRECT ASSISTANCE,DIRECT ASSISTANCE-Agency,PURCH,N-21-10056,7,0,0,0.0,84,BANKS,0.0,1/3/2024 12:00,1/16/2024 8:20,Price Code 1,TRUCK 1 MOBILE PANTRY,False,Food Bank of Northeast Georgia,01,30607.0,Athens,MACARONI & CHEESE,Dry Dry Dry Dry Prepared Meals
845,173563,7082,H-146,"Homer Methodist Church, Inc.",477192,,FP/OP/USDA,FOOD PANTRY-Agency,USDA,C-50-10033,6,0,0,0.0,72,BANKS,0.0,2/6/2024 13:00,2/6/2024 13:30,Price Code 1,CUSTOMER PICKUP,False,Food Bank of Northeast Georgia,01,30547.0,Homer,USDA SHREDDED YELLOW CHEDDAR CHEESE CCC,Cooled Cooled Cooled Cooled Dairy
812,173102,8880,F2KBANKS,Food 2 Kids Banks County,476732,,DIRECT ASSISTANCE,DIRECT ASSISTANCE-Agency,YELLOW RECEIPT - SHN,N-03-11785,20,0,0,0.0,700,BANKS,0.0,1/17/2024 12:00,1/29/2024 9:33,Price Code 1,TRACTOR TRAILER 1 MOBILE PANTRY,False,Food Bank of Northeast Georgia,01,30607.0,Athens,GATORADE G2 GLACIER FREEZE,Dry Dry Dry Dry Beverages
459,179611,5388,A-138,Alto C.H. Church Benevolent- The Grace House,482224,,FP/GNAP/USDA,FOOD PANTRY-Agency,BLUE RECEIPT-SHL,F-16-10001,75,0,0,13.5,75,BANKS,0.18,4/25/2024 16:07,4/25/2024 11:24,Price Code 1,CUSTOMER PICKUP,False,Sharing Floor Rabun,02-SH,30510.0,Alto,"ASSORTED FROZEN FOODS, SHL",Frozen Frozen Frozen Frozen Food Misc.
845,176227,84,H-146,"Homer Methodist Church, Inc.",478853,,FP/OP/USDA,FOOD PANTRY-Agency,USDA,N-50-10006,6,0,0,29.16,162,BANKS,0.18,3/6/2024 8:50,3/6/2024 9:34,Price Code 1,CUSTOMER PICKUP,False,Food Bank of Northeast Georgia,01,30547.0,Homer,USDA GREEN BEANS,Dry Dry Dry Dry Vegetables
805,180352,7008,D-105,Damascus Baptist Church,482958,,FP/USDA,FOOD PANTRY-Agency,LOCAL - LL,C-28-90443,10,0,0,0.0,220,BANKS,0.0,5/14/2024 9:00,5/14/2024 9:10,Price Code 1,CUSTOMER PICKUP,False,Food Bank of Northeast Georgia,01,30547.0,Homer,BELL PEPPERS,Cooled Cooled Cooled Cooled Vegetables
459,173868,4788,A-138,Alto C.H. Church Benevolent- The Grace House,477497,,FP/GNAP/USDA,FOOD PANTRY-Agency,USDA,F-50-90039,5,0,0,36.0,200,BANKS,0.18,2/15/2024 11:00,2/15/2024 10:55,Price Code 1,CUSTOMER PICKUP,False,Rabun Warehouse,02,30510.0,Alto,USDA CATFISH FILLETS CCC,Frozen Frozen Frozen Frozen Proteins
812,176503,8620,F2KBANKS,Food 2 Kids Banks County,479127,,DIRECT ASSISTANCE,DIRECT ASSISTANCE-Agency,GNAP,N-40-10260,8,0,0,0.0,144,BANKS,0.0,3/6/2024 15:30,3/8/2024 7:52,Price Code 1,TRUCK 1 MOBILE PANTRY,False,Food Bank of Northeast Georgia,01,30607.0,Athens,GNAP CREAM OF CHICKEN SOUP,Dry Dry Dry Dry Prepared Meals
979,180758,5637,G-135,Gillsville Baptist Church INC,483364,,FP/OP/USDA,FOOD PANTRY-Agency,USDA,F-50-90019,4,0,0,0.0,120,BANKS,0.0,5/17/2024 12:30,5/17/2024 12:19,Price Code 1,CUSTOMER PICKUP,False,Food Bank of Northeast Georgia,01,30543.0,Gillsville,USDA FROZEN BLUEBERRIES CCC,Frozen Frozen Frozen Frozen Fruits
812,173546,7309,F2KBANKS,Food 2 Kids Banks County,477175,,DIRECT ASSISTANCE,DIRECT ASSISTANCE-Agency,GNAP,N-40-10250,10,0,0,0.0,270,BANKS,0.0,2/7/2024 15:30,2/8/2024 5:14,Price Code 1,TRUCK 1 MOBILE PANTRY,False,Food Bank of Northeast Georgia,01,30607.0,Athens,GNAP MIXED VEGETABLES,Dry Dry Dry Dry Vegetables
812,179556,9019,F2KBANKS,Food 2 Kids Banks County,482169,,DIRECT ASSISTANCE,DIRECT ASSISTANCE-Agency,BLUE RECEIPT-SHL,N-27-10137,5,0,0,0.0,120,BANKS,0.0,5/1/2024 16:00,5/2/2024 10:35,Price Code 1,TRUCK 1 MOBILE PANTRY,False,Food Bank of Northeast Georgia,01,30607.0,Athens,"BLACK BEANS, PEUBLO LINDO (MISLABELED)",Dry Dry Dry Dry Vegetables
812,179811,9036,F2KBANKS,Food 2 Kids Banks County,482423,,DIRECT ASSISTANCE,DIRECT ASSISTANCE-Agency,GNAP,N-40-10273,4,0,0,0.0,56,BANKS,0.0,5/15/2024 16:00,5/15/2024 13:59,Price Code 1,TRUCK 1 MOBILE PANTRY,False,Food Bank of Northeast Georgia,01,30607.0,Athens,GNAP PASTA O'S IN TOMATO SAUCE,Dry Dry Dry Dry Prepared Meals
845,173935,2960,H-146,"Homer Methodist Church, Inc.",477564,,FP/OP/USDA,FOOD PANTRY-Agency,USDA,N-50-10247,6,0,0,38.88,216,BANKS,0.18,2/6/2024 13:00,2/6/2024 13:31,Price Code 1,CUSTOMER PICKUP,False,Food Bank of Northeast Georgia,01,30547.0,Homer,USDA BEEF STEW POUCHES CCC,Dry Dry Dry Dry Prepared Meals
812,177214,8940,F2KBANKS,Food 2 Kids Banks County,479834,,DIRECT ASSISTANCE,DIRECT ASSISTANCE-Agency,BLUE RECEIPT-SHL,C-28-90531,4,0,0,0.0,208,BANKS,0.0,3/20/2024 16:00,3/27/2024 10:01,Price Code 1,TRACTOR TRAILER 1 MOBILE PANTRY,False,Food Bank of Northeast Georgia,01,30607.0,Athens,"CABBAGE, SHL 50#",Cooled Cooled Cooled Cooled Vegetables
459,178917,1674,A-138,Alto C.H. Church Benevolent- The Grace House,481531,,FP/GNAP/USDA,FOOD PANTRY-Agency,USDA,N-50-10073,3,0,0,14.58,81,BANKS,0.18,4/25/2024 11:00,4/25/2024 11:13,Price Code 1,CUSTOMER PICKUP,False,Rabun Warehouse,02,30510.0,Alto,USDA TOMATO SAUCE,Dry Dry Dry Dry Vegetables
812,176503,5637,F2KBANKS,Food 2 Kids Banks County,479127,,DIRECT ASSISTANCE,DIRECT ASSISTANCE-Agency,USDA,F-50-90019,3,0,0,0.0,90,BANKS,0.0,3/6/2024 15:30,3/8/2024 7:52,Price Code 1,TRUCK 1 MOBILE PANTRY,False,Food Bank of Northeast Georgia,01,30607.0,Athens,USDA FROZEN BLUEBERRIES CCC,Frozen Frozen Frozen Frozen Fruits
805,178140,4715,D-105,Damascus Baptist Church,480759,,FP/USDA,FOOD PANTRY-Agency,USDA,F-50-90461,3,0,0,12.0,120,BANKS,0.1,4/9/2024 14:05,4/9/2024 9:11,Price Code 1,CUSTOMER PICKUP,False,Food Bank of Northeast Georgia,01,30547.0,Homer,USDA ALASKAN POLLACK FISH FILLETS,Frozen Frozen Frozen Frozen Proteins
845,182119,8971,H-146,"Homer Methodist Church, Inc.",FAIMPORT484723,,FP/OP/USDA,FOOD PANTRY-Agency,BLUE RECEIPT-SHL,MCF-16-10001,2,0,0,0.0,2,BANKS,0.0,6/7/2024 0:00,6/7/2024 0:00,Price Code 1,CUSTOMER PICKUP,False,Food Bank of Northeast Georgia,01,30547.0,Homer,"FROZEN FOODS, MISC SHL RETAIL PICKUP",Dry Dry Dry Dry Food Misc.
812,173102,3954,F2KBANKS,Food 2 Kids Banks County,476732,,DIRECT ASSISTANCE,DIRECT ASSISTANCE-Agency,GNAP,N-40-10164,3,0,0,0.0,81,BANKS,0.0,1/17/2024 12:00,1/29/2024 9:33,Price Code 1,TRACTOR TRAILER 1 MOBILE PANTRY,False,Food Bank of Northeast Georgia,01,30607.0,Athens,"GNAP GREEN PEAS, LOW SODIUM",Dry Dry Dry Dry Proteins
845,176227,170,H-146,"Homer Methodist Church, Inc.",478853,,FP/OP/USDA,FOOD PANTRY-Agency,USDA,N-50-10007,6,0,0,30.24,168,BANKS,0.18,3/6/2024 8:50,3/6/2024 9:34,Price Code 1,CUSTOMER PICKUP,False,Food Bank of Northeast Georgia,01,30547.0,Homer,"USDA CORN, WHOLE KERNEL NO SALT",Dry Dry Dry Dry Vegetables
459,173868,842,A-138,Alto C.H. Church Benevolent- The Grace House,477497,,FP/GNAP/USDA,FOOD PANTRY-Agency,USDA,N-50-10021,10,0,0,48.6,270,BANKS,0.18,2/15/2024 11:00,2/15/2024 10:55,Price Code 1,CUSTOMER PICKUP,False,Rabun Warehouse,02,30510.0,Alto,USDA DICED TOMATOES NO SALT CCC,Dry Dry Dry Dry Vegetables
812,173546,7177,F2KBANKS,Food 2 Kids Banks County,477175,,DIRECT ASSISTANCE,DIRECT ASSISTANCE-Agency,GNAP,N-40-10237,10,0,0,0.0,270,BANKS,0.0,2/7/2024 15:30,2/8/2024 5:14,Price Code 1,TRUCK 1 MOBILE PANTRY,False,Food Bank of Northeast Georgia,01,30607.0,Athens,GNAP SWEET POTATO IN LIGHT SYRUP,Dry Dry Dry Dry Potatoes
812,176503,2573,F2KBANKS,Food 2 Kids Banks County,479127,,DIRECT ASSISTANCE,DIRECT ASSISTANCE-Agency,GNAP,N-40-10204,8,0,0,0.0,152,BANKS,0.0,3/6/2024 15:30,3/8/2024 7:52,Price Code 1,TRUCK 1 MOBILE PANTRY,False,Food Bank of Northeast Georgia,01,30607.0,Athens,GNAP CHICKEN & RICE SOUP,Dry Dry Dry Dry Prepared Meals
812,173102,8852,F2KBANKS,Food 2 Kids Banks County,476732,,DIRECT ASSISTANCE,DIRECT ASSISTANCE-Agency,PURCH,N-23-10010,6,0,0,0.0,78,BANKS,0.0,1/17/2024 12:00,1/29/2024 9:33,Price Code 1,TRACTOR TRAILER 1 MOBILE PANTRY,False,Food Bank of Northeast Georgia,01,30607.0,Athens,NUT'N BETTER CREAMY PEANUT BUTTER - RED SUGAR & SODIUM,Dry Dry Dry Dry Proteins
575,182298,2202,G-121,"Get Real Ministries, Inc.",484902,,FP/GNAP/USDA,FOOD PANTRY-Agency,USDA,N-50-10240,7,0,0,0.0,154,BANKS,0.0,6/18/2024 10:40,6/20/2024 16:14,Price Code 1,CUSTOMER PICKUP,False,Rabun Warehouse,02,30511.0,Baldwin,USDA SPAGHETTI,Dry Dry Dry Dry Grains
812,180921,9056,F2KBANKS,Food 2 Kids Banks County,483527,,DIRECT ASSISTANCE,DIRECT ASSISTANCE-Agency,GNAP,N-40-10286,4,0,0,0.0,88,BANKS,0.0,5/20/2024 9:00,6/3/2024 8:50,Price Code 1,CUSTOMER PICKUP,False,Food Bank of Northeast Georgia,01,30607.0,Athens,GNAP DICED PEAR CUPS,Dry Dry Dry Dry Fruits
979,177286,84,G-135,Gillsville Baptist Church INC,479906,,FP/OP/USDA,FOOD PANTRY-Agency,USDA,N-50-10006,5,0,0,24.3,135,BANKS,0.18,3/20/2024 7:34,3/20/2024 12:56,Price Code 1,CUSTOMER PICKUP,False,Food Bank of Northeast Georgia,01,30543.0,Gillsville,USDA GREEN BEANS,Dry Dry Dry Dry Vegetables
845,179992,8970,H-146,"Homer Methodist Church, Inc.",FAIMPORT482601,,FP/OP/USDA,FOOD PANTRY-Agency,BLUE RECEIPT-SHL,MCW-16-10001,11,0,0,0.0,11,BANKS,0.0,4/29/2024 0:00,4/29/2024 0:00,Price Code 1,CUSTOMER PICKUP,False,Food Bank of Northeast Georgia,01,30547.0,Homer,"MISC. FOOD BOX, SHL RETAIL PICKUP",Dry Dry Dry Dry Food Misc.
575,178977,84,G-121,"Get Real Ministries, Inc.",481591,,FP/GNAP/USDA,FOOD PANTRY-Agency,USDA,N-50-10006,13,0,0,0.0,351,BANKS,0.0,4/15/2024 10:40,4/16/2024 12:32,Price Code 1,CUSTOMER PICKUP,False,Rabun Warehouse,02,30511.0,Baldwin,USDA GREEN BEANS,Dry Dry Dry Dry Vegetables
845,178304,5407,H-146,"Homer Methodist Church, Inc.",480920,,FP/OP/USDA,FOOD PANTRY-Agency,BLUE RECEIPT-SHL,F-15-10000,116,0,0,20.88,116,BANKS,0.18,4/4/2024 8:50,4/4/2024 10:15,Price Code 1,CUSTOMER PICKUP,False,Sharing Floor Athens,01-SH,30547.0,Homer,"MEAT & SEAFOOD, FROZEN SHL",Frozen Frozen Frozen Frozen Proteins
845,175341,696,H-146,"Homer Methodist Church, Inc.",477970,,FP/OP/USDA,FOOD PANTRY-Agency,LOCAL - LL,W-25-10000,9,0,0,1.62,9,BANKS,0.18,2/8/2024 8:50,2/8/2024 10:24,Price Code 1,CUSTOMER PICKUP,False,Sharing Floor Athens,01-SH,30547.0,Homer,"ASSORTED SNACK ITEMS, LL",Dry Dry Dry Dry Food Misc.
459,178917,8682,A-138,Alto C.H. Church Benevolent- The Grace House,481531,,FP/GNAP/USDA,FOOD PANTRY-Agency,BLUE RECEIPT-SHL,N-03-11727,4,0,0,0.0,112,BANKS,0.0,4/25/2024 11:00,4/25/2024 11:13,Price Code 1,CUSTOMER PICKUP,False,Rabun Warehouse,02,30510.0,Alto,LIPTON DIET GREEN TEA CITRUS,Dry Dry Dry Dry Beverages
812,173546,690,F2KBANKS,Food 2 Kids Banks County,477175,,DIRECT ASSISTANCE,DIRECT ASSISTANCE-Agency,BLUE RECEIPT-SHL,W-03-10013,1140,0,0,0.0,1140,BANKS,0.0,2/7/2024 15:30,2/8/2024 5:14,Price Code 1,TRUCK 1 MOBILE PANTRY,False,Food Bank of Northeast Georgia,01,30607.0,Athens,"ASSORTED BEVERAGES, SHL",Dry Dry Dry Dry Beverages
439,172446,3139,N-114,New Life Fellowship,476077,,FP/USDA,EMERGENCY-Agency,USDA,N-50-10290,1,0,0,4.5,25,BANKS,0.18,1/8/2024 11:00,1/8/2024 10:40,Price Code 1,CUSTOMER PICKUP,False,Rabun Warehouse,02,30510.0,Alto,USDA WHOLE ALMONDS DRY ROASTED,Dry Dry Dry Dry Proteins
575,178977,8497,G-121,"Get Real Ministries, Inc.",481591,,FP/GNAP/USDA,FOOD PANTRY-Agency,USDA,C-50-10048,60,0,0,0.0,1920,BANKS,0.0,4/15/2024 10:40,4/16/2024 12:32,Price Code 1,CUSTOMER PICKUP,False,Rabun Warehouse,02,30511.0,Baldwin,USDA MANDARIN ORANGES,Cooled Cooled Cooled Cooled Fruits
459,178640,8682,A-138,Alto C.H. Church Benevolent- The Grace House,481256,,FP/GNAP/USDA,FOOD PANTRY-Agency,BLUE RECEIPT-SHL,N-03-11727,4,0,0,0.0,112,BANKS,0.0,4/25/2024 11:00,4/25/2024 11:14,Price Code 1,CUSTOMER PICKUP,False,Rabun Warehouse,02,30510.0,Alto,LIPTON DIET GREEN TEA CITRUS,Dry Dry Dry Dry Beverages
439,176274,5407,N-114,New Life Fellowship,478899,,FP/USDA,EMERGENCY-Agency,BLUE RECEIPT-SHL,F-15-10000,48,0,0,8.64,48,BANKS,0.18,2/27/2024 14:32,2/27/2024 9:26,Price Code 1,CUSTOMER PICKUP,False,Sharing Floor Athens,01-SH,30510.0,Alto,"MEAT & SEAFOOD, FROZEN SHL",Frozen Frozen Frozen Frozen Proteins
845,180932,683,H-146,"Homer Methodist Church, Inc.",483538,,FP/OP/USDA,FOOD PANTRY-Agency,BLUE RECEIPT-SHL,W-16-10001,207,0,0,37.26,207,BANKS,0.18,5/16/2024 8:50,5/16/2024 10:22,Price Code 1,CUSTOMER PICKUP,False,Sharing Floor Athens,01-SH,30547.0,Homer,MISC. FOOD BOX SHL,Dry Dry Dry Dry Food Misc.
845,176227,8931,H-146,"Homer Methodist Church, Inc.",478853,,FP/OP/USDA,FOOD PANTRY-Agency,SBB-O,N-16-20003,35,0,0,0.0,770,BANKS,0.0,3/6/2024 8:50,3/6/2024 9:34,Price Code 1,CUSTOMER PICKUP,False,Food Bank of Northeast Georgia,01,30547.0,Homer,SENIOR STAPLES BOX - ASSORTED USDA,Dry Dry Dry Dry Food Misc.
979,177286,4448,G-135,Gillsville Baptist Church INC,479906,,FP/OP/USDA,FOOD PANTRY-Agency,USDA,F-50-90446,6,0,0,0.0,168,BANKS,0.0,3/20/2024 7:34,3/20/2024 12:56,Price Code 1,CUSTOMER PICKUP,False,Food Bank of Northeast Georgia,01,30543.0,Gillsville,USDA FROZEN STRAWBERRY FRUIT CUPS,Frozen Frozen Frozen Frozen Fruits
805,176670,8627,D-105,Damascus Baptist Church,479293,,FP/USDA,FOOD PANTRY-Agency,USDA,N-50-10300,3,0,0,7.56,42,BANKS,0.18,3/11/2024 14:05,3/11/2024 9:06,Price Code 1,CUSTOMER PICKUP,False,Food Bank of Northeast Georgia,01,30547.0,Homer,USDA CANNED COLLARD GREENS CCC,Dry Dry Dry Dry Vegetables
812,182533,8874,F2KBANKS,Food 2 Kids Banks County,485136,,DIRECT ASSISTANCE,DIRECT ASSISTANCE-Agency,YELLOW RECEIPT - SHN,F-10-10002,12,0,0,0.0,36,BANKS,0.0,6/27/2024 11:09,6/27/2024 10:01,Price Code 1,TRUCK 2 MOBILE PANTRY,False,Food Bank of Northeast Georgia,01,30607.0,Athens,OUTSHINE TROPICAL SMOOTHIE CUBES,Frozen Frozen Frozen Frozen Beverages
575,182298,84,G-121,"Get Real Ministries, Inc.",484902,,FP/GNAP/USDA,FOOD PANTRY-Agency,USDA,N-50-10006,6,0,0,0.0,162,BANKS,0.0,6/18/2024 10:40,6/20/2024 16:14,Price Code 1,CUSTOMER PICKUP,False,Rabun Warehouse,02,30511.0,Baldwin,USDA GREEN BEANS,Dry Dry Dry Dry Vegetables
805,172402,1791,D-105,Damascus Baptist Church,476033,,FP/USDA,FOOD PANTRY-Agency,USDA,N-50-10079,2,0,0,9.36,52,BANKS,0.18,1/9/2024 14:05,1/9/2024 10:24,Price Code 1,CUSTOMER PICKUP,False,Food Bank of Northeast Georgia,01,30547.0,Homer,USDA WALNUT HALVES AND PIECES,Dry Dry Dry Dry Proteins
439,172961,8765,N-114,New Life Fellowship,476591,,FP/USDA,EMERGENCY-Agency,USDA,N-50-10307,3,0,0,14.58,81,BANKS,0.18,1/23/2024 11:00,1/23/2024 10:43,Price Code 1,CUSTOMER PICKUP,False,Rabun Warehouse,02,30510.0,Alto,"USDA LIGHT RED KIDNEY BEANS, LOW SODIUM",Dry Dry Dry Dry Proteins
845,173563,8931,H-146,"Homer Methodist Church, Inc.",477192,,FP/OP/USDA,FOOD PANTRY-Agency,SBB-O,N-16-20003,34,0,0,0.0,748,BANKS,0.0,2/6/2024 13:00,2/6/2024 13:30,Price Code 1,CUSTOMER PICKUP,False,Food Bank of Northeast Georgia,01,30547.0,Homer,SENIOR STAPLES BOX - ASSORTED USDA,Dry Dry Dry Dry Food Misc.
812,179556,800,F2KBANKS,Food 2 Kids Banks County,482169,,DIRECT ASSISTANCE,DIRECT ASSISTANCE-Agency,USDA,N-50-10065,6,0,0,0.0,162,BANKS,0.0,5/1/2024 16:00,5/2/2024 10:35,Price Code 1,TRUCK 1 MOBILE PANTRY,False,Food Bank of Northeast Georgia,01,30607.0,Athens,USDA APPLESAUCE,Dry Dry Dry Dry Fruits
812,178655,3122,F2KBANKS,Food 2 Kids Banks County,481271,,DIRECT ASSISTANCE,DIRECT ASSISTANCE-Agency,GNAP,N-40-10174,6,0,0,0.0,84,BANKS,0.0,4/17/2024 16:00,4/24/2024 11:38,Price Code 1,TRUCK 1 MOBILE PANTRY,False,Food Bank of Northeast Georgia,01,30607.0,Athens,"GNAP BLACKEYE PEAS, LOW SODIUM",Dry Dry Dry Dry Proteins
812,175978,6983,F2KBANKS,Food 2 Kids Banks County,478606,,DIRECT ASSISTANCE,DIRECT ASSISTANCE-Agency,LOCAL - LL,C-28-90426,5,0,0,0.0,200,BANKS,0.0,2/21/2024 15:00,2/23/2024 7:08,Price Code 1,TRUCK 1 MOBILE PANTRY,False,Food Bank of Northeast Georgia,01,30607.0,Athens,SWEET POTATOES,Cooled Cooled Cooled Cooled Potatoes
812,173546,7119,F2KBANKS,Food 2 Kids Banks County,477175,,DIRECT ASSISTANCE,DIRECT ASSISTANCE-Agency,GNAP,N-40-10226,9,0,0,0.0,189,BANKS,0.0,2/7/2024 15:30,2/8/2024 5:14,Price Code 1,TRUCK 1 MOBILE PANTRY,False,Food Bank of Northeast Georgia,01,30607.0,Athens,GNAP INSTANT GRITS,Dry Dry Dry Dry Grains
845,178885,8976,H-146,"Homer Methodist Church, Inc.",FAIMPORT481499,,FP/OP/USDA,FOOD PANTRY-Agency,BLUE RECEIPT-SHL,MCC-28-10001,37,0,0,0.0,37,BANKS,0.0,4/11/2024 0:00,4/11/2024 0:00,Price Code 1,CUSTOMER PICKUP,False,Food Bank of Northeast Georgia,01,30547.0,Homer,"PRODUCE, SHL RETAIL PICKUPS",Dry Dry Dry Dry Mixed Produce
459,178917,6831,A-138,Alto C.H. Church Benevolent- The Grace House,481531,,FP/GNAP/USDA,FOOD PANTRY-Agency,USDA,C-50-10025,3,0,0,12.6,126,BANKS,0.1,4/25/2024 11:00,4/25/2024 11:13,Price Code 1,CUSTOMER PICKUP,False,Rabun Warehouse,02,30510.0,Alto,USDA APPLES,Cooled Cooled Cooled Cooled Fruits
845,182491,8976,H-146,"Homer Methodist Church, Inc.",FAIMPORT485095,,FP/OP/USDA,FOOD PANTRY-Agency,BLUE RECEIPT-SHL,MCC-28-10001,36,0,0,0.0,36,BANKS,0.0,6/19/2024 0:00,6/19/2024 0:00,Price Code 1,CUSTOMER PICKUP,False,Food Bank of Northeast Georgia,01,30547.0,Homer,"PRODUCE, SHL RETAIL PICKUPS",Dry Dry Dry Dry Mixed Produce
805,176670,3943,D-105,Damascus Baptist Church,479293,,FP/USDA,FOOD PANTRY-Agency,USDA,N-50-10268,5,0,0,5.7,190,BANKS,0.03,3/11/2024 14:05,3/11/2024 9:06,Price Code 1,CUSTOMER PICKUP,False,Food Bank of Northeast Georgia,01,30547.0,Homer,USDA APPLE JUICE,Dry Dry Dry Dry Beverages
805,181444,3943,D-105,Damascus Baptist Church,484048,,FP/USDA,FOOD PANTRY-Agency,USDA,N-50-10268,7,0,0,7.98,266,BANKS,0.03,6/4/2024 10:30,6/4/2024 9:03,Price Code 1,CUSTOMER PICKUP,False,Food Bank of Northeast Georgia,01,30547.0,Homer,USDA APPLE JUICE,Dry Dry Dry Dry Beverages
439,173467,683,N-114,New Life Fellowship,477096,,FP/USDA,EMERGENCY-Agency,BLUE RECEIPT-SHL,W-16-10001,150,0,0,27.0,150,BANKS,0.18,1/23/2024 14:32,1/23/2024 10:57,Price Code 1,CUSTOMER PICKUP,False,Sharing Floor Rabun,02-SH,30510.0,Alto,MISC. FOOD BOX SHL,Dry Dry Dry Dry Food Misc.
845,180063,5407,H-146,"Homer Methodist Church, Inc.",482671,,FP/OP/USDA,FOOD PANTRY-Agency,BLUE RECEIPT-SHL,F-15-10000,118,0,0,21.24,118,BANKS,0.18,5/2/2024 8:50,5/2/2024 10:16,Price Code 1,CUSTOMER PICKUP,False,Sharing Floor Athens,01-SH,30547.0,Homer,"MEAT & SEAFOOD, FROZEN SHL",Frozen Frozen Frozen Frozen Proteins
812,178655,8915,F2KBANKS,Food 2 Kids Banks County,481271,,DIRECT ASSISTANCE,DIRECT ASSISTANCE-Agency,USDA,F-50-90474,3,0,0,0.0,120,BANKS,0.0,4/17/2024 16:00,4/24/2024 11:38,Price Code 1,TRUCK 1 MOBILE PANTRY,False,Food Bank of Northeast Georgia,01,30607.0,Athens,USDA PACIFIC SALAD SHRIMP,Frozen Frozen Frozen Frozen Proteins
805,180352,3943,D-105,Damascus Baptist Church,482958,,FP/USDA,FOOD PANTRY-Agency,USDA,N-50-10268,6,0,0,6.84,228,BANKS,0.03,5/14/2024 9:00,5/14/2024 9:10,Price Code 1,CUSTOMER PICKUP,False,Food Bank of Northeast Georgia,01,30547.0,Homer,USDA APPLE JUICE,Dry Dry Dry Dry Beverages
812,182533,9088,F2KBANKS,Food 2 Kids Banks County,485136,,DIRECT ASSISTANCE,DIRECT ASSISTANCE-Agency,GNAP,N-40-10291,2,0,0,0.0,28,BANKS,0.0,6/27/2024 11:09,6/27/2024 10:01,Price Code 1,TRUCK 2 MOBILE PANTRY,False,Food Bank of Northeast Georgia,01,30607.0,Athens,GNAP MOUNTAIN DRIED FRUIT BLEND,Dry Dry Dry Dry Fruits
812,178039,3204,F2KBANKS,Food 2 Kids Banks County,480658,,DIRECT ASSISTANCE,DIRECT ASSISTANCE-Agency,GNAP,N-40-10217,30,0,0,0.0,270,BANKS,0.0,4/3/2024 15:00,4/24/2024 11:34,Price Code 1,CUSTOMER PICKUP,False,Food Bank of Northeast Georgia,01,30607.0,Athens,GNAP CANNED HAM,Dry Dry Dry Dry Proteins
805,181444,1047,D-105,Damascus Baptist Church,484048,,FP/USDA,FOOD PANTRY-Agency,USDA,N-50-10041,1,0,0,8.82,49,BANKS,0.18,6/4/2024 10:30,6/4/2024 9:03,Price Code 1,CUSTOMER PICKUP,False,Food Bank of Northeast Georgia,01,30547.0,Homer,USDA RICE,Dry Dry Dry Dry Grains
805,175410,5407,D-105,Damascus Baptist Church,478039,,FP/USDA,FOOD PANTRY-Agency,BLUE RECEIPT-SHL,F-15-10000,24,0,0,4.32,24,BANKS,0.18,2/9/2024 14:05,2/9/2024 11:21,Price Code 1,CUSTOMER PICKUP,False,Sharing Floor Athens,01-SH,30547.0,Homer,"MEAT & SEAFOOD, FROZEN SHL",Frozen Frozen Frozen Frozen Proteins
812,175978,6786,F2KBANKS,Food 2 Kids Banks County,478606,,DIRECT ASSISTANCE,DIRECT ASSISTANCE-Agency,LOCAL - LL,C-28-90215,5,0,0,0.0,250,BANKS,0.0,2/21/2024 15:00,2/23/2024 7:08,Price Code 1,TRUCK 1 MOBILE PANTRY,False,Food Bank of Northeast Georgia,01,30607.0,Athens,"POTATOES, RUSSET",Cooled Cooled Cooled Cooled Potatoes
845,181523,8973,H-146,"Homer Methodist Church, Inc.",FAIMPORT484127,,FP/OP/USDA,FOOD PANTRY-Agency,BLUE RECEIPT-SHL,MCC-16-10001,14,0,0,0.0,14,BANKS,0.0,5/22/2024 0:00,5/22/2024 0:00,Price Code 1,CUSTOMER PICKUP,False,Food Bank of Northeast Georgia,01,30547.0,Homer,"COOLER FOOD MISC., SHL RETAIL PICKUP",Dry Dry Dry Dry Food Misc.
439,182541,683,N-114,New Life Fellowship,485144,,FP/USDA,EMERGENCY-Agency,BLUE RECEIPT-SHL,W-16-10001,76,0,0,13.68,76,BANKS,0.18,6/25/2024 14:32,6/25/2024 9:24,Price Code 1,CUSTOMER PICKUP,False,Sharing Floor Athens,01-SH,30510.0,Alto,MISC. FOOD BOX SHL,Dry Dry Dry Dry Food Misc.
805,172402,84,D-105,Damascus Baptist Church,476033,,FP/USDA,FOOD PANTRY-Agency,USDA,N-50-10006,2,0,0,9.72,54,BANKS,0.18,1/9/2024 14:05,1/9/2024 10:24,Price Code 1,CUSTOMER PICKUP,False,Food Bank of Northeast Georgia,01,30547.0,Homer,USDA GREEN BEANS,Dry Dry Dry Dry Vegetables
812,182531,9078,F2KBANKS,Food 2 Kids Banks County,485134,,DIRECT ASSISTANCE,DIRECT ASSISTANCE-Agency,BLUE RECEIPT-SHL,N-03-11840,4,0,0,0.0,36,BANKS,0.0,6/27/2024 11:33,6/27/2024 10:02,Price Code 1,TRACTOR TRAILER 1 MOBILE PANTRY,False,Food Bank of Northeast Georgia,01,30607.0,Athens,PEPSI ZERO WILD CHERRY,Dry Dry Dry Dry Beverages
979,182054,8997,G-135,Gillsville Baptist Church INC,484658,,FP/OP/USDA,FOOD PANTRY-Agency,USDA,N-50-10312,7,0,0,15.12,84,BANKS,0.18,6/21/2024 11:30,6/21/2024 14:17,Price Code 1,CUSTOMER PICKUP,False,Food Bank of Northeast Georgia,01,30543.0,Gillsville,USDA CHILI W/ BEANS CCC,Dry Dry Dry Dry Prepared Meals
845,182359,8976,H-146,"Homer Methodist Church, Inc.",FAIMPORT484963,,FP/OP/USDA,FOOD PANTRY-Agency,BLUE RECEIPT-SHL,MCC-28-10001,31,0,0,0.0,31,BANKS,0.0,6/18/2024 0:00,6/18/2024 0:00,Price Code 1,CUSTOMER PICKUP,False,Food Bank of Northeast Georgia,01,30547.0,Homer,"PRODUCE, SHL RETAIL PICKUPS",Dry Dry Dry Dry Mixed Produce
979,180758,1674,G-135,Gillsville Baptist Church INC,483364,,FP/OP/USDA,FOOD PANTRY-Agency,USDA,N-50-10073,2,0,0,9.72,54,BANKS,0.18,5/17/2024 12:30,5/17/2024 12:19,Price Code 1,CUSTOMER PICKUP,False,Food Bank of Northeast Georgia,01,30543.0,Gillsville,USDA TOMATO SAUCE,Dry Dry Dry Dry Vegetables
805,180352,170,D-105,Damascus Baptist Church,482958,,FP/USDA,FOOD PANTRY-Agency,USDA,N-50-10007,2,0,0,10.08,56,BANKS,0.18,5/14/2024 9:00,5/14/2024 9:10,Price Code 1,CUSTOMER PICKUP,False,Food Bank of Northeast Georgia,01,30547.0,Homer,"USDA CORN, WHOLE KERNEL NO SALT",Dry Dry Dry Dry Vegetables
575,175845,1481,G-121,"Get Real Ministries, Inc.",478473,,FP/GNAP/USDA,FOOD PANTRY-Agency,USDA,N-50-10105,13,0,0,0.0,221,BANKS,0.0,2/20/2024 10:40,2/23/2024 8:29,Price Code 1,CUSTOMER PICKUP,False,Rabun Warehouse,02,30511.0,Baldwin,USDA DRIED CHERRIES CCC,Dry Dry Dry Dry Fruits
812,178655,1674,F2KBANKS,Food 2 Kids Banks County,481271,,DIRECT ASSISTANCE,DIRECT ASSISTANCE-Agency,USDA,N-50-10073,3,0,0,0.0,81,BANKS,0.0,4/17/2024 16:00,4/24/2024 11:38,Price Code 1,TRUCK 1 MOBILE PANTRY,False,Food Bank of Northeast Georgia,01,30607.0,Athens,USDA TOMATO SAUCE,Dry Dry Dry Dry Vegetables
439,180333,690,N-114,New Life Fellowship,482939,,FP/USDA,EMERGENCY-Agency,BLUE RECEIPT-SHL,W-03-10013,72,0,0,0.0,72,BANKS,0.0,5/7/2024 14:32,5/7/2024 9:26,Price Code 1,CUSTOMER PICKUP,False,Sharing Floor Athens,01-SH,30510.0,Alto,"ASSORTED BEVERAGES, SHL",Dry Dry Dry Dry Beverages
812,178039,1822,F2KBANKS,Food 2 Kids Banks County,480658,,DIRECT ASSISTANCE,DIRECT ASSISTANCE-Agency,GNAP,N-40-10140,6,0,0,0.0,108,BANKS,0.0,4/3/2024 15:00,4/24/2024 11:34,Price Code 1,CUSTOMER PICKUP,False,Food Bank of Northeast Georgia,01,30607.0,Athens,GNAP TUNA LIGHT CHUNK,Dry Dry Dry Dry Proteins
812,180921,9034,F2KBANKS,Food 2 Kids Banks County,483527,,DIRECT ASSISTANCE,DIRECT ASSISTANCE-Agency,GNAP,N-40-10271,19,0,0,0.0,228,BANKS,0.0,5/20/2024 9:00,6/3/2024 8:50,Price Code 1,CUSTOMER PICKUP,False,Food Bank of Northeast Georgia,01,30607.0,Athens,"GNAP MIX BERRY YOGURT, SHELF STABLE BACKPACK",Dry Dry Dry Dry Dairy
459,178640,1047,A-138,Alto C.H. Church Benevolent- The Grace House,481256,,FP/GNAP/USDA,FOOD PANTRY-Agency,USDA,N-50-10041,5,0,0,44.1,245,BANKS,0.18,4/25/2024 11:00,4/25/2024 11:14,Price Code 1,CUSTOMER PICKUP,False,Rabun Warehouse,02,30510.0,Alto,USDA RICE,Dry Dry Dry Dry Grains
805,178140,7083,D-105,Damascus Baptist Church,480759,,FP/USDA,FOOD PANTRY-Agency,USDA,C-50-10029,4,0,0,8.64,48,BANKS,0.18,4/9/2024 14:05,4/9/2024 9:11,Price Code 1,CUSTOMER PICKUP,False,Food Bank of Northeast Georgia,01,30547.0,Homer,"USDA MILD CHEDDAR CHEESE, BLOCK CCC",Cooled Cooled Cooled Cooled Dairy
812,182533,9042,F2KBANKS,Food 2 Kids Banks County,485136,,DIRECT ASSISTANCE,DIRECT ASSISTANCE-Agency,GNAP,F-40-90059,12,0,0,0.0,288,BANKS,0.0,6/27/2024 11:09,6/27/2024 10:01,Price Code 1,TRUCK 2 MOBILE PANTRY,False,Food Bank of Northeast Georgia,01,30607.0,Athens,GNAP GROUND TURKEY CHUB 85/15,Frozen Frozen Frozen Frozen Proteins
845,173970,50,H-146,"Homer Methodist Church, Inc.",477599,,FP/OP/USDA,FOOD PANTRY-Agency,LOCAL - LL,W-16-10002,222,0,0,39.96,222,BANKS,0.18,2/1/2024 8:50,2/1/2024 10:25,Price Code 1,CUSTOMER PICKUP,False,Sharing Floor Athens,01-SH,30547.0,Homer,MISC. FOOD BOX LL,Dry Dry Dry Dry Food Misc.
812,182531,8874,F2KBANKS,Food 2 Kids Banks County,485134,,DIRECT ASSISTANCE,DIRECT ASSISTANCE-Agency,YELLOW RECEIPT - SHN,F-10-10002,5,0,0,0.0,15,BANKS,0.0,6/27/2024 11:33,6/27/2024 10:02,Price Code 1,TRACTOR TRAILER 1 MOBILE PANTRY,False,Food Bank of Northeast Georgia,01,30607.0,Athens,OUTSHINE TROPICAL SMOOTHIE CUBES,Frozen Frozen Frozen Frozen Beverages
439,182541,5938,N-114,New Life Fellowship,485144,,FP/USDA,EMERGENCY-Agency,BLUE RECEIPT-SHL,C-28-10001,126,0,0,3.78,126,BANKS,0.03,6/25/2024 14:32,6/25/2024 9:24,Price Code 1,CUSTOMER PICKUP,False,Sharing Floor Athens,01-SH,30510.0,Alto,"PRODUCE, FRESH SHL",Cooled Cooled Cooled Cooled Mixed Produce
812,178655,9006,F2KBANKS,Food 2 Kids Banks County,481271,,DIRECT ASSISTANCE,DIRECT ASSISTANCE-Agency,BLUE RECEIPT-SHL,N-03-11825,10,0,0,0.0,110,BANKS,0.0,4/17/2024 16:00,4/24/2024 11:38,Price Code 1,TRUCK 1 MOBILE PANTRY,False,Food Bank of Northeast Georgia,01,30607.0,Athens,STARBUCKS NITRO COLD BREW,Dry Dry Dry Dry Beverages
979,182054,9062,G-135,Gillsville Baptist Church INC,484658,,FP/OP/USDA,FOOD PANTRY-Agency,LOCAL - LL,N-25-11975,15,0,0,8.1,45,BANKS,0.18,6/21/2024 11:30,6/21/2024 14:17,Price Code 1,CUSTOMER PICKUP,False,Food Bank of Northeast Georgia,01,30543.0,Gillsville,DOVE DARK CHOCOLATE & PEANUT BUTTER,Dry Dry Dry Dry Food Misc.
1012,178615,1045,B-140,"Banks County Family Connection, Inc.",481231,,FP/USDA,AFTER SCHOOL PROGRAM-Agency,BLUE RECEIPT-SHL,W-25-10009,96,0,0,17.28,96,BANKS,0.18,4/9/2024 13:44,4/9/2024 13:45,Price Code 1,CUSTOMER PICKUP,False,Sharing Floor Athens,01-SH,30547.0,Homer,"ASSORTED SNACK ITEMS, SHL",Dry Dry Dry Dry Food Misc.
845,177303,5407,H-146,"Homer Methodist Church, Inc.",479923,,FP/OP/USDA,FOOD PANTRY-Agency,BLUE RECEIPT-SHL,F-15-10000,108,0,0,19.44,108,BANKS,0.18,3/14/2024 8:50,3/14/2024 10:34,Price Code 1,CUSTOMER PICKUP,False,Sharing Floor Athens,01-SH,30547.0,Homer,"MEAT & SEAFOOD, FROZEN SHL",Frozen Frozen Frozen Frozen Proteins
439,181427,688,N-114,New Life Fellowship,484031,,FP/USDA,EMERGENCY-Agency,BLUE RECEIPT-SHL,W-01-10000,2,0,0,0.36,2,BANKS,0.18,5/28/2024 14:32,5/28/2024 9:32,Price Code 1,CUSTOMER PICKUP,False,Sharing Floor Athens,01-SH,30510.0,Alto,"ASSORTED NON-FOOD ITEMS, SHL",Dry Dry Dry Dry Non-Food Misc.
439,176673,5958,N-114,New Life Fellowship,479296,,FP/USDA,EMERGENCY-Agency,BLUE RECEIPT-SHL,C-16-10001,54,0,0,9.72,54,BANKS,0.18,3/5/2024 14:32,3/5/2024 9:25,Price Code 1,CUSTOMER PICKUP,False,Sharing Floor Athens,01-SH,30510.0,Alto,"COOLER FOOD, MISC. SHL",Cooled Cooled Cooled Cooled Food Misc.
812,182531,4715,F2KBANKS,Food 2 Kids Banks County,485134,,DIRECT ASSISTANCE,DIRECT ASSISTANCE-Agency,USDA,F-50-90461,3,0,0,0.0,120,BANKS,0.0,6/27/2024 11:33,6/27/2024 10:02,Price Code 1,TRACTOR TRAILER 1 MOBILE PANTRY,False,Food Bank of Northeast Georgia,01,30607.0,Athens,USDA ALASKAN POLLACK FISH FILLETS,Frozen Frozen Frozen Frozen Proteins
805,181444,8783,D-105,Damascus Baptist Church,484048,,FP/USDA,FOOD PANTRY-Agency,USDA,N-50-10308,2,0,0,8.28,46,BANKS,0.18,6/4/2024 10:30,6/4/2024 9:03,Price Code 1,CUSTOMER PICKUP,False,Food Bank of Northeast Georgia,01,30547.0,Homer,USDA RAISINS,Dry Dry Dry Dry Fruits
812,176503,5407,F2KBANKS,Food 2 Kids Banks County,479127,,DIRECT ASSISTANCE,DIRECT ASSISTANCE-Agency,BLUE RECEIPT-SHL,F-15-10000,750,0,0,0.0,750,BANKS,0.0,3/6/2024 15:30,3/8/2024 7:52,Price Code 1,TRUCK 1 MOBILE PANTRY,False,Food Bank of Northeast Georgia,01,30607.0,Athens,"MEAT & SEAFOOD, FROZEN SHL",Frozen Frozen Frozen Frozen Proteins
979,180758,7083,G-135,Gillsville Baptist Church INC,483364,,FP/OP/USDA,FOOD PANTRY-Agency,USDA,C-50-10029,5,0,0,10.8,60,BANKS,0.18,5/17/2024 12:30,5/17/2024 12:19,Price Code 1,CUSTOMER PICKUP,False,Food Bank of Northeast Georgia,01,30543.0,Gillsville,"USDA MILD CHEDDAR CHEESE, BLOCK CCC",Cooled Cooled Cooled Cooled Dairy
979,182054,7083,G-135,Gillsville Baptist Church INC,484658,,FP/OP/USDA,FOOD PANTRY-Agency,USDA,C-50-10029,8,0,0,17.28,96,BANKS,0.18,6/21/2024 11:30,6/21/2024 14:17,Price Code 1,CUSTOMER PICKUP,False,Food Bank of Northeast Georgia,01,30543.0,Gillsville,"USDA MILD CHEDDAR CHEESE, BLOCK CCC",Cooled Cooled Cooled Cooled Dairy
1012,176443,890,B-140,"Banks County Family Connection, Inc.",479067,,FP/USDA,AFTER SCHOOL PROGRAM-Agency,GNAP,N-40-10001,4,0,0,0.0,108,BANKS,0.0,3/5/2024 13:29,3/5/2024 13:16,Price Code 1,CUSTOMER PICKUP,False,Food Bank of Northeast Georgia,01,30547.0,Homer,GNAP APPLE SAUCE,Dry Dry Dry Dry Fruits
439,182313,5938,N-114,New Life Fellowship,484917,,FP/USDA,EMERGENCY-Agency,BLUE RECEIPT-SHL,C-28-10001,72,0,0,2.16,72,BANKS,0.03,6/18/2024 14:32,6/18/2024 9:33,Price Code 1,CUSTOMER PICKUP,False,Sharing Floor Athens,01-SH,30510.0,Alto,"PRODUCE, FRESH SHL",Cooled Cooled Cooled Cooled Mixed Produce
439,176673,875,N-114,New Life Fellowship,479296,,FP/USDA,EMERGENCY-Agency,BLUE RECEIPT-SHL,W-04-10000,18,0,0,0.0,18,BANKS,0.0,3/5/2024 14:32,3/5/2024 9:25,Price Code 1,CUSTOMER PICKUP,False,Sharing Floor Athens,01-SH,30510.0,Alto,"BREAD & BAKERY, ASSORTED SHL",Dry Dry Dry Dry Grains
845,180077,8991,H-146,"Homer Methodist Church, Inc.",482685,,FP/OP/USDA,FOOD PANTRY-Agency,USDA,N-50-10311,6,0,0,25.92,144,BANKS,0.18,5/8/2024 8:30,5/8/2024 9:16,Price Code 1,CUSTOMER PICKUP,False,Food Bank of Northeast Georgia,01,30547.0,Homer,USDA HAZELNUTS CCC,Dry Dry Dry Dry Proteins
812,182533,4406,F2KBANKS,Food 2 Kids Banks County,485136,,DIRECT ASSISTANCE,DIRECT ASSISTANCE-Agency,USDA,N-50-10288,6,0,0,0.0,138,BANKS,0.0,6/27/2024 11:09,6/27/2024 10:01,Price Code 1,TRUCK 2 MOBILE PANTRY,False,Food Bank of Northeast Georgia,01,30607.0,Athens,USDA PREMIUM WHITE CHICKEN IN POUCHES,Dry Dry Dry Dry Proteins
575,175845,84,G-121,"Get Real Ministries, Inc.",478473,,FP/GNAP/USDA,FOOD PANTRY-Agency,USDA,N-50-10006,13,0,0,0.0,351,BANKS,0.0,2/20/2024 10:40,2/23/2024 8:29,Price Code 1,CUSTOMER PICKUP,False,Rabun Warehouse,02,30511.0,Baldwin,USDA GREEN BEANS,Dry Dry Dry Dry Vegetables
575,172910,8720,G-121,"Get Real Ministries, Inc.",476541,,FP/GNAP/USDA,FOOD PANTRY-Agency,USDA,N-50-10305,13,0,0,0.0,182,BANKS,0.0,1/16/2024 10:40,1/16/2024 13:28,Price Code 1,CUSTOMER PICKUP,False,Rabun Warehouse,02,30511.0,Baldwin,USDA MIXED VegetablesCCC,Dry Dry Dry Dry Vegetables
1012,176973,2573,B-140,"Banks County Family Connection, Inc.",479595,,FP/USDA,AFTER SCHOOL PROGRAM-Agency,GNAP,N-40-10204,16,0,0,0.0,304,BANKS,0.0,3/19/2024 15:12,3/19/2024 14:02,Price Code 1,CUSTOMER PICKUP,False,Food Bank of Northeast Georgia,01,30547.0,Homer,GNAP CHICKEN & RICE SOUP,Dry Dry Dry Dry Prepared Meals
805,180352,8925,D-105,Damascus Baptist Church,482958,,FP/USDA,FOOD PANTRY-Agency,BLUE RECEIPT-SHL,C-28-30001,1,0,0,0.0,1000,BANKS,0.0,5/14/2024 9:00,5/14/2024 9:10,Price Code 1,CUSTOMER PICKUP,False,Food Bank of Northeast Georgia,01,30547.0,Homer,MIXED PRODUCE - 1 PALLET,Cooled Cooled Cooled Cooled Mixed Produce
439,173828,884,N-114,New Life Fellowship,477457,,FP/USDA,EMERGENCY-Agency,LFB,W-01-10003,25,0,0,4.5,25,BANKS,0.18,1/30/2024 14:32,1/30/2024 9:35,Price Code 1,CUSTOMER PICKUP,False,Sharing Floor Athens,01-SH,30510.0,Alto,ASSORTED NON-FOOD ITEMS LFB,Dry Dry Dry Dry Non-Food Misc.
805,175472,683,D-105,Damascus Baptist Church,478101,,FP/USDA,FOOD PANTRY-Agency,BLUE RECEIPT-SHL,W-16-10001,102,0,0,18.36,102,BANKS,0.18,2/12/2024 14:05,2/12/2024 9:36,Price Code 1,CUSTOMER PICKUP,False,Sharing Floor Athens,01-SH,30547.0,Homer,MISC. FOOD BOX SHL,Dry Dry Dry Dry Food Misc.
575,177451,8690,G-121,"Get Real Ministries, Inc.",480071,,FP/GNAP/USDA,FOOD PANTRY-Agency,USDA,N-50-10302,26,0,0,0.0,364,BANKS,0.0,3/18/2024 10:40,3/20/2024 9:03,Price Code 1,CUSTOMER PICKUP,False,Rabun Warehouse,02,30511.0,Baldwin,USDA GREEN BEANS CCC,Dry Dry Dry Dry Vegetables
805,172793,5407,D-105,Damascus Baptist Church,476424,,FP/USDA,FOOD PANTRY-Agency,BLUE RECEIPT-SHL,F-15-10000,79,0,0,14.22,79,BANKS,0.18,1/9/2024 14:05,1/9/2024 10:25,Price Code 1,CUSTOMER PICKUP,False,Sharing Floor Athens,01-SH,30547.0,Homer,"MEAT & SEAFOOD, FROZEN SHL",Frozen Frozen Frozen Frozen Proteins
845,182358,8975,H-146,"Homer Methodist Church, Inc.",FAIMPORT484962,,FP/OP/USDA,FOOD PANTRY-Agency,BLUE RECEIPT-SHL,MCC-07-10001,144,0,0,0.0,144,BANKS,0.0,6/14/2024 0:00,6/14/2024 0:00,Price Code 1,CUSTOMER PICKUP,False,Food Bank of Northeast Georgia,01,30547.0,Homer,"DAIRY PRODUCTS, SHL RETAIL PICKUPS",Dry Dry Dry Dry Dairy
979,182054,3712,G-135,Gillsville Baptist Church INC,484658,,FP/OP/USDA,FOOD PANTRY-Agency,USDA,N-50-10266,5,0,0,24.3,135,BANKS,0.18,6/21/2024 11:30,6/21/2024 14:17,Price Code 1,CUSTOMER PICKUP,False,Food Bank of Northeast Georgia,01,30543.0,Gillsville,USDA CANNED PINTO BEANS,Dry Dry Dry Dry Proteins
439,181427,696,N-114,New Life Fellowship,484031,,FP/USDA,EMERGENCY-Agency,LOCAL - LL,W-25-10000,57,0,0,10.26,57,BANKS,0.18,5/28/2024 14:32,5/28/2024 9:32,Price Code 1,CUSTOMER PICKUP,False,Sharing Floor Athens,01-SH,30510.0,Alto,"ASSORTED SNACK ITEMS, LL",Dry Dry Dry Dry Food Misc.
845,182120,8976,H-146,"Homer Methodist Church, Inc.",FAIMPORT484724,,FP/OP/USDA,FOOD PANTRY-Agency,BLUE RECEIPT-SHL,MCC-28-10001,17,0,0,0.0,17,BANKS,0.0,6/11/2024 0:00,6/11/2024 0:00,Price Code 1,CUSTOMER PICKUP,False,Food Bank of Northeast Georgia,01,30547.0,Homer,"PRODUCE, SHL RETAIL PICKUPS",Dry Dry Dry Dry Mixed Produce
805,178140,170,D-105,Damascus Baptist Church,480759,,FP/USDA,FOOD PANTRY-Agency,USDA,N-50-10007,2,0,0,10.08,56,BANKS,0.18,4/9/2024 14:05,4/9/2024 9:11,Price Code 1,CUSTOMER PICKUP,False,Food Bank of Northeast Georgia,01,30547.0,Homer,"USDA CORN, WHOLE KERNEL NO SALT",Dry Dry Dry Dry Vegetables
812,179811,8869,F2KBANKS,Food 2 Kids Banks County,482423,,DIRECT ASSISTANCE,DIRECT ASSISTANCE-Agency,YELLOW RECEIPT - SHN,N-20-10004,2,0,0,0.0,6,BANKS,0.0,5/15/2024 16:00,5/15/2024 13:59,Price Code 1,TRUCK 1 MOBILE PANTRY,False,Food Bank of Northeast Georgia,01,30607.0,Athens,PAMPERS PREEMIE SWADDLERS,Dry Dry Dry Dry Non-Food Misc.
459,173868,8914,A-138,Alto C.H. Church Benevolent- The Grace House,477497,,FP/GNAP/USDA,FOOD PANTRY-Agency,USDA,N-50-10310,10,0,0,48.6,270,BANKS,0.18,2/15/2024 11:00,2/15/2024 10:55,Price Code 1,CUSTOMER PICKUP,False,Rabun Warehouse,02,30510.0,Alto,USDA DICED POTATOES,Dry Dry Dry Dry Potatoes
845,182119,8976,H-146,"Homer Methodist Church, Inc.",FAIMPORT484723,,FP/OP/USDA,FOOD PANTRY-Agency,BLUE RECEIPT-SHL,MCC-28-10001,35,0,0,0.0,35,BANKS,0.0,6/7/2024 0:00,6/7/2024 0:00,Price Code 1,CUSTOMER PICKUP,False,Food Bank of Northeast Georgia,01,30547.0,Homer,"PRODUCE, SHL RETAIL PICKUPS",Dry Dry Dry Dry Mixed Produce
812,179556,8997,F2KBANKS,Food 2 Kids Banks County,482169,,DIRECT ASSISTANCE,DIRECT ASSISTANCE-Agency,USDA,N-50-10312,6,0,0,0.0,72,BANKS,0.0,5/1/2024 16:00,5/2/2024 10:35,Price Code 1,TRUCK 1 MOBILE PANTRY,False,Food Bank of Northeast Georgia,01,30607.0,Athens,USDA CHILI W/ BEANS CCC,Dry Dry Dry Dry Prepared Meals
575,177451,4449,G-121,"Get Real Ministries, Inc.",480071,,FP/GNAP/USDA,FOOD PANTRY-Agency,USDA,F-50-90445,36,0,0,0.0,1476,BANKS,0.0,3/18/2024 10:40,3/20/2024 9:03,Price Code 1,CUSTOMER PICKUP,False,Rabun Warehouse,02,30511.0,Baldwin,USDA FULLY COOKED PULLED PORK CCC,Frozen Frozen Frozen Frozen Proteins
805,181874,5407,D-105,Damascus Baptist Church,484478,,FP/USDA,FOOD PANTRY-Agency,BLUE RECEIPT-SHL,F-15-10000,14,0,0,2.52,14,BANKS,0.18,6/4/2024 14:05,6/4/2024 9:18,Price Code 1,CUSTOMER PICKUP,False,Sharing Floor Athens,01-SH,30547.0,Homer,"MEAT & SEAFOOD, FROZEN SHL",Frozen Frozen Frozen Frozen Proteins
439,179419,875,N-114,New Life Fellowship,482032,,FP/USDA,EMERGENCY-Agency,BLUE RECEIPT-SHL,W-04-10000,7,0,0,0.0,7,BANKS,0.0,4/23/2024 14:32,4/23/2024 9:25,Price Code 1,CUSTOMER PICKUP,False,Sharing Floor Athens,01-SH,30510.0,Alto,"BREAD & BAKERY, ASSORTED SHL",Dry Dry Dry Dry Grains
845,181831,8976,H-146,"Homer Methodist Church, Inc.",FAIMPORT484435,,FP/OP/USDA,FOOD PANTRY-Agency,BLUE RECEIPT-SHL,MCC-28-10001,14,0,0,0.0,14,BANKS,0.0,5/30/2024 0:00,5/30/2024 0:00,Price Code 1,CUSTOMER PICKUP,False,Food Bank of Northeast Georgia,01,30547.0,Homer,"PRODUCE, SHL RETAIL PICKUPS",Dry Dry Dry Dry Mixed Produce
812,173546,8719,F2KBANKS,Food 2 Kids Banks County,477175,,DIRECT ASSISTANCE,DIRECT ASSISTANCE-Agency,GNAP,N-40-10265,10,0,0,0.0,130,BANKS,0.0,2/7/2024 15:30,2/8/2024 5:14,Price Code 1,TRUCK 1 MOBILE PANTRY,False,Food Bank of Northeast Georgia,01,30607.0,Athens,GNAP MINI BEEF RAVIOLI,Dry Dry Dry Dry Prepared Meals
575,175845,4788,G-121,"Get Real Ministries, Inc.",478473,,FP/GNAP/USDA,FOOD PANTRY-Agency,USDA,F-50-90039,13,0,0,0.0,520,BANKS,0.0,2/20/2024 10:40,2/23/2024 8:29,Price Code 1,CUSTOMER PICKUP,False,Rabun Warehouse,02,30511.0,Baldwin,USDA CATFISH FILLETS CCC,Frozen Frozen Frozen Frozen Proteins
1012,178510,8906,B-140,"Banks County Family Connection, Inc.",481126,,FP/USDA,AFTER SCHOOL PROGRAM-Agency,GNAP,N-40-10266,10,0,0,0.0,200,BANKS,0.0,4/15/2024 2:30,4/15/2024 14:34,Price Code 1,CUSTOMER PICKUP,False,Food Bank of Northeast Georgia,01,30547.0,Homer,GNAP SPAGHETTI,Dry Dry Dry Dry Grains
812,176503,1356,F2KBANKS,Food 2 Kids Banks County,479127,,DIRECT ASSISTANCE,DIRECT ASSISTANCE-Agency,GNAP,N-40-10131,10,0,0,0.0,110,BANKS,0.0,3/6/2024 15:30,3/8/2024 7:52,Price Code 1,TRUCK 1 MOBILE PANTRY,False,Food Bank of Northeast Georgia,01,30607.0,Athens,GNAP CHUNK CHICKEN,Dry Dry Dry Dry Proteins
812,179811,9034,F2KBANKS,Food 2 Kids Banks County,482423,,DIRECT ASSISTANCE,DIRECT ASSISTANCE-Agency,GNAP,N-40-10271,2,0,0,0.0,24,BANKS,0.0,5/15/2024 16:00,5/15/2024 13:59,Price Code 1,TRUCK 1 MOBILE PANTRY,False,Food Bank of Northeast Georgia,01,30607.0,Athens,"GNAP MIX BERRY YOGURT, SHELF STABLE BACKPACK",Dry Dry Dry Dry Dairy
845,180140,8975,H-146,"Homer Methodist Church, Inc.",FAIMPORT482747,,FP/OP/USDA,FOOD PANTRY-Agency,BLUE RECEIPT-SHL,MCC-07-10001,56,0,0,0.0,56,BANKS,0.0,5/2/2024 0:00,5/2/2024 0:00,Price Code 1,CUSTOMER PICKUP,False,Food Bank of Northeast Georgia,01,30547.0,Homer,"DAIRY PRODUCTS, SHL RETAIL PICKUPS",Dry Dry Dry Dry Dairy
575,172910,84,G-121,"Get Real Ministries, Inc.",476541,,FP/GNAP/USDA,FOOD PANTRY-Agency,USDA,N-50-10006,13,0,0,0.0,351,BANKS,0.0,1/16/2024 10:40,1/16/2024 13:28,Price Code 1,CUSTOMER PICKUP,False,Rabun Warehouse,02,30511.0,Baldwin,USDA GREEN BEANS,Dry Dry Dry Dry Vegetables
812,176503,5088,F2KBANKS,Food 2 Kids Banks County,479127,,DIRECT ASSISTANCE,DIRECT ASSISTANCE-Agency,USDA,F-50-90023,2,0,0,0.0,50,BANKS,0.0,3/6/2024 15:30,3/8/2024 7:52,Price Code 1,TRUCK 1 MOBILE PANTRY,False,Food Bank of Northeast Georgia,01,30607.0,Athens,USDA FROZEN PEACHES CCC,Frozen Frozen Frozen Frozen Fruits
805,178140,8903,D-105,Damascus Baptist Church,480759,,FP/USDA,FOOD PANTRY-Agency,YELLOW RECEIPT - SHN,N-16-10181,4,0,0,3.6,20,BANKS,0.18,4/9/2024 14:05,4/9/2024 9:11,Price Code 1,CUSTOMER PICKUP,False,Food Bank of Northeast Georgia,01,30547.0,Homer,STOVE TOP STUFFING - TURKEY/CHICKEN/CORNBREAD,Dry Dry Dry Dry Prepared Meals
812,172020,8628,F2KBANKS,Food 2 Kids Banks County,475651,,DIRECT ASSISTANCE,DIRECT ASSISTANCE-Agency,YELLOW RECEIPT - SHN,N-27-10129,12,0,0,0.0,96,BANKS,0.0,1/3/2024 12:00,1/16/2024 8:20,Price Code 1,TRUCK 1 MOBILE PANTRY,False,Food Bank of Northeast Georgia,01,30607.0,Athens,HUNTS DICED TOMATOES,Dry Dry Dry Dry Vegetables
845,181244,683,H-146,"Homer Methodist Church, Inc.",483849,,FP/OP/USDA,FOOD PANTRY-Agency,BLUE RECEIPT-SHL,W-16-10001,110,0,0,19.8,110,BANKS,0.18,5/23/2024 8:50,5/23/2024 10:17,Price Code 1,CUSTOMER PICKUP,False,Sharing Floor Athens,01-SH,30547.0,Homer,MISC. FOOD BOX SHL,Dry Dry Dry Dry Food Misc.
845,176227,842,H-146,"Homer Methodist Church, Inc.",478853,,FP/OP/USDA,FOOD PANTRY-Agency,USDA,N-50-10021,6,0,0,29.16,162,BANKS,0.18,3/6/2024 8:50,3/6/2024 9:34,Price Code 1,CUSTOMER PICKUP,False,Food Bank of Northeast Georgia,01,30547.0,Homer,USDA DICED TOMATOES NO SALT CCC,Dry Dry Dry Dry Vegetables
812,173546,3111,F2KBANKS,Food 2 Kids Banks County,477175,,DIRECT ASSISTANCE,DIRECT ASSISTANCE-Agency,GNAP,N-40-10168,5,0,0,0.0,75,BANKS,0.0,2/7/2024 15:30,2/8/2024 5:14,Price Code 1,TRUCK 1 MOBILE PANTRY,False,Food Bank of Northeast Georgia,01,30607.0,Athens,"GNAP CEREAL, TOASTED OATS",Dry Dry Dry Dry Grains
812,182375,9111,F2KBANKS,Food 2 Kids Banks County,484979,,DIRECT ASSISTANCE,DIRECT ASSISTANCE-Agency,LOCAL - LL,N-25-11979,34,0,0,0.0,173,BANKS,0.0,6/21/2024 8:00,7/9/2024 8:54,Price Code 1,CUSTOMER PICKUP,False,Food Bank of Northeast Georgia,01,30607.0,Athens,GEORGIA PEANUTS,Dry Dry Dry Dry Proteins
845,178801,5407,H-146,"Homer Methodist Church, Inc.",481415,,FP/OP/USDA,FOOD PANTRY-Agency,BLUE RECEIPT-SHL,F-15-10000,120,0,0,21.6,120,BANKS,0.18,4/11/2024 8:50,4/11/2024 10:11,Price Code 1,CUSTOMER PICKUP,False,Sharing Floor Athens,01-SH,30547.0,Homer,"MEAT & SEAFOOD, FROZEN SHL",Frozen Frozen Frozen Frozen Proteins
812,173546,8907,F2KBANKS,Food 2 Kids Banks County,477175,,DIRECT ASSISTANCE,DIRECT ASSISTANCE-Agency,GNAP,N-40-10267,10,0,0,0.0,130,BANKS,0.0,2/7/2024 15:30,2/8/2024 5:14,Price Code 1,TRUCK 1 MOBILE PANTRY,False,Food Bank of Northeast Georgia,01,30607.0,Athens,GNAP SPAGHETTI W/ MEATBALLS,Dry Dry Dry Dry Prepared Meals
979,180758,8997,G-135,Gillsville Baptist Church INC,483364,,FP/OP/USDA,FOOD PANTRY-Agency,USDA,N-50-10312,4,0,0,8.64,48,BANKS,0.18,5/17/2024 12:30,5/17/2024 12:19,Price Code 1,CUSTOMER PICKUP,False,Food Bank of Northeast Georgia,01,30543.0,Gillsville,USDA CHILI W/ BEANS CCC,Dry Dry Dry Dry Prepared Meals
812,179811,9015,F2KBANKS,Food 2 Kids Banks County,482423,,DIRECT ASSISTANCE,DIRECT ASSISTANCE-Agency,USDA,N-50-10314,1,0,0,0.0,49,BANKS,0.0,5/15/2024 16:00,5/15/2024 13:59,Price Code 1,TRUCK 1 MOBILE PANTRY,False,Food Bank of Northeast Georgia,01,30607.0,Athens,USDA RICE CCC,Dry Dry Dry Dry Grains
812,173102,7118,F2KBANKS,Food 2 Kids Banks County,476732,,DIRECT ASSISTANCE,DIRECT ASSISTANCE-Agency,GNAP,N-40-10225,8,0,0,0.0,80,BANKS,0.0,1/17/2024 12:00,1/29/2024 9:33,Price Code 1,TRACTOR TRAILER 1 MOBILE PANTRY,False,Food Bank of Northeast Georgia,01,30607.0,Athens,GNAP CRISPY RICE CEREAL,Dry Dry Dry Dry Grains
845,172928,5407,H-146,"Homer Methodist Church, Inc.",476559,,FP/OP/USDA,FOOD PANTRY-Agency,BLUE RECEIPT-SHL,F-15-10000,84,0,0,15.12,84,BANKS,0.18,1/11/2024 8:50,1/11/2024 10:37,Price Code 1,CUSTOMER PICKUP,False,Sharing Floor Athens,01-SH,30547.0,Homer,"MEAT & SEAFOOD, FROZEN SHL",Frozen Frozen Frozen Frozen Proteins
575,172910,1481,G-121,"Get Real Ministries, Inc.",476541,,FP/GNAP/USDA,FOOD PANTRY-Agency,USDA,N-50-10105,13,0,0,0.0,221,BANKS,0.0,1/16/2024 10:40,1/16/2024 13:28,Price Code 1,CUSTOMER PICKUP,False,Rabun Warehouse,02,30511.0,Baldwin,USDA DRIED CHERRIES CCC,Dry Dry Dry Dry Fruits
845,181816,8931,H-146,"Homer Methodist Church, Inc.",484420,,FP/OP/USDA,FOOD PANTRY-Agency,SBB-O,N-16-20003,36,0,0,0.0,792,BANKS,0.0,6/18/2024 9:00,6/18/2024 9:22,Price Code 1,CUSTOMER PICKUP,False,Food Bank of Northeast Georgia,01,30547.0,Homer,SENIOR STAPLES BOX - ASSORTED USDA,Dry Dry Dry Dry Food Misc.
812,179811,8997,F2KBANKS,Food 2 Kids Banks County,482423,,DIRECT ASSISTANCE,DIRECT ASSISTANCE-Agency,USDA,N-50-10312,1,0,0,0.0,12,BANKS,0.0,5/15/2024 16:00,5/15/2024 13:59,Price Code 1,TRUCK 1 MOBILE PANTRY,False,Food Bank of Northeast Georgia,01,30607.0,Athens,USDA CHILI W/ BEANS CCC,Dry Dry Dry Dry Prepared Meals
812,176503,3204,F2KBANKS,Food 2 Kids Banks County,479127,,DIRECT ASSISTANCE,DIRECT ASSISTANCE-Agency,GNAP,N-40-10217,20,0,0,0.0,180,BANKS,0.0,3/6/2024 15:30,3/8/2024 7:52,Price Code 1,TRUCK 1 MOBILE PANTRY,False,Food Bank of Northeast Georgia,01,30607.0,Athens,GNAP CANNED HAM,Dry Dry Dry Dry Proteins
774,172569,5637,FBBB-17,Banks: Homer UMC Senior Staples Program,476200,,BROWN BAG,FB BROWN BAG-Agency,USDA,F-50-90019,3,0,0,0.0,90,BANKS,0.0,1/9/2024 11:00,1/11/2024 8:46,Mobile Pantry/Feed Site Only,CUSTOMER PICKUP,False,Food Bank of Northeast Georgia,01,30547.0,Homer,USDA FROZEN BLUEBERRIES CCC,Frozen Frozen Frozen Frozen Fruits
812,182531,92,F2KBANKS,Food 2 Kids Banks County,485134,,DIRECT ASSISTANCE,DIRECT ASSISTANCE-Agency,LOCAL - LL,W-01-10002,300,0,0,0.0,300,BANKS,0.0,6/27/2024 11:33,6/27/2024 10:02,Price Code 1,TRACTOR TRAILER 1 MOBILE PANTRY,False,Food Bank of Northeast Georgia,01,30607.0,Athens,"ASSORTED NON-FOOD ITEMS, LL",Dry Dry Dry Dry Non-Food Misc.
812,179556,9030,F2KBANKS,Food 2 Kids Banks County,482169,,DIRECT ASSISTANCE,DIRECT ASSISTANCE-Agency,YELLOW RECEIPT - SHN,N-25-11972,3,0,0,0.0,9,BANKS,0.0,5/1/2024 16:00,5/2/2024 10:35,Price Code 1,TRUCK 1 MOBILE PANTRY,False,Food Bank of Northeast Georgia,01,30607.0,Athens,BIGS TANGY BBQ SUNFLOWER SEEDS,Dry Dry Dry Dry Proteins
812,172020,8860,F2KBANKS,Food 2 Kids Banks County,475651,,DIRECT ASSISTANCE,DIRECT ASSISTANCE-Agency,LOCAL - LL,N-25-11938,10,0,0,0.0,100,BANKS,0.0,1/3/2024 12:00,1/16/2024 8:20,Price Code 1,TRUCK 1 MOBILE PANTRY,False,Food Bank of Northeast Georgia,01,30607.0,Athens,OREO SUPER MARIO,Dry Dry Dry Dry Food Misc.
805,175168,7082,D-105,Damascus Baptist Church,477797,,FP/USDA,FOOD PANTRY-Agency,USDA,C-50-10033,8,0,0,0.0,96,BANKS,0.0,2/12/2024 14:05,2/20/2024 14:46,Price Code 1,CUSTOMER PICKUP,False,Food Bank of Northeast Georgia,01,30547.0,Homer,USDA SHREDDED YELLOW CHEDDAR CHEESE CCC,Cooled Cooled Cooled Cooled Dairy
575,180871,4411,G-121,"Get Real Ministries, Inc.",483477,,FP/GNAP/USDA,FOOD PANTRY-Agency,USDA,F-50-90465,12,0,0,0.0,252,BANKS,0.0,5/20/2024 9:00,5/21/2024 16:15,Price Code 1,CUSTOMER PICKUP,False,Rabun Warehouse,02,30511.0,Baldwin,USDA WILD CAUGHT GULF SHRIMP,Frozen Frozen Frozen Frozen Proteins
812,176503,8914,F2KBANKS,Food 2 Kids Banks County,479127,,DIRECT ASSISTANCE,DIRECT ASSISTANCE-Agency,USDA,N-50-10310,8,0,0,0.0,216,BANKS,0.0,3/6/2024 15:30,3/8/2024 7:52,Price Code 1,TRUCK 1 MOBILE PANTRY,False,Food Bank of Northeast Georgia,01,30607.0,Athens,USDA DICED POTATOES,Dry Dry Dry Dry Potatoes
845,176227,3943,H-146,"Homer Methodist Church, Inc.",478853,,FP/OP/USDA,FOOD PANTRY-Agency,USDA,N-50-10268,6,0,0,6.84,228,BANKS,0.03,3/6/2024 8:50,3/6/2024 9:34,Price Code 1,CUSTOMER PICKUP,False,Food Bank of Northeast Georgia,01,30547.0,Homer,USDA APPLE JUICE,Dry Dry Dry Dry Beverages
812,173546,8944,F2KBANKS,Food 2 Kids Banks County,477175,,DIRECT ASSISTANCE,DIRECT ASSISTANCE-Agency,YELLOW RECEIPT - SHN,C-28-90535,2,0,0,0.0,104,BANKS,0.0,2/7/2024 15:30,2/8/2024 5:14,Price Code 1,TRUCK 1 MOBILE PANTRY,False,Food Bank of Northeast Georgia,01,30607.0,Athens,"TURNIP, SHL",Cooled Cooled Cooled Cooled Vegetables
812,173102,8878,F2KBANKS,Food 2 Kids Banks County,476732,,DIRECT ASSISTANCE,DIRECT ASSISTANCE-Agency,YELLOW RECEIPT - SHN,N-03-11783,6,0,0,0.0,78,BANKS,0.0,1/17/2024 12:00,1/29/2024 9:33,Price Code 1,TRACTOR TRAILER 1 MOBILE PANTRY,False,Food Bank of Northeast Georgia,01,30607.0,Athens,GATORADE FIT CITRUS BERRY,Dry Dry Dry Dry Beverages
812,175978,4422,F2KBANKS,Food 2 Kids Banks County,478606,,DIRECT ASSISTANCE,DIRECT ASSISTANCE-Agency,USDA,F-50-90452,48,0,0,0.0,1536,BANKS,0.0,2/21/2024 15:00,2/23/2024 7:08,Price Code 1,TRUCK 1 MOBILE PANTRY,False,Food Bank of Northeast Georgia,01,30607.0,Athens,USDA PORK LOIN BONELESS ROAST,Frozen Frozen Frozen Frozen Proteins
812,180921,9039,F2KBANKS,Food 2 Kids Banks County,483527,,DIRECT ASSISTANCE,DIRECT ASSISTANCE-Agency,GNAP,N-40-10276,4,0,0,0.0,40,BANKS,0.0,5/20/2024 9:00,6/3/2024 8:50,Price Code 1,CUSTOMER PICKUP,False,Food Bank of Northeast Georgia,01,30607.0,Athens,GNAP CHEESE STICKS - WHITE CHEDDAR,Dry Dry Dry Dry Dairy
812,176503,2960,F2KBANKS,Food 2 Kids Banks County,479127,,DIRECT ASSISTANCE,DIRECT ASSISTANCE-Agency,USDA,N-50-10247,4,0,0,0.0,144,BANKS,0.0,3/6/2024 15:30,3/8/2024 7:52,Price Code 1,TRUCK 1 MOBILE PANTRY,False,Food Bank of Northeast Georgia,01,30607.0,Athens,USDA BEEF STEW POUCHES CCC,Dry Dry Dry Dry Prepared Meals
812,179556,4737,F2KBANKS,Food 2 Kids Banks County,482169,,DIRECT ASSISTANCE,DIRECT ASSISTANCE-Agency,USDA,F-50-90456,6,0,0,0.0,240,BANKS,0.0,5/1/2024 16:00,5/2/2024 10:35,Price Code 1,TRUCK 1 MOBILE PANTRY,False,Food Bank of Northeast Georgia,01,30607.0,Athens,USDA PORK PATTY,Frozen Frozen Frozen Frozen Proteins
439,172961,2862,N-114,New Life Fellowship,476591,,FP/USDA,EMERGENCY-Agency,USDA,N-50-10115,3,0,0,14.58,81,BANKS,0.18,1/23/2024 11:00,1/23/2024 10:43,Price Code 1,CUSTOMER PICKUP,False,Rabun Warehouse,02,30510.0,Alto,USDA DARK RED KIDNEY BEANS CCC,Dry Dry Dry Dry Proteins
439,175193,683,N-114,New Life Fellowship,477822,,FP/USDA,EMERGENCY-Agency,BLUE RECEIPT-SHL,W-16-10001,67,0,0,12.06,67,BANKS,0.18,2/6/2024 14:32,2/6/2024 9:24,Price Code 1,CUSTOMER PICKUP,False,Sharing Floor Athens,01-SH,30510.0,Alto,MISC. FOOD BOX SHL,Dry Dry Dry Dry Food Misc.
439,176274,5938,N-114,New Life Fellowship,478899,,FP/USDA,EMERGENCY-Agency,BLUE RECEIPT-SHL,C-28-10001,134,0,0,4.02,134,BANKS,0.03,2/27/2024 14:32,2/27/2024 9:26,Price Code 1,CUSTOMER PICKUP,False,Sharing Floor Athens,01-SH,30510.0,Alto,"PRODUCE, FRESH SHL",Cooled Cooled Cooled Cooled Mixed Produce
812,176503,890,F2KBANKS,Food 2 Kids Banks County,479127,,DIRECT ASSISTANCE,DIRECT ASSISTANCE-Agency,GNAP,N-40-10001,8,0,0,0.0,216,BANKS,0.0,3/6/2024 15:30,3/8/2024 7:52,Price Code 1,TRUCK 1 MOBILE PANTRY,False,Food Bank of Northeast Georgia,01,30607.0,Athens,GNAP APPLE SAUCE,Dry Dry Dry Dry Fruits
812,173546,3954,F2KBANKS,Food 2 Kids Banks County,477175,,DIRECT ASSISTANCE,DIRECT ASSISTANCE-Agency,GNAP,N-40-10164,10,0,0,0.0,270,BANKS,0.0,2/7/2024 15:30,2/8/2024 5:14,Price Code 1,TRUCK 1 MOBILE PANTRY,False,Food Bank of Northeast Georgia,01,30607.0,Athens,"GNAP GREEN PEAS, LOW SODIUM",Dry Dry Dry Dry Proteins
845,178304,696,H-146,"Homer Methodist Church, Inc.",480920,,FP/OP/USDA,FOOD PANTRY-Agency,LOCAL - LL,W-25-10000,11,0,0,1.98,11,BANKS,0.18,4/4/2024 8:50,4/4/2024 10:15,Price Code 1,CUSTOMER PICKUP,False,Sharing Floor Athens,01-SH,30547.0,Homer,"ASSORTED SNACK ITEMS, LL",Dry Dry Dry Dry Food Misc.
575,180871,8783,G-121,"Get Real Ministries, Inc.",483477,,FP/GNAP/USDA,FOOD PANTRY-Agency,USDA,N-50-10308,13,0,0,0.0,299,BANKS,0.0,5/20/2024 9:00,5/21/2024 16:15,Price Code 1,CUSTOMER PICKUP,False,Rabun Warehouse,02,30511.0,Baldwin,USDA RAISINS,Dry Dry Dry Dry Fruits
812,173102,8620,F2KBANKS,Food 2 Kids Banks County,476732,,DIRECT ASSISTANCE,DIRECT ASSISTANCE-Agency,GNAP,N-40-10260,3,0,0,0.0,54,BANKS,0.0,1/17/2024 12:00,1/29/2024 9:33,Price Code 1,TRACTOR TRAILER 1 MOBILE PANTRY,False,Food Bank of Northeast Georgia,01,30607.0,Athens,GNAP CREAM OF CHICKEN SOUP,Dry Dry Dry Dry Prepared Meals
812,173546,890,F2KBANKS,Food 2 Kids Banks County,477175,,DIRECT ASSISTANCE,DIRECT ASSISTANCE-Agency,GNAP,N-40-10001,10,0,0,0.0,270,BANKS,0.0,2/7/2024 15:30,2/8/2024 5:14,Price Code 1,TRUCK 1 MOBILE PANTRY,False,Food Bank of Northeast Georgia,01,30607.0,Athens,GNAP APPLE SAUCE,Dry Dry Dry Dry Fruits
459,178917,3943,A-138,Alto C.H. Church Benevolent- The Grace House,481531,,FP/GNAP/USDA,FOOD PANTRY-Agency,USDA,N-50-10268,12,0,0,13.68,456,BANKS,0.03,4/25/2024 11:00,4/25/2024 11:13,Price Code 1,CUSTOMER PICKUP,False,Rabun Warehouse,02,30510.0,Alto,USDA APPLE JUICE,Dry Dry Dry Dry Beverages
845,175341,5407,H-146,"Homer Methodist Church, Inc.",477970,,FP/OP/USDA,FOOD PANTRY-Agency,BLUE RECEIPT-SHL,F-15-10000,47,0,0,0.0,47,BANKS,0.0,2/8/2024 8:50,2/8/2024 10:24,Price Code 1,CUSTOMER PICKUP,False,Sharing Floor Athens,01-SH,30547.0,Homer,"MEAT & SEAFOOD, FROZEN SHL",Frozen Frozen Frozen Frozen Proteins
575,178977,6831,G-121,"Get Real Ministries, Inc.",481591,,FP/GNAP/USDA,FOOD PANTRY-Agency,USDA,C-50-10025,49,0,0,0.0,2058,BANKS,0.0,4/15/2024 10:40,4/16/2024 12:32,Price Code 1,CUSTOMER PICKUP,False,Rabun Warehouse,02,30511.0,Baldwin,USDA APPLES,Cooled Cooled Cooled Cooled Fruits
805,172402,1047,D-105,Damascus Baptist Church,476033,,FP/USDA,FOOD PANTRY-Agency,USDA,N-50-10041,1,0,0,8.82,49,BANKS,0.18,1/9/2024 14:05,1/9/2024 10:24,Price Code 1,CUSTOMER PICKUP,False,Food Bank of Northeast Georgia,01,30547.0,Homer,USDA RICE,Dry Dry Dry Dry Grains
812,179556,6780,F2KBANKS,Food 2 Kids Banks County,482169,,DIRECT ASSISTANCE,DIRECT ASSISTANCE-Agency,USDA,C-50-10024,6,0,0,0.0,258,BANKS,0.0,5/1/2024 16:00,5/2/2024 10:35,Price Code 1,TRUCK 1 MOBILE PANTRY,False,Food Bank of Northeast Georgia,01,30607.0,Athens,USDA APPLES,Cooled Cooled Cooled Cooled Fruits
979,182054,9031,G-135,Gillsville Baptist Church INC,484658,,FP/OP/USDA,FOOD PANTRY-Agency,YELLOW RECEIPT - SHN,N-25-11973,6,0,0,3.24,18,BANKS,0.18,6/21/2024 11:30,6/21/2024 14:17,Price Code 1,CUSTOMER PICKUP,False,Food Bank of Northeast Georgia,01,30543.0,Gillsville,BIGS TAKIS SUNFLOWER SEEDS,Dry Dry Dry Dry Proteins
845,180063,683,H-146,"Homer Methodist Church, Inc.",482671,,FP/OP/USDA,FOOD PANTRY-Agency,BLUE RECEIPT-SHL,W-16-10001,22,0,0,0.0,22,BANKS,0.0,5/2/2024 8:50,5/2/2024 10:16,Price Code 1,CUSTOMER PICKUP,False,Sharing Floor Athens,01-SH,30547.0,Homer,MISC. FOOD BOX SHL,Dry Dry Dry Dry Food Misc.
439,181427,690,N-114,New Life Fellowship,484031,,FP/USDA,EMERGENCY-Agency,BLUE RECEIPT-SHL,W-03-10013,177,0,0,0.0,177,BANKS,0.0,5/28/2024 14:32,5/28/2024 9:32,Price Code 1,CUSTOMER PICKUP,False,Sharing Floor Athens,01-SH,30510.0,Alto,"ASSORTED BEVERAGES, SHL",Dry Dry Dry Dry Beverages
1012,173672,890,B-140,"Banks County Family Connection, Inc.",477301,,FP/USDA,AFTER SCHOOL PROGRAM-Agency,GNAP,N-40-10001,4,0,0,10.8,108,BANKS,0.1,2/7/2024 10:42,2/7/2024 9:44,Price Code 1,CUSTOMER PICKUP,False,Food Bank of Northeast Georgia,01,30547.0,Homer,GNAP APPLE SAUCE,Dry Dry Dry Dry Fruits
459,178640,1674,A-138,Alto C.H. Church Benevolent- The Grace House,481256,,FP/GNAP/USDA,FOOD PANTRY-Agency,USDA,N-50-10073,10,0,0,48.6,270,BANKS,0.18,4/25/2024 11:00,4/25/2024 11:14,Price Code 1,CUSTOMER PICKUP,False,Rabun Warehouse,02,30510.0,Alto,USDA TOMATO SAUCE,Dry Dry Dry Dry Vegetables
979,177286,6780,G-135,Gillsville Baptist Church INC,479906,,FP/OP/USDA,FOOD PANTRY-Agency,USDA,C-50-10024,10,0,0,43.0,430,BANKS,0.1,3/20/2024 7:34,3/20/2024 12:56,Price Code 1,CUSTOMER PICKUP,False,Food Bank of Northeast Georgia,01,30543.0,Gillsville,USDA APPLES,Cooled Cooled Cooled Cooled Fruits
812,182533,9071,F2KBANKS,Food 2 Kids Banks County,485136,,DIRECT ASSISTANCE,DIRECT ASSISTANCE-Agency,GNAP,F-40-90060,3,0,0,0.0,120,BANKS,0.0,6/27/2024 11:09,6/27/2024 10:01,Price Code 1,TRUCK 2 MOBILE PANTRY,False,Food Bank of Northeast Georgia,01,30607.0,Athens,GNAP LEG QUARTERS,Frozen Frozen Frozen Frozen Proteins
439,180333,875,N-114,New Life Fellowship,482939,,FP/USDA,EMERGENCY-Agency,BLUE RECEIPT-SHL,W-04-10000,15,0,0,0.0,15,BANKS,0.0,5/7/2024 14:32,5/7/2024 9:26,Price Code 1,CUSTOMER PICKUP,False,Sharing Floor Athens,01-SH,30510.0,Alto,"BREAD & BAKERY, ASSORTED SHL",Dry Dry Dry Dry Grains
575,182298,4715,G-121,"Get Real Ministries, Inc.",484902,,FP/GNAP/USDA,FOOD PANTRY-Agency,USDA,F-50-90461,12,0,0,0.0,480,BANKS,0.0,6/18/2024 10:40,6/20/2024 16:14,Price Code 1,CUSTOMER PICKUP,False,Rabun Warehouse,02,30511.0,Baldwin,USDA ALASKAN POLLACK FISH FILLETS,Frozen Frozen Frozen Frozen Proteins
845,177303,5772,H-146,"Homer Methodist Church, Inc.",479923,,FP/OP/USDA,FOOD PANTRY-Agency,LOCAL - LL,C-28-10000,22,0,0,0.66,22,BANKS,0.03,3/14/2024 8:50,3/14/2024 10:34,Price Code 1,CUSTOMER PICKUP,False,Sharing Floor Athens,01-SH,30547.0,Homer,"PRODUCE, FRESH LL",Cooled Cooled Cooled Cooled Mixed Produce
805,172402,5088,D-105,Damascus Baptist Church,476033,,FP/USDA,FOOD PANTRY-Agency,USDA,F-50-90023,4,0,0,16.0,100,BANKS,0.16,1/9/2024 14:05,1/9/2024 10:24,Price Code 1,CUSTOMER PICKUP,False,Food Bank of Northeast Georgia,01,30547.0,Homer,USDA FROZEN PEACHES CCC,Frozen Frozen Frozen Frozen Fruits
439,178336,1047,N-114,New Life Fellowship,480952,,FP/USDA,EMERGENCY-Agency,USDA,N-50-10041,5,0,0,44.1,245,BANKS,0.18,4/9/2024 14:32,4/9/2024 11:05,Price Code 1,CUSTOMER PICKUP,False,Rabun Warehouse,02,30510.0,Alto,USDA RICE,Dry Dry Dry Dry Grains
805,178584,5407,D-105,Damascus Baptist Church,481200,,FP/USDA,FOOD PANTRY-Agency,BLUE RECEIPT-SHL,F-15-10000,71,0,0,12.78,71,BANKS,0.18,4/9/2024 14:05,4/9/2024 9:16,Price Code 1,CUSTOMER PICKUP,False,Sharing Floor Athens,01-SH,30547.0,Homer,"MEAT & SEAFOOD, FROZEN SHL",Frozen Frozen Frozen Frozen Proteins
805,181444,8969,D-105,Damascus Baptist Church,484048,,FP/USDA,FOOD PANTRY-Agency,YELLOW RECEIPT - SHN,N-27-10135,4,0,0,1.08,108,BANKS,0.01,6/4/2024 10:30,6/4/2024 9:03,Price Code 1,CUSTOMER PICKUP,False,Food Bank of Northeast Georgia,01,30547.0,Homer,"HUNTS TOMATO SAUCE, BAG AND BOX",Dry Dry Dry Dry Vegetables
439,182541,696,N-114,New Life Fellowship,485144,,FP/USDA,EMERGENCY-Agency,LOCAL - LL,W-25-10000,28,0,0,5.04,28,BANKS,0.18,6/25/2024 14:32,6/25/2024 9:24,Price Code 1,CUSTOMER PICKUP,False,Sharing Floor Athens,01-SH,30510.0,Alto,"ASSORTED SNACK ITEMS, LL",Dry Dry Dry Dry Food Misc.
812,178655,7083,F2KBANKS,Food 2 Kids Banks County,481271,,DIRECT ASSISTANCE,DIRECT ASSISTANCE-Agency,USDA,C-50-10029,10,0,0,0.0,120,BANKS,0.0,4/17/2024 16:00,4/24/2024 11:38,Price Code 1,TRUCK 1 MOBILE PANTRY,False,Food Bank of Northeast Georgia,01,30607.0,Athens,"USDA MILD CHEDDAR CHEESE, BLOCK CCC",Cooled Cooled Cooled Cooled Dairy
812,182531,6936,F2KBANKS,Food 2 Kids Banks County,485134,,DIRECT ASSISTANCE,DIRECT ASSISTANCE-Agency,BLUE RECEIPT-SHL,C-28-90388,6,0,0,0.0,180,BANKS,0.0,6/27/2024 11:33,6/27/2024 10:02,Price Code 1,TRACTOR TRAILER 1 MOBILE PANTRY,False,Food Bank of Northeast Georgia,01,30607.0,Athens,PEACHES,Cooled Cooled Cooled Cooled Fruits
812,173546,4449,F2KBANKS,Food 2 Kids Banks County,477175,,DIRECT ASSISTANCE,DIRECT ASSISTANCE-Agency,USDA,F-50-90445,2,0,0,0.0,82,BANKS,0.0,2/7/2024 15:30,2/8/2024 5:14,Price Code 1,TRUCK 1 MOBILE PANTRY,False,Food Bank of Northeast Georgia,01,30607.0,Athens,USDA FULLY COOKED PULLED PORK CCC,Frozen Frozen Frozen Frozen Proteins
439,176673,5938,N-114,New Life Fellowship,479296,,FP/USDA,EMERGENCY-Agency,BLUE RECEIPT-SHL,C-28-10001,33,0,0,0.99,33,BANKS,0.03,3/5/2024 14:32,3/5/2024 9:25,Price Code 1,CUSTOMER PICKUP,False,Sharing Floor Athens,01-SH,30510.0,Alto,"PRODUCE, FRESH SHL",Cooled Cooled Cooled Cooled Mixed Produce
845,177796,8976,H-146,"Homer Methodist Church, Inc.",FAIMPORT480415,,FP/OP/USDA,FOOD PANTRY-Agency,BLUE RECEIPT-SHL,MCC-28-10001,11,0,0,0.0,11,BANKS,0.0,3/20/2024 0:00,3/20/2024 0:00,Price Code 1,CUSTOMER PICKUP,False,Food Bank of Northeast Georgia,01,30547.0,Homer,"PRODUCE, SHL RETAIL PICKUPS",Dry Dry Dry Dry Mixed Produce
439,172446,1791,N-114,New Life Fellowship,476077,,FP/USDA,EMERGENCY-Agency,USDA,N-50-10079,1,0,0,4.68,26,BANKS,0.18,1/8/2024 11:00,1/8/2024 10:40,Price Code 1,CUSTOMER PICKUP,False,Rabun Warehouse,02,30510.0,Alto,USDA WALNUT HALVES AND PIECES,Dry Dry Dry Dry Proteins
812,173102,7082,F2KBANKS,Food 2 Kids Banks County,476732,,DIRECT ASSISTANCE,DIRECT ASSISTANCE-Agency,USDA,C-50-10033,75,0,0,0.0,900,BANKS,0.0,1/17/2024 12:00,1/29/2024 9:33,Price Code 1,TRACTOR TRAILER 1 MOBILE PANTRY,False,Food Bank of Northeast Georgia,01,30607.0,Athens,USDA SHREDDED YELLOW CHEDDAR CHEESE CCC,Cooled Cooled Cooled Cooled Dairy
812,178655,8874,F2KBANKS,Food 2 Kids Banks County,481271,,DIRECT ASSISTANCE,DIRECT ASSISTANCE-Agency,YELLOW RECEIPT - SHN,F-10-10002,10,0,0,0.0,30,BANKS,0.0,4/17/2024 16:00,4/24/2024 11:38,Price Code 1,TRUCK 1 MOBILE PANTRY,False,Food Bank of Northeast Georgia,01,30607.0,Athens,OUTSHINE TROPICAL SMOOTHIE CUBES,Frozen Frozen Frozen Frozen Beverages
845,180077,3139,H-146,"Homer Methodist Church, Inc.",482685,,FP/OP/USDA,FOOD PANTRY-Agency,USDA,N-50-10290,8,0,0,36.0,200,BANKS,0.18,5/8/2024 8:30,5/8/2024 9:16,Price Code 1,CUSTOMER PICKUP,False,Food Bank of Northeast Georgia,01,30547.0,Homer,USDA WHOLE ALMONDS DRY ROASTED,Dry Dry Dry Dry Proteins
812,175978,6736,F2KBANKS,Food 2 Kids Banks County,478606,,DIRECT ASSISTANCE,DIRECT ASSISTANCE-Agency,LOCAL - LL,C-28-90456,750,0,0,0.0,750,BANKS,0.0,2/21/2024 15:00,2/23/2024 7:08,Price Code 1,TRUCK 1 MOBILE PANTRY,False,Food Bank of Northeast Georgia,01,30607.0,Athens,APPLES,Cooled Cooled Cooled Cooled Fruits
845,177303,50,H-146,"Homer Methodist Church, Inc.",479923,,FP/OP/USDA,FOOD PANTRY-Agency,LOCAL - LL,W-16-10002,30,0,0,0.0,30,BANKS,0.0,3/14/2024 8:50,3/14/2024 10:34,Price Code 1,CUSTOMER PICKUP,False,Sharing Floor Athens,01-SH,30547.0,Homer,MISC. FOOD BOX LL,Dry Dry Dry Dry Food Misc.
459,178640,8720,A-138,Alto C.H. Church Benevolent- The Grace House,481256,,FP/GNAP/USDA,FOOD PANTRY-Agency,USDA,N-50-10305,10,0,0,25.2,140,BANKS,0.18,4/25/2024 11:00,4/25/2024 11:14,Price Code 1,CUSTOMER PICKUP,False,Rabun Warehouse,02,30510.0,Alto,USDA MIXED VegetablesCCC,Dry Dry Dry Dry Vegetables
805,176670,8903,D-105,Damascus Baptist Church,479293,,FP/USDA,FOOD PANTRY-Agency,YELLOW RECEIPT - SHN,N-16-10181,5,0,0,4.5,25,BANKS,0.18,3/11/2024 14:05,3/11/2024 9:06,Price Code 1,CUSTOMER PICKUP,False,Food Bank of Northeast Georgia,01,30547.0,Homer,STOVE TOP STUFFING - TURKEY/CHICKEN/CORNBREAD,Dry Dry Dry Dry Prepared Meals
845,182642,8974,H-146,"Homer Methodist Church, Inc.",FAIMPORT485245,,FP/OP/USDA,FOOD PANTRY-Agency,BLUE RECEIPT-SHL,MCW-04-10000,14,0,0,0.0,14,BANKS,0.0,6/28/2024 0:00,6/28/2024 0:00,Price Code 1,CUSTOMER PICKUP,False,Food Bank of Northeast Georgia,01,30547.0,Homer,"BREAD AND BAKERY, SHL RETAIL PICKUPS",Dry Dry Dry Dry Grains
845,173970,5407,H-146,"Homer Methodist Church, Inc.",477599,,FP/OP/USDA,FOOD PANTRY-Agency,BLUE RECEIPT-SHL,F-15-10000,107,0,0,19.26,107,BANKS,0.18,2/1/2024 8:50,2/1/2024 10:25,Price Code 1,CUSTOMER PICKUP,False,Sharing Floor Athens,01-SH,30547.0,Homer,"MEAT & SEAFOOD, FROZEN SHL",Frozen Frozen Frozen Frozen Proteins
805,175410,683,D-105,Damascus Baptist Church,478039,,FP/USDA,FOOD PANTRY-Agency,BLUE RECEIPT-SHL,W-16-10001,91,0,0,16.38,91,BANKS,0.18,2/9/2024 14:05,2/9/2024 11:21,Price Code 1,CUSTOMER PICKUP,False,Sharing Floor Athens,01-SH,30547.0,Homer,MISC. FOOD BOX SHL,Dry Dry Dry Dry Food Misc.
812,180921,3717,F2KBANKS,Food 2 Kids Banks County,483527,,DIRECT ASSISTANCE,DIRECT ASSISTANCE-Agency,GNAP,N-40-10154,8,0,0,0.0,160,BANKS,0.0,5/20/2024 9:00,6/3/2024 8:50,Price Code 1,CUSTOMER PICKUP,False,Food Bank of Northeast Georgia,01,30607.0,Athens,"GNAP APPLE JUICE, SINGLE SERVE",Dry Dry Dry Dry Beverages
812,182531,9079,F2KBANKS,Food 2 Kids Banks County,485134,,DIRECT ASSISTANCE,DIRECT ASSISTANCE-Agency,BLUE RECEIPT-SHL,N-03-11841,5,0,0,0.0,85,BANKS,0.0,6/27/2024 11:33,6/27/2024 10:02,Price Code 1,TRACTOR TRAILER 1 MOBILE PANTRY,False,Food Bank of Northeast Georgia,01,30607.0,Athens,MTN DEW ZERO 24 X 12 FL OZ,Dry Dry Dry Dry Beverages
979,180758,9031,G-135,Gillsville Baptist Church INC,483364,,FP/OP/USDA,FOOD PANTRY-Agency,YELLOW RECEIPT - SHN,N-25-11973,5,0,0,2.7,15,BANKS,0.18,5/17/2024 12:30,5/17/2024 12:19,Price Code 1,CUSTOMER PICKUP,False,Food Bank of Northeast Georgia,01,30543.0,Gillsville,BIGS TAKIS SUNFLOWER SEEDS,Dry Dry Dry Dry Proteins
439,182541,690,N-114,New Life Fellowship,485144,,FP/USDA,EMERGENCY-Agency,BLUE RECEIPT-SHL,W-03-10013,56,0,0,0.56,56,BANKS,0.01,6/25/2024 14:32,6/25/2024 9:24,Price Code 1,CUSTOMER PICKUP,False,Sharing Floor Athens,01-SH,30510.0,Alto,"ASSORTED BEVERAGES, SHL",Dry Dry Dry Dry Beverages
845,179992,8974,H-146,"Homer Methodist Church, Inc.",FAIMPORT482601,,FP/OP/USDA,FOOD PANTRY-Agency,BLUE RECEIPT-SHL,MCW-04-10000,5,0,0,0.0,5,BANKS,0.0,4/29/2024 0:00,4/29/2024 0:00,Price Code 1,CUSTOMER PICKUP,False,Food Bank of Northeast Georgia,01,30547.0,Homer,"BREAD AND BAKERY, SHL RETAIL PICKUPS",Dry Dry Dry Dry Grains
812,175978,8512,F2KBANKS,Food 2 Kids Banks County,478606,,DIRECT ASSISTANCE,DIRECT ASSISTANCE-Agency,USDA,C-50-10049,5,0,0,0.0,195,BANKS,0.0,2/21/2024 15:00,2/23/2024 7:08,Price Code 1,TRUCK 1 MOBILE PANTRY,False,Food Bank of Northeast Georgia,01,30607.0,Athens,USDA GRAPEFRUIT CCC,Cooled Cooled Cooled Cooled Fruits
575,182298,170,G-121,"Get Real Ministries, Inc.",484902,,FP/GNAP/USDA,FOOD PANTRY-Agency,USDA,N-50-10007,6,0,0,0.0,168,BANKS,0.0,6/18/2024 10:40,6/20/2024 16:14,Price Code 1,CUSTOMER PICKUP,False,Rabun Warehouse,02,30511.0,Baldwin,"USDA CORN, WHOLE KERNEL NO SALT",Dry Dry Dry Dry Vegetables
812,178039,7298,F2KBANKS,Food 2 Kids Banks County,480658,,DIRECT ASSISTANCE,DIRECT ASSISTANCE-Agency,GNAP,N-40-10248,25,0,0,0.0,350,BANKS,0.0,4/3/2024 15:00,4/24/2024 11:34,Price Code 1,CUSTOMER PICKUP,False,Food Bank of Northeast Georgia,01,30607.0,Athens,GNAP BAKING AND BISCUIT MIX,Dry Dry Dry Dry Grains
845,175341,5407,H-146,"Homer Methodist Church, Inc.",477970,,FP/OP/USDA,FOOD PANTRY-Agency,BLUE RECEIPT-SHL,F-15-10000,132,0,0,23.76,132,BANKS,0.18,2/8/2024 8:50,2/8/2024 10:24,Price Code 1,CUSTOMER PICKUP,False,Sharing Floor Athens,01-SH,30547.0,Homer,"MEAT & SEAFOOD, FROZEN SHL",Frozen Frozen Frozen Frozen Proteins
845,181816,7083,H-146,"Homer Methodist Church, Inc.",484420,,FP/OP/USDA,FOOD PANTRY-Agency,USDA,C-50-10029,36,0,0,0.0,432,BANKS,0.0,6/18/2024 9:00,6/18/2024 9:22,Price Code 1,CUSTOMER PICKUP,False,Food Bank of Northeast Georgia,01,30547.0,Homer,"USDA MILD CHEDDAR CHEESE, BLOCK CCC",Cooled Cooled Cooled Cooled Dairy
805,176670,6780,D-105,Damascus Baptist Church,479293,,FP/USDA,FOOD PANTRY-Agency,USDA,C-50-10024,4,0,0,17.2,172,BANKS,0.1,3/11/2024 14:05,3/11/2024 9:06,Price Code 1,CUSTOMER PICKUP,False,Food Bank of Northeast Georgia,01,30547.0,Homer,USDA APPLES,Cooled Cooled Cooled Cooled Fruits
812,180921,9043,F2KBANKS,Food 2 Kids Banks County,483527,,DIRECT ASSISTANCE,DIRECT ASSISTANCE-Agency,GNAP,N-40-10277,25,0,0,0.0,200,BANKS,0.0,5/20/2024 9:00,6/3/2024 8:50,Price Code 1,CUSTOMER PICKUP,False,Food Bank of Northeast Georgia,01,30607.0,Athens,GNAP DELUXE SHELLS & CHEESE,Dry Dry Dry Dry Prepared Meals
812,173546,875,F2KBANKS,Food 2 Kids Banks County,477175,,DIRECT ASSISTANCE,DIRECT ASSISTANCE-Agency,BLUE RECEIPT-SHL,W-04-10000,310,0,0,0.0,310,BANKS,0.0,2/7/2024 15:30,2/8/2024 5:14,Price Code 1,TRUCK 1 MOBILE PANTRY,False,Food Bank of Northeast Georgia,01,30607.0,Athens,"BREAD & BAKERY, ASSORTED SHL",Dry Dry Dry Dry Grains
812,182531,9073,F2KBANKS,Food 2 Kids Banks County,485134,,DIRECT ASSISTANCE,DIRECT ASSISTANCE-Agency,USDA,C-50-10051,9,0,0,0.0,108,BANKS,0.0,6/27/2024 11:33,6/27/2024 10:02,Price Code 1,TRACTOR TRAILER 1 MOBILE PANTRY,False,Food Bank of Northeast Georgia,01,30607.0,Athens,USDA SHREDDED MOZZARELLA CHEESE CCC,Cooled Cooled Cooled Cooled Dairy
459,178917,8995,A-138,Alto C.H. Church Benevolent- The Grace House,481531,,FP/GNAP/USDA,FOOD PANTRY-Agency,BLUE RECEIPT-SHL,N-21-10067,15,0,0,13.5,75,BANKS,0.18,4/25/2024 11:00,4/25/2024 11:13,Price Code 1,CUSTOMER PICKUP,False,Rabun Warehouse,02,30510.0,Alto,"RAMEN, MARUCHAN SHRIMP",Dry Dry Dry Dry Prepared Meals
1012,173310,8856,B-140,"Banks County Family Connection, Inc.",476939,,FP/USDA,AFTER SCHOOL PROGRAM-Agency,LOCAL - LL,N-25-11936,26,0,0,18.72,104,BANKS,0.18,1/24/2024 14:30,1/24/2024 12:06,Price Code 1,CUSTOMER PICKUP,False,Food Bank of Northeast Georgia,01,30547.0,Homer,"CHUM FRUIT BITES, STRAWBERRY/MANGO",Dry Dry Dry Dry Fruits
812,182531,8869,F2KBANKS,Food 2 Kids Banks County,485134,,DIRECT ASSISTANCE,DIRECT ASSISTANCE-Agency,YELLOW RECEIPT - SHN,N-20-10004,8,0,0,0.0,24,BANKS,0.0,6/27/2024 11:33,6/27/2024 10:02,Price Code 1,TRACTOR TRAILER 1 MOBILE PANTRY,False,Food Bank of Northeast Georgia,01,30607.0,Athens,PAMPERS PREEMIE SWADDLERS,Dry Dry Dry Dry Non-Food Misc.
575,178977,4788,G-121,"Get Real Ministries, Inc.",481591,,FP/GNAP/USDA,FOOD PANTRY-Agency,USDA,F-50-90039,40,0,0,0.0,1600,BANKS,0.0,4/15/2024 10:40,4/16/2024 12:32,Price Code 1,CUSTOMER PICKUP,False,Rabun Warehouse,02,30511.0,Baldwin,USDA CATFISH FILLETS CCC,Frozen Frozen Frozen Frozen Proteins
1012,176045,8719,B-140,"Banks County Family Connection, Inc.",478672,,FP/USDA,AFTER SCHOOL PROGRAM-Agency,GNAP,N-40-10265,5,0,0,0.0,65,BANKS,0.0,2/27/2024 16:06,2/27/2024 14:04,Price Code 1,CUSTOMER PICKUP,False,Food Bank of Northeast Georgia,01,30547.0,Homer,GNAP MINI BEEF RAVIOLI,Dry Dry Dry Dry Prepared Meals
439,178336,842,N-114,New Life Fellowship,480952,,FP/USDA,EMERGENCY-Agency,USDA,N-50-10021,5,0,0,24.3,135,BANKS,0.18,4/9/2024 14:32,4/9/2024 11:05,Price Code 1,CUSTOMER PICKUP,False,Rabun Warehouse,02,30510.0,Alto,USDA DICED TOMATOES NO SALT CCC,Dry Dry Dry Dry Vegetables
812,182533,8869,F2KBANKS,Food 2 Kids Banks County,485136,,DIRECT ASSISTANCE,DIRECT ASSISTANCE-Agency,YELLOW RECEIPT - SHN,N-20-10004,4,0,0,0.0,12,BANKS,0.0,6/27/2024 11:09,6/27/2024 10:01,Price Code 1,TRUCK 2 MOBILE PANTRY,False,Food Bank of Northeast Georgia,01,30607.0,Athens,PAMPERS PREEMIE SWADDLERS,Dry Dry Dry Dry Non-Food Misc.
812,179556,2414,F2KBANKS,Food 2 Kids Banks County,482169,,DIRECT ASSISTANCE,DIRECT ASSISTANCE-Agency,USDA,N-50-10244,6,0,0,0.0,216,BANKS,0.0,5/1/2024 16:00,5/2/2024 10:35,Price Code 1,TRUCK 1 MOBILE PANTRY,False,Food Bank of Northeast Georgia,01,30607.0,Athens,USDA CANNED BEEF CCC,Dry Dry Dry Dry Proteins
459,175695,5960,A-138,Alto C.H. Church Benevolent- The Grace House,478323,,FP/GNAP/USDA,FOOD PANTRY-Agency,BLUE RECEIPT-SHL,C-07-10001,46,0,0,8.28,46,BANKS,0.18,2/15/2024 16:07,2/15/2024 11:18,Price Code 1,CUSTOMER PICKUP,False,Sharing Floor Rabun,02-SH,30510.0,Alto,"DAIRY PRODUCT, ASSORTED SHL",Cooled Cooled Cooled Cooled Dairy
575,182298,3712,G-121,"Get Real Ministries, Inc.",484902,,FP/GNAP/USDA,FOOD PANTRY-Agency,USDA,N-50-10266,6,0,0,0.0,162,BANKS,0.0,6/18/2024 10:40,6/20/2024 16:14,Price Code 1,CUSTOMER PICKUP,False,Rabun Warehouse,02,30511.0,Baldwin,USDA CANNED PINTO BEANS,Dry Dry Dry Dry Proteins
805,180352,3203,D-105,Damascus Baptist Church,482958,,FP/USDA,FOOD PANTRY-Agency,USDA,N-50-10289,2,0,0,9.0,50,BANKS,0.18,5/14/2024 9:00,5/14/2024 9:10,Price Code 1,CUSTOMER PICKUP,False,Food Bank of Northeast Georgia,01,30547.0,Homer,USDA PECAN PIECES,Dry Dry Dry Dry Proteins
805,181444,9084,D-105,Damascus Baptist Church,484048,,FP/USDA,FOOD PANTRY-Agency,USDA,N-50-10315,3,0,0,14.58,81,BANKS,0.18,6/4/2024 10:30,6/4/2024 9:03,Price Code 1,CUSTOMER PICKUP,False,Food Bank of Northeast Georgia,01,30547.0,Homer,USDA CANNED SALMON,Dry Dry Dry Dry Proteins
845,175341,50,H-146,"Homer Methodist Church, Inc.",477970,,FP/OP/USDA,FOOD PANTRY-Agency,LOCAL - LL,W-16-10002,240,0,0,43.2,240,BANKS,0.18,2/8/2024 8:50,2/8/2024 10:24,Price Code 1,CUSTOMER PICKUP,False,Sharing Floor Athens,01-SH,30547.0,Homer,MISC. FOOD BOX LL,Dry Dry Dry Dry Food Misc.
439,172446,8783,N-114,New Life Fellowship,476077,,FP/USDA,EMERGENCY-Agency,USDA,N-50-10308,1,0,0,4.14,23,BANKS,0.18,1/8/2024 11:00,1/8/2024 10:40,Price Code 1,CUSTOMER PICKUP,False,Rabun Warehouse,02,30510.0,Alto,USDA RAISINS,Dry Dry Dry Dry Fruits
812,178655,8906,F2KBANKS,Food 2 Kids Banks County,481271,,DIRECT ASSISTANCE,DIRECT ASSISTANCE-Agency,GNAP,N-40-10266,4,0,0,0.0,80,BANKS,0.0,4/17/2024 16:00,4/24/2024 11:38,Price Code 1,TRUCK 1 MOBILE PANTRY,False,Food Bank of Northeast Georgia,01,30607.0,Athens,GNAP SPAGHETTI,Dry Dry Dry Dry Grains
459,179611,50,A-138,Alto C.H. Church Benevolent- The Grace House,482224,,FP/GNAP/USDA,FOOD PANTRY-Agency,LOCAL - LL,W-16-10002,293,0,0,52.74,293,BANKS,0.18,4/25/2024 16:07,4/25/2024 11:24,Price Code 1,CUSTOMER PICKUP,False,Sharing Floor Rabun,02-SH,30510.0,Alto,MISC. FOOD BOX LL,Dry Dry Dry Dry Food Misc.
845,178062,8931,H-146,"Homer Methodist Church, Inc.",480681,,FP/OP/USDA,FOOD PANTRY-Agency,SBB-O,N-16-20003,35,0,0,0.0,770,BANKS,0.0,4/10/2024 8:50,4/10/2024 9:25,Price Code 1,CUSTOMER PICKUP,False,Food Bank of Northeast Georgia,01,30547.0,Homer,SENIOR STAPLES BOX - ASSORTED USDA,Dry Dry Dry Dry Food Misc.
439,176274,92,N-114,New Life Fellowship,478899,,FP/USDA,EMERGENCY-Agency,LOCAL - LL,W-01-10002,18,0,0,3.24,18,BANKS,0.18,2/27/2024 14:32,2/27/2024 9:26,Price Code 1,CUSTOMER PICKUP,False,Sharing Floor Athens,01-SH,30510.0,Alto,"ASSORTED NON-FOOD ITEMS, LL",Dry Dry Dry Dry Non-Food Misc.
459,175695,683,A-138,Alto C.H. Church Benevolent- The Grace House,478323,,FP/GNAP/USDA,FOOD PANTRY-Agency,BLUE RECEIPT-SHL,W-16-10001,263,0,0,47.34,263,BANKS,0.18,2/15/2024 16:07,2/15/2024 11:18,Price Code 1,CUSTOMER PICKUP,False,Sharing Floor Rabun,02-SH,30510.0,Alto,MISC. FOOD BOX SHL,Dry Dry Dry Dry Food Misc.
845,180932,688,H-146,"Homer Methodist Church, Inc.",483538,,FP/OP/USDA,FOOD PANTRY-Agency,BLUE RECEIPT-SHL,W-01-10000,6,0,0,1.08,6,BANKS,0.18,5/16/2024 8:50,5/16/2024 10:22,Price Code 1,CUSTOMER PICKUP,False,Sharing Floor Athens,01-SH,30547.0,Homer,"ASSORTED NON-FOOD ITEMS, SHL",Dry Dry Dry Dry Non-Food Misc.
575,178977,170,G-121,"Get Real Ministries, Inc.",481591,,FP/GNAP/USDA,FOOD PANTRY-Agency,USDA,N-50-10007,13,0,0,0.0,364,BANKS,0.0,4/15/2024 10:40,4/16/2024 12:32,Price Code 1,CUSTOMER PICKUP,False,Rabun Warehouse,02,30511.0,Baldwin,"USDA CORN, WHOLE KERNEL NO SALT",Dry Dry Dry Dry Vegetables
812,182531,9071,F2KBANKS,Food 2 Kids Banks County,485134,,DIRECT ASSISTANCE,DIRECT ASSISTANCE-Agency,GNAP,F-40-90060,15,0,0,0.0,600,BANKS,0.0,6/27/2024 11:33,6/27/2024 10:02,Price Code 1,TRACTOR TRAILER 1 MOBILE PANTRY,False,Food Bank of Northeast Georgia,01,30607.0,Athens,GNAP LEG QUARTERS,Frozen Frozen Frozen Frozen Proteins
812,173546,2573,F2KBANKS,Food 2 Kids Banks County,477175,,DIRECT ASSISTANCE,DIRECT ASSISTANCE-Agency,GNAP,N-40-10204,10,0,0,0.0,190,BANKS,0.0,2/7/2024 15:30,2/8/2024 5:14,Price Code 1,TRUCK 1 MOBILE PANTRY,False,Food Bank of Northeast Georgia,01,30607.0,Athens,GNAP CHICKEN & RICE SOUP,Dry Dry Dry Dry Prepared Meals
812,179556,842,F2KBANKS,Food 2 Kids Banks County,482169,,DIRECT ASSISTANCE,DIRECT ASSISTANCE-Agency,USDA,N-50-10021,6,0,0,0.0,162,BANKS,0.0,5/1/2024 16:00,5/2/2024 10:35,Price Code 1,TRUCK 1 MOBILE PANTRY,False,Food Bank of Northeast Georgia,01,30607.0,Athens,USDA DICED TOMATOES NO SALT CCC,Dry Dry Dry Dry Vegetables
1012,175269,696,B-140,"Banks County Family Connection, Inc.",477898,,FP/USDA,AFTER SCHOOL PROGRAM-Agency,LOCAL - LL,W-25-10000,88,0,0,15.84,88,BANKS,0.18,2/7/2024 9:30,2/7/2024 9:34,Price Code 1,CUSTOMER PICKUP,False,Sharing Floor Athens,01-SH,30547.0,Homer,"ASSORTED SNACK ITEMS, LL",Dry Dry Dry Dry Food Misc.
845,179605,683,H-146,"Homer Methodist Church, Inc.",482218,,FP/OP/USDA,FOOD PANTRY-Agency,BLUE RECEIPT-SHL,W-16-10001,45,0,0,0.0,45,BANKS,0.0,4/25/2024 8:50,4/25/2024 10:13,Price Code 1,CUSTOMER PICKUP,False,Sharing Floor Athens,01-SH,30547.0,Homer,MISC. FOOD BOX SHL,Dry Dry Dry Dry Food Misc.
812,177214,6351,F2KBANKS,Food 2 Kids Banks County,479834,,DIRECT ASSISTANCE,DIRECT ASSISTANCE-Agency,BLUE RECEIPT-SHL,C-28-90163,4,0,0,0.0,200,BANKS,0.0,3/20/2024 16:00,3/27/2024 10:01,Price Code 1,TRACTOR TRAILER 1 MOBILE PANTRY,False,Food Bank of Northeast Georgia,01,30607.0,Athens,YUKON GOLD POTATOES,Cooled Cooled Cooled Cooled Potatoes
979,177286,8497,G-135,Gillsville Baptist Church INC,479906,,FP/OP/USDA,FOOD PANTRY-Agency,USDA,C-50-10048,7,0,0,11.2,224,BANKS,0.05,3/20/2024 7:34,3/20/2024 12:56,Price Code 1,CUSTOMER PICKUP,False,Food Bank of Northeast Georgia,01,30543.0,Gillsville,USDA MANDARIN ORANGES,Cooled Cooled Cooled Cooled Fruits
812,179556,9014,F2KBANKS,Food 2 Kids Banks County,482169,,DIRECT ASSISTANCE,DIRECT ASSISTANCE-Agency,PURCH,N-27-10136,6,0,313,0.0,162,BANKS,0.0,5/1/2024 16:00,5/2/2024 10:35,Price Code 1,TRUCK 1 MOBILE PANTRY,False,Food Bank of Northeast Georgia,01,30607.0,Athens,"GREEN BEANS, HARVEST VALLEY",Dry Dry Dry Dry Vegetables
845,176227,8914,H-146,"Homer Methodist Church, Inc.",478853,,FP/OP/USDA,FOOD PANTRY-Agency,USDA,N-50-10310,6,0,0,29.16,162,BANKS,0.18,3/6/2024 8:50,3/6/2024 9:34,Price Code 1,CUSTOMER PICKUP,False,Food Bank of Northeast Georgia,01,30547.0,Homer,USDA DICED POTATOES,Dry Dry Dry Dry Potatoes
439,176274,875,N-114,New Life Fellowship,478899,,FP/USDA,EMERGENCY-Agency,BLUE RECEIPT-SHL,W-04-10000,10,0,0,0.0,10,BANKS,0.0,2/27/2024 14:32,2/27/2024 9:26,Price Code 1,CUSTOMER PICKUP,False,Sharing Floor Athens,01-SH,30510.0,Alto,"BREAD & BAKERY, ASSORTED SHL",Dry Dry Dry Dry Grains
845,173935,170,H-146,"Homer Methodist Church, Inc.",477564,,FP/OP/USDA,FOOD PANTRY-Agency,USDA,N-50-10007,6,0,0,30.24,168,BANKS,0.18,2/6/2024 13:00,2/6/2024 13:31,Price Code 1,CUSTOMER PICKUP,False,Food Bank of Northeast Georgia,01,30547.0,Homer,"USDA CORN, WHOLE KERNEL NO SALT",Dry Dry Dry Dry Vegetables
575,178977,2202,G-121,"Get Real Ministries, Inc.",481591,,FP/GNAP/USDA,FOOD PANTRY-Agency,USDA,N-50-10240,15,0,0,0.0,330,BANKS,0.0,4/15/2024 10:40,4/16/2024 12:32,Price Code 1,CUSTOMER PICKUP,False,Rabun Warehouse,02,30511.0,Baldwin,USDA SPAGHETTI,Dry Dry Dry Dry Grains
812,173546,8906,F2KBANKS,Food 2 Kids Banks County,477175,,DIRECT ASSISTANCE,DIRECT ASSISTANCE-Agency,GNAP,N-40-10266,10,0,0,0.0,200,BANKS,0.0,2/7/2024 15:30,2/8/2024 5:14,Price Code 1,TRUCK 1 MOBILE PANTRY,False,Food Bank of Northeast Georgia,01,30607.0,Athens,GNAP SPAGHETTI,Dry Dry Dry Dry Grains
812,178039,8939,F2KBANKS,Food 2 Kids Banks County,480658,,DIRECT ASSISTANCE,DIRECT ASSISTANCE-Agency,BLUE RECEIPT-SHL,C-28-90530,7,0,0,0.0,294,BANKS,0.0,4/3/2024 15:00,4/24/2024 11:34,Price Code 1,CUSTOMER PICKUP,False,Food Bank of Northeast Georgia,01,30607.0,Athens,"APPLES, SHL",Cooled Cooled Cooled Cooled Fruits
812,173102,8661,F2KBANKS,Food 2 Kids Banks County,476732,,DIRECT ASSISTANCE,DIRECT ASSISTANCE-Agency,GNAP,N-40-10264,4,0,0,0.0,116,BANKS,0.0,1/17/2024 12:00,1/29/2024 9:33,Price Code 1,TRACTOR TRAILER 1 MOBILE PANTRY,False,Food Bank of Northeast Georgia,01,30607.0,Athens,GNAP 2% MILK-FAMILY SIZE,Dry Dry Dry Dry Dairy
845,176905,8975,H-146,"Homer Methodist Church, Inc.",FAIMPORT479527,,FP/OP/USDA,FOOD PANTRY-Agency,BLUE RECEIPT-SHL,MCC-07-10001,22,0,0,0.0,22,BANKS,0.0,3/7/2024 0:00,3/7/2024 0:00,Price Code 1,CUSTOMER PICKUP,False,Food Bank of Northeast Georgia,01,30547.0,Homer,"DAIRY PRODUCTS, SHL RETAIL PICKUPS",Dry Dry Dry Dry Dairy
812,175978,8942,F2KBANKS,Food 2 Kids Banks County,478606,,DIRECT ASSISTANCE,DIRECT ASSISTANCE-Agency,BLUE RECEIPT-SHL,C-28-90533,5,0,0,0.0,210,BANKS,0.0,2/21/2024 15:00,2/23/2024 7:08,Price Code 1,TRUCK 1 MOBILE PANTRY,False,Food Bank of Northeast Georgia,01,30607.0,Athens,"ORANGES, SHL",Cooled Cooled Cooled Cooled Fruits
845,179993,8973,H-146,"Homer Methodist Church, Inc.",FAIMPORT482602,,FP/OP/USDA,FOOD PANTRY-Agency,BLUE RECEIPT-SHL,MCC-16-10001,151,0,0,0.0,151,BANKS,0.0,4/24/2024 0:00,4/24/2024 0:00,Price Code 1,CUSTOMER PICKUP,False,Food Bank of Northeast Georgia,01,30547.0,Homer,"COOLER FOOD MISC., SHL RETAIL PICKUP",Dry Dry Dry Dry Food Misc.
845,175686,1045,H-146,"Homer Methodist Church, Inc.",478314,,FP/OP/USDA,FOOD PANTRY-Agency,BLUE RECEIPT-SHL,W-25-10009,64,0,0,11.52,64,BANKS,0.18,2/15/2024 8:50,2/15/2024 10:34,Price Code 1,CUSTOMER PICKUP,False,Sharing Floor Athens,01-SH,30547.0,Homer,"ASSORTED SNACK ITEMS, SHL",Dry Dry Dry Dry Food Misc.
812,176503,842,F2KBANKS,Food 2 Kids Banks County,479127,,DIRECT ASSISTANCE,DIRECT ASSISTANCE-Agency,USDA,N-50-10021,8,0,0,0.0,216,BANKS,0.0,3/6/2024 15:30,3/8/2024 7:52,Price Code 1,TRUCK 1 MOBILE PANTRY,False,Food Bank of Northeast Georgia,01,30607.0,Athens,USDA DICED TOMATOES NO SALT CCC,Dry Dry Dry Dry Vegetables
459,173868,170,A-138,Alto C.H. Church Benevolent- The Grace House,477497,,FP/GNAP/USDA,FOOD PANTRY-Agency,USDA,N-50-10007,4,0,0,20.16,112,BANKS,0.18,2/15/2024 11:00,2/15/2024 10:55,Price Code 1,CUSTOMER PICKUP,False,Rabun Warehouse,02,30510.0,Alto,"USDA CORN, WHOLE KERNEL NO SALT",Dry Dry Dry Dry Vegetables
979,177286,8781,G-135,Gillsville Baptist Church INC,479906,,FP/OP/USDA,FOOD PANTRY-Agency,BLUE RECEIPT-SHL,N-03-11753,12,0,0,8.28,276,BANKS,0.03,3/20/2024 7:34,3/20/2024 12:56,Price Code 1,CUSTOMER PICKUP,False,Food Bank of Northeast Georgia,01,30543.0,Gillsville,PURE LEAF SWEET TEA,Dry Dry Dry Dry Beverages
845,176227,8720,H-146,"Homer Methodist Church, Inc.",478853,,FP/OP/USDA,FOOD PANTRY-Agency,USDA,N-50-10305,12,0,0,30.24,168,BANKS,0.18,3/6/2024 8:50,3/6/2024 9:34,Price Code 1,CUSTOMER PICKUP,False,Food Bank of Northeast Georgia,01,30547.0,Homer,USDA MIXED VegetablesCCC,Dry Dry Dry Dry Vegetables
812,179556,9028,F2KBANKS,Food 2 Kids Banks County,482169,,DIRECT ASSISTANCE,DIRECT ASSISTANCE-Agency,YELLOW RECEIPT - SHN,N-27-10139,15,0,0,0.0,585,BANKS,0.0,5/1/2024 16:00,5/2/2024 10:35,Price Code 1,TRUCK 1 MOBILE PANTRY,False,Food Bank of Northeast Georgia,01,30607.0,Athens,ANGELA MIA WHOLE PEELED PEAR TOMATOES,Dry Dry Dry Dry Vegetables
575,180871,7083,G-121,"Get Real Ministries, Inc.",483477,,FP/GNAP/USDA,FOOD PANTRY-Agency,USDA,C-50-10029,10,0,0,0.0,120,BANKS,0.0,5/20/2024 9:00,5/21/2024 16:15,Price Code 1,CUSTOMER PICKUP,False,Rabun Warehouse,02,30511.0,Baldwin,"USDA MILD CHEDDAR CHEESE, BLOCK CCC",Cooled Cooled Cooled Cooled Dairy
812,173102,7119,F2KBANKS,Food 2 Kids Banks County,476732,,DIRECT ASSISTANCE,DIRECT ASSISTANCE-Agency,GNAP,N-40-10226,6,0,0,0.0,126,BANKS,0.0,1/17/2024 12:00,1/29/2024 9:33,Price Code 1,TRACTOR TRAILER 1 MOBILE PANTRY,False,Food Bank of Northeast Georgia,01,30607.0,Athens,GNAP INSTANT GRITS,Dry Dry Dry Dry Grains
459,178917,4788,A-138,Alto C.H. Church Benevolent- The Grace House,481531,,FP/GNAP/USDA,FOOD PANTRY-Agency,USDA,F-50-90039,6,0,0,43.2,240,BANKS,0.18,4/25/2024 11:00,4/25/2024 11:13,Price Code 1,CUSTOMER PICKUP,False,Rabun Warehouse,02,30510.0,Alto,USDA CATFISH FILLETS CCC,Frozen Frozen Frozen Frozen Proteins
845,176834,683,H-146,"Homer Methodist Church, Inc.",479456,,FP/OP/USDA,FOOD PANTRY-Agency,BLUE RECEIPT-SHL,W-16-10001,254,0,0,45.72,254,BANKS,0.18,3/7/2024 8:50,3/7/2024 10:19,Price Code 1,CUSTOMER PICKUP,False,Sharing Floor Athens,01-SH,30547.0,Homer,MISC. FOOD BOX SHL,Dry Dry Dry Dry Food Misc.
459,178640,8995,A-138,Alto C.H. Church Benevolent- The Grace House,481256,,FP/GNAP/USDA,FOOD PANTRY-Agency,BLUE RECEIPT-SHL,N-21-10067,10,0,0,9.0,50,BANKS,0.18,4/25/2024 11:00,4/25/2024 11:14,Price Code 1,CUSTOMER PICKUP,False,Rabun Warehouse,02,30510.0,Alto,"RAMEN, MARUCHAN SHRIMP",Dry Dry Dry Dry Prepared Meals
812,176503,8834,F2KBANKS,Food 2 Kids Banks County,479127,,DIRECT ASSISTANCE,DIRECT ASSISTANCE-Agency,BLUE RECEIPT-SHL,N-03-11770,38,0,0,0.0,380,BANKS,0.0,3/6/2024 15:30,3/8/2024 7:52,Price Code 1,TRUCK 1 MOBILE PANTRY,False,Food Bank of Northeast Georgia,01,30607.0,Athens,MT DEW ZERO SUGAR,Dry Dry Dry Dry Beverages
812,179556,8834,F2KBANKS,Food 2 Kids Banks County,482169,,DIRECT ASSISTANCE,DIRECT ASSISTANCE-Agency,BLUE RECEIPT-SHL,N-03-11770,100,0,0,0.0,1000,BANKS,0.0,5/1/2024 16:00,5/2/2024 10:35,Price Code 1,TRUCK 1 MOBILE PANTRY,False,Food Bank of Northeast Georgia,01,30607.0,Athens,MT DEW ZERO SUGAR,Dry Dry Dry Dry Beverages
845,182358,8973,H-146,"Homer Methodist Church, Inc.",FAIMPORT484962,,FP/OP/USDA,FOOD PANTRY-Agency,BLUE RECEIPT-SHL,MCC-16-10001,2,0,0,0.0,2,BANKS,0.0,6/14/2024 0:00,6/14/2024 0:00,Price Code 1,CUSTOMER PICKUP,False,Food Bank of Northeast Georgia,01,30547.0,Homer,"COOLER FOOD MISC., SHL RETAIL PICKUP",Dry Dry Dry Dry Food Misc.
1012,172882,8783,B-140,"Banks County Family Connection, Inc.",476513,,FP/USDA,AFTER SCHOOL PROGRAM-Agency,USDA,N-50-10308,4,0,0,16.56,92,BANKS,0.18,1/17/2024 14:33,1/17/2024 14:23,Price Code 1,CUSTOMER PICKUP,False,Food Bank of Northeast Georgia,01,30547.0,Homer,USDA RAISINS,Dry Dry Dry Dry Fruits
812,176503,1822,F2KBANKS,Food 2 Kids Banks County,479127,,DIRECT ASSISTANCE,DIRECT ASSISTANCE-Agency,GNAP,N-40-10140,5,0,0,0.0,90,BANKS,0.0,3/6/2024 15:30,3/8/2024 7:52,Price Code 1,TRUCK 1 MOBILE PANTRY,False,Food Bank of Northeast Georgia,01,30607.0,Athens,GNAP TUNA LIGHT CHUNK,Dry Dry Dry Dry Proteins
812,173546,4715,F2KBANKS,Food 2 Kids Banks County,477175,,DIRECT ASSISTANCE,DIRECT ASSISTANCE-Agency,USDA,F-50-90461,8,0,0,0.0,320,BANKS,0.0,2/7/2024 15:30,2/8/2024 5:14,Price Code 1,TRUCK 1 MOBILE PANTRY,False,Food Bank of Northeast Georgia,01,30607.0,Athens,USDA ALASKAN POLLACK FISH FILLETS,Frozen Frozen Frozen Frozen Proteins
812,173102,7309,F2KBANKS,Food 2 Kids Banks County,476732,,DIRECT ASSISTANCE,DIRECT ASSISTANCE-Agency,GNAP,N-40-10250,3,0,0,0.0,81,BANKS,0.0,1/17/2024 12:00,1/29/2024 9:33,Price Code 1,TRACTOR TRAILER 1 MOBILE PANTRY,False,Food Bank of Northeast Georgia,01,30607.0,Athens,GNAP MIXED VEGETABLES,Dry Dry Dry Dry Vegetables
979,180758,3203,G-135,Gillsville Baptist Church INC,483364,,FP/OP/USDA,FOOD PANTRY-Agency,USDA,N-50-10289,2,0,0,9.0,50,BANKS,0.18,5/17/2024 12:30,5/17/2024 12:19,Price Code 1,CUSTOMER PICKUP,False,Food Bank of Northeast Georgia,01,30543.0,Gillsville,USDA PECAN PIECES,Dry Dry Dry Dry Proteins
845,176834,683,H-146,"Homer Methodist Church, Inc.",479456,,FP/OP/USDA,FOOD PANTRY-Agency,BLUE RECEIPT-SHL,W-16-10001,29,0,0,0.0,29,BANKS,0.0,3/7/2024 8:50,3/7/2024 10:19,Price Code 1,CUSTOMER PICKUP,False,Sharing Floor Athens,01-SH,30547.0,Homer,MISC. FOOD BOX SHL,Dry Dry Dry Dry Food Misc.
845,176227,1791,H-146,"Homer Methodist Church, Inc.",478853,,FP/OP/USDA,FOOD PANTRY-Agency,USDA,N-50-10079,6,0,0,28.08,156,BANKS,0.18,3/6/2024 8:50,3/6/2024 9:34,Price Code 1,CUSTOMER PICKUP,False,Food Bank of Northeast Georgia,01,30547.0,Homer,USDA WALNUT HALVES AND PIECES,Dry Dry Dry Dry Proteins
459,173868,1481,A-138,Alto C.H. Church Benevolent- The Grace House,477497,,FP/GNAP/USDA,FOOD PANTRY-Agency,USDA,N-50-10105,10,0,0,30.6,170,BANKS,0.18,2/15/2024 11:00,2/15/2024 10:55,Price Code 1,CUSTOMER PICKUP,False,Rabun Warehouse,02,30510.0,Alto,USDA DRIED CHERRIES CCC,Dry Dry Dry Dry Fruits
812,179811,8834,F2KBANKS,Food 2 Kids Banks County,482423,,DIRECT ASSISTANCE,DIRECT ASSISTANCE-Agency,BLUE RECEIPT-SHL,N-03-11770,50,0,0,0.0,500,BANKS,0.0,5/15/2024 16:00,5/15/2024 13:59,Price Code 1,TRUCK 1 MOBILE PANTRY,False,Food Bank of Northeast Georgia,01,30607.0,Athens,MT DEW ZERO SUGAR,Dry Dry Dry Dry Beverages
575,175845,5938,G-121,"Get Real Ministries, Inc.",478473,,FP/GNAP/USDA,FOOD PANTRY-Agency,BLUE RECEIPT-SHL,C-28-10001,2500,0,0,0.0,2500,BANKS,0.0,2/20/2024 10:40,2/23/2024 8:29,Price Code 1,CUSTOMER PICKUP,False,Rabun Warehouse,02,30511.0,Baldwin,"PRODUCE, FRESH SHL",Cooled Cooled Cooled Cooled Mixed Produce
805,176853,696,D-105,Damascus Baptist Church,479475,,FP/USDA,FOOD PANTRY-Agency,LOCAL - LL,W-25-10000,12,0,0,2.16,12,BANKS,0.18,3/7/2024 14:05,3/7/2024 13:52,Price Code 1,CUSTOMER PICKUP,False,Sharing Floor Athens,01-SH,30547.0,Homer,"ASSORTED SNACK ITEMS, LL",Dry Dry Dry Dry Food Misc.
812,176503,5938,F2KBANKS,Food 2 Kids Banks County,479127,,DIRECT ASSISTANCE,DIRECT ASSISTANCE-Agency,BLUE RECEIPT-SHL,C-28-10001,500,0,0,0.0,500,BANKS,0.0,3/6/2024 15:30,3/8/2024 7:52,Price Code 1,TRUCK 1 MOBILE PANTRY,False,Food Bank of Northeast Georgia,01,30607.0,Athens,"PRODUCE, FRESH SHL",Cooled Cooled Cooled Cooled Mixed Produce
845,181244,5938,H-146,"Homer Methodist Church, Inc.",483849,,FP/OP/USDA,FOOD PANTRY-Agency,BLUE RECEIPT-SHL,C-28-10001,106,0,0,3.18,106,BANKS,0.03,5/23/2024 8:50,5/23/2024 10:17,Price Code 1,CUSTOMER PICKUP,False,Sharing Floor Athens,01-SH,30547.0,Homer,"PRODUCE, FRESH SHL",Cooled Cooled Cooled Cooled Mixed Produce
812,179811,9031,F2KBANKS,Food 2 Kids Banks County,482423,,DIRECT ASSISTANCE,DIRECT ASSISTANCE-Agency,YELLOW RECEIPT - SHN,N-25-11973,4,0,0,0.0,12,BANKS,0.0,5/15/2024 16:00,5/15/2024 13:59,Price Code 1,TRUCK 1 MOBILE PANTRY,False,Food Bank of Northeast Georgia,01,30607.0,Athens,BIGS TAKIS SUNFLOWER SEEDS,Dry Dry Dry Dry Proteins
812,173102,7246,F2KBANKS,Food 2 Kids Banks County,476732,,DIRECT ASSISTANCE,DIRECT ASSISTANCE-Agency,GNAP,N-40-10245,6,0,0,0.0,132,BANKS,0.0,1/17/2024 12:00,1/29/2024 9:33,Price Code 1,TRACTOR TRAILER 1 MOBILE PANTRY,False,Food Bank of Northeast Georgia,01,30607.0,Athens,GNAP TRADITIONAL PASTA SAUCE,Dry Dry Dry Dry Vegetables
459,173868,4676,A-138,Alto C.H. Church Benevolent- The Grace House,477497,,FP/GNAP/USDA,FOOD PANTRY-Agency,USDA,F-50-90031,12,0,0,0.0,288,BANKS,0.0,2/15/2024 11:00,2/15/2024 10:55,Price Code 1,CUSTOMER PICKUP,False,Rabun Warehouse,02,30510.0,Alto,USDA FROZEN BLUEBERRIES CCC,Frozen Frozen Frozen Frozen Fruits
812,177214,3122,F2KBANKS,Food 2 Kids Banks County,479834,,DIRECT ASSISTANCE,DIRECT ASSISTANCE-Agency,GNAP,N-40-10174,3,0,0,0.0,42,BANKS,0.0,3/20/2024 16:00,3/27/2024 10:01,Price Code 1,TRACTOR TRAILER 1 MOBILE PANTRY,False,Food Bank of Northeast Georgia,01,30607.0,Athens,"GNAP BLACKEYE PEAS, LOW SODIUM",Dry Dry Dry Dry Proteins
812,176503,123,F2KBANKS,Food 2 Kids Banks County,479127,,DIRECT ASSISTANCE,DIRECT ASSISTANCE-Agency,GNAP,N-40-10002,6,0,0,0.0,90,BANKS,0.0,3/6/2024 15:30,3/8/2024 7:52,Price Code 1,TRUCK 1 MOBILE PANTRY,False,Food Bank of Northeast Georgia,01,30607.0,Athens,GNAP PEANUT BUTTER,Dry Dry Dry Dry Proteins
575,172910,8714,G-121,"Get Real Ministries, Inc.",476541,,FP/GNAP/USDA,FOOD PANTRY-Agency,USDA,N-50-10303,13,0,0,0.0,312,BANKS,0.0,1/16/2024 10:40,1/16/2024 13:28,Price Code 1,CUSTOMER PICKUP,False,Rabun Warehouse,02,30511.0,Baldwin,USDA GREEN SPLIT PEAS,Dry Dry Dry Dry Proteins
845,177852,8970,H-146,"Homer Methodist Church, Inc.",FAIMPORT480471,,FP/OP/USDA,FOOD PANTRY-Agency,BLUE RECEIPT-SHL,MCW-16-10001,1,0,0,0.0,1,BANKS,0.0,3/23/2024 0:00,3/23/2024 0:00,Price Code 1,CUSTOMER PICKUP,False,Food Bank of Northeast Georgia,01,30547.0,Homer,"MISC. FOOD BOX, SHL RETAIL PICKUP",Dry Dry Dry Dry Food Misc.
805,180352,7414,D-105,Damascus Baptist Church,482958,,FP/USDA,FOOD PANTRY-Agency,PURCH,C-28-90525,8,0,0,0.0,176,BANKS,0.0,5/14/2024 9:00,5/14/2024 9:10,Price Code 1,CUSTOMER PICKUP,False,Food Bank of Northeast Georgia,01,30547.0,Homer,BROCCOLI CROWNS,Cooled Cooled Cooled Cooled Vegetables
575,175845,842,G-121,"Get Real Ministries, Inc.",478473,,FP/GNAP/USDA,FOOD PANTRY-Agency,USDA,N-50-10021,13,0,0,0.0,351,BANKS,0.0,2/20/2024 10:40,2/23/2024 8:29,Price Code 1,CUSTOMER PICKUP,False,Rabun Warehouse,02,30511.0,Baldwin,USDA DICED TOMATOES NO SALT CCC,Dry Dry Dry Dry Vegetables
439,175553,690,N-114,New Life Fellowship,478182,,FP/USDA,EMERGENCY-Agency,BLUE RECEIPT-SHL,W-03-10013,90,0,0,0.0,90,BANKS,0.0,2/13/2024 14:32,2/13/2024 9:54,Price Code 1,CUSTOMER PICKUP,False,Sharing Floor Athens,01-SH,30510.0,Alto,"ASSORTED BEVERAGES, SHL",Dry Dry Dry Dry Beverages
845,182121,8973,H-146,"Homer Methodist Church, Inc.",FAIMPORT484725,,FP/OP/USDA,FOOD PANTRY-Agency,BLUE RECEIPT-SHL,MCC-16-10001,3,0,0,0.0,3,BANKS,0.0,6/12/2024 0:00,6/12/2024 0:00,Price Code 1,CUSTOMER PICKUP,False,Food Bank of Northeast Georgia,01,30547.0,Homer,"COOLER FOOD MISC., SHL RETAIL PICKUP",Dry Dry Dry Dry Food Misc.
812,178039,8998,F2KBANKS,Food 2 Kids Banks County,480658,,DIRECT ASSISTANCE,DIRECT ASSISTANCE-Agency,BLUE RECEIPT-SHL,C-28-90541,10,0,0,0.0,210,BANKS,0.0,4/3/2024 15:00,4/24/2024 11:34,Price Code 1,CUSTOMER PICKUP,False,Food Bank of Northeast Georgia,01,30607.0,Athens,"ZUCCHINI SQUASH, SHL",Cooled Cooled Cooled Cooled Vegetables
805,178140,84,D-105,Damascus Baptist Church,480759,,FP/USDA,FOOD PANTRY-Agency,USDA,N-50-10006,2,0,0,9.72,54,BANKS,0.18,4/9/2024 14:05,4/9/2024 9:11,Price Code 1,CUSTOMER PICKUP,False,Food Bank of Northeast Georgia,01,30547.0,Homer,USDA GREEN BEANS,Dry Dry Dry Dry Vegetables
812,172020,3868,F2KBANKS,Food 2 Kids Banks County,475651,,DIRECT ASSISTANCE,DIRECT ASSISTANCE-Agency,USDA,N-50-10267,6,0,0,0.0,240,BANKS,0.0,1/3/2024 12:00,1/16/2024 8:20,Price Code 1,TRUCK 1 MOBILE PANTRY,False,Food Bank of Northeast Georgia,01,30607.0,Athens,USDA ALL PURPOSE FLOUR,Dry Dry Dry Dry Grains
812,179811,2202,F2KBANKS,Food 2 Kids Banks County,482423,,DIRECT ASSISTANCE,DIRECT ASSISTANCE-Agency,USDA,N-50-10240,2,0,0,0.0,44,BANKS,0.0,5/15/2024 16:00,5/15/2024 13:59,Price Code 1,TRUCK 1 MOBILE PANTRY,False,Food Bank of Northeast Georgia,01,30607.0,Athens,USDA SPAGHETTI,Dry Dry Dry Dry Grains
805,175168,8903,D-105,Damascus Baptist Church,477797,,FP/USDA,FOOD PANTRY-Agency,YELLOW RECEIPT - SHN,N-16-10181,5,0,0,4.5,25,BANKS,0.18,2/12/2024 14:05,2/20/2024 14:46,Price Code 1,CUSTOMER PICKUP,False,Food Bank of Northeast Georgia,01,30547.0,Homer,STOVE TOP STUFFING - TURKEY/CHICKEN/CORNBREAD,Dry Dry Dry Dry Prepared Meals
812,182531,7164,F2KBANKS,Food 2 Kids Banks County,485134,,DIRECT ASSISTANCE,DIRECT ASSISTANCE-Agency,BLUE RECEIPT-SHL,N-03-11197,19,0,0,0.0,190,BANKS,0.0,6/27/2024 11:33,6/27/2024 10:02,Price Code 1,TRACTOR TRAILER 1 MOBILE PANTRY,False,Food Bank of Northeast Georgia,01,30607.0,Athens,MT DEW ZERO SUGAR MAJOR MELON,Dry Dry Dry Dry Beverages
812,173546,4448,F2KBANKS,Food 2 Kids Banks County,477175,,DIRECT ASSISTANCE,DIRECT ASSISTANCE-Agency,USDA,F-50-90446,2,0,0,0.0,56,BANKS,0.0,2/7/2024 15:30,2/8/2024 5:14,Price Code 1,TRUCK 1 MOBILE PANTRY,False,Food Bank of Northeast Georgia,01,30607.0,Athens,USDA FROZEN STRAWBERRY FRUIT CUPS,Frozen Frozen Frozen Frozen Fruits
439,173828,875,N-114,New Life Fellowship,477457,,FP/USDA,EMERGENCY-Agency,BLUE RECEIPT-SHL,W-04-10000,29,0,0,0.0,29,BANKS,0.0,1/30/2024 14:32,1/30/2024 9:35,Price Code 1,CUSTOMER PICKUP,False,Sharing Floor Athens,01-SH,30510.0,Alto,"BREAD & BAKERY, ASSORTED SHL",Dry Dry Dry Dry Grains
439,177530,690,N-114,New Life Fellowship,480150,,FP/USDA,EMERGENCY-Agency,BLUE RECEIPT-SHL,W-03-10013,32,0,0,0.0,32,BANKS,0.0,3/19/2024 14:32,3/19/2024 9:17,Price Code 1,CUSTOMER PICKUP,False,Sharing Floor Athens,01-SH,30510.0,Alto,"ASSORTED BEVERAGES, SHL",Dry Dry Dry Dry Beverages
812,178039,3122,F2KBANKS,Food 2 Kids Banks County,480658,,DIRECT ASSISTANCE,DIRECT ASSISTANCE-Agency,GNAP,N-40-10174,20,0,0,0.0,280,BANKS,0.0,4/3/2024 15:00,4/24/2024 11:34,Price Code 1,CUSTOMER PICKUP,False,Food Bank of Northeast Georgia,01,30607.0,Athens,"GNAP BLACKEYE PEAS, LOW SODIUM",Dry Dry Dry Dry Proteins
812,182375,123,F2KBANKS,Food 2 Kids Banks County,484979,,DIRECT ASSISTANCE,DIRECT ASSISTANCE-Agency,GNAP,N-40-10002,17,0,0,0.0,255,BANKS,0.0,6/21/2024 8:00,7/9/2024 8:54,Price Code 1,CUSTOMER PICKUP,False,Food Bank of Northeast Georgia,01,30607.0,Athens,GNAP PEANUT BUTTER,Dry Dry Dry Dry Proteins
845,182359,8973,H-146,"Homer Methodist Church, Inc.",FAIMPORT484963,,FP/OP/USDA,FOOD PANTRY-Agency,BLUE RECEIPT-SHL,MCC-16-10001,63,0,0,0.0,63,BANKS,0.0,6/18/2024 0:00,6/18/2024 0:00,Price Code 1,CUSTOMER PICKUP,False,Food Bank of Northeast Georgia,01,30547.0,Homer,"COOLER FOOD MISC., SHL RETAIL PICKUP",Dry Dry Dry Dry Food Misc.
979,182054,170,G-135,Gillsville Baptist Church INC,484658,,FP/OP/USDA,FOOD PANTRY-Agency,USDA,N-50-10007,8,0,0,40.32,224,BANKS,0.18,6/21/2024 11:30,6/21/2024 14:17,Price Code 1,CUSTOMER PICKUP,False,Food Bank of Northeast Georgia,01,30543.0,Gillsville,"USDA CORN, WHOLE KERNEL NO SALT",Dry Dry Dry Dry Vegetables
439,173467,5960,N-114,New Life Fellowship,477096,,FP/USDA,EMERGENCY-Agency,BLUE RECEIPT-SHL,C-07-10001,18,0,0,3.24,18,BANKS,0.18,1/23/2024 14:32,1/23/2024 10:57,Price Code 1,CUSTOMER PICKUP,False,Sharing Floor Rabun,02-SH,30510.0,Alto,"DAIRY PRODUCT, ASSORTED SHL",Cooled Cooled Cooled Cooled Dairy
1012,179381,9014,B-140,"Banks County Family Connection, Inc.",481994,,FP/USDA,AFTER SCHOOL PROGRAM-Agency,PURCH,N-27-10136,8,0,417,38.88,216,BANKS,0.18,5/1/2024 11:41,5/8/2024 7:49,Price Code 1,CUSTOMER PICKUP,False,Food Bank of Northeast Georgia,01,30547.0,Homer,"GREEN BEANS, HARVEST VALLEY",Dry Dry Dry Dry Vegetables
805,180352,6780,D-105,Damascus Baptist Church,482958,,FP/USDA,FOOD PANTRY-Agency,USDA,C-50-10024,4,0,0,17.2,172,BANKS,0.1,5/14/2024 9:00,5/14/2024 9:10,Price Code 1,CUSTOMER PICKUP,False,Food Bank of Northeast Georgia,01,30547.0,Homer,USDA APPLES,Cooled Cooled Cooled Cooled Fruits
805,176670,8914,D-105,Damascus Baptist Church,479293,,FP/USDA,FOOD PANTRY-Agency,USDA,N-50-10310,3,0,0,14.58,81,BANKS,0.18,3/11/2024 14:05,3/11/2024 9:06,Price Code 1,CUSTOMER PICKUP,False,Food Bank of Northeast Georgia,01,30547.0,Homer,USDA DICED POTATOES,Dry Dry Dry Dry Potatoes
439,175553,5958,N-114,New Life Fellowship,478182,,FP/USDA,EMERGENCY-Agency,BLUE RECEIPT-SHL,C-16-10001,16,0,0,0.0,16,BANKS,0.0,2/13/2024 14:32,2/13/2024 9:54,Price Code 1,CUSTOMER PICKUP,False,Sharing Floor Athens,01-SH,30510.0,Alto,"COOLER FOOD, MISC. SHL",Cooled Cooled Cooled Cooled Food Misc.
812,178655,8873,F2KBANKS,Food 2 Kids Banks County,481271,,DIRECT ASSISTANCE,DIRECT ASSISTANCE-Agency,YELLOW RECEIPT - SHN,F-10-10001,10,0,0,0.0,30,BANKS,0.0,4/17/2024 16:00,4/24/2024 11:38,Price Code 1,TRUCK 1 MOBILE PANTRY,False,Food Bank of Northeast Georgia,01,30607.0,Athens,OUTSHINE STRAWBERRY BANANA SMOOTHIE CUBES,Frozen Frozen Frozen Frozen Beverages
845,172538,688,H-146,"Homer Methodist Church, Inc.",476169,,FP/OP/USDA,FOOD PANTRY-Agency,BLUE RECEIPT-SHL,W-01-10000,26,0,0,4.68,26,BANKS,0.18,1/4/2024 8:50,1/4/2024 10:30,Price Code 1,CUSTOMER PICKUP,False,Sharing Floor Athens,01-SH,30547.0,Homer,"ASSORTED NON-FOOD ITEMS, SHL",Dry Dry Dry Dry Non-Food Misc.
439,182541,5407,N-114,New Life Fellowship,485144,,FP/USDA,EMERGENCY-Agency,BLUE RECEIPT-SHL,F-15-10000,16,0,0,2.88,16,BANKS,0.18,6/25/2024 14:32,6/25/2024 9:24,Price Code 1,CUSTOMER PICKUP,False,Sharing Floor Athens,01-SH,30510.0,Alto,"MEAT & SEAFOOD, FROZEN SHL",Frozen Frozen Frozen Frozen Proteins
812,180921,9055,F2KBANKS,Food 2 Kids Banks County,483527,,DIRECT ASSISTANCE,DIRECT ASSISTANCE-Agency,GNAP,N-40-10285,4,0,0,0.0,88,BANKS,0.0,5/20/2024 9:00,6/3/2024 8:50,Price Code 1,CUSTOMER PICKUP,False,Food Bank of Northeast Georgia,01,30607.0,Athens,GNAP MIXED FRUIT CUPS,Dry Dry Dry Dry Fruits
575,175845,2960,G-121,"Get Real Ministries, Inc.",478473,,FP/GNAP/USDA,FOOD PANTRY-Agency,USDA,N-50-10247,13,0,0,0.0,468,BANKS,0.0,2/20/2024 10:40,2/23/2024 8:29,Price Code 1,CUSTOMER PICKUP,False,Rabun Warehouse,02,30511.0,Baldwin,USDA BEEF STEW POUCHES CCC,Dry Dry Dry Dry Prepared Meals
805,180352,6816,D-105,Damascus Baptist Church,482958,,FP/USDA,FOOD PANTRY-Agency,BLUE RECEIPT-SHL,C-28-90345,2,0,0,0.0,100,BANKS,0.0,5/14/2024 9:00,5/14/2024 9:10,Price Code 1,CUSTOMER PICKUP,False,Food Bank of Northeast Georgia,01,30547.0,Homer,CARROTS,Cooled Cooled Cooled Cooled Vegetables
812,178655,4737,F2KBANKS,Food 2 Kids Banks County,481271,,DIRECT ASSISTANCE,DIRECT ASSISTANCE-Agency,USDA,F-50-90456,3,0,0,0.0,120,BANKS,0.0,4/17/2024 16:00,4/24/2024 11:38,Price Code 1,TRUCK 1 MOBILE PANTRY,False,Food Bank of Northeast Georgia,01,30607.0,Athens,USDA PORK PATTY,Frozen Frozen Frozen Frozen Proteins
845,181524,8975,H-146,"Homer Methodist Church, Inc.",FAIMPORT484128,,FP/OP/USDA,FOOD PANTRY-Agency,BLUE RECEIPT-SHL,MCC-07-10001,141,0,0,0.0,141,BANKS,0.0,5/28/2024 0:00,5/28/2024 0:00,Price Code 1,CUSTOMER PICKUP,False,Food Bank of Northeast Georgia,01,30547.0,Homer,"DAIRY PRODUCTS, SHL RETAIL PICKUPS",Dry Dry Dry Dry Dairy
979,182054,6780,G-135,Gillsville Baptist Church INC,484658,,FP/OP/USDA,FOOD PANTRY-Agency,USDA,C-50-10024,6,0,0,25.8,258,BANKS,0.1,6/21/2024 11:30,6/21/2024 14:17,Price Code 1,CUSTOMER PICKUP,False,Food Bank of Northeast Georgia,01,30543.0,Gillsville,USDA APPLES,Cooled Cooled Cooled Cooled Fruits
845,180063,688,H-146,"Homer Methodist Church, Inc.",482671,,FP/OP/USDA,FOOD PANTRY-Agency,BLUE RECEIPT-SHL,W-01-10000,6,0,0,1.08,6,BANKS,0.18,5/2/2024 8:50,5/2/2024 10:16,Price Code 1,CUSTOMER PICKUP,False,Sharing Floor Athens,01-SH,30547.0,Homer,"ASSORTED NON-FOOD ITEMS, SHL",Dry Dry Dry Dry Non-Food Misc.
439,180333,683,N-114,New Life Fellowship,482939,,FP/USDA,EMERGENCY-Agency,BLUE RECEIPT-SHL,W-16-10001,118,0,0,21.24,118,BANKS,0.18,5/7/2024 14:32,5/7/2024 9:26,Price Code 1,CUSTOMER PICKUP,False,Sharing Floor Athens,01-SH,30510.0,Alto,MISC. FOOD BOX SHL,Dry Dry Dry Dry Food Misc.
805,178140,8720,D-105,Damascus Baptist Church,480759,,FP/USDA,FOOD PANTRY-Agency,USDA,N-50-10305,4,0,0,10.08,56,BANKS,0.18,4/9/2024 14:05,4/9/2024 9:11,Price Code 1,CUSTOMER PICKUP,False,Food Bank of Northeast Georgia,01,30547.0,Homer,USDA MIXED VegetablesCCC,Dry Dry Dry Dry Vegetables
812,182533,6936,F2KBANKS,Food 2 Kids Banks County,485136,,DIRECT ASSISTANCE,DIRECT ASSISTANCE-Agency,BLUE RECEIPT-SHL,C-28-90388,8,0,0,0.0,240,BANKS,0.0,6/27/2024 11:09,6/27/2024 10:01,Price Code 1,TRUCK 2 MOBILE PANTRY,False,Food Bank of Northeast Georgia,01,30607.0,Athens,PEACHES,Cooled Cooled Cooled Cooled Fruits
845,181622,5938,H-146,"Homer Methodist Church, Inc.",484226,,FP/OP/USDA,FOOD PANTRY-Agency,BLUE RECEIPT-SHL,C-28-10001,17,0,0,0.51,17,BANKS,0.03,5/30/2024 8:50,5/30/2024 10:35,Price Code 1,CUSTOMER PICKUP,False,Sharing Floor Athens,01-SH,30547.0,Homer,"PRODUCE, FRESH SHL",Cooled Cooled Cooled Cooled Mixed Produce
575,180871,170,G-121,"Get Real Ministries, Inc.",483477,,FP/GNAP/USDA,FOOD PANTRY-Agency,USDA,N-50-10007,13,0,0,0.0,364,BANKS,0.0,5/20/2024 9:00,5/21/2024 16:15,Price Code 1,CUSTOMER PICKUP,False,Rabun Warehouse,02,30511.0,Baldwin,"USDA CORN, WHOLE KERNEL NO SALT",Dry Dry Dry Dry Vegetables
812,173546,2081,F2KBANKS,Food 2 Kids Banks County,477175,,DIRECT ASSISTANCE,DIRECT ASSISTANCE-Agency,BLUE RECEIPT-SHL,W-30-10002,984,0,0,0.0,984,BANKS,0.0,2/7/2024 15:30,2/8/2024 5:14,Price Code 1,TRUCK 1 MOBILE PANTRY,False,Food Bank of Northeast Georgia,01,30607.0,Athens,"UNSORTED SALVAGE, SHL",Dry Dry Dry Dry Unsorted Salvage
439,175193,5407,N-114,New Life Fellowship,477822,,FP/USDA,EMERGENCY-Agency,BLUE RECEIPT-SHL,F-15-10000,38,0,0,6.84,38,BANKS,0.18,2/6/2024 14:32,2/6/2024 9:24,Price Code 1,CUSTOMER PICKUP,False,Sharing Floor Athens,01-SH,30510.0,Alto,"MEAT & SEAFOOD, FROZEN SHL",Frozen Frozen Frozen Frozen Proteins
812,172020,8600,F2KBANKS,Food 2 Kids Banks County,475651,,DIRECT ASSISTANCE,DIRECT ASSISTANCE-Agency,BLUE RECEIPT-SHL,N-03-11249,30,0,0,0.0,900,BANKS,0.0,1/3/2024 12:00,1/16/2024 8:20,Price Code 1,TRUCK 1 MOBILE PANTRY,False,Food Bank of Northeast Georgia,01,30607.0,Athens,DIET PEPSI,Dry Dry Dry Dry Beverages
845,173240,5958,H-146,"Homer Methodist Church, Inc.",476870,,FP/OP/USDA,FOOD PANTRY-Agency,BLUE RECEIPT-SHL,C-16-10001,56,0,0,0.0,56,BANKS,0.0,1/18/2024 8:50,1/18/2024 10:22,Price Code 1,CUSTOMER PICKUP,False,Sharing Floor Athens,01-SH,30547.0,Homer,"COOLER FOOD, MISC. SHL",Cooled Cooled Cooled Cooled Food Misc.
812,176503,4422,F2KBANKS,Food 2 Kids Banks County,479127,,DIRECT ASSISTANCE,DIRECT ASSISTANCE-Agency,USDA,F-50-90452,7,0,0,0.0,224,BANKS,0.0,3/6/2024 15:30,3/8/2024 7:52,Price Code 1,TRUCK 1 MOBILE PANTRY,False,Food Bank of Northeast Georgia,01,30607.0,Athens,USDA PORK LOIN BONELESS ROAST,Frozen Frozen Frozen Frozen Proteins
812,173102,8676,F2KBANKS,Food 2 Kids Banks County,476732,,DIRECT ASSISTANCE,DIRECT ASSISTANCE-Agency,LOCAL - LL,C-88-10000,4800,0,0,0.0,4800,BANKS,0.0,1/17/2024 12:00,1/29/2024 9:33,Price Code 1,TRACTOR TRAILER 1 MOBILE PANTRY,False,Food Bank of Northeast Georgia,01,30607.0,Athens,"LFPA PRODUCE, MISC",Cooled Cooled Cooled Cooled Mixed Produce
812,182533,5772,F2KBANKS,Food 2 Kids Banks County,485136,,DIRECT ASSISTANCE,DIRECT ASSISTANCE-Agency,LOCAL - LL,C-28-10000,459,0,0,0.0,459,BANKS,0.0,6/27/2024 11:09,6/27/2024 10:01,Price Code 1,TRUCK 2 MOBILE PANTRY,False,Food Bank of Northeast Georgia,01,30607.0,Athens,"PRODUCE, FRESH LL",Cooled Cooled Cooled Cooled Mixed Produce
812,176503,8963,F2KBANKS,Food 2 Kids Banks County,479127,,DIRECT ASSISTANCE,DIRECT ASSISTANCE-Agency,YELLOW RECEIPT - SHN,N-25-11960,6,0,0,0.0,66,BANKS,0.0,3/6/2024 15:30,3/8/2024 7:52,Price Code 1,TRUCK 1 MOBILE PANTRY,False,Food Bank of Northeast Georgia,01,30607.0,Athens,"TAPIOCA PUDDING, BEST CHOICE",Dry Dry Dry Dry Food Misc.
812,182375,9036,F2KBANKS,Food 2 Kids Banks County,484979,,DIRECT ASSISTANCE,DIRECT ASSISTANCE-Agency,GNAP,N-40-10273,17,0,0,0.0,238,BANKS,0.0,6/21/2024 8:00,7/9/2024 8:54,Price Code 1,CUSTOMER PICKUP,False,Food Bank of Northeast Georgia,01,30607.0,Athens,GNAP PASTA O'S IN TOMATO SAUCE,Dry Dry Dry Dry Prepared Meals
845,178062,8720,H-146,"Homer Methodist Church, Inc.",480681,,FP/OP/USDA,FOOD PANTRY-Agency,USDA,N-50-10305,6,0,0,15.12,84,BANKS,0.18,4/10/2024 8:50,4/10/2024 9:25,Price Code 1,CUSTOMER PICKUP,False,Food Bank of Northeast Georgia,01,30547.0,Homer,USDA MIXED VegetablesCCC,Dry Dry Dry Dry Vegetables
845,181816,170,H-146,"Homer Methodist Church, Inc.",484420,,FP/OP/USDA,FOOD PANTRY-Agency,USDA,N-50-10007,6,0,0,30.24,168,BANKS,0.18,6/18/2024 9:00,6/18/2024 9:22,Price Code 1,CUSTOMER PICKUP,False,Food Bank of Northeast Georgia,01,30547.0,Homer,"USDA CORN, WHOLE KERNEL NO SALT",Dry Dry Dry Dry Vegetables
845,172484,8903,H-146,"Homer Methodist Church, Inc.",476115,,FP/OP/USDA,FOOD PANTRY-Agency,YELLOW RECEIPT - SHN,N-16-10181,6,0,0,5.4,30,BANKS,0.18,1/9/2024 13:30,1/26/2024 13:43,Price Code 1,CUSTOMER PICKUP,False,Food Bank of Northeast Georgia,01,30547.0,Homer,STOVE TOP STUFFING - TURKEY/CHICKEN/CORNBREAD,Dry Dry Dry Dry Prepared Meals
845,176420,5407,H-146,"Homer Methodist Church, Inc.",479044,,FP/OP/USDA,FOOD PANTRY-Agency,BLUE RECEIPT-SHL,F-15-10000,65,0,0,11.7,65,BANKS,0.18,2/29/2024 8:50,2/29/2024 10:18,Price Code 1,CUSTOMER PICKUP,False,Sharing Floor Athens,01-SH,30547.0,Homer,"MEAT & SEAFOOD, FROZEN SHL",Frozen Frozen Frozen Frozen Proteins
812,176503,8940,F2KBANKS,Food 2 Kids Banks County,479127,,DIRECT ASSISTANCE,DIRECT ASSISTANCE-Agency,BLUE RECEIPT-SHL,C-28-90531,5,0,0,0.0,260,BANKS,0.0,3/6/2024 15:30,3/8/2024 7:52,Price Code 1,TRUCK 1 MOBILE PANTRY,False,Food Bank of Northeast Georgia,01,30607.0,Athens,"CABBAGE, SHL 50#",Cooled Cooled Cooled Cooled Vegetables
439,173828,5938,N-114,New Life Fellowship,477457,,FP/USDA,EMERGENCY-Agency,BLUE RECEIPT-SHL,C-28-10001,84,0,0,2.52,84,BANKS,0.03,1/30/2024 14:32,1/30/2024 9:35,Price Code 1,CUSTOMER PICKUP,False,Sharing Floor Athens,01-SH,30510.0,Alto,"PRODUCE, FRESH SHL",Cooled Cooled Cooled Cooled Mixed Produce
575,180871,4269,G-121,"Get Real Ministries, Inc.",483477,,FP/GNAP/USDA,FOOD PANTRY-Agency,USDA,N-50-10273,13,0,0,0.0,312,BANKS,0.0,5/20/2024 9:00,5/21/2024 16:15,Price Code 1,CUSTOMER PICKUP,False,Rabun Warehouse,02,30511.0,Baldwin,USDA DRY NAVY BEANS CCC,Dry Dry Dry Dry Proteins
812,182375,9083,F2KBANKS,Food 2 Kids Banks County,484979,,DIRECT ASSISTANCE,DIRECT ASSISTANCE-Agency,GNAP,N-40-10288,4,0,0,0.0,48,BANKS,0.0,6/21/2024 8:00,7/9/2024 8:54,Price Code 1,CUSTOMER PICKUP,False,Food Bank of Northeast Georgia,01,30607.0,Athens,GNAP HONEY ROASTED SUNFLOWER SEED KERNALS,Dry Dry Dry Dry Proteins
1012,173545,690,B-140,"Banks County Family Connection, Inc.",477174,,FP/USDA,AFTER SCHOOL PROGRAM-Agency,BLUE RECEIPT-SHL,W-03-10013,240,0,0,0.0,240,BANKS,0.0,1/24/2024 11:46,1/24/2024 11:54,Price Code 1,CUSTOMER PICKUP,False,Sharing Floor Athens,01-SH,30547.0,Homer,"ASSORTED BEVERAGES, SHL",Dry Dry Dry Dry Beverages
439,179853,688,N-114,New Life Fellowship,482464,,FP/USDA,EMERGENCY-Agency,BLUE RECEIPT-SHL,W-01-10000,2,0,0,0.0,2,BANKS,0.0,4/30/2024 14:32,4/30/2024 9:11,Price Code 1,CUSTOMER PICKUP,False,Sharing Floor Athens,01-SH,30510.0,Alto,"ASSORTED NON-FOOD ITEMS, SHL",Dry Dry Dry Dry Non-Food Misc.
845,173240,92,H-146,"Homer Methodist Church, Inc.",476870,,FP/OP/USDA,FOOD PANTRY-Agency,LOCAL - LL,W-01-10002,11,0,0,1.98,11,BANKS,0.18,1/18/2024 8:50,1/18/2024 10:22,Price Code 1,CUSTOMER PICKUP,False,Sharing Floor Athens,01-SH,30547.0,Homer,"ASSORTED NON-FOOD ITEMS, LL",Dry Dry Dry Dry Non-Food Misc.
805,176670,8783,D-105,Damascus Baptist Church,479293,,FP/USDA,FOOD PANTRY-Agency,USDA,N-50-10308,2,0,0,8.28,46,BANKS,0.18,3/11/2024 14:05,3/11/2024 9:06,Price Code 1,CUSTOMER PICKUP,False,Food Bank of Northeast Georgia,01,30547.0,Homer,USDA RAISINS,Dry Dry Dry Dry Fruits
812,178039,8546,F2KBANKS,Food 2 Kids Banks County,480658,,DIRECT ASSISTANCE,DIRECT ASSISTANCE-Agency,BLUE RECEIPT-SHL,N-03-10262,10,0,0,0.0,300,BANKS,0.0,4/3/2024 15:00,4/24/2024 11:34,Price Code 1,CUSTOMER PICKUP,False,Food Bank of Northeast Georgia,01,30607.0,Athens,STARRY LEMON LIME SODA 16.9 OZ,Dry Dry Dry Dry Beverages
812,179811,1481,F2KBANKS,Food 2 Kids Banks County,482423,,DIRECT ASSISTANCE,DIRECT ASSISTANCE-Agency,USDA,N-50-10105,1,0,0,0.0,17,BANKS,0.0,5/15/2024 16:00,5/15/2024 13:59,Price Code 1,TRUCK 1 MOBILE PANTRY,False,Food Bank of Northeast Georgia,01,30607.0,Athens,USDA DRIED CHERRIES CCC,Dry Dry Dry Dry Fruits
812,173102,3111,F2KBANKS,Food 2 Kids Banks County,476732,,DIRECT ASSISTANCE,DIRECT ASSISTANCE-Agency,GNAP,N-40-10168,3,0,0,0.0,45,BANKS,0.0,1/17/2024 12:00,1/29/2024 9:33,Price Code 1,TRACTOR TRAILER 1 MOBILE PANTRY,False,Food Bank of Northeast Georgia,01,30607.0,Athens,"GNAP CEREAL, TOASTED OATS",Dry Dry Dry Dry Grains
845,172538,50,H-146,"Homer Methodist Church, Inc.",476169,,FP/OP/USDA,FOOD PANTRY-Agency,LOCAL - LL,W-16-10002,194,0,0,34.92,194,BANKS,0.18,1/4/2024 8:50,1/4/2024 10:30,Price Code 1,CUSTOMER PICKUP,False,Sharing Floor Athens,01-SH,30547.0,Homer,MISC. FOOD BOX LL,Dry Dry Dry Dry Food Misc.
805,175168,8783,D-105,Damascus Baptist Church,477797,,FP/USDA,FOOD PANTRY-Agency,USDA,N-50-10308,2,0,0,8.28,46,BANKS,0.18,2/12/2024 14:05,2/20/2024 14:46,Price Code 1,CUSTOMER PICKUP,False,Food Bank of Northeast Georgia,01,30547.0,Homer,USDA RAISINS,Dry Dry Dry Dry Fruits
845,172928,1045,H-146,"Homer Methodist Church, Inc.",476559,,FP/OP/USDA,FOOD PANTRY-Agency,BLUE RECEIPT-SHL,W-25-10009,74,0,0,13.32,74,BANKS,0.18,1/11/2024 8:50,1/11/2024 10:37,Price Code 1,CUSTOMER PICKUP,False,Sharing Floor Athens,01-SH,30547.0,Homer,"ASSORTED SNACK ITEMS, SHL",Dry Dry Dry Dry Food Misc.
812,178655,9014,F2KBANKS,Food 2 Kids Banks County,481271,,DIRECT ASSISTANCE,DIRECT ASSISTANCE-Agency,PURCH,N-27-10136,3,0,156,0.0,81,BANKS,0.0,4/17/2024 16:00,4/24/2024 11:38,Price Code 1,TRUCK 1 MOBILE PANTRY,False,Food Bank of Northeast Georgia,01,30607.0,Athens,"GREEN BEANS, HARVEST VALLEY",Dry Dry Dry Dry Vegetables
845,180140,8970,H-146,"Homer Methodist Church, Inc.",FAIMPORT482747,,FP/OP/USDA,FOOD PANTRY-Agency,BLUE RECEIPT-SHL,MCW-16-10001,25,0,0,0.0,25,BANKS,0.0,5/2/2024 0:00,5/2/2024 0:00,Price Code 1,CUSTOMER PICKUP,False,Food Bank of Northeast Georgia,01,30547.0,Homer,"MISC. FOOD BOX, SHL RETAIL PICKUP",Dry Dry Dry Dry Food Misc.
805,181444,4269,D-105,Damascus Baptist Church,484048,,FP/USDA,FOOD PANTRY-Agency,USDA,N-50-10273,4,0,0,17.28,96,BANKS,0.18,6/4/2024 10:30,6/4/2024 9:03,Price Code 1,CUSTOMER PICKUP,False,Food Bank of Northeast Georgia,01,30547.0,Homer,USDA DRY NAVY BEANS CCC,Dry Dry Dry Dry Proteins
812,182375,7152,F2KBANKS,Food 2 Kids Banks County,484979,,DIRECT ASSISTANCE,DIRECT ASSISTANCE-Agency,GNAP,N-40-10233,17,0,0,0.0,272,BANKS,0.0,6/21/2024 8:00,7/9/2024 8:54,Price Code 1,CUSTOMER PICKUP,False,Food Bank of Northeast Georgia,01,30607.0,Athens,GNAP GRAPE JELLY,Dry Dry Dry Dry Food Misc.
812,178039,8905,F2KBANKS,Food 2 Kids Banks County,480658,,DIRECT ASSISTANCE,DIRECT ASSISTANCE-Agency,BLUE RECEIPT-SHL,N-03-11794,17,0,0,0.0,646,BANKS,0.0,4/3/2024 15:00,4/24/2024 11:34,Price Code 1,CUSTOMER PICKUP,False,Food Bank of Northeast Georgia,01,30607.0,Athens,"PEPSI, 12/1.25L",Dry Dry Dry Dry Beverages
812,182533,9112,F2KBANKS,Food 2 Kids Banks County,485136,,DIRECT ASSISTANCE,DIRECT ASSISTANCE-Agency,YELLOW RECEIPT - SHN,N-03-11844,75,0,0,0.0,1425,BANKS,0.0,6/27/2024 11:09,6/27/2024 10:01,Price Code 1,TRUCK 2 MOBILE PANTRY,False,Food Bank of Northeast Georgia,01,30607.0,Athens,SPLASH LEMON WATER,Dry Dry Dry Dry Beverages
812,172020,5388,F2KBANKS,Food 2 Kids Banks County,475651,,DIRECT ASSISTANCE,DIRECT ASSISTANCE-Agency,BLUE RECEIPT-SHL,F-16-10001,1094,0,0,196.92,1094,BANKS,0.18,1/3/2024 12:00,1/16/2024 8:20,Price Code 1,TRUCK 1 MOBILE PANTRY,False,Food Bank of Northeast Georgia,01,30607.0,Athens,"ASSORTED FROZEN FOODS, SHL",Frozen Frozen Frozen Frozen Food Misc.
845,175686,5407,H-146,"Homer Methodist Church, Inc.",478314,,FP/OP/USDA,FOOD PANTRY-Agency,BLUE RECEIPT-SHL,F-15-10000,83,0,0,14.94,83,BANKS,0.18,2/15/2024 8:50,2/15/2024 10:34,Price Code 1,CUSTOMER PICKUP,False,Sharing Floor Athens,01-SH,30547.0,Homer,"MEAT & SEAFOOD, FROZEN SHL",Frozen Frozen Frozen Frozen Proteins
575,182298,9013,G-121,"Get Real Ministries, Inc.",484902,,FP/GNAP/USDA,FOOD PANTRY-Agency,USDA,N-50-10313,6,0,0,0.0,144,BANKS,0.0,6/18/2024 10:40,6/20/2024 16:14,Price Code 1,CUSTOMER PICKUP,False,Rabun Warehouse,02,30511.0,Baldwin,USDA LIGHT RED KIDNEY BEANS 24/1LB,Dry Dry Dry Dry Proteins
845,180932,5407,H-146,"Homer Methodist Church, Inc.",483538,,FP/OP/USDA,FOOD PANTRY-Agency,BLUE RECEIPT-SHL,F-15-10000,119,0,0,21.42,119,BANKS,0.18,5/16/2024 8:50,5/16/2024 10:22,Price Code 1,CUSTOMER PICKUP,False,Sharing Floor Athens,01-SH,30547.0,Homer,"MEAT & SEAFOOD, FROZEN SHL",Frozen Frozen Frozen Frozen Proteins
575,177451,6786,G-121,"Get Real Ministries, Inc.",480071,,FP/GNAP/USDA,FOOD PANTRY-Agency,LOCAL - LL,C-28-90215,40,0,0,0.0,2000,BANKS,0.0,3/18/2024 10:40,3/20/2024 9:03,Price Code 1,CUSTOMER PICKUP,False,Rabun Warehouse,02,30511.0,Baldwin,"POTATOES, RUSSET",Cooled Cooled Cooled Cooled Potatoes
575,182298,7083,G-121,"Get Real Ministries, Inc.",484902,,FP/GNAP/USDA,FOOD PANTRY-Agency,USDA,C-50-10029,12,0,0,0.0,144,BANKS,0.0,6/18/2024 10:40,6/20/2024 16:14,Price Code 1,CUSTOMER PICKUP,False,Rabun Warehouse,02,30511.0,Baldwin,"USDA MILD CHEDDAR CHEESE, BLOCK CCC",Cooled Cooled Cooled Cooled Dairy
1012,176305,690,B-140,"Banks County Family Connection, Inc.",478930,,FP/USDA,AFTER SCHOOL PROGRAM-Agency,BLUE RECEIPT-SHL,W-03-10013,179,0,0,0.0,179,BANKS,0.0,2/27/2024 13:38,2/27/2024 13:41,Price Code 1,CUSTOMER PICKUP,False,Sharing Floor Athens,01-SH,30547.0,Homer,"ASSORTED BEVERAGES, SHL",Dry Dry Dry Dry Beverages
845,181244,688,H-146,"Homer Methodist Church, Inc.",483849,,FP/OP/USDA,FOOD PANTRY-Agency,BLUE RECEIPT-SHL,W-01-10000,6,0,0,1.08,6,BANKS,0.18,5/23/2024 8:50,5/23/2024 10:17,Price Code 1,CUSTOMER PICKUP,False,Sharing Floor Athens,01-SH,30547.0,Homer,"ASSORTED NON-FOOD ITEMS, SHL",Dry Dry Dry Dry Non-Food Misc.
1012,180066,9036,B-140,"Banks County Family Connection, Inc.",482674,,FP/USDA,AFTER SCHOOL PROGRAM-Agency,GNAP,N-40-10273,18,0,0,0.0,252,BANKS,0.0,5/8/2024 9:00,5/9/2024 9:40,Price Code 1,CUSTOMER PICKUP,False,Food Bank of Northeast Georgia,01,30547.0,Homer,GNAP PASTA O'S IN TOMATO SAUCE,Dry Dry Dry Dry Prepared Meals
459,178640,6831,A-138,Alto C.H. Church Benevolent- The Grace House,481256,,FP/GNAP/USDA,FOOD PANTRY-Agency,USDA,C-50-10025,2,0,0,8.4,84,BANKS,0.1,4/25/2024 11:00,4/25/2024 11:14,Price Code 1,CUSTOMER PICKUP,False,Rabun Warehouse,02,30510.0,Alto,USDA APPLES,Cooled Cooled Cooled Cooled Fruits
812,182531,7153,F2KBANKS,Food 2 Kids Banks County,485134,,DIRECT ASSISTANCE,DIRECT ASSISTANCE-Agency,GNAP,N-40-10234,4,0,0,0.0,52,BANKS,0.0,6/27/2024 11:33,6/27/2024 10:02,Price Code 1,TRACTOR TRAILER 1 MOBILE PANTRY,False,Food Bank of Northeast Georgia,01,30607.0,Athens,GNAP BAKED BEANS,Dry Dry Dry Dry Proteins
845,180633,8973,H-146,"Homer Methodist Church, Inc.",FAIMPORT483239,,FP/OP/USDA,FOOD PANTRY-Agency,BLUE RECEIPT-SHL,MCC-16-10001,87,0,0,0.0,87,BANKS,0.0,5/9/2024 0:00,5/9/2024 0:00,Price Code 1,CUSTOMER PICKUP,False,Food Bank of Northeast Georgia,01,30547.0,Homer,"COOLER FOOD MISC., SHL RETAIL PICKUP",Dry Dry Dry Dry Food Misc.
575,178977,8995,G-121,"Get Real Ministries, Inc.",481591,,FP/GNAP/USDA,FOOD PANTRY-Agency,BLUE RECEIPT-SHL,N-21-10067,13,0,0,0.0,65,BANKS,0.0,4/15/2024 10:40,4/16/2024 12:32,Price Code 1,CUSTOMER PICKUP,False,Rabun Warehouse,02,30511.0,Baldwin,"RAMEN, MARUCHAN SHRIMP",Dry Dry Dry Dry Prepared Meals
845,181968,8975,H-146,"Homer Methodist Church, Inc.",FAIMPORT484572,,FP/OP/USDA,FOOD PANTRY-Agency,BLUE RECEIPT-SHL,MCC-07-10001,460,0,0,0.0,460,BANKS,0.0,6/4/2024 0:00,6/4/2024 0:00,Price Code 1,CUSTOMER PICKUP,False,Food Bank of Northeast Georgia,01,30547.0,Homer,"DAIRY PRODUCTS, SHL RETAIL PICKUPS",Dry Dry Dry Dry Dairy
805,177043,683,D-105,Damascus Baptist Church,479665,,FP/USDA,FOOD PANTRY-Agency,BLUE RECEIPT-SHL,W-16-10001,121,0,0,21.78,121,BANKS,0.18,3/11/2024 14:05,3/11/2024 9:21,Price Code 1,CUSTOMER PICKUP,False,Sharing Floor Athens,01-SH,30547.0,Homer,MISC. FOOD BOX SHL,Dry Dry Dry Dry Food Misc.
812,177214,6937,F2KBANKS,Food 2 Kids Banks County,479834,,DIRECT ASSISTANCE,DIRECT ASSISTANCE-Agency,BLUE RECEIPT-SHL,C-28-90385,3,0,0,0.0,156,BANKS,0.0,3/20/2024 16:00,3/27/2024 10:01,Price Code 1,TRACTOR TRAILER 1 MOBILE PANTRY,False,Food Bank of Northeast Georgia,01,30607.0,Athens,CELERY,Cooled Cooled Cooled Cooled Vegetables
845,172484,8720,H-146,"Homer Methodist Church, Inc.",476115,,FP/OP/USDA,FOOD PANTRY-Agency,USDA,N-50-10305,6,0,0,15.12,84,BANKS,0.18,1/9/2024 13:30,1/26/2024 13:43,Price Code 1,CUSTOMER PICKUP,False,Food Bank of Northeast Georgia,01,30547.0,Homer,USDA MIXED VegetablesCCC,Dry Dry Dry Dry Vegetables
845,181816,8783,H-146,"Homer Methodist Church, Inc.",484420,,FP/OP/USDA,FOOD PANTRY-Agency,USDA,N-50-10308,6,0,0,24.84,138,BANKS,0.18,6/18/2024 9:00,6/18/2024 9:22,Price Code 1,CUSTOMER PICKUP,False,Food Bank of Northeast Georgia,01,30547.0,Homer,USDA RAISINS,Dry Dry Dry Dry Fruits
845,178062,842,H-146,"Homer Methodist Church, Inc.",480681,,FP/OP/USDA,FOOD PANTRY-Agency,USDA,N-50-10021,3,0,0,14.58,81,BANKS,0.18,4/10/2024 8:50,4/10/2024 9:25,Price Code 1,CUSTOMER PICKUP,False,Food Bank of Northeast Georgia,01,30547.0,Homer,USDA DICED TOMATOES NO SALT CCC,Dry Dry Dry Dry Vegetables
1012,176706,1045,B-140,"Banks County Family Connection, Inc.",479329,,FP/USDA,AFTER SCHOOL PROGRAM-Agency,BLUE RECEIPT-SHL,W-25-10009,80,0,0,14.4,80,BANKS,0.18,3/5/2024 13:39,3/5/2024 13:41,Price Code 1,CUSTOMER PICKUP,False,Sharing Floor Athens,01-SH,30547.0,Homer,"ASSORTED SNACK ITEMS, SHL",Dry Dry Dry Dry Food Misc.
979,180758,8874,G-135,Gillsville Baptist Church INC,483364,,FP/OP/USDA,FOOD PANTRY-Agency,YELLOW RECEIPT - SHN,F-10-10002,4,0,0,0.36,12,BANKS,0.03,5/17/2024 12:30,5/17/2024 12:19,Price Code 1,CUSTOMER PICKUP,False,Food Bank of Northeast Georgia,01,30543.0,Gillsville,OUTSHINE TROPICAL SMOOTHIE CUBES,Frozen Frozen Frozen Frozen Beverages
805,180352,1047,D-105,Damascus Baptist Church,482958,,FP/USDA,FOOD PANTRY-Agency,USDA,N-50-10041,2,0,0,17.64,98,BANKS,0.18,5/14/2024 9:00,5/14/2024 9:10,Price Code 1,CUSTOMER PICKUP,False,Food Bank of Northeast Georgia,01,30547.0,Homer,USDA RICE,Dry Dry Dry Dry Grains
1012,180066,7298,B-140,"Banks County Family Connection, Inc.",482674,,FP/USDA,AFTER SCHOOL PROGRAM-Agency,GNAP,N-40-10248,18,0,0,0.0,252,BANKS,0.0,5/8/2024 9:00,5/9/2024 9:40,Price Code 1,CUSTOMER PICKUP,False,Food Bank of Northeast Georgia,01,30547.0,Homer,GNAP BAKING AND BISCUIT MIX,Dry Dry Dry Dry Grains
439,182313,683,N-114,New Life Fellowship,484917,,FP/USDA,EMERGENCY-Agency,BLUE RECEIPT-SHL,W-16-10001,42,0,0,7.56,42,BANKS,0.18,6/18/2024 14:32,6/18/2024 9:33,Price Code 1,CUSTOMER PICKUP,False,Sharing Floor Athens,01-SH,30510.0,Alto,MISC. FOOD BOX SHL,Dry Dry Dry Dry Food Misc.
812,182531,7083,F2KBANKS,Food 2 Kids Banks County,485134,,DIRECT ASSISTANCE,DIRECT ASSISTANCE-Agency,USDA,C-50-10029,5,0,0,0.0,60,BANKS,0.0,6/27/2024 11:33,6/27/2024 10:02,Price Code 1,TRACTOR TRAILER 1 MOBILE PANTRY,False,Food Bank of Northeast Georgia,01,30607.0,Athens,"USDA MILD CHEDDAR CHEESE, BLOCK CCC",Cooled Cooled Cooled Cooled Dairy
845,172484,3943,H-146,"Homer Methodist Church, Inc.",476115,,FP/OP/USDA,FOOD PANTRY-Agency,USDA,N-50-10268,8,0,0,9.12,304,BANKS,0.03,1/9/2024 13:30,1/26/2024 13:43,Price Code 1,CUSTOMER PICKUP,False,Food Bank of Northeast Georgia,01,30547.0,Homer,USDA APPLE JUICE,Dry Dry Dry Dry Beverages
812,179811,6420,F2KBANKS,Food 2 Kids Banks County,482423,,DIRECT ASSISTANCE,DIRECT ASSISTANCE-Agency,BLUE RECEIPT-SHL,C-28-90141,1,0,0,0.0,50,BANKS,0.0,5/15/2024 16:00,5/15/2024 13:59,Price Code 1,TRUCK 1 MOBILE PANTRY,False,Food Bank of Northeast Georgia,01,30607.0,Athens,ONIONS,Cooled Cooled Cooled Cooled Vegetables
575,172910,8903,G-121,"Get Real Ministries, Inc.",476541,,FP/GNAP/USDA,FOOD PANTRY-Agency,YELLOW RECEIPT - SHN,N-16-10181,64,0,0,0.0,320,BANKS,0.0,1/16/2024 10:40,1/16/2024 13:28,Price Code 1,CUSTOMER PICKUP,False,Rabun Warehouse,02,30511.0,Baldwin,STOVE TOP STUFFING - TURKEY/CHICKEN/CORNBREAD,Dry Dry Dry Dry Prepared Meals
812,177214,8942,F2KBANKS,Food 2 Kids Banks County,479834,,DIRECT ASSISTANCE,DIRECT ASSISTANCE-Agency,BLUE RECEIPT-SHL,C-28-90533,3,0,0,0.0,126,BANKS,0.0,3/20/2024 16:00,3/27/2024 10:01,Price Code 1,TRACTOR TRAILER 1 MOBILE PANTRY,False,Food Bank of Northeast Georgia,01,30607.0,Athens,"ORANGES, SHL",Cooled Cooled Cooled Cooled Fruits
805,172402,3943,D-105,Damascus Baptist Church,476033,,FP/USDA,FOOD PANTRY-Agency,USDA,N-50-10268,6,0,0,6.84,228,BANKS,0.03,1/9/2024 14:05,1/9/2024 10:24,Price Code 1,CUSTOMER PICKUP,False,Food Bank of Northeast Georgia,01,30547.0,Homer,USDA APPLE JUICE,Dry Dry Dry Dry Beverages
805,181444,7083,D-105,Damascus Baptist Church,484048,,FP/USDA,FOOD PANTRY-Agency,USDA,C-50-10029,4,0,0,8.64,48,BANKS,0.18,6/4/2024 10:30,6/4/2024 9:03,Price Code 1,CUSTOMER PICKUP,False,Food Bank of Northeast Georgia,01,30547.0,Homer,"USDA MILD CHEDDAR CHEESE, BLOCK CCC",Cooled Cooled Cooled Cooled Dairy
812,173102,8909,F2KBANKS,Food 2 Kids Banks County,476732,,DIRECT ASSISTANCE,DIRECT ASSISTANCE-Agency,BLUE RECEIPT-SHL,N-03-11795,5,0,0,0.0,85,BANKS,0.0,1/17/2024 12:00,1/29/2024 9:33,Price Code 1,TRACTOR TRAILER 1 MOBILE PANTRY,False,Food Bank of Northeast Georgia,01,30607.0,Athens,STARBUCKS VANILLA FRAPPUCCINO,Dry Dry Dry Dry Beverages
845,180077,8931,H-146,"Homer Methodist Church, Inc.",482685,,FP/OP/USDA,FOOD PANTRY-Agency,SBB-O,N-16-20003,35,0,0,0.0,770,BANKS,0.0,5/8/2024 8:30,5/8/2024 9:16,Price Code 1,CUSTOMER PICKUP,False,Food Bank of Northeast Georgia,01,30547.0,Homer,SENIOR STAPLES BOX - ASSORTED USDA,Dry Dry Dry Dry Food Misc.
1012,179962,696,B-140,"Banks County Family Connection, Inc.",482571,,FP/USDA,AFTER SCHOOL PROGRAM-Agency,LOCAL - LL,W-25-10000,136,0,0,24.48,136,BANKS,0.18,5/1/2024 11:21,5/1/2024 11:22,Price Code 1,CUSTOMER PICKUP,False,Sharing Floor Athens,01-SH,30547.0,Homer,"ASSORTED SNACK ITEMS, LL",Dry Dry Dry Dry Food Misc.
812,182533,4448,F2KBANKS,Food 2 Kids Banks County,485136,,DIRECT ASSISTANCE,DIRECT ASSISTANCE-Agency,USDA,F-50-90446,2,0,0,0.0,56,BANKS,0.0,6/27/2024 11:09,6/27/2024 10:01,Price Code 1,TRUCK 2 MOBILE PANTRY,False,Food Bank of Northeast Georgia,01,30607.0,Athens,USDA FROZEN STRAWBERRY FRUIT CUPS,Frozen Frozen Frozen Frozen Fruits
812,173546,5772,F2KBANKS,Food 2 Kids Banks County,477175,,DIRECT ASSISTANCE,DIRECT ASSISTANCE-Agency,LOCAL - LL,C-28-10000,451,0,0,0.0,451,BANKS,0.0,2/7/2024 15:30,2/8/2024 5:14,Price Code 1,TRUCK 1 MOBILE PANTRY,False,Food Bank of Northeast Georgia,01,30607.0,Athens,"PRODUCE, FRESH LL",Cooled Cooled Cooled Cooled Mixed Produce
439,176673,683,N-114,New Life Fellowship,479296,,FP/USDA,EMERGENCY-Agency,BLUE RECEIPT-SHL,W-16-10001,66,0,0,11.88,66,BANKS,0.18,3/5/2024 14:32,3/5/2024 9:25,Price Code 1,CUSTOMER PICKUP,False,Sharing Floor Athens,01-SH,30510.0,Alto,MISC. FOOD BOX SHL,Dry Dry Dry Dry Food Misc.
1012,173672,3111,B-140,"Banks County Family Connection, Inc.",477301,,FP/USDA,AFTER SCHOOL PROGRAM-Agency,GNAP,N-40-10168,8,0,0,12.0,120,BANKS,0.1,2/7/2024 10:42,2/7/2024 9:44,Price Code 1,CUSTOMER PICKUP,False,Food Bank of Northeast Georgia,01,30547.0,Homer,"GNAP CEREAL, TOASTED OATS",Dry Dry Dry Dry Grains
812,178039,8940,F2KBANKS,Food 2 Kids Banks County,480658,,DIRECT ASSISTANCE,DIRECT ASSISTANCE-Agency,BLUE RECEIPT-SHL,C-28-90531,5,0,0,0.0,260,BANKS,0.0,4/3/2024 15:00,4/24/2024 11:34,Price Code 1,CUSTOMER PICKUP,False,Food Bank of Northeast Georgia,01,30607.0,Athens,"CABBAGE, SHL 50#",Cooled Cooled Cooled Cooled Vegetables
812,182531,5637,F2KBANKS,Food 2 Kids Banks County,485134,,DIRECT ASSISTANCE,DIRECT ASSISTANCE-Agency,USDA,F-50-90019,4,0,0,0.0,120,BANKS,0.0,6/27/2024 11:33,6/27/2024 10:02,Price Code 1,TRACTOR TRAILER 1 MOBILE PANTRY,False,Food Bank of Northeast Georgia,01,30607.0,Athens,USDA FROZEN BLUEBERRIES CCC,Frozen Frozen Frozen Frozen Fruits
439,172446,2862,N-114,New Life Fellowship,476077,,FP/USDA,EMERGENCY-Agency,USDA,N-50-10115,6,0,0,29.16,162,BANKS,0.18,1/8/2024 11:00,1/8/2024 10:40,Price Code 1,CUSTOMER PICKUP,False,Rabun Warehouse,02,30510.0,Alto,USDA DARK RED KIDNEY BEANS CCC,Dry Dry Dry Dry Proteins
1012,178997,1045,B-140,"Banks County Family Connection, Inc.",481611,,FP/USDA,AFTER SCHOOL PROGRAM-Agency,BLUE RECEIPT-SHL,W-25-10009,14,0,0,2.52,14,BANKS,0.18,4/15/2024 14:50,4/15/2024 14:55,Price Code 1,CUSTOMER PICKUP,False,Sharing Floor Athens,01-SH,30547.0,Homer,"ASSORTED SNACK ITEMS, SHL",Dry Dry Dry Dry Food Misc.
845,177714,5388,H-146,"Homer Methodist Church, Inc.",480333,,FP/OP/USDA,FOOD PANTRY-Agency,BLUE RECEIPT-SHL,F-16-10001,19,0,0,0.0,19,BANKS,0.0,3/21/2024 8:50,3/21/2024 10:09,Price Code 1,CUSTOMER PICKUP,False,Sharing Floor Athens,01-SH,30547.0,Homer,"ASSORTED FROZEN FOODS, SHL",Frozen Frozen Frozen Frozen Food Misc.
845,173613,5772,H-146,"Homer Methodist Church, Inc.",477242,,FP/OP/USDA,FOOD PANTRY-Agency,LOCAL - LL,C-28-10000,50,0,0,1.5,50,BANKS,0.03,1/25/2024 8:50,1/25/2024 10:52,Price Code 1,CUSTOMER PICKUP,False,Sharing Floor Athens,01-SH,30547.0,Homer,"PRODUCE, FRESH LL",Cooled Cooled Cooled Cooled Mixed Produce
845,179291,8970,H-146,"Homer Methodist Church, Inc.",FAIMPORT481904,,FP/OP/USDA,FOOD PANTRY-Agency,BLUE RECEIPT-SHL,MCW-16-10001,162,0,0,0.0,162,BANKS,0.0,4/19/2024 0:00,4/19/2024 0:00,Price Code 1,CUSTOMER PICKUP,False,Food Bank of Northeast Georgia,01,30547.0,Homer,"MISC. FOOD BOX, SHL RETAIL PICKUP",Dry Dry Dry Dry Food Misc.
845,173970,92,H-146,"Homer Methodist Church, Inc.",477599,,FP/OP/USDA,FOOD PANTRY-Agency,LOCAL - LL,W-01-10002,4,0,0,0.72,4,BANKS,0.18,2/1/2024 8:50,2/1/2024 10:25,Price Code 1,CUSTOMER PICKUP,False,Sharing Floor Athens,01-SH,30547.0,Homer,"ASSORTED NON-FOOD ITEMS, LL",Dry Dry Dry Dry Non-Food Misc.
459,178640,84,A-138,Alto C.H. Church Benevolent- The Grace House,481256,,FP/GNAP/USDA,FOOD PANTRY-Agency,USDA,N-50-10006,10,0,0,48.6,270,BANKS,0.18,4/25/2024 11:00,4/25/2024 11:14,Price Code 1,CUSTOMER PICKUP,False,Rabun Warehouse,02,30510.0,Alto,USDA GREEN BEANS,Dry Dry Dry Dry Vegetables
812,179556,2202,F2KBANKS,Food 2 Kids Banks County,482169,,DIRECT ASSISTANCE,DIRECT ASSISTANCE-Agency,USDA,N-50-10240,6,0,0,0.0,132,BANKS,0.0,5/1/2024 16:00,5/2/2024 10:35,Price Code 1,TRUCK 1 MOBILE PANTRY,False,Food Bank of Northeast Georgia,01,30607.0,Athens,USDA SPAGHETTI,Dry Dry Dry Dry Grains
812,177214,1822,F2KBANKS,Food 2 Kids Banks County,479834,,DIRECT ASSISTANCE,DIRECT ASSISTANCE-Agency,GNAP,N-40-10140,2,0,0,0.0,36,BANKS,0.0,3/20/2024 16:00,3/27/2024 10:01,Price Code 1,TRACTOR TRAILER 1 MOBILE PANTRY,False,Food Bank of Northeast Georgia,01,30607.0,Athens,GNAP TUNA LIGHT CHUNK,Dry Dry Dry Dry Proteins
812,179811,6780,F2KBANKS,Food 2 Kids Banks County,482423,,DIRECT ASSISTANCE,DIRECT ASSISTANCE-Agency,USDA,C-50-10024,2,0,0,0.0,86,BANKS,0.0,5/15/2024 16:00,5/15/2024 13:59,Price Code 1,TRUCK 1 MOBILE PANTRY,False,Food Bank of Northeast Georgia,01,30607.0,Athens,USDA APPLES,Cooled Cooled Cooled Cooled Fruits
812,178655,4448,F2KBANKS,Food 2 Kids Banks County,481271,,DIRECT ASSISTANCE,DIRECT ASSISTANCE-Agency,USDA,F-50-90446,1,0,0,0.0,28,BANKS,0.0,4/17/2024 16:00,4/24/2024 11:38,Price Code 1,TRUCK 1 MOBILE PANTRY,False,Food Bank of Northeast Georgia,01,30607.0,Athens,USDA FROZEN STRAWBERRY FRUIT CUPS,Frozen Frozen Frozen Frozen Fruits
812,173102,8907,F2KBANKS,Food 2 Kids Banks County,476732,,DIRECT ASSISTANCE,DIRECT ASSISTANCE-Agency,GNAP,N-40-10267,6,0,0,0.0,78,BANKS,0.0,1/17/2024 12:00,1/29/2024 9:33,Price Code 1,TRACTOR TRAILER 1 MOBILE PANTRY,False,Food Bank of Northeast Georgia,01,30607.0,Athens,GNAP SPAGHETTI W/ MEATBALLS,Dry Dry Dry Dry Prepared Meals
979,177286,8903,G-135,Gillsville Baptist Church INC,479906,,FP/OP/USDA,FOOD PANTRY-Agency,YELLOW RECEIPT - SHN,N-16-10181,12,0,0,10.8,60,BANKS,0.18,3/20/2024 7:34,3/20/2024 12:56,Price Code 1,CUSTOMER PICKUP,False,Food Bank of Northeast Georgia,01,30543.0,Gillsville,STOVE TOP STUFFING - TURKEY/CHICKEN/CORNBREAD,Dry Dry Dry Dry Prepared Meals
812,173546,8940,F2KBANKS,Food 2 Kids Banks County,477175,,DIRECT ASSISTANCE,DIRECT ASSISTANCE-Agency,BLUE RECEIPT-SHL,C-28-90531,2,0,0,0.0,104,BANKS,0.0,2/7/2024 15:30,2/8/2024 5:14,Price Code 1,TRUCK 1 MOBILE PANTRY,False,Food Bank of Northeast Georgia,01,30607.0,Athens,"CABBAGE, SHL 50#",Cooled Cooled Cooled Cooled Vegetables
459,178640,170,A-138,Alto C.H. Church Benevolent- The Grace House,481256,,FP/GNAP/USDA,FOOD PANTRY-Agency,USDA,N-50-10007,10,0,0,50.4,280,BANKS,0.18,4/25/2024 11:00,4/25/2024 11:14,Price Code 1,CUSTOMER PICKUP,False,Rabun Warehouse,02,30510.0,Alto,"USDA CORN, WHOLE KERNEL NO SALT",Dry Dry Dry Dry Vegetables
845,176010,683,H-146,"Homer Methodist Church, Inc.",478638,,FP/OP/USDA,FOOD PANTRY-Agency,BLUE RECEIPT-SHL,W-16-10001,41,0,0,7.38,41,BANKS,0.18,2/22/2024 8:50,2/22/2024 10:14,Price Code 1,CUSTOMER PICKUP,False,Sharing Floor Athens,01-SH,30547.0,Homer,MISC. FOOD BOX SHL,Dry Dry Dry Dry Food Misc.
845,182640,8973,H-146,"Homer Methodist Church, Inc.",FAIMPORT485243,,FP/OP/USDA,FOOD PANTRY-Agency,BLUE RECEIPT-SHL,MCC-16-10001,6,0,0,0.0,6,BANKS,0.0,6/25/2024 0:00,6/25/2024 0:00,Price Code 1,CUSTOMER PICKUP,False,Food Bank of Northeast Georgia,01,30547.0,Homer,"COOLER FOOD MISC., SHL RETAIL PICKUP",Dry Dry Dry Dry Food Misc.
812,173546,8918,F2KBANKS,Food 2 Kids Banks County,477175,,DIRECT ASSISTANCE,DIRECT ASSISTANCE-Agency,LOCAL - LL,N-25-11950,10,0,0,0.0,20,BANKS,0.0,2/7/2024 15:30,2/8/2024 5:14,Price Code 1,TRUCK 1 MOBILE PANTRY,False,Food Bank of Northeast Georgia,01,30607.0,Athens,GHIRARDELLI DARK CHOCOLATE,Dry Dry Dry Dry Food Misc.
812,176503,1047,F2KBANKS,Food 2 Kids Banks County,479127,,DIRECT ASSISTANCE,DIRECT ASSISTANCE-Agency,USDA,N-50-10041,8,0,0,0.0,392,BANKS,0.0,3/6/2024 15:30,3/8/2024 7:52,Price Code 1,TRUCK 1 MOBILE PANTRY,False,Food Bank of Northeast Georgia,01,30607.0,Athens,USDA RICE,Dry Dry Dry Dry Grains
845,181525,8973,H-146,"Homer Methodist Church, Inc.",FAIMPORT484129,,FP/OP/USDA,FOOD PANTRY-Agency,BLUE RECEIPT-SHL,MCC-16-10001,11,0,0,0.0,11,BANKS,0.0,5/23/2024 0:00,5/23/2024 0:00,Price Code 1,CUSTOMER PICKUP,False,Food Bank of Northeast Georgia,01,30547.0,Homer,"COOLER FOOD MISC., SHL RETAIL PICKUP",Dry Dry Dry Dry Food Misc.
812,173102,4555,F2KBANKS,Food 2 Kids Banks County,476732,,DIRECT ASSISTANCE,DIRECT ASSISTANCE-Agency,USDA,F-50-90042,10,0,0,0.0,400,BANKS,0.0,1/17/2024 12:00,1/29/2024 9:33,Price Code 1,TRACTOR TRAILER 1 MOBILE PANTRY,False,Food Bank of Northeast Georgia,01,30607.0,Athens,USDA CHICKEN DRUMSTICKS CCC,Frozen Frozen Frozen Frozen Proteins
812,172020,170,F2KBANKS,Food 2 Kids Banks County,475651,,DIRECT ASSISTANCE,DIRECT ASSISTANCE-Agency,USDA,N-50-10007,6,0,0,0.0,168,BANKS,0.0,1/3/2024 12:00,1/16/2024 8:20,Price Code 1,TRUCK 1 MOBILE PANTRY,False,Food Bank of Northeast Georgia,01,30607.0,Athens,"USDA CORN, WHOLE KERNEL NO SALT",Dry Dry Dry Dry Vegetables
812,177214,4449,F2KBANKS,Food 2 Kids Banks County,479834,,DIRECT ASSISTANCE,DIRECT ASSISTANCE-Agency,USDA,F-50-90445,8,0,0,0.0,328,BANKS,0.0,3/20/2024 16:00,3/27/2024 10:01,Price Code 1,TRACTOR TRAILER 1 MOBILE PANTRY,False,Food Bank of Northeast Georgia,01,30607.0,Athens,USDA FULLY COOKED PULLED PORK CCC,Frozen Frozen Frozen Frozen Proteins
812,173546,8683,F2KBANKS,Food 2 Kids Banks County,477175,,DIRECT ASSISTANCE,DIRECT ASSISTANCE-Agency,BLUE RECEIPT-SHL,N-03-11728,10,0,0,0.0,180,BANKS,0.0,2/7/2024 15:30,2/8/2024 5:14,Price Code 1,TRUCK 1 MOBILE PANTRY,False,Food Bank of Northeast Georgia,01,30607.0,Athens,CRUSH ORANGE SODA,Dry Dry Dry Dry Beverages
805,175168,5637,D-105,Damascus Baptist Church,477797,,FP/USDA,FOOD PANTRY-Agency,USDA,F-50-90019,5,0,0,0.0,150,BANKS,0.0,2/12/2024 14:05,2/20/2024 14:46,Price Code 1,CUSTOMER PICKUP,False,Food Bank of Northeast Georgia,01,30547.0,Homer,USDA FROZEN BLUEBERRIES CCC,Frozen Frozen Frozen Frozen Fruits
845,182641,8976,H-146,"Homer Methodist Church, Inc.",FAIMPORT485244,,FP/OP/USDA,FOOD PANTRY-Agency,BLUE RECEIPT-SHL,MCC-28-10001,32,0,0,0.0,32,BANKS,0.0,6/27/2024 0:00,6/27/2024 0:00,Price Code 1,CUSTOMER PICKUP,False,Food Bank of Northeast Georgia,01,30547.0,Homer,"PRODUCE, SHL RETAIL PICKUPS",Dry Dry Dry Dry Mixed Produce
812,173102,3204,F2KBANKS,Food 2 Kids Banks County,476732,,DIRECT ASSISTANCE,DIRECT ASSISTANCE-Agency,GNAP,N-40-10217,8,0,0,0.0,72,BANKS,0.0,1/17/2024 12:00,1/29/2024 9:33,Price Code 1,TRACTOR TRAILER 1 MOBILE PANTRY,False,Food Bank of Northeast Georgia,01,30607.0,Athens,GNAP CANNED HAM,Dry Dry Dry Dry Proteins
459,173868,1047,A-138,Alto C.H. Church Benevolent- The Grace House,477497,,FP/GNAP/USDA,FOOD PANTRY-Agency,USDA,N-50-10041,6,0,0,52.92,294,BANKS,0.18,2/15/2024 11:00,2/15/2024 10:55,Price Code 1,CUSTOMER PICKUP,False,Rabun Warehouse,02,30510.0,Alto,USDA RICE,Dry Dry Dry Dry Grains
812,176503,2081,F2KBANKS,Food 2 Kids Banks County,479127,,DIRECT ASSISTANCE,DIRECT ASSISTANCE-Agency,BLUE RECEIPT-SHL,W-30-10002,1548,0,0,0.0,1548,BANKS,0.0,3/6/2024 15:30,3/8/2024 7:52,Price Code 1,TRUCK 1 MOBILE PANTRY,False,Food Bank of Northeast Georgia,01,30607.0,Athens,"UNSORTED SALVAGE, SHL",Dry Dry Dry Dry Unsorted Salvage
812,177214,8587,F2KBANKS,Food 2 Kids Banks County,479834,,DIRECT ASSISTANCE,DIRECT ASSISTANCE-Agency,BLUE RECEIPT-SHL,N-03-10269,25,0,0,0.0,700,BANKS,0.0,3/20/2024 16:00,3/27/2024 10:01,Price Code 1,TRACTOR TRAILER 1 MOBILE PANTRY,False,Food Bank of Northeast Georgia,01,30607.0,Athens,PEPSI ZERO SUGAR,Dry Dry Dry Dry Beverages
812,176503,8915,F2KBANKS,Food 2 Kids Banks County,479127,,DIRECT ASSISTANCE,DIRECT ASSISTANCE-Agency,USDA,F-50-90474,1,0,0,0.0,40,BANKS,0.0,3/6/2024 15:30,3/8/2024 7:52,Price Code 1,TRUCK 1 MOBILE PANTRY,False,Food Bank of Northeast Georgia,01,30607.0,Athens,USDA PACIFIC SALAD SHRIMP,Frozen Frozen Frozen Frozen Proteins
845,179168,8677,H-146,"Homer Methodist Church, Inc.",481781,,FP/OP/USDA,FOOD PANTRY-Agency,LOCAL - LL,C-88-20000,56,0,0,0.0,56,BANKS,0.0,4/18/2024 8:50,4/18/2024 10:13,Price Code 1,CUSTOMER PICKUP,False,Sharing Floor Athens,01-SH,30547.0,Homer,"LFPA DAIRY, MISC",Cooled Cooled Cooled Cooled Dairy
812,172020,8765,F2KBANKS,Food 2 Kids Banks County,475651,,DIRECT ASSISTANCE,DIRECT ASSISTANCE-Agency,USDA,N-50-10307,10,0,0,0.0,270,BANKS,0.0,1/3/2024 12:00,1/16/2024 8:20,Price Code 1,TRUCK 1 MOBILE PANTRY,False,Food Bank of Northeast Georgia,01,30607.0,Athens,"USDA LIGHT RED KIDNEY BEANS, LOW SODIUM",Dry Dry Dry Dry Proteins
812,179556,7083,F2KBANKS,Food 2 Kids Banks County,482169,,DIRECT ASSISTANCE,DIRECT ASSISTANCE-Agency,USDA,C-50-10029,10,0,0,0.0,120,BANKS,0.0,5/1/2024 16:00,5/2/2024 10:35,Price Code 1,TRUCK 1 MOBILE PANTRY,False,Food Bank of Northeast Georgia,01,30607.0,Athens,"USDA MILD CHEDDAR CHEESE, BLOCK CCC",Cooled Cooled Cooled Cooled Dairy
575,180871,800,G-121,"Get Real Ministries, Inc.",483477,,FP/GNAP/USDA,FOOD PANTRY-Agency,USDA,N-50-10065,13,0,0,0.0,351,BANKS,0.0,5/20/2024 9:00,5/21/2024 16:15,Price Code 1,CUSTOMER PICKUP,False,Rabun Warehouse,02,30511.0,Baldwin,USDA APPLESAUCE,Dry Dry Dry Dry Fruits
439,173828,683,N-114,New Life Fellowship,477457,,FP/USDA,EMERGENCY-Agency,BLUE RECEIPT-SHL,W-16-10001,8,0,0,1.44,8,BANKS,0.18,1/30/2024 14:32,1/30/2024 9:35,Price Code 1,CUSTOMER PICKUP,False,Sharing Floor Athens,01-SH,30510.0,Alto,MISC. FOOD BOX SHL,Dry Dry Dry Dry Food Misc.
439,179853,683,N-114,New Life Fellowship,482464,,FP/USDA,EMERGENCY-Agency,BLUE RECEIPT-SHL,W-16-10001,132,0,0,23.76,132,BANKS,0.18,4/30/2024 14:32,4/30/2024 9:11,Price Code 1,CUSTOMER PICKUP,False,Sharing Floor Athens,01-SH,30510.0,Alto,MISC. FOOD BOX SHL,Dry Dry Dry Dry Food Misc.
845,173935,3139,H-146,"Homer Methodist Church, Inc.",477564,,FP/OP/USDA,FOOD PANTRY-Agency,USDA,N-50-10290,6,0,0,27.0,150,BANKS,0.18,2/6/2024 13:00,2/6/2024 13:31,Price Code 1,CUSTOMER PICKUP,False,Food Bank of Northeast Georgia,01,30547.0,Homer,USDA WHOLE ALMONDS DRY ROASTED,Dry Dry Dry Dry Proteins
439,175553,5938,N-114,New Life Fellowship,478182,,FP/USDA,EMERGENCY-Agency,BLUE RECEIPT-SHL,C-28-10001,53,0,0,1.59,53,BANKS,0.03,2/13/2024 14:32,2/13/2024 9:54,Price Code 1,CUSTOMER PICKUP,False,Sharing Floor Athens,01-SH,30510.0,Alto,"PRODUCE, FRESH SHL",Cooled Cooled Cooled Cooled Mixed Produce
845,181963,5407,H-146,"Homer Methodist Church, Inc.",484567,,FP/OP/USDA,FOOD PANTRY-Agency,BLUE RECEIPT-SHL,F-15-10000,39,0,0,7.02,39,BANKS,0.18,6/6/2024 8:50,6/6/2024 10:13,Price Code 1,CUSTOMER PICKUP,False,Sharing Floor Athens,01-SH,30547.0,Homer,"MEAT & SEAFOOD, FROZEN SHL",Frozen Frozen Frozen Frozen Proteins
