Agency Id,Order Id,Product Id,Agency Ref,Agency Name,Order Ref,Agency Activity,Agency Group,Agency Type,Product Category,Product Ref,Quantity,Total Purchased,Total Cost,Total Service Fee,Weight,County,Service Fee,Pickup Delivery Date,Confirmed Date,Service Fee Name,Shipping Method,Is Non Food,Warehouse Name,Warehouse Ref,Agency Postal Code,Agency City,Product Name,Food Category
953,182162,9044,C-179,Crossview Church Food Pantry,484766,,FP/GNAP/USDA,FOOD PANTRY-Agency,GNAP,N-40-10278,4,0,0,0.0,32,BARROW,0.0,6/24/2024 10:30,6/24/2024 13:15,Price Code 1,VAN 1,False,Food Bank of Northeast Georgia,01,30548.0,Hoschton,"GNAP PASTA SIDE, ALFREDO ",Prepared Meals
479,176285,5388,W-118,Winder Wesleyan Church,478910,,FP/OP,FOOD PANTRY-Agency,BLUE RECEIPT-SHL,F-16-10001,3,0,0,0.54,3,BARROW,0.18,2/27/2024 10:24,2/27/2024 10:29,Price Code 1,CUSTOMER PICKUP,False,Sharing Floor Athens,01-SH,30680.0,Winder,"ASSORTED FROZEN FOODS, SHL",Food Misc.
172,175123,696,P-104,Project Adam Community Asst Ct,477752,,ON PREMISES (OP),REHAB-Agency,LOCAL - LL,W-25-10000,27,0,0,4.86,27,BARROW,0.18,2/5/2024 13:41,2/5/2024 11:03,Price Code 1,CUSTOMER PICKUP,False,Sharing Floor Athens,01-SH,30680.0,Winder,"ASSORTED SNACK ITEMS, LL",Food Misc.
682,173185,683,C-170,Christ The King Ghana Methodist,476815,,DIRECT ASSISTANCE,FOOD PANTRY-Agency,BLUE RECEIPT-SHL,W-16-10001,81,0,0,14.58,81,BARROW,0.18,1/17/2024 15:05,1/17/2024 10:48,Price Code 1,CUSTOMER PICKUP,False,Sharing Floor Athens,01-SH,30680.0,Winder,MISC. FOOD BOX SHL,Food Misc.
1040,180765,4448,H-159,Hills Temple FBH Church,483371,,FP/OP/GNAP/USDA,FB DIRECT ASSISTANCE-Agency,USDA,F-50-90446,6,0,0,0.0,168,BARROW,0.0,5/17/2024 9:15,5/17/2024 10:44,Price Code 1,CUSTOMER PICKUP,False,Food Bank of Northeast Georgia,01,30680.0,Winder,USDA FROZEN STRAWBERRY FRUIT CUPS,Fruits
953,181721,8973,C-179,Crossview Church Food Pantry,FAIMPORT484325,,FP/GNAP/USDA,FOOD PANTRY-Agency,BLUE RECEIPT-SHL,MCC-16-10001,166,0,0,0.0,166,BARROW,0.0,5/29/2024 0:00,5/29/2024 0:00,Price Code 1,CUSTOMER PICKUP,False,Food Bank of Northeast Georgia,01,30548.0,Hoschton,"COOLER FOOD MISC., SHL RETAIL PICKUP",Food Misc.
1040,180109,9046,H-159,Hills Temple FBH Church,482717,,FP/OP/GNAP/USDA,FB DIRECT ASSISTANCE-Agency,GNAP,N-40-10280,5,0,0,0.0,50,BARROW,0.0,5/7/2024 8:45,5/7/2024 10:58,Price Code 1,CUSTOMER PICKUP,False,Food Bank of Northeast Georgia,01,30680.0,Winder,GNAP CHEESEBURGER DINNER,Prepared Meals
29,181295,8970,B-107,Barrow County Food Pantry,FAIMPORT483900,,FOOD PANTRY,FOOD PANTRY-Agency,BLUE RECEIPT-SHL,MCW-16-10001,84,0,0,0.0,84,BARROW,0.0,5/7/2024 0:00,5/7/2024 0:00,Price Code 1,CUSTOMER PICKUP,False,Food Bank of Northeast Georgia,01,30680.0,Winder,"MISC. FOOD BOX, SHL RETAIL PICKUP",Food Misc.
172,175630,8947,P-104,Project Adam Community Asst Ct,478258,,ON PREMISES (OP),REHAB-Agency,BLUE RECEIPT-SHL,N-03-11811,5,0,0,0.0,90,BARROW,0.0,2/20/2024 13:41,2/20/2024 10:41,Price Code 1,CUSTOMER PICKUP,False,Food Bank of Northeast Georgia,01,30680.0,Winder,PROPEL BERRY,Beverages
867,180933,5938,Y-108,YMCA of GA's Piedmont- Barrow County,483539,,FP/OP/GNAP/USDA,AT-RISK YOUTH-Agency,BLUE RECEIPT-SHL,C-28-10001,196,0,0,5.88,196,BARROW,0.03,5/16/2024 14:18,5/16/2024 10:26,Price Code 1,CUSTOMER PICKUP,False,Sharing Floor Athens,01-SH,30680.0,Winder,"PRODUCE, FRESH SHL",Mixed Produce
917,172667,8903,C-161,Church at Pierce Rd.,476298,,FP/OP,FOOD PANTRY-Agency,YELLOW RECEIPT - SHN,N-16-10181,4,0,0,3.6,20,BARROW,0.18,1/12/2024 9:39,1/12/2024 13:11,Price Code 1,CUSTOMER PICKUP,False,Food Bank of Northeast Georgia,01,30680.0,Winder,STOVE TOP STUFFING - TURKEY/CHICKEN/CORNBREAD,Prepared Meals
864,172780,92,W-124,Winder Church of God of Prophecy,476411,,FP/OP,FOOD PANTRY-Agency,LOCAL - LL,W-01-10002,15,0,0,2.7,15,BARROW,0.18,1/9/2024 12:22,1/9/2024 8:27,Price Code 1,CUSTOMER PICKUP,False,Sharing Floor Athens,01-SH,30680.0,Winder,"ASSORTED NON-FOOD ITEMS, LL",Non-Food Misc.
864,173450,875,W-124,Winder Church of God of Prophecy,477079,,FP/OP,FOOD PANTRY-Agency,BLUE RECEIPT-SHL,W-04-10000,18,0,0,0.0,18,BARROW,0.0,1/23/2024 12:22,1/23/2024 8:22,Price Code 1,CUSTOMER PICKUP,False,Sharing Floor Athens,01-SH,30680.0,Winder,"BREAD & BAKERY, ASSORTED SHL",Grains
781,176344,5938,R-130,"Richard C. Wilson Recovery Residence, INC",478969,,ON PREMISES (OP),REHAB-Agency,BLUE RECEIPT-SHL,C-28-10001,74,0,0,2.22,74,BARROW,0.03,2/28/2024 9:09,2/28/2024 8:41,Price Code 1,CUSTOMER PICKUP,False,Sharing Floor Athens,01-SH,30666.0,Statham,"PRODUCE, FRESH SHL",Mixed Produce
953,180171,123,C-179,Crossview Church Food Pantry,482777,,FP/GNAP/USDA,FOOD PANTRY-Agency,GNAP,N-40-10002,10,0,0,0.0,150,BARROW,0.0,5/8/2024 9:30,5/9/2024 9:19,Price Code 1,TRACTOR TRAILER 1,False,Food Bank of Northeast Georgia,01,30548.0,Hoschton,GNAP PEANUT BUTTER,Proteins
29,175854,8914,B-107,Barrow County Food Pantry,478482,,FOOD PANTRY,FOOD PANTRY-Agency,USDA,N-50-10310,25,0,0,0.0,675,BARROW,0.0,2/22/2024 7:00,2/22/2024 6:27,Price Code 1,TRACTOR TRAILER 1 MOBILE PANTRY,False,Food Bank of Northeast Georgia,01,30680.0,Winder,USDA DICED POTATOES,Potatoes
600,173468,8837,S-140,SYTGE (Seeing You Through God's Eyes) Outreach Ministry,477097,,FOOD PANTRY,FOOD PANTRY-Agency,BLUE RECEIPT-SHL,N-03-11773,2,0,0,0.0,20,BARROW,0.0,2/15/2024 9:30,2/15/2024 10:15,Price Code 1,CUSTOMER PICKUP,False,Food Bank of Northeast Georgia,01,30680.0,Winder,MT DEW PASSSIONFRUIT PUNCH,Beverages
917,180566,7414,C-161,Church at Pierce Rd.,483172,,FP/OP,FOOD PANTRY-Agency,PURCH,C-28-90525,2,0,0,0.0,44,BARROW,0.0,5/24/2024 10:30,5/24/2024 9:59,Price Code 1,CUSTOMER PICKUP,False,Food Bank of Northeast Georgia,01,30680.0,Winder,BROCCOLI CROWNS,Vegetables
781,172620,8909,R-130,"Richard C. Wilson Recovery Residence, INC",476251,,ON PREMISES (OP),REHAB-Agency,BLUE RECEIPT-SHL,N-03-11795,4,0,0,12.24,68,BARROW,0.18,1/12/2024 9:09,1/12/2024 8:50,Price Code 1,CUSTOMER PICKUP,False,Food Bank of Northeast Georgia,01,30666.0,Statham,STARBUCKS VANILLA FRAPPUCCINO,Beverages
864,179412,690,W-124,Winder Church of God of Prophecy,482025,,FP/OP,FOOD PANTRY-Agency,BLUE RECEIPT-SHL,W-03-10013,114,0,0,0.0,114,BARROW,0.0,4/23/2024 12:22,4/23/2024 8:19,Price Code 1,CUSTOMER PICKUP,False,Sharing Floor Athens,01-SH,30680.0,Winder,"ASSORTED BEVERAGES, SHL",Beverages
29,178713,8974,B-107,Barrow County Food Pantry,FAIMPORT481327,,FOOD PANTRY,FOOD PANTRY-Agency,BLUE RECEIPT-SHL,MCW-04-10000,74,0,0,0.0,74,BARROW,0.0,4/8/2024 0:00,4/8/2024 0:00,Price Code 1,CUSTOMER PICKUP,False,Food Bank of Northeast Georgia,01,30680.0,Winder,"BREAD AND BAKERY, SHL RETAIL PICKUPS",Grains
867,180197,170,Y-108,YMCA of GA's Piedmont- Barrow County,482803,,FP/OP/GNAP/USDA,AT-RISK YOUTH-Agency,USDA,N-50-10007,3,0,0,15.12,84,BARROW,0.18,5/8/2024 10:45,5/8/2024 11:20,Price Code 1,CUSTOMER PICKUP,False,Food Bank of Northeast Georgia,01,30680.0,Winder,"USDA CORN, WHOLE KERNEL NO SALT",Vegetables
1040,180765,9053,H-159,Hills Temple FBH Church,483371,,FP/OP/GNAP/USDA,FB DIRECT ASSISTANCE-Agency,GNAP,N-40-10284,18,0,0,0.0,360,BARROW,0.0,5/17/2024 9:15,5/17/2024 10:44,Price Code 1,CUSTOMER PICKUP,False,Food Bank of Northeast Georgia,01,30680.0,Winder,"GNAP 100% VERY BERRY JUICE, SINGLE SERVE",Beverages
1009,172984,690,S-142,"SAY In Need, Inc",476614,,OP/USDA,FEED SITE-Agency,BLUE RECEIPT-SHL,W-03-10013,330,0,0,0.0,330,BARROW,0.0,1/12/2024 8:26,1/12/2024 9:01,Price Code 1,CUSTOMER PICKUP,False,Sharing Floor Athens,01-SH,30620.0,Bethlehem,"ASSORTED BEVERAGES, SHL",Beverages
29,177860,8976,B-107,Barrow County Food Pantry,FAIMPORT480479,,FOOD PANTRY,FOOD PANTRY-Agency,BLUE RECEIPT-SHL,MCC-28-10001,74,0,0,0.0,74,BARROW,0.0,3/22/2024 0:00,3/22/2024 0:00,Price Code 1,CUSTOMER PICKUP,False,Food Bank of Northeast Georgia,01,30680.0,Winder,"PRODUCE, SHL RETAIL PICKUPS",Mixed Produce
172,176163,5388,P-104,Project Adam Community Asst Ct,478789,,ON PREMISES (OP),REHAB-Agency,BLUE RECEIPT-SHL,F-16-10001,17,0,0,3.06,17,BARROW,0.18,2/26/2024 13:41,2/26/2024 9:24,Price Code 1,CUSTOMER PICKUP,False,Sharing Floor Athens,01-SH,30680.0,Winder,"ASSORTED FROZEN FOODS, SHL",Food Misc.
917,181674,688,C-161,Church at Pierce Rd.,484278,,FP/OP,FOOD PANTRY-Agency,BLUE RECEIPT-SHL,W-01-10000,1,0,0,0.18,1,BARROW,0.18,5/31/2024 9:39,5/31/2024 9:48,Price Code 1,CUSTOMER PICKUP,False,Sharing Floor Athens,01-SH,30680.0,Winder,"ASSORTED NON-FOOD ITEMS, SHL",Non-Food Misc.
600,181572,7061,S-140,SYTGE (Seeing You Through God's Eyes) Outreach Ministry,484176,,FOOD PANTRY,FOOD PANTRY-Agency,USDA,C-50-10021,1,0,0,1.26,42,BARROW,0.03,6/5/2024 9:30,6/5/2024 9:51,Price Code 1,CUSTOMER PICKUP,False,Food Bank of Northeast Georgia,01,30680.0,Winder,USDA FRESH ORANGES,Fruits
917,180590,875,C-161,Church at Pierce Rd.,483196,,FP/OP,FOOD PANTRY-Agency,BLUE RECEIPT-SHL,W-04-10000,59,0,0,0.0,59,BARROW,0.0,5/10/2024 9:39,5/10/2024 9:44,Price Code 1,CUSTOMER PICKUP,False,Sharing Floor Athens,01-SH,30680.0,Winder,"BREAD & BAKERY, ASSORTED SHL",Grains
576,173797,8661,F2KBARROW,Food 2 Kids Barrow County,477426,,DIRECT ASSISTANCE,DIRECT ASSISTANCE-Agency,GNAP,N-40-10264,10,0,0,0.0,290,BARROW,0.0,2/14/2024 9:00,3/5/2024 13:20,Price Code 1,TRACTOR TRAILER 2 MOBILE PANTRY,False,Food Bank of Northeast Georgia,01,,Athens,GNAP 2% MILK-FAMILY SIZE,Dairy
917,182016,5938,C-161,Church at Pierce Rd.,484620,,FP/OP,FOOD PANTRY-Agency,BLUE RECEIPT-SHL,C-28-10001,95,0,0,2.85,95,BARROW,0.03,6/7/2024 9:39,6/7/2024 9:46,Price Code 1,CUSTOMER PICKUP,False,Sharing Floor Athens,01-SH,30680.0,Winder,"PRODUCE, FRESH SHL",Mixed Produce
917,180128,5388,C-161,Church at Pierce Rd.,482736,,FP/OP,FOOD PANTRY-Agency,BLUE RECEIPT-SHL,F-16-10001,65,0,0,11.7,65,BARROW,0.18,5/3/2024 9:39,5/3/2024 9:43,Price Code 1,CUSTOMER PICKUP,False,Sharing Floor Athens,01-SH,30680.0,Winder,"ASSORTED FROZEN FOODS, SHL",Food Misc.
600,179648,9030,S-140,SYTGE (Seeing You Through God's Eyes) Outreach Ministry,482261,,FOOD PANTRY,FOOD PANTRY-Agency,YELLOW RECEIPT - SHN,N-25-11972,1,0,0,0.54,3,BARROW,0.18,4/30/2024 13:46,4/30/2024 14:01,Price Code 1,CUSTOMER PICKUP,False,Food Bank of Northeast Georgia,01,30680.0,Winder,BIGS TANGY BBQ SUNFLOWER SEEDS,Proteins
781,178113,5681,R-130,"Richard C. Wilson Recovery Residence, INC",480732,,ON PREMISES (OP),REHAB-Agency,LOCAL - LL,C-16-10000,56,0,0,10.08,56,BARROW,0.18,4/2/2024 9:09,4/2/2024 10:27,Price Code 1,CUSTOMER PICKUP,False,Sharing Floor Athens,01-SH,30666.0,Statham,"COOLER FOOD, MISC. LL",Food Misc.
29,181711,8974,B-107,Barrow County Food Pantry,FAIMPORT484315,,FOOD PANTRY,FOOD PANTRY-Agency,BLUE RECEIPT-SHL,MCW-04-10000,109,0,0,0.0,109,BARROW,0.0,5/27/2024 0:00,5/27/2024 0:00,Price Code 1,CUSTOMER PICKUP,False,Food Bank of Northeast Georgia,01,30680.0,Winder,"BREAD AND BAKERY, SHL RETAIL PICKUPS",Grains
781,179940,875,R-130,"Richard C. Wilson Recovery Residence, INC",482550,,ON PREMISES (OP),REHAB-Agency,BLUE RECEIPT-SHL,W-04-10000,15,0,0,0.0,15,BARROW,0.0,5/1/2024 9:09,5/1/2024 9:27,Price Code 1,CUSTOMER PICKUP,False,Sharing Floor Athens,01-SH,30666.0,Statham,"BREAD & BAKERY, ASSORTED SHL",Grains
781,173772,8929,R-130,"Richard C. Wilson Recovery Residence, INC",477401,,ON PREMISES (OP),REHAB-Agency,BLUE RECEIPT-SHL,N-03-11804,10,0,0,0.0,180,BARROW,0.0,2/2/2024 9:09,2/14/2024 13:17,Price Code 1,CUSTOMER PICKUP,False,Food Bank of Northeast Georgia,01,30666.0,Statham,GATORADE GRAPE LOWER SUGAR,Beverages
953,181596,9051,C-179,Crossview Church Food Pantry,484200,,FP/GNAP/USDA,FOOD PANTRY-Agency,GNAP,N-40-10282,6,0,0,0.0,96,BARROW,0.0,6/4/2024 11:00,6/13/2024 16:53,Price Code 1,TRUCK 1,False,Food Bank of Northeast Georgia,01,30548.0,Hoschton,GNAP WHITE GRITS,Grains
781,176002,5407,R-130,"Richard C. Wilson Recovery Residence, INC",478630,,ON PREMISES (OP),REHAB-Agency,BLUE RECEIPT-SHL,F-15-10000,74,0,0,13.32,74,BARROW,0.18,2/22/2024 9:09,2/22/2024 8:33,Price Code 1,CUSTOMER PICKUP,False,Sharing Floor Athens,01-SH,30666.0,Statham,"MEAT & SEAFOOD, FROZEN SHL",Proteins
1013,181770,1791,S-143,"Spirit Of Sharing, INC",484374,,FP/GNAP/USDA,FOOD PANTRY-Agency,USDA,N-50-10079,13,0,0,0.0,338,BARROW,0.0,6/5/2024 9:00,6/5/2024 13:08,Price Code 1,TRUCK 1 MOBILE PANTRY,False,Food Bank of Northeast Georgia,01,30680.0,Winder,USDA WALNUT HALVES AND PIECES,Proteins
917,173300,92,C-161,Church at Pierce Rd.,476929,,FP/OP,FOOD PANTRY-Agency,LOCAL - LL,W-01-10002,33,0,0,5.94,33,BARROW,0.18,1/19/2024 9:39,1/19/2024 10:08,Price Code 1,CUSTOMER PICKUP,False,Sharing Floor Athens,01-SH,30680.0,Winder,"ASSORTED NON-FOOD ITEMS, LL",Non-Food Misc.
917,182590,1045,C-161,Church at Pierce Rd.,485193,,FP/OP,FOOD PANTRY-Agency,BLUE RECEIPT-SHL,W-25-10009,38,0,0,6.84,38,BARROW,0.18,6/26/2024 9:39,6/26/2024 10:37,Price Code 1,CUSTOMER PICKUP,False,Food Bank of Northeast Georgia,01,30680.0,Winder,"ASSORTED SNACK ITEMS, SHL",Food Misc.
29,179436,4448,B-107,Barrow County Food Pantry,482049,,FOOD PANTRY,FOOD PANTRY-Agency,USDA,F-50-90446,52,0,0,0.0,1456,BARROW,0.0,4/25/2024 7:00,4/25/2024 6:17,Price Code 1,TRACTOR TRAILER 1 MOBILE PANTRY,False,Food Bank of Northeast Georgia,01,30680.0,Winder,USDA FROZEN STRAWBERRY FRUIT CUPS,Fruits
172,176524,8982,P-104,Project Adam Community Asst Ct,479148,,ON PREMISES (OP),REHAB-Agency,BLUE RECEIPT-SHL,F-15-90555,3,0,0,7.02,39,BARROW,0.18,3/11/2024 13:41,3/11/2024 10:08,Price Code 1,CUSTOMER PICKUP,False,Food Bank of Northeast Georgia,01,30680.0,Winder,HORMEL BLACK LABEL BACON,Proteins
867,176742,3943,Y-108,YMCA of GA's Piedmont- Barrow County,479365,,FP/OP/GNAP/USDA,AT-RISK YOUTH-Agency,USDA,N-50-10268,5,0,0,5.7,190,BARROW,0.03,3/11/2024 14:18,3/11/2024 15:01,Price Code 1,CUSTOMER PICKUP,False,Food Bank of Northeast Georgia,01,30680.0,Winder,USDA APPLE JUICE,Beverages
917,175398,5407,C-161,Church at Pierce Rd.,478027,,FP/OP,FOOD PANTRY-Agency,BLUE RECEIPT-SHL,F-15-10000,17,0,0,0.0,17,BARROW,0.0,2/9/2024 9:39,2/9/2024 9:46,Price Code 1,CUSTOMER PICKUP,False,Sharing Floor Athens,01-SH,30680.0,Winder,"MEAT & SEAFOOD, FROZEN SHL",Proteins
29,182927,8986,B-107,Barrow County Food Pantry,FAIMPORT485528,,FOOD PANTRY,FOOD PANTRY-Agency,BLUE RECEIPT-SHL,MCW-01-10001,20,0,0,0.0,20,BARROW,0.0,6/18/2024 0:00,6/18/2024 0:00,Price Code 1,CUSTOMER PICKUP,False,Food Bank of Northeast Georgia,01,30680.0,Winder,"NON-FOOD ITEMS, SHL RETAIL PICKUPS",Non-Food Misc.
953,181839,8973,C-179,Crossview Church Food Pantry,FAIMPORT484443,,FP/GNAP/USDA,FOOD PANTRY-Agency,BLUE RECEIPT-SHL,MCC-16-10001,47,0,0,0.0,47,BARROW,0.0,6/3/2024 0:00,6/3/2024 0:00,Price Code 1,CUSTOMER PICKUP,False,Food Bank of Northeast Georgia,01,30548.0,Hoschton,"COOLER FOOD MISC., SHL RETAIL PICKUP",Food Misc.
1013,175108,842,S-143,"Spirit Of Sharing, INC",477738,,FP/GNAP/USDA,FOOD PANTRY-Agency,USDA,N-50-10021,13,0,0,0.0,351,BARROW,0.0,2/7/2024 9:00,2/14/2024 9:38,Price Code 1,TRUCK 1 MOBILE PANTRY,False,Food Bank of Northeast Georgia,01,30680.0,Winder,USDA DICED TOMATOES NO SALT CCC,Vegetables
29,176405,8974,B-107,Barrow County Food Pantry,FAIMPORT479029,,FOOD PANTRY,FOOD PANTRY-Agency,BLUE RECEIPT-SHL,MCW-04-10000,153,0,0,0.0,153,BARROW,0.0,2/24/2024 0:00,2/24/2024 0:00,Price Code 1,CUSTOMER PICKUP,False,Food Bank of Northeast Georgia,01,30680.0,Winder,"BREAD AND BAKERY, SHL RETAIL PICKUPS",Grains
682,175955,5772,C-170,Christ The King Ghana Methodist,478583,,DIRECT ASSISTANCE,FOOD PANTRY-Agency,LOCAL - LL,C-28-10000,233,0,0,6.99,233,BARROW,0.03,2/21/2024 15:05,2/21/2024 10:44,Price Code 1,CUSTOMER PICKUP,False,Sharing Floor Athens,01-SH,30680.0,Winder,"PRODUCE, FRESH LL",Mixed Produce
576,178167,8943,F2KBARROW,Food 2 Kids Barrow County,480786,,DIRECT ASSISTANCE,DIRECT ASSISTANCE-Agency,BLUE RECEIPT-SHL,C-28-90534,8,0,0,0.0,336,BARROW,0.0,4/10/2024 9:00,4/10/2024 9:40,Price Code 1,TRUCK 1 MOBILE PANTRY,False,Food Bank of Northeast Georgia,01,,Athens,"SWEET POTATO, SHL",Potatoes
1038,179717,7083,C-184,"Called to Serve Georgia, Inc",482330,,FP/OP/USDA,FOOD PANTRY-Agency,USDA,C-50-10029,9,0,0,19.44,108,BARROW,0.18,5/3/2024 13:58,5/3/2024 14:07,Price Code 1,CUSTOMER PICKUP,False,Food Bank of Northeast Georgia,01,30680.0,Winder,"USDA MILD CHEDDAR CHEESE, BLOCK CCC",Dairy
172,182516,683,P-104,Project Adam Community Asst Ct,485119,,ON PREMISES (OP),REHAB-Agency,BLUE RECEIPT-SHL,W-16-10001,321,0,0,0.0,321,BARROW,0.0,6/24/2024 13:41,6/24/2024 8:55,Price Code 1,CUSTOMER PICKUP,False,Sharing Floor Athens,01-SH,30680.0,Winder,MISC. FOOD BOX SHL,Food Misc.
29,178202,8974,B-107,Barrow County Food Pantry,FAIMPORT480820,,FOOD PANTRY,FOOD PANTRY-Agency,BLUE RECEIPT-SHL,MCW-04-10000,147,0,0,0.0,147,BARROW,0.0,4/1/2024 0:00,4/1/2024 0:00,Price Code 1,CUSTOMER PICKUP,False,Food Bank of Northeast Georgia,01,30680.0,Winder,"BREAD AND BAKERY, SHL RETAIL PICKUPS",Grains
576,180247,9015,F2KBARROW,Food 2 Kids Barrow County,482853,,DIRECT ASSISTANCE,DIRECT ASSISTANCE-Agency,USDA,N-50-10314,7,0,0,0.0,343,BARROW,0.0,5/8/2024 9:00,5/9/2024 9:40,Price Code 1,TRUCK 1 MOBILE PANTRY,False,Food Bank of Northeast Georgia,01,,Athens,USDA RICE CCC,Grains
917,179250,688,C-161,Church at Pierce Rd.,481863,,FP/OP,FOOD PANTRY-Agency,BLUE RECEIPT-SHL,W-01-10000,100,0,0,0.0,100,BARROW,0.0,4/19/2024 9:39,4/19/2024 9:20,Price Code 1,CUSTOMER PICKUP,False,Sharing Floor Athens,01-SH,30680.0,Winder,"ASSORTED NON-FOOD ITEMS, SHL",Non-Food Misc.
863,173652,690,A-148,Auburn First Baptist Church,477281,,FOOD PANTRY,FOOD PANTRY-Agency,BLUE RECEIPT-SHL,W-03-10013,350,0,0,0.0,350,BARROW,0.0,1/26/2024 8:05,1/26/2024 8:20,Price Code 1,CUSTOMER PICKUP,False,Sharing Floor Athens,01-SH,30011.0,Auburn,"ASSORTED BEVERAGES, SHL",Beverages
781,173895,5388,R-130,"Richard C. Wilson Recovery Residence, INC",477524,,ON PREMISES (OP),REHAB-Agency,BLUE RECEIPT-SHL,F-16-10001,36,0,0,6.48,36,BARROW,0.18,1/31/2024 9:09,1/31/2024 9:44,Price Code 1,CUSTOMER PICKUP,False,Sharing Floor Athens,01-SH,30666.0,Statham,"ASSORTED FROZEN FOODS, SHL",Food Misc.
917,176501,5407,C-161,Church at Pierce Rd.,479125,,FP/OP,FOOD PANTRY-Agency,BLUE RECEIPT-SHL,F-15-10000,110,0,0,19.8,110,BARROW,0.18,3/1/2024 9:39,3/1/2024 9:56,Price Code 1,CUSTOMER PICKUP,False,Sharing Floor Athens,01-SH,30680.0,Winder,"MEAT & SEAFOOD, FROZEN SHL",Proteins
600,178172,8971,S-140,SYTGE (Seeing You Through God's Eyes) Outreach Ministry,FAIMPORT480791,,FOOD PANTRY,FOOD PANTRY-Agency,BLUE RECEIPT-SHL,MCF-16-10001,286,0,0,0.0,286,BARROW,0.0,3/30/2024 0:00,3/30/2024 0:00,Price Code 1,CUSTOMER PICKUP,False,Food Bank of Northeast Georgia,01,30680.0,Winder,"FROZEN FOODS, MISC SHL RETAIL PICKUP",Food Misc.
953,177596,8972,C-179,Crossview Church Food Pantry,FAIMPORT480216,,FP/GNAP/USDA,FOOD PANTRY-Agency,BLUE RECEIPT-SHL,MCF-15-10000,790,0,0,0.0,790,BARROW,0.0,3/18/2024 0:00,3/18/2024 0:00,Price Code 1,CUSTOMER PICKUP,False,Food Bank of Northeast Georgia,01,30548.0,Hoschton,"FROZEN MEAT & SEAFOOD, SHL RETAIL PICKUP",Proteins
867,175743,5772,Y-108,YMCA of GA's Piedmont- Barrow County,478371,,FP/OP/GNAP/USDA,AT-RISK YOUTH-Agency,LOCAL - LL,C-28-10000,139,0,0,4.17,139,BARROW,0.03,2/16/2024 14:18,2/16/2024 10:22,Price Code 1,CUSTOMER PICKUP,False,Sharing Floor Athens,01-SH,30680.0,Winder,"PRODUCE, FRESH LL",Mixed Produce
29,182132,8974,B-107,Barrow County Food Pantry,FAIMPORT484736,,FOOD PANTRY,FOOD PANTRY-Agency,BLUE RECEIPT-SHL,MCW-04-10000,109,0,0,0.0,109,BARROW,0.0,6/11/2024 0:00,6/11/2024 0:00,Price Code 1,CUSTOMER PICKUP,False,Food Bank of Northeast Georgia,01,30680.0,Winder,"BREAD AND BAKERY, SHL RETAIL PICKUPS",Grains
682,176755,5938,C-170,Christ The King Ghana Methodist,479378,,DIRECT ASSISTANCE,FOOD PANTRY-Agency,BLUE RECEIPT-SHL,C-28-10001,226,0,0,6.78,226,BARROW,0.03,3/6/2024 15:05,3/6/2024 10:52,Price Code 1,CUSTOMER PICKUP,False,Sharing Floor Athens,01-SH,30680.0,Winder,"PRODUCE, FRESH SHL",Mixed Produce
953,181972,8970,C-179,Crossview Church Food Pantry,FAIMPORT484576,,FP/GNAP/USDA,FOOD PANTRY-Agency,BLUE RECEIPT-SHL,MCW-16-10001,20,0,0,0.0,20,BARROW,0.0,6/5/2024 0:00,6/5/2024 0:00,Price Code 1,CUSTOMER PICKUP,False,Food Bank of Northeast Georgia,01,30548.0,Hoschton,"MISC. FOOD BOX, SHL RETAIL PICKUP",Food Misc.
953,177809,8972,C-179,Crossview Church Food Pantry,FAIMPORT480428,,FP/GNAP/USDA,FOOD PANTRY-Agency,BLUE RECEIPT-SHL,MCF-15-10000,123,0,0,0.0,123,BARROW,0.0,3/20/2024 0:00,3/20/2024 0:00,Price Code 1,CUSTOMER PICKUP,False,Food Bank of Northeast Georgia,01,30548.0,Hoschton,"FROZEN MEAT & SEAFOOD, SHL RETAIL PICKUP",Proteins
172,173558,8935,P-104,Project Adam Community Asst Ct,477187,,ON PREMISES (OP),REHAB-Agency,BLUE RECEIPT-SHL,F-15-90553,3,0,0,7.02,39,BARROW,0.18,1/29/2024 13:41,2/7/2024 8:12,Price Code 1,CUSTOMER PICKUP,False,Food Bank of Northeast Georgia,01,30680.0,Winder,PERDUE THIN SLICED CHICKEN BREAST,Proteins
953,179199,8975,C-179,Crossview Church Food Pantry,FAIMPORT481812,,FP/GNAP/USDA,FOOD PANTRY-Agency,BLUE RECEIPT-SHL,MCC-07-10001,18,0,0,0.0,18,BARROW,0.0,4/15/2024 0:00,4/15/2024 0:00,Price Code 1,CUSTOMER PICKUP,False,Food Bank of Northeast Georgia,01,30548.0,Hoschton,"DAIRY PRODUCTS, SHL RETAIL PICKUPS",Dairy
682,176359,5958,C-170,Christ The King Ghana Methodist,478984,,DIRECT ASSISTANCE,FOOD PANTRY-Agency,BLUE RECEIPT-SHL,C-16-10001,283,0,0,50.94,283,BARROW,0.18,2/28/2024 15:05,2/28/2024 10:56,Price Code 1,CUSTOMER PICKUP,False,Sharing Floor Athens,01-SH,30680.0,Winder,"COOLER FOOD, MISC. SHL",Food Misc.
29,181117,842,B-107,Barrow County Food Pantry,483722,,FOOD PANTRY,FOOD PANTRY-Agency,USDA,N-50-10021,25,0,0,0.0,675,BARROW,0.0,5/23/2024 8:19,5/28/2024 7:55,Price Code 1,TRACTOR TRAILER 1 MOBILE PANTRY,False,Food Bank of Northeast Georgia,01,30680.0,Winder,USDA DICED TOMATOES NO SALT CCC,Vegetables
1013,176588,8559,S-143,"Spirit Of Sharing, INC",479212,,FP/GNAP/USDA,FOOD PANTRY-Agency,BLUE RECEIPT-SHL,C-28-90529,54,0,0,0.0,2160,BARROW,0.0,3/6/2024 9:00,3/6/2024 10:23,Price Code 1,TRUCK 1 MOBILE PANTRY,False,Food Bank of Northeast Georgia,01,30680.0,Winder,"ORANGES, BULK",Fruits
864,173094,5772,W-124,Winder Church of God of Prophecy,476724,,FP/OP,FOOD PANTRY-Agency,LOCAL - LL,C-28-10000,23,0,0,0.69,23,BARROW,0.03,1/16/2024 12:22,1/16/2024 8:20,Price Code 1,CUSTOMER PICKUP,False,Sharing Floor Athens,01-SH,30680.0,Winder,"PRODUCE, FRESH LL",Mixed Produce
29,179436,8997,B-107,Barrow County Food Pantry,482049,,FOOD PANTRY,FOOD PANTRY-Agency,USDA,N-50-10312,50,0,0,0.0,600,BARROW,0.0,4/25/2024 7:00,4/25/2024 6:17,Price Code 1,TRACTOR TRAILER 1 MOBILE PANTRY,False,Food Bank of Northeast Georgia,01,30680.0,Winder,USDA CHILI W/ BEANS CCC,Prepared Meals
172,176524,8922,P-104,Project Adam Community Asst Ct,479148,,ON PREMISES (OP),REHAB-Agency,LOCAL - LL,N-25-11954,4,0,0,3.6,20,BARROW,0.18,3/11/2024 13:41,3/11/2024 10:08,Price Code 1,CUSTOMER PICKUP,False,Food Bank of Northeast Georgia,01,30680.0,Winder,ATKINS VAR PACK CHOC PEANUT/CARAMEL,Food Misc.
917,172307,8893,C-161,Church at Pierce Rd.,475938,,FP/OP,FOOD PANTRY-Agency,LOCAL - LL,N-25-11947,1,0,0,1.08,6,BARROW,0.18,1/5/2024 9:39,1/5/2024 14:36,Price Code 1,CUSTOMER PICKUP,False,Food Bank of Northeast Georgia,01,30680.0,Winder,CELLAS CHOCOLATE COVERED CHERRIES,Food Misc.
864,179028,875,W-124,Winder Church of God of Prophecy,481642,,FP/OP,FOOD PANTRY-Agency,BLUE RECEIPT-SHL,W-04-10000,21,0,0,0.0,21,BARROW,0.0,4/16/2024 12:22,4/16/2024 8:21,Price Code 1,CUSTOMER PICKUP,False,Sharing Floor Athens,01-SH,30680.0,Winder,"BREAD & BAKERY, ASSORTED SHL",Grains
917,179659,875,C-161,Church at Pierce Rd.,482272,,FP/OP,FOOD PANTRY-Agency,BLUE RECEIPT-SHL,W-04-10000,31,0,0,0.0,31,BARROW,0.0,4/26/2024 9:39,4/26/2024 9:28,Price Code 1,CUSTOMER PICKUP,False,Sharing Floor Athens,01-SH,30680.0,Winder,"BREAD & BAKERY, ASSORTED SHL",Grains
867,181186,4737,Y-108,YMCA of GA's Piedmont- Barrow County,483791,,FP/OP/GNAP/USDA,AT-RISK YOUTH-Agency,USDA,F-50-90456,1,0,0,7.2,40,BARROW,0.18,5/28/2024 9:00,5/28/2024 9:11,Price Code 1,CUSTOMER PICKUP,False,Food Bank of Northeast Georgia,01,30680.0,Winder,USDA PORK PATTY,Proteins
917,178317,8996,C-161,Church at Pierce Rd.,480933,,FP/OP,FOOD PANTRY-Agency,LOCAL - LL,C-07-90662,10,0,0,0.0,140,BARROW,0.0,4/12/2024 9:39,4/12/2024 10:31,Price Code 1,CUSTOMER PICKUP,False,Food Bank of Northeast Georgia,01,30680.0,Winder,DUNKIN COFFEE CREAMER,Food Misc.
867,178476,842,Y-108,YMCA of GA's Piedmont- Barrow County,481092,,FP/OP/GNAP/USDA,AT-RISK YOUTH-Agency,USDA,N-50-10021,3,0,0,14.58,81,BARROW,0.18,4/10/2024 14:18,4/10/2024 10:42,Price Code 1,CUSTOMER PICKUP,False,Food Bank of Northeast Georgia,01,30680.0,Winder,USDA DICED TOMATOES NO SALT CCC,Vegetables
172,180293,7414,P-104,Project Adam Community Asst Ct,482899,,ON PREMISES (OP),REHAB-Agency,PURCH,C-28-90525,2,0,0,0.0,44,BARROW,0.0,5/13/2024 11:15,5/13/2024 10:47,Price Code 1,CUSTOMER PICKUP,False,Food Bank of Northeast Georgia,01,30680.0,Winder,BROCCOLI CROWNS,Vegetables
863,180999,5938,A-148,Auburn First Baptist Church,483604,,FOOD PANTRY,FOOD PANTRY-Agency,BLUE RECEIPT-SHL,C-28-10001,414,0,0,12.42,414,BARROW,0.03,5/17/2024 8:05,5/17/2024 8:12,Price Code 1,CUSTOMER PICKUP,False,Sharing Floor Athens,01-SH,30011.0,Auburn,"PRODUCE, FRESH SHL",Mixed Produce
1040,180109,5637,H-159,Hills Temple FBH Church,482717,,FP/OP/GNAP/USDA,FB DIRECT ASSISTANCE-Agency,USDA,F-50-90019,2,0,0,0.0,60,BARROW,0.0,5/7/2024 8:45,5/7/2024 10:58,Price Code 1,CUSTOMER PICKUP,False,Food Bank of Northeast Georgia,01,30680.0,Winder,USDA FROZEN BLUEBERRIES CCC,Fruits
864,182303,683,W-124,Winder Church of God of Prophecy,484907,,FP/OP,FOOD PANTRY-Agency,BLUE RECEIPT-SHL,W-16-10001,13,0,0,2.34,13,BARROW,0.18,6/18/2024 12:22,6/18/2024 8:13,Price Code 1,CUSTOMER PICKUP,False,Sharing Floor Athens,01-SH,30680.0,Winder,MISC. FOOD BOX SHL,Food Misc.
1013,178003,6816,S-143,"Spirit Of Sharing, INC",480622,,FP/GNAP/USDA,FOOD PANTRY-Agency,BLUE RECEIPT-SHL,C-28-90345,38,0,0,0.0,1900,BARROW,0.0,4/3/2024 9:00,4/5/2024 13:52,Price Code 1,TRUCK 1 MOBILE PANTRY,False,Food Bank of Northeast Georgia,01,30680.0,Winder,CARROTS,Vegetables
781,175351,690,R-130,"Richard C. Wilson Recovery Residence, INC",477980,,ON PREMISES (OP),REHAB-Agency,BLUE RECEIPT-SHL,W-03-10013,182,0,0,5.46,182,BARROW,0.03,2/8/2024 9:09,2/8/2024 11:48,Price Code 1,CUSTOMER PICKUP,False,Sharing Floor Athens,01-SH,30666.0,Statham,"ASSORTED BEVERAGES, SHL",Beverages
1034,176082,1791,M-140BARROW,Barrow County MedLink Georgia,478709,,DIRECT ASSISTANCE,MOBILE PANTRY-Agency,USDA,N-50-10079,9,0,0,0.0,234,BARROW,0.0,3/1/2024 9:40,3/5/2024 6:34,Price Code 1,TRUCK 1 MOBILE PANTRY,False,Food Bank of Northeast Georgia,01,30628.0,Colbert,USDA WALNUT HALVES AND PIECES,Proteins
585,172713,3954,F2K360BAR,F2K360 BARROW,476344,,FP/OP/GNAP/USDA,DIRECT ASSISTANCE-Agency,GNAP,N-40-10164,4,0,0,0.0,108,BARROW,0.0,1/10/2024 9:00,1/10/2024 12:56,Price Code 1,TRUCK 1 MOBILE PANTRY,False,Food Bank of Northeast Georgia,01,30607.0,ATHENS,"GNAP GREEN PEAS, LOW SODIUM",Proteins
863,182009,5938,A-148,Auburn First Baptist Church,484613,,FOOD PANTRY,FOOD PANTRY-Agency,BLUE RECEIPT-SHL,C-28-10001,315,0,0,9.45,315,BARROW,0.03,6/7/2024 8:05,6/7/2024 8:22,Price Code 1,CUSTOMER PICKUP,False,Sharing Floor Athens,01-SH,30011.0,Auburn,"PRODUCE, FRESH SHL",Mixed Produce
29,178715,8986,B-107,Barrow County Food Pantry,FAIMPORT481329,,FOOD PANTRY,FOOD PANTRY-Agency,BLUE RECEIPT-SHL,MCW-01-10001,27,0,0,0.0,27,BARROW,0.0,4/9/2024 0:00,4/9/2024 0:00,Price Code 1,CUSTOMER PICKUP,False,Food Bank of Northeast Georgia,01,30680.0,Winder,"NON-FOOD ITEMS, SHL RETAIL PICKUPS",Non-Food Misc.
917,181058,9064,C-161,Church at Pierce Rd.,483663,,FP/OP,FOOD PANTRY-Agency,LOCAL - LL,N-25-11977,2,0,0,1.08,6,BARROW,0.18,5/24/2024 9:30,5/24/2024 9:59,Price Code 1,CUSTOMER PICKUP,False,Food Bank of Northeast Georgia,01,30680.0,Winder,RAP SNACKS HOT CRUNCHABLES,Food Misc.
29,182925,8973,B-107,Barrow County Food Pantry,FAIMPORT485526,,FOOD PANTRY,FOOD PANTRY-Agency,BLUE RECEIPT-SHL,MCC-16-10001,118,0,0,0.0,118,BARROW,0.0,6/28/2024 0:00,6/28/2024 0:00,Price Code 1,CUSTOMER PICKUP,False,Food Bank of Northeast Georgia,01,30680.0,Winder,"COOLER FOOD MISC., SHL RETAIL PICKUP",Food Misc.
867,172379,5088,Y-108,YMCA of GA's Piedmont- Barrow County,476010,,FP/OP/GNAP/USDA,AT-RISK YOUTH-Agency,USDA,F-50-90023,5,0,0,20.0,125,BARROW,0.16,1/5/2024 10:00,1/5/2024 10:55,Price Code 1,CUSTOMER PICKUP,False,Food Bank of Northeast Georgia,01,30680.0,Winder,USDA FROZEN PEACHES CCC,Fruits
497,173568,7082,W-119,Winder Freelife Church,477197,,FP/OP/GNAP/USDA,FOOD PANTRY-Agency,USDA,C-50-10033,3,0,0,0.0,36,BARROW,0.0,2/5/2024 11:00,2/14/2024 13:19,Price Code 1,CUSTOMER PICKUP,False,Food Bank of Northeast Georgia,01,30680.0,Winder,USDA SHREDDED YELLOW CHEDDAR CHEESE CCC,Dairy
1040,177969,1674,H-159,Hills Temple FBH Church,480588,,FP/OP/GNAP/USDA,FB DIRECT ASSISTANCE-Agency,USDA,N-50-10073,1,0,0,4.86,27,BARROW,0.18,4/3/2024 8:12,4/3/2024 11:28,Price Code 1,CUSTOMER PICKUP,False,Food Bank of Northeast Georgia,01,30680.0,Winder,USDA TOMATO SAUCE,Vegetables
917,180590,5388,C-161,Church at Pierce Rd.,483196,,FP/OP,FOOD PANTRY-Agency,BLUE RECEIPT-SHL,F-16-10001,116,0,0,20.88,116,BARROW,0.18,5/10/2024 9:39,5/10/2024 9:44,Price Code 1,CUSTOMER PICKUP,False,Sharing Floor Athens,01-SH,30680.0,Winder,"ASSORTED FROZEN FOODS, SHL",Food Misc.
781,176598,683,R-130,"Richard C. Wilson Recovery Residence, INC",479222,,ON PREMISES (OP),REHAB-Agency,BLUE RECEIPT-SHL,W-16-10001,146,0,0,26.28,146,BARROW,0.18,3/4/2024 9:09,3/4/2024 8:38,Price Code 1,CUSTOMER PICKUP,False,Sharing Floor Athens,01-SH,30666.0,Statham,MISC. FOOD BOX SHL,Food Misc.
863,178369,696,A-148,Auburn First Baptist Church,480985,,FOOD PANTRY,FOOD PANTRY-Agency,LOCAL - LL,W-25-10000,132,0,0,0.0,132,BARROW,0.0,4/5/2024 8:05,4/5/2024 8:26,Price Code 1,CUSTOMER PICKUP,False,Sharing Floor Athens,01-SH,30011.0,Auburn,"ASSORTED SNACK ITEMS, LL",Food Misc.
953,175788,3122,C-179,Crossview Church Food Pantry,478416,,FP/GNAP/USDA,FOOD PANTRY-Agency,GNAP,N-40-10174,7,0,0,0.0,98,BARROW,0.0,2/21/2024 15:00,2/21/2024 15:19,Price Code 1,CONTACT FOR DELIVERY,False,Food Bank of Northeast Georgia,01,30548.0,Hoschton,"GNAP BLACKEYE PEAS, LOW SODIUM",Proteins
867,173112,8914,Y-108,YMCA of GA's Piedmont- Barrow County,476742,,FP/OP/GNAP/USDA,AT-RISK YOUTH-Agency,USDA,N-50-10310,8,0,0,38.88,216,BARROW,0.18,1/19/2024 14:13,1/19/2024 10:22,Price Code 1,CUSTOMER PICKUP,False,Food Bank of Northeast Georgia,01,30680.0,Winder,USDA DICED POTATOES,Potatoes
576,180247,7202,F2KBARROW,Food 2 Kids Barrow County,482853,,DIRECT ASSISTANCE,DIRECT ASSISTANCE-Agency,GNAP,N-40-10242,4,0,0,0.0,64,BARROW,0.0,5/8/2024 9:00,5/9/2024 9:40,Price Code 1,TRUCK 1 MOBILE PANTRY,False,Food Bank of Northeast Georgia,01,,Athens,GNAP STRAWBERRY JELLY,Food Misc.
29,178203,8971,B-107,Barrow County Food Pantry,FAIMPORT480821,,FOOD PANTRY,FOOD PANTRY-Agency,BLUE RECEIPT-SHL,MCF-16-10001,147,0,0,0.0,147,BARROW,0.0,3/29/2024 0:00,3/29/2024 0:00,Price Code 1,CUSTOMER PICKUP,False,Food Bank of Northeast Georgia,01,30680.0,Winder,"FROZEN FOODS, MISC SHL RETAIL PICKUP",Food Misc.
917,179250,5772,C-161,Church at Pierce Rd.,481863,,FP/OP,FOOD PANTRY-Agency,LOCAL - LL,C-28-10000,57,0,0,1.71,57,BARROW,0.03,4/19/2024 9:39,4/19/2024 9:20,Price Code 1,CUSTOMER PICKUP,False,Sharing Floor Athens,01-SH,30680.0,Winder,"PRODUCE, FRESH LL",Mixed Produce
867,173402,170,Y-108,YMCA of GA's Piedmont- Barrow County,477031,,FP/OP/GNAP/USDA,AT-RISK YOUTH-Agency,USDA,N-50-10007,4,0,0,20.16,112,BARROW,0.18,1/25/2024 11:26,1/26/2024 10:32,Price Code 1,CUSTOMER PICKUP,False,Food Bank of Northeast Georgia,01,30680.0,Winder,"USDA CORN, WHOLE KERNEL NO SALT",Vegetables
29,179436,8783,B-107,Barrow County Food Pantry,482049,,FOOD PANTRY,FOOD PANTRY-Agency,USDA,N-50-10308,50,0,0,0.0,1150,BARROW,0.0,4/25/2024 7:00,4/25/2024 6:17,Price Code 1,TRACTOR TRAILER 1 MOBILE PANTRY,False,Food Bank of Northeast Georgia,01,30680.0,Winder,USDA RAISINS,Fruits
917,179659,235,C-161,Church at Pierce Rd.,482272,,FP/OP,FOOD PANTRY-Agency,LOCAL - LL,W-03-10012,30,0,0,0.0,30,BARROW,0.0,4/26/2024 9:39,4/26/2024 9:28,Price Code 1,CUSTOMER PICKUP,False,Sharing Floor Athens,01-SH,30680.0,Winder,"ASSORTED BEVERAGES, LL",Beverages
917,173011,5477,C-161,Church at Pierce Rd.,476641,,FP/OP,FOOD PANTRY-Agency,LOCAL - LL,F-15-10001,132,0,0,23.76,132,BARROW,0.18,1/12/2024 9:39,1/12/2024 12:10,Price Code 1,CUSTOMER PICKUP,False,Sharing Floor Athens,01-SH,30680.0,Winder,"MEAT & SEAFOOD, FROZEN LOCAL",Proteins
1038,181855,7083,C-184,"Called to Serve Georgia, Inc",484459,,FP/OP/USDA,FOOD PANTRY-Agency,USDA,C-50-10029,9,0,0,19.44,108,BARROW,0.18,6/28/2024 14:00,7/2/2024 7:46,Price Code 1,CUSTOMER PICKUP,False,Food Bank of Northeast Georgia,01,30680.0,Winder,"USDA MILD CHEDDAR CHEESE, BLOCK CCC",Dairy
29,182517,6283,B-107,Barrow County Food Pantry,485120,,FOOD PANTRY,FOOD PANTRY-Agency,BLUE RECEIPT-SHL,C-28-90175,50,0,0,0.0,2250,BARROW,0.0,6/27/2024 7:00,6/27/2024 9:27,Price Code 1,TRACTOR TRAILER 1 MOBILE PANTRY,False,Food Bank of Northeast Georgia,01,30680.0,Winder,SELECT CUCUMBERS,Vegetables
917,175035,5388,C-161,Church at Pierce Rd.,477665,,FP/OP,FOOD PANTRY-Agency,BLUE RECEIPT-SHL,F-16-10001,14,0,0,2.52,14,BARROW,0.18,2/2/2024 9:39,2/2/2024 11:56,Price Code 1,CUSTOMER PICKUP,False,Sharing Floor Athens,01-SH,30680.0,Winder,"ASSORTED FROZEN FOODS, SHL",Food Misc.
953,180642,8971,C-179,Crossview Church Food Pantry,FAIMPORT483248,,FP/GNAP/USDA,FOOD PANTRY-Agency,BLUE RECEIPT-SHL,MCF-16-10001,266,0,0,0.0,266,BARROW,0.0,5/10/2024 0:00,5/10/2024 0:00,Price Code 1,CUSTOMER PICKUP,False,Food Bank of Northeast Georgia,01,30548.0,Hoschton,"FROZEN FOODS, MISC SHL RETAIL PICKUP",Food Misc.
682,176755,690,C-170,Christ The King Ghana Methodist,479378,,DIRECT ASSISTANCE,FOOD PANTRY-Agency,BLUE RECEIPT-SHL,W-03-10013,141,0,0,0.0,141,BARROW,0.0,3/6/2024 15:05,3/6/2024 10:52,Price Code 1,CUSTOMER PICKUP,False,Sharing Floor Athens,01-SH,30680.0,Winder,"ASSORTED BEVERAGES, SHL",Beverages
29,173390,7082,B-107,Barrow County Food Pantry,477019,,FOOD PANTRY,FOOD PANTRY-Agency,USDA,C-50-10033,160,0,0,0.0,1920,BARROW,0.0,1/25/2024 7:00,1/25/2024 6:23,Price Code 1,TRACTOR TRAILER 1 MOBILE PANTRY,False,Food Bank of Northeast Georgia,01,30680.0,Winder,USDA SHREDDED YELLOW CHEDDAR CHEESE CCC,Dairy
781,179222,9018,R-130,"Richard C. Wilson Recovery Residence, INC",481835,,ON PREMISES (OP),REHAB-Agency,LFB,N-12-10105,20,0,0,10.8,60,BARROW,0.18,4/23/2024 9:09,4/23/2024 10:07,Price Code 1,CUSTOMER PICKUP,False,Food Bank of Northeast Georgia,01,30666.0,Statham,CREST WHITE TOOTHPASTE,Non-Food Misc.
917,181347,688,C-161,Church at Pierce Rd.,483951,,FP/OP,FOOD PANTRY-Agency,BLUE RECEIPT-SHL,W-01-10000,28,0,0,5.04,28,BARROW,0.18,5/24/2024 9:39,5/24/2024 9:35,Price Code 1,CUSTOMER PICKUP,False,Sharing Floor Athens,01-SH,30680.0,Winder,"ASSORTED NON-FOOD ITEMS, SHL",Non-Food Misc.
953,182162,9056,C-179,Crossview Church Food Pantry,484766,,FP/GNAP/USDA,FOOD PANTRY-Agency,GNAP,N-40-10286,4,0,0,0.0,88,BARROW,0.0,6/24/2024 10:30,6/24/2024 13:15,Price Code 1,VAN 1,False,Food Bank of Northeast Georgia,01,30548.0,Hoschton,GNAP DICED PEAR CUPS,Fruits
172,176524,8956,P-104,Project Adam Community Asst Ct,479148,,ON PREMISES (OP),REHAB-Agency,BLUE RECEIPT-SHL,N-03-11817,4,0,0,0.0,56,BARROW,0.0,3/11/2024 13:41,3/11/2024 10:08,Price Code 1,CUSTOMER PICKUP,False,Food Bank of Northeast Georgia,01,30680.0,Winder,TWISTER CHERRY BERRY BLAST,Beverages
781,173807,8665,R-130,"Richard C. Wilson Recovery Residence, INC",477436,,ON PREMISES (OP),REHAB-Agency,BLUE RECEIPT-SHL,N-03-11268,20,0,0,13.8,460,BARROW,0.03,2/1/2024 11:00,2/1/2024 11:40,Price Code 1,CUSTOMER PICKUP,False,Food Bank of Northeast Georgia,01,30666.0,Statham,PROPEL BERRY/KIWISTRAW/GRAPE,Beverages
863,176495,5407,A-148,Auburn First Baptist Church,479119,,FOOD PANTRY,FOOD PANTRY-Agency,BLUE RECEIPT-SHL,F-15-10000,94,0,0,16.92,94,BARROW,0.18,3/1/2024 8:05,3/1/2024 8:42,Price Code 1,CUSTOMER PICKUP,False,Sharing Floor Athens,01-SH,30011.0,Auburn,"MEAT & SEAFOOD, FROZEN SHL",Proteins
1040,180109,8962,H-159,Hills Temple FBH Church,482717,,FP/OP/GNAP/USDA,FB DIRECT ASSISTANCE-Agency,BLUE RECEIPT-SHL,C-28-90539,2,0,0,0.0,104,BARROW,0.0,5/7/2024 8:45,5/7/2024 10:58,Price Code 1,CUSTOMER PICKUP,False,Food Bank of Northeast Georgia,01,30680.0,Winder,"TURNIPS, SHL",Vegetables
863,177346,50,A-148,Auburn First Baptist Church,479966,,FOOD PANTRY,FOOD PANTRY-Agency,LOCAL - LL,W-16-10002,15,0,0,2.7,15,BARROW,0.18,3/15/2024 8:05,3/15/2024 8:27,Price Code 1,CUSTOMER PICKUP,False,Sharing Floor Athens,01-SH,30011.0,Auburn,MISC. FOOD BOX LL,Food Misc.
917,175398,5407,C-161,Church at Pierce Rd.,478027,,FP/OP,FOOD PANTRY-Agency,BLUE RECEIPT-SHL,F-15-10000,20,0,0,3.6,20,BARROW,0.18,2/9/2024 9:39,2/9/2024 9:46,Price Code 1,CUSTOMER PICKUP,False,Sharing Floor Athens,01-SH,30680.0,Winder,"MEAT & SEAFOOD, FROZEN SHL",Proteins
953,176339,5388,C-179,Crossview Church Food Pantry,FAIMPORT478964,,FP/GNAP/USDA,FOOD PANTRY-Agency,BLUE RECEIPT-SHL,F-16-10001,1246,0,0,224.28,1246,BARROW,0.18,2/26/2024 0:00,2/26/2024 0:00,Price Code 1,CUSTOMER PICKUP,False,Food Bank of Northeast Georgia,01,30548.0,Hoschton,"ASSORTED FROZEN FOODS, SHL",Food Misc.
863,176072,5772,A-148,Auburn First Baptist Church,478699,,FOOD PANTRY,FOOD PANTRY-Agency,LOCAL - LL,C-28-10000,687,0,0,20.61,687,BARROW,0.03,2/23/2024 8:05,2/23/2024 8:26,Price Code 1,CUSTOMER PICKUP,False,Sharing Floor Athens,01-SH,30011.0,Auburn,"PRODUCE, FRESH LL",Mixed Produce
781,178380,8546,R-130,"Richard C. Wilson Recovery Residence, INC",480996,,ON PREMISES (OP),REHAB-Agency,BLUE RECEIPT-SHL,N-03-10262,12,0,0,0.0,360,BARROW,0.0,4/10/2024 9:09,4/10/2024 10:12,Price Code 1,CUSTOMER PICKUP,False,Food Bank of Northeast Georgia,01,30666.0,Statham,STARRY LEMON LIME SODA 16.9 OZ,Beverages
864,173450,92,W-124,Winder Church of God of Prophecy,477079,,FP/OP,FOOD PANTRY-Agency,LOCAL - LL,W-01-10002,16,0,0,2.88,16,BARROW,0.18,1/23/2024 12:22,1/23/2024 8:22,Price Code 1,CUSTOMER PICKUP,False,Sharing Floor Athens,01-SH,30680.0,Winder,"ASSORTED NON-FOOD ITEMS, LL",Non-Food Misc.
29,176487,8974,B-107,Barrow County Food Pantry,FAIMPORT479111,,FOOD PANTRY,FOOD PANTRY-Agency,BLUE RECEIPT-SHL,MCW-04-10000,43,0,0,0.0,43,BARROW,0.0,2/29/2024 0:00,2/29/2024 0:00,Price Code 1,CUSTOMER PICKUP,False,Food Bank of Northeast Georgia,01,30680.0,Winder,"BREAD AND BAKERY, SHL RETAIL PICKUPS",Grains
864,180325,5388,W-124,Winder Church of God of Prophecy,482931,,FP/OP,FOOD PANTRY-Agency,BLUE RECEIPT-SHL,F-16-10001,6,0,0,1.08,6,BARROW,0.18,5/7/2024 12:22,5/7/2024 8:31,Price Code 1,CUSTOMER PICKUP,False,Sharing Floor Athens,01-SH,30680.0,Winder,"ASSORTED FROZEN FOODS, SHL",Food Misc.
172,172725,5958,P-104,Project Adam Community Asst Ct,476356,,ON PREMISES (OP),REHAB-Agency,BLUE RECEIPT-SHL,C-16-10001,34,0,0,6.12,34,BARROW,0.18,1/8/2024 13:41,1/8/2024 11:13,Price Code 1,CUSTOMER PICKUP,False,Sharing Floor Athens,01-SH,30680.0,Winder,"COOLER FOOD, MISC. SHL",Food Misc.
682,179549,5407,C-170,Christ The King Ghana Methodist,482162,,DIRECT ASSISTANCE,FOOD PANTRY-Agency,BLUE RECEIPT-SHL,F-15-10000,120,0,0,21.6,120,BARROW,0.18,4/24/2024 15:05,4/24/2024 10:35,Price Code 1,CUSTOMER PICKUP,False,Sharing Floor Athens,01-SH,30680.0,Winder,"MEAT & SEAFOOD, FROZEN SHL",Proteins
953,178720,8971,C-179,Crossview Church Food Pantry,FAIMPORT481334,,FP/GNAP/USDA,FOOD PANTRY-Agency,BLUE RECEIPT-SHL,MCF-16-10001,110,0,0,0.0,110,BARROW,0.0,4/10/2024 0:00,4/10/2024 0:00,Price Code 1,CUSTOMER PICKUP,False,Food Bank of Northeast Georgia,01,30548.0,Hoschton,"FROZEN FOODS, MISC SHL RETAIL PICKUP",Food Misc.
1040,180765,7202,H-159,Hills Temple FBH Church,483371,,FP/OP/GNAP/USDA,FB DIRECT ASSISTANCE-Agency,GNAP,N-40-10242,6,0,0,0.0,96,BARROW,0.0,5/17/2024 9:15,5/17/2024 10:44,Price Code 1,CUSTOMER PICKUP,False,Food Bank of Northeast Georgia,01,30680.0,Winder,GNAP STRAWBERRY JELLY,Food Misc.
917,181058,6201,C-161,Church at Pierce Rd.,483663,,FP/OP,FOOD PANTRY-Agency,BLUE RECEIPT-SHL,C-28-90191,1,0,0,0.0,47,BARROW,0.0,5/24/2024 9:30,5/24/2024 9:59,Price Code 1,CUSTOMER PICKUP,False,Food Bank of Northeast Georgia,01,30680.0,Winder,CUCUMBERS,Vegetables
781,175670,92,R-130,"Richard C. Wilson Recovery Residence, INC",478298,,ON PREMISES (OP),REHAB-Agency,LOCAL - LL,W-01-10002,10,0,0,1.8,10,BARROW,0.18,2/15/2024 9:09,2/15/2024 8:32,Price Code 1,CUSTOMER PICKUP,False,Sharing Floor Athens,01-SH,30666.0,Statham,"ASSORTED NON-FOOD ITEMS, LL",Non-Food Misc.
497,172888,875,W-119,Winder Freelife Church,476519,,FP/OP/GNAP/USDA,FOOD PANTRY-Agency,BLUE RECEIPT-SHL,W-04-10000,32,0,0,0.0,32,BARROW,0.0,1/10/2024 14:38,1/10/2024 15:31,Price Code 1,CUSTOMER PICKUP,False,Sharing Floor Athens,01-SH,30680.0,Winder,"BREAD & BAKERY, ASSORTED SHL",Grains
867,179309,7083,Y-108,YMCA of GA's Piedmont- Barrow County,481922,,FP/OP/GNAP/USDA,AT-RISK YOUTH-Agency,USDA,C-50-10029,5,0,0,10.8,60,BARROW,0.18,4/24/2024 14:18,4/24/2024 10:56,Price Code 1,CUSTOMER PICKUP,False,Food Bank of Northeast Georgia,01,30680.0,Winder,"USDA MILD CHEDDAR CHEESE, BLOCK CCC",Dairy
29,181117,7414,B-107,Barrow County Food Pantry,483722,,FOOD PANTRY,FOOD PANTRY-Agency,PURCH,C-28-90525,120,0,0,0.0,2640,BARROW,0.0,5/23/2024 8:19,5/28/2024 7:55,Price Code 1,TRACTOR TRAILER 1 MOBILE PANTRY,False,Food Bank of Northeast Georgia,01,30680.0,Winder,BROCCOLI CROWNS,Vegetables
917,177770,92,C-161,Church at Pierce Rd.,480389,,FP/OP,FOOD PANTRY-Agency,LOCAL - LL,W-01-10002,12,0,0,2.16,12,BARROW,0.18,3/22/2024 9:39,3/22/2024 9:54,Price Code 1,CUSTOMER PICKUP,False,Sharing Floor Athens,01-SH,30680.0,Winder,"ASSORTED NON-FOOD ITEMS, LL",Non-Food Misc.
1013,175108,1791,S-143,"Spirit Of Sharing, INC",477738,,FP/GNAP/USDA,FOOD PANTRY-Agency,USDA,N-50-10079,13,0,0,0.0,338,BARROW,0.0,2/7/2024 9:00,2/14/2024 9:38,Price Code 1,TRUCK 1 MOBILE PANTRY,False,Food Bank of Northeast Georgia,01,30680.0,Winder,USDA WALNUT HALVES AND PIECES,Proteins
781,180883,8833,R-130,"Richard C. Wilson Recovery Residence, INC",483489,,ON PREMISES (OP),REHAB-Agency,BLUE RECEIPT-SHL,N-03-11769,5,0,0,0.0,140,BARROW,0.0,5/20/2024 10:00,5/20/2024 10:30,Price Code 1,CUSTOMER PICKUP,False,Food Bank of Northeast Georgia,01,30666.0,Statham,PEPSI COLA,Beverages
867,178961,6780,Y-108,YMCA of GA's Piedmont- Barrow County,481575,,FP/OP/GNAP/USDA,AT-RISK YOUTH-Agency,USDA,C-50-10024,8,0,0,34.4,344,BARROW,0.1,4/19/2024 10:00,4/19/2024 10:25,Price Code 1,CUSTOMER PICKUP,False,Food Bank of Northeast Georgia,01,30680.0,Winder,USDA APPLES,Fruits
864,181418,875,W-124,Winder Church of God of Prophecy,484022,,FP/OP,FOOD PANTRY-Agency,BLUE RECEIPT-SHL,W-04-10000,11,0,0,0.0,11,BARROW,0.0,5/28/2024 12:22,5/28/2024 8:15,Price Code 1,CUSTOMER PICKUP,False,Sharing Floor Athens,01-SH,30680.0,Winder,"BREAD & BAKERY, ASSORTED SHL",Grains
682,177229,50,C-170,Christ The King Ghana Methodist,479849,,DIRECT ASSISTANCE,FOOD PANTRY-Agency,LOCAL - LL,W-16-10002,156,0,0,0.0,156,BARROW,0.0,3/13/2024 15:05,3/13/2024 10:53,Price Code 1,CUSTOMER PICKUP,False,Sharing Floor Athens,01-SH,30680.0,Winder,MISC. FOOD BOX LL,Food Misc.
917,182016,688,C-161,Church at Pierce Rd.,484620,,FP/OP,FOOD PANTRY-Agency,BLUE RECEIPT-SHL,W-01-10000,37,0,0,0.0,37,BARROW,0.0,6/7/2024 9:39,6/7/2024 9:46,Price Code 1,CUSTOMER PICKUP,False,Sharing Floor Athens,01-SH,30680.0,Winder,"ASSORTED NON-FOOD ITEMS, SHL",Non-Food Misc.
781,177080,5938,R-130,"Richard C. Wilson Recovery Residence, INC",479702,,ON PREMISES (OP),REHAB-Agency,BLUE RECEIPT-SHL,C-28-10001,1108,0,0,0.0,1108,BARROW,0.0,3/18/2024 9:09,3/18/2024 9:40,Price Code 1,CUSTOMER PICKUP,False,Food Bank of Northeast Georgia,01,30666.0,Statham,"PRODUCE, FRESH SHL",Mixed Produce
863,172592,688,A-148,Auburn First Baptist Church,476223,,FOOD PANTRY,FOOD PANTRY-Agency,BLUE RECEIPT-SHL,W-01-10000,14,0,0,0.0,14,BARROW,0.0,1/5/2024 8:05,1/5/2024 8:19,Price Code 1,CUSTOMER PICKUP,False,Sharing Floor Athens,01-SH,30011.0,Auburn,"ASSORTED NON-FOOD ITEMS, SHL",Non-Food Misc.
29,177776,5637,B-107,Barrow County Food Pantry,480395,,FOOD PANTRY,FOOD PANTRY-Agency,USDA,F-50-90019,63,0,0,0.0,1890,BARROW,0.0,3/28/2024 7:00,3/28/2024 6:02,Price Code 1,TRACTOR TRAILER 1 MOBILE PANTRY,False,Food Bank of Northeast Georgia,01,30680.0,Winder,USDA FROZEN BLUEBERRIES CCC,Fruits
953,177720,7298,C-179,Crossview Church Food Pantry,480339,,FP/GNAP/USDA,FOOD PANTRY-Agency,GNAP,N-40-10248,4,0,0,0.0,56,BARROW,0.0,3/27/2024 10:50,3/27/2024 9:26,Price Code 1,CONTACT FOR DELIVERY,False,Food Bank of Northeast Georgia,01,30548.0,Hoschton,GNAP BAKING AND BISCUIT MIX,Grains
864,176249,690,W-124,Winder Church of God of Prophecy,478875,,FP/OP,FOOD PANTRY-Agency,BLUE RECEIPT-SHL,W-03-10013,153,0,0,0.0,153,BARROW,0.0,2/27/2024 12:22,2/27/2024 8:41,Price Code 1,CUSTOMER PICKUP,False,Sharing Floor Athens,01-SH,30680.0,Winder,"ASSORTED BEVERAGES, SHL",Beverages
576,177175,8915,F2KBARROW,Food 2 Kids Barrow County,479796,,DIRECT ASSISTANCE,DIRECT ASSISTANCE-Agency,USDA,F-50-90474,30,0,0,0.0,1200,BARROW,0.0,3/13/2024 12:00,3/20/2024 14:17,Price Code 1,CUSTOMER PICKUP,False,Food Bank of Northeast Georgia,01,,Athens,USDA PACIFIC SALAD SHRIMP,Proteins
781,180883,3280,R-130,"Richard C. Wilson Recovery Residence, INC",483489,,ON PREMISES (OP),REHAB-Agency,YELLOW RECEIPT - SHN,N-03-10833,20,0,0,0.0,360,BARROW,0.0,5/20/2024 10:00,5/20/2024 10:30,Price Code 1,CUSTOMER PICKUP,False,Food Bank of Northeast Georgia,01,30666.0,Statham,GATORADE GLACIER FREEZE,Beverages
29,182517,2202,B-107,Barrow County Food Pantry,485120,,FOOD PANTRY,FOOD PANTRY-Agency,USDA,N-50-10240,30,0,0,0.0,660,BARROW,0.0,6/27/2024 7:00,6/27/2024 9:27,Price Code 1,TRACTOR TRAILER 1 MOBILE PANTRY,False,Food Bank of Northeast Georgia,01,30680.0,Winder,USDA SPAGHETTI,Grains
497,177474,5407,W-119,Winder Freelife Church,480094,,FP/OP/GNAP/USDA,FOOD PANTRY-Agency,BLUE RECEIPT-SHL,F-15-10000,56,0,0,10.08,56,BARROW,0.18,3/18/2024 14:38,3/18/2024 10:19,Price Code 1,CUSTOMER PICKUP,False,Sharing Floor Athens,01-SH,30680.0,Winder,"MEAT & SEAFOOD, FROZEN SHL",Proteins
682,176359,875,C-170,Christ The King Ghana Methodist,478984,,DIRECT ASSISTANCE,FOOD PANTRY-Agency,BLUE RECEIPT-SHL,W-04-10000,63,0,0,0.0,63,BARROW,0.0,2/28/2024 15:05,2/28/2024 10:56,Price Code 1,CUSTOMER PICKUP,False,Sharing Floor Athens,01-SH,30680.0,Winder,"BREAD & BAKERY, ASSORTED SHL",Grains
29,178424,8975,B-107,Barrow County Food Pantry,FAIMPORT481040,,FOOD PANTRY,FOOD PANTRY-Agency,BLUE RECEIPT-SHL,MCC-07-10001,132,0,0,0.0,132,BARROW,0.0,4/2/2024 0:00,4/2/2024 0:00,Price Code 1,CUSTOMER PICKUP,False,Food Bank of Northeast Georgia,01,30680.0,Winder,"DAIRY PRODUCTS, SHL RETAIL PICKUPS",Dairy
682,180008,5407,C-170,Christ The King Ghana Methodist,482616,,DIRECT ASSISTANCE,FOOD PANTRY-Agency,BLUE RECEIPT-SHL,F-15-10000,110,0,0,0.0,110,BARROW,0.0,5/1/2024 15:05,5/1/2024 15:05,Price Code 1,CUSTOMER PICKUP,False,Sharing Floor Athens,01-SH,30680.0,Winder,"MEAT & SEAFOOD, FROZEN SHL",Proteins
172,177469,5407,P-104,Project Adam Community Asst Ct,480089,,ON PREMISES (OP),REHAB-Agency,BLUE RECEIPT-SHL,F-15-10000,40,0,0,7.2,40,BARROW,0.18,3/18/2024 13:41,3/18/2024 9:40,Price Code 1,CUSTOMER PICKUP,False,Sharing Floor Athens,01-SH,30680.0,Winder,"MEAT & SEAFOOD, FROZEN SHL",Proteins
863,180999,5938,A-148,Auburn First Baptist Church,483604,,FOOD PANTRY,FOOD PANTRY-Agency,BLUE RECEIPT-SHL,C-28-10001,143,0,0,4.29,143,BARROW,0.03,5/17/2024 8:05,5/17/2024 8:12,Price Code 1,CUSTOMER PICKUP,False,Sharing Floor Athens,01-SH,30011.0,Auburn,"PRODUCE, FRESH SHL",Mixed Produce
600,179648,9024,S-140,SYTGE (Seeing You Through God's Eyes) Outreach Ministry,482261,,FOOD PANTRY,FOOD PANTRY-Agency,YELLOW RECEIPT - SHN,N-26-11582,1,0,0,1.26,7,BARROW,0.18,4/30/2024 13:46,4/30/2024 14:01,Price Code 1,CUSTOMER PICKUP,False,Food Bank of Northeast Georgia,01,30680.0,Winder,DUNCAN HINES CHOCOLATE FROSTING,Food Misc.
576,180247,9046,F2KBARROW,Food 2 Kids Barrow County,482853,,DIRECT ASSISTANCE,DIRECT ASSISTANCE-Agency,GNAP,N-40-10280,4,0,0,0.0,40,BARROW,0.0,5/8/2024 9:00,5/9/2024 9:40,Price Code 1,TRUCK 1 MOBILE PANTRY,False,Food Bank of Northeast Georgia,01,,Athens,GNAP CHEESEBURGER DINNER,Prepared Meals
172,176209,8966,P-104,Project Adam Community Asst Ct,478835,,ON PREMISES (OP),REHAB-Agency,YELLOW RECEIPT - SHN,N-15-10049,7,0,0,7.56,42,BARROW,0.18,3/4/2024 13:41,3/11/2024 10:22,Price Code 1,CUSTOMER PICKUP,False,Food Bank of Northeast Georgia,01,30680.0,Winder,FIRE CRACKER REDHOT PICKLED SAUSAGE,Proteins
682,178664,5938,C-170,Christ The King Ghana Methodist,481280,,DIRECT ASSISTANCE,FOOD PANTRY-Agency,BLUE RECEIPT-SHL,C-28-10001,180,0,0,5.4,180,BARROW,0.03,4/10/2024 15:05,4/10/2024 10:48,Price Code 1,CUSTOMER PICKUP,False,Sharing Floor Athens,01-SH,30680.0,Winder,"PRODUCE, FRESH SHL",Mixed Produce
29,176914,8974,B-107,Barrow County Food Pantry,FAIMPORT479536,,FOOD PANTRY,FOOD PANTRY-Agency,BLUE RECEIPT-SHL,MCW-04-10000,100,0,0,0.0,100,BARROW,0.0,3/1/2024 0:00,3/1/2024 0:00,Price Code 1,CUSTOMER PICKUP,False,Food Bank of Northeast Georgia,01,30680.0,Winder,"BREAD AND BAKERY, SHL RETAIL PICKUPS",Grains
953,181972,8972,C-179,Crossview Church Food Pantry,FAIMPORT484576,,FP/GNAP/USDA,FOOD PANTRY-Agency,BLUE RECEIPT-SHL,MCF-15-10000,267,0,0,0.0,267,BARROW,0.0,6/5/2024 0:00,6/5/2024 0:00,Price Code 1,CUSTOMER PICKUP,False,Food Bank of Northeast Georgia,01,30548.0,Hoschton,"FROZEN MEAT & SEAFOOD, SHL RETAIL PICKUP",Proteins
29,178200,8972,B-107,Barrow County Food Pantry,FAIMPORT480818,,FOOD PANTRY,FOOD PANTRY-Agency,BLUE RECEIPT-SHL,MCF-15-10000,78,0,0,0.0,78,BARROW,0.0,3/22/2024 0:00,3/22/2024 0:00,Price Code 1,CUSTOMER PICKUP,False,Food Bank of Northeast Georgia,01,30680.0,Winder,"FROZEN MEAT & SEAFOOD, SHL RETAIL PICKUP",Proteins
781,178113,5407,R-130,"Richard C. Wilson Recovery Residence, INC",480732,,ON PREMISES (OP),REHAB-Agency,BLUE RECEIPT-SHL,F-15-10000,103,0,0,18.54,103,BARROW,0.18,4/2/2024 9:09,4/2/2024 10:27,Price Code 1,CUSTOMER PICKUP,False,Sharing Floor Athens,01-SH,30666.0,Statham,"MEAT & SEAFOOD, FROZEN SHL",Proteins
1038,179717,7061,C-184,"Called to Serve Georgia, Inc",482330,,FP/OP/USDA,FOOD PANTRY-Agency,USDA,C-50-10021,5,0,0,0.0,210,BARROW,0.0,5/3/2024 13:58,5/3/2024 14:07,Price Code 1,CUSTOMER PICKUP,False,Food Bank of Northeast Georgia,01,30680.0,Winder,USDA FRESH ORANGES,Fruits
953,173344,8919,C-179,Crossview Church Food Pantry,476973,,FP/GNAP/USDA,FOOD PANTRY-Agency,LOCAL - LL,N-25-11951,2,0,0,0.72,4,BARROW,0.18,1/24/2024 9:44,1/29/2024 11:55,Price Code 1,CONTACT FOR DELIVERY,False,Food Bank of Northeast Georgia,01,30548.0,Hoschton,GHIRARDELLI MILK CHOC CARAMEL,Food Misc.
1038,179717,9019,C-184,"Called to Serve Georgia, Inc",482330,,FP/OP/USDA,FOOD PANTRY-Agency,BLUE RECEIPT-SHL,N-27-10137,9,0,0,38.88,216,BARROW,0.18,5/3/2024 13:58,5/3/2024 14:07,Price Code 1,CUSTOMER PICKUP,False,Food Bank of Northeast Georgia,01,30680.0,Winder,"BLACK BEANS, PEUBLO LINDO (MISLABELED)",Vegetables
953,176184,5407,C-179,Crossview Church Food Pantry,FAIMPORT478810,,FP/GNAP/USDA,FOOD PANTRY-Agency,BLUE RECEIPT-SHL,F-15-10000,300,0,0,54.0,300,BARROW,0.18,2/2/2024 0:00,2/2/2024 0:00,Price Code 1,CUSTOMER PICKUP,False,Food Bank of Northeast Georgia,01,30548.0,Hoschton,"MEAT & SEAFOOD, FROZEN SHL",Proteins
172,176524,4350,P-104,Project Adam Community Asst Ct,479148,,ON PREMISES (OP),REHAB-Agency,BLUE RECEIPT-SHL,N-03-11160,10,0,0,0.0,100,BARROW,0.0,3/11/2024 13:41,3/11/2024 10:08,Price Code 1,CUSTOMER PICKUP,False,Food Bank of Northeast Georgia,01,30680.0,Winder,CHERRY DR PEPPER,Beverages
29,176407,8973,B-107,Barrow County Food Pantry,FAIMPORT479031,,FOOD PANTRY,FOOD PANTRY-Agency,BLUE RECEIPT-SHL,MCC-16-10001,62,0,0,0.0,62,BARROW,0.0,2/27/2024 0:00,2/27/2024 0:00,Price Code 1,CUSTOMER PICKUP,False,Food Bank of Northeast Georgia,01,30680.0,Winder,"COOLER FOOD MISC., SHL RETAIL PICKUP",Food Misc.
917,178855,690,C-161,Church at Pierce Rd.,481469,,FP/OP,FOOD PANTRY-Agency,BLUE RECEIPT-SHL,W-03-10013,44,0,0,0.0,44,BARROW,0.0,4/12/2024 9:39,4/12/2024 9:50,Price Code 1,CUSTOMER PICKUP,False,Sharing Floor Athens,01-SH,30680.0,Winder,"ASSORTED BEVERAGES, SHL",Beverages
863,176072,875,A-148,Auburn First Baptist Church,478699,,FOOD PANTRY,FOOD PANTRY-Agency,BLUE RECEIPT-SHL,W-04-10000,47,0,0,0.0,47,BARROW,0.0,2/23/2024 8:05,2/23/2024 8:26,Price Code 1,CUSTOMER PICKUP,False,Sharing Floor Athens,01-SH,30011.0,Auburn,"BREAD & BAKERY, ASSORTED SHL",Grains
917,176083,5681,C-161,Church at Pierce Rd.,478710,,FP/OP,FOOD PANTRY-Agency,LOCAL - LL,C-16-10000,45,0,0,8.1,45,BARROW,0.18,2/23/2024 9:39,2/23/2024 9:56,Price Code 1,CUSTOMER PICKUP,False,Sharing Floor Athens,01-SH,30680.0,Winder,"COOLER FOOD, MISC. LL",Food Misc.
917,181674,690,C-161,Church at Pierce Rd.,484278,,FP/OP,FOOD PANTRY-Agency,BLUE RECEIPT-SHL,W-03-10013,173,0,0,0.0,173,BARROW,0.0,5/31/2024 9:39,5/31/2024 9:48,Price Code 1,CUSTOMER PICKUP,False,Sharing Floor Athens,01-SH,30680.0,Winder,"ASSORTED BEVERAGES, SHL",Beverages
917,175741,1045,C-161,Church at Pierce Rd.,478369,,FP/OP,FOOD PANTRY-Agency,BLUE RECEIPT-SHL,W-25-10009,5,0,0,0.9,5,BARROW,0.18,2/16/2024 9:39,2/16/2024 10:08,Price Code 1,CUSTOMER PICKUP,False,Sharing Floor Athens,01-SH,30680.0,Winder,"ASSORTED SNACK ITEMS, SHL",Food Misc.
781,181501,5407,R-130,"Richard C. Wilson Recovery Residence, INC",484105,,ON PREMISES (OP),REHAB-Agency,BLUE RECEIPT-SHL,F-15-10000,102,0,0,18.36,102,BARROW,0.18,5/29/2024 9:09,5/29/2024 9:29,Price Code 1,CUSTOMER PICKUP,False,Sharing Floor Athens,01-SH,30666.0,Statham,"MEAT & SEAFOOD, FROZEN SHL",Proteins
576,178167,8869,F2KBARROW,Food 2 Kids Barrow County,480786,,DIRECT ASSISTANCE,DIRECT ASSISTANCE-Agency,YELLOW RECEIPT - SHN,N-20-10004,10,0,0,0.0,30,BARROW,0.0,4/10/2024 9:00,4/10/2024 9:40,Price Code 1,TRUCK 1 MOBILE PANTRY,False,Food Bank of Northeast Georgia,01,,Athens,PAMPERS PREEMIE SWADDLERS,Non-Food Misc.
585,172713,8869,F2K360BAR,F2K360 BARROW,476344,,FP/OP/GNAP/USDA,DIRECT ASSISTANCE-Agency,YELLOW RECEIPT - SHN,N-20-10004,10,0,0,0.0,30,BARROW,0.0,1/10/2024 9:00,1/10/2024 12:56,Price Code 1,TRUCK 1 MOBILE PANTRY,False,Food Bank of Northeast Georgia,01,30607.0,ATHENS,PAMPERS PREEMIE SWADDLERS,Non-Food Misc.
600,175471,7284,S-140,SYTGE (Seeing You Through God's Eyes) Outreach Ministry,478100,,FOOD PANTRY,FOOD PANTRY-Agency,USDA,C-50-10043,1,0,0,4.68,26,BARROW,0.18,2/15/2024 13:46,2/15/2024 10:15,Price Code 1,CUSTOMER PICKUP,False,Food Bank of Northeast Georgia,01,30680.0,Winder,USDA RED FAT AMERICAN CHEESE CCC,Dairy
1013,176588,842,S-143,"Spirit Of Sharing, INC",479212,,FP/GNAP/USDA,FOOD PANTRY-Agency,USDA,N-50-10021,13,0,0,0.0,351,BARROW,0.0,3/6/2024 9:00,3/6/2024 10:23,Price Code 1,TRUCK 1 MOBILE PANTRY,False,Food Bank of Northeast Georgia,01,30680.0,Winder,USDA DICED TOMATOES NO SALT CCC,Vegetables
576,178167,8906,F2KBARROW,Food 2 Kids Barrow County,480786,,DIRECT ASSISTANCE,DIRECT ASSISTANCE-Agency,GNAP,N-40-10266,10,0,0,0.0,200,BARROW,0.0,4/10/2024 9:00,4/10/2024 9:40,Price Code 1,TRUCK 1 MOBILE PANTRY,False,Food Bank of Northeast Georgia,01,,Athens,GNAP SPAGHETTI,Grains
29,179796,8972,B-107,Barrow County Food Pantry,FAIMPORT482409,,FOOD PANTRY,FOOD PANTRY-Agency,BLUE RECEIPT-SHL,MCF-15-10000,104,0,0,0.0,104,BARROW,0.0,4/12/2024 0:00,4/12/2024 0:00,Price Code 1,CUSTOMER PICKUP,False,Food Bank of Northeast Georgia,01,30680.0,Winder,"FROZEN MEAT & SEAFOOD, SHL RETAIL PICKUP",Proteins
682,177229,5407,C-170,Christ The King Ghana Methodist,479849,,DIRECT ASSISTANCE,FOOD PANTRY-Agency,BLUE RECEIPT-SHL,F-15-10000,176,0,0,0.0,176,BARROW,0.0,3/13/2024 15:05,3/13/2024 10:53,Price Code 1,CUSTOMER PICKUP,False,Sharing Floor Athens,01-SH,30680.0,Winder,"MEAT & SEAFOOD, FROZEN SHL",Proteins
867,179309,8997,Y-108,YMCA of GA's Piedmont- Barrow County,481922,,FP/OP/GNAP/USDA,AT-RISK YOUTH-Agency,USDA,N-50-10312,4,0,0,8.64,48,BARROW,0.18,4/24/2024 14:18,4/24/2024 10:56,Price Code 1,CUSTOMER PICKUP,False,Food Bank of Northeast Georgia,01,30680.0,Winder,USDA CHILI W/ BEANS CCC,Prepared Meals
867,178476,5088,Y-108,YMCA of GA's Piedmont- Barrow County,481092,,FP/OP/GNAP/USDA,AT-RISK YOUTH-Agency,USDA,F-50-90023,2,0,0,0.0,50,BARROW,0.0,4/10/2024 14:18,4/10/2024 10:42,Price Code 1,CUSTOMER PICKUP,False,Food Bank of Northeast Georgia,01,30680.0,Winder,USDA FROZEN PEACHES CCC,Fruits
29,177776,3943,B-107,Barrow County Food Pantry,480395,,FOOD PANTRY,FOOD PANTRY-Agency,USDA,N-50-10268,75,0,0,0.0,2850,BARROW,0.0,3/28/2024 7:00,3/28/2024 6:02,Price Code 1,TRACTOR TRAILER 1 MOBILE PANTRY,False,Food Bank of Northeast Georgia,01,30680.0,Winder,USDA APPLE JUICE,Beverages
172,182516,696,P-104,Project Adam Community Asst Ct,485119,,ON PREMISES (OP),REHAB-Agency,LOCAL - LL,W-25-10000,30,0,0,5.4,30,BARROW,0.18,6/24/2024 13:41,6/24/2024 8:55,Price Code 1,CUSTOMER PICKUP,False,Sharing Floor Athens,01-SH,30680.0,Winder,"ASSORTED SNACK ITEMS, LL",Food Misc.
863,181343,683,A-148,Auburn First Baptist Church,483947,,FOOD PANTRY,FOOD PANTRY-Agency,BLUE RECEIPT-SHL,W-16-10001,63,0,0,11.34,63,BARROW,0.18,5/24/2024 8:05,5/24/2024 8:21,Price Code 1,CUSTOMER PICKUP,False,Sharing Floor Athens,01-SH,30011.0,Auburn,MISC. FOOD BOX SHL,Food Misc.
867,181186,800,Y-108,YMCA of GA's Piedmont- Barrow County,483791,,FP/OP/GNAP/USDA,AT-RISK YOUTH-Agency,USDA,N-50-10065,4,0,0,19.44,108,BARROW,0.18,5/28/2024 9:00,5/28/2024 9:11,Price Code 1,CUSTOMER PICKUP,False,Food Bank of Northeast Georgia,01,30680.0,Winder,USDA APPLESAUCE,Fruits
497,176623,683,W-119,Winder Freelife Church,479246,,FP/OP/GNAP/USDA,FOOD PANTRY-Agency,BLUE RECEIPT-SHL,W-16-10001,25,0,0,4.5,25,BARROW,0.18,3/4/2024 14:38,3/4/2024 11:36,Price Code 1,CUSTOMER PICKUP,False,Sharing Floor Athens,01-SH,30680.0,Winder,MISC. FOOD BOX SHL,Food Misc.
682,175955,92,C-170,Christ The King Ghana Methodist,478583,,DIRECT ASSISTANCE,FOOD PANTRY-Agency,LOCAL - LL,W-01-10002,25,0,0,4.5,25,BARROW,0.18,2/21/2024 15:05,2/21/2024 10:44,Price Code 1,CUSTOMER PICKUP,False,Sharing Floor Athens,01-SH,30680.0,Winder,"ASSORTED NON-FOOD ITEMS, LL",Non-Food Misc.
864,180768,688,W-124,Winder Church of God of Prophecy,483374,,FP/OP,FOOD PANTRY-Agency,BLUE RECEIPT-SHL,W-01-10000,8,0,0,1.44,8,BARROW,0.18,5/14/2024 12:22,5/14/2024 8:21,Price Code 1,CUSTOMER PICKUP,False,Sharing Floor Athens,01-SH,30680.0,Winder,"ASSORTED NON-FOOD ITEMS, SHL",Non-Food Misc.
29,180472,8974,B-107,Barrow County Food Pantry,FAIMPORT483078,,FOOD PANTRY,FOOD PANTRY-Agency,BLUE RECEIPT-SHL,MCW-04-10000,158,0,0,0.0,158,BARROW,0.0,5/3/2024 0:00,5/3/2024 0:00,Price Code 1,CUSTOMER PICKUP,False,Food Bank of Northeast Georgia,01,30680.0,Winder,"BREAD AND BAKERY, SHL RETAIL PICKUPS",Grains
864,181120,5938,W-124,Winder Church of God of Prophecy,483725,,FP/OP,FOOD PANTRY-Agency,BLUE RECEIPT-SHL,C-28-10001,6,0,0,0.18,6,BARROW,0.03,5/21/2024 12:22,5/21/2024 8:23,Price Code 1,CUSTOMER PICKUP,False,Sharing Floor Athens,01-SH,30680.0,Winder,"PRODUCE, FRESH SHL",Mixed Produce
1040,177969,8939,H-159,Hills Temple FBH Church,480588,,FP/OP/GNAP/USDA,FB DIRECT ASSISTANCE-Agency,BLUE RECEIPT-SHL,C-28-90530,1,0,0,0.0,42,BARROW,0.0,4/3/2024 8:12,4/3/2024 11:28,Price Code 1,CUSTOMER PICKUP,False,Food Bank of Northeast Georgia,01,30680.0,Winder,"APPLES, SHL",Fruits
29,182929,8975,B-107,Barrow County Food Pantry,FAIMPORT485530,,FOOD PANTRY,FOOD PANTRY-Agency,BLUE RECEIPT-SHL,MCC-07-10001,335,0,0,0.0,335,BARROW,0.0,6/25/2024 0:00,6/25/2024 0:00,Price Code 1,CUSTOMER PICKUP,False,Food Bank of Northeast Georgia,01,30680.0,Winder,"DAIRY PRODUCTS, SHL RETAIL PICKUPS",Dairy
29,175854,6920,B-107,Barrow County Food Pantry,478482,,FOOD PANTRY,FOOD PANTRY-Agency,LOCAL - LL,C-28-90389,40,0,0,0.0,2000,BARROW,0.0,2/22/2024 7:00,2/22/2024 6:27,Price Code 1,TRACTOR TRAILER 1 MOBILE PANTRY,False,Food Bank of Northeast Georgia,01,30680.0,Winder,ONIONS 50 LB,Vegetables
953,177720,8690,C-179,Crossview Church Food Pantry,480339,,FP/GNAP/USDA,FOOD PANTRY-Agency,USDA,N-50-10302,4,0,0,10.08,56,BARROW,0.18,3/27/2024 10:50,3/27/2024 9:26,Price Code 1,CONTACT FOR DELIVERY,False,Food Bank of Northeast Georgia,01,30548.0,Hoschton,USDA GREEN BEANS CCC,Vegetables
1013,179765,800,S-143,"Spirit Of Sharing, INC",482378,,FP/GNAP/USDA,FOOD PANTRY-Agency,USDA,N-50-10065,13,0,0,0.0,351,BARROW,0.0,5/1/2024 9:00,5/1/2024 10:21,Price Code 1,TRUCK 1 MOBILE PANTRY,False,Food Bank of Northeast Georgia,01,30680.0,Winder,USDA APPLESAUCE,Fruits
29,181294,8971,B-107,Barrow County Food Pantry,FAIMPORT483899,,FOOD PANTRY,FOOD PANTRY-Agency,BLUE RECEIPT-SHL,MCF-16-10001,11,0,0,0.0,11,BARROW,0.0,5/21/2024 0:00,5/21/2024 0:00,Price Code 1,CUSTOMER PICKUP,False,Food Bank of Northeast Georgia,01,30680.0,Winder,"FROZEN FOODS, MISC SHL RETAIL PICKUP",Food Misc.
576,173797,3204,F2KBARROW,Food 2 Kids Barrow County,477426,,DIRECT ASSISTANCE,DIRECT ASSISTANCE-Agency,GNAP,N-40-10217,10,0,0,0.0,90,BARROW,0.0,2/14/2024 9:00,3/5/2024 13:20,Price Code 1,TRACTOR TRAILER 2 MOBILE PANTRY,False,Food Bank of Northeast Georgia,01,,Athens,GNAP CANNED HAM,Proteins
867,179432,9023,Y-108,YMCA of GA's Piedmont- Barrow County,482045,,FP/OP/GNAP/USDA,AT-RISK YOUTH-Agency,YELLOW RECEIPT - SHN,N-25-11969,18,0,0,22.68,126,BARROW,0.18,4/30/2024 10:00,5/1/2024 12:17,Price Code 1,CUSTOMER PICKUP,False,Food Bank of Northeast Georgia,01,30680.0,Winder,ACT II LIGHT BUTTER POPCORN,Grains
917,180590,5958,C-161,Church at Pierce Rd.,483196,,FP/OP,FOOD PANTRY-Agency,BLUE RECEIPT-SHL,C-16-10001,32,0,0,5.76,32,BARROW,0.18,5/10/2024 9:39,5/10/2024 9:44,Price Code 1,CUSTOMER PICKUP,False,Sharing Floor Athens,01-SH,30680.0,Winder,"COOLER FOOD, MISC. SHL",Food Misc.
917,172307,8877,C-161,Church at Pierce Rd.,475938,,FP/OP,FOOD PANTRY-Agency,YELLOW RECEIPT - SHN,N-03-11782,10,0,0,5.4,180,BARROW,0.03,1/5/2024 9:39,1/5/2024 14:36,Price Code 1,CUSTOMER PICKUP,False,Food Bank of Northeast Georgia,01,30680.0,Winder,CELSIUS LIVE FIT VAR PACK,Beverages
917,177355,50,C-161,Church at Pierce Rd.,479975,,FP/OP,FOOD PANTRY-Agency,LOCAL - LL,W-16-10002,92,0,0,16.56,92,BARROW,0.18,3/15/2024 9:39,3/15/2024 10:02,Price Code 1,CUSTOMER PICKUP,False,Sharing Floor Athens,01-SH,30680.0,Winder,MISC. FOOD BOX LL,Food Misc.
1013,181770,3712,S-143,"Spirit Of Sharing, INC",484374,,FP/GNAP/USDA,FOOD PANTRY-Agency,USDA,N-50-10266,13,0,0,0.0,351,BARROW,0.0,6/5/2024 9:00,6/5/2024 13:08,Price Code 1,TRUCK 1 MOBILE PANTRY,False,Food Bank of Northeast Georgia,01,30680.0,Winder,USDA CANNED PINTO BEANS,Proteins
172,175123,683,P-104,Project Adam Community Asst Ct,477752,,ON PREMISES (OP),REHAB-Agency,BLUE RECEIPT-SHL,W-16-10001,77,0,0,13.86,77,BARROW,0.18,2/5/2024 13:41,2/5/2024 11:03,Price Code 1,CUSTOMER PICKUP,False,Sharing Floor Athens,01-SH,30680.0,Winder,MISC. FOOD BOX SHL,Food Misc.
497,181653,9085,W-119,Winder Freelife Church,484257,,FP/OP/GNAP/USDA,FOOD PANTRY-Agency,USDA,F-50-90476,2,0,0,14.4,80,BARROW,0.18,6/18/2024 10:30,6/26/2024 6:53,Price Code 1,CUSTOMER PICKUP,False,Food Bank of Northeast Georgia,01,30680.0,Winder,USDA PORK LOIN BONELESS CHOPS CCC,Proteins
781,179542,683,R-130,"Richard C. Wilson Recovery Residence, INC",482155,,ON PREMISES (OP),REHAB-Agency,BLUE RECEIPT-SHL,W-16-10001,112,0,0,20.16,112,BARROW,0.18,4/24/2024 9:09,4/24/2024 9:25,Price Code 1,CUSTOMER PICKUP,False,Sharing Floor Athens,01-SH,30666.0,Statham,MISC. FOOD BOX SHL,Food Misc.
953,182140,8972,C-179,Crossview Church Food Pantry,FAIMPORT484744,,FP/GNAP/USDA,FOOD PANTRY-Agency,BLUE RECEIPT-SHL,MCF-15-10000,254,0,0,0.0,254,BARROW,0.0,6/7/2024 0:00,6/7/2024 0:00,Price Code 1,CUSTOMER PICKUP,False,Food Bank of Northeast Georgia,01,30548.0,Hoschton,"FROZEN MEAT & SEAFOOD, SHL RETAIL PICKUP",Proteins
682,175282,5958,C-170,Christ The King Ghana Methodist,477911,,DIRECT ASSISTANCE,FOOD PANTRY-Agency,BLUE RECEIPT-SHL,C-16-10001,16,0,0,2.88,16,BARROW,0.18,2/7/2024 15:05,2/7/2024 11:13,Price Code 1,CUSTOMER PICKUP,False,Sharing Floor Athens,01-SH,30680.0,Winder,"COOLER FOOD, MISC. SHL",Food Misc.
867,178663,8783,Y-108,YMCA of GA's Piedmont- Barrow County,481279,,FP/OP/GNAP/USDA,AT-RISK YOUTH-Agency,USDA,N-50-10308,4,0,0,16.56,92,BARROW,0.18,4/15/2024 14:18,4/15/2024 14:42,Price Code 1,CUSTOMER PICKUP,False,Food Bank of Northeast Georgia,01,30680.0,Winder,USDA RAISINS,Fruits
953,179814,8972,C-179,Crossview Church Food Pantry,FAIMPORT482425,,FP/GNAP/USDA,FOOD PANTRY-Agency,BLUE RECEIPT-SHL,MCF-15-10000,284,0,0,0.0,284,BARROW,0.0,4/29/2024 0:00,4/29/2024 0:00,Price Code 1,CUSTOMER PICKUP,False,Food Bank of Northeast Georgia,01,30548.0,Hoschton,"FROZEN MEAT & SEAFOOD, SHL RETAIL PICKUP",Proteins
1040,180765,7169,H-159,Hills Temple FBH Church,483371,,FP/OP/GNAP/USDA,FB DIRECT ASSISTANCE-Agency,GNAP,N-40-10236,6,0,0,0.0,84,BARROW,0.0,5/17/2024 9:15,5/17/2024 10:44,Price Code 1,CUSTOMER PICKUP,False,Food Bank of Northeast Georgia,01,30680.0,Winder,GNAP BEEF LASAGNA,Prepared Meals
29,178714,8974,B-107,Barrow County Food Pantry,FAIMPORT481328,,FOOD PANTRY,FOOD PANTRY-Agency,BLUE RECEIPT-SHL,MCW-04-10000,192,0,0,0.0,192,BARROW,0.0,4/6/2024 0:00,4/6/2024 0:00,Price Code 1,CUSTOMER PICKUP,False,Food Bank of Northeast Georgia,01,30680.0,Winder,"BREAD AND BAKERY, SHL RETAIL PICKUPS",Grains
600,178699,8495,S-140,SYTGE (Seeing You Through God's Eyes) Outreach Ministry,481314,,FOOD PANTRY,FOOD PANTRY-Agency,LOCAL - LL,N-13-10209,2,0,0,0.0,90,BARROW,0.0,4/18/2024 13:46,4/18/2024 10:44,Price Code 1,CUSTOMER PICKUP,False,Food Bank of Northeast Georgia,01,30680.0,Winder,"OXIVIR TB, HYDROGEN PEROXIDE SANITIZER",Non-Food Misc.
1009,178131,5938,S-142,"SAY In Need, Inc",480750,,OP/USDA,FEED SITE-Agency,BLUE RECEIPT-SHL,C-28-10001,155,0,0,4.65,155,BARROW,0.03,4/2/2024 13:51,4/2/2024 14:03,Price Code 1,CUSTOMER PICKUP,False,Sharing Floor Athens,01-SH,30620.0,Bethlehem,"PRODUCE, FRESH SHL",Mixed Produce
917,178382,92,C-161,Church at Pierce Rd.,480998,,FP/OP,FOOD PANTRY-Agency,LOCAL - LL,W-01-10002,18,0,0,0.0,18,BARROW,0.0,4/5/2024 9:39,4/5/2024 9:54,Price Code 1,CUSTOMER PICKUP,False,Sharing Floor Athens,01-SH,30680.0,Winder,"ASSORTED NON-FOOD ITEMS, LL",Non-Food Misc.
600,181577,9062,S-140,SYTGE (Seeing You Through God's Eyes) Outreach Ministry,484181,,FOOD PANTRY,FOOD PANTRY-Agency,LOCAL - LL,N-25-11975,5,0,0,2.7,15,BARROW,0.18,6/5/2024 9:00,6/5/2024 9:52,Price Code 1,CUSTOMER PICKUP,False,Food Bank of Northeast Georgia,01,30680.0,Winder,DOVE DARK CHOCOLATE & PEANUT BUTTER,Food Misc.
867,180151,875,Y-108,YMCA of GA's Piedmont- Barrow County,482758,,FP/OP/GNAP/USDA,AT-RISK YOUTH-Agency,BLUE RECEIPT-SHL,W-04-10000,146,0,0,0.0,146,BARROW,0.0,5/3/2024 14:18,5/3/2024 10:29,Price Code 1,CUSTOMER PICKUP,False,Sharing Floor Athens,01-SH,30680.0,Winder,"BREAD & BAKERY, ASSORTED SHL",Grains
917,173257,8918,C-161,Church at Pierce Rd.,476886,,FP/OP,FOOD PANTRY-Agency,LOCAL - LL,N-25-11950,1,0,0,0.36,2,BARROW,0.18,1/26/2024 9:39,2/22/2024 10:05,Price Code 1,CUSTOMER PICKUP,False,Food Bank of Northeast Georgia,01,30680.0,Winder,GHIRARDELLI DARK CHOCOLATE,Food Misc.
172,173618,8909,P-104,Project Adam Community Asst Ct,477247,,ON PREMISES (OP),REHAB-Agency,BLUE RECEIPT-SHL,N-03-11795,2,0,0,6.12,34,BARROW,0.18,1/30/2024 13:41,2/14/2024 14:40,Price Code 1,CUSTOMER PICKUP,False,Food Bank of Northeast Georgia,01,30680.0,Winder,STARBUCKS VANILLA FRAPPUCCINO,Beverages
867,173402,8720,Y-108,YMCA of GA's Piedmont- Barrow County,477031,,FP/OP/GNAP/USDA,AT-RISK YOUTH-Agency,USDA,N-50-10305,4,0,0,10.08,56,BARROW,0.18,1/25/2024 11:26,1/26/2024 10:32,Price Code 1,CUSTOMER PICKUP,False,Food Bank of Northeast Georgia,01,30680.0,Winder,USDA MIXED VegetablesCCC,Vegetables
917,182590,1222,C-161,Church at Pierce Rd.,485193,,FP/OP,FOOD PANTRY-Agency,YELLOW RECEIPT - SHN,W-16-10003,62,0,0,11.16,62,BARROW,0.18,6/26/2024 9:39,6/26/2024 10:37,Price Code 1,CUSTOMER PICKUP,False,Food Bank of Northeast Georgia,01,30680.0,Winder,ASSORTED FOOD ITEMS SHD,Food Misc.
29,179436,8943,B-107,Barrow County Food Pantry,482049,,FOOD PANTRY,FOOD PANTRY-Agency,BLUE RECEIPT-SHL,C-28-90534,29,0,0,0.0,1218,BARROW,0.0,4/25/2024 7:00,4/25/2024 6:17,Price Code 1,TRACTOR TRAILER 1 MOBILE PANTRY,False,Food Bank of Northeast Georgia,01,30680.0,Winder,"SWEET POTATO, SHL",Potatoes
953,182162,9035,C-179,Crossview Church Food Pantry,484766,,FP/GNAP/USDA,FOOD PANTRY-Agency,GNAP,N-40-10272,4,0,0,0.0,56,BARROW,0.0,6/24/2024 10:30,6/24/2024 13:15,Price Code 1,VAN 1,False,Food Bank of Northeast Georgia,01,30548.0,Hoschton,GNAP MACARONI O'S W/ BEEF - EZ OPEN,Prepared Meals
867,175510,8783,Y-108,YMCA of GA's Piedmont- Barrow County,478139,,FP/OP/GNAP/USDA,AT-RISK YOUTH-Agency,USDA,N-50-10308,2,0,0,8.28,46,BARROW,0.18,2/16/2024 10:00,2/16/2024 9:52,Price Code 1,CUSTOMER PICKUP,False,Food Bank of Northeast Georgia,01,30680.0,Winder,USDA RAISINS,Fruits
781,179940,5958,R-130,"Richard C. Wilson Recovery Residence, INC",482550,,ON PREMISES (OP),REHAB-Agency,BLUE RECEIPT-SHL,C-16-10001,45,0,0,8.1,45,BARROW,0.18,5/1/2024 9:09,5/1/2024 9:27,Price Code 1,CUSTOMER PICKUP,False,Sharing Floor Athens,01-SH,30666.0,Statham,"COOLER FOOD, MISC. SHL",Food Misc.
29,182517,7061,B-107,Barrow County Food Pantry,485120,,FOOD PANTRY,FOOD PANTRY-Agency,USDA,C-50-10021,108,0,0,0.0,4536,BARROW,0.0,6/27/2024 7:00,6/27/2024 9:27,Price Code 1,TRACTOR TRAILER 1 MOBILE PANTRY,False,Food Bank of Northeast Georgia,01,30680.0,Winder,USDA FRESH ORANGES,Fruits
867,172759,84,Y-108,YMCA of GA's Piedmont- Barrow County,476390,,FP/OP/GNAP/USDA,AT-RISK YOUTH-Agency,USDA,N-50-10006,8,0,0,38.88,216,BARROW,0.18,1/11/2024 14:18,1/11/2024 12:16,Price Code 1,CUSTOMER PICKUP,False,Food Bank of Northeast Georgia,01,30680.0,Winder,USDA GREEN BEANS,Vegetables
1040,178462,9006,H-159,Hills Temple FBH Church,481078,,FP/OP/GNAP/USDA,FB DIRECT ASSISTANCE-Agency,BLUE RECEIPT-SHL,N-03-11825,10,0,0,0.0,110,BARROW,0.0,4/10/2024 0:04,4/15/2024 9:47,Price Code 1,CUSTOMER PICKUP,False,Food Bank of Northeast Georgia,01,30680.0,Winder,STARBUCKS NITRO COLD BREW,Beverages
781,180883,9059,R-130,"Richard C. Wilson Recovery Residence, INC",483489,,ON PREMISES (OP),REHAB-Agency,LOCAL - LL,F-16-90438,10,0,0,7.2,40,BARROW,0.18,5/20/2024 10:00,5/20/2024 10:30,Price Code 1,CUSTOMER PICKUP,False,Food Bank of Northeast Georgia,01,30666.0,Statham,OSCAR MAYER MAPLE SAUSAGE ROLLERS,Proteins
682,175282,1045,C-170,Christ The King Ghana Methodist,477911,,DIRECT ASSISTANCE,FOOD PANTRY-Agency,BLUE RECEIPT-SHL,W-25-10009,81,0,0,14.58,81,BARROW,0.18,2/7/2024 15:05,2/7/2024 11:13,Price Code 1,CUSTOMER PICKUP,False,Sharing Floor Athens,01-SH,30680.0,Winder,"ASSORTED SNACK ITEMS, SHL",Food Misc.
1038,180181,875,C-184,"Called to Serve Georgia, Inc",482787,,FP/OP/USDA,FOOD PANTRY-Agency,BLUE RECEIPT-SHL,W-04-10000,27,0,0,0.0,27,BARROW,0.0,5/3/2024 14:16,5/3/2024 14:21,Price Code 1,CUSTOMER PICKUP,False,Sharing Floor Athens,01-SH,30680.0,Winder,"BREAD & BAKERY, ASSORTED SHL",Grains
682,176755,5407,C-170,Christ The King Ghana Methodist,479378,,DIRECT ASSISTANCE,FOOD PANTRY-Agency,BLUE RECEIPT-SHL,F-15-10000,104,0,0,18.72,104,BARROW,0.18,3/6/2024 15:05,3/6/2024 10:52,Price Code 1,CUSTOMER PICKUP,False,Sharing Floor Athens,01-SH,30680.0,Winder,"MEAT & SEAFOOD, FROZEN SHL",Proteins
864,182537,5958,W-124,Winder Church of God of Prophecy,485140,,FP/OP,FOOD PANTRY-Agency,BLUE RECEIPT-SHL,C-16-10001,11,0,0,1.98,11,BARROW,0.18,6/25/2024 12:22,6/25/2024 8:19,Price Code 1,CUSTOMER PICKUP,False,Sharing Floor Athens,01-SH,30680.0,Winder,"COOLER FOOD, MISC. SHL",Food Misc.
781,172620,8901,R-130,"Richard C. Wilson Recovery Residence, INC",476251,,ON PREMISES (OP),REHAB-Agency,BLUE RECEIPT-SHL,N-03-11792,10,0,0,0.0,200,BARROW,0.0,1/12/2024 9:09,1/12/2024 8:50,Price Code 1,CUSTOMER PICKUP,False,Food Bank of Northeast Georgia,01,30666.0,Statham,PROPEL BLACK CHERRY ,Beverages
867,175510,3943,Y-108,YMCA of GA's Piedmont- Barrow County,478139,,FP/OP/GNAP/USDA,AT-RISK YOUTH-Agency,USDA,N-50-10268,5,0,0,5.7,190,BARROW,0.03,2/16/2024 10:00,2/16/2024 9:52,Price Code 1,CUSTOMER PICKUP,False,Food Bank of Northeast Georgia,01,30680.0,Winder,USDA APPLE JUICE,Beverages
29,179436,8940,B-107,Barrow County Food Pantry,482049,,FOOD PANTRY,FOOD PANTRY-Agency,BLUE RECEIPT-SHL,C-28-90531,35,0,0,0.0,1820,BARROW,0.0,4/25/2024 7:00,4/25/2024 6:17,Price Code 1,TRACTOR TRAILER 1 MOBILE PANTRY,False,Food Bank of Northeast Georgia,01,30680.0,Winder,"CABBAGE, SHL 50#",Vegetables
1013,175108,84,S-143,"Spirit Of Sharing, INC",477738,,FP/GNAP/USDA,FOOD PANTRY-Agency,USDA,N-50-10006,13,0,0,0.0,351,BARROW,0.0,2/7/2024 9:00,2/14/2024 9:38,Price Code 1,TRUCK 1 MOBILE PANTRY,False,Food Bank of Northeast Georgia,01,30680.0,Winder,USDA GREEN BEANS,Vegetables
917,179713,9030,C-161,Church at Pierce Rd.,482326,,FP/OP,FOOD PANTRY-Agency,YELLOW RECEIPT - SHN,N-25-11972,1,0,0,0.54,3,BARROW,0.18,5/3/2024 9:39,5/3/2024 10:16,Price Code 1,CUSTOMER PICKUP,False,Food Bank of Northeast Georgia,01,30680.0,Winder,BIGS TANGY BBQ SUNFLOWER SEEDS,Proteins
1040,180109,8943,H-159,Hills Temple FBH Church,482717,,FP/OP/GNAP/USDA,FB DIRECT ASSISTANCE-Agency,BLUE RECEIPT-SHL,C-28-90534,5,0,0,0.0,210,BARROW,0.0,5/7/2024 8:45,5/7/2024 10:58,Price Code 1,CUSTOMER PICKUP,False,Food Bank of Northeast Georgia,01,30680.0,Winder,"SWEET POTATO, SHL",Potatoes
682,176359,5407,C-170,Christ The King Ghana Methodist,478984,,DIRECT ASSISTANCE,FOOD PANTRY-Agency,BLUE RECEIPT-SHL,F-15-10000,117,0,0,21.06,117,BARROW,0.18,2/28/2024 15:05,2/28/2024 10:56,Price Code 1,CUSTOMER PICKUP,False,Sharing Floor Athens,01-SH,30680.0,Winder,"MEAT & SEAFOOD, FROZEN SHL",Proteins
867,176742,842,Y-108,YMCA of GA's Piedmont- Barrow County,479365,,FP/OP/GNAP/USDA,AT-RISK YOUTH-Agency,USDA,N-50-10021,3,0,0,14.58,81,BARROW,0.18,3/11/2024 14:18,3/11/2024 15:01,Price Code 1,CUSTOMER PICKUP,False,Food Bank of Northeast Georgia,01,30680.0,Winder,USDA DICED TOMATOES NO SALT CCC,Vegetables
29,178425,8986,B-107,Barrow County Food Pantry,FAIMPORT481041,,FOOD PANTRY,FOOD PANTRY-Agency,BLUE RECEIPT-SHL,MCW-01-10001,34,0,0,0.0,34,BARROW,0.0,4/4/2024 0:00,4/4/2024 0:00,Price Code 1,CUSTOMER PICKUP,False,Food Bank of Northeast Georgia,01,30680.0,Winder,"NON-FOOD ITEMS, SHL RETAIL PICKUPS",Non-Food Misc.
682,173534,5407,C-170,Christ The King Ghana Methodist,477163,,DIRECT ASSISTANCE,FOOD PANTRY-Agency,BLUE RECEIPT-SHL,F-15-10000,201,0,0,36.18,201,BARROW,0.18,1/24/2024 15:05,1/24/2024 10:57,Price Code 1,CUSTOMER PICKUP,False,Sharing Floor Athens,01-SH,30680.0,Winder,"MEAT & SEAFOOD, FROZEN SHL",Proteins
1038,181676,696,C-184,"Called to Serve Georgia, Inc",484280,,FP/OP/USDA,FOOD PANTRY-Agency,LOCAL - LL,W-25-10000,23,0,0,4.14,23,BARROW,0.18,5/31/2024 9:53,5/31/2024 9:59,Price Code 1,CUSTOMER PICKUP,False,Sharing Floor Athens,01-SH,30680.0,Winder,"ASSORTED SNACK ITEMS, LL",Food Misc.
172,172562,8905,P-104,Project Adam Community Asst Ct,476193,,ON PREMISES (OP),REHAB-Agency,BLUE RECEIPT-SHL,N-03-11794,5,0,0,0.0,190,BARROW,0.0,1/9/2024 13:41,1/22/2024 12:00,Price Code 1,CUSTOMER PICKUP,False,Food Bank of Northeast Georgia,01,30680.0,Winder,"PEPSI, 12/1.25L",Beverages
497,173513,7082,W-119,Winder Freelife Church,477142,,FP/OP/GNAP/USDA,FOOD PANTRY-Agency,USDA,C-50-10033,4,0,0,0.0,48,BARROW,0.0,2/7/2024 11:00,2/7/2024 10:45,Price Code 1,CUSTOMER PICKUP,False,Food Bank of Northeast Georgia,01,30680.0,Winder,USDA SHREDDED YELLOW CHEDDAR CHEESE CCC,Dairy
867,173402,8915,Y-108,YMCA of GA's Piedmont- Barrow County,477031,,FP/OP/GNAP/USDA,AT-RISK YOUTH-Agency,USDA,F-50-90474,3,0,0,21.6,120,BARROW,0.18,1/25/2024 11:26,1/26/2024 10:32,Price Code 1,CUSTOMER PICKUP,False,Food Bank of Northeast Georgia,01,30680.0,Winder,USDA PACIFIC SALAD SHRIMP,Proteins
864,177871,884,W-124,Winder Church of God of Prophecy,480490,,FP/OP,FOOD PANTRY-Agency,LFB,W-01-10003,8,0,0,1.44,8,BARROW,0.18,3/26/2024 12:22,3/26/2024 8:24,Price Code 1,CUSTOMER PICKUP,False,Sharing Floor Athens,01-SH,30680.0,Winder,ASSORTED NON-FOOD ITEMS LFB,Non-Food Misc.
781,175699,4350,R-130,"Richard C. Wilson Recovery Residence, INC",478327,,ON PREMISES (OP),REHAB-Agency,BLUE RECEIPT-SHL,N-03-11160,20,0,0,0.0,200,BARROW,0.0,2/21/2024 11:00,2/21/2024 9:48,Price Code 1,CUSTOMER PICKUP,False,Food Bank of Northeast Georgia,01,30666.0,Statham,CHERRY DR PEPPER,Beverages
1009,178131,8974,S-142,"SAY In Need, Inc",480750,,OP/USDA,FEED SITE-Agency,BLUE RECEIPT-SHL,MCW-04-10000,15,0,0,0.0,15,BARROW,0.0,4/2/2024 13:51,4/2/2024 14:03,Price Code 1,CUSTOMER PICKUP,False,Sharing Floor Athens,01-SH,30620.0,Bethlehem,"BREAD AND BAKERY, SHL RETAIL PICKUPS",Grains
863,176895,5407,A-148,Auburn First Baptist Church,479517,,FOOD PANTRY,FOOD PANTRY-Agency,BLUE RECEIPT-SHL,F-15-10000,86,0,0,15.48,86,BARROW,0.18,3/8/2024 8:05,3/8/2024 8:29,Price Code 1,CUSTOMER PICKUP,False,Sharing Floor Athens,01-SH,30011.0,Auburn,"MEAT & SEAFOOD, FROZEN SHL",Proteins
953,179199,8971,C-179,Crossview Church Food Pantry,FAIMPORT481812,,FP/GNAP/USDA,FOOD PANTRY-Agency,BLUE RECEIPT-SHL,MCF-16-10001,256,0,0,0.0,256,BARROW,0.0,4/15/2024 0:00,4/15/2024 0:00,Price Code 1,CUSTOMER PICKUP,False,Food Bank of Northeast Georgia,01,30548.0,Hoschton,"FROZEN FOODS, MISC SHL RETAIL PICKUP",Food Misc.
172,175479,690,P-104,Project Adam Community Asst Ct,478108,,ON PREMISES (OP),REHAB-Agency,BLUE RECEIPT-SHL,W-03-10013,9,0,0,0.0,9,BARROW,0.0,2/12/2024 13:41,2/12/2024 11:06,Price Code 1,CUSTOMER PICKUP,False,Sharing Floor Athens,01-SH,30680.0,Winder,"ASSORTED BEVERAGES, SHL",Beverages
682,179549,875,C-170,Christ The King Ghana Methodist,482162,,DIRECT ASSISTANCE,FOOD PANTRY-Agency,BLUE RECEIPT-SHL,W-04-10000,60,0,0,0.0,60,BARROW,0.0,4/24/2024 15:05,4/24/2024 10:35,Price Code 1,CUSTOMER PICKUP,False,Sharing Floor Athens,01-SH,30680.0,Winder,"BREAD & BAKERY, ASSORTED SHL",Grains
1034,176082,8720,M-140BARROW,Barrow County MedLink Georgia,478709,,DIRECT ASSISTANCE,MOBILE PANTRY-Agency,USDA,N-50-10305,18,0,0,0.0,252,BARROW,0.0,3/1/2024 9:40,3/5/2024 6:34,Price Code 1,TRUCK 1 MOBILE PANTRY,False,Food Bank of Northeast Georgia,01,30628.0,Colbert,USDA MIXED VegetablesCCC,Vegetables
867,176267,3204,Y-108,YMCA of GA's Piedmont- Barrow County,478893,,FP/OP/GNAP/USDA,AT-RISK YOUTH-Agency,GNAP,N-40-10217,3,0,0,0.0,27,BARROW,0.0,3/1/2024 14:18,3/1/2024 11:25,Price Code 1,CUSTOMER PICKUP,False,Food Bank of Northeast Georgia,01,30680.0,Winder,GNAP CANNED HAM,Proteins
863,172592,5772,A-148,Auburn First Baptist Church,476223,,FOOD PANTRY,FOOD PANTRY-Agency,LOCAL - LL,C-28-10000,291,0,0,8.73,291,BARROW,0.03,1/5/2024 8:05,1/5/2024 8:19,Price Code 1,CUSTOMER PICKUP,False,Sharing Floor Athens,01-SH,30011.0,Auburn,"PRODUCE, FRESH LL",Mixed Produce
953,177720,2573,C-179,Crossview Church Food Pantry,480339,,FP/GNAP/USDA,FOOD PANTRY-Agency,GNAP,N-40-10204,6,0,0,0.0,114,BARROW,0.0,3/27/2024 10:50,3/27/2024 9:26,Price Code 1,CONTACT FOR DELIVERY,False,Food Bank of Northeast Georgia,01,30548.0,Hoschton,GNAP CHICKEN & RICE SOUP,Prepared Meals
29,176912,8974,B-107,Barrow County Food Pantry,FAIMPORT479534,,FOOD PANTRY,FOOD PANTRY-Agency,BLUE RECEIPT-SHL,MCW-04-10000,142,0,0,0.0,142,BARROW,0.0,3/1/2024 0:00,3/1/2024 0:00,Price Code 1,CUSTOMER PICKUP,False,Food Bank of Northeast Georgia,01,30680.0,Winder,"BREAD AND BAKERY, SHL RETAIL PICKUPS",Grains
917,181347,5938,C-161,Church at Pierce Rd.,483951,,FP/OP,FOOD PANTRY-Agency,BLUE RECEIPT-SHL,C-28-10001,44,0,0,1.32,44,BARROW,0.03,5/24/2024 9:39,5/24/2024 9:35,Price Code 1,CUSTOMER PICKUP,False,Sharing Floor Athens,01-SH,30680.0,Winder,"PRODUCE, FRESH SHL",Mixed Produce
953,180158,8972,C-179,Crossview Church Food Pantry,FAIMPORT482764,,FP/GNAP/USDA,FOOD PANTRY-Agency,BLUE RECEIPT-SHL,MCF-15-10000,221,0,0,0.0,221,BARROW,0.0,5/3/2024 0:00,5/3/2024 0:00,Price Code 1,CUSTOMER PICKUP,False,Food Bank of Northeast Georgia,01,30548.0,Hoschton,"FROZEN MEAT & SEAFOOD, SHL RETAIL PICKUP",Proteins
864,176664,688,W-124,Winder Church of God of Prophecy,479287,,FP/OP,FOOD PANTRY-Agency,BLUE RECEIPT-SHL,W-01-10000,8,0,0,1.44,8,BARROW,0.18,3/5/2024 12:22,3/5/2024 8:13,Price Code 1,CUSTOMER PICKUP,False,Sharing Floor Athens,01-SH,30680.0,Winder,"ASSORTED NON-FOOD ITEMS, SHL",Non-Food Misc.
953,175788,8620,C-179,Crossview Church Food Pantry,478416,,FP/GNAP/USDA,FOOD PANTRY-Agency,GNAP,N-40-10260,2,0,0,0.0,36,BARROW,0.0,2/21/2024 15:00,2/21/2024 15:19,Price Code 1,CONTACT FOR DELIVERY,False,Food Bank of Northeast Georgia,01,30548.0,Hoschton,GNAP CREAM OF CHICKEN SOUP,Prepared Meals
29,175854,2960,B-107,Barrow County Food Pantry,478482,,FOOD PANTRY,FOOD PANTRY-Agency,USDA,N-50-10247,25,0,0,0.0,900,BARROW,0.0,2/22/2024 7:00,2/22/2024 6:27,Price Code 1,TRACTOR TRAILER 1 MOBILE PANTRY,False,Food Bank of Northeast Georgia,01,30680.0,Winder,USDA BEEF STEW POUCHES CCC,Prepared Meals
781,176002,5938,R-130,"Richard C. Wilson Recovery Residence, INC",478630,,ON PREMISES (OP),REHAB-Agency,BLUE RECEIPT-SHL,C-28-10001,36,0,0,1.08,36,BARROW,0.03,2/22/2024 9:09,2/22/2024 8:33,Price Code 1,CUSTOMER PICKUP,False,Sharing Floor Athens,01-SH,30666.0,Statham,"PRODUCE, FRESH SHL",Mixed Produce
864,181863,5938,W-124,Winder Church of God of Prophecy,484467,,FP/OP,FOOD PANTRY-Agency,BLUE RECEIPT-SHL,C-28-10001,51,0,0,1.53,51,BARROW,0.03,6/4/2024 12:22,6/4/2024 8:17,Price Code 1,CUSTOMER PICKUP,False,Sharing Floor Athens,01-SH,30680.0,Winder,"PRODUCE, FRESH SHL",Mixed Produce
781,177080,8981,R-130,"Richard C. Wilson Recovery Residence, INC",479702,,ON PREMISES (OP),REHAB-Agency,BLUE RECEIPT-SHL,F-15-90554,6,0,0,14.04,78,BARROW,0.18,3/18/2024 9:09,3/18/2024 9:40,Price Code 1,CUSTOMER PICKUP,False,Food Bank of Northeast Georgia,01,30666.0,Statham,JENNIE-O TURKEY FRANKS,Proteins
1040,180109,7169,H-159,Hills Temple FBH Church,482717,,FP/OP/GNAP/USDA,FB DIRECT ASSISTANCE-Agency,GNAP,N-40-10236,5,0,0,0.0,70,BARROW,0.0,5/7/2024 8:45,5/7/2024 10:58,Price Code 1,CUSTOMER PICKUP,False,Food Bank of Northeast Georgia,01,30680.0,Winder,GNAP BEEF LASAGNA,Prepared Meals
29,177776,5938,B-107,Barrow County Food Pantry,480395,,FOOD PANTRY,FOOD PANTRY-Agency,BLUE RECEIPT-SHL,C-28-10001,600,0,0,0.0,600,BARROW,0.0,3/28/2024 7:00,3/28/2024 6:02,Price Code 1,TRACTOR TRAILER 1 MOBILE PANTRY,False,Food Bank of Northeast Georgia,01,30680.0,Winder,"PRODUCE, FRESH SHL",Mixed Produce
863,182009,696,A-148,Auburn First Baptist Church,484613,,FOOD PANTRY,FOOD PANTRY-Agency,LOCAL - LL,W-25-10000,82,0,0,0.0,82,BARROW,0.0,6/7/2024 8:05,6/7/2024 8:22,Price Code 1,CUSTOMER PICKUP,False,Sharing Floor Athens,01-SH,30011.0,Auburn,"ASSORTED SNACK ITEMS, LL",Food Misc.
172,173558,8903,P-104,Project Adam Community Asst Ct,477187,,ON PREMISES (OP),REHAB-Agency,YELLOW RECEIPT - SHN,N-16-10181,5,0,0,4.5,25,BARROW,0.18,1/29/2024 13:41,2/7/2024 8:12,Price Code 1,CUSTOMER PICKUP,False,Food Bank of Northeast Georgia,01,30680.0,Winder,STOVE TOP STUFFING - TURKEY/CHICKEN/CORNBREAD,Prepared Meals
917,178317,8995,C-161,Church at Pierce Rd.,480933,,FP/OP,FOOD PANTRY-Agency,BLUE RECEIPT-SHL,N-21-10067,20,0,0,18.0,100,BARROW,0.18,4/12/2024 9:39,4/12/2024 10:31,Price Code 1,CUSTOMER PICKUP,False,Food Bank of Northeast Georgia,01,30680.0,Winder,"RAMEN, MARUCHAN SHRIMP",Prepared Meals
917,176158,8946,C-161,Church at Pierce Rd.,478785,,FP/OP,FOOD PANTRY-Agency,BLUE RECEIPT-SHL,N-03-11810,2,0,0,0.0,28,BARROW,0.0,3/1/2024 9:39,3/1/2024 10:32,Price Code 1,CUSTOMER PICKUP,False,Food Bank of Northeast Georgia,01,30680.0,Winder,PROPEL ORANGE RASPBERRY,Beverages
867,179000,3943,Y-108,YMCA of GA's Piedmont- Barrow County,481614,,FP/OP/GNAP/USDA,AT-RISK YOUTH-Agency,USDA,N-50-10268,12,0,0,13.68,456,BARROW,0.03,4/19/2024 10:00,4/19/2024 10:25,Price Code 1,CUSTOMER PICKUP,False,Food Bank of Northeast Georgia,01,30680.0,Winder,USDA APPLE JUICE,Beverages
917,181058,7414,C-161,Church at Pierce Rd.,483663,,FP/OP,FOOD PANTRY-Agency,PURCH,C-28-90525,1,0,0,0.0,22,BARROW,0.0,5/24/2024 9:30,5/24/2024 9:59,Price Code 1,CUSTOMER PICKUP,False,Food Bank of Northeast Georgia,01,30680.0,Winder,BROCCOLI CROWNS,Vegetables
29,177586,8972,B-107,Barrow County Food Pantry,FAIMPORT480206,,FOOD PANTRY,FOOD PANTRY-Agency,BLUE RECEIPT-SHL,MCF-15-10000,164,0,0,0.0,164,BARROW,0.0,3/15/2024 0:00,3/15/2024 0:00,Price Code 1,CUSTOMER PICKUP,False,Food Bank of Northeast Georgia,01,30680.0,Winder,"FROZEN MEAT & SEAFOOD, SHL RETAIL PICKUP",Proteins
172,177045,5681,P-104,Project Adam Community Asst Ct,479667,,ON PREMISES (OP),REHAB-Agency,LOCAL - LL,C-16-10000,13,0,0,2.34,13,BARROW,0.18,3/11/2024 13:41,3/11/2024 9:33,Price Code 1,CUSTOMER PICKUP,False,Sharing Floor Athens,01-SH,30680.0,Winder,"COOLER FOOD, MISC. LL",Food Misc.
600,179893,5958,S-140,SYTGE (Seeing You Through God's Eyes) Outreach Ministry,482504,,FOOD PANTRY,FOOD PANTRY-Agency,BLUE RECEIPT-SHL,C-16-10001,11,0,0,1.98,11,BARROW,0.18,4/30/2024 13:46,4/30/2024 15:00,Price Code 1,CUSTOMER PICKUP,False,Sharing Floor Athens,01-SH,30680.0,Winder,"COOLER FOOD, MISC. SHL",Food Misc.
867,176025,5088,Y-108,YMCA of GA's Piedmont- Barrow County,478653,,FP/OP/GNAP/USDA,AT-RISK YOUTH-Agency,USDA,F-50-90023,3,0,0,0.0,75,BARROW,0.0,2/27/2024 14:18,2/28/2024 15:06,Price Code 1,CUSTOMER PICKUP,False,Food Bank of Northeast Georgia,01,30680.0,Winder,USDA FROZEN PEACHES CCC,Fruits
576,178167,8997,F2KBARROW,Food 2 Kids Barrow County,480786,,DIRECT ASSISTANCE,DIRECT ASSISTANCE-Agency,USDA,N-50-10312,7,0,0,0.0,84,BARROW,0.0,4/10/2024 9:00,4/10/2024 9:40,Price Code 1,TRUCK 1 MOBILE PANTRY,False,Food Bank of Northeast Georgia,01,,Athens,USDA CHILI W/ BEANS CCC,Prepared Meals
863,177346,5681,A-148,Auburn First Baptist Church,479966,,FOOD PANTRY,FOOD PANTRY-Agency,LOCAL - LL,C-16-10000,30,0,0,5.4,30,BARROW,0.18,3/15/2024 8:05,3/15/2024 8:27,Price Code 1,CUSTOMER PICKUP,False,Sharing Floor Athens,01-SH,30011.0,Auburn,"COOLER FOOD, MISC. LL",Food Misc.
917,179659,5407,C-161,Church at Pierce Rd.,482272,,FP/OP,FOOD PANTRY-Agency,BLUE RECEIPT-SHL,F-15-10000,9,0,0,1.62,9,BARROW,0.18,4/26/2024 9:39,4/26/2024 9:28,Price Code 1,CUSTOMER PICKUP,False,Sharing Floor Athens,01-SH,30680.0,Winder,"MEAT & SEAFOOD, FROZEN SHL",Proteins
1013,172282,170,S-143,"Spirit Of Sharing, INC",475913,,FP/GNAP/USDA,FOOD PANTRY-Agency,USDA,N-50-10007,13,0,0,0.0,364,BARROW,0.0,1/3/2024 9:00,1/11/2024 8:45,Price Code 1,TRUCK 1 MOBILE PANTRY,False,Food Bank of Northeast Georgia,01,30680.0,Winder,"USDA CORN, WHOLE KERNEL NO SALT",Vegetables
479,179932,9026,W-118,Winder Wesleyan Church,482542,,FP/OP,FOOD PANTRY-Agency,YELLOW RECEIPT - SHN,N-27-10138,1,0,0,3.96,22,BARROW,0.18,5/9/2024 10:00,5/14/2024 9:47,Price Code 1,CUSTOMER PICKUP,False,Food Bank of Northeast Georgia,01,30680.0,Winder,"HUNTS DICED TOMATOES BASIL, GARLIC, OREGANO",Vegetables
864,181120,696,W-124,Winder Church of God of Prophecy,483725,,FP/OP,FOOD PANTRY-Agency,LOCAL - LL,W-25-10000,8,0,0,1.44,8,BARROW,0.18,5/21/2024 12:22,5/21/2024 8:23,Price Code 1,CUSTOMER PICKUP,False,Sharing Floor Athens,01-SH,30680.0,Winder,"ASSORTED SNACK ITEMS, LL",Food Misc.
867,175028,875,Y-108,YMCA of GA's Piedmont- Barrow County,477658,,FP/OP/GNAP/USDA,AT-RISK YOUTH-Agency,BLUE RECEIPT-SHL,W-04-10000,218,0,0,0.0,218,BARROW,0.0,2/2/2024 14:18,2/2/2024 10:14,Price Code 1,CUSTOMER PICKUP,False,Sharing Floor Athens,01-SH,30680.0,Winder,"BREAD & BAKERY, ASSORTED SHL",Grains
682,172473,696,C-170,Christ The King Ghana Methodist,476104,,DIRECT ASSISTANCE,FOOD PANTRY-Agency,LOCAL - LL,W-25-10000,121,0,0,21.78,121,BARROW,0.18,1/3/2024 15:05,1/3/2024 11:01,Price Code 1,CUSTOMER PICKUP,False,Sharing Floor Athens,01-SH,30680.0,Winder,"ASSORTED SNACK ITEMS, LL",Food Misc.
953,181839,8975,C-179,Crossview Church Food Pantry,FAIMPORT484443,,FP/GNAP/USDA,FOOD PANTRY-Agency,BLUE RECEIPT-SHL,MCC-07-10001,10,0,0,0.0,10,BARROW,0.0,6/3/2024 0:00,6/3/2024 0:00,Price Code 1,CUSTOMER PICKUP,False,Food Bank of Northeast Georgia,01,30548.0,Hoschton,"DAIRY PRODUCTS, SHL RETAIL PICKUPS",Dairy
917,179713,9029,C-161,Church at Pierce Rd.,482326,,FP/OP,FOOD PANTRY-Agency,YELLOW RECEIPT - SHN,N-25-11971,1,0,0,1.44,8,BARROW,0.18,5/3/2024 9:39,5/3/2024 10:16,Price Code 1,CUSTOMER PICKUP,False,Food Bank of Northeast Georgia,01,30680.0,Winder,BIGS JUMBO SUNFLOWER KERNELS,Proteins
867,177092,8987,Y-108,YMCA of GA's Piedmont- Barrow County,479714,,FP/OP/GNAP/USDA,AT-RISK YOUTH-Agency,BLUE RECEIPT-SHL,F-15-90558,4,0,0,18.0,100,BARROW,0.18,3/15/2024 10:00,3/15/2024 10:15,Price Code 1,CUSTOMER PICKUP,False,Food Bank of Northeast Georgia,01,30680.0,Winder,PERDUE CHICKEN DRUMSTICKS,Proteins
953,177809,8971,C-179,Crossview Church Food Pantry,FAIMPORT480428,,FP/GNAP/USDA,FOOD PANTRY-Agency,BLUE RECEIPT-SHL,MCF-16-10001,40,0,0,0.0,40,BARROW,0.0,3/20/2024 0:00,3/20/2024 0:00,Price Code 1,CUSTOMER PICKUP,False,Food Bank of Northeast Georgia,01,30548.0,Hoschton,"FROZEN FOODS, MISC SHL RETAIL PICKUP",Food Misc.
867,176742,170,Y-108,YMCA of GA's Piedmont- Barrow County,479365,,FP/OP/GNAP/USDA,AT-RISK YOUTH-Agency,USDA,N-50-10007,4,0,0,20.16,112,BARROW,0.18,3/11/2024 14:18,3/11/2024 15:01,Price Code 1,CUSTOMER PICKUP,False,Food Bank of Northeast Georgia,01,30680.0,Winder,"USDA CORN, WHOLE KERNEL NO SALT",Vegetables
917,176083,683,C-161,Church at Pierce Rd.,478710,,FP/OP,FOOD PANTRY-Agency,BLUE RECEIPT-SHL,W-16-10001,17,0,0,3.06,17,BARROW,0.18,2/23/2024 9:39,2/23/2024 9:56,Price Code 1,CUSTOMER PICKUP,False,Sharing Floor Athens,01-SH,30680.0,Winder,MISC. FOOD BOX SHL,Food Misc.
682,179549,683,C-170,Christ The King Ghana Methodist,482162,,DIRECT ASSISTANCE,FOOD PANTRY-Agency,BLUE RECEIPT-SHL,W-16-10001,79,0,0,14.22,79,BARROW,0.18,4/24/2024 15:05,4/24/2024 10:35,Price Code 1,CUSTOMER PICKUP,False,Sharing Floor Athens,01-SH,30680.0,Winder,MISC. FOOD BOX SHL,Food Misc.
29,182918,8974,B-107,Barrow County Food Pantry,FAIMPORT485520,,FOOD PANTRY,FOOD PANTRY-Agency,BLUE RECEIPT-SHL,MCW-04-10000,90,0,0,0.0,90,BARROW,0.0,6/17/2024 0:00,6/17/2024 0:00,Price Code 1,CUSTOMER PICKUP,False,Food Bank of Northeast Georgia,01,30680.0,Winder,"BREAD AND BAKERY, SHL RETAIL PICKUPS",Grains
867,175743,875,Y-108,YMCA of GA's Piedmont- Barrow County,478371,,FP/OP/GNAP/USDA,AT-RISK YOUTH-Agency,BLUE RECEIPT-SHL,W-04-10000,170,0,0,0.0,170,BARROW,0.0,2/16/2024 14:18,2/16/2024 10:22,Price Code 1,CUSTOMER PICKUP,False,Sharing Floor Athens,01-SH,30680.0,Winder,"BREAD & BAKERY, ASSORTED SHL",Grains
682,175955,875,C-170,Christ The King Ghana Methodist,478583,,DIRECT ASSISTANCE,FOOD PANTRY-Agency,BLUE RECEIPT-SHL,W-04-10000,64,0,0,0.0,64,BARROW,0.0,2/21/2024 15:05,2/21/2024 10:44,Price Code 1,CUSTOMER PICKUP,False,Sharing Floor Athens,01-SH,30680.0,Winder,"BREAD & BAKERY, ASSORTED SHL",Grains
1040,178462,1786,H-159,Hills Temple FBH Church,481078,,FP/OP/GNAP/USDA,FB DIRECT ASSISTANCE-Agency,BLUE RECEIPT-SHL,N-03-10670,16,0,0,0.0,96,BARROW,0.0,4/10/2024 0:04,4/15/2024 9:47,Price Code 1,CUSTOMER PICKUP,False,Food Bank of Northeast Georgia,01,30680.0,Winder,DIET DR PEPPER,Beverages
585,172713,3204,F2K360BAR,F2K360 BARROW,476344,,FP/OP/GNAP/USDA,DIRECT ASSISTANCE-Agency,GNAP,N-40-10217,13,0,0,0.0,117,BARROW,0.0,1/10/2024 9:00,1/10/2024 12:56,Price Code 1,TRUCK 1 MOBILE PANTRY,False,Food Bank of Northeast Georgia,01,30607.0,ATHENS,GNAP CANNED HAM,Proteins
863,173652,5938,A-148,Auburn First Baptist Church,477281,,FOOD PANTRY,FOOD PANTRY-Agency,BLUE RECEIPT-SHL,C-28-10001,702,0,0,21.06,702,BARROW,0.03,1/26/2024 8:05,1/26/2024 8:20,Price Code 1,CUSTOMER PICKUP,False,Sharing Floor Athens,01-SH,30011.0,Auburn,"PRODUCE, FRESH SHL",Mixed Produce
917,175035,92,C-161,Church at Pierce Rd.,477665,,FP/OP,FOOD PANTRY-Agency,LOCAL - LL,W-01-10002,20,0,0,3.6,20,BARROW,0.18,2/2/2024 9:39,2/2/2024 11:56,Price Code 1,CUSTOMER PICKUP,False,Sharing Floor Athens,01-SH,30680.0,Winder,"ASSORTED NON-FOOD ITEMS, LL",Non-Food Misc.
917,181058,9057,C-161,Church at Pierce Rd.,483663,,FP/OP,FOOD PANTRY-Agency,BLUE RECEIPT-SHL,C-28-90543,1,0,0,0.0,41,BARROW,0.0,5/24/2024 9:30,5/24/2024 9:59,Price Code 1,CUSTOMER PICKUP,False,Food Bank of Northeast Georgia,01,30680.0,Winder,"YELLOW SQUASH, SHL",Vegetables
29,177588,8974,B-107,Barrow County Food Pantry,FAIMPORT480208,,FOOD PANTRY,FOOD PANTRY-Agency,BLUE RECEIPT-SHL,MCW-04-10000,225,0,0,0.0,225,BARROW,0.0,3/15/2024 0:00,3/15/2024 0:00,Price Code 1,CUSTOMER PICKUP,False,Food Bank of Northeast Georgia,01,30680.0,Winder,"BREAD AND BAKERY, SHL RETAIL PICKUPS",Grains
600,179648,8495,S-140,SYTGE (Seeing You Through God's Eyes) Outreach Ministry,482261,,FOOD PANTRY,FOOD PANTRY-Agency,LOCAL - LL,N-13-10209,2,0,0,0.0,90,BARROW,0.0,4/30/2024 13:46,4/30/2024 14:01,Price Code 1,CUSTOMER PICKUP,False,Food Bank of Northeast Georgia,01,30680.0,Winder,"OXIVIR TB, HYDROGEN PEROXIDE SANITIZER",Non-Food Misc.
576,180247,2202,F2KBARROW,Food 2 Kids Barrow County,482853,,DIRECT ASSISTANCE,DIRECT ASSISTANCE-Agency,USDA,N-50-10240,5,0,0,0.0,110,BARROW,0.0,5/8/2024 9:00,5/9/2024 9:40,Price Code 1,TRUCK 1 MOBILE PANTRY,False,Food Bank of Northeast Georgia,01,,Athens,USDA SPAGHETTI,Grains
29,178202,8970,B-107,Barrow County Food Pantry,FAIMPORT480820,,FOOD PANTRY,FOOD PANTRY-Agency,BLUE RECEIPT-SHL,MCW-16-10001,32,0,0,0.0,32,BARROW,0.0,4/1/2024 0:00,4/1/2024 0:00,Price Code 1,CUSTOMER PICKUP,False,Food Bank of Northeast Georgia,01,30680.0,Winder,"MISC. FOOD BOX, SHL RETAIL PICKUP",Food Misc.
29,181117,4422,B-107,Barrow County Food Pantry,483722,,FOOD PANTRY,FOOD PANTRY-Agency,USDA,F-50-90452,110,0,0,0.0,3520,BARROW,0.0,5/23/2024 8:19,5/28/2024 7:55,Price Code 1,TRACTOR TRAILER 1 MOBILE PANTRY,False,Food Bank of Northeast Georgia,01,30680.0,Winder,USDA PORK LOIN BONELESS ROAST,Proteins
172,173558,8905,P-104,Project Adam Community Asst Ct,477187,,ON PREMISES (OP),REHAB-Agency,BLUE RECEIPT-SHL,N-03-11794,4,0,0,0.0,152,BARROW,0.0,1/29/2024 13:41,2/7/2024 8:12,Price Code 1,CUSTOMER PICKUP,False,Food Bank of Northeast Georgia,01,30680.0,Winder,"PEPSI, 12/1.25L",Beverages
497,173568,8931,W-119,Winder Freelife Church,477197,,FP/OP/GNAP/USDA,FOOD PANTRY-Agency,SBB-O,N-16-20003,15,0,0,0.0,330,BARROW,0.0,2/5/2024 11:00,2/14/2024 13:19,Price Code 1,CUSTOMER PICKUP,False,Food Bank of Northeast Georgia,01,30680.0,Winder,SENIOR STAPLES BOX - ASSORTED USDA,Food Misc.
29,176916,8975,B-107,Barrow County Food Pantry,FAIMPORT479538,,FOOD PANTRY,FOOD PANTRY-Agency,BLUE RECEIPT-SHL,MCC-07-10001,36,0,0,0.0,36,BARROW,0.0,3/5/2024 0:00,3/5/2024 0:00,Price Code 1,CUSTOMER PICKUP,False,Food Bank of Northeast Georgia,01,30680.0,Winder,"DAIRY PRODUCTS, SHL RETAIL PICKUPS",Dairy
953,179199,8974,C-179,Crossview Church Food Pantry,FAIMPORT481812,,FP/GNAP/USDA,FOOD PANTRY-Agency,BLUE RECEIPT-SHL,MCW-04-10000,85,0,0,0.0,85,BARROW,0.0,4/15/2024 0:00,4/15/2024 0:00,Price Code 1,CUSTOMER PICKUP,False,Food Bank of Northeast Georgia,01,30548.0,Hoschton,"BREAD AND BAKERY, SHL RETAIL PICKUPS",Grains
863,172592,690,A-148,Auburn First Baptist Church,476223,,FOOD PANTRY,FOOD PANTRY-Agency,BLUE RECEIPT-SHL,W-03-10013,254,0,0,0.0,254,BARROW,0.0,1/5/2024 8:05,1/5/2024 8:19,Price Code 1,CUSTOMER PICKUP,False,Sharing Floor Athens,01-SH,30011.0,Auburn,"ASSORTED BEVERAGES, SHL",Beverages
864,173094,875,W-124,Winder Church of God of Prophecy,476724,,FP/OP,FOOD PANTRY-Agency,BLUE RECEIPT-SHL,W-04-10000,18,0,0,0.0,18,BARROW,0.0,1/16/2024 12:22,1/16/2024 8:20,Price Code 1,CUSTOMER PICKUP,False,Sharing Floor Athens,01-SH,30680.0,Winder,"BREAD & BAKERY, ASSORTED SHL",Grains
863,176895,5772,A-148,Auburn First Baptist Church,479517,,FOOD PANTRY,FOOD PANTRY-Agency,LOCAL - LL,C-28-10000,267,0,0,8.01,267,BARROW,0.03,3/8/2024 8:05,3/8/2024 8:29,Price Code 1,CUSTOMER PICKUP,False,Sharing Floor Athens,01-SH,30011.0,Auburn,"PRODUCE, FRESH LL",Mixed Produce
29,181117,4327,B-107,Barrow County Food Pantry,483722,,FOOD PANTRY,FOOD PANTRY-Agency,USDA,N-50-10277,25,0,0,0.0,675,BARROW,0.0,5/23/2024 8:19,5/28/2024 7:55,Price Code 1,TRACTOR TRAILER 1 MOBILE PANTRY,False,Food Bank of Northeast Georgia,01,30680.0,Winder,USDA GARBANZO BEANS,Proteins
682,181190,690,C-170,Christ The King Ghana Methodist,483795,,DIRECT ASSISTANCE,FOOD PANTRY-Agency,BLUE RECEIPT-SHL,W-03-10013,293,0,0,0.0,293,BARROW,0.0,5/22/2024 15:05,5/22/2024 10:37,Price Code 1,CUSTOMER PICKUP,False,Sharing Floor Athens,01-SH,30680.0,Winder,"ASSORTED BEVERAGES, SHL",Beverages
576,178167,8995,F2KBARROW,Food 2 Kids Barrow County,480786,,DIRECT ASSISTANCE,DIRECT ASSISTANCE-Agency,BLUE RECEIPT-SHL,N-21-10067,10,0,0,0.0,50,BARROW,0.0,4/10/2024 9:00,4/10/2024 9:40,Price Code 1,TRUCK 1 MOBILE PANTRY,False,Food Bank of Northeast Georgia,01,,Athens,"RAMEN, MARUCHAN SHRIMP",Prepared Meals
864,181418,5938,W-124,Winder Church of God of Prophecy,484022,,FP/OP,FOOD PANTRY-Agency,BLUE RECEIPT-SHL,C-28-10001,25,0,0,0.75,25,BARROW,0.03,5/28/2024 12:22,5/28/2024 8:15,Price Code 1,CUSTOMER PICKUP,False,Sharing Floor Athens,01-SH,30680.0,Winder,"PRODUCE, FRESH SHL",Mixed Produce
576,178167,7083,F2KBARROW,Food 2 Kids Barrow County,480786,,DIRECT ASSISTANCE,DIRECT ASSISTANCE-Agency,USDA,C-50-10029,36,0,0,0.0,432,BARROW,0.0,4/10/2024 9:00,4/10/2024 9:40,Price Code 1,TRUCK 1 MOBILE PANTRY,False,Food Bank of Northeast Georgia,01,,Athens,"USDA MILD CHEDDAR CHEESE, BLOCK CCC",Dairy
867,173112,8852,Y-108,YMCA of GA's Piedmont- Barrow County,476742,,FP/OP/GNAP/USDA,AT-RISK YOUTH-Agency,PURCH,N-23-10010,8,0,0,18.72,104,BARROW,0.18,1/19/2024 14:13,1/19/2024 10:22,Price Code 1,CUSTOMER PICKUP,False,Food Bank of Northeast Georgia,01,30680.0,Winder,NUT'N BETTER CREAMY PEANUT BUTTER - RED SUGAR & SODIUM,Proteins
497,177474,50,W-119,Winder Freelife Church,480094,,FP/OP/GNAP/USDA,FOOD PANTRY-Agency,LOCAL - LL,W-16-10002,21,0,0,3.78,21,BARROW,0.18,3/18/2024 14:38,3/18/2024 10:19,Price Code 1,CUSTOMER PICKUP,False,Sharing Floor Athens,01-SH,30680.0,Winder,MISC. FOOD BOX LL,Food Misc.
1013,176588,8672,S-143,"Spirit Of Sharing, INC",479212,,FP/GNAP/USDA,FOOD PANTRY-Agency,USDA,N-50-10301,14,0,0,0.0,336,BARROW,0.0,3/6/2024 9:00,3/6/2024 10:23,Price Code 1,TRUCK 1 MOBILE PANTRY,False,Food Bank of Northeast Georgia,01,30680.0,Winder,USDA YELLOW SPLIT PEAS,Proteins
863,180999,683,A-148,Auburn First Baptist Church,483604,,FOOD PANTRY,FOOD PANTRY-Agency,BLUE RECEIPT-SHL,W-16-10001,42,0,0,0.0,42,BARROW,0.0,5/17/2024 8:05,5/17/2024 8:12,Price Code 1,CUSTOMER PICKUP,False,Sharing Floor Athens,01-SH,30011.0,Auburn,MISC. FOOD BOX SHL,Food Misc.
172,176524,8928,P-104,Project Adam Community Asst Ct,479148,,ON PREMISES (OP),REHAB-Agency,BLUE RECEIPT-SHL,N-03-11803,6,0,0,0.0,96,BARROW,0.0,3/11/2024 13:41,3/11/2024 10:08,Price Code 1,CUSTOMER PICKUP,False,Food Bank of Northeast Georgia,01,30680.0,Winder,GATORADE THIRST QUENCHER VAR PACK,Beverages
953,177720,3122,C-179,Crossview Church Food Pantry,480339,,FP/GNAP/USDA,FOOD PANTRY-Agency,GNAP,N-40-10174,6,0,0,0.0,84,BARROW,0.0,3/27/2024 10:50,3/27/2024 9:26,Price Code 1,CONTACT FOR DELIVERY,False,Food Bank of Northeast Georgia,01,30548.0,Hoschton,"GNAP BLACKEYE PEAS, LOW SODIUM",Proteins
864,179028,5938,W-124,Winder Church of God of Prophecy,481642,,FP/OP,FOOD PANTRY-Agency,BLUE RECEIPT-SHL,C-28-10001,34,0,0,1.02,34,BARROW,0.03,4/16/2024 12:22,4/16/2024 8:21,Price Code 1,CUSTOMER PICKUP,False,Sharing Floor Athens,01-SH,30680.0,Winder,"PRODUCE, FRESH SHL",Mixed Produce
172,175479,92,P-104,Project Adam Community Asst Ct,478108,,ON PREMISES (OP),REHAB-Agency,LOCAL - LL,W-01-10002,8,0,0,1.44,8,BARROW,0.18,2/12/2024 13:41,2/12/2024 11:06,Price Code 1,CUSTOMER PICKUP,False,Sharing Floor Athens,01-SH,30680.0,Winder,"ASSORTED NON-FOOD ITEMS, LL",Non-Food Misc.
863,179242,683,A-148,Auburn First Baptist Church,481855,,FOOD PANTRY,FOOD PANTRY-Agency,BLUE RECEIPT-SHL,W-16-10001,149,0,0,26.82,149,BARROW,0.18,4/19/2024 8:05,4/19/2024 8:26,Price Code 1,CUSTOMER PICKUP,False,Sharing Floor Athens,01-SH,30011.0,Auburn,MISC. FOOD BOX SHL,Food Misc.
1040,180109,7414,H-159,Hills Temple FBH Church,482717,,FP/OP/GNAP/USDA,FB DIRECT ASSISTANCE-Agency,PURCH,C-28-90525,5,0,0,0.0,110,BARROW,0.0,5/7/2024 8:45,5/7/2024 10:58,Price Code 1,CUSTOMER PICKUP,False,Food Bank of Northeast Georgia,01,30680.0,Winder,BROCCOLI CROWNS,Vegetables
781,178380,5772,R-130,"Richard C. Wilson Recovery Residence, INC",480996,,ON PREMISES (OP),REHAB-Agency,LOCAL - LL,C-28-10000,50,0,0,0.0,50,BARROW,0.0,4/10/2024 9:09,4/10/2024 10:12,Price Code 1,CUSTOMER PICKUP,False,Food Bank of Northeast Georgia,01,30666.0,Statham,"PRODUCE, FRESH LL",Mixed Produce
682,172473,690,C-170,Christ The King Ghana Methodist,476104,,DIRECT ASSISTANCE,FOOD PANTRY-Agency,BLUE RECEIPT-SHL,W-03-10013,381,0,0,0.0,381,BARROW,0.0,1/3/2024 15:05,1/3/2024 11:01,Price Code 1,CUSTOMER PICKUP,False,Sharing Floor Athens,01-SH,30680.0,Winder,"ASSORTED BEVERAGES, SHL",Beverages
953,182162,123,C-179,Crossview Church Food Pantry,484766,,FP/GNAP/USDA,FOOD PANTRY-Agency,GNAP,N-40-10002,8,0,0,0.0,120,BARROW,0.0,6/24/2024 10:30,6/24/2024 13:15,Price Code 1,VAN 1,False,Food Bank of Northeast Georgia,01,30548.0,Hoschton,GNAP PEANUT BUTTER,Proteins
1040,180765,3114,H-159,Hills Temple FBH Church,483371,,FP/OP/GNAP/USDA,FB DIRECT ASSISTANCE-Agency,GNAP,N-40-10171,6,0,0,0.0,54,BARROW,0.0,5/17/2024 9:15,5/17/2024 10:44,Price Code 1,CUSTOMER PICKUP,False,Food Bank of Northeast Georgia,01,30680.0,Winder,GNAP CHEESY TUNA DINNER POUCH,Prepared Meals
29,178715,8970,B-107,Barrow County Food Pantry,FAIMPORT481329,,FOOD PANTRY,FOOD PANTRY-Agency,BLUE RECEIPT-SHL,MCW-16-10001,30,0,0,0.0,30,BARROW,0.0,4/9/2024 0:00,4/9/2024 0:00,Price Code 1,CUSTOMER PICKUP,False,Food Bank of Northeast Georgia,01,30680.0,Winder,"MISC. FOOD BOX, SHL RETAIL PICKUP",Food Misc.
781,178380,9006,R-130,"Richard C. Wilson Recovery Residence, INC",480996,,ON PREMISES (OP),REHAB-Agency,BLUE RECEIPT-SHL,N-03-11825,7,0,0,0.0,77,BARROW,0.0,4/10/2024 9:09,4/10/2024 10:12,Price Code 1,CUSTOMER PICKUP,False,Food Bank of Northeast Georgia,01,30666.0,Statham,STARBUCKS NITRO COLD BREW,Beverages
864,173450,696,W-124,Winder Church of God of Prophecy,477079,,FP/OP,FOOD PANTRY-Agency,LOCAL - LL,W-25-10000,2,0,0,0.36,2,BARROW,0.18,1/23/2024 12:22,1/23/2024 8:22,Price Code 1,CUSTOMER PICKUP,False,Sharing Floor Athens,01-SH,30680.0,Winder,"ASSORTED SNACK ITEMS, LL",Food Misc.
172,175630,8946,P-104,Project Adam Community Asst Ct,478258,,ON PREMISES (OP),REHAB-Agency,BLUE RECEIPT-SHL,N-03-11810,5,0,0,0.0,70,BARROW,0.0,2/20/2024 13:41,2/20/2024 10:41,Price Code 1,CUSTOMER PICKUP,False,Food Bank of Northeast Georgia,01,30680.0,Winder,PROPEL ORANGE RASPBERRY,Beverages
867,180357,7152,Y-108,YMCA of GA's Piedmont- Barrow County,482963,,FP/OP/GNAP/USDA,AT-RISK YOUTH-Agency,GNAP,N-40-10233,1,0,0,0.0,16,BARROW,0.0,5/17/2024 10:00,5/17/2024 10:45,Price Code 1,CUSTOMER PICKUP,False,Food Bank of Northeast Georgia,01,30680.0,Winder,GNAP GRAPE JELLY,Food Misc.
600,173468,8916,S-140,SYTGE (Seeing You Through God's Eyes) Outreach Ministry,477097,,FOOD PANTRY,FOOD PANTRY-Agency,BLUE RECEIPT-SHL,N-03-11799,2,0,0,0.0,24,BARROW,0.0,2/15/2024 9:30,2/15/2024 10:15,Price Code 1,CUSTOMER PICKUP,False,Food Bank of Northeast Georgia,01,30680.0,Winder,MONSTER COLD BREW LATTE,Beverages
576,173797,8907,F2KBARROW,Food 2 Kids Barrow County,477426,,DIRECT ASSISTANCE,DIRECT ASSISTANCE-Agency,GNAP,N-40-10267,13,0,0,0.0,169,BARROW,0.0,2/14/2024 9:00,3/5/2024 13:20,Price Code 1,TRACTOR TRAILER 2 MOBILE PANTRY,False,Food Bank of Northeast Georgia,01,,Athens,GNAP SPAGHETTI W/ MEATBALLS,Prepared Meals
863,180119,5938,A-148,Auburn First Baptist Church,482727,,FOOD PANTRY,FOOD PANTRY-Agency,BLUE RECEIPT-SHL,C-28-10001,626,0,0,18.78,626,BARROW,0.03,5/3/2024 8:05,5/3/2024 8:28,Price Code 1,CUSTOMER PICKUP,False,Sharing Floor Athens,01-SH,30011.0,Auburn,"PRODUCE, FRESH SHL",Mixed Produce
864,179412,875,W-124,Winder Church of God of Prophecy,482025,,FP/OP,FOOD PANTRY-Agency,BLUE RECEIPT-SHL,W-04-10000,46,0,0,0.0,46,BARROW,0.0,4/23/2024 12:22,4/23/2024 8:19,Price Code 1,CUSTOMER PICKUP,False,Sharing Floor Athens,01-SH,30680.0,Winder,"BREAD & BAKERY, ASSORTED SHL",Grains
917,173257,8923,C-161,Church at Pierce Rd.,476886,,FP/OP,FOOD PANTRY-Agency,LOCAL - LL,N-25-11955,2,0,0,5.4,30,BARROW,0.18,1/26/2024 9:39,2/22/2024 10:05,Price Code 1,CUSTOMER PICKUP,False,Food Bank of Northeast Georgia,01,30680.0,Winder,REESES/KIT KAT/PAYDAY CANDY BAR ASST,Food Misc.
29,181295,8975,B-107,Barrow County Food Pantry,FAIMPORT483900,,FOOD PANTRY,FOOD PANTRY-Agency,BLUE RECEIPT-SHL,MCC-07-10001,35,0,0,0.0,35,BARROW,0.0,5/7/2024 0:00,5/7/2024 0:00,Price Code 1,CUSTOMER PICKUP,False,Food Bank of Northeast Georgia,01,30680.0,Winder,"DAIRY PRODUCTS, SHL RETAIL PICKUPS",Dairy
781,176344,5958,R-130,"Richard C. Wilson Recovery Residence, INC",478969,,ON PREMISES (OP),REHAB-Agency,BLUE RECEIPT-SHL,C-16-10001,13,0,0,0.0,13,BARROW,0.0,2/28/2024 9:09,2/28/2024 8:41,Price Code 1,CUSTOMER PICKUP,False,Sharing Floor Athens,01-SH,30666.0,Statham,"COOLER FOOD, MISC. SHL",Food Misc.
917,180566,9040,C-161,Church at Pierce Rd.,483172,,FP/OP,FOOD PANTRY-Agency,LOCAL - LL,N-11-11073,2,0,0,5.0,50,BARROW,0.1,5/24/2024 10:30,5/24/2024 9:59,Price Code 1,CUSTOMER PICKUP,False,Food Bank of Northeast Georgia,01,30680.0,Winder,COUSCOUS,Grains
1013,181770,9015,S-143,"Spirit Of Sharing, INC",484374,,FP/GNAP/USDA,FOOD PANTRY-Agency,USDA,N-50-10314,13,0,0,0.0,637,BARROW,0.0,6/5/2024 9:00,6/5/2024 13:08,Price Code 1,TRUCK 1 MOBILE PANTRY,False,Food Bank of Northeast Georgia,01,30680.0,Winder,USDA RICE CCC,Grains
917,173011,696,C-161,Church at Pierce Rd.,476641,,FP/OP,FOOD PANTRY-Agency,LOCAL - LL,W-25-10000,14,0,0,2.52,14,BARROW,0.18,1/12/2024 9:39,1/12/2024 12:10,Price Code 1,CUSTOMER PICKUP,False,Sharing Floor Athens,01-SH,30680.0,Winder,"ASSORTED SNACK ITEMS, LL",Food Misc.
917,175462,6420,C-161,Church at Pierce Rd.,478091,,FP/OP,FOOD PANTRY-Agency,BLUE RECEIPT-SHL,C-28-90141,1,0,0,0.0,50,BARROW,0.0,2/16/2024 9:39,2/16/2024 11:08,Price Code 1,CUSTOMER PICKUP,False,Food Bank of Northeast Georgia,01,30680.0,Winder,ONIONS,Vegetables
953,180171,7169,C-179,Crossview Church Food Pantry,482777,,FP/GNAP/USDA,FOOD PANTRY-Agency,GNAP,N-40-10236,5,0,0,0.0,70,BARROW,0.0,5/8/2024 9:30,5/9/2024 9:19,Price Code 1,TRACTOR TRAILER 1,False,Food Bank of Northeast Georgia,01,30548.0,Hoschton,GNAP BEEF LASAGNA,Prepared Meals
867,178476,4737,Y-108,YMCA of GA's Piedmont- Barrow County,481092,,FP/OP/GNAP/USDA,AT-RISK YOUTH-Agency,USDA,F-50-90456,5,0,0,36.0,200,BARROW,0.18,4/10/2024 14:18,4/10/2024 10:42,Price Code 1,CUSTOMER PICKUP,False,Food Bank of Northeast Georgia,01,30680.0,Winder,USDA PORK PATTY,Proteins
479,176285,5938,W-118,Winder Wesleyan Church,478910,,FP/OP,FOOD PANTRY-Agency,BLUE RECEIPT-SHL,C-28-10001,45,0,0,1.35,45,BARROW,0.03,2/27/2024 10:24,2/27/2024 10:29,Price Code 1,CUSTOMER PICKUP,False,Sharing Floor Athens,01-SH,30680.0,Winder,"PRODUCE, FRESH SHL",Mixed Produce
497,172888,683,W-119,Winder Freelife Church,476519,,FP/OP/GNAP/USDA,FOOD PANTRY-Agency,BLUE RECEIPT-SHL,W-16-10001,50,0,0,9.0,50,BARROW,0.18,1/10/2024 14:38,1/10/2024 15:31,Price Code 1,CUSTOMER PICKUP,False,Sharing Floor Athens,01-SH,30680.0,Winder,MISC. FOOD BOX SHL,Food Misc.
1040,181339,8740,H-159,Hills Temple FBH Church,483943,,FP/OP/GNAP/USDA,FB DIRECT ASSISTANCE-Agency,BLUE RECEIPT-SHL,N-03-11740,20,0,0,0.0,560,BARROW,0.0,5/29/2024 12:00,5/29/2024 13:15,Price Code 1,CUSTOMER PICKUP,False,Food Bank of Northeast Georgia,01,30680.0,Winder,MT DEW BAJA BLAST,Beverages
1009,178131,696,S-142,"SAY In Need, Inc",480750,,OP/USDA,FEED SITE-Agency,LOCAL - LL,W-25-10000,16,0,0,2.88,16,BARROW,0.18,4/2/2024 13:51,4/2/2024 14:03,Price Code 1,CUSTOMER PICKUP,False,Sharing Floor Athens,01-SH,30620.0,Bethlehem,"ASSORTED SNACK ITEMS, LL",Food Misc.
917,177770,5938,C-161,Church at Pierce Rd.,480389,,FP/OP,FOOD PANTRY-Agency,BLUE RECEIPT-SHL,C-28-10001,186,0,0,5.58,186,BARROW,0.03,3/22/2024 9:39,3/22/2024 9:54,Price Code 1,CUSTOMER PICKUP,False,Sharing Floor Athens,01-SH,30680.0,Winder,"PRODUCE, FRESH SHL",Mixed Produce
29,179436,5637,B-107,Barrow County Food Pantry,482049,,FOOD PANTRY,FOOD PANTRY-Agency,USDA,F-50-90019,63,0,0,0.0,1890,BARROW,0.0,4/25/2024 7:00,4/25/2024 6:17,Price Code 1,TRACTOR TRAILER 1 MOBILE PANTRY,False,Food Bank of Northeast Georgia,01,30680.0,Winder,USDA FROZEN BLUEBERRIES CCC,Fruits
953,182652,8975,C-179,Crossview Church Food Pantry,FAIMPORT485255,,FP/GNAP/USDA,FOOD PANTRY-Agency,BLUE RECEIPT-SHL,MCC-07-10001,26,0,0,0.0,26,BARROW,0.0,6/26/2024 0:00,6/26/2024 0:00,Price Code 1,CUSTOMER PICKUP,False,Food Bank of Northeast Georgia,01,30548.0,Hoschton,"DAIRY PRODUCTS, SHL RETAIL PICKUPS",Dairy
29,182517,5388,B-107,Barrow County Food Pantry,485120,,FOOD PANTRY,FOOD PANTRY-Agency,BLUE RECEIPT-SHL,F-16-10001,1700,0,0,0.0,1700,BARROW,0.0,6/27/2024 7:00,6/27/2024 9:27,Price Code 1,TRACTOR TRAILER 1 MOBILE PANTRY,False,Food Bank of Northeast Georgia,01,30680.0,Winder,"ASSORTED FROZEN FOODS, SHL",Food Misc.
172,177045,5407,P-104,Project Adam Community Asst Ct,479667,,ON PREMISES (OP),REHAB-Agency,BLUE RECEIPT-SHL,F-15-10000,45,0,0,8.1,45,BARROW,0.18,3/11/2024 13:41,3/11/2024 9:33,Price Code 1,CUSTOMER PICKUP,False,Sharing Floor Athens,01-SH,30680.0,Winder,"MEAT & SEAFOOD, FROZEN SHL",Proteins
867,172759,8852,Y-108,YMCA of GA's Piedmont- Barrow County,476390,,FP/OP/GNAP/USDA,AT-RISK YOUTH-Agency,PURCH,N-23-10010,2,0,0,4.68,26,BARROW,0.18,1/11/2024 14:18,1/11/2024 12:16,Price Code 1,CUSTOMER PICKUP,False,Food Bank of Northeast Georgia,01,30680.0,Winder,NUT'N BETTER CREAMY PEANUT BUTTER - RED SUGAR & SODIUM,Proteins
917,182016,696,C-161,Church at Pierce Rd.,484620,,FP/OP,FOOD PANTRY-Agency,LOCAL - LL,W-25-10000,10,0,0,0.0,10,BARROW,0.0,6/7/2024 9:39,6/7/2024 9:46,Price Code 1,CUSTOMER PICKUP,False,Sharing Floor Athens,01-SH,30680.0,Winder,"ASSORTED SNACK ITEMS, LL",Food Misc.
600,179648,4036,S-140,SYTGE (Seeing You Through God's Eyes) Outreach Ministry,482261,,FOOD PANTRY,FOOD PANTRY-Agency,BLUE RECEIPT-SHL,N-03-11005,4,0,0,0.0,40,BARROW,0.0,4/30/2024 13:46,4/30/2024 14:01,Price Code 1,CUSTOMER PICKUP,False,Food Bank of Northeast Georgia,01,30680.0,Winder,DIET PEPSI,Beverages
781,179542,5407,R-130,"Richard C. Wilson Recovery Residence, INC",482155,,ON PREMISES (OP),REHAB-Agency,BLUE RECEIPT-SHL,F-15-10000,72,0,0,12.96,72,BARROW,0.18,4/24/2024 9:09,4/24/2024 9:25,Price Code 1,CUSTOMER PICKUP,False,Sharing Floor Athens,01-SH,30666.0,Statham,"MEAT & SEAFOOD, FROZEN SHL",Proteins
864,177871,5407,W-124,Winder Church of God of Prophecy,480490,,FP/OP,FOOD PANTRY-Agency,BLUE RECEIPT-SHL,F-15-10000,27,0,0,4.86,27,BARROW,0.18,3/26/2024 12:22,3/26/2024 8:24,Price Code 1,CUSTOMER PICKUP,False,Sharing Floor Athens,01-SH,30680.0,Winder,"MEAT & SEAFOOD, FROZEN SHL",Proteins
29,175854,8512,B-107,Barrow County Food Pantry,478482,,FOOD PANTRY,FOOD PANTRY-Agency,USDA,C-50-10049,112,0,0,0.0,4368,BARROW,0.0,2/22/2024 7:00,2/22/2024 6:27,Price Code 1,TRACTOR TRAILER 1 MOBILE PANTRY,False,Food Bank of Northeast Georgia,01,30680.0,Winder,USDA GRAPEFRUIT CCC,Fruits
864,177526,875,W-124,Winder Church of God of Prophecy,480146,,FP/OP,FOOD PANTRY-Agency,BLUE RECEIPT-SHL,W-04-10000,24,0,0,0.0,24,BARROW,0.0,3/19/2024 12:22,3/19/2024 8:19,Price Code 1,CUSTOMER PICKUP,False,Sharing Floor Athens,01-SH,30680.0,Winder,"BREAD & BAKERY, ASSORTED SHL",Grains
576,178167,8940,F2KBARROW,Food 2 Kids Barrow County,480786,,DIRECT ASSISTANCE,DIRECT ASSISTANCE-Agency,BLUE RECEIPT-SHL,C-28-90531,35,0,0,0.0,1820,BARROW,0.0,4/10/2024 9:00,4/10/2024 9:40,Price Code 1,TRUCK 1 MOBILE PANTRY,False,Food Bank of Northeast Georgia,01,,Athens,"CABBAGE, SHL 50#",Vegetables
682,180008,5938,C-170,Christ The King Ghana Methodist,482616,,DIRECT ASSISTANCE,FOOD PANTRY-Agency,BLUE RECEIPT-SHL,C-28-10001,277,0,0,8.31,277,BARROW,0.03,5/1/2024 15:05,5/1/2024 15:05,Price Code 1,CUSTOMER PICKUP,False,Sharing Floor Athens,01-SH,30680.0,Winder,"PRODUCE, FRESH SHL",Mixed Produce
867,179864,7118,Y-108,YMCA of GA's Piedmont- Barrow County,482475,,FP/OP/GNAP/USDA,AT-RISK YOUTH-Agency,GNAP,N-40-10225,6,0,0,0.0,60,BARROW,0.0,5/3/2024 14:18,5/3/2024 10:51,Price Code 1,CUSTOMER PICKUP,False,Food Bank of Northeast Georgia,01,30680.0,Winder,GNAP CRISPY RICE CEREAL,Grains
682,173911,696,C-170,Christ The King Ghana Methodist,477540,,DIRECT ASSISTANCE,FOOD PANTRY-Agency,LOCAL - LL,W-25-10000,97,0,0,17.46,97,BARROW,0.18,1/31/2024 15:05,1/31/2024 11:10,Price Code 1,CUSTOMER PICKUP,False,Sharing Floor Athens,01-SH,30680.0,Winder,"ASSORTED SNACK ITEMS, LL",Food Misc.
172,176524,8985,P-104,Project Adam Community Asst Ct,479148,,ON PREMISES (OP),REHAB-Agency,BLUE RECEIPT-SHL,C-14-90150,1,0,0,1.7,34,BARROW,0.05,3/11/2024 13:41,3/11/2024 10:08,Price Code 1,CUSTOMER PICKUP,False,Food Bank of Northeast Georgia,01,30680.0,Winder,MINUTE MAID STRAWBERRY LEMONADE,Beverages
29,182517,4327,B-107,Barrow County Food Pantry,485120,,FOOD PANTRY,FOOD PANTRY-Agency,USDA,N-50-10277,25,0,0,0.0,675,BARROW,0.0,6/27/2024 7:00,6/27/2024 9:27,Price Code 1,TRACTOR TRAILER 1 MOBILE PANTRY,False,Food Bank of Northeast Georgia,01,30680.0,Winder,USDA GARBANZO BEANS,Proteins
172,181768,690,P-104,Project Adam Community Asst Ct,484372,,ON PREMISES (OP),REHAB-Agency,BLUE RECEIPT-SHL,W-03-10013,166,0,0,0.0,166,BARROW,0.0,6/3/2024 13:41,6/3/2024 9:00,Price Code 1,CUSTOMER PICKUP,False,Sharing Floor Athens,01-SH,30680.0,Winder,"ASSORTED BEVERAGES, SHL",Beverages
29,176405,8973,B-107,Barrow County Food Pantry,FAIMPORT479029,,FOOD PANTRY,FOOD PANTRY-Agency,BLUE RECEIPT-SHL,MCC-16-10001,120,0,0,0.0,120,BARROW,0.0,2/24/2024 0:00,2/24/2024 0:00,Price Code 1,CUSTOMER PICKUP,False,Food Bank of Northeast Georgia,01,30680.0,Winder,"COOLER FOOD MISC., SHL RETAIL PICKUP",Food Misc.
917,172307,8888,C-161,Church at Pierce Rd.,475938,,FP/OP,FOOD PANTRY-Agency,LFB,N-19-10057,55,0,0,59.4,330,BARROW,0.18,1/5/2024 9:39,1/5/2024 14:36,Price Code 1,CUSTOMER PICKUP,False,Food Bank of Northeast Georgia,01,30680.0,Winder,COTTONELLE TOILET PAPER 18,Non-Food Misc.
682,173185,884,C-170,Christ The King Ghana Methodist,476815,,DIRECT ASSISTANCE,FOOD PANTRY-Agency,LFB,W-01-10003,36,0,0,6.48,36,BARROW,0.18,1/17/2024 15:05,1/17/2024 10:48,Price Code 1,CUSTOMER PICKUP,False,Sharing Floor Athens,01-SH,30680.0,Winder,ASSORTED NON-FOOD ITEMS LFB,Non-Food Misc.
781,179542,1045,R-130,"Richard C. Wilson Recovery Residence, INC",482155,,ON PREMISES (OP),REHAB-Agency,BLUE RECEIPT-SHL,W-25-10009,20,0,0,3.6,20,BARROW,0.18,4/24/2024 9:09,4/24/2024 9:25,Price Code 1,CUSTOMER PICKUP,False,Sharing Floor Athens,01-SH,30666.0,Statham,"ASSORTED SNACK ITEMS, SHL",Food Misc.
917,176501,875,C-161,Church at Pierce Rd.,479125,,FP/OP,FOOD PANTRY-Agency,BLUE RECEIPT-SHL,W-04-10000,76,0,0,0.0,76,BARROW,0.0,3/1/2024 9:39,3/1/2024 9:56,Price Code 1,CUSTOMER PICKUP,False,Sharing Floor Athens,01-SH,30680.0,Winder,"BREAD & BAKERY, ASSORTED SHL",Grains
29,182132,8986,B-107,Barrow County Food Pantry,FAIMPORT484736,,FOOD PANTRY,FOOD PANTRY-Agency,BLUE RECEIPT-SHL,MCW-01-10001,61,0,0,0.0,61,BARROW,0.0,6/11/2024 0:00,6/11/2024 0:00,Price Code 1,CUSTOMER PICKUP,False,Food Bank of Northeast Georgia,01,30680.0,Winder,"NON-FOOD ITEMS, SHL RETAIL PICKUPS",Non-Food Misc.
781,172620,3408,R-130,"Richard C. Wilson Recovery Residence, INC",476251,,ON PREMISES (OP),REHAB-Agency,YELLOW RECEIPT - SHN,N-03-10851,10,0,0,0.0,200,BARROW,0.0,1/12/2024 9:09,1/12/2024 8:50,Price Code 1,CUSTOMER PICKUP,False,Food Bank of Northeast Georgia,01,30666.0,Statham,"PROPEL WATER, GRAPE",Beverages
917,177770,690,C-161,Church at Pierce Rd.,480389,,FP/OP,FOOD PANTRY-Agency,BLUE RECEIPT-SHL,W-03-10013,10,0,0,0.0,10,BARROW,0.0,3/22/2024 9:39,3/22/2024 9:54,Price Code 1,CUSTOMER PICKUP,False,Sharing Floor Athens,01-SH,30680.0,Winder,"ASSORTED BEVERAGES, SHL",Beverages
1013,175108,8672,S-143,"Spirit Of Sharing, INC",477738,,FP/GNAP/USDA,FOOD PANTRY-Agency,USDA,N-50-10301,25,0,0,0.0,600,BARROW,0.0,2/7/2024 9:00,2/14/2024 9:38,Price Code 1,TRUCK 1 MOBILE PANTRY,False,Food Bank of Northeast Georgia,01,30680.0,Winder,USDA YELLOW SPLIT PEAS,Proteins
682,176359,5938,C-170,Christ The King Ghana Methodist,478984,,DIRECT ASSISTANCE,FOOD PANTRY-Agency,BLUE RECEIPT-SHL,C-28-10001,226,0,0,6.78,226,BARROW,0.03,2/28/2024 15:05,2/28/2024 10:56,Price Code 1,CUSTOMER PICKUP,False,Sharing Floor Athens,01-SH,30680.0,Winder,"PRODUCE, FRESH SHL",Mixed Produce
1040,180866,1045,H-159,Hills Temple FBH Church,483472,,FP/OP/GNAP/USDA,FB DIRECT ASSISTANCE-Agency,BLUE RECEIPT-SHL,W-25-10009,65,0,0,11.7,65,BARROW,0.18,5/15/2024 11:19,5/15/2024 11:23,Price Code 1,CUSTOMER PICKUP,False,Sharing Floor Athens,01-SH,30680.0,Winder,"ASSORTED SNACK ITEMS, SHL",Food Misc.
863,176072,690,A-148,Auburn First Baptist Church,478699,,FOOD PANTRY,FOOD PANTRY-Agency,BLUE RECEIPT-SHL,W-03-10013,403,0,0,0.0,403,BARROW,0.0,2/23/2024 8:05,2/23/2024 8:26,Price Code 1,CUSTOMER PICKUP,False,Sharing Floor Athens,01-SH,30011.0,Auburn,"ASSORTED BEVERAGES, SHL",Beverages
29,177776,4449,B-107,Barrow County Food Pantry,480395,,FOOD PANTRY,FOOD PANTRY-Agency,USDA,F-50-90445,48,0,0,0.0,1968,BARROW,0.0,3/28/2024 7:00,3/28/2024 6:02,Price Code 1,TRACTOR TRAILER 1 MOBILE PANTRY,False,Food Bank of Northeast Georgia,01,30680.0,Winder,USDA FULLY COOKED PULLED PORK CCC,Proteins
1013,176588,84,S-143,"Spirit Of Sharing, INC",479212,,FP/GNAP/USDA,FOOD PANTRY-Agency,USDA,N-50-10006,13,0,0,0.0,351,BARROW,0.0,3/6/2024 9:00,3/6/2024 10:23,Price Code 1,TRUCK 1 MOBILE PANTRY,False,Food Bank of Northeast Georgia,01,30680.0,Winder,USDA GREEN BEANS,Vegetables
1013,181770,6780,S-143,"Spirit Of Sharing, INC",484374,,FP/GNAP/USDA,FOOD PANTRY-Agency,USDA,C-50-10024,42,0,0,0.0,1806,BARROW,0.0,6/5/2024 9:00,6/5/2024 13:08,Price Code 1,TRUCK 1 MOBILE PANTRY,False,Food Bank of Northeast Georgia,01,30680.0,Winder,USDA APPLES,Fruits
953,180171,7152,C-179,Crossview Church Food Pantry,482777,,FP/GNAP/USDA,FOOD PANTRY-Agency,GNAP,N-40-10233,5,0,0,0.0,80,BARROW,0.0,5/8/2024 9:30,5/9/2024 9:19,Price Code 1,TRACTOR TRAILER 1,False,Food Bank of Northeast Georgia,01,30548.0,Hoschton,GNAP GRAPE JELLY,Food Misc.
576,177175,6786,F2KBARROW,Food 2 Kids Barrow County,479796,,DIRECT ASSISTANCE,DIRECT ASSISTANCE-Agency,LOCAL - LL,C-28-90215,38,0,0,0.0,1900,BARROW,0.0,3/13/2024 12:00,3/20/2024 14:17,Price Code 1,CUSTOMER PICKUP,False,Food Bank of Northeast Georgia,01,,Athens,"POTATOES, RUSSET",Potatoes
867,178476,170,Y-108,YMCA of GA's Piedmont- Barrow County,481092,,FP/OP/GNAP/USDA,AT-RISK YOUTH-Agency,USDA,N-50-10007,5,0,0,25.2,140,BARROW,0.18,4/10/2024 14:18,4/10/2024 10:42,Price Code 1,CUSTOMER PICKUP,False,Food Bank of Northeast Georgia,01,30680.0,Winder,"USDA CORN, WHOLE KERNEL NO SALT",Vegetables
29,179436,7083,B-107,Barrow County Food Pantry,482049,,FOOD PANTRY,FOOD PANTRY-Agency,USDA,C-50-10029,147,0,0,0.0,1764,BARROW,0.0,4/25/2024 7:00,4/25/2024 6:17,Price Code 1,TRACTOR TRAILER 1 MOBILE PANTRY,False,Food Bank of Northeast Georgia,01,30680.0,Winder,"USDA MILD CHEDDAR CHEESE, BLOCK CCC",Dairy
172,179952,683,P-104,Project Adam Community Asst Ct,482561,,ON PREMISES (OP),REHAB-Agency,BLUE RECEIPT-SHL,W-16-10001,228,0,0,0.0,228,BARROW,0.0,5/1/2024 13:41,5/1/2024 10:53,Price Code 1,CUSTOMER PICKUP,False,Sharing Floor Athens,01-SH,30680.0,Winder,MISC. FOOD BOX SHL,Food Misc.
789,182037,170,TH-134,First Baptist Church of Carl,484641,,FP/USDA,MOBILE PANTRY-Agency,USDA,N-50-10007,170,0,0,856.8,4760,BARROW,0.18,6/21/2024 12:30,6/25/2024 14:13,Price Code 1,TRACTOR TRAILER 1,False,Food Bank of Northeast Georgia,01,30011.0,Auburn,"USDA CORN, WHOLE KERNEL NO SALT",Vegetables
1013,181770,8714,S-143,"Spirit Of Sharing, INC",484374,,FP/GNAP/USDA,FOOD PANTRY-Agency,USDA,N-50-10303,25,0,0,0.0,600,BARROW,0.0,6/5/2024 9:00,6/5/2024 13:08,Price Code 1,TRUCK 1 MOBILE PANTRY,False,Food Bank of Northeast Georgia,01,30680.0,Winder,USDA GREEN SPLIT PEAS,Proteins
781,175351,5938,R-130,"Richard C. Wilson Recovery Residence, INC",477980,,ON PREMISES (OP),REHAB-Agency,BLUE RECEIPT-SHL,C-28-10001,57,0,0,1.71,57,BARROW,0.03,2/8/2024 9:09,2/8/2024 11:48,Price Code 1,CUSTOMER PICKUP,False,Sharing Floor Athens,01-SH,30666.0,Statham,"PRODUCE, FRESH SHL",Mixed Produce
1040,180109,3114,H-159,Hills Temple FBH Church,482717,,FP/OP/GNAP/USDA,FB DIRECT ASSISTANCE-Agency,GNAP,N-40-10171,6,0,0,0.0,54,BARROW,0.0,5/7/2024 8:45,5/7/2024 10:58,Price Code 1,CUSTOMER PICKUP,False,Food Bank of Northeast Georgia,01,30680.0,Winder,GNAP CHEESY TUNA DINNER POUCH,Prepared Meals
867,178663,8720,Y-108,YMCA of GA's Piedmont- Barrow County,481279,,FP/OP/GNAP/USDA,AT-RISK YOUTH-Agency,USDA,N-50-10305,4,0,0,10.08,56,BARROW,0.18,4/15/2024 14:18,4/15/2024 14:42,Price Code 1,CUSTOMER PICKUP,False,Food Bank of Northeast Georgia,01,30680.0,Winder,USDA MIXED VegetablesCCC,Vegetables
863,180999,683,A-148,Auburn First Baptist Church,483604,,FOOD PANTRY,FOOD PANTRY-Agency,BLUE RECEIPT-SHL,W-16-10001,57,0,0,10.26,57,BARROW,0.18,5/17/2024 8:05,5/17/2024 8:12,Price Code 1,CUSTOMER PICKUP,False,Sharing Floor Athens,01-SH,30011.0,Auburn,MISC. FOOD BOX SHL,Food Misc.
864,182303,688,W-124,Winder Church of God of Prophecy,484907,,FP/OP,FOOD PANTRY-Agency,BLUE RECEIPT-SHL,W-01-10000,8,0,0,1.44,8,BARROW,0.18,6/18/2024 12:22,6/18/2024 8:13,Price Code 1,CUSTOMER PICKUP,False,Sharing Floor Athens,01-SH,30680.0,Winder,"ASSORTED NON-FOOD ITEMS, SHL",Non-Food Misc.
682,173185,5477,C-170,Christ The King Ghana Methodist,476815,,DIRECT ASSISTANCE,FOOD PANTRY-Agency,LOCAL - LL,F-15-10001,131,0,0,23.58,131,BARROW,0.18,1/17/2024 15:05,1/17/2024 10:48,Price Code 1,CUSTOMER PICKUP,False,Sharing Floor Athens,01-SH,30680.0,Winder,"MEAT & SEAFOOD, FROZEN LOCAL",Proteins
781,172929,92,R-130,"Richard C. Wilson Recovery Residence, INC",476560,,ON PREMISES (OP),REHAB-Agency,LOCAL - LL,W-01-10002,21,0,0,3.78,21,BARROW,0.18,1/11/2024 9:09,1/11/2024 10:58,Price Code 1,CUSTOMER PICKUP,False,Sharing Floor Athens,01-SH,30666.0,Statham,"ASSORTED NON-FOOD ITEMS, LL",Non-Food Misc.
29,181289,8974,B-107,Barrow County Food Pantry,FAIMPORT483894,,FOOD PANTRY,FOOD PANTRY-Agency,BLUE RECEIPT-SHL,MCW-04-10000,113,0,0,0.0,113,BARROW,0.0,5/20/2024 0:00,5/20/2024 0:00,Price Code 1,CUSTOMER PICKUP,False,Food Bank of Northeast Georgia,01,30680.0,Winder,"BREAD AND BAKERY, SHL RETAIL PICKUPS",Grains
29,176915,8976,B-107,Barrow County Food Pantry,FAIMPORT479537,,FOOD PANTRY,FOOD PANTRY-Agency,BLUE RECEIPT-SHL,MCC-28-10001,130,0,0,0.0,130,BARROW,0.0,3/1/2024 0:00,3/1/2024 0:00,Price Code 1,CUSTOMER PICKUP,False,Food Bank of Northeast Georgia,01,30680.0,Winder,"PRODUCE, SHL RETAIL PICKUPS",Mixed Produce
29,182926,8973,B-107,Barrow County Food Pantry,FAIMPORT485527,,FOOD PANTRY,FOOD PANTRY-Agency,BLUE RECEIPT-SHL,MCC-16-10001,34,0,0,0.0,34,BARROW,0.0,6/13/2024 0:00,6/13/2024 0:00,Price Code 1,CUSTOMER PICKUP,False,Food Bank of Northeast Georgia,01,30680.0,Winder,"COOLER FOOD MISC., SHL RETAIL PICKUP",Food Misc.
867,172379,4761,Y-108,YMCA of GA's Piedmont- Barrow County,476010,,FP/OP/GNAP/USDA,AT-RISK YOUTH-Agency,USDA,F-50-90454,5,0,0,27.9,155,BARROW,0.18,1/5/2024 10:00,1/5/2024 10:55,Price Code 1,CUSTOMER PICKUP,False,Food Bank of Northeast Georgia,01,30680.0,Winder,USDA FROZEN STRAWBERRIES CCC,Fruits
29,175854,8783,B-107,Barrow County Food Pantry,478482,,FOOD PANTRY,FOOD PANTRY-Agency,USDA,N-50-10308,25,0,0,0.0,575,BARROW,0.0,2/22/2024 7:00,2/22/2024 6:27,Price Code 1,TRACTOR TRAILER 1 MOBILE PANTRY,False,Food Bank of Northeast Georgia,01,30680.0,Winder,USDA RAISINS,Fruits
917,179250,690,C-161,Church at Pierce Rd.,481863,,FP/OP,FOOD PANTRY-Agency,BLUE RECEIPT-SHL,W-03-10013,9,0,0,0.0,9,BARROW,0.0,4/19/2024 9:39,4/19/2024 9:20,Price Code 1,CUSTOMER PICKUP,False,Sharing Floor Athens,01-SH,30680.0,Winder,"ASSORTED BEVERAGES, SHL",Beverages
953,181721,8975,C-179,Crossview Church Food Pantry,FAIMPORT484325,,FP/GNAP/USDA,FOOD PANTRY-Agency,BLUE RECEIPT-SHL,MCC-07-10001,12,0,0,0.0,12,BARROW,0.0,5/29/2024 0:00,5/29/2024 0:00,Price Code 1,CUSTOMER PICKUP,False,Food Bank of Northeast Georgia,01,30548.0,Hoschton,"DAIRY PRODUCTS, SHL RETAIL PICKUPS",Dairy
781,178970,9014,R-130,"Richard C. Wilson Recovery Residence, INC",481584,,ON PREMISES (OP),REHAB-Agency,PURCH,N-27-10136,4,0,208,19.44,108,BARROW,0.18,4/18/2024 9:09,4/18/2024 10:53,Price Code 1,CUSTOMER PICKUP,False,Food Bank of Northeast Georgia,01,30666.0,Statham,"GREEN BEANS, HARVEST VALLEY",Vegetables
1040,177969,8869,H-159,Hills Temple FBH Church,480588,,FP/OP/GNAP/USDA,FB DIRECT ASSISTANCE-Agency,YELLOW RECEIPT - SHN,N-20-10004,10,0,0,5.4,30,BARROW,0.18,4/3/2024 8:12,4/3/2024 11:28,Price Code 1,CUSTOMER PICKUP,False,Food Bank of Northeast Georgia,01,30680.0,Winder,PAMPERS PREEMIE SWADDLERS,Non-Food Misc.
29,181117,84,B-107,Barrow County Food Pantry,483722,,FOOD PANTRY,FOOD PANTRY-Agency,USDA,N-50-10006,25,0,0,0.0,675,BARROW,0.0,5/23/2024 8:19,5/28/2024 7:55,Price Code 1,TRACTOR TRAILER 1 MOBILE PANTRY,False,Food Bank of Northeast Georgia,01,30680.0,Winder,USDA GREEN BEANS,Vegetables
29,179436,8991,B-107,Barrow County Food Pantry,482049,,FOOD PANTRY,FOOD PANTRY-Agency,USDA,N-50-10311,25,0,0,0.0,600,BARROW,0.0,4/25/2024 7:00,4/25/2024 6:17,Price Code 1,TRACTOR TRAILER 1 MOBILE PANTRY,False,Food Bank of Northeast Georgia,01,30680.0,Winder,USDA HAZELNUTS CCC,Proteins
497,182553,875,W-119,Winder Freelife Church,485156,,FP/OP/GNAP/USDA,FOOD PANTRY-Agency,BLUE RECEIPT-SHL,W-04-10000,34,0,0,0.0,34,BARROW,0.0,6/25/2024 14:38,6/25/2024 14:11,Price Code 1,CUSTOMER PICKUP,False,Sharing Floor Athens,01-SH,30680.0,Winder,"BREAD & BAKERY, ASSORTED SHL",Grains
781,177080,8837,R-130,"Richard C. Wilson Recovery Residence, INC",479702,,ON PREMISES (OP),REHAB-Agency,BLUE RECEIPT-SHL,N-03-11773,10,0,0,0.0,100,BARROW,0.0,3/18/2024 9:09,3/18/2024 9:40,Price Code 1,CUSTOMER PICKUP,False,Food Bank of Northeast Georgia,01,30666.0,Statham,MT DEW PASSSIONFRUIT PUNCH,Beverages
781,176598,875,R-130,"Richard C. Wilson Recovery Residence, INC",479222,,ON PREMISES (OP),REHAB-Agency,BLUE RECEIPT-SHL,W-04-10000,13,0,0,0.0,13,BARROW,0.0,3/4/2024 9:09,3/4/2024 8:38,Price Code 1,CUSTOMER PICKUP,False,Sharing Floor Athens,01-SH,30666.0,Statham,"BREAD & BAKERY, ASSORTED SHL",Grains
917,181674,5958,C-161,Church at Pierce Rd.,484278,,FP/OP,FOOD PANTRY-Agency,BLUE RECEIPT-SHL,C-16-10001,52,0,0,9.36,52,BARROW,0.18,5/31/2024 9:39,5/31/2024 9:48,Price Code 1,CUSTOMER PICKUP,False,Sharing Floor Athens,01-SH,30680.0,Winder,"COOLER FOOD, MISC. SHL",Food Misc.
917,173257,8922,C-161,Church at Pierce Rd.,476886,,FP/OP,FOOD PANTRY-Agency,LOCAL - LL,N-25-11954,10,0,0,9.0,50,BARROW,0.18,1/26/2024 9:39,2/22/2024 10:05,Price Code 1,CUSTOMER PICKUP,False,Food Bank of Northeast Georgia,01,30680.0,Winder,ATKINS VAR PACK CHOC PEANUT/CARAMEL,Food Misc.
867,173402,8914,Y-108,YMCA of GA's Piedmont- Barrow County,477031,,FP/OP/GNAP/USDA,AT-RISK YOUTH-Agency,USDA,N-50-10310,4,0,0,19.44,108,BARROW,0.18,1/25/2024 11:26,1/26/2024 10:32,Price Code 1,CUSTOMER PICKUP,False,Food Bank of Northeast Georgia,01,30680.0,Winder,USDA DICED POTATOES,Potatoes
600,181572,5637,S-140,SYTGE (Seeing You Through God's Eyes) Outreach Ministry,484176,,FOOD PANTRY,FOOD PANTRY-Agency,USDA,F-50-90019,1,0,0,0.0,30,BARROW,0.0,6/5/2024 9:30,6/5/2024 9:51,Price Code 1,CUSTOMER PICKUP,False,Food Bank of Northeast Georgia,01,30680.0,Winder,USDA FROZEN BLUEBERRIES CCC,Fruits
1009,172984,683,S-142,"SAY In Need, Inc",476614,,OP/USDA,FEED SITE-Agency,BLUE RECEIPT-SHL,W-16-10001,87,0,0,15.66,87,BARROW,0.18,1/12/2024 8:26,1/12/2024 9:01,Price Code 1,CUSTOMER PICKUP,False,Sharing Floor Athens,01-SH,30620.0,Bethlehem,MISC. FOOD BOX SHL,Food Misc.
29,177860,8973,B-107,Barrow County Food Pantry,FAIMPORT480479,,FOOD PANTRY,FOOD PANTRY-Agency,BLUE RECEIPT-SHL,MCC-16-10001,31,0,0,0.0,31,BARROW,0.0,3/22/2024 0:00,3/22/2024 0:00,Price Code 1,CUSTOMER PICKUP,False,Food Bank of Northeast Georgia,01,30680.0,Winder,"COOLER FOOD MISC., SHL RETAIL PICKUP",Food Misc.
172,176163,875,P-104,Project Adam Community Asst Ct,478789,,ON PREMISES (OP),REHAB-Agency,BLUE RECEIPT-SHL,W-04-10000,7,0,0,0.0,7,BARROW,0.0,2/26/2024 13:41,2/26/2024 9:24,Price Code 1,CUSTOMER PICKUP,False,Sharing Floor Athens,01-SH,30680.0,Winder,"BREAD & BAKERY, ASSORTED SHL",Grains
682,175282,5407,C-170,Christ The King Ghana Methodist,477911,,DIRECT ASSISTANCE,FOOD PANTRY-Agency,BLUE RECEIPT-SHL,F-15-10000,216,0,0,38.88,216,BARROW,0.18,2/7/2024 15:05,2/7/2024 11:13,Price Code 1,CUSTOMER PICKUP,False,Sharing Floor Athens,01-SH,30680.0,Winder,"MEAT & SEAFOOD, FROZEN SHL",Proteins
917,181347,696,C-161,Church at Pierce Rd.,483951,,FP/OP,FOOD PANTRY-Agency,LOCAL - LL,W-25-10000,6,0,0,1.08,6,BARROW,0.18,5/24/2024 9:39,5/24/2024 9:35,Price Code 1,CUSTOMER PICKUP,False,Sharing Floor Athens,01-SH,30680.0,Winder,"ASSORTED SNACK ITEMS, LL",Food Misc.
781,178113,696,R-130,"Richard C. Wilson Recovery Residence, INC",480732,,ON PREMISES (OP),REHAB-Agency,LOCAL - LL,W-25-10000,28,0,0,5.04,28,BARROW,0.18,4/2/2024 9:09,4/2/2024 10:27,Price Code 1,CUSTOMER PICKUP,False,Sharing Floor Athens,01-SH,30666.0,Statham,"ASSORTED SNACK ITEMS, LL",Food Misc.
1040,180765,7083,H-159,Hills Temple FBH Church,483371,,FP/OP/GNAP/USDA,FB DIRECT ASSISTANCE-Agency,USDA,C-50-10029,6,0,0,12.96,72,BARROW,0.18,5/17/2024 9:15,5/17/2024 10:44,Price Code 1,CUSTOMER PICKUP,False,Food Bank of Northeast Georgia,01,30680.0,Winder,"USDA MILD CHEDDAR CHEESE, BLOCK CCC",Dairy
867,172759,8882,Y-108,YMCA of GA's Piedmont- Barrow County,476390,,FP/OP/GNAP/USDA,AT-RISK YOUTH-Agency,BLUE RECEIPT-SHL,F-15-90548,5,0,0,8.1,45,BARROW,0.18,1/11/2024 14:18,1/11/2024 12:16,Price Code 1,CUSTOMER PICKUP,False,Food Bank of Northeast Georgia,01,30680.0,Winder,"GROUND TURKEY BREAST, KIRKWOOD",Proteins
781,176002,5407,R-130,"Richard C. Wilson Recovery Residence, INC",478630,,ON PREMISES (OP),REHAB-Agency,BLUE RECEIPT-SHL,F-15-10000,84,0,0,0.0,84,BARROW,0.0,2/22/2024 9:09,2/22/2024 8:33,Price Code 1,CUSTOMER PICKUP,False,Sharing Floor Athens,01-SH,30666.0,Statham,"MEAT & SEAFOOD, FROZEN SHL",Proteins
917,179659,696,C-161,Church at Pierce Rd.,482272,,FP/OP,FOOD PANTRY-Agency,LOCAL - LL,W-25-10000,22,0,0,3.96,22,BARROW,0.18,4/26/2024 9:39,4/26/2024 9:28,Price Code 1,CUSTOMER PICKUP,False,Sharing Floor Athens,01-SH,30680.0,Winder,"ASSORTED SNACK ITEMS, LL",Food Misc.
863,177346,5407,A-148,Auburn First Baptist Church,479966,,FOOD PANTRY,FOOD PANTRY-Agency,BLUE RECEIPT-SHL,F-15-10000,91,0,0,16.38,91,BARROW,0.18,3/15/2024 8:05,3/15/2024 8:27,Price Code 1,CUSTOMER PICKUP,False,Sharing Floor Athens,01-SH,30011.0,Auburn,"MEAT & SEAFOOD, FROZEN SHL",Proteins
29,181712,8972,B-107,Barrow County Food Pantry,FAIMPORT484316,,FOOD PANTRY,FOOD PANTRY-Agency,BLUE RECEIPT-SHL,MCF-15-10000,205,0,0,0.0,205,BARROW,0.0,5/31/2024 0:00,5/31/2024 0:00,Price Code 1,CUSTOMER PICKUP,False,Food Bank of Northeast Georgia,01,30680.0,Winder,"FROZEN MEAT & SEAFOOD, SHL RETAIL PICKUP",Proteins
172,175968,4350,P-104,Project Adam Community Asst Ct,478596,,ON PREMISES (OP),REHAB-Agency,BLUE RECEIPT-SHL,N-03-11160,20,0,0,0.0,200,BARROW,0.0,2/26/2024 13:41,2/26/2024 9:44,Price Code 1,CUSTOMER PICKUP,False,Food Bank of Northeast Georgia,01,30680.0,Winder,CHERRY DR PEPPER,Beverages
917,180600,9048,C-161,Church at Pierce Rd.,483206,,FP/OP,FOOD PANTRY-Agency,BLUE RECEIPT-SHL,C-07-90664,7,0,0,32.76,252,BARROW,0.13,5/24/2024 10:45,5/24/2024 9:59,Price Code 1,CUSTOMER PICKUP,False,Food Bank of Northeast Georgia,01,30680.0,Winder,"BUTTER, GREAT VALUE SALTED",Dairy
917,180128,696,C-161,Church at Pierce Rd.,482736,,FP/OP,FOOD PANTRY-Agency,LOCAL - LL,W-25-10000,1,0,0,0.18,1,BARROW,0.18,5/3/2024 9:39,5/3/2024 9:43,Price Code 1,CUSTOMER PICKUP,False,Sharing Floor Athens,01-SH,30680.0,Winder,"ASSORTED SNACK ITEMS, LL",Food Misc.
781,179940,683,R-130,"Richard C. Wilson Recovery Residence, INC",482550,,ON PREMISES (OP),REHAB-Agency,BLUE RECEIPT-SHL,W-16-10001,108,0,0,19.44,108,BARROW,0.18,5/1/2024 9:09,5/1/2024 9:27,Price Code 1,CUSTOMER PICKUP,False,Sharing Floor Athens,01-SH,30666.0,Statham,MISC. FOOD BOX SHL,Food Misc.
172,176852,8988,P-104,Project Adam Community Asst Ct,479474,,ON PREMISES (OP),REHAB-Agency,BLUE RECEIPT-SHL,F-15-90559,10,0,0,9.0,50,BARROW,0.18,3/11/2024 13:41,3/11/2024 10:22,Price Code 1,CUSTOMER PICKUP,False,Food Bank of Northeast Georgia,01,30680.0,Winder,"BLACK PEPPER TURKEY BREAST, HILLSHIRE FARMS",Proteins
864,181120,5958,W-124,Winder Church of God of Prophecy,483725,,FP/OP,FOOD PANTRY-Agency,BLUE RECEIPT-SHL,C-16-10001,23,0,0,4.14,23,BARROW,0.18,5/21/2024 12:22,5/21/2024 8:23,Price Code 1,CUSTOMER PICKUP,False,Sharing Floor Athens,01-SH,30680.0,Winder,"COOLER FOOD, MISC. SHL",Food Misc.
953,177720,8620,C-179,Crossview Church Food Pantry,480339,,FP/GNAP/USDA,FOOD PANTRY-Agency,GNAP,N-40-10260,6,0,0,0.0,108,BARROW,0.0,3/27/2024 10:50,3/27/2024 9:26,Price Code 1,CONTACT FOR DELIVERY,False,Food Bank of Northeast Georgia,01,30548.0,Hoschton,GNAP CREAM OF CHICKEN SOUP,Prepared Meals
576,173797,2573,F2KBARROW,Food 2 Kids Barrow County,477426,,DIRECT ASSISTANCE,DIRECT ASSISTANCE-Agency,GNAP,N-40-10204,5,0,0,0.0,95,BARROW,0.0,2/14/2024 9:00,3/5/2024 13:20,Price Code 1,TRACTOR TRAILER 2 MOBILE PANTRY,False,Food Bank of Northeast Georgia,01,,Athens,GNAP CHICKEN & RICE SOUP,Prepared Meals
917,176120,8948,C-161,Church at Pierce Rd.,478747,,FP/OP,FOOD PANTRY-Agency,BLUE RECEIPT-SHL,N-03-11812,2,0,0,0.0,72,BARROW,0.0,3/1/2024 9:39,3/1/2024 10:34,Price Code 1,CUSTOMER PICKUP,False,Food Bank of Northeast Georgia,01,30680.0,Winder,LIPTON DIET GREEN CITRUS TEA,Beverages
29,177860,8972,B-107,Barrow County Food Pantry,FAIMPORT480479,,FOOD PANTRY,FOOD PANTRY-Agency,BLUE RECEIPT-SHL,MCF-15-10000,132,0,0,0.0,132,BARROW,0.0,3/22/2024 0:00,3/22/2024 0:00,Price Code 1,CUSTOMER PICKUP,False,Food Bank of Northeast Georgia,01,30680.0,Winder,"FROZEN MEAT & SEAFOOD, SHL RETAIL PICKUP",Proteins
953,180171,7298,C-179,Crossview Church Food Pantry,482777,,FP/GNAP/USDA,FOOD PANTRY-Agency,GNAP,N-40-10248,5,0,0,0.0,70,BARROW,0.0,5/8/2024 9:30,5/9/2024 9:19,Price Code 1,TRACTOR TRAILER 1,False,Food Bank of Northeast Georgia,01,30548.0,Hoschton,GNAP BAKING AND BISCUIT MIX,Grains
29,173390,7059,B-107,Barrow County Food Pantry,477019,,FOOD PANTRY,FOOD PANTRY-Agency,USDA,C-50-10019,144,0,0,0.0,5184,BARROW,0.0,1/25/2024 7:00,1/25/2024 6:23,Price Code 1,TRACTOR TRAILER 1 MOBILE PANTRY,False,Food Bank of Northeast Georgia,01,30680.0,Winder,USDA 2% MILK CCC,Dairy
29,181714,8971,B-107,Barrow County Food Pantry,FAIMPORT484318,,FOOD PANTRY,FOOD PANTRY-Agency,BLUE RECEIPT-SHL,MCF-16-10001,435,0,0,0.0,435,BARROW,0.0,5/31/2024 0:00,5/31/2024 0:00,Price Code 1,CUSTOMER PICKUP,False,Food Bank of Northeast Georgia,01,30680.0,Winder,"FROZEN FOODS, MISC SHL RETAIL PICKUP",Food Misc.
781,179940,5407,R-130,"Richard C. Wilson Recovery Residence, INC",482550,,ON PREMISES (OP),REHAB-Agency,BLUE RECEIPT-SHL,F-15-10000,98,0,0,17.64,98,BARROW,0.18,5/1/2024 9:09,5/1/2024 9:27,Price Code 1,CUSTOMER PICKUP,False,Sharing Floor Athens,01-SH,30666.0,Statham,"MEAT & SEAFOOD, FROZEN SHL",Proteins
953,180642,8975,C-179,Crossview Church Food Pantry,FAIMPORT483248,,FP/GNAP/USDA,FOOD PANTRY-Agency,BLUE RECEIPT-SHL,MCC-07-10001,18,0,0,0.0,18,BARROW,0.0,5/10/2024 0:00,5/10/2024 0:00,Price Code 1,CUSTOMER PICKUP,False,Food Bank of Northeast Georgia,01,30548.0,Hoschton,"DAIRY PRODUCTS, SHL RETAIL PICKUPS",Dairy
29,175854,4422,B-107,Barrow County Food Pantry,478482,,FOOD PANTRY,FOOD PANTRY-Agency,USDA,F-50-90452,96,0,0,0.0,3072,BARROW,0.0,2/22/2024 7:00,2/22/2024 6:27,Price Code 1,TRACTOR TRAILER 1 MOBILE PANTRY,False,Food Bank of Northeast Georgia,01,30680.0,Winder,USDA PORK LOIN BONELESS ROAST,Proteins
29,176487,8970,B-107,Barrow County Food Pantry,FAIMPORT479111,,FOOD PANTRY,FOOD PANTRY-Agency,BLUE RECEIPT-SHL,MCW-16-10001,22,0,0,0.0,22,BARROW,0.0,2/29/2024 0:00,2/29/2024 0:00,Price Code 1,CUSTOMER PICKUP,False,Food Bank of Northeast Georgia,01,30680.0,Winder,"MISC. FOOD BOX, SHL RETAIL PICKUP",Food Misc.
1040,180765,3217,H-159,Hills Temple FBH Church,483371,,FP/OP/GNAP/USDA,FB DIRECT ASSISTANCE-Agency,GNAP,N-40-10222,6,0,0,0.0,60,BARROW,0.0,5/17/2024 9:15,5/17/2024 10:44,Price Code 1,CUSTOMER PICKUP,False,Food Bank of Northeast Georgia,01,30680.0,Winder,GNAP BEEF PASTA DINNER POUCH,Prepared Meals
29,178714,8976,B-107,Barrow County Food Pantry,FAIMPORT481328,,FOOD PANTRY,FOOD PANTRY-Agency,BLUE RECEIPT-SHL,MCC-28-10001,156,0,0,0.0,156,BARROW,0.0,4/6/2024 0:00,4/6/2024 0:00,Price Code 1,CUSTOMER PICKUP,False,Food Bank of Northeast Georgia,01,30680.0,Winder,"PRODUCE, SHL RETAIL PICKUPS",Mixed Produce
479,176285,690,W-118,Winder Wesleyan Church,478910,,FP/OP,FOOD PANTRY-Agency,BLUE RECEIPT-SHL,W-03-10013,9,0,0,0.0,9,BARROW,0.0,2/27/2024 10:24,2/27/2024 10:29,Price Code 1,CUSTOMER PICKUP,False,Sharing Floor Athens,01-SH,30680.0,Winder,"ASSORTED BEVERAGES, SHL",Beverages
953,179814,8974,C-179,Crossview Church Food Pantry,FAIMPORT482425,,FP/GNAP/USDA,FOOD PANTRY-Agency,BLUE RECEIPT-SHL,MCW-04-10000,50,0,0,0.0,50,BARROW,0.0,4/29/2024 0:00,4/29/2024 0:00,Price Code 1,CUSTOMER PICKUP,False,Food Bank of Northeast Georgia,01,30548.0,Hoschton,"BREAD AND BAKERY, SHL RETAIL PICKUPS",Grains
1040,177969,8546,H-159,Hills Temple FBH Church,480588,,FP/OP/GNAP/USDA,FB DIRECT ASSISTANCE-Agency,BLUE RECEIPT-SHL,N-03-10262,2,0,0,10.8,60,BARROW,0.18,4/3/2024 8:12,4/3/2024 11:28,Price Code 1,CUSTOMER PICKUP,False,Food Bank of Northeast Georgia,01,30680.0,Winder,STARRY LEMON LIME SODA 16.9 OZ,Beverages
867,179432,6780,Y-108,YMCA of GA's Piedmont- Barrow County,482045,,FP/OP/GNAP/USDA,AT-RISK YOUTH-Agency,USDA,C-50-10024,5,0,0,21.5,215,BARROW,0.1,4/30/2024 10:00,5/1/2024 12:17,Price Code 1,CUSTOMER PICKUP,False,Food Bank of Northeast Georgia,01,30680.0,Winder,USDA APPLES,Fruits
781,178380,8995,R-130,"Richard C. Wilson Recovery Residence, INC",480996,,ON PREMISES (OP),REHAB-Agency,BLUE RECEIPT-SHL,N-21-10067,10,0,0,9.0,50,BARROW,0.18,4/10/2024 9:09,4/10/2024 10:12,Price Code 1,CUSTOMER PICKUP,False,Food Bank of Northeast Georgia,01,30666.0,Statham,"RAMEN, MARUCHAN SHRIMP",Prepared Meals
172,179363,688,P-104,Project Adam Community Asst Ct,481976,,ON PREMISES (OP),REHAB-Agency,BLUE RECEIPT-SHL,W-01-10000,18,0,0,3.24,18,BARROW,0.18,4/22/2024 13:41,4/22/2024 9:46,Price Code 1,CUSTOMER PICKUP,False,Sharing Floor Athens,01-SH,30680.0,Winder,"ASSORTED NON-FOOD ITEMS, SHL",Non-Food Misc.
917,182016,683,C-161,Church at Pierce Rd.,484620,,FP/OP,FOOD PANTRY-Agency,BLUE RECEIPT-SHL,W-16-10001,27,0,0,2.43,27,BARROW,0.09,6/7/2024 9:39,6/7/2024 9:46,Price Code 1,CUSTOMER PICKUP,False,Sharing Floor Athens,01-SH,30680.0,Winder,MISC. FOOD BOX SHL,Food Misc.
917,175035,5407,C-161,Church at Pierce Rd.,477665,,FP/OP,FOOD PANTRY-Agency,BLUE RECEIPT-SHL,F-15-10000,178,0,0,0.0,178,BARROW,0.0,2/2/2024 9:39,2/2/2024 11:56,Price Code 1,CUSTOMER PICKUP,False,Sharing Floor Athens,01-SH,30680.0,Winder,"MEAT & SEAFOOD, FROZEN SHL",Proteins
1040,178556,5681,H-159,Hills Temple FBH Church,481172,,FP/OP/GNAP/USDA,FB DIRECT ASSISTANCE-Agency,LOCAL - LL,C-16-10000,4,0,0,0.72,4,BARROW,0.18,4/8/2024 14:40,4/8/2024 15:01,Price Code 1,CUSTOMER PICKUP,False,Sharing Floor Athens,01-SH,30680.0,Winder,"COOLER FOOD, MISC. LL",Food Misc.
29,177587,8976,B-107,Barrow County Food Pantry,FAIMPORT480207,,FOOD PANTRY,FOOD PANTRY-Agency,BLUE RECEIPT-SHL,MCC-28-10001,113,0,0,0.0,113,BARROW,0.0,3/18/2024 0:00,3/18/2024 0:00,Price Code 1,CUSTOMER PICKUP,False,Food Bank of Northeast Georgia,01,30680.0,Winder,"PRODUCE, SHL RETAIL PICKUPS",Mixed Produce
863,177346,50,A-148,Auburn First Baptist Church,479966,,FOOD PANTRY,FOOD PANTRY-Agency,LOCAL - LL,W-16-10002,220,0,0,0.0,220,BARROW,0.0,3/15/2024 8:05,3/15/2024 8:27,Price Code 1,CUSTOMER PICKUP,False,Sharing Floor Athens,01-SH,30011.0,Auburn,MISC. FOOD BOX LL,Food Misc.
29,182127,8974,B-107,Barrow County Food Pantry,FAIMPORT484731,,FOOD PANTRY,FOOD PANTRY-Agency,BLUE RECEIPT-SHL,MCW-04-10000,105,0,0,0.0,105,BARROW,0.0,6/10/2024 0:00,6/10/2024 0:00,Price Code 1,CUSTOMER PICKUP,False,Food Bank of Northeast Georgia,01,30680.0,Winder,"BREAD AND BAKERY, SHL RETAIL PICKUPS",Grains
1013,172282,1047,S-143,"Spirit Of Sharing, INC",475913,,FP/GNAP/USDA,FOOD PANTRY-Agency,USDA,N-50-10041,13,0,0,0.0,637,BARROW,0.0,1/3/2024 9:00,1/11/2024 8:45,Price Code 1,TRUCK 1 MOBILE PANTRY,False,Food Bank of Northeast Georgia,01,30680.0,Winder,USDA RICE,Grains
29,179436,8992,B-107,Barrow County Food Pantry,482049,,FOOD PANTRY,FOOD PANTRY-Agency,USDA,F-50-90475,42,0,0,0.0,1680,BARROW,0.0,4/25/2024 7:00,4/25/2024 6:17,Price Code 1,TRACTOR TRAILER 1 MOBILE PANTRY,False,Food Bank of Northeast Georgia,01,30680.0,Winder,USDA PORK TACO FILLING FULLY COOKED CCC,Proteins
917,179659,5772,C-161,Church at Pierce Rd.,482272,,FP/OP,FOOD PANTRY-Agency,LOCAL - LL,C-28-10000,113,0,0,3.39,113,BARROW,0.03,4/26/2024 9:39,4/26/2024 9:28,Price Code 1,CUSTOMER PICKUP,False,Sharing Floor Athens,01-SH,30680.0,Winder,"PRODUCE, FRESH LL",Mixed Produce
172,172945,8910,P-104,Project Adam Community Asst Ct,476576,,ON PREMISES (OP),REHAB-Agency,BLUE RECEIPT-SHL,N-03-11796,5,0,0,0.0,50,BARROW,0.0,1/17/2024 13:41,1/18/2024 12:28,Price Code 1,CUSTOMER PICKUP,False,Food Bank of Northeast Georgia,01,30680.0,Winder,DR PEPPER STRAWBERRIES AND CREAM 12 FL OZ,Beverages
867,176742,5088,Y-108,YMCA of GA's Piedmont- Barrow County,479365,,FP/OP/GNAP/USDA,AT-RISK YOUTH-Agency,USDA,F-50-90023,3,0,0,0.0,75,BARROW,0.0,3/11/2024 14:18,3/11/2024 15:01,Price Code 1,CUSTOMER PICKUP,False,Food Bank of Northeast Georgia,01,30680.0,Winder,USDA FROZEN PEACHES CCC,Fruits
864,176249,92,W-124,Winder Church of God of Prophecy,478875,,FP/OP,FOOD PANTRY-Agency,LOCAL - LL,W-01-10002,17,0,0,3.06,17,BARROW,0.18,2/27/2024 12:22,2/27/2024 8:41,Price Code 1,CUSTOMER PICKUP,False,Sharing Floor Athens,01-SH,30680.0,Winder,"ASSORTED NON-FOOD ITEMS, LL",Non-Food Misc.
682,172473,5772,C-170,Christ The King Ghana Methodist,476104,,DIRECT ASSISTANCE,FOOD PANTRY-Agency,LOCAL - LL,C-28-10000,250,0,0,7.5,250,BARROW,0.03,1/3/2024 15:05,1/3/2024 11:01,Price Code 1,CUSTOMER PICKUP,False,Sharing Floor Athens,01-SH,30680.0,Winder,"PRODUCE, FRESH LL",Mixed Produce
867,172759,8720,Y-108,YMCA of GA's Piedmont- Barrow County,476390,,FP/OP/GNAP/USDA,AT-RISK YOUTH-Agency,USDA,N-50-10305,10,0,0,25.2,140,BARROW,0.18,1/11/2024 14:18,1/11/2024 12:16,Price Code 1,CUSTOMER PICKUP,False,Food Bank of Northeast Georgia,01,30680.0,Winder,USDA MIXED VegetablesCCC,Vegetables
479,175981,8873,W-118,Winder Wesleyan Church,478609,,FP/OP,FOOD PANTRY-Agency,YELLOW RECEIPT - SHN,F-10-10001,2,0,0,0.18,6,BARROW,0.03,2/27/2024 9:00,2/27/2024 9:38,Price Code 1,CUSTOMER PICKUP,False,Food Bank of Northeast Georgia,01,30680.0,Winder,OUTSHINE STRAWBERRY BANANA SMOOTHIE CUBES,Beverages
917,179250,688,C-161,Church at Pierce Rd.,481863,,FP/OP,FOOD PANTRY-Agency,BLUE RECEIPT-SHL,W-01-10000,16,0,0,2.88,16,BARROW,0.18,4/19/2024 9:39,4/19/2024 9:20,Price Code 1,CUSTOMER PICKUP,False,Sharing Floor Athens,01-SH,30680.0,Winder,"ASSORTED NON-FOOD ITEMS, SHL",Non-Food Misc.
953,173344,8918,C-179,Crossview Church Food Pantry,476973,,FP/GNAP/USDA,FOOD PANTRY-Agency,LOCAL - LL,N-25-11950,2,0,0,0.72,4,BARROW,0.18,1/24/2024 9:44,1/29/2024 11:55,Price Code 1,CONTACT FOR DELIVERY,False,Food Bank of Northeast Georgia,01,30548.0,Hoschton,GHIRARDELLI DARK CHOCOLATE,Food Misc.
600,179648,9025,S-140,SYTGE (Seeing You Through God's Eyes) Outreach Ministry,482261,,FOOD PANTRY,FOOD PANTRY-Agency,YELLOW RECEIPT - SHN,N-11-11072,3,0,0,4.86,27,BARROW,0.18,4/30/2024 13:46,4/30/2024 14:01,Price Code 1,CUSTOMER PICKUP,False,Food Bank of Northeast Georgia,01,30680.0,Winder,MRS BUTTERSWORTHS SMORES PANCAKE KIT,Food Misc.
682,176755,683,C-170,Christ The King Ghana Methodist,479378,,DIRECT ASSISTANCE,FOOD PANTRY-Agency,BLUE RECEIPT-SHL,W-16-10001,212,0,0,38.16,212,BARROW,0.18,3/6/2024 15:05,3/6/2024 10:52,Price Code 1,CUSTOMER PICKUP,False,Sharing Floor Athens,01-SH,30680.0,Winder,MISC. FOOD BOX SHL,Food Misc.
953,176184,5960,C-179,Crossview Church Food Pantry,FAIMPORT478810,,FP/GNAP/USDA,FOOD PANTRY-Agency,BLUE RECEIPT-SHL,C-07-10001,283,0,0,50.94,283,BARROW,0.18,2/2/2024 0:00,2/2/2024 0:00,Price Code 1,CUSTOMER PICKUP,False,Food Bank of Northeast Georgia,01,30548.0,Hoschton,"DAIRY PRODUCT, ASSORTED SHL",Dairy
29,181117,6780,B-107,Barrow County Food Pantry,483722,,FOOD PANTRY,FOOD PANTRY-Agency,USDA,C-50-10024,84,0,0,0.0,3612,BARROW,0.0,5/23/2024 8:19,5/28/2024 7:55,Price Code 1,TRACTOR TRAILER 1 MOBILE PANTRY,False,Food Bank of Northeast Georgia,01,30680.0,Winder,USDA APPLES,Fruits
953,182505,8972,C-179,Crossview Church Food Pantry,FAIMPORT485108,,FP/GNAP/USDA,FOOD PANTRY-Agency,BLUE RECEIPT-SHL,MCF-15-10000,181,0,0,0.0,181,BARROW,0.0,6/19/2024 0:00,6/19/2024 0:00,Price Code 1,CUSTOMER PICKUP,False,Food Bank of Northeast Georgia,01,30548.0,Hoschton,"FROZEN MEAT & SEAFOOD, SHL RETAIL PICKUP",Proteins
1013,175108,8783,S-143,"Spirit Of Sharing, INC",477738,,FP/GNAP/USDA,FOOD PANTRY-Agency,USDA,N-50-10308,13,0,0,0.0,299,BARROW,0.0,2/7/2024 9:00,2/14/2024 9:38,Price Code 1,TRUCK 1 MOBILE PANTRY,False,Food Bank of Northeast Georgia,01,30680.0,Winder,USDA RAISINS,Fruits
682,182592,1222,C-170,Christ The King Ghana Methodist,485195,,DIRECT ASSISTANCE,FOOD PANTRY-Agency,YELLOW RECEIPT - SHN,W-16-10003,273,0,0,49.14,273,BARROW,0.18,6/26/2024 15:05,6/26/2024 10:55,Price Code 1,CUSTOMER PICKUP,False,Food Bank of Northeast Georgia,01,30680.0,Winder,ASSORTED FOOD ITEMS SHD,Food Misc.
682,175955,5407,C-170,Christ The King Ghana Methodist,478583,,DIRECT ASSISTANCE,FOOD PANTRY-Agency,BLUE RECEIPT-SHL,F-15-10000,67,0,0,12.06,67,BARROW,0.18,2/21/2024 15:05,2/21/2024 10:44,Price Code 1,CUSTOMER PICKUP,False,Sharing Floor Athens,01-SH,30680.0,Winder,"MEAT & SEAFOOD, FROZEN SHL",Proteins
781,180845,9064,R-130,"Richard C. Wilson Recovery Residence, INC",483451,,ON PREMISES (OP),REHAB-Agency,LOCAL - LL,N-25-11977,2,0,0,1.08,6,BARROW,0.18,5/15/2024 9:09,5/15/2024 8:54,Price Code 1,CUSTOMER PICKUP,False,Food Bank of Northeast Georgia,01,30666.0,Statham,RAP SNACKS HOT CRUNCHABLES,Food Misc.
953,175788,2573,C-179,Crossview Church Food Pantry,478416,,FP/GNAP/USDA,FOOD PANTRY-Agency,GNAP,N-40-10204,2,0,0,0.0,38,BARROW,0.0,2/21/2024 15:00,2/21/2024 15:19,Price Code 1,CONTACT FOR DELIVERY,False,Food Bank of Northeast Georgia,01,30548.0,Hoschton,GNAP CHICKEN & RICE SOUP,Prepared Meals
1034,176082,8761,M-140BARROW,Barrow County MedLink Georgia,478709,,DIRECT ASSISTANCE,MOBILE PANTRY-Agency,USDA,N-50-10306,9,0,0,0.0,225,BARROW,0.0,3/1/2024 9:40,3/5/2024 6:34,Price Code 1,TRUCK 1 MOBILE PANTRY,False,Food Bank of Northeast Georgia,01,30628.0,Colbert,USDA WHOLE DEGLET DATES,Fruits
576,178167,6979,F2KBARROW,Food 2 Kids Barrow County,480786,,DIRECT ASSISTANCE,DIRECT ASSISTANCE-Agency,USDA,C-50-10017,48,0,0,0.0,1920,BARROW,0.0,4/10/2024 9:00,4/10/2024 9:40,Price Code 1,TRUCK 1 MOBILE PANTRY,False,Food Bank of Northeast Georgia,01,,Athens,"USDA 2% MILK, FRESH CCC",Dairy
1040,177969,8761,H-159,Hills Temple FBH Church,480588,,FP/OP/GNAP/USDA,FB DIRECT ASSISTANCE-Agency,USDA,N-50-10306,1,0,0,4.5,25,BARROW,0.18,4/3/2024 8:12,4/3/2024 11:28,Price Code 1,CUSTOMER PICKUP,False,Food Bank of Northeast Georgia,01,30680.0,Winder,USDA WHOLE DEGLET DATES,Fruits
585,172713,1674,F2K360BAR,F2K360 BARROW,476344,,FP/OP/GNAP/USDA,DIRECT ASSISTANCE-Agency,USDA,N-50-10073,4,0,0,0.0,108,BARROW,0.0,1/10/2024 9:00,1/10/2024 12:56,Price Code 1,TRUCK 1 MOBILE PANTRY,False,Food Bank of Northeast Georgia,01,30607.0,ATHENS,USDA TOMATO SAUCE,Vegetables
917,175035,50,C-161,Church at Pierce Rd.,477665,,FP/OP,FOOD PANTRY-Agency,LOCAL - LL,W-16-10002,18,0,0,3.24,18,BARROW,0.18,2/2/2024 9:39,2/2/2024 11:56,Price Code 1,CUSTOMER PICKUP,False,Sharing Floor Athens,01-SH,30680.0,Winder,MISC. FOOD BOX LL,Food Misc.
576,178167,2414,F2KBARROW,Food 2 Kids Barrow County,480786,,DIRECT ASSISTANCE,DIRECT ASSISTANCE-Agency,USDA,N-50-10244,5,0,0,0.0,180,BARROW,0.0,4/10/2024 9:00,4/10/2024 9:40,Price Code 1,TRUCK 1 MOBILE PANTRY,False,Food Bank of Northeast Georgia,01,,Athens,USDA CANNED BEEF CCC,Proteins
917,172307,8882,C-161,Church at Pierce Rd.,475938,,FP/OP,FOOD PANTRY-Agency,BLUE RECEIPT-SHL,F-15-90548,10,0,0,16.2,90,BARROW,0.18,1/5/2024 9:39,1/5/2024 14:36,Price Code 1,CUSTOMER PICKUP,False,Food Bank of Northeast Georgia,01,30680.0,Winder,"GROUND TURKEY BREAST, KIRKWOOD",Proteins
29,178204,8975,B-107,Barrow County Food Pantry,FAIMPORT480822,,FOOD PANTRY,FOOD PANTRY-Agency,BLUE RECEIPT-SHL,MCC-07-10001,32,0,0,0.0,32,BARROW,0.0,3/25/2024 0:00,3/25/2024 0:00,Price Code 1,CUSTOMER PICKUP,False,Food Bank of Northeast Georgia,01,30680.0,Winder,"DAIRY PRODUCTS, SHL RETAIL PICKUPS",Dairy
953,180483,8975,C-179,Crossview Church Food Pantry,FAIMPORT483089,,FP/GNAP/USDA,FOOD PANTRY-Agency,BLUE RECEIPT-SHL,MCC-07-10001,3,0,0,0.0,3,BARROW,0.0,5/6/2024 0:00,5/6/2024 0:00,Price Code 1,CUSTOMER PICKUP,False,Food Bank of Northeast Georgia,01,30548.0,Hoschton,"DAIRY PRODUCTS, SHL RETAIL PICKUPS",Dairy
1013,176588,1047,S-143,"Spirit Of Sharing, INC",479212,,FP/GNAP/USDA,FOOD PANTRY-Agency,USDA,N-50-10041,25,0,0,0.0,1225,BARROW,0.0,3/6/2024 9:00,3/6/2024 10:23,Price Code 1,TRUCK 1 MOBILE PANTRY,False,Food Bank of Northeast Georgia,01,30680.0,Winder,USDA RICE,Grains
781,181501,690,R-130,"Richard C. Wilson Recovery Residence, INC",484105,,ON PREMISES (OP),REHAB-Agency,BLUE RECEIPT-SHL,W-03-10013,45,0,0,0.0,45,BARROW,0.0,5/29/2024 9:09,5/29/2024 9:29,Price Code 1,CUSTOMER PICKUP,False,Sharing Floor Athens,01-SH,30666.0,Statham,"ASSORTED BEVERAGES, SHL",Beverages
576,180247,7151,F2KBARROW,Food 2 Kids Barrow County,482853,,DIRECT ASSISTANCE,DIRECT ASSISTANCE-Agency,GNAP,N-40-10232,4,0,0,0.0,40,BARROW,0.0,5/8/2024 9:00,5/9/2024 9:40,Price Code 1,TRUCK 1 MOBILE PANTRY,False,Food Bank of Northeast Georgia,01,,Athens,GNAP STROGANOFF DINNER POUCH,Prepared Meals
864,179845,875,W-124,Winder Church of God of Prophecy,482456,,FP/OP,FOOD PANTRY-Agency,BLUE RECEIPT-SHL,W-04-10000,50,0,0,0.0,50,BARROW,0.0,4/30/2024 12:22,4/30/2024 8:19,Price Code 1,CUSTOMER PICKUP,False,Sharing Floor Athens,01-SH,30680.0,Winder,"BREAD & BAKERY, ASSORTED SHL",Grains
867,178476,84,Y-108,YMCA of GA's Piedmont- Barrow County,481092,,FP/OP/GNAP/USDA,AT-RISK YOUTH-Agency,USDA,N-50-10006,5,0,0,24.3,135,BARROW,0.18,4/10/2024 14:18,4/10/2024 10:42,Price Code 1,CUSTOMER PICKUP,False,Food Bank of Northeast Georgia,01,30680.0,Winder,USDA GREEN BEANS,Vegetables
781,178380,8559,R-130,"Richard C. Wilson Recovery Residence, INC",480996,,ON PREMISES (OP),REHAB-Agency,BLUE RECEIPT-SHL,C-28-90529,2,0,0,0.0,80,BARROW,0.0,4/10/2024 9:09,4/10/2024 10:12,Price Code 1,CUSTOMER PICKUP,False,Food Bank of Northeast Georgia,01,30666.0,Statham,"ORANGES, BULK",Fruits
497,172888,5772,W-119,Winder Freelife Church,476519,,FP/OP/GNAP/USDA,FOOD PANTRY-Agency,LOCAL - LL,C-28-10000,5,0,0,0.15,5,BARROW,0.03,1/10/2024 14:38,1/10/2024 15:31,Price Code 1,CUSTOMER PICKUP,False,Sharing Floor Athens,01-SH,30680.0,Winder,"PRODUCE, FRESH LL",Mixed Produce
682,177229,5407,C-170,Christ The King Ghana Methodist,479849,,DIRECT ASSISTANCE,FOOD PANTRY-Agency,BLUE RECEIPT-SHL,F-15-10000,241,0,0,43.38,241,BARROW,0.18,3/13/2024 15:05,3/13/2024 10:53,Price Code 1,CUSTOMER PICKUP,False,Sharing Floor Athens,01-SH,30680.0,Winder,"MEAT & SEAFOOD, FROZEN SHL",Proteins
863,176895,683,A-148,Auburn First Baptist Church,479517,,FOOD PANTRY,FOOD PANTRY-Agency,BLUE RECEIPT-SHL,W-16-10001,26,0,0,4.68,26,BARROW,0.18,3/8/2024 8:05,3/8/2024 8:29,Price Code 1,CUSTOMER PICKUP,False,Sharing Floor Athens,01-SH,30011.0,Auburn,MISC. FOOD BOX SHL,Food Misc.
953,179200,8973,C-179,Crossview Church Food Pantry,FAIMPORT481813,,FP/GNAP/USDA,FOOD PANTRY-Agency,BLUE RECEIPT-SHL,MCC-16-10001,89,0,0,0.0,89,BARROW,0.0,4/17/2024 0:00,4/17/2024 0:00,Price Code 1,CUSTOMER PICKUP,False,Food Bank of Northeast Georgia,01,30548.0,Hoschton,"COOLER FOOD MISC., SHL RETAIL PICKUP",Food Misc.
863,181343,690,A-148,Auburn First Baptist Church,483947,,FOOD PANTRY,FOOD PANTRY-Agency,BLUE RECEIPT-SHL,W-03-10013,545,0,0,0.0,545,BARROW,0.0,5/24/2024 8:05,5/24/2024 8:21,Price Code 1,CUSTOMER PICKUP,False,Sharing Floor Athens,01-SH,30011.0,Auburn,"ASSORTED BEVERAGES, SHL",Beverages
781,178380,8961,R-130,"Richard C. Wilson Recovery Residence, INC",480996,,ON PREMISES (OP),REHAB-Agency,BLUE RECEIPT-SHL,C-28-90538,2,0,0,0.0,104,BARROW,0.0,4/10/2024 9:09,4/10/2024 10:12,Price Code 1,CUSTOMER PICKUP,False,Food Bank of Northeast Georgia,01,30666.0,Statham,"BEETS, SHL",Vegetables
1040,180423,5938,H-159,Hills Temple FBH Church,483029,,FP/OP/GNAP/USDA,FB DIRECT ASSISTANCE-Agency,BLUE RECEIPT-SHL,C-28-10001,196,0,0,5.88,196,BARROW,0.03,5/8/2024 11:28,5/8/2024 11:35,Price Code 1,CUSTOMER PICKUP,False,Sharing Floor Athens,01-SH,30680.0,Winder,"PRODUCE, FRESH SHL",Mixed Produce
576,178167,8546,F2KBARROW,Food 2 Kids Barrow County,480786,,DIRECT ASSISTANCE,DIRECT ASSISTANCE-Agency,BLUE RECEIPT-SHL,N-03-10262,7,0,0,0.0,210,BARROW,0.0,4/10/2024 9:00,4/10/2024 9:40,Price Code 1,TRUCK 1 MOBILE PANTRY,False,Food Bank of Northeast Georgia,01,,Athens,STARRY LEMON LIME SODA 16.9 OZ,Beverages
953,180976,8975,C-179,Crossview Church Food Pantry,FAIMPORT483581,,FP/GNAP/USDA,FOOD PANTRY-Agency,BLUE RECEIPT-SHL,MCC-07-10001,1,0,0,0.0,1,BARROW,0.0,5/15/2024 0:00,5/15/2024 0:00,Price Code 1,CUSTOMER PICKUP,False,Food Bank of Northeast Georgia,01,30548.0,Hoschton,"DAIRY PRODUCTS, SHL RETAIL PICKUPS",Dairy
867,179432,170,Y-108,YMCA of GA's Piedmont- Barrow County,482045,,FP/OP/GNAP/USDA,AT-RISK YOUTH-Agency,USDA,N-50-10007,6,0,0,30.24,168,BARROW,0.18,4/30/2024 10:00,5/1/2024 12:17,Price Code 1,CUSTOMER PICKUP,False,Food Bank of Northeast Georgia,01,30680.0,Winder,"USDA CORN, WHOLE KERNEL NO SALT",Vegetables
29,182517,84,B-107,Barrow County Food Pantry,485120,,FOOD PANTRY,FOOD PANTRY-Agency,USDA,N-50-10006,25,0,0,0.0,675,BARROW,0.0,6/27/2024 7:00,6/27/2024 9:27,Price Code 1,TRACTOR TRAILER 1 MOBILE PANTRY,False,Food Bank of Northeast Georgia,01,30680.0,Winder,USDA GREEN BEANS,Vegetables
172,177469,50,P-104,Project Adam Community Asst Ct,480089,,ON PREMISES (OP),REHAB-Agency,LOCAL - LL,W-16-10002,33,0,0,5.94,33,BARROW,0.18,3/18/2024 13:41,3/18/2024 9:40,Price Code 1,CUSTOMER PICKUP,False,Sharing Floor Athens,01-SH,30680.0,Winder,MISC. FOOD BOX LL,Food Misc.
600,179893,696,S-140,SYTGE (Seeing You Through God's Eyes) Outreach Ministry,482504,,FOOD PANTRY,FOOD PANTRY-Agency,LOCAL - LL,W-25-10000,260,0,0,46.8,260,BARROW,0.18,4/30/2024 13:46,4/30/2024 15:00,Price Code 1,CUSTOMER PICKUP,False,Sharing Floor Athens,01-SH,30680.0,Winder,"ASSORTED SNACK ITEMS, LL",Food Misc.
497,176623,690,W-119,Winder Freelife Church,479246,,FP/OP/GNAP/USDA,FOOD PANTRY-Agency,BLUE RECEIPT-SHL,W-03-10013,17,0,0,0.0,17,BARROW,0.0,3/4/2024 14:38,3/4/2024 11:36,Price Code 1,CUSTOMER PICKUP,False,Sharing Floor Athens,01-SH,30680.0,Winder,"ASSORTED BEVERAGES, SHL",Beverages
29,180472,8976,B-107,Barrow County Food Pantry,FAIMPORT483078,,FOOD PANTRY,FOOD PANTRY-Agency,BLUE RECEIPT-SHL,MCC-28-10001,360,0,0,0.0,360,BARROW,0.0,5/3/2024 0:00,5/3/2024 0:00,Price Code 1,CUSTOMER PICKUP,False,Food Bank of Northeast Georgia,01,30680.0,Winder,"PRODUCE, SHL RETAIL PICKUPS",Mixed Produce
781,173481,8927,R-130,"Richard C. Wilson Recovery Residence, INC",477110,,ON PREMISES (OP),REHAB-Agency,BLUE RECEIPT-SHL,N-03-11802,20,0,0,0.0,660,BARROW,0.0,1/26/2024 9:09,1/26/2024 10:10,Price Code 1,CUSTOMER PICKUP,False,Food Bank of Northeast Georgia,01,30666.0,Statham,LIPTON GEORGIA STYLE PEACH ICED TEA,Beverages
864,176664,5958,W-124,Winder Church of God of Prophecy,479287,,FP/OP,FOOD PANTRY-Agency,BLUE RECEIPT-SHL,C-16-10001,8,0,0,1.44,8,BARROW,0.18,3/5/2024 12:22,3/5/2024 8:13,Price Code 1,CUSTOMER PICKUP,False,Sharing Floor Athens,01-SH,30680.0,Winder,"COOLER FOOD, MISC. SHL",Food Misc.
863,181343,5938,A-148,Auburn First Baptist Church,483947,,FOOD PANTRY,FOOD PANTRY-Agency,BLUE RECEIPT-SHL,C-28-10001,361,0,0,10.83,361,BARROW,0.03,5/24/2024 8:05,5/24/2024 8:21,Price Code 1,CUSTOMER PICKUP,False,Sharing Floor Athens,01-SH,30011.0,Auburn,"PRODUCE, FRESH SHL",Mixed Produce
864,172780,875,W-124,Winder Church of God of Prophecy,476411,,FP/OP,FOOD PANTRY-Agency,BLUE RECEIPT-SHL,W-04-10000,21,0,0,0.0,21,BARROW,0.0,1/9/2024 12:22,1/9/2024 8:27,Price Code 1,CUSTOMER PICKUP,False,Sharing Floor Athens,01-SH,30680.0,Winder,"BREAD & BAKERY, ASSORTED SHL",Grains
953,182140,8974,C-179,Crossview Church Food Pantry,FAIMPORT484744,,FP/GNAP/USDA,FOOD PANTRY-Agency,BLUE RECEIPT-SHL,MCW-04-10000,51,0,0,0.0,51,BARROW,0.0,6/7/2024 0:00,6/7/2024 0:00,Price Code 1,CUSTOMER PICKUP,False,Food Bank of Northeast Georgia,01,30548.0,Hoschton,"BREAD AND BAKERY, SHL RETAIL PICKUPS",Grains
29,176912,8971,B-107,Barrow County Food Pantry,FAIMPORT479534,,FOOD PANTRY,FOOD PANTRY-Agency,BLUE RECEIPT-SHL,MCF-16-10001,291,0,0,0.0,291,BARROW,0.0,3/1/2024 0:00,3/1/2024 0:00,Price Code 1,CUSTOMER PICKUP,False,Food Bank of Northeast Georgia,01,30680.0,Winder,"FROZEN FOODS, MISC SHL RETAIL PICKUP",Food Misc.
29,175854,3943,B-107,Barrow County Food Pantry,478482,,FOOD PANTRY,FOOD PANTRY-Agency,USDA,N-50-10268,75,0,0,0.0,2850,BARROW,0.0,2/22/2024 7:00,2/22/2024 6:27,Price Code 1,TRACTOR TRAILER 1 MOBILE PANTRY,False,Food Bank of Northeast Georgia,01,30680.0,Winder,USDA APPLE JUICE,Beverages
29,182928,8975,B-107,Barrow County Food Pantry,FAIMPORT485529,,FOOD PANTRY,FOOD PANTRY-Agency,BLUE RECEIPT-SHL,MCC-07-10001,158,0,0,0.0,158,BARROW,0.0,6/20/2024 0:00,6/20/2024 0:00,Price Code 1,CUSTOMER PICKUP,False,Food Bank of Northeast Georgia,01,30680.0,Winder,"DAIRY PRODUCTS, SHL RETAIL PICKUPS",Dairy
953,175788,3954,C-179,Crossview Church Food Pantry,478416,,FP/GNAP/USDA,FOOD PANTRY-Agency,GNAP,N-40-10164,5,0,0,0.0,135,BARROW,0.0,2/21/2024 15:00,2/21/2024 15:19,Price Code 1,CONTACT FOR DELIVERY,False,Food Bank of Northeast Georgia,01,30548.0,Hoschton,"GNAP GREEN PEAS, LOW SODIUM",Proteins
953,182162,9034,C-179,Crossview Church Food Pantry,484766,,FP/GNAP/USDA,FOOD PANTRY-Agency,GNAP,N-40-10271,4,0,0,0.0,48,BARROW,0.0,6/24/2024 10:30,6/24/2024 13:15,Price Code 1,VAN 1,False,Food Bank of Northeast Georgia,01,30548.0,Hoschton,"GNAP MIX BERRY YOGURT, SHELF STABLE BACKPACK",Dairy
917,180590,683,C-161,Church at Pierce Rd.,483196,,FP/OP,FOOD PANTRY-Agency,BLUE RECEIPT-SHL,W-16-10001,73,0,0,0.0,73,BARROW,0.0,5/10/2024 9:39,5/10/2024 9:44,Price Code 1,CUSTOMER PICKUP,False,Sharing Floor Athens,01-SH,30680.0,Winder,MISC. FOOD BOX SHL,Food Misc.
867,178663,3943,Y-108,YMCA of GA's Piedmont- Barrow County,481279,,FP/OP/GNAP/USDA,AT-RISK YOUTH-Agency,USDA,N-50-10268,5,0,0,5.7,190,BARROW,0.03,4/15/2024 14:18,4/15/2024 14:42,Price Code 1,CUSTOMER PICKUP,False,Food Bank of Northeast Georgia,01,30680.0,Winder,USDA APPLE JUICE,Beverages
789,182037,3712,TH-134,First Baptist Church of Carl,484641,,FP/USDA,MOBILE PANTRY-Agency,USDA,N-50-10266,170,0,0,826.2,4590,BARROW,0.18,6/21/2024 12:30,6/25/2024 14:13,Price Code 1,TRACTOR TRAILER 1,False,Food Bank of Northeast Georgia,01,30011.0,Auburn,USDA CANNED PINTO BEANS,Proteins
917,180128,683,C-161,Church at Pierce Rd.,482736,,FP/OP,FOOD PANTRY-Agency,BLUE RECEIPT-SHL,W-16-10001,73,0,0,13.14,73,BARROW,0.18,5/3/2024 9:39,5/3/2024 9:43,Price Code 1,CUSTOMER PICKUP,False,Sharing Floor Athens,01-SH,30680.0,Winder,MISC. FOOD BOX SHL,Food Misc.
600,178969,4036,S-140,SYTGE (Seeing You Through God's Eyes) Outreach Ministry,481583,,FOOD PANTRY,FOOD PANTRY-Agency,BLUE RECEIPT-SHL,N-03-11005,1,0,0,0.0,10,BARROW,0.0,4/18/2024 13:46,4/18/2024 10:44,Price Code 1,CUSTOMER PICKUP,False,Food Bank of Northeast Georgia,01,30680.0,Winder,DIET PEPSI,Beverages
917,175398,690,C-161,Church at Pierce Rd.,478027,,FP/OP,FOOD PANTRY-Agency,BLUE RECEIPT-SHL,W-03-10013,105,0,0,0.0,105,BARROW,0.0,2/9/2024 9:39,2/9/2024 9:46,Price Code 1,CUSTOMER PICKUP,False,Sharing Floor Athens,01-SH,30680.0,Winder,"ASSORTED BEVERAGES, SHL",Beverages
781,173525,5958,R-130,"Richard C. Wilson Recovery Residence, INC",477154,,ON PREMISES (OP),REHAB-Agency,BLUE RECEIPT-SHL,C-16-10001,71,0,0,12.78,71,BARROW,0.18,1/24/2024 9:09,1/24/2024 9:45,Price Code 1,CUSTOMER PICKUP,False,Sharing Floor Athens,01-SH,30666.0,Statham,"COOLER FOOD, MISC. SHL",Food Misc.
917,178382,235,C-161,Church at Pierce Rd.,480998,,FP/OP,FOOD PANTRY-Agency,LOCAL - LL,W-03-10012,139,0,0,0.0,139,BARROW,0.0,4/5/2024 9:39,4/5/2024 9:54,Price Code 1,CUSTOMER PICKUP,False,Sharing Floor Athens,01-SH,30680.0,Winder,"ASSORTED BEVERAGES, LL",Beverages
585,172713,1047,F2K360BAR,F2K360 BARROW,476344,,FP/OP/GNAP/USDA,DIRECT ASSISTANCE-Agency,USDA,N-50-10041,4,0,0,0.0,196,BARROW,0.0,1/10/2024 9:00,1/10/2024 12:56,Price Code 1,TRUCK 1 MOBILE PANTRY,False,Food Bank of Northeast Georgia,01,30607.0,ATHENS,USDA RICE,Grains
781,181501,5958,R-130,"Richard C. Wilson Recovery Residence, INC",484105,,ON PREMISES (OP),REHAB-Agency,BLUE RECEIPT-SHL,C-16-10001,81,0,0,14.58,81,BARROW,0.18,5/29/2024 9:09,5/29/2024 9:29,Price Code 1,CUSTOMER PICKUP,False,Sharing Floor Athens,01-SH,30666.0,Statham,"COOLER FOOD, MISC. SHL",Food Misc.
917,179250,875,C-161,Church at Pierce Rd.,481863,,FP/OP,FOOD PANTRY-Agency,BLUE RECEIPT-SHL,W-04-10000,30,0,0,0.0,30,BARROW,0.0,4/19/2024 9:39,4/19/2024 9:20,Price Code 1,CUSTOMER PICKUP,False,Sharing Floor Athens,01-SH,30680.0,Winder,"BREAD & BAKERY, ASSORTED SHL",Grains
1034,176082,1481,M-140BARROW,Barrow County MedLink Georgia,478709,,DIRECT ASSISTANCE,MOBILE PANTRY-Agency,USDA,N-50-10105,25,0,0,0.0,425,BARROW,0.0,3/1/2024 9:40,3/5/2024 6:34,Price Code 1,TRUCK 1 MOBILE PANTRY,False,Food Bank of Northeast Georgia,01,30628.0,Colbert,USDA DRIED CHERRIES CCC,Fruits
781,175351,5958,R-130,"Richard C. Wilson Recovery Residence, INC",477980,,ON PREMISES (OP),REHAB-Agency,BLUE RECEIPT-SHL,C-16-10001,7,0,0,1.26,7,BARROW,0.18,2/8/2024 9:09,2/8/2024 11:48,Price Code 1,CUSTOMER PICKUP,False,Sharing Floor Athens,01-SH,30666.0,Statham,"COOLER FOOD, MISC. SHL",Food Misc.
781,177080,8954,R-130,"Richard C. Wilson Recovery Residence, INC",479702,,ON PREMISES (OP),REHAB-Agency,BLUE RECEIPT-SHL,N-03-11815,10,0,0,0.0,280,BARROW,0.0,3/18/2024 9:09,3/18/2024 9:40,Price Code 1,CUSTOMER PICKUP,False,Food Bank of Northeast Georgia,01,30666.0,Statham,LIPTON HALF&HALF ICED TEA LEMONADE,Beverages
29,177776,6877,B-107,Barrow County Food Pantry,480395,,FOOD PANTRY,FOOD PANTRY-Agency,BLUE RECEIPT-SHL,C-28-90319,1089,0,0,0.0,1089,BARROW,0.0,3/28/2024 7:00,3/28/2024 6:02,Price Code 1,TRACTOR TRAILER 1 MOBILE PANTRY,False,Food Bank of Northeast Georgia,01,30680.0,Winder,"CELERY, SHL",Vegetables
953,177596,8975,C-179,Crossview Church Food Pantry,FAIMPORT480216,,FP/GNAP/USDA,FOOD PANTRY-Agency,BLUE RECEIPT-SHL,MCC-07-10001,197,0,0,0.0,197,BARROW,0.0,3/18/2024 0:00,3/18/2024 0:00,Price Code 1,CUSTOMER PICKUP,False,Food Bank of Northeast Georgia,01,30548.0,Hoschton,"DAIRY PRODUCTS, SHL RETAIL PICKUPS",Dairy
917,173257,8919,C-161,Church at Pierce Rd.,476886,,FP/OP,FOOD PANTRY-Agency,LOCAL - LL,N-25-11951,1,0,0,0.36,2,BARROW,0.18,1/26/2024 9:39,2/22/2024 10:05,Price Code 1,CUSTOMER PICKUP,False,Food Bank of Northeast Georgia,01,30680.0,Winder,GHIRARDELLI MILK CHOC CARAMEL,Food Misc.
864,181863,875,W-124,Winder Church of God of Prophecy,484467,,FP/OP,FOOD PANTRY-Agency,BLUE RECEIPT-SHL,W-04-10000,9,0,0,0.0,9,BARROW,0.0,6/4/2024 12:22,6/4/2024 8:17,Price Code 1,CUSTOMER PICKUP,False,Sharing Floor Athens,01-SH,30680.0,Winder,"BREAD & BAKERY, ASSORTED SHL",Grains
1040,180109,3217,H-159,Hills Temple FBH Church,482717,,FP/OP/GNAP/USDA,FB DIRECT ASSISTANCE-Agency,GNAP,N-40-10222,10,0,0,0.0,100,BARROW,0.0,5/7/2024 8:45,5/7/2024 10:58,Price Code 1,CUSTOMER PICKUP,False,Food Bank of Northeast Georgia,01,30680.0,Winder,GNAP BEEF PASTA DINNER POUCH,Prepared Meals
917,176158,8955,C-161,Church at Pierce Rd.,478785,,FP/OP,FOOD PANTRY-Agency,BLUE RECEIPT-SHL,N-03-11816,4,0,0,0.0,160,BARROW,0.0,3/1/2024 9:39,3/1/2024 10:32,Price Code 1,CUSTOMER PICKUP,False,Food Bank of Northeast Georgia,01,30680.0,Winder,SCHWEPPES RASPBERRY GINGER ALE 2L,Beverages
781,173772,8683,R-130,"Richard C. Wilson Recovery Residence, INC",477401,,ON PREMISES (OP),REHAB-Agency,BLUE RECEIPT-SHL,N-03-11728,46,0,0,0.0,828,BARROW,0.0,2/2/2024 9:09,2/14/2024 13:17,Price Code 1,CUSTOMER PICKUP,False,Food Bank of Northeast Georgia,01,30666.0,Statham,CRUSH ORANGE SODA,Beverages
29,177858,8972,B-107,Barrow County Food Pantry,FAIMPORT480477,,FOOD PANTRY,FOOD PANTRY-Agency,BLUE RECEIPT-SHL,MCF-15-10000,78,0,0,0.0,78,BARROW,0.0,3/22/2024 0:00,3/22/2024 0:00,Price Code 1,CUSTOMER PICKUP,False,Food Bank of Northeast Georgia,01,30680.0,Winder,"FROZEN MEAT & SEAFOOD, SHL RETAIL PICKUP",Proteins
867,180357,9021,Y-108,YMCA of GA's Piedmont- Barrow County,482963,,FP/OP/GNAP/USDA,AT-RISK YOUTH-Agency,GNAP,N-40-10270,1,0,0,0.0,26,BARROW,0.0,5/17/2024 10:00,5/17/2024 10:45,Price Code 1,CUSTOMER PICKUP,False,Food Bank of Northeast Georgia,01,30680.0,Winder,GNAP BUMBLEBEE CHICKEN SALAD KIT,Prepared Meals
497,172888,5407,W-119,Winder Freelife Church,476519,,FP/OP/GNAP/USDA,FOOD PANTRY-Agency,BLUE RECEIPT-SHL,F-15-10000,63,0,0,11.34,63,BARROW,0.18,1/10/2024 14:38,1/10/2024 15:31,Price Code 1,CUSTOMER PICKUP,False,Sharing Floor Athens,01-SH,30680.0,Winder,"MEAT & SEAFOOD, FROZEN SHL",Proteins
600,179893,683,S-140,SYTGE (Seeing You Through God's Eyes) Outreach Ministry,482504,,FOOD PANTRY,FOOD PANTRY-Agency,BLUE RECEIPT-SHL,W-16-10001,31,0,0,5.58,31,BARROW,0.18,4/30/2024 13:46,4/30/2024 15:00,Price Code 1,CUSTOMER PICKUP,False,Sharing Floor Athens,01-SH,30680.0,Winder,MISC. FOOD BOX SHL,Food Misc.
867,179432,8720,Y-108,YMCA of GA's Piedmont- Barrow County,482045,,FP/OP/GNAP/USDA,AT-RISK YOUTH-Agency,USDA,N-50-10305,4,0,0,10.08,56,BARROW,0.18,4/30/2024 10:00,5/1/2024 12:17,Price Code 1,CUSTOMER PICKUP,False,Food Bank of Northeast Georgia,01,30680.0,Winder,USDA MIXED VegetablesCCC,Vegetables
917,176501,683,C-161,Church at Pierce Rd.,479125,,FP/OP,FOOD PANTRY-Agency,BLUE RECEIPT-SHL,W-16-10001,226,0,0,40.68,226,BARROW,0.18,3/1/2024 9:39,3/1/2024 9:56,Price Code 1,CUSTOMER PICKUP,False,Sharing Floor Athens,01-SH,30680.0,Winder,MISC. FOOD BOX SHL,Food Misc.
1009,172984,6102,S-142,"SAY In Need, Inc",476614,,OP/USDA,FEED SITE-Agency,BLUE RECEIPT-SHL,C-31-10001,56,0,0,0.0,56,BARROW,0.0,1/12/2024 8:26,1/12/2024 9:01,Price Code 1,CUSTOMER PICKUP,False,Sharing Floor Athens,01-SH,30620.0,Bethlehem,"PREPARED FOOD COOLER, SHL",Prepared Meals
864,181120,690,W-124,Winder Church of God of Prophecy,483725,,FP/OP,FOOD PANTRY-Agency,BLUE RECEIPT-SHL,W-03-10013,15,0,0,0.0,15,BARROW,0.0,5/21/2024 12:22,5/21/2024 8:23,Price Code 1,CUSTOMER PICKUP,False,Sharing Floor Athens,01-SH,30680.0,Winder,"ASSORTED BEVERAGES, SHL",Beverages
172,173618,8922,P-104,Project Adam Community Asst Ct,477247,,ON PREMISES (OP),REHAB-Agency,LOCAL - LL,N-25-11954,4,0,0,3.6,20,BARROW,0.18,1/30/2024 13:41,2/14/2024 14:40,Price Code 1,CUSTOMER PICKUP,False,Food Bank of Northeast Georgia,01,30680.0,Winder,ATKINS VAR PACK CHOC PEANUT/CARAMEL,Food Misc.
781,182588,1222,R-130,"Richard C. Wilson Recovery Residence, INC",485191,,ON PREMISES (OP),REHAB-Agency,YELLOW RECEIPT - SHN,W-16-10003,209,0,0,37.62,209,BARROW,0.18,6/26/2024 9:09,6/26/2024 9:23,Price Code 1,CUSTOMER PICKUP,False,Food Bank of Northeast Georgia,01,30666.0,Statham,ASSORTED FOOD ITEMS SHD,Food Misc.
29,179436,9027,B-107,Barrow County Food Pantry,482049,,FOOD PANTRY,FOOD PANTRY-Agency,YELLOW RECEIPT - SHN,N-25-11970,30,0,0,0.0,300,BARROW,0.0,4/25/2024 7:00,4/25/2024 6:17,Price Code 1,TRACTOR TRAILER 1 MOBILE PANTRY,False,Food Bank of Northeast Georgia,01,30680.0,Winder,"SNACK PACK BLUE RASP, SOUR PATCH KIDS",Food Misc.
781,176002,690,R-130,"Richard C. Wilson Recovery Residence, INC",478630,,ON PREMISES (OP),REHAB-Agency,BLUE RECEIPT-SHL,W-03-10013,234,0,0,0.0,234,BARROW,0.0,2/22/2024 9:09,2/22/2024 8:33,Price Code 1,CUSTOMER PICKUP,False,Sharing Floor Athens,01-SH,30666.0,Statham,"ASSORTED BEVERAGES, SHL",Beverages
867,179864,800,Y-108,YMCA of GA's Piedmont- Barrow County,482475,,FP/OP/GNAP/USDA,AT-RISK YOUTH-Agency,USDA,N-50-10065,2,0,0,9.72,54,BARROW,0.18,5/3/2024 14:18,5/3/2024 10:51,Price Code 1,CUSTOMER PICKUP,False,Food Bank of Northeast Georgia,01,30680.0,Winder,USDA APPLESAUCE,Fruits
172,176209,8964,P-104,Project Adam Community Asst Ct,478835,,ON PREMISES (OP),REHAB-Agency,YELLOW RECEIPT - SHN,N-25-11961,4,0,0,3.6,20,BARROW,0.18,3/4/2024 13:41,3/11/2024 10:22,Price Code 1,CUSTOMER PICKUP,False,Food Bank of Northeast Georgia,01,30680.0,Winder,SNACK PACK CINNABON PUDDING,Food Misc.
172,173198,8917,P-104,Project Adam Community Asst Ct,476828,,ON PREMISES (OP),REHAB-Agency,BLUE RECEIPT-SHL,N-03-11800,14,0,0,0.0,224,BARROW,0.0,1/22/2024 13:41,1/22/2024 12:00,Price Code 1,CUSTOMER PICKUP,False,Food Bank of Northeast Georgia,01,30680.0,Winder,COCA COLA GLASS BOTTLES,Beverages
682,175282,683,C-170,Christ The King Ghana Methodist,477911,,DIRECT ASSISTANCE,FOOD PANTRY-Agency,BLUE RECEIPT-SHL,W-16-10001,127,0,0,0.0,127,BARROW,0.0,2/7/2024 15:05,2/7/2024 11:13,Price Code 1,CUSTOMER PICKUP,False,Sharing Floor Athens,01-SH,30680.0,Winder,MISC. FOOD BOX SHL,Food Misc.
172,175123,875,P-104,Project Adam Community Asst Ct,477752,,ON PREMISES (OP),REHAB-Agency,BLUE RECEIPT-SHL,W-04-10000,37,0,0,0.0,37,BARROW,0.0,2/5/2024 13:41,2/5/2024 11:03,Price Code 1,CUSTOMER PICKUP,False,Sharing Floor Athens,01-SH,30680.0,Winder,"BREAD & BAKERY, ASSORTED SHL",Grains
1040,180765,8512,H-159,Hills Temple FBH Church,483371,,FP/OP/GNAP/USDA,FB DIRECT ASSISTANCE-Agency,USDA,C-50-10049,3,0,0,21.06,117,BARROW,0.18,5/17/2024 9:15,5/17/2024 10:44,Price Code 1,CUSTOMER PICKUP,False,Food Bank of Northeast Georgia,01,30680.0,Winder,USDA GRAPEFRUIT CCC,Fruits
1040,178462,8546,H-159,Hills Temple FBH Church,481078,,FP/OP/GNAP/USDA,FB DIRECT ASSISTANCE-Agency,BLUE RECEIPT-SHL,N-03-10262,10,0,0,0.0,300,BARROW,0.0,4/10/2024 0:04,4/15/2024 9:47,Price Code 1,CUSTOMER PICKUP,False,Food Bank of Northeast Georgia,01,30680.0,Winder,STARRY LEMON LIME SODA 16.9 OZ,Beverages
682,175282,5938,C-170,Christ The King Ghana Methodist,477911,,DIRECT ASSISTANCE,FOOD PANTRY-Agency,BLUE RECEIPT-SHL,C-28-10001,362,0,0,10.86,362,BARROW,0.03,2/7/2024 15:05,2/7/2024 11:13,Price Code 1,CUSTOMER PICKUP,False,Sharing Floor Athens,01-SH,30680.0,Winder,"PRODUCE, FRESH SHL",Mixed Produce
1038,179717,8940,C-184,"Called to Serve Georgia, Inc",482330,,FP/OP/USDA,FOOD PANTRY-Agency,BLUE RECEIPT-SHL,C-28-90531,5,0,0,0.0,260,BARROW,0.0,5/3/2024 13:58,5/3/2024 14:07,Price Code 1,CUSTOMER PICKUP,False,Food Bank of Northeast Georgia,01,30680.0,Winder,"CABBAGE, SHL 50#",Vegetables
917,177770,5681,C-161,Church at Pierce Rd.,480389,,FP/OP,FOOD PANTRY-Agency,LOCAL - LL,C-16-10000,6,0,0,1.08,6,BARROW,0.18,3/22/2024 9:39,3/22/2024 9:54,Price Code 1,CUSTOMER PICKUP,False,Sharing Floor Athens,01-SH,30680.0,Winder,"COOLER FOOD, MISC. LL",Food Misc.
867,180933,5938,Y-108,YMCA of GA's Piedmont- Barrow County,483539,,FP/OP/GNAP/USDA,AT-RISK YOUTH-Agency,BLUE RECEIPT-SHL,C-28-10001,200,0,0,6.0,200,BARROW,0.03,5/16/2024 14:18,5/16/2024 10:26,Price Code 1,CUSTOMER PICKUP,False,Sharing Floor Athens,01-SH,30680.0,Winder,"PRODUCE, FRESH SHL",Mixed Produce
576,173797,890,F2KBARROW,Food 2 Kids Barrow County,477426,,DIRECT ASSISTANCE,DIRECT ASSISTANCE-Agency,GNAP,N-40-10001,5,0,0,0.0,135,BARROW,0.0,2/14/2024 9:00,3/5/2024 13:20,Price Code 1,TRACTOR TRAILER 2 MOBILE PANTRY,False,Food Bank of Northeast Georgia,01,,Athens,GNAP APPLE SAUCE,Fruits
682,180008,683,C-170,Christ The King Ghana Methodist,482616,,DIRECT ASSISTANCE,FOOD PANTRY-Agency,BLUE RECEIPT-SHL,W-16-10001,135,0,0,24.3,135,BARROW,0.18,5/1/2024 15:05,5/1/2024 15:05,Price Code 1,CUSTOMER PICKUP,False,Sharing Floor Athens,01-SH,30680.0,Winder,MISC. FOOD BOX SHL,Food Misc.
172,172562,3776,P-104,Project Adam Community Asst Ct,476193,,ON PREMISES (OP),REHAB-Agency,BLUE RECEIPT-SHL,N-03-11125,5,0,0,4.95,165,BARROW,0.03,1/9/2024 13:41,1/22/2024 12:00,Price Code 1,CUSTOMER PICKUP,False,Food Bank of Northeast Georgia,01,30680.0,Winder,PEPSI WILD CHERRY,Beverages
953,181972,8975,C-179,Crossview Church Food Pantry,FAIMPORT484576,,FP/GNAP/USDA,FOOD PANTRY-Agency,BLUE RECEIPT-SHL,MCC-07-10001,11,0,0,0.0,11,BARROW,0.0,6/5/2024 0:00,6/5/2024 0:00,Price Code 1,CUSTOMER PICKUP,False,Food Bank of Northeast Georgia,01,30548.0,Hoschton,"DAIRY PRODUCTS, SHL RETAIL PICKUPS",Dairy
863,176072,5407,A-148,Auburn First Baptist Church,478699,,FOOD PANTRY,FOOD PANTRY-Agency,BLUE RECEIPT-SHL,F-15-10000,107,0,0,19.26,107,BARROW,0.18,2/23/2024 8:05,2/23/2024 8:26,Price Code 1,CUSTOMER PICKUP,False,Sharing Floor Athens,01-SH,30011.0,Auburn,"MEAT & SEAFOOD, FROZEN SHL",Proteins
585,172713,8852,F2K360BAR,F2K360 BARROW,476344,,FP/OP/GNAP/USDA,DIRECT ASSISTANCE-Agency,PURCH,N-23-10010,8,0,0,0.0,104,BARROW,0.0,1/10/2024 9:00,1/10/2024 12:56,Price Code 1,TRUCK 1 MOBILE PANTRY,False,Food Bank of Northeast Georgia,01,30607.0,ATHENS,NUT'N BETTER CREAMY PEANUT BUTTER - RED SUGAR & SODIUM,Proteins
682,177229,5772,C-170,Christ The King Ghana Methodist,479849,,DIRECT ASSISTANCE,FOOD PANTRY-Agency,LOCAL - LL,C-28-10000,233,0,0,6.99,233,BARROW,0.03,3/13/2024 15:05,3/13/2024 10:53,Price Code 1,CUSTOMER PICKUP,False,Sharing Floor Athens,01-SH,30680.0,Winder,"PRODUCE, FRESH LL",Mixed Produce
917,179713,9014,C-161,Church at Pierce Rd.,482326,,FP/OP,FOOD PANTRY-Agency,PURCH,N-27-10136,1,0,52,4.86,27,BARROW,0.18,5/3/2024 9:39,5/3/2024 10:16,Price Code 1,CUSTOMER PICKUP,False,Food Bank of Northeast Georgia,01,30680.0,Winder,"GREEN BEANS, HARVEST VALLEY",Vegetables
917,181674,5938,C-161,Church at Pierce Rd.,484278,,FP/OP,FOOD PANTRY-Agency,BLUE RECEIPT-SHL,C-28-10001,59,0,0,1.77,59,BARROW,0.03,5/31/2024 9:39,5/31/2024 9:48,Price Code 1,CUSTOMER PICKUP,False,Sharing Floor Athens,01-SH,30680.0,Winder,"PRODUCE, FRESH SHL",Mixed Produce
29,181117,9072,B-107,Barrow County Food Pantry,483722,,FOOD PANTRY,FOOD PANTRY-Agency,PURCH,F-28-90029,100,0,0,0.0,3200,BARROW,0.0,5/23/2024 8:19,5/28/2024 7:55,Price Code 1,TRACTOR TRAILER 1 MOBILE PANTRY,False,Food Bank of Northeast Georgia,01,30680.0,Winder,FROZEN PEAS 16 x 2 LB,Proteins
781,178380,9011,R-130,"Richard C. Wilson Recovery Residence, INC",480996,,ON PREMISES (OP),REHAB-Agency,YELLOW RECEIPT - SHN,N-03-11830,2,0,0,12.24,68,BARROW,0.18,4/10/2024 9:09,4/10/2024 10:12,Price Code 1,CUSTOMER PICKUP,False,Food Bank of Northeast Georgia,01,30666.0,Statham,DASANI WATER,Beverages
682,176359,5407,C-170,Christ The King Ghana Methodist,478984,,DIRECT ASSISTANCE,FOOD PANTRY-Agency,BLUE RECEIPT-SHL,F-15-10000,152,0,0,27.36,152,BARROW,0.18,2/28/2024 15:05,2/28/2024 10:56,Price Code 1,CUSTOMER PICKUP,False,Sharing Floor Athens,01-SH,30680.0,Winder,"MEAT & SEAFOOD, FROZEN SHL",Proteins
497,182553,683,W-119,Winder Freelife Church,485156,,FP/OP/GNAP/USDA,FOOD PANTRY-Agency,BLUE RECEIPT-SHL,W-16-10001,81,0,0,14.58,81,BARROW,0.18,6/25/2024 14:38,6/25/2024 14:11,Price Code 1,CUSTOMER PICKUP,False,Sharing Floor Athens,01-SH,30680.0,Winder,MISC. FOOD BOX SHL,Food Misc.
1040,180765,3717,H-159,Hills Temple FBH Church,483371,,FP/OP/GNAP/USDA,FB DIRECT ASSISTANCE-Agency,GNAP,N-40-10154,12,0,0,0.0,240,BARROW,0.0,5/17/2024 9:15,5/17/2024 10:44,Price Code 1,CUSTOMER PICKUP,False,Food Bank of Northeast Georgia,01,30680.0,Winder,"GNAP APPLE JUICE, SINGLE SERVE",Beverages
917,175741,5772,C-161,Church at Pierce Rd.,478369,,FP/OP,FOOD PANTRY-Agency,LOCAL - LL,C-28-10000,48,0,0,1.44,48,BARROW,0.03,2/16/2024 9:39,2/16/2024 10:08,Price Code 1,CUSTOMER PICKUP,False,Sharing Floor Athens,01-SH,30680.0,Winder,"PRODUCE, FRESH LL",Mixed Produce
867,172379,6981,Y-108,YMCA of GA's Piedmont- Barrow County,476010,,FP/OP/GNAP/USDA,AT-RISK YOUTH-Agency,USDA,C-50-10018,8,0,0,0.0,152,BARROW,0.0,1/5/2024 10:00,1/5/2024 10:55,Price Code 1,CUSTOMER PICKUP,False,Food Bank of Northeast Georgia,01,30680.0,Winder,USDA FRESH TABLE GRAPES CCC,Fruits
497,177474,5772,W-119,Winder Freelife Church,480094,,FP/OP/GNAP/USDA,FOOD PANTRY-Agency,LOCAL - LL,C-28-10000,10,0,0,0.3,10,BARROW,0.03,3/18/2024 14:38,3/18/2024 10:19,Price Code 1,CUSTOMER PICKUP,False,Sharing Floor Athens,01-SH,30680.0,Winder,"PRODUCE, FRESH LL",Mixed Produce
917,178317,9014,C-161,Church at Pierce Rd.,480933,,FP/OP,FOOD PANTRY-Agency,PURCH,N-27-10136,2,0,104,9.72,54,BARROW,0.18,4/12/2024 9:39,4/12/2024 10:31,Price Code 1,CUSTOMER PICKUP,False,Food Bank of Northeast Georgia,01,30680.0,Winder,"GREEN BEANS, HARVEST VALLEY",Vegetables
1040,177969,8873,H-159,Hills Temple FBH Church,480588,,FP/OP/GNAP/USDA,FB DIRECT ASSISTANCE-Agency,YELLOW RECEIPT - SHN,F-10-10001,12,0,0,1.08,36,BARROW,0.03,4/3/2024 8:12,4/3/2024 11:28,Price Code 1,CUSTOMER PICKUP,False,Food Bank of Northeast Georgia,01,30680.0,Winder,OUTSHINE STRAWBERRY BANANA SMOOTHIE CUBES,Beverages
29,179797,8974,B-107,Barrow County Food Pantry,FAIMPORT482410,,FOOD PANTRY,FOOD PANTRY-Agency,BLUE RECEIPT-SHL,MCW-04-10000,116,0,0,0.0,116,BARROW,0.0,4/22/2024 0:00,4/22/2024 0:00,Price Code 1,CUSTOMER PICKUP,False,Food Bank of Northeast Georgia,01,30680.0,Winder,"BREAD AND BAKERY, SHL RETAIL PICKUPS",Grains
29,177776,8992,B-107,Barrow County Food Pantry,480395,,FOOD PANTRY,FOOD PANTRY-Agency,USDA,F-50-90475,42,0,0,0.0,1680,BARROW,0.0,3/28/2024 7:00,3/28/2024 6:02,Price Code 1,TRACTOR TRAILER 1 MOBILE PANTRY,False,Food Bank of Northeast Georgia,01,30680.0,Winder,USDA PORK TACO FILLING FULLY COOKED CCC,Proteins
29,177776,8991,B-107,Barrow County Food Pantry,480395,,FOOD PANTRY,FOOD PANTRY-Agency,USDA,N-50-10311,25,0,0,0.0,600,BARROW,0.0,3/28/2024 7:00,3/28/2024 6:02,Price Code 1,TRACTOR TRAILER 1 MOBILE PANTRY,False,Food Bank of Northeast Georgia,01,30680.0,Winder,USDA HAZELNUTS CCC,Proteins
1038,182010,688,C-184,"Called to Serve Georgia, Inc",484614,,FP/OP/USDA,FOOD PANTRY-Agency,BLUE RECEIPT-SHL,W-01-10000,96,0,0,0.0,96,BARROW,0.0,6/7/2024 8:36,6/7/2024 8:54,Price Code 1,CUSTOMER PICKUP,False,Sharing Floor Athens,01-SH,30680.0,Winder,"ASSORTED NON-FOOD ITEMS, SHL",Non-Food Misc.
682,180417,875,C-170,Christ The King Ghana Methodist,483023,,DIRECT ASSISTANCE,FOOD PANTRY-Agency,BLUE RECEIPT-SHL,W-04-10000,49,0,0,0.0,49,BARROW,0.0,5/8/2024 15:05,5/8/2024 10:38,Price Code 1,CUSTOMER PICKUP,False,Sharing Floor Athens,01-SH,30680.0,Winder,"BREAD & BAKERY, ASSORTED SHL",Grains
863,175392,5407,A-148,Auburn First Baptist Church,478021,,FOOD PANTRY,FOOD PANTRY-Agency,BLUE RECEIPT-SHL,F-15-10000,257,0,0,0.0,257,BARROW,0.0,2/9/2024 8:05,2/9/2024 8:28,Price Code 1,CUSTOMER PICKUP,False,Sharing Floor Athens,01-SH,30011.0,Auburn,"MEAT & SEAFOOD, FROZEN SHL",Proteins
600,173468,8625,S-140,SYTGE (Seeing You Through God's Eyes) Outreach Ministry,477097,,FOOD PANTRY,FOOD PANTRY-Agency,BLUE RECEIPT-SHL,N-03-11261,2,0,0,0.0,66,BARROW,0.0,2/15/2024 9:30,2/15/2024 10:15,Price Code 1,CUSTOMER PICKUP,False,Food Bank of Northeast Georgia,01,30680.0,Winder,STARRY ZERO SUGAR 24 X 20 FL OZ,Beverages
863,172592,5407,A-148,Auburn First Baptist Church,476223,,FOOD PANTRY,FOOD PANTRY-Agency,BLUE RECEIPT-SHL,F-15-10000,297,0,0,53.46,297,BARROW,0.18,1/5/2024 8:05,1/5/2024 8:19,Price Code 1,CUSTOMER PICKUP,False,Sharing Floor Athens,01-SH,30011.0,Auburn,"MEAT & SEAFOOD, FROZEN SHL",Proteins
917,181010,5958,C-161,Church at Pierce Rd.,483615,,FP/OP,FOOD PANTRY-Agency,BLUE RECEIPT-SHL,C-16-10001,19,0,0,3.42,19,BARROW,0.18,5/17/2024 9:39,5/17/2024 9:23,Price Code 1,CUSTOMER PICKUP,False,Sharing Floor Athens,01-SH,30680.0,Winder,"COOLER FOOD, MISC. SHL",Food Misc.
781,173772,8937,R-130,"Richard C. Wilson Recovery Residence, INC",477401,,ON PREMISES (OP),REHAB-Agency,BLUE RECEIPT-SHL,N-03-11807,10,0,0,0.0,180,BARROW,0.0,2/2/2024 9:09,2/14/2024 13:17,Price Code 1,CUSTOMER PICKUP,False,Food Bank of Northeast Georgia,01,30666.0,Statham,GATORADE LEMON LIME ZERO SUGAR,Beverages
1013,179765,2414,S-143,"Spirit Of Sharing, INC",482378,,FP/GNAP/USDA,FOOD PANTRY-Agency,USDA,N-50-10244,13,0,0,0.0,468,BARROW,0.0,5/1/2024 9:00,5/1/2024 10:21,Price Code 1,TRUCK 1 MOBILE PANTRY,False,Food Bank of Northeast Georgia,01,30680.0,Winder,USDA CANNED BEEF CCC,Proteins
682,179549,5772,C-170,Christ The King Ghana Methodist,482162,,DIRECT ASSISTANCE,FOOD PANTRY-Agency,LOCAL - LL,C-28-10000,346,0,0,10.38,346,BARROW,0.03,4/24/2024 15:05,4/24/2024 10:35,Price Code 1,CUSTOMER PICKUP,False,Sharing Floor Athens,01-SH,30680.0,Winder,"PRODUCE, FRESH LL",Mixed Produce
953,178221,8973,C-179,Crossview Church Food Pantry,FAIMPORT480838,,FP/GNAP/USDA,FOOD PANTRY-Agency,BLUE RECEIPT-SHL,MCC-16-10001,59,0,0,0.0,59,BARROW,0.0,3/27/2024 0:00,3/27/2024 0:00,Price Code 1,CUSTOMER PICKUP,False,Food Bank of Northeast Georgia,01,30548.0,Hoschton,"COOLER FOOD MISC., SHL RETAIL PICKUP",Food Misc.
867,178961,8497,Y-108,YMCA of GA's Piedmont- Barrow County,481575,,FP/OP/GNAP/USDA,AT-RISK YOUTH-Agency,USDA,C-50-10048,12,0,0,19.2,384,BARROW,0.05,4/19/2024 10:00,4/19/2024 10:25,Price Code 1,CUSTOMER PICKUP,False,Food Bank of Northeast Georgia,01,30680.0,Winder,USDA MANDARIN ORANGES,Fruits
867,179864,7298,Y-108,YMCA of GA's Piedmont- Barrow County,482475,,FP/OP/GNAP/USDA,AT-RISK YOUTH-Agency,GNAP,N-40-10248,2,0,0,0.0,28,BARROW,0.0,5/3/2024 14:18,5/3/2024 10:51,Price Code 1,CUSTOMER PICKUP,False,Food Bank of Northeast Georgia,01,30680.0,Winder,GNAP BAKING AND BISCUIT MIX,Grains
781,173895,696,R-130,"Richard C. Wilson Recovery Residence, INC",477524,,ON PREMISES (OP),REHAB-Agency,LOCAL - LL,W-25-10000,41,0,0,7.38,41,BARROW,0.18,1/31/2024 9:09,1/31/2024 9:44,Price Code 1,CUSTOMER PICKUP,False,Sharing Floor Athens,01-SH,30666.0,Statham,"ASSORTED SNACK ITEMS, LL",Food Misc.
781,175670,683,R-130,"Richard C. Wilson Recovery Residence, INC",478298,,ON PREMISES (OP),REHAB-Agency,BLUE RECEIPT-SHL,W-16-10001,16,0,0,2.88,16,BARROW,0.18,2/15/2024 9:09,2/15/2024 8:32,Price Code 1,CUSTOMER PICKUP,False,Sharing Floor Athens,01-SH,30666.0,Statham,MISC. FOOD BOX SHL,Food Misc.
497,175286,5938,W-119,Winder Freelife Church,477915,,FP/OP/GNAP/USDA,FOOD PANTRY-Agency,BLUE RECEIPT-SHL,C-28-10001,21,0,0,0.63,21,BARROW,0.03,2/7/2024 14:38,2/7/2024 11:33,Price Code 1,CUSTOMER PICKUP,False,Sharing Floor Athens,01-SH,30680.0,Winder,"PRODUCE, FRESH SHL",Mixed Produce
1038,180181,688,C-184,"Called to Serve Georgia, Inc",482787,,FP/OP/USDA,FOOD PANTRY-Agency,BLUE RECEIPT-SHL,W-01-10000,15,0,0,0.0,15,BARROW,0.0,5/3/2024 14:16,5/3/2024 14:21,Price Code 1,CUSTOMER PICKUP,False,Sharing Floor Athens,01-SH,30680.0,Winder,"ASSORTED NON-FOOD ITEMS, SHL",Non-Food Misc.
781,175699,8928,R-130,"Richard C. Wilson Recovery Residence, INC",478327,,ON PREMISES (OP),REHAB-Agency,BLUE RECEIPT-SHL,N-03-11803,10,0,0,0.0,160,BARROW,0.0,2/21/2024 11:00,2/21/2024 9:48,Price Code 1,CUSTOMER PICKUP,False,Food Bank of Northeast Georgia,01,30666.0,Statham,GATORADE THIRST QUENCHER VAR PACK,Beverages
781,177179,688,R-130,"Richard C. Wilson Recovery Residence, INC",479800,,ON PREMISES (OP),REHAB-Agency,BLUE RECEIPT-SHL,W-01-10000,15,0,0,2.7,15,BARROW,0.18,3/13/2024 9:09,3/13/2024 8:31,Price Code 1,CUSTOMER PICKUP,False,Sharing Floor Athens,01-SH,30666.0,Statham,"ASSORTED NON-FOOD ITEMS, SHL",Non-Food Misc.
1040,177969,8944,H-159,Hills Temple FBH Church,480588,,FP/OP/GNAP/USDA,FB DIRECT ASSISTANCE-Agency,YELLOW RECEIPT - SHN,C-28-90535,1,0,0,0.0,52,BARROW,0.0,4/3/2024 8:12,4/3/2024 11:28,Price Code 1,CUSTOMER PICKUP,False,Food Bank of Northeast Georgia,01,30680.0,Winder,"TURNIP, SHL",Vegetables
867,172379,8882,Y-108,YMCA of GA's Piedmont- Barrow County,476010,,FP/OP/GNAP/USDA,AT-RISK YOUTH-Agency,BLUE RECEIPT-SHL,F-15-90548,8,0,0,12.96,72,BARROW,0.18,1/5/2024 10:00,1/5/2024 10:55,Price Code 1,CUSTOMER PICKUP,False,Food Bank of Northeast Georgia,01,30680.0,Winder,"GROUND TURKEY BREAST, KIRKWOOD",Proteins
917,173300,875,C-161,Church at Pierce Rd.,476929,,FP/OP,FOOD PANTRY-Agency,BLUE RECEIPT-SHL,W-04-10000,63,0,0,0.0,63,BARROW,0.0,1/19/2024 9:39,1/19/2024 10:08,Price Code 1,CUSTOMER PICKUP,False,Sharing Floor Athens,01-SH,30680.0,Winder,"BREAD & BAKERY, ASSORTED SHL",Grains
1038,181855,8874,C-184,"Called to Serve Georgia, Inc",484459,,FP/OP/USDA,FOOD PANTRY-Agency,YELLOW RECEIPT - SHN,F-10-10002,13,0,0,1.17,39,BARROW,0.03,6/28/2024 14:00,7/2/2024 7:46,Price Code 1,CUSTOMER PICKUP,False,Food Bank of Northeast Georgia,01,30680.0,Winder,OUTSHINE TROPICAL SMOOTHIE CUBES,Beverages
863,176495,5938,A-148,Auburn First Baptist Church,479119,,FOOD PANTRY,FOOD PANTRY-Agency,BLUE RECEIPT-SHL,C-28-10001,434,0,0,13.02,434,BARROW,0.03,3/1/2024 8:05,3/1/2024 8:42,Price Code 1,CUSTOMER PICKUP,False,Sharing Floor Athens,01-SH,30011.0,Auburn,"PRODUCE, FRESH SHL",Mixed Produce
576,173797,5407,F2KBARROW,Food 2 Kids Barrow County,477426,,DIRECT ASSISTANCE,DIRECT ASSISTANCE-Agency,BLUE RECEIPT-SHL,F-15-10000,1243,0,0,0.0,1243,BARROW,0.0,2/14/2024 9:00,3/5/2024 13:20,Price Code 1,TRACTOR TRAILER 2 MOBILE PANTRY,False,Food Bank of Northeast Georgia,01,,Athens,"MEAT & SEAFOOD, FROZEN SHL",Proteins
867,179864,842,Y-108,YMCA of GA's Piedmont- Barrow County,482475,,FP/OP/GNAP/USDA,AT-RISK YOUTH-Agency,USDA,N-50-10021,3,0,0,14.58,81,BARROW,0.18,5/3/2024 14:18,5/3/2024 10:51,Price Code 1,CUSTOMER PICKUP,False,Food Bank of Northeast Georgia,01,30680.0,Winder,USDA DICED TOMATOES NO SALT CCC,Vegetables
781,181915,5938,R-130,"Richard C. Wilson Recovery Residence, INC",484519,,ON PREMISES (OP),REHAB-Agency,BLUE RECEIPT-SHL,C-28-10001,33,0,0,0.99,33,BARROW,0.03,6/5/2024 9:09,6/5/2024 9:27,Price Code 1,CUSTOMER PICKUP,False,Sharing Floor Athens,01-SH,30666.0,Statham,"PRODUCE, FRESH SHL",Mixed Produce
172,178327,8822,P-104,Project Adam Community Asst Ct,480943,,ON PREMISES (OP),REHAB-Agency,BLUE RECEIPT-SHL,N-03-11761,8,0,0,0.0,96,BARROW,0.0,4/9/2024 13:41,4/15/2024 10:14,Price Code 1,CUSTOMER PICKUP,False,Food Bank of Northeast Georgia,01,30680.0,Winder,"STARBUCKS PINK DRINK, STRAW ACAI",Beverages
917,175883,8947,C-161,Church at Pierce Rd.,478511,,FP/OP,FOOD PANTRY-Agency,BLUE RECEIPT-SHL,N-03-11811,3,0,0,0.0,54,BARROW,0.0,2/23/2024 9:39,2/23/2024 8:48,Price Code 1,CUSTOMER PICKUP,False,Food Bank of Northeast Georgia,01,30680.0,Winder,PROPEL BERRY,Beverages
682,180861,688,C-170,Christ The King Ghana Methodist,483467,,DIRECT ASSISTANCE,FOOD PANTRY-Agency,BLUE RECEIPT-SHL,W-01-10000,3,0,0,0.54,3,BARROW,0.18,5/15/2024 15:05,5/15/2024 10:43,Price Code 1,CUSTOMER PICKUP,False,Sharing Floor Athens,01-SH,30680.0,Winder,"ASSORTED NON-FOOD ITEMS, SHL",Non-Food Misc.
1038,181676,5938,C-184,"Called to Serve Georgia, Inc",484280,,FP/OP/USDA,FOOD PANTRY-Agency,BLUE RECEIPT-SHL,C-28-10001,26,0,0,0.78,26,BARROW,0.03,5/31/2024 9:53,5/31/2024 9:59,Price Code 1,CUSTOMER PICKUP,False,Sharing Floor Athens,01-SH,30680.0,Winder,"PRODUCE, FRESH SHL",Mixed Produce
172,182516,875,P-104,Project Adam Community Asst Ct,485119,,ON PREMISES (OP),REHAB-Agency,BLUE RECEIPT-SHL,W-04-10000,8,0,0,0.0,8,BARROW,0.0,6/24/2024 13:41,6/24/2024 8:55,Price Code 1,CUSTOMER PICKUP,False,Sharing Floor Athens,01-SH,30680.0,Winder,"BREAD & BAKERY, ASSORTED SHL",Grains
863,172980,5958,A-148,Auburn First Baptist Church,476610,,FOOD PANTRY,FOOD PANTRY-Agency,BLUE RECEIPT-SHL,C-16-10001,168,0,0,30.24,168,BARROW,0.18,1/12/2024 8:05,1/12/2024 8:19,Price Code 1,CUSTOMER PICKUP,False,Sharing Floor Athens,01-SH,30011.0,Auburn,"COOLER FOOD, MISC. SHL",Food Misc.
682,177890,5938,C-170,Christ The King Ghana Methodist,480509,,DIRECT ASSISTANCE,FOOD PANTRY-Agency,BLUE RECEIPT-SHL,C-28-10001,62,0,0,1.86,62,BARROW,0.03,3/26/2024 15:05,3/26/2024 14:24,Price Code 1,CUSTOMER PICKUP,False,Sharing Floor Athens,01-SH,30680.0,Winder,"PRODUCE, FRESH SHL",Mixed Produce
576,180247,7153,F2KBARROW,Food 2 Kids Barrow County,482853,,DIRECT ASSISTANCE,DIRECT ASSISTANCE-Agency,GNAP,N-40-10234,9,0,0,0.0,117,BARROW,0.0,5/8/2024 9:00,5/9/2024 9:40,Price Code 1,TRUCK 1 MOBILE PANTRY,False,Food Bank of Northeast Georgia,01,,Athens,GNAP BAKED BEANS,Proteins
600,176802,8971,S-140,SYTGE (Seeing You Through God's Eyes) Outreach Ministry,FAIMPORT479425,,FOOD PANTRY,FOOD PANTRY-Agency,BLUE RECEIPT-SHL,MCF-16-10001,217,0,0,0.0,217,BARROW,0.0,3/2/2024 0:00,3/2/2024 0:00,Price Code 1,CUSTOMER PICKUP,False,Food Bank of Northeast Georgia,01,30680.0,Winder,"FROZEN FOODS, MISC SHL RETAIL PICKUP",Food Misc.
497,181653,8931,W-119,Winder Freelife Church,484257,,FP/OP/GNAP/USDA,FOOD PANTRY-Agency,SBB-O,N-16-20003,15,0,0,0.0,330,BARROW,0.0,6/18/2024 10:30,6/26/2024 6:53,Price Code 1,CUSTOMER PICKUP,False,Food Bank of Northeast Georgia,01,30680.0,Winder,SENIOR STAPLES BOX - ASSORTED USDA,Food Misc.
576,178167,3204,F2KBARROW,Food 2 Kids Barrow County,480786,,DIRECT ASSISTANCE,DIRECT ASSISTANCE-Agency,GNAP,N-40-10217,8,0,0,0.0,72,BARROW,0.0,4/10/2024 9:00,4/10/2024 9:40,Price Code 1,TRUCK 1 MOBILE PANTRY,False,Food Bank of Northeast Georgia,01,,Athens,GNAP CANNED HAM,Proteins
29,179436,6780,B-107,Barrow County Food Pantry,482049,,FOOD PANTRY,FOOD PANTRY-Agency,USDA,C-50-10024,84,0,0,0.0,3612,BARROW,0.0,4/25/2024 7:00,4/25/2024 6:17,Price Code 1,TRACTOR TRAILER 1 MOBILE PANTRY,False,Food Bank of Northeast Georgia,01,30680.0,Winder,USDA APPLES,Fruits
953,182142,8973,C-179,Crossview Church Food Pantry,FAIMPORT484746,,FP/GNAP/USDA,FOOD PANTRY-Agency,BLUE RECEIPT-SHL,MCC-16-10001,73,0,0,0.0,73,BARROW,0.0,6/12/2024 0:00,6/12/2024 0:00,Price Code 1,CUSTOMER PICKUP,False,Food Bank of Northeast Georgia,01,30548.0,Hoschton,"COOLER FOOD MISC., SHL RETAIL PICKUP",Food Misc.
781,173895,683,R-130,"Richard C. Wilson Recovery Residence, INC",477524,,ON PREMISES (OP),REHAB-Agency,BLUE RECEIPT-SHL,W-16-10001,96,0,0,17.28,96,BARROW,0.18,1/31/2024 9:09,1/31/2024 9:44,Price Code 1,CUSTOMER PICKUP,False,Sharing Floor Athens,01-SH,30666.0,Statham,MISC. FOOD BOX SHL,Food Misc.
917,173300,683,C-161,Church at Pierce Rd.,476929,,FP/OP,FOOD PANTRY-Agency,BLUE RECEIPT-SHL,W-16-10001,70,0,0,0.0,70,BARROW,0.0,1/19/2024 9:39,1/19/2024 10:08,Price Code 1,CUSTOMER PICKUP,False,Sharing Floor Athens,01-SH,30680.0,Winder,MISC. FOOD BOX SHL,Food Misc.
1013,179765,6780,S-143,"Spirit Of Sharing, INC",482378,,FP/GNAP/USDA,FOOD PANTRY-Agency,USDA,C-50-10024,21,0,0,0.0,903,BARROW,0.0,5/1/2024 9:00,5/1/2024 10:21,Price Code 1,TRUCK 1 MOBILE PANTRY,False,Food Bank of Northeast Georgia,01,30680.0,Winder,USDA APPLES,Fruits
479,179932,9037,W-118,Winder Wesleyan Church,482542,,FP/OP,FOOD PANTRY-Agency,GNAP,N-40-10274,2,0,0,0.0,18,BARROW,0.0,5/9/2024 10:00,5/14/2024 9:47,Price Code 1,CUSTOMER PICKUP,False,Food Bank of Northeast Georgia,01,30680.0,Winder,GNAP RICE KRISPIES CEREAL BOWLS,Grains
29,176258,875,B-107,Barrow County Food Pantry,FAIMPORT478884,,FOOD PANTRY,FOOD PANTRY-Agency,BLUE RECEIPT-SHL,W-04-10000,73,0,0,0.0,73,BARROW,0.0,2/19/2024 0:00,2/19/2024 0:00,Price Code 1,CUSTOMER PICKUP,False,Food Bank of Northeast Georgia,01,30680.0,Winder,"BREAD & BAKERY, ASSORTED SHL",Grains
172,181030,1324,P-104,Project Adam Community Asst Ct,483635,,ON PREMISES (OP),REHAB-Agency,BLUE RECEIPT-SHL,N-03-10615,5,0,0,0.0,180,BARROW,0.0,5/28/2024 8:00,5/28/2024 8:56,Price Code 1,CUSTOMER PICKUP,False,Food Bank of Northeast Georgia,01,30680.0,Winder,GATORADE COOL BLUE,Beverages
600,176848,6780,S-140,SYTGE (Seeing You Through God's Eyes) Outreach Ministry,479470,,FOOD PANTRY,FOOD PANTRY-Agency,USDA,C-50-10024,2,0,0,8.6,86,BARROW,0.1,3/14/2024 13:46,3/14/2024 10:13,Price Code 1,CUSTOMER PICKUP,False,Food Bank of Northeast Georgia,01,30680.0,Winder,USDA APPLES,Fruits
917,180590,690,C-161,Church at Pierce Rd.,483196,,FP/OP,FOOD PANTRY-Agency,BLUE RECEIPT-SHL,W-03-10013,75,0,0,0.0,75,BARROW,0.0,5/10/2024 9:39,5/10/2024 9:44,Price Code 1,CUSTOMER PICKUP,False,Sharing Floor Athens,01-SH,30680.0,Winder,"ASSORTED BEVERAGES, SHL",Beverages
917,173011,875,C-161,Church at Pierce Rd.,476641,,FP/OP,FOOD PANTRY-Agency,BLUE RECEIPT-SHL,W-04-10000,76,0,0,0.0,76,BARROW,0.0,1/12/2024 9:39,1/12/2024 12:10,Price Code 1,CUSTOMER PICKUP,False,Sharing Floor Athens,01-SH,30680.0,Winder,"BREAD & BAKERY, ASSORTED SHL",Grains
864,182303,5938,W-124,Winder Church of God of Prophecy,484907,,FP/OP,FOOD PANTRY-Agency,BLUE RECEIPT-SHL,C-28-10001,12,0,0,0.36,12,BARROW,0.03,6/18/2024 12:22,6/18/2024 8:13,Price Code 1,CUSTOMER PICKUP,False,Sharing Floor Athens,01-SH,30680.0,Winder,"PRODUCE, FRESH SHL",Mixed Produce
917,179250,8677,C-161,Church at Pierce Rd.,481863,,FP/OP,FOOD PANTRY-Agency,LOCAL - LL,C-88-20000,56,0,0,0.0,56,BARROW,0.0,4/19/2024 9:39,4/19/2024 9:20,Price Code 1,CUSTOMER PICKUP,False,Sharing Floor Athens,01-SH,30680.0,Winder,"LFPA DAIRY, MISC",Dairy
917,178855,875,C-161,Church at Pierce Rd.,481469,,FP/OP,FOOD PANTRY-Agency,BLUE RECEIPT-SHL,W-04-10000,66,0,0,0.0,66,BARROW,0.0,4/12/2024 9:39,4/12/2024 9:50,Price Code 1,CUSTOMER PICKUP,False,Sharing Floor Athens,01-SH,30680.0,Winder,"BREAD & BAKERY, ASSORTED SHL",Grains
1038,181855,170,C-184,"Called to Serve Georgia, Inc",484459,,FP/OP/USDA,FOOD PANTRY-Agency,USDA,N-50-10007,4,0,0,20.16,112,BARROW,0.18,6/28/2024 14:00,7/2/2024 7:46,Price Code 1,CUSTOMER PICKUP,False,Food Bank of Northeast Georgia,01,30680.0,Winder,"USDA CORN, WHOLE KERNEL NO SALT",Vegetables
917,172616,8903,C-161,Church at Pierce Rd.,476247,,FP/OP,FOOD PANTRY-Agency,YELLOW RECEIPT - SHN,N-16-10181,10,0,0,9.0,50,BARROW,0.18,1/12/2024 9:39,1/12/2024 13:12,Price Code 1,CUSTOMER PICKUP,False,Food Bank of Northeast Georgia,01,30680.0,Winder,STOVE TOP STUFFING - TURKEY/CHICKEN/CORNBREAD,Prepared Meals
576,180247,3217,F2KBARROW,Food 2 Kids Barrow County,482853,,DIRECT ASSISTANCE,DIRECT ASSISTANCE-Agency,GNAP,N-40-10222,4,0,0,0.0,40,BARROW,0.0,5/8/2024 9:00,5/9/2024 9:40,Price Code 1,TRUCK 1 MOBILE PANTRY,False,Food Bank of Northeast Georgia,01,,Athens,GNAP BEEF PASTA DINNER POUCH,Prepared Meals
863,182458,5938,A-148,Auburn First Baptist Church,485062,,FOOD PANTRY,FOOD PANTRY-Agency,BLUE RECEIPT-SHL,C-28-10001,441,0,0,13.23,441,BARROW,0.03,6/21/2024 8:05,6/21/2024 8:19,Price Code 1,CUSTOMER PICKUP,False,Sharing Floor Athens,01-SH,30011.0,Auburn,"PRODUCE, FRESH SHL",Mixed Produce
600,179648,9029,S-140,SYTGE (Seeing You Through God's Eyes) Outreach Ministry,482261,,FOOD PANTRY,FOOD PANTRY-Agency,YELLOW RECEIPT - SHN,N-25-11971,1,0,0,1.44,8,BARROW,0.18,4/30/2024 13:46,4/30/2024 14:01,Price Code 1,CUSTOMER PICKUP,False,Food Bank of Northeast Georgia,01,30680.0,Winder,BIGS JUMBO SUNFLOWER KERNELS,Proteins
917,181347,690,C-161,Church at Pierce Rd.,483951,,FP/OP,FOOD PANTRY-Agency,BLUE RECEIPT-SHL,W-03-10013,237,0,0,0.0,237,BARROW,0.0,5/24/2024 9:39,5/24/2024 9:35,Price Code 1,CUSTOMER PICKUP,False,Sharing Floor Athens,01-SH,30680.0,Winder,"ASSORTED BEVERAGES, SHL",Beverages
863,173290,5958,A-148,Auburn First Baptist Church,476919,,FOOD PANTRY,FOOD PANTRY-Agency,BLUE RECEIPT-SHL,C-16-10001,206,0,0,0.0,206,BARROW,0.0,1/19/2024 8:05,1/19/2024 8:26,Price Code 1,CUSTOMER PICKUP,False,Sharing Floor Athens,01-SH,30011.0,Auburn,"COOLER FOOD, MISC. SHL",Food Misc.
682,173534,690,C-170,Christ The King Ghana Methodist,477163,,DIRECT ASSISTANCE,FOOD PANTRY-Agency,BLUE RECEIPT-SHL,W-03-10013,127,0,0,0.0,127,BARROW,0.0,1/24/2024 15:05,1/24/2024 10:57,Price Code 1,CUSTOMER PICKUP,False,Sharing Floor Athens,01-SH,30680.0,Winder,"ASSORTED BEVERAGES, SHL",Beverages
917,172667,8899,C-161,Church at Pierce Rd.,476298,,FP/OP,FOOD PANTRY-Agency,BLUE RECEIPT-SHL,N-03-11790,10,0,0,0.0,130,BARROW,0.0,1/12/2024 9:39,1/12/2024 13:11,Price Code 1,CUSTOMER PICKUP,False,Food Bank of Northeast Georgia,01,30680.0,Winder,STARBUCKS DOUBLE SHOT ENERGY,Beverages
1038,181676,690,C-184,"Called to Serve Georgia, Inc",484280,,FP/OP/USDA,FOOD PANTRY-Agency,BLUE RECEIPT-SHL,W-03-10013,264,0,0,0.0,264,BARROW,0.0,5/31/2024 9:53,5/31/2024 9:59,Price Code 1,CUSTOMER PICKUP,False,Sharing Floor Athens,01-SH,30680.0,Winder,"ASSORTED BEVERAGES, SHL",Beverages
953,179498,8973,C-179,Crossview Church Food Pantry,FAIMPORT482111,,FP/GNAP/USDA,FOOD PANTRY-Agency,BLUE RECEIPT-SHL,MCC-16-10001,192,0,0,0.0,192,BARROW,0.0,4/22/2024 0:00,4/22/2024 0:00,Price Code 1,CUSTOMER PICKUP,False,Food Bank of Northeast Georgia,01,30548.0,Hoschton,"COOLER FOOD MISC., SHL RETAIL PICKUP",Food Misc.
863,178847,5938,A-148,Auburn First Baptist Church,481461,,FOOD PANTRY,FOOD PANTRY-Agency,BLUE RECEIPT-SHL,C-28-10001,427,0,0,12.81,427,BARROW,0.03,4/12/2024 8:05,4/12/2024 8:31,Price Code 1,CUSTOMER PICKUP,False,Sharing Floor Athens,01-SH,30011.0,Auburn,"PRODUCE, FRESH SHL",Mixed Produce
497,180867,5407,W-119,Winder Freelife Church,483473,,FP/OP/GNAP/USDA,FOOD PANTRY-Agency,BLUE RECEIPT-SHL,F-15-10000,46,0,0,8.28,46,BARROW,0.18,5/15/2024 14:38,5/15/2024 11:28,Price Code 1,CUSTOMER PICKUP,False,Sharing Floor Athens,01-SH,30680.0,Winder,"MEAT & SEAFOOD, FROZEN SHL",Proteins
781,180839,5407,R-130,"Richard C. Wilson Recovery Residence, INC",483445,,ON PREMISES (OP),REHAB-Agency,BLUE RECEIPT-SHL,F-15-10000,187,0,0,33.66,187,BARROW,0.18,5/15/2024 9:09,5/15/2024 8:31,Price Code 1,CUSTOMER PICKUP,False,Sharing Floor Athens,01-SH,30666.0,Statham,"MEAT & SEAFOOD, FROZEN SHL",Proteins
29,177776,8943,B-107,Barrow County Food Pantry,480395,,FOOD PANTRY,FOOD PANTRY-Agency,BLUE RECEIPT-SHL,C-28-90534,46,0,0,0.0,1932,BARROW,0.0,3/28/2024 7:00,3/28/2024 6:02,Price Code 1,TRACTOR TRAILER 1 MOBILE PANTRY,False,Food Bank of Northeast Georgia,01,30680.0,Winder,"SWEET POTATO, SHL",Potatoes
29,182924,8972,B-107,Barrow County Food Pantry,FAIMPORT485525,,FOOD PANTRY,FOOD PANTRY-Agency,BLUE RECEIPT-SHL,MCF-15-10000,227,0,0,0.0,227,BARROW,0.0,6/21/2024 0:00,6/21/2024 0:00,Price Code 1,CUSTOMER PICKUP,False,Food Bank of Northeast Georgia,01,30680.0,Winder,"FROZEN MEAT & SEAFOOD, SHL RETAIL PICKUP",Proteins
953,181307,8972,C-179,Crossview Church Food Pantry,FAIMPORT483911,,FP/GNAP/USDA,FOOD PANTRY-Agency,BLUE RECEIPT-SHL,MCF-15-10000,382,0,0,0.0,382,BARROW,0.0,5/20/2024 0:00,5/20/2024 0:00,Price Code 1,CUSTOMER PICKUP,False,Food Bank of Northeast Georgia,01,30548.0,Hoschton,"FROZEN MEAT & SEAFOOD, SHL RETAIL PICKUP",Proteins
172,179210,7167,P-104,Project Adam Community Asst Ct,481823,,ON PREMISES (OP),REHAB-Agency,BLUE RECEIPT-SHL,N-03-11200,4,0,0,0.0,40,BARROW,0.0,4/22/2024 13:41,4/22/2024 10:53,Price Code 1,CUSTOMER PICKUP,False,Food Bank of Northeast Georgia,01,30680.0,Winder,DR PEPPER ZERO SUGAR,Beverages
172,172725,875,P-104,Project Adam Community Asst Ct,476356,,ON PREMISES (OP),REHAB-Agency,BLUE RECEIPT-SHL,W-04-10000,49,0,0,0.0,49,BARROW,0.0,1/8/2024 13:41,1/8/2024 11:13,Price Code 1,CUSTOMER PICKUP,False,Sharing Floor Athens,01-SH,30680.0,Winder,"BREAD & BAKERY, ASSORTED SHL",Grains
600,180692,7061,S-140,SYTGE (Seeing You Through God's Eyes) Outreach Ministry,483298,,FOOD PANTRY,FOOD PANTRY-Agency,USDA,C-50-10021,1,0,0,1.26,42,BARROW,0.03,5/16/2024 9:45,5/16/2024 10:46,Price Code 1,CUSTOMER PICKUP,False,Food Bank of Northeast Georgia,01,30680.0,Winder,USDA FRESH ORANGES,Fruits
29,173390,2960,B-107,Barrow County Food Pantry,477019,,FOOD PANTRY,FOOD PANTRY-Agency,USDA,N-50-10247,25,0,0,0.0,900,BARROW,0.0,1/25/2024 7:00,1/25/2024 6:23,Price Code 1,TRACTOR TRAILER 1 MOBILE PANTRY,False,Food Bank of Northeast Georgia,01,30680.0,Winder,USDA BEEF STEW POUCHES CCC,Prepared Meals
867,173112,8720,Y-108,YMCA of GA's Piedmont- Barrow County,476742,,FP/OP/GNAP/USDA,AT-RISK YOUTH-Agency,USDA,N-50-10305,8,0,0,20.16,112,BARROW,0.18,1/19/2024 14:13,1/19/2024 10:22,Price Code 1,CUSTOMER PICKUP,False,Food Bank of Northeast Georgia,01,30680.0,Winder,USDA MIXED VegetablesCCC,Vegetables
867,176025,8915,Y-108,YMCA of GA's Piedmont- Barrow County,478653,,FP/OP/GNAP/USDA,AT-RISK YOUTH-Agency,USDA,F-50-90474,2,0,0,8.0,80,BARROW,0.1,2/27/2024 14:18,2/28/2024 15:06,Price Code 1,CUSTOMER PICKUP,False,Food Bank of Northeast Georgia,01,30680.0,Winder,USDA PACIFIC SALAD SHRIMP,Proteins
479,179932,7152,W-118,Winder Wesleyan Church,482542,,FP/OP,FOOD PANTRY-Agency,GNAP,N-40-10233,1,0,0,0.0,16,BARROW,0.0,5/9/2024 10:00,5/14/2024 9:47,Price Code 1,CUSTOMER PICKUP,False,Food Bank of Northeast Georgia,01,30680.0,Winder,GNAP GRAPE JELLY,Food Misc.
172,172725,5407,P-104,Project Adam Community Asst Ct,476356,,ON PREMISES (OP),REHAB-Agency,BLUE RECEIPT-SHL,F-15-10000,31,0,0,5.58,31,BARROW,0.18,1/8/2024 13:41,1/8/2024 11:13,Price Code 1,CUSTOMER PICKUP,False,Sharing Floor Athens,01-SH,30680.0,Winder,"MEAT & SEAFOOD, FROZEN SHL",Proteins
1040,181389,8846,H-159,Hills Temple FBH Church,483993,,FP/OP/GNAP/USDA,FB DIRECT ASSISTANCE-Agency,BLUE RECEIPT-SHL,N-03-11774,5,0,0,0.0,115,BARROW,0.0,6/4/2024 8:30,6/4/2024 13:51,Price Code 1,CUSTOMER PICKUP,False,Food Bank of Northeast Georgia,01,30680.0,Winder,PURE LEAF UNSWEETENED TEA,Beverages
682,176359,690,C-170,Christ The King Ghana Methodist,478984,,DIRECT ASSISTANCE,FOOD PANTRY-Agency,BLUE RECEIPT-SHL,W-03-10013,380,0,0,0.0,380,BARROW,0.0,2/28/2024 15:05,2/28/2024 10:56,Price Code 1,CUSTOMER PICKUP,False,Sharing Floor Athens,01-SH,30680.0,Winder,"ASSORTED BEVERAGES, SHL",Beverages
781,178656,683,R-130,"Richard C. Wilson Recovery Residence, INC",481272,,ON PREMISES (OP),REHAB-Agency,BLUE RECEIPT-SHL,W-16-10001,36,0,0,6.48,36,BARROW,0.18,4/10/2024 9:09,4/10/2024 9:37,Price Code 1,CUSTOMER PICKUP,False,Sharing Floor Athens,01-SH,30666.0,Statham,MISC. FOOD BOX SHL,Food Misc.
867,178008,3204,Y-108,YMCA of GA's Piedmont- Barrow County,480627,,FP/OP/GNAP/USDA,AT-RISK YOUTH-Agency,GNAP,N-40-10217,1,0,0,0.0,9,BARROW,0.0,4/5/2024 10:00,4/5/2024 10:01,Price Code 1,CUSTOMER PICKUP,False,Food Bank of Northeast Georgia,01,30680.0,Winder,GNAP CANNED HAM,Proteins
1040,178956,5938,H-159,Hills Temple FBH Church,481570,,FP/OP/GNAP/USDA,FB DIRECT ASSISTANCE-Agency,BLUE RECEIPT-SHL,C-28-10001,199,0,0,5.97,199,BARROW,0.03,4/15/2024 9:29,4/15/2024 9:42,Price Code 1,CUSTOMER PICKUP,False,Sharing Floor Athens,01-SH,30680.0,Winder,"PRODUCE, FRESH SHL",Mixed Produce
497,181441,683,W-119,Winder Freelife Church,484045,,FP/OP/GNAP/USDA,FOOD PANTRY-Agency,BLUE RECEIPT-SHL,W-16-10001,70,0,0,12.6,70,BARROW,0.18,5/28/2024 14:38,5/28/2024 10:43,Price Code 1,CUSTOMER PICKUP,False,Sharing Floor Athens,01-SH,30680.0,Winder,MISC. FOOD BOX SHL,Food Misc.
863,182009,5407,A-148,Auburn First Baptist Church,484613,,FOOD PANTRY,FOOD PANTRY-Agency,BLUE RECEIPT-SHL,F-15-10000,72,0,0,12.96,72,BARROW,0.18,6/7/2024 8:05,6/7/2024 8:22,Price Code 1,CUSTOMER PICKUP,False,Sharing Floor Athens,01-SH,30011.0,Auburn,"MEAT & SEAFOOD, FROZEN SHL",Proteins
1040,179738,875,H-159,Hills Temple FBH Church,482351,,FP/OP/GNAP/USDA,FB DIRECT ASSISTANCE-Agency,BLUE RECEIPT-SHL,W-04-10000,52,0,0,0.0,52,BARROW,0.0,4/29/2024 9:21,4/29/2024 9:23,Price Code 1,CUSTOMER PICKUP,False,Sharing Floor Athens,01-SH,30680.0,Winder,"BREAD & BAKERY, ASSORTED SHL",Grains
497,176623,5958,W-119,Winder Freelife Church,479246,,FP/OP/GNAP/USDA,FOOD PANTRY-Agency,BLUE RECEIPT-SHL,C-16-10001,39,0,0,7.02,39,BARROW,0.18,3/4/2024 14:38,3/4/2024 11:36,Price Code 1,CUSTOMER PICKUP,False,Sharing Floor Athens,01-SH,30680.0,Winder,"COOLER FOOD, MISC. SHL",Food Misc.
29,178713,8986,B-107,Barrow County Food Pantry,FAIMPORT481327,,FOOD PANTRY,FOOD PANTRY-Agency,BLUE RECEIPT-SHL,MCW-01-10001,39,0,0,0.0,39,BARROW,0.0,4/8/2024 0:00,4/8/2024 0:00,Price Code 1,CUSTOMER PICKUP,False,Food Bank of Northeast Georgia,01,30680.0,Winder,"NON-FOOD ITEMS, SHL RETAIL PICKUPS",Non-Food Misc.
781,175670,5407,R-130,"Richard C. Wilson Recovery Residence, INC",478298,,ON PREMISES (OP),REHAB-Agency,BLUE RECEIPT-SHL,F-15-10000,179,0,0,32.22,179,BARROW,0.18,2/15/2024 9:09,2/15/2024 8:32,Price Code 1,CUSTOMER PICKUP,False,Sharing Floor Athens,01-SH,30666.0,Statham,"MEAT & SEAFOOD, FROZEN SHL",Proteins
867,179309,84,Y-108,YMCA of GA's Piedmont- Barrow County,481922,,FP/OP/GNAP/USDA,AT-RISK YOUTH-Agency,USDA,N-50-10006,6,0,0,29.16,162,BARROW,0.18,4/24/2024 14:18,4/24/2024 10:56,Price Code 1,CUSTOMER PICKUP,False,Food Bank of Northeast Georgia,01,30680.0,Winder,USDA GREEN BEANS,Vegetables
585,172713,170,F2K360BAR,F2K360 BARROW,476344,,FP/OP/GNAP/USDA,DIRECT ASSISTANCE-Agency,USDA,N-50-10007,4,0,0,0.0,112,BARROW,0.0,1/10/2024 9:00,1/10/2024 12:56,Price Code 1,TRUCK 1 MOBILE PANTRY,False,Food Bank of Northeast Georgia,01,30607.0,ATHENS,"USDA CORN, WHOLE KERNEL NO SALT",Vegetables
781,176344,690,R-130,"Richard C. Wilson Recovery Residence, INC",478969,,ON PREMISES (OP),REHAB-Agency,BLUE RECEIPT-SHL,W-03-10013,50,0,0,0.0,50,BARROW,0.0,2/28/2024 9:09,2/28/2024 8:41,Price Code 1,CUSTOMER PICKUP,False,Sharing Floor Athens,01-SH,30666.0,Statham,"ASSORTED BEVERAGES, SHL",Beverages
600,178699,8497,S-140,SYTGE (Seeing You Through God's Eyes) Outreach Ministry,481314,,FOOD PANTRY,FOOD PANTRY-Agency,USDA,C-50-10048,2,0,0,3.2,64,BARROW,0.05,4/18/2024 13:46,4/18/2024 10:44,Price Code 1,CUSTOMER PICKUP,False,Food Bank of Northeast Georgia,01,30680.0,Winder,USDA MANDARIN ORANGES,Fruits
497,180298,4737,W-119,Winder Freelife Church,482904,,FP/OP/GNAP/USDA,FOOD PANTRY-Agency,USDA,F-50-90456,1,0,0,7.2,40,BARROW,0.18,5/15/2024 10:45,5/15/2024 10:50,Price Code 1,CUSTOMER PICKUP,False,Food Bank of Northeast Georgia,01,30680.0,Winder,USDA PORK PATTY,Proteins
682,177638,5407,C-170,Christ The King Ghana Methodist,480258,,DIRECT ASSISTANCE,FOOD PANTRY-Agency,BLUE RECEIPT-SHL,F-15-10000,182,0,0,32.76,182,BARROW,0.18,3/20/2024 15:05,3/20/2024 10:27,Price Code 1,CUSTOMER PICKUP,False,Sharing Floor Athens,01-SH,30680.0,Winder,"MEAT & SEAFOOD, FROZEN SHL",Proteins
1013,178003,4327,S-143,"Spirit Of Sharing, INC",480622,,FP/GNAP/USDA,FOOD PANTRY-Agency,USDA,N-50-10277,13,0,0,0.0,351,BARROW,0.0,4/3/2024 9:00,4/5/2024 13:52,Price Code 1,TRUCK 1 MOBILE PANTRY,False,Food Bank of Northeast Georgia,01,30680.0,Winder,USDA GARBANZO BEANS,Proteins
781,176002,683,R-130,"Richard C. Wilson Recovery Residence, INC",478630,,ON PREMISES (OP),REHAB-Agency,BLUE RECEIPT-SHL,W-16-10001,14,0,0,2.52,14,BARROW,0.18,2/22/2024 9:09,2/22/2024 8:33,Price Code 1,CUSTOMER PICKUP,False,Sharing Floor Athens,01-SH,30666.0,Statham,MISC. FOOD BOX SHL,Food Misc.
917,172307,8900,C-161,Church at Pierce Rd.,475938,,FP/OP,FOOD PANTRY-Agency,BLUE RECEIPT-SHL,N-03-11791,2,0,0,0.0,54,BARROW,0.0,1/5/2024 9:39,1/5/2024 14:36,Price Code 1,CUSTOMER PICKUP,False,Food Bank of Northeast Georgia,01,30680.0,Winder,GATORADE G2 GRAPE 15 COUNT,Beverages
781,176598,5407,R-130,"Richard C. Wilson Recovery Residence, INC",479222,,ON PREMISES (OP),REHAB-Agency,BLUE RECEIPT-SHL,F-15-10000,90,0,0,16.2,90,BARROW,0.18,3/4/2024 9:09,3/4/2024 8:38,Price Code 1,CUSTOMER PICKUP,False,Sharing Floor Athens,01-SH,30666.0,Statham,"MEAT & SEAFOOD, FROZEN SHL",Proteins
29,182923,8972,B-107,Barrow County Food Pantry,FAIMPORT485524,,FOOD PANTRY,FOOD PANTRY-Agency,BLUE RECEIPT-SHL,MCF-15-10000,185,0,0,0.0,185,BARROW,0.0,6/17/2024 0:00,6/17/2024 0:00,Price Code 1,CUSTOMER PICKUP,False,Food Bank of Northeast Georgia,01,30680.0,Winder,"FROZEN MEAT & SEAFOOD, SHL RETAIL PICKUP",Proteins
682,176359,683,C-170,Christ The King Ghana Methodist,478984,,DIRECT ASSISTANCE,FOOD PANTRY-Agency,BLUE RECEIPT-SHL,W-16-10001,145,0,0,0.0,145,BARROW,0.0,2/28/2024 15:05,2/28/2024 10:56,Price Code 1,CUSTOMER PICKUP,False,Sharing Floor Athens,01-SH,30680.0,Winder,MISC. FOOD BOX SHL,Food Misc.
953,180002,8973,C-179,Crossview Church Food Pantry,FAIMPORT482610,,FP/GNAP/USDA,FOOD PANTRY-Agency,BLUE RECEIPT-SHL,MCC-16-10001,90,0,0,0.0,90,BARROW,0.0,5/1/2024 0:00,5/1/2024 0:00,Price Code 1,CUSTOMER PICKUP,False,Food Bank of Northeast Georgia,01,30548.0,Hoschton,"COOLER FOOD MISC., SHL RETAIL PICKUP",Food Misc.
917,172667,8790,C-161,Church at Pierce Rd.,476298,,FP/OP,FOOD PANTRY-Agency,BLUE RECEIPT-SHL,N-03-11758,2,0,0,0.0,26,BARROW,0.0,1/12/2024 9:39,1/12/2024 13:11,Price Code 1,CUSTOMER PICKUP,False,Food Bank of Northeast Georgia,01,30680.0,Winder,PROPEL LEMON,Beverages
867,179257,875,Y-108,YMCA of GA's Piedmont- Barrow County,481870,,FP/OP/GNAP/USDA,AT-RISK YOUTH-Agency,BLUE RECEIPT-SHL,W-04-10000,100,0,0,0.0,100,BARROW,0.0,4/19/2024 14:18,4/19/2024 10:33,Price Code 1,CUSTOMER PICKUP,False,Sharing Floor Athens,01-SH,30680.0,Winder,"BREAD & BAKERY, ASSORTED SHL",Grains
1040,177969,8915,H-159,Hills Temple FBH Church,480588,,FP/OP/GNAP/USDA,FB DIRECT ASSISTANCE-Agency,USDA,F-50-90474,4,0,0,16.0,160,BARROW,0.1,4/3/2024 8:12,4/3/2024 11:28,Price Code 1,CUSTOMER PICKUP,False,Food Bank of Northeast Georgia,01,30680.0,Winder,USDA PACIFIC SALAD SHRIMP,Proteins
917,175398,92,C-161,Church at Pierce Rd.,478027,,FP/OP,FOOD PANTRY-Agency,LOCAL - LL,W-01-10002,29,0,0,5.22,29,BARROW,0.18,2/9/2024 9:39,2/9/2024 9:46,Price Code 1,CUSTOMER PICKUP,False,Sharing Floor Athens,01-SH,30680.0,Winder,"ASSORTED NON-FOOD ITEMS, LL",Non-Food Misc.
600,180692,8873,S-140,SYTGE (Seeing You Through God's Eyes) Outreach Ministry,483298,,FOOD PANTRY,FOOD PANTRY-Agency,YELLOW RECEIPT - SHN,F-10-10001,2,0,0,0.18,6,BARROW,0.03,5/16/2024 9:45,5/16/2024 10:46,Price Code 1,CUSTOMER PICKUP,False,Food Bank of Northeast Georgia,01,30680.0,Winder,OUTSHINE STRAWBERRY BANANA SMOOTHIE CUBES,Beverages
867,173402,7082,Y-108,YMCA of GA's Piedmont- Barrow County,477031,,FP/OP/GNAP/USDA,AT-RISK YOUTH-Agency,USDA,C-50-10033,6,0,0,0.0,72,BARROW,0.0,1/25/2024 11:26,1/26/2024 10:32,Price Code 1,CUSTOMER PICKUP,False,Food Bank of Northeast Georgia,01,30680.0,Winder,USDA SHREDDED YELLOW CHEDDAR CHEESE CCC,Dairy
917,181999,9059,C-161,Church at Pierce Rd.,484603,,FP/OP,FOOD PANTRY-Agency,LOCAL - LL,F-16-90438,5,0,0,3.6,20,BARROW,0.18,6/21/2024 10:00,6/27/2024 7:38,Price Code 1,CUSTOMER PICKUP,False,Food Bank of Northeast Georgia,01,30680.0,Winder,OSCAR MAYER MAPLE SAUSAGE ROLLERS,Proteins
781,175982,8957,R-130,"Richard C. Wilson Recovery Residence, INC",478610,,ON PREMISES (OP),REHAB-Agency,YELLOW RECEIPT - SHN,N-25-11956,5,0,0,3.6,20,BARROW,0.18,2/26/2024 11:00,2/26/2024 13:44,Price Code 1,CUSTOMER PICKUP,False,Food Bank of Northeast Georgia,01,30666.0,Statham,HONEYMAID GRAHAM CRACKERS,Grains
682,178664,683,C-170,Christ The King Ghana Methodist,481280,,DIRECT ASSISTANCE,FOOD PANTRY-Agency,BLUE RECEIPT-SHL,W-16-10001,57,0,0,10.26,57,BARROW,0.18,4/10/2024 15:05,4/10/2024 10:48,Price Code 1,CUSTOMER PICKUP,False,Sharing Floor Athens,01-SH,30680.0,Winder,MISC. FOOD BOX SHL,Food Misc.
1040,181389,9077,H-159,Hills Temple FBH Church,483993,,FP/OP/GNAP/USDA,FB DIRECT ASSISTANCE-Agency,BLUE RECEIPT-SHL,N-03-11839,3,0,0,14.58,81,BARROW,0.18,6/4/2024 8:30,6/4/2024 13:51,Price Code 1,CUSTOMER PICKUP,False,Food Bank of Northeast Georgia,01,30680.0,Winder,MTN DEW 36 X 12 FL OZ,Beverages
781,175670,690,R-130,"Richard C. Wilson Recovery Residence, INC",478298,,ON PREMISES (OP),REHAB-Agency,BLUE RECEIPT-SHL,W-03-10013,215,0,0,0.0,215,BARROW,0.0,2/15/2024 9:09,2/15/2024 8:32,Price Code 1,CUSTOMER PICKUP,False,Sharing Floor Athens,01-SH,30666.0,Statham,"ASSORTED BEVERAGES, SHL",Beverages
917,178382,5407,C-161,Church at Pierce Rd.,480998,,FP/OP,FOOD PANTRY-Agency,BLUE RECEIPT-SHL,F-15-10000,129,0,0,23.22,129,BARROW,0.18,4/5/2024 9:39,4/5/2024 9:54,Price Code 1,CUSTOMER PICKUP,False,Sharing Floor Athens,01-SH,30680.0,Winder,"MEAT & SEAFOOD, FROZEN SHL",Proteins
29,181117,8783,B-107,Barrow County Food Pantry,483722,,FOOD PANTRY,FOOD PANTRY-Agency,USDA,N-50-10308,25,0,0,0.0,575,BARROW,0.0,5/23/2024 8:19,5/28/2024 7:55,Price Code 1,TRACTOR TRAILER 1 MOBILE PANTRY,False,Food Bank of Northeast Georgia,01,30680.0,Winder,USDA RAISINS,Fruits
1038,179717,1047,C-184,"Called to Serve Georgia, Inc",482330,,FP/OP/USDA,FOOD PANTRY-Agency,USDA,N-50-10041,5,0,0,44.1,245,BARROW,0.18,5/3/2024 13:58,5/3/2024 14:07,Price Code 1,CUSTOMER PICKUP,False,Food Bank of Northeast Georgia,01,30680.0,Winder,USDA RICE,Grains
781,172467,50,R-130,"Richard C. Wilson Recovery Residence, INC",476098,,ON PREMISES (OP),REHAB-Agency,LOCAL - LL,W-16-10002,137,0,0,24.66,137,BARROW,0.18,1/3/2024 9:09,1/3/2024 10:30,Price Code 1,CUSTOMER PICKUP,False,Sharing Floor Athens,01-SH,30666.0,Statham,MISC. FOOD BOX LL,Food Misc.
917,181408,9059,C-161,Church at Pierce Rd.,484012,,FP/OP,FOOD PANTRY-Agency,LOCAL - LL,F-16-90438,5,0,0,3.6,20,BARROW,0.18,5/31/2024 9:00,5/31/2024 10:37,Price Code 1,CUSTOMER PICKUP,False,Food Bank of Northeast Georgia,01,30680.0,Winder,OSCAR MAYER MAPLE SAUSAGE ROLLERS,Proteins
585,172713,8903,F2K360BAR,F2K360 BARROW,476344,,FP/OP/GNAP/USDA,DIRECT ASSISTANCE-Agency,YELLOW RECEIPT - SHN,N-16-10181,5,0,0,0.0,25,BARROW,0.0,1/10/2024 9:00,1/10/2024 12:56,Price Code 1,TRUCK 1 MOBILE PANTRY,False,Food Bank of Northeast Georgia,01,30607.0,ATHENS,STOVE TOP STUFFING - TURKEY/CHICKEN/CORNBREAD,Prepared Meals
497,176623,5407,W-119,Winder Freelife Church,479246,,FP/OP/GNAP/USDA,FOOD PANTRY-Agency,BLUE RECEIPT-SHL,F-15-10000,26,0,0,0.0,26,BARROW,0.0,3/4/2024 14:38,3/4/2024 11:36,Price Code 1,CUSTOMER PICKUP,False,Sharing Floor Athens,01-SH,30680.0,Winder,"MEAT & SEAFOOD, FROZEN SHL",Proteins
1040,177969,8907,H-159,Hills Temple FBH Church,480588,,FP/OP/GNAP/USDA,FB DIRECT ASSISTANCE-Agency,GNAP,N-40-10267,4,0,0,0.0,52,BARROW,0.0,4/3/2024 8:12,4/3/2024 11:28,Price Code 1,CUSTOMER PICKUP,False,Food Bank of Northeast Georgia,01,30680.0,Winder,GNAP SPAGHETTI W/ MEATBALLS,Prepared Meals
867,179309,842,Y-108,YMCA of GA's Piedmont- Barrow County,481922,,FP/OP/GNAP/USDA,AT-RISK YOUTH-Agency,USDA,N-50-10021,6,0,0,29.16,162,BARROW,0.18,4/24/2024 14:18,4/24/2024 10:56,Price Code 1,CUSTOMER PICKUP,False,Food Bank of Northeast Georgia,01,30680.0,Winder,USDA DICED TOMATOES NO SALT CCC,Vegetables
917,175741,875,C-161,Church at Pierce Rd.,478369,,FP/OP,FOOD PANTRY-Agency,BLUE RECEIPT-SHL,W-04-10000,45,0,0,0.0,45,BARROW,0.0,2/16/2024 9:39,2/16/2024 10:08,Price Code 1,CUSTOMER PICKUP,False,Sharing Floor Athens,01-SH,30680.0,Winder,"BREAD & BAKERY, ASSORTED SHL",Grains
1013,181770,2202,S-143,"Spirit Of Sharing, INC",484374,,FP/GNAP/USDA,FOOD PANTRY-Agency,USDA,N-50-10240,15,0,0,0.0,330,BARROW,0.0,6/5/2024 9:00,6/5/2024 13:08,Price Code 1,TRUCK 1 MOBILE PANTRY,False,Food Bank of Northeast Georgia,01,30680.0,Winder,USDA SPAGHETTI,Grains
497,181441,5958,W-119,Winder Freelife Church,484045,,FP/OP/GNAP/USDA,FOOD PANTRY-Agency,BLUE RECEIPT-SHL,C-16-10001,13,0,0,2.34,13,BARROW,0.18,5/28/2024 14:38,5/28/2024 10:43,Price Code 1,CUSTOMER PICKUP,False,Sharing Floor Athens,01-SH,30680.0,Winder,"COOLER FOOD, MISC. SHL",Food Misc.
682,182025,5938,C-170,Christ The King Ghana Methodist,484629,,DIRECT ASSISTANCE,FOOD PANTRY-Agency,BLUE RECEIPT-SHL,C-28-10001,16,0,0,0.0,16,BARROW,0.0,6/7/2024 15:05,6/7/2024 11:03,Price Code 1,CUSTOMER PICKUP,False,Sharing Floor Athens,01-SH,30680.0,Winder,"PRODUCE, FRESH SHL",Mixed Produce
1040,179364,1045,H-159,Hills Temple FBH Church,481977,,FP/OP/GNAP/USDA,FB DIRECT ASSISTANCE-Agency,BLUE RECEIPT-SHL,W-25-10009,73,0,0,13.14,73,BARROW,0.18,4/22/2024 9:48,4/22/2024 9:52,Price Code 1,CUSTOMER PICKUP,False,Sharing Floor Athens,01-SH,30680.0,Winder,"ASSORTED SNACK ITEMS, SHL",Food Misc.
1040,180109,6780,H-159,Hills Temple FBH Church,482717,,FP/OP/GNAP/USDA,FB DIRECT ASSISTANCE-Agency,USDA,C-50-10024,5,0,0,0.0,215,BARROW,0.0,5/7/2024 8:45,5/7/2024 10:58,Price Code 1,CUSTOMER PICKUP,False,Food Bank of Northeast Georgia,01,30680.0,Winder,USDA APPLES,Fruits
1040,178956,1045,H-159,Hills Temple FBH Church,481570,,FP/OP/GNAP/USDA,FB DIRECT ASSISTANCE-Agency,BLUE RECEIPT-SHL,W-25-10009,16,0,0,2.88,16,BARROW,0.18,4/15/2024 9:29,4/15/2024 9:42,Price Code 1,CUSTOMER PICKUP,False,Sharing Floor Athens,01-SH,30680.0,Winder,"ASSORTED SNACK ITEMS, SHL",Food Misc.
867,176025,2960,Y-108,YMCA of GA's Piedmont- Barrow County,478653,,FP/OP/GNAP/USDA,AT-RISK YOUTH-Agency,USDA,N-50-10247,2,0,0,12.96,72,BARROW,0.18,2/27/2024 14:18,2/28/2024 15:06,Price Code 1,CUSTOMER PICKUP,False,Food Bank of Northeast Georgia,01,30680.0,Winder,USDA BEEF STEW POUCHES CCC,Prepared Meals
864,180325,5958,W-124,Winder Church of God of Prophecy,482931,,FP/OP,FOOD PANTRY-Agency,BLUE RECEIPT-SHL,C-16-10001,7,0,0,1.26,7,BARROW,0.18,5/7/2024 12:22,5/7/2024 8:31,Price Code 1,CUSTOMER PICKUP,False,Sharing Floor Athens,01-SH,30680.0,Winder,"COOLER FOOD, MISC. SHL",Food Misc.
781,175982,8955,R-130,"Richard C. Wilson Recovery Residence, INC",478610,,ON PREMISES (OP),REHAB-Agency,BLUE RECEIPT-SHL,N-03-11816,1,0,0,0.0,40,BARROW,0.0,2/26/2024 11:00,2/26/2024 13:44,Price Code 1,CUSTOMER PICKUP,False,Food Bank of Northeast Georgia,01,30666.0,Statham,SCHWEPPES RASPBERRY GINGER ALE 2L,Beverages
864,176249,5407,W-124,Winder Church of God of Prophecy,478875,,FP/OP,FOOD PANTRY-Agency,BLUE RECEIPT-SHL,F-15-10000,13,0,0,2.34,13,BARROW,0.18,2/27/2024 12:22,2/27/2024 8:41,Price Code 1,CUSTOMER PICKUP,False,Sharing Floor Athens,01-SH,30680.0,Winder,"MEAT & SEAFOOD, FROZEN SHL",Proteins
917,177355,5407,C-161,Church at Pierce Rd.,479975,,FP/OP,FOOD PANTRY-Agency,BLUE RECEIPT-SHL,F-15-10000,72,0,0,12.96,72,BARROW,0.18,3/15/2024 9:39,3/15/2024 10:02,Price Code 1,CUSTOMER PICKUP,False,Sharing Floor Athens,01-SH,30680.0,Winder,"MEAT & SEAFOOD, FROZEN SHL",Proteins
953,173344,7246,C-179,Crossview Church Food Pantry,476973,,FP/GNAP/USDA,FOOD PANTRY-Agency,GNAP,N-40-10245,10,0,0,22.0,220,BARROW,0.1,1/24/2024 9:44,1/29/2024 11:55,Price Code 1,CONTACT FOR DELIVERY,False,Food Bank of Northeast Georgia,01,30548.0,Hoschton,GNAP TRADITIONAL PASTA SAUCE,Vegetables
1040,177969,4448,H-159,Hills Temple FBH Church,480588,,FP/OP/GNAP/USDA,FB DIRECT ASSISTANCE-Agency,USDA,F-50-90446,2,0,0,0.0,56,BARROW,0.0,4/3/2024 8:12,4/3/2024 11:28,Price Code 1,CUSTOMER PICKUP,False,Food Bank of Northeast Georgia,01,30680.0,Winder,USDA FROZEN STRAWBERRY FRUIT CUPS,Fruits
29,182517,8714,B-107,Barrow County Food Pantry,485120,,FOOD PANTRY,FOOD PANTRY-Agency,USDA,N-50-10303,50,0,0,0.0,1200,BARROW,0.0,6/27/2024 7:00,6/27/2024 9:27,Price Code 1,TRACTOR TRAILER 1 MOBILE PANTRY,False,Food Bank of Northeast Georgia,01,30680.0,Winder,USDA GREEN SPLIT PEAS,Proteins
497,173513,8720,W-119,Winder Freelife Church,477142,,FP/OP/GNAP/USDA,FOOD PANTRY-Agency,USDA,N-50-10305,2,0,0,5.04,28,BARROW,0.18,2/7/2024 11:00,2/7/2024 10:45,Price Code 1,CUSTOMER PICKUP,False,Food Bank of Northeast Georgia,01,30680.0,Winder,USDA MIXED VegetablesCCC,Vegetables
864,182537,875,W-124,Winder Church of God of Prophecy,485140,,FP/OP,FOOD PANTRY-Agency,BLUE RECEIPT-SHL,W-04-10000,29,0,0,0.0,29,BARROW,0.0,6/25/2024 12:22,6/25/2024 8:19,Price Code 1,CUSTOMER PICKUP,False,Sharing Floor Athens,01-SH,30680.0,Winder,"BREAD & BAKERY, ASSORTED SHL",Grains
172,178327,9003,P-104,Project Adam Community Asst Ct,480943,,ON PREMISES (OP),REHAB-Agency,BLUE RECEIPT-SHL,N-03-11822,6,0,0,0.0,180,BARROW,0.0,4/9/2024 13:41,4/15/2024 10:14,Price Code 1,CUSTOMER PICKUP,False,Food Bank of Northeast Georgia,01,30680.0,Winder,GATORADE FIT BLACKBERRY RASPBERRY,Beverages
172,182284,9111,P-104,Project Adam Community Asst Ct,484888,,ON PREMISES (OP),REHAB-Agency,LOCAL - LL,N-25-11979,10,0,0,9.162,51,BARROW,0.18,6/26/2024 8:00,6/26/2024 8:35,Price Code 1,CUSTOMER PICKUP,False,Food Bank of Northeast Georgia,01,30680.0,Winder,GEORGIA PEANUTS,Proteins
1013,178003,1521,S-143,"Spirit Of Sharing, INC",480622,,FP/GNAP/USDA,FOOD PANTRY-Agency,USDA,N-50-10104,25,0,0,0.0,625,BARROW,0.0,4/3/2024 9:00,4/5/2024 13:52,Price Code 1,TRUCK 1 MOBILE PANTRY,False,Food Bank of Northeast Georgia,01,30680.0,Winder,USDA LENTIL BEANS,Proteins
917,182016,5958,C-161,Church at Pierce Rd.,484620,,FP/OP,FOOD PANTRY-Agency,BLUE RECEIPT-SHL,C-16-10001,15,0,0,1.35,15,BARROW,0.09,6/7/2024 9:39,6/7/2024 9:46,Price Code 1,CUSTOMER PICKUP,False,Sharing Floor Athens,01-SH,30680.0,Winder,"COOLER FOOD, MISC. SHL",Food Misc.
863,178369,50,A-148,Auburn First Baptist Church,480985,,FOOD PANTRY,FOOD PANTRY-Agency,LOCAL - LL,W-16-10002,86,0,0,0.0,86,BARROW,0.0,4/5/2024 8:05,4/5/2024 8:26,Price Code 1,CUSTOMER PICKUP,False,Sharing Floor Athens,01-SH,30011.0,Auburn,MISC. FOOD BOX LL,Food Misc.
682,178664,1045,C-170,Christ The King Ghana Methodist,481280,,DIRECT ASSISTANCE,FOOD PANTRY-Agency,BLUE RECEIPT-SHL,W-25-10009,72,0,0,12.96,72,BARROW,0.18,4/10/2024 15:05,4/10/2024 10:48,Price Code 1,CUSTOMER PICKUP,False,Sharing Floor Athens,01-SH,30680.0,Winder,"ASSORTED SNACK ITEMS, SHL",Food Misc.
29,173390,3868,B-107,Barrow County Food Pantry,477019,,FOOD PANTRY,FOOD PANTRY-Agency,USDA,N-50-10267,60,0,0,0.0,2400,BARROW,0.0,1/25/2024 7:00,1/25/2024 6:23,Price Code 1,TRACTOR TRAILER 1 MOBILE PANTRY,False,Food Bank of Northeast Georgia,01,30680.0,Winder,USDA ALL PURPOSE FLOUR,Grains
867,173402,3943,Y-108,YMCA of GA's Piedmont- Barrow County,477031,,FP/OP/GNAP/USDA,AT-RISK YOUTH-Agency,USDA,N-50-10268,5,0,0,5.7,190,BARROW,0.03,1/25/2024 11:26,1/26/2024 10:32,Price Code 1,CUSTOMER PICKUP,False,Food Bank of Northeast Georgia,01,30680.0,Winder,USDA APPLE JUICE,Beverages
576,180247,9042,F2KBARROW,Food 2 Kids Barrow County,482853,,DIRECT ASSISTANCE,DIRECT ASSISTANCE-Agency,GNAP,F-40-90059,11,0,0,0.0,264,BARROW,0.0,5/8/2024 9:00,5/9/2024 9:40,Price Code 1,TRUCK 1 MOBILE PANTRY,False,Food Bank of Northeast Georgia,01,,Athens,GNAP GROUND TURKEY CHUB 85/15,Proteins
953,177720,8903,C-179,Crossview Church Food Pantry,480339,,FP/GNAP/USDA,FOOD PANTRY-Agency,YELLOW RECEIPT - SHN,N-16-10181,4,0,0,3.6,20,BARROW,0.18,3/27/2024 10:50,3/27/2024 9:26,Price Code 1,CONTACT FOR DELIVERY,False,Food Bank of Northeast Georgia,01,30548.0,Hoschton,STOVE TOP STUFFING - TURKEY/CHICKEN/CORNBREAD,Prepared Meals
953,178430,8971,C-179,Crossview Church Food Pantry,FAIMPORT481046,,FP/GNAP/USDA,FOOD PANTRY-Agency,BLUE RECEIPT-SHL,MCF-16-10001,174,0,0,0.0,174,BARROW,0.0,4/3/2024 0:00,4/3/2024 0:00,Price Code 1,CUSTOMER PICKUP,False,Food Bank of Northeast Georgia,01,30548.0,Hoschton,"FROZEN FOODS, MISC SHL RETAIL PICKUP",Food Misc.
1040,180765,7151,H-159,Hills Temple FBH Church,483371,,FP/OP/GNAP/USDA,FB DIRECT ASSISTANCE-Agency,GNAP,N-40-10232,6,0,0,0.0,60,BARROW,0.0,5/17/2024 9:15,5/17/2024 10:44,Price Code 1,CUSTOMER PICKUP,False,Food Bank of Northeast Georgia,01,30680.0,Winder,GNAP STROGANOFF DINNER POUCH,Prepared Meals
172,180704,5772,P-104,Project Adam Community Asst Ct,483310,,ON PREMISES (OP),REHAB-Agency,LOCAL - LL,C-28-10000,12,0,0,0.36,12,BARROW,0.03,5/13/2024 13:41,5/13/2024 10:26,Price Code 1,CUSTOMER PICKUP,False,Sharing Floor Athens,01-SH,30680.0,Winder,"PRODUCE, FRESH LL",Mixed Produce
576,173797,8918,F2KBARROW,Food 2 Kids Barrow County,477426,,DIRECT ASSISTANCE,DIRECT ASSISTANCE-Agency,LOCAL - LL,N-25-11950,20,0,0,0.0,40,BARROW,0.0,2/14/2024 9:00,3/5/2024 13:20,Price Code 1,TRACTOR TRAILER 2 MOBILE PANTRY,False,Food Bank of Northeast Georgia,01,,Athens,GHIRARDELLI DARK CHOCOLATE,Food Misc.
1038,179717,4448,C-184,"Called to Serve Georgia, Inc",482330,,FP/OP/USDA,FOOD PANTRY-Agency,USDA,F-50-90446,5,0,0,0.0,140,BARROW,0.0,5/3/2024 13:58,5/3/2024 14:07,Price Code 1,CUSTOMER PICKUP,False,Food Bank of Northeast Georgia,01,30680.0,Winder,USDA FROZEN STRAWBERRY FRUIT CUPS,Fruits
781,172467,875,R-130,"Richard C. Wilson Recovery Residence, INC",476098,,ON PREMISES (OP),REHAB-Agency,BLUE RECEIPT-SHL,W-04-10000,30,0,0,0.0,30,BARROW,0.0,1/3/2024 9:09,1/3/2024 10:30,Price Code 1,CUSTOMER PICKUP,False,Sharing Floor Athens,01-SH,30666.0,Statham,"BREAD & BAKERY, ASSORTED SHL",Grains
863,175020,5407,A-148,Auburn First Baptist Church,477650,,FOOD PANTRY,FOOD PANTRY-Agency,BLUE RECEIPT-SHL,F-15-10000,85,0,0,15.3,85,BARROW,0.18,2/2/2024 8:05,2/2/2024 8:37,Price Code 1,CUSTOMER PICKUP,False,Sharing Floor Athens,01-SH,30011.0,Auburn,"MEAT & SEAFOOD, FROZEN SHL",Proteins
682,181190,688,C-170,Christ The King Ghana Methodist,483795,,DIRECT ASSISTANCE,FOOD PANTRY-Agency,BLUE RECEIPT-SHL,W-01-10000,5,0,0,0.0,5,BARROW,0.0,5/22/2024 15:05,5/22/2024 10:37,Price Code 1,CUSTOMER PICKUP,False,Sharing Floor Athens,01-SH,30680.0,Winder,"ASSORTED NON-FOOD ITEMS, SHL",Non-Food Misc.
867,180357,8783,Y-108,YMCA of GA's Piedmont- Barrow County,482963,,FP/OP/GNAP/USDA,AT-RISK YOUTH-Agency,USDA,N-50-10308,1,0,0,4.14,23,BARROW,0.18,5/17/2024 10:00,5/17/2024 10:45,Price Code 1,CUSTOMER PICKUP,False,Food Bank of Northeast Georgia,01,30680.0,Winder,USDA RAISINS,Fruits
867,176742,4715,Y-108,YMCA of GA's Piedmont- Barrow County,479365,,FP/OP/GNAP/USDA,AT-RISK YOUTH-Agency,USDA,F-50-90461,2,0,0,8.0,80,BARROW,0.1,3/11/2024 14:18,3/11/2024 15:01,Price Code 1,CUSTOMER PICKUP,False,Food Bank of Northeast Georgia,01,30680.0,Winder,USDA ALASKAN POLLACK FISH FILLETS,Proteins
953,180171,9014,C-179,Crossview Church Food Pantry,482777,,FP/GNAP/USDA,FOOD PANTRY-Agency,PURCH,N-27-10136,6,0,313,29.16,162,BARROW,0.18,5/8/2024 9:30,5/9/2024 9:19,Price Code 1,TRACTOR TRAILER 1,False,Food Bank of Northeast Georgia,01,30548.0,Hoschton,"GREEN BEANS, HARVEST VALLEY",Vegetables
600,175471,8916,S-140,SYTGE (Seeing You Through God's Eyes) Outreach Ministry,478100,,FOOD PANTRY,FOOD PANTRY-Agency,BLUE RECEIPT-SHL,N-03-11799,3,0,0,0.0,36,BARROW,0.0,2/15/2024 13:46,2/15/2024 10:15,Price Code 1,CUSTOMER PICKUP,False,Food Bank of Northeast Georgia,01,30680.0,Winder,MONSTER COLD BREW LATTE,Beverages
867,179309,1674,Y-108,YMCA of GA's Piedmont- Barrow County,481922,,FP/OP/GNAP/USDA,AT-RISK YOUTH-Agency,USDA,N-50-10073,2,0,0,9.72,54,BARROW,0.18,4/24/2024 14:18,4/24/2024 10:56,Price Code 1,CUSTOMER PICKUP,False,Food Bank of Northeast Georgia,01,30680.0,Winder,USDA TOMATO SAUCE,Vegetables
781,173772,8938,R-130,"Richard C. Wilson Recovery Residence, INC",477401,,ON PREMISES (OP),REHAB-Agency,YELLOW RECEIPT - SHN,N-03-11808,10,0,0,0.0,180,BARROW,0.0,2/2/2024 9:09,2/14/2024 13:17,Price Code 1,CUSTOMER PICKUP,False,Food Bank of Northeast Georgia,01,30666.0,Statham,GATORADE COOL BLUE ZERO SUGAR,Beverages
953,182368,8973,C-179,Crossview Church Food Pantry,FAIMPORT484972,,FP/GNAP/USDA,FOOD PANTRY-Agency,BLUE RECEIPT-SHL,MCC-16-10001,50,0,0,0.0,50,BARROW,0.0,6/17/2024 0:00,6/17/2024 0:00,Price Code 1,CUSTOMER PICKUP,False,Food Bank of Northeast Georgia,01,30548.0,Hoschton,"COOLER FOOD MISC., SHL RETAIL PICKUP",Food Misc.
1040,179364,8677,H-159,Hills Temple FBH Church,481977,,FP/OP/GNAP/USDA,FB DIRECT ASSISTANCE-Agency,LOCAL - LL,C-88-20000,56,0,0,0.0,56,BARROW,0.0,4/22/2024 9:48,4/22/2024 9:52,Price Code 1,CUSTOMER PICKUP,False,Sharing Floor Athens,01-SH,30680.0,Winder,"LFPA DAIRY, MISC",Dairy
1040,177969,7298,H-159,Hills Temple FBH Church,480588,,FP/OP/GNAP/USDA,FB DIRECT ASSISTANCE-Agency,GNAP,N-40-10248,9,0,0,0.0,126,BARROW,0.0,4/3/2024 8:12,4/3/2024 11:28,Price Code 1,CUSTOMER PICKUP,False,Food Bank of Northeast Georgia,01,30680.0,Winder,GNAP BAKING AND BISCUIT MIX,Grains
682,182025,696,C-170,Christ The King Ghana Methodist,484629,,DIRECT ASSISTANCE,FOOD PANTRY-Agency,LOCAL - LL,W-25-10000,37,0,0,0.0,37,BARROW,0.0,6/7/2024 15:05,6/7/2024 11:03,Price Code 1,CUSTOMER PICKUP,False,Sharing Floor Athens,01-SH,30680.0,Winder,"ASSORTED SNACK ITEMS, LL",Food Misc.
953,181596,7153,C-179,Crossview Church Food Pantry,484200,,FP/GNAP/USDA,FOOD PANTRY-Agency,GNAP,N-40-10234,5,0,0,0.0,65,BARROW,0.0,6/4/2024 11:00,6/13/2024 16:53,Price Code 1,TRUCK 1,False,Food Bank of Northeast Georgia,01,30548.0,Hoschton,GNAP BAKED BEANS,Proteins
29,181294,8974,B-107,Barrow County Food Pantry,FAIMPORT483899,,FOOD PANTRY,FOOD PANTRY-Agency,BLUE RECEIPT-SHL,MCW-04-10000,51,0,0,0.0,51,BARROW,0.0,5/21/2024 0:00,5/21/2024 0:00,Price Code 1,CUSTOMER PICKUP,False,Food Bank of Northeast Georgia,01,30680.0,Winder,"BREAD AND BAKERY, SHL RETAIL PICKUPS",Grains
29,182132,8970,B-107,Barrow County Food Pantry,FAIMPORT484736,,FOOD PANTRY,FOOD PANTRY-Agency,BLUE RECEIPT-SHL,MCW-16-10001,175,0,0,0.0,175,BARROW,0.0,6/11/2024 0:00,6/11/2024 0:00,Price Code 1,CUSTOMER PICKUP,False,Food Bank of Northeast Georgia,01,30680.0,Winder,"MISC. FOOD BOX, SHL RETAIL PICKUP",Food Misc.
953,178720,8975,C-179,Crossview Church Food Pantry,FAIMPORT481334,,FP/GNAP/USDA,FOOD PANTRY-Agency,BLUE RECEIPT-SHL,MCC-07-10001,18,0,0,0.0,18,BARROW,0.0,4/10/2024 0:00,4/10/2024 0:00,Price Code 1,CUSTOMER PICKUP,False,Food Bank of Northeast Georgia,01,30548.0,Hoschton,"DAIRY PRODUCTS, SHL RETAIL PICKUPS",Dairy
172,178116,8995,P-104,Project Adam Community Asst Ct,480735,,ON PREMISES (OP),REHAB-Agency,BLUE RECEIPT-SHL,N-21-10067,16,0,0,14.4,80,BARROW,0.18,4/8/2024 10:00,4/8/2024 10:29,Price Code 1,CUSTOMER PICKUP,False,Food Bank of Northeast Georgia,01,30680.0,Winder,"RAMEN, MARUCHAN SHRIMP",Prepared Meals
682,172861,5772,C-170,Christ The King Ghana Methodist,476492,,DIRECT ASSISTANCE,FOOD PANTRY-Agency,LOCAL - LL,C-28-10000,307,0,0,9.21,307,BARROW,0.03,1/10/2024 15:05,1/10/2024 11:01,Price Code 1,CUSTOMER PICKUP,False,Sharing Floor Athens,01-SH,30680.0,Winder,"PRODUCE, FRESH LL",Mixed Produce
1034,176082,1674,M-140BARROW,Barrow County MedLink Georgia,478709,,DIRECT ASSISTANCE,MOBILE PANTRY-Agency,USDA,N-50-10073,9,0,0,0.0,243,BARROW,0.0,3/1/2024 9:40,3/5/2024 6:34,Price Code 1,TRUCK 1 MOBILE PANTRY,False,Food Bank of Northeast Georgia,01,30628.0,Colbert,USDA TOMATO SAUCE,Vegetables
867,179737,9035,Y-108,YMCA of GA's Piedmont- Barrow County,482350,,FP/OP/GNAP/USDA,AT-RISK YOUTH-Agency,GNAP,N-40-10272,6,0,0,0.0,84,BARROW,0.0,5/3/2024 10:00,5/3/2024 10:51,Price Code 1,CUSTOMER PICKUP,False,Food Bank of Northeast Georgia,01,30680.0,Winder,GNAP MACARONI O'S W/ BEEF - EZ OPEN,Prepared Meals
917,175741,683,C-161,Church at Pierce Rd.,478369,,FP/OP,FOOD PANTRY-Agency,BLUE RECEIPT-SHL,W-16-10001,22,0,0,3.96,22,BARROW,0.18,2/16/2024 9:39,2/16/2024 10:08,Price Code 1,CUSTOMER PICKUP,False,Sharing Floor Athens,01-SH,30680.0,Winder,MISC. FOOD BOX SHL,Food Misc.
172,181768,683,P-104,Project Adam Community Asst Ct,484372,,ON PREMISES (OP),REHAB-Agency,BLUE RECEIPT-SHL,W-16-10001,51,0,0,9.18,51,BARROW,0.18,6/3/2024 13:41,6/3/2024 9:00,Price Code 1,CUSTOMER PICKUP,False,Sharing Floor Athens,01-SH,30680.0,Winder,MISC. FOOD BOX SHL,Food Misc.
1013,181770,170,S-143,"Spirit Of Sharing, INC",484374,,FP/GNAP/USDA,FOOD PANTRY-Agency,USDA,N-50-10007,13,0,0,0.0,364,BARROW,0.0,6/5/2024 9:00,6/5/2024 13:08,Price Code 1,TRUCK 1 MOBILE PANTRY,False,Food Bank of Northeast Georgia,01,30680.0,Winder,"USDA CORN, WHOLE KERNEL NO SALT",Vegetables
1040,180109,9045,H-159,Hills Temple FBH Church,482717,,FP/OP/GNAP/USDA,FB DIRECT ASSISTANCE-Agency,GNAP,N-40-10279,6,0,0,0.0,48,BARROW,0.0,5/7/2024 8:45,5/7/2024 10:58,Price Code 1,CUSTOMER PICKUP,False,Food Bank of Northeast Georgia,01,30680.0,Winder,"GNAP PASTA SIDE, CHEDDAR BROCCOLI",Prepared Meals
953,182571,8975,C-179,Crossview Church Food Pantry,FAIMPORT485174,,FP/GNAP/USDA,FOOD PANTRY-Agency,BLUE RECEIPT-SHL,MCC-07-10001,5,0,0,0.0,5,BARROW,0.0,6/24/2024 0:00,6/24/2024 0:00,Price Code 1,CUSTOMER PICKUP,False,Food Bank of Northeast Georgia,01,30548.0,Hoschton,"DAIRY PRODUCTS, SHL RETAIL PICKUPS",Dairy
953,175788,890,C-179,Crossview Church Food Pantry,478416,,FP/GNAP/USDA,FOOD PANTRY-Agency,GNAP,N-40-10001,3,0,0,0.0,81,BARROW,0.0,2/21/2024 15:00,2/21/2024 15:19,Price Code 1,CONTACT FOR DELIVERY,False,Food Bank of Northeast Georgia,01,30548.0,Hoschton,GNAP APPLE SAUCE,Fruits
953,182162,8994,C-179,Crossview Church Food Pantry,484766,,FP/GNAP/USDA,FOOD PANTRY-Agency,GNAP,N-40-10269,3,0,0,0.0,81,BARROW,0.0,6/24/2024 10:30,6/24/2024 13:15,Price Code 1,VAN 1,False,Food Bank of Northeast Georgia,01,30548.0,Hoschton,"GNAP GREEN BEANS, WHOLE",Vegetables
917,177355,875,C-161,Church at Pierce Rd.,479975,,FP/OP,FOOD PANTRY-Agency,BLUE RECEIPT-SHL,W-04-10000,54,0,0,0.0,54,BARROW,0.0,3/15/2024 9:39,3/15/2024 10:02,Price Code 1,CUSTOMER PICKUP,False,Sharing Floor Athens,01-SH,30680.0,Winder,"BREAD & BAKERY, ASSORTED SHL",Grains
917,182590,14,C-161,Church at Pierce Rd.,485193,,FP/OP,FOOD PANTRY-Agency,LOCAL - LL,W-04-10001,54,0,0,0.0,54,BARROW,0.0,6/26/2024 9:39,6/26/2024 10:37,Price Code 1,CUSTOMER PICKUP,False,Food Bank of Northeast Georgia,01,30680.0,Winder,"BREAD & BAKERY, ASSORTED LL",Grains
781,179078,5407,R-130,"Richard C. Wilson Recovery Residence, INC",481692,,ON PREMISES (OP),REHAB-Agency,BLUE RECEIPT-SHL,F-15-10000,45,0,0,8.1,45,BARROW,0.18,4/17/2024 9:09,4/17/2024 8:19,Price Code 1,CUSTOMER PICKUP,False,Sharing Floor Athens,01-SH,30666.0,Statham,"MEAT & SEAFOOD, FROZEN SHL",Proteins
1040,179738,683,H-159,Hills Temple FBH Church,482351,,FP/OP/GNAP/USDA,FB DIRECT ASSISTANCE-Agency,BLUE RECEIPT-SHL,W-16-10001,289,0,0,0.0,289,BARROW,0.0,4/29/2024 9:21,4/29/2024 9:23,Price Code 1,CUSTOMER PICKUP,False,Sharing Floor Athens,01-SH,30680.0,Winder,MISC. FOOD BOX SHL,Food Misc.
1009,178131,690,S-142,"SAY In Need, Inc",480750,,OP/USDA,FEED SITE-Agency,BLUE RECEIPT-SHL,W-03-10013,233,0,0,0.0,233,BARROW,0.0,4/2/2024 13:51,4/2/2024 14:03,Price Code 1,CUSTOMER PICKUP,False,Sharing Floor Athens,01-SH,30620.0,Bethlehem,"ASSORTED BEVERAGES, SHL",Beverages
1013,179765,1791,S-143,"Spirit Of Sharing, INC",482378,,FP/GNAP/USDA,FOOD PANTRY-Agency,USDA,N-50-10079,13,0,0,0.0,338,BARROW,0.0,5/1/2024 9:00,5/1/2024 10:21,Price Code 1,TRUCK 1 MOBILE PANTRY,False,Food Bank of Northeast Georgia,01,30680.0,Winder,USDA WALNUT HALVES AND PIECES,Proteins
600,173468,8919,S-140,SYTGE (Seeing You Through God's Eyes) Outreach Ministry,477097,,FOOD PANTRY,FOOD PANTRY-Agency,LOCAL - LL,N-25-11951,2,0,0,0.72,4,BARROW,0.18,2/15/2024 9:30,2/15/2024 10:15,Price Code 1,CUSTOMER PICKUP,False,Food Bank of Northeast Georgia,01,30680.0,Winder,GHIRARDELLI MILK CHOC CARAMEL,Food Misc.
867,176742,7298,Y-108,YMCA of GA's Piedmont- Barrow County,479365,,FP/OP/GNAP/USDA,AT-RISK YOUTH-Agency,GNAP,N-40-10248,3,0,0,0.0,42,BARROW,0.0,3/11/2024 14:18,3/11/2024 15:01,Price Code 1,CUSTOMER PICKUP,False,Food Bank of Northeast Georgia,01,30680.0,Winder,GNAP BAKING AND BISCUIT MIX,Grains
1013,175108,1481,S-143,"Spirit Of Sharing, INC",477738,,FP/GNAP/USDA,FOOD PANTRY-Agency,USDA,N-50-10105,38,0,0,0.0,646,BARROW,0.0,2/7/2024 9:00,2/14/2024 9:38,Price Code 1,TRUCK 1 MOBILE PANTRY,False,Food Bank of Northeast Georgia,01,30680.0,Winder,USDA DRIED CHERRIES CCC,Fruits
29,182517,3712,B-107,Barrow County Food Pantry,485120,,FOOD PANTRY,FOOD PANTRY-Agency,USDA,N-50-10266,25,0,0,0.0,675,BARROW,0.0,6/27/2024 7:00,6/27/2024 9:27,Price Code 1,TRACTOR TRAILER 1 MOBILE PANTRY,False,Food Bank of Northeast Georgia,01,30680.0,Winder,USDA CANNED PINTO BEANS,Proteins
863,175735,5407,A-148,Auburn First Baptist Church,478363,,FOOD PANTRY,FOOD PANTRY-Agency,BLUE RECEIPT-SHL,F-15-10000,162,0,0,0.0,162,BARROW,0.0,2/16/2024 8:05,2/16/2024 8:38,Price Code 1,CUSTOMER PICKUP,False,Sharing Floor Athens,01-SH,30011.0,Auburn,"MEAT & SEAFOOD, FROZEN SHL",Proteins
172,177469,5388,P-104,Project Adam Community Asst Ct,480089,,ON PREMISES (OP),REHAB-Agency,BLUE RECEIPT-SHL,F-16-10001,7,0,0,0.0,7,BARROW,0.0,3/18/2024 13:41,3/18/2024 9:40,Price Code 1,CUSTOMER PICKUP,False,Sharing Floor Athens,01-SH,30680.0,Winder,"ASSORTED FROZEN FOODS, SHL",Food Misc.
1013,176588,6692,S-143,"Spirit Of Sharing, INC",479212,,FP/GNAP/USDA,FOOD PANTRY-Agency,LOCAL - LL,C-28-90422,36,0,0,0.0,1800,BARROW,0.0,3/6/2024 9:00,3/6/2024 10:23,Price Code 1,TRUCK 1 MOBILE PANTRY,False,Food Bank of Northeast Georgia,01,30680.0,Winder,"APPLES, LL",Fruits
781,172467,1045,R-130,"Richard C. Wilson Recovery Residence, INC",476098,,ON PREMISES (OP),REHAB-Agency,BLUE RECEIPT-SHL,W-25-10009,54,0,0,9.72,54,BARROW,0.18,1/3/2024 9:09,1/3/2024 10:30,Price Code 1,CUSTOMER PICKUP,False,Sharing Floor Athens,01-SH,30666.0,Statham,"ASSORTED SNACK ITEMS, SHL",Food Misc.
867,175510,842,Y-108,YMCA of GA's Piedmont- Barrow County,478139,,FP/OP/GNAP/USDA,AT-RISK YOUTH-Agency,USDA,N-50-10021,5,0,0,24.3,135,BARROW,0.18,2/16/2024 10:00,2/16/2024 9:52,Price Code 1,CUSTOMER PICKUP,False,Food Bank of Northeast Georgia,01,30680.0,Winder,USDA DICED TOMATOES NO SALT CCC,Vegetables
867,178008,2573,Y-108,YMCA of GA's Piedmont- Barrow County,480627,,FP/OP/GNAP/USDA,AT-RISK YOUTH-Agency,GNAP,N-40-10204,1,0,0,0.0,19,BARROW,0.0,4/5/2024 10:00,4/5/2024 10:01,Price Code 1,CUSTOMER PICKUP,False,Food Bank of Northeast Georgia,01,30680.0,Winder,GNAP CHICKEN & RICE SOUP,Prepared Meals
682,176755,5407,C-170,Christ The King Ghana Methodist,479378,,DIRECT ASSISTANCE,FOOD PANTRY-Agency,BLUE RECEIPT-SHL,F-15-10000,86,0,0,15.48,86,BARROW,0.18,3/6/2024 15:05,3/6/2024 10:52,Price Code 1,CUSTOMER PICKUP,False,Sharing Floor Athens,01-SH,30680.0,Winder,"MEAT & SEAFOOD, FROZEN SHL",Proteins
864,178091,5407,W-124,Winder Church of God of Prophecy,480710,,FP/OP,FOOD PANTRY-Agency,BLUE RECEIPT-SHL,F-15-10000,13,0,0,2.34,13,BARROW,0.18,4/2/2024 12:22,4/2/2024 8:21,Price Code 1,CUSTOMER PICKUP,False,Sharing Floor Athens,01-SH,30680.0,Winder,"MEAT & SEAFOOD, FROZEN SHL",Proteins
172,181768,688,P-104,Project Adam Community Asst Ct,484372,,ON PREMISES (OP),REHAB-Agency,BLUE RECEIPT-SHL,W-01-10000,22,0,0,3.96,22,BARROW,0.18,6/3/2024 13:41,6/3/2024 9:00,Price Code 1,CUSTOMER PICKUP,False,Sharing Floor Athens,01-SH,30680.0,Winder,"ASSORTED NON-FOOD ITEMS, SHL",Non-Food Misc.
867,178476,2414,Y-108,YMCA of GA's Piedmont- Barrow County,481092,,FP/OP/GNAP/USDA,AT-RISK YOUTH-Agency,USDA,N-50-10244,3,0,0,19.44,108,BARROW,0.18,4/10/2024 14:18,4/10/2024 10:42,Price Code 1,CUSTOMER PICKUP,False,Food Bank of Northeast Georgia,01,30680.0,Winder,USDA CANNED BEEF CCC,Proteins
29,182517,7083,B-107,Barrow County Food Pantry,485120,,FOOD PANTRY,FOOD PANTRY-Agency,USDA,C-50-10029,276,0,0,0.0,3312,BARROW,0.0,6/27/2024 7:00,6/27/2024 9:27,Price Code 1,TRACTOR TRAILER 1 MOBILE PANTRY,False,Food Bank of Northeast Georgia,01,30680.0,Winder,"USDA MILD CHEDDAR CHEESE, BLOCK CCC",Dairy
600,175471,3776,S-140,SYTGE (Seeing You Through God's Eyes) Outreach Ministry,478100,,FOOD PANTRY,FOOD PANTRY-Agency,BLUE RECEIPT-SHL,N-03-11125,3,0,0,0.0,99,BARROW,0.0,2/15/2024 13:46,2/15/2024 10:15,Price Code 1,CUSTOMER PICKUP,False,Food Bank of Northeast Georgia,01,30680.0,Winder,PEPSI WILD CHERRY,Beverages
867,176742,890,Y-108,YMCA of GA's Piedmont- Barrow County,479365,,FP/OP/GNAP/USDA,AT-RISK YOUTH-Agency,GNAP,N-40-10001,3,0,0,0.0,81,BARROW,0.0,3/11/2024 14:18,3/11/2024 15:01,Price Code 1,CUSTOMER PICKUP,False,Food Bank of Northeast Georgia,01,30680.0,Winder,GNAP APPLE SAUCE,Fruits
29,176403,8973,B-107,Barrow County Food Pantry,FAIMPORT479027,,FOOD PANTRY,FOOD PANTRY-Agency,BLUE RECEIPT-SHL,MCC-16-10001,25,0,0,0.0,25,BARROW,0.0,2/23/2024 0:00,2/23/2024 0:00,Price Code 1,CUSTOMER PICKUP,False,Food Bank of Northeast Georgia,01,30680.0,Winder,"COOLER FOOD MISC., SHL RETAIL PICKUP",Food Misc.
1038,179717,2414,C-184,"Called to Serve Georgia, Inc",482330,,FP/OP/USDA,FOOD PANTRY-Agency,USDA,N-50-10244,5,0,0,32.4,180,BARROW,0.18,5/3/2024 13:58,5/3/2024 14:07,Price Code 1,CUSTOMER PICKUP,False,Food Bank of Northeast Georgia,01,30680.0,Winder,USDA CANNED BEEF CCC,Proteins
1034,176082,8914,M-140BARROW,Barrow County MedLink Georgia,478709,,DIRECT ASSISTANCE,MOBILE PANTRY-Agency,USDA,N-50-10310,9,0,0,0.0,243,BARROW,0.0,3/1/2024 9:40,3/5/2024 6:34,Price Code 1,TRUCK 1 MOBILE PANTRY,False,Food Bank of Northeast Georgia,01,30628.0,Colbert,USDA DICED POTATOES,Potatoes
682,173185,5772,C-170,Christ The King Ghana Methodist,476815,,DIRECT ASSISTANCE,FOOD PANTRY-Agency,LOCAL - LL,C-28-10000,156,0,0,4.68,156,BARROW,0.03,1/17/2024 15:05,1/17/2024 10:48,Price Code 1,CUSTOMER PICKUP,False,Sharing Floor Athens,01-SH,30680.0,Winder,"PRODUCE, FRESH LL",Mixed Produce
781,178113,8974,R-130,"Richard C. Wilson Recovery Residence, INC",480732,,ON PREMISES (OP),REHAB-Agency,BLUE RECEIPT-SHL,MCW-04-10000,68,0,0,0.0,68,BARROW,0.0,4/2/2024 9:09,4/2/2024 10:27,Price Code 1,CUSTOMER PICKUP,False,Sharing Floor Athens,01-SH,30666.0,Statham,"BREAD AND BAKERY, SHL RETAIL PICKUPS",Grains
781,173772,8903,R-130,"Richard C. Wilson Recovery Residence, INC",477401,,ON PREMISES (OP),REHAB-Agency,YELLOW RECEIPT - SHN,N-16-10181,2,0,0,1.8,10,BARROW,0.18,2/2/2024 9:09,2/14/2024 13:17,Price Code 1,CUSTOMER PICKUP,False,Food Bank of Northeast Georgia,01,30666.0,Statham,STOVE TOP STUFFING - TURKEY/CHICKEN/CORNBREAD,Prepared Meals
917,176083,5407,C-161,Church at Pierce Rd.,478710,,FP/OP,FOOD PANTRY-Agency,BLUE RECEIPT-SHL,F-15-10000,20,0,0,3.6,20,BARROW,0.18,2/23/2024 9:39,2/23/2024 9:56,Price Code 1,CUSTOMER PICKUP,False,Sharing Floor Athens,01-SH,30680.0,Winder,"MEAT & SEAFOOD, FROZEN SHL",Proteins
864,173825,92,W-124,Winder Church of God of Prophecy,477454,,FP/OP,FOOD PANTRY-Agency,LOCAL - LL,W-01-10002,17,0,0,3.06,17,BARROW,0.18,1/30/2024 12:22,1/30/2024 8:48,Price Code 1,CUSTOMER PICKUP,False,Sharing Floor Athens,01-SH,30680.0,Winder,"ASSORTED NON-FOOD ITEMS, LL",Non-Food Misc.
29,175854,1047,B-107,Barrow County Food Pantry,478482,,FOOD PANTRY,FOOD PANTRY-Agency,USDA,N-50-10041,25,0,0,0.0,1225,BARROW,0.0,2/22/2024 7:00,2/22/2024 6:27,Price Code 1,TRACTOR TRAILER 1 MOBILE PANTRY,False,Food Bank of Northeast Georgia,01,30680.0,Winder,USDA RICE,Grains
917,180128,5958,C-161,Church at Pierce Rd.,482736,,FP/OP,FOOD PANTRY-Agency,BLUE RECEIPT-SHL,C-16-10001,39,0,0,7.02,39,BARROW,0.18,5/3/2024 9:39,5/3/2024 9:43,Price Code 1,CUSTOMER PICKUP,False,Sharing Floor Athens,01-SH,30680.0,Winder,"COOLER FOOD, MISC. SHL",Food Misc.
867,181186,1674,Y-108,YMCA of GA's Piedmont- Barrow County,483791,,FP/OP/GNAP/USDA,AT-RISK YOUTH-Agency,USDA,N-50-10073,4,0,0,19.44,108,BARROW,0.18,5/28/2024 9:00,5/28/2024 9:11,Price Code 1,CUSTOMER PICKUP,False,Food Bank of Northeast Georgia,01,30680.0,Winder,USDA TOMATO SAUCE,Vegetables
1013,176588,5938,S-143,"Spirit Of Sharing, INC",479212,,FP/GNAP/USDA,FOOD PANTRY-Agency,BLUE RECEIPT-SHL,C-28-10001,1250,0,0,0.0,1250,BARROW,0.0,3/6/2024 9:00,3/6/2024 10:23,Price Code 1,TRUCK 1 MOBILE PANTRY,False,Food Bank of Northeast Georgia,01,30680.0,Winder,"PRODUCE, FRESH SHL",Mixed Produce
600,178699,7167,S-140,SYTGE (Seeing You Through God's Eyes) Outreach Ministry,481314,,FOOD PANTRY,FOOD PANTRY-Agency,BLUE RECEIPT-SHL,N-03-11200,1,0,0,0.0,10,BARROW,0.0,4/18/2024 13:46,4/18/2024 10:44,Price Code 1,CUSTOMER PICKUP,False,Food Bank of Northeast Georgia,01,30680.0,Winder,DR PEPPER ZERO SUGAR,Beverages
867,178663,84,Y-108,YMCA of GA's Piedmont- Barrow County,481279,,FP/OP/GNAP/USDA,AT-RISK YOUTH-Agency,USDA,N-50-10006,2,0,0,9.72,54,BARROW,0.18,4/15/2024 14:18,4/15/2024 14:42,Price Code 1,CUSTOMER PICKUP,False,Food Bank of Northeast Georgia,01,30680.0,Winder,USDA GREEN BEANS,Vegetables
600,181572,8931,S-140,SYTGE (Seeing You Through God's Eyes) Outreach Ministry,484176,,FOOD PANTRY,FOOD PANTRY-Agency,SBB-O,N-16-20003,34,0,0,0.0,748,BARROW,0.0,6/5/2024 9:30,6/5/2024 9:51,Price Code 1,CUSTOMER PICKUP,False,Food Bank of Northeast Georgia,01,30680.0,Winder,SENIOR STAPLES BOX - ASSORTED USDA,Food Misc.
917,182590,5772,C-161,Church at Pierce Rd.,485193,,FP/OP,FOOD PANTRY-Agency,LOCAL - LL,C-28-10000,136,0,0,4.08,136,BARROW,0.03,6/26/2024 9:39,6/26/2024 10:37,Price Code 1,CUSTOMER PICKUP,False,Food Bank of Northeast Georgia,01,30680.0,Winder,"PRODUCE, FRESH LL",Mixed Produce
1040,178047,5938,H-159,Hills Temple FBH Church,480666,,FP/OP/GNAP/USDA,FB DIRECT ASSISTANCE-Agency,BLUE RECEIPT-SHL,C-28-10001,272,0,0,8.16,272,BARROW,0.03,4/1/2024 14:14,4/1/2024 14:18,Price Code 1,CUSTOMER PICKUP,False,Sharing Floor Athens,01-SH,30680.0,Winder,"PRODUCE, FRESH SHL",Mixed Produce
29,179436,8714,B-107,Barrow County Food Pantry,482049,,FOOD PANTRY,FOOD PANTRY-Agency,USDA,N-50-10303,50,0,0,0.0,1200,BARROW,0.0,4/25/2024 7:00,4/25/2024 6:17,Price Code 1,TRACTOR TRAILER 1 MOBILE PANTRY,False,Food Bank of Northeast Georgia,01,30680.0,Winder,USDA GREEN SPLIT PEAS,Proteins
781,181181,875,R-130,"Richard C. Wilson Recovery Residence, INC",483786,,ON PREMISES (OP),REHAB-Agency,BLUE RECEIPT-SHL,W-04-10000,18,0,0,0.0,18,BARROW,0.0,5/22/2024 9:09,5/22/2024 9:24,Price Code 1,CUSTOMER PICKUP,False,Sharing Floor Athens,01-SH,30666.0,Statham,"BREAD & BAKERY, ASSORTED SHL",Grains
1040,178462,9009,H-159,Hills Temple FBH Church,481078,,FP/OP/GNAP/USDA,FB DIRECT ASSISTANCE-Agency,BLUE RECEIPT-SHL,N-03-11828,10,0,0,0.0,140,BARROW,0.0,4/10/2024 0:04,4/15/2024 9:47,Price Code 1,CUSTOMER PICKUP,False,Food Bank of Northeast Georgia,01,30680.0,Winder,PURE LEAF LEMON TEA,Beverages
1040,180109,7151,H-159,Hills Temple FBH Church,482717,,FP/OP/GNAP/USDA,FB DIRECT ASSISTANCE-Agency,GNAP,N-40-10232,6,0,0,0.0,60,BARROW,0.0,5/7/2024 8:45,5/7/2024 10:58,Price Code 1,CUSTOMER PICKUP,False,Food Bank of Northeast Georgia,01,30680.0,Winder,GNAP STROGANOFF DINNER POUCH,Prepared Meals
953,180158,8975,C-179,Crossview Church Food Pantry,FAIMPORT482764,,FP/GNAP/USDA,FOOD PANTRY-Agency,BLUE RECEIPT-SHL,MCC-07-10001,6,0,0,0.0,6,BARROW,0.0,5/3/2024 0:00,5/3/2024 0:00,Price Code 1,CUSTOMER PICKUP,False,Food Bank of Northeast Georgia,01,30548.0,Hoschton,"DAIRY PRODUCTS, SHL RETAIL PICKUPS",Dairy
29,178424,8970,B-107,Barrow County Food Pantry,FAIMPORT481040,,FOOD PANTRY,FOOD PANTRY-Agency,BLUE RECEIPT-SHL,MCW-16-10001,38,0,0,0.0,38,BARROW,0.0,4/2/2024 0:00,4/2/2024 0:00,Price Code 1,CUSTOMER PICKUP,False,Food Bank of Northeast Georgia,01,30680.0,Winder,"MISC. FOOD BOX, SHL RETAIL PICKUP",Food Misc.
29,180147,8974,B-107,Barrow County Food Pantry,FAIMPORT482754,,FOOD PANTRY,FOOD PANTRY-Agency,BLUE RECEIPT-SHL,MCW-04-10000,2,0,0,0.0,2,BARROW,0.0,4/30/2024 0:00,4/30/2024 0:00,Price Code 1,CUSTOMER PICKUP,False,Food Bank of Northeast Georgia,01,30680.0,Winder,"BREAD AND BAKERY, SHL RETAIL PICKUPS",Grains
867,177092,8497,Y-108,YMCA of GA's Piedmont- Barrow County,479714,,FP/OP/GNAP/USDA,AT-RISK YOUTH-Agency,USDA,C-50-10048,8,0,0,12.8,256,BARROW,0.05,3/15/2024 10:00,3/15/2024 10:15,Price Code 1,CUSTOMER PICKUP,False,Food Bank of Northeast Georgia,01,30680.0,Winder,USDA MANDARIN ORANGES,Fruits
863,177759,5407,A-148,Auburn First Baptist Church,480378,,FOOD PANTRY,FOOD PANTRY-Agency,BLUE RECEIPT-SHL,F-15-10000,63,0,0,11.34,63,BARROW,0.18,3/22/2024 8:05,3/22/2024 8:17,Price Code 1,CUSTOMER PICKUP,False,Sharing Floor Athens,01-SH,30011.0,Auburn,"MEAT & SEAFOOD, FROZEN SHL",Proteins
781,176344,5407,R-130,"Richard C. Wilson Recovery Residence, INC",478969,,ON PREMISES (OP),REHAB-Agency,BLUE RECEIPT-SHL,F-15-10000,10,0,0,0.0,10,BARROW,0.0,2/28/2024 9:09,2/28/2024 8:41,Price Code 1,CUSTOMER PICKUP,False,Sharing Floor Athens,01-SH,30666.0,Statham,"MEAT & SEAFOOD, FROZEN SHL",Proteins
1013,175108,170,S-143,"Spirit Of Sharing, INC",477738,,FP/GNAP/USDA,FOOD PANTRY-Agency,USDA,N-50-10007,13,0,0,0.0,364,BARROW,0.0,2/7/2024 9:00,2/14/2024 9:38,Price Code 1,TRUCK 1 MOBILE PANTRY,False,Food Bank of Northeast Georgia,01,30680.0,Winder,"USDA CORN, WHOLE KERNEL NO SALT",Vegetables
864,181863,688,W-124,Winder Church of God of Prophecy,484467,,FP/OP,FOOD PANTRY-Agency,BLUE RECEIPT-SHL,W-01-10000,5,0,0,0.9,5,BARROW,0.18,6/4/2024 12:22,6/4/2024 8:17,Price Code 1,CUSTOMER PICKUP,False,Sharing Floor Athens,01-SH,30680.0,Winder,"ASSORTED NON-FOOD ITEMS, SHL",Non-Food Misc.
867,175510,8918,Y-108,YMCA of GA's Piedmont- Barrow County,478139,,FP/OP/GNAP/USDA,AT-RISK YOUTH-Agency,LOCAL - LL,N-25-11950,8,0,0,2.88,16,BARROW,0.18,2/16/2024 10:00,2/16/2024 9:52,Price Code 1,CUSTOMER PICKUP,False,Food Bank of Northeast Georgia,01,30680.0,Winder,GHIRARDELLI DARK CHOCOLATE,Food Misc.
917,176083,690,C-161,Church at Pierce Rd.,478710,,FP/OP,FOOD PANTRY-Agency,BLUE RECEIPT-SHL,W-03-10013,138,0,0,0.0,138,BARROW,0.0,2/23/2024 9:39,2/23/2024 9:56,Price Code 1,CUSTOMER PICKUP,False,Sharing Floor Athens,01-SH,30680.0,Winder,"ASSORTED BEVERAGES, SHL",Beverages
953,181539,8975,C-179,Crossview Church Food Pantry,FAIMPORT484143,,FP/GNAP/USDA,FOOD PANTRY-Agency,BLUE RECEIPT-SHL,MCC-07-10001,1,0,0,0.0,1,BARROW,0.0,5/27/2024 0:00,5/27/2024 0:00,Price Code 1,CUSTOMER PICKUP,False,Food Bank of Northeast Georgia,01,30548.0,Hoschton,"DAIRY PRODUCTS, SHL RETAIL PICKUPS",Dairy
682,173534,875,C-170,Christ The King Ghana Methodist,477163,,DIRECT ASSISTANCE,FOOD PANTRY-Agency,BLUE RECEIPT-SHL,W-04-10000,51,0,0,0.0,51,BARROW,0.0,1/24/2024 15:05,1/24/2024 10:57,Price Code 1,CUSTOMER PICKUP,False,Sharing Floor Athens,01-SH,30680.0,Winder,"BREAD & BAKERY, ASSORTED SHL",Grains
682,176755,875,C-170,Christ The King Ghana Methodist,479378,,DIRECT ASSISTANCE,FOOD PANTRY-Agency,BLUE RECEIPT-SHL,W-04-10000,52,0,0,0.0,52,BARROW,0.0,3/6/2024 15:05,3/6/2024 10:52,Price Code 1,CUSTOMER PICKUP,False,Sharing Floor Athens,01-SH,30680.0,Winder,"BREAD & BAKERY, ASSORTED SHL",Grains
867,173832,8766,Y-108,YMCA of GA's Piedmont- Barrow County,477461,,FP/OP/GNAP/USDA,AT-RISK YOUTH-Agency,LOCAL - LL,N-25-11919,10,0,0,3.6,20,BARROW,0.18,2/2/2024 10:42,2/14/2024 13:16,Price Code 1,CUSTOMER PICKUP,False,Food Bank of Northeast Georgia,01,30680.0,Winder,GHIRARDELLI SEA SALT CARAMEL CHOCOLATE,Food Misc.
781,172620,8790,R-130,"Richard C. Wilson Recovery Residence, INC",476251,,ON PREMISES (OP),REHAB-Agency,BLUE RECEIPT-SHL,N-03-11758,10,0,0,0.0,130,BARROW,0.0,1/12/2024 9:09,1/12/2024 8:50,Price Code 1,CUSTOMER PICKUP,False,Food Bank of Northeast Georgia,01,30666.0,Statham,PROPEL LEMON,Beverages
682,173185,5958,C-170,Christ The King Ghana Methodist,476815,,DIRECT ASSISTANCE,FOOD PANTRY-Agency,BLUE RECEIPT-SHL,C-16-10001,55,0,0,0.0,55,BARROW,0.0,1/17/2024 15:05,1/17/2024 10:48,Price Code 1,CUSTOMER PICKUP,False,Sharing Floor Athens,01-SH,30680.0,Winder,"COOLER FOOD, MISC. SHL",Food Misc.
1040,180765,9055,H-159,Hills Temple FBH Church,483371,,FP/OP/GNAP/USDA,FB DIRECT ASSISTANCE-Agency,GNAP,N-40-10285,6,0,0,0.0,132,BARROW,0.0,5/17/2024 9:15,5/17/2024 10:44,Price Code 1,CUSTOMER PICKUP,False,Food Bank of Northeast Georgia,01,30680.0,Winder,GNAP MIXED FRUIT CUPS,Fruits
29,179436,1674,B-107,Barrow County Food Pantry,482049,,FOOD PANTRY,FOOD PANTRY-Agency,USDA,N-50-10073,25,0,0,0.0,675,BARROW,0.0,4/25/2024 7:00,4/25/2024 6:17,Price Code 1,TRACTOR TRAILER 1 MOBILE PANTRY,False,Food Bank of Northeast Georgia,01,30680.0,Winder,USDA TOMATO SAUCE,Vegetables
917,181347,683,C-161,Church at Pierce Rd.,483951,,FP/OP,FOOD PANTRY-Agency,BLUE RECEIPT-SHL,W-16-10001,46,0,0,8.28,46,BARROW,0.18,5/24/2024 9:39,5/24/2024 9:35,Price Code 1,CUSTOMER PICKUP,False,Sharing Floor Athens,01-SH,30680.0,Winder,MISC. FOOD BOX SHL,Food Misc.
172,173558,8922,P-104,Project Adam Community Asst Ct,477187,,ON PREMISES (OP),REHAB-Agency,LOCAL - LL,N-25-11954,5,0,0,4.5,25,BARROW,0.18,1/29/2024 13:41,2/7/2024 8:12,Price Code 1,CUSTOMER PICKUP,False,Food Bank of Northeast Georgia,01,30680.0,Winder,ATKINS VAR PACK CHOC PEANUT/CARAMEL,Food Misc.
172,178475,9002,P-104,Project Adam Community Asst Ct,481091,,ON PREMISES (OP),REHAB-Agency,BLUE RECEIPT-SHL,N-03-11821,1,0,0,0.0,10,BARROW,0.0,4/15/2024 13:41,4/15/2024 10:14,Price Code 1,CUSTOMER PICKUP,False,Food Bank of Northeast Georgia,01,30680.0,Winder,MUG ROOT BEER,Beverages
172,179457,9025,P-104,Project Adam Community Asst Ct,482070,,ON PREMISES (OP),REHAB-Agency,YELLOW RECEIPT - SHN,N-11-11072,2,0,0,3.24,18,BARROW,0.18,5/1/2024 13:41,5/1/2024 13:44,Price Code 1,CUSTOMER PICKUP,False,Food Bank of Northeast Georgia,01,30680.0,Winder,MRS BUTTERSWORTHS SMORES PANCAKE KIT,Food Misc.
864,177115,5681,W-124,Winder Church of God of Prophecy,479736,,FP/OP,FOOD PANTRY-Agency,LOCAL - LL,C-16-10000,40,0,0,7.2,40,BARROW,0.18,3/12/2024 12:22,3/12/2024 8:31,Price Code 1,CUSTOMER PICKUP,False,Sharing Floor Athens,01-SH,30680.0,Winder,"COOLER FOOD, MISC. LL",Food Misc.
781,173895,5958,R-130,"Richard C. Wilson Recovery Residence, INC",477524,,ON PREMISES (OP),REHAB-Agency,BLUE RECEIPT-SHL,C-16-10001,80,0,0,14.4,80,BARROW,0.18,1/31/2024 9:09,1/31/2024 9:44,Price Code 1,CUSTOMER PICKUP,False,Sharing Floor Athens,01-SH,30666.0,Statham,"COOLER FOOD, MISC. SHL",Food Misc.
917,178855,1045,C-161,Church at Pierce Rd.,481469,,FP/OP,FOOD PANTRY-Agency,BLUE RECEIPT-SHL,W-25-10009,71,0,0,12.78,71,BARROW,0.18,4/12/2024 9:39,4/12/2024 9:50,Price Code 1,CUSTOMER PICKUP,False,Sharing Floor Athens,01-SH,30680.0,Winder,"ASSORTED SNACK ITEMS, SHL",Food Misc.
867,176742,1674,Y-108,YMCA of GA's Piedmont- Barrow County,479365,,FP/OP/GNAP/USDA,AT-RISK YOUTH-Agency,USDA,N-50-10073,2,0,0,9.72,54,BARROW,0.18,3/11/2024 14:18,3/11/2024 15:01,Price Code 1,CUSTOMER PICKUP,False,Food Bank of Northeast Georgia,01,30680.0,Winder,USDA TOMATO SAUCE,Vegetables
917,175883,8665,C-161,Church at Pierce Rd.,478511,,FP/OP,FOOD PANTRY-Agency,BLUE RECEIPT-SHL,N-03-11268,6,0,0,4.14,138,BARROW,0.03,2/23/2024 9:39,2/23/2024 8:48,Price Code 1,CUSTOMER PICKUP,False,Food Bank of Northeast Georgia,01,30680.0,Winder,PROPEL BERRY/KIWISTRAW/GRAPE,Beverages
600,181572,8874,S-140,SYTGE (Seeing You Through God's Eyes) Outreach Ministry,484176,,FOOD PANTRY,FOOD PANTRY-Agency,YELLOW RECEIPT - SHN,F-10-10002,1,0,0,0.09,3,BARROW,0.03,6/5/2024 9:30,6/5/2024 9:51,Price Code 1,CUSTOMER PICKUP,False,Food Bank of Northeast Georgia,01,30680.0,Winder,OUTSHINE TROPICAL SMOOTHIE CUBES,Beverages
917,180128,875,C-161,Church at Pierce Rd.,482736,,FP/OP,FOOD PANTRY-Agency,BLUE RECEIPT-SHL,W-04-10000,95,0,0,0.0,95,BARROW,0.0,5/3/2024 9:39,5/3/2024 9:43,Price Code 1,CUSTOMER PICKUP,False,Sharing Floor Athens,01-SH,30680.0,Winder,"BREAD & BAKERY, ASSORTED SHL",Grains
917,176158,8873,C-161,Church at Pierce Rd.,478785,,FP/OP,FOOD PANTRY-Agency,YELLOW RECEIPT - SHN,F-10-10001,2,0,0,0.18,6,BARROW,0.03,3/1/2024 9:39,3/1/2024 10:32,Price Code 1,CUSTOMER PICKUP,False,Food Bank of Northeast Georgia,01,30680.0,Winder,OUTSHINE STRAWBERRY BANANA SMOOTHIE CUBES,Beverages
576,178167,8620,F2KBARROW,Food 2 Kids Barrow County,480786,,DIRECT ASSISTANCE,DIRECT ASSISTANCE-Agency,GNAP,N-40-10260,5,0,0,0.0,90,BARROW,0.0,4/10/2024 9:00,4/10/2024 9:40,Price Code 1,TRUCK 1 MOBILE PANTRY,False,Food Bank of Northeast Georgia,01,,Athens,GNAP CREAM OF CHICKEN SOUP,Prepared Meals
172,175866,5407,P-104,Project Adam Community Asst Ct,478494,,ON PREMISES (OP),REHAB-Agency,BLUE RECEIPT-SHL,F-15-10000,8,0,0,1.44,8,BARROW,0.18,2/20/2024 13:41,2/20/2024 10:20,Price Code 1,CUSTOMER PICKUP,False,Sharing Floor Athens,01-SH,30680.0,Winder,"MEAT & SEAFOOD, FROZEN SHL",Proteins
863,176495,875,A-148,Auburn First Baptist Church,479119,,FOOD PANTRY,FOOD PANTRY-Agency,BLUE RECEIPT-SHL,W-04-10000,54,0,0,0.0,54,BARROW,0.0,3/1/2024 8:05,3/1/2024 8:42,Price Code 1,CUSTOMER PICKUP,False,Sharing Floor Athens,01-SH,30011.0,Auburn,"BREAD & BAKERY, ASSORTED SHL",Grains
1038,181855,3943,C-184,"Called to Serve Georgia, Inc",484459,,FP/OP/USDA,FOOD PANTRY-Agency,USDA,N-50-10268,11,0,0,12.54,418,BARROW,0.03,6/28/2024 14:00,7/2/2024 7:46,Price Code 1,CUSTOMER PICKUP,False,Food Bank of Northeast Georgia,01,30680.0,Winder,USDA APPLE JUICE,Beverages
917,181058,9059,C-161,Church at Pierce Rd.,483663,,FP/OP,FOOD PANTRY-Agency,LOCAL - LL,F-16-90438,10,0,0,7.2,40,BARROW,0.18,5/24/2024 9:30,5/24/2024 9:59,Price Code 1,CUSTOMER PICKUP,False,Food Bank of Northeast Georgia,01,30680.0,Winder,OSCAR MAYER MAPLE SAUSAGE ROLLERS,Proteins
953,179813,8973,C-179,Crossview Church Food Pantry,FAIMPORT482424,,FP/GNAP/USDA,FOOD PANTRY-Agency,BLUE RECEIPT-SHL,MCC-16-10001,184,0,0,0.0,184,BARROW,0.0,4/24/2024 0:00,4/24/2024 0:00,Price Code 1,CUSTOMER PICKUP,False,Food Bank of Northeast Georgia,01,30548.0,Hoschton,"COOLER FOOD MISC., SHL RETAIL PICKUP",Food Misc.
864,173825,5938,W-124,Winder Church of God of Prophecy,477454,,FP/OP,FOOD PANTRY-Agency,BLUE RECEIPT-SHL,C-28-10001,16,0,0,0.48,16,BARROW,0.03,1/30/2024 12:22,1/30/2024 8:48,Price Code 1,CUSTOMER PICKUP,False,Sharing Floor Athens,01-SH,30680.0,Winder,"PRODUCE, FRESH SHL",Mixed Produce
1040,178462,8495,H-159,Hills Temple FBH Church,481078,,FP/OP/GNAP/USDA,FB DIRECT ASSISTANCE-Agency,LOCAL - LL,N-13-10209,2,0,0,0.0,90,BARROW,0.0,4/10/2024 0:04,4/15/2024 9:47,Price Code 1,CUSTOMER PICKUP,False,Food Bank of Northeast Georgia,01,30680.0,Winder,"OXIVIR TB, HYDROGEN PEROXIDE SANITIZER",Non-Food Misc.
29,182517,6816,B-107,Barrow County Food Pantry,485120,,FOOD PANTRY,FOOD PANTRY-Agency,BLUE RECEIPT-SHL,C-28-90345,42,0,0,0.0,2100,BARROW,0.0,6/27/2024 7:00,6/27/2024 9:27,Price Code 1,TRACTOR TRAILER 1 MOBILE PANTRY,False,Food Bank of Northeast Georgia,01,30680.0,Winder,CARROTS,Vegetables
172,173558,8766,P-104,Project Adam Community Asst Ct,477187,,ON PREMISES (OP),REHAB-Agency,LOCAL - LL,N-25-11919,5,0,0,1.8,10,BARROW,0.18,1/29/2024 13:41,2/7/2024 8:12,Price Code 1,CUSTOMER PICKUP,False,Food Bank of Northeast Georgia,01,30680.0,Winder,GHIRARDELLI SEA SALT CARAMEL CHOCOLATE,Food Misc.
953,180157,8973,C-179,Crossview Church Food Pantry,FAIMPORT482763,,FP/GNAP/USDA,FOOD PANTRY-Agency,BLUE RECEIPT-SHL,MCC-16-10001,167,0,0,0.0,167,BARROW,0.0,4/26/2024 0:00,4/26/2024 0:00,Price Code 1,CUSTOMER PICKUP,False,Food Bank of Northeast Georgia,01,30548.0,Hoschton,"COOLER FOOD MISC., SHL RETAIL PICKUP",Food Misc.
867,178111,8996,Y-108,YMCA of GA's Piedmont- Barrow County,480730,,FP/OP/GNAP/USDA,AT-RISK YOUTH-Agency,LOCAL - LL,C-07-90662,8,0,0,0.0,112,BARROW,0.0,4/5/2024 14:18,4/5/2024 10:00,Price Code 1,CUSTOMER PICKUP,False,Food Bank of Northeast Georgia,01,30680.0,Winder,DUNKIN COFFEE CREAMER,Food Misc.
29,181292,8972,B-107,Barrow County Food Pantry,FAIMPORT483897,,FOOD PANTRY,FOOD PANTRY-Agency,BLUE RECEIPT-SHL,MCF-15-10000,199,0,0,0.0,199,BARROW,0.0,5/17/2024 0:00,5/17/2024 0:00,Price Code 1,CUSTOMER PICKUP,False,Food Bank of Northeast Georgia,01,30680.0,Winder,"FROZEN MEAT & SEAFOOD, SHL RETAIL PICKUP",Proteins
953,182367,8973,C-179,Crossview Church Food Pantry,FAIMPORT484971,,FP/GNAP/USDA,FOOD PANTRY-Agency,BLUE RECEIPT-SHL,MCC-16-10001,72,0,0,0.0,72,BARROW,0.0,6/14/2024 0:00,6/14/2024 0:00,Price Code 1,CUSTOMER PICKUP,False,Food Bank of Northeast Georgia,01,30548.0,Hoschton,"COOLER FOOD MISC., SHL RETAIL PICKUP",Food Misc.
863,178847,683,A-148,Auburn First Baptist Church,481461,,FOOD PANTRY,FOOD PANTRY-Agency,BLUE RECEIPT-SHL,W-16-10001,85,0,0,15.3,85,BARROW,0.18,4/12/2024 8:05,4/12/2024 8:31,Price Code 1,CUSTOMER PICKUP,False,Sharing Floor Athens,01-SH,30011.0,Auburn,MISC. FOOD BOX SHL,Food Misc.
781,180410,5938,R-130,"Richard C. Wilson Recovery Residence, INC",483016,,ON PREMISES (OP),REHAB-Agency,BLUE RECEIPT-SHL,C-28-10001,33,0,0,0.99,33,BARROW,0.03,5/8/2024 9:09,5/8/2024 9:31,Price Code 1,CUSTOMER PICKUP,False,Sharing Floor Athens,01-SH,30666.0,Statham,"PRODUCE, FRESH SHL",Mixed Produce
172,177469,875,P-104,Project Adam Community Asst Ct,480089,,ON PREMISES (OP),REHAB-Agency,BLUE RECEIPT-SHL,W-04-10000,47,0,0,0.0,47,BARROW,0.0,3/18/2024 13:41,3/18/2024 9:40,Price Code 1,CUSTOMER PICKUP,False,Sharing Floor Athens,01-SH,30680.0,Winder,"BREAD & BAKERY, ASSORTED SHL",Grains
864,175184,875,W-124,Winder Church of God of Prophecy,477813,,FP/OP,FOOD PANTRY-Agency,BLUE RECEIPT-SHL,W-04-10000,51,0,0,0.0,51,BARROW,0.0,2/6/2024 12:22,2/6/2024 8:31,Price Code 1,CUSTOMER PICKUP,False,Sharing Floor Athens,01-SH,30680.0,Winder,"BREAD & BAKERY, ASSORTED SHL",Grains
497,173513,8915,W-119,Winder Freelife Church,477142,,FP/OP/GNAP/USDA,FOOD PANTRY-Agency,USDA,F-50-90474,1,0,0,7.2,40,BARROW,0.18,2/7/2024 11:00,2/7/2024 10:45,Price Code 1,CUSTOMER PICKUP,False,Food Bank of Northeast Georgia,01,30680.0,Winder,USDA PACIFIC SALAD SHRIMP,Proteins
576,180247,7083,F2KBARROW,Food 2 Kids Barrow County,482853,,DIRECT ASSISTANCE,DIRECT ASSISTANCE-Agency,USDA,C-50-10029,10,0,0,0.0,120,BARROW,0.0,5/8/2024 9:00,5/9/2024 9:40,Price Code 1,TRUCK 1 MOBILE PANTRY,False,Food Bank of Northeast Georgia,01,,Athens,"USDA MILD CHEDDAR CHEESE, BLOCK CCC",Dairy
29,177776,8497,B-107,Barrow County Food Pantry,480395,,FOOD PANTRY,FOOD PANTRY-Agency,USDA,C-50-10048,60,0,0,0.0,1920,BARROW,0.0,3/28/2024 7:00,3/28/2024 6:02,Price Code 1,TRACTOR TRAILER 1 MOBILE PANTRY,False,Food Bank of Northeast Georgia,01,30680.0,Winder,USDA MANDARIN ORANGES,Fruits
953,181308,8972,C-179,Crossview Church Food Pantry,FAIMPORT483912,,FP/GNAP/USDA,FOOD PANTRY-Agency,BLUE RECEIPT-SHL,MCF-15-10000,168,0,0,0.0,168,BARROW,0.0,5/22/2024 0:00,5/22/2024 0:00,Price Code 1,CUSTOMER PICKUP,False,Food Bank of Northeast Georgia,01,30548.0,Hoschton,"FROZEN MEAT & SEAFOOD, SHL RETAIL PICKUP",Proteins
864,175541,5938,W-124,Winder Church of God of Prophecy,478170,,FP/OP,FOOD PANTRY-Agency,BLUE RECEIPT-SHL,C-28-10001,37,0,0,1.11,37,BARROW,0.03,2/13/2024 12:22,2/13/2024 8:51,Price Code 1,CUSTOMER PICKUP,False,Sharing Floor Athens,01-SH,30680.0,Winder,"PRODUCE, FRESH SHL",Mixed Produce
682,172861,683,C-170,Christ The King Ghana Methodist,476492,,DIRECT ASSISTANCE,FOOD PANTRY-Agency,BLUE RECEIPT-SHL,W-16-10001,189,0,0,34.02,189,BARROW,0.18,1/10/2024 15:05,1/10/2024 11:01,Price Code 1,CUSTOMER PICKUP,False,Sharing Floor Athens,01-SH,30680.0,Winder,MISC. FOOD BOX SHL,Food Misc.
172,179457,9028,P-104,Project Adam Community Asst Ct,482070,,ON PREMISES (OP),REHAB-Agency,YELLOW RECEIPT - SHN,N-27-10139,3,0,0,21.06,117,BARROW,0.18,5/1/2024 13:41,5/1/2024 13:44,Price Code 1,CUSTOMER PICKUP,False,Food Bank of Northeast Georgia,01,30680.0,Winder,ANGELA MIA WHOLE PEELED PEAR TOMATOES,Vegetables
576,173797,7177,F2KBARROW,Food 2 Kids Barrow County,477426,,DIRECT ASSISTANCE,DIRECT ASSISTANCE-Agency,GNAP,N-40-10237,5,0,0,0.0,135,BARROW,0.0,2/14/2024 9:00,3/5/2024 13:20,Price Code 1,TRACTOR TRAILER 2 MOBILE PANTRY,False,Food Bank of Northeast Georgia,01,,Athens,GNAP SWEET POTATO IN LIGHT SYRUP,Potatoes
29,182130,8975,B-107,Barrow County Food Pantry,FAIMPORT484734,,FOOD PANTRY,FOOD PANTRY-Agency,BLUE RECEIPT-SHL,MCC-07-10001,96,0,0,0.0,96,BARROW,0.0,6/4/2024 0:00,6/4/2024 0:00,Price Code 1,CUSTOMER PICKUP,False,Food Bank of Northeast Georgia,01,30680.0,Winder,"DAIRY PRODUCTS, SHL RETAIL PICKUPS",Dairy
1040,180765,9045,H-159,Hills Temple FBH Church,483371,,FP/OP/GNAP/USDA,FB DIRECT ASSISTANCE-Agency,GNAP,N-40-10279,6,0,0,0.0,48,BARROW,0.0,5/17/2024 9:15,5/17/2024 10:44,Price Code 1,CUSTOMER PICKUP,False,Food Bank of Northeast Georgia,01,30680.0,Winder,"GNAP PASTA SIDE, CHEDDAR BROCCOLI",Prepared Meals
172,173558,2098,P-104,Project Adam Community Asst Ct,477187,,ON PREMISES (OP),REHAB-Agency,BLUE RECEIPT-SHL,N-03-10677,5,0,0,0.0,110,BARROW,0.0,1/29/2024 13:41,2/7/2024 8:12,Price Code 1,CUSTOMER PICKUP,False,Food Bank of Northeast Georgia,01,30680.0,Winder,GATORADE ORANGE,Beverages
29,178201,8972,B-107,Barrow County Food Pantry,FAIMPORT480819,,FOOD PANTRY,FOOD PANTRY-Agency,BLUE RECEIPT-SHL,MCF-15-10000,156,0,0,0.0,156,BARROW,0.0,3/29/2024 0:00,3/29/2024 0:00,Price Code 1,CUSTOMER PICKUP,False,Food Bank of Northeast Georgia,01,30680.0,Winder,"FROZEN MEAT & SEAFOOD, SHL RETAIL PICKUP",Proteins
953,181540,8975,C-179,Crossview Church Food Pantry,FAIMPORT484144,,FP/GNAP/USDA,FOOD PANTRY-Agency,BLUE RECEIPT-SHL,MCC-07-10001,13,0,0,0.0,13,BARROW,0.0,5/24/2024 0:00,5/24/2024 0:00,Price Code 1,CUSTOMER PICKUP,False,Food Bank of Northeast Georgia,01,30548.0,Hoschton,"DAIRY PRODUCTS, SHL RETAIL PICKUPS",Dairy
863,176895,5958,A-148,Auburn First Baptist Church,479517,,FOOD PANTRY,FOOD PANTRY-Agency,BLUE RECEIPT-SHL,C-16-10001,48,0,0,0.0,48,BARROW,0.0,3/8/2024 8:05,3/8/2024 8:29,Price Code 1,CUSTOMER PICKUP,False,Sharing Floor Athens,01-SH,30011.0,Auburn,"COOLER FOOD, MISC. SHL",Food Misc.
953,178223,8972,C-179,Crossview Church Food Pantry,FAIMPORT480839,,FP/GNAP/USDA,FOOD PANTRY-Agency,BLUE RECEIPT-SHL,MCF-15-10000,699,0,0,0.0,699,BARROW,0.0,4/1/2024 0:00,4/1/2024 0:00,Price Code 1,CUSTOMER PICKUP,False,Food Bank of Northeast Georgia,01,30548.0,Hoschton,"FROZEN MEAT & SEAFOOD, SHL RETAIL PICKUP",Proteins
29,180147,8973,B-107,Barrow County Food Pantry,FAIMPORT482754,,FOOD PANTRY,FOOD PANTRY-Agency,BLUE RECEIPT-SHL,MCC-16-10001,25,0,0,0.0,25,BARROW,0.0,4/30/2024 0:00,4/30/2024 0:00,Price Code 1,CUSTOMER PICKUP,False,Food Bank of Northeast Georgia,01,30680.0,Winder,"COOLER FOOD MISC., SHL RETAIL PICKUP",Food Misc.
682,173534,696,C-170,Christ The King Ghana Methodist,477163,,DIRECT ASSISTANCE,FOOD PANTRY-Agency,LOCAL - LL,W-25-10000,66,0,0,11.88,66,BARROW,0.18,1/24/2024 15:05,1/24/2024 10:57,Price Code 1,CUSTOMER PICKUP,False,Sharing Floor Athens,01-SH,30680.0,Winder,"ASSORTED SNACK ITEMS, LL",Food Misc.
29,179436,2202,B-107,Barrow County Food Pantry,482049,,FOOD PANTRY,FOOD PANTRY-Agency,USDA,N-50-10240,30,0,0,0.0,660,BARROW,0.0,4/25/2024 7:00,4/25/2024 6:17,Price Code 1,TRACTOR TRAILER 1 MOBILE PANTRY,False,Food Bank of Northeast Georgia,01,30680.0,Winder,USDA SPAGHETTI,Grains
497,176147,8931,W-119,Winder Freelife Church,478774,,FP/OP/GNAP/USDA,FOOD PANTRY-Agency,SBB-O,N-16-20003,15,0,0,0.0,330,BARROW,0.0,3/4/2024 11:00,3/4/2024 14:17,Price Code 1,CUSTOMER PICKUP,False,Food Bank of Northeast Georgia,01,30680.0,Winder,SENIOR STAPLES BOX - ASSORTED USDA,Food Misc.
29,175854,84,B-107,Barrow County Food Pantry,478482,,FOOD PANTRY,FOOD PANTRY-Agency,USDA,N-50-10006,25,0,0,0.0,675,BARROW,0.0,2/22/2024 7:00,2/22/2024 6:27,Price Code 1,TRACTOR TRAILER 1 MOBILE PANTRY,False,Food Bank of Northeast Georgia,01,30680.0,Winder,USDA GREEN BEANS,Vegetables
917,175883,8946,C-161,Church at Pierce Rd.,478511,,FP/OP,FOOD PANTRY-Agency,BLUE RECEIPT-SHL,N-03-11810,1,0,0,0.0,14,BARROW,0.0,2/23/2024 9:39,2/23/2024 8:48,Price Code 1,CUSTOMER PICKUP,False,Food Bank of Northeast Georgia,01,30680.0,Winder,PROPEL ORANGE RASPBERRY,Beverages
953,181596,123,C-179,Crossview Church Food Pantry,484200,,FP/GNAP/USDA,FOOD PANTRY-Agency,GNAP,N-40-10002,8,0,0,0.0,120,BARROW,0.0,6/4/2024 11:00,6/13/2024 16:53,Price Code 1,TRUCK 1,False,Food Bank of Northeast Georgia,01,30548.0,Hoschton,GNAP PEANUT BUTTER,Proteins
682,173911,690,C-170,Christ The King Ghana Methodist,477540,,DIRECT ASSISTANCE,FOOD PANTRY-Agency,BLUE RECEIPT-SHL,W-03-10013,382,0,0,0.0,382,BARROW,0.0,1/31/2024 15:05,1/31/2024 11:10,Price Code 1,CUSTOMER PICKUP,False,Sharing Floor Athens,01-SH,30680.0,Winder,"ASSORTED BEVERAGES, SHL",Beverages
867,180197,1674,Y-108,YMCA of GA's Piedmont- Barrow County,482803,,FP/OP/GNAP/USDA,AT-RISK YOUTH-Agency,USDA,N-50-10073,3,0,0,14.58,81,BARROW,0.18,5/8/2024 10:45,5/8/2024 11:20,Price Code 1,CUSTOMER PICKUP,False,Food Bank of Northeast Georgia,01,30680.0,Winder,USDA TOMATO SAUCE,Vegetables
1040,177969,8559,H-159,Hills Temple FBH Church,480588,,FP/OP/GNAP/USDA,FB DIRECT ASSISTANCE-Agency,BLUE RECEIPT-SHL,C-28-90529,1,0,0,0.0,40,BARROW,0.0,4/3/2024 8:12,4/3/2024 11:28,Price Code 1,CUSTOMER PICKUP,False,Food Bank of Northeast Georgia,01,30680.0,Winder,"ORANGES, BULK",Fruits
953,178719,8971,C-179,Crossview Church Food Pantry,FAIMPORT481333,,FP/GNAP/USDA,FOOD PANTRY-Agency,BLUE RECEIPT-SHL,MCF-16-10001,154,0,0,0.0,154,BARROW,0.0,4/8/2024 0:00,4/8/2024 0:00,Price Code 1,CUSTOMER PICKUP,False,Food Bank of Northeast Georgia,01,30548.0,Hoschton,"FROZEN FOODS, MISC SHL RETAIL PICKUP",Food Misc.
953,177863,8975,C-179,Crossview Church Food Pantry,FAIMPORT480482,,FP/GNAP/USDA,FOOD PANTRY-Agency,BLUE RECEIPT-SHL,MCC-07-10001,65,0,0,0.0,65,BARROW,0.0,3/25/2024 0:00,3/25/2024 0:00,Price Code 1,CUSTOMER PICKUP,False,Food Bank of Northeast Georgia,01,30548.0,Hoschton,"DAIRY PRODUCTS, SHL RETAIL PICKUPS",Dairy
682,180861,683,C-170,Christ The King Ghana Methodist,483467,,DIRECT ASSISTANCE,FOOD PANTRY-Agency,BLUE RECEIPT-SHL,W-16-10001,174,0,0,31.32,174,BARROW,0.18,5/15/2024 15:05,5/15/2024 10:43,Price Code 1,CUSTOMER PICKUP,False,Sharing Floor Athens,01-SH,30680.0,Winder,MISC. FOOD BOX SHL,Food Misc.
29,181293,8972,B-107,Barrow County Food Pantry,FAIMPORT483898,,FOOD PANTRY,FOOD PANTRY-Agency,BLUE RECEIPT-SHL,MCF-15-10000,327,0,0,0.0,327,BARROW,0.0,5/10/2024 0:00,5/10/2024 0:00,Price Code 1,CUSTOMER PICKUP,False,Food Bank of Northeast Georgia,01,30680.0,Winder,"FROZEN MEAT & SEAFOOD, SHL RETAIL PICKUP",Proteins
781,177179,5407,R-130,"Richard C. Wilson Recovery Residence, INC",479800,,ON PREMISES (OP),REHAB-Agency,BLUE RECEIPT-SHL,F-15-10000,109,0,0,19.62,109,BARROW,0.18,3/13/2024 9:09,3/13/2024 8:31,Price Code 1,CUSTOMER PICKUP,False,Sharing Floor Athens,01-SH,30666.0,Statham,"MEAT & SEAFOOD, FROZEN SHL",Proteins
172,182427,5407,P-104,Project Adam Community Asst Ct,485031,,ON PREMISES (OP),REHAB-Agency,BLUE RECEIPT-SHL,F-15-10000,17,0,0,3.06,17,BARROW,0.18,6/20/2024 13:41,6/20/2024 11:26,Price Code 1,CUSTOMER PICKUP,False,Sharing Floor Athens,01-SH,30680.0,Winder,"MEAT & SEAFOOD, FROZEN SHL",Proteins
29,182517,5772,B-107,Barrow County Food Pantry,485120,,FOOD PANTRY,FOOD PANTRY-Agency,LOCAL - LL,C-28-10000,5629,0,0,0.0,5629,BARROW,0.0,6/27/2024 7:00,6/27/2024 9:27,Price Code 1,TRACTOR TRAILER 1 MOBILE PANTRY,False,Food Bank of Northeast Georgia,01,30680.0,Winder,"PRODUCE, FRESH LL",Mixed Produce
1038,180181,696,C-184,"Called to Serve Georgia, Inc",482787,,FP/OP/USDA,FOOD PANTRY-Agency,LOCAL - LL,W-25-10000,52,0,0,9.36,52,BARROW,0.18,5/3/2024 14:16,5/3/2024 14:21,Price Code 1,CUSTOMER PICKUP,False,Sharing Floor Athens,01-SH,30680.0,Winder,"ASSORTED SNACK ITEMS, LL",Food Misc.
1013,179765,1047,S-143,"Spirit Of Sharing, INC",482378,,FP/GNAP/USDA,FOOD PANTRY-Agency,USDA,N-50-10041,25,0,0,0.0,1225,BARROW,0.0,5/1/2024 9:00,5/1/2024 10:21,Price Code 1,TRUCK 1 MOBILE PANTRY,False,Food Bank of Northeast Georgia,01,30680.0,Winder,USDA RICE,Grains
29,173166,4715,B-107,Barrow County Food Pantry,476796,,FOOD PANTRY,FOOD PANTRY-Agency,USDA,F-50-90461,17,0,0,122.4,680,BARROW,0.18,1/25/2024 0:00,2/22/2024 6:27,Price Code 1,TRACTOR TRAILER 1 MOBILE PANTRY,False,Food Bank of Northeast Georgia,01,30680.0,Winder,USDA ALASKAN POLLACK FISH FILLETS,Proteins
953,182162,3217,C-179,Crossview Church Food Pantry,484766,,FP/GNAP/USDA,FOOD PANTRY-Agency,GNAP,N-40-10222,8,0,0,0.0,80,BARROW,0.0,6/24/2024 10:30,6/24/2024 13:15,Price Code 1,VAN 1,False,Food Bank of Northeast Georgia,01,30548.0,Hoschton,GNAP BEEF PASTA DINNER POUCH,Prepared Meals
497,173513,8869,W-119,Winder Freelife Church,477142,,FP/OP/GNAP/USDA,FOOD PANTRY-Agency,YELLOW RECEIPT - SHN,N-20-10004,2,0,0,1.08,6,BARROW,0.18,2/7/2024 11:00,2/7/2024 10:45,Price Code 1,CUSTOMER PICKUP,False,Food Bank of Northeast Georgia,01,30680.0,Winder,PAMPERS PREEMIE SWADDLERS,Non-Food Misc.
953,181308,8974,C-179,Crossview Church Food Pantry,FAIMPORT483912,,FP/GNAP/USDA,FOOD PANTRY-Agency,BLUE RECEIPT-SHL,MCW-04-10000,35,0,0,0.0,35,BARROW,0.0,5/22/2024 0:00,5/22/2024 0:00,Price Code 1,CUSTOMER PICKUP,False,Food Bank of Northeast Georgia,01,30548.0,Hoschton,"BREAD AND BAKERY, SHL RETAIL PICKUPS",Grains
867,176742,8981,Y-108,YMCA of GA's Piedmont- Barrow County,479365,,FP/OP/GNAP/USDA,AT-RISK YOUTH-Agency,BLUE RECEIPT-SHL,F-15-90554,12,0,0,28.08,156,BARROW,0.18,3/11/2024 14:18,3/11/2024 15:01,Price Code 1,CUSTOMER PICKUP,False,Food Bank of Northeast Georgia,01,30680.0,Winder,JENNIE-O TURKEY FRANKS,Proteins
172,178513,683,P-104,Project Adam Community Asst Ct,481129,,ON PREMISES (OP),REHAB-Agency,BLUE RECEIPT-SHL,W-16-10001,80,0,0,14.4,80,BARROW,0.18,4/8/2024 13:41,4/8/2024 9:46,Price Code 1,CUSTOMER PICKUP,False,Sharing Floor Athens,01-SH,30680.0,Winder,MISC. FOOD BOX SHL,Food Misc.
864,175184,5938,W-124,Winder Church of God of Prophecy,477813,,FP/OP,FOOD PANTRY-Agency,BLUE RECEIPT-SHL,C-28-10001,17,0,0,0.51,17,BARROW,0.03,2/6/2024 12:22,2/6/2024 8:31,Price Code 1,CUSTOMER PICKUP,False,Sharing Floor Athens,01-SH,30680.0,Winder,"PRODUCE, FRESH SHL",Mixed Produce
172,177469,50,P-104,Project Adam Community Asst Ct,480089,,ON PREMISES (OP),REHAB-Agency,LOCAL - LL,W-16-10002,53,0,0,0.0,53,BARROW,0.0,3/18/2024 13:41,3/18/2024 9:40,Price Code 1,CUSTOMER PICKUP,False,Sharing Floor Athens,01-SH,30680.0,Winder,MISC. FOOD BOX LL,Food Misc.
600,173468,8931,S-140,SYTGE (Seeing You Through God's Eyes) Outreach Ministry,477097,,FOOD PANTRY,FOOD PANTRY-Agency,SBB-O,N-16-20003,39,0,0,0.0,858,BARROW,0.0,2/15/2024 9:30,2/15/2024 10:15,Price Code 1,CUSTOMER PICKUP,False,Food Bank of Northeast Georgia,01,30680.0,Winder,SENIOR STAPLES BOX - ASSORTED USDA,Food Misc.
1038,181855,8873,C-184,"Called to Serve Georgia, Inc",484459,,FP/OP/USDA,FOOD PANTRY-Agency,YELLOW RECEIPT - SHN,F-10-10001,4,0,0,0.36,12,BARROW,0.03,6/28/2024 14:00,7/2/2024 7:46,Price Code 1,CUSTOMER PICKUP,False,Food Bank of Northeast Georgia,01,30680.0,Winder,OUTSHINE STRAWBERRY BANANA SMOOTHIE CUBES,Beverages
863,176495,683,A-148,Auburn First Baptist Church,479119,,FOOD PANTRY,FOOD PANTRY-Agency,BLUE RECEIPT-SHL,W-16-10001,398,0,0,0.0,398,BARROW,0.0,3/1/2024 8:05,3/1/2024 8:42,Price Code 1,CUSTOMER PICKUP,False,Sharing Floor Athens,01-SH,30011.0,Auburn,MISC. FOOD BOX SHL,Food Misc.
600,176802,8972,S-140,SYTGE (Seeing You Through God's Eyes) Outreach Ministry,FAIMPORT479425,,FOOD PANTRY,FOOD PANTRY-Agency,BLUE RECEIPT-SHL,MCF-15-10000,217,0,0,0.0,217,BARROW,0.0,3/2/2024 0:00,3/2/2024 0:00,Price Code 1,CUSTOMER PICKUP,False,Food Bank of Northeast Georgia,01,30680.0,Winder,"FROZEN MEAT & SEAFOOD, SHL RETAIL PICKUP",Proteins
867,179864,9035,Y-108,YMCA of GA's Piedmont- Barrow County,482475,,FP/OP/GNAP/USDA,AT-RISK YOUTH-Agency,GNAP,N-40-10272,2,0,0,0.0,28,BARROW,0.0,5/3/2024 14:18,5/3/2024 10:51,Price Code 1,CUSTOMER PICKUP,False,Food Bank of Northeast Georgia,01,30680.0,Winder,GNAP MACARONI O'S W/ BEEF - EZ OPEN,Prepared Meals
29,181292,8974,B-107,Barrow County Food Pantry,FAIMPORT483897,,FOOD PANTRY,FOOD PANTRY-Agency,BLUE RECEIPT-SHL,MCW-04-10000,54,0,0,0.0,54,BARROW,0.0,5/17/2024 0:00,5/17/2024 0:00,Price Code 1,CUSTOMER PICKUP,False,Food Bank of Northeast Georgia,01,30680.0,Winder,"BREAD AND BAKERY, SHL RETAIL PICKUPS",Grains
600,181572,9025,S-140,SYTGE (Seeing You Through God's Eyes) Outreach Ministry,484176,,FOOD PANTRY,FOOD PANTRY-Agency,YELLOW RECEIPT - SHN,N-11-11072,1,0,0,1.62,9,BARROW,0.18,6/5/2024 9:30,6/5/2024 9:51,Price Code 1,CUSTOMER PICKUP,False,Food Bank of Northeast Georgia,01,30680.0,Winder,MRS BUTTERSWORTHS SMORES PANCAKE KIT,Food Misc.
781,177179,696,R-130,"Richard C. Wilson Recovery Residence, INC",479800,,ON PREMISES (OP),REHAB-Agency,LOCAL - LL,W-25-10000,26,0,0,4.68,26,BARROW,0.18,3/13/2024 9:09,3/13/2024 8:31,Price Code 1,CUSTOMER PICKUP,False,Sharing Floor Athens,01-SH,30666.0,Statham,"ASSORTED SNACK ITEMS, LL",Food Misc.
1038,180181,683,C-184,"Called to Serve Georgia, Inc",482787,,FP/OP/USDA,FOOD PANTRY-Agency,BLUE RECEIPT-SHL,W-16-10001,52,0,0,9.36,52,BARROW,0.18,5/3/2024 14:16,5/3/2024 14:21,Price Code 1,CUSTOMER PICKUP,False,Sharing Floor Athens,01-SH,30680.0,Winder,MISC. FOOD BOX SHL,Food Misc.
917,181058,1898,C-161,Church at Pierce Rd.,483663,,FP/OP,FOOD PANTRY-Agency,BLUE RECEIPT-SHL,N-03-10626,2,0,0,0.0,68,BARROW,0.0,5/24/2024 9:30,5/24/2024 9:59,Price Code 1,CUSTOMER PICKUP,False,Food Bank of Northeast Georgia,01,30680.0,Winder,"GREEN TEA W/ CITRUS, DIET LIPTON",Beverages
29,180144,8974,B-107,Barrow County Food Pantry,FAIMPORT482751,,FOOD PANTRY,FOOD PANTRY-Agency,BLUE RECEIPT-SHL,MCW-04-10000,104,0,0,0.0,104,BARROW,0.0,4/29/2024 0:00,4/29/2024 0:00,Price Code 1,CUSTOMER PICKUP,False,Food Bank of Northeast Georgia,01,30680.0,Winder,"BREAD AND BAKERY, SHL RETAIL PICKUPS",Grains
172,178513,696,P-104,Project Adam Community Asst Ct,481129,,ON PREMISES (OP),REHAB-Agency,LOCAL - LL,W-25-10000,60,0,0,10.8,60,BARROW,0.18,4/8/2024 13:41,4/8/2024 9:46,Price Code 1,CUSTOMER PICKUP,False,Sharing Floor Athens,01-SH,30680.0,Winder,"ASSORTED SNACK ITEMS, LL",Food Misc.
172,179210,9017,P-104,Project Adam Community Asst Ct,481823,,ON PREMISES (OP),REHAB-Agency,YELLOW RECEIPT - SHN,N-16-10182,1,0,0,2.34,13,BARROW,0.18,4/22/2024 13:41,4/22/2024 10:53,Price Code 1,CUSTOMER PICKUP,False,Food Bank of Northeast Georgia,01,30680.0,Winder,HEINZ APPLE CIDER VINEGAR,Food Misc.
497,175286,683,W-119,Winder Freelife Church,477915,,FP/OP/GNAP/USDA,FOOD PANTRY-Agency,BLUE RECEIPT-SHL,W-16-10001,7,0,0,1.26,7,BARROW,0.18,2/7/2024 14:38,2/7/2024 11:33,Price Code 1,CUSTOMER PICKUP,False,Sharing Floor Athens,01-SH,30680.0,Winder,MISC. FOOD BOX SHL,Food Misc.
953,181307,8975,C-179,Crossview Church Food Pantry,FAIMPORT483911,,FP/GNAP/USDA,FOOD PANTRY-Agency,BLUE RECEIPT-SHL,MCC-07-10001,3,0,0,0.0,3,BARROW,0.0,5/20/2024 0:00,5/20/2024 0:00,Price Code 1,CUSTOMER PICKUP,False,Food Bank of Northeast Georgia,01,30548.0,Hoschton,"DAIRY PRODUCTS, SHL RETAIL PICKUPS",Dairy
863,172980,6102,A-148,Auburn First Baptist Church,476610,,FOOD PANTRY,FOOD PANTRY-Agency,BLUE RECEIPT-SHL,C-31-10001,55,0,0,0.0,55,BARROW,0.0,1/12/2024 8:05,1/12/2024 8:19,Price Code 1,CUSTOMER PICKUP,False,Sharing Floor Athens,01-SH,30011.0,Auburn,"PREPARED FOOD COOLER, SHL",Prepared Meals
867,173832,8512,Y-108,YMCA of GA's Piedmont- Barrow County,477461,,FP/OP/GNAP/USDA,AT-RISK YOUTH-Agency,USDA,C-50-10049,5,0,0,35.1,195,BARROW,0.18,2/2/2024 10:42,2/14/2024 13:16,Price Code 1,CUSTOMER PICKUP,False,Food Bank of Northeast Georgia,01,30680.0,Winder,USDA GRAPEFRUIT CCC,Fruits
682,180861,875,C-170,Christ The King Ghana Methodist,483467,,DIRECT ASSISTANCE,FOOD PANTRY-Agency,BLUE RECEIPT-SHL,W-04-10000,21,0,0,0.0,21,BARROW,0.0,5/15/2024 15:05,5/15/2024 10:43,Price Code 1,CUSTOMER PICKUP,False,Sharing Floor Athens,01-SH,30680.0,Winder,"BREAD & BAKERY, ASSORTED SHL",Grains
953,179498,8975,C-179,Crossview Church Food Pantry,FAIMPORT482111,,FP/GNAP/USDA,FOOD PANTRY-Agency,BLUE RECEIPT-SHL,MCC-07-10001,1,0,0,0.0,1,BARROW,0.0,4/22/2024 0:00,4/22/2024 0:00,Price Code 1,CUSTOMER PICKUP,False,Food Bank of Northeast Georgia,01,30548.0,Hoschton,"DAIRY PRODUCTS, SHL RETAIL PICKUPS",Dairy
29,177776,8940,B-107,Barrow County Food Pantry,480395,,FOOD PANTRY,FOOD PANTRY-Agency,BLUE RECEIPT-SHL,C-28-90531,32,0,0,0.0,1664,BARROW,0.0,3/28/2024 7:00,3/28/2024 6:02,Price Code 1,TRACTOR TRAILER 1 MOBILE PANTRY,False,Food Bank of Northeast Georgia,01,30680.0,Winder,"CABBAGE, SHL 50#",Vegetables
576,180247,7169,F2KBARROW,Food 2 Kids Barrow County,482853,,DIRECT ASSISTANCE,DIRECT ASSISTANCE-Agency,GNAP,N-40-10236,8,0,0,0.0,112,BARROW,0.0,5/8/2024 9:00,5/9/2024 9:40,Price Code 1,TRUCK 1 MOBILE PANTRY,False,Food Bank of Northeast Georgia,01,,Athens,GNAP BEEF LASAGNA,Prepared Meals
1034,176082,8941,M-140BARROW,Barrow County MedLink Georgia,478709,,DIRECT ASSISTANCE,MOBILE PANTRY-Agency,BLUE RECEIPT-SHL,C-28-90532,20,0,0,0.0,1240,BARROW,0.0,3/1/2024 9:40,3/5/2024 6:34,Price Code 1,TRUCK 1 MOBILE PANTRY,False,Food Bank of Northeast Georgia,01,30628.0,Colbert,"CELERY, 24-36 CT",Vegetables
781,180839,5938,R-130,"Richard C. Wilson Recovery Residence, INC",483445,,ON PREMISES (OP),REHAB-Agency,BLUE RECEIPT-SHL,C-28-10001,60,0,0,1.8,60,BARROW,0.03,5/15/2024 9:09,5/15/2024 8:31,Price Code 1,CUSTOMER PICKUP,False,Sharing Floor Athens,01-SH,30666.0,Statham,"PRODUCE, FRESH SHL",Mixed Produce
172,181030,9066,P-104,Project Adam Community Asst Ct,483635,,ON PREMISES (OP),REHAB-Agency,BLUE RECEIPT-SHL,N-03-11832,10,0,0,0.0,150,BARROW,0.0,5/28/2024 8:00,5/28/2024 8:56,Price Code 1,CUSTOMER PICKUP,False,Food Bank of Northeast Georgia,01,30680.0,Winder,TROPICANA APPLE JUICE,Beverages
576,173797,4422,F2KBARROW,Food 2 Kids Barrow County,477426,,DIRECT ASSISTANCE,DIRECT ASSISTANCE-Agency,USDA,F-50-90452,44,0,0,0.0,1408,BARROW,0.0,2/14/2024 9:00,3/5/2024 13:20,Price Code 1,TRACTOR TRAILER 2 MOBILE PANTRY,False,Food Bank of Northeast Georgia,01,,Athens,USDA PORK LOIN BONELESS ROAST,Proteins
29,182128,8972,B-107,Barrow County Food Pantry,FAIMPORT484732,,FOOD PANTRY,FOOD PANTRY-Agency,BLUE RECEIPT-SHL,MCF-15-10000,158,0,0,0.0,158,BARROW,0.0,6/7/2024 0:00,6/7/2024 0:00,Price Code 1,CUSTOMER PICKUP,False,Food Bank of Northeast Georgia,01,30680.0,Winder,"FROZEN MEAT & SEAFOOD, SHL RETAIL PICKUP",Proteins
1040,180423,690,H-159,Hills Temple FBH Church,483029,,FP/OP/GNAP/USDA,FB DIRECT ASSISTANCE-Agency,BLUE RECEIPT-SHL,W-03-10013,72,0,0,0.0,72,BARROW,0.0,5/8/2024 11:28,5/8/2024 11:35,Price Code 1,CUSTOMER PICKUP,False,Sharing Floor Athens,01-SH,30680.0,Winder,"ASSORTED BEVERAGES, SHL",Beverages
917,173300,696,C-161,Church at Pierce Rd.,476929,,FP/OP,FOOD PANTRY-Agency,LOCAL - LL,W-25-10000,25,0,0,4.5,25,BARROW,0.18,1/19/2024 9:39,1/19/2024 10:08,Price Code 1,CUSTOMER PICKUP,False,Sharing Floor Athens,01-SH,30680.0,Winder,"ASSORTED SNACK ITEMS, LL",Food Misc.
682,173911,5938,C-170,Christ The King Ghana Methodist,477540,,DIRECT ASSISTANCE,FOOD PANTRY-Agency,BLUE RECEIPT-SHL,C-28-10001,357,0,0,10.71,357,BARROW,0.03,1/31/2024 15:05,1/31/2024 11:10,Price Code 1,CUSTOMER PICKUP,False,Sharing Floor Athens,01-SH,30680.0,Winder,"PRODUCE, FRESH SHL",Mixed Produce
682,177890,875,C-170,Christ The King Ghana Methodist,480509,,DIRECT ASSISTANCE,FOOD PANTRY-Agency,BLUE RECEIPT-SHL,W-04-10000,11,0,0,0.0,11,BARROW,0.0,3/26/2024 15:05,3/26/2024 14:24,Price Code 1,CUSTOMER PICKUP,False,Sharing Floor Athens,01-SH,30680.0,Winder,"BREAD & BAKERY, ASSORTED SHL",Grains
917,178855,683,C-161,Church at Pierce Rd.,481469,,FP/OP,FOOD PANTRY-Agency,BLUE RECEIPT-SHL,W-16-10001,45,0,0,8.1,45,BARROW,0.18,4/12/2024 9:39,4/12/2024 9:50,Price Code 1,CUSTOMER PICKUP,False,Sharing Floor Athens,01-SH,30680.0,Winder,MISC. FOOD BOX SHL,Food Misc.
479,179932,9036,W-118,Winder Wesleyan Church,482542,,FP/OP,FOOD PANTRY-Agency,GNAP,N-40-10273,3,0,0,0.0,42,BARROW,0.0,5/9/2024 10:00,5/14/2024 9:47,Price Code 1,CUSTOMER PICKUP,False,Food Bank of Northeast Georgia,01,30680.0,Winder,GNAP PASTA O'S IN TOMATO SAUCE,Prepared Meals
600,176844,7284,S-140,SYTGE (Seeing You Through God's Eyes) Outreach Ministry,479466,,FOOD PANTRY,FOOD PANTRY-Agency,USDA,C-50-10043,1,0,0,2.6,26,BARROW,0.1,3/14/2024 13:46,3/14/2024 10:13,Price Code 1,CUSTOMER PICKUP,False,Food Bank of Northeast Georgia,01,30680.0,Winder,USDA RED FAT AMERICAN CHEESE CCC,Dairy
682,173534,683,C-170,Christ The King Ghana Methodist,477163,,DIRECT ASSISTANCE,FOOD PANTRY-Agency,BLUE RECEIPT-SHL,W-16-10001,195,0,0,35.1,195,BARROW,0.18,1/24/2024 15:05,1/24/2024 10:57,Price Code 1,CUSTOMER PICKUP,False,Sharing Floor Athens,01-SH,30680.0,Winder,MISC. FOOD BOX SHL,Food Misc.
781,181915,696,R-130,"Richard C. Wilson Recovery Residence, INC",484519,,ON PREMISES (OP),REHAB-Agency,LOCAL - LL,W-25-10000,60,0,0,5.4,60,BARROW,0.09,6/5/2024 9:09,6/5/2024 9:27,Price Code 1,CUSTOMER PICKUP,False,Sharing Floor Athens,01-SH,30666.0,Statham,"ASSORTED SNACK ITEMS, LL",Food Misc.
29,181292,8971,B-107,Barrow County Food Pantry,FAIMPORT483897,,FOOD PANTRY,FOOD PANTRY-Agency,BLUE RECEIPT-SHL,MCF-16-10001,71,0,0,0.0,71,BARROW,0.0,5/17/2024 0:00,5/17/2024 0:00,Price Code 1,CUSTOMER PICKUP,False,Food Bank of Northeast Georgia,01,30680.0,Winder,"FROZEN FOODS, MISC SHL RETAIL PICKUP",Food Misc.
917,175883,8874,C-161,Church at Pierce Rd.,478511,,FP/OP,FOOD PANTRY-Agency,YELLOW RECEIPT - SHN,F-10-10002,2,0,0,0.18,6,BARROW,0.03,2/23/2024 9:39,2/23/2024 8:48,Price Code 1,CUSTOMER PICKUP,False,Food Bank of Northeast Georgia,01,30680.0,Winder,OUTSHINE TROPICAL SMOOTHIE CUBES,Beverages
953,176821,8972,C-179,Crossview Church Food Pantry,FAIMPORT479443,,FP/GNAP/USDA,FOOD PANTRY-Agency,BLUE RECEIPT-SHL,MCF-15-10000,234,0,0,0.0,234,BARROW,0.0,3/6/2024 0:00,3/6/2024 0:00,Price Code 1,CUSTOMER PICKUP,False,Food Bank of Northeast Georgia,01,30548.0,Hoschton,"FROZEN MEAT & SEAFOOD, SHL RETAIL PICKUP",Proteins
29,177776,6780,B-107,Barrow County Food Pantry,480395,,FOOD PANTRY,FOOD PANTRY-Agency,USDA,C-50-10024,98,0,0,0.0,4214,BARROW,0.0,3/28/2024 7:00,3/28/2024 6:02,Price Code 1,TRACTOR TRAILER 1 MOBILE PANTRY,False,Food Bank of Northeast Georgia,01,30680.0,Winder,USDA APPLES,Fruits
917,172667,8891,C-161,Church at Pierce Rd.,476298,,FP/OP,FOOD PANTRY-Agency,LFB,N-01-90133,2,0,0,3.6,20,BARROW,0.18,1/12/2024 9:39,1/12/2024 13:11,Price Code 1,CUSTOMER PICKUP,False,Food Bank of Northeast Georgia,01,30680.0,Winder,PULUPS 4T/5T,Non-Food Misc.
576,180247,9024,F2KBARROW,Food 2 Kids Barrow County,482853,,DIRECT ASSISTANCE,DIRECT ASSISTANCE-Agency,YELLOW RECEIPT - SHN,N-26-11582,10,0,0,0.0,70,BARROW,0.0,5/8/2024 9:00,5/9/2024 9:40,Price Code 1,TRUCK 1 MOBILE PANTRY,False,Food Bank of Northeast Georgia,01,,Athens,DUNCAN HINES CHOCOLATE FROSTING,Food Misc.
781,177179,5388,R-130,"Richard C. Wilson Recovery Residence, INC",479800,,ON PREMISES (OP),REHAB-Agency,BLUE RECEIPT-SHL,F-16-10001,36,0,0,0.0,36,BARROW,0.0,3/13/2024 9:09,3/13/2024 8:31,Price Code 1,CUSTOMER PICKUP,False,Sharing Floor Athens,01-SH,30666.0,Statham,"ASSORTED FROZEN FOODS, SHL",Food Misc.
863,178847,1045,A-148,Auburn First Baptist Church,481461,,FOOD PANTRY,FOOD PANTRY-Agency,BLUE RECEIPT-SHL,W-25-10009,13,0,0,0.0,13,BARROW,0.0,4/12/2024 8:05,4/12/2024 8:31,Price Code 1,CUSTOMER PICKUP,False,Sharing Floor Athens,01-SH,30011.0,Auburn,"ASSORTED SNACK ITEMS, SHL",Food Misc.
1038,181855,3712,C-184,"Called to Serve Georgia, Inc",484459,,FP/OP/USDA,FOOD PANTRY-Agency,USDA,N-50-10266,2,0,0,9.72,54,BARROW,0.18,6/28/2024 14:00,7/2/2024 7:46,Price Code 1,CUSTOMER PICKUP,False,Food Bank of Northeast Georgia,01,30680.0,Winder,USDA CANNED PINTO BEANS,Proteins
953,181596,8994,C-179,Crossview Church Food Pantry,484200,,FP/GNAP/USDA,FOOD PANTRY-Agency,GNAP,N-40-10269,4,0,0,0.0,108,BARROW,0.0,6/4/2024 11:00,6/13/2024 16:53,Price Code 1,TRUCK 1,False,Food Bank of Northeast Georgia,01,30548.0,Hoschton,"GNAP GREEN BEANS, WHOLE",Vegetables
1040,178462,7167,H-159,Hills Temple FBH Church,481078,,FP/OP/GNAP/USDA,FB DIRECT ASSISTANCE-Agency,BLUE RECEIPT-SHL,N-03-11200,10,0,0,0.0,100,BARROW,0.0,4/10/2024 0:04,4/15/2024 9:47,Price Code 1,CUSTOMER PICKUP,False,Food Bank of Northeast Georgia,01,30680.0,Winder,DR PEPPER ZERO SUGAR,Beverages
867,179864,1674,Y-108,YMCA of GA's Piedmont- Barrow County,482475,,FP/OP/GNAP/USDA,AT-RISK YOUTH-Agency,USDA,N-50-10073,3,0,0,14.58,81,BARROW,0.18,5/3/2024 14:18,5/3/2024 10:51,Price Code 1,CUSTOMER PICKUP,False,Food Bank of Northeast Georgia,01,30680.0,Winder,USDA TOMATO SAUCE,Vegetables
953,181308,8975,C-179,Crossview Church Food Pantry,FAIMPORT483912,,FP/GNAP/USDA,FOOD PANTRY-Agency,BLUE RECEIPT-SHL,MCC-07-10001,21,0,0,0.0,21,BARROW,0.0,5/22/2024 0:00,5/22/2024 0:00,Price Code 1,CUSTOMER PICKUP,False,Food Bank of Northeast Georgia,01,30548.0,Hoschton,"DAIRY PRODUCTS, SHL RETAIL PICKUPS",Dairy
953,182142,8972,C-179,Crossview Church Food Pantry,FAIMPORT484746,,FP/GNAP/USDA,FOOD PANTRY-Agency,BLUE RECEIPT-SHL,MCF-15-10000,212,0,0,0.0,212,BARROW,0.0,6/12/2024 0:00,6/12/2024 0:00,Price Code 1,CUSTOMER PICKUP,False,Food Bank of Northeast Georgia,01,30548.0,Hoschton,"FROZEN MEAT & SEAFOOD, SHL RETAIL PICKUP",Proteins
576,173797,8929,F2KBARROW,Food 2 Kids Barrow County,477426,,DIRECT ASSISTANCE,DIRECT ASSISTANCE-Agency,BLUE RECEIPT-SHL,N-03-11804,50,0,0,0.0,900,BARROW,0.0,2/14/2024 9:00,3/5/2024 13:20,Price Code 1,TRACTOR TRAILER 2 MOBILE PANTRY,False,Food Bank of Northeast Georgia,01,,Athens,GATORADE GRAPE LOWER SUGAR,Beverages
600,180692,8869,S-140,SYTGE (Seeing You Through God's Eyes) Outreach Ministry,483298,,FOOD PANTRY,FOOD PANTRY-Agency,YELLOW RECEIPT - SHN,N-20-10004,1,0,0,0.54,3,BARROW,0.18,5/16/2024 9:45,5/16/2024 10:46,Price Code 1,CUSTOMER PICKUP,False,Food Bank of Northeast Georgia,01,30680.0,Winder,PAMPERS PREEMIE SWADDLERS,Non-Food Misc.
497,175286,5407,W-119,Winder Freelife Church,477915,,FP/OP/GNAP/USDA,FOOD PANTRY-Agency,BLUE RECEIPT-SHL,F-15-10000,54,0,0,9.72,54,BARROW,0.18,2/7/2024 14:38,2/7/2024 11:33,Price Code 1,CUSTOMER PICKUP,False,Sharing Floor Athens,01-SH,30680.0,Winder,"MEAT & SEAFOOD, FROZEN SHL",Proteins
497,173513,8766,W-119,Winder Freelife Church,477142,,FP/OP/GNAP/USDA,FOOD PANTRY-Agency,LOCAL - LL,N-25-11919,1,0,0,0.36,2,BARROW,0.18,2/7/2024 11:00,2/7/2024 10:45,Price Code 1,CUSTOMER PICKUP,False,Food Bank of Northeast Georgia,01,30680.0,Winder,GHIRARDELLI SEA SALT CARAMEL CHOCOLATE,Food Misc.
953,180484,8975,C-179,Crossview Church Food Pantry,FAIMPORT483090,,FP/GNAP/USDA,FOOD PANTRY-Agency,BLUE RECEIPT-SHL,MCC-07-10001,4,0,0,0.0,4,BARROW,0.0,5/8/2024 0:00,5/8/2024 0:00,Price Code 1,CUSTOMER PICKUP,False,Food Bank of Northeast Georgia,01,30548.0,Hoschton,"DAIRY PRODUCTS, SHL RETAIL PICKUPS",Dairy
682,180861,690,C-170,Christ The King Ghana Methodist,483467,,DIRECT ASSISTANCE,FOOD PANTRY-Agency,BLUE RECEIPT-SHL,W-03-10013,450,0,0,0.0,450,BARROW,0.0,5/15/2024 15:05,5/15/2024 10:43,Price Code 1,CUSTOMER PICKUP,False,Sharing Floor Athens,01-SH,30680.0,Winder,"ASSORTED BEVERAGES, SHL",Beverages
576,178167,8851,F2KBARROW,Food 2 Kids Barrow County,480786,,DIRECT ASSISTANCE,DIRECT ASSISTANCE-Agency,PURCH,N-11-11071,6,0,0,0.0,36,BARROW,0.0,4/10/2024 9:00,4/10/2024 9:40,Price Code 1,TRUCK 1 MOBILE PANTRY,False,Food Bank of Northeast Georgia,01,,Athens,"CHICKEN STUFFING, PREMIER PANTRY",Prepared Meals
1013,172282,3943,S-143,"Spirit Of Sharing, INC",475913,,FP/GNAP/USDA,FOOD PANTRY-Agency,USDA,N-50-10268,50,0,0,0.0,1900,BARROW,0.0,1/3/2024 9:00,1/11/2024 8:45,Price Code 1,TRUCK 1 MOBILE PANTRY,False,Food Bank of Northeast Georgia,01,30680.0,Winder,USDA APPLE JUICE,Beverages
682,175619,683,C-170,Christ The King Ghana Methodist,478247,,DIRECT ASSISTANCE,FOOD PANTRY-Agency,BLUE RECEIPT-SHL,W-16-10001,53,0,0,9.54,53,BARROW,0.18,2/14/2024 15:05,2/14/2024 10:35,Price Code 1,CUSTOMER PICKUP,False,Sharing Floor Athens,01-SH,30680.0,Winder,MISC. FOOD BOX SHL,Food Misc.
781,173525,683,R-130,"Richard C. Wilson Recovery Residence, INC",477154,,ON PREMISES (OP),REHAB-Agency,BLUE RECEIPT-SHL,W-16-10001,16,0,0,2.88,16,BARROW,0.18,1/24/2024 9:09,1/24/2024 9:45,Price Code 1,CUSTOMER PICKUP,False,Sharing Floor Athens,01-SH,30666.0,Statham,MISC. FOOD BOX SHL,Food Misc.
29,176257,5407,B-107,Barrow County Food Pantry,FAIMPORT478883,,FOOD PANTRY,FOOD PANTRY-Agency,BLUE RECEIPT-SHL,F-15-10000,440,0,0,79.2,440,BARROW,0.18,2/16/2024 0:00,2/16/2024 0:00,Price Code 1,CUSTOMER PICKUP,False,Food Bank of Northeast Georgia,01,30680.0,Winder,"MEAT & SEAFOOD, FROZEN SHL",Proteins
781,172929,690,R-130,"Richard C. Wilson Recovery Residence, INC",476560,,ON PREMISES (OP),REHAB-Agency,BLUE RECEIPT-SHL,W-03-10013,274,0,0,8.22,274,BARROW,0.03,1/11/2024 9:09,1/11/2024 10:58,Price Code 1,CUSTOMER PICKUP,False,Sharing Floor Athens,01-SH,30666.0,Statham,"ASSORTED BEVERAGES, SHL",Beverages
953,178221,8975,C-179,Crossview Church Food Pantry,FAIMPORT480838,,FP/GNAP/USDA,FOOD PANTRY-Agency,BLUE RECEIPT-SHL,MCC-07-10001,6,0,0,0.0,6,BARROW,0.0,3/27/2024 0:00,3/27/2024 0:00,Price Code 1,CUSTOMER PICKUP,False,Food Bank of Northeast Georgia,01,30548.0,Hoschton,"DAIRY PRODUCTS, SHL RETAIL PICKUPS",Dairy
863,177904,5938,A-148,Auburn First Baptist Church,480523,,FOOD PANTRY,FOOD PANTRY-Agency,BLUE RECEIPT-SHL,C-28-10001,400,0,0,0.0,400,BARROW,0.0,3/28/2024 8:05,3/28/2024 11:43,Price Code 1,CUSTOMER PICKUP,False,Food Bank of Northeast Georgia,01,30011.0,Auburn,"PRODUCE, FRESH SHL",Mixed Produce
497,180867,690,W-119,Winder Freelife Church,483473,,FP/OP/GNAP/USDA,FOOD PANTRY-Agency,BLUE RECEIPT-SHL,W-03-10013,74,0,0,0.0,74,BARROW,0.0,5/15/2024 14:38,5/15/2024 11:28,Price Code 1,CUSTOMER PICKUP,False,Sharing Floor Athens,01-SH,30680.0,Winder,"ASSORTED BEVERAGES, SHL",Beverages
1040,180433,4411,H-159,Hills Temple FBH Church,483039,,FP/OP/GNAP/USDA,FB DIRECT ASSISTANCE-Agency,USDA,F-50-90465,15,0,0,56.7,315,BARROW,0.18,5/15/2024 10:00,5/15/2024 13:09,Price Code 1,CUSTOMER PICKUP,False,Food Bank of Northeast Georgia,01,30680.0,Winder,USDA WILD CAUGHT GULF SHRIMP,Proteins
867,179864,7152,Y-108,YMCA of GA's Piedmont- Barrow County,482475,,FP/OP/GNAP/USDA,AT-RISK YOUTH-Agency,GNAP,N-40-10233,3,0,0,0.0,48,BARROW,0.0,5/3/2024 14:18,5/3/2024 10:51,Price Code 1,CUSTOMER PICKUP,False,Food Bank of Northeast Georgia,01,30680.0,Winder,GNAP GRAPE JELLY,Food Misc.
576,173797,5088,F2KBARROW,Food 2 Kids Barrow County,477426,,DIRECT ASSISTANCE,DIRECT ASSISTANCE-Agency,USDA,F-50-90023,80,0,0,0.0,2000,BARROW,0.0,2/14/2024 9:00,3/5/2024 13:20,Price Code 1,TRACTOR TRAILER 2 MOBILE PANTRY,False,Food Bank of Northeast Georgia,01,,Athens,USDA FROZEN PEACHES CCC,Fruits
497,176147,8918,W-119,Winder Freelife Church,478774,,FP/OP/GNAP/USDA,FOOD PANTRY-Agency,LOCAL - LL,N-25-11950,2,0,0,0.72,4,BARROW,0.18,3/4/2024 11:00,3/4/2024 14:17,Price Code 1,CUSTOMER PICKUP,False,Food Bank of Northeast Georgia,01,30680.0,Winder,GHIRARDELLI DARK CHOCOLATE,Food Misc.
917,178855,5388,C-161,Church at Pierce Rd.,481469,,FP/OP,FOOD PANTRY-Agency,BLUE RECEIPT-SHL,F-16-10001,90,0,0,0.0,90,BARROW,0.0,4/12/2024 9:39,4/12/2024 9:50,Price Code 1,CUSTOMER PICKUP,False,Sharing Floor Athens,01-SH,30680.0,Winder,"ASSORTED FROZEN FOODS, SHL",Food Misc.
682,173534,690,C-170,Christ The King Ghana Methodist,477163,,DIRECT ASSISTANCE,FOOD PANTRY-Agency,BLUE RECEIPT-SHL,W-03-10013,223,0,0,0.0,223,BARROW,0.0,1/24/2024 15:05,1/24/2024 10:57,Price Code 1,CUSTOMER PICKUP,False,Sharing Floor Athens,01-SH,30680.0,Winder,"ASSORTED BEVERAGES, SHL",Beverages
1040,180765,7152,H-159,Hills Temple FBH Church,483371,,FP/OP/GNAP/USDA,FB DIRECT ASSISTANCE-Agency,GNAP,N-40-10233,10,0,0,0.0,160,BARROW,0.0,5/17/2024 9:15,5/17/2024 10:44,Price Code 1,CUSTOMER PICKUP,False,Food Bank of Northeast Georgia,01,30680.0,Winder,GNAP GRAPE JELLY,Food Misc.
781,181915,5407,R-130,"Richard C. Wilson Recovery Residence, INC",484519,,ON PREMISES (OP),REHAB-Agency,BLUE RECEIPT-SHL,F-15-10000,32,0,0,5.76,32,BARROW,0.18,6/5/2024 9:09,6/5/2024 9:27,Price Code 1,CUSTOMER PICKUP,False,Sharing Floor Athens,01-SH,30666.0,Statham,"MEAT & SEAFOOD, FROZEN SHL",Proteins
1038,181676,5407,C-184,"Called to Serve Georgia, Inc",484280,,FP/OP/USDA,FOOD PANTRY-Agency,BLUE RECEIPT-SHL,F-15-10000,87,0,0,15.66,87,BARROW,0.18,5/31/2024 9:53,5/31/2024 9:59,Price Code 1,CUSTOMER PICKUP,False,Sharing Floor Athens,01-SH,30680.0,Winder,"MEAT & SEAFOOD, FROZEN SHL",Proteins
917,179250,5958,C-161,Church at Pierce Rd.,481863,,FP/OP,FOOD PANTRY-Agency,BLUE RECEIPT-SHL,C-16-10001,46,0,0,8.28,46,BARROW,0.18,4/19/2024 9:39,4/19/2024 9:20,Price Code 1,CUSTOMER PICKUP,False,Sharing Floor Athens,01-SH,30680.0,Winder,"COOLER FOOD, MISC. SHL",Food Misc.
1040,177969,8943,H-159,Hills Temple FBH Church,480588,,FP/OP/GNAP/USDA,FB DIRECT ASSISTANCE-Agency,BLUE RECEIPT-SHL,C-28-90534,1,0,0,0.0,42,BARROW,0.0,4/3/2024 8:12,4/3/2024 11:28,Price Code 1,CUSTOMER PICKUP,False,Food Bank of Northeast Georgia,01,30680.0,Winder,"SWEET POTATO, SHL",Potatoes
781,173895,690,R-130,"Richard C. Wilson Recovery Residence, INC",477524,,ON PREMISES (OP),REHAB-Agency,BLUE RECEIPT-SHL,W-03-10013,273,0,0,0.0,273,BARROW,0.0,1/31/2024 9:09,1/31/2024 9:44,Price Code 1,CUSTOMER PICKUP,False,Sharing Floor Athens,01-SH,30666.0,Statham,"ASSORTED BEVERAGES, SHL",Beverages
917,173300,5958,C-161,Church at Pierce Rd.,476929,,FP/OP,FOOD PANTRY-Agency,BLUE RECEIPT-SHL,C-16-10001,55,0,0,9.9,55,BARROW,0.18,1/19/2024 9:39,1/19/2024 10:08,Price Code 1,CUSTOMER PICKUP,False,Sharing Floor Athens,01-SH,30680.0,Winder,"COOLER FOOD, MISC. SHL",Food Misc.
781,176598,690,R-130,"Richard C. Wilson Recovery Residence, INC",479222,,ON PREMISES (OP),REHAB-Agency,BLUE RECEIPT-SHL,W-03-10013,13,0,0,0.0,13,BARROW,0.0,3/4/2024 9:09,3/4/2024 8:38,Price Code 1,CUSTOMER PICKUP,False,Sharing Floor Athens,01-SH,30666.0,Statham,"ASSORTED BEVERAGES, SHL",Beverages
781,181915,875,R-130,"Richard C. Wilson Recovery Residence, INC",484519,,ON PREMISES (OP),REHAB-Agency,BLUE RECEIPT-SHL,W-04-10000,24,0,0,0.0,24,BARROW,0.0,6/5/2024 9:09,6/5/2024 9:27,Price Code 1,CUSTOMER PICKUP,False,Sharing Floor Athens,01-SH,30666.0,Statham,"BREAD & BAKERY, ASSORTED SHL",Grains
576,180247,9028,F2KBARROW,Food 2 Kids Barrow County,482853,,DIRECT ASSISTANCE,DIRECT ASSISTANCE-Agency,YELLOW RECEIPT - SHN,N-27-10139,15,0,0,0.0,585,BARROW,0.0,5/8/2024 9:00,5/9/2024 9:40,Price Code 1,TRUCK 1 MOBILE PANTRY,False,Food Bank of Northeast Georgia,01,,Athens,ANGELA MIA WHOLE PEELED PEAR TOMATOES,Vegetables
1040,177969,8969,H-159,Hills Temple FBH Church,480588,,FP/OP/GNAP/USDA,FB DIRECT ASSISTANCE-Agency,YELLOW RECEIPT - SHN,N-27-10135,5,0,0,1.35,135,BARROW,0.01,4/3/2024 8:12,4/3/2024 11:28,Price Code 1,CUSTOMER PICKUP,False,Food Bank of Northeast Georgia,01,30680.0,Winder,"HUNTS TOMATO SAUCE, BAG AND BOX",Vegetables
917,172307,8858,C-161,Church at Pierce Rd.,475938,,FP/OP,FOOD PANTRY-Agency,BLUE RECEIPT-SHL,N-03-11778,5,0,0,0.0,190,BARROW,0.0,1/5/2024 9:39,1/5/2024 14:36,Price Code 1,CUSTOMER PICKUP,False,Food Bank of Northeast Georgia,01,30680.0,Winder,CRUSH PEACH SODA,Beverages
867,172612,875,Y-108,YMCA of GA's Piedmont- Barrow County,476243,,FP/OP/GNAP/USDA,AT-RISK YOUTH-Agency,BLUE RECEIPT-SHL,W-04-10000,79,0,0,0.0,79,BARROW,0.0,1/5/2024 14:18,1/5/2024 11:02,Price Code 1,CUSTOMER PICKUP,False,Sharing Floor Athens,01-SH,30680.0,Winder,"BREAD & BAKERY, ASSORTED SHL",Grains
781,176598,5407,R-130,"Richard C. Wilson Recovery Residence, INC",479222,,ON PREMISES (OP),REHAB-Agency,BLUE RECEIPT-SHL,F-15-10000,66,0,0,0.0,66,BARROW,0.0,3/4/2024 9:09,3/4/2024 8:38,Price Code 1,CUSTOMER PICKUP,False,Sharing Floor Athens,01-SH,30666.0,Statham,"MEAT & SEAFOOD, FROZEN SHL",Proteins
172,182516,5407,P-104,Project Adam Community Asst Ct,485119,,ON PREMISES (OP),REHAB-Agency,BLUE RECEIPT-SHL,F-15-10000,14,0,0,2.52,14,BARROW,0.18,6/24/2024 13:41,6/24/2024 8:55,Price Code 1,CUSTOMER PICKUP,False,Sharing Floor Athens,01-SH,30680.0,Winder,"MEAT & SEAFOOD, FROZEN SHL",Proteins
497,181441,875,W-119,Winder Freelife Church,484045,,FP/OP/GNAP/USDA,FOOD PANTRY-Agency,BLUE RECEIPT-SHL,W-04-10000,24,0,0,0.0,24,BARROW,0.0,5/28/2024 14:38,5/28/2024 10:43,Price Code 1,CUSTOMER PICKUP,False,Sharing Floor Athens,01-SH,30680.0,Winder,"BREAD & BAKERY, ASSORTED SHL",Grains
917,172667,8873,C-161,Church at Pierce Rd.,476298,,FP/OP,FOOD PANTRY-Agency,YELLOW RECEIPT - SHN,F-10-10001,10,0,0,0.9,30,BARROW,0.03,1/12/2024 9:39,1/12/2024 13:11,Price Code 1,CUSTOMER PICKUP,False,Food Bank of Northeast Georgia,01,30680.0,Winder,OUTSHINE STRAWBERRY BANANA SMOOTHIE CUBES,Beverages
479,175981,8958,W-118,Winder Wesleyan Church,478609,,FP/OP,FOOD PANTRY-Agency,YELLOW RECEIPT - SHN,N-25-11957,2,0,0,1.08,6,BARROW,0.18,2/27/2024 9:00,2/27/2024 9:38,Price Code 1,CUSTOMER PICKUP,False,Food Bank of Northeast Georgia,01,30680.0,Winder,WHEAT THINS BIG,Grains
600,180692,7414,S-140,SYTGE (Seeing You Through God's Eyes) Outreach Ministry,483298,,FOOD PANTRY,FOOD PANTRY-Agency,PURCH,C-28-90525,3,0,0,0.0,66,BARROW,0.0,5/16/2024 9:45,5/16/2024 10:46,Price Code 1,CUSTOMER PICKUP,False,Food Bank of Northeast Georgia,01,30680.0,Winder,BROCCOLI CROWNS,Vegetables
1040,181389,8874,H-159,Hills Temple FBH Church,483993,,FP/OP/GNAP/USDA,FB DIRECT ASSISTANCE-Agency,YELLOW RECEIPT - SHN,F-10-10002,6,0,0,0.54,18,BARROW,0.03,6/4/2024 8:30,6/4/2024 13:51,Price Code 1,CUSTOMER PICKUP,False,Food Bank of Northeast Georgia,01,30680.0,Winder,OUTSHINE TROPICAL SMOOTHIE CUBES,Beverages
953,182653,8974,C-179,Crossview Church Food Pantry,FAIMPORT485256,,FP/GNAP/USDA,FOOD PANTRY-Agency,BLUE RECEIPT-SHL,MCW-04-10000,10,0,0,0.0,10,BARROW,0.0,6/28/2024 0:00,6/28/2024 0:00,Price Code 1,CUSTOMER PICKUP,False,Food Bank of Northeast Georgia,01,30548.0,Hoschton,"BREAD AND BAKERY, SHL RETAIL PICKUPS",Grains
863,181666,5938,A-148,Auburn First Baptist Church,484270,,FOOD PANTRY,FOOD PANTRY-Agency,BLUE RECEIPT-SHL,C-28-10001,276,0,0,8.28,276,BARROW,0.03,5/31/2024 8:05,5/31/2024 8:25,Price Code 1,CUSTOMER PICKUP,False,Sharing Floor Athens,01-SH,30011.0,Auburn,"PRODUCE, FRESH SHL",Mixed Produce
1013,178003,8991,S-143,"Spirit Of Sharing, INC",480622,,FP/GNAP/USDA,FOOD PANTRY-Agency,USDA,N-50-10311,13,0,0,0.0,312,BARROW,0.0,4/3/2024 9:00,4/5/2024 13:52,Price Code 1,TRUCK 1 MOBILE PANTRY,False,Food Bank of Northeast Georgia,01,30680.0,Winder,USDA HAZELNUTS CCC,Proteins
29,173390,1791,B-107,Barrow County Food Pantry,477019,,FOOD PANTRY,FOOD PANTRY-Agency,USDA,N-50-10079,25,0,0,0.0,650,BARROW,0.0,1/25/2024 7:00,1/25/2024 6:23,Price Code 1,TRACTOR TRAILER 1 MOBILE PANTRY,False,Food Bank of Northeast Georgia,01,30680.0,Winder,USDA WALNUT HALVES AND PIECES,Proteins
917,176563,8981,C-161,Church at Pierce Rd.,479187,,FP/OP,FOOD PANTRY-Agency,BLUE RECEIPT-SHL,F-15-90554,3,0,0,7.02,39,BARROW,0.18,3/7/2024 9:39,3/8/2024 11:38,Price Code 1,CUSTOMER PICKUP,False,Food Bank of Northeast Georgia,01,30680.0,Winder,JENNIE-O TURKEY FRANKS,Proteins
682,180861,683,C-170,Christ The King Ghana Methodist,483467,,DIRECT ASSISTANCE,FOOD PANTRY-Agency,BLUE RECEIPT-SHL,W-16-10001,88,0,0,0.0,88,BARROW,0.0,5/15/2024 15:05,5/15/2024 10:43,Price Code 1,CUSTOMER PICKUP,False,Sharing Floor Athens,01-SH,30680.0,Winder,MISC. FOOD BOX SHL,Food Misc.
781,181181,690,R-130,"Richard C. Wilson Recovery Residence, INC",483786,,ON PREMISES (OP),REHAB-Agency,BLUE RECEIPT-SHL,W-03-10013,173,0,0,0.0,173,BARROW,0.0,5/22/2024 9:09,5/22/2024 9:24,Price Code 1,CUSTOMER PICKUP,False,Sharing Floor Athens,01-SH,30666.0,Statham,"ASSORTED BEVERAGES, SHL",Beverages
172,172725,688,P-104,Project Adam Community Asst Ct,476356,,ON PREMISES (OP),REHAB-Agency,BLUE RECEIPT-SHL,W-01-10000,608,0,0,0.0,608,BARROW,0.0,1/8/2024 13:41,1/8/2024 11:13,Price Code 1,CUSTOMER PICKUP,False,Sharing Floor Athens,01-SH,30680.0,Winder,"ASSORTED NON-FOOD ITEMS, SHL",Non-Food Misc.
917,182016,5388,C-161,Church at Pierce Rd.,484620,,FP/OP,FOOD PANTRY-Agency,BLUE RECEIPT-SHL,F-16-10001,78,0,0,7.02,78,BARROW,0.09,6/7/2024 9:39,6/7/2024 9:46,Price Code 1,CUSTOMER PICKUP,False,Sharing Floor Athens,01-SH,30680.0,Winder,"ASSORTED FROZEN FOODS, SHL",Food Misc.
682,177638,50,C-170,Christ The King Ghana Methodist,480258,,DIRECT ASSISTANCE,FOOD PANTRY-Agency,LOCAL - LL,W-16-10002,111,0,0,19.98,111,BARROW,0.18,3/20/2024 15:05,3/20/2024 10:27,Price Code 1,CUSTOMER PICKUP,False,Sharing Floor Athens,01-SH,30680.0,Winder,MISC. FOOD BOX LL,Food Misc.
1040,178956,690,H-159,Hills Temple FBH Church,481570,,FP/OP/GNAP/USDA,FB DIRECT ASSISTANCE-Agency,BLUE RECEIPT-SHL,W-03-10013,522,0,0,0.0,522,BARROW,0.0,4/15/2024 9:29,4/15/2024 9:42,Price Code 1,CUSTOMER PICKUP,False,Sharing Floor Athens,01-SH,30680.0,Winder,"ASSORTED BEVERAGES, SHL",Beverages
682,175619,5938,C-170,Christ The King Ghana Methodist,478247,,DIRECT ASSISTANCE,FOOD PANTRY-Agency,BLUE RECEIPT-SHL,C-28-10001,174,0,0,5.22,174,BARROW,0.03,2/14/2024 15:05,2/14/2024 10:35,Price Code 1,CUSTOMER PICKUP,False,Sharing Floor Athens,01-SH,30680.0,Winder,"PRODUCE, FRESH SHL",Mixed Produce
917,173300,5477,C-161,Church at Pierce Rd.,476929,,FP/OP,FOOD PANTRY-Agency,LOCAL - LL,F-15-10001,46,0,0,0.0,46,BARROW,0.0,1/19/2024 9:39,1/19/2024 10:08,Price Code 1,CUSTOMER PICKUP,False,Sharing Floor Athens,01-SH,30680.0,Winder,"MEAT & SEAFOOD, FROZEN LOCAL",Proteins
1040,178556,690,H-159,Hills Temple FBH Church,481172,,FP/OP/GNAP/USDA,FB DIRECT ASSISTANCE-Agency,BLUE RECEIPT-SHL,W-03-10013,550,0,0,0.0,550,BARROW,0.0,4/8/2024 14:40,4/8/2024 15:01,Price Code 1,CUSTOMER PICKUP,False,Sharing Floor Athens,01-SH,30680.0,Winder,"ASSORTED BEVERAGES, SHL",Beverages
29,182923,8976,B-107,Barrow County Food Pantry,FAIMPORT485524,,FOOD PANTRY,FOOD PANTRY-Agency,BLUE RECEIPT-SHL,MCC-28-10001,108,0,0,0.0,108,BARROW,0.0,6/17/2024 0:00,6/17/2024 0:00,Price Code 1,CUSTOMER PICKUP,False,Food Bank of Northeast Georgia,01,30680.0,Winder,"PRODUCE, SHL RETAIL PICKUPS",Mixed Produce
867,176025,3943,Y-108,YMCA of GA's Piedmont- Barrow County,478653,,FP/OP/GNAP/USDA,AT-RISK YOUTH-Agency,USDA,N-50-10268,4,0,0,4.56,152,BARROW,0.03,2/27/2024 14:18,2/28/2024 15:06,Price Code 1,CUSTOMER PICKUP,False,Food Bank of Northeast Georgia,01,30680.0,Winder,USDA APPLE JUICE,Beverages
497,176623,688,W-119,Winder Freelife Church,479246,,FP/OP/GNAP/USDA,FOOD PANTRY-Agency,BLUE RECEIPT-SHL,W-01-10000,45,0,0,8.1,45,BARROW,0.18,3/4/2024 14:38,3/4/2024 11:36,Price Code 1,CUSTOMER PICKUP,False,Sharing Floor Athens,01-SH,30680.0,Winder,"ASSORTED NON-FOOD ITEMS, SHL",Non-Food Misc.
585,172713,8909,F2K360BAR,F2K360 BARROW,476344,,FP/OP/GNAP/USDA,DIRECT ASSISTANCE-Agency,BLUE RECEIPT-SHL,N-03-11795,9,0,0,0.0,153,BARROW,0.0,1/10/2024 9:00,1/10/2024 12:56,Price Code 1,TRUCK 1 MOBILE PANTRY,False,Food Bank of Northeast Georgia,01,30607.0,ATHENS,STARBUCKS VANILLA FRAPPUCCINO,Beverages
1013,179765,8943,S-143,"Spirit Of Sharing, INC",482378,,FP/GNAP/USDA,FOOD PANTRY-Agency,BLUE RECEIPT-SHL,C-28-90534,48,0,0,0.0,2016,BARROW,0.0,5/1/2024 9:00,5/1/2024 10:21,Price Code 1,TRUCK 1 MOBILE PANTRY,False,Food Bank of Northeast Georgia,01,30680.0,Winder,"SWEET POTATO, SHL",Potatoes
781,176002,92,R-130,"Richard C. Wilson Recovery Residence, INC",478630,,ON PREMISES (OP),REHAB-Agency,LOCAL - LL,W-01-10002,6,0,0,1.08,6,BARROW,0.18,2/22/2024 9:09,2/22/2024 8:33,Price Code 1,CUSTOMER PICKUP,False,Sharing Floor Athens,01-SH,30666.0,Statham,"ASSORTED NON-FOOD ITEMS, LL",Non-Food Misc.
172,177404,6351,P-104,Project Adam Community Asst Ct,480024,,ON PREMISES (OP),REHAB-Agency,BLUE RECEIPT-SHL,C-28-90163,1,0,0,1.0,50,BARROW,0.02,3/20/2024 13:41,3/25/2024 10:47,Price Code 1,CUSTOMER PICKUP,False,Food Bank of Northeast Georgia,01,30680.0,Winder,YUKON GOLD POTATOES,Potatoes
917,172307,8899,C-161,Church at Pierce Rd.,475938,,FP/OP,FOOD PANTRY-Agency,BLUE RECEIPT-SHL,N-03-11790,2,0,0,0.0,26,BARROW,0.0,1/5/2024 9:39,1/5/2024 14:36,Price Code 1,CUSTOMER PICKUP,False,Food Bank of Northeast Georgia,01,30680.0,Winder,STARBUCKS DOUBLE SHOT ENERGY,Beverages
867,178008,7298,Y-108,YMCA of GA's Piedmont- Barrow County,480627,,FP/OP/GNAP/USDA,AT-RISK YOUTH-Agency,GNAP,N-40-10248,1,0,0,0.0,14,BARROW,0.0,4/5/2024 10:00,4/5/2024 10:01,Price Code 1,CUSTOMER PICKUP,False,Food Bank of Northeast Georgia,01,30680.0,Winder,GNAP BAKING AND BISCUIT MIX,Grains
863,182009,688,A-148,Auburn First Baptist Church,484613,,FOOD PANTRY,FOOD PANTRY-Agency,BLUE RECEIPT-SHL,W-01-10000,6,0,0,0.0,6,BARROW,0.0,6/7/2024 8:05,6/7/2024 8:22,Price Code 1,CUSTOMER PICKUP,False,Sharing Floor Athens,01-SH,30011.0,Auburn,"ASSORTED NON-FOOD ITEMS, SHL",Non-Food Misc.
172,179283,9020,P-104,Project Adam Community Asst Ct,481896,,ON PREMISES (OP),REHAB-Agency,BLUE RECEIPT-SHL,F-15-90560,4,0,0,12.96,72,BARROW,0.18,4/22/2024 13:41,4/22/2024 10:53,Price Code 1,CUSTOMER PICKUP,False,Food Bank of Northeast Georgia,01,30680.0,Winder,APPLETON PORK SAUSAGE,Proteins
172,178116,7094,P-104,Project Adam Community Asst Ct,480735,,ON PREMISES (OP),REHAB-Agency,PURCH,N-21-10056,3,0,0,6.48,36,BARROW,0.18,4/8/2024 10:00,4/8/2024 10:29,Price Code 1,CUSTOMER PICKUP,False,Food Bank of Northeast Georgia,01,30680.0,Winder,MACARONI & CHEESE,Prepared Meals
867,179864,7169,Y-108,YMCA of GA's Piedmont- Barrow County,482475,,FP/OP/GNAP/USDA,AT-RISK YOUTH-Agency,GNAP,N-40-10236,2,0,0,0.0,28,BARROW,0.0,5/3/2024 14:18,5/3/2024 10:51,Price Code 1,CUSTOMER PICKUP,False,Food Bank of Northeast Georgia,01,30680.0,Winder,GNAP BEEF LASAGNA,Prepared Meals
1009,172984,696,S-142,"SAY In Need, Inc",476614,,OP/USDA,FEED SITE-Agency,LOCAL - LL,W-25-10000,71,0,0,12.78,71,BARROW,0.18,1/12/2024 8:26,1/12/2024 9:01,Price Code 1,CUSTOMER PICKUP,False,Sharing Floor Athens,01-SH,30620.0,Bethlehem,"ASSORTED SNACK ITEMS, LL",Food Misc.
682,175955,696,C-170,Christ The King Ghana Methodist,478583,,DIRECT ASSISTANCE,FOOD PANTRY-Agency,LOCAL - LL,W-25-10000,24,0,0,4.32,24,BARROW,0.18,2/21/2024 15:05,2/21/2024 10:44,Price Code 1,CUSTOMER PICKUP,False,Sharing Floor Athens,01-SH,30680.0,Winder,"ASSORTED SNACK ITEMS, LL",Food Misc.
781,173895,92,R-130,"Richard C. Wilson Recovery Residence, INC",477524,,ON PREMISES (OP),REHAB-Agency,LOCAL - LL,W-01-10002,42,0,0,7.56,42,BARROW,0.18,1/31/2024 9:09,1/31/2024 9:44,Price Code 1,CUSTOMER PICKUP,False,Sharing Floor Athens,01-SH,30666.0,Statham,"ASSORTED NON-FOOD ITEMS, LL",Non-Food Misc.
917,181999,9014,C-161,Church at Pierce Rd.,484603,,FP/OP,FOOD PANTRY-Agency,PURCH,N-27-10136,2,0,104,9.72,54,BARROW,0.18,6/21/2024 10:00,6/27/2024 7:38,Price Code 1,CUSTOMER PICKUP,False,Food Bank of Northeast Georgia,01,30680.0,Winder,"GREEN BEANS, HARVEST VALLEY",Vegetables
917,172307,8875,C-161,Church at Pierce Rd.,475938,,FP/OP,FOOD PANTRY-Agency,BLUE RECEIPT-SHL,N-03-11780,2,0,0,0.0,70,BARROW,0.0,1/5/2024 9:39,1/5/2024 14:36,Price Code 1,CUSTOMER PICKUP,False,Food Bank of Northeast Georgia,01,30680.0,Winder,GATORADE G2 GRAPE,Beverages
864,176249,875,W-124,Winder Church of God of Prophecy,478875,,FP/OP,FOOD PANTRY-Agency,BLUE RECEIPT-SHL,W-04-10000,31,0,0,0.0,31,BARROW,0.0,2/27/2024 12:22,2/27/2024 8:41,Price Code 1,CUSTOMER PICKUP,False,Sharing Floor Athens,01-SH,30680.0,Winder,"BREAD & BAKERY, ASSORTED SHL",Grains
867,176511,875,Y-108,YMCA of GA's Piedmont- Barrow County,479135,,FP/OP/GNAP/USDA,AT-RISK YOUTH-Agency,BLUE RECEIPT-SHL,W-04-10000,89,0,0,0.0,89,BARROW,0.0,3/1/2024 14:18,3/1/2024 11:03,Price Code 1,CUSTOMER PICKUP,False,Sharing Floor Athens,01-SH,30680.0,Winder,"BREAD & BAKERY, ASSORTED SHL",Grains
781,176344,5938,R-130,"Richard C. Wilson Recovery Residence, INC",478969,,ON PREMISES (OP),REHAB-Agency,BLUE RECEIPT-SHL,C-28-10001,38,0,0,1.14,38,BARROW,0.03,2/28/2024 9:09,2/28/2024 8:41,Price Code 1,CUSTOMER PICKUP,False,Sharing Floor Athens,01-SH,30666.0,Statham,"PRODUCE, FRESH SHL",Mixed Produce
781,175982,8959,R-130,"Richard C. Wilson Recovery Residence, INC",478610,,ON PREMISES (OP),REHAB-Agency,YELLOW RECEIPT - SHN,N-25-11958,5,0,0,7.2,40,BARROW,0.18,2/26/2024 11:00,2/26/2024 13:44,Price Code 1,CUSTOMER PICKUP,False,Food Bank of Northeast Georgia,01,30666.0,Statham,RITZ CRACKERS FAMILY SIZE,Grains
953,182653,8973,C-179,Crossview Church Food Pantry,FAIMPORT485256,,FP/GNAP/USDA,FOOD PANTRY-Agency,BLUE RECEIPT-SHL,MCC-16-10001,72,0,0,0.0,72,BARROW,0.0,6/28/2024 0:00,6/28/2024 0:00,Price Code 1,CUSTOMER PICKUP,False,Food Bank of Northeast Georgia,01,30548.0,Hoschton,"COOLER FOOD MISC., SHL RETAIL PICKUP",Food Misc.
953,180002,8972,C-179,Crossview Church Food Pantry,FAIMPORT482610,,FP/GNAP/USDA,FOOD PANTRY-Agency,BLUE RECEIPT-SHL,MCF-15-10000,208,0,0,0.0,208,BARROW,0.0,5/1/2024 0:00,5/1/2024 0:00,Price Code 1,CUSTOMER PICKUP,False,Food Bank of Northeast Georgia,01,30548.0,Hoschton,"FROZEN MEAT & SEAFOOD, SHL RETAIL PICKUP",Proteins
1013,181770,1674,S-143,"Spirit Of Sharing, INC",484374,,FP/GNAP/USDA,FOOD PANTRY-Agency,USDA,N-50-10073,13,0,0,0.0,351,BARROW,0.0,6/5/2024 9:00,6/5/2024 13:08,Price Code 1,TRUCK 1 MOBILE PANTRY,False,Food Bank of Northeast Georgia,01,30680.0,Winder,USDA TOMATO SAUCE,Vegetables
917,175741,5407,C-161,Church at Pierce Rd.,478369,,FP/OP,FOOD PANTRY-Agency,BLUE RECEIPT-SHL,F-15-10000,68,0,0,12.24,68,BARROW,0.18,2/16/2024 9:39,2/16/2024 10:08,Price Code 1,CUSTOMER PICKUP,False,Sharing Floor Athens,01-SH,30680.0,Winder,"MEAT & SEAFOOD, FROZEN SHL",Proteins
497,180867,688,W-119,Winder Freelife Church,483473,,FP/OP/GNAP/USDA,FOOD PANTRY-Agency,BLUE RECEIPT-SHL,W-01-10000,2,0,0,0.36,2,BARROW,0.18,5/15/2024 14:38,5/15/2024 11:28,Price Code 1,CUSTOMER PICKUP,False,Sharing Floor Athens,01-SH,30680.0,Winder,"ASSORTED NON-FOOD ITEMS, SHL",Non-Food Misc.
917,173011,683,C-161,Church at Pierce Rd.,476641,,FP/OP,FOOD PANTRY-Agency,BLUE RECEIPT-SHL,W-16-10001,136,0,0,24.48,136,BARROW,0.18,1/12/2024 9:39,1/12/2024 12:10,Price Code 1,CUSTOMER PICKUP,False,Sharing Floor Athens,01-SH,30680.0,Winder,MISC. FOOD BOX SHL,Food Misc.
29,173390,3943,B-107,Barrow County Food Pantry,477019,,FOOD PANTRY,FOOD PANTRY-Agency,USDA,N-50-10268,60,0,0,0.0,2280,BARROW,0.0,1/25/2024 7:00,1/25/2024 6:23,Price Code 1,TRACTOR TRAILER 1 MOBILE PANTRY,False,Food Bank of Northeast Georgia,01,30680.0,Winder,USDA APPLE JUICE,Beverages
917,172667,8882,C-161,Church at Pierce Rd.,476298,,FP/OP,FOOD PANTRY-Agency,BLUE RECEIPT-SHL,F-15-90548,10,0,0,16.2,90,BARROW,0.18,1/12/2024 9:39,1/12/2024 13:11,Price Code 1,CUSTOMER PICKUP,False,Food Bank of Northeast Georgia,01,30680.0,Winder,"GROUND TURKEY BREAST, KIRKWOOD",Proteins
29,181117,2202,B-107,Barrow County Food Pantry,483722,,FOOD PANTRY,FOOD PANTRY-Agency,USDA,N-50-10240,30,0,0,0.0,660,BARROW,0.0,5/23/2024 8:19,5/28/2024 7:55,Price Code 1,TRACTOR TRAILER 1 MOBILE PANTRY,False,Food Bank of Northeast Georgia,01,30680.0,Winder,USDA SPAGHETTI,Grains
867,178663,2202,Y-108,YMCA of GA's Piedmont- Barrow County,481279,,FP/OP/GNAP/USDA,AT-RISK YOUTH-Agency,USDA,N-50-10240,3,0,0,11.88,66,BARROW,0.18,4/15/2024 14:18,4/15/2024 14:42,Price Code 1,CUSTOMER PICKUP,False,Food Bank of Northeast Georgia,01,30680.0,Winder,USDA SPAGHETTI,Grains
781,180839,683,R-130,"Richard C. Wilson Recovery Residence, INC",483445,,ON PREMISES (OP),REHAB-Agency,BLUE RECEIPT-SHL,W-16-10001,11,0,0,0.0,11,BARROW,0.0,5/15/2024 9:09,5/15/2024 8:31,Price Code 1,CUSTOMER PICKUP,False,Sharing Floor Athens,01-SH,30666.0,Statham,MISC. FOOD BOX SHL,Food Misc.
867,173112,8512,Y-108,YMCA of GA's Piedmont- Barrow County,476742,,FP/OP/GNAP/USDA,AT-RISK YOUTH-Agency,USDA,C-50-10049,4,0,0,28.08,156,BARROW,0.18,1/19/2024 14:13,1/19/2024 10:22,Price Code 1,CUSTOMER PICKUP,False,Food Bank of Northeast Georgia,01,30680.0,Winder,USDA GRAPEFRUIT CCC,Fruits
1040,177969,7083,H-159,Hills Temple FBH Church,480588,,FP/OP/GNAP/USDA,FB DIRECT ASSISTANCE-Agency,USDA,C-50-10029,9,0,0,19.44,108,BARROW,0.18,4/3/2024 8:12,4/3/2024 11:28,Price Code 1,CUSTOMER PICKUP,False,Food Bank of Northeast Georgia,01,30680.0,Winder,"USDA MILD CHEDDAR CHEESE, BLOCK CCC",Dairy
867,181186,3943,Y-108,YMCA of GA's Piedmont- Barrow County,483791,,FP/OP/GNAP/USDA,AT-RISK YOUTH-Agency,USDA,N-50-10268,6,0,0,6.84,228,BARROW,0.03,5/28/2024 9:00,5/28/2024 9:11,Price Code 1,CUSTOMER PICKUP,False,Food Bank of Northeast Georgia,01,30680.0,Winder,USDA APPLE JUICE,Beverages
29,182924,8976,B-107,Barrow County Food Pantry,FAIMPORT485525,,FOOD PANTRY,FOOD PANTRY-Agency,BLUE RECEIPT-SHL,MCC-28-10001,40,0,0,0.0,40,BARROW,0.0,6/21/2024 0:00,6/21/2024 0:00,Price Code 1,CUSTOMER PICKUP,False,Food Bank of Northeast Georgia,01,30680.0,Winder,"PRODUCE, SHL RETAIL PICKUPS",Mixed Produce
867,179309,800,Y-108,YMCA of GA's Piedmont- Barrow County,481922,,FP/OP/GNAP/USDA,AT-RISK YOUTH-Agency,USDA,N-50-10065,2,0,0,9.72,54,BARROW,0.18,4/24/2024 14:18,4/24/2024 10:56,Price Code 1,CUSTOMER PICKUP,False,Food Bank of Northeast Georgia,01,30680.0,Winder,USDA APPLESAUCE,Fruits
682,182025,688,C-170,Christ The King Ghana Methodist,484629,,DIRECT ASSISTANCE,FOOD PANTRY-Agency,BLUE RECEIPT-SHL,W-01-10000,9,0,0,0.0,9,BARROW,0.0,6/7/2024 15:05,6/7/2024 11:03,Price Code 1,CUSTOMER PICKUP,False,Sharing Floor Athens,01-SH,30680.0,Winder,"ASSORTED NON-FOOD ITEMS, SHL",Non-Food Misc.
576,180247,7152,F2KBARROW,Food 2 Kids Barrow County,482853,,DIRECT ASSISTANCE,DIRECT ASSISTANCE-Agency,GNAP,N-40-10233,8,0,0,0.0,128,BARROW,0.0,5/8/2024 9:00,5/9/2024 9:40,Price Code 1,TRUCK 1 MOBILE PANTRY,False,Food Bank of Northeast Georgia,01,,Athens,GNAP GRAPE JELLY,Food Misc.
29,177190,8974,B-107,Barrow County Food Pantry,FAIMPORT479811,,FOOD PANTRY,FOOD PANTRY-Agency,BLUE RECEIPT-SHL,MCW-04-10000,161,0,0,0.0,161,BARROW,0.0,3/8/2024 0:00,3/8/2024 0:00,Price Code 1,CUSTOMER PICKUP,False,Food Bank of Northeast Georgia,01,30680.0,Winder,"BREAD AND BAKERY, SHL RETAIL PICKUPS",Grains
1040,181389,9039,H-159,Hills Temple FBH Church,483993,,FP/OP/GNAP/USDA,FB DIRECT ASSISTANCE-Agency,GNAP,N-40-10276,3,0,0,0.0,30,BARROW,0.0,6/4/2024 8:30,6/4/2024 13:51,Price Code 1,CUSTOMER PICKUP,False,Food Bank of Northeast Georgia,01,30680.0,Winder,GNAP CHEESE STICKS - WHITE CHEDDAR,Dairy
917,175398,5938,C-161,Church at Pierce Rd.,478027,,FP/OP,FOOD PANTRY-Agency,BLUE RECEIPT-SHL,C-28-10001,72,0,0,2.16,72,BARROW,0.03,2/9/2024 9:39,2/9/2024 9:46,Price Code 1,CUSTOMER PICKUP,False,Sharing Floor Athens,01-SH,30680.0,Winder,"PRODUCE, FRESH SHL",Mixed Produce
781,175670,5938,R-130,"Richard C. Wilson Recovery Residence, INC",478298,,ON PREMISES (OP),REHAB-Agency,BLUE RECEIPT-SHL,C-28-10001,16,0,0,0.48,16,BARROW,0.03,2/15/2024 9:09,2/15/2024 8:32,Price Code 1,CUSTOMER PICKUP,False,Sharing Floor Athens,01-SH,30666.0,Statham,"PRODUCE, FRESH SHL",Mixed Produce
479,179932,9038,W-118,Winder Wesleyan Church,482542,,FP/OP,FOOD PANTRY-Agency,GNAP,N-40-10275,2,0,0,0.0,18,BARROW,0.0,5/9/2024 10:00,5/14/2024 9:47,Price Code 1,CUSTOMER PICKUP,False,Food Bank of Northeast Georgia,01,30680.0,Winder,GNAP CORN FLAKES CEREAL BOWLS,Grains
497,176623,690,W-119,Winder Freelife Church,479246,,FP/OP/GNAP/USDA,FOOD PANTRY-Agency,BLUE RECEIPT-SHL,W-03-10013,24,0,0,0.0,24,BARROW,0.0,3/4/2024 14:38,3/4/2024 11:36,Price Code 1,CUSTOMER PICKUP,False,Sharing Floor Athens,01-SH,30680.0,Winder,"ASSORTED BEVERAGES, SHL",Beverages
917,181058,7008,C-161,Church at Pierce Rd.,483663,,FP/OP,FOOD PANTRY-Agency,LOCAL - LL,C-28-90443,1,0,0,0.0,22,BARROW,0.0,5/24/2024 9:30,5/24/2024 9:59,Price Code 1,CUSTOMER PICKUP,False,Food Bank of Northeast Georgia,01,30680.0,Winder,BELL PEPPERS,Vegetables
682,178241,8974,C-170,Christ The King Ghana Methodist,480857,,DIRECT ASSISTANCE,FOOD PANTRY-Agency,BLUE RECEIPT-SHL,MCW-04-10000,58,0,0,0.0,58,BARROW,0.0,4/3/2024 15:05,4/3/2024 10:40,Price Code 1,CUSTOMER PICKUP,False,Sharing Floor Athens,01-SH,30680.0,Winder,"BREAD AND BAKERY, SHL RETAIL PICKUPS",Grains
867,181251,3203,Y-108,YMCA of GA's Piedmont- Barrow County,483856,,FP/OP/GNAP/USDA,AT-RISK YOUTH-Agency,USDA,N-50-10289,5,0,0,22.5,125,BARROW,0.18,5/31/2024 10:00,5/31/2024 14:10,Price Code 1,CUSTOMER PICKUP,False,Food Bank of Northeast Georgia,01,30680.0,Winder,USDA PECAN PIECES,Proteins
585,172713,8627,F2K360BAR,F2K360 BARROW,476344,,FP/OP/GNAP/USDA,DIRECT ASSISTANCE-Agency,USDA,N-50-10300,8,0,0,0.0,112,BARROW,0.0,1/10/2024 9:00,1/10/2024 12:56,Price Code 1,TRUCK 1 MOBILE PANTRY,False,Food Bank of Northeast Georgia,01,30607.0,ATHENS,USDA CANNED COLLARD GREENS CCC,Vegetables
1040,177969,8906,H-159,Hills Temple FBH Church,480588,,FP/OP/GNAP/USDA,FB DIRECT ASSISTANCE-Agency,GNAP,N-40-10266,4,0,0,0.0,80,BARROW,0.0,4/3/2024 8:12,4/3/2024 11:28,Price Code 1,CUSTOMER PICKUP,False,Food Bank of Northeast Georgia,01,30680.0,Winder,GNAP SPAGHETTI,Grains
1040,178956,5407,H-159,Hills Temple FBH Church,481570,,FP/OP/GNAP/USDA,FB DIRECT ASSISTANCE-Agency,BLUE RECEIPT-SHL,F-15-10000,145,0,0,26.1,145,BARROW,0.18,4/15/2024 9:29,4/15/2024 9:42,Price Code 1,CUSTOMER PICKUP,False,Sharing Floor Athens,01-SH,30680.0,Winder,"MEAT & SEAFOOD, FROZEN SHL",Proteins
917,181408,7164,C-161,Church at Pierce Rd.,484012,,FP/OP,FOOD PANTRY-Agency,BLUE RECEIPT-SHL,N-03-11197,6,0,0,0.0,60,BARROW,0.0,5/31/2024 9:00,5/31/2024 10:37,Price Code 1,CUSTOMER PICKUP,False,Food Bank of Northeast Georgia,01,30680.0,Winder,MT DEW ZERO SUGAR MAJOR MELON,Beverages
917,177355,688,C-161,Church at Pierce Rd.,479975,,FP/OP,FOOD PANTRY-Agency,BLUE RECEIPT-SHL,W-01-10000,7,0,0,0.0,7,BARROW,0.0,3/15/2024 9:39,3/15/2024 10:02,Price Code 1,CUSTOMER PICKUP,False,Sharing Floor Athens,01-SH,30680.0,Winder,"ASSORTED NON-FOOD ITEMS, SHL",Non-Food Misc.
172,178116,8827,P-104,Project Adam Community Asst Ct,480735,,ON PREMISES (OP),REHAB-Agency,BLUE RECEIPT-SHL,N-03-11766,5,0,0,1.2,40,BARROW,0.03,4/8/2024 10:00,4/8/2024 10:29,Price Code 1,CUSTOMER PICKUP,False,Food Bank of Northeast Georgia,01,30680.0,Winder,PEPSI MINI CANS,Beverages
864,176249,696,W-124,Winder Church of God of Prophecy,478875,,FP/OP,FOOD PANTRY-Agency,LOCAL - LL,W-25-10000,55,0,0,9.9,55,BARROW,0.18,2/27/2024 12:22,2/27/2024 8:41,Price Code 1,CUSTOMER PICKUP,False,Sharing Floor Athens,01-SH,30680.0,Winder,"ASSORTED SNACK ITEMS, LL",Food Misc.
600,176844,4852,S-140,SYTGE (Seeing You Through God's Eyes) Outreach Ministry,479466,,FOOD PANTRY,FOOD PANTRY-Agency,USDA,F-50-90035,2,0,0,0.0,64,BARROW,0.0,3/14/2024 13:46,3/14/2024 10:13,Price Code 1,CUSTOMER PICKUP,False,Food Bank of Northeast Georgia,01,30680.0,Winder,USDA FROZEN CHERRIES CCC,Fruits
917,177355,5388,C-161,Church at Pierce Rd.,479975,,FP/OP,FOOD PANTRY-Agency,BLUE RECEIPT-SHL,F-16-10001,5,0,0,0.9,5,BARROW,0.18,3/15/2024 9:39,3/15/2024 10:02,Price Code 1,CUSTOMER PICKUP,False,Sharing Floor Athens,01-SH,30680.0,Winder,"ASSORTED FROZEN FOODS, SHL",Food Misc.
781,181181,688,R-130,"Richard C. Wilson Recovery Residence, INC",483786,,ON PREMISES (OP),REHAB-Agency,BLUE RECEIPT-SHL,W-01-10000,25,0,0,4.5,25,BARROW,0.18,5/22/2024 9:09,5/22/2024 9:24,Price Code 1,CUSTOMER PICKUP,False,Sharing Floor Athens,01-SH,30666.0,Statham,"ASSORTED NON-FOOD ITEMS, SHL",Non-Food Misc.
29,179436,4327,B-107,Barrow County Food Pantry,482049,,FOOD PANTRY,FOOD PANTRY-Agency,USDA,N-50-10277,25,0,0,0.0,675,BARROW,0.0,4/25/2024 7:00,4/25/2024 6:17,Price Code 1,TRACTOR TRAILER 1 MOBILE PANTRY,False,Food Bank of Northeast Georgia,01,30680.0,Winder,USDA GARBANZO BEANS,Proteins
781,179078,1045,R-130,"Richard C. Wilson Recovery Residence, INC",481692,,ON PREMISES (OP),REHAB-Agency,BLUE RECEIPT-SHL,W-25-10009,1,0,0,0.18,1,BARROW,0.18,4/17/2024 9:09,4/17/2024 8:19,Price Code 1,CUSTOMER PICKUP,False,Sharing Floor Athens,01-SH,30666.0,Statham,"ASSORTED SNACK ITEMS, SHL",Food Misc.
781,176344,875,R-130,"Richard C. Wilson Recovery Residence, INC",478969,,ON PREMISES (OP),REHAB-Agency,BLUE RECEIPT-SHL,W-04-10000,14,0,0,0.0,14,BARROW,0.0,2/28/2024 9:09,2/28/2024 8:41,Price Code 1,CUSTOMER PICKUP,False,Sharing Floor Athens,01-SH,30666.0,Statham,"BREAD & BAKERY, ASSORTED SHL",Grains
29,177776,8783,B-107,Barrow County Food Pantry,480395,,FOOD PANTRY,FOOD PANTRY-Agency,USDA,N-50-10308,25,0,0,0.0,575,BARROW,0.0,3/28/2024 7:00,3/28/2024 6:02,Price Code 1,TRACTOR TRAILER 1 MOBILE PANTRY,False,Food Bank of Northeast Georgia,01,30680.0,Winder,USDA RAISINS,Fruits
29,176403,8971,B-107,Barrow County Food Pantry,FAIMPORT479027,,FOOD PANTRY,FOOD PANTRY-Agency,BLUE RECEIPT-SHL,MCF-16-10001,195,0,0,0.0,195,BARROW,0.0,2/23/2024 0:00,2/23/2024 0:00,Price Code 1,CUSTOMER PICKUP,False,Food Bank of Northeast Georgia,01,30680.0,Winder,"FROZEN FOODS, MISC SHL RETAIL PICKUP",Food Misc.
953,173344,7177,C-179,Crossview Church Food Pantry,476973,,FP/GNAP/USDA,FOOD PANTRY-Agency,GNAP,N-40-10237,8,0,0,38.88,216,BARROW,0.18,1/24/2024 9:44,1/29/2024 11:55,Price Code 1,CONTACT FOR DELIVERY,False,Food Bank of Northeast Georgia,01,30548.0,Hoschton,GNAP SWEET POTATO IN LIGHT SYRUP,Potatoes
867,177468,1674,Y-108,YMCA of GA's Piedmont- Barrow County,480088,,FP/OP/GNAP/USDA,AT-RISK YOUTH-Agency,USDA,N-50-10073,2,0,0,9.72,54,BARROW,0.18,3/22/2024 10:00,3/22/2024 14:15,Price Code 1,CUSTOMER PICKUP,False,Food Bank of Northeast Georgia,01,30680.0,Winder,USDA TOMATO SAUCE,Vegetables
172,176616,683,P-104,Project Adam Community Asst Ct,479240,,ON PREMISES (OP),REHAB-Agency,BLUE RECEIPT-SHL,W-16-10001,288,0,0,51.84,288,BARROW,0.18,3/4/2024 13:41,3/4/2024 10:51,Price Code 1,CUSTOMER PICKUP,False,Sharing Floor Athens,01-SH,30680.0,Winder,MISC. FOOD BOX SHL,Food Misc.
953,178719,8975,C-179,Crossview Church Food Pantry,FAIMPORT481333,,FP/GNAP/USDA,FOOD PANTRY-Agency,BLUE RECEIPT-SHL,MCC-07-10001,26,0,0,0.0,26,BARROW,0.0,4/8/2024 0:00,4/8/2024 0:00,Price Code 1,CUSTOMER PICKUP,False,Food Bank of Northeast Georgia,01,30548.0,Hoschton,"DAIRY PRODUCTS, SHL RETAIL PICKUPS",Dairy
781,172467,5477,R-130,"Richard C. Wilson Recovery Residence, INC",476098,,ON PREMISES (OP),REHAB-Agency,LOCAL - LL,F-15-10001,45,0,0,0.0,45,BARROW,0.0,1/3/2024 9:09,1/3/2024 10:30,Price Code 1,CUSTOMER PICKUP,False,Sharing Floor Athens,01-SH,30666.0,Statham,"MEAT & SEAFOOD, FROZEN LOCAL",Proteins
576,173797,8834,F2KBARROW,Food 2 Kids Barrow County,477426,,DIRECT ASSISTANCE,DIRECT ASSISTANCE-Agency,BLUE RECEIPT-SHL,N-03-11770,20,0,0,0.0,200,BARROW,0.0,2/14/2024 9:00,3/5/2024 13:20,Price Code 1,TRACTOR TRAILER 2 MOBILE PANTRY,False,Food Bank of Northeast Georgia,01,,Athens,MT DEW ZERO SUGAR,Beverages
917,175398,5407,C-161,Church at Pierce Rd.,478027,,FP/OP,FOOD PANTRY-Agency,BLUE RECEIPT-SHL,F-15-10000,100,0,0,18.0,100,BARROW,0.18,2/9/2024 9:39,2/9/2024 9:46,Price Code 1,CUSTOMER PICKUP,False,Sharing Floor Athens,01-SH,30680.0,Winder,"MEAT & SEAFOOD, FROZEN SHL",Proteins
1040,177969,4761,H-159,Hills Temple FBH Church,480588,,FP/OP/GNAP/USDA,FB DIRECT ASSISTANCE-Agency,USDA,F-50-90454,9,0,0,0.0,279,BARROW,0.0,4/3/2024 8:12,4/3/2024 11:28,Price Code 1,CUSTOMER PICKUP,False,Food Bank of Northeast Georgia,01,30680.0,Winder,USDA FROZEN STRAWBERRIES CCC,Fruits
1013,178003,842,S-143,"Spirit Of Sharing, INC",480622,,FP/GNAP/USDA,FOOD PANTRY-Agency,USDA,N-50-10021,13,0,0,0.0,351,BARROW,0.0,4/3/2024 9:00,4/5/2024 13:52,Price Code 1,TRUCK 1 MOBILE PANTRY,False,Food Bank of Northeast Georgia,01,30680.0,Winder,USDA DICED TOMATOES NO SALT CCC,Vegetables
172,172945,8626,P-104,Project Adam Community Asst Ct,476576,,ON PREMISES (OP),REHAB-Agency,BLUE RECEIPT-SHL,N-03-11262,7,0,0,0.0,294,BARROW,0.0,1/17/2024 13:41,1/18/2024 12:28,Price Code 1,CUSTOMER PICKUP,False,Food Bank of Northeast Georgia,01,30680.0,Winder,MOUNTAIN DEW,Beverages
172,180704,683,P-104,Project Adam Community Asst Ct,483310,,ON PREMISES (OP),REHAB-Agency,BLUE RECEIPT-SHL,W-16-10001,15,0,0,2.7,15,BARROW,0.18,5/13/2024 13:41,5/13/2024 10:26,Price Code 1,CUSTOMER PICKUP,False,Sharing Floor Athens,01-SH,30680.0,Winder,MISC. FOOD BOX SHL,Food Misc.
172,173401,5388,P-104,Project Adam Community Asst Ct,477030,,ON PREMISES (OP),REHAB-Agency,BLUE RECEIPT-SHL,F-16-10001,27,0,0,4.86,27,BARROW,0.18,1/22/2024 13:41,1/22/2024 11:01,Price Code 1,CUSTOMER PICKUP,False,Sharing Floor Athens,01-SH,30680.0,Winder,"ASSORTED FROZEN FOODS, SHL",Food Misc.
867,178663,170,Y-108,YMCA of GA's Piedmont- Barrow County,481279,,FP/OP/GNAP/USDA,AT-RISK YOUTH-Agency,USDA,N-50-10007,2,0,0,10.08,56,BARROW,0.18,4/15/2024 14:18,4/15/2024 14:42,Price Code 1,CUSTOMER PICKUP,False,Food Bank of Northeast Georgia,01,30680.0,Winder,"USDA CORN, WHOLE KERNEL NO SALT",Vegetables
867,178008,8995,Y-108,YMCA of GA's Piedmont- Barrow County,480627,,FP/OP/GNAP/USDA,AT-RISK YOUTH-Agency,BLUE RECEIPT-SHL,N-21-10067,4,0,0,3.6,20,BARROW,0.18,4/5/2024 10:00,4/5/2024 10:01,Price Code 1,CUSTOMER PICKUP,False,Food Bank of Northeast Georgia,01,30680.0,Winder,"RAMEN, MARUCHAN SHRIMP",Prepared Meals
1038,179717,6780,C-184,"Called to Serve Georgia, Inc",482330,,FP/OP/USDA,FOOD PANTRY-Agency,USDA,C-50-10024,9,0,0,38.7,387,BARROW,0.1,5/3/2024 13:58,5/3/2024 14:07,Price Code 1,CUSTOMER PICKUP,False,Food Bank of Northeast Georgia,01,30680.0,Winder,USDA APPLES,Fruits
864,178091,5938,W-124,Winder Church of God of Prophecy,480710,,FP/OP,FOOD PANTRY-Agency,BLUE RECEIPT-SHL,C-28-10001,36,0,0,1.08,36,BARROW,0.03,4/2/2024 12:22,4/2/2024 8:21,Price Code 1,CUSTOMER PICKUP,False,Sharing Floor Athens,01-SH,30680.0,Winder,"PRODUCE, FRESH SHL",Mixed Produce
172,181768,696,P-104,Project Adam Community Asst Ct,484372,,ON PREMISES (OP),REHAB-Agency,LOCAL - LL,W-25-10000,56,0,0,10.08,56,BARROW,0.18,6/3/2024 13:41,6/3/2024 9:00,Price Code 1,CUSTOMER PICKUP,False,Sharing Floor Athens,01-SH,30680.0,Winder,"ASSORTED SNACK ITEMS, LL",Food Misc.
867,181186,6780,Y-108,YMCA of GA's Piedmont- Barrow County,483791,,FP/OP/GNAP/USDA,AT-RISK YOUTH-Agency,USDA,C-50-10024,5,0,0,21.5,215,BARROW,0.1,5/28/2024 9:00,5/28/2024 9:11,Price Code 1,CUSTOMER PICKUP,False,Food Bank of Northeast Georgia,01,30680.0,Winder,USDA APPLES,Fruits
781,173772,8925,R-130,"Richard C. Wilson Recovery Residence, INC",477401,,ON PREMISES (OP),REHAB-Agency,BLUE RECEIPT-SHL,C-28-30001,1,0,0,0.0,1000,BARROW,0.0,2/2/2024 9:09,2/14/2024 13:17,Price Code 1,CUSTOMER PICKUP,False,Food Bank of Northeast Georgia,01,30666.0,Statham,MIXED PRODUCE - 1 PALLET,Mixed Produce
867,179737,9021,Y-108,YMCA of GA's Piedmont- Barrow County,482350,,FP/OP/GNAP/USDA,AT-RISK YOUTH-Agency,GNAP,N-40-10270,2,0,0,0.0,52,BARROW,0.0,5/3/2024 10:00,5/3/2024 10:51,Price Code 1,CUSTOMER PICKUP,False,Food Bank of Northeast Georgia,01,30680.0,Winder,GNAP BUMBLEBEE CHICKEN SALAD KIT,Prepared Meals
863,175735,5407,A-148,Auburn First Baptist Church,478363,,FOOD PANTRY,FOOD PANTRY-Agency,BLUE RECEIPT-SHL,F-15-10000,93,0,0,16.74,93,BARROW,0.18,2/16/2024 8:05,2/16/2024 8:38,Price Code 1,CUSTOMER PICKUP,False,Sharing Floor Athens,01-SH,30011.0,Auburn,"MEAT & SEAFOOD, FROZEN SHL",Proteins
917,178382,50,C-161,Church at Pierce Rd.,480998,,FP/OP,FOOD PANTRY-Agency,LOCAL - LL,W-16-10002,66,0,0,11.88,66,BARROW,0.18,4/5/2024 9:39,4/5/2024 9:54,Price Code 1,CUSTOMER PICKUP,False,Sharing Floor Athens,01-SH,30680.0,Winder,MISC. FOOD BOX LL,Food Misc.
863,175020,5938,A-148,Auburn First Baptist Church,477650,,FOOD PANTRY,FOOD PANTRY-Agency,BLUE RECEIPT-SHL,C-28-10001,195,0,0,5.85,195,BARROW,0.03,2/2/2024 8:05,2/2/2024 8:37,Price Code 1,CUSTOMER PICKUP,False,Sharing Floor Athens,01-SH,30011.0,Auburn,"PRODUCE, FRESH SHL",Mixed Produce
576,178167,6736,F2KBARROW,Food 2 Kids Barrow County,480786,,DIRECT ASSISTANCE,DIRECT ASSISTANCE-Agency,LOCAL - LL,C-28-90456,750,0,0,0.0,750,BARROW,0.0,4/10/2024 9:00,4/10/2024 9:40,Price Code 1,TRUCK 1 MOBILE PANTRY,False,Food Bank of Northeast Georgia,01,,Athens,APPLES,Fruits
781,178113,92,R-130,"Richard C. Wilson Recovery Residence, INC",480732,,ON PREMISES (OP),REHAB-Agency,LOCAL - LL,W-01-10002,17,0,0,3.06,17,BARROW,0.18,4/2/2024 9:09,4/2/2024 10:27,Price Code 1,CUSTOMER PICKUP,False,Sharing Floor Athens,01-SH,30666.0,Statham,"ASSORTED NON-FOOD ITEMS, LL",Non-Food Misc.
867,178385,875,Y-108,YMCA of GA's Piedmont- Barrow County,481001,,FP/OP/GNAP/USDA,AT-RISK YOUTH-Agency,BLUE RECEIPT-SHL,W-04-10000,126,0,0,0.0,126,BARROW,0.0,4/5/2024 14:18,4/5/2024 10:36,Price Code 1,CUSTOMER PICKUP,False,Sharing Floor Athens,01-SH,30680.0,Winder,"BREAD & BAKERY, ASSORTED SHL",Grains
600,179648,7284,S-140,SYTGE (Seeing You Through God's Eyes) Outreach Ministry,482261,,FOOD PANTRY,FOOD PANTRY-Agency,USDA,C-50-10043,2,0,0,0.0,52,BARROW,0.0,4/30/2024 13:46,4/30/2024 14:01,Price Code 1,CUSTOMER PICKUP,False,Food Bank of Northeast Georgia,01,30680.0,Winder,USDA RED FAT AMERICAN CHEESE CCC,Dairy
600,182556,8971,S-140,SYTGE (Seeing You Through God's Eyes) Outreach Ministry,FAIMPORT485159,,FOOD PANTRY,FOOD PANTRY-Agency,BLUE RECEIPT-SHL,MCF-16-10001,278,0,0,0.0,278,BARROW,0.0,6/22/2024 0:00,6/22/2024 0:00,Price Code 1,CUSTOMER PICKUP,False,Food Bank of Northeast Georgia,01,30680.0,Winder,"FROZEN FOODS, MISC SHL RETAIL PICKUP",Food Misc.
172,178016,92,P-104,Project Adam Community Asst Ct,480635,,ON PREMISES (OP),REHAB-Agency,LOCAL - LL,W-01-10002,54,0,0,0.0,54,BARROW,0.0,4/1/2024 13:41,4/1/2024 9:47,Price Code 1,CUSTOMER PICKUP,False,Sharing Floor Athens,01-SH,30680.0,Winder,"ASSORTED NON-FOOD ITEMS, LL",Non-Food Misc.
781,182507,8986,R-130,"Richard C. Wilson Recovery Residence, INC",FAIMPORT485110,,ON PREMISES (OP),REHAB-Agency,BLUE RECEIPT-SHL,MCW-01-10001,23,0,0,0.0,23,BARROW,0.0,6/17/2024 0:00,6/17/2024 0:00,Price Code 1,CUSTOMER PICKUP,False,Food Bank of Northeast Georgia,01,30666.0,Statham,"NON-FOOD ITEMS, SHL RETAIL PICKUPS",Non-Food Misc.
867,176025,8719,Y-108,YMCA of GA's Piedmont- Barrow County,478653,,FP/OP/GNAP/USDA,AT-RISK YOUTH-Agency,GNAP,N-40-10265,4,0,0,0.0,52,BARROW,0.0,2/27/2024 14:18,2/28/2024 15:06,Price Code 1,CUSTOMER PICKUP,False,Food Bank of Northeast Georgia,01,30680.0,Winder,GNAP MINI BEEF RAVIOLI,Prepared Meals
29,173166,8882,B-107,Barrow County Food Pantry,476796,,FOOD PANTRY,FOOD PANTRY-Agency,BLUE RECEIPT-SHL,F-15-90548,72,0,0,116.64,648,BARROW,0.18,1/25/2024 0:00,2/22/2024 6:27,Price Code 1,TRACTOR TRAILER 1 MOBILE PANTRY,False,Food Bank of Northeast Georgia,01,30680.0,Winder,"GROUND TURKEY BREAST, KIRKWOOD",Proteins
600,175471,8873,S-140,SYTGE (Seeing You Through God's Eyes) Outreach Ministry,478100,,FOOD PANTRY,FOOD PANTRY-Agency,YELLOW RECEIPT - SHN,F-10-10001,3,0,0,0.27,9,BARROW,0.03,2/15/2024 13:46,2/15/2024 10:15,Price Code 1,CUSTOMER PICKUP,False,Food Bank of Northeast Georgia,01,30680.0,Winder,OUTSHINE STRAWBERRY BANANA SMOOTHIE CUBES,Beverages
867,179309,5637,Y-108,YMCA of GA's Piedmont- Barrow County,481922,,FP/OP/GNAP/USDA,AT-RISK YOUTH-Agency,USDA,F-50-90019,9,0,0,0.0,270,BARROW,0.0,4/24/2024 14:18,4/24/2024 10:56,Price Code 1,CUSTOMER PICKUP,False,Food Bank of Northeast Georgia,01,30680.0,Winder,USDA FROZEN BLUEBERRIES CCC,Fruits
1040,177969,890,H-159,Hills Temple FBH Church,480588,,FP/OP/GNAP/USDA,FB DIRECT ASSISTANCE-Agency,GNAP,N-40-10001,3,0,0,0.0,81,BARROW,0.0,4/3/2024 8:12,4/3/2024 11:28,Price Code 1,CUSTOMER PICKUP,False,Food Bank of Northeast Georgia,01,30680.0,Winder,GNAP APPLE SAUCE,Fruits
682,182025,235,C-170,Christ The King Ghana Methodist,484629,,DIRECT ASSISTANCE,FOOD PANTRY-Agency,LOCAL - LL,W-03-10012,293,0,0,0.0,293,BARROW,0.0,6/7/2024 15:05,6/7/2024 11:03,Price Code 1,CUSTOMER PICKUP,False,Sharing Floor Athens,01-SH,30680.0,Winder,"ASSORTED BEVERAGES, LL",Beverages
864,180325,875,W-124,Winder Church of God of Prophecy,482931,,FP/OP,FOOD PANTRY-Agency,BLUE RECEIPT-SHL,W-04-10000,34,0,0,0.0,34,BARROW,0.0,5/7/2024 12:22,5/7/2024 8:31,Price Code 1,CUSTOMER PICKUP,False,Sharing Floor Athens,01-SH,30680.0,Winder,"BREAD & BAKERY, ASSORTED SHL",Grains
1040,179364,5407,H-159,Hills Temple FBH Church,481977,,FP/OP/GNAP/USDA,FB DIRECT ASSISTANCE-Agency,BLUE RECEIPT-SHL,F-15-10000,199,0,0,35.82,199,BARROW,0.18,4/22/2024 9:48,4/22/2024 9:52,Price Code 1,CUSTOMER PICKUP,False,Sharing Floor Athens,01-SH,30680.0,Winder,"MEAT & SEAFOOD, FROZEN SHL",Proteins
953,181540,8971,C-179,Crossview Church Food Pantry,FAIMPORT484144,,FP/GNAP/USDA,FOOD PANTRY-Agency,BLUE RECEIPT-SHL,MCF-16-10001,166,0,0,0.0,166,BARROW,0.0,5/24/2024 0:00,5/24/2024 0:00,Price Code 1,CUSTOMER PICKUP,False,Food Bank of Northeast Georgia,01,30548.0,Hoschton,"FROZEN FOODS, MISC SHL RETAIL PICKUP",Food Misc.
781,181181,5958,R-130,"Richard C. Wilson Recovery Residence, INC",483786,,ON PREMISES (OP),REHAB-Agency,BLUE RECEIPT-SHL,C-16-10001,487,0,0,87.66,487,BARROW,0.18,5/22/2024 9:09,5/22/2024 9:24,Price Code 1,CUSTOMER PICKUP,False,Sharing Floor Athens,01-SH,30666.0,Statham,"COOLER FOOD, MISC. SHL",Food Misc.
172,182284,9112,P-104,Project Adam Community Asst Ct,484888,,ON PREMISES (OP),REHAB-Agency,YELLOW RECEIPT - SHN,N-03-11844,10,0,0,0.0,190,BARROW,0.0,6/26/2024 8:00,6/26/2024 8:35,Price Code 1,CUSTOMER PICKUP,False,Food Bank of Northeast Georgia,01,30680.0,Winder,SPLASH LEMON WATER,Beverages
917,177355,5772,C-161,Church at Pierce Rd.,479975,,FP/OP,FOOD PANTRY-Agency,LOCAL - LL,C-28-10000,83,0,0,2.49,83,BARROW,0.03,3/15/2024 9:39,3/15/2024 10:02,Price Code 1,CUSTOMER PICKUP,False,Sharing Floor Athens,01-SH,30680.0,Winder,"PRODUCE, FRESH LL",Mixed Produce
953,182571,8973,C-179,Crossview Church Food Pantry,FAIMPORT485174,,FP/GNAP/USDA,FOOD PANTRY-Agency,BLUE RECEIPT-SHL,MCC-16-10001,108,0,0,0.0,108,BARROW,0.0,6/24/2024 0:00,6/24/2024 0:00,Price Code 1,CUSTOMER PICKUP,False,Food Bank of Northeast Georgia,01,30548.0,Hoschton,"COOLER FOOD MISC., SHL RETAIL PICKUP",Food Misc.
781,176598,92,R-130,"Richard C. Wilson Recovery Residence, INC",479222,,ON PREMISES (OP),REHAB-Agency,LOCAL - LL,W-01-10002,7,0,0,1.26,7,BARROW,0.18,3/4/2024 9:09,3/4/2024 8:38,Price Code 1,CUSTOMER PICKUP,False,Sharing Floor Athens,01-SH,30666.0,Statham,"ASSORTED NON-FOOD ITEMS, LL",Non-Food Misc.
29,182517,2426,B-107,Barrow County Food Pantry,485120,,FOOD PANTRY,FOOD PANTRY-Agency,USDA,N-50-10112,25,0,0,0.0,625,BARROW,0.0,6/27/2024 7:00,6/27/2024 9:27,Price Code 1,TRACTOR TRAILER 1 MOBILE PANTRY,False,Food Bank of Northeast Georgia,01,30680.0,Winder,USDA PISTACHIOS,Proteins
1040,177969,842,H-159,Hills Temple FBH Church,480588,,FP/OP/GNAP/USDA,FB DIRECT ASSISTANCE-Agency,USDA,N-50-10021,2,0,0,9.72,54,BARROW,0.18,4/3/2024 8:12,4/3/2024 11:28,Price Code 1,CUSTOMER PICKUP,False,Food Bank of Northeast Georgia,01,30680.0,Winder,USDA DICED TOMATOES NO SALT CCC,Vegetables
867,181186,2202,Y-108,YMCA of GA's Piedmont- Barrow County,483791,,FP/OP/GNAP/USDA,AT-RISK YOUTH-Agency,USDA,N-50-10240,4,0,0,15.84,88,BARROW,0.18,5/28/2024 9:00,5/28/2024 9:11,Price Code 1,CUSTOMER PICKUP,False,Food Bank of Northeast Georgia,01,30680.0,Winder,USDA SPAGHETTI,Grains
497,180298,3203,W-119,Winder Freelife Church,482904,,FP/OP/GNAP/USDA,FOOD PANTRY-Agency,USDA,N-50-10289,1,0,0,4.5,25,BARROW,0.18,5/15/2024 10:45,5/15/2024 10:50,Price Code 1,CUSTOMER PICKUP,False,Food Bank of Northeast Georgia,01,30680.0,Winder,USDA PECAN PIECES,Proteins
497,181441,690,W-119,Winder Freelife Church,484045,,FP/OP/GNAP/USDA,FOOD PANTRY-Agency,BLUE RECEIPT-SHL,W-03-10013,29,0,0,0.0,29,BARROW,0.0,5/28/2024 14:38,5/28/2024 10:43,Price Code 1,CUSTOMER PICKUP,False,Sharing Floor Athens,01-SH,30680.0,Winder,"ASSORTED BEVERAGES, SHL",Beverages
1013,175108,2960,S-143,"Spirit Of Sharing, INC",477738,,FP/GNAP/USDA,FOOD PANTRY-Agency,USDA,N-50-10247,13,0,0,0.0,468,BARROW,0.0,2/7/2024 9:00,2/14/2024 9:38,Price Code 1,TRUCK 1 MOBILE PANTRY,False,Food Bank of Northeast Georgia,01,30680.0,Winder,USDA BEEF STEW POUCHES CCC,Prepared Meals
1013,178003,1791,S-143,"Spirit Of Sharing, INC",480622,,FP/GNAP/USDA,FOOD PANTRY-Agency,USDA,N-50-10079,13,0,0,0.0,338,BARROW,0.0,4/3/2024 9:00,4/5/2024 13:52,Price Code 1,TRUCK 1 MOBILE PANTRY,False,Food Bank of Northeast Georgia,01,30680.0,Winder,USDA WALNUT HALVES AND PIECES,Proteins
867,173402,4715,Y-108,YMCA of GA's Piedmont- Barrow County,477031,,FP/OP/GNAP/USDA,AT-RISK YOUTH-Agency,USDA,F-50-90461,3,0,0,21.6,120,BARROW,0.18,1/25/2024 11:26,1/26/2024 10:32,Price Code 1,CUSTOMER PICKUP,False,Food Bank of Northeast Georgia,01,30680.0,Winder,USDA ALASKAN POLLACK FISH FILLETS,Proteins
172,180704,875,P-104,Project Adam Community Asst Ct,483310,,ON PREMISES (OP),REHAB-Agency,BLUE RECEIPT-SHL,W-04-10000,32,0,0,0.0,32,BARROW,0.0,5/13/2024 13:41,5/13/2024 10:26,Price Code 1,CUSTOMER PICKUP,False,Sharing Floor Athens,01-SH,30680.0,Winder,"BREAD & BAKERY, ASSORTED SHL",Grains
1040,178462,9004,H-159,Hills Temple FBH Church,481078,,FP/OP/GNAP/USDA,FB DIRECT ASSISTANCE-Agency,BLUE RECEIPT-SHL,N-03-11823,10,0,0,0.0,220,BARROW,0.0,4/10/2024 0:04,4/15/2024 9:47,Price Code 1,CUSTOMER PICKUP,False,Food Bank of Northeast Georgia,01,30680.0,Winder,PEPSI NITRO DRAFT COLA 24PK,Beverages
917,176083,5407,C-161,Church at Pierce Rd.,478710,,FP/OP,FOOD PANTRY-Agency,BLUE RECEIPT-SHL,F-15-10000,30,0,0,0.0,30,BARROW,0.0,2/23/2024 9:39,2/23/2024 9:56,Price Code 1,CUSTOMER PICKUP,False,Sharing Floor Athens,01-SH,30680.0,Winder,"MEAT & SEAFOOD, FROZEN SHL",Proteins
1040,178047,5958,H-159,Hills Temple FBH Church,480666,,FP/OP/GNAP/USDA,FB DIRECT ASSISTANCE-Agency,BLUE RECEIPT-SHL,C-16-10001,22,0,0,3.96,22,BARROW,0.18,4/1/2024 14:14,4/1/2024 14:18,Price Code 1,CUSTOMER PICKUP,False,Sharing Floor Athens,01-SH,30680.0,Winder,"COOLER FOOD, MISC. SHL",Food Misc.
29,182921,8974,B-107,Barrow County Food Pantry,FAIMPORT485522,,FOOD PANTRY,FOOD PANTRY-Agency,BLUE RECEIPT-SHL,MCW-04-10000,165,0,0,0.0,165,BARROW,0.0,6/12/2024 0:00,6/12/2024 0:00,Price Code 1,CUSTOMER PICKUP,False,Food Bank of Northeast Georgia,01,30680.0,Winder,"BREAD AND BAKERY, SHL RETAIL PICKUPS",Grains
29,173390,842,B-107,Barrow County Food Pantry,477019,,FOOD PANTRY,FOOD PANTRY-Agency,USDA,N-50-10021,25,0,0,0.0,675,BARROW,0.0,1/25/2024 7:00,1/25/2024 6:23,Price Code 1,TRACTOR TRAILER 1 MOBILE PANTRY,False,Food Bank of Northeast Georgia,01,30680.0,Winder,USDA DICED TOMATOES NO SALT CCC,Vegetables
867,180357,4737,Y-108,YMCA of GA's Piedmont- Barrow County,482963,,FP/OP/GNAP/USDA,AT-RISK YOUTH-Agency,USDA,F-50-90456,4,0,0,28.8,160,BARROW,0.18,5/17/2024 10:00,5/17/2024 10:45,Price Code 1,CUSTOMER PICKUP,False,Food Bank of Northeast Georgia,01,30680.0,Winder,USDA PORK PATTY,Proteins
867,176025,4715,Y-108,YMCA of GA's Piedmont- Barrow County,478653,,FP/OP/GNAP/USDA,AT-RISK YOUTH-Agency,USDA,F-50-90461,2,0,0,8.0,80,BARROW,0.1,2/27/2024 14:18,2/28/2024 15:06,Price Code 1,CUSTOMER PICKUP,False,Food Bank of Northeast Georgia,01,30680.0,Winder,USDA ALASKAN POLLACK FISH FILLETS,Proteins
863,178369,5938,A-148,Auburn First Baptist Church,480985,,FOOD PANTRY,FOOD PANTRY-Agency,BLUE RECEIPT-SHL,C-28-10001,566,0,0,16.98,566,BARROW,0.03,4/5/2024 8:05,4/5/2024 8:26,Price Code 1,CUSTOMER PICKUP,False,Sharing Floor Athens,01-SH,30011.0,Auburn,"PRODUCE, FRESH SHL",Mixed Produce
682,173185,5958,C-170,Christ The King Ghana Methodist,476815,,DIRECT ASSISTANCE,FOOD PANTRY-Agency,BLUE RECEIPT-SHL,C-16-10001,36,0,0,6.48,36,BARROW,0.18,1/17/2024 15:05,1/17/2024 10:48,Price Code 1,CUSTOMER PICKUP,False,Sharing Floor Athens,01-SH,30680.0,Winder,"COOLER FOOD, MISC. SHL",Food Misc.
867,179737,7153,Y-108,YMCA of GA's Piedmont- Barrow County,482350,,FP/OP/GNAP/USDA,AT-RISK YOUTH-Agency,GNAP,N-40-10234,6,0,0,14.04,78,BARROW,0.18,5/3/2024 10:00,5/3/2024 10:51,Price Code 1,CUSTOMER PICKUP,False,Food Bank of Northeast Georgia,01,30680.0,Winder,GNAP BAKED BEANS,Proteins
1040,179364,683,H-159,Hills Temple FBH Church,481977,,FP/OP/GNAP/USDA,FB DIRECT ASSISTANCE-Agency,BLUE RECEIPT-SHL,W-16-10001,101,0,0,0.0,101,BARROW,0.0,4/22/2024 9:48,4/22/2024 9:52,Price Code 1,CUSTOMER PICKUP,False,Sharing Floor Athens,01-SH,30680.0,Winder,MISC. FOOD BOX SHL,Food Misc.
781,175351,683,R-130,"Richard C. Wilson Recovery Residence, INC",477980,,ON PREMISES (OP),REHAB-Agency,BLUE RECEIPT-SHL,W-16-10001,106,0,0,19.08,106,BARROW,0.18,2/8/2024 9:09,2/8/2024 11:48,Price Code 1,CUSTOMER PICKUP,False,Sharing Floor Athens,01-SH,30666.0,Statham,MISC. FOOD BOX SHL,Food Misc.
781,178656,1045,R-130,"Richard C. Wilson Recovery Residence, INC",481272,,ON PREMISES (OP),REHAB-Agency,BLUE RECEIPT-SHL,W-25-10009,24,0,0,0.0,24,BARROW,0.0,4/10/2024 9:09,4/10/2024 9:37,Price Code 1,CUSTOMER PICKUP,False,Sharing Floor Athens,01-SH,30666.0,Statham,"ASSORTED SNACK ITEMS, SHL",Food Misc.
781,172467,688,R-130,"Richard C. Wilson Recovery Residence, INC",476098,,ON PREMISES (OP),REHAB-Agency,BLUE RECEIPT-SHL,W-01-10000,22,0,0,3.96,22,BARROW,0.18,1/3/2024 9:09,1/3/2024 10:30,Price Code 1,CUSTOMER PICKUP,False,Sharing Floor Athens,01-SH,30666.0,Statham,"ASSORTED NON-FOOD ITEMS, SHL",Non-Food Misc.
953,173694,683,C-179,Crossview Church Food Pantry,477323,,FP/GNAP/USDA,FOOD PANTRY-Agency,BLUE RECEIPT-SHL,W-16-10001,104,0,0,18.72,104,BARROW,0.18,1/26/2024 13:59,1/26/2024 14:02,Price Code 1,CUSTOMER PICKUP,False,Sharing Floor Athens,01-SH,30548.0,Hoschton,MISC. FOOD BOX SHL,Food Misc.
1038,179717,5637,C-184,"Called to Serve Georgia, Inc",482330,,FP/OP/USDA,FOOD PANTRY-Agency,USDA,F-50-90019,5,0,0,0.0,150,BARROW,0.0,5/3/2024 13:58,5/3/2024 14:07,Price Code 1,CUSTOMER PICKUP,False,Food Bank of Northeast Georgia,01,30680.0,Winder,USDA FROZEN BLUEBERRIES CCC,Fruits
867,178008,4449,Y-108,YMCA of GA's Piedmont- Barrow County,480627,,FP/OP/GNAP/USDA,AT-RISK YOUTH-Agency,USDA,F-50-90445,5,0,0,20.5,205,BARROW,0.1,4/5/2024 10:00,4/5/2024 10:01,Price Code 1,CUSTOMER PICKUP,False,Food Bank of Northeast Georgia,01,30680.0,Winder,USDA FULLY COOKED PULLED PORK CCC,Proteins
917,179261,9017,C-161,Church at Pierce Rd.,481874,,FP/OP,FOOD PANTRY-Agency,YELLOW RECEIPT - SHN,N-16-10182,2,0,0,4.68,26,BARROW,0.18,4/24/2024 9:39,4/26/2024 10:11,Price Code 1,CUSTOMER PICKUP,False,Food Bank of Northeast Georgia,01,30680.0,Winder,HEINZ APPLE CIDER VINEGAR,Food Misc.
682,181190,688,C-170,Christ The King Ghana Methodist,483795,,DIRECT ASSISTANCE,FOOD PANTRY-Agency,BLUE RECEIPT-SHL,W-01-10000,19,0,0,3.42,19,BARROW,0.18,5/22/2024 15:05,5/22/2024 10:37,Price Code 1,CUSTOMER PICKUP,False,Sharing Floor Athens,01-SH,30680.0,Winder,"ASSORTED NON-FOOD ITEMS, SHL",Non-Food Misc.
600,173468,7082,S-140,SYTGE (Seeing You Through God's Eyes) Outreach Ministry,477097,,FOOD PANTRY,FOOD PANTRY-Agency,USDA,C-50-10033,10,0,0,0.0,120,BARROW,0.0,2/15/2024 9:30,2/15/2024 10:15,Price Code 1,CUSTOMER PICKUP,False,Food Bank of Northeast Georgia,01,30680.0,Winder,USDA SHREDDED YELLOW CHEDDAR CHEESE CCC,Dairy
682,172861,696,C-170,Christ The King Ghana Methodist,476492,,DIRECT ASSISTANCE,FOOD PANTRY-Agency,LOCAL - LL,W-25-10000,101,0,0,18.18,101,BARROW,0.18,1/10/2024 15:05,1/10/2024 11:01,Price Code 1,CUSTOMER PICKUP,False,Sharing Floor Athens,01-SH,30680.0,Winder,"ASSORTED SNACK ITEMS, LL",Food Misc.
1040,180109,7202,H-159,Hills Temple FBH Church,482717,,FP/OP/GNAP/USDA,FB DIRECT ASSISTANCE-Agency,GNAP,N-40-10242,6,0,0,0.0,96,BARROW,0.0,5/7/2024 8:45,5/7/2024 10:58,Price Code 1,CUSTOMER PICKUP,False,Food Bank of Northeast Georgia,01,30680.0,Winder,GNAP STRAWBERRY JELLY,Food Misc.
1013,181770,84,S-143,"Spirit Of Sharing, INC",484374,,FP/GNAP/USDA,FOOD PANTRY-Agency,USDA,N-50-10006,13,0,0,0.0,351,BARROW,0.0,6/5/2024 9:00,6/5/2024 13:08,Price Code 1,TRUCK 1 MOBILE PANTRY,False,Food Bank of Northeast Georgia,01,30680.0,Winder,USDA GREEN BEANS,Vegetables
600,175471,8854,S-140,SYTGE (Seeing You Through God's Eyes) Outreach Ministry,478100,,FOOD PANTRY,FOOD PANTRY-Agency,BLUE RECEIPT-SHL,N-03-11776,3,0,0,0.0,99,BARROW,0.0,2/15/2024 13:46,2/15/2024 10:15,Price Code 1,CUSTOMER PICKUP,False,Food Bank of Northeast Georgia,01,30680.0,Winder,DR PEPPER STRAWBERRIES & CREAM,Beverages
781,173772,8495,R-130,"Richard C. Wilson Recovery Residence, INC",477401,,ON PREMISES (OP),REHAB-Agency,LOCAL - LL,N-13-10209,10,0,0,0.0,450,BARROW,0.0,2/2/2024 9:09,2/14/2024 13:17,Price Code 1,CUSTOMER PICKUP,False,Food Bank of Northeast Georgia,01,30666.0,Statham,"OXIVIR TB, HYDROGEN PEROXIDE SANITIZER",Non-Food Misc.
1040,179738,683,H-159,Hills Temple FBH Church,482351,,FP/OP/GNAP/USDA,FB DIRECT ASSISTANCE-Agency,BLUE RECEIPT-SHL,W-16-10001,58,0,0,10.44,58,BARROW,0.18,4/29/2024 9:21,4/29/2024 9:23,Price Code 1,CUSTOMER PICKUP,False,Sharing Floor Athens,01-SH,30680.0,Winder,MISC. FOOD BOX SHL,Food Misc.
497,173513,4761,W-119,Winder Freelife Church,477142,,FP/OP/GNAP/USDA,FOOD PANTRY-Agency,USDA,F-50-90454,1,0,0,0.0,31,BARROW,0.0,2/7/2024 11:00,2/7/2024 10:45,Price Code 1,CUSTOMER PICKUP,False,Food Bank of Northeast Georgia,01,30680.0,Winder,USDA FROZEN STRAWBERRIES CCC,Fruits
1040,180109,9035,H-159,Hills Temple FBH Church,482717,,FP/OP/GNAP/USDA,FB DIRECT ASSISTANCE-Agency,GNAP,N-40-10272,6,0,0,0.0,84,BARROW,0.0,5/7/2024 8:45,5/7/2024 10:58,Price Code 1,CUSTOMER PICKUP,False,Food Bank of Northeast Georgia,01,30680.0,Winder,GNAP MACARONI O'S W/ BEEF - EZ OPEN,Prepared Meals
497,176147,8958,W-119,Winder Freelife Church,478774,,FP/OP/GNAP/USDA,FOOD PANTRY-Agency,YELLOW RECEIPT - SHN,N-25-11957,1,0,0,0.54,3,BARROW,0.18,3/4/2024 11:00,3/4/2024 14:17,Price Code 1,CUSTOMER PICKUP,False,Food Bank of Northeast Georgia,01,30680.0,Winder,WHEAT THINS BIG,Grains
863,178847,5407,A-148,Auburn First Baptist Church,481461,,FOOD PANTRY,FOOD PANTRY-Agency,BLUE RECEIPT-SHL,F-15-10000,99,0,0,17.82,99,BARROW,0.18,4/12/2024 8:05,4/12/2024 8:31,Price Code 1,CUSTOMER PICKUP,False,Sharing Floor Athens,01-SH,30011.0,Auburn,"MEAT & SEAFOOD, FROZEN SHL",Proteins
600,173468,4448,S-140,SYTGE (Seeing You Through God's Eyes) Outreach Ministry,477097,,FOOD PANTRY,FOOD PANTRY-Agency,USDA,F-50-90446,1,0,0,0.0,28,BARROW,0.0,2/15/2024 9:30,2/15/2024 10:15,Price Code 1,CUSTOMER PICKUP,False,Food Bank of Northeast Georgia,01,30680.0,Winder,USDA FROZEN STRAWBERRY FRUIT CUPS,Fruits
29,175854,842,B-107,Barrow County Food Pantry,478482,,FOOD PANTRY,FOOD PANTRY-Agency,USDA,N-50-10021,25,0,0,0.0,675,BARROW,0.0,2/22/2024 7:00,2/22/2024 6:27,Price Code 1,TRACTOR TRAILER 1 MOBILE PANTRY,False,Food Bank of Northeast Georgia,01,30680.0,Winder,USDA DICED TOMATOES NO SALT CCC,Vegetables
172,181170,9061,P-104,Project Adam Community Asst Ct,483775,,ON PREMISES (OP),REHAB-Agency,LOCAL - LL,N-25-11974,2,0,0,1.08,6,BARROW,0.18,5/28/2024 9:30,5/28/2024 8:55,Price Code 1,CUSTOMER PICKUP,False,Food Bank of Northeast Georgia,01,30680.0,Winder,DOVE DARK CHOCOLATE & SEA SALT CARAMEL,Food Misc.
864,173825,875,W-124,Winder Church of God of Prophecy,477454,,FP/OP,FOOD PANTRY-Agency,BLUE RECEIPT-SHL,W-04-10000,16,0,0,0.0,16,BARROW,0.0,1/30/2024 12:22,1/30/2024 8:48,Price Code 1,CUSTOMER PICKUP,False,Sharing Floor Athens,01-SH,30680.0,Winder,"BREAD & BAKERY, ASSORTED SHL",Grains
863,177759,5681,A-148,Auburn First Baptist Church,480378,,FOOD PANTRY,FOOD PANTRY-Agency,LOCAL - LL,C-16-10000,26,0,0,4.68,26,BARROW,0.18,3/22/2024 8:05,3/22/2024 8:17,Price Code 1,CUSTOMER PICKUP,False,Sharing Floor Athens,01-SH,30011.0,Auburn,"COOLER FOOD, MISC. LL",Food Misc.
917,180128,690,C-161,Church at Pierce Rd.,482736,,FP/OP,FOOD PANTRY-Agency,BLUE RECEIPT-SHL,W-03-10013,21,0,0,0.63,21,BARROW,0.03,5/3/2024 9:39,5/3/2024 9:43,Price Code 1,CUSTOMER PICKUP,False,Sharing Floor Athens,01-SH,30680.0,Winder,"ASSORTED BEVERAGES, SHL",Beverages
953,182570,8973,C-179,Crossview Church Food Pantry,FAIMPORT485173,,FP/GNAP/USDA,FOOD PANTRY-Agency,BLUE RECEIPT-SHL,MCC-16-10001,299,0,0,0.0,299,BARROW,0.0,6/21/2024 0:00,6/21/2024 0:00,Price Code 1,CUSTOMER PICKUP,False,Food Bank of Northeast Georgia,01,30548.0,Hoschton,"COOLER FOOD MISC., SHL RETAIL PICKUP",Food Misc.
29,179436,800,B-107,Barrow County Food Pantry,482049,,FOOD PANTRY,FOOD PANTRY-Agency,USDA,N-50-10065,25,0,0,0.0,675,BARROW,0.0,4/25/2024 7:00,4/25/2024 6:17,Price Code 1,TRACTOR TRAILER 1 MOBILE PANTRY,False,Food Bank of Northeast Georgia,01,30680.0,Winder,USDA APPLESAUCE,Fruits
953,181308,8973,C-179,Crossview Church Food Pantry,FAIMPORT483912,,FP/GNAP/USDA,FOOD PANTRY-Agency,BLUE RECEIPT-SHL,MCC-16-10001,114,0,0,0.0,114,BARROW,0.0,5/22/2024 0:00,5/22/2024 0:00,Price Code 1,CUSTOMER PICKUP,False,Food Bank of Northeast Georgia,01,30548.0,Hoschton,"COOLER FOOD MISC., SHL RETAIL PICKUP",Food Misc.
953,181596,9035,C-179,Crossview Church Food Pantry,484200,,FP/GNAP/USDA,FOOD PANTRY-Agency,GNAP,N-40-10272,6,0,0,0.0,84,BARROW,0.0,6/4/2024 11:00,6/13/2024 16:53,Price Code 1,TRUCK 1,False,Food Bank of Northeast Georgia,01,30548.0,Hoschton,GNAP MACARONI O'S W/ BEEF - EZ OPEN,Prepared Meals
864,175184,690,W-124,Winder Church of God of Prophecy,477813,,FP/OP,FOOD PANTRY-Agency,BLUE RECEIPT-SHL,W-03-10013,159,0,0,0.0,159,BARROW,0.0,2/6/2024 12:22,2/6/2024 8:31,Price Code 1,CUSTOMER PICKUP,False,Sharing Floor Athens,01-SH,30680.0,Winder,"ASSORTED BEVERAGES, SHL",Beverages
1040,178462,9002,H-159,Hills Temple FBH Church,481078,,FP/OP/GNAP/USDA,FB DIRECT ASSISTANCE-Agency,BLUE RECEIPT-SHL,N-03-11821,10,0,0,0.0,100,BARROW,0.0,4/10/2024 0:04,4/15/2024 9:47,Price Code 1,CUSTOMER PICKUP,False,Food Bank of Northeast Georgia,01,30680.0,Winder,MUG ROOT BEER,Beverages
600,181572,8846,S-140,SYTGE (Seeing You Through God's Eyes) Outreach Ministry,484176,,FOOD PANTRY,FOOD PANTRY-Agency,BLUE RECEIPT-SHL,N-03-11774,1,0,0,0.0,23,BARROW,0.0,6/5/2024 9:30,6/5/2024 9:51,Price Code 1,CUSTOMER PICKUP,False,Food Bank of Northeast Georgia,01,30680.0,Winder,PURE LEAF UNSWEETENED TEA,Beverages
1040,178047,5407,H-159,Hills Temple FBH Church,480666,,FP/OP/GNAP/USDA,FB DIRECT ASSISTANCE-Agency,BLUE RECEIPT-SHL,F-15-10000,275,0,0,49.5,275,BARROW,0.18,4/1/2024 14:14,4/1/2024 14:18,Price Code 1,CUSTOMER PICKUP,False,Sharing Floor Athens,01-SH,30680.0,Winder,"MEAT & SEAFOOD, FROZEN SHL",Proteins
953,182162,7298,C-179,Crossview Church Food Pantry,484766,,FP/GNAP/USDA,FOOD PANTRY-Agency,GNAP,N-40-10248,2,0,0,0.0,28,BARROW,0.0,6/24/2024 10:30,6/24/2024 13:15,Price Code 1,VAN 1,False,Food Bank of Northeast Georgia,01,30548.0,Hoschton,GNAP BAKING AND BISCUIT MIX,Grains
781,180410,688,R-130,"Richard C. Wilson Recovery Residence, INC",483016,,ON PREMISES (OP),REHAB-Agency,BLUE RECEIPT-SHL,W-01-10000,21,0,0,3.78,21,BARROW,0.18,5/8/2024 9:09,5/8/2024 9:31,Price Code 1,CUSTOMER PICKUP,False,Sharing Floor Athens,01-SH,30666.0,Statham,"ASSORTED NON-FOOD ITEMS, SHL",Non-Food Misc.
781,173477,8790,R-130,"Richard C. Wilson Recovery Residence, INC",477106,,ON PREMISES (OP),REHAB-Agency,BLUE RECEIPT-SHL,N-03-11758,10,0,0,0.0,130,BARROW,0.0,1/26/2024 9:09,1/26/2024 10:32,Price Code 1,CUSTOMER PICKUP,False,Food Bank of Northeast Georgia,01,30666.0,Statham,PROPEL LEMON,Beverages
29,180147,8975,B-107,Barrow County Food Pantry,FAIMPORT482754,,FOOD PANTRY,FOOD PANTRY-Agency,BLUE RECEIPT-SHL,MCC-07-10001,26,0,0,0.0,26,BARROW,0.0,4/30/2024 0:00,4/30/2024 0:00,Price Code 1,CUSTOMER PICKUP,False,Food Bank of Northeast Georgia,01,30680.0,Winder,"DAIRY PRODUCTS, SHL RETAIL PICKUPS",Dairy
781,177179,235,R-130,"Richard C. Wilson Recovery Residence, INC",479800,,ON PREMISES (OP),REHAB-Agency,LOCAL - LL,W-03-10012,88,0,0,0.0,88,BARROW,0.0,3/13/2024 9:09,3/13/2024 8:31,Price Code 1,CUSTOMER PICKUP,False,Sharing Floor Athens,01-SH,30666.0,Statham,"ASSORTED BEVERAGES, LL",Beverages
867,177468,842,Y-108,YMCA of GA's Piedmont- Barrow County,480088,,FP/OP/GNAP/USDA,AT-RISK YOUTH-Agency,USDA,N-50-10021,4,0,0,19.44,108,BARROW,0.18,3/22/2024 10:00,3/22/2024 14:15,Price Code 1,CUSTOMER PICKUP,False,Food Bank of Northeast Georgia,01,30680.0,Winder,USDA DICED TOMATOES NO SALT CCC,Vegetables
1038,180181,690,C-184,"Called to Serve Georgia, Inc",482787,,FP/OP/USDA,FOOD PANTRY-Agency,BLUE RECEIPT-SHL,W-03-10013,157,0,0,4.71,157,BARROW,0.03,5/3/2024 14:16,5/3/2024 14:21,Price Code 1,CUSTOMER PICKUP,False,Sharing Floor Athens,01-SH,30680.0,Winder,"ASSORTED BEVERAGES, SHL",Beverages
864,177115,235,W-124,Winder Church of God of Prophecy,479736,,FP/OP,FOOD PANTRY-Agency,LOCAL - LL,W-03-10012,81,0,0,2.43,81,BARROW,0.03,3/12/2024 12:22,3/12/2024 8:31,Price Code 1,CUSTOMER PICKUP,False,Sharing Floor Athens,01-SH,30680.0,Winder,"ASSORTED BEVERAGES, LL",Beverages
576,173797,8915,F2KBARROW,Food 2 Kids Barrow County,477426,,DIRECT ASSISTANCE,DIRECT ASSISTANCE-Agency,USDA,F-50-90474,10,0,0,0.0,400,BARROW,0.0,2/14/2024 9:00,3/5/2024 13:20,Price Code 1,TRACTOR TRAILER 2 MOBILE PANTRY,False,Food Bank of Northeast Georgia,01,,Athens,USDA PACIFIC SALAD SHRIMP,Proteins
917,181010,696,C-161,Church at Pierce Rd.,483615,,FP/OP,FOOD PANTRY-Agency,LOCAL - LL,W-25-10000,63,0,0,11.34,63,BARROW,0.18,5/17/2024 9:39,5/17/2024 9:23,Price Code 1,CUSTOMER PICKUP,False,Sharing Floor Athens,01-SH,30680.0,Winder,"ASSORTED SNACK ITEMS, LL",Food Misc.
1040,177969,8998,H-159,Hills Temple FBH Church,480588,,FP/OP/GNAP/USDA,FB DIRECT ASSISTANCE-Agency,BLUE RECEIPT-SHL,C-28-90541,1,0,0,0.0,21,BARROW,0.0,4/3/2024 8:12,4/3/2024 11:28,Price Code 1,CUSTOMER PICKUP,False,Food Bank of Northeast Georgia,01,30680.0,Winder,"ZUCCHINI SQUASH, SHL",Vegetables
1040,180765,9034,H-159,Hills Temple FBH Church,483371,,FP/OP/GNAP/USDA,FB DIRECT ASSISTANCE-Agency,GNAP,N-40-10271,6,0,0,0.0,72,BARROW,0.0,5/17/2024 9:15,5/17/2024 10:44,Price Code 1,CUSTOMER PICKUP,False,Food Bank of Northeast Georgia,01,30680.0,Winder,"GNAP MIX BERRY YOGURT, SHELF STABLE BACKPACK",Dairy
953,181539,8973,C-179,Crossview Church Food Pantry,FAIMPORT484143,,FP/GNAP/USDA,FOOD PANTRY-Agency,BLUE RECEIPT-SHL,MCC-16-10001,150,0,0,0.0,150,BARROW,0.0,5/27/2024 0:00,5/27/2024 0:00,Price Code 1,CUSTOMER PICKUP,False,Food Bank of Northeast Georgia,01,30548.0,Hoschton,"COOLER FOOD MISC., SHL RETAIL PICKUP",Food Misc.
953,177863,8971,C-179,Crossview Church Food Pantry,FAIMPORT480482,,FP/GNAP/USDA,FOOD PANTRY-Agency,BLUE RECEIPT-SHL,MCF-16-10001,288,0,0,0.0,288,BARROW,0.0,3/25/2024 0:00,3/25/2024 0:00,Price Code 1,CUSTOMER PICKUP,False,Food Bank of Northeast Georgia,01,30548.0,Hoschton,"FROZEN FOODS, MISC SHL RETAIL PICKUP",Food Misc.
682,176755,696,C-170,Christ The King Ghana Methodist,479378,,DIRECT ASSISTANCE,FOOD PANTRY-Agency,LOCAL - LL,W-25-10000,272,0,0,48.96,272,BARROW,0.18,3/6/2024 15:05,3/6/2024 10:52,Price Code 1,CUSTOMER PICKUP,False,Sharing Floor Athens,01-SH,30680.0,Winder,"ASSORTED SNACK ITEMS, LL",Food Misc.
867,180357,4411,Y-108,YMCA of GA's Piedmont- Barrow County,482963,,FP/OP/GNAP/USDA,AT-RISK YOUTH-Agency,USDA,F-50-90465,6,0,0,22.68,126,BARROW,0.18,5/17/2024 10:00,5/17/2024 10:45,Price Code 1,CUSTOMER PICKUP,False,Food Bank of Northeast Georgia,01,30680.0,Winder,USDA WILD CAUGHT GULF SHRIMP,Proteins
953,180157,8972,C-179,Crossview Church Food Pantry,FAIMPORT482763,,FP/GNAP/USDA,FOOD PANTRY-Agency,BLUE RECEIPT-SHL,MCF-15-10000,213,0,0,0.0,213,BARROW,0.0,4/26/2024 0:00,4/26/2024 0:00,Price Code 1,CUSTOMER PICKUP,False,Food Bank of Northeast Georgia,01,30548.0,Hoschton,"FROZEN MEAT & SEAFOOD, SHL RETAIL PICKUP",Proteins
29,182131,8973,B-107,Barrow County Food Pantry,FAIMPORT484735,,FOOD PANTRY,FOOD PANTRY-Agency,BLUE RECEIPT-SHL,MCC-16-10001,38,0,0,0.0,38,BARROW,0.0,6/6/2024 0:00,6/6/2024 0:00,Price Code 1,CUSTOMER PICKUP,False,Food Bank of Northeast Georgia,01,30680.0,Winder,"COOLER FOOD MISC., SHL RETAIL PICKUP",Food Misc.
172,179457,9027,P-104,Project Adam Community Asst Ct,482070,,ON PREMISES (OP),REHAB-Agency,YELLOW RECEIPT - SHN,N-25-11970,2,0,0,3.6,20,BARROW,0.18,5/1/2024 13:41,5/1/2024 13:44,Price Code 1,CUSTOMER PICKUP,False,Food Bank of Northeast Georgia,01,30680.0,Winder,"SNACK PACK BLUE RASP, SOUR PATCH KIDS",Food Misc.
29,182517,8940,B-107,Barrow County Food Pantry,485120,,FOOD PANTRY,FOOD PANTRY-Agency,BLUE RECEIPT-SHL,C-28-90531,65,0,0,0.0,3380,BARROW,0.0,6/27/2024 7:00,6/27/2024 9:27,Price Code 1,TRACTOR TRAILER 1 MOBILE PANTRY,False,Food Bank of Northeast Georgia,01,30680.0,Winder,"CABBAGE, SHL 50#",Vegetables
953,182367,8972,C-179,Crossview Church Food Pantry,FAIMPORT484971,,FP/GNAP/USDA,FOOD PANTRY-Agency,BLUE RECEIPT-SHL,MCF-15-10000,162,0,0,0.0,162,BARROW,0.0,6/14/2024 0:00,6/14/2024 0:00,Price Code 1,CUSTOMER PICKUP,False,Food Bank of Northeast Georgia,01,30548.0,Hoschton,"FROZEN MEAT & SEAFOOD, SHL RETAIL PICKUP",Proteins
1013,179765,1674,S-143,"Spirit Of Sharing, INC",482378,,FP/GNAP/USDA,FOOD PANTRY-Agency,USDA,N-50-10073,13,0,0,0.0,351,BARROW,0.0,5/1/2024 9:00,5/1/2024 10:21,Price Code 1,TRUCK 1 MOBILE PANTRY,False,Food Bank of Northeast Georgia,01,30680.0,Winder,USDA TOMATO SAUCE,Vegetables
682,172861,683,C-170,Christ The King Ghana Methodist,476492,,DIRECT ASSISTANCE,FOOD PANTRY-Agency,BLUE RECEIPT-SHL,W-16-10001,54,0,0,9.72,54,BARROW,0.18,1/10/2024 15:05,1/10/2024 11:01,Price Code 1,CUSTOMER PICKUP,False,Sharing Floor Athens,01-SH,30680.0,Winder,MISC. FOOD BOX SHL,Food Misc.
585,172713,690,F2K360BAR,F2K360 BARROW,476344,,FP/OP/GNAP/USDA,DIRECT ASSISTANCE-Agency,BLUE RECEIPT-SHL,W-03-10013,600,0,0,0.0,600,BARROW,0.0,1/10/2024 9:00,1/10/2024 12:56,Price Code 1,TRUCK 1 MOBILE PANTRY,False,Food Bank of Northeast Georgia,01,30607.0,ATHENS,"ASSORTED BEVERAGES, SHL",Beverages
497,176147,6925,W-119,Winder Freelife Church,478774,,FP/OP/GNAP/USDA,FOOD PANTRY-Agency,BLUE RECEIPT-SHL,C-28-90401,1,0,0,1.0,50,BARROW,0.02,3/4/2024 11:00,3/4/2024 14:17,Price Code 1,CUSTOMER PICKUP,False,Food Bank of Northeast Georgia,01,30680.0,Winder,POTATOES,Potatoes
172,173558,8919,P-104,Project Adam Community Asst Ct,477187,,ON PREMISES (OP),REHAB-Agency,LOCAL - LL,N-25-11951,5,0,0,1.8,10,BARROW,0.18,1/29/2024 13:41,2/7/2024 8:12,Price Code 1,CUSTOMER PICKUP,False,Food Bank of Northeast Georgia,01,30680.0,Winder,GHIRARDELLI MILK CHOC CARAMEL,Food Misc.
781,179078,683,R-130,"Richard C. Wilson Recovery Residence, INC",481692,,ON PREMISES (OP),REHAB-Agency,BLUE RECEIPT-SHL,W-16-10001,18,0,0,3.24,18,BARROW,0.18,4/17/2024 9:09,4/17/2024 8:19,Price Code 1,CUSTOMER PICKUP,False,Sharing Floor Athens,01-SH,30666.0,Statham,MISC. FOOD BOX SHL,Food Misc.
29,179436,1521,B-107,Barrow County Food Pantry,482049,,FOOD PANTRY,FOOD PANTRY-Agency,USDA,N-50-10104,50,0,0,0.0,1250,BARROW,0.0,4/25/2024 7:00,4/25/2024 6:17,Price Code 1,TRACTOR TRAILER 1 MOBILE PANTRY,False,Food Bank of Northeast Georgia,01,30680.0,Winder,USDA LENTIL BEANS,Proteins
867,177468,84,Y-108,YMCA of GA's Piedmont- Barrow County,480088,,FP/OP/GNAP/USDA,AT-RISK YOUTH-Agency,USDA,N-50-10006,4,0,0,19.44,108,BARROW,0.18,3/22/2024 10:00,3/22/2024 14:15,Price Code 1,CUSTOMER PICKUP,False,Food Bank of Northeast Georgia,01,30680.0,Winder,USDA GREEN BEANS,Vegetables
781,180410,5407,R-130,"Richard C. Wilson Recovery Residence, INC",483016,,ON PREMISES (OP),REHAB-Agency,BLUE RECEIPT-SHL,F-15-10000,38,0,0,6.84,38,BARROW,0.18,5/8/2024 9:09,5/8/2024 9:31,Price Code 1,CUSTOMER PICKUP,False,Sharing Floor Athens,01-SH,30666.0,Statham,"MEAT & SEAFOOD, FROZEN SHL",Proteins
29,177776,1791,B-107,Barrow County Food Pantry,480395,,FOOD PANTRY,FOOD PANTRY-Agency,USDA,N-50-10079,25,0,0,0.0,650,BARROW,0.0,3/28/2024 7:00,3/28/2024 6:02,Price Code 1,TRACTOR TRAILER 1 MOBILE PANTRY,False,Food Bank of Northeast Georgia,01,30680.0,Winder,USDA WALNUT HALVES AND PIECES,Proteins
172,176931,1745,P-104,Project Adam Community Asst Ct,479553,,ON PREMISES (OP),REHAB-Agency,BLUE RECEIPT-SHL,N-03-10756,5,0,0,5.55,185,BARROW,0.03,3/13/2024 13:41,3/18/2024 10:09,Price Code 1,CUSTOMER PICKUP,False,Food Bank of Northeast Georgia,01,30680.0,Winder,GATORADE FRUIT PUNCH,Beverages
1040,180109,9044,H-159,Hills Temple FBH Church,482717,,FP/OP/GNAP/USDA,FB DIRECT ASSISTANCE-Agency,GNAP,N-40-10278,6,0,0,0.0,48,BARROW,0.0,5/7/2024 8:45,5/7/2024 10:58,Price Code 1,CUSTOMER PICKUP,False,Food Bank of Northeast Georgia,01,30680.0,Winder,"GNAP PASTA SIDE, ALFREDO ",Prepared Meals
172,178513,5407,P-104,Project Adam Community Asst Ct,481129,,ON PREMISES (OP),REHAB-Agency,BLUE RECEIPT-SHL,F-15-10000,62,0,0,11.16,62,BARROW,0.18,4/8/2024 13:41,4/8/2024 9:46,Price Code 1,CUSTOMER PICKUP,False,Sharing Floor Athens,01-SH,30680.0,Winder,"MEAT & SEAFOOD, FROZEN SHL",Proteins
917,180128,688,C-161,Church at Pierce Rd.,482736,,FP/OP,FOOD PANTRY-Agency,BLUE RECEIPT-SHL,W-01-10000,10,0,0,1.8,10,BARROW,0.18,5/3/2024 9:39,5/3/2024 9:43,Price Code 1,CUSTOMER PICKUP,False,Sharing Floor Athens,01-SH,30680.0,Winder,"ASSORTED NON-FOOD ITEMS, SHL",Non-Food Misc.
172,182427,875,P-104,Project Adam Community Asst Ct,485031,,ON PREMISES (OP),REHAB-Agency,BLUE RECEIPT-SHL,W-04-10000,45,0,0,0.0,45,BARROW,0.0,6/20/2024 13:41,6/20/2024 11:26,Price Code 1,CUSTOMER PICKUP,False,Sharing Floor Athens,01-SH,30680.0,Winder,"BREAD & BAKERY, ASSORTED SHL",Grains
863,176495,5407,A-148,Auburn First Baptist Church,479119,,FOOD PANTRY,FOOD PANTRY-Agency,BLUE RECEIPT-SHL,F-15-10000,132,0,0,0.0,132,BARROW,0.0,3/1/2024 8:05,3/1/2024 8:42,Price Code 1,CUSTOMER PICKUP,False,Sharing Floor Athens,01-SH,30011.0,Auburn,"MEAT & SEAFOOD, FROZEN SHL",Proteins
917,176083,5407,C-161,Church at Pierce Rd.,478710,,FP/OP,FOOD PANTRY-Agency,BLUE RECEIPT-SHL,F-15-10000,42,0,0,7.56,42,BARROW,0.18,2/23/2024 9:39,2/23/2024 9:56,Price Code 1,CUSTOMER PICKUP,False,Sharing Floor Athens,01-SH,30680.0,Winder,"MEAT & SEAFOOD, FROZEN SHL",Proteins
172,175866,92,P-104,Project Adam Community Asst Ct,478494,,ON PREMISES (OP),REHAB-Agency,LOCAL - LL,W-01-10002,11,0,0,1.98,11,BARROW,0.18,2/20/2024 13:41,2/20/2024 10:20,Price Code 1,CUSTOMER PICKUP,False,Sharing Floor Athens,01-SH,30680.0,Winder,"ASSORTED NON-FOOD ITEMS, LL",Non-Food Misc.
600,181572,8873,S-140,SYTGE (Seeing You Through God's Eyes) Outreach Ministry,484176,,FOOD PANTRY,FOOD PANTRY-Agency,YELLOW RECEIPT - SHN,F-10-10001,1,0,0,0.09,3,BARROW,0.03,6/5/2024 9:30,6/5/2024 9:51,Price Code 1,CUSTOMER PICKUP,False,Food Bank of Northeast Georgia,01,30680.0,Winder,OUTSHINE STRAWBERRY BANANA SMOOTHIE CUBES,Beverages
29,176403,8976,B-107,Barrow County Food Pantry,FAIMPORT479027,,FOOD PANTRY,FOOD PANTRY-Agency,BLUE RECEIPT-SHL,MCC-28-10001,25,0,0,0.0,25,BARROW,0.0,2/23/2024 0:00,2/23/2024 0:00,Price Code 1,CUSTOMER PICKUP,False,Food Bank of Northeast Georgia,01,30680.0,Winder,"PRODUCE, SHL RETAIL PICKUPS",Mixed Produce
781,173477,8683,R-130,"Richard C. Wilson Recovery Residence, INC",477106,,ON PREMISES (OP),REHAB-Agency,BLUE RECEIPT-SHL,N-03-11728,15,0,0,0.0,270,BARROW,0.0,1/26/2024 9:09,1/26/2024 10:32,Price Code 1,CUSTOMER PICKUP,False,Food Bank of Northeast Georgia,01,30666.0,Statham,CRUSH ORANGE SODA,Beverages
917,176158,8869,C-161,Church at Pierce Rd.,478785,,FP/OP,FOOD PANTRY-Agency,YELLOW RECEIPT - SHN,N-20-10004,4,0,0,2.16,12,BARROW,0.18,3/1/2024 9:39,3/1/2024 10:32,Price Code 1,CUSTOMER PICKUP,False,Food Bank of Northeast Georgia,01,30680.0,Winder,PAMPERS PREEMIE SWADDLERS,Non-Food Misc.
600,173468,8683,S-140,SYTGE (Seeing You Through God's Eyes) Outreach Ministry,477097,,FOOD PANTRY,FOOD PANTRY-Agency,BLUE RECEIPT-SHL,N-03-11728,3,0,0,0.0,54,BARROW,0.0,2/15/2024 9:30,2/15/2024 10:15,Price Code 1,CUSTOMER PICKUP,False,Food Bank of Northeast Georgia,01,30680.0,Winder,CRUSH ORANGE SODA,Beverages
867,181186,9060,Y-108,YMCA of GA's Piedmont- Barrow County,483791,,FP/OP/GNAP/USDA,AT-RISK YOUTH-Agency,LOCAL - LL,N-12-10106,2,0,0,0.0,14,BARROW,0.0,5/28/2024 9:00,5/28/2024 9:11,Price Code 1,CUSTOMER PICKUP,False,Food Bank of Northeast Georgia,01,30680.0,Winder,PURCOL MOISTURIZING HAND SANITIZER,Non-Food Misc.
953,179813,8972,C-179,Crossview Church Food Pantry,FAIMPORT482424,,FP/GNAP/USDA,FOOD PANTRY-Agency,BLUE RECEIPT-SHL,MCF-15-10000,371,0,0,0.0,371,BARROW,0.0,4/24/2024 0:00,4/24/2024 0:00,Price Code 1,CUSTOMER PICKUP,False,Food Bank of Northeast Georgia,01,30548.0,Hoschton,"FROZEN MEAT & SEAFOOD, SHL RETAIL PICKUP",Proteins
1034,176082,4676,M-140BARROW,Barrow County MedLink Georgia,478709,,DIRECT ASSISTANCE,MOBILE PANTRY-Agency,USDA,F-50-90031,48,0,0,0.0,1152,BARROW,0.0,3/1/2024 9:40,3/5/2024 6:34,Price Code 1,TRUCK 1 MOBILE PANTRY,False,Food Bank of Northeast Georgia,01,30628.0,Colbert,USDA FROZEN BLUEBERRIES CCC,Fruits
29,180146,8970,B-107,Barrow County Food Pantry,FAIMPORT482753,,FOOD PANTRY,FOOD PANTRY-Agency,BLUE RECEIPT-SHL,MCW-16-10001,2700,0,0,0.0,2700,BARROW,0.0,4/25/2024 0:00,4/25/2024 0:00,Price Code 1,CUSTOMER PICKUP,False,Food Bank of Northeast Georgia,01,30680.0,Winder,"MISC. FOOD BOX, SHL RETAIL PICKUP",Food Misc.
682,179099,875,C-170,Christ The King Ghana Methodist,481713,,DIRECT ASSISTANCE,FOOD PANTRY-Agency,BLUE RECEIPT-SHL,W-04-10000,13,0,0,0.0,13,BARROW,0.0,4/17/2024 15:05,4/17/2024 10:24,Price Code 1,CUSTOMER PICKUP,False,Sharing Floor Athens,01-SH,30680.0,Winder,"BREAD & BAKERY, ASSORTED SHL",Grains
864,175541,690,W-124,Winder Church of God of Prophecy,478170,,FP/OP,FOOD PANTRY-Agency,BLUE RECEIPT-SHL,W-03-10013,18,0,0,0.0,18,BARROW,0.0,2/13/2024 12:22,2/13/2024 8:51,Price Code 1,CUSTOMER PICKUP,False,Sharing Floor Athens,01-SH,30680.0,Winder,"ASSORTED BEVERAGES, SHL",Beverages
600,178699,4036,S-140,SYTGE (Seeing You Through God's Eyes) Outreach Ministry,481314,,FOOD PANTRY,FOOD PANTRY-Agency,BLUE RECEIPT-SHL,N-03-11005,1,0,0,0.0,10,BARROW,0.0,4/18/2024 13:46,4/18/2024 10:44,Price Code 1,CUSTOMER PICKUP,False,Food Bank of Northeast Georgia,01,30680.0,Winder,DIET PEPSI,Beverages
576,173797,8869,F2KBARROW,Food 2 Kids Barrow County,477426,,DIRECT ASSISTANCE,DIRECT ASSISTANCE-Agency,YELLOW RECEIPT - SHN,N-20-10004,20,0,0,0.0,60,BARROW,0.0,2/14/2024 9:00,3/5/2024 13:20,Price Code 1,TRACTOR TRAILER 2 MOBILE PANTRY,False,Food Bank of Northeast Georgia,01,,Athens,PAMPERS PREEMIE SWADDLERS,Non-Food Misc.
682,176755,5958,C-170,Christ The King Ghana Methodist,479378,,DIRECT ASSISTANCE,FOOD PANTRY-Agency,BLUE RECEIPT-SHL,C-16-10001,48,0,0,8.64,48,BARROW,0.18,3/6/2024 15:05,3/6/2024 10:52,Price Code 1,CUSTOMER PICKUP,False,Sharing Floor Athens,01-SH,30680.0,Winder,"COOLER FOOD, MISC. SHL",Food Misc.
585,172713,5772,F2K360BAR,F2K360 BARROW,476344,,FP/OP/GNAP/USDA,DIRECT ASSISTANCE-Agency,LOCAL - LL,C-28-10000,5268,0,0,0.0,5268,BARROW,0.0,1/10/2024 9:00,1/10/2024 12:56,Price Code 1,TRUCK 1 MOBILE PANTRY,False,Food Bank of Northeast Georgia,01,30607.0,ATHENS,"PRODUCE, FRESH LL",Mixed Produce
953,178430,8975,C-179,Crossview Church Food Pantry,FAIMPORT481046,,FP/GNAP/USDA,FOOD PANTRY-Agency,BLUE RECEIPT-SHL,MCC-07-10001,22,0,0,0.0,22,BARROW,0.0,4/3/2024 0:00,4/3/2024 0:00,Price Code 1,CUSTOMER PICKUP,False,Food Bank of Northeast Georgia,01,30548.0,Hoschton,"DAIRY PRODUCTS, SHL RETAIL PICKUPS",Dairy
682,181512,683,C-170,Christ The King Ghana Methodist,484116,,DIRECT ASSISTANCE,FOOD PANTRY-Agency,BLUE RECEIPT-SHL,W-16-10001,206,0,0,37.08,206,BARROW,0.18,5/29/2024 15:05,5/29/2024 10:42,Price Code 1,CUSTOMER PICKUP,False,Sharing Floor Athens,01-SH,30680.0,Winder,MISC. FOOD BOX SHL,Food Misc.
1040,180765,9044,H-159,Hills Temple FBH Church,483371,,FP/OP/GNAP/USDA,FB DIRECT ASSISTANCE-Agency,GNAP,N-40-10278,6,0,0,0.0,48,BARROW,0.0,5/17/2024 9:15,5/17/2024 10:44,Price Code 1,CUSTOMER PICKUP,False,Food Bank of Northeast Georgia,01,30680.0,Winder,"GNAP PASTA SIDE, ALFREDO ",Prepared Meals
867,180357,9036,Y-108,YMCA of GA's Piedmont- Barrow County,482963,,FP/OP/GNAP/USDA,AT-RISK YOUTH-Agency,GNAP,N-40-10273,3,0,0,0.0,42,BARROW,0.0,5/17/2024 10:00,5/17/2024 10:45,Price Code 1,CUSTOMER PICKUP,False,Food Bank of Northeast Georgia,01,30680.0,Winder,GNAP PASTA O'S IN TOMATO SAUCE,Prepared Meals
953,181540,8972,C-179,Crossview Church Food Pantry,FAIMPORT484144,,FP/GNAP/USDA,FOOD PANTRY-Agency,BLUE RECEIPT-SHL,MCF-15-10000,210,0,0,0.0,210,BARROW,0.0,5/24/2024 0:00,5/24/2024 0:00,Price Code 1,CUSTOMER PICKUP,False,Food Bank of Northeast Georgia,01,30548.0,Hoschton,"FROZEN MEAT & SEAFOOD, SHL RETAIL PICKUP",Proteins
1013,179765,8783,S-143,"Spirit Of Sharing, INC",482378,,FP/GNAP/USDA,FOOD PANTRY-Agency,USDA,N-50-10308,13,0,0,0.0,299,BARROW,0.0,5/1/2024 9:00,5/1/2024 10:21,Price Code 1,TRUCK 1 MOBILE PANTRY,False,Food Bank of Northeast Georgia,01,30680.0,Winder,USDA RAISINS,Fruits
172,175479,683,P-104,Project Adam Community Asst Ct,478108,,ON PREMISES (OP),REHAB-Agency,BLUE RECEIPT-SHL,W-16-10001,38,0,0,6.84,38,BARROW,0.18,2/12/2024 13:41,2/12/2024 11:06,Price Code 1,CUSTOMER PICKUP,False,Sharing Floor Athens,01-SH,30680.0,Winder,MISC. FOOD BOX SHL,Food Misc.
917,182590,92,C-161,Church at Pierce Rd.,485193,,FP/OP,FOOD PANTRY-Agency,LOCAL - LL,W-01-10002,26,0,0,4.68,26,BARROW,0.18,6/26/2024 9:39,6/26/2024 10:37,Price Code 1,CUSTOMER PICKUP,False,Food Bank of Northeast Georgia,01,30680.0,Winder,"ASSORTED NON-FOOD ITEMS, LL",Non-Food Misc.
29,179802,8975,B-107,Barrow County Food Pantry,FAIMPORT482415,,FOOD PANTRY,FOOD PANTRY-Agency,BLUE RECEIPT-SHL,MCC-07-10001,295,0,0,0.0,295,BARROW,0.0,4/24/2024 0:00,4/24/2024 0:00,Price Code 1,CUSTOMER PICKUP,False,Food Bank of Northeast Georgia,01,30680.0,Winder,"DAIRY PRODUCTS, SHL RETAIL PICKUPS",Dairy
682,173185,696,C-170,Christ The King Ghana Methodist,476815,,DIRECT ASSISTANCE,FOOD PANTRY-Agency,LOCAL - LL,W-25-10000,17,0,0,3.06,17,BARROW,0.18,1/17/2024 15:05,1/17/2024 10:48,Price Code 1,CUSTOMER PICKUP,False,Sharing Floor Athens,01-SH,30680.0,Winder,"ASSORTED SNACK ITEMS, LL",Food Misc.
917,176083,5772,C-161,Church at Pierce Rd.,478710,,FP/OP,FOOD PANTRY-Agency,LOCAL - LL,C-28-10000,118,0,0,3.54,118,BARROW,0.03,2/23/2024 9:39,2/23/2024 9:56,Price Code 1,CUSTOMER PICKUP,False,Sharing Floor Athens,01-SH,30680.0,Winder,"PRODUCE, FRESH LL",Mixed Produce
172,179363,683,P-104,Project Adam Community Asst Ct,481976,,ON PREMISES (OP),REHAB-Agency,BLUE RECEIPT-SHL,W-16-10001,202,0,0,0.0,202,BARROW,0.0,4/22/2024 13:41,4/22/2024 9:46,Price Code 1,CUSTOMER PICKUP,False,Sharing Floor Athens,01-SH,30680.0,Winder,MISC. FOOD BOX SHL,Food Misc.
867,178111,7083,Y-108,YMCA of GA's Piedmont- Barrow County,480730,,FP/OP/GNAP/USDA,AT-RISK YOUTH-Agency,USDA,C-50-10029,5,0,0,10.8,60,BARROW,0.18,4/5/2024 14:18,4/5/2024 10:00,Price Code 1,CUSTOMER PICKUP,False,Food Bank of Northeast Georgia,01,30680.0,Winder,"USDA MILD CHEDDAR CHEESE, BLOCK CCC",Dairy
29,181293,8986,B-107,Barrow County Food Pantry,FAIMPORT483898,,FOOD PANTRY,FOOD PANTRY-Agency,BLUE RECEIPT-SHL,MCW-01-10001,50,0,0,0.0,50,BARROW,0.0,5/10/2024 0:00,5/10/2024 0:00,Price Code 1,CUSTOMER PICKUP,False,Food Bank of Northeast Georgia,01,30680.0,Winder,"NON-FOOD ITEMS, SHL RETAIL PICKUPS",Non-Food Misc.
172,179457,9029,P-104,Project Adam Community Asst Ct,482070,,ON PREMISES (OP),REHAB-Agency,YELLOW RECEIPT - SHN,N-25-11971,10,0,0,14.4,80,BARROW,0.18,5/1/2024 13:41,5/1/2024 13:44,Price Code 1,CUSTOMER PICKUP,False,Food Bank of Northeast Georgia,01,30680.0,Winder,BIGS JUMBO SUNFLOWER KERNELS,Proteins
953,182368,8971,C-179,Crossview Church Food Pantry,FAIMPORT484972,,FP/GNAP/USDA,FOOD PANTRY-Agency,BLUE RECEIPT-SHL,MCF-16-10001,92,0,0,0.0,92,BARROW,0.0,6/17/2024 0:00,6/17/2024 0:00,Price Code 1,CUSTOMER PICKUP,False,Food Bank of Northeast Georgia,01,30548.0,Hoschton,"FROZEN FOODS, MISC SHL RETAIL PICKUP",Food Misc.
863,182594,1222,A-148,Auburn First Baptist Church,485197,,FOOD PANTRY,FOOD PANTRY-Agency,YELLOW RECEIPT - SHN,W-16-10003,304,0,0,0.0,304,BARROW,0.0,6/26/2024 8:05,6/26/2024 11:24,Price Code 1,CUSTOMER PICKUP,False,Food Bank of Northeast Georgia,01,30011.0,Auburn,ASSORTED FOOD ITEMS SHD,Food Misc.
29,182130,8970,B-107,Barrow County Food Pantry,FAIMPORT484734,,FOOD PANTRY,FOOD PANTRY-Agency,BLUE RECEIPT-SHL,MCW-16-10001,61,0,0,0.0,61,BARROW,0.0,6/4/2024 0:00,6/4/2024 0:00,Price Code 1,CUSTOMER PICKUP,False,Food Bank of Northeast Georgia,01,30680.0,Winder,"MISC. FOOD BOX, SHL RETAIL PICKUP",Food Misc.
172,178116,9014,P-104,Project Adam Community Asst Ct,480735,,ON PREMISES (OP),REHAB-Agency,PURCH,N-27-10136,2,0,104,9.72,54,BARROW,0.18,4/8/2024 10:00,4/8/2024 10:29,Price Code 1,CUSTOMER PICKUP,False,Food Bank of Northeast Georgia,01,30680.0,Winder,"GREEN BEANS, HARVEST VALLEY",Vegetables
864,180768,690,W-124,Winder Church of God of Prophecy,483374,,FP/OP,FOOD PANTRY-Agency,BLUE RECEIPT-SHL,W-03-10013,40,0,0,0.0,40,BARROW,0.0,5/14/2024 12:22,5/14/2024 8:21,Price Code 1,CUSTOMER PICKUP,False,Sharing Floor Athens,01-SH,30680.0,Winder,"ASSORTED BEVERAGES, SHL",Beverages
917,176120,8955,C-161,Church at Pierce Rd.,478747,,FP/OP,FOOD PANTRY-Agency,BLUE RECEIPT-SHL,N-03-11816,1,0,0,0.0,40,BARROW,0.0,3/1/2024 9:39,3/1/2024 10:34,Price Code 1,CUSTOMER PICKUP,False,Food Bank of Northeast Georgia,01,30680.0,Winder,SCHWEPPES RASPBERRY GINGER ALE 2L,Beverages
29,180145,8973,B-107,Barrow County Food Pantry,FAIMPORT482752,,FOOD PANTRY,FOOD PANTRY-Agency,BLUE RECEIPT-SHL,MCC-16-10001,18,0,0,0.0,18,BARROW,0.0,4/26/2024 0:00,4/26/2024 0:00,Price Code 1,CUSTOMER PICKUP,False,Food Bank of Northeast Georgia,01,30680.0,Winder,"COOLER FOOD MISC., SHL RETAIL PICKUP",Food Misc.
682,172473,688,C-170,Christ The King Ghana Methodist,476104,,DIRECT ASSISTANCE,FOOD PANTRY-Agency,BLUE RECEIPT-SHL,W-01-10000,38,0,0,6.84,38,BARROW,0.18,1/3/2024 15:05,1/3/2024 11:01,Price Code 1,CUSTOMER PICKUP,False,Sharing Floor Athens,01-SH,30680.0,Winder,"ASSORTED NON-FOOD ITEMS, SHL",Non-Food Misc.
29,182129,8976,B-107,Barrow County Food Pantry,FAIMPORT484733,,FOOD PANTRY,FOOD PANTRY-Agency,BLUE RECEIPT-SHL,MCC-28-10001,165,0,0,0.0,165,BARROW,0.0,6/10/2024 0:00,6/10/2024 0:00,Price Code 1,CUSTOMER PICKUP,False,Food Bank of Northeast Georgia,01,30680.0,Winder,"PRODUCE, SHL RETAIL PICKUPS",Mixed Produce
29,179798,8972,B-107,Barrow County Food Pantry,FAIMPORT482411,,FOOD PANTRY,FOOD PANTRY-Agency,BLUE RECEIPT-SHL,MCF-15-10000,188,0,0,0.0,188,BARROW,0.0,4/12/2024 0:00,4/12/2024 0:00,Price Code 1,CUSTOMER PICKUP,False,Food Bank of Northeast Georgia,01,30680.0,Winder,"FROZEN MEAT & SEAFOOD, SHL RETAIL PICKUP",Proteins
497,176147,8957,W-119,Winder Freelife Church,478774,,FP/OP/GNAP/USDA,FOOD PANTRY-Agency,YELLOW RECEIPT - SHN,N-25-11956,1,0,0,0.72,4,BARROW,0.18,3/4/2024 11:00,3/4/2024 14:17,Price Code 1,CUSTOMER PICKUP,False,Food Bank of Northeast Georgia,01,30680.0,Winder,HONEYMAID GRAHAM CRACKERS,Grains
497,173513,8922,W-119,Winder Freelife Church,477142,,FP/OP/GNAP/USDA,FOOD PANTRY-Agency,LOCAL - LL,N-25-11954,1,0,0,0.9,5,BARROW,0.18,2/7/2024 11:00,2/7/2024 10:45,Price Code 1,CUSTOMER PICKUP,False,Food Bank of Northeast Georgia,01,30680.0,Winder,ATKINS VAR PACK CHOC PEANUT/CARAMEL,Food Misc.
682,180417,5958,C-170,Christ The King Ghana Methodist,483023,,DIRECT ASSISTANCE,FOOD PANTRY-Agency,BLUE RECEIPT-SHL,C-16-10001,42,0,0,7.56,42,BARROW,0.18,5/8/2024 15:05,5/8/2024 10:38,Price Code 1,CUSTOMER PICKUP,False,Sharing Floor Athens,01-SH,30680.0,Winder,"COOLER FOOD, MISC. SHL",Food Misc.
917,181010,688,C-161,Church at Pierce Rd.,483615,,FP/OP,FOOD PANTRY-Agency,BLUE RECEIPT-SHL,W-01-10000,3,0,0,0.54,3,BARROW,0.18,5/17/2024 9:39,5/17/2024 9:23,Price Code 1,CUSTOMER PICKUP,False,Sharing Floor Athens,01-SH,30680.0,Winder,"ASSORTED NON-FOOD ITEMS, SHL",Non-Food Misc.
29,181117,4737,B-107,Barrow County Food Pantry,483722,,FOOD PANTRY,FOOD PANTRY-Agency,USDA,F-50-90456,80,0,0,0.0,3200,BARROW,0.0,5/23/2024 8:19,5/28/2024 7:55,Price Code 1,TRACTOR TRAILER 1 MOBILE PANTRY,False,Food Bank of Northeast Georgia,01,30680.0,Winder,USDA PORK PATTY,Proteins
172,181030,2098,P-104,Project Adam Community Asst Ct,483635,,ON PREMISES (OP),REHAB-Agency,BLUE RECEIPT-SHL,N-03-10677,6,0,0,0.0,132,BARROW,0.0,5/28/2024 8:00,5/28/2024 8:56,Price Code 1,CUSTOMER PICKUP,False,Food Bank of Northeast Georgia,01,30680.0,Winder,GATORADE ORANGE,Beverages
600,176844,5088,S-140,SYTGE (Seeing You Through God's Eyes) Outreach Ministry,479466,,FOOD PANTRY,FOOD PANTRY-Agency,USDA,F-50-90023,3,0,0,0.0,75,BARROW,0.0,3/14/2024 13:46,3/14/2024 10:13,Price Code 1,CUSTOMER PICKUP,False,Food Bank of Northeast Georgia,01,30680.0,Winder,USDA FROZEN PEACHES CCC,Fruits
953,181596,9043,C-179,Crossview Church Food Pantry,484200,,FP/GNAP/USDA,FOOD PANTRY-Agency,GNAP,N-40-10277,6,0,0,0.0,48,BARROW,0.0,6/4/2024 11:00,6/13/2024 16:53,Price Code 1,TRUCK 1,False,Food Bank of Northeast Georgia,01,30548.0,Hoschton,GNAP DELUXE SHELLS & CHEESE,Prepared Meals
953,175788,7309,C-179,Crossview Church Food Pantry,478416,,FP/GNAP/USDA,FOOD PANTRY-Agency,GNAP,N-40-10250,8,0,0,0.0,216,BARROW,0.0,2/21/2024 15:00,2/21/2024 15:19,Price Code 1,CONTACT FOR DELIVERY,False,Food Bank of Northeast Georgia,01,30548.0,Hoschton,GNAP MIXED VEGETABLES,Vegetables
917,172307,8625,C-161,Church at Pierce Rd.,475938,,FP/OP,FOOD PANTRY-Agency,BLUE RECEIPT-SHL,N-03-11261,1,0,0,1.65,33,BARROW,0.05,1/5/2024 9:39,1/5/2024 14:36,Price Code 1,CUSTOMER PICKUP,False,Food Bank of Northeast Georgia,01,30680.0,Winder,STARRY ZERO SUGAR 24 X 20 FL OZ,Beverages
1013,181770,9084,S-143,"Spirit Of Sharing, INC",484374,,FP/GNAP/USDA,FOOD PANTRY-Agency,USDA,N-50-10315,13,0,0,0.0,351,BARROW,0.0,6/5/2024 9:00,6/5/2024 13:08,Price Code 1,TRUCK 1 MOBILE PANTRY,False,Food Bank of Northeast Georgia,01,30680.0,Winder,USDA CANNED SALMON,Proteins
1040,178462,4036,H-159,Hills Temple FBH Church,481078,,FP/OP/GNAP/USDA,FB DIRECT ASSISTANCE-Agency,BLUE RECEIPT-SHL,N-03-11005,16,0,0,0.0,160,BARROW,0.0,4/10/2024 0:04,4/15/2024 9:47,Price Code 1,CUSTOMER PICKUP,False,Food Bank of Northeast Georgia,01,30680.0,Winder,DIET PEPSI,Beverages
600,181572,7164,S-140,SYTGE (Seeing You Through God's Eyes) Outreach Ministry,484176,,FOOD PANTRY,FOOD PANTRY-Agency,BLUE RECEIPT-SHL,N-03-11197,1,0,0,0.0,10,BARROW,0.0,6/5/2024 9:30,6/5/2024 9:51,Price Code 1,CUSTOMER PICKUP,False,Food Bank of Northeast Georgia,01,30680.0,Winder,MT DEW ZERO SUGAR MAJOR MELON,Beverages
781,173525,5407,R-130,"Richard C. Wilson Recovery Residence, INC",477154,,ON PREMISES (OP),REHAB-Agency,BLUE RECEIPT-SHL,F-15-10000,152,0,0,27.36,152,BARROW,0.18,1/24/2024 9:09,1/24/2024 9:45,Price Code 1,CUSTOMER PICKUP,False,Sharing Floor Athens,01-SH,30666.0,Statham,"MEAT & SEAFOOD, FROZEN SHL",Proteins
172,177045,688,P-104,Project Adam Community Asst Ct,479667,,ON PREMISES (OP),REHAB-Agency,BLUE RECEIPT-SHL,W-01-10000,7,0,0,1.26,7,BARROW,0.18,3/11/2024 13:41,3/11/2024 9:33,Price Code 1,CUSTOMER PICKUP,False,Sharing Floor Athens,01-SH,30680.0,Winder,"ASSORTED NON-FOOD ITEMS, SHL",Non-Food Misc.
953,180975,8973,C-179,Crossview Church Food Pantry,FAIMPORT483580,,FP/GNAP/USDA,FOOD PANTRY-Agency,BLUE RECEIPT-SHL,MCC-16-10001,130,0,0,0.0,130,BARROW,0.0,5/15/2024 0:00,5/15/2024 0:00,Price Code 1,CUSTOMER PICKUP,False,Food Bank of Northeast Georgia,01,30548.0,Hoschton,"COOLER FOOD MISC., SHL RETAIL PICKUP",Food Misc.
1034,176082,8940,M-140BARROW,Barrow County MedLink Georgia,478709,,DIRECT ASSISTANCE,MOBILE PANTRY-Agency,BLUE RECEIPT-SHL,C-28-90531,25,0,0,0.0,1300,BARROW,0.0,3/1/2024 9:40,3/5/2024 6:34,Price Code 1,TRUCK 1 MOBILE PANTRY,False,Food Bank of Northeast Georgia,01,30628.0,Colbert,"CABBAGE, SHL 50#",Vegetables
953,180735,8972,C-179,Crossview Church Food Pantry,FAIMPORT483341,,FP/GNAP/USDA,FOOD PANTRY-Agency,BLUE RECEIPT-SHL,MCF-15-10000,382,0,0,0.0,382,BARROW,0.0,5/13/2024 0:00,5/13/2024 0:00,Price Code 1,CUSTOMER PICKUP,False,Food Bank of Northeast Georgia,01,30548.0,Hoschton,"FROZEN MEAT & SEAFOOD, SHL RETAIL PICKUP",Proteins
497,177474,690,W-119,Winder Freelife Church,480094,,FP/OP/GNAP/USDA,FOOD PANTRY-Agency,BLUE RECEIPT-SHL,W-03-10013,33,0,0,0.0,33,BARROW,0.0,3/18/2024 14:38,3/18/2024 10:19,Price Code 1,CUSTOMER PICKUP,False,Sharing Floor Athens,01-SH,30680.0,Winder,"ASSORTED BEVERAGES, SHL",Beverages
867,180357,7202,Y-108,YMCA of GA's Piedmont- Barrow County,482963,,FP/OP/GNAP/USDA,AT-RISK YOUTH-Agency,GNAP,N-40-10242,1,0,0,0.0,16,BARROW,0.0,5/17/2024 10:00,5/17/2024 10:45,Price Code 1,CUSTOMER PICKUP,False,Food Bank of Northeast Georgia,01,30680.0,Winder,GNAP STRAWBERRY JELLY,Food Misc.
781,181501,875,R-130,"Richard C. Wilson Recovery Residence, INC",484105,,ON PREMISES (OP),REHAB-Agency,BLUE RECEIPT-SHL,W-04-10000,17,0,0,0.0,17,BARROW,0.0,5/29/2024 9:09,5/29/2024 9:29,Price Code 1,CUSTOMER PICKUP,False,Sharing Floor Athens,01-SH,30666.0,Statham,"BREAD & BAKERY, ASSORTED SHL",Grains
1040,180765,9043,H-159,Hills Temple FBH Church,483371,,FP/OP/GNAP/USDA,FB DIRECT ASSISTANCE-Agency,GNAP,N-40-10277,10,0,0,0.0,80,BARROW,0.0,5/17/2024 9:15,5/17/2024 10:44,Price Code 1,CUSTOMER PICKUP,False,Food Bank of Northeast Georgia,01,30680.0,Winder,GNAP DELUXE SHELLS & CHEESE,Prepared Meals
953,180171,9036,C-179,Crossview Church Food Pantry,482777,,FP/GNAP/USDA,FOOD PANTRY-Agency,GNAP,N-40-10273,5,0,0,0.0,70,BARROW,0.0,5/8/2024 9:30,5/9/2024 9:19,Price Code 1,TRACTOR TRAILER 1,False,Food Bank of Northeast Georgia,01,30548.0,Hoschton,GNAP PASTA O'S IN TOMATO SAUCE,Prepared Meals
867,179432,9029,Y-108,YMCA of GA's Piedmont- Barrow County,482045,,FP/OP/GNAP/USDA,AT-RISK YOUTH-Agency,YELLOW RECEIPT - SHN,N-25-11971,10,0,0,14.4,80,BARROW,0.18,4/30/2024 10:00,5/1/2024 12:17,Price Code 1,CUSTOMER PICKUP,False,Food Bank of Northeast Georgia,01,30680.0,Winder,BIGS JUMBO SUNFLOWER KERNELS,Proteins
781,178380,8990,R-130,"Richard C. Wilson Recovery Residence, INC",480996,,ON PREMISES (OP),REHAB-Agency,BLUE RECEIPT-SHL,N-03-11819,2,0,0,11.88,66,BARROW,0.18,4/10/2024 9:09,4/10/2024 10:12,Price Code 1,CUSTOMER PICKUP,False,Food Bank of Northeast Georgia,01,30666.0,Statham,CHERRY DR PEPPER,Beverages
1013,172282,7094,S-143,"Spirit Of Sharing, INC",475913,,FP/GNAP/USDA,FOOD PANTRY-Agency,PURCH,N-21-10056,13,0,0,0.0,156,BARROW,0.0,1/3/2024 9:00,1/11/2024 8:45,Price Code 1,TRUCK 1 MOBILE PANTRY,False,Food Bank of Northeast Georgia,01,30680.0,Winder,MACARONI & CHEESE,Prepared Meals
867,176742,84,Y-108,YMCA of GA's Piedmont- Barrow County,479365,,FP/OP/GNAP/USDA,AT-RISK YOUTH-Agency,USDA,N-50-10006,2,0,0,9.72,54,BARROW,0.18,3/11/2024 14:18,3/11/2024 15:01,Price Code 1,CUSTOMER PICKUP,False,Food Bank of Northeast Georgia,01,30680.0,Winder,USDA GREEN BEANS,Vegetables
781,182588,696,R-130,"Richard C. Wilson Recovery Residence, INC",485191,,ON PREMISES (OP),REHAB-Agency,LOCAL - LL,W-25-10000,79,0,0,14.22,79,BARROW,0.18,6/26/2024 9:09,6/26/2024 9:23,Price Code 1,CUSTOMER PICKUP,False,Food Bank of Northeast Georgia,01,30666.0,Statham,"ASSORTED SNACK ITEMS, LL",Food Misc.
682,181512,5938,C-170,Christ The King Ghana Methodist,484116,,DIRECT ASSISTANCE,FOOD PANTRY-Agency,BLUE RECEIPT-SHL,C-28-10001,158,0,0,4.74,158,BARROW,0.03,5/29/2024 15:05,5/29/2024 10:42,Price Code 1,CUSTOMER PICKUP,False,Sharing Floor Athens,01-SH,30680.0,Winder,"PRODUCE, FRESH SHL",Mixed Produce
682,179099,690,C-170,Christ The King Ghana Methodist,481713,,DIRECT ASSISTANCE,FOOD PANTRY-Agency,BLUE RECEIPT-SHL,W-03-10013,164,0,0,0.0,164,BARROW,0.0,4/17/2024 15:05,4/17/2024 10:24,Price Code 1,CUSTOMER PICKUP,False,Sharing Floor Athens,01-SH,30680.0,Winder,"ASSORTED BEVERAGES, SHL",Beverages
781,173481,8683,R-130,"Richard C. Wilson Recovery Residence, INC",477110,,ON PREMISES (OP),REHAB-Agency,BLUE RECEIPT-SHL,N-03-11728,10,0,0,0.0,180,BARROW,0.0,1/26/2024 9:09,1/26/2024 10:10,Price Code 1,CUSTOMER PICKUP,False,Food Bank of Northeast Georgia,01,30666.0,Statham,CRUSH ORANGE SODA,Beverages
172,178513,683,P-104,Project Adam Community Asst Ct,481129,,ON PREMISES (OP),REHAB-Agency,BLUE RECEIPT-SHL,W-16-10001,60,0,0,0.0,60,BARROW,0.0,4/8/2024 13:41,4/8/2024 9:46,Price Code 1,CUSTOMER PICKUP,False,Sharing Floor Athens,01-SH,30680.0,Winder,MISC. FOOD BOX SHL,Food Misc.
29,178715,8975,B-107,Barrow County Food Pantry,FAIMPORT481329,,FOOD PANTRY,FOOD PANTRY-Agency,BLUE RECEIPT-SHL,MCC-07-10001,104,0,0,0.0,104,BARROW,0.0,4/9/2024 0:00,4/9/2024 0:00,Price Code 1,CUSTOMER PICKUP,False,Food Bank of Northeast Georgia,01,30680.0,Winder,"DAIRY PRODUCTS, SHL RETAIL PICKUPS",Dairy
29,179801,8970,B-107,Barrow County Food Pantry,FAIMPORT482414,,FOOD PANTRY,FOOD PANTRY-Agency,BLUE RECEIPT-SHL,MCW-16-10001,131,0,0,0.0,131,BARROW,0.0,4/16/2024 0:00,4/16/2024 0:00,Price Code 1,CUSTOMER PICKUP,False,Food Bank of Northeast Georgia,01,30680.0,Winder,"MISC. FOOD BOX, SHL RETAIL PICKUP",Food Misc.
953,176821,8973,C-179,Crossview Church Food Pantry,FAIMPORT479443,,FP/GNAP/USDA,FOOD PANTRY-Agency,BLUE RECEIPT-SHL,MCC-16-10001,40,0,0,0.0,40,BARROW,0.0,3/6/2024 0:00,3/6/2024 0:00,Price Code 1,CUSTOMER PICKUP,False,Food Bank of Northeast Georgia,01,30548.0,Hoschton,"COOLER FOOD MISC., SHL RETAIL PICKUP",Food Misc.
172,173783,8879,P-104,Project Adam Community Asst Ct,477412,,ON PREMISES (OP),REHAB-Agency,BLUE RECEIPT-SHL,N-03-11784,4,0,0,0.0,108,BARROW,0.0,2/1/2024 13:41,2/5/2024 11:27,Price Code 1,CUSTOMER PICKUP,False,Food Bank of Northeast Georgia,01,30680.0,Winder,GATORADE RIPTIDE RUSH,Beverages
867,177468,800,Y-108,YMCA of GA's Piedmont- Barrow County,480088,,FP/OP/GNAP/USDA,AT-RISK YOUTH-Agency,USDA,N-50-10065,6,0,0,29.16,162,BARROW,0.18,3/22/2024 10:00,3/22/2024 14:15,Price Code 1,CUSTOMER PICKUP,False,Food Bank of Northeast Georgia,01,30680.0,Winder,USDA APPLESAUCE,Fruits
781,180410,875,R-130,"Richard C. Wilson Recovery Residence, INC",483016,,ON PREMISES (OP),REHAB-Agency,BLUE RECEIPT-SHL,W-04-10000,14,0,0,0.0,14,BARROW,0.0,5/8/2024 9:09,5/8/2024 9:31,Price Code 1,CUSTOMER PICKUP,False,Sharing Floor Athens,01-SH,30666.0,Statham,"BREAD & BAKERY, ASSORTED SHL",Grains
867,172759,1674,Y-108,YMCA of GA's Piedmont- Barrow County,476390,,FP/OP/GNAP/USDA,AT-RISK YOUTH-Agency,USDA,N-50-10073,6,0,0,29.16,162,BARROW,0.18,1/11/2024 14:18,1/11/2024 12:16,Price Code 1,CUSTOMER PICKUP,False,Food Bank of Northeast Georgia,01,30680.0,Winder,USDA TOMATO SAUCE,Vegetables
867,180197,800,Y-108,YMCA of GA's Piedmont- Barrow County,482803,,FP/OP/GNAP/USDA,AT-RISK YOUTH-Agency,USDA,N-50-10065,6,0,0,29.16,162,BARROW,0.18,5/8/2024 10:45,5/8/2024 11:20,Price Code 1,CUSTOMER PICKUP,False,Food Bank of Northeast Georgia,01,30680.0,Winder,USDA APPLESAUCE,Fruits
781,180839,683,R-130,"Richard C. Wilson Recovery Residence, INC",483445,,ON PREMISES (OP),REHAB-Agency,BLUE RECEIPT-SHL,W-16-10001,94,0,0,16.92,94,BARROW,0.18,5/15/2024 9:09,5/15/2024 8:31,Price Code 1,CUSTOMER PICKUP,False,Sharing Floor Athens,01-SH,30666.0,Statham,MISC. FOOD BOX SHL,Food Misc.
867,178476,1674,Y-108,YMCA of GA's Piedmont- Barrow County,481092,,FP/OP/GNAP/USDA,AT-RISK YOUTH-Agency,USDA,N-50-10073,4,0,0,19.44,108,BARROW,0.18,4/10/2024 14:18,4/10/2024 10:42,Price Code 1,CUSTOMER PICKUP,False,Food Bank of Northeast Georgia,01,30680.0,Winder,USDA TOMATO SAUCE,Vegetables
867,180151,683,Y-108,YMCA of GA's Piedmont- Barrow County,482758,,FP/OP/GNAP/USDA,AT-RISK YOUTH-Agency,BLUE RECEIPT-SHL,W-16-10001,121,0,0,21.78,121,BARROW,0.18,5/3/2024 14:18,5/3/2024 10:29,Price Code 1,CUSTOMER PICKUP,False,Sharing Floor Athens,01-SH,30680.0,Winder,MISC. FOOD BOX SHL,Food Misc.
867,179864,7153,Y-108,YMCA of GA's Piedmont- Barrow County,482475,,FP/OP/GNAP/USDA,AT-RISK YOUTH-Agency,GNAP,N-40-10234,2,0,0,0.0,26,BARROW,0.0,5/3/2024 14:18,5/3/2024 10:51,Price Code 1,CUSTOMER PICKUP,False,Food Bank of Northeast Georgia,01,30680.0,Winder,GNAP BAKED BEANS,Proteins
600,181572,9069,S-140,SYTGE (Seeing You Through God's Eyes) Outreach Ministry,484176,,FOOD PANTRY,FOOD PANTRY-Agency,BLUE RECEIPT-SHL,N-03-11834,1,0,0,0.0,40,BARROW,0.0,6/5/2024 9:30,6/5/2024 9:51,Price Code 1,CUSTOMER PICKUP,False,Food Bank of Northeast Georgia,01,30680.0,Winder,DR PEPPER ZERO SUGAR,Beverages
789,182037,2202,TH-134,First Baptist Church of Carl,484641,,FP/USDA,MOBILE PANTRY-Agency,USDA,N-50-10240,204,0,0,807.84,4488,BARROW,0.18,6/21/2024 12:30,6/25/2024 14:13,Price Code 1,TRACTOR TRAILER 1,False,Food Bank of Northeast Georgia,01,30011.0,Auburn,USDA SPAGHETTI,Grains
917,177770,696,C-161,Church at Pierce Rd.,480389,,FP/OP,FOOD PANTRY-Agency,LOCAL - LL,W-25-10000,43,0,0,7.74,43,BARROW,0.18,3/22/2024 9:39,3/22/2024 9:54,Price Code 1,CUSTOMER PICKUP,False,Sharing Floor Athens,01-SH,30680.0,Winder,"ASSORTED SNACK ITEMS, LL",Food Misc.
1034,176082,3943,M-140BARROW,Barrow County MedLink Georgia,478709,,DIRECT ASSISTANCE,MOBILE PANTRY-Agency,USDA,N-50-10268,25,0,0,0.0,950,BARROW,0.0,3/1/2024 9:40,3/5/2024 6:34,Price Code 1,TRUCK 1 MOBILE PANTRY,False,Food Bank of Northeast Georgia,01,30628.0,Colbert,USDA APPLE JUICE,Beverages
682,180417,875,C-170,Christ The King Ghana Methodist,483023,,DIRECT ASSISTANCE,FOOD PANTRY-Agency,BLUE RECEIPT-SHL,W-04-10000,12,0,0,0.0,12,BARROW,0.0,5/8/2024 15:05,5/8/2024 10:38,Price Code 1,CUSTOMER PICKUP,False,Sharing Floor Athens,01-SH,30680.0,Winder,"BREAD & BAKERY, ASSORTED SHL",Grains
1038,180181,5938,C-184,"Called to Serve Georgia, Inc",482787,,FP/OP/USDA,FOOD PANTRY-Agency,BLUE RECEIPT-SHL,C-28-10001,58,0,0,1.74,58,BARROW,0.03,5/3/2024 14:16,5/3/2024 14:21,Price Code 1,CUSTOMER PICKUP,False,Sharing Floor Athens,01-SH,30680.0,Winder,"PRODUCE, FRESH SHL",Mixed Produce
172,178475,9006,P-104,Project Adam Community Asst Ct,481091,,ON PREMISES (OP),REHAB-Agency,BLUE RECEIPT-SHL,N-03-11825,10,0,0,0.0,110,BARROW,0.0,4/15/2024 13:41,4/15/2024 10:14,Price Code 1,CUSTOMER PICKUP,False,Food Bank of Northeast Georgia,01,30680.0,Winder,STARBUCKS NITRO COLD BREW,Beverages
1040,180765,9047,H-159,Hills Temple FBH Church,483371,,FP/OP/GNAP/USDA,FB DIRECT ASSISTANCE-Agency,GNAP,N-40-10281,6,0,0,0.0,60,BARROW,0.0,5/17/2024 9:15,5/17/2024 10:44,Price Code 1,CUSTOMER PICKUP,False,Food Bank of Northeast Georgia,01,30680.0,Winder,GNAP LASAGNA DINNER ,Prepared Meals
917,181010,683,C-161,Church at Pierce Rd.,483615,,FP/OP,FOOD PANTRY-Agency,BLUE RECEIPT-SHL,W-16-10001,21,0,0,3.78,21,BARROW,0.18,5/17/2024 9:39,5/17/2024 9:23,Price Code 1,CUSTOMER PICKUP,False,Sharing Floor Athens,01-SH,30680.0,Winder,MISC. FOOD BOX SHL,Food Misc.
29,179436,842,B-107,Barrow County Food Pantry,482049,,FOOD PANTRY,FOOD PANTRY-Agency,USDA,N-50-10021,25,0,0,0.0,675,BARROW,0.0,4/25/2024 7:00,4/25/2024 6:17,Price Code 1,TRACTOR TRAILER 1 MOBILE PANTRY,False,Food Bank of Northeast Georgia,01,30680.0,Winder,USDA DICED TOMATOES NO SALT CCC,Vegetables
1040,180423,683,H-159,Hills Temple FBH Church,483029,,FP/OP/GNAP/USDA,FB DIRECT ASSISTANCE-Agency,BLUE RECEIPT-SHL,W-16-10001,11,0,0,1.98,11,BARROW,0.18,5/8/2024 11:28,5/8/2024 11:35,Price Code 1,CUSTOMER PICKUP,False,Sharing Floor Athens,01-SH,30680.0,Winder,MISC. FOOD BOX SHL,Food Misc.
497,182553,696,W-119,Winder Freelife Church,485156,,FP/OP/GNAP/USDA,FOOD PANTRY-Agency,LOCAL - LL,W-25-10000,16,0,0,2.88,16,BARROW,0.18,6/25/2024 14:38,6/25/2024 14:11,Price Code 1,CUSTOMER PICKUP,False,Sharing Floor Athens,01-SH,30680.0,Winder,"ASSORTED SNACK ITEMS, LL",Food Misc.
172,179363,875,P-104,Project Adam Community Asst Ct,481976,,ON PREMISES (OP),REHAB-Agency,BLUE RECEIPT-SHL,W-04-10000,14,0,0,0.0,14,BARROW,0.0,4/22/2024 13:41,4/22/2024 9:46,Price Code 1,CUSTOMER PICKUP,False,Sharing Floor Athens,01-SH,30680.0,Winder,"BREAD & BAKERY, ASSORTED SHL",Grains
781,178970,8781,R-130,"Richard C. Wilson Recovery Residence, INC",481584,,ON PREMISES (OP),REHAB-Agency,BLUE RECEIPT-SHL,N-03-11753,4,0,0,0.0,92,BARROW,0.0,4/18/2024 9:09,4/18/2024 10:53,Price Code 1,CUSTOMER PICKUP,False,Food Bank of Northeast Georgia,01,30666.0,Statham,PURE LEAF SWEET TEA,Beverages
1034,176082,8874,M-140BARROW,Barrow County MedLink Georgia,478709,,DIRECT ASSISTANCE,MOBILE PANTRY-Agency,YELLOW RECEIPT - SHN,F-10-10002,130,0,0,0.0,390,BARROW,0.0,3/1/2024 9:40,3/5/2024 6:34,Price Code 1,TRUCK 1 MOBILE PANTRY,False,Food Bank of Northeast Georgia,01,30628.0,Colbert,OUTSHINE TROPICAL SMOOTHIE CUBES,Beverages
953,182141,8975,C-179,Crossview Church Food Pantry,FAIMPORT484745,,FP/GNAP/USDA,FOOD PANTRY-Agency,BLUE RECEIPT-SHL,MCC-07-10001,5,0,0,0.0,5,BARROW,0.0,6/10/2024 0:00,6/10/2024 0:00,Price Code 1,CUSTOMER PICKUP,False,Food Bank of Northeast Georgia,01,30548.0,Hoschton,"DAIRY PRODUCTS, SHL RETAIL PICKUPS",Dairy
953,180484,8973,C-179,Crossview Church Food Pantry,FAIMPORT483090,,FP/GNAP/USDA,FOOD PANTRY-Agency,BLUE RECEIPT-SHL,MCC-16-10001,128,0,0,0.0,128,BARROW,0.0,5/8/2024 0:00,5/8/2024 0:00,Price Code 1,CUSTOMER PICKUP,False,Food Bank of Northeast Georgia,01,30548.0,Hoschton,"COOLER FOOD MISC., SHL RETAIL PICKUP",Food Misc.
29,177802,8975,B-107,Barrow County Food Pantry,FAIMPORT480421,,FOOD PANTRY,FOOD PANTRY-Agency,BLUE RECEIPT-SHL,MCC-07-10001,9,0,0,0.0,9,BARROW,0.0,3/21/2024 0:00,3/21/2024 0:00,Price Code 1,CUSTOMER PICKUP,False,Food Bank of Northeast Georgia,01,30680.0,Winder,"DAIRY PRODUCTS, SHL RETAIL PICKUPS",Dairy
682,182592,875,C-170,Christ The King Ghana Methodist,485195,,DIRECT ASSISTANCE,FOOD PANTRY-Agency,BLUE RECEIPT-SHL,W-04-10000,65,0,0,0.0,65,BARROW,0.0,6/26/2024 15:05,6/26/2024 10:55,Price Code 1,CUSTOMER PICKUP,False,Food Bank of Northeast Georgia,01,30680.0,Winder,"BREAD & BAKERY, ASSORTED SHL",Grains
917,175883,8922,C-161,Church at Pierce Rd.,478511,,FP/OP,FOOD PANTRY-Agency,LOCAL - LL,N-25-11954,2,0,0,1.8,10,BARROW,0.18,2/23/2024 9:39,2/23/2024 8:48,Price Code 1,CUSTOMER PICKUP,False,Food Bank of Northeast Georgia,01,30680.0,Winder,ATKINS VAR PACK CHOC PEANUT/CARAMEL,Food Misc.
1013,178003,7284,S-143,"Spirit Of Sharing, INC",480622,,FP/GNAP/USDA,FOOD PANTRY-Agency,USDA,C-50-10043,85,0,0,0.0,2210,BARROW,0.0,4/3/2024 9:00,4/5/2024 13:52,Price Code 1,TRUCK 1 MOBILE PANTRY,False,Food Bank of Northeast Georgia,01,30680.0,Winder,USDA RED FAT AMERICAN CHEESE CCC,Dairy
917,176501,683,C-161,Church at Pierce Rd.,479125,,FP/OP,FOOD PANTRY-Agency,BLUE RECEIPT-SHL,W-16-10001,179,0,0,0.0,179,BARROW,0.0,3/1/2024 9:39,3/1/2024 9:56,Price Code 1,CUSTOMER PICKUP,False,Sharing Floor Athens,01-SH,30680.0,Winder,MISC. FOOD BOX SHL,Food Misc.
29,181292,8986,B-107,Barrow County Food Pantry,FAIMPORT483897,,FOOD PANTRY,FOOD PANTRY-Agency,BLUE RECEIPT-SHL,MCW-01-10001,150,0,0,0.0,150,BARROW,0.0,5/17/2024 0:00,5/17/2024 0:00,Price Code 1,CUSTOMER PICKUP,False,Food Bank of Northeast Georgia,01,30680.0,Winder,"NON-FOOD ITEMS, SHL RETAIL PICKUPS",Non-Food Misc.
953,176410,8972,C-179,Crossview Church Food Pantry,FAIMPORT479034,,FP/GNAP/USDA,FOOD PANTRY-Agency,BLUE RECEIPT-SHL,MCF-15-10000,509,0,0,0.0,509,BARROW,0.0,2/28/2024 0:00,2/28/2024 0:00,Price Code 1,CUSTOMER PICKUP,False,Food Bank of Northeast Georgia,01,30548.0,Hoschton,"FROZEN MEAT & SEAFOOD, SHL RETAIL PICKUP",Proteins
600,173468,8790,S-140,SYTGE (Seeing You Through God's Eyes) Outreach Ministry,477097,,FOOD PANTRY,FOOD PANTRY-Agency,BLUE RECEIPT-SHL,N-03-11758,2,0,0,0.0,26,BARROW,0.0,2/15/2024 9:30,2/15/2024 10:15,Price Code 1,CUSTOMER PICKUP,False,Food Bank of Northeast Georgia,01,30680.0,Winder,PROPEL LEMON,Beverages
1040,180109,9043,H-159,Hills Temple FBH Church,482717,,FP/OP/GNAP/USDA,FB DIRECT ASSISTANCE-Agency,GNAP,N-40-10277,6,0,0,0.0,48,BARROW,0.0,5/7/2024 8:45,5/7/2024 10:58,Price Code 1,CUSTOMER PICKUP,False,Food Bank of Northeast Georgia,01,30680.0,Winder,GNAP DELUXE SHELLS & CHEESE,Prepared Meals
29,182128,8974,B-107,Barrow County Food Pantry,FAIMPORT484732,,FOOD PANTRY,FOOD PANTRY-Agency,BLUE RECEIPT-SHL,MCW-04-10000,115,0,0,0.0,115,BARROW,0.0,6/7/2024 0:00,6/7/2024 0:00,Price Code 1,CUSTOMER PICKUP,False,Food Bank of Northeast Georgia,01,30680.0,Winder,"BREAD AND BAKERY, SHL RETAIL PICKUPS",Grains
953,181272,8975,C-179,Crossview Church Food Pantry,FAIMPORT483877,,FP/GNAP/USDA,FOOD PANTRY-Agency,BLUE RECEIPT-SHL,MCC-07-10001,5,0,0,0.0,5,BARROW,0.0,5/17/2024 0:00,5/17/2024 0:00,Price Code 1,CUSTOMER PICKUP,False,Food Bank of Northeast Georgia,01,30548.0,Hoschton,"DAIRY PRODUCTS, SHL RETAIL PICKUPS",Dairy
576,178167,3122,F2KBARROW,Food 2 Kids Barrow County,480786,,DIRECT ASSISTANCE,DIRECT ASSISTANCE-Agency,GNAP,N-40-10174,25,0,0,0.0,350,BARROW,0.0,4/10/2024 9:00,4/10/2024 9:40,Price Code 1,TRUCK 1 MOBILE PANTRY,False,Food Bank of Northeast Georgia,01,,Athens,"GNAP BLACKEYE PEAS, LOW SODIUM",Proteins
172,175479,5407,P-104,Project Adam Community Asst Ct,478108,,ON PREMISES (OP),REHAB-Agency,BLUE RECEIPT-SHL,F-15-10000,48,0,0,8.64,48,BARROW,0.18,2/12/2024 13:41,2/12/2024 11:06,Price Code 1,CUSTOMER PICKUP,False,Sharing Floor Athens,01-SH,30680.0,Winder,"MEAT & SEAFOOD, FROZEN SHL",Proteins
576,173797,8725,F2KBARROW,Food 2 Kids Barrow County,477426,,DIRECT ASSISTANCE,DIRECT ASSISTANCE-Agency,YELLOW RECEIPT - SHN,N-16-10170,3,0,0,0.0,24,BARROW,0.0,2/14/2024 9:00,3/5/2024 13:20,Price Code 1,TRACTOR TRAILER 2 MOBILE PANTRY,False,Food Bank of Northeast Georgia,01,,Athens,DUNCAN HINES COOKIE DOUGH FROSTING,Food Misc.
682,176755,688,C-170,Christ The King Ghana Methodist,479378,,DIRECT ASSISTANCE,FOOD PANTRY-Agency,BLUE RECEIPT-SHL,W-01-10000,29,0,0,5.22,29,BARROW,0.18,3/6/2024 15:05,3/6/2024 10:52,Price Code 1,CUSTOMER PICKUP,False,Sharing Floor Athens,01-SH,30680.0,Winder,"ASSORTED NON-FOOD ITEMS, SHL",Non-Food Misc.
172,176524,8980,P-104,Project Adam Community Asst Ct,479148,,ON PREMISES (OP),REHAB-Agency,LOCAL - LL,N-25-11967,5,0,0,3.6,20,BARROW,0.18,3/11/2024 13:41,3/11/2024 10:08,Price Code 1,CUSTOMER PICKUP,False,Food Bank of Northeast Georgia,01,30680.0,Winder,REESES MINIATURE CUPS W/ REESES PUFFS,Food Misc.
1013,179765,170,S-143,"Spirit Of Sharing, INC",482378,,FP/GNAP/USDA,FOOD PANTRY-Agency,USDA,N-50-10007,13,0,0,0.0,364,BARROW,0.0,5/1/2024 9:00,5/1/2024 10:21,Price Code 1,TRUCK 1 MOBILE PANTRY,False,Food Bank of Northeast Georgia,01,30680.0,Winder,"USDA CORN, WHOLE KERNEL NO SALT",Vegetables
781,172929,683,R-130,"Richard C. Wilson Recovery Residence, INC",476560,,ON PREMISES (OP),REHAB-Agency,BLUE RECEIPT-SHL,W-16-10001,138,0,0,24.84,138,BARROW,0.18,1/11/2024 9:09,1/11/2024 10:58,Price Code 1,CUSTOMER PICKUP,False,Sharing Floor Athens,01-SH,30666.0,Statham,MISC. FOOD BOX SHL,Food Misc.
576,177175,8497,F2KBARROW,Food 2 Kids Barrow County,479796,,DIRECT ASSISTANCE,DIRECT ASSISTANCE-Agency,USDA,C-50-10048,60,0,0,0.0,1920,BARROW,0.0,3/13/2024 12:00,3/20/2024 14:17,Price Code 1,CUSTOMER PICKUP,False,Food Bank of Northeast Georgia,01,,Athens,USDA MANDARIN ORANGES,Fruits
29,181117,3712,B-107,Barrow County Food Pantry,483722,,FOOD PANTRY,FOOD PANTRY-Agency,USDA,N-50-10266,25,0,0,0.0,675,BARROW,0.0,5/23/2024 8:19,5/28/2024 7:55,Price Code 1,TRACTOR TRAILER 1 MOBILE PANTRY,False,Food Bank of Northeast Georgia,01,30680.0,Winder,USDA CANNED PINTO BEANS,Proteins
29,177776,4327,B-107,Barrow County Food Pantry,480395,,FOOD PANTRY,FOOD PANTRY-Agency,USDA,N-50-10277,25,0,0,0.0,675,BARROW,0.0,3/28/2024 7:00,3/28/2024 6:02,Price Code 1,TRACTOR TRAILER 1 MOBILE PANTRY,False,Food Bank of Northeast Georgia,01,30680.0,Winder,USDA GARBANZO BEANS,Proteins
682,178241,5407,C-170,Christ The King Ghana Methodist,480857,,DIRECT ASSISTANCE,FOOD PANTRY-Agency,BLUE RECEIPT-SHL,F-15-10000,145,0,0,26.1,145,BARROW,0.18,4/3/2024 15:05,4/3/2024 10:40,Price Code 1,CUSTOMER PICKUP,False,Sharing Floor Athens,01-SH,30680.0,Winder,"MEAT & SEAFOOD, FROZEN SHL",Proteins
781,180839,1045,R-130,"Richard C. Wilson Recovery Residence, INC",483445,,ON PREMISES (OP),REHAB-Agency,BLUE RECEIPT-SHL,W-25-10009,20,0,0,3.6,20,BARROW,0.18,5/15/2024 9:09,5/15/2024 8:31,Price Code 1,CUSTOMER PICKUP,False,Sharing Floor Athens,01-SH,30666.0,Statham,"ASSORTED SNACK ITEMS, SHL",Food Misc.
682,173911,5407,C-170,Christ The King Ghana Methodist,477540,,DIRECT ASSISTANCE,FOOD PANTRY-Agency,BLUE RECEIPT-SHL,F-15-10000,192,0,0,34.56,192,BARROW,0.18,1/31/2024 15:05,1/31/2024 11:10,Price Code 1,CUSTOMER PICKUP,False,Sharing Floor Athens,01-SH,30680.0,Winder,"MEAT & SEAFOOD, FROZEN SHL",Proteins
29,178205,8974,B-107,Barrow County Food Pantry,FAIMPORT480823,,FOOD PANTRY,FOOD PANTRY-Agency,BLUE RECEIPT-SHL,MCW-04-10000,17,0,0,0.0,17,BARROW,0.0,3/28/2024 0:00,3/28/2024 0:00,Price Code 1,CUSTOMER PICKUP,False,Food Bank of Northeast Georgia,01,30680.0,Winder,"BREAD AND BAKERY, SHL RETAIL PICKUPS",Grains
917,173300,5477,C-161,Church at Pierce Rd.,476929,,FP/OP,FOOD PANTRY-Agency,LOCAL - LL,F-15-10001,70,0,0,12.6,70,BARROW,0.18,1/19/2024 9:39,1/19/2024 10:08,Price Code 1,CUSTOMER PICKUP,False,Sharing Floor Athens,01-SH,30680.0,Winder,"MEAT & SEAFOOD, FROZEN LOCAL",Proteins
1038,181855,9085,C-184,"Called to Serve Georgia, Inc",484459,,FP/OP/USDA,FOOD PANTRY-Agency,USDA,F-50-90476,3,0,0,21.6,120,BARROW,0.18,6/28/2024 14:00,7/2/2024 7:46,Price Code 1,CUSTOMER PICKUP,False,Food Bank of Northeast Georgia,01,30680.0,Winder,USDA PORK LOIN BONELESS CHOPS CCC,Proteins
1009,172984,5772,S-142,"SAY In Need, Inc",476614,,OP/USDA,FEED SITE-Agency,LOCAL - LL,C-28-10000,189,0,0,5.67,189,BARROW,0.03,1/12/2024 8:26,1/12/2024 9:01,Price Code 1,CUSTOMER PICKUP,False,Sharing Floor Athens,01-SH,30620.0,Bethlehem,"PRODUCE, FRESH LL",Mixed Produce
867,178476,8720,Y-108,YMCA of GA's Piedmont- Barrow County,481092,,FP/OP/GNAP/USDA,AT-RISK YOUTH-Agency,USDA,N-50-10305,9,0,0,22.68,126,BARROW,0.18,4/10/2024 14:18,4/10/2024 10:42,Price Code 1,CUSTOMER PICKUP,False,Food Bank of Northeast Georgia,01,30680.0,Winder,USDA MIXED VegetablesCCC,Vegetables
682,175619,5407,C-170,Christ The King Ghana Methodist,478247,,DIRECT ASSISTANCE,FOOD PANTRY-Agency,BLUE RECEIPT-SHL,F-15-10000,233,0,0,41.94,233,BARROW,0.18,2/14/2024 15:05,2/14/2024 10:35,Price Code 1,CUSTOMER PICKUP,False,Sharing Floor Athens,01-SH,30680.0,Winder,"MEAT & SEAFOOD, FROZEN SHL",Proteins
953,177200,8972,C-179,Crossview Church Food Pantry,FAIMPORT479820,,FP/GNAP/USDA,FOOD PANTRY-Agency,BLUE RECEIPT-SHL,MCF-15-10000,817,0,0,0.0,817,BARROW,0.0,3/11/2024 0:00,3/11/2024 0:00,Price Code 1,CUSTOMER PICKUP,False,Food Bank of Northeast Georgia,01,30548.0,Hoschton,"FROZEN MEAT & SEAFOOD, SHL RETAIL PICKUP",Proteins
600,181572,9067,S-140,SYTGE (Seeing You Through God's Eyes) Outreach Ministry,484176,,FOOD PANTRY,FOOD PANTRY-Agency,BLUE RECEIPT-SHL,N-03-11833,1,0,0,0.0,18,BARROW,0.0,6/5/2024 9:30,6/5/2024 9:51,Price Code 1,CUSTOMER PICKUP,False,Food Bank of Northeast Georgia,01,30680.0,Winder,DIET DR PEPPER,Beverages
867,176511,690,Y-108,YMCA of GA's Piedmont- Barrow County,479135,,FP/OP/GNAP/USDA,AT-RISK YOUTH-Agency,BLUE RECEIPT-SHL,W-03-10013,95,0,0,0.0,95,BARROW,0.0,3/1/2024 14:18,3/1/2024 11:03,Price Code 1,CUSTOMER PICKUP,False,Sharing Floor Athens,01-SH,30680.0,Winder,"ASSORTED BEVERAGES, SHL",Beverages
576,180247,9030,F2KBARROW,Food 2 Kids Barrow County,482853,,DIRECT ASSISTANCE,DIRECT ASSISTANCE-Agency,YELLOW RECEIPT - SHN,N-25-11972,13,0,0,0.0,39,BARROW,0.0,5/8/2024 9:00,5/9/2024 9:40,Price Code 1,TRUCK 1 MOBILE PANTRY,False,Food Bank of Northeast Georgia,01,,Athens,BIGS TANGY BBQ SUNFLOWER SEEDS,Proteins
29,180474,8970,B-107,Barrow County Food Pantry,FAIMPORT483080,,FOOD PANTRY,FOOD PANTRY-Agency,BLUE RECEIPT-SHL,MCW-16-10001,20,0,0,0.0,20,BARROW,0.0,5/6/2024 0:00,5/6/2024 0:00,Price Code 1,CUSTOMER PICKUP,False,Food Bank of Northeast Georgia,01,30680.0,Winder,"MISC. FOOD BOX, SHL RETAIL PICKUP",Food Misc.
953,182652,8971,C-179,Crossview Church Food Pantry,FAIMPORT485255,,FP/GNAP/USDA,FOOD PANTRY-Agency,BLUE RECEIPT-SHL,MCF-16-10001,270,0,0,0.0,270,BARROW,0.0,6/26/2024 0:00,6/26/2024 0:00,Price Code 1,CUSTOMER PICKUP,False,Food Bank of Northeast Georgia,01,30548.0,Hoschton,"FROZEN FOODS, MISC SHL RETAIL PICKUP",Food Misc.
497,172888,690,W-119,Winder Freelife Church,476519,,FP/OP/GNAP/USDA,FOOD PANTRY-Agency,BLUE RECEIPT-SHL,W-03-10013,55,0,0,0.0,55,BARROW,0.0,1/10/2024 14:38,1/10/2024 15:31,Price Code 1,CUSTOMER PICKUP,False,Sharing Floor Athens,01-SH,30680.0,Winder,"ASSORTED BEVERAGES, SHL",Beverages
1038,179717,6420,C-184,"Called to Serve Georgia, Inc",482330,,FP/OP/USDA,FOOD PANTRY-Agency,BLUE RECEIPT-SHL,C-28-90141,3,0,0,0.0,150,BARROW,0.0,5/3/2024 13:58,5/3/2024 14:07,Price Code 1,CUSTOMER PICKUP,False,Food Bank of Northeast Georgia,01,30680.0,Winder,ONIONS,Vegetables
867,181251,9076,Y-108,YMCA of GA's Piedmont- Barrow County,483856,,FP/OP/GNAP/USDA,AT-RISK YOUTH-Agency,BLUE RECEIPT-SHL,N-03-11838,7,0,0,0.0,238,BARROW,0.0,5/31/2024 10:00,5/31/2024 14:10,Price Code 1,CUSTOMER PICKUP,False,Food Bank of Northeast Georgia,01,30680.0,Winder,MUG ROOT BEER 2L,Beverages
953,182141,8974,C-179,Crossview Church Food Pantry,FAIMPORT484745,,FP/GNAP/USDA,FOOD PANTRY-Agency,BLUE RECEIPT-SHL,MCW-04-10000,12,0,0,0.0,12,BARROW,0.0,6/10/2024 0:00,6/10/2024 0:00,Price Code 1,CUSTOMER PICKUP,False,Food Bank of Northeast Georgia,01,30548.0,Hoschton,"BREAD AND BAKERY, SHL RETAIL PICKUPS",Grains
917,176501,5938,C-161,Church at Pierce Rd.,479125,,FP/OP,FOOD PANTRY-Agency,BLUE RECEIPT-SHL,C-28-10001,29,0,0,0.87,29,BARROW,0.03,3/1/2024 9:39,3/1/2024 9:56,Price Code 1,CUSTOMER PICKUP,False,Sharing Floor Athens,01-SH,30680.0,Winder,"PRODUCE, FRESH SHL",Mixed Produce
953,182653,8975,C-179,Crossview Church Food Pantry,FAIMPORT485256,,FP/GNAP/USDA,FOOD PANTRY-Agency,BLUE RECEIPT-SHL,MCC-07-10001,5,0,0,0.0,5,BARROW,0.0,6/28/2024 0:00,6/28/2024 0:00,Price Code 1,CUSTOMER PICKUP,False,Food Bank of Northeast Georgia,01,30548.0,Hoschton,"DAIRY PRODUCTS, SHL RETAIL PICKUPS",Dairy
576,178167,8963,F2KBARROW,Food 2 Kids Barrow County,480786,,DIRECT ASSISTANCE,DIRECT ASSISTANCE-Agency,YELLOW RECEIPT - SHN,N-25-11960,10,0,0,0.0,110,BARROW,0.0,4/10/2024 9:00,4/10/2024 9:40,Price Code 1,TRUCK 1 MOBILE PANTRY,False,Food Bank of Northeast Georgia,01,,Athens,"TAPIOCA PUDDING, BEST CHOICE",Food Misc.
172,172945,8882,P-104,Project Adam Community Asst Ct,476576,,ON PREMISES (OP),REHAB-Agency,BLUE RECEIPT-SHL,F-15-90548,10,0,0,16.2,90,BARROW,0.18,1/17/2024 13:41,1/18/2024 12:28,Price Code 1,CUSTOMER PICKUP,False,Food Bank of Northeast Georgia,01,30680.0,Winder,"GROUND TURKEY BREAST, KIRKWOOD",Proteins
953,180483,8972,C-179,Crossview Church Food Pantry,FAIMPORT483089,,FP/GNAP/USDA,FOOD PANTRY-Agency,BLUE RECEIPT-SHL,MCF-15-10000,374,0,0,0.0,374,BARROW,0.0,5/6/2024 0:00,5/6/2024 0:00,Price Code 1,CUSTOMER PICKUP,False,Food Bank of Northeast Georgia,01,30548.0,Hoschton,"FROZEN MEAT & SEAFOOD, SHL RETAIL PICKUP",Proteins
29,177860,8971,B-107,Barrow County Food Pantry,FAIMPORT480479,,FOOD PANTRY,FOOD PANTRY-Agency,BLUE RECEIPT-SHL,MCF-16-10001,7,0,0,0.0,7,BARROW,0.0,3/22/2024 0:00,3/22/2024 0:00,Price Code 1,CUSTOMER PICKUP,False,Food Bank of Northeast Georgia,01,30680.0,Winder,"FROZEN FOODS, MISC SHL RETAIL PICKUP",Food Misc.
864,176249,50,W-124,Winder Church of God of Prophecy,478875,,FP/OP,FOOD PANTRY-Agency,LOCAL - LL,W-16-10002,26,0,0,0.0,26,BARROW,0.0,2/27/2024 12:22,2/27/2024 8:41,Price Code 1,CUSTOMER PICKUP,False,Sharing Floor Athens,01-SH,30680.0,Winder,MISC. FOOD BOX LL,Food Misc.
781,181915,688,R-130,"Richard C. Wilson Recovery Residence, INC",484519,,ON PREMISES (OP),REHAB-Agency,BLUE RECEIPT-SHL,W-01-10000,41,0,0,0.0,41,BARROW,0.0,6/5/2024 9:09,6/5/2024 9:27,Price Code 1,CUSTOMER PICKUP,False,Sharing Floor Athens,01-SH,30666.0,Statham,"ASSORTED NON-FOOD ITEMS, SHL",Non-Food Misc.
953,176185,5388,C-179,Crossview Church Food Pantry,FAIMPORT478811,,FP/GNAP/USDA,FOOD PANTRY-Agency,BLUE RECEIPT-SHL,F-16-10001,789,0,0,142.02,789,BARROW,0.18,2/12/2024 0:00,2/12/2024 0:00,Price Code 1,CUSTOMER PICKUP,False,Food Bank of Northeast Georgia,01,30548.0,Hoschton,"ASSORTED FROZEN FOODS, SHL",Food Misc.
867,180197,123,Y-108,YMCA of GA's Piedmont- Barrow County,482803,,FP/OP/GNAP/USDA,AT-RISK YOUTH-Agency,GNAP,N-40-10002,5,0,0,0.0,75,BARROW,0.0,5/8/2024 10:45,5/8/2024 11:20,Price Code 1,CUSTOMER PICKUP,False,Food Bank of Northeast Georgia,01,30680.0,Winder,GNAP PEANUT BUTTER,Proteins
781,182419,690,R-130,"Richard C. Wilson Recovery Residence, INC",485023,,ON PREMISES (OP),REHAB-Agency,BLUE RECEIPT-SHL,W-03-10013,140,0,0,0.0,140,BARROW,0.0,6/20/2024 9:09,6/20/2024 9:21,Price Code 1,CUSTOMER PICKUP,False,Sharing Floor Athens,01-SH,30666.0,Statham,"ASSORTED BEVERAGES, SHL",Beverages
29,182126,8974,B-107,Barrow County Food Pantry,FAIMPORT484730,,FOOD PANTRY,FOOD PANTRY-Agency,BLUE RECEIPT-SHL,MCW-04-10000,75,0,0,0.0,75,BARROW,0.0,6/3/2024 0:00,6/3/2024 0:00,Price Code 1,CUSTOMER PICKUP,False,Food Bank of Northeast Georgia,01,30680.0,Winder,"BREAD AND BAKERY, SHL RETAIL PICKUPS",Grains
576,180247,9038,F2KBARROW,Food 2 Kids Barrow County,482853,,DIRECT ASSISTANCE,DIRECT ASSISTANCE-Agency,GNAP,N-40-10275,6,0,0,0.0,54,BARROW,0.0,5/8/2024 9:00,5/9/2024 9:40,Price Code 1,TRUCK 1 MOBILE PANTRY,False,Food Bank of Northeast Georgia,01,,Athens,GNAP CORN FLAKES CEREAL BOWLS,Grains
864,177871,5938,W-124,Winder Church of God of Prophecy,480490,,FP/OP,FOOD PANTRY-Agency,BLUE RECEIPT-SHL,C-28-10001,37,0,0,1.11,37,BARROW,0.03,3/26/2024 12:22,3/26/2024 8:24,Price Code 1,CUSTOMER PICKUP,False,Sharing Floor Athens,01-SH,30680.0,Winder,"PRODUCE, FRESH SHL",Mixed Produce
29,177189,8972,B-107,Barrow County Food Pantry,FAIMPORT479810,,FOOD PANTRY,FOOD PANTRY-Agency,BLUE RECEIPT-SHL,MCF-15-10000,147,0,0,0.0,147,BARROW,0.0,3/8/2024 0:00,3/8/2024 0:00,Price Code 1,CUSTOMER PICKUP,False,Food Bank of Northeast Georgia,01,30680.0,Winder,"FROZEN MEAT & SEAFOOD, SHL RETAIL PICKUP",Proteins
29,181290,8971,B-107,Barrow County Food Pantry,FAIMPORT483895,,FOOD PANTRY,FOOD PANTRY-Agency,BLUE RECEIPT-SHL,MCF-16-10001,10,0,0,0.0,10,BARROW,0.0,5/17/2024 0:00,5/17/2024 0:00,Price Code 1,CUSTOMER PICKUP,False,Food Bank of Northeast Georgia,01,30680.0,Winder,"FROZEN FOODS, MISC SHL RETAIL PICKUP",Food Misc.
781,172929,5958,R-130,"Richard C. Wilson Recovery Residence, INC",476560,,ON PREMISES (OP),REHAB-Agency,BLUE RECEIPT-SHL,C-16-10001,87,0,0,15.66,87,BARROW,0.18,1/11/2024 9:09,1/11/2024 10:58,Price Code 1,CUSTOMER PICKUP,False,Sharing Floor Athens,01-SH,30666.0,Statham,"COOLER FOOD, MISC. SHL",Food Misc.
917,176120,8957,C-161,Church at Pierce Rd.,478747,,FP/OP,FOOD PANTRY-Agency,YELLOW RECEIPT - SHN,N-25-11956,2,0,0,1.44,8,BARROW,0.18,3/1/2024 9:39,3/1/2024 10:34,Price Code 1,CUSTOMER PICKUP,False,Food Bank of Northeast Georgia,01,30680.0,Winder,HONEYMAID GRAHAM CRACKERS,Grains
1040,180423,5407,H-159,Hills Temple FBH Church,483029,,FP/OP/GNAP/USDA,FB DIRECT ASSISTANCE-Agency,BLUE RECEIPT-SHL,F-15-10000,328,0,0,59.04,328,BARROW,0.18,5/8/2024 11:28,5/8/2024 11:35,Price Code 1,CUSTOMER PICKUP,False,Sharing Floor Athens,01-SH,30680.0,Winder,"MEAT & SEAFOOD, FROZEN SHL",Proteins
29,177590,8970,B-107,Barrow County Food Pantry,FAIMPORT480210,,FOOD PANTRY,FOOD PANTRY-Agency,BLUE RECEIPT-SHL,MCW-16-10001,68,0,0,0.0,68,BARROW,0.0,3/13/2024 0:00,3/13/2024 0:00,Price Code 1,CUSTOMER PICKUP,False,Food Bank of Northeast Georgia,01,30680.0,Winder,"MISC. FOOD BOX, SHL RETAIL PICKUP",Food Misc.
576,173797,8719,F2KBARROW,Food 2 Kids Barrow County,477426,,DIRECT ASSISTANCE,DIRECT ASSISTANCE-Agency,GNAP,N-40-10265,10,0,0,0.0,130,BARROW,0.0,2/14/2024 9:00,3/5/2024 13:20,Price Code 1,TRACTOR TRAILER 2 MOBILE PANTRY,False,Food Bank of Northeast Georgia,01,,Athens,GNAP MINI BEEF RAVIOLI,Prepared Meals
497,175286,875,W-119,Winder Freelife Church,477915,,FP/OP/GNAP/USDA,FOOD PANTRY-Agency,BLUE RECEIPT-SHL,W-04-10000,31,0,0,0.0,31,BARROW,0.0,2/7/2024 14:38,2/7/2024 11:33,Price Code 1,CUSTOMER PICKUP,False,Sharing Floor Athens,01-SH,30680.0,Winder,"BREAD & BAKERY, ASSORTED SHL",Grains
1040,180765,3203,H-159,Hills Temple FBH Church,483371,,FP/OP/GNAP/USDA,FB DIRECT ASSISTANCE-Agency,USDA,N-50-10289,1,0,0,4.5,25,BARROW,0.18,5/17/2024 9:15,5/17/2024 10:44,Price Code 1,CUSTOMER PICKUP,False,Food Bank of Northeast Georgia,01,30680.0,Winder,USDA PECAN PIECES,Proteins
917,173257,8921,C-161,Church at Pierce Rd.,476886,,FP/OP,FOOD PANTRY-Agency,LOCAL - LL,N-25-11953,1,0,0,2.16,12,BARROW,0.18,1/26/2024 9:39,2/22/2024 10:05,Price Code 1,CUSTOMER PICKUP,False,Food Bank of Northeast Georgia,01,30680.0,Winder,GREAT VALUE COOKIE & CARAMEL BARS,Food Misc.
864,179845,683,W-124,Winder Church of God of Prophecy,482456,,FP/OP,FOOD PANTRY-Agency,BLUE RECEIPT-SHL,W-16-10001,34,0,0,0.0,34,BARROW,0.0,4/30/2024 12:22,4/30/2024 8:19,Price Code 1,CUSTOMER PICKUP,False,Sharing Floor Athens,01-SH,30680.0,Winder,MISC. FOOD BOX SHL,Food Misc.
576,173797,5938,F2KBARROW,Food 2 Kids Barrow County,477426,,DIRECT ASSISTANCE,DIRECT ASSISTANCE-Agency,BLUE RECEIPT-SHL,C-28-10001,6043,0,0,0.0,6043,BARROW,0.0,2/14/2024 9:00,3/5/2024 13:20,Price Code 1,TRACTOR TRAILER 2 MOBILE PANTRY,False,Food Bank of Northeast Georgia,01,,Athens,"PRODUCE, FRESH SHL",Mixed Produce
1038,181855,1674,C-184,"Called to Serve Georgia, Inc",484459,,FP/OP/USDA,FOOD PANTRY-Agency,USDA,N-50-10073,4,0,0,19.44,108,BARROW,0.18,6/28/2024 14:00,7/2/2024 7:46,Price Code 1,CUSTOMER PICKUP,False,Food Bank of Northeast Georgia,01,30680.0,Winder,USDA TOMATO SAUCE,Vegetables
1040,178556,5407,H-159,Hills Temple FBH Church,481172,,FP/OP/GNAP/USDA,FB DIRECT ASSISTANCE-Agency,BLUE RECEIPT-SHL,F-15-10000,269,0,0,48.42,269,BARROW,0.18,4/8/2024 14:40,4/8/2024 15:01,Price Code 1,CUSTOMER PICKUP,False,Sharing Floor Athens,01-SH,30680.0,Winder,"MEAT & SEAFOOD, FROZEN SHL",Proteins
682,180417,5407,C-170,Christ The King Ghana Methodist,483023,,DIRECT ASSISTANCE,FOOD PANTRY-Agency,BLUE RECEIPT-SHL,F-15-10000,207,0,0,37.26,207,BARROW,0.18,5/8/2024 15:05,5/8/2024 10:38,Price Code 1,CUSTOMER PICKUP,False,Sharing Floor Athens,01-SH,30680.0,Winder,"MEAT & SEAFOOD, FROZEN SHL",Proteins
781,173525,5772,R-130,"Richard C. Wilson Recovery Residence, INC",477154,,ON PREMISES (OP),REHAB-Agency,LOCAL - LL,C-28-10000,23,0,0,0.69,23,BARROW,0.03,1/24/2024 9:09,1/24/2024 9:45,Price Code 1,CUSTOMER PICKUP,False,Sharing Floor Athens,01-SH,30666.0,Statham,"PRODUCE, FRESH LL",Mixed Produce
682,178241,696,C-170,Christ The King Ghana Methodist,480857,,DIRECT ASSISTANCE,FOOD PANTRY-Agency,LOCAL - LL,W-25-10000,326,0,0,58.68,326,BARROW,0.18,4/3/2024 15:05,4/3/2024 10:40,Price Code 1,CUSTOMER PICKUP,False,Sharing Floor Athens,01-SH,30680.0,Winder,"ASSORTED SNACK ITEMS, LL",Food Misc.
863,180119,683,A-148,Auburn First Baptist Church,482727,,FOOD PANTRY,FOOD PANTRY-Agency,BLUE RECEIPT-SHL,W-16-10001,371,0,0,0.0,371,BARROW,0.0,5/3/2024 8:05,5/3/2024 8:28,Price Code 1,CUSTOMER PICKUP,False,Sharing Floor Athens,01-SH,30011.0,Auburn,MISC. FOOD BOX SHL,Food Misc.
781,177179,50,R-130,"Richard C. Wilson Recovery Residence, INC",479800,,ON PREMISES (OP),REHAB-Agency,LOCAL - LL,W-16-10002,154,0,0,27.72,154,BARROW,0.18,3/13/2024 9:09,3/13/2024 8:31,Price Code 1,CUSTOMER PICKUP,False,Sharing Floor Athens,01-SH,30666.0,Statham,MISC. FOOD BOX LL,Food Misc.
917,172616,8882,C-161,Church at Pierce Rd.,476247,,FP/OP,FOOD PANTRY-Agency,BLUE RECEIPT-SHL,F-15-90548,5,0,0,8.1,45,BARROW,0.18,1/12/2024 9:39,1/12/2024 13:12,Price Code 1,CUSTOMER PICKUP,False,Food Bank of Northeast Georgia,01,30680.0,Winder,"GROUND TURKEY BREAST, KIRKWOOD",Proteins
29,180475,8975,B-107,Barrow County Food Pantry,FAIMPORT483081,,FOOD PANTRY,FOOD PANTRY-Agency,BLUE RECEIPT-SHL,MCC-07-10001,39,0,0,0.0,39,BARROW,0.0,5/2/2024 0:00,5/2/2024 0:00,Price Code 1,CUSTOMER PICKUP,False,Food Bank of Northeast Georgia,01,30680.0,Winder,"DAIRY PRODUCTS, SHL RETAIL PICKUPS",Dairy
682,177638,5407,C-170,Christ The King Ghana Methodist,480258,,DIRECT ASSISTANCE,FOOD PANTRY-Agency,BLUE RECEIPT-SHL,F-15-10000,27,0,0,0.0,27,BARROW,0.0,3/20/2024 15:05,3/20/2024 10:27,Price Code 1,CUSTOMER PICKUP,False,Sharing Floor Athens,01-SH,30680.0,Winder,"MEAT & SEAFOOD, FROZEN SHL",Proteins
1013,175108,5088,S-143,"Spirit Of Sharing, INC",477738,,FP/GNAP/USDA,FOOD PANTRY-Agency,USDA,F-50-90023,60,0,0,0.0,1500,BARROW,0.0,2/7/2024 9:00,2/14/2024 9:38,Price Code 1,TRUCK 1 MOBILE PANTRY,False,Food Bank of Northeast Georgia,01,30680.0,Winder,USDA FROZEN PEACHES CCC,Fruits
917,172307,8902,C-161,Church at Pierce Rd.,475938,,FP/OP,FOOD PANTRY-Agency,LOCAL - LL,F-15-90550,4,0,0,39.6,220,BARROW,0.18,1/5/2024 9:39,1/5/2024 14:36,Price Code 1,CUSTOMER PICKUP,False,Food Bank of Northeast Georgia,01,30680.0,Winder,PORK SHOULDER BONELESS BUTT,Proteins
781,172929,875,R-130,"Richard C. Wilson Recovery Residence, INC",476560,,ON PREMISES (OP),REHAB-Agency,BLUE RECEIPT-SHL,W-04-10000,44,0,0,0.0,44,BARROW,0.0,1/11/2024 9:09,1/11/2024 10:58,Price Code 1,CUSTOMER PICKUP,False,Sharing Floor Athens,01-SH,30666.0,Statham,"BREAD & BAKERY, ASSORTED SHL",Grains
867,177092,6780,Y-108,YMCA of GA's Piedmont- Barrow County,479714,,FP/OP/GNAP/USDA,AT-RISK YOUTH-Agency,USDA,C-50-10024,5,0,0,21.5,215,BARROW,0.1,3/15/2024 10:00,3/15/2024 10:15,Price Code 1,CUSTOMER PICKUP,False,Food Bank of Northeast Georgia,01,30680.0,Winder,USDA APPLES,Fruits
917,178855,5938,C-161,Church at Pierce Rd.,481469,,FP/OP,FOOD PANTRY-Agency,BLUE RECEIPT-SHL,C-28-10001,116,0,0,3.48,116,BARROW,0.03,4/12/2024 9:39,4/12/2024 9:50,Price Code 1,CUSTOMER PICKUP,False,Sharing Floor Athens,01-SH,30680.0,Winder,"PRODUCE, FRESH SHL",Mixed Produce
863,172980,683,A-148,Auburn First Baptist Church,476610,,FOOD PANTRY,FOOD PANTRY-Agency,BLUE RECEIPT-SHL,W-16-10001,149,0,0,0.0,149,BARROW,0.0,1/12/2024 8:05,1/12/2024 8:19,Price Code 1,CUSTOMER PICKUP,False,Sharing Floor Athens,01-SH,30011.0,Auburn,MISC. FOOD BOX SHL,Food Misc.
172,176163,683,P-104,Project Adam Community Asst Ct,478789,,ON PREMISES (OP),REHAB-Agency,BLUE RECEIPT-SHL,W-16-10001,65,0,0,11.7,65,BARROW,0.18,2/26/2024 13:41,2/26/2024 9:24,Price Code 1,CUSTOMER PICKUP,False,Sharing Floor Athens,01-SH,30680.0,Winder,MISC. FOOD BOX SHL,Food Misc.
917,172307,8600,C-161,Church at Pierce Rd.,475938,,FP/OP,FOOD PANTRY-Agency,BLUE RECEIPT-SHL,N-03-11249,1,0,0,0.0,30,BARROW,0.0,1/5/2024 9:39,1/5/2024 14:36,Price Code 1,CUSTOMER PICKUP,False,Food Bank of Northeast Georgia,01,30680.0,Winder,DIET PEPSI,Beverages
781,181915,683,R-130,"Richard C. Wilson Recovery Residence, INC",484519,,ON PREMISES (OP),REHAB-Agency,BLUE RECEIPT-SHL,W-16-10001,191,0,0,34.38,191,BARROW,0.18,6/5/2024 9:09,6/5/2024 9:27,Price Code 1,CUSTOMER PICKUP,False,Sharing Floor Athens,01-SH,30666.0,Statham,MISC. FOOD BOX SHL,Food Misc.
682,175955,5407,C-170,Christ The King Ghana Methodist,478583,,DIRECT ASSISTANCE,FOOD PANTRY-Agency,BLUE RECEIPT-SHL,F-15-10000,119,0,0,0.0,119,BARROW,0.0,2/21/2024 15:05,2/21/2024 10:44,Price Code 1,CUSTOMER PICKUP,False,Sharing Floor Athens,01-SH,30680.0,Winder,"MEAT & SEAFOOD, FROZEN SHL",Proteins
953,180171,9043,C-179,Crossview Church Food Pantry,482777,,FP/GNAP/USDA,FOOD PANTRY-Agency,GNAP,N-40-10277,5,0,0,0.0,40,BARROW,0.0,5/8/2024 9:30,5/9/2024 9:19,Price Code 1,TRACTOR TRAILER 1,False,Food Bank of Northeast Georgia,01,30548.0,Hoschton,GNAP DELUXE SHELLS & CHEESE,Prepared Meals
576,178167,1047,F2KBARROW,Food 2 Kids Barrow County,480786,,DIRECT ASSISTANCE,DIRECT ASSISTANCE-Agency,USDA,N-50-10041,5,0,0,0.0,245,BARROW,0.0,4/10/2024 9:00,4/10/2024 9:40,Price Code 1,TRUCK 1 MOBILE PANTRY,False,Food Bank of Northeast Georgia,01,,Athens,USDA RICE,Grains
1013,172282,3868,S-143,"Spirit Of Sharing, INC",475913,,FP/GNAP/USDA,FOOD PANTRY-Agency,USDA,N-50-10267,30,0,0,0.0,1200,BARROW,0.0,1/3/2024 9:00,1/11/2024 8:45,Price Code 1,TRUCK 1 MOBILE PANTRY,False,Food Bank of Northeast Georgia,01,30680.0,Winder,USDA ALL PURPOSE FLOUR,Grains
1040,180765,9046,H-159,Hills Temple FBH Church,483371,,FP/OP/GNAP/USDA,FB DIRECT ASSISTANCE-Agency,GNAP,N-40-10280,6,0,0,0.0,60,BARROW,0.0,5/17/2024 9:15,5/17/2024 10:44,Price Code 1,CUSTOMER PICKUP,False,Food Bank of Northeast Georgia,01,30680.0,Winder,GNAP CHEESEBURGER DINNER,Prepared Meals
781,176598,5772,R-130,"Richard C. Wilson Recovery Residence, INC",479222,,ON PREMISES (OP),REHAB-Agency,LOCAL - LL,C-28-10000,100,0,0,3.0,100,BARROW,0.03,3/4/2024 9:09,3/4/2024 8:38,Price Code 1,CUSTOMER PICKUP,False,Sharing Floor Athens,01-SH,30666.0,Statham,"PRODUCE, FRESH LL",Mixed Produce
682,180861,1045,C-170,Christ The King Ghana Methodist,483467,,DIRECT ASSISTANCE,FOOD PANTRY-Agency,BLUE RECEIPT-SHL,W-25-10009,87,0,0,15.66,87,BARROW,0.18,5/15/2024 15:05,5/15/2024 10:43,Price Code 1,CUSTOMER PICKUP,False,Sharing Floor Athens,01-SH,30680.0,Winder,"ASSORTED SNACK ITEMS, SHL",Food Misc.
867,180197,9048,Y-108,YMCA of GA's Piedmont- Barrow County,482803,,FP/OP/GNAP/USDA,AT-RISK YOUTH-Agency,BLUE RECEIPT-SHL,C-07-90664,5,0,0,23.4,180,BARROW,0.13,5/8/2024 10:45,5/8/2024 11:20,Price Code 1,CUSTOMER PICKUP,False,Food Bank of Northeast Georgia,01,30680.0,Winder,"BUTTER, GREAT VALUE SALTED",Dairy
29,182922,8974,B-107,Barrow County Food Pantry,FAIMPORT485523,,FOOD PANTRY,FOOD PANTRY-Agency,BLUE RECEIPT-SHL,MCW-04-10000,64,0,0,0.0,64,BARROW,0.0,6/14/2024 0:00,6/14/2024 0:00,Price Code 1,CUSTOMER PICKUP,False,Food Bank of Northeast Georgia,01,30680.0,Winder,"BREAD AND BAKERY, SHL RETAIL PICKUPS",Grains
917,172667,8682,C-161,Church at Pierce Rd.,476298,,FP/OP,FOOD PANTRY-Agency,BLUE RECEIPT-SHL,N-03-11727,2,0,0,0.0,56,BARROW,0.0,1/12/2024 9:39,1/12/2024 13:11,Price Code 1,CUSTOMER PICKUP,False,Food Bank of Northeast Georgia,01,30680.0,Winder,LIPTON DIET GREEN TEA CITRUS,Beverages
581,172571,6981,FBBB-3,Barrow: Winder Freelife Church Senior Staples Program,476202,,BROWN BAG,FB BROWN BAG-Agency,USDA,C-50-10018,2,0,0,0.0,38,BARROW,0.0,1/10/2024 11:00,1/11/2024 8:48,Mobile Pantry/Feed Site Only,CUSTOMER PICKUP,False,Food Bank of Northeast Georgia,01,30680.0,Winder,USDA FRESH TABLE GRAPES CCC,Fruits
781,173481,8928,R-130,"Richard C. Wilson Recovery Residence, INC",477110,,ON PREMISES (OP),REHAB-Agency,BLUE RECEIPT-SHL,N-03-11803,20,0,0,0.0,320,BARROW,0.0,1/26/2024 9:09,1/26/2024 10:10,Price Code 1,CUSTOMER PICKUP,False,Food Bank of Northeast Georgia,01,30666.0,Statham,GATORADE THIRST QUENCHER VAR PACK,Beverages
781,182419,5958,R-130,"Richard C. Wilson Recovery Residence, INC",485023,,ON PREMISES (OP),REHAB-Agency,BLUE RECEIPT-SHL,C-16-10001,35,0,0,6.3,35,BARROW,0.18,6/20/2024 9:09,6/20/2024 9:21,Price Code 1,CUSTOMER PICKUP,False,Sharing Floor Athens,01-SH,30666.0,Statham,"COOLER FOOD, MISC. SHL",Food Misc.
497,177474,875,W-119,Winder Freelife Church,480094,,FP/OP/GNAP/USDA,FOOD PANTRY-Agency,BLUE RECEIPT-SHL,W-04-10000,14,0,0,0.0,14,BARROW,0.0,3/18/2024 14:38,3/18/2024 10:19,Price Code 1,CUSTOMER PICKUP,False,Sharing Floor Athens,01-SH,30680.0,Winder,"BREAD & BAKERY, ASSORTED SHL",Grains
497,180867,5938,W-119,Winder Freelife Church,483473,,FP/OP/GNAP/USDA,FOOD PANTRY-Agency,BLUE RECEIPT-SHL,C-28-10001,18,0,0,0.54,18,BARROW,0.03,5/15/2024 14:38,5/15/2024 11:28,Price Code 1,CUSTOMER PICKUP,False,Sharing Floor Athens,01-SH,30680.0,Winder,"PRODUCE, FRESH SHL",Mixed Produce
917,172667,8880,C-161,Church at Pierce Rd.,476298,,FP/OP,FOOD PANTRY-Agency,YELLOW RECEIPT - SHN,N-03-11785,3,0,0,0.0,105,BARROW,0.0,1/12/2024 9:39,1/12/2024 13:11,Price Code 1,CUSTOMER PICKUP,False,Food Bank of Northeast Georgia,01,30680.0,Winder,GATORADE G2 GLACIER FREEZE,Beverages
953,173694,5407,C-179,Crossview Church Food Pantry,477323,,FP/GNAP/USDA,FOOD PANTRY-Agency,BLUE RECEIPT-SHL,F-15-10000,62,0,0,11.16,62,BARROW,0.18,1/26/2024 13:59,1/26/2024 14:02,Price Code 1,CUSTOMER PICKUP,False,Sharing Floor Athens,01-SH,30548.0,Hoschton,"MEAT & SEAFOOD, FROZEN SHL",Proteins
497,180870,4411,W-119,Winder Freelife Church,483476,,FP/OP/GNAP/USDA,FOOD PANTRY-Agency,USDA,F-50-90465,2,0,0,7.56,42,BARROW,0.18,5/28/2024 10:30,5/28/2024 11:16,Price Code 1,CUSTOMER PICKUP,False,Food Bank of Northeast Georgia,01,30680.0,Winder,USDA WILD CAUGHT GULF SHRIMP,Proteins
172,173928,8938,P-104,Project Adam Community Asst Ct,477557,,ON PREMISES (OP),REHAB-Agency,YELLOW RECEIPT - SHN,N-03-11808,8,0,0,0.0,144,BARROW,0.0,2/5/2024 13:41,2/5/2024 11:27,Price Code 1,CUSTOMER PICKUP,False,Food Bank of Northeast Georgia,01,30680.0,Winder,GATORADE COOL BLUE ZERO SUGAR,Beverages
29,173390,84,B-107,Barrow County Food Pantry,477019,,FOOD PANTRY,FOOD PANTRY-Agency,USDA,N-50-10006,25,0,0,0.0,675,BARROW,0.0,1/25/2024 7:00,1/25/2024 6:23,Price Code 1,TRACTOR TRAILER 1 MOBILE PANTRY,False,Food Bank of Northeast Georgia,01,30680.0,Winder,USDA GREEN BEANS,Vegetables
479,176285,92,W-118,Winder Wesleyan Church,478910,,FP/OP,FOOD PANTRY-Agency,LOCAL - LL,W-01-10002,9,0,0,1.62,9,BARROW,0.18,2/27/2024 10:24,2/27/2024 10:29,Price Code 1,CUSTOMER PICKUP,False,Sharing Floor Athens,01-SH,30680.0,Winder,"ASSORTED NON-FOOD ITEMS, LL",Non-Food Misc.
172,178116,8996,P-104,Project Adam Community Asst Ct,480735,,ON PREMISES (OP),REHAB-Agency,LOCAL - LL,C-07-90662,1,0,0,0.0,14,BARROW,0.0,4/8/2024 10:00,4/8/2024 10:29,Price Code 1,CUSTOMER PICKUP,False,Food Bank of Northeast Georgia,01,30680.0,Winder,DUNKIN COFFEE CREAMER,Food Misc.
781,181181,696,R-130,"Richard C. Wilson Recovery Residence, INC",483786,,ON PREMISES (OP),REHAB-Agency,LOCAL - LL,W-25-10000,59,0,0,10.62,59,BARROW,0.18,5/22/2024 9:09,5/22/2024 9:24,Price Code 1,CUSTOMER PICKUP,False,Sharing Floor Athens,01-SH,30666.0,Statham,"ASSORTED SNACK ITEMS, LL",Food Misc.
867,176025,1674,Y-108,YMCA of GA's Piedmont- Barrow County,478653,,FP/OP/GNAP/USDA,AT-RISK YOUTH-Agency,USDA,N-50-10073,4,0,0,19.44,108,BARROW,0.18,2/27/2024 14:18,2/28/2024 15:06,Price Code 1,CUSTOMER PICKUP,False,Food Bank of Northeast Georgia,01,30680.0,Winder,USDA TOMATO SAUCE,Vegetables
600,179648,8624,S-140,SYTGE (Seeing You Through God's Eyes) Outreach Ministry,482261,,FOOD PANTRY,FOOD PANTRY-Agency,BLUE RECEIPT-SHL,N-03-11260,2,0,0,0.0,24,BARROW,0.0,4/30/2024 13:46,4/30/2024 14:01,Price Code 1,CUSTOMER PICKUP,False,Food Bank of Northeast Georgia,01,30680.0,Winder,STARRY ZERO SUGAR 12 X 12 FL OZ,Beverages
1040,177969,3943,H-159,Hills Temple FBH Church,480588,,FP/OP/GNAP/USDA,FB DIRECT ASSISTANCE-Agency,USDA,N-50-10268,9,0,0,10.26,342,BARROW,0.03,4/3/2024 8:12,4/3/2024 11:28,Price Code 1,CUSTOMER PICKUP,False,Food Bank of Northeast Georgia,01,30680.0,Winder,USDA APPLE JUICE,Beverages
863,180576,5938,A-148,Auburn First Baptist Church,483182,,FOOD PANTRY,FOOD PANTRY-Agency,BLUE RECEIPT-SHL,C-28-10001,429,0,0,12.87,429,BARROW,0.03,5/10/2024 8:05,5/10/2024 8:23,Price Code 1,CUSTOMER PICKUP,False,Sharing Floor Athens,01-SH,30011.0,Auburn,"PRODUCE, FRESH SHL",Mixed Produce
863,175392,690,A-148,Auburn First Baptist Church,478021,,FOOD PANTRY,FOOD PANTRY-Agency,BLUE RECEIPT-SHL,W-03-10013,284,0,0,0.0,284,BARROW,0.0,2/9/2024 8:05,2/9/2024 8:28,Price Code 1,CUSTOMER PICKUP,False,Sharing Floor Athens,01-SH,30011.0,Auburn,"ASSORTED BEVERAGES, SHL",Beverages
917,179261,9018,C-161,Church at Pierce Rd.,481874,,FP/OP,FOOD PANTRY-Agency,LFB,N-12-10105,20,0,0,10.8,60,BARROW,0.18,4/24/2024 9:39,4/26/2024 10:11,Price Code 1,CUSTOMER PICKUP,False,Food Bank of Northeast Georgia,01,30680.0,Winder,CREST WHITE TOOTHPASTE,Non-Food Misc.
1040,181389,9075,H-159,Hills Temple FBH Church,483993,,FP/OP/GNAP/USDA,FB DIRECT ASSISTANCE-Agency,BLUE RECEIPT-SHL,N-03-11837,3,0,0,16.2,90,BARROW,0.18,6/4/2024 8:30,6/4/2024 13:51,Price Code 1,CUSTOMER PICKUP,False,Food Bank of Northeast Georgia,01,30680.0,Winder,GATORADE STRAWBERRY LEMONADE,Beverages
497,181441,1045,W-119,Winder Freelife Church,484045,,FP/OP/GNAP/USDA,FOOD PANTRY-Agency,BLUE RECEIPT-SHL,W-25-10009,9,0,0,1.62,9,BARROW,0.18,5/28/2024 14:38,5/28/2024 10:43,Price Code 1,CUSTOMER PICKUP,False,Sharing Floor Athens,01-SH,30680.0,Winder,"ASSORTED SNACK ITEMS, SHL",Food Misc.
867,177092,8988,Y-108,YMCA of GA's Piedmont- Barrow County,479714,,FP/OP/GNAP/USDA,AT-RISK YOUTH-Agency,BLUE RECEIPT-SHL,F-15-90559,6,0,0,5.4,30,BARROW,0.18,3/15/2024 10:00,3/15/2024 10:15,Price Code 1,CUSTOMER PICKUP,False,Food Bank of Northeast Georgia,01,30680.0,Winder,"BLACK PEPPER TURKEY BREAST, HILLSHIRE FARMS",Proteins
917,173011,92,C-161,Church at Pierce Rd.,476641,,FP/OP,FOOD PANTRY-Agency,LOCAL - LL,W-01-10002,11,0,0,1.98,11,BARROW,0.18,1/12/2024 9:39,1/12/2024 12:10,Price Code 1,CUSTOMER PICKUP,False,Sharing Floor Athens,01-SH,30680.0,Winder,"ASSORTED NON-FOOD ITEMS, LL",Non-Food Misc.
953,179200,8972,C-179,Crossview Church Food Pantry,FAIMPORT481813,,FP/GNAP/USDA,FOOD PANTRY-Agency,BLUE RECEIPT-SHL,MCF-15-10000,433,0,0,0.0,433,BARROW,0.0,4/17/2024 0:00,4/17/2024 0:00,Price Code 1,CUSTOMER PICKUP,False,Food Bank of Northeast Georgia,01,30548.0,Hoschton,"FROZEN MEAT & SEAFOOD, SHL RETAIL PICKUP",Proteins
781,182507,8970,R-130,"Richard C. Wilson Recovery Residence, INC",FAIMPORT485110,,ON PREMISES (OP),REHAB-Agency,BLUE RECEIPT-SHL,MCW-16-10001,229,0,0,0.0,229,BARROW,0.0,6/17/2024 0:00,6/17/2024 0:00,Price Code 1,CUSTOMER PICKUP,False,Food Bank of Northeast Georgia,01,30666.0,Statham,"MISC. FOOD BOX, SHL RETAIL PICKUP",Food Misc.
1040,177969,5637,H-159,Hills Temple FBH Church,480588,,FP/OP/GNAP/USDA,FB DIRECT ASSISTANCE-Agency,USDA,F-50-90019,5,0,0,0.0,150,BARROW,0.0,4/3/2024 8:12,4/3/2024 11:28,Price Code 1,CUSTOMER PICKUP,False,Food Bank of Northeast Georgia,01,30680.0,Winder,USDA FROZEN BLUEBERRIES CCC,Fruits
1013,175108,8941,S-143,"Spirit Of Sharing, INC",477738,,FP/GNAP/USDA,FOOD PANTRY-Agency,BLUE RECEIPT-SHL,C-28-90532,16,0,0,0.0,992,BARROW,0.0,2/7/2024 9:00,2/14/2024 9:38,Price Code 1,TRUCK 1 MOBILE PANTRY,False,Food Bank of Northeast Georgia,01,30680.0,Winder,"CELERY, 24-36 CT",Vegetables
1040,180866,690,H-159,Hills Temple FBH Church,483472,,FP/OP/GNAP/USDA,FB DIRECT ASSISTANCE-Agency,BLUE RECEIPT-SHL,W-03-10013,112,0,0,0.0,112,BARROW,0.0,5/15/2024 11:19,5/15/2024 11:23,Price Code 1,CUSTOMER PICKUP,False,Sharing Floor Athens,01-SH,30680.0,Winder,"ASSORTED BEVERAGES, SHL",Beverages
781,179542,5772,R-130,"Richard C. Wilson Recovery Residence, INC",482155,,ON PREMISES (OP),REHAB-Agency,LOCAL - LL,C-28-10000,122,0,0,3.66,122,BARROW,0.03,4/24/2024 9:09,4/24/2024 9:25,Price Code 1,CUSTOMER PICKUP,False,Sharing Floor Athens,01-SH,30666.0,Statham,"PRODUCE, FRESH LL",Mixed Produce
917,172307,8881,C-161,Church at Pierce Rd.,475938,,FP/OP,FOOD PANTRY-Agency,YELLOW RECEIPT - SHN,N-03-11786,7,0,0,2.73,91,BARROW,0.03,1/5/2024 9:39,1/5/2024 14:36,Price Code 1,CUSTOMER PICKUP,False,Food Bank of Northeast Georgia,01,30680.0,Winder,GATORADE ZERO FRUIT PUNCH,Beverages
867,178663,842,Y-108,YMCA of GA's Piedmont- Barrow County,481279,,FP/OP/GNAP/USDA,AT-RISK YOUTH-Agency,USDA,N-50-10021,4,0,0,19.44,108,BARROW,0.18,4/15/2024 14:18,4/15/2024 14:42,Price Code 1,CUSTOMER PICKUP,False,Food Bank of Northeast Georgia,01,30680.0,Winder,USDA DICED TOMATOES NO SALT CCC,Vegetables
682,177638,5772,C-170,Christ The King Ghana Methodist,480258,,DIRECT ASSISTANCE,FOOD PANTRY-Agency,LOCAL - LL,C-28-10000,184,0,0,5.52,184,BARROW,0.03,3/20/2024 15:05,3/20/2024 10:27,Price Code 1,CUSTOMER PICKUP,False,Sharing Floor Athens,01-SH,30680.0,Winder,"PRODUCE, FRESH LL",Mixed Produce
172,178955,683,P-104,Project Adam Community Asst Ct,481569,,ON PREMISES (OP),REHAB-Agency,BLUE RECEIPT-SHL,W-16-10001,35,0,0,6.3,35,BARROW,0.18,4/15/2024 13:41,4/15/2024 9:27,Price Code 1,CUSTOMER PICKUP,False,Sharing Floor Athens,01-SH,30680.0,Winder,MISC. FOOD BOX SHL,Food Misc.
1013,176588,8783,S-143,"Spirit Of Sharing, INC",479212,,FP/GNAP/USDA,FOOD PANTRY-Agency,USDA,N-50-10308,13,0,0,0.0,299,BARROW,0.0,3/6/2024 9:00,3/6/2024 10:23,Price Code 1,TRUCK 1 MOBILE PANTRY,False,Food Bank of Northeast Georgia,01,30680.0,Winder,USDA RAISINS,Fruits
1040,178556,875,H-159,Hills Temple FBH Church,481172,,FP/OP/GNAP/USDA,FB DIRECT ASSISTANCE-Agency,BLUE RECEIPT-SHL,W-04-10000,101,0,0,0.0,101,BARROW,0.0,4/8/2024 14:40,4/8/2024 15:01,Price Code 1,CUSTOMER PICKUP,False,Sharing Floor Athens,01-SH,30680.0,Winder,"BREAD & BAKERY, ASSORTED SHL",Grains
29,182920,8976,B-107,Barrow County Food Pantry,FAIMPORT485521,,FOOD PANTRY,FOOD PANTRY-Agency,BLUE RECEIPT-SHL,MCC-28-10001,34,0,0,0.0,34,BARROW,0.0,6/24/2024 0:00,6/24/2024 0:00,Price Code 1,CUSTOMER PICKUP,False,Food Bank of Northeast Georgia,01,30680.0,Winder,"PRODUCE, SHL RETAIL PICKUPS",Mixed Produce
172,175968,8600,P-104,Project Adam Community Asst Ct,478596,,ON PREMISES (OP),REHAB-Agency,BLUE RECEIPT-SHL,N-03-11249,1,0,0,0.0,30,BARROW,0.0,2/26/2024 13:41,2/26/2024 9:44,Price Code 1,CUSTOMER PICKUP,False,Food Bank of Northeast Georgia,01,30680.0,Winder,DIET PEPSI,Beverages
917,181674,696,C-161,Church at Pierce Rd.,484278,,FP/OP,FOOD PANTRY-Agency,LOCAL - LL,W-25-10000,28,0,0,5.04,28,BARROW,0.18,5/31/2024 9:39,5/31/2024 9:48,Price Code 1,CUSTOMER PICKUP,False,Sharing Floor Athens,01-SH,30680.0,Winder,"ASSORTED SNACK ITEMS, LL",Food Misc.
863,173652,5958,A-148,Auburn First Baptist Church,477281,,FOOD PANTRY,FOOD PANTRY-Agency,BLUE RECEIPT-SHL,C-16-10001,72,0,0,12.96,72,BARROW,0.18,1/26/2024 8:05,1/26/2024 8:20,Price Code 1,CUSTOMER PICKUP,False,Sharing Floor Athens,01-SH,30011.0,Auburn,"COOLER FOOD, MISC. SHL",Food Misc.
29,176916,8974,B-107,Barrow County Food Pantry,FAIMPORT479538,,FOOD PANTRY,FOOD PANTRY-Agency,BLUE RECEIPT-SHL,MCW-04-10000,39,0,0,0.0,39,BARROW,0.0,3/5/2024 0:00,3/5/2024 0:00,Price Code 1,CUSTOMER PICKUP,False,Food Bank of Northeast Georgia,01,30680.0,Winder,"BREAD AND BAKERY, SHL RETAIL PICKUPS",Grains
682,175955,5681,C-170,Christ The King Ghana Methodist,478583,,DIRECT ASSISTANCE,FOOD PANTRY-Agency,LOCAL - LL,C-16-10000,96,0,0,17.28,96,BARROW,0.18,2/21/2024 15:05,2/21/2024 10:44,Price Code 1,CUSTOMER PICKUP,False,Sharing Floor Athens,01-SH,30680.0,Winder,"COOLER FOOD, MISC. LL",Food Misc.
781,175351,5958,R-130,"Richard C. Wilson Recovery Residence, INC",477980,,ON PREMISES (OP),REHAB-Agency,BLUE RECEIPT-SHL,C-16-10001,6,0,0,1.08,6,BARROW,0.18,2/8/2024 9:09,2/8/2024 11:48,Price Code 1,CUSTOMER PICKUP,False,Sharing Floor Athens,01-SH,30666.0,Statham,"COOLER FOOD, MISC. SHL",Food Misc.
479,175981,8947,W-118,Winder Wesleyan Church,478609,,FP/OP,FOOD PANTRY-Agency,BLUE RECEIPT-SHL,N-03-11811,1,0,0,0.0,18,BARROW,0.0,2/27/2024 9:00,2/27/2024 9:38,Price Code 1,CUSTOMER PICKUP,False,Food Bank of Northeast Georgia,01,30680.0,Winder,PROPEL BERRY,Beverages
781,178970,8740,R-130,"Richard C. Wilson Recovery Residence, INC",481584,,ON PREMISES (OP),REHAB-Agency,BLUE RECEIPT-SHL,N-03-11740,6,0,0,0.0,168,BARROW,0.0,4/18/2024 9:09,4/18/2024 10:53,Price Code 1,CUSTOMER PICKUP,False,Food Bank of Northeast Georgia,01,30666.0,Statham,MT DEW BAJA BLAST,Beverages
781,176598,1045,R-130,"Richard C. Wilson Recovery Residence, INC",479222,,ON PREMISES (OP),REHAB-Agency,BLUE RECEIPT-SHL,W-25-10009,72,0,0,12.96,72,BARROW,0.18,3/4/2024 9:09,3/4/2024 8:38,Price Code 1,CUSTOMER PICKUP,False,Sharing Floor Athens,01-SH,30666.0,Statham,"ASSORTED SNACK ITEMS, SHL",Food Misc.
172,179952,875,P-104,Project Adam Community Asst Ct,482561,,ON PREMISES (OP),REHAB-Agency,BLUE RECEIPT-SHL,W-04-10000,17,0,0,0.0,17,BARROW,0.0,5/1/2024 13:41,5/1/2024 10:53,Price Code 1,CUSTOMER PICKUP,False,Sharing Floor Athens,01-SH,30680.0,Winder,"BREAD & BAKERY, ASSORTED SHL",Grains
781,178656,92,R-130,"Richard C. Wilson Recovery Residence, INC",481272,,ON PREMISES (OP),REHAB-Agency,LOCAL - LL,W-01-10002,4,0,0,0.72,4,BARROW,0.18,4/10/2024 9:09,4/10/2024 9:37,Price Code 1,CUSTOMER PICKUP,False,Sharing Floor Athens,01-SH,30666.0,Statham,"ASSORTED NON-FOOD ITEMS, LL",Non-Food Misc.
172,175630,6786,P-104,Project Adam Community Asst Ct,478258,,ON PREMISES (OP),REHAB-Agency,LOCAL - LL,C-28-90215,1,0,0,2.5,50,BARROW,0.05,2/20/2024 13:41,2/20/2024 10:41,Price Code 1,CUSTOMER PICKUP,False,Food Bank of Northeast Georgia,01,30680.0,Winder,"POTATOES, RUSSET",Potatoes
864,178577,683,W-124,Winder Church of God of Prophecy,481193,,FP/OP,FOOD PANTRY-Agency,BLUE RECEIPT-SHL,W-16-10001,10,0,0,1.8,10,BARROW,0.18,4/9/2024 12:22,4/9/2024 8:30,Price Code 1,CUSTOMER PICKUP,False,Sharing Floor Athens,01-SH,30680.0,Winder,MISC. FOOD BOX SHL,Food Misc.
867,178008,6780,Y-108,YMCA of GA's Piedmont- Barrow County,480627,,FP/OP/GNAP/USDA,AT-RISK YOUTH-Agency,USDA,C-50-10024,5,0,0,21.5,215,BARROW,0.1,4/5/2024 10:00,4/5/2024 10:01,Price Code 1,CUSTOMER PICKUP,False,Food Bank of Northeast Georgia,01,30680.0,Winder,USDA APPLES,Fruits
1009,172984,5477,S-142,"SAY In Need, Inc",476614,,OP/USDA,FEED SITE-Agency,LOCAL - LL,F-15-10001,143,0,0,25.74,143,BARROW,0.18,1/12/2024 8:26,1/12/2024 9:01,Price Code 1,CUSTOMER PICKUP,False,Sharing Floor Athens,01-SH,30620.0,Bethlehem,"MEAT & SEAFOOD, FROZEN LOCAL",Proteins
1040,177969,8854,H-159,Hills Temple FBH Church,480588,,FP/OP/GNAP/USDA,FB DIRECT ASSISTANCE-Agency,BLUE RECEIPT-SHL,N-03-11776,9,0,0,0.0,297,BARROW,0.0,4/3/2024 8:12,4/3/2024 11:28,Price Code 1,CUSTOMER PICKUP,False,Food Bank of Northeast Georgia,01,30680.0,Winder,DR PEPPER STRAWBERRIES & CREAM,Beverages
863,179242,5772,A-148,Auburn First Baptist Church,481855,,FOOD PANTRY,FOOD PANTRY-Agency,LOCAL - LL,C-28-10000,658,0,0,19.74,658,BARROW,0.03,4/19/2024 8:05,4/19/2024 8:26,Price Code 1,CUSTOMER PICKUP,False,Sharing Floor Athens,01-SH,30011.0,Auburn,"PRODUCE, FRESH LL",Mixed Produce
863,180576,5407,A-148,Auburn First Baptist Church,483182,,FOOD PANTRY,FOOD PANTRY-Agency,BLUE RECEIPT-SHL,F-15-10000,60,0,0,10.8,60,BARROW,0.18,5/10/2024 8:05,5/10/2024 8:23,Price Code 1,CUSTOMER PICKUP,False,Sharing Floor Athens,01-SH,30011.0,Auburn,"MEAT & SEAFOOD, FROZEN SHL",Proteins
29,173390,1047,B-107,Barrow County Food Pantry,477019,,FOOD PANTRY,FOOD PANTRY-Agency,USDA,N-50-10041,25,0,0,0.0,1225,BARROW,0.0,1/25/2024 7:00,1/25/2024 6:23,Price Code 1,TRACTOR TRAILER 1 MOBILE PANTRY,False,Food Bank of Northeast Georgia,01,30680.0,Winder,USDA RICE,Grains
1013,181770,8940,S-143,"Spirit Of Sharing, INC",484374,,FP/GNAP/USDA,FOOD PANTRY-Agency,BLUE RECEIPT-SHL,C-28-90531,35,0,0,0.0,1820,BARROW,0.0,6/5/2024 9:00,6/5/2024 13:08,Price Code 1,TRUCK 1 MOBILE PANTRY,False,Food Bank of Northeast Georgia,01,30680.0,Winder,"CABBAGE, SHL 50#",Vegetables
863,181666,875,A-148,Auburn First Baptist Church,484270,,FOOD PANTRY,FOOD PANTRY-Agency,BLUE RECEIPT-SHL,W-04-10000,78,0,0,0.0,78,BARROW,0.0,5/31/2024 8:05,5/31/2024 8:25,Price Code 1,CUSTOMER PICKUP,False,Sharing Floor Athens,01-SH,30011.0,Auburn,"BREAD & BAKERY, ASSORTED SHL",Grains
29,173390,4715,B-107,Barrow County Food Pantry,477019,,FOOD PANTRY,FOOD PANTRY-Agency,USDA,F-50-90461,36,0,0,0.0,1440,BARROW,0.0,1/25/2024 7:00,1/25/2024 6:23,Price Code 1,TRACTOR TRAILER 1 MOBILE PANTRY,False,Food Bank of Northeast Georgia,01,30680.0,Winder,USDA ALASKAN POLLACK FISH FILLETS,Proteins
863,175020,5938,A-148,Auburn First Baptist Church,477650,,FOOD PANTRY,FOOD PANTRY-Agency,BLUE RECEIPT-SHL,C-28-10001,551,0,0,16.53,551,BARROW,0.03,2/2/2024 8:05,2/2/2024 8:37,Price Code 1,CUSTOMER PICKUP,False,Sharing Floor Athens,01-SH,30011.0,Auburn,"PRODUCE, FRESH SHL",Mixed Produce
867,176025,8907,Y-108,YMCA of GA's Piedmont- Barrow County,478653,,FP/OP/GNAP/USDA,AT-RISK YOUTH-Agency,GNAP,N-40-10267,4,0,0,0.0,52,BARROW,0.0,2/27/2024 14:18,2/28/2024 15:06,Price Code 1,CUSTOMER PICKUP,False,Food Bank of Northeast Georgia,01,30680.0,Winder,GNAP SPAGHETTI W/ MEATBALLS,Prepared Meals
682,175282,683,C-170,Christ The King Ghana Methodist,477911,,DIRECT ASSISTANCE,FOOD PANTRY-Agency,BLUE RECEIPT-SHL,W-16-10001,81,0,0,14.58,81,BARROW,0.18,2/7/2024 15:05,2/7/2024 11:13,Price Code 1,CUSTOMER PICKUP,False,Sharing Floor Athens,01-SH,30680.0,Winder,MISC. FOOD BOX SHL,Food Misc.
953,173344,8719,C-179,Crossview Church Food Pantry,476973,,FP/GNAP/USDA,FOOD PANTRY-Agency,GNAP,N-40-10265,10,0,0,13.0,130,BARROW,0.1,1/24/2024 9:44,1/29/2024 11:55,Price Code 1,CONTACT FOR DELIVERY,False,Food Bank of Northeast Georgia,01,30548.0,Hoschton,GNAP MINI BEEF RAVIOLI,Prepared Meals
917,173011,690,C-161,Church at Pierce Rd.,476641,,FP/OP,FOOD PANTRY-Agency,BLUE RECEIPT-SHL,W-03-10013,74,0,0,2.22,74,BARROW,0.03,1/12/2024 9:39,1/12/2024 12:10,Price Code 1,CUSTOMER PICKUP,False,Sharing Floor Athens,01-SH,30680.0,Winder,"ASSORTED BEVERAGES, SHL",Beverages
29,181117,1047,B-107,Barrow County Food Pantry,483722,,FOOD PANTRY,FOOD PANTRY-Agency,USDA,N-50-10041,50,0,0,0.0,2450,BARROW,0.0,5/23/2024 8:19,5/28/2024 7:55,Price Code 1,TRACTOR TRAILER 1 MOBILE PANTRY,False,Food Bank of Northeast Georgia,01,30680.0,Winder,USDA RICE,Grains
917,175398,5958,C-161,Church at Pierce Rd.,478027,,FP/OP,FOOD PANTRY-Agency,BLUE RECEIPT-SHL,C-16-10001,13,0,0,2.34,13,BARROW,0.18,2/9/2024 9:39,2/9/2024 9:46,Price Code 1,CUSTOMER PICKUP,False,Sharing Floor Athens,01-SH,30680.0,Winder,"COOLER FOOD, MISC. SHL",Food Misc.
1013,178003,1047,S-143,"Spirit Of Sharing, INC",480622,,FP/GNAP/USDA,FOOD PANTRY-Agency,USDA,N-50-10041,25,0,0,0.0,1225,BARROW,0.0,4/3/2024 9:00,4/5/2024 13:52,Price Code 1,TRUCK 1 MOBILE PANTRY,False,Food Bank of Northeast Georgia,01,30680.0,Winder,USDA RICE,Grains
576,178167,8992,F2KBARROW,Food 2 Kids Barrow County,480786,,DIRECT ASSISTANCE,DIRECT ASSISTANCE-Agency,USDA,F-50-90475,7,0,0,0.0,280,BARROW,0.0,4/10/2024 9:00,4/10/2024 9:40,Price Code 1,TRUCK 1 MOBILE PANTRY,False,Food Bank of Northeast Georgia,01,,Athens,USDA PORK TACO FILLING FULLY COOKED CCC,Proteins
953,182505,8973,C-179,Crossview Church Food Pantry,FAIMPORT485108,,FP/GNAP/USDA,FOOD PANTRY-Agency,BLUE RECEIPT-SHL,MCC-16-10001,108,0,0,0.0,108,BARROW,0.0,6/19/2024 0:00,6/19/2024 0:00,Price Code 1,CUSTOMER PICKUP,False,Food Bank of Northeast Georgia,01,30548.0,Hoschton,"COOLER FOOD MISC., SHL RETAIL PICKUP",Food Misc.
682,180008,875,C-170,Christ The King Ghana Methodist,482616,,DIRECT ASSISTANCE,FOOD PANTRY-Agency,BLUE RECEIPT-SHL,W-04-10000,58,0,0,0.0,58,BARROW,0.0,5/1/2024 15:05,5/1/2024 15:05,Price Code 1,CUSTOMER PICKUP,False,Sharing Floor Athens,01-SH,30680.0,Winder,"BREAD & BAKERY, ASSORTED SHL",Grains
576,180247,8834,F2KBARROW,Food 2 Kids Barrow County,482853,,DIRECT ASSISTANCE,DIRECT ASSISTANCE-Agency,BLUE RECEIPT-SHL,N-03-11770,24,0,0,0.0,240,BARROW,0.0,5/8/2024 9:00,5/9/2024 9:40,Price Code 1,TRUCK 1 MOBILE PANTRY,False,Food Bank of Northeast Georgia,01,,Athens,MT DEW ZERO SUGAR,Beverages
172,178955,690,P-104,Project Adam Community Asst Ct,481569,,ON PREMISES (OP),REHAB-Agency,BLUE RECEIPT-SHL,W-03-10013,153,0,0,4.59,153,BARROW,0.03,4/15/2024 13:41,4/15/2024 9:27,Price Code 1,CUSTOMER PICKUP,False,Sharing Floor Athens,01-SH,30680.0,Winder,"ASSORTED BEVERAGES, SHL",Beverages
497,180870,9063,W-119,Winder Freelife Church,483476,,FP/OP/GNAP/USDA,FOOD PANTRY-Agency,LOCAL - LL,N-25-11976,2,0,0,5.04,28,BARROW,0.18,5/28/2024 10:30,5/28/2024 11:16,Price Code 1,CUSTOMER PICKUP,False,Food Bank of Northeast Georgia,01,30680.0,Winder,MINI SOFT BAKED COOKIES LUCKY CHARMS,Food Misc.
172,176616,683,P-104,Project Adam Community Asst Ct,479240,,ON PREMISES (OP),REHAB-Agency,BLUE RECEIPT-SHL,W-16-10001,66,0,0,11.88,66,BARROW,0.18,3/4/2024 13:41,3/4/2024 10:51,Price Code 1,CUSTOMER PICKUP,False,Sharing Floor Athens,01-SH,30680.0,Winder,MISC. FOOD BOX SHL,Food Misc.
29,176917,8975,B-107,Barrow County Food Pantry,FAIMPORT479539,,FOOD PANTRY,FOOD PANTRY-Agency,BLUE RECEIPT-SHL,MCC-07-10001,120,0,0,0.0,120,BARROW,0.0,3/7/2024 0:00,3/7/2024 0:00,Price Code 1,CUSTOMER PICKUP,False,Food Bank of Northeast Georgia,01,30680.0,Winder,"DAIRY PRODUCTS, SHL RETAIL PICKUPS",Dairy
781,178656,5407,R-130,"Richard C. Wilson Recovery Residence, INC",481272,,ON PREMISES (OP),REHAB-Agency,BLUE RECEIPT-SHL,F-15-10000,33,0,0,0.0,33,BARROW,0.0,4/10/2024 9:09,4/10/2024 9:37,Price Code 1,CUSTOMER PICKUP,False,Sharing Floor Athens,01-SH,30666.0,Statham,"MEAT & SEAFOOD, FROZEN SHL",Proteins
29,177776,8874,B-107,Barrow County Food Pantry,480395,,FOOD PANTRY,FOOD PANTRY-Agency,YELLOW RECEIPT - SHN,F-10-10002,130,0,0,0.0,390,BARROW,0.0,3/28/2024 7:00,3/28/2024 6:02,Price Code 1,TRACTOR TRAILER 1 MOBILE PANTRY,False,Food Bank of Northeast Georgia,01,30680.0,Winder,OUTSHINE TROPICAL SMOOTHIE CUBES,Beverages
781,180845,9059,R-130,"Richard C. Wilson Recovery Residence, INC",483451,,ON PREMISES (OP),REHAB-Agency,LOCAL - LL,F-16-90438,3,0,0,2.16,12,BARROW,0.18,5/15/2024 9:09,5/15/2024 8:54,Price Code 1,CUSTOMER PICKUP,False,Food Bank of Northeast Georgia,01,30666.0,Statham,OSCAR MAYER MAPLE SAUSAGE ROLLERS,Proteins
29,175854,7284,B-107,Barrow County Food Pantry,478482,,FOOD PANTRY,FOOD PANTRY-Agency,USDA,C-50-10043,85,0,0,0.0,2210,BARROW,0.0,2/22/2024 7:00,2/22/2024 6:27,Price Code 1,TRACTOR TRAILER 1 MOBILE PANTRY,False,Food Bank of Northeast Georgia,01,30680.0,Winder,USDA RED FAT AMERICAN CHEESE CCC,Dairy
172,175968,8960,P-104,Project Adam Community Asst Ct,478596,,ON PREMISES (OP),REHAB-Agency,YELLOW RECEIPT - SHN,N-25-11959,8,0,0,12.96,72,BARROW,0.18,2/26/2024 13:41,2/26/2024 9:44,Price Code 1,CUSTOMER PICKUP,False,Food Bank of Northeast Georgia,01,30680.0,Winder,"NILLA WAFERS, NABISCO",Food Misc.
172,179952,688,P-104,Project Adam Community Asst Ct,482561,,ON PREMISES (OP),REHAB-Agency,BLUE RECEIPT-SHL,W-01-10000,9,0,0,0.0,9,BARROW,0.0,5/1/2024 13:41,5/1/2024 10:53,Price Code 1,CUSTOMER PICKUP,False,Sharing Floor Athens,01-SH,30680.0,Winder,"ASSORTED NON-FOOD ITEMS, SHL",Non-Food Misc.
29,182517,9084,B-107,Barrow County Food Pantry,485120,,FOOD PANTRY,FOOD PANTRY-Agency,USDA,N-50-10315,25,0,0,0.0,675,BARROW,0.0,6/27/2024 7:00,6/27/2024 9:27,Price Code 1,TRACTOR TRAILER 1 MOBILE PANTRY,False,Food Bank of Northeast Georgia,01,30680.0,Winder,USDA CANNED SALMON,Proteins
682,177229,690,C-170,Christ The King Ghana Methodist,479849,,DIRECT ASSISTANCE,FOOD PANTRY-Agency,BLUE RECEIPT-SHL,W-03-10013,346,0,0,0.0,346,BARROW,0.0,3/13/2024 15:05,3/13/2024 10:53,Price Code 1,CUSTOMER PICKUP,False,Sharing Floor Athens,01-SH,30680.0,Winder,"ASSORTED BEVERAGES, SHL",Beverages
917,176945,8954,C-161,Church at Pierce Rd.,479567,,FP/OP,FOOD PANTRY-Agency,BLUE RECEIPT-SHL,N-03-11815,4,0,0,0.0,112,BARROW,0.0,3/15/2024 9:39,3/15/2024 10:29,Price Code 1,CUSTOMER PICKUP,False,Food Bank of Northeast Georgia,01,30680.0,Winder,LIPTON HALF&HALF ICED TEA LEMONADE,Beverages
29,179436,8874,B-107,Barrow County Food Pantry,482049,,FOOD PANTRY,FOOD PANTRY-Agency,YELLOW RECEIPT - SHN,F-10-10002,130,0,0,0.0,390,BARROW,0.0,4/25/2024 7:00,4/25/2024 6:17,Price Code 1,TRACTOR TRAILER 1 MOBILE PANTRY,False,Food Bank of Northeast Georgia,01,30680.0,Winder,OUTSHINE TROPICAL SMOOTHIE CUBES,Beverages
29,177588,8976,B-107,Barrow County Food Pantry,FAIMPORT480208,,FOOD PANTRY,FOOD PANTRY-Agency,BLUE RECEIPT-SHL,MCC-28-10001,66,0,0,0.0,66,BARROW,0.0,3/15/2024 0:00,3/15/2024 0:00,Price Code 1,CUSTOMER PICKUP,False,Food Bank of Northeast Georgia,01,30680.0,Winder,"PRODUCE, SHL RETAIL PICKUPS",Mixed Produce
479,175981,8946,W-118,Winder Wesleyan Church,478609,,FP/OP,FOOD PANTRY-Agency,BLUE RECEIPT-SHL,N-03-11810,2,0,0,0.0,28,BARROW,0.0,2/27/2024 9:00,2/27/2024 9:38,Price Code 1,CUSTOMER PICKUP,False,Food Bank of Northeast Georgia,01,30680.0,Winder,PROPEL ORANGE RASPBERRY,Beverages
863,175392,5938,A-148,Auburn First Baptist Church,478021,,FOOD PANTRY,FOOD PANTRY-Agency,BLUE RECEIPT-SHL,C-28-10001,539,0,0,16.17,539,BARROW,0.03,2/9/2024 8:05,2/9/2024 8:28,Price Code 1,CUSTOMER PICKUP,False,Sharing Floor Athens,01-SH,30011.0,Auburn,"PRODUCE, FRESH SHL",Mixed Produce
172,175479,696,P-104,Project Adam Community Asst Ct,478108,,ON PREMISES (OP),REHAB-Agency,LOCAL - LL,W-25-10000,48,0,0,8.64,48,BARROW,0.18,2/12/2024 13:41,2/12/2024 11:06,Price Code 1,CUSTOMER PICKUP,False,Sharing Floor Athens,01-SH,30680.0,Winder,"ASSORTED SNACK ITEMS, LL",Food Misc.
682,181190,696,C-170,Christ The King Ghana Methodist,483795,,DIRECT ASSISTANCE,FOOD PANTRY-Agency,LOCAL - LL,W-25-10000,54,0,0,9.72,54,BARROW,0.18,5/22/2024 15:05,5/22/2024 10:37,Price Code 1,CUSTOMER PICKUP,False,Sharing Floor Athens,01-SH,30680.0,Winder,"ASSORTED SNACK ITEMS, LL",Food Misc.
576,173797,4715,F2KBARROW,Food 2 Kids Barrow County,477426,,DIRECT ASSISTANCE,DIRECT ASSISTANCE-Agency,USDA,F-50-90461,5,0,0,0.0,200,BARROW,0.0,2/14/2024 9:00,3/5/2024 13:20,Price Code 1,TRACTOR TRAILER 2 MOBILE PANTRY,False,Food Bank of Northeast Georgia,01,,Athens,USDA ALASKAN POLLACK FISH FILLETS,Proteins
682,176359,5388,C-170,Christ The King Ghana Methodist,478984,,DIRECT ASSISTANCE,FOOD PANTRY-Agency,BLUE RECEIPT-SHL,F-16-10001,151,0,0,27.18,151,BARROW,0.18,2/28/2024 15:05,2/28/2024 10:56,Price Code 1,CUSTOMER PICKUP,False,Sharing Floor Athens,01-SH,30680.0,Winder,"ASSORTED FROZEN FOODS, SHL",Food Misc.
29,175854,6816,B-107,Barrow County Food Pantry,478482,,FOOD PANTRY,FOOD PANTRY-Agency,BLUE RECEIPT-SHL,C-28-90345,40,0,0,0.0,2000,BARROW,0.0,2/22/2024 7:00,2/22/2024 6:27,Price Code 1,TRACTOR TRAILER 1 MOBILE PANTRY,False,Food Bank of Northeast Georgia,01,30680.0,Winder,CARROTS,Vegetables
172,178016,92,P-104,Project Adam Community Asst Ct,480635,,ON PREMISES (OP),REHAB-Agency,LOCAL - LL,W-01-10002,7,0,0,0.0,7,BARROW,0.0,4/1/2024 13:41,4/1/2024 9:47,Price Code 1,CUSTOMER PICKUP,False,Sharing Floor Athens,01-SH,30680.0,Winder,"ASSORTED NON-FOOD ITEMS, LL",Non-Food Misc.
781,178380,8943,R-130,"Richard C. Wilson Recovery Residence, INC",480996,,ON PREMISES (OP),REHAB-Agency,BLUE RECEIPT-SHL,C-28-90534,2,0,0,0.0,84,BARROW,0.0,4/10/2024 9:09,4/10/2024 10:12,Price Code 1,CUSTOMER PICKUP,False,Food Bank of Northeast Georgia,01,30666.0,Statham,"SWEET POTATO, SHL",Potatoes
600,173659,8922,S-140,SYTGE (Seeing You Through God's Eyes) Outreach Ministry,477288,,FOOD PANTRY,FOOD PANTRY-Agency,LOCAL - LL,N-25-11954,1,0,0,0.9,5,BARROW,0.18,2/15/2024 13:46,2/15/2024 10:15,Price Code 1,CUSTOMER PICKUP,False,Food Bank of Northeast Georgia,01,30680.0,Winder,ATKINS VAR PACK CHOC PEANUT/CARAMEL,Food Misc.
867,178663,2414,Y-108,YMCA of GA's Piedmont- Barrow County,481279,,FP/OP/GNAP/USDA,AT-RISK YOUTH-Agency,USDA,N-50-10244,4,0,0,25.92,144,BARROW,0.18,4/15/2024 14:18,4/15/2024 14:42,Price Code 1,CUSTOMER PICKUP,False,Food Bank of Northeast Georgia,01,30680.0,Winder,USDA CANNED BEEF CCC,Proteins
781,179078,92,R-130,"Richard C. Wilson Recovery Residence, INC",481692,,ON PREMISES (OP),REHAB-Agency,LOCAL - LL,W-01-10002,9,0,0,1.62,9,BARROW,0.18,4/17/2024 9:09,4/17/2024 8:19,Price Code 1,CUSTOMER PICKUP,False,Sharing Floor Athens,01-SH,30666.0,Statham,"ASSORTED NON-FOOD ITEMS, LL",Non-Food Misc.
172,173401,92,P-104,Project Adam Community Asst Ct,477030,,ON PREMISES (OP),REHAB-Agency,LOCAL - LL,W-01-10002,14,0,0,2.52,14,BARROW,0.18,1/22/2024 13:41,1/22/2024 11:01,Price Code 1,CUSTOMER PICKUP,False,Sharing Floor Athens,01-SH,30680.0,Winder,"ASSORTED NON-FOOD ITEMS, LL",Non-Food Misc.
917,177770,5407,C-161,Church at Pierce Rd.,480389,,FP/OP,FOOD PANTRY-Agency,BLUE RECEIPT-SHL,F-15-10000,67,0,0,0.0,67,BARROW,0.0,3/22/2024 9:39,3/22/2024 9:54,Price Code 1,CUSTOMER PICKUP,False,Sharing Floor Athens,01-SH,30680.0,Winder,"MEAT & SEAFOOD, FROZEN SHL",Proteins
953,173344,2573,C-179,Crossview Church Food Pantry,476973,,FP/GNAP/USDA,FOOD PANTRY-Agency,GNAP,N-40-10204,7,0,0,13.3,133,BARROW,0.1,1/24/2024 9:44,1/29/2024 11:55,Price Code 1,CONTACT FOR DELIVERY,False,Food Bank of Northeast Georgia,01,30548.0,Hoschton,GNAP CHICKEN & RICE SOUP,Prepared Meals
917,179250,683,C-161,Church at Pierce Rd.,481863,,FP/OP,FOOD PANTRY-Agency,BLUE RECEIPT-SHL,W-16-10001,8,0,0,1.44,8,BARROW,0.18,4/19/2024 9:39,4/19/2024 9:20,Price Code 1,CUSTOMER PICKUP,False,Sharing Floor Athens,01-SH,30680.0,Winder,MISC. FOOD BOX SHL,Food Misc.
867,180357,6780,Y-108,YMCA of GA's Piedmont- Barrow County,482963,,FP/OP/GNAP/USDA,AT-RISK YOUTH-Agency,USDA,C-50-10024,5,0,0,21.5,215,BARROW,0.1,5/17/2024 10:00,5/17/2024 10:45,Price Code 1,CUSTOMER PICKUP,False,Food Bank of Northeast Georgia,01,30680.0,Winder,USDA APPLES,Fruits
1038,182010,5388,C-184,"Called to Serve Georgia, Inc",484614,,FP/OP/USDA,FOOD PANTRY-Agency,BLUE RECEIPT-SHL,F-16-10001,142,0,0,12.78,142,BARROW,0.09,6/7/2024 8:36,6/7/2024 8:54,Price Code 1,CUSTOMER PICKUP,False,Sharing Floor Athens,01-SH,30680.0,Winder,"ASSORTED FROZEN FOODS, SHL",Food Misc.
600,179648,8873,S-140,SYTGE (Seeing You Through God's Eyes) Outreach Ministry,482261,,FOOD PANTRY,FOOD PANTRY-Agency,YELLOW RECEIPT - SHN,F-10-10001,3,0,0,0.27,9,BARROW,0.03,4/30/2024 13:46,4/30/2024 14:01,Price Code 1,CUSTOMER PICKUP,False,Food Bank of Northeast Georgia,01,30680.0,Winder,OUTSHINE STRAWBERRY BANANA SMOOTHIE CUBES,Beverages
1013,179765,9013,S-143,"Spirit Of Sharing, INC",482378,,FP/GNAP/USDA,FOOD PANTRY-Agency,USDA,N-50-10313,13,0,0,0.0,312,BARROW,0.0,5/1/2024 9:00,5/1/2024 10:21,Price Code 1,TRUCK 1 MOBILE PANTRY,False,Food Bank of Northeast Georgia,01,30680.0,Winder,USDA LIGHT RED KIDNEY BEANS 24/1LB,Proteins
1013,178003,84,S-143,"Spirit Of Sharing, INC",480622,,FP/GNAP/USDA,FOOD PANTRY-Agency,USDA,N-50-10006,13,0,0,0.0,351,BARROW,0.0,4/3/2024 9:00,4/5/2024 13:52,Price Code 1,TRUCK 1 MOBILE PANTRY,False,Food Bank of Northeast Georgia,01,30680.0,Winder,USDA GREEN BEANS,Vegetables
953,175788,7177,C-179,Crossview Church Food Pantry,478416,,FP/GNAP/USDA,FOOD PANTRY-Agency,GNAP,N-40-10237,4,0,0,0.0,108,BARROW,0.0,2/21/2024 15:00,2/21/2024 15:19,Price Code 1,CONTACT FOR DELIVERY,False,Food Bank of Northeast Georgia,01,30548.0,Hoschton,GNAP SWEET POTATO IN LIGHT SYRUP,Potatoes
585,172713,8720,F2K360BAR,F2K360 BARROW,476344,,FP/OP/GNAP/USDA,DIRECT ASSISTANCE-Agency,USDA,N-50-10305,8,0,0,0.0,112,BARROW,0.0,1/10/2024 9:00,1/10/2024 12:56,Price Code 1,TRUCK 1 MOBILE PANTRY,False,Food Bank of Northeast Georgia,01,30607.0,ATHENS,USDA MIXED VegetablesCCC,Vegetables
1038,179717,8969,C-184,"Called to Serve Georgia, Inc",482330,,FP/OP/USDA,FOOD PANTRY-Agency,YELLOW RECEIPT - SHN,N-27-10135,4,0,0,1.08,108,BARROW,0.01,5/3/2024 13:58,5/3/2024 14:07,Price Code 1,CUSTOMER PICKUP,False,Food Bank of Northeast Georgia,01,30680.0,Winder,"HUNTS TOMATO SAUCE, BAG AND BOX",Vegetables
29,181713,8972,B-107,Barrow County Food Pantry,FAIMPORT484317,,FOOD PANTRY,FOOD PANTRY-Agency,BLUE RECEIPT-SHL,MCF-15-10000,167,0,0,0.0,167,BARROW,0.0,5/30/2024 0:00,5/30/2024 0:00,Price Code 1,CUSTOMER PICKUP,False,Food Bank of Northeast Georgia,01,30680.0,Winder,"FROZEN MEAT & SEAFOOD, SHL RETAIL PICKUP",Proteins
172,179363,1045,P-104,Project Adam Community Asst Ct,481976,,ON PREMISES (OP),REHAB-Agency,BLUE RECEIPT-SHL,W-25-10009,7,0,0,1.26,7,BARROW,0.18,4/22/2024 13:41,4/22/2024 9:46,Price Code 1,CUSTOMER PICKUP,False,Sharing Floor Athens,01-SH,30680.0,Winder,"ASSORTED SNACK ITEMS, SHL",Food Misc.
497,182553,5938,W-119,Winder Freelife Church,485156,,FP/OP/GNAP/USDA,FOOD PANTRY-Agency,BLUE RECEIPT-SHL,C-28-10001,43,0,0,1.29,43,BARROW,0.03,6/25/2024 14:38,6/25/2024 14:11,Price Code 1,CUSTOMER PICKUP,False,Sharing Floor Athens,01-SH,30680.0,Winder,"PRODUCE, FRESH SHL",Mixed Produce
867,172759,170,Y-108,YMCA of GA's Piedmont- Barrow County,476390,,FP/OP/GNAP/USDA,AT-RISK YOUTH-Agency,USDA,N-50-10007,6,0,0,30.24,168,BARROW,0.18,1/11/2024 14:18,1/11/2024 12:16,Price Code 1,CUSTOMER PICKUP,False,Food Bank of Northeast Georgia,01,30680.0,Winder,"USDA CORN, WHOLE KERNEL NO SALT",Vegetables
1040,180109,9042,H-159,Hills Temple FBH Church,482717,,FP/OP/GNAP/USDA,FB DIRECT ASSISTANCE-Agency,GNAP,F-40-90059,5,0,0,0.0,120,BARROW,0.0,5/7/2024 8:45,5/7/2024 10:58,Price Code 1,CUSTOMER PICKUP,False,Food Bank of Northeast Georgia,01,30680.0,Winder,GNAP GROUND TURKEY CHUB 85/15,Proteins
682,180008,683,C-170,Christ The King Ghana Methodist,482616,,DIRECT ASSISTANCE,FOOD PANTRY-Agency,BLUE RECEIPT-SHL,W-16-10001,49,0,0,0.0,49,BARROW,0.0,5/1/2024 15:05,5/1/2024 15:05,Price Code 1,CUSTOMER PICKUP,False,Sharing Floor Athens,01-SH,30680.0,Winder,MISC. FOOD BOX SHL,Food Misc.
917,175035,5938,C-161,Church at Pierce Rd.,477665,,FP/OP,FOOD PANTRY-Agency,BLUE RECEIPT-SHL,C-28-10001,125,0,0,3.75,125,BARROW,0.03,2/2/2024 9:39,2/2/2024 11:56,Price Code 1,CUSTOMER PICKUP,False,Sharing Floor Athens,01-SH,30680.0,Winder,"PRODUCE, FRESH SHL",Mixed Produce
917,177355,50,C-161,Church at Pierce Rd.,479975,,FP/OP,FOOD PANTRY-Agency,LOCAL - LL,W-16-10002,23,0,0,0.0,23,BARROW,0.0,3/15/2024 9:39,3/15/2024 10:02,Price Code 1,CUSTOMER PICKUP,False,Sharing Floor Athens,01-SH,30680.0,Winder,MISC. FOOD BOX LL,Food Misc.
600,180729,8971,S-140,SYTGE (Seeing You Through God's Eyes) Outreach Ministry,FAIMPORT483335,,FOOD PANTRY,FOOD PANTRY-Agency,BLUE RECEIPT-SHL,MCF-16-10001,274,0,0,0.0,274,BARROW,0.0,5/11/2024 0:00,5/11/2024 0:00,Price Code 1,CUSTOMER PICKUP,False,Food Bank of Northeast Georgia,01,30680.0,Winder,"FROZEN FOODS, MISC SHL RETAIL PICKUP",Food Misc.
867,181450,9085,Y-108,YMCA of GA's Piedmont- Barrow County,484054,,FP/OP/GNAP/USDA,AT-RISK YOUTH-Agency,USDA,F-50-90476,4,0,0,28.8,160,BARROW,0.18,5/31/2024 13:00,5/31/2024 14:09,Price Code 1,CUSTOMER PICKUP,False,Food Bank of Northeast Georgia,01,30680.0,Winder,USDA PORK LOIN BONELESS CHOPS CCC,Proteins
172,176616,5958,P-104,Project Adam Community Asst Ct,479240,,ON PREMISES (OP),REHAB-Agency,BLUE RECEIPT-SHL,C-16-10001,29,0,0,5.22,29,BARROW,0.18,3/4/2024 13:41,3/4/2024 10:51,Price Code 1,CUSTOMER PICKUP,False,Sharing Floor Athens,01-SH,30680.0,Winder,"COOLER FOOD, MISC. SHL",Food Misc.
953,177720,1822,C-179,Crossview Church Food Pantry,480339,,FP/GNAP/USDA,FOOD PANTRY-Agency,GNAP,N-40-10140,6,0,0,0.0,108,BARROW,0.0,3/27/2024 10:50,3/27/2024 9:26,Price Code 1,CONTACT FOR DELIVERY,False,Food Bank of Northeast Georgia,01,30548.0,Hoschton,GNAP TUNA LIGHT CHUNK,Proteins
576,178167,7284,F2KBARROW,Food 2 Kids Barrow County,480786,,DIRECT ASSISTANCE,DIRECT ASSISTANCE-Agency,USDA,C-50-10043,21,0,0,0.0,546,BARROW,0.0,4/10/2024 9:00,4/10/2024 9:40,Price Code 1,TRUCK 1 MOBILE PANTRY,False,Food Bank of Northeast Georgia,01,,Athens,USDA RED FAT AMERICAN CHEESE CCC,Dairy
953,173694,690,C-179,Crossview Church Food Pantry,477323,,FP/GNAP/USDA,FOOD PANTRY-Agency,BLUE RECEIPT-SHL,W-03-10013,67,0,0,0.0,67,BARROW,0.0,1/26/2024 13:59,1/26/2024 14:02,Price Code 1,CUSTOMER PICKUP,False,Sharing Floor Athens,01-SH,30548.0,Hoschton,"ASSORTED BEVERAGES, SHL",Beverages
172,175704,8928,P-104,Project Adam Community Asst Ct,478332,,ON PREMISES (OP),REHAB-Agency,BLUE RECEIPT-SHL,N-03-11803,4,0,0,0.0,64,BARROW,0.0,2/20/2024 13:41,2/20/2024 10:42,Price Code 1,CUSTOMER PICKUP,False,Food Bank of Northeast Georgia,01,30680.0,Winder,GATORADE THIRST QUENCHER VAR PACK,Beverages
172,176931,8954,P-104,Project Adam Community Asst Ct,479553,,ON PREMISES (OP),REHAB-Agency,BLUE RECEIPT-SHL,N-03-11815,4,0,0,0.0,112,BARROW,0.0,3/13/2024 13:41,3/18/2024 10:09,Price Code 1,CUSTOMER PICKUP,False,Food Bank of Northeast Georgia,01,30680.0,Winder,LIPTON HALF&HALF ICED TEA LEMONADE,Beverages
953,181722,8972,C-179,Crossview Church Food Pantry,FAIMPORT484326,,FP/GNAP/USDA,FOOD PANTRY-Agency,BLUE RECEIPT-SHL,MCF-15-10000,273,0,0,0.0,273,BARROW,0.0,5/31/2024 0:00,5/31/2024 0:00,Price Code 1,CUSTOMER PICKUP,False,Food Bank of Northeast Georgia,01,30548.0,Hoschton,"FROZEN MEAT & SEAFOOD, SHL RETAIL PICKUP",Proteins
682,181512,5407,C-170,Christ The King Ghana Methodist,484116,,DIRECT ASSISTANCE,FOOD PANTRY-Agency,BLUE RECEIPT-SHL,F-15-10000,54,0,0,9.72,54,BARROW,0.18,5/29/2024 15:05,5/29/2024 10:42,Price Code 1,CUSTOMER PICKUP,False,Sharing Floor Athens,01-SH,30680.0,Winder,"MEAT & SEAFOOD, FROZEN SHL",Proteins
29,182517,1674,B-107,Barrow County Food Pantry,485120,,FOOD PANTRY,FOOD PANTRY-Agency,USDA,N-50-10073,25,0,0,0.0,675,BARROW,0.0,6/27/2024 7:00,6/27/2024 9:27,Price Code 1,TRACTOR TRAILER 1 MOBILE PANTRY,False,Food Bank of Northeast Georgia,01,30680.0,Winder,USDA TOMATO SAUCE,Vegetables
479,176285,875,W-118,Winder Wesleyan Church,478910,,FP/OP,FOOD PANTRY-Agency,BLUE RECEIPT-SHL,W-04-10000,49,0,0,0.0,49,BARROW,0.0,2/27/2024 10:24,2/27/2024 10:29,Price Code 1,CUSTOMER PICKUP,False,Sharing Floor Athens,01-SH,30680.0,Winder,"BREAD & BAKERY, ASSORTED SHL",Grains
867,178385,235,Y-108,YMCA of GA's Piedmont- Barrow County,481001,,FP/OP/GNAP/USDA,AT-RISK YOUTH-Agency,LOCAL - LL,W-03-10012,35,0,0,0.0,35,BARROW,0.0,4/5/2024 14:18,4/5/2024 10:36,Price Code 1,CUSTOMER PICKUP,False,Sharing Floor Athens,01-SH,30680.0,Winder,"ASSORTED BEVERAGES, LL",Beverages
781,173477,8925,R-130,"Richard C. Wilson Recovery Residence, INC",477106,,ON PREMISES (OP),REHAB-Agency,BLUE RECEIPT-SHL,C-28-30001,1,0,0,0.0,1000,BARROW,0.0,1/26/2024 9:09,1/26/2024 10:32,Price Code 1,CUSTOMER PICKUP,False,Food Bank of Northeast Georgia,01,30666.0,Statham,MIXED PRODUCE - 1 PALLET,Mixed Produce
172,173401,875,P-104,Project Adam Community Asst Ct,477030,,ON PREMISES (OP),REHAB-Agency,BLUE RECEIPT-SHL,W-04-10000,25,0,0,0.0,25,BARROW,0.0,1/22/2024 13:41,1/22/2024 11:01,Price Code 1,CUSTOMER PICKUP,False,Sharing Floor Athens,01-SH,30680.0,Winder,"BREAD & BAKERY, ASSORTED SHL",Grains
479,175981,8960,W-118,Winder Wesleyan Church,478609,,FP/OP,FOOD PANTRY-Agency,YELLOW RECEIPT - SHN,N-25-11959,2,0,0,3.24,18,BARROW,0.18,2/27/2024 9:00,2/27/2024 9:38,Price Code 1,CUSTOMER PICKUP,False,Food Bank of Northeast Georgia,01,30680.0,Winder,"NILLA WAFERS, NABISCO",Food Misc.
172,178016,5407,P-104,Project Adam Community Asst Ct,480635,,ON PREMISES (OP),REHAB-Agency,BLUE RECEIPT-SHL,F-15-10000,54,0,0,9.72,54,BARROW,0.18,4/1/2024 13:41,4/1/2024 9:47,Price Code 1,CUSTOMER PICKUP,False,Sharing Floor Athens,01-SH,30680.0,Winder,"MEAT & SEAFOOD, FROZEN SHL",Proteins
172,177404,8952,P-104,Project Adam Community Asst Ct,480024,,ON PREMISES (OP),REHAB-Agency,BLUE RECEIPT-SHL,N-03-11813,10,0,0,0.0,240,BARROW,0.0,3/20/2024 13:41,3/25/2024 10:47,Price Code 1,CUSTOMER PICKUP,False,Food Bank of Northeast Georgia,01,30680.0,Winder,PROPEL BERRY,Beverages
682,172473,50,C-170,Christ The King Ghana Methodist,476104,,DIRECT ASSISTANCE,FOOD PANTRY-Agency,LOCAL - LL,W-16-10002,90,0,0,16.2,90,BARROW,0.18,1/3/2024 15:05,1/3/2024 11:01,Price Code 1,CUSTOMER PICKUP,False,Sharing Floor Athens,01-SH,30680.0,Winder,MISC. FOOD BOX LL,Food Misc.
682,181190,875,C-170,Christ The King Ghana Methodist,483795,,DIRECT ASSISTANCE,FOOD PANTRY-Agency,BLUE RECEIPT-SHL,W-04-10000,17,0,0,0.0,17,BARROW,0.0,5/22/2024 15:05,5/22/2024 10:37,Price Code 1,CUSTOMER PICKUP,False,Sharing Floor Athens,01-SH,30680.0,Winder,"BREAD & BAKERY, ASSORTED SHL",Grains
1040,179364,688,H-159,Hills Temple FBH Church,481977,,FP/OP/GNAP/USDA,FB DIRECT ASSISTANCE-Agency,BLUE RECEIPT-SHL,W-01-10000,64,0,0,11.52,64,BARROW,0.18,4/22/2024 9:48,4/22/2024 9:52,Price Code 1,CUSTOMER PICKUP,False,Sharing Floor Athens,01-SH,30680.0,Winder,"ASSORTED NON-FOOD ITEMS, SHL",Non-Food Misc.
1040,179020,8495,H-159,Hills Temple FBH Church,481634,,FP/OP/GNAP/USDA,FB DIRECT ASSISTANCE-Agency,LOCAL - LL,N-13-10209,30,0,0,0.0,1350,BARROW,0.0,4/22/2024 5:34,4/29/2024 11:43,Price Code 1,CUSTOMER PICKUP,False,Food Bank of Northeast Georgia,01,30680.0,Winder,"OXIVIR TB, HYDROGEN PEROXIDE SANITIZER",Non-Food Misc.
867,181186,8783,Y-108,YMCA of GA's Piedmont- Barrow County,483791,,FP/OP/GNAP/USDA,AT-RISK YOUTH-Agency,USDA,N-50-10308,2,0,0,8.28,46,BARROW,0.18,5/28/2024 9:00,5/28/2024 9:11,Price Code 1,CUSTOMER PICKUP,False,Food Bank of Northeast Georgia,01,30680.0,Winder,USDA RAISINS,Fruits
917,181010,5938,C-161,Church at Pierce Rd.,483615,,FP/OP,FOOD PANTRY-Agency,BLUE RECEIPT-SHL,C-28-10001,22,0,0,0.66,22,BARROW,0.03,5/17/2024 9:39,5/17/2024 9:23,Price Code 1,CUSTOMER PICKUP,False,Sharing Floor Athens,01-SH,30680.0,Winder,"PRODUCE, FRESH SHL",Mixed Produce
585,172713,4715,F2K360BAR,F2K360 BARROW,476344,,FP/OP/GNAP/USDA,DIRECT ASSISTANCE-Agency,USDA,F-50-90461,42,0,0,0.0,1680,BARROW,0.0,1/10/2024 9:00,1/10/2024 12:56,Price Code 1,TRUCK 1 MOBILE PANTRY,False,Food Bank of Northeast Georgia,01,30607.0,ATHENS,USDA ALASKAN POLLACK FISH FILLETS,Proteins
917,179261,9020,C-161,Church at Pierce Rd.,481874,,FP/OP,FOOD PANTRY-Agency,BLUE RECEIPT-SHL,F-15-90560,10,0,0,32.4,180,BARROW,0.18,4/24/2024 9:39,4/26/2024 10:11,Price Code 1,CUSTOMER PICKUP,False,Food Bank of Northeast Georgia,01,30680.0,Winder,APPLETON PORK SAUSAGE,Proteins
863,182594,5407,A-148,Auburn First Baptist Church,485197,,FOOD PANTRY,FOOD PANTRY-Agency,BLUE RECEIPT-SHL,F-15-10000,124,0,0,22.32,124,BARROW,0.18,6/26/2024 8:05,6/26/2024 11:24,Price Code 1,CUSTOMER PICKUP,False,Food Bank of Northeast Georgia,01,30011.0,Auburn,"MEAT & SEAFOOD, FROZEN SHL",Proteins
585,172713,8719,F2K360BAR,F2K360 BARROW,476344,,FP/OP/GNAP/USDA,DIRECT ASSISTANCE-Agency,GNAP,N-40-10265,8,0,0,0.0,104,BARROW,0.0,1/10/2024 9:00,1/10/2024 12:56,Price Code 1,TRUCK 1 MOBILE PANTRY,False,Food Bank of Northeast Georgia,01,30607.0,ATHENS,GNAP MINI BEEF RAVIOLI,Prepared Meals
863,175392,5407,A-148,Auburn First Baptist Church,478021,,FOOD PANTRY,FOOD PANTRY-Agency,BLUE RECEIPT-SHL,F-15-10000,82,0,0,14.76,82,BARROW,0.18,2/9/2024 8:05,2/9/2024 8:28,Price Code 1,CUSTOMER PICKUP,False,Sharing Floor Athens,01-SH,30011.0,Auburn,"MEAT & SEAFOOD, FROZEN SHL",Proteins
867,180357,7169,Y-108,YMCA of GA's Piedmont- Barrow County,482963,,FP/OP/GNAP/USDA,AT-RISK YOUTH-Agency,GNAP,N-40-10236,3,0,0,0.0,42,BARROW,0.0,5/17/2024 10:00,5/17/2024 10:45,Price Code 1,CUSTOMER PICKUP,False,Food Bank of Northeast Georgia,01,30680.0,Winder,GNAP BEEF LASAGNA,Prepared Meals
1040,177969,8995,H-159,Hills Temple FBH Church,480588,,FP/OP/GNAP/USDA,FB DIRECT ASSISTANCE-Agency,BLUE RECEIPT-SHL,N-21-10067,15,0,0,13.5,75,BARROW,0.18,4/3/2024 8:12,4/3/2024 11:28,Price Code 1,CUSTOMER PICKUP,False,Food Bank of Northeast Georgia,01,30680.0,Winder,"RAMEN, MARUCHAN SHRIMP",Prepared Meals
1040,178462,1898,H-159,Hills Temple FBH Church,481078,,FP/OP/GNAP/USDA,FB DIRECT ASSISTANCE-Agency,BLUE RECEIPT-SHL,N-03-10626,10,0,0,0.0,340,BARROW,0.0,4/10/2024 0:04,4/15/2024 9:47,Price Code 1,CUSTOMER PICKUP,False,Food Bank of Northeast Georgia,01,30680.0,Winder,"GREEN TEA W/ CITRUS, DIET LIPTON",Beverages
953,182367,8974,C-179,Crossview Church Food Pantry,FAIMPORT484971,,FP/GNAP/USDA,FOOD PANTRY-Agency,BLUE RECEIPT-SHL,MCW-04-10000,25,0,0,0.0,25,BARROW,0.0,6/14/2024 0:00,6/14/2024 0:00,Price Code 1,CUSTOMER PICKUP,False,Food Bank of Northeast Georgia,01,30548.0,Hoschton,"BREAD AND BAKERY, SHL RETAIL PICKUPS",Grains
781,173772,8854,R-130,"Richard C. Wilson Recovery Residence, INC",477401,,ON PREMISES (OP),REHAB-Agency,BLUE RECEIPT-SHL,N-03-11776,15,0,0,0.0,495,BARROW,0.0,2/2/2024 9:09,2/14/2024 13:17,Price Code 1,CUSTOMER PICKUP,False,Food Bank of Northeast Georgia,01,30666.0,Statham,DR PEPPER STRAWBERRIES & CREAM,Beverages
781,179078,690,R-130,"Richard C. Wilson Recovery Residence, INC",481692,,ON PREMISES (OP),REHAB-Agency,BLUE RECEIPT-SHL,W-03-10013,25,0,0,0.0,25,BARROW,0.0,4/17/2024 9:09,4/17/2024 8:19,Price Code 1,CUSTOMER PICKUP,False,Sharing Floor Athens,01-SH,30666.0,Statham,"ASSORTED BEVERAGES, SHL",Beverages
781,178380,8924,R-130,"Richard C. Wilson Recovery Residence, INC",480996,,ON PREMISES (OP),REHAB-Agency,BLUE RECEIPT-SHL,C-28-30000,1,0,0,0.0,250,BARROW,0.0,4/10/2024 9:09,4/10/2024 10:12,Price Code 1,CUSTOMER PICKUP,False,Food Bank of Northeast Georgia,01,30666.0,Statham,MIX PRODUCE - QUARTER PALLET,Mixed Produce
29,181714,8976,B-107,Barrow County Food Pantry,FAIMPORT484318,,FOOD PANTRY,FOOD PANTRY-Agency,BLUE RECEIPT-SHL,MCC-28-10001,228,0,0,0.0,228,BARROW,0.0,5/31/2024 0:00,5/31/2024 0:00,Price Code 1,CUSTOMER PICKUP,False,Food Bank of Northeast Georgia,01,30680.0,Winder,"PRODUCE, SHL RETAIL PICKUPS",Mixed Produce
1013,176588,4327,S-143,"Spirit Of Sharing, INC",479212,,FP/GNAP/USDA,FOOD PANTRY-Agency,USDA,N-50-10277,13,0,0,0.0,351,BARROW,0.0,3/6/2024 9:00,3/6/2024 10:23,Price Code 1,TRUCK 1 MOBILE PANTRY,False,Food Bank of Northeast Georgia,01,30680.0,Winder,USDA GARBANZO BEANS,Proteins
864,176664,5938,W-124,Winder Church of God of Prophecy,479287,,FP/OP,FOOD PANTRY-Agency,BLUE RECEIPT-SHL,C-28-10001,26,0,0,0.78,26,BARROW,0.03,3/5/2024 12:22,3/5/2024 8:13,Price Code 1,CUSTOMER PICKUP,False,Sharing Floor Athens,01-SH,30680.0,Winder,"PRODUCE, FRESH SHL",Mixed Produce
917,175035,875,C-161,Church at Pierce Rd.,477665,,FP/OP,FOOD PANTRY-Agency,BLUE RECEIPT-SHL,W-04-10000,90,0,0,0.0,90,BARROW,0.0,2/2/2024 9:39,2/2/2024 11:56,Price Code 1,CUSTOMER PICKUP,False,Sharing Floor Athens,01-SH,30680.0,Winder,"BREAD & BAKERY, ASSORTED SHL",Grains
781,175351,5407,R-130,"Richard C. Wilson Recovery Residence, INC",477980,,ON PREMISES (OP),REHAB-Agency,BLUE RECEIPT-SHL,F-15-10000,44,0,0,0.0,44,BARROW,0.0,2/8/2024 9:09,2/8/2024 11:48,Price Code 1,CUSTOMER PICKUP,False,Sharing Floor Athens,01-SH,30666.0,Statham,"MEAT & SEAFOOD, FROZEN SHL",Proteins
1040,180109,9034,H-159,Hills Temple FBH Church,482717,,FP/OP/GNAP/USDA,FB DIRECT ASSISTANCE-Agency,GNAP,N-40-10271,6,0,0,0.0,72,BARROW,0.0,5/7/2024 8:45,5/7/2024 10:58,Price Code 1,CUSTOMER PICKUP,False,Food Bank of Northeast Georgia,01,30680.0,Winder,"GNAP MIX BERRY YOGURT, SHELF STABLE BACKPACK",Dairy
953,182570,8975,C-179,Crossview Church Food Pantry,FAIMPORT485173,,FP/GNAP/USDA,FOOD PANTRY-Agency,BLUE RECEIPT-SHL,MCC-07-10001,24,0,0,0.0,24,BARROW,0.0,6/21/2024 0:00,6/21/2024 0:00,Price Code 1,CUSTOMER PICKUP,False,Food Bank of Northeast Georgia,01,30548.0,Hoschton,"DAIRY PRODUCTS, SHL RETAIL PICKUPS",Dairy
1013,172282,5407,S-143,"Spirit Of Sharing, INC",475913,,FP/GNAP/USDA,FOOD PANTRY-Agency,BLUE RECEIPT-SHL,F-15-10000,972,0,0,0.0,972,BARROW,0.0,1/3/2024 9:00,1/11/2024 8:45,Price Code 1,TRUCK 1 MOBILE PANTRY,False,Food Bank of Northeast Georgia,01,30680.0,Winder,"MEAT & SEAFOOD, FROZEN SHL",Proteins
863,175735,1045,A-148,Auburn First Baptist Church,478363,,FOOD PANTRY,FOOD PANTRY-Agency,BLUE RECEIPT-SHL,W-25-10009,28,0,0,0.0,28,BARROW,0.0,2/16/2024 8:05,2/16/2024 8:38,Price Code 1,CUSTOMER PICKUP,False,Sharing Floor Athens,01-SH,30011.0,Auburn,"ASSORTED SNACK ITEMS, SHL",Food Misc.
781,182588,5407,R-130,"Richard C. Wilson Recovery Residence, INC",485191,,ON PREMISES (OP),REHAB-Agency,BLUE RECEIPT-SHL,F-15-10000,85,0,0,15.3,85,BARROW,0.18,6/26/2024 9:09,6/26/2024 9:23,Price Code 1,CUSTOMER PICKUP,False,Food Bank of Northeast Georgia,01,30666.0,Statham,"MEAT & SEAFOOD, FROZEN SHL",Proteins
682,179099,5938,C-170,Christ The King Ghana Methodist,481713,,DIRECT ASSISTANCE,FOOD PANTRY-Agency,BLUE RECEIPT-SHL,C-28-10001,100,0,0,3.0,100,BARROW,0.03,4/17/2024 15:05,4/17/2024 10:24,Price Code 1,CUSTOMER PICKUP,False,Sharing Floor Athens,01-SH,30680.0,Winder,"PRODUCE, FRESH SHL",Mixed Produce
953,175788,8719,C-179,Crossview Church Food Pantry,478416,,FP/GNAP/USDA,FOOD PANTRY-Agency,GNAP,N-40-10265,5,0,0,0.0,65,BARROW,0.0,2/21/2024 15:00,2/21/2024 15:19,Price Code 1,CONTACT FOR DELIVERY,False,Food Bank of Northeast Georgia,01,30548.0,Hoschton,GNAP MINI BEEF RAVIOLI,Prepared Meals
781,182588,14,R-130,"Richard C. Wilson Recovery Residence, INC",485191,,ON PREMISES (OP),REHAB-Agency,LOCAL - LL,W-04-10001,16,0,0,0.0,16,BARROW,0.0,6/26/2024 9:09,6/26/2024 9:23,Price Code 1,CUSTOMER PICKUP,False,Food Bank of Northeast Georgia,01,30666.0,Statham,"BREAD & BAKERY, ASSORTED LL",Grains
1040,178462,8741,H-159,Hills Temple FBH Church,481078,,FP/OP/GNAP/USDA,FB DIRECT ASSISTANCE-Agency,BLUE RECEIPT-SHL,N-03-11741,16,0,0,0.0,160,BARROW,0.0,4/10/2024 0:04,4/15/2024 9:47,Price Code 1,CUSTOMER PICKUP,False,Food Bank of Northeast Georgia,01,30680.0,Winder,DIET MT DEW,Beverages
953,180975,8972,C-179,Crossview Church Food Pantry,FAIMPORT483580,,FP/GNAP/USDA,FOOD PANTRY-Agency,BLUE RECEIPT-SHL,MCF-15-10000,304,0,0,0.0,304,BARROW,0.0,5/15/2024 0:00,5/15/2024 0:00,Price Code 1,CUSTOMER PICKUP,False,Food Bank of Northeast Georgia,01,30548.0,Hoschton,"FROZEN MEAT & SEAFOOD, SHL RETAIL PICKUP",Proteins
781,179078,875,R-130,"Richard C. Wilson Recovery Residence, INC",481692,,ON PREMISES (OP),REHAB-Agency,BLUE RECEIPT-SHL,W-04-10000,27,0,0,0.0,27,BARROW,0.0,4/17/2024 9:09,4/17/2024 8:19,Price Code 1,CUSTOMER PICKUP,False,Sharing Floor Athens,01-SH,30666.0,Statham,"BREAD & BAKERY, ASSORTED SHL",Grains
1034,176082,170,M-140BARROW,Barrow County MedLink Georgia,478709,,DIRECT ASSISTANCE,MOBILE PANTRY-Agency,USDA,N-50-10007,9,0,0,0.0,252,BARROW,0.0,3/1/2024 9:40,3/5/2024 6:34,Price Code 1,TRUCK 1 MOBILE PANTRY,False,Food Bank of Northeast Georgia,01,30628.0,Colbert,"USDA CORN, WHOLE KERNEL NO SALT",Vegetables
497,182553,688,W-119,Winder Freelife Church,485156,,FP/OP/GNAP/USDA,FOOD PANTRY-Agency,BLUE RECEIPT-SHL,W-01-10000,11,0,0,1.98,11,BARROW,0.18,6/25/2024 14:38,6/25/2024 14:11,Price Code 1,CUSTOMER PICKUP,False,Sharing Floor Athens,01-SH,30680.0,Winder,"ASSORTED NON-FOOD ITEMS, SHL",Non-Food Misc.
864,176664,875,W-124,Winder Church of God of Prophecy,479287,,FP/OP,FOOD PANTRY-Agency,BLUE RECEIPT-SHL,W-04-10000,31,0,0,0.0,31,BARROW,0.0,3/5/2024 12:22,3/5/2024 8:13,Price Code 1,CUSTOMER PICKUP,False,Sharing Floor Athens,01-SH,30680.0,Winder,"BREAD & BAKERY, ASSORTED SHL",Grains
1013,179765,84,S-143,"Spirit Of Sharing, INC",482378,,FP/GNAP/USDA,FOOD PANTRY-Agency,USDA,N-50-10006,13,0,0,0.0,351,BARROW,0.0,5/1/2024 9:00,5/1/2024 10:21,Price Code 1,TRUCK 1 MOBILE PANTRY,False,Food Bank of Northeast Georgia,01,30680.0,Winder,USDA GREEN BEANS,Vegetables
497,177474,884,W-119,Winder Freelife Church,480094,,FP/OP/GNAP/USDA,FOOD PANTRY-Agency,LFB,W-01-10003,30,0,0,5.4,30,BARROW,0.18,3/18/2024 14:38,3/18/2024 10:19,Price Code 1,CUSTOMER PICKUP,False,Sharing Floor Athens,01-SH,30680.0,Winder,ASSORTED NON-FOOD ITEMS LFB,Non-Food Misc.
864,173450,5772,W-124,Winder Church of God of Prophecy,477079,,FP/OP,FOOD PANTRY-Agency,LOCAL - LL,C-28-10000,26,0,0,0.78,26,BARROW,0.03,1/23/2024 12:22,1/23/2024 8:22,Price Code 1,CUSTOMER PICKUP,False,Sharing Floor Athens,01-SH,30680.0,Winder,"PRODUCE, FRESH LL",Mixed Produce
682,172473,5958,C-170,Christ The King Ghana Methodist,476104,,DIRECT ASSISTANCE,FOOD PANTRY-Agency,BLUE RECEIPT-SHL,C-16-10001,40,0,0,7.2,40,BARROW,0.18,1/3/2024 15:05,1/3/2024 11:01,Price Code 1,CUSTOMER PICKUP,False,Sharing Floor Athens,01-SH,30680.0,Winder,"COOLER FOOD, MISC. SHL",Food Misc.
576,173797,8856,F2KBARROW,Food 2 Kids Barrow County,477426,,DIRECT ASSISTANCE,DIRECT ASSISTANCE-Agency,LOCAL - LL,N-25-11936,20,0,0,0.0,80,BARROW,0.0,2/14/2024 9:00,3/5/2024 13:20,Price Code 1,TRACTOR TRAILER 2 MOBILE PANTRY,False,Food Bank of Northeast Georgia,01,,Athens,"CHUM FRUIT BITES, STRAWBERRY/MANGO",Fruits
781,178380,9009,R-130,"Richard C. Wilson Recovery Residence, INC",480996,,ON PREMISES (OP),REHAB-Agency,BLUE RECEIPT-SHL,N-03-11828,7,0,0,0.0,98,BARROW,0.0,4/10/2024 9:09,4/10/2024 10:12,Price Code 1,CUSTOMER PICKUP,False,Food Bank of Northeast Georgia,01,30666.0,Statham,PURE LEAF LEMON TEA,Beverages
682,176359,5958,C-170,Christ The King Ghana Methodist,478984,,DIRECT ASSISTANCE,FOOD PANTRY-Agency,BLUE RECEIPT-SHL,C-16-10001,112,0,0,20.16,112,BARROW,0.18,2/28/2024 15:05,2/28/2024 10:56,Price Code 1,CUSTOMER PICKUP,False,Sharing Floor Athens,01-SH,30680.0,Winder,"COOLER FOOD, MISC. SHL",Food Misc.
917,175035,690,C-161,Church at Pierce Rd.,477665,,FP/OP,FOOD PANTRY-Agency,BLUE RECEIPT-SHL,W-03-10013,94,0,0,0.0,94,BARROW,0.0,2/2/2024 9:39,2/2/2024 11:56,Price Code 1,CUSTOMER PICKUP,False,Sharing Floor Athens,01-SH,30680.0,Winder,"ASSORTED BEVERAGES, SHL",Beverages
864,180768,5958,W-124,Winder Church of God of Prophecy,483374,,FP/OP,FOOD PANTRY-Agency,BLUE RECEIPT-SHL,C-16-10001,13,0,0,2.34,13,BARROW,0.18,5/14/2024 12:22,5/14/2024 8:21,Price Code 1,CUSTOMER PICKUP,False,Sharing Floor Athens,01-SH,30680.0,Winder,"COOLER FOOD, MISC. SHL",Food Misc.
576,178167,7413,F2KBARROW,Food 2 Kids Barrow County,480786,,DIRECT ASSISTANCE,DIRECT ASSISTANCE-Agency,PURCH,C-28-90524,10,0,0,0.0,200,BARROW,0.0,4/10/2024 9:00,4/10/2024 9:40,Price Code 1,TRUCK 1 MOBILE PANTRY,False,Food Bank of Northeast Georgia,01,,Athens,"BELL PEPPERS, GREEN",Vegetables
867,173402,842,Y-108,YMCA of GA's Piedmont- Barrow County,477031,,FP/OP/GNAP/USDA,AT-RISK YOUTH-Agency,USDA,N-50-10021,4,0,0,19.44,108,BARROW,0.18,1/25/2024 11:26,1/26/2024 10:32,Price Code 1,CUSTOMER PICKUP,False,Food Bank of Northeast Georgia,01,30680.0,Winder,USDA DICED TOMATOES NO SALT CCC,Vegetables
867,179432,84,Y-108,YMCA of GA's Piedmont- Barrow County,482045,,FP/OP/GNAP/USDA,AT-RISK YOUTH-Agency,USDA,N-50-10006,6,0,0,29.16,162,BARROW,0.18,4/30/2024 10:00,5/1/2024 12:17,Price Code 1,CUSTOMER PICKUP,False,Food Bank of Northeast Georgia,01,30680.0,Winder,USDA GREEN BEANS,Vegetables
1040,180109,9038,H-159,Hills Temple FBH Church,482717,,FP/OP/GNAP/USDA,FB DIRECT ASSISTANCE-Agency,GNAP,N-40-10275,6,0,0,0.0,54,BARROW,0.0,5/7/2024 8:45,5/7/2024 10:58,Price Code 1,CUSTOMER PICKUP,False,Food Bank of Northeast Georgia,01,30680.0,Winder,GNAP CORN FLAKES CEREAL BOWLS,Grains
953,182141,8972,C-179,Crossview Church Food Pantry,FAIMPORT484745,,FP/GNAP/USDA,FOOD PANTRY-Agency,BLUE RECEIPT-SHL,MCF-15-10000,228,0,0,0.0,228,BARROW,0.0,6/10/2024 0:00,6/10/2024 0:00,Price Code 1,CUSTOMER PICKUP,False,Food Bank of Northeast Georgia,01,30548.0,Hoschton,"FROZEN MEAT & SEAFOOD, SHL RETAIL PICKUP",Proteins
682,180417,683,C-170,Christ The King Ghana Methodist,483023,,DIRECT ASSISTANCE,FOOD PANTRY-Agency,BLUE RECEIPT-SHL,W-16-10001,87,0,0,0.0,87,BARROW,0.0,5/8/2024 15:05,5/8/2024 10:38,Price Code 1,CUSTOMER PICKUP,False,Sharing Floor Athens,01-SH,30680.0,Winder,MISC. FOOD BOX SHL,Food Misc.
682,181512,1045,C-170,Christ The King Ghana Methodist,484116,,DIRECT ASSISTANCE,FOOD PANTRY-Agency,BLUE RECEIPT-SHL,W-25-10009,73,0,0,13.14,73,BARROW,0.18,5/29/2024 15:05,5/29/2024 10:42,Price Code 1,CUSTOMER PICKUP,False,Sharing Floor Athens,01-SH,30680.0,Winder,"ASSORTED SNACK ITEMS, SHL",Food Misc.
953,177720,8906,C-179,Crossview Church Food Pantry,480339,,FP/GNAP/USDA,FOOD PANTRY-Agency,GNAP,N-40-10266,4,0,0,0.0,80,BARROW,0.0,3/27/2024 10:50,3/27/2024 9:26,Price Code 1,CONTACT FOR DELIVERY,False,Food Bank of Northeast Georgia,01,30548.0,Hoschton,GNAP SPAGHETTI,Grains
29,178714,8972,B-107,Barrow County Food Pantry,FAIMPORT481328,,FOOD PANTRY,FOOD PANTRY-Agency,BLUE RECEIPT-SHL,MCF-15-10000,237,0,0,0.0,237,BARROW,0.0,4/6/2024 0:00,4/6/2024 0:00,Price Code 1,CUSTOMER PICKUP,False,Food Bank of Northeast Georgia,01,30680.0,Winder,"FROZEN MEAT & SEAFOOD, SHL RETAIL PICKUP",Proteins
172,177045,875,P-104,Project Adam Community Asst Ct,479667,,ON PREMISES (OP),REHAB-Agency,BLUE RECEIPT-SHL,W-04-10000,21,0,0,0.0,21,BARROW,0.0,3/11/2024 13:41,3/11/2024 9:33,Price Code 1,CUSTOMER PICKUP,False,Sharing Floor Athens,01-SH,30680.0,Winder,"BREAD & BAKERY, ASSORTED SHL",Grains
917,177770,50,C-161,Church at Pierce Rd.,480389,,FP/OP,FOOD PANTRY-Agency,LOCAL - LL,W-16-10002,8,0,0,0.0,8,BARROW,0.0,3/22/2024 9:39,3/22/2024 9:54,Price Code 1,CUSTOMER PICKUP,False,Sharing Floor Athens,01-SH,30680.0,Winder,MISC. FOOD BOX LL,Food Misc.
172,175479,5407,P-104,Project Adam Community Asst Ct,478108,,ON PREMISES (OP),REHAB-Agency,BLUE RECEIPT-SHL,F-15-10000,28,0,0,0.0,28,BARROW,0.0,2/12/2024 13:41,2/12/2024 11:06,Price Code 1,CUSTOMER PICKUP,False,Sharing Floor Athens,01-SH,30680.0,Winder,"MEAT & SEAFOOD, FROZEN SHL",Proteins
863,180119,5407,A-148,Auburn First Baptist Church,482727,,FOOD PANTRY,FOOD PANTRY-Agency,BLUE RECEIPT-SHL,F-15-10000,81,0,0,14.58,81,BARROW,0.18,5/3/2024 8:05,5/3/2024 8:28,Price Code 1,CUSTOMER PICKUP,False,Sharing Floor Athens,01-SH,30011.0,Auburn,"MEAT & SEAFOOD, FROZEN SHL",Proteins
863,177346,5772,A-148,Auburn First Baptist Church,479966,,FOOD PANTRY,FOOD PANTRY-Agency,LOCAL - LL,C-28-10000,655,0,0,19.65,655,BARROW,0.03,3/15/2024 8:05,3/15/2024 8:27,Price Code 1,CUSTOMER PICKUP,False,Sharing Floor Athens,01-SH,30011.0,Auburn,"PRODUCE, FRESH LL",Mixed Produce
867,178385,875,Y-108,YMCA of GA's Piedmont- Barrow County,481001,,FP/OP/GNAP/USDA,AT-RISK YOUTH-Agency,BLUE RECEIPT-SHL,W-04-10000,132,0,0,0.0,132,BARROW,0.0,4/5/2024 14:18,4/5/2024 10:36,Price Code 1,CUSTOMER PICKUP,False,Sharing Floor Athens,01-SH,30680.0,Winder,"BREAD & BAKERY, ASSORTED SHL",Grains
172,176708,8863,P-104,Project Adam Community Asst Ct,479331,,ON PREMISES (OP),REHAB-Agency,LOCAL - LL,N-25-11941,5,0,0,2.7,15,BARROW,0.18,3/8/2024 13:41,3/11/2024 10:22,Price Code 1,CUSTOMER PICKUP,False,Food Bank of Northeast Georgia,01,30680.0,Winder,DOT'S CRUNCH CURLS,Food Misc.
917,176083,696,C-161,Church at Pierce Rd.,478710,,FP/OP,FOOD PANTRY-Agency,LOCAL - LL,W-25-10000,11,0,0,1.98,11,BARROW,0.18,2/23/2024 9:39,2/23/2024 9:56,Price Code 1,CUSTOMER PICKUP,False,Sharing Floor Athens,01-SH,30680.0,Winder,"ASSORTED SNACK ITEMS, LL",Food Misc.
497,182553,690,W-119,Winder Freelife Church,485156,,FP/OP/GNAP/USDA,FOOD PANTRY-Agency,BLUE RECEIPT-SHL,W-03-10013,97,0,0,0.0,97,BARROW,0.0,6/25/2024 14:38,6/25/2024 14:11,Price Code 1,CUSTOMER PICKUP,False,Sharing Floor Athens,01-SH,30680.0,Winder,"ASSORTED BEVERAGES, SHL",Beverages
682,182592,5407,C-170,Christ The King Ghana Methodist,485195,,DIRECT ASSISTANCE,FOOD PANTRY-Agency,BLUE RECEIPT-SHL,F-15-10000,140,0,0,25.2,140,BARROW,0.18,6/26/2024 15:05,6/26/2024 10:55,Price Code 1,CUSTOMER PICKUP,False,Food Bank of Northeast Georgia,01,30680.0,Winder,"MEAT & SEAFOOD, FROZEN SHL",Proteins
600,178690,8972,S-140,SYTGE (Seeing You Through God's Eyes) Outreach Ministry,FAIMPORT481305,,FOOD PANTRY,FOOD PANTRY-Agency,BLUE RECEIPT-SHL,MCF-15-10000,475,0,0,0.0,475,BARROW,0.0,4/6/2024 0:00,4/6/2024 0:00,Price Code 1,CUSTOMER PICKUP,False,Food Bank of Northeast Georgia,01,30680.0,Winder,"FROZEN MEAT & SEAFOOD, SHL RETAIL PICKUP",Proteins
867,180357,123,Y-108,YMCA of GA's Piedmont- Barrow County,482963,,FP/OP/GNAP/USDA,AT-RISK YOUTH-Agency,GNAP,N-40-10002,2,0,0,0.0,30,BARROW,0.0,5/17/2024 10:00,5/17/2024 10:45,Price Code 1,CUSTOMER PICKUP,False,Food Bank of Northeast Georgia,01,30680.0,Winder,GNAP PEANUT BUTTER,Proteins
29,179800,8972,B-107,Barrow County Food Pantry,FAIMPORT482413,,FOOD PANTRY,FOOD PANTRY-Agency,BLUE RECEIPT-SHL,MCF-15-10000,818,0,0,0.0,818,BARROW,0.0,4/26/2024 0:00,4/26/2024 0:00,Price Code 1,CUSTOMER PICKUP,False,Food Bank of Northeast Georgia,01,30680.0,Winder,"FROZEN MEAT & SEAFOOD, SHL RETAIL PICKUP",Proteins
1040,180765,7118,H-159,Hills Temple FBH Church,483371,,FP/OP/GNAP/USDA,FB DIRECT ASSISTANCE-Agency,GNAP,N-40-10225,3,0,0,0.0,30,BARROW,0.0,5/17/2024 9:15,5/17/2024 10:44,Price Code 1,CUSTOMER PICKUP,False,Food Bank of Northeast Georgia,01,30680.0,Winder,GNAP CRISPY RICE CEREAL,Grains
29,181117,8512,B-107,Barrow County Food Pantry,483722,,FOOD PANTRY,FOOD PANTRY-Agency,USDA,C-50-10049,108,0,0,0.0,4212,BARROW,0.0,5/23/2024 8:19,5/28/2024 7:55,Price Code 1,TRACTOR TRAILER 1 MOBILE PANTRY,False,Food Bank of Northeast Georgia,01,30680.0,Winder,USDA GRAPEFRUIT CCC,Fruits
1040,180109,8994,H-159,Hills Temple FBH Church,482717,,FP/OP/GNAP/USDA,FB DIRECT ASSISTANCE-Agency,GNAP,N-40-10269,6,0,0,0.0,162,BARROW,0.0,5/7/2024 8:45,5/7/2024 10:58,Price Code 1,CUSTOMER PICKUP,False,Food Bank of Northeast Georgia,01,30680.0,Winder,"GNAP GREEN BEANS, WHOLE",Vegetables
1013,179765,8997,S-143,"Spirit Of Sharing, INC",482378,,FP/GNAP/USDA,FOOD PANTRY-Agency,USDA,N-50-10312,25,0,0,0.0,300,BARROW,0.0,5/1/2024 9:00,5/1/2024 10:21,Price Code 1,TRUCK 1 MOBILE PANTRY,False,Food Bank of Northeast Georgia,01,30680.0,Winder,USDA CHILI W/ BEANS CCC,Prepared Meals
600,179648,7167,S-140,SYTGE (Seeing You Through God's Eyes) Outreach Ministry,482261,,FOOD PANTRY,FOOD PANTRY-Agency,BLUE RECEIPT-SHL,N-03-11200,4,0,0,0.0,40,BARROW,0.0,4/30/2024 13:46,4/30/2024 14:01,Price Code 1,CUSTOMER PICKUP,False,Food Bank of Northeast Georgia,01,30680.0,Winder,DR PEPPER ZERO SUGAR,Beverages
1013,178003,4449,S-143,"Spirit Of Sharing, INC",480622,,FP/GNAP/USDA,FOOD PANTRY-Agency,USDA,F-50-90445,46,0,0,0.0,1886,BARROW,0.0,4/3/2024 9:00,4/5/2024 13:52,Price Code 1,TRUCK 1 MOBILE PANTRY,False,Food Bank of Northeast Georgia,01,30680.0,Winder,USDA FULLY COOKED PULLED PORK CCC,Proteins
953,181272,8973,C-179,Crossview Church Food Pantry,FAIMPORT483877,,FP/GNAP/USDA,FOOD PANTRY-Agency,BLUE RECEIPT-SHL,MCC-16-10001,103,0,0,0.0,103,BARROW,0.0,5/17/2024 0:00,5/17/2024 0:00,Price Code 1,CUSTOMER PICKUP,False,Food Bank of Northeast Georgia,01,30548.0,Hoschton,"COOLER FOOD MISC., SHL RETAIL PICKUP",Food Misc.
1040,180423,683,H-159,Hills Temple FBH Church,483029,,FP/OP/GNAP/USDA,FB DIRECT ASSISTANCE-Agency,BLUE RECEIPT-SHL,W-16-10001,110,0,0,19.8,110,BARROW,0.18,5/8/2024 11:28,5/8/2024 11:35,Price Code 1,CUSTOMER PICKUP,False,Sharing Floor Athens,01-SH,30680.0,Winder,MISC. FOOD BOX SHL,Food Misc.
953,175788,8907,C-179,Crossview Church Food Pantry,478416,,FP/GNAP/USDA,FOOD PANTRY-Agency,GNAP,N-40-10267,2,0,0,0.0,26,BARROW,0.0,2/21/2024 15:00,2/21/2024 15:19,Price Code 1,CONTACT FOR DELIVERY,False,Food Bank of Northeast Georgia,01,30548.0,Hoschton,GNAP SPAGHETTI W/ MEATBALLS,Prepared Meals
781,181501,696,R-130,"Richard C. Wilson Recovery Residence, INC",484105,,ON PREMISES (OP),REHAB-Agency,LOCAL - LL,W-25-10000,119,0,0,21.42,119,BARROW,0.18,5/29/2024 9:09,5/29/2024 9:29,Price Code 1,CUSTOMER PICKUP,False,Sharing Floor Athens,01-SH,30666.0,Statham,"ASSORTED SNACK ITEMS, LL",Food Misc.
953,180976,8974,C-179,Crossview Church Food Pantry,FAIMPORT483581,,FP/GNAP/USDA,FOOD PANTRY-Agency,BLUE RECEIPT-SHL,MCW-04-10000,92,0,0,0.0,92,BARROW,0.0,5/15/2024 0:00,5/15/2024 0:00,Price Code 1,CUSTOMER PICKUP,False,Food Bank of Northeast Georgia,01,30548.0,Hoschton,"BREAD AND BAKERY, SHL RETAIL PICKUPS",Grains
867,178663,1674,Y-108,YMCA of GA's Piedmont- Barrow County,481279,,FP/OP/GNAP/USDA,AT-RISK YOUTH-Agency,USDA,N-50-10073,4,0,0,19.44,108,BARROW,0.18,4/15/2024 14:18,4/15/2024 14:42,Price Code 1,CUSTOMER PICKUP,False,Food Bank of Northeast Georgia,01,30680.0,Winder,USDA TOMATO SAUCE,Vegetables
781,178380,8781,R-130,"Richard C. Wilson Recovery Residence, INC",480996,,ON PREMISES (OP),REHAB-Agency,BLUE RECEIPT-SHL,N-03-11753,7,0,0,0.0,161,BARROW,0.0,4/10/2024 9:09,4/10/2024 10:12,Price Code 1,CUSTOMER PICKUP,False,Food Bank of Northeast Georgia,01,30666.0,Statham,PURE LEAF SWEET TEA,Beverages
781,180410,696,R-130,"Richard C. Wilson Recovery Residence, INC",483016,,ON PREMISES (OP),REHAB-Agency,LOCAL - LL,W-25-10000,39,0,0,7.02,39,BARROW,0.18,5/8/2024 9:09,5/8/2024 9:31,Price Code 1,CUSTOMER PICKUP,False,Sharing Floor Athens,01-SH,30666.0,Statham,"ASSORTED SNACK ITEMS, LL",Food Misc.
172,177469,92,P-104,Project Adam Community Asst Ct,480089,,ON PREMISES (OP),REHAB-Agency,LOCAL - LL,W-01-10002,17,0,0,3.06,17,BARROW,0.18,3/18/2024 13:41,3/18/2024 9:40,Price Code 1,CUSTOMER PICKUP,False,Sharing Floor Athens,01-SH,30680.0,Winder,"ASSORTED NON-FOOD ITEMS, LL",Non-Food Misc.
682,176755,875,C-170,Christ The King Ghana Methodist,479378,,DIRECT ASSISTANCE,FOOD PANTRY-Agency,BLUE RECEIPT-SHL,W-04-10000,56,0,0,0.0,56,BARROW,0.0,3/6/2024 15:05,3/6/2024 10:52,Price Code 1,CUSTOMER PICKUP,False,Sharing Floor Athens,01-SH,30680.0,Winder,"BREAD & BAKERY, ASSORTED SHL",Grains
917,179659,683,C-161,Church at Pierce Rd.,482272,,FP/OP,FOOD PANTRY-Agency,BLUE RECEIPT-SHL,W-16-10001,57,0,0,0.0,57,BARROW,0.0,4/26/2024 9:39,4/26/2024 9:28,Price Code 1,CUSTOMER PICKUP,False,Sharing Floor Athens,01-SH,30680.0,Winder,MISC. FOOD BOX SHL,Food Misc.
29,177776,84,B-107,Barrow County Food Pantry,480395,,FOOD PANTRY,FOOD PANTRY-Agency,USDA,N-50-10006,25,0,0,0.0,675,BARROW,0.0,3/28/2024 7:00,3/28/2024 6:02,Price Code 1,TRACTOR TRAILER 1 MOBILE PANTRY,False,Food Bank of Northeast Georgia,01,30680.0,Winder,USDA GREEN BEANS,Vegetables
600,178699,8995,S-140,SYTGE (Seeing You Through God's Eyes) Outreach Ministry,481314,,FOOD PANTRY,FOOD PANTRY-Agency,BLUE RECEIPT-SHL,N-21-10067,2,0,0,1.8,10,BARROW,0.18,4/18/2024 13:46,4/18/2024 10:44,Price Code 1,CUSTOMER PICKUP,False,Food Bank of Northeast Georgia,01,30680.0,Winder,"RAMEN, MARUCHAN SHRIMP",Prepared Meals
1034,176082,875,M-140BARROW,Barrow County MedLink Georgia,478709,,DIRECT ASSISTANCE,MOBILE PANTRY-Agency,BLUE RECEIPT-SHL,W-04-10000,390,0,0,0.0,390,BARROW,0.0,3/1/2024 9:40,3/5/2024 6:34,Price Code 1,TRUCK 1 MOBILE PANTRY,False,Food Bank of Northeast Georgia,01,30628.0,Colbert,"BREAD & BAKERY, ASSORTED SHL",Grains
781,182588,1222,R-130,"Richard C. Wilson Recovery Residence, INC",485191,,ON PREMISES (OP),REHAB-Agency,YELLOW RECEIPT - SHN,W-16-10003,14,0,0,0.0,14,BARROW,0.0,6/26/2024 9:09,6/26/2024 9:23,Price Code 1,CUSTOMER PICKUP,False,Food Bank of Northeast Georgia,01,30666.0,Statham,ASSORTED FOOD ITEMS SHD,Food Misc.
953,177720,3204,C-179,Crossview Church Food Pantry,480339,,FP/GNAP/USDA,FOOD PANTRY-Agency,GNAP,N-40-10217,4,0,0,0.0,36,BARROW,0.0,3/27/2024 10:50,3/27/2024 9:26,Price Code 1,CONTACT FOR DELIVERY,False,Food Bank of Northeast Georgia,01,30548.0,Hoschton,GNAP CANNED HAM,Proteins
172,173783,8936,P-104,Project Adam Community Asst Ct,477412,,ON PREMISES (OP),REHAB-Agency,YELLOW RECEIPT - SHN,N-03-11806,5,0,0,0.0,165,BARROW,0.0,2/1/2024 13:41,2/5/2024 11:27,Price Code 1,CUSTOMER PICKUP,False,Food Bank of Northeast Georgia,01,30680.0,Winder,GATORADE GLACIER FREEZE,Beverages
867,172759,7082,Y-108,YMCA of GA's Piedmont- Barrow County,476390,,FP/OP/GNAP/USDA,AT-RISK YOUTH-Agency,USDA,C-50-10033,9,0,0,19.44,108,BARROW,0.18,1/11/2024 14:18,1/11/2024 12:16,Price Code 1,CUSTOMER PICKUP,False,Food Bank of Northeast Georgia,01,30680.0,Winder,USDA SHREDDED YELLOW CHEDDAR CHEESE CCC,Dairy
172,175479,875,P-104,Project Adam Community Asst Ct,478108,,ON PREMISES (OP),REHAB-Agency,BLUE RECEIPT-SHL,W-04-10000,35,0,0,0.0,35,BARROW,0.0,2/12/2024 13:41,2/12/2024 11:06,Price Code 1,CUSTOMER PICKUP,False,Sharing Floor Athens,01-SH,30680.0,Winder,"BREAD & BAKERY, ASSORTED SHL",Grains
867,176742,8915,Y-108,YMCA of GA's Piedmont- Barrow County,479365,,FP/OP/GNAP/USDA,AT-RISK YOUTH-Agency,USDA,F-50-90474,2,0,0,8.0,80,BARROW,0.1,3/11/2024 14:18,3/11/2024 15:01,Price Code 1,CUSTOMER PICKUP,False,Food Bank of Northeast Georgia,01,30680.0,Winder,USDA PACIFIC SALAD SHRIMP,Proteins
864,173094,92,W-124,Winder Church of God of Prophecy,476724,,FP/OP,FOOD PANTRY-Agency,LOCAL - LL,W-01-10002,9,0,0,1.62,9,BARROW,0.18,1/16/2024 12:22,1/16/2024 8:20,Price Code 1,CUSTOMER PICKUP,False,Sharing Floor Athens,01-SH,30680.0,Winder,"ASSORTED NON-FOOD ITEMS, LL",Non-Food Misc.
29,182127,8986,B-107,Barrow County Food Pantry,FAIMPORT484731,,FOOD PANTRY,FOOD PANTRY-Agency,BLUE RECEIPT-SHL,MCW-01-10001,197,0,0,0.0,197,BARROW,0.0,6/10/2024 0:00,6/10/2024 0:00,Price Code 1,CUSTOMER PICKUP,False,Food Bank of Northeast Georgia,01,30680.0,Winder,"NON-FOOD ITEMS, SHL RETAIL PICKUPS",Non-Food Misc.
864,172780,5772,W-124,Winder Church of God of Prophecy,476411,,FP/OP,FOOD PANTRY-Agency,LOCAL - LL,C-28-10000,32,0,0,0.96,32,BARROW,0.03,1/9/2024 12:22,1/9/2024 8:27,Price Code 1,CUSTOMER PICKUP,False,Sharing Floor Athens,01-SH,30680.0,Winder,"PRODUCE, FRESH LL",Mixed Produce
682,176359,690,C-170,Christ The King Ghana Methodist,478984,,DIRECT ASSISTANCE,FOOD PANTRY-Agency,BLUE RECEIPT-SHL,W-03-10013,28,0,0,0.0,28,BARROW,0.0,2/28/2024 15:05,2/28/2024 10:56,Price Code 1,CUSTOMER PICKUP,False,Sharing Floor Athens,01-SH,30680.0,Winder,"ASSORTED BEVERAGES, SHL",Beverages
682,172473,5407,C-170,Christ The King Ghana Methodist,476104,,DIRECT ASSISTANCE,FOOD PANTRY-Agency,BLUE RECEIPT-SHL,F-15-10000,180,0,0,0.0,180,BARROW,0.0,1/3/2024 15:05,1/3/2024 11:01,Price Code 1,CUSTOMER PICKUP,False,Sharing Floor Athens,01-SH,30680.0,Winder,"MEAT & SEAFOOD, FROZEN SHL",Proteins
917,176120,6925,C-161,Church at Pierce Rd.,478747,,FP/OP,FOOD PANTRY-Agency,BLUE RECEIPT-SHL,C-28-90401,1,0,0,1.0,50,BARROW,0.02,3/1/2024 9:39,3/1/2024 10:34,Price Code 1,CUSTOMER PICKUP,False,Food Bank of Northeast Georgia,01,30680.0,Winder,POTATOES,Potatoes
917,181010,875,C-161,Church at Pierce Rd.,483615,,FP/OP,FOOD PANTRY-Agency,BLUE RECEIPT-SHL,W-04-10000,56,0,0,0.0,56,BARROW,0.0,5/17/2024 9:39,5/17/2024 9:23,Price Code 1,CUSTOMER PICKUP,False,Sharing Floor Athens,01-SH,30680.0,Winder,"BREAD & BAKERY, ASSORTED SHL",Grains
682,182592,5772,C-170,Christ The King Ghana Methodist,485195,,DIRECT ASSISTANCE,FOOD PANTRY-Agency,LOCAL - LL,C-28-10000,274,0,0,8.22,274,BARROW,0.03,6/26/2024 15:05,6/26/2024 10:55,Price Code 1,CUSTOMER PICKUP,False,Food Bank of Northeast Georgia,01,30680.0,Winder,"PRODUCE, FRESH LL",Mixed Produce
917,177770,875,C-161,Church at Pierce Rd.,480389,,FP/OP,FOOD PANTRY-Agency,BLUE RECEIPT-SHL,W-04-10000,114,0,0,0.0,114,BARROW,0.0,3/22/2024 9:39,3/22/2024 9:54,Price Code 1,CUSTOMER PICKUP,False,Sharing Floor Athens,01-SH,30680.0,Winder,"BREAD & BAKERY, ASSORTED SHL",Grains
1013,181770,8783,S-143,"Spirit Of Sharing, INC",484374,,FP/GNAP/USDA,FOOD PANTRY-Agency,USDA,N-50-10308,25,0,0,0.0,575,BARROW,0.0,6/5/2024 9:00,6/5/2024 13:08,Price Code 1,TRUCK 1 MOBILE PANTRY,False,Food Bank of Northeast Georgia,01,30680.0,Winder,USDA RAISINS,Fruits
917,179713,9031,C-161,Church at Pierce Rd.,482326,,FP/OP,FOOD PANTRY-Agency,YELLOW RECEIPT - SHN,N-25-11973,1,0,0,0.54,3,BARROW,0.18,5/3/2024 9:39,5/3/2024 10:16,Price Code 1,CUSTOMER PICKUP,False,Food Bank of Northeast Georgia,01,30680.0,Winder,BIGS TAKIS SUNFLOWER SEEDS,Proteins
29,179436,170,B-107,Barrow County Food Pantry,482049,,FOOD PANTRY,FOOD PANTRY-Agency,USDA,N-50-10007,25,0,0,0.0,700,BARROW,0.0,4/25/2024 7:00,4/25/2024 6:17,Price Code 1,TRACTOR TRAILER 1 MOBILE PANTRY,False,Food Bank of Northeast Georgia,01,30680.0,Winder,"USDA CORN, WHOLE KERNEL NO SALT",Vegetables
682,180417,683,C-170,Christ The King Ghana Methodist,483023,,DIRECT ASSISTANCE,FOOD PANTRY-Agency,BLUE RECEIPT-SHL,W-16-10001,311,0,0,55.98,311,BARROW,0.18,5/8/2024 15:05,5/8/2024 10:38,Price Code 1,CUSTOMER PICKUP,False,Sharing Floor Athens,01-SH,30680.0,Winder,MISC. FOOD BOX SHL,Food Misc.
600,178699,6780,S-140,SYTGE (Seeing You Through God's Eyes) Outreach Ministry,481314,,FOOD PANTRY,FOOD PANTRY-Agency,USDA,C-50-10024,1,0,0,4.3,43,BARROW,0.1,4/18/2024 13:46,4/18/2024 10:44,Price Code 1,CUSTOMER PICKUP,False,Food Bank of Northeast Georgia,01,30680.0,Winder,USDA APPLES,Fruits
789,182037,1674,TH-134,First Baptist Church of Carl,484641,,FP/USDA,MOBILE PANTRY-Agency,USDA,N-50-10073,170,0,0,826.2,4590,BARROW,0.18,6/21/2024 12:30,6/25/2024 14:13,Price Code 1,TRACTOR TRAILER 1,False,Food Bank of Northeast Georgia,01,30011.0,Auburn,USDA TOMATO SAUCE,Vegetables
600,181572,9062,S-140,SYTGE (Seeing You Through God's Eyes) Outreach Ministry,484176,,FOOD PANTRY,FOOD PANTRY-Agency,LOCAL - LL,N-25-11975,6,0,0,3.24,18,BARROW,0.18,6/5/2024 9:30,6/5/2024 9:51,Price Code 1,CUSTOMER PICKUP,False,Food Bank of Northeast Georgia,01,30680.0,Winder,DOVE DARK CHOCOLATE & PEANUT BUTTER,Food Misc.
29,181117,4448,B-107,Barrow County Food Pantry,483722,,FOOD PANTRY,FOOD PANTRY-Agency,USDA,F-50-90446,128,0,0,0.0,3584,BARROW,0.0,5/23/2024 8:19,5/28/2024 7:55,Price Code 1,TRACTOR TRAILER 1 MOBILE PANTRY,False,Food Bank of Northeast Georgia,01,30680.0,Winder,USDA FROZEN STRAWBERRY FRUIT CUPS,Fruits
29,177802,8973,B-107,Barrow County Food Pantry,FAIMPORT480421,,FOOD PANTRY,FOOD PANTRY-Agency,BLUE RECEIPT-SHL,MCC-16-10001,10,0,0,0.0,10,BARROW,0.0,3/21/2024 0:00,3/21/2024 0:00,Price Code 1,CUSTOMER PICKUP,False,Food Bank of Northeast Georgia,01,30680.0,Winder,"COOLER FOOD MISC., SHL RETAIL PICKUP",Food Misc.
781,181501,5938,R-130,"Richard C. Wilson Recovery Residence, INC",484105,,ON PREMISES (OP),REHAB-Agency,BLUE RECEIPT-SHL,C-28-10001,63,0,0,1.89,63,BARROW,0.03,5/29/2024 9:09,5/29/2024 9:29,Price Code 1,CUSTOMER PICKUP,False,Sharing Floor Athens,01-SH,30666.0,Statham,"PRODUCE, FRESH SHL",Mixed Produce
953,182140,8975,C-179,Crossview Church Food Pantry,FAIMPORT484744,,FP/GNAP/USDA,FOOD PANTRY-Agency,BLUE RECEIPT-SHL,MCC-07-10001,1,0,0,0.0,1,BARROW,0.0,6/7/2024 0:00,6/7/2024 0:00,Price Code 1,CUSTOMER PICKUP,False,Food Bank of Northeast Georgia,01,30548.0,Hoschton,"DAIRY PRODUCTS, SHL RETAIL PICKUPS",Dairy
953,180483,8973,C-179,Crossview Church Food Pantry,FAIMPORT483089,,FP/GNAP/USDA,FOOD PANTRY-Agency,BLUE RECEIPT-SHL,MCC-16-10001,130,0,0,0.0,130,BARROW,0.0,5/6/2024 0:00,5/6/2024 0:00,Price Code 1,CUSTOMER PICKUP,False,Food Bank of Northeast Georgia,01,30548.0,Hoschton,"COOLER FOOD MISC., SHL RETAIL PICKUP",Food Misc.
953,180171,9038,C-179,Crossview Church Food Pantry,482777,,FP/GNAP/USDA,FOOD PANTRY-Agency,GNAP,N-40-10275,4,0,0,0.0,36,BARROW,0.0,5/8/2024 9:30,5/9/2024 9:19,Price Code 1,TRACTOR TRAILER 1,False,Food Bank of Northeast Georgia,01,30548.0,Hoschton,GNAP CORN FLAKES CEREAL BOWLS,Grains
1009,178131,683,S-142,"SAY In Need, Inc",480750,,OP/USDA,FEED SITE-Agency,BLUE RECEIPT-SHL,W-16-10001,117,0,0,21.06,117,BARROW,0.18,4/2/2024 13:51,4/2/2024 14:03,Price Code 1,CUSTOMER PICKUP,False,Sharing Floor Athens,01-SH,30620.0,Bethlehem,MISC. FOOD BOX SHL,Food Misc.
172,172945,8683,P-104,Project Adam Community Asst Ct,476576,,ON PREMISES (OP),REHAB-Agency,BLUE RECEIPT-SHL,N-03-11728,5,0,0,4.5,90,BARROW,0.05,1/17/2024 13:41,1/18/2024 12:28,Price Code 1,CUSTOMER PICKUP,False,Food Bank of Northeast Georgia,01,30680.0,Winder,CRUSH ORANGE SODA,Beverages
864,178577,875,W-124,Winder Church of God of Prophecy,481193,,FP/OP,FOOD PANTRY-Agency,BLUE RECEIPT-SHL,W-04-10000,39,0,0,0.0,39,BARROW,0.0,4/9/2024 12:22,4/9/2024 8:30,Price Code 1,CUSTOMER PICKUP,False,Sharing Floor Athens,01-SH,30680.0,Winder,"BREAD & BAKERY, ASSORTED SHL",Grains
781,180839,690,R-130,"Richard C. Wilson Recovery Residence, INC",483445,,ON PREMISES (OP),REHAB-Agency,BLUE RECEIPT-SHL,W-03-10013,154,0,0,0.0,154,BARROW,0.0,5/15/2024 9:09,5/15/2024 8:31,Price Code 1,CUSTOMER PICKUP,False,Sharing Floor Athens,01-SH,30666.0,Statham,"ASSORTED BEVERAGES, SHL",Beverages
867,179864,8997,Y-108,YMCA of GA's Piedmont- Barrow County,482475,,FP/OP/GNAP/USDA,AT-RISK YOUTH-Agency,USDA,N-50-10312,1,0,0,2.16,12,BARROW,0.18,5/3/2024 14:18,5/3/2024 10:51,Price Code 1,CUSTOMER PICKUP,False,Food Bank of Northeast Georgia,01,30680.0,Winder,USDA CHILI W/ BEANS CCC,Prepared Meals
781,172929,5772,R-130,"Richard C. Wilson Recovery Residence, INC",476560,,ON PREMISES (OP),REHAB-Agency,LOCAL - LL,C-28-10000,75,0,0,2.25,75,BARROW,0.03,1/11/2024 9:09,1/11/2024 10:58,Price Code 1,CUSTOMER PICKUP,False,Sharing Floor Athens,01-SH,30666.0,Statham,"PRODUCE, FRESH LL",Mixed Produce
953,182162,9051,C-179,Crossview Church Food Pantry,484766,,FP/GNAP/USDA,FOOD PANTRY-Agency,GNAP,N-40-10282,3,0,0,0.0,48,BARROW,0.0,6/24/2024 10:30,6/24/2024 13:15,Price Code 1,VAN 1,False,Food Bank of Northeast Georgia,01,30548.0,Hoschton,GNAP WHITE GRITS,Grains
917,176501,5407,C-161,Church at Pierce Rd.,479125,,FP/OP,FOOD PANTRY-Agency,BLUE RECEIPT-SHL,F-15-10000,104,0,0,0.0,104,BARROW,0.0,3/1/2024 9:39,3/1/2024 9:56,Price Code 1,CUSTOMER PICKUP,False,Sharing Floor Athens,01-SH,30680.0,Winder,"MEAT & SEAFOOD, FROZEN SHL",Proteins
864,177526,5938,W-124,Winder Church of God of Prophecy,480146,,FP/OP,FOOD PANTRY-Agency,BLUE RECEIPT-SHL,C-28-10001,17,0,0,0.51,17,BARROW,0.03,3/19/2024 12:22,3/19/2024 8:19,Price Code 1,CUSTOMER PICKUP,False,Sharing Floor Athens,01-SH,30680.0,Winder,"PRODUCE, FRESH SHL",Mixed Produce
1013,175108,1047,S-143,"Spirit Of Sharing, INC",477738,,FP/GNAP/USDA,FOOD PANTRY-Agency,USDA,N-50-10041,13,0,0,0.0,637,BARROW,0.0,2/7/2024 9:00,2/14/2024 9:38,Price Code 1,TRUCK 1 MOBILE PANTRY,False,Food Bank of Northeast Georgia,01,30680.0,Winder,USDA RICE,Grains
1013,172282,8783,S-143,"Spirit Of Sharing, INC",475913,,FP/GNAP/USDA,FOOD PANTRY-Agency,USDA,N-50-10308,13,0,0,0.0,299,BARROW,0.0,1/3/2024 9:00,1/11/2024 8:45,Price Code 1,TRUCK 1 MOBILE PANTRY,False,Food Bank of Northeast Georgia,01,30680.0,Winder,USDA RAISINS,Fruits
576,178167,8837,F2KBARROW,Food 2 Kids Barrow County,480786,,DIRECT ASSISTANCE,DIRECT ASSISTANCE-Agency,BLUE RECEIPT-SHL,N-03-11773,10,0,0,0.0,100,BARROW,0.0,4/10/2024 9:00,4/10/2024 9:40,Price Code 1,TRUCK 1 MOBILE PANTRY,False,Food Bank of Northeast Georgia,01,,Athens,MT DEW PASSSIONFRUIT PUNCH,Beverages
1013,181770,8943,S-143,"Spirit Of Sharing, INC",484374,,FP/GNAP/USDA,FOOD PANTRY-Agency,BLUE RECEIPT-SHL,C-28-90534,50,0,0,0.0,2100,BARROW,0.0,6/5/2024 9:00,6/5/2024 13:08,Price Code 1,TRUCK 1 MOBILE PANTRY,False,Food Bank of Northeast Georgia,01,30680.0,Winder,"SWEET POTATO, SHL",Potatoes
953,176185,5960,C-179,Crossview Church Food Pantry,FAIMPORT478811,,FP/GNAP/USDA,FOOD PANTRY-Agency,BLUE RECEIPT-SHL,C-07-10001,121,0,0,21.78,121,BARROW,0.18,2/12/2024 0:00,2/12/2024 0:00,Price Code 1,CUSTOMER PICKUP,False,Food Bank of Northeast Georgia,01,30548.0,Hoschton,"DAIRY PRODUCT, ASSORTED SHL",Dairy
29,178204,8986,B-107,Barrow County Food Pantry,FAIMPORT480822,,FOOD PANTRY,FOOD PANTRY-Agency,BLUE RECEIPT-SHL,MCW-01-10001,75,0,0,0.0,75,BARROW,0.0,3/25/2024 0:00,3/25/2024 0:00,Price Code 1,CUSTOMER PICKUP,False,Food Bank of Northeast Georgia,01,30680.0,Winder,"NON-FOOD ITEMS, SHL RETAIL PICKUPS",Non-Food Misc.
682,178241,690,C-170,Christ The King Ghana Methodist,480857,,DIRECT ASSISTANCE,FOOD PANTRY-Agency,BLUE RECEIPT-SHL,W-03-10013,319,0,0,0.0,319,BARROW,0.0,4/3/2024 15:05,4/3/2024 10:40,Price Code 1,CUSTOMER PICKUP,False,Sharing Floor Athens,01-SH,30680.0,Winder,"ASSORTED BEVERAGES, SHL",Beverages
864,179845,5772,W-124,Winder Church of God of Prophecy,482456,,FP/OP,FOOD PANTRY-Agency,LOCAL - LL,C-28-10000,43,0,0,1.29,43,BARROW,0.03,4/30/2024 12:22,4/30/2024 8:19,Price Code 1,CUSTOMER PICKUP,False,Sharing Floor Athens,01-SH,30680.0,Winder,"PRODUCE, FRESH LL",Mixed Produce
917,176120,8856,C-161,Church at Pierce Rd.,478747,,FP/OP,FOOD PANTRY-Agency,LOCAL - LL,N-25-11936,2,0,0,1.44,8,BARROW,0.18,3/1/2024 9:39,3/1/2024 10:34,Price Code 1,CUSTOMER PICKUP,False,Food Bank of Northeast Georgia,01,30680.0,Winder,"CHUM FRUIT BITES, STRAWBERRY/MANGO",Fruits
682,173911,696,C-170,Christ The King Ghana Methodist,477540,,DIRECT ASSISTANCE,FOOD PANTRY-Agency,LOCAL - LL,W-25-10000,16,0,0,0.0,16,BARROW,0.0,1/31/2024 15:05,1/31/2024 11:10,Price Code 1,CUSTOMER PICKUP,False,Sharing Floor Athens,01-SH,30680.0,Winder,"ASSORTED SNACK ITEMS, LL",Food Misc.
864,180768,688,W-124,Winder Church of God of Prophecy,483374,,FP/OP,FOOD PANTRY-Agency,BLUE RECEIPT-SHL,W-01-10000,7,0,0,0.0,7,BARROW,0.0,5/14/2024 12:22,5/14/2024 8:21,Price Code 1,CUSTOMER PICKUP,False,Sharing Floor Athens,01-SH,30680.0,Winder,"ASSORTED NON-FOOD ITEMS, SHL",Non-Food Misc.
867,180197,9043,Y-108,YMCA of GA's Piedmont- Barrow County,482803,,FP/OP/GNAP/USDA,AT-RISK YOUTH-Agency,GNAP,N-40-10277,7,0,0,0.0,56,BARROW,0.0,5/8/2024 10:45,5/8/2024 11:20,Price Code 1,CUSTOMER PICKUP,False,Food Bank of Northeast Georgia,01,30680.0,Winder,GNAP DELUXE SHELLS & CHEESE,Prepared Meals
29,180474,8974,B-107,Barrow County Food Pantry,FAIMPORT483080,,FOOD PANTRY,FOOD PANTRY-Agency,BLUE RECEIPT-SHL,MCW-04-10000,58,0,0,0.0,58,BARROW,0.0,5/6/2024 0:00,5/6/2024 0:00,Price Code 1,CUSTOMER PICKUP,False,Food Bank of Northeast Georgia,01,30680.0,Winder,"BREAD AND BAKERY, SHL RETAIL PICKUPS",Grains
29,179795,8974,B-107,Barrow County Food Pantry,FAIMPORT482408,,FOOD PANTRY,FOOD PANTRY-Agency,BLUE RECEIPT-SHL,MCW-04-10000,80,0,0,0.0,80,BARROW,0.0,4/15/2024 0:00,4/15/2024 0:00,Price Code 1,CUSTOMER PICKUP,False,Food Bank of Northeast Georgia,01,30680.0,Winder,"BREAD AND BAKERY, SHL RETAIL PICKUPS",Grains
682,176755,690,C-170,Christ The King Ghana Methodist,479378,,DIRECT ASSISTANCE,FOOD PANTRY-Agency,BLUE RECEIPT-SHL,W-03-10013,448,0,0,13.44,448,BARROW,0.03,3/6/2024 15:05,3/6/2024 10:52,Price Code 1,CUSTOMER PICKUP,False,Sharing Floor Athens,01-SH,30680.0,Winder,"ASSORTED BEVERAGES, SHL",Beverages
867,178476,7083,Y-108,YMCA of GA's Piedmont- Barrow County,481092,,FP/OP/GNAP/USDA,AT-RISK YOUTH-Agency,USDA,C-50-10029,5,0,0,10.8,60,BARROW,0.18,4/10/2024 14:18,4/10/2024 10:42,Price Code 1,CUSTOMER PICKUP,False,Food Bank of Northeast Georgia,01,30680.0,Winder,"USDA MILD CHEDDAR CHEESE, BLOCK CCC",Dairy
172,182447,9132,P-104,Project Adam Community Asst Ct,485051,,ON PREMISES (OP),REHAB-Agency,PURCH,N-15-10050,1,0,0,3.24,18,BARROW,0.18,6/25/2024 9:00,6/26/2024 8:34,Price Code 1,CUSTOMER PICKUP,False,Food Bank of Northeast Georgia,01,30680.0,Winder,TUNA CHUNK LIGHT IN WATER,Proteins
781,182419,5407,R-130,"Richard C. Wilson Recovery Residence, INC",485023,,ON PREMISES (OP),REHAB-Agency,BLUE RECEIPT-SHL,F-15-10000,69,0,0,12.42,69,BARROW,0.18,6/20/2024 9:09,6/20/2024 9:21,Price Code 1,CUSTOMER PICKUP,False,Sharing Floor Athens,01-SH,30666.0,Statham,"MEAT & SEAFOOD, FROZEN SHL",Proteins
1038,179717,8943,C-184,"Called to Serve Georgia, Inc",482330,,FP/OP/USDA,FOOD PANTRY-Agency,BLUE RECEIPT-SHL,C-28-90534,8,0,0,0.0,336,BARROW,0.0,5/3/2024 13:58,5/3/2024 14:07,Price Code 1,CUSTOMER PICKUP,False,Food Bank of Northeast Georgia,01,30680.0,Winder,"SWEET POTATO, SHL",Potatoes
576,177175,8949,F2KBARROW,Food 2 Kids Barrow County,479796,,DIRECT ASSISTANCE,DIRECT ASSISTANCE-Agency,LOCAL - LL,C-28-90536,42,0,0,0.0,2100,BARROW,0.0,3/13/2024 12:00,3/20/2024 14:17,Price Code 1,CUSTOMER PICKUP,False,Food Bank of Northeast Georgia,01,,Athens,"CARROTS, 50#",Vegetables
600,176844,8873,S-140,SYTGE (Seeing You Through God's Eyes) Outreach Ministry,479466,,FOOD PANTRY,FOOD PANTRY-Agency,YELLOW RECEIPT - SHN,F-10-10001,2,0,0,0.18,6,BARROW,0.03,3/14/2024 13:46,3/14/2024 10:13,Price Code 1,CUSTOMER PICKUP,False,Food Bank of Northeast Georgia,01,30680.0,Winder,OUTSHINE STRAWBERRY BANANA SMOOTHIE CUBES,Beverages
917,175462,6816,C-161,Church at Pierce Rd.,478091,,FP/OP,FOOD PANTRY-Agency,BLUE RECEIPT-SHL,C-28-90345,1,0,0,0.0,50,BARROW,0.0,2/16/2024 9:39,2/16/2024 11:08,Price Code 1,CUSTOMER PICKUP,False,Food Bank of Northeast Georgia,01,30680.0,Winder,CARROTS,Vegetables
29,177860,8974,B-107,Barrow County Food Pantry,FAIMPORT480479,,FOOD PANTRY,FOOD PANTRY-Agency,BLUE RECEIPT-SHL,MCW-04-10000,132,0,0,0.0,132,BARROW,0.0,3/22/2024 0:00,3/22/2024 0:00,Price Code 1,CUSTOMER PICKUP,False,Food Bank of Northeast Georgia,01,30680.0,Winder,"BREAD AND BAKERY, SHL RETAIL PICKUPS",Grains
953,177809,8975,C-179,Crossview Church Food Pantry,FAIMPORT480428,,FP/GNAP/USDA,FOOD PANTRY-Agency,BLUE RECEIPT-SHL,MCC-07-10001,9,0,0,0.0,9,BARROW,0.0,3/20/2024 0:00,3/20/2024 0:00,Price Code 1,CUSTOMER PICKUP,False,Food Bank of Northeast Georgia,01,30548.0,Hoschton,"DAIRY PRODUCTS, SHL RETAIL PICKUPS",Dairy
1038,181855,2202,C-184,"Called to Serve Georgia, Inc",484459,,FP/OP/USDA,FOOD PANTRY-Agency,USDA,N-50-10240,5,0,0,19.8,110,BARROW,0.18,6/28/2024 14:00,7/2/2024 7:46,Price Code 1,CUSTOMER PICKUP,False,Food Bank of Northeast Georgia,01,30680.0,Winder,USDA SPAGHETTI,Grains
1013,178003,8940,S-143,"Spirit Of Sharing, INC",480622,,FP/GNAP/USDA,FOOD PANTRY-Agency,BLUE RECEIPT-SHL,C-28-90531,26,0,0,0.0,1352,BARROW,0.0,4/3/2024 9:00,4/5/2024 13:52,Price Code 1,TRUCK 1 MOBILE PANTRY,False,Food Bank of Northeast Georgia,01,30680.0,Winder,"CABBAGE, SHL 50#",Vegetables
867,176511,1045,Y-108,YMCA of GA's Piedmont- Barrow County,479135,,FP/OP/GNAP/USDA,AT-RISK YOUTH-Agency,BLUE RECEIPT-SHL,W-25-10009,50,0,0,9.0,50,BARROW,0.18,3/1/2024 14:18,3/1/2024 11:03,Price Code 1,CUSTOMER PICKUP,False,Sharing Floor Athens,01-SH,30680.0,Winder,"ASSORTED SNACK ITEMS, SHL",Food Misc.
781,173525,696,R-130,"Richard C. Wilson Recovery Residence, INC",477154,,ON PREMISES (OP),REHAB-Agency,LOCAL - LL,W-25-10000,42,0,0,3.78,42,BARROW,0.09,1/24/2024 9:09,1/24/2024 9:45,Price Code 1,CUSTOMER PICKUP,False,Sharing Floor Athens,01-SH,30666.0,Statham,"ASSORTED SNACK ITEMS, LL",Food Misc.
682,180417,690,C-170,Christ The King Ghana Methodist,483023,,DIRECT ASSISTANCE,FOOD PANTRY-Agency,BLUE RECEIPT-SHL,W-03-10013,123,0,0,0.0,123,BARROW,0.0,5/8/2024 15:05,5/8/2024 10:38,Price Code 1,CUSTOMER PICKUP,False,Sharing Floor Athens,01-SH,30680.0,Winder,"ASSORTED BEVERAGES, SHL",Beverages
576,178167,8682,F2KBARROW,Food 2 Kids Barrow County,480786,,DIRECT ASSISTANCE,DIRECT ASSISTANCE-Agency,BLUE RECEIPT-SHL,N-03-11727,12,0,0,0.0,336,BARROW,0.0,4/10/2024 9:00,4/10/2024 9:40,Price Code 1,TRUCK 1 MOBILE PANTRY,False,Food Bank of Northeast Georgia,01,,Athens,LIPTON DIET GREEN TEA CITRUS,Beverages
29,179436,9023,B-107,Barrow County Food Pantry,482049,,FOOD PANTRY,FOOD PANTRY-Agency,YELLOW RECEIPT - SHN,N-25-11969,30,0,0,0.0,210,BARROW,0.0,4/25/2024 7:00,4/25/2024 6:17,Price Code 1,TRACTOR TRAILER 1 MOBILE PANTRY,False,Food Bank of Northeast Georgia,01,30680.0,Winder,ACT II LIGHT BUTTER POPCORN,Grains
1013,175108,6786,S-143,"Spirit Of Sharing, INC",477738,,FP/GNAP/USDA,FOOD PANTRY-Agency,LOCAL - LL,C-28-90215,40,0,0,0.0,2000,BARROW,0.0,2/7/2024 9:00,2/14/2024 9:38,Price Code 1,TRUCK 1 MOBILE PANTRY,False,Food Bank of Northeast Georgia,01,30680.0,Winder,"POTATOES, RUSSET",Potatoes
781,173481,8926,R-130,"Richard C. Wilson Recovery Residence, INC",477110,,ON PREMISES (OP),REHAB-Agency,BLUE RECEIPT-SHL,N-03-11801,3,0,0,0.0,114,BARROW,0.0,1/26/2024 9:09,1/26/2024 10:10,Price Code 1,CUSTOMER PICKUP,False,Food Bank of Northeast Georgia,01,30666.0,Statham,BRISK STAWBERRY MELON ICED TEA,Beverages
497,177474,92,W-119,Winder Freelife Church,480094,,FP/OP/GNAP/USDA,FOOD PANTRY-Agency,LOCAL - LL,W-01-10002,58,0,0,0.0,58,BARROW,0.0,3/18/2024 14:38,3/18/2024 10:19,Price Code 1,CUSTOMER PICKUP,False,Sharing Floor Athens,01-SH,30680.0,Winder,"ASSORTED NON-FOOD ITEMS, LL",Non-Food Misc.
600,178699,7083,S-140,SYTGE (Seeing You Through God's Eyes) Outreach Ministry,481314,,FOOD PANTRY,FOOD PANTRY-Agency,USDA,C-50-10029,7,0,0,0.0,84,BARROW,0.0,4/18/2024 13:46,4/18/2024 10:44,Price Code 1,CUSTOMER PICKUP,False,Food Bank of Northeast Georgia,01,30680.0,Winder,"USDA MILD CHEDDAR CHEESE, BLOCK CCC",Dairy
953,175788,1356,C-179,Crossview Church Food Pantry,478416,,FP/GNAP/USDA,FOOD PANTRY-Agency,GNAP,N-40-10131,3,0,0,0.0,33,BARROW,0.0,2/21/2024 15:00,2/21/2024 15:19,Price Code 1,CONTACT FOR DELIVERY,False,Food Bank of Northeast Georgia,01,30548.0,Hoschton,GNAP CHUNK CHICKEN,Proteins
29,175854,3139,B-107,Barrow County Food Pantry,478482,,FOOD PANTRY,FOOD PANTRY-Agency,USDA,N-50-10290,50,0,0,0.0,1250,BARROW,0.0,2/22/2024 7:00,2/22/2024 6:27,Price Code 1,TRACTOR TRAILER 1 MOBILE PANTRY,False,Food Bank of Northeast Georgia,01,30680.0,Winder,USDA WHOLE ALMONDS DRY ROASTED,Proteins
917,180128,683,C-161,Church at Pierce Rd.,482736,,FP/OP,FOOD PANTRY-Agency,BLUE RECEIPT-SHL,W-16-10001,14,0,0,0.0,14,BARROW,0.0,5/3/2024 9:39,5/3/2024 9:43,Price Code 1,CUSTOMER PICKUP,False,Sharing Floor Athens,01-SH,30680.0,Winder,MISC. FOOD BOX SHL,Food Misc.
917,176501,1045,C-161,Church at Pierce Rd.,479125,,FP/OP,FOOD PANTRY-Agency,BLUE RECEIPT-SHL,W-25-10009,32,0,0,5.76,32,BARROW,0.18,3/1/2024 9:39,3/1/2024 9:56,Price Code 1,CUSTOMER PICKUP,False,Sharing Floor Athens,01-SH,30680.0,Winder,"ASSORTED SNACK ITEMS, SHL",Food Misc.
1038,179717,8962,C-184,"Called to Serve Georgia, Inc",482330,,FP/OP/USDA,FOOD PANTRY-Agency,BLUE RECEIPT-SHL,C-28-90539,3,0,0,0.0,156,BARROW,0.0,5/3/2024 13:58,5/3/2024 14:07,Price Code 1,CUSTOMER PICKUP,False,Food Bank of Northeast Georgia,01,30680.0,Winder,"TURNIPS, SHL",Vegetables
29,181290,8972,B-107,Barrow County Food Pantry,FAIMPORT483895,,FOOD PANTRY,FOOD PANTRY-Agency,BLUE RECEIPT-SHL,MCF-15-10000,92,0,0,0.0,92,BARROW,0.0,5/17/2024 0:00,5/17/2024 0:00,Price Code 1,CUSTOMER PICKUP,False,Food Bank of Northeast Georgia,01,30680.0,Winder,"FROZEN MEAT & SEAFOOD, SHL RETAIL PICKUP",Proteins
867,179432,7083,Y-108,YMCA of GA's Piedmont- Barrow County,482045,,FP/OP/GNAP/USDA,AT-RISK YOUTH-Agency,USDA,C-50-10029,5,0,0,10.8,60,BARROW,0.18,4/30/2024 10:00,5/1/2024 12:17,Price Code 1,CUSTOMER PICKUP,False,Food Bank of Northeast Georgia,01,30680.0,Winder,"USDA MILD CHEDDAR CHEESE, BLOCK CCC",Dairy
172,176163,690,P-104,Project Adam Community Asst Ct,478789,,ON PREMISES (OP),REHAB-Agency,BLUE RECEIPT-SHL,W-03-10013,68,0,0,0.0,68,BARROW,0.0,2/26/2024 13:41,2/26/2024 9:24,Price Code 1,CUSTOMER PICKUP,False,Sharing Floor Athens,01-SH,30680.0,Winder,"ASSORTED BEVERAGES, SHL",Beverages
1040,180109,9039,H-159,Hills Temple FBH Church,482717,,FP/OP/GNAP/USDA,FB DIRECT ASSISTANCE-Agency,GNAP,N-40-10276,5,0,0,0.0,50,BARROW,0.0,5/7/2024 8:45,5/7/2024 10:58,Price Code 1,CUSTOMER PICKUP,False,Food Bank of Northeast Georgia,01,30680.0,Winder,GNAP CHEESE STICKS - WHITE CHEDDAR,Dairy
781,182419,875,R-130,"Richard C. Wilson Recovery Residence, INC",485023,,ON PREMISES (OP),REHAB-Agency,BLUE RECEIPT-SHL,W-04-10000,44,0,0,0.0,44,BARROW,0.0,6/20/2024 9:09,6/20/2024 9:21,Price Code 1,CUSTOMER PICKUP,False,Sharing Floor Athens,01-SH,30666.0,Statham,"BREAD & BAKERY, ASSORTED SHL",Grains
1013,172282,1791,S-143,"Spirit Of Sharing, INC",475913,,FP/GNAP/USDA,FOOD PANTRY-Agency,USDA,N-50-10079,13,0,0,0.0,338,BARROW,0.0,1/3/2024 9:00,1/11/2024 8:45,Price Code 1,TRUCK 1 MOBILE PANTRY,False,Food Bank of Northeast Georgia,01,30680.0,Winder,USDA WALNUT HALVES AND PIECES,Proteins
29,176487,8975,B-107,Barrow County Food Pantry,FAIMPORT479111,,FOOD PANTRY,FOOD PANTRY-Agency,BLUE RECEIPT-SHL,MCC-07-10001,35,0,0,0.0,35,BARROW,0.0,2/29/2024 0:00,2/29/2024 0:00,Price Code 1,CUSTOMER PICKUP,False,Food Bank of Northeast Georgia,01,30680.0,Winder,"DAIRY PRODUCTS, SHL RETAIL PICKUPS",Dairy
576,173797,1356,F2KBARROW,Food 2 Kids Barrow County,477426,,DIRECT ASSISTANCE,DIRECT ASSISTANCE-Agency,GNAP,N-40-10131,10,0,0,0.0,110,BARROW,0.0,2/14/2024 9:00,3/5/2024 13:20,Price Code 1,TRACTOR TRAILER 2 MOBILE PANTRY,False,Food Bank of Northeast Georgia,01,,Athens,GNAP CHUNK CHICKEN,Proteins
953,182140,8973,C-179,Crossview Church Food Pantry,FAIMPORT484744,,FP/GNAP/USDA,FOOD PANTRY-Agency,BLUE RECEIPT-SHL,MCC-16-10001,64,0,0,0.0,64,BARROW,0.0,6/7/2024 0:00,6/7/2024 0:00,Price Code 1,CUSTOMER PICKUP,False,Food Bank of Northeast Georgia,01,30548.0,Hoschton,"COOLER FOOD MISC., SHL RETAIL PICKUP",Food Misc.
576,180247,3114,F2KBARROW,Food 2 Kids Barrow County,482853,,DIRECT ASSISTANCE,DIRECT ASSISTANCE-Agency,GNAP,N-40-10171,4,0,0,0.0,36,BARROW,0.0,5/8/2024 9:00,5/9/2024 9:40,Price Code 1,TRUCK 1 MOBILE PANTRY,False,Food Bank of Northeast Georgia,01,,Athens,GNAP CHEESY TUNA DINNER POUCH,Prepared Meals
864,177871,875,W-124,Winder Church of God of Prophecy,480490,,FP/OP,FOOD PANTRY-Agency,BLUE RECEIPT-SHL,W-04-10000,51,0,0,0.0,51,BARROW,0.0,3/26/2024 12:22,3/26/2024 8:24,Price Code 1,CUSTOMER PICKUP,False,Sharing Floor Athens,01-SH,30680.0,Winder,"BREAD & BAKERY, ASSORTED SHL",Grains
953,176186,5960,C-179,Crossview Church Food Pantry,FAIMPORT478812,,FP/GNAP/USDA,FOOD PANTRY-Agency,BLUE RECEIPT-SHL,C-07-10001,12,0,0,2.16,12,BARROW,0.18,2/14/2024 0:00,2/14/2024 0:00,Price Code 1,CUSTOMER PICKUP,False,Food Bank of Northeast Georgia,01,30548.0,Hoschton,"DAIRY PRODUCT, ASSORTED SHL",Dairy
953,180171,9035,C-179,Crossview Church Food Pantry,482777,,FP/GNAP/USDA,FOOD PANTRY-Agency,GNAP,N-40-10272,5,0,0,0.0,70,BARROW,0.0,5/8/2024 9:30,5/9/2024 9:19,Price Code 1,TRACTOR TRAILER 1,False,Food Bank of Northeast Georgia,01,30548.0,Hoschton,GNAP MACARONI O'S W/ BEEF - EZ OPEN,Prepared Meals
29,180473,8972,B-107,Barrow County Food Pantry,FAIMPORT483079,,FOOD PANTRY,FOOD PANTRY-Agency,BLUE RECEIPT-SHL,MCF-15-10000,103,0,0,0.0,103,BARROW,0.0,5/3/2024 0:00,5/3/2024 0:00,Price Code 1,CUSTOMER PICKUP,False,Food Bank of Northeast Georgia,01,30680.0,Winder,"FROZEN MEAT & SEAFOOD, SHL RETAIL PICKUP",Proteins
867,180197,3943,Y-108,YMCA of GA's Piedmont- Barrow County,482803,,FP/OP/GNAP/USDA,AT-RISK YOUTH-Agency,USDA,N-50-10268,8,0,0,9.12,304,BARROW,0.03,5/8/2024 10:45,5/8/2024 11:20,Price Code 1,CUSTOMER PICKUP,False,Food Bank of Northeast Georgia,01,30680.0,Winder,USDA APPLE JUICE,Beverages
29,179798,8974,B-107,Barrow County Food Pantry,FAIMPORT482411,,FOOD PANTRY,FOOD PANTRY-Agency,BLUE RECEIPT-SHL,MCW-04-10000,148,0,0,0.0,148,BARROW,0.0,4/12/2024 0:00,4/12/2024 0:00,Price Code 1,CUSTOMER PICKUP,False,Food Bank of Northeast Georgia,01,30680.0,Winder,"BREAD AND BAKERY, SHL RETAIL PICKUPS",Grains
867,178476,2202,Y-108,YMCA of GA's Piedmont- Barrow County,481092,,FP/OP/GNAP/USDA,AT-RISK YOUTH-Agency,USDA,N-50-10240,2,0,0,7.92,44,BARROW,0.18,4/10/2024 14:18,4/10/2024 10:42,Price Code 1,CUSTOMER PICKUP,False,Food Bank of Northeast Georgia,01,30680.0,Winder,USDA SPAGHETTI,Grains
172,175123,5958,P-104,Project Adam Community Asst Ct,477752,,ON PREMISES (OP),REHAB-Agency,BLUE RECEIPT-SHL,C-16-10001,16,0,0,2.88,16,BARROW,0.18,2/5/2024 13:41,2/5/2024 11:03,Price Code 1,CUSTOMER PICKUP,False,Sharing Floor Athens,01-SH,30680.0,Winder,"COOLER FOOD, MISC. SHL",Food Misc.
867,176742,8914,Y-108,YMCA of GA's Piedmont- Barrow County,479365,,FP/OP/GNAP/USDA,AT-RISK YOUTH-Agency,USDA,N-50-10310,3,0,0,14.58,81,BARROW,0.18,3/11/2024 14:18,3/11/2024 15:01,Price Code 1,CUSTOMER PICKUP,False,Food Bank of Northeast Georgia,01,30680.0,Winder,USDA DICED POTATOES,Potatoes
864,180768,5938,W-124,Winder Church of God of Prophecy,483374,,FP/OP,FOOD PANTRY-Agency,BLUE RECEIPT-SHL,C-28-10001,11,0,0,0.33,11,BARROW,0.03,5/14/2024 12:22,5/14/2024 8:21,Price Code 1,CUSTOMER PICKUP,False,Sharing Floor Athens,01-SH,30680.0,Winder,"PRODUCE, FRESH SHL",Mixed Produce
917,180128,683,C-161,Church at Pierce Rd.,482736,,FP/OP,FOOD PANTRY-Agency,BLUE RECEIPT-SHL,W-16-10001,7,0,0,0.0,7,BARROW,0.0,5/3/2024 9:39,5/3/2024 9:43,Price Code 1,CUSTOMER PICKUP,False,Sharing Floor Athens,01-SH,30680.0,Winder,MISC. FOOD BOX SHL,Food Misc.
781,177179,875,R-130,"Richard C. Wilson Recovery Residence, INC",479800,,ON PREMISES (OP),REHAB-Agency,BLUE RECEIPT-SHL,W-04-10000,25,0,0,0.0,25,BARROW,0.0,3/13/2024 9:09,3/13/2024 8:31,Price Code 1,CUSTOMER PICKUP,False,Sharing Floor Athens,01-SH,30666.0,Statham,"BREAD & BAKERY, ASSORTED SHL",Grains
1009,172984,92,S-142,"SAY In Need, Inc",476614,,OP/USDA,FEED SITE-Agency,LOCAL - LL,W-01-10002,21,0,0,3.78,21,BARROW,0.18,1/12/2024 8:26,1/12/2024 9:01,Price Code 1,CUSTOMER PICKUP,False,Sharing Floor Athens,01-SH,30620.0,Bethlehem,"ASSORTED NON-FOOD ITEMS, LL",Non-Food Misc.
497,172888,5958,W-119,Winder Freelife Church,476519,,FP/OP/GNAP/USDA,FOOD PANTRY-Agency,BLUE RECEIPT-SHL,C-16-10001,14,0,0,2.52,14,BARROW,0.18,1/10/2024 14:38,1/10/2024 15:31,Price Code 1,CUSTOMER PICKUP,False,Sharing Floor Athens,01-SH,30680.0,Winder,"COOLER FOOD, MISC. SHL",Food Misc.
1040,180765,9039,H-159,Hills Temple FBH Church,483371,,FP/OP/GNAP/USDA,FB DIRECT ASSISTANCE-Agency,GNAP,N-40-10276,6,0,0,0.0,60,BARROW,0.0,5/17/2024 9:15,5/17/2024 10:44,Price Code 1,CUSTOMER PICKUP,False,Food Bank of Northeast Georgia,01,30680.0,Winder,GNAP CHEESE STICKS - WHITE CHEDDAR,Dairy
917,173257,8766,C-161,Church at Pierce Rd.,476886,,FP/OP,FOOD PANTRY-Agency,LOCAL - LL,N-25-11919,1,0,0,0.36,2,BARROW,0.18,1/26/2024 9:39,2/22/2024 10:05,Price Code 1,CUSTOMER PICKUP,False,Food Bank of Northeast Georgia,01,30680.0,Winder,GHIRARDELLI SEA SALT CARAMEL CHOCOLATE,Food Misc.
917,172307,8842,C-161,Church at Pierce Rd.,475938,,FP/OP,FOOD PANTRY-Agency,PURCH,N-06-10121,2,0,0,5.04,28,BARROW,0.18,1/5/2024 9:39,1/5/2024 14:36,Price Code 1,CUSTOMER PICKUP,False,Food Bank of Northeast Georgia,01,30680.0,Winder,PORK & BEANS,Prepared Meals
864,179845,683,W-124,Winder Church of God of Prophecy,482456,,FP/OP,FOOD PANTRY-Agency,BLUE RECEIPT-SHL,W-16-10001,7,0,0,1.26,7,BARROW,0.18,4/30/2024 12:22,4/30/2024 8:19,Price Code 1,CUSTOMER PICKUP,False,Sharing Floor Athens,01-SH,30680.0,Winder,MISC. FOOD BOX SHL,Food Misc.
953,181596,7169,C-179,Crossview Church Food Pantry,484200,,FP/GNAP/USDA,FOOD PANTRY-Agency,GNAP,N-40-10236,6,0,0,0.0,84,BARROW,0.0,6/4/2024 11:00,6/13/2024 16:53,Price Code 1,TRUCK 1,False,Food Bank of Northeast Georgia,01,30548.0,Hoschton,GNAP BEEF LASAGNA,Prepared Meals
1040,178556,1045,H-159,Hills Temple FBH Church,481172,,FP/OP/GNAP/USDA,FB DIRECT ASSISTANCE-Agency,BLUE RECEIPT-SHL,W-25-10009,171,0,0,30.78,171,BARROW,0.18,4/8/2024 14:40,4/8/2024 15:01,Price Code 1,CUSTOMER PICKUP,False,Sharing Floor Athens,01-SH,30680.0,Winder,"ASSORTED SNACK ITEMS, SHL",Food Misc.
863,172592,5772,A-148,Auburn First Baptist Church,476223,,FOOD PANTRY,FOOD PANTRY-Agency,LOCAL - LL,C-28-10000,217,0,0,6.51,217,BARROW,0.03,1/5/2024 8:05,1/5/2024 8:19,Price Code 1,CUSTOMER PICKUP,False,Sharing Floor Athens,01-SH,30011.0,Auburn,"PRODUCE, FRESH LL",Mixed Produce
917,176501,5388,C-161,Church at Pierce Rd.,479125,,FP/OP,FOOD PANTRY-Agency,BLUE RECEIPT-SHL,F-16-10001,51,0,0,9.18,51,BARROW,0.18,3/1/2024 9:39,3/1/2024 9:56,Price Code 1,CUSTOMER PICKUP,False,Sharing Floor Athens,01-SH,30680.0,Winder,"ASSORTED FROZEN FOODS, SHL",Food Misc.
953,182505,8974,C-179,Crossview Church Food Pantry,FAIMPORT485108,,FP/GNAP/USDA,FOOD PANTRY-Agency,BLUE RECEIPT-SHL,MCW-04-10000,8,0,0,0.0,8,BARROW,0.0,6/19/2024 0:00,6/19/2024 0:00,Price Code 1,CUSTOMER PICKUP,False,Food Bank of Northeast Georgia,01,30548.0,Hoschton,"BREAD AND BAKERY, SHL RETAIL PICKUPS",Grains
953,182652,8973,C-179,Crossview Church Food Pantry,FAIMPORT485255,,FP/GNAP/USDA,FOOD PANTRY-Agency,BLUE RECEIPT-SHL,MCC-16-10001,67,0,0,0.0,67,BARROW,0.0,6/26/2024 0:00,6/26/2024 0:00,Price Code 1,CUSTOMER PICKUP,False,Food Bank of Northeast Georgia,01,30548.0,Hoschton,"COOLER FOOD MISC., SHL RETAIL PICKUP",Food Misc.
1013,176588,8714,S-143,"Spirit Of Sharing, INC",479212,,FP/GNAP/USDA,FOOD PANTRY-Agency,USDA,N-50-10303,11,0,0,0.0,264,BARROW,0.0,3/6/2024 9:00,3/6/2024 10:23,Price Code 1,TRUCK 1 MOBILE PANTRY,False,Food Bank of Northeast Georgia,01,30680.0,Winder,USDA GREEN SPLIT PEAS,Proteins
172,176852,8966,P-104,Project Adam Community Asst Ct,479474,,ON PREMISES (OP),REHAB-Agency,YELLOW RECEIPT - SHN,N-15-10049,3,0,0,3.24,18,BARROW,0.18,3/11/2024 13:41,3/11/2024 10:22,Price Code 1,CUSTOMER PICKUP,False,Food Bank of Northeast Georgia,01,30680.0,Winder,FIRE CRACKER REDHOT PICKLED SAUSAGE,Proteins
917,173011,5958,C-161,Church at Pierce Rd.,476641,,FP/OP,FOOD PANTRY-Agency,BLUE RECEIPT-SHL,C-16-10001,30,0,0,0.0,30,BARROW,0.0,1/12/2024 9:39,1/12/2024 12:10,Price Code 1,CUSTOMER PICKUP,False,Sharing Floor Athens,01-SH,30680.0,Winder,"COOLER FOOD, MISC. SHL",Food Misc.
576,178167,4448,F2KBARROW,Food 2 Kids Barrow County,480786,,DIRECT ASSISTANCE,DIRECT ASSISTANCE-Agency,USDA,F-50-90446,8,0,0,0.0,224,BARROW,0.0,4/10/2024 9:00,4/10/2024 9:40,Price Code 1,TRUCK 1 MOBILE PANTRY,False,Food Bank of Northeast Georgia,01,,Athens,USDA FROZEN STRAWBERRY FRUIT CUPS,Fruits
1013,172282,84,S-143,"Spirit Of Sharing, INC",475913,,FP/GNAP/USDA,FOOD PANTRY-Agency,USDA,N-50-10006,13,0,0,0.0,351,BARROW,0.0,1/3/2024 9:00,1/11/2024 8:45,Price Code 1,TRUCK 1 MOBILE PANTRY,False,Food Bank of Northeast Georgia,01,30680.0,Winder,USDA GREEN BEANS,Vegetables
682,175955,875,C-170,Christ The King Ghana Methodist,478583,,DIRECT ASSISTANCE,FOOD PANTRY-Agency,BLUE RECEIPT-SHL,W-04-10000,55,0,0,0.0,55,BARROW,0.0,2/21/2024 15:05,2/21/2024 10:44,Price Code 1,CUSTOMER PICKUP,False,Sharing Floor Athens,01-SH,30680.0,Winder,"BREAD & BAKERY, ASSORTED SHL",Grains
953,181722,8973,C-179,Crossview Church Food Pantry,FAIMPORT484326,,FP/GNAP/USDA,FOOD PANTRY-Agency,BLUE RECEIPT-SHL,MCC-16-10001,111,0,0,0.0,111,BARROW,0.0,5/31/2024 0:00,5/31/2024 0:00,Price Code 1,CUSTOMER PICKUP,False,Food Bank of Northeast Georgia,01,30548.0,Hoschton,"COOLER FOOD MISC., SHL RETAIL PICKUP",Food Misc.
29,182517,8991,B-107,Barrow County Food Pantry,485120,,FOOD PANTRY,FOOD PANTRY-Agency,USDA,N-50-10311,25,0,0,0.0,600,BARROW,0.0,6/27/2024 7:00,6/27/2024 9:27,Price Code 1,TRACTOR TRAILER 1 MOBILE PANTRY,False,Food Bank of Northeast Georgia,01,30680.0,Winder,USDA HAZELNUTS CCC,Proteins
576,180247,9049,F2KBARROW,Food 2 Kids Barrow County,482853,,DIRECT ASSISTANCE,DIRECT ASSISTANCE-Agency,BLUE RECEIPT-SHL,C-07-90665,2,0,0,0.0,72,BARROW,0.0,5/8/2024 9:00,5/9/2024 9:40,Price Code 1,TRUCK 1 MOBILE PANTRY,False,Food Bank of Northeast Georgia,01,,Athens,GREAT VALUE UNSALTED BUTTER,Dairy
29,182920,8972,B-107,Barrow County Food Pantry,FAIMPORT485521,,FOOD PANTRY,FOOD PANTRY-Agency,BLUE RECEIPT-SHL,MCF-15-10000,327,0,0,0.0,327,BARROW,0.0,6/24/2024 0:00,6/24/2024 0:00,Price Code 1,CUSTOMER PICKUP,False,Food Bank of Northeast Georgia,01,30680.0,Winder,"FROZEN MEAT & SEAFOOD, SHL RETAIL PICKUP",Proteins
497,180867,688,W-119,Winder Freelife Church,483473,,FP/OP/GNAP/USDA,FOOD PANTRY-Agency,BLUE RECEIPT-SHL,W-01-10000,14,0,0,0.0,14,BARROW,0.0,5/15/2024 14:38,5/15/2024 11:28,Price Code 1,CUSTOMER PICKUP,False,Sharing Floor Athens,01-SH,30680.0,Winder,"ASSORTED NON-FOOD ITEMS, SHL",Non-Food Misc.
863,181343,5938,A-148,Auburn First Baptist Church,483947,,FOOD PANTRY,FOOD PANTRY-Agency,BLUE RECEIPT-SHL,C-28-10001,482,0,0,14.46,482,BARROW,0.03,5/24/2024 8:05,5/24/2024 8:21,Price Code 1,CUSTOMER PICKUP,False,Sharing Floor Athens,01-SH,30011.0,Auburn,"PRODUCE, FRESH SHL",Mixed Produce
917,172667,8877,C-161,Church at Pierce Rd.,476298,,FP/OP,FOOD PANTRY-Agency,YELLOW RECEIPT - SHN,N-03-11782,8,0,0,0.0,144,BARROW,0.0,1/12/2024 9:39,1/12/2024 13:11,Price Code 1,CUSTOMER PICKUP,False,Food Bank of Northeast Georgia,01,30680.0,Winder,CELSIUS LIVE FIT VAR PACK,Beverages
917,181674,5407,C-161,Church at Pierce Rd.,484278,,FP/OP,FOOD PANTRY-Agency,BLUE RECEIPT-SHL,F-15-10000,117,0,0,21.06,117,BARROW,0.18,5/31/2024 9:39,5/31/2024 9:48,Price Code 1,CUSTOMER PICKUP,False,Sharing Floor Athens,01-SH,30680.0,Winder,"MEAT & SEAFOOD, FROZEN SHL",Proteins
172,175968,8958,P-104,Project Adam Community Asst Ct,478596,,ON PREMISES (OP),REHAB-Agency,YELLOW RECEIPT - SHN,N-25-11957,10,0,0,5.4,30,BARROW,0.18,2/26/2024 13:41,2/26/2024 9:44,Price Code 1,CUSTOMER PICKUP,False,Food Bank of Northeast Georgia,01,30680.0,Winder,WHEAT THINS BIG,Grains
864,181120,875,W-124,Winder Church of God of Prophecy,483725,,FP/OP,FOOD PANTRY-Agency,BLUE RECEIPT-SHL,W-04-10000,27,0,0,0.0,27,BARROW,0.0,5/21/2024 12:22,5/21/2024 8:23,Price Code 1,CUSTOMER PICKUP,False,Sharing Floor Athens,01-SH,30680.0,Winder,"BREAD & BAKERY, ASSORTED SHL",Grains
29,177776,4448,B-107,Barrow County Food Pantry,480395,,FOOD PANTRY,FOOD PANTRY-Agency,USDA,F-50-90446,64,0,0,0.0,1792,BARROW,0.0,3/28/2024 7:00,3/28/2024 6:02,Price Code 1,TRACTOR TRAILER 1 MOBILE PANTRY,False,Food Bank of Northeast Georgia,01,30680.0,Winder,USDA FROZEN STRAWBERRY FRUIT CUPS,Fruits
479,175981,8874,W-118,Winder Wesleyan Church,478609,,FP/OP,FOOD PANTRY-Agency,YELLOW RECEIPT - SHN,F-10-10002,1,0,0,0.09,3,BARROW,0.03,2/27/2024 9:00,2/27/2024 9:38,Price Code 1,CUSTOMER PICKUP,False,Food Bank of Northeast Georgia,01,30680.0,Winder,OUTSHINE TROPICAL SMOOTHIE CUBES,Beverages
917,173257,8920,C-161,Church at Pierce Rd.,476886,,FP/OP,FOOD PANTRY-Agency,LOCAL - LL,N-25-11952,4,0,0,2.16,12,BARROW,0.18,1/26/2024 9:39,2/22/2024 10:05,Price Code 1,CUSTOMER PICKUP,False,Food Bank of Northeast Georgia,01,30680.0,Winder,FAMOUS AMOS COCONUT BITE SIZE COOKIES,Food Misc.
497,180870,8761,W-119,Winder Freelife Church,483476,,FP/OP/GNAP/USDA,FOOD PANTRY-Agency,USDA,N-50-10306,1,0,0,4.5,25,BARROW,0.18,5/28/2024 10:30,5/28/2024 11:16,Price Code 1,CUSTOMER PICKUP,False,Food Bank of Northeast Georgia,01,30680.0,Winder,USDA WHOLE DEGLET DATES,Fruits
172,176524,8983,P-104,Project Adam Community Asst Ct,479148,,ON PREMISES (OP),REHAB-Agency,BLUE RECEIPT-SHL,F-15-90556,10,0,0,10.8,60,BARROW,0.18,3/11/2024 13:41,3/11/2024 10:08,Price Code 1,CUSTOMER PICKUP,False,Food Bank of Northeast Georgia,01,30680.0,Winder,HORMEL MEAT LOAF W/ TOMATO SAUCE,Prepared Meals
863,181666,690,A-148,Auburn First Baptist Church,484270,,FOOD PANTRY,FOOD PANTRY-Agency,BLUE RECEIPT-SHL,W-03-10013,377,0,0,0.0,377,BARROW,0.0,5/31/2024 8:05,5/31/2024 8:25,Price Code 1,CUSTOMER PICKUP,False,Sharing Floor Athens,01-SH,30011.0,Auburn,"ASSORTED BEVERAGES, SHL",Beverages
29,178203,8972,B-107,Barrow County Food Pantry,FAIMPORT480821,,FOOD PANTRY,FOOD PANTRY-Agency,BLUE RECEIPT-SHL,MCF-15-10000,90,0,0,0.0,90,BARROW,0.0,3/29/2024 0:00,3/29/2024 0:00,Price Code 1,CUSTOMER PICKUP,False,Food Bank of Northeast Georgia,01,30680.0,Winder,"FROZEN MEAT & SEAFOOD, SHL RETAIL PICKUP",Proteins
172,179952,1045,P-104,Project Adam Community Asst Ct,482561,,ON PREMISES (OP),REHAB-Agency,BLUE RECEIPT-SHL,W-25-10009,91,0,0,16.38,91,BARROW,0.18,5/1/2024 13:41,5/1/2024 10:53,Price Code 1,CUSTOMER PICKUP,False,Sharing Floor Athens,01-SH,30680.0,Winder,"ASSORTED SNACK ITEMS, SHL",Food Misc.
953,177596,8974,C-179,Crossview Church Food Pantry,FAIMPORT480216,,FP/GNAP/USDA,FOOD PANTRY-Agency,BLUE RECEIPT-SHL,MCW-04-10000,168,0,0,0.0,168,BARROW,0.0,3/18/2024 0:00,3/18/2024 0:00,Price Code 1,CUSTOMER PICKUP,False,Food Bank of Northeast Georgia,01,30548.0,Hoschton,"BREAD AND BAKERY, SHL RETAIL PICKUPS",Grains
917,179261,9019,C-161,Church at Pierce Rd.,481874,,FP/OP,FOOD PANTRY-Agency,BLUE RECEIPT-SHL,N-27-10137,2,0,0,8.64,48,BARROW,0.18,4/24/2024 9:39,4/26/2024 10:11,Price Code 1,CUSTOMER PICKUP,False,Food Bank of Northeast Georgia,01,30680.0,Winder,"BLACK BEANS, PEUBLO LINDO (MISLABELED)",Vegetables
29,181117,1791,B-107,Barrow County Food Pantry,483722,,FOOD PANTRY,FOOD PANTRY-Agency,USDA,N-50-10079,25,0,0,0.0,650,BARROW,0.0,5/23/2024 8:19,5/28/2024 7:55,Price Code 1,TRACTOR TRAILER 1 MOBILE PANTRY,False,Food Bank of Northeast Georgia,01,30680.0,Winder,USDA WALNUT HALVES AND PIECES,Proteins
1040,181389,9052,H-159,Hills Temple FBH Church,483993,,FP/OP/GNAP/USDA,FB DIRECT ASSISTANCE-Agency,GNAP,N-40-10283,15,0,0,0.0,300,BARROW,0.0,6/4/2024 8:30,6/4/2024 13:51,Price Code 1,CUSTOMER PICKUP,False,Food Bank of Northeast Georgia,01,30680.0,Winder,"GNAP 100% ORANGE TANGERINE JUICE, SINGLE SERVE",Beverages
1009,172984,92,S-142,"SAY In Need, Inc",476614,,OP/USDA,FEED SITE-Agency,LOCAL - LL,W-01-10002,41,0,0,0.0,41,BARROW,0.0,1/12/2024 8:26,1/12/2024 9:01,Price Code 1,CUSTOMER PICKUP,False,Sharing Floor Athens,01-SH,30620.0,Bethlehem,"ASSORTED NON-FOOD ITEMS, LL",Non-Food Misc.
917,181058,5772,C-161,Church at Pierce Rd.,483663,,FP/OP,FOOD PANTRY-Agency,LOCAL - LL,C-28-10000,30,0,0,0.0,30,BARROW,0.0,5/24/2024 9:30,5/24/2024 9:59,Price Code 1,CUSTOMER PICKUP,False,Food Bank of Northeast Georgia,01,30680.0,Winder,"PRODUCE, FRESH LL",Mixed Produce
29,177589,8970,B-107,Barrow County Food Pantry,FAIMPORT480209,,FOOD PANTRY,FOOD PANTRY-Agency,BLUE RECEIPT-SHL,MCW-16-10001,9,0,0,0.0,9,BARROW,0.0,3/19/2024 0:00,3/19/2024 0:00,Price Code 1,CUSTOMER PICKUP,False,Food Bank of Northeast Georgia,01,30680.0,Winder,"MISC. FOOD BOX, SHL RETAIL PICKUP",Food Misc.
781,175351,5407,R-130,"Richard C. Wilson Recovery Residence, INC",477980,,ON PREMISES (OP),REHAB-Agency,BLUE RECEIPT-SHL,F-15-10000,56,0,0,10.08,56,BARROW,0.18,2/8/2024 9:09,2/8/2024 11:48,Price Code 1,CUSTOMER PICKUP,False,Sharing Floor Athens,01-SH,30666.0,Statham,"MEAT & SEAFOOD, FROZEN SHL",Proteins
172,178955,5938,P-104,Project Adam Community Asst Ct,481569,,ON PREMISES (OP),REHAB-Agency,BLUE RECEIPT-SHL,C-28-10001,41,0,0,1.23,41,BARROW,0.03,4/15/2024 13:41,4/15/2024 9:27,Price Code 1,CUSTOMER PICKUP,False,Sharing Floor Athens,01-SH,30680.0,Winder,"PRODUCE, FRESH SHL",Mixed Produce
781,172620,346,R-130,"Richard C. Wilson Recovery Residence, INC",476251,,ON PREMISES (OP),REHAB-Agency,YELLOW RECEIPT - SHN,N-25-10350,2,0,0,4.68,26,BARROW,0.18,1/12/2024 9:09,1/12/2024 8:50,Price Code 1,CUSTOMER PICKUP,False,Food Bank of Northeast Georgia,01,30666.0,Statham,"SALTINE CRACKERS, ZESTA ORIGINAL",Grains
1040,178556,92,H-159,Hills Temple FBH Church,481172,,FP/OP/GNAP/USDA,FB DIRECT ASSISTANCE-Agency,LOCAL - LL,W-01-10002,64,0,0,0.0,64,BARROW,0.0,4/8/2024 14:40,4/8/2024 15:01,Price Code 1,CUSTOMER PICKUP,False,Sharing Floor Athens,01-SH,30680.0,Winder,"ASSORTED NON-FOOD ITEMS, LL",Non-Food Misc.
953,179200,8975,C-179,Crossview Church Food Pantry,FAIMPORT481813,,FP/GNAP/USDA,FOOD PANTRY-Agency,BLUE RECEIPT-SHL,MCC-07-10001,5,0,0,0.0,5,BARROW,0.0,4/17/2024 0:00,4/17/2024 0:00,Price Code 1,CUSTOMER PICKUP,False,Food Bank of Northeast Georgia,01,30548.0,Hoschton,"DAIRY PRODUCTS, SHL RETAIL PICKUPS",Dairy
600,179893,875,S-140,SYTGE (Seeing You Through God's Eyes) Outreach Ministry,482504,,FOOD PANTRY,FOOD PANTRY-Agency,BLUE RECEIPT-SHL,W-04-10000,64,0,0,0.0,64,BARROW,0.0,4/30/2024 13:46,4/30/2024 15:00,Price Code 1,CUSTOMER PICKUP,False,Sharing Floor Athens,01-SH,30680.0,Winder,"BREAD & BAKERY, ASSORTED SHL",Grains
29,173390,8915,B-107,Barrow County Food Pantry,477019,,FOOD PANTRY,FOOD PANTRY-Agency,USDA,F-50-90474,36,0,0,0.0,1440,BARROW,0.0,1/25/2024 7:00,1/25/2024 6:23,Price Code 1,TRACTOR TRAILER 1 MOBILE PANTRY,False,Food Bank of Northeast Georgia,01,30680.0,Winder,USDA PACIFIC SALAD SHRIMP,Proteins
29,181716,8986,B-107,Barrow County Food Pantry,FAIMPORT484320,,FOOD PANTRY,FOOD PANTRY-Agency,BLUE RECEIPT-SHL,MCW-01-10001,60,0,0,0.0,60,BARROW,0.0,5/30/2024 0:00,5/30/2024 0:00,Price Code 1,CUSTOMER PICKUP,False,Food Bank of Northeast Georgia,01,30680.0,Winder,"NON-FOOD ITEMS, SHL RETAIL PICKUPS",Non-Food Misc.
29,181296,8975,B-107,Barrow County Food Pantry,FAIMPORT483901,,FOOD PANTRY,FOOD PANTRY-Agency,BLUE RECEIPT-SHL,MCC-07-10001,19,0,0,0.0,19,BARROW,0.0,5/9/2024 0:00,5/9/2024 0:00,Price Code 1,CUSTOMER PICKUP,False,Food Bank of Northeast Georgia,01,30680.0,Winder,"DAIRY PRODUCTS, SHL RETAIL PICKUPS",Dairy
682,175282,5407,C-170,Christ The King Ghana Methodist,477911,,DIRECT ASSISTANCE,FOOD PANTRY-Agency,BLUE RECEIPT-SHL,F-15-10000,53,0,0,0.0,53,BARROW,0.0,2/7/2024 15:05,2/7/2024 11:13,Price Code 1,CUSTOMER PICKUP,False,Sharing Floor Athens,01-SH,30680.0,Winder,"MEAT & SEAFOOD, FROZEN SHL",Proteins
917,172307,8878,C-161,Church at Pierce Rd.,475938,,FP/OP,FOOD PANTRY-Agency,YELLOW RECEIPT - SHN,N-03-11783,12,0,0,4.68,156,BARROW,0.03,1/5/2024 9:39,1/5/2024 14:36,Price Code 1,CUSTOMER PICKUP,False,Food Bank of Northeast Georgia,01,30680.0,Winder,GATORADE FIT CITRUS BERRY,Beverages
953,173344,8620,C-179,Crossview Church Food Pantry,476973,,FP/GNAP/USDA,FOOD PANTRY-Agency,GNAP,N-40-10260,7,0,0,12.6,126,BARROW,0.1,1/24/2024 9:44,1/29/2024 11:55,Price Code 1,CONTACT FOR DELIVERY,False,Food Bank of Northeast Georgia,01,30548.0,Hoschton,GNAP CREAM OF CHICKEN SOUP,Prepared Meals
867,178663,8903,Y-108,YMCA of GA's Piedmont- Barrow County,481279,,FP/OP/GNAP/USDA,AT-RISK YOUTH-Agency,YELLOW RECEIPT - SHN,N-16-10181,3,0,0,2.7,15,BARROW,0.18,4/15/2024 14:18,4/15/2024 14:42,Price Code 1,CUSTOMER PICKUP,False,Food Bank of Northeast Georgia,01,30680.0,Winder,STOVE TOP STUFFING - TURKEY/CHICKEN/CORNBREAD,Prepared Meals
917,173011,5958,C-161,Church at Pierce Rd.,476641,,FP/OP,FOOD PANTRY-Agency,BLUE RECEIPT-SHL,C-16-10001,13,0,0,2.34,13,BARROW,0.18,1/12/2024 9:39,1/12/2024 12:10,Price Code 1,CUSTOMER PICKUP,False,Sharing Floor Athens,01-SH,30680.0,Winder,"COOLER FOOD, MISC. SHL",Food Misc.
864,178577,92,W-124,Winder Church of God of Prophecy,481193,,FP/OP,FOOD PANTRY-Agency,LOCAL - LL,W-01-10002,4,0,0,0.72,4,BARROW,0.18,4/9/2024 12:22,4/9/2024 8:30,Price Code 1,CUSTOMER PICKUP,False,Sharing Floor Athens,01-SH,30680.0,Winder,"ASSORTED NON-FOOD ITEMS, LL",Non-Food Misc.
172,175630,8945,P-104,Project Adam Community Asst Ct,478258,,ON PREMISES (OP),REHAB-Agency,BLUE RECEIPT-SHL,N-03-11809,5,0,0,0.0,90,BARROW,0.0,2/20/2024 13:41,2/20/2024 10:41,Price Code 1,CUSTOMER PICKUP,False,Food Bank of Northeast Georgia,01,30680.0,Winder,PROPEL KIWI STRAWBERRY,Beverages
682,175955,5407,C-170,Christ The King Ghana Methodist,478583,,DIRECT ASSISTANCE,FOOD PANTRY-Agency,BLUE RECEIPT-SHL,F-15-10000,143,0,0,25.74,143,BARROW,0.18,2/21/2024 15:05,2/21/2024 10:44,Price Code 1,CUSTOMER PICKUP,False,Sharing Floor Athens,01-SH,30680.0,Winder,"MEAT & SEAFOOD, FROZEN SHL",Proteins
576,180247,6780,F2KBARROW,Food 2 Kids Barrow County,482853,,DIRECT ASSISTANCE,DIRECT ASSISTANCE-Agency,USDA,C-50-10024,6,0,0,0.0,258,BARROW,0.0,5/8/2024 9:00,5/9/2024 9:40,Price Code 1,TRUCK 1 MOBILE PANTRY,False,Food Bank of Northeast Georgia,01,,Athens,USDA APPLES,Fruits
953,182162,9055,C-179,Crossview Church Food Pantry,484766,,FP/GNAP/USDA,FOOD PANTRY-Agency,GNAP,N-40-10285,4,0,0,0.0,88,BARROW,0.0,6/24/2024 10:30,6/24/2024 13:15,Price Code 1,VAN 1,False,Food Bank of Northeast Georgia,01,30548.0,Hoschton,GNAP MIXED FRUIT CUPS,Fruits
172,176616,1045,P-104,Project Adam Community Asst Ct,479240,,ON PREMISES (OP),REHAB-Agency,BLUE RECEIPT-SHL,W-25-10009,50,0,0,9.0,50,BARROW,0.18,3/4/2024 13:41,3/4/2024 10:51,Price Code 1,CUSTOMER PICKUP,False,Sharing Floor Athens,01-SH,30680.0,Winder,"ASSORTED SNACK ITEMS, SHL",Food Misc.
172,176209,8965,P-104,Project Adam Community Asst Ct,478835,,ON PREMISES (OP),REHAB-Agency,YELLOW RECEIPT - SHN,N-25-11962,4,0,0,7.92,44,BARROW,0.18,3/4/2024 13:41,3/11/2024 10:22,Price Code 1,CUSTOMER PICKUP,False,Food Bank of Northeast Georgia,01,30680.0,Winder,SNACK PACK FRUITY PEBBLES PUDDING,Food Misc.
781,179542,690,R-130,"Richard C. Wilson Recovery Residence, INC",482155,,ON PREMISES (OP),REHAB-Agency,BLUE RECEIPT-SHL,W-03-10013,30,0,0,0.0,30,BARROW,0.0,4/24/2024 9:09,4/24/2024 9:25,Price Code 1,CUSTOMER PICKUP,False,Sharing Floor Athens,01-SH,30666.0,Statham,"ASSORTED BEVERAGES, SHL",Beverages
29,177587,8974,B-107,Barrow County Food Pantry,FAIMPORT480207,,FOOD PANTRY,FOOD PANTRY-Agency,BLUE RECEIPT-SHL,MCW-04-10000,59,0,0,0.0,59,BARROW,0.0,3/18/2024 0:00,3/18/2024 0:00,Price Code 1,CUSTOMER PICKUP,False,Food Bank of Northeast Georgia,01,30680.0,Winder,"BREAD AND BAKERY, SHL RETAIL PICKUPS",Grains
682,177638,5681,C-170,Christ The King Ghana Methodist,480258,,DIRECT ASSISTANCE,FOOD PANTRY-Agency,LOCAL - LL,C-16-10000,75,0,0,13.5,75,BARROW,0.18,3/20/2024 15:05,3/20/2024 10:27,Price Code 1,CUSTOMER PICKUP,False,Sharing Floor Athens,01-SH,30680.0,Winder,"COOLER FOOD, MISC. LL",Food Misc.
867,179864,4737,Y-108,YMCA of GA's Piedmont- Barrow County,482475,,FP/OP/GNAP/USDA,AT-RISK YOUTH-Agency,USDA,F-50-90456,1,0,0,7.2,40,BARROW,0.18,5/3/2024 14:18,5/3/2024 10:51,Price Code 1,CUSTOMER PICKUP,False,Food Bank of Northeast Georgia,01,30680.0,Winder,USDA PORK PATTY,Proteins
863,179242,8677,A-148,Auburn First Baptist Church,481855,,FOOD PANTRY,FOOD PANTRY-Agency,LOCAL - LL,C-88-20000,56,0,0,0.0,56,BARROW,0.0,4/19/2024 8:05,4/19/2024 8:26,Price Code 1,CUSTOMER PICKUP,False,Sharing Floor Athens,01-SH,30011.0,Auburn,"LFPA DAIRY, MISC",Dairy
1040,180866,5407,H-159,Hills Temple FBH Church,483472,,FP/OP/GNAP/USDA,FB DIRECT ASSISTANCE-Agency,BLUE RECEIPT-SHL,F-15-10000,117,0,0,21.06,117,BARROW,0.18,5/15/2024 11:19,5/15/2024 11:23,Price Code 1,CUSTOMER PICKUP,False,Sharing Floor Athens,01-SH,30680.0,Winder,"MEAT & SEAFOOD, FROZEN SHL",Proteins
917,175398,875,C-161,Church at Pierce Rd.,478027,,FP/OP,FOOD PANTRY-Agency,BLUE RECEIPT-SHL,W-04-10000,102,0,0,0.0,102,BARROW,0.0,2/9/2024 9:39,2/9/2024 9:46,Price Code 1,CUSTOMER PICKUP,False,Sharing Floor Athens,01-SH,30680.0,Winder,"BREAD & BAKERY, ASSORTED SHL",Grains
172,175968,8957,P-104,Project Adam Community Asst Ct,478596,,ON PREMISES (OP),REHAB-Agency,YELLOW RECEIPT - SHN,N-25-11956,4,0,0,2.88,16,BARROW,0.18,2/26/2024 13:41,2/26/2024 9:44,Price Code 1,CUSTOMER PICKUP,False,Food Bank of Northeast Georgia,01,30680.0,Winder,HONEYMAID GRAHAM CRACKERS,Grains
1038,182010,235,C-184,"Called to Serve Georgia, Inc",484614,,FP/OP/USDA,FOOD PANTRY-Agency,LOCAL - LL,W-03-10012,290,0,0,0.0,290,BARROW,0.0,6/7/2024 8:36,6/7/2024 8:54,Price Code 1,CUSTOMER PICKUP,False,Sharing Floor Athens,01-SH,30680.0,Winder,"ASSORTED BEVERAGES, LL",Beverages
682,177229,696,C-170,Christ The King Ghana Methodist,479849,,DIRECT ASSISTANCE,FOOD PANTRY-Agency,LOCAL - LL,W-25-10000,17,0,0,3.06,17,BARROW,0.18,3/13/2024 15:05,3/13/2024 10:53,Price Code 1,CUSTOMER PICKUP,False,Sharing Floor Athens,01-SH,30680.0,Winder,"ASSORTED SNACK ITEMS, LL",Food Misc.
29,176917,8986,B-107,Barrow County Food Pantry,FAIMPORT479539,,FOOD PANTRY,FOOD PANTRY-Agency,BLUE RECEIPT-SHL,MCW-01-10001,3,0,0,0.0,3,BARROW,0.0,3/7/2024 0:00,3/7/2024 0:00,Price Code 1,CUSTOMER PICKUP,False,Food Bank of Northeast Georgia,01,30680.0,Winder,"NON-FOOD ITEMS, SHL RETAIL PICKUPS",Non-Food Misc.
1013,181770,4715,S-143,"Spirit Of Sharing, INC",484374,,FP/GNAP/USDA,FOOD PANTRY-Agency,USDA,F-50-90461,18,0,0,0.0,720,BARROW,0.0,6/5/2024 9:00,6/5/2024 13:08,Price Code 1,TRUCK 1 MOBILE PANTRY,False,Food Bank of Northeast Georgia,01,30680.0,Winder,USDA ALASKAN POLLACK FISH FILLETS,Proteins
682,175282,690,C-170,Christ The King Ghana Methodist,477911,,DIRECT ASSISTANCE,FOOD PANTRY-Agency,BLUE RECEIPT-SHL,W-03-10013,282,0,0,0.0,282,BARROW,0.0,2/7/2024 15:05,2/7/2024 11:13,Price Code 1,CUSTOMER PICKUP,False,Sharing Floor Athens,01-SH,30680.0,Winder,"ASSORTED BEVERAGES, SHL",Beverages
29,173390,5938,B-107,Barrow County Food Pantry,477019,,FOOD PANTRY,FOOD PANTRY-Agency,BLUE RECEIPT-SHL,C-28-10001,13500,0,0,0.0,13500,BARROW,0.0,1/25/2024 7:00,1/25/2024 6:23,Price Code 1,TRACTOR TRAILER 1 MOBILE PANTRY,False,Food Bank of Northeast Georgia,01,30680.0,Winder,"PRODUCE, FRESH SHL",Mixed Produce
29,181117,9013,B-107,Barrow County Food Pantry,483722,,FOOD PANTRY,FOOD PANTRY-Agency,USDA,N-50-10313,25,0,0,0.0,600,BARROW,0.0,5/23/2024 8:19,5/28/2024 7:55,Price Code 1,TRACTOR TRAILER 1 MOBILE PANTRY,False,Food Bank of Northeast Georgia,01,30680.0,Winder,USDA LIGHT RED KIDNEY BEANS 24/1LB,Proteins
863,176895,875,A-148,Auburn First Baptist Church,479517,,FOOD PANTRY,FOOD PANTRY-Agency,BLUE RECEIPT-SHL,W-04-10000,79,0,0,0.0,79,BARROW,0.0,3/8/2024 8:05,3/8/2024 8:29,Price Code 1,CUSTOMER PICKUP,False,Sharing Floor Athens,01-SH,30011.0,Auburn,"BREAD & BAKERY, ASSORTED SHL",Grains
863,180576,5958,A-148,Auburn First Baptist Church,483182,,FOOD PANTRY,FOOD PANTRY-Agency,BLUE RECEIPT-SHL,C-16-10001,397,0,0,71.46,397,BARROW,0.18,5/10/2024 8:05,5/10/2024 8:23,Price Code 1,CUSTOMER PICKUP,False,Sharing Floor Athens,01-SH,30011.0,Auburn,"COOLER FOOD, MISC. SHL",Food Misc.
1040,177969,8851,H-159,Hills Temple FBH Church,480588,,FP/OP/GNAP/USDA,FB DIRECT ASSISTANCE-Agency,PURCH,N-11-11071,2,0,0,2.16,12,BARROW,0.18,4/3/2024 8:12,4/3/2024 11:28,Price Code 1,CUSTOMER PICKUP,False,Food Bank of Northeast Georgia,01,30680.0,Winder,"CHICKEN STUFFING, PREMIER PANTRY",Prepared Meals
953,179199,8972,C-179,Crossview Church Food Pantry,FAIMPORT481812,,FP/GNAP/USDA,FOOD PANTRY-Agency,BLUE RECEIPT-SHL,MCF-15-10000,448,0,0,0.0,448,BARROW,0.0,4/15/2024 0:00,4/15/2024 0:00,Price Code 1,CUSTOMER PICKUP,False,Food Bank of Northeast Georgia,01,30548.0,Hoschton,"FROZEN MEAT & SEAFOOD, SHL RETAIL PICKUP",Proteins
576,177175,7059,F2KBARROW,Food 2 Kids Barrow County,479796,,DIRECT ASSISTANCE,DIRECT ASSISTANCE-Agency,USDA,C-50-10019,45,0,0,0.0,1620,BARROW,0.0,3/13/2024 12:00,3/20/2024 14:17,Price Code 1,CUSTOMER PICKUP,False,Food Bank of Northeast Georgia,01,,Athens,USDA 2% MILK CCC,Dairy
682,180008,1045,C-170,Christ The King Ghana Methodist,482616,,DIRECT ASSISTANCE,FOOD PANTRY-Agency,BLUE RECEIPT-SHL,W-25-10009,42,0,0,7.56,42,BARROW,0.18,5/1/2024 15:05,5/1/2024 15:05,Price Code 1,CUSTOMER PICKUP,False,Sharing Floor Athens,01-SH,30680.0,Winder,"ASSORTED SNACK ITEMS, SHL",Food Misc.
1040,177969,4715,H-159,Hills Temple FBH Church,480588,,FP/OP/GNAP/USDA,FB DIRECT ASSISTANCE-Agency,USDA,F-50-90461,5,0,0,20.0,200,BARROW,0.1,4/3/2024 8:12,4/3/2024 11:28,Price Code 1,CUSTOMER PICKUP,False,Food Bank of Northeast Georgia,01,30680.0,Winder,USDA ALASKAN POLLACK FISH FILLETS,Proteins
585,172713,1791,F2K360BAR,F2K360 BARROW,476344,,FP/OP/GNAP/USDA,DIRECT ASSISTANCE-Agency,USDA,N-50-10079,4,0,0,0.0,104,BARROW,0.0,1/10/2024 9:00,1/10/2024 12:56,Price Code 1,TRUCK 1 MOBILE PANTRY,False,Food Bank of Northeast Georgia,01,30607.0,ATHENS,USDA WALNUT HALVES AND PIECES,Proteins
867,181186,7298,Y-108,YMCA of GA's Piedmont- Barrow County,483791,,FP/OP/GNAP/USDA,AT-RISK YOUTH-Agency,GNAP,N-40-10248,2,0,0,0.0,28,BARROW,0.0,5/28/2024 9:00,5/28/2024 9:11,Price Code 1,CUSTOMER PICKUP,False,Food Bank of Northeast Georgia,01,30680.0,Winder,GNAP BAKING AND BISCUIT MIX,Grains
1013,172282,5772,S-143,"Spirit Of Sharing, INC",475913,,FP/GNAP/USDA,FOOD PANTRY-Agency,LOCAL - LL,C-28-10000,4123,0,0,0.0,4123,BARROW,0.0,1/3/2024 9:00,1/11/2024 8:45,Price Code 1,TRUCK 1 MOBILE PANTRY,False,Food Bank of Northeast Georgia,01,30680.0,Winder,"PRODUCE, FRESH LL",Mixed Produce
172,178327,8833,P-104,Project Adam Community Asst Ct,480943,,ON PREMISES (OP),REHAB-Agency,BLUE RECEIPT-SHL,N-03-11769,2,0,0,1.68,56,BARROW,0.03,4/9/2024 13:41,4/15/2024 10:14,Price Code 1,CUSTOMER PICKUP,False,Food Bank of Northeast Georgia,01,30680.0,Winder,PEPSI COLA,Beverages
867,178663,800,Y-108,YMCA of GA's Piedmont- Barrow County,481279,,FP/OP/GNAP/USDA,AT-RISK YOUTH-Agency,USDA,N-50-10065,4,0,0,19.44,108,BARROW,0.18,4/15/2024 14:18,4/15/2024 14:42,Price Code 1,CUSTOMER PICKUP,False,Food Bank of Northeast Georgia,01,30680.0,Winder,USDA APPLESAUCE,Fruits
867,181680,875,Y-108,YMCA of GA's Piedmont- Barrow County,484284,,FP/OP/GNAP/USDA,AT-RISK YOUTH-Agency,BLUE RECEIPT-SHL,W-04-10000,132,0,0,0.0,132,BARROW,0.0,5/31/2024 14:18,5/31/2024 10:24,Price Code 1,CUSTOMER PICKUP,False,Sharing Floor Athens,01-SH,30680.0,Winder,"BREAD & BAKERY, ASSORTED SHL",Grains
781,173481,5938,R-130,"Richard C. Wilson Recovery Residence, INC",477110,,ON PREMISES (OP),REHAB-Agency,BLUE RECEIPT-SHL,C-28-10001,898,0,0,0.0,898,BARROW,0.0,1/26/2024 9:09,1/26/2024 10:10,Price Code 1,CUSTOMER PICKUP,False,Food Bank of Northeast Georgia,01,30666.0,Statham,"PRODUCE, FRESH SHL",Mixed Produce
172,176616,5407,P-104,Project Adam Community Asst Ct,479240,,ON PREMISES (OP),REHAB-Agency,BLUE RECEIPT-SHL,F-15-10000,10,0,0,1.8,10,BARROW,0.18,3/4/2024 13:41,3/4/2024 10:51,Price Code 1,CUSTOMER PICKUP,False,Sharing Floor Athens,01-SH,30680.0,Winder,"MEAT & SEAFOOD, FROZEN SHL",Proteins
917,176945,8682,C-161,Church at Pierce Rd.,479567,,FP/OP,FOOD PANTRY-Agency,BLUE RECEIPT-SHL,N-03-11727,4,0,0,0.0,112,BARROW,0.0,3/15/2024 9:39,3/15/2024 10:29,Price Code 1,CUSTOMER PICKUP,False,Food Bank of Northeast Georgia,01,30680.0,Winder,LIPTON DIET GREEN TEA CITRUS,Beverages
29,177776,842,B-107,Barrow County Food Pantry,480395,,FOOD PANTRY,FOOD PANTRY-Agency,USDA,N-50-10021,25,0,0,0.0,675,BARROW,0.0,3/28/2024 7:00,3/28/2024 6:02,Price Code 1,TRACTOR TRAILER 1 MOBILE PANTRY,False,Food Bank of Northeast Georgia,01,30680.0,Winder,USDA DICED TOMATOES NO SALT CCC,Vegetables
863,175735,5938,A-148,Auburn First Baptist Church,478363,,FOOD PANTRY,FOOD PANTRY-Agency,BLUE RECEIPT-SHL,C-28-10001,355,0,0,10.65,355,BARROW,0.03,2/16/2024 8:05,2/16/2024 8:38,Price Code 1,CUSTOMER PICKUP,False,Sharing Floor Athens,01-SH,30011.0,Auburn,"PRODUCE, FRESH SHL",Mixed Produce
29,175854,6477,B-107,Barrow County Food Pantry,478482,,FOOD PANTRY,FOOD PANTRY-Agency,LOCAL - LL,C-28-90151,2000,0,0,0.0,2000,BARROW,0.0,2/22/2024 7:00,2/22/2024 6:27,Price Code 1,TRACTOR TRAILER 1 MOBILE PANTRY,False,Food Bank of Northeast Georgia,01,30680.0,Winder,GNAP WATERMELONS,Fruits
479,176285,92,W-118,Winder Wesleyan Church,478910,,FP/OP,FOOD PANTRY-Agency,LOCAL - LL,W-01-10002,8,0,0,0.0,8,BARROW,0.0,2/27/2024 10:24,2/27/2024 10:29,Price Code 1,CUSTOMER PICKUP,False,Sharing Floor Athens,01-SH,30680.0,Winder,"ASSORTED NON-FOOD ITEMS, LL",Non-Food Misc.
781,178656,690,R-130,"Richard C. Wilson Recovery Residence, INC",481272,,ON PREMISES (OP),REHAB-Agency,BLUE RECEIPT-SHL,W-03-10013,241,0,0,0.0,241,BARROW,0.0,4/10/2024 9:09,4/10/2024 9:37,Price Code 1,CUSTOMER PICKUP,False,Sharing Floor Athens,01-SH,30666.0,Statham,"ASSORTED BEVERAGES, SHL",Beverages
781,180883,9010,R-130,"Richard C. Wilson Recovery Residence, INC",483489,,ON PREMISES (OP),REHAB-Agency,BLUE RECEIPT-SHL,N-03-11829,1,0,0,0.0,42,BARROW,0.0,5/20/2024 10:00,5/20/2024 10:30,Price Code 1,CUSTOMER PICKUP,False,Food Bank of Northeast Georgia,01,30666.0,Statham,MR PIBB EXTRA,Beverages
29,176915,8972,B-107,Barrow County Food Pantry,FAIMPORT479537,,FOOD PANTRY,FOOD PANTRY-Agency,BLUE RECEIPT-SHL,MCF-15-10000,41,0,0,0.0,41,BARROW,0.0,3/1/2024 0:00,3/1/2024 0:00,Price Code 1,CUSTOMER PICKUP,False,Food Bank of Northeast Georgia,01,30680.0,Winder,"FROZEN MEAT & SEAFOOD, SHL RETAIL PICKUP",Proteins
867,172759,3943,Y-108,YMCA of GA's Piedmont- Barrow County,476390,,FP/OP/GNAP/USDA,AT-RISK YOUTH-Agency,USDA,N-50-10268,5,0,0,5.7,190,BARROW,0.03,1/11/2024 14:18,1/11/2024 12:16,Price Code 1,CUSTOMER PICKUP,False,Food Bank of Northeast Georgia,01,30680.0,Winder,USDA APPLE JUICE,Beverages
29,182517,170,B-107,Barrow County Food Pantry,485120,,FOOD PANTRY,FOOD PANTRY-Agency,USDA,N-50-10007,25,0,0,0.0,700,BARROW,0.0,6/27/2024 7:00,6/27/2024 9:27,Price Code 1,TRACTOR TRAILER 1 MOBILE PANTRY,False,Food Bank of Northeast Georgia,01,30680.0,Winder,"USDA CORN, WHOLE KERNEL NO SALT",Vegetables
867,181186,9063,Y-108,YMCA of GA's Piedmont- Barrow County,483791,,FP/OP/GNAP/USDA,AT-RISK YOUTH-Agency,LOCAL - LL,N-25-11976,7,0,0,17.64,98,BARROW,0.18,5/28/2024 9:00,5/28/2024 9:11,Price Code 1,CUSTOMER PICKUP,False,Food Bank of Northeast Georgia,01,30680.0,Winder,MINI SOFT BAKED COOKIES LUCKY CHARMS,Food Misc.
172,175630,4350,P-104,Project Adam Community Asst Ct,478258,,ON PREMISES (OP),REHAB-Agency,BLUE RECEIPT-SHL,N-03-11160,9,0,0,0.0,90,BARROW,0.0,2/20/2024 13:41,2/20/2024 10:41,Price Code 1,CUSTOMER PICKUP,False,Food Bank of Northeast Georgia,01,30680.0,Winder,CHERRY DR PEPPER,Beverages
172,173401,683,P-104,Project Adam Community Asst Ct,477030,,ON PREMISES (OP),REHAB-Agency,BLUE RECEIPT-SHL,W-16-10001,147,0,0,26.46,147,BARROW,0.18,1/22/2024 13:41,1/22/2024 11:01,Price Code 1,CUSTOMER PICKUP,False,Sharing Floor Athens,01-SH,30680.0,Winder,MISC. FOOD BOX SHL,Food Misc.
781,178380,8940,R-130,"Richard C. Wilson Recovery Residence, INC",480996,,ON PREMISES (OP),REHAB-Agency,BLUE RECEIPT-SHL,C-28-90531,2,0,0,0.0,104,BARROW,0.0,4/10/2024 9:09,4/10/2024 10:12,Price Code 1,CUSTOMER PICKUP,False,Food Bank of Northeast Georgia,01,30666.0,Statham,"CABBAGE, SHL 50#",Vegetables
863,173652,5407,A-148,Auburn First Baptist Church,477281,,FOOD PANTRY,FOOD PANTRY-Agency,BLUE RECEIPT-SHL,F-15-10000,82,0,0,14.76,82,BARROW,0.18,1/26/2024 8:05,1/26/2024 8:20,Price Code 1,CUSTOMER PICKUP,False,Sharing Floor Athens,01-SH,30011.0,Auburn,"MEAT & SEAFOOD, FROZEN SHL",Proteins
1038,182010,683,C-184,"Called to Serve Georgia, Inc",484614,,FP/OP/USDA,FOOD PANTRY-Agency,BLUE RECEIPT-SHL,W-16-10001,129,0,0,6.45,129,BARROW,0.05,6/7/2024 8:36,6/7/2024 8:54,Price Code 1,CUSTOMER PICKUP,False,Sharing Floor Athens,01-SH,30680.0,Winder,MISC. FOOD BOX SHL,Food Misc.
29,182928,8970,B-107,Barrow County Food Pantry,FAIMPORT485529,,FOOD PANTRY,FOOD PANTRY-Agency,BLUE RECEIPT-SHL,MCW-16-10001,39,0,0,0.0,39,BARROW,0.0,6/20/2024 0:00,6/20/2024 0:00,Price Code 1,CUSTOMER PICKUP,False,Food Bank of Northeast Georgia,01,30680.0,Winder,"MISC. FOOD BOX, SHL RETAIL PICKUP",Food Misc.
863,176895,5938,A-148,Auburn First Baptist Church,479517,,FOOD PANTRY,FOOD PANTRY-Agency,BLUE RECEIPT-SHL,C-28-10001,382,0,0,11.46,382,BARROW,0.03,3/8/2024 8:05,3/8/2024 8:29,Price Code 1,CUSTOMER PICKUP,False,Sharing Floor Athens,01-SH,30011.0,Auburn,"PRODUCE, FRESH SHL",Mixed Produce
867,180357,7153,Y-108,YMCA of GA's Piedmont- Barrow County,482963,,FP/OP/GNAP/USDA,AT-RISK YOUTH-Agency,GNAP,N-40-10234,3,0,0,0.0,39,BARROW,0.0,5/17/2024 10:00,5/17/2024 10:45,Price Code 1,CUSTOMER PICKUP,False,Food Bank of Northeast Georgia,01,30680.0,Winder,GNAP BAKED BEANS,Proteins
953,181721,8972,C-179,Crossview Church Food Pantry,FAIMPORT484325,,FP/GNAP/USDA,FOOD PANTRY-Agency,BLUE RECEIPT-SHL,MCF-15-10000,210,0,0,0.0,210,BARROW,0.0,5/29/2024 0:00,5/29/2024 0:00,Price Code 1,CUSTOMER PICKUP,False,Food Bank of Northeast Georgia,01,30548.0,Hoschton,"FROZEN MEAT & SEAFOOD, SHL RETAIL PICKUP",Proteins
585,172713,7119,F2K360BAR,F2K360 BARROW,476344,,FP/OP/GNAP/USDA,DIRECT ASSISTANCE-Agency,GNAP,N-40-10226,8,0,0,0.0,168,BARROW,0.0,1/10/2024 9:00,1/10/2024 12:56,Price Code 1,TRUCK 1 MOBILE PANTRY,False,Food Bank of Northeast Georgia,01,30607.0,ATHENS,GNAP INSTANT GRITS,Grains
917,179250,683,C-161,Church at Pierce Rd.,481863,,FP/OP,FOOD PANTRY-Agency,BLUE RECEIPT-SHL,W-16-10001,11,0,0,0.0,11,BARROW,0.0,4/19/2024 9:39,4/19/2024 9:20,Price Code 1,CUSTOMER PICKUP,False,Sharing Floor Athens,01-SH,30680.0,Winder,MISC. FOOD BOX SHL,Food Misc.
29,181713,8973,B-107,Barrow County Food Pantry,FAIMPORT484317,,FOOD PANTRY,FOOD PANTRY-Agency,BLUE RECEIPT-SHL,MCC-16-10001,89,0,0,0.0,89,BARROW,0.0,5/30/2024 0:00,5/30/2024 0:00,Price Code 1,CUSTOMER PICKUP,False,Food Bank of Northeast Georgia,01,30680.0,Winder,"COOLER FOOD MISC., SHL RETAIL PICKUP",Food Misc.
172,179363,5407,P-104,Project Adam Community Asst Ct,481976,,ON PREMISES (OP),REHAB-Agency,BLUE RECEIPT-SHL,F-15-10000,10,0,0,1.8,10,BARROW,0.18,4/22/2024 13:41,4/22/2024 9:46,Price Code 1,CUSTOMER PICKUP,False,Sharing Floor Athens,01-SH,30680.0,Winder,"MEAT & SEAFOOD, FROZEN SHL",Proteins
863,175392,875,A-148,Auburn First Baptist Church,478021,,FOOD PANTRY,FOOD PANTRY-Agency,BLUE RECEIPT-SHL,W-04-10000,37,0,0,0.0,37,BARROW,0.0,2/9/2024 8:05,2/9/2024 8:28,Price Code 1,CUSTOMER PICKUP,False,Sharing Floor Athens,01-SH,30011.0,Auburn,"BREAD & BAKERY, ASSORTED SHL",Grains
917,180590,683,C-161,Church at Pierce Rd.,483196,,FP/OP,FOOD PANTRY-Agency,BLUE RECEIPT-SHL,W-16-10001,69,0,0,12.42,69,BARROW,0.18,5/10/2024 9:39,5/10/2024 9:44,Price Code 1,CUSTOMER PICKUP,False,Sharing Floor Athens,01-SH,30680.0,Winder,MISC. FOOD BOX SHL,Food Misc.
172,180293,9049,P-104,Project Adam Community Asst Ct,482899,,ON PREMISES (OP),REHAB-Agency,BLUE RECEIPT-SHL,C-07-90665,2,0,0,9.36,72,BARROW,0.13,5/13/2024 11:15,5/13/2024 10:47,Price Code 1,CUSTOMER PICKUP,False,Food Bank of Northeast Georgia,01,30680.0,Winder,GREAT VALUE UNSALTED BUTTER,Dairy
172,178016,50,P-104,Project Adam Community Asst Ct,480635,,ON PREMISES (OP),REHAB-Agency,LOCAL - LL,W-16-10002,115,0,0,20.7,115,BARROW,0.18,4/1/2024 13:41,4/1/2024 9:47,Price Code 1,CUSTOMER PICKUP,False,Sharing Floor Athens,01-SH,30680.0,Winder,MISC. FOOD BOX LL,Food Misc.
682,181190,5938,C-170,Christ The King Ghana Methodist,483795,,DIRECT ASSISTANCE,FOOD PANTRY-Agency,BLUE RECEIPT-SHL,C-28-10001,183,0,0,5.49,183,BARROW,0.03,5/22/2024 15:05,5/22/2024 10:37,Price Code 1,CUSTOMER PICKUP,False,Sharing Floor Athens,01-SH,30680.0,Winder,"PRODUCE, FRESH SHL",Mixed Produce
600,179648,8834,S-140,SYTGE (Seeing You Through God's Eyes) Outreach Ministry,482261,,FOOD PANTRY,FOOD PANTRY-Agency,BLUE RECEIPT-SHL,N-03-11770,2,0,0,0.0,20,BARROW,0.0,4/30/2024 13:46,4/30/2024 14:01,Price Code 1,CUSTOMER PICKUP,False,Food Bank of Northeast Georgia,01,30680.0,Winder,MT DEW ZERO SUGAR,Beverages
863,180576,683,A-148,Auburn First Baptist Church,483182,,FOOD PANTRY,FOOD PANTRY-Agency,BLUE RECEIPT-SHL,W-16-10001,61,0,0,0.0,61,BARROW,0.0,5/10/2024 8:05,5/10/2024 8:23,Price Code 1,CUSTOMER PICKUP,False,Sharing Floor Athens,01-SH,30011.0,Auburn,MISC. FOOD BOX SHL,Food Misc.
917,179713,8624,C-161,Church at Pierce Rd.,482326,,FP/OP,FOOD PANTRY-Agency,BLUE RECEIPT-SHL,N-03-11260,4,0,0,0.0,48,BARROW,0.0,5/3/2024 9:39,5/3/2024 10:16,Price Code 1,CUSTOMER PICKUP,False,Food Bank of Northeast Georgia,01,30680.0,Winder,STARRY ZERO SUGAR 12 X 12 FL OZ,Beverages
953,173344,890,C-179,Crossview Church Food Pantry,476973,,FP/GNAP/USDA,FOOD PANTRY-Agency,GNAP,N-40-10001,5,0,0,13.5,135,BARROW,0.1,1/24/2024 9:44,1/29/2024 11:55,Price Code 1,CONTACT FOR DELIVERY,False,Food Bank of Northeast Georgia,01,30548.0,Hoschton,GNAP APPLE SAUCE,Fruits
1013,176588,1791,S-143,"Spirit Of Sharing, INC",479212,,FP/GNAP/USDA,FOOD PANTRY-Agency,USDA,N-50-10079,25,0,0,0.0,650,BARROW,0.0,3/6/2024 9:00,3/6/2024 10:23,Price Code 1,TRUCK 1 MOBILE PANTRY,False,Food Bank of Northeast Georgia,01,30680.0,Winder,USDA WALNUT HALVES AND PIECES,Proteins
576,178167,4449,F2KBARROW,Food 2 Kids Barrow County,480786,,DIRECT ASSISTANCE,DIRECT ASSISTANCE-Agency,USDA,F-50-90445,11,0,0,0.0,451,BARROW,0.0,4/10/2024 9:00,4/10/2024 9:40,Price Code 1,TRUCK 1 MOBILE PANTRY,False,Food Bank of Northeast Georgia,01,,Athens,USDA FULLY COOKED PULLED PORK CCC,Proteins
1040,177969,8781,H-159,Hills Temple FBH Church,480588,,FP/OP/GNAP/USDA,FB DIRECT ASSISTANCE-Agency,BLUE RECEIPT-SHL,N-03-11753,15,0,0,10.35,345,BARROW,0.03,4/3/2024 8:12,4/3/2024 11:28,Price Code 1,CUSTOMER PICKUP,False,Food Bank of Northeast Georgia,01,30680.0,Winder,PURE LEAF SWEET TEA,Beverages
682,180008,688,C-170,Christ The King Ghana Methodist,482616,,DIRECT ASSISTANCE,FOOD PANTRY-Agency,BLUE RECEIPT-SHL,W-01-10000,16,0,0,2.88,16,BARROW,0.18,5/1/2024 15:05,5/1/2024 15:05,Price Code 1,CUSTOMER PICKUP,False,Sharing Floor Athens,01-SH,30680.0,Winder,"ASSORTED NON-FOOD ITEMS, SHL",Non-Food Misc.
917,178317,9002,C-161,Church at Pierce Rd.,480933,,FP/OP,FOOD PANTRY-Agency,BLUE RECEIPT-SHL,N-03-11821,2,0,0,0.0,20,BARROW,0.0,4/12/2024 9:39,4/12/2024 10:31,Price Code 1,CUSTOMER PICKUP,False,Food Bank of Northeast Georgia,01,30680.0,Winder,MUG ROOT BEER,Beverages
600,173468,4761,S-140,SYTGE (Seeing You Through God's Eyes) Outreach Ministry,477097,,FOOD PANTRY,FOOD PANTRY-Agency,USDA,F-50-90454,1,0,0,0.0,31,BARROW,0.0,2/15/2024 9:30,2/15/2024 10:15,Price Code 1,CUSTOMER PICKUP,False,Food Bank of Northeast Georgia,01,30680.0,Winder,USDA FROZEN STRAWBERRIES CCC,Fruits
781,175351,875,R-130,"Richard C. Wilson Recovery Residence, INC",477980,,ON PREMISES (OP),REHAB-Agency,BLUE RECEIPT-SHL,W-04-10000,12,0,0,0.0,12,BARROW,0.0,2/8/2024 9:09,2/8/2024 11:48,Price Code 1,CUSTOMER PICKUP,False,Sharing Floor Athens,01-SH,30666.0,Statham,"BREAD & BAKERY, ASSORTED SHL",Grains
479,175981,8957,W-118,Winder Wesleyan Church,478609,,FP/OP,FOOD PANTRY-Agency,YELLOW RECEIPT - SHN,N-25-11956,3,0,0,2.16,12,BARROW,0.18,2/27/2024 9:00,2/27/2024 9:38,Price Code 1,CUSTOMER PICKUP,False,Food Bank of Northeast Georgia,01,30680.0,Winder,HONEYMAID GRAHAM CRACKERS,Grains
781,178380,8854,R-130,"Richard C. Wilson Recovery Residence, INC",480996,,ON PREMISES (OP),REHAB-Agency,BLUE RECEIPT-SHL,N-03-11776,7,0,0,0.0,231,BARROW,0.0,4/10/2024 9:09,4/10/2024 10:12,Price Code 1,CUSTOMER PICKUP,False,Food Bank of Northeast Georgia,01,30666.0,Statham,DR PEPPER STRAWBERRIES & CREAM,Beverages
917,182016,235,C-161,Church at Pierce Rd.,484620,,FP/OP,FOOD PANTRY-Agency,LOCAL - LL,W-03-10012,132,0,0,0.0,132,BARROW,0.0,6/7/2024 9:39,6/7/2024 9:46,Price Code 1,CUSTOMER PICKUP,False,Sharing Floor Athens,01-SH,30680.0,Winder,"ASSORTED BEVERAGES, LL",Beverages
29,179436,4737,B-107,Barrow County Food Pantry,482049,,FOOD PANTRY,FOOD PANTRY-Agency,USDA,F-50-90456,40,0,0,0.0,1600,BARROW,0.0,4/25/2024 7:00,4/25/2024 6:17,Price Code 1,TRACTOR TRAILER 1 MOBILE PANTRY,False,Food Bank of Northeast Georgia,01,30680.0,Winder,USDA PORK PATTY,Proteins
867,176267,8964,Y-108,YMCA of GA's Piedmont- Barrow County,478893,,FP/OP/GNAP/USDA,AT-RISK YOUTH-Agency,YELLOW RECEIPT - SHN,N-25-11961,12,0,0,10.8,60,BARROW,0.18,3/1/2024 14:18,3/1/2024 11:25,Price Code 1,CUSTOMER PICKUP,False,Food Bank of Northeast Georgia,01,30680.0,Winder,SNACK PACK CINNABON PUDDING,Food Misc.
864,181120,688,W-124,Winder Church of God of Prophecy,483725,,FP/OP,FOOD PANTRY-Agency,BLUE RECEIPT-SHL,W-01-10000,7,0,0,1.26,7,BARROW,0.18,5/21/2024 12:22,5/21/2024 8:23,Price Code 1,CUSTOMER PICKUP,False,Sharing Floor Athens,01-SH,30680.0,Winder,"ASSORTED NON-FOOD ITEMS, SHL",Non-Food Misc.
682,177229,875,C-170,Christ The King Ghana Methodist,479849,,DIRECT ASSISTANCE,FOOD PANTRY-Agency,BLUE RECEIPT-SHL,W-04-10000,22,0,0,0.0,22,BARROW,0.0,3/13/2024 15:05,3/13/2024 10:53,Price Code 1,CUSTOMER PICKUP,False,Sharing Floor Athens,01-SH,30680.0,Winder,"BREAD & BAKERY, ASSORTED SHL",Grains
682,172473,5407,C-170,Christ The King Ghana Methodist,476104,,DIRECT ASSISTANCE,FOOD PANTRY-Agency,BLUE RECEIPT-SHL,F-15-10000,137,0,0,24.66,137,BARROW,0.18,1/3/2024 15:05,1/3/2024 11:01,Price Code 1,CUSTOMER PICKUP,False,Sharing Floor Athens,01-SH,30680.0,Winder,"MEAT & SEAFOOD, FROZEN SHL",Proteins
29,182517,1791,B-107,Barrow County Food Pantry,485120,,FOOD PANTRY,FOOD PANTRY-Agency,USDA,N-50-10079,25,0,0,0.0,650,BARROW,0.0,6/27/2024 7:00,6/27/2024 9:27,Price Code 1,TRACTOR TRAILER 1 MOBILE PANTRY,False,Food Bank of Northeast Georgia,01,30680.0,Winder,USDA WALNUT HALVES AND PIECES,Proteins
917,175035,5958,C-161,Church at Pierce Rd.,477665,,FP/OP,FOOD PANTRY-Agency,BLUE RECEIPT-SHL,C-16-10001,34,0,0,6.12,34,BARROW,0.18,2/2/2024 9:39,2/2/2024 11:56,Price Code 1,CUSTOMER PICKUP,False,Sharing Floor Athens,01-SH,30680.0,Winder,"COOLER FOOD, MISC. SHL",Food Misc.
29,175854,8950,B-107,Barrow County Food Pantry,478482,,FOOD PANTRY,FOOD PANTRY-Agency,LOCAL - LL,C-28-90537,2000,0,0,0.0,2000,BARROW,0.0,2/22/2024 7:00,2/22/2024 6:27,Price Code 1,TRACTOR TRAILER 1 MOBILE PANTRY,False,Food Bank of Northeast Georgia,01,30680.0,Winder,"CABBAGE, BULK TOTE",Vegetables
917,181674,875,C-161,Church at Pierce Rd.,484278,,FP/OP,FOOD PANTRY-Agency,BLUE RECEIPT-SHL,W-04-10000,43,0,0,0.0,43,BARROW,0.0,5/31/2024 9:39,5/31/2024 9:48,Price Code 1,CUSTOMER PICKUP,False,Sharing Floor Athens,01-SH,30680.0,Winder,"BREAD & BAKERY, ASSORTED SHL",Grains
863,173652,92,A-148,Auburn First Baptist Church,477281,,FOOD PANTRY,FOOD PANTRY-Agency,LOCAL - LL,W-01-10002,27,0,0,0.0,27,BARROW,0.0,1/26/2024 8:05,1/26/2024 8:20,Price Code 1,CUSTOMER PICKUP,False,Sharing Floor Athens,01-SH,30011.0,Auburn,"ASSORTED NON-FOOD ITEMS, LL",Non-Food Misc.
29,181117,170,B-107,Barrow County Food Pantry,483722,,FOOD PANTRY,FOOD PANTRY-Agency,USDA,N-50-10007,25,0,0,0.0,700,BARROW,0.0,5/23/2024 8:19,5/28/2024 7:55,Price Code 1,TRACTOR TRAILER 1 MOBILE PANTRY,False,Food Bank of Northeast Georgia,01,30680.0,Winder,"USDA CORN, WHOLE KERNEL NO SALT",Vegetables
172,177045,690,P-104,Project Adam Community Asst Ct,479667,,ON PREMISES (OP),REHAB-Agency,BLUE RECEIPT-SHL,W-03-10013,123,0,0,0.0,123,BARROW,0.0,3/11/2024 13:41,3/11/2024 9:33,Price Code 1,CUSTOMER PICKUP,False,Sharing Floor Athens,01-SH,30680.0,Winder,"ASSORTED BEVERAGES, SHL",Beverages
1009,172984,92,S-142,"SAY In Need, Inc",476614,,OP/USDA,FEED SITE-Agency,LOCAL - LL,W-01-10002,32,0,0,5.76,32,BARROW,0.18,1/12/2024 8:26,1/12/2024 9:01,Price Code 1,CUSTOMER PICKUP,False,Sharing Floor Athens,01-SH,30620.0,Bethlehem,"ASSORTED NON-FOOD ITEMS, LL",Non-Food Misc.
953,181972,8973,C-179,Crossview Church Food Pantry,FAIMPORT484576,,FP/GNAP/USDA,FOOD PANTRY-Agency,BLUE RECEIPT-SHL,MCC-16-10001,83,0,0,0.0,83,BARROW,0.0,6/5/2024 0:00,6/5/2024 0:00,Price Code 1,CUSTOMER PICKUP,False,Food Bank of Northeast Georgia,01,30548.0,Hoschton,"COOLER FOOD MISC., SHL RETAIL PICKUP",Food Misc.
479,176285,5407,W-118,Winder Wesleyan Church,478910,,FP/OP,FOOD PANTRY-Agency,BLUE RECEIPT-SHL,F-15-10000,3,0,0,0.54,3,BARROW,0.18,2/27/2024 10:24,2/27/2024 10:29,Price Code 1,CUSTOMER PICKUP,False,Sharing Floor Athens,01-SH,30680.0,Winder,"MEAT & SEAFOOD, FROZEN SHL",Proteins
781,179940,5938,R-130,"Richard C. Wilson Recovery Residence, INC",482550,,ON PREMISES (OP),REHAB-Agency,BLUE RECEIPT-SHL,C-28-10001,111,0,0,3.33,111,BARROW,0.03,5/1/2024 9:09,5/1/2024 9:27,Price Code 1,CUSTOMER PICKUP,False,Sharing Floor Athens,01-SH,30666.0,Statham,"PRODUCE, FRESH SHL",Mixed Produce
682,181190,683,C-170,Christ The King Ghana Methodist,483795,,DIRECT ASSISTANCE,FOOD PANTRY-Agency,BLUE RECEIPT-SHL,W-16-10001,162,0,0,29.16,162,BARROW,0.18,5/22/2024 15:05,5/22/2024 10:37,Price Code 1,CUSTOMER PICKUP,False,Sharing Floor Athens,01-SH,30680.0,Winder,MISC. FOOD BOX SHL,Food Misc.
867,176025,84,Y-108,YMCA of GA's Piedmont- Barrow County,478653,,FP/OP/GNAP/USDA,AT-RISK YOUTH-Agency,USDA,N-50-10006,4,0,0,19.44,108,BARROW,0.18,2/27/2024 14:18,2/28/2024 15:06,Price Code 1,CUSTOMER PICKUP,False,Food Bank of Northeast Georgia,01,30680.0,Winder,USDA GREEN BEANS,Vegetables
600,179648,8546,S-140,SYTGE (Seeing You Through God's Eyes) Outreach Ministry,482261,,FOOD PANTRY,FOOD PANTRY-Agency,BLUE RECEIPT-SHL,N-03-10262,2,0,0,0.0,60,BARROW,0.0,4/30/2024 13:46,4/30/2024 14:01,Price Code 1,CUSTOMER PICKUP,False,Food Bank of Northeast Georgia,01,30680.0,Winder,STARRY LEMON LIME SODA 16.9 OZ,Beverages
172,178955,875,P-104,Project Adam Community Asst Ct,481569,,ON PREMISES (OP),REHAB-Agency,BLUE RECEIPT-SHL,W-04-10000,32,0,0,0.0,32,BARROW,0.0,4/15/2024 13:41,4/15/2024 9:27,Price Code 1,CUSTOMER PICKUP,False,Sharing Floor Athens,01-SH,30680.0,Winder,"BREAD & BAKERY, ASSORTED SHL",Grains
585,172713,2573,F2K360BAR,F2K360 BARROW,476344,,FP/OP/GNAP/USDA,DIRECT ASSISTANCE-Agency,GNAP,N-40-10204,4,0,0,0.0,76,BARROW,0.0,1/10/2024 9:00,1/10/2024 12:56,Price Code 1,TRUCK 1 MOBILE PANTRY,False,Food Bank of Northeast Georgia,01,30607.0,ATHENS,GNAP CHICKEN & RICE SOUP,Prepared Meals
867,180357,7118,Y-108,YMCA of GA's Piedmont- Barrow County,482963,,FP/OP/GNAP/USDA,AT-RISK YOUTH-Agency,GNAP,N-40-10225,1,0,0,0.0,10,BARROW,0.0,5/17/2024 10:00,5/17/2024 10:45,Price Code 1,CUSTOMER PICKUP,False,Food Bank of Northeast Georgia,01,30680.0,Winder,GNAP CRISPY RICE CEREAL,Grains
863,175020,690,A-148,Auburn First Baptist Church,477650,,FOOD PANTRY,FOOD PANTRY-Agency,BLUE RECEIPT-SHL,W-03-10013,196,0,0,0.0,196,BARROW,0.0,2/2/2024 8:05,2/2/2024 8:37,Price Code 1,CUSTOMER PICKUP,False,Sharing Floor Athens,01-SH,30011.0,Auburn,"ASSORTED BEVERAGES, SHL",Beverages
682,175282,875,C-170,Christ The King Ghana Methodist,477911,,DIRECT ASSISTANCE,FOOD PANTRY-Agency,BLUE RECEIPT-SHL,W-04-10000,35,0,0,0.0,35,BARROW,0.0,2/7/2024 15:05,2/7/2024 11:13,Price Code 1,CUSTOMER PICKUP,False,Sharing Floor Athens,01-SH,30680.0,Winder,"BREAD & BAKERY, ASSORTED SHL",Grains
172,181768,690,P-104,Project Adam Community Asst Ct,484372,,ON PREMISES (OP),REHAB-Agency,BLUE RECEIPT-SHL,W-03-10013,100,0,0,0.0,100,BARROW,0.0,6/3/2024 13:41,6/3/2024 9:00,Price Code 1,CUSTOMER PICKUP,False,Sharing Floor Athens,01-SH,30680.0,Winder,"ASSORTED BEVERAGES, SHL",Beverages
864,181418,683,W-124,Winder Church of God of Prophecy,484022,,FP/OP,FOOD PANTRY-Agency,BLUE RECEIPT-SHL,W-16-10001,8,0,0,1.44,8,BARROW,0.18,5/28/2024 12:22,5/28/2024 8:15,Price Code 1,CUSTOMER PICKUP,False,Sharing Floor Athens,01-SH,30680.0,Winder,MISC. FOOD BOX SHL,Food Misc.
29,181714,8986,B-107,Barrow County Food Pantry,FAIMPORT484318,,FOOD PANTRY,FOOD PANTRY-Agency,BLUE RECEIPT-SHL,MCW-01-10001,9,0,0,0.0,9,BARROW,0.0,5/31/2024 0:00,5/31/2024 0:00,Price Code 1,CUSTOMER PICKUP,False,Food Bank of Northeast Georgia,01,30680.0,Winder,"NON-FOOD ITEMS, SHL RETAIL PICKUPS",Non-Food Misc.
172,178016,875,P-104,Project Adam Community Asst Ct,480635,,ON PREMISES (OP),REHAB-Agency,BLUE RECEIPT-SHL,W-04-10000,25,0,0,0.0,25,BARROW,0.0,4/1/2024 13:41,4/1/2024 9:47,Price Code 1,CUSTOMER PICKUP,False,Sharing Floor Athens,01-SH,30680.0,Winder,"BREAD & BAKERY, ASSORTED SHL",Grains
917,182590,884,C-161,Church at Pierce Rd.,485193,,FP/OP,FOOD PANTRY-Agency,LFB,W-01-10003,11,0,0,0.0,11,BARROW,0.0,6/26/2024 9:39,6/26/2024 10:37,Price Code 1,CUSTOMER PICKUP,False,Food Bank of Northeast Georgia,01,30680.0,Winder,ASSORTED NON-FOOD ITEMS LFB,Non-Food Misc.
682,181190,696,C-170,Christ The King Ghana Methodist,483795,,DIRECT ASSISTANCE,FOOD PANTRY-Agency,LOCAL - LL,W-25-10000,22,0,0,0.0,22,BARROW,0.0,5/22/2024 15:05,5/22/2024 10:37,Price Code 1,CUSTOMER PICKUP,False,Sharing Floor Athens,01-SH,30680.0,Winder,"ASSORTED SNACK ITEMS, LL",Food Misc.
953,182367,8975,C-179,Crossview Church Food Pantry,FAIMPORT484971,,FP/GNAP/USDA,FOOD PANTRY-Agency,BLUE RECEIPT-SHL,MCC-07-10001,4,0,0,0.0,4,BARROW,0.0,6/14/2024 0:00,6/14/2024 0:00,Price Code 1,CUSTOMER PICKUP,False,Food Bank of Northeast Georgia,01,30548.0,Hoschton,"DAIRY PRODUCTS, SHL RETAIL PICKUPS",Dairy
682,181512,690,C-170,Christ The King Ghana Methodist,484116,,DIRECT ASSISTANCE,FOOD PANTRY-Agency,BLUE RECEIPT-SHL,W-03-10013,362,0,0,0.0,362,BARROW,0.0,5/29/2024 15:05,5/29/2024 10:42,Price Code 1,CUSTOMER PICKUP,False,Sharing Floor Athens,01-SH,30680.0,Winder,"ASSORTED BEVERAGES, SHL",Beverages
682,172861,875,C-170,Christ The King Ghana Methodist,476492,,DIRECT ASSISTANCE,FOOD PANTRY-Agency,BLUE RECEIPT-SHL,W-04-10000,23,0,0,0.0,23,BARROW,0.0,1/10/2024 15:05,1/10/2024 11:01,Price Code 1,CUSTOMER PICKUP,False,Sharing Floor Athens,01-SH,30680.0,Winder,"BREAD & BAKERY, ASSORTED SHL",Grains
863,175735,5772,A-148,Auburn First Baptist Church,478363,,FOOD PANTRY,FOOD PANTRY-Agency,LOCAL - LL,C-28-10000,178,0,0,5.34,178,BARROW,0.03,2/16/2024 8:05,2/16/2024 8:38,Price Code 1,CUSTOMER PICKUP,False,Sharing Floor Athens,01-SH,30011.0,Auburn,"PRODUCE, FRESH LL",Mixed Produce
1038,182010,683,C-184,"Called to Serve Georgia, Inc",484614,,FP/OP/USDA,FOOD PANTRY-Agency,BLUE RECEIPT-SHL,W-16-10001,9,0,0,0.0,9,BARROW,0.0,6/7/2024 8:36,6/7/2024 8:54,Price Code 1,CUSTOMER PICKUP,False,Sharing Floor Athens,01-SH,30680.0,Winder,MISC. FOOD BOX SHL,Food Misc.
497,182553,5407,W-119,Winder Freelife Church,485156,,FP/OP/GNAP/USDA,FOOD PANTRY-Agency,BLUE RECEIPT-SHL,F-15-10000,36,0,0,6.48,36,BARROW,0.18,6/25/2024 14:38,6/25/2024 14:11,Price Code 1,CUSTOMER PICKUP,False,Sharing Floor Athens,01-SH,30680.0,Winder,"MEAT & SEAFOOD, FROZEN SHL",Proteins
682,179099,1045,C-170,Christ The King Ghana Methodist,481713,,DIRECT ASSISTANCE,FOOD PANTRY-Agency,BLUE RECEIPT-SHL,W-25-10009,33,0,0,5.94,33,BARROW,0.18,4/17/2024 15:05,4/17/2024 10:24,Price Code 1,CUSTOMER PICKUP,False,Sharing Floor Athens,01-SH,30680.0,Winder,"ASSORTED SNACK ITEMS, SHL",Food Misc.
1013,179765,2202,S-143,"Spirit Of Sharing, INC",482378,,FP/GNAP/USDA,FOOD PANTRY-Agency,USDA,N-50-10240,15,0,0,0.0,330,BARROW,0.0,5/1/2024 9:00,5/1/2024 10:21,Price Code 1,TRUCK 1 MOBILE PANTRY,False,Food Bank of Northeast Georgia,01,30680.0,Winder,USDA SPAGHETTI,Grains
867,176025,7298,Y-108,YMCA of GA's Piedmont- Barrow County,478653,,FP/OP/GNAP/USDA,AT-RISK YOUTH-Agency,GNAP,N-40-10248,2,0,0,2.8,28,BARROW,0.1,2/27/2024 14:18,2/28/2024 15:06,Price Code 1,CUSTOMER PICKUP,False,Food Bank of Northeast Georgia,01,30680.0,Winder,GNAP BAKING AND BISCUIT MIX,Grains
867,181186,842,Y-108,YMCA of GA's Piedmont- Barrow County,483791,,FP/OP/GNAP/USDA,AT-RISK YOUTH-Agency,USDA,N-50-10021,4,0,0,19.44,108,BARROW,0.18,5/28/2024 9:00,5/28/2024 9:11,Price Code 1,CUSTOMER PICKUP,False,Food Bank of Northeast Georgia,01,30680.0,Winder,USDA DICED TOMATOES NO SALT CCC,Vegetables
172,179363,683,P-104,Project Adam Community Asst Ct,481976,,ON PREMISES (OP),REHAB-Agency,BLUE RECEIPT-SHL,W-16-10001,28,0,0,5.04,28,BARROW,0.18,4/22/2024 13:41,4/22/2024 9:46,Price Code 1,CUSTOMER PICKUP,False,Sharing Floor Athens,01-SH,30680.0,Winder,MISC. FOOD BOX SHL,Food Misc.
1013,178003,800,S-143,"Spirit Of Sharing, INC",480622,,FP/GNAP/USDA,FOOD PANTRY-Agency,USDA,N-50-10065,13,0,0,0.0,351,BARROW,0.0,4/3/2024 9:00,4/5/2024 13:52,Price Code 1,TRUCK 1 MOBILE PANTRY,False,Food Bank of Northeast Georgia,01,30680.0,Winder,USDA APPLESAUCE,Fruits
497,180298,7083,W-119,Winder Freelife Church,482904,,FP/OP/GNAP/USDA,FOOD PANTRY-Agency,USDA,C-50-10029,1,0,0,2.16,12,BARROW,0.18,5/15/2024 10:45,5/15/2024 10:50,Price Code 1,CUSTOMER PICKUP,False,Food Bank of Northeast Georgia,01,30680.0,Winder,"USDA MILD CHEDDAR CHEESE, BLOCK CCC",Dairy
172,173401,696,P-104,Project Adam Community Asst Ct,477030,,ON PREMISES (OP),REHAB-Agency,LOCAL - LL,W-25-10000,23,0,0,2.07,23,BARROW,0.09,1/22/2024 13:41,1/22/2024 11:01,Price Code 1,CUSTOMER PICKUP,False,Sharing Floor Athens,01-SH,30680.0,Winder,"ASSORTED SNACK ITEMS, LL",Food Misc.
1038,179717,170,C-184,"Called to Serve Georgia, Inc",482330,,FP/OP/USDA,FOOD PANTRY-Agency,USDA,N-50-10007,5,0,0,25.2,140,BARROW,0.18,5/3/2024 13:58,5/3/2024 14:07,Price Code 1,CUSTOMER PICKUP,False,Food Bank of Northeast Georgia,01,30680.0,Winder,"USDA CORN, WHOLE KERNEL NO SALT",Vegetables
29,181117,3203,B-107,Barrow County Food Pantry,483722,,FOOD PANTRY,FOOD PANTRY-Agency,USDA,N-50-10289,25,0,0,0.0,625,BARROW,0.0,5/23/2024 8:19,5/28/2024 7:55,Price Code 1,TRACTOR TRAILER 1 MOBILE PANTRY,False,Food Bank of Northeast Georgia,01,30680.0,Winder,USDA PECAN PIECES,Proteins
917,173257,5772,C-161,Church at Pierce Rd.,476886,,FP/OP,FOOD PANTRY-Agency,LOCAL - LL,C-28-10000,80,0,0,0.0,80,BARROW,0.0,1/26/2024 9:39,2/22/2024 10:05,Price Code 1,CUSTOMER PICKUP,False,Food Bank of Northeast Georgia,01,30680.0,Winder,"PRODUCE, FRESH LL",Mixed Produce
172,180704,1045,P-104,Project Adam Community Asst Ct,483310,,ON PREMISES (OP),REHAB-Agency,BLUE RECEIPT-SHL,W-25-10009,36,0,0,6.48,36,BARROW,0.18,5/13/2024 13:41,5/13/2024 10:26,Price Code 1,CUSTOMER PICKUP,False,Sharing Floor Athens,01-SH,30680.0,Winder,"ASSORTED SNACK ITEMS, SHL",Food Misc.
29,173390,8783,B-107,Barrow County Food Pantry,477019,,FOOD PANTRY,FOOD PANTRY-Agency,USDA,N-50-10308,25,0,0,0.0,575,BARROW,0.0,1/25/2024 7:00,1/25/2024 6:23,Price Code 1,TRACTOR TRAILER 1 MOBILE PANTRY,False,Food Bank of Northeast Georgia,01,30680.0,Winder,USDA RAISINS,Fruits
1040,177969,1230,H-159,Hills Temple FBH Church,480588,,FP/OP/GNAP/USDA,FB DIRECT ASSISTANCE-Agency,USDA,N-50-10097,1,0,0,1.14,38,BARROW,0.03,4/3/2024 8:12,4/3/2024 11:28,Price Code 1,CUSTOMER PICKUP,False,Food Bank of Northeast Georgia,01,30680.0,Winder,USDA CHERRY APPLE JUICE,Beverages
863,181666,5938,A-148,Auburn First Baptist Church,484270,,FOOD PANTRY,FOOD PANTRY-Agency,BLUE RECEIPT-SHL,C-28-10001,287,0,0,8.61,287,BARROW,0.03,5/31/2024 8:05,5/31/2024 8:25,Price Code 1,CUSTOMER PICKUP,False,Sharing Floor Athens,01-SH,30011.0,Auburn,"PRODUCE, FRESH SHL",Mixed Produce
172,181768,5938,P-104,Project Adam Community Asst Ct,484372,,ON PREMISES (OP),REHAB-Agency,BLUE RECEIPT-SHL,C-28-10001,49,0,0,1.47,49,BARROW,0.03,6/3/2024 13:41,6/3/2024 9:00,Price Code 1,CUSTOMER PICKUP,False,Sharing Floor Athens,01-SH,30680.0,Winder,"PRODUCE, FRESH SHL",Mixed Produce
953,173344,1356,C-179,Crossview Church Food Pantry,476973,,FP/GNAP/USDA,FOOD PANTRY-Agency,GNAP,N-40-10131,12,0,0,13.2,132,BARROW,0.1,1/24/2024 9:44,1/29/2024 11:55,Price Code 1,CONTACT FOR DELIVERY,False,Food Bank of Northeast Georgia,01,30548.0,Hoschton,GNAP CHUNK CHICKEN,Proteins
600,178969,8873,S-140,SYTGE (Seeing You Through God's Eyes) Outreach Ministry,481583,,FOOD PANTRY,FOOD PANTRY-Agency,YELLOW RECEIPT - SHN,F-10-10001,4,0,0,0.36,12,BARROW,0.03,4/18/2024 13:46,4/18/2024 10:44,Price Code 1,CUSTOMER PICKUP,False,Food Bank of Northeast Georgia,01,30680.0,Winder,OUTSHINE STRAWBERRY BANANA SMOOTHIE CUBES,Beverages
479,176285,683,W-118,Winder Wesleyan Church,478910,,FP/OP,FOOD PANTRY-Agency,BLUE RECEIPT-SHL,W-16-10001,59,0,0,10.62,59,BARROW,0.18,2/27/2024 10:24,2/27/2024 10:29,Price Code 1,CUSTOMER PICKUP,False,Sharing Floor Athens,01-SH,30680.0,Winder,MISC. FOOD BOX SHL,Food Misc.
497,181441,5938,W-119,Winder Freelife Church,484045,,FP/OP/GNAP/USDA,FOOD PANTRY-Agency,BLUE RECEIPT-SHL,C-28-10001,134,0,0,4.02,134,BARROW,0.03,5/28/2024 14:38,5/28/2024 10:43,Price Code 1,CUSTOMER PICKUP,False,Sharing Floor Athens,01-SH,30680.0,Winder,"PRODUCE, FRESH SHL",Mixed Produce
1013,175108,6477,S-143,"Spirit Of Sharing, INC",477738,,FP/GNAP/USDA,FOOD PANTRY-Agency,LOCAL - LL,C-28-90151,1500,0,0,0.0,1500,BARROW,0.0,2/7/2024 9:00,2/14/2024 9:38,Price Code 1,TRUCK 1 MOBILE PANTRY,False,Food Bank of Northeast Georgia,01,30680.0,Winder,GNAP WATERMELONS,Fruits
172,175968,8959,P-104,Project Adam Community Asst Ct,478596,,ON PREMISES (OP),REHAB-Agency,YELLOW RECEIPT - SHN,N-25-11958,4,0,0,5.76,32,BARROW,0.18,2/26/2024 13:41,2/26/2024 9:44,Price Code 1,CUSTOMER PICKUP,False,Food Bank of Northeast Georgia,01,30680.0,Winder,RITZ CRACKERS FAMILY SIZE,Grains
29,182517,4406,B-107,Barrow County Food Pantry,485120,,FOOD PANTRY,FOOD PANTRY-Agency,USDA,N-50-10288,20,0,0,0.0,460,BARROW,0.0,6/27/2024 7:00,6/27/2024 9:27,Price Code 1,TRACTOR TRAILER 1 MOBILE PANTRY,False,Food Bank of Northeast Georgia,01,30680.0,Winder,USDA PREMIUM WHITE CHICKEN IN POUCHES,Proteins
781,175351,1045,R-130,"Richard C. Wilson Recovery Residence, INC",477980,,ON PREMISES (OP),REHAB-Agency,BLUE RECEIPT-SHL,W-25-10009,61,0,0,10.98,61,BARROW,0.18,2/8/2024 9:09,2/8/2024 11:48,Price Code 1,CUSTOMER PICKUP,False,Sharing Floor Athens,01-SH,30666.0,Statham,"ASSORTED SNACK ITEMS, SHL",Food Misc.
781,178656,5938,R-130,"Richard C. Wilson Recovery Residence, INC",481272,,ON PREMISES (OP),REHAB-Agency,BLUE RECEIPT-SHL,C-28-10001,27,0,0,0.81,27,BARROW,0.03,4/10/2024 9:09,4/10/2024 9:37,Price Code 1,CUSTOMER PICKUP,False,Sharing Floor Athens,01-SH,30666.0,Statham,"PRODUCE, FRESH SHL",Mixed Produce
953,177720,8720,C-179,Crossview Church Food Pantry,480339,,FP/GNAP/USDA,FOOD PANTRY-Agency,USDA,N-50-10305,4,0,0,10.08,56,BARROW,0.18,3/27/2024 10:50,3/27/2024 9:26,Price Code 1,CONTACT FOR DELIVERY,False,Food Bank of Northeast Georgia,01,30548.0,Hoschton,USDA MIXED VegetablesCCC,Vegetables
917,177355,690,C-161,Church at Pierce Rd.,479975,,FP/OP,FOOD PANTRY-Agency,BLUE RECEIPT-SHL,W-03-10013,101,0,0,0.0,101,BARROW,0.0,3/15/2024 9:39,3/15/2024 10:02,Price Code 1,CUSTOMER PICKUP,False,Sharing Floor Athens,01-SH,30680.0,Winder,"ASSORTED BEVERAGES, SHL",Beverages
576,178167,4715,F2KBARROW,Food 2 Kids Barrow County,480786,,DIRECT ASSISTANCE,DIRECT ASSISTANCE-Agency,USDA,F-50-90461,5,0,0,0.0,200,BARROW,0.0,4/10/2024 9:00,4/10/2024 9:40,Price Code 1,TRUCK 1 MOBILE PANTRY,False,Food Bank of Northeast Georgia,01,,Athens,USDA ALASKAN POLLACK FISH FILLETS,Proteins
682,173911,8698,C-170,Christ The King Ghana Methodist,477540,,DIRECT ASSISTANCE,FOOD PANTRY-Agency,LOCAL - LL,F-88-10000,178,0,0,0.0,178,BARROW,0.0,1/31/2024 15:05,1/31/2024 11:10,Price Code 1,CUSTOMER PICKUP,False,Sharing Floor Athens,01-SH,30680.0,Winder,LFPA GROUND BEEF CHUBS,Proteins
682,181190,5407,C-170,Christ The King Ghana Methodist,483795,,DIRECT ASSISTANCE,FOOD PANTRY-Agency,BLUE RECEIPT-SHL,F-15-10000,140,0,0,25.2,140,BARROW,0.18,5/22/2024 15:05,5/22/2024 10:37,Price Code 1,CUSTOMER PICKUP,False,Sharing Floor Athens,01-SH,30680.0,Winder,"MEAT & SEAFOOD, FROZEN SHL",Proteins
781,178970,8738,R-130,"Richard C. Wilson Recovery Residence, INC",481584,,ON PREMISES (OP),REHAB-Agency,YELLOW RECEIPT - SHN,N-03-11738,1,0,0,0.0,33,BARROW,0.0,4/18/2024 9:09,4/18/2024 10:53,Price Code 1,CUSTOMER PICKUP,False,Food Bank of Northeast Georgia,01,30666.0,Statham,MT DEW MAJOR MELON 20 FL OZ,Beverages
172,179952,50,P-104,Project Adam Community Asst Ct,482561,,ON PREMISES (OP),REHAB-Agency,LOCAL - LL,W-16-10002,99,0,0,17.82,99,BARROW,0.18,5/1/2024 13:41,5/1/2024 10:53,Price Code 1,CUSTOMER PICKUP,False,Sharing Floor Athens,01-SH,30680.0,Winder,MISC. FOOD BOX LL,Food Misc.
1013,176588,8761,S-143,"Spirit Of Sharing, INC",479212,,FP/GNAP/USDA,FOOD PANTRY-Agency,USDA,N-50-10306,13,0,0,0.0,325,BARROW,0.0,3/6/2024 9:00,3/6/2024 10:23,Price Code 1,TRUCK 1 MOBILE PANTRY,False,Food Bank of Northeast Georgia,01,30680.0,Winder,USDA WHOLE DEGLET DATES,Fruits
682,178664,875,C-170,Christ The King Ghana Methodist,481280,,DIRECT ASSISTANCE,FOOD PANTRY-Agency,BLUE RECEIPT-SHL,W-04-10000,124,0,0,0.0,124,BARROW,0.0,4/10/2024 15:05,4/10/2024 10:48,Price Code 1,CUSTOMER PICKUP,False,Sharing Floor Athens,01-SH,30680.0,Winder,"BREAD & BAKERY, ASSORTED SHL",Grains
1040,181389,9062,H-159,Hills Temple FBH Church,483993,,FP/OP/GNAP/USDA,FB DIRECT ASSISTANCE-Agency,LOCAL - LL,N-25-11975,4,0,0,2.16,12,BARROW,0.18,6/4/2024 8:30,6/4/2024 13:51,Price Code 1,CUSTOMER PICKUP,False,Food Bank of Northeast Georgia,01,30680.0,Winder,DOVE DARK CHOCOLATE & PEANUT BUTTER,Food Misc.
585,172713,3943,F2K360BAR,F2K360 BARROW,476344,,FP/OP/GNAP/USDA,DIRECT ASSISTANCE-Agency,USDA,N-50-10268,12,0,0,0.0,456,BARROW,0.0,1/10/2024 9:00,1/10/2024 12:56,Price Code 1,TRUCK 1 MOBILE PANTRY,False,Food Bank of Northeast Georgia,01,30607.0,ATHENS,USDA APPLE JUICE,Beverages
1040,179364,690,H-159,Hills Temple FBH Church,481977,,FP/OP/GNAP/USDA,FB DIRECT ASSISTANCE-Agency,BLUE RECEIPT-SHL,W-03-10013,230,0,0,0.0,230,BARROW,0.0,4/22/2024 9:48,4/22/2024 9:52,Price Code 1,CUSTOMER PICKUP,False,Sharing Floor Athens,01-SH,30680.0,Winder,"ASSORTED BEVERAGES, SHL",Beverages
867,176025,8957,Y-108,YMCA of GA's Piedmont- Barrow County,478653,,FP/OP/GNAP/USDA,AT-RISK YOUTH-Agency,YELLOW RECEIPT - SHN,N-25-11956,13,0,0,9.36,52,BARROW,0.18,2/27/2024 14:18,2/28/2024 15:06,Price Code 1,CUSTOMER PICKUP,False,Food Bank of Northeast Georgia,01,30680.0,Winder,HONEYMAID GRAHAM CRACKERS,Grains
29,182921,8972,B-107,Barrow County Food Pantry,FAIMPORT485522,,FOOD PANTRY,FOOD PANTRY-Agency,BLUE RECEIPT-SHL,MCF-15-10000,47,0,0,0.0,47,BARROW,0.0,6/12/2024 0:00,6/12/2024 0:00,Price Code 1,CUSTOMER PICKUP,False,Food Bank of Northeast Georgia,01,30680.0,Winder,"FROZEN MEAT & SEAFOOD, SHL RETAIL PICKUP",Proteins
1040,178047,875,H-159,Hills Temple FBH Church,480666,,FP/OP/GNAP/USDA,FB DIRECT ASSISTANCE-Agency,BLUE RECEIPT-SHL,W-04-10000,59,0,0,0.0,59,BARROW,0.0,4/1/2024 14:14,4/1/2024 14:18,Price Code 1,CUSTOMER PICKUP,False,Sharing Floor Athens,01-SH,30680.0,Winder,"BREAD & BAKERY, ASSORTED SHL",Grains
867,179309,9020,Y-108,YMCA of GA's Piedmont- Barrow County,481922,,FP/OP/GNAP/USDA,AT-RISK YOUTH-Agency,BLUE RECEIPT-SHL,F-15-90560,7,0,0,22.68,126,BARROW,0.18,4/24/2024 14:18,4/24/2024 10:56,Price Code 1,CUSTOMER PICKUP,False,Food Bank of Northeast Georgia,01,30680.0,Winder,APPLETON PORK SAUSAGE,Proteins
863,175735,690,A-148,Auburn First Baptist Church,478363,,FOOD PANTRY,FOOD PANTRY-Agency,BLUE RECEIPT-SHL,W-03-10013,252,0,0,0.0,252,BARROW,0.0,2/16/2024 8:05,2/16/2024 8:38,Price Code 1,CUSTOMER PICKUP,False,Sharing Floor Athens,01-SH,30011.0,Auburn,"ASSORTED BEVERAGES, SHL",Beverages
867,177359,875,Y-108,YMCA of GA's Piedmont- Barrow County,479979,,FP/OP/GNAP/USDA,AT-RISK YOUTH-Agency,BLUE RECEIPT-SHL,W-04-10000,94,0,0,0.0,94,BARROW,0.0,3/15/2024 14:18,3/15/2024 10:30,Price Code 1,CUSTOMER PICKUP,False,Sharing Floor Athens,01-SH,30680.0,Winder,"BREAD & BAKERY, ASSORTED SHL",Grains
29,173166,4555,B-107,Barrow County Food Pantry,476796,,FOOD PANTRY,FOOD PANTRY-Agency,USDA,F-50-90042,44,0,0,316.8,1760,BARROW,0.18,1/25/2024 0:00,2/22/2024 6:27,Price Code 1,TRACTOR TRAILER 1 MOBILE PANTRY,False,Food Bank of Northeast Georgia,01,30680.0,Winder,USDA CHICKEN DRUMSTICKS CCC,Proteins
1040,178956,875,H-159,Hills Temple FBH Church,481570,,FP/OP/GNAP/USDA,FB DIRECT ASSISTANCE-Agency,BLUE RECEIPT-SHL,W-04-10000,111,0,0,0.0,111,BARROW,0.0,4/15/2024 9:29,4/15/2024 9:42,Price Code 1,CUSTOMER PICKUP,False,Sharing Floor Athens,01-SH,30680.0,Winder,"BREAD & BAKERY, ASSORTED SHL",Grains
781,181181,683,R-130,"Richard C. Wilson Recovery Residence, INC",483786,,ON PREMISES (OP),REHAB-Agency,BLUE RECEIPT-SHL,W-16-10001,144,0,0,25.92,144,BARROW,0.18,5/22/2024 9:09,5/22/2024 9:24,Price Code 1,CUSTOMER PICKUP,False,Sharing Floor Athens,01-SH,30666.0,Statham,MISC. FOOD BOX SHL,Food Misc.
1040,177969,5088,H-159,Hills Temple FBH Church,480588,,FP/OP/GNAP/USDA,FB DIRECT ASSISTANCE-Agency,USDA,F-50-90023,5,0,0,0.0,125,BARROW,0.0,4/3/2024 8:12,4/3/2024 11:28,Price Code 1,CUSTOMER PICKUP,False,Food Bank of Northeast Georgia,01,30680.0,Winder,USDA FROZEN PEACHES CCC,Fruits
1013,178003,170,S-143,"Spirit Of Sharing, INC",480622,,FP/GNAP/USDA,FOOD PANTRY-Agency,USDA,N-50-10007,13,0,0,0.0,364,BARROW,0.0,4/3/2024 9:00,4/5/2024 13:52,Price Code 1,TRUCK 1 MOBILE PANTRY,False,Food Bank of Northeast Georgia,01,30680.0,Winder,"USDA CORN, WHOLE KERNEL NO SALT",Vegetables
781,172467,5407,R-130,"Richard C. Wilson Recovery Residence, INC",476098,,ON PREMISES (OP),REHAB-Agency,BLUE RECEIPT-SHL,F-15-10000,151,0,0,27.18,151,BARROW,0.18,1/3/2024 9:09,1/3/2024 10:30,Price Code 1,CUSTOMER PICKUP,False,Sharing Floor Athens,01-SH,30666.0,Statham,"MEAT & SEAFOOD, FROZEN SHL",Proteins
867,179737,9036,Y-108,YMCA of GA's Piedmont- Barrow County,482350,,FP/OP/GNAP/USDA,AT-RISK YOUTH-Agency,GNAP,N-40-10273,6,0,0,0.0,84,BARROW,0.0,5/3/2024 10:00,5/3/2024 10:51,Price Code 1,CUSTOMER PICKUP,False,Food Bank of Northeast Georgia,01,30680.0,Winder,GNAP PASTA O'S IN TOMATO SAUCE,Prepared Meals
867,178663,8997,Y-108,YMCA of GA's Piedmont- Barrow County,481279,,FP/OP/GNAP/USDA,AT-RISK YOUTH-Agency,USDA,N-50-10312,3,0,0,6.48,36,BARROW,0.18,4/15/2024 14:18,4/15/2024 14:42,Price Code 1,CUSTOMER PICKUP,False,Food Bank of Northeast Georgia,01,30680.0,Winder,USDA CHILI W/ BEANS CCC,Prepared Meals
29,173390,170,B-107,Barrow County Food Pantry,477019,,FOOD PANTRY,FOOD PANTRY-Agency,USDA,N-50-10007,25,0,0,0.0,700,BARROW,0.0,1/25/2024 7:00,1/25/2024 6:23,Price Code 1,TRACTOR TRAILER 1 MOBILE PANTRY,False,Food Bank of Northeast Georgia,01,30680.0,Winder,"USDA CORN, WHOLE KERNEL NO SALT",Vegetables
682,177638,5772,C-170,Christ The King Ghana Methodist,480258,,DIRECT ASSISTANCE,FOOD PANTRY-Agency,LOCAL - LL,C-28-10000,291,0,0,8.73,291,BARROW,0.03,3/20/2024 15:05,3/20/2024 10:27,Price Code 1,CUSTOMER PICKUP,False,Sharing Floor Athens,01-SH,30680.0,Winder,"PRODUCE, FRESH LL",Mixed Produce
867,173402,8903,Y-108,YMCA of GA's Piedmont- Barrow County,477031,,FP/OP/GNAP/USDA,AT-RISK YOUTH-Agency,YELLOW RECEIPT - SHN,N-16-10181,8,0,0,7.2,40,BARROW,0.18,1/25/2024 11:26,1/26/2024 10:32,Price Code 1,CUSTOMER PICKUP,False,Food Bank of Northeast Georgia,01,30680.0,Winder,STOVE TOP STUFFING - TURKEY/CHICKEN/CORNBREAD,Prepared Meals
781,176344,683,R-130,"Richard C. Wilson Recovery Residence, INC",478969,,ON PREMISES (OP),REHAB-Agency,BLUE RECEIPT-SHL,W-16-10001,184,0,0,33.12,184,BARROW,0.18,2/28/2024 9:09,2/28/2024 8:41,Price Code 1,CUSTOMER PICKUP,False,Sharing Floor Athens,01-SH,30666.0,Statham,MISC. FOOD BOX SHL,Food Misc.
953,173344,8907,C-179,Crossview Church Food Pantry,476973,,FP/GNAP/USDA,FOOD PANTRY-Agency,GNAP,N-40-10267,10,0,0,13.0,130,BARROW,0.1,1/24/2024 9:44,1/29/2024 11:55,Price Code 1,CONTACT FOR DELIVERY,False,Food Bank of Northeast Georgia,01,30548.0,Hoschton,GNAP SPAGHETTI W/ MEATBALLS,Prepared Meals
479,175981,8665,W-118,Winder Wesleyan Church,478609,,FP/OP,FOOD PANTRY-Agency,BLUE RECEIPT-SHL,N-03-11268,2,0,0,1.38,46,BARROW,0.03,2/27/2024 9:00,2/27/2024 9:38,Price Code 1,CUSTOMER PICKUP,False,Food Bank of Northeast Georgia,01,30680.0,Winder,PROPEL BERRY/KIWISTRAW/GRAPE,Beverages
917,172667,8911,C-161,Church at Pierce Rd.,476298,,FP/OP,FOOD PANTRY-Agency,BLUE RECEIPT-SHL,N-03-11797,2,0,0,0.0,36,BARROW,0.0,1/12/2024 9:39,1/12/2024 13:11,Price Code 1,CUSTOMER PICKUP,False,Food Bank of Northeast Georgia,01,30680.0,Winder,GATORADE ZERO COOL BLUE,Beverages
863,179242,5407,A-148,Auburn First Baptist Church,481855,,FOOD PANTRY,FOOD PANTRY-Agency,BLUE RECEIPT-SHL,F-15-10000,109,0,0,19.62,109,BARROW,0.18,4/19/2024 8:05,4/19/2024 8:26,Price Code 1,CUSTOMER PICKUP,False,Sharing Floor Athens,01-SH,30011.0,Auburn,"MEAT & SEAFOOD, FROZEN SHL",Proteins
917,181674,683,C-161,Church at Pierce Rd.,484278,,FP/OP,FOOD PANTRY-Agency,BLUE RECEIPT-SHL,W-16-10001,70,0,0,12.6,70,BARROW,0.18,5/31/2024 9:39,5/31/2024 9:48,Price Code 1,CUSTOMER PICKUP,False,Sharing Floor Athens,01-SH,30680.0,Winder,MISC. FOOD BOX SHL,Food Misc.
917,176083,92,C-161,Church at Pierce Rd.,478710,,FP/OP,FOOD PANTRY-Agency,LOCAL - LL,W-01-10002,30,0,0,0.0,30,BARROW,0.0,2/23/2024 9:39,2/23/2024 9:56,Price Code 1,CUSTOMER PICKUP,False,Sharing Floor Athens,01-SH,30680.0,Winder,"ASSORTED NON-FOOD ITEMS, LL",Non-Food Misc.
1040,177969,8918,H-159,Hills Temple FBH Church,480588,,FP/OP/GNAP/USDA,FB DIRECT ASSISTANCE-Agency,LOCAL - LL,N-25-11950,6,0,0,2.16,12,BARROW,0.18,4/3/2024 8:12,4/3/2024 11:28,Price Code 1,CUSTOMER PICKUP,False,Food Bank of Northeast Georgia,01,30680.0,Winder,GHIRARDELLI DARK CHOCOLATE,Food Misc.
863,175020,5958,A-148,Auburn First Baptist Church,477650,,FOOD PANTRY,FOOD PANTRY-Agency,BLUE RECEIPT-SHL,C-16-10001,40,0,0,7.2,40,BARROW,0.18,2/2/2024 8:05,2/2/2024 8:37,Price Code 1,CUSTOMER PICKUP,False,Sharing Floor Athens,01-SH,30011.0,Auburn,"COOLER FOOD, MISC. SHL",Food Misc.
953,178719,8972,C-179,Crossview Church Food Pantry,FAIMPORT481333,,FP/GNAP/USDA,FOOD PANTRY-Agency,BLUE RECEIPT-SHL,MCF-15-10000,705,0,0,0.0,705,BARROW,0.0,4/8/2024 0:00,4/8/2024 0:00,Price Code 1,CUSTOMER PICKUP,False,Food Bank of Northeast Georgia,01,30548.0,Hoschton,"FROZEN MEAT & SEAFOOD, SHL RETAIL PICKUP",Proteins
600,175471,8837,S-140,SYTGE (Seeing You Through God's Eyes) Outreach Ministry,478100,,FOOD PANTRY,FOOD PANTRY-Agency,BLUE RECEIPT-SHL,N-03-11773,3,0,0,0.0,30,BARROW,0.0,2/15/2024 13:46,2/15/2024 10:15,Price Code 1,CUSTOMER PICKUP,False,Food Bank of Northeast Georgia,01,30680.0,Winder,MT DEW PASSSIONFRUIT PUNCH,Beverages
172,176616,875,P-104,Project Adam Community Asst Ct,479240,,ON PREMISES (OP),REHAB-Agency,BLUE RECEIPT-SHL,W-04-10000,12,0,0,0.0,12,BARROW,0.0,3/4/2024 13:41,3/4/2024 10:51,Price Code 1,CUSTOMER PICKUP,False,Sharing Floor Athens,01-SH,30680.0,Winder,"BREAD & BAKERY, ASSORTED SHL",Grains
172,178016,696,P-104,Project Adam Community Asst Ct,480635,,ON PREMISES (OP),REHAB-Agency,LOCAL - LL,W-25-10000,23,0,0,4.14,23,BARROW,0.18,4/1/2024 13:41,4/1/2024 9:47,Price Code 1,CUSTOMER PICKUP,False,Sharing Floor Athens,01-SH,30680.0,Winder,"ASSORTED SNACK ITEMS, LL",Food Misc.
172,181768,875,P-104,Project Adam Community Asst Ct,484372,,ON PREMISES (OP),REHAB-Agency,BLUE RECEIPT-SHL,W-04-10000,54,0,0,0.0,54,BARROW,0.0,6/3/2024 13:41,6/3/2024 9:00,Price Code 1,CUSTOMER PICKUP,False,Sharing Floor Athens,01-SH,30680.0,Winder,"BREAD & BAKERY, ASSORTED SHL",Grains
781,176598,92,R-130,"Richard C. Wilson Recovery Residence, INC",479222,,ON PREMISES (OP),REHAB-Agency,LOCAL - LL,W-01-10002,10,0,0,1.8,10,BARROW,0.18,3/4/2024 9:09,3/4/2024 8:38,Price Code 1,CUSTOMER PICKUP,False,Sharing Floor Athens,01-SH,30666.0,Statham,"ASSORTED NON-FOOD ITEMS, LL",Non-Food Misc.
867,176025,8720,Y-108,YMCA of GA's Piedmont- Barrow County,478653,,FP/OP/GNAP/USDA,AT-RISK YOUTH-Agency,USDA,N-50-10305,6,0,0,15.12,84,BARROW,0.18,2/27/2024 14:18,2/28/2024 15:06,Price Code 1,CUSTOMER PICKUP,False,Food Bank of Northeast Georgia,01,30680.0,Winder,USDA MIXED VegetablesCCC,Vegetables
29,177776,800,B-107,Barrow County Food Pantry,480395,,FOOD PANTRY,FOOD PANTRY-Agency,USDA,N-50-10065,25,0,0,0.0,675,BARROW,0.0,3/28/2024 7:00,3/28/2024 6:02,Price Code 1,TRACTOR TRAILER 1 MOBILE PANTRY,False,Food Bank of Northeast Georgia,01,30680.0,Winder,USDA APPLESAUCE,Fruits
917,177355,5681,C-161,Church at Pierce Rd.,479975,,FP/OP,FOOD PANTRY-Agency,LOCAL - LL,C-16-10000,70,0,0,12.6,70,BARROW,0.18,3/15/2024 9:39,3/15/2024 10:02,Price Code 1,CUSTOMER PICKUP,False,Sharing Floor Athens,01-SH,30680.0,Winder,"COOLER FOOD, MISC. LL",Food Misc.
953,173694,92,C-179,Crossview Church Food Pantry,477323,,FP/GNAP/USDA,FOOD PANTRY-Agency,LOCAL - LL,W-01-10002,1,0,0,0.18,1,BARROW,0.18,1/26/2024 13:59,1/26/2024 14:02,Price Code 1,CUSTOMER PICKUP,False,Sharing Floor Athens,01-SH,30548.0,Hoschton,"ASSORTED NON-FOOD ITEMS, LL",Non-Food Misc.
864,178577,5938,W-124,Winder Church of God of Prophecy,481193,,FP/OP,FOOD PANTRY-Agency,BLUE RECEIPT-SHL,C-28-10001,23,0,0,0.69,23,BARROW,0.03,4/9/2024 12:22,4/9/2024 8:30,Price Code 1,CUSTOMER PICKUP,False,Sharing Floor Athens,01-SH,30680.0,Winder,"PRODUCE, FRESH SHL",Mixed Produce
172,178116,8918,P-104,Project Adam Community Asst Ct,480735,,ON PREMISES (OP),REHAB-Agency,LOCAL - LL,N-25-11950,4,0,0,1.44,8,BARROW,0.18,4/8/2024 10:00,4/8/2024 10:29,Price Code 1,CUSTOMER PICKUP,False,Food Bank of Northeast Georgia,01,30680.0,Winder,GHIRARDELLI DARK CHOCOLATE,Food Misc.
172,173928,8922,P-104,Project Adam Community Asst Ct,477557,,ON PREMISES (OP),REHAB-Agency,LOCAL - LL,N-25-11954,5,0,0,4.5,25,BARROW,0.18,2/5/2024 13:41,2/5/2024 11:27,Price Code 1,CUSTOMER PICKUP,False,Food Bank of Northeast Georgia,01,30680.0,Winder,ATKINS VAR PACK CHOC PEANUT/CARAMEL,Food Misc.
172,175630,8922,P-104,Project Adam Community Asst Ct,478258,,ON PREMISES (OP),REHAB-Agency,LOCAL - LL,N-25-11954,4,0,0,3.6,20,BARROW,0.18,2/20/2024 13:41,2/20/2024 10:41,Price Code 1,CUSTOMER PICKUP,False,Food Bank of Northeast Georgia,01,30680.0,Winder,ATKINS VAR PACK CHOC PEANUT/CARAMEL,Food Misc.
867,178008,2414,Y-108,YMCA of GA's Piedmont- Barrow County,480627,,FP/OP/GNAP/USDA,AT-RISK YOUTH-Agency,USDA,N-50-10244,4,0,0,25.92,144,BARROW,0.18,4/5/2024 10:00,4/5/2024 10:01,Price Code 1,CUSTOMER PICKUP,False,Food Bank of Northeast Georgia,01,30680.0,Winder,USDA CANNED BEEF CCC,Proteins
917,175398,696,C-161,Church at Pierce Rd.,478027,,FP/OP,FOOD PANTRY-Agency,LOCAL - LL,W-25-10000,27,0,0,4.86,27,BARROW,0.18,2/9/2024 9:39,2/9/2024 9:46,Price Code 1,CUSTOMER PICKUP,False,Sharing Floor Athens,01-SH,30680.0,Winder,"ASSORTED SNACK ITEMS, LL",Food Misc.
1038,179717,8869,C-184,"Called to Serve Georgia, Inc",482330,,FP/OP/USDA,FOOD PANTRY-Agency,YELLOW RECEIPT - SHN,N-20-10004,1,0,0,0.54,3,BARROW,0.18,5/3/2024 13:58,5/3/2024 14:07,Price Code 1,CUSTOMER PICKUP,False,Food Bank of Northeast Georgia,01,30680.0,Winder,PAMPERS PREEMIE SWADDLERS,Non-Food Misc.
29,181715,8973,B-107,Barrow County Food Pantry,FAIMPORT484319,,FOOD PANTRY,FOOD PANTRY-Agency,BLUE RECEIPT-SHL,MCC-16-10001,38,0,0,0.0,38,BARROW,0.0,5/23/2024 0:00,5/23/2024 0:00,Price Code 1,CUSTOMER PICKUP,False,Food Bank of Northeast Georgia,01,30680.0,Winder,"COOLER FOOD MISC., SHL RETAIL PICKUP",Food Misc.
172,178955,1045,P-104,Project Adam Community Asst Ct,481569,,ON PREMISES (OP),REHAB-Agency,BLUE RECEIPT-SHL,W-25-10009,19,0,0,3.42,19,BARROW,0.18,4/15/2024 13:41,4/15/2024 9:27,Price Code 1,CUSTOMER PICKUP,False,Sharing Floor Athens,01-SH,30680.0,Winder,"ASSORTED SNACK ITEMS, SHL",Food Misc.
600,179648,5637,S-140,SYTGE (Seeing You Through God's Eyes) Outreach Ministry,482261,,FOOD PANTRY,FOOD PANTRY-Agency,USDA,F-50-90019,3,0,0,0.0,90,BARROW,0.0,4/30/2024 13:46,4/30/2024 14:01,Price Code 1,CUSTOMER PICKUP,False,Food Bank of Northeast Georgia,01,30680.0,Winder,USDA FROZEN BLUEBERRIES CCC,Fruits
781,178656,875,R-130,"Richard C. Wilson Recovery Residence, INC",481272,,ON PREMISES (OP),REHAB-Agency,BLUE RECEIPT-SHL,W-04-10000,36,0,0,0.0,36,BARROW,0.0,4/10/2024 9:09,4/10/2024 9:37,Price Code 1,CUSTOMER PICKUP,False,Sharing Floor Athens,01-SH,30666.0,Statham,"BREAD & BAKERY, ASSORTED SHL",Grains
576,180247,9040,F2KBARROW,Food 2 Kids Barrow County,482853,,DIRECT ASSISTANCE,DIRECT ASSISTANCE-Agency,LOCAL - LL,N-11-11073,4,0,0,0.0,100,BARROW,0.0,5/8/2024 9:00,5/9/2024 9:40,Price Code 1,TRUCK 1 MOBILE PANTRY,False,Food Bank of Northeast Georgia,01,,Athens,COUSCOUS,Grains
863,172980,5772,A-148,Auburn First Baptist Church,476610,,FOOD PANTRY,FOOD PANTRY-Agency,LOCAL - LL,C-28-10000,529,0,0,15.87,529,BARROW,0.03,1/12/2024 8:05,1/12/2024 8:19,Price Code 1,CUSTOMER PICKUP,False,Sharing Floor Athens,01-SH,30011.0,Auburn,"PRODUCE, FRESH LL",Mixed Produce
953,177200,8975,C-179,Crossview Church Food Pantry,FAIMPORT479820,,FP/GNAP/USDA,FOOD PANTRY-Agency,BLUE RECEIPT-SHL,MCC-07-10001,239,0,0,0.0,239,BARROW,0.0,3/11/2024 0:00,3/11/2024 0:00,Price Code 1,CUSTOMER PICKUP,False,Food Bank of Northeast Georgia,01,30548.0,Hoschton,"DAIRY PRODUCTS, SHL RETAIL PICKUPS",Dairy
497,175286,683,W-119,Winder Freelife Church,477915,,FP/OP/GNAP/USDA,FOOD PANTRY-Agency,BLUE RECEIPT-SHL,W-16-10001,27,0,0,4.86,27,BARROW,0.18,2/7/2024 14:38,2/7/2024 11:33,Price Code 1,CUSTOMER PICKUP,False,Sharing Floor Athens,01-SH,30680.0,Winder,MISC. FOOD BOX SHL,Food Misc.
917,176945,8987,C-161,Church at Pierce Rd.,479567,,FP/OP,FOOD PANTRY-Agency,BLUE RECEIPT-SHL,F-15-90558,10,0,0,45.0,250,BARROW,0.18,3/15/2024 9:39,3/15/2024 10:29,Price Code 1,CUSTOMER PICKUP,False,Food Bank of Northeast Georgia,01,30680.0,Winder,PERDUE CHICKEN DRUMSTICKS,Proteins
781,175670,5958,R-130,"Richard C. Wilson Recovery Residence, INC",478298,,ON PREMISES (OP),REHAB-Agency,BLUE RECEIPT-SHL,C-16-10001,80,0,0,14.4,80,BARROW,0.18,2/15/2024 9:09,2/15/2024 8:32,Price Code 1,CUSTOMER PICKUP,False,Sharing Floor Athens,01-SH,30666.0,Statham,"COOLER FOOD, MISC. SHL",Food Misc.
172,172945,8846,P-104,Project Adam Community Asst Ct,476576,,ON PREMISES (OP),REHAB-Agency,BLUE RECEIPT-SHL,N-03-11774,5,0,0,0.0,115,BARROW,0.0,1/17/2024 13:41,1/18/2024 12:28,Price Code 1,CUSTOMER PICKUP,False,Food Bank of Northeast Georgia,01,30680.0,Winder,PURE LEAF UNSWEETENED TEA,Beverages
682,178241,5938,C-170,Christ The King Ghana Methodist,480857,,DIRECT ASSISTANCE,FOOD PANTRY-Agency,BLUE RECEIPT-SHL,C-28-10001,265,0,0,7.95,265,BARROW,0.03,4/3/2024 15:05,4/3/2024 10:40,Price Code 1,CUSTOMER PICKUP,False,Sharing Floor Athens,01-SH,30680.0,Winder,"PRODUCE, FRESH SHL",Mixed Produce
917,176563,8966,C-161,Church at Pierce Rd.,479187,,FP/OP,FOOD PANTRY-Agency,YELLOW RECEIPT - SHN,N-15-10049,2,0,0,2.16,12,BARROW,0.18,3/7/2024 9:39,3/8/2024 11:38,Price Code 1,CUSTOMER PICKUP,False,Food Bank of Northeast Georgia,01,30680.0,Winder,FIRE CRACKER REDHOT PICKLED SAUSAGE,Proteins
953,182652,8974,C-179,Crossview Church Food Pantry,FAIMPORT485255,,FP/GNAP/USDA,FOOD PANTRY-Agency,BLUE RECEIPT-SHL,MCW-04-10000,15,0,0,0.0,15,BARROW,0.0,6/26/2024 0:00,6/26/2024 0:00,Price Code 1,CUSTOMER PICKUP,False,Food Bank of Northeast Georgia,01,30548.0,Hoschton,"BREAD AND BAKERY, SHL RETAIL PICKUPS",Grains
1040,177969,3204,H-159,Hills Temple FBH Church,480588,,FP/OP/GNAP/USDA,FB DIRECT ASSISTANCE-Agency,GNAP,N-40-10217,9,0,0,0.0,81,BARROW,0.0,4/3/2024 8:12,4/3/2024 11:28,Price Code 1,CUSTOMER PICKUP,False,Food Bank of Northeast Georgia,01,30680.0,Winder,GNAP CANNED HAM,Proteins
1040,181389,3217,H-159,Hills Temple FBH Church,483993,,FP/OP/GNAP/USDA,FB DIRECT ASSISTANCE-Agency,GNAP,N-40-10222,5,0,0,0.0,50,BARROW,0.0,6/4/2024 8:30,6/4/2024 13:51,Price Code 1,CUSTOMER PICKUP,False,Food Bank of Northeast Georgia,01,30680.0,Winder,GNAP BEEF PASTA DINNER POUCH,Prepared Meals
576,177175,688,F2KBARROW,Food 2 Kids Barrow County,479796,,DIRECT ASSISTANCE,DIRECT ASSISTANCE-Agency,BLUE RECEIPT-SHL,W-01-10000,651,0,0,0.0,651,BARROW,0.0,3/13/2024 12:00,3/20/2024 14:17,Price Code 1,CUSTOMER PICKUP,False,Food Bank of Northeast Georgia,01,,Athens,"ASSORTED NON-FOOD ITEMS, SHL",Non-Food Misc.
867,176511,5938,Y-108,YMCA of GA's Piedmont- Barrow County,479135,,FP/OP/GNAP/USDA,AT-RISK YOUTH-Agency,BLUE RECEIPT-SHL,C-28-10001,82,0,0,2.46,82,BARROW,0.03,3/1/2024 14:18,3/1/2024 11:03,Price Code 1,CUSTOMER PICKUP,False,Sharing Floor Athens,01-SH,30680.0,Winder,"PRODUCE, FRESH SHL",Mixed Produce
600,181572,8600,S-140,SYTGE (Seeing You Through God's Eyes) Outreach Ministry,484176,,FOOD PANTRY,FOOD PANTRY-Agency,BLUE RECEIPT-SHL,N-03-11249,1,0,0,0.0,30,BARROW,0.0,6/5/2024 9:30,6/5/2024 9:51,Price Code 1,CUSTOMER PICKUP,False,Food Bank of Northeast Georgia,01,30680.0,Winder,DIET PEPSI,Beverages
600,176844,8931,S-140,SYTGE (Seeing You Through God's Eyes) Outreach Ministry,479466,,FOOD PANTRY,FOOD PANTRY-Agency,SBB-O,N-16-20003,39,0,0,0.0,858,BARROW,0.0,3/14/2024 13:46,3/14/2024 10:13,Price Code 1,CUSTOMER PICKUP,False,Food Bank of Northeast Georgia,01,30680.0,Winder,SENIOR STAPLES BOX - ASSORTED USDA,Food Misc.
1038,179717,6816,C-184,"Called to Serve Georgia, Inc",482330,,FP/OP/USDA,FOOD PANTRY-Agency,BLUE RECEIPT-SHL,C-28-90345,3,0,0,0.0,150,BARROW,0.0,5/3/2024 13:58,5/3/2024 14:07,Price Code 1,CUSTOMER PICKUP,False,Food Bank of Northeast Georgia,01,30680.0,Winder,CARROTS,Vegetables
953,180002,8975,C-179,Crossview Church Food Pantry,FAIMPORT482610,,FP/GNAP/USDA,FOOD PANTRY-Agency,BLUE RECEIPT-SHL,MCC-07-10001,16,0,0,0.0,16,BARROW,0.0,5/1/2024 0:00,5/1/2024 0:00,Price Code 1,CUSTOMER PICKUP,False,Food Bank of Northeast Georgia,01,30548.0,Hoschton,"DAIRY PRODUCTS, SHL RETAIL PICKUPS",Dairy
781,180839,688,R-130,"Richard C. Wilson Recovery Residence, INC",483445,,ON PREMISES (OP),REHAB-Agency,BLUE RECEIPT-SHL,W-01-10000,3,0,0,0.54,3,BARROW,0.18,5/15/2024 9:09,5/15/2024 8:31,Price Code 1,CUSTOMER PICKUP,False,Sharing Floor Athens,01-SH,30666.0,Statham,"ASSORTED NON-FOOD ITEMS, SHL",Non-Food Misc.
917,172667,7267,C-161,Church at Pierce Rd.,476298,,FP/OP,FOOD PANTRY-Agency,BLUE RECEIPT-SHL,N-03-11207,1,0,0,0.0,32,BARROW,0.0,1/12/2024 9:39,1/12/2024 13:11,Price Code 1,CUSTOMER PICKUP,False,Food Bank of Northeast Georgia,01,30680.0,Winder,"MT DEW RASPBERRY LEMONADE, SPARK",Beverages
1013,175108,7059,S-143,"Spirit Of Sharing, INC",477738,,FP/GNAP/USDA,FOOD PANTRY-Agency,USDA,C-50-10019,45,0,0,0.0,1620,BARROW,0.0,2/7/2024 9:00,2/14/2024 9:38,Price Code 1,TRUCK 1 MOBILE PANTRY,False,Food Bank of Northeast Georgia,01,30680.0,Winder,USDA 2% MILK CCC,Dairy
781,181915,690,R-130,"Richard C. Wilson Recovery Residence, INC",484519,,ON PREMISES (OP),REHAB-Agency,BLUE RECEIPT-SHL,W-03-10013,211,0,0,0.0,211,BARROW,0.0,6/5/2024 9:09,6/5/2024 9:27,Price Code 1,CUSTOMER PICKUP,False,Sharing Floor Athens,01-SH,30666.0,Statham,"ASSORTED BEVERAGES, SHL",Beverages
29,173390,5637,B-107,Barrow County Food Pantry,477019,,FOOD PANTRY,FOOD PANTRY-Agency,USDA,F-50-90019,63,0,0,0.0,1890,BARROW,0.0,1/25/2024 7:00,1/25/2024 6:23,Price Code 1,TRACTOR TRAILER 1 MOBILE PANTRY,False,Food Bank of Northeast Georgia,01,30680.0,Winder,USDA FROZEN BLUEBERRIES CCC,Fruits
479,179932,9039,W-118,Winder Wesleyan Church,482542,,FP/OP,FOOD PANTRY-Agency,GNAP,N-40-10276,3,0,0,0.0,30,BARROW,0.0,5/9/2024 10:00,5/14/2024 9:47,Price Code 1,CUSTOMER PICKUP,False,Food Bank of Northeast Georgia,01,30680.0,Winder,GNAP CHEESE STICKS - WHITE CHEDDAR,Dairy
781,175982,8960,R-130,"Richard C. Wilson Recovery Residence, INC",478610,,ON PREMISES (OP),REHAB-Agency,YELLOW RECEIPT - SHN,N-25-11959,10,0,0,16.2,90,BARROW,0.18,2/26/2024 11:00,2/26/2024 13:44,Price Code 1,CUSTOMER PICKUP,False,Food Bank of Northeast Georgia,01,30666.0,Statham,"NILLA WAFERS, NABISCO",Food Misc.
1040,178556,683,H-159,Hills Temple FBH Church,481172,,FP/OP/GNAP/USDA,FB DIRECT ASSISTANCE-Agency,BLUE RECEIPT-SHL,W-16-10001,33,0,0,5.94,33,BARROW,0.18,4/8/2024 14:40,4/8/2024 15:01,Price Code 1,CUSTOMER PICKUP,False,Sharing Floor Athens,01-SH,30680.0,Winder,MISC. FOOD BOX SHL,Food Misc.
682,177638,5407,C-170,Christ The King Ghana Methodist,480258,,DIRECT ASSISTANCE,FOOD PANTRY-Agency,BLUE RECEIPT-SHL,F-15-10000,192,0,0,34.56,192,BARROW,0.18,3/20/2024 15:05,3/20/2024 10:27,Price Code 1,CUSTOMER PICKUP,False,Sharing Floor Athens,01-SH,30680.0,Winder,"MEAT & SEAFOOD, FROZEN SHL",Proteins
917,172307,8889,C-161,Church at Pierce Rd.,475938,,FP/OP,FOOD PANTRY-Agency,LFB,N-19-10058,1,0,0,0.72,4,BARROW,0.18,1/5/2024 9:39,1/5/2024 14:36,Price Code 1,CUSTOMER PICKUP,False,Food Bank of Northeast Georgia,01,30680.0,Winder,SCOTT COMFORT PLUS TOILET PAPER,Non-Food Misc.
576,173797,6979,F2KBARROW,Food 2 Kids Barrow County,477426,,DIRECT ASSISTANCE,DIRECT ASSISTANCE-Agency,USDA,C-50-10017,49,0,0,0.0,1960,BARROW,0.0,2/14/2024 9:00,3/5/2024 13:20,Price Code 1,TRACTOR TRAILER 2 MOBILE PANTRY,False,Food Bank of Northeast Georgia,01,,Athens,"USDA 2% MILK, FRESH CCC",Dairy
497,180867,875,W-119,Winder Freelife Church,483473,,FP/OP/GNAP/USDA,FOOD PANTRY-Agency,BLUE RECEIPT-SHL,W-04-10000,1,0,0,0.0,1,BARROW,0.0,5/15/2024 14:38,5/15/2024 11:28,Price Code 1,CUSTOMER PICKUP,False,Sharing Floor Athens,01-SH,30680.0,Winder,"BREAD & BAKERY, ASSORTED SHL",Grains
953,176186,5388,C-179,Crossview Church Food Pantry,FAIMPORT478812,,FP/GNAP/USDA,FOOD PANTRY-Agency,BLUE RECEIPT-SHL,F-16-10001,442,0,0,79.56,442,BARROW,0.18,2/14/2024 0:00,2/14/2024 0:00,Price Code 1,CUSTOMER PICKUP,False,Food Bank of Northeast Georgia,01,30548.0,Hoschton,"ASSORTED FROZEN FOODS, SHL",Food Misc.
781,172929,696,R-130,"Richard C. Wilson Recovery Residence, INC",476560,,ON PREMISES (OP),REHAB-Agency,LOCAL - LL,W-25-10000,18,0,0,3.24,18,BARROW,0.18,1/11/2024 9:09,1/11/2024 10:58,Price Code 1,CUSTOMER PICKUP,False,Sharing Floor Athens,01-SH,30666.0,Statham,"ASSORTED SNACK ITEMS, LL",Food Misc.
600,180692,8874,S-140,SYTGE (Seeing You Through God's Eyes) Outreach Ministry,483298,,FOOD PANTRY,FOOD PANTRY-Agency,YELLOW RECEIPT - SHN,F-10-10002,2,0,0,0.18,6,BARROW,0.03,5/16/2024 9:45,5/16/2024 10:46,Price Code 1,CUSTOMER PICKUP,False,Food Bank of Northeast Georgia,01,30680.0,Winder,OUTSHINE TROPICAL SMOOTHIE CUBES,Beverages
576,180247,8874,F2KBARROW,Food 2 Kids Barrow County,482853,,DIRECT ASSISTANCE,DIRECT ASSISTANCE-Agency,YELLOW RECEIPT - SHN,F-10-10002,10,0,0,0.0,30,BARROW,0.0,5/8/2024 9:00,5/9/2024 9:40,Price Code 1,TRUCK 1 MOBILE PANTRY,False,Food Bank of Northeast Georgia,01,,Athens,OUTSHINE TROPICAL SMOOTHIE CUBES,Beverages
29,181117,8714,B-107,Barrow County Food Pantry,483722,,FOOD PANTRY,FOOD PANTRY-Agency,USDA,N-50-10303,50,0,0,0.0,1200,BARROW,0.0,5/23/2024 8:19,5/28/2024 7:55,Price Code 1,TRACTOR TRAILER 1 MOBILE PANTRY,False,Food Bank of Northeast Georgia,01,30680.0,Winder,USDA GREEN SPLIT PEAS,Proteins
953,182653,8972,C-179,Crossview Church Food Pantry,FAIMPORT485256,,FP/GNAP/USDA,FOOD PANTRY-Agency,BLUE RECEIPT-SHL,MCF-15-10000,292,0,0,0.0,292,BARROW,0.0,6/28/2024 0:00,6/28/2024 0:00,Price Code 1,CUSTOMER PICKUP,False,Food Bank of Northeast Georgia,01,30548.0,Hoschton,"FROZEN MEAT & SEAFOOD, SHL RETAIL PICKUP",Proteins
1040,181389,8873,H-159,Hills Temple FBH Church,483993,,FP/OP/GNAP/USDA,FB DIRECT ASSISTANCE-Agency,YELLOW RECEIPT - SHN,F-10-10001,3,0,0,0.27,9,BARROW,0.03,6/4/2024 8:30,6/4/2024 13:51,Price Code 1,CUSTOMER PICKUP,False,Food Bank of Northeast Georgia,01,30680.0,Winder,OUTSHINE STRAWBERRY BANANA SMOOTHIE CUBES,Beverages
917,173011,683,C-161,Church at Pierce Rd.,476641,,FP/OP,FOOD PANTRY-Agency,BLUE RECEIPT-SHL,W-16-10001,90,0,0,0.0,90,BARROW,0.0,1/12/2024 9:39,1/12/2024 12:10,Price Code 1,CUSTOMER PICKUP,False,Sharing Floor Athens,01-SH,30680.0,Winder,MISC. FOOD BOX SHL,Food Misc.
917,176501,5958,C-161,Church at Pierce Rd.,479125,,FP/OP,FOOD PANTRY-Agency,BLUE RECEIPT-SHL,C-16-10001,79,0,0,14.22,79,BARROW,0.18,3/1/2024 9:39,3/1/2024 9:56,Price Code 1,CUSTOMER PICKUP,False,Sharing Floor Athens,01-SH,30680.0,Winder,"COOLER FOOD, MISC. SHL",Food Misc.
953,180484,8972,C-179,Crossview Church Food Pantry,FAIMPORT483090,,FP/GNAP/USDA,FOOD PANTRY-Agency,BLUE RECEIPT-SHL,MCF-15-10000,187,0,0,0.0,187,BARROW,0.0,5/8/2024 0:00,5/8/2024 0:00,Price Code 1,CUSTOMER PICKUP,False,Food Bank of Northeast Georgia,01,30548.0,Hoschton,"FROZEN MEAT & SEAFOOD, SHL RETAIL PICKUP",Proteins
172,178116,8951,P-104,Project Adam Community Asst Ct,480735,,ON PREMISES (OP),REHAB-Agency,BLUE RECEIPT-SHL,N-05-10197,1,0,0,2.52,14,BARROW,0.18,4/8/2024 10:00,4/8/2024 10:29,Price Code 1,CUSTOMER PICKUP,False,Food Bank of Northeast Georgia,01,30680.0,Winder,BERRY COLOSSAL CRUNCH CEREAL,Grains
576,178167,8600,F2KBARROW,Food 2 Kids Barrow County,480786,,DIRECT ASSISTANCE,DIRECT ASSISTANCE-Agency,BLUE RECEIPT-SHL,N-03-11249,12,0,0,0.0,360,BARROW,0.0,4/10/2024 9:00,4/10/2024 9:40,Price Code 1,TRUCK 1 MOBILE PANTRY,False,Food Bank of Northeast Georgia,01,,Athens,DIET PEPSI,Beverages
1009,172984,875,S-142,"SAY In Need, Inc",476614,,OP/USDA,FEED SITE-Agency,BLUE RECEIPT-SHL,W-04-10000,1,0,0,0.0,1,BARROW,0.0,1/12/2024 8:26,1/12/2024 9:01,Price Code 1,CUSTOMER PICKUP,False,Sharing Floor Athens,01-SH,30620.0,Bethlehem,"BREAD & BAKERY, ASSORTED SHL",Grains
1038,181855,1047,C-184,"Called to Serve Georgia, Inc",484459,,FP/OP/USDA,FOOD PANTRY-Agency,USDA,N-50-10041,4,0,0,35.28,196,BARROW,0.18,6/28/2024 14:00,7/2/2024 7:46,Price Code 1,CUSTOMER PICKUP,False,Food Bank of Northeast Georgia,01,30680.0,Winder,USDA RICE,Grains
172,182516,683,P-104,Project Adam Community Asst Ct,485119,,ON PREMISES (OP),REHAB-Agency,BLUE RECEIPT-SHL,W-16-10001,82,0,0,14.76,82,BARROW,0.18,6/24/2024 13:41,6/24/2024 8:55,Price Code 1,CUSTOMER PICKUP,False,Sharing Floor Athens,01-SH,30680.0,Winder,MISC. FOOD BOX SHL,Food Misc.
781,181915,688,R-130,"Richard C. Wilson Recovery Residence, INC",484519,,ON PREMISES (OP),REHAB-Agency,BLUE RECEIPT-SHL,W-01-10000,47,0,0,8.46,47,BARROW,0.18,6/5/2024 9:09,6/5/2024 9:27,Price Code 1,CUSTOMER PICKUP,False,Sharing Floor Athens,01-SH,30666.0,Statham,"ASSORTED NON-FOOD ITEMS, SHL",Non-Food Misc.
1013,175108,4761,S-143,"Spirit Of Sharing, INC",477738,,FP/GNAP/USDA,FOOD PANTRY-Agency,USDA,F-50-90454,45,0,0,0.0,1395,BARROW,0.0,2/7/2024 9:00,2/14/2024 9:38,Price Code 1,TRUCK 1 MOBILE PANTRY,False,Food Bank of Northeast Georgia,01,30680.0,Winder,USDA FROZEN STRAWBERRIES CCC,Fruits
867,180197,7202,Y-108,YMCA of GA's Piedmont- Barrow County,482803,,FP/OP/GNAP/USDA,AT-RISK YOUTH-Agency,GNAP,N-40-10242,1,0,0,0.0,16,BARROW,0.0,5/8/2024 10:45,5/8/2024 11:20,Price Code 1,CUSTOMER PICKUP,False,Food Bank of Northeast Georgia,01,30680.0,Winder,GNAP STRAWBERRY JELLY,Food Misc.
864,176249,1045,W-124,Winder Church of God of Prophecy,478875,,FP/OP,FOOD PANTRY-Agency,BLUE RECEIPT-SHL,W-25-10009,10,0,0,1.8,10,BARROW,0.18,2/27/2024 12:22,2/27/2024 8:41,Price Code 1,CUSTOMER PICKUP,False,Sharing Floor Athens,01-SH,30680.0,Winder,"ASSORTED SNACK ITEMS, SHL",Food Misc.
172,182447,9128,P-104,Project Adam Community Asst Ct,485051,,ON PREMISES (OP),REHAB-Agency,PURCH,N-27-10141,5,0,0,24.3,135,BARROW,0.18,6/25/2024 9:00,6/26/2024 8:34,Price Code 1,CUSTOMER PICKUP,False,Food Bank of Northeast Georgia,01,30680.0,Winder,"MIXED VEGETABLS, NO SALT ADDED",Vegetables
953,176820,8971,C-179,Crossview Church Food Pantry,FAIMPORT479442,,FP/GNAP/USDA,FOOD PANTRY-Agency,BLUE RECEIPT-SHL,MCF-16-10001,1246,0,0,0.0,1246,BARROW,0.0,3/4/2024 0:00,3/4/2024 0:00,Price Code 1,CUSTOMER PICKUP,False,Food Bank of Northeast Georgia,01,30548.0,Hoschton,"FROZEN FOODS, MISC SHL RETAIL PICKUP",Food Misc.
867,181251,9073,Y-108,YMCA of GA's Piedmont- Barrow County,483856,,FP/OP/GNAP/USDA,AT-RISK YOUTH-Agency,USDA,C-50-10051,9,0,0,19.44,108,BARROW,0.18,5/31/2024 10:00,5/31/2024 14:10,Price Code 1,CUSTOMER PICKUP,False,Food Bank of Northeast Georgia,01,30680.0,Winder,USDA SHREDDED MOZZARELLA CHEESE CCC,Dairy
479,175981,8959,W-118,Winder Wesleyan Church,478609,,FP/OP,FOOD PANTRY-Agency,YELLOW RECEIPT - SHN,N-25-11958,2,0,0,2.88,16,BARROW,0.18,2/27/2024 9:00,2/27/2024 9:38,Price Code 1,CUSTOMER PICKUP,False,Food Bank of Northeast Georgia,01,30680.0,Winder,RITZ CRACKERS FAMILY SIZE,Grains
917,173300,5772,C-161,Church at Pierce Rd.,476929,,FP/OP,FOOD PANTRY-Agency,LOCAL - LL,C-28-10000,99,0,0,2.97,99,BARROW,0.03,1/19/2024 9:39,1/19/2024 10:08,Price Code 1,CUSTOMER PICKUP,False,Sharing Floor Athens,01-SH,30680.0,Winder,"PRODUCE, FRESH LL",Mixed Produce
682,175955,690,C-170,Christ The King Ghana Methodist,478583,,DIRECT ASSISTANCE,FOOD PANTRY-Agency,BLUE RECEIPT-SHL,W-03-10013,313,0,0,0.0,313,BARROW,0.0,2/21/2024 15:05,2/21/2024 10:44,Price Code 1,CUSTOMER PICKUP,False,Sharing Floor Athens,01-SH,30680.0,Winder,"ASSORTED BEVERAGES, SHL",Beverages
1013,179765,4422,S-143,"Spirit Of Sharing, INC",482378,,FP/GNAP/USDA,FOOD PANTRY-Agency,USDA,F-50-90452,50,0,0,0.0,1600,BARROW,0.0,5/1/2024 9:00,5/1/2024 10:21,Price Code 1,TRUCK 1 MOBILE PANTRY,False,Food Bank of Northeast Georgia,01,30680.0,Winder,USDA PORK LOIN BONELESS ROAST,Proteins
682,173911,875,C-170,Christ The King Ghana Methodist,477540,,DIRECT ASSISTANCE,FOOD PANTRY-Agency,BLUE RECEIPT-SHL,W-04-10000,41,0,0,0.0,41,BARROW,0.0,1/31/2024 15:05,1/31/2024 11:10,Price Code 1,CUSTOMER PICKUP,False,Sharing Floor Athens,01-SH,30680.0,Winder,"BREAD & BAKERY, ASSORTED SHL",Grains
576,180247,9043,F2KBARROW,Food 2 Kids Barrow County,482853,,DIRECT ASSISTANCE,DIRECT ASSISTANCE-Agency,GNAP,N-40-10277,8,0,0,0.0,64,BARROW,0.0,5/8/2024 9:00,5/9/2024 9:40,Price Code 1,TRUCK 1 MOBILE PANTRY,False,Food Bank of Northeast Georgia,01,,Athens,GNAP DELUXE SHELLS & CHEESE,Prepared Meals
29,182922,8972,B-107,Barrow County Food Pantry,FAIMPORT485523,,FOOD PANTRY,FOOD PANTRY-Agency,BLUE RECEIPT-SHL,MCF-15-10000,170,0,0,0.0,170,BARROW,0.0,6/14/2024 0:00,6/14/2024 0:00,Price Code 1,CUSTOMER PICKUP,False,Food Bank of Northeast Georgia,01,30680.0,Winder,"FROZEN MEAT & SEAFOOD, SHL RETAIL PICKUP",Proteins
682,182025,5407,C-170,Christ The King Ghana Methodist,484629,,DIRECT ASSISTANCE,FOOD PANTRY-Agency,BLUE RECEIPT-SHL,F-15-10000,26,0,0,0.0,26,BARROW,0.0,6/7/2024 15:05,6/7/2024 11:03,Price Code 1,CUSTOMER PICKUP,False,Sharing Floor Athens,01-SH,30680.0,Winder,"MEAT & SEAFOOD, FROZEN SHL",Proteins
29,180474,8986,B-107,Barrow County Food Pantry,FAIMPORT483080,,FOOD PANTRY,FOOD PANTRY-Agency,BLUE RECEIPT-SHL,MCW-01-10001,70,0,0,0.0,70,BARROW,0.0,5/6/2024 0:00,5/6/2024 0:00,Price Code 1,CUSTOMER PICKUP,False,Food Bank of Northeast Georgia,01,30680.0,Winder,"NON-FOOD ITEMS, SHL RETAIL PICKUPS",Non-Food Misc.
1040,178956,5958,H-159,Hills Temple FBH Church,481570,,FP/OP/GNAP/USDA,FB DIRECT ASSISTANCE-Agency,BLUE RECEIPT-SHL,C-16-10001,105,0,0,18.9,105,BARROW,0.18,4/15/2024 9:29,4/15/2024 9:42,Price Code 1,CUSTOMER PICKUP,False,Sharing Floor Athens,01-SH,30680.0,Winder,"COOLER FOOD, MISC. SHL",Food Misc.
781,182507,8974,R-130,"Richard C. Wilson Recovery Residence, INC",FAIMPORT485110,,ON PREMISES (OP),REHAB-Agency,BLUE RECEIPT-SHL,MCW-04-10000,33,0,0,0.0,33,BARROW,0.0,6/17/2024 0:00,6/17/2024 0:00,Price Code 1,CUSTOMER PICKUP,False,Food Bank of Northeast Georgia,01,30666.0,Statham,"BREAD AND BAKERY, SHL RETAIL PICKUPS",Grains
682,175619,875,C-170,Christ The King Ghana Methodist,478247,,DIRECT ASSISTANCE,FOOD PANTRY-Agency,BLUE RECEIPT-SHL,W-04-10000,6,0,0,0.0,6,BARROW,0.0,2/14/2024 15:05,2/14/2024 10:35,Price Code 1,CUSTOMER PICKUP,False,Sharing Floor Athens,01-SH,30680.0,Winder,"BREAD & BAKERY, ASSORTED SHL",Grains
600,180692,6780,S-140,SYTGE (Seeing You Through God's Eyes) Outreach Ministry,483298,,FOOD PANTRY,FOOD PANTRY-Agency,USDA,C-50-10024,1,0,0,4.3,43,BARROW,0.1,5/16/2024 9:45,5/16/2024 10:46,Price Code 1,CUSTOMER PICKUP,False,Food Bank of Northeast Georgia,01,30680.0,Winder,USDA APPLES,Fruits
682,177638,875,C-170,Christ The King Ghana Methodist,480258,,DIRECT ASSISTANCE,FOOD PANTRY-Agency,BLUE RECEIPT-SHL,W-04-10000,102,0,0,0.0,102,BARROW,0.0,3/20/2024 15:05,3/20/2024 10:27,Price Code 1,CUSTOMER PICKUP,False,Sharing Floor Athens,01-SH,30680.0,Winder,"BREAD & BAKERY, ASSORTED SHL",Grains
781,182419,5938,R-130,"Richard C. Wilson Recovery Residence, INC",485023,,ON PREMISES (OP),REHAB-Agency,BLUE RECEIPT-SHL,C-28-10001,29,0,0,0.87,29,BARROW,0.03,6/20/2024 9:09,6/20/2024 9:21,Price Code 1,CUSTOMER PICKUP,False,Sharing Floor Athens,01-SH,30666.0,Statham,"PRODUCE, FRESH SHL",Mixed Produce
1013,172282,4376,S-143,"Spirit Of Sharing, INC",475913,,FP/GNAP/USDA,FOOD PANTRY-Agency,USDA,N-50-10291,13,0,0,0.0,325,BARROW,0.0,1/3/2024 9:00,1/11/2024 8:45,Price Code 1,TRUCK 1 MOBILE PANTRY,False,Food Bank of Northeast Georgia,01,30680.0,Winder,USDA GARBANZO BEANS,Proteins
497,180867,683,W-119,Winder Freelife Church,483473,,FP/OP/GNAP/USDA,FOOD PANTRY-Agency,BLUE RECEIPT-SHL,W-16-10001,111,0,0,19.98,111,BARROW,0.18,5/15/2024 14:38,5/15/2024 11:28,Price Code 1,CUSTOMER PICKUP,False,Sharing Floor Athens,01-SH,30680.0,Winder,MISC. FOOD BOX SHL,Food Misc.
781,178970,8827,R-130,"Richard C. Wilson Recovery Residence, INC",481584,,ON PREMISES (OP),REHAB-Agency,BLUE RECEIPT-SHL,N-03-11766,36,0,0,0.0,288,BARROW,0.0,4/18/2024 9:09,4/18/2024 10:53,Price Code 1,CUSTOMER PICKUP,False,Food Bank of Northeast Georgia,01,30666.0,Statham,PEPSI MINI CANS,Beverages
600,179781,8971,S-140,SYTGE (Seeing You Through God's Eyes) Outreach Ministry,FAIMPORT482394,,FOOD PANTRY,FOOD PANTRY-Agency,BLUE RECEIPT-SHL,MCF-16-10001,168,0,0,0.0,168,BARROW,0.0,4/27/2024 0:00,4/27/2024 0:00,Price Code 1,CUSTOMER PICKUP,False,Food Bank of Northeast Georgia,01,30680.0,Winder,"FROZEN FOODS, MISC SHL RETAIL PICKUP",Food Misc.
1038,180181,688,C-184,"Called to Serve Georgia, Inc",482787,,FP/OP/USDA,FOOD PANTRY-Agency,BLUE RECEIPT-SHL,W-01-10000,9,0,0,1.62,9,BARROW,0.18,5/3/2024 14:16,5/3/2024 14:21,Price Code 1,CUSTOMER PICKUP,False,Sharing Floor Athens,01-SH,30680.0,Winder,"ASSORTED NON-FOOD ITEMS, SHL",Non-Food Misc.
682,180861,5958,C-170,Christ The King Ghana Methodist,483467,,DIRECT ASSISTANCE,FOOD PANTRY-Agency,BLUE RECEIPT-SHL,C-16-10001,18,0,0,3.24,18,BARROW,0.18,5/15/2024 15:05,5/15/2024 10:43,Price Code 1,CUSTOMER PICKUP,False,Sharing Floor Athens,01-SH,30680.0,Winder,"COOLER FOOD, MISC. SHL",Food Misc.
172,177045,683,P-104,Project Adam Community Asst Ct,479667,,ON PREMISES (OP),REHAB-Agency,BLUE RECEIPT-SHL,W-16-10001,124,0,0,0.0,124,BARROW,0.0,3/11/2024 13:41,3/11/2024 9:33,Price Code 1,CUSTOMER PICKUP,False,Sharing Floor Athens,01-SH,30680.0,Winder,MISC. FOOD BOX SHL,Food Misc.
953,178221,8972,C-179,Crossview Church Food Pantry,FAIMPORT480838,,FP/GNAP/USDA,FOOD PANTRY-Agency,BLUE RECEIPT-SHL,MCF-15-10000,270,0,0,0.0,270,BARROW,0.0,3/27/2024 0:00,3/27/2024 0:00,Price Code 1,CUSTOMER PICKUP,False,Food Bank of Northeast Georgia,01,30548.0,Hoschton,"FROZEN MEAT & SEAFOOD, SHL RETAIL PICKUP",Proteins
953,175788,8906,C-179,Crossview Church Food Pantry,478416,,FP/GNAP/USDA,FOOD PANTRY-Agency,GNAP,N-40-10266,6,0,0,0.0,120,BARROW,0.0,2/21/2024 15:00,2/21/2024 15:19,Price Code 1,CONTACT FOR DELIVERY,False,Food Bank of Northeast Georgia,01,30548.0,Hoschton,GNAP SPAGHETTI,Grains
29,179801,8986,B-107,Barrow County Food Pantry,FAIMPORT482414,,FOOD PANTRY,FOOD PANTRY-Agency,BLUE RECEIPT-SHL,MCW-01-10001,13,0,0,0.0,13,BARROW,0.0,4/16/2024 0:00,4/16/2024 0:00,Price Code 1,CUSTOMER PICKUP,False,Food Bank of Northeast Georgia,01,30680.0,Winder,"NON-FOOD ITEMS, SHL RETAIL PICKUPS",Non-Food Misc.
1040,180109,7152,H-159,Hills Temple FBH Church,482717,,FP/OP/GNAP/USDA,FB DIRECT ASSISTANCE-Agency,GNAP,N-40-10233,6,0,0,0.0,96,BARROW,0.0,5/7/2024 8:45,5/7/2024 10:58,Price Code 1,CUSTOMER PICKUP,False,Food Bank of Northeast Georgia,01,30680.0,Winder,GNAP GRAPE JELLY,Food Misc.
953,181307,8973,C-179,Crossview Church Food Pantry,FAIMPORT483911,,FP/GNAP/USDA,FOOD PANTRY-Agency,BLUE RECEIPT-SHL,MCC-16-10001,61,0,0,0.0,61,BARROW,0.0,5/20/2024 0:00,5/20/2024 0:00,Price Code 1,CUSTOMER PICKUP,False,Food Bank of Northeast Georgia,01,30548.0,Hoschton,"COOLER FOOD MISC., SHL RETAIL PICKUP",Food Misc.
867,179864,9036,Y-108,YMCA of GA's Piedmont- Barrow County,482475,,FP/OP/GNAP/USDA,AT-RISK YOUTH-Agency,GNAP,N-40-10273,2,0,0,0.0,28,BARROW,0.0,5/3/2024 14:18,5/3/2024 10:51,Price Code 1,CUSTOMER PICKUP,False,Food Bank of Northeast Georgia,01,30680.0,Winder,GNAP PASTA O'S IN TOMATO SAUCE,Prepared Meals
29,179436,84,B-107,Barrow County Food Pantry,482049,,FOOD PANTRY,FOOD PANTRY-Agency,USDA,N-50-10006,25,0,0,0.0,675,BARROW,0.0,4/25/2024 7:00,4/25/2024 6:17,Price Code 1,TRACTOR TRAILER 1 MOBILE PANTRY,False,Food Bank of Northeast Georgia,01,30680.0,Winder,USDA GREEN BEANS,Vegetables
1038,181855,9069,C-184,"Called to Serve Georgia, Inc",484459,,FP/OP/USDA,FOOD PANTRY-Agency,BLUE RECEIPT-SHL,N-03-11834,13,0,0,0.0,520,BARROW,0.0,6/28/2024 14:00,7/2/2024 7:46,Price Code 1,CUSTOMER PICKUP,False,Food Bank of Northeast Georgia,01,30680.0,Winder,DR PEPPER ZERO SUGAR,Beverages
1013,179765,7083,S-143,"Spirit Of Sharing, INC",482378,,FP/GNAP/USDA,FOOD PANTRY-Agency,USDA,C-50-10029,147,0,0,0.0,1764,BARROW,0.0,5/1/2024 9:00,5/1/2024 10:21,Price Code 1,TRUCK 1 MOBILE PANTRY,False,Food Bank of Northeast Georgia,01,30680.0,Winder,"USDA MILD CHEDDAR CHEESE, BLOCK CCC",Dairy
867,177468,170,Y-108,YMCA of GA's Piedmont- Barrow County,480088,,FP/OP/GNAP/USDA,AT-RISK YOUTH-Agency,USDA,N-50-10007,4,0,0,20.16,112,BARROW,0.18,3/22/2024 10:00,3/22/2024 14:15,Price Code 1,CUSTOMER PICKUP,False,Food Bank of Northeast Georgia,01,30680.0,Winder,"USDA CORN, WHOLE KERNEL NO SALT",Vegetables
576,173797,8930,F2KBARROW,Food 2 Kids Barrow County,477426,,DIRECT ASSISTANCE,DIRECT ASSISTANCE-Agency,BLUE RECEIPT-SHL,N-03-11805,50,0,0,0.0,900,BARROW,0.0,2/14/2024 9:00,3/5/2024 13:20,Price Code 1,TRACTOR TRAILER 2 MOBILE PANTRY,False,Food Bank of Northeast Georgia,01,,Athens,GATORADE ORANGE ZERO SUGAR,Beverages
682,173534,92,C-170,Christ The King Ghana Methodist,477163,,DIRECT ASSISTANCE,FOOD PANTRY-Agency,LOCAL - LL,W-01-10002,27,0,0,0.0,27,BARROW,0.0,1/24/2024 15:05,1/24/2024 10:57,Price Code 1,CUSTOMER PICKUP,False,Sharing Floor Athens,01-SH,30680.0,Winder,"ASSORTED NON-FOOD ITEMS, LL",Non-Food Misc.
781,182419,683,R-130,"Richard C. Wilson Recovery Residence, INC",485023,,ON PREMISES (OP),REHAB-Agency,BLUE RECEIPT-SHL,W-16-10001,217,0,0,39.06,217,BARROW,0.18,6/20/2024 9:09,6/20/2024 9:21,Price Code 1,CUSTOMER PICKUP,False,Sharing Floor Athens,01-SH,30666.0,Statham,MISC. FOOD BOX SHL,Food Misc.
682,177890,50,C-170,Christ The King Ghana Methodist,480509,,DIRECT ASSISTANCE,FOOD PANTRY-Agency,LOCAL - LL,W-16-10002,29,0,0,5.22,29,BARROW,0.18,3/26/2024 15:05,3/26/2024 14:24,Price Code 1,CUSTOMER PICKUP,False,Sharing Floor Athens,01-SH,30680.0,Winder,MISC. FOOD BOX LL,Food Misc.
29,182128,8973,B-107,Barrow County Food Pantry,FAIMPORT484732,,FOOD PANTRY,FOOD PANTRY-Agency,BLUE RECEIPT-SHL,MCC-16-10001,1585,0,0,0.0,1585,BARROW,0.0,6/7/2024 0:00,6/7/2024 0:00,Price Code 1,CUSTOMER PICKUP,False,Food Bank of Northeast Georgia,01,30680.0,Winder,"COOLER FOOD MISC., SHL RETAIL PICKUP",Food Misc.
953,181272,8972,C-179,Crossview Church Food Pantry,FAIMPORT483877,,FP/GNAP/USDA,FOOD PANTRY-Agency,BLUE RECEIPT-SHL,MCF-15-10000,94,0,0,0.0,94,BARROW,0.0,5/17/2024 0:00,5/17/2024 0:00,Price Code 1,CUSTOMER PICKUP,False,Food Bank of Northeast Georgia,01,30548.0,Hoschton,"FROZEN MEAT & SEAFOOD, SHL RETAIL PICKUP",Proteins
600,173468,5088,S-140,SYTGE (Seeing You Through God's Eyes) Outreach Ministry,477097,,FOOD PANTRY,FOOD PANTRY-Agency,USDA,F-50-90023,1,0,0,0.0,25,BARROW,0.0,2/15/2024 9:30,2/15/2024 10:15,Price Code 1,CUSTOMER PICKUP,False,Food Bank of Northeast Georgia,01,30680.0,Winder,USDA FROZEN PEACHES CCC,Fruits
576,180247,9047,F2KBARROW,Food 2 Kids Barrow County,482853,,DIRECT ASSISTANCE,DIRECT ASSISTANCE-Agency,GNAP,N-40-10281,4,0,0,0.0,40,BARROW,0.0,5/8/2024 9:00,5/9/2024 9:40,Price Code 1,TRUCK 1 MOBILE PANTRY,False,Food Bank of Northeast Georgia,01,,Athens,GNAP LASAGNA DINNER ,Prepared Meals
497,176147,8928,W-119,Winder Freelife Church,478774,,FP/OP/GNAP/USDA,FOOD PANTRY-Agency,BLUE RECEIPT-SHL,N-03-11803,2,0,0,0.0,32,BARROW,0.0,3/4/2024 11:00,3/4/2024 14:17,Price Code 1,CUSTOMER PICKUP,False,Food Bank of Northeast Georgia,01,30680.0,Winder,GATORADE THIRST QUENCHER VAR PACK,Beverages
581,172571,5637,FBBB-3,Barrow: Winder Freelife Church Senior Staples Program,476202,,BROWN BAG,FB BROWN BAG-Agency,USDA,F-50-90019,2,0,0,0.0,60,BARROW,0.0,1/10/2024 11:00,1/11/2024 8:48,Mobile Pantry/Feed Site Only,CUSTOMER PICKUP,False,Food Bank of Northeast Georgia,01,30680.0,Winder,USDA FROZEN BLUEBERRIES CCC,Fruits
29,181292,8973,B-107,Barrow County Food Pantry,FAIMPORT483897,,FOOD PANTRY,FOOD PANTRY-Agency,BLUE RECEIPT-SHL,MCC-16-10001,112,0,0,0.0,112,BARROW,0.0,5/17/2024 0:00,5/17/2024 0:00,Price Code 1,CUSTOMER PICKUP,False,Food Bank of Northeast Georgia,01,30680.0,Winder,"COOLER FOOD MISC., SHL RETAIL PICKUP",Food Misc.
867,180197,8997,Y-108,YMCA of GA's Piedmont- Barrow County,482803,,FP/OP/GNAP/USDA,AT-RISK YOUTH-Agency,USDA,N-50-10312,4,0,0,8.64,48,BARROW,0.18,5/8/2024 10:45,5/8/2024 11:20,Price Code 1,CUSTOMER PICKUP,False,Food Bank of Northeast Georgia,01,30680.0,Winder,USDA CHILI W/ BEANS CCC,Prepared Meals
953,182142,8975,C-179,Crossview Church Food Pantry,FAIMPORT484746,,FP/GNAP/USDA,FOOD PANTRY-Agency,BLUE RECEIPT-SHL,MCC-07-10001,13,0,0,0.0,13,BARROW,0.0,6/12/2024 0:00,6/12/2024 0:00,Price Code 1,CUSTOMER PICKUP,False,Food Bank of Northeast Georgia,01,30548.0,Hoschton,"DAIRY PRODUCTS, SHL RETAIL PICKUPS",Dairy
1013,172282,8852,S-143,"Spirit Of Sharing, INC",475913,,FP/GNAP/USDA,FOOD PANTRY-Agency,PURCH,N-23-10010,25,0,0,0.0,325,BARROW,0.0,1/3/2024 9:00,1/11/2024 8:45,Price Code 1,TRUCK 1 MOBILE PANTRY,False,Food Bank of Northeast Georgia,01,30680.0,Winder,NUT'N BETTER CREAMY PEANUT BUTTER - RED SUGAR & SODIUM,Proteins
781,173525,875,R-130,"Richard C. Wilson Recovery Residence, INC",477154,,ON PREMISES (OP),REHAB-Agency,BLUE RECEIPT-SHL,W-04-10000,53,0,0,0.0,53,BARROW,0.0,1/24/2024 9:09,1/24/2024 9:45,Price Code 1,CUSTOMER PICKUP,False,Sharing Floor Athens,01-SH,30666.0,Statham,"BREAD & BAKERY, ASSORTED SHL",Grains
1040,180765,9035,H-159,Hills Temple FBH Church,483371,,FP/OP/GNAP/USDA,FB DIRECT ASSISTANCE-Agency,GNAP,N-40-10272,6,0,0,0.0,84,BARROW,0.0,5/17/2024 9:15,5/17/2024 10:44,Price Code 1,CUSTOMER PICKUP,False,Food Bank of Northeast Georgia,01,30680.0,Winder,GNAP MACARONI O'S W/ BEEF - EZ OPEN,Prepared Meals
917,178855,92,C-161,Church at Pierce Rd.,481469,,FP/OP,FOOD PANTRY-Agency,LOCAL - LL,W-01-10002,30,0,0,5.4,30,BARROW,0.18,4/12/2024 9:39,4/12/2024 9:50,Price Code 1,CUSTOMER PICKUP,False,Sharing Floor Athens,01-SH,30680.0,Winder,"ASSORTED NON-FOOD ITEMS, LL",Non-Food Misc.
172,176524,8979,P-104,Project Adam Community Asst Ct,479148,,ON PREMISES (OP),REHAB-Agency,LOCAL - LL,N-25-11966,20,0,0,50.4,280,BARROW,0.18,3/11/2024 13:41,3/11/2024 10:08,Price Code 1,CUSTOMER PICKUP,False,Food Bank of Northeast Georgia,01,30680.0,Winder,REESES/KIT KAT/PAY DAY KING SIZE,Food Misc.
682,179099,5407,C-170,Christ The King Ghana Methodist,481713,,DIRECT ASSISTANCE,FOOD PANTRY-Agency,BLUE RECEIPT-SHL,F-15-10000,24,0,0,4.32,24,BARROW,0.18,4/17/2024 15:05,4/17/2024 10:24,Price Code 1,CUSTOMER PICKUP,False,Sharing Floor Athens,01-SH,30680.0,Winder,"MEAT & SEAFOOD, FROZEN SHL",Proteins
863,173290,5477,A-148,Auburn First Baptist Church,476919,,FOOD PANTRY,FOOD PANTRY-Agency,LOCAL - LL,F-15-10001,83,0,0,14.94,83,BARROW,0.18,1/19/2024 8:05,1/19/2024 8:26,Price Code 1,CUSTOMER PICKUP,False,Sharing Floor Athens,01-SH,30011.0,Auburn,"MEAT & SEAFOOD, FROZEN LOCAL",Proteins
682,178241,50,C-170,Christ The King Ghana Methodist,480857,,DIRECT ASSISTANCE,FOOD PANTRY-Agency,LOCAL - LL,W-16-10002,70,0,0,12.6,70,BARROW,0.18,4/3/2024 15:05,4/3/2024 10:40,Price Code 1,CUSTOMER PICKUP,False,Sharing Floor Athens,01-SH,30680.0,Winder,MISC. FOOD BOX LL,Food Misc.
864,180768,875,W-124,Winder Church of God of Prophecy,483374,,FP/OP,FOOD PANTRY-Agency,BLUE RECEIPT-SHL,W-04-10000,10,0,0,0.0,10,BARROW,0.0,5/14/2024 12:22,5/14/2024 8:21,Price Code 1,CUSTOMER PICKUP,False,Sharing Floor Athens,01-SH,30680.0,Winder,"BREAD & BAKERY, ASSORTED SHL",Grains
172,181030,1663,P-104,Project Adam Community Asst Ct,483635,,ON PREMISES (OP),REHAB-Agency,BLUE RECEIPT-SHL,N-03-10753,6,0,0,0.0,132,BARROW,0.0,5/28/2024 8:00,5/28/2024 8:56,Price Code 1,CUSTOMER PICKUP,False,Food Bank of Northeast Georgia,01,30680.0,Winder,GATORADE STRAWBERRY,Beverages
867,177468,3943,Y-108,YMCA of GA's Piedmont- Barrow County,480088,,FP/OP/GNAP/USDA,AT-RISK YOUTH-Agency,USDA,N-50-10268,6,0,0,6.84,228,BARROW,0.03,3/22/2024 10:00,3/22/2024 14:15,Price Code 1,CUSTOMER PICKUP,False,Food Bank of Northeast Georgia,01,30680.0,Winder,USDA APPLE JUICE,Beverages
781,181501,683,R-130,"Richard C. Wilson Recovery Residence, INC",484105,,ON PREMISES (OP),REHAB-Agency,BLUE RECEIPT-SHL,W-16-10001,81,0,0,14.58,81,BARROW,0.18,5/29/2024 9:09,5/29/2024 9:29,Price Code 1,CUSTOMER PICKUP,False,Sharing Floor Athens,01-SH,30666.0,Statham,MISC. FOOD BOX SHL,Food Misc.
917,181010,5938,C-161,Church at Pierce Rd.,483615,,FP/OP,FOOD PANTRY-Agency,BLUE RECEIPT-SHL,C-28-10001,127,0,0,3.81,127,BARROW,0.03,5/17/2024 9:39,5/17/2024 9:23,Price Code 1,CUSTOMER PICKUP,False,Sharing Floor Athens,01-SH,30680.0,Winder,"PRODUCE, FRESH SHL",Mixed Produce
867,178476,8963,Y-108,YMCA of GA's Piedmont- Barrow County,481092,,FP/OP/GNAP/USDA,AT-RISK YOUTH-Agency,YELLOW RECEIPT - SHN,N-25-11960,5,0,0,9.9,55,BARROW,0.18,4/10/2024 14:18,4/10/2024 10:42,Price Code 1,CUSTOMER PICKUP,False,Food Bank of Northeast Georgia,01,30680.0,Winder,"TAPIOCA PUDDING, BEST CHOICE",Food Misc.
1034,176082,6925,M-140BARROW,Barrow County MedLink Georgia,478709,,DIRECT ASSISTANCE,MOBILE PANTRY-Agency,BLUE RECEIPT-SHL,C-28-90401,33,0,0,0.0,1650,BARROW,0.0,3/1/2024 9:40,3/5/2024 6:34,Price Code 1,TRUCK 1 MOBILE PANTRY,False,Food Bank of Northeast Georgia,01,30628.0,Colbert,POTATOES,Potatoes
781,180410,690,R-130,"Richard C. Wilson Recovery Residence, INC",483016,,ON PREMISES (OP),REHAB-Agency,BLUE RECEIPT-SHL,W-03-10013,62,0,0,0.0,62,BARROW,0.0,5/8/2024 9:09,5/8/2024 9:31,Price Code 1,CUSTOMER PICKUP,False,Sharing Floor Athens,01-SH,30666.0,Statham,"ASSORTED BEVERAGES, SHL",Beverages
953,182141,8973,C-179,Crossview Church Food Pantry,FAIMPORT484745,,FP/GNAP/USDA,FOOD PANTRY-Agency,BLUE RECEIPT-SHL,MCC-16-10001,228,0,0,0.0,228,BARROW,0.0,6/10/2024 0:00,6/10/2024 0:00,Price Code 1,CUSTOMER PICKUP,False,Food Bank of Northeast Georgia,01,30548.0,Hoschton,"COOLER FOOD MISC., SHL RETAIL PICKUP",Food Misc.
781,173525,690,R-130,"Richard C. Wilson Recovery Residence, INC",477154,,ON PREMISES (OP),REHAB-Agency,BLUE RECEIPT-SHL,W-03-10013,198,0,0,5.94,198,BARROW,0.03,1/24/2024 9:09,1/24/2024 9:45,Price Code 1,CUSTOMER PICKUP,False,Sharing Floor Athens,01-SH,30666.0,Statham,"ASSORTED BEVERAGES, SHL",Beverages
1040,178462,8854,H-159,Hills Temple FBH Church,481078,,FP/OP/GNAP/USDA,FB DIRECT ASSISTANCE-Agency,BLUE RECEIPT-SHL,N-03-11776,10,0,0,0.0,330,BARROW,0.0,4/10/2024 0:04,4/15/2024 9:47,Price Code 1,CUSTOMER PICKUP,False,Food Bank of Northeast Georgia,01,30680.0,Winder,DR PEPPER STRAWBERRIES & CREAM,Beverages
172,173783,650,P-104,Project Adam Community Asst Ct,477412,,ON PREMISES (OP),REHAB-Agency,BLUE RECEIPT-SHL,N-03-10583,2,0,0,0.0,84,BARROW,0.0,2/1/2024 13:41,2/5/2024 11:27,Price Code 1,CUSTOMER PICKUP,False,Food Bank of Northeast Georgia,01,30680.0,Winder,PEPSI SODA,Beverages
600,181572,9081,S-140,SYTGE (Seeing You Through God's Eyes) Outreach Ministry,484176,,FOOD PANTRY,FOOD PANTRY-Agency,BLUE RECEIPT-SHL,N-03-11843,1,0,0,0.0,18,BARROW,0.0,6/5/2024 9:30,6/5/2024 9:51,Price Code 1,CUSTOMER PICKUP,False,Food Bank of Northeast Georgia,01,30680.0,Winder,DR PEPPER ZERO SUGAR,Beverages
1038,181855,6780,C-184,"Called to Serve Georgia, Inc",484459,,FP/OP/USDA,FOOD PANTRY-Agency,USDA,C-50-10024,9,0,0,38.7,387,BARROW,0.1,6/28/2024 14:00,7/2/2024 7:46,Price Code 1,CUSTOMER PICKUP,False,Food Bank of Northeast Georgia,01,30680.0,Winder,USDA APPLES,Fruits
172,178513,875,P-104,Project Adam Community Asst Ct,481129,,ON PREMISES (OP),REHAB-Agency,BLUE RECEIPT-SHL,W-04-10000,66,0,0,0.0,66,BARROW,0.0,4/8/2024 13:41,4/8/2024 9:46,Price Code 1,CUSTOMER PICKUP,False,Sharing Floor Athens,01-SH,30680.0,Winder,"BREAD & BAKERY, ASSORTED SHL",Grains
781,182588,5772,R-130,"Richard C. Wilson Recovery Residence, INC",485191,,ON PREMISES (OP),REHAB-Agency,LOCAL - LL,C-28-10000,68,0,0,2.04,68,BARROW,0.03,6/26/2024 9:09,6/26/2024 9:23,Price Code 1,CUSTOMER PICKUP,False,Food Bank of Northeast Georgia,01,30666.0,Statham,"PRODUCE, FRESH LL",Mixed Produce
29,177776,170,B-107,Barrow County Food Pantry,480395,,FOOD PANTRY,FOOD PANTRY-Agency,USDA,N-50-10007,25,0,0,0.0,700,BARROW,0.0,3/28/2024 7:00,3/28/2024 6:02,Price Code 1,TRACTOR TRAILER 1 MOBILE PANTRY,False,Food Bank of Northeast Georgia,01,30680.0,Winder,"USDA CORN, WHOLE KERNEL NO SALT",Vegetables
172,179210,9018,P-104,Project Adam Community Asst Ct,481823,,ON PREMISES (OP),REHAB-Agency,LFB,N-12-10105,10,0,0,5.4,30,BARROW,0.18,4/22/2024 13:41,4/22/2024 10:53,Price Code 1,CUSTOMER PICKUP,False,Food Bank of Northeast Georgia,01,30680.0,Winder,CREST WHITE TOOTHPASTE,Non-Food Misc.
29,177776,8962,B-107,Barrow County Food Pantry,480395,,FOOD PANTRY,FOOD PANTRY-Agency,BLUE RECEIPT-SHL,C-28-90539,37,0,0,0.0,1924,BARROW,0.0,3/28/2024 7:00,3/28/2024 6:02,Price Code 1,TRACTOR TRAILER 1 MOBILE PANTRY,False,Food Bank of Northeast Georgia,01,30680.0,Winder,"TURNIPS, SHL",Vegetables
497,176147,8948,W-119,Winder Freelife Church,478774,,FP/OP/GNAP/USDA,FOOD PANTRY-Agency,BLUE RECEIPT-SHL,N-03-11812,1,0,0,0.0,36,BARROW,0.0,3/4/2024 11:00,3/4/2024 14:17,Price Code 1,CUSTOMER PICKUP,False,Food Bank of Northeast Georgia,01,30680.0,Winder,LIPTON DIET GREEN CITRUS TEA,Beverages
781,180839,875,R-130,"Richard C. Wilson Recovery Residence, INC",483445,,ON PREMISES (OP),REHAB-Agency,BLUE RECEIPT-SHL,W-04-10000,14,0,0,0.0,14,BARROW,0.0,5/15/2024 9:09,5/15/2024 8:31,Price Code 1,CUSTOMER PICKUP,False,Sharing Floor Athens,01-SH,30666.0,Statham,"BREAD & BAKERY, ASSORTED SHL",Grains
781,177179,5681,R-130,"Richard C. Wilson Recovery Residence, INC",479800,,ON PREMISES (OP),REHAB-Agency,LOCAL - LL,C-16-10000,45,0,0,8.1,45,BARROW,0.18,3/13/2024 9:09,3/13/2024 8:31,Price Code 1,CUSTOMER PICKUP,False,Sharing Floor Athens,01-SH,30666.0,Statham,"COOLER FOOD, MISC. LL",Food Misc.
863,178847,690,A-148,Auburn First Baptist Church,481461,,FOOD PANTRY,FOOD PANTRY-Agency,BLUE RECEIPT-SHL,W-03-10013,171,0,0,0.0,171,BARROW,0.0,4/12/2024 8:05,4/12/2024 8:31,Price Code 1,CUSTOMER PICKUP,False,Sharing Floor Athens,01-SH,30011.0,Auburn,"ASSORTED BEVERAGES, SHL",Beverages
682,173185,683,C-170,Christ The King Ghana Methodist,476815,,DIRECT ASSISTANCE,FOOD PANTRY-Agency,BLUE RECEIPT-SHL,W-16-10001,19,0,0,0.0,19,BARROW,0.0,1/17/2024 15:05,1/17/2024 10:48,Price Code 1,CUSTOMER PICKUP,False,Sharing Floor Athens,01-SH,30680.0,Winder,MISC. FOOD BOX SHL,Food Misc.
600,176844,8915,S-140,SYTGE (Seeing You Through God's Eyes) Outreach Ministry,479466,,FOOD PANTRY,FOOD PANTRY-Agency,USDA,F-50-90474,1,0,0,4.0,40,BARROW,0.1,3/14/2024 13:46,3/14/2024 10:13,Price Code 1,CUSTOMER PICKUP,False,Food Bank of Northeast Georgia,01,30680.0,Winder,USDA PACIFIC SALAD SHRIMP,Proteins
1038,180181,5407,C-184,"Called to Serve Georgia, Inc",482787,,FP/OP/USDA,FOOD PANTRY-Agency,BLUE RECEIPT-SHL,F-15-10000,52,0,0,9.36,52,BARROW,0.18,5/3/2024 14:16,5/3/2024 14:21,Price Code 1,CUSTOMER PICKUP,False,Sharing Floor Athens,01-SH,30680.0,Winder,"MEAT & SEAFOOD, FROZEN SHL",Proteins
917,176120,8958,C-161,Church at Pierce Rd.,478747,,FP/OP,FOOD PANTRY-Agency,YELLOW RECEIPT - SHN,N-25-11957,3,0,0,1.62,9,BARROW,0.18,3/1/2024 9:39,3/1/2024 10:34,Price Code 1,CUSTOMER PICKUP,False,Food Bank of Northeast Georgia,01,30680.0,Winder,WHEAT THINS BIG,Grains
29,181291,8972,B-107,Barrow County Food Pantry,FAIMPORT483896,,FOOD PANTRY,FOOD PANTRY-Agency,BLUE RECEIPT-SHL,MCF-15-10000,291,0,0,0.0,291,BARROW,0.0,5/10/2024 0:00,5/10/2024 0:00,Price Code 1,CUSTOMER PICKUP,False,Food Bank of Northeast Georgia,01,30680.0,Winder,"FROZEN MEAT & SEAFOOD, SHL RETAIL PICKUP",Proteins
479,179932,8994,W-118,Winder Wesleyan Church,482542,,FP/OP,FOOD PANTRY-Agency,GNAP,N-40-10269,3,0,0,0.0,81,BARROW,0.0,5/9/2024 10:00,5/14/2024 9:47,Price Code 1,CUSTOMER PICKUP,False,Food Bank of Northeast Georgia,01,30680.0,Winder,"GNAP GREEN BEANS, WHOLE",Vegetables
1040,180423,875,H-159,Hills Temple FBH Church,483029,,FP/OP/GNAP/USDA,FB DIRECT ASSISTANCE-Agency,BLUE RECEIPT-SHL,W-04-10000,5,0,0,0.0,5,BARROW,0.0,5/8/2024 11:28,5/8/2024 11:35,Price Code 1,CUSTOMER PICKUP,False,Sharing Floor Athens,01-SH,30680.0,Winder,"BREAD & BAKERY, ASSORTED SHL",Grains
172,179457,9023,P-104,Project Adam Community Asst Ct,482070,,ON PREMISES (OP),REHAB-Agency,YELLOW RECEIPT - SHN,N-25-11969,10,0,0,12.6,70,BARROW,0.18,5/1/2024 13:41,5/1/2024 13:44,Price Code 1,CUSTOMER PICKUP,False,Food Bank of Northeast Georgia,01,30680.0,Winder,ACT II LIGHT BUTTER POPCORN,Grains
867,176742,8783,Y-108,YMCA of GA's Piedmont- Barrow County,479365,,FP/OP/GNAP/USDA,AT-RISK YOUTH-Agency,USDA,N-50-10308,2,0,0,8.28,46,BARROW,0.18,3/11/2024 14:18,3/11/2024 15:01,Price Code 1,CUSTOMER PICKUP,False,Food Bank of Northeast Georgia,01,30680.0,Winder,USDA RAISINS,Fruits
917,175883,8873,C-161,Church at Pierce Rd.,478511,,FP/OP,FOOD PANTRY-Agency,YELLOW RECEIPT - SHN,F-10-10001,2,0,0,0.18,6,BARROW,0.03,2/23/2024 9:39,2/23/2024 8:48,Price Code 1,CUSTOMER PICKUP,False,Food Bank of Northeast Georgia,01,30680.0,Winder,OUTSHINE STRAWBERRY BANANA SMOOTHIE CUBES,Beverages
917,181058,9014,C-161,Church at Pierce Rd.,483663,,FP/OP,FOOD PANTRY-Agency,PURCH,N-27-10136,2,0,104,9.72,54,BARROW,0.18,5/24/2024 9:30,5/24/2024 9:59,Price Code 1,CUSTOMER PICKUP,False,Food Bank of Northeast Georgia,01,30680.0,Winder,"GREEN BEANS, HARVEST VALLEY",Vegetables
953,180736,8973,C-179,Crossview Church Food Pantry,FAIMPORT483342,,FP/GNAP/USDA,FOOD PANTRY-Agency,BLUE RECEIPT-SHL,MCC-16-10001,93,0,0,0.0,93,BARROW,0.0,5/13/2024 0:00,5/13/2024 0:00,Price Code 1,CUSTOMER PICKUP,False,Food Bank of Northeast Georgia,01,30548.0,Hoschton,"COOLER FOOD MISC., SHL RETAIL PICKUP",Food Misc.
1013,179765,842,S-143,"Spirit Of Sharing, INC",482378,,FP/GNAP/USDA,FOOD PANTRY-Agency,USDA,N-50-10021,13,0,0,0.0,351,BARROW,0.0,5/1/2024 9:00,5/1/2024 10:21,Price Code 1,TRUCK 1 MOBILE PANTRY,False,Food Bank of Northeast Georgia,01,30680.0,Winder,USDA DICED TOMATOES NO SALT CCC,Vegetables
29,177802,8972,B-107,Barrow County Food Pantry,FAIMPORT480421,,FOOD PANTRY,FOOD PANTRY-Agency,BLUE RECEIPT-SHL,MCF-15-10000,5,0,0,0.0,5,BARROW,0.0,3/21/2024 0:00,3/21/2024 0:00,Price Code 1,CUSTOMER PICKUP,False,Food Bank of Northeast Georgia,01,30680.0,Winder,"FROZEN MEAT & SEAFOOD, SHL RETAIL PICKUP",Proteins
29,179799,8974,B-107,Barrow County Food Pantry,FAIMPORT482412,,FOOD PANTRY,FOOD PANTRY-Agency,BLUE RECEIPT-SHL,MCW-04-10000,80,0,0,0.0,80,BARROW,0.0,4/26/2024 0:00,4/26/2024 0:00,Price Code 1,CUSTOMER PICKUP,False,Food Bank of Northeast Georgia,01,30680.0,Winder,"BREAD AND BAKERY, SHL RETAIL PICKUPS",Grains
953,180171,9037,C-179,Crossview Church Food Pantry,482777,,FP/GNAP/USDA,FOOD PANTRY-Agency,GNAP,N-40-10274,4,0,0,0.0,36,BARROW,0.0,5/8/2024 9:30,5/9/2024 9:19,Price Code 1,TRACTOR TRAILER 1,False,Food Bank of Northeast Georgia,01,30548.0,Hoschton,GNAP RICE KRISPIES CEREAL BOWLS,Grains
781,173895,5938,R-130,"Richard C. Wilson Recovery Residence, INC",477524,,ON PREMISES (OP),REHAB-Agency,BLUE RECEIPT-SHL,C-28-10001,52,0,0,1.56,52,BARROW,0.03,1/31/2024 9:09,1/31/2024 9:44,Price Code 1,CUSTOMER PICKUP,False,Sharing Floor Athens,01-SH,30666.0,Statham,"PRODUCE, FRESH SHL",Mixed Produce
867,179864,7202,Y-108,YMCA of GA's Piedmont- Barrow County,482475,,FP/OP/GNAP/USDA,AT-RISK YOUTH-Agency,GNAP,N-40-10242,2,0,0,0.0,32,BARROW,0.0,5/3/2024 14:18,5/3/2024 10:51,Price Code 1,CUSTOMER PICKUP,False,Food Bank of Northeast Georgia,01,30680.0,Winder,GNAP STRAWBERRY JELLY,Food Misc.
1040,180765,9056,H-159,Hills Temple FBH Church,483371,,FP/OP/GNAP/USDA,FB DIRECT ASSISTANCE-Agency,GNAP,N-40-10286,10,0,0,0.0,220,BARROW,0.0,5/17/2024 9:15,5/17/2024 10:44,Price Code 1,CUSTOMER PICKUP,False,Food Bank of Northeast Georgia,01,30680.0,Winder,GNAP DICED PEAR CUPS,Fruits
917,178855,5958,C-161,Church at Pierce Rd.,481469,,FP/OP,FOOD PANTRY-Agency,BLUE RECEIPT-SHL,C-16-10001,22,0,0,3.96,22,BARROW,0.18,4/12/2024 9:39,4/12/2024 9:50,Price Code 1,CUSTOMER PICKUP,False,Sharing Floor Athens,01-SH,30680.0,Winder,"COOLER FOOD, MISC. SHL",Food Misc.
682,180417,5938,C-170,Christ The King Ghana Methodist,483023,,DIRECT ASSISTANCE,FOOD PANTRY-Agency,BLUE RECEIPT-SHL,C-28-10001,210,0,0,6.3,210,BARROW,0.03,5/8/2024 15:05,5/8/2024 10:38,Price Code 1,CUSTOMER PICKUP,False,Sharing Floor Athens,01-SH,30680.0,Winder,"PRODUCE, FRESH SHL",Mixed Produce
781,172929,5407,R-130,"Richard C. Wilson Recovery Residence, INC",476560,,ON PREMISES (OP),REHAB-Agency,BLUE RECEIPT-SHL,F-15-10000,190,0,0,34.2,190,BARROW,0.18,1/11/2024 9:09,1/11/2024 10:58,Price Code 1,CUSTOMER PICKUP,False,Sharing Floor Athens,01-SH,30666.0,Statham,"MEAT & SEAFOOD, FROZEN SHL",Proteins
953,179498,8972,C-179,Crossview Church Food Pantry,FAIMPORT482111,,FP/GNAP/USDA,FOOD PANTRY-Agency,BLUE RECEIPT-SHL,MCF-15-10000,599,0,0,0.0,599,BARROW,0.0,4/22/2024 0:00,4/22/2024 0:00,Price Code 1,CUSTOMER PICKUP,False,Food Bank of Northeast Georgia,01,30548.0,Hoschton,"FROZEN MEAT & SEAFOOD, SHL RETAIL PICKUP",Proteins
1040,177969,8922,H-159,Hills Temple FBH Church,480588,,FP/OP/GNAP/USDA,FB DIRECT ASSISTANCE-Agency,LOCAL - LL,N-25-11954,3,0,0,2.7,15,BARROW,0.18,4/3/2024 8:12,4/3/2024 11:28,Price Code 1,CUSTOMER PICKUP,False,Food Bank of Northeast Georgia,01,30680.0,Winder,ATKINS VAR PACK CHOC PEANUT/CARAMEL,Food Misc.
917,180128,5938,C-161,Church at Pierce Rd.,482736,,FP/OP,FOOD PANTRY-Agency,BLUE RECEIPT-SHL,C-28-10001,157,0,0,4.71,157,BARROW,0.03,5/3/2024 9:39,5/3/2024 9:43,Price Code 1,CUSTOMER PICKUP,False,Sharing Floor Athens,01-SH,30680.0,Winder,"PRODUCE, FRESH SHL",Mixed Produce
682,173534,5407,C-170,Christ The King Ghana Methodist,477163,,DIRECT ASSISTANCE,FOOD PANTRY-Agency,BLUE RECEIPT-SHL,F-15-10000,177,0,0,31.86,177,BARROW,0.18,1/24/2024 15:05,1/24/2024 10:57,Price Code 1,CUSTOMER PICKUP,False,Sharing Floor Athens,01-SH,30680.0,Winder,"MEAT & SEAFOOD, FROZEN SHL",Proteins
29,182129,8974,B-107,Barrow County Food Pantry,FAIMPORT484733,,FOOD PANTRY,FOOD PANTRY-Agency,BLUE RECEIPT-SHL,MCW-04-10000,195,0,0,0.0,195,BARROW,0.0,6/10/2024 0:00,6/10/2024 0:00,Price Code 1,CUSTOMER PICKUP,False,Food Bank of Northeast Georgia,01,30680.0,Winder,"BREAD AND BAKERY, SHL RETAIL PICKUPS",Grains
953,181539,8972,C-179,Crossview Church Food Pantry,FAIMPORT484143,,FP/GNAP/USDA,FOOD PANTRY-Agency,BLUE RECEIPT-SHL,MCF-15-10000,221,0,0,0.0,221,BARROW,0.0,5/27/2024 0:00,5/27/2024 0:00,Price Code 1,CUSTOMER PICKUP,False,Food Bank of Northeast Georgia,01,30548.0,Hoschton,"FROZEN MEAT & SEAFOOD, SHL RETAIL PICKUP",Proteins
917,176083,5407,C-161,Church at Pierce Rd.,478710,,FP/OP,FOOD PANTRY-Agency,BLUE RECEIPT-SHL,F-15-10000,36,0,0,6.48,36,BARROW,0.18,2/23/2024 9:39,2/23/2024 9:56,Price Code 1,CUSTOMER PICKUP,False,Sharing Floor Athens,01-SH,30680.0,Winder,"MEAT & SEAFOOD, FROZEN SHL",Proteins
863,177759,5938,A-148,Auburn First Baptist Church,480378,,FOOD PANTRY,FOOD PANTRY-Agency,BLUE RECEIPT-SHL,C-28-10001,660,0,0,19.8,660,BARROW,0.03,3/22/2024 8:05,3/22/2024 8:17,Price Code 1,CUSTOMER PICKUP,False,Sharing Floor Athens,01-SH,30011.0,Auburn,"PRODUCE, FRESH SHL",Mixed Produce
29,179436,1047,B-107,Barrow County Food Pantry,482049,,FOOD PANTRY,FOOD PANTRY-Agency,USDA,N-50-10041,50,0,0,0.0,2450,BARROW,0.0,4/25/2024 7:00,4/25/2024 6:17,Price Code 1,TRACTOR TRAILER 1 MOBILE PANTRY,False,Food Bank of Northeast Georgia,01,30680.0,Winder,USDA RICE,Grains
600,173659,8909,S-140,SYTGE (Seeing You Through God's Eyes) Outreach Ministry,477288,,FOOD PANTRY,FOOD PANTRY-Agency,BLUE RECEIPT-SHL,N-03-11795,2,0,0,6.12,34,BARROW,0.18,2/15/2024 13:46,2/15/2024 10:15,Price Code 1,CUSTOMER PICKUP,False,Food Bank of Northeast Georgia,01,30680.0,Winder,STARBUCKS VANILLA FRAPPUCCINO,Beverages
917,176945,8948,C-161,Church at Pierce Rd.,479567,,FP/OP,FOOD PANTRY-Agency,BLUE RECEIPT-SHL,N-03-11812,2,0,0,0.0,72,BARROW,0.0,3/15/2024 9:39,3/15/2024 10:29,Price Code 1,CUSTOMER PICKUP,False,Food Bank of Northeast Georgia,01,30680.0,Winder,LIPTON DIET GREEN CITRUS TEA,Beverages
867,172759,4555,Y-108,YMCA of GA's Piedmont- Barrow County,476390,,FP/OP/GNAP/USDA,AT-RISK YOUTH-Agency,USDA,F-50-90042,4,0,0,28.8,160,BARROW,0.18,1/11/2024 14:18,1/11/2024 12:16,Price Code 1,CUSTOMER PICKUP,False,Food Bank of Northeast Georgia,01,30680.0,Winder,USDA CHICKEN DRUMSTICKS CCC,Proteins
29,178715,8971,B-107,Barrow County Food Pantry,FAIMPORT481329,,FOOD PANTRY,FOOD PANTRY-Agency,BLUE RECEIPT-SHL,MCF-16-10001,74,0,0,0.0,74,BARROW,0.0,4/9/2024 0:00,4/9/2024 0:00,Price Code 1,CUSTOMER PICKUP,False,Food Bank of Northeast Georgia,01,30680.0,Winder,"FROZEN FOODS, MISC SHL RETAIL PICKUP",Food Misc.
172,181768,5407,P-104,Project Adam Community Asst Ct,484372,,ON PREMISES (OP),REHAB-Agency,BLUE RECEIPT-SHL,F-15-10000,8,0,0,1.44,8,BARROW,0.18,6/3/2024 13:41,6/3/2024 9:00,Price Code 1,CUSTOMER PICKUP,False,Sharing Floor Athens,01-SH,30680.0,Winder,"MEAT & SEAFOOD, FROZEN SHL",Proteins
781,180410,5958,R-130,"Richard C. Wilson Recovery Residence, INC",483016,,ON PREMISES (OP),REHAB-Agency,BLUE RECEIPT-SHL,C-16-10001,114,0,0,20.52,114,BARROW,0.18,5/8/2024 9:09,5/8/2024 9:31,Price Code 1,CUSTOMER PICKUP,False,Sharing Floor Athens,01-SH,30666.0,Statham,"COOLER FOOD, MISC. SHL",Food Misc.
29,182517,9015,B-107,Barrow County Food Pantry,485120,,FOOD PANTRY,FOOD PANTRY-Agency,USDA,N-50-10314,25,0,0,0.0,1225,BARROW,0.0,6/27/2024 7:00,6/27/2024 9:27,Price Code 1,TRACTOR TRAILER 1 MOBILE PANTRY,False,Food Bank of Northeast Georgia,01,30680.0,Winder,USDA RICE CCC,Grains
1040,180109,9047,H-159,Hills Temple FBH Church,482717,,FP/OP/GNAP/USDA,FB DIRECT ASSISTANCE-Agency,GNAP,N-40-10281,6,0,0,0.0,60,BARROW,0.0,5/7/2024 8:45,5/7/2024 10:58,Price Code 1,CUSTOMER PICKUP,False,Food Bank of Northeast Georgia,01,30680.0,Winder,GNAP LASAGNA DINNER ,Prepared Meals
867,177468,5088,Y-108,YMCA of GA's Piedmont- Barrow County,480088,,FP/OP/GNAP/USDA,AT-RISK YOUTH-Agency,USDA,F-50-90023,3,0,0,0.0,75,BARROW,0.0,3/22/2024 10:00,3/22/2024 14:15,Price Code 1,CUSTOMER PICKUP,False,Food Bank of Northeast Georgia,01,30680.0,Winder,USDA FROZEN PEACHES CCC,Fruits
867,181186,9051,Y-108,YMCA of GA's Piedmont- Barrow County,483791,,FP/OP/GNAP/USDA,AT-RISK YOUTH-Agency,GNAP,N-40-10282,3,0,0,0.0,48,BARROW,0.0,5/28/2024 9:00,5/28/2024 9:11,Price Code 1,CUSTOMER PICKUP,False,Food Bank of Northeast Georgia,01,30680.0,Winder,GNAP WHITE GRITS,Grains
172,180704,688,P-104,Project Adam Community Asst Ct,483310,,ON PREMISES (OP),REHAB-Agency,BLUE RECEIPT-SHL,W-01-10000,8,0,0,0.0,8,BARROW,0.0,5/13/2024 13:41,5/13/2024 10:26,Price Code 1,CUSTOMER PICKUP,False,Sharing Floor Athens,01-SH,30680.0,Winder,"ASSORTED NON-FOOD ITEMS, SHL",Non-Food Misc.
172,173401,683,P-104,Project Adam Community Asst Ct,477030,,ON PREMISES (OP),REHAB-Agency,BLUE RECEIPT-SHL,W-16-10001,197,0,0,0.0,197,BARROW,0.0,1/22/2024 13:41,1/22/2024 11:01,Price Code 1,CUSTOMER PICKUP,False,Sharing Floor Athens,01-SH,30680.0,Winder,MISC. FOOD BOX SHL,Food Misc.
917,176158,8874,C-161,Church at Pierce Rd.,478785,,FP/OP,FOOD PANTRY-Agency,YELLOW RECEIPT - SHN,F-10-10002,2,0,0,0.18,6,BARROW,0.03,3/1/2024 9:39,3/1/2024 10:32,Price Code 1,CUSTOMER PICKUP,False,Food Bank of Northeast Georgia,01,30680.0,Winder,OUTSHINE TROPICAL SMOOTHIE CUBES,Beverages
781,179078,92,R-130,"Richard C. Wilson Recovery Residence, INC",481692,,ON PREMISES (OP),REHAB-Agency,LOCAL - LL,W-01-10002,17,0,0,0.0,17,BARROW,0.0,4/17/2024 9:09,4/17/2024 8:19,Price Code 1,CUSTOMER PICKUP,False,Sharing Floor Athens,01-SH,30666.0,Statham,"ASSORTED NON-FOOD ITEMS, LL",Non-Food Misc.
1040,178047,92,H-159,Hills Temple FBH Church,480666,,FP/OP/GNAP/USDA,FB DIRECT ASSISTANCE-Agency,LOCAL - LL,W-01-10002,78,0,0,0.0,78,BARROW,0.0,4/1/2024 14:14,4/1/2024 14:18,Price Code 1,CUSTOMER PICKUP,False,Sharing Floor Athens,01-SH,30680.0,Winder,"ASSORTED NON-FOOD ITEMS, LL",Non-Food Misc.
600,182114,8971,S-140,SYTGE (Seeing You Through God's Eyes) Outreach Ministry,FAIMPORT484718,,FOOD PANTRY,FOOD PANTRY-Agency,BLUE RECEIPT-SHL,MCF-16-10001,274,0,0,0.0,274,BARROW,0.0,6/8/2024 0:00,6/8/2024 0:00,Price Code 1,CUSTOMER PICKUP,False,Food Bank of Northeast Georgia,01,30680.0,Winder,"FROZEN FOODS, MISC SHL RETAIL PICKUP",Food Misc.
682,173185,690,C-170,Christ The King Ghana Methodist,476815,,DIRECT ASSISTANCE,FOOD PANTRY-Agency,BLUE RECEIPT-SHL,W-03-10013,219,0,0,6.57,219,BARROW,0.03,1/17/2024 15:05,1/17/2024 10:48,Price Code 1,CUSTOMER PICKUP,False,Sharing Floor Athens,01-SH,30680.0,Winder,"ASSORTED BEVERAGES, SHL",Beverages
172,178475,9004,P-104,Project Adam Community Asst Ct,481091,,ON PREMISES (OP),REHAB-Agency,BLUE RECEIPT-SHL,N-03-11823,5,0,0,0.0,110,BARROW,0.0,4/15/2024 13:41,4/15/2024 10:14,Price Code 1,CUSTOMER PICKUP,False,Food Bank of Northeast Georgia,01,30680.0,Winder,PEPSI NITRO DRAFT COLA 24PK,Beverages
600,180692,8931,S-140,SYTGE (Seeing You Through God's Eyes) Outreach Ministry,483298,,FOOD PANTRY,FOOD PANTRY-Agency,SBB-O,N-16-20003,34,0,0,0.0,748,BARROW,0.0,5/16/2024 9:45,5/16/2024 10:46,Price Code 1,CUSTOMER PICKUP,False,Food Bank of Northeast Georgia,01,30680.0,Winder,SENIOR STAPLES BOX - ASSORTED USDA,Food Misc.
1038,179717,9025,C-184,"Called to Serve Georgia, Inc",482330,,FP/OP/USDA,FOOD PANTRY-Agency,YELLOW RECEIPT - SHN,N-11-11072,10,0,0,16.2,90,BARROW,0.18,5/3/2024 13:58,5/3/2024 14:07,Price Code 1,CUSTOMER PICKUP,False,Food Bank of Northeast Georgia,01,30680.0,Winder,MRS BUTTERSWORTHS SMORES PANCAKE KIT,Food Misc.
953,182368,8974,C-179,Crossview Church Food Pantry,FAIMPORT484972,,FP/GNAP/USDA,FOOD PANTRY-Agency,BLUE RECEIPT-SHL,MCW-04-10000,6,0,0,0.0,6,BARROW,0.0,6/17/2024 0:00,6/17/2024 0:00,Price Code 1,CUSTOMER PICKUP,False,Food Bank of Northeast Georgia,01,30548.0,Hoschton,"BREAD AND BAKERY, SHL RETAIL PICKUPS",Grains
867,180357,9035,Y-108,YMCA of GA's Piedmont- Barrow County,482963,,FP/OP/GNAP/USDA,AT-RISK YOUTH-Agency,GNAP,N-40-10272,3,0,0,0.0,42,BARROW,0.0,5/17/2024 10:00,5/17/2024 10:45,Price Code 1,CUSTOMER PICKUP,False,Food Bank of Northeast Georgia,01,30680.0,Winder,GNAP MACARONI O'S W/ BEEF - EZ OPEN,Prepared Meals
864,177115,5407,W-124,Winder Church of God of Prophecy,479736,,FP/OP,FOOD PANTRY-Agency,BLUE RECEIPT-SHL,F-15-10000,19,0,0,0.0,19,BARROW,0.0,3/12/2024 12:22,3/12/2024 8:31,Price Code 1,CUSTOMER PICKUP,False,Sharing Floor Athens,01-SH,30680.0,Winder,"MEAT & SEAFOOD, FROZEN SHL",Proteins
585,172713,875,F2K360BAR,F2K360 BARROW,476344,,FP/OP/GNAP/USDA,DIRECT ASSISTANCE-Agency,BLUE RECEIPT-SHL,W-04-10000,289,0,0,0.0,289,BARROW,0.0,1/10/2024 9:00,1/10/2024 12:56,Price Code 1,TRUCK 1 MOBILE PANTRY,False,Food Bank of Northeast Georgia,01,30607.0,ATHENS,"BREAD & BAKERY, ASSORTED SHL",Grains
863,182594,5772,A-148,Auburn First Baptist Church,485197,,FOOD PANTRY,FOOD PANTRY-Agency,LOCAL - LL,C-28-10000,624,0,0,18.72,624,BARROW,0.03,6/26/2024 8:05,6/26/2024 11:24,Price Code 1,CUSTOMER PICKUP,False,Food Bank of Northeast Georgia,01,30011.0,Auburn,"PRODUCE, FRESH LL",Mixed Produce
1034,176082,4449,M-140BARROW,Barrow County MedLink Georgia,478709,,DIRECT ASSISTANCE,MOBILE PANTRY-Agency,USDA,F-50-90445,48,0,0,0.0,1968,BARROW,0.0,3/1/2024 9:40,3/5/2024 6:34,Price Code 1,TRUCK 1 MOBILE PANTRY,False,Food Bank of Northeast Georgia,01,30628.0,Colbert,USDA FULLY COOKED PULLED PORK CCC,Proteins
29,177802,8974,B-107,Barrow County Food Pantry,FAIMPORT480421,,FOOD PANTRY,FOOD PANTRY-Agency,BLUE RECEIPT-SHL,MCW-04-10000,97,0,0,0.0,97,BARROW,0.0,3/21/2024 0:00,3/21/2024 0:00,Price Code 1,CUSTOMER PICKUP,False,Food Bank of Northeast Georgia,01,30680.0,Winder,"BREAD AND BAKERY, SHL RETAIL PICKUPS",Grains
867,178111,8997,Y-108,YMCA of GA's Piedmont- Barrow County,480730,,FP/OP/GNAP/USDA,AT-RISK YOUTH-Agency,USDA,N-50-10312,4,0,0,8.64,48,BARROW,0.18,4/5/2024 14:18,4/5/2024 10:00,Price Code 1,CUSTOMER PICKUP,False,Food Bank of Northeast Georgia,01,30680.0,Winder,USDA CHILI W/ BEANS CCC,Prepared Meals
781,173772,2098,R-130,"Richard C. Wilson Recovery Residence, INC",477401,,ON PREMISES (OP),REHAB-Agency,BLUE RECEIPT-SHL,N-03-10677,20,0,0,0.0,440,BARROW,0.0,2/2/2024 9:09,2/14/2024 13:17,Price Code 1,CUSTOMER PICKUP,False,Food Bank of Northeast Georgia,01,30666.0,Statham,GATORADE ORANGE,Beverages
953,178430,8972,C-179,Crossview Church Food Pantry,FAIMPORT481046,,FP/GNAP/USDA,FOOD PANTRY-Agency,BLUE RECEIPT-SHL,MCF-15-10000,319,0,0,0.0,319,BARROW,0.0,4/3/2024 0:00,4/3/2024 0:00,Price Code 1,CUSTOMER PICKUP,False,Food Bank of Northeast Georgia,01,30548.0,Hoschton,"FROZEN MEAT & SEAFOOD, SHL RETAIL PICKUP",Proteins
953,182570,8972,C-179,Crossview Church Food Pantry,FAIMPORT485173,,FP/GNAP/USDA,FOOD PANTRY-Agency,BLUE RECEIPT-SHL,MCF-15-10000,295,0,0,0.0,295,BARROW,0.0,6/21/2024 0:00,6/21/2024 0:00,Price Code 1,CUSTOMER PICKUP,False,Food Bank of Northeast Georgia,01,30548.0,Hoschton,"FROZEN MEAT & SEAFOOD, SHL RETAIL PICKUP",Proteins
1040,180109,9036,H-159,Hills Temple FBH Church,482717,,FP/OP/GNAP/USDA,FB DIRECT ASSISTANCE-Agency,GNAP,N-40-10273,6,0,0,0.0,84,BARROW,0.0,5/7/2024 8:45,5/7/2024 10:58,Price Code 1,CUSTOMER PICKUP,False,Food Bank of Northeast Georgia,01,30680.0,Winder,GNAP PASTA O'S IN TOMATO SAUCE,Prepared Meals
1013,172282,875,S-143,"Spirit Of Sharing, INC",475913,,FP/GNAP/USDA,FOOD PANTRY-Agency,BLUE RECEIPT-SHL,W-04-10000,211,0,0,0.0,211,BARROW,0.0,1/3/2024 9:00,1/11/2024 8:45,Price Code 1,TRUCK 1 MOBILE PANTRY,False,Food Bank of Northeast Georgia,01,30680.0,Winder,"BREAD & BAKERY, ASSORTED SHL",Grains
953,173694,696,C-179,Crossview Church Food Pantry,477323,,FP/GNAP/USDA,FOOD PANTRY-Agency,LOCAL - LL,W-25-10000,16,0,0,1.44,16,BARROW,0.09,1/26/2024 13:59,1/26/2024 14:02,Price Code 1,CUSTOMER PICKUP,False,Sharing Floor Athens,01-SH,30548.0,Hoschton,"ASSORTED SNACK ITEMS, LL",Food Misc.
1013,179765,8720,S-143,"Spirit Of Sharing, INC",482378,,FP/GNAP/USDA,FOOD PANTRY-Agency,USDA,N-50-10305,16,0,0,0.0,224,BARROW,0.0,5/1/2024 9:00,5/1/2024 10:21,Price Code 1,TRUCK 1 MOBILE PANTRY,False,Food Bank of Northeast Georgia,01,30680.0,Winder,USDA MIXED VegetablesCCC,Vegetables
953,180157,8975,C-179,Crossview Church Food Pantry,FAIMPORT482763,,FP/GNAP/USDA,FOOD PANTRY-Agency,BLUE RECEIPT-SHL,MCC-07-10001,23,0,0,0.0,23,BARROW,0.0,4/26/2024 0:00,4/26/2024 0:00,Price Code 1,CUSTOMER PICKUP,False,Food Bank of Northeast Georgia,01,30548.0,Hoschton,"DAIRY PRODUCTS, SHL RETAIL PICKUPS",Dairy
172,175479,5958,P-104,Project Adam Community Asst Ct,478108,,ON PREMISES (OP),REHAB-Agency,BLUE RECEIPT-SHL,C-16-10001,14,0,0,2.52,14,BARROW,0.18,2/12/2024 13:41,2/12/2024 11:06,Price Code 1,CUSTOMER PICKUP,False,Sharing Floor Athens,01-SH,30680.0,Winder,"COOLER FOOD, MISC. SHL",Food Misc.
29,182517,6780,B-107,Barrow County Food Pantry,485120,,FOOD PANTRY,FOOD PANTRY-Agency,USDA,C-50-10024,80,0,0,0.0,3440,BARROW,0.0,6/27/2024 7:00,6/27/2024 9:27,Price Code 1,TRACTOR TRAILER 1 MOBILE PANTRY,False,Food Bank of Northeast Georgia,01,30680.0,Winder,USDA APPLES,Fruits
682,176755,5388,C-170,Christ The King Ghana Methodist,479378,,DIRECT ASSISTANCE,FOOD PANTRY-Agency,BLUE RECEIPT-SHL,F-16-10001,39,0,0,0.0,39,BARROW,0.0,3/6/2024 15:05,3/6/2024 10:52,Price Code 1,CUSTOMER PICKUP,False,Sharing Floor Athens,01-SH,30680.0,Winder,"ASSORTED FROZEN FOODS, SHL",Food Misc.
781,173477,3776,R-130,"Richard C. Wilson Recovery Residence, INC",477106,,ON PREMISES (OP),REHAB-Agency,BLUE RECEIPT-SHL,N-03-11125,5,0,0,4.95,165,BARROW,0.03,1/26/2024 9:09,1/26/2024 10:32,Price Code 1,CUSTOMER PICKUP,False,Food Bank of Northeast Georgia,01,30666.0,Statham,PEPSI WILD CHERRY,Beverages
29,177776,1047,B-107,Barrow County Food Pantry,480395,,FOOD PANTRY,FOOD PANTRY-Agency,USDA,N-50-10041,50,0,0,0.0,2450,BARROW,0.0,3/28/2024 7:00,3/28/2024 6:02,Price Code 1,TRACTOR TRAILER 1 MOBILE PANTRY,False,Food Bank of Northeast Georgia,01,30680.0,Winder,USDA RICE,Grains
682,172473,875,C-170,Christ The King Ghana Methodist,476104,,DIRECT ASSISTANCE,FOOD PANTRY-Agency,BLUE RECEIPT-SHL,W-04-10000,106,0,0,0.0,106,BARROW,0.0,1/3/2024 15:05,1/3/2024 11:01,Price Code 1,CUSTOMER PICKUP,False,Sharing Floor Athens,01-SH,30680.0,Winder,"BREAD & BAKERY, ASSORTED SHL",Grains
29,180145,8972,B-107,Barrow County Food Pantry,FAIMPORT482752,,FOOD PANTRY,FOOD PANTRY-Agency,BLUE RECEIPT-SHL,MCF-15-10000,113,0,0,0.0,113,BARROW,0.0,4/26/2024 0:00,4/26/2024 0:00,Price Code 1,CUSTOMER PICKUP,False,Food Bank of Northeast Georgia,01,30680.0,Winder,"FROZEN MEAT & SEAFOOD, SHL RETAIL PICKUP",Proteins
781,180410,683,R-130,"Richard C. Wilson Recovery Residence, INC",483016,,ON PREMISES (OP),REHAB-Agency,BLUE RECEIPT-SHL,W-16-10001,100,0,0,18.0,100,BARROW,0.18,5/8/2024 9:09,5/8/2024 9:31,Price Code 1,CUSTOMER PICKUP,False,Sharing Floor Athens,01-SH,30666.0,Statham,MISC. FOOD BOX SHL,Food Misc.
172,178016,5938,P-104,Project Adam Community Asst Ct,480635,,ON PREMISES (OP),REHAB-Agency,BLUE RECEIPT-SHL,C-28-10001,20,0,0,0.6,20,BARROW,0.03,4/1/2024 13:41,4/1/2024 9:47,Price Code 1,CUSTOMER PICKUP,False,Sharing Floor Athens,01-SH,30680.0,Winder,"PRODUCE, FRESH SHL",Mixed Produce
497,173513,5088,W-119,Winder Freelife Church,477142,,FP/OP/GNAP/USDA,FOOD PANTRY-Agency,USDA,F-50-90023,1,0,0,0.0,25,BARROW,0.0,2/7/2024 11:00,2/7/2024 10:45,Price Code 1,CUSTOMER PICKUP,False,Food Bank of Northeast Georgia,01,30680.0,Winder,USDA FROZEN PEACHES CCC,Fruits
867,181186,9061,Y-108,YMCA of GA's Piedmont- Barrow County,483791,,FP/OP/GNAP/USDA,AT-RISK YOUTH-Agency,LOCAL - LL,N-25-11974,10,0,0,5.4,30,BARROW,0.18,5/28/2024 9:00,5/28/2024 9:11,Price Code 1,CUSTOMER PICKUP,False,Food Bank of Northeast Georgia,01,30680.0,Winder,DOVE DARK CHOCOLATE & SEA SALT CARAMEL,Food Misc.
867,176742,8720,Y-108,YMCA of GA's Piedmont- Barrow County,479365,,FP/OP/GNAP/USDA,AT-RISK YOUTH-Agency,USDA,N-50-10305,5,0,0,12.6,70,BARROW,0.18,3/11/2024 14:18,3/11/2024 15:01,Price Code 1,CUSTOMER PICKUP,False,Food Bank of Northeast Georgia,01,30680.0,Winder,USDA MIXED VegetablesCCC,Vegetables
576,173797,4555,F2KBARROW,Food 2 Kids Barrow County,477426,,DIRECT ASSISTANCE,DIRECT ASSISTANCE-Agency,USDA,F-50-90042,14,0,0,0.0,560,BARROW,0.0,2/14/2024 9:00,3/5/2024 13:20,Price Code 1,TRACTOR TRAILER 2 MOBILE PANTRY,False,Food Bank of Northeast Georgia,01,,Athens,USDA CHICKEN DRUMSTICKS CCC,Proteins
863,176495,5772,A-148,Auburn First Baptist Church,479119,,FOOD PANTRY,FOOD PANTRY-Agency,LOCAL - LL,C-28-10000,282,0,0,8.46,282,BARROW,0.03,3/1/2024 8:05,3/1/2024 8:42,Price Code 1,CUSTOMER PICKUP,False,Sharing Floor Athens,01-SH,30011.0,Auburn,"PRODUCE, FRESH LL",Mixed Produce
172,181170,9062,P-104,Project Adam Community Asst Ct,483775,,ON PREMISES (OP),REHAB-Agency,LOCAL - LL,N-25-11975,2,0,0,1.08,6,BARROW,0.18,5/28/2024 9:30,5/28/2024 8:55,Price Code 1,CUSTOMER PICKUP,False,Food Bank of Northeast Georgia,01,30680.0,Winder,DOVE DARK CHOCOLATE & PEANUT BUTTER,Food Misc.
867,179737,7169,Y-108,YMCA of GA's Piedmont- Barrow County,482350,,FP/OP/GNAP/USDA,AT-RISK YOUTH-Agency,GNAP,N-40-10236,6,0,0,15.12,84,BARROW,0.18,5/3/2024 10:00,5/3/2024 10:51,Price Code 1,CUSTOMER PICKUP,False,Food Bank of Northeast Georgia,01,30680.0,Winder,GNAP BEEF LASAGNA,Prepared Meals
600,181572,9059,S-140,SYTGE (Seeing You Through God's Eyes) Outreach Ministry,484176,,FOOD PANTRY,FOOD PANTRY-Agency,LOCAL - LL,F-16-90438,1,0,0,0.72,4,BARROW,0.18,6/5/2024 9:30,6/5/2024 9:51,Price Code 1,CUSTOMER PICKUP,False,Food Bank of Northeast Georgia,01,30680.0,Winder,OSCAR MAYER MAPLE SAUSAGE ROLLERS,Proteins
172,181030,1750,P-104,Project Adam Community Asst Ct,483635,,ON PREMISES (OP),REHAB-Agency,BLUE RECEIPT-SHL,N-03-10760,8,0,0,0.0,288,BARROW,0.0,5/28/2024 8:00,5/28/2024 8:56,Price Code 1,CUSTOMER PICKUP,False,Food Bank of Northeast Georgia,01,30680.0,Winder,GATORADE FRUIT PUNCH,Beverages
867,176025,2202,Y-108,YMCA of GA's Piedmont- Barrow County,478653,,FP/OP/GNAP/USDA,AT-RISK YOUTH-Agency,USDA,N-50-10240,2,0,0,7.92,44,BARROW,0.18,2/27/2024 14:18,2/28/2024 15:06,Price Code 1,CUSTOMER PICKUP,False,Food Bank of Northeast Georgia,01,30680.0,Winder,USDA SPAGHETTI,Grains
682,178664,690,C-170,Christ The King Ghana Methodist,481280,,DIRECT ASSISTANCE,FOOD PANTRY-Agency,BLUE RECEIPT-SHL,W-03-10013,502,0,0,15.06,502,BARROW,0.03,4/10/2024 15:05,4/10/2024 10:48,Price Code 1,CUSTOMER PICKUP,False,Sharing Floor Athens,01-SH,30680.0,Winder,"ASSORTED BEVERAGES, SHL",Beverages
1040,180765,9036,H-159,Hills Temple FBH Church,483371,,FP/OP/GNAP/USDA,FB DIRECT ASSISTANCE-Agency,GNAP,N-40-10273,6,0,0,0.0,84,BARROW,0.0,5/17/2024 9:15,5/17/2024 10:44,Price Code 1,CUSTOMER PICKUP,False,Food Bank of Northeast Georgia,01,30680.0,Winder,GNAP PASTA O'S IN TOMATO SAUCE,Prepared Meals
1040,178462,8834,H-159,Hills Temple FBH Church,481078,,FP/OP/GNAP/USDA,FB DIRECT ASSISTANCE-Agency,BLUE RECEIPT-SHL,N-03-11770,10,0,0,0.0,100,BARROW,0.0,4/10/2024 0:04,4/15/2024 9:47,Price Code 1,CUSTOMER PICKUP,False,Food Bank of Northeast Georgia,01,30680.0,Winder,MT DEW ZERO SUGAR,Beverages
953,181722,8975,C-179,Crossview Church Food Pantry,FAIMPORT484326,,FP/GNAP/USDA,FOOD PANTRY-Agency,BLUE RECEIPT-SHL,MCC-07-10001,8,0,0,0.0,8,BARROW,0.0,5/31/2024 0:00,5/31/2024 0:00,Price Code 1,CUSTOMER PICKUP,False,Food Bank of Northeast Georgia,01,30548.0,Hoschton,"DAIRY PRODUCTS, SHL RETAIL PICKUPS",Dairy
917,181010,5407,C-161,Church at Pierce Rd.,483615,,FP/OP,FOOD PANTRY-Agency,BLUE RECEIPT-SHL,F-15-10000,58,0,0,10.44,58,BARROW,0.18,5/17/2024 9:39,5/17/2024 9:23,Price Code 1,CUSTOMER PICKUP,False,Sharing Floor Athens,01-SH,30680.0,Winder,"MEAT & SEAFOOD, FROZEN SHL",Proteins
29,179436,1791,B-107,Barrow County Food Pantry,482049,,FOOD PANTRY,FOOD PANTRY-Agency,USDA,N-50-10079,25,0,0,0.0,650,BARROW,0.0,4/25/2024 7:00,4/25/2024 6:17,Price Code 1,TRACTOR TRAILER 1 MOBILE PANTRY,False,Food Bank of Northeast Georgia,01,30680.0,Winder,USDA WALNUT HALVES AND PIECES,Proteins
781,179078,5938,R-130,"Richard C. Wilson Recovery Residence, INC",481692,,ON PREMISES (OP),REHAB-Agency,BLUE RECEIPT-SHL,C-28-10001,97,0,0,2.91,97,BARROW,0.03,4/17/2024 9:09,4/17/2024 8:19,Price Code 1,CUSTOMER PICKUP,False,Sharing Floor Athens,01-SH,30666.0,Statham,"PRODUCE, FRESH SHL",Mixed Produce
682,179549,5958,C-170,Christ The King Ghana Methodist,482162,,DIRECT ASSISTANCE,FOOD PANTRY-Agency,BLUE RECEIPT-SHL,C-16-10001,40,0,0,7.2,40,BARROW,0.18,4/24/2024 15:05,4/24/2024 10:35,Price Code 1,CUSTOMER PICKUP,False,Sharing Floor Athens,01-SH,30680.0,Winder,"COOLER FOOD, MISC. SHL",Food Misc.
864,173825,690,W-124,Winder Church of God of Prophecy,477454,,FP/OP,FOOD PANTRY-Agency,BLUE RECEIPT-SHL,W-03-10013,36,0,0,0.0,36,BARROW,0.0,1/30/2024 12:22,1/30/2024 8:48,Price Code 1,CUSTOMER PICKUP,False,Sharing Floor Athens,01-SH,30680.0,Winder,"ASSORTED BEVERAGES, SHL",Beverages
682,177229,50,C-170,Christ The King Ghana Methodist,479849,,DIRECT ASSISTANCE,FOOD PANTRY-Agency,LOCAL - LL,W-16-10002,324,0,0,58.32,324,BARROW,0.18,3/13/2024 15:05,3/13/2024 10:53,Price Code 1,CUSTOMER PICKUP,False,Sharing Floor Athens,01-SH,30680.0,Winder,MISC. FOOD BOX LL,Food Misc.
682,173534,5772,C-170,Christ The King Ghana Methodist,477163,,DIRECT ASSISTANCE,FOOD PANTRY-Agency,LOCAL - LL,C-28-10000,272,0,0,8.16,272,BARROW,0.03,1/24/2024 15:05,1/24/2024 10:57,Price Code 1,CUSTOMER PICKUP,False,Sharing Floor Athens,01-SH,30680.0,Winder,"PRODUCE, FRESH LL",Mixed Produce
29,177776,7284,B-107,Barrow County Food Pantry,480395,,FOOD PANTRY,FOOD PANTRY-Agency,USDA,C-50-10043,85,0,0,0.0,2210,BARROW,0.0,3/28/2024 7:00,3/28/2024 6:02,Price Code 1,TRACTOR TRAILER 1 MOBILE PANTRY,False,Food Bank of Northeast Georgia,01,30680.0,Winder,USDA RED FAT AMERICAN CHEESE CCC,Dairy
682,175955,683,C-170,Christ The King Ghana Methodist,478583,,DIRECT ASSISTANCE,FOOD PANTRY-Agency,BLUE RECEIPT-SHL,W-16-10001,82,0,0,14.76,82,BARROW,0.18,2/21/2024 15:05,2/21/2024 10:44,Price Code 1,CUSTOMER PICKUP,False,Sharing Floor Athens,01-SH,30680.0,Winder,MISC. FOOD BOX SHL,Food Misc.
1013,176588,170,S-143,"Spirit Of Sharing, INC",479212,,FP/GNAP/USDA,FOOD PANTRY-Agency,USDA,N-50-10007,13,0,0,0.0,364,BARROW,0.0,3/6/2024 9:00,3/6/2024 10:23,Price Code 1,TRUCK 1 MOBILE PANTRY,False,Food Bank of Northeast Georgia,01,30680.0,Winder,"USDA CORN, WHOLE KERNEL NO SALT",Vegetables
917,181347,875,C-161,Church at Pierce Rd.,483951,,FP/OP,FOOD PANTRY-Agency,BLUE RECEIPT-SHL,W-04-10000,53,0,0,0.0,53,BARROW,0.0,5/24/2024 9:39,5/24/2024 9:35,Price Code 1,CUSTOMER PICKUP,False,Sharing Floor Athens,01-SH,30680.0,Winder,"BREAD & BAKERY, ASSORTED SHL",Grains
781,179542,875,R-130,"Richard C. Wilson Recovery Residence, INC",482155,,ON PREMISES (OP),REHAB-Agency,BLUE RECEIPT-SHL,W-04-10000,30,0,0,0.0,30,BARROW,0.0,4/24/2024 9:09,4/24/2024 9:25,Price Code 1,CUSTOMER PICKUP,False,Sharing Floor Athens,01-SH,30666.0,Statham,"BREAD & BAKERY, ASSORTED SHL",Grains
917,175883,8945,C-161,Church at Pierce Rd.,478511,,FP/OP,FOOD PANTRY-Agency,BLUE RECEIPT-SHL,N-03-11809,1,0,0,0.0,18,BARROW,0.0,2/23/2024 9:39,2/23/2024 8:48,Price Code 1,CUSTOMER PICKUP,False,Food Bank of Northeast Georgia,01,30680.0,Winder,PROPEL KIWI STRAWBERRY,Beverages
600,173468,5637,S-140,SYTGE (Seeing You Through God's Eyes) Outreach Ministry,477097,,FOOD PANTRY,FOOD PANTRY-Agency,USDA,F-50-90019,4,0,0,0.0,120,BARROW,0.0,2/15/2024 9:30,2/15/2024 10:15,Price Code 1,CUSTOMER PICKUP,False,Food Bank of Northeast Georgia,01,30680.0,Winder,USDA FROZEN BLUEBERRIES CCC,Fruits
576,180247,4737,F2KBARROW,Food 2 Kids Barrow County,482853,,DIRECT ASSISTANCE,DIRECT ASSISTANCE-Agency,USDA,F-50-90456,7,0,0,0.0,280,BARROW,0.0,5/8/2024 9:00,5/9/2024 9:40,Price Code 1,TRUCK 1 MOBILE PANTRY,False,Food Bank of Northeast Georgia,01,,Athens,USDA PORK PATTY,Proteins
781,173807,8879,R-130,"Richard C. Wilson Recovery Residence, INC",477436,,ON PREMISES (OP),REHAB-Agency,BLUE RECEIPT-SHL,N-03-11784,20,0,0,0.0,540,BARROW,0.0,2/1/2024 11:00,2/1/2024 11:40,Price Code 1,CUSTOMER PICKUP,False,Food Bank of Northeast Georgia,01,30666.0,Statham,GATORADE RIPTIDE RUSH,Beverages
29,176404,8974,B-107,Barrow County Food Pantry,FAIMPORT479028,,FOOD PANTRY,FOOD PANTRY-Agency,BLUE RECEIPT-SHL,MCW-04-10000,92,0,0,0.0,92,BARROW,0.0,2/26/2024 0:00,2/26/2024 0:00,Price Code 1,CUSTOMER PICKUP,False,Food Bank of Northeast Georgia,01,30680.0,Winder,"BREAD AND BAKERY, SHL RETAIL PICKUPS",Grains
917,172307,8887,C-161,Church at Pierce Rd.,475938,,FP/OP,FOOD PANTRY-Agency,LFB,N-19-10056,20,0,0,28.8,160,BARROW,0.18,1/5/2024 9:39,1/5/2024 14:36,Price Code 1,CUSTOMER PICKUP,False,Food Bank of Northeast Georgia,01,30680.0,Winder,COTTONELLE TOILET PAPER 24,Non-Food Misc.
29,175854,1791,B-107,Barrow County Food Pantry,478482,,FOOD PANTRY,FOOD PANTRY-Agency,USDA,N-50-10079,25,0,0,0.0,650,BARROW,0.0,2/22/2024 7:00,2/22/2024 6:27,Price Code 1,TRACTOR TRAILER 1 MOBILE PANTRY,False,Food Bank of Northeast Georgia,01,30680.0,Winder,USDA WALNUT HALVES AND PIECES,Proteins
863,172592,688,A-148,Auburn First Baptist Church,476223,,FOOD PANTRY,FOOD PANTRY-Agency,BLUE RECEIPT-SHL,W-01-10000,14,0,0,2.52,14,BARROW,0.18,1/5/2024 8:05,1/5/2024 8:19,Price Code 1,CUSTOMER PICKUP,False,Sharing Floor Athens,01-SH,30011.0,Auburn,"ASSORTED NON-FOOD ITEMS, SHL",Non-Food Misc.
1040,180765,9051,H-159,Hills Temple FBH Church,483371,,FP/OP/GNAP/USDA,FB DIRECT ASSISTANCE-Agency,GNAP,N-40-10282,6,0,0,0.0,96,BARROW,0.0,5/17/2024 9:15,5/17/2024 10:44,Price Code 1,CUSTOMER PICKUP,False,Food Bank of Northeast Georgia,01,30680.0,Winder,GNAP WHITE GRITS,Grains
29,179436,8761,B-107,Barrow County Food Pantry,482049,,FOOD PANTRY,FOOD PANTRY-Agency,USDA,N-50-10306,25,0,0,0.0,625,BARROW,0.0,4/25/2024 7:00,4/25/2024 6:17,Price Code 1,TRACTOR TRAILER 1 MOBILE PANTRY,False,Food Bank of Northeast Georgia,01,30680.0,Winder,USDA WHOLE DEGLET DATES,Fruits
953,178720,8972,C-179,Crossview Church Food Pantry,FAIMPORT481334,,FP/GNAP/USDA,FOOD PANTRY-Agency,BLUE RECEIPT-SHL,MCF-15-10000,237,0,0,0.0,237,BARROW,0.0,4/10/2024 0:00,4/10/2024 0:00,Price Code 1,CUSTOMER PICKUP,False,Food Bank of Northeast Georgia,01,30548.0,Hoschton,"FROZEN MEAT & SEAFOOD, SHL RETAIL PICKUP",Proteins
864,178091,875,W-124,Winder Church of God of Prophecy,480710,,FP/OP,FOOD PANTRY-Agency,BLUE RECEIPT-SHL,W-04-10000,18,0,0,0.0,18,BARROW,0.0,4/2/2024 12:22,4/2/2024 8:21,Price Code 1,CUSTOMER PICKUP,False,Sharing Floor Athens,01-SH,30680.0,Winder,"BREAD & BAKERY, ASSORTED SHL",Grains
29,178202,8986,B-107,Barrow County Food Pantry,FAIMPORT480820,,FOOD PANTRY,FOOD PANTRY-Agency,BLUE RECEIPT-SHL,MCW-01-10001,68,0,0,0.0,68,BARROW,0.0,4/1/2024 0:00,4/1/2024 0:00,Price Code 1,CUSTOMER PICKUP,False,Food Bank of Northeast Georgia,01,30680.0,Winder,"NON-FOOD ITEMS, SHL RETAIL PICKUPS",Non-Food Misc.
953,181596,7298,C-179,Crossview Church Food Pantry,484200,,FP/GNAP/USDA,FOOD PANTRY-Agency,GNAP,N-40-10248,4,0,0,0.0,56,BARROW,0.0,6/4/2024 11:00,6/13/2024 16:53,Price Code 1,TRUCK 1,False,Food Bank of Northeast Georgia,01,30548.0,Hoschton,GNAP BAKING AND BISCUIT MIX,Grains
867,178476,800,Y-108,YMCA of GA's Piedmont- Barrow County,481092,,FP/OP/GNAP/USDA,AT-RISK YOUTH-Agency,USDA,N-50-10065,4,0,0,19.44,108,BARROW,0.18,4/10/2024 14:18,4/10/2024 10:42,Price Code 1,CUSTOMER PICKUP,False,Food Bank of Northeast Georgia,01,30680.0,Winder,USDA APPLESAUCE,Fruits
576,173797,8766,F2KBARROW,Food 2 Kids Barrow County,477426,,DIRECT ASSISTANCE,DIRECT ASSISTANCE-Agency,LOCAL - LL,N-25-11919,20,0,0,0.0,40,BARROW,0.0,2/14/2024 9:00,3/5/2024 13:20,Price Code 1,TRACTOR TRAILER 2 MOBILE PANTRY,False,Food Bank of Northeast Georgia,01,,Athens,GHIRARDELLI SEA SALT CARAMEL CHOCOLATE,Food Misc.
1034,176082,84,M-140BARROW,Barrow County MedLink Georgia,478709,,DIRECT ASSISTANCE,MOBILE PANTRY-Agency,USDA,N-50-10006,9,0,0,0.0,243,BARROW,0.0,3/1/2024 9:40,3/5/2024 6:34,Price Code 1,TRUCK 1 MOBILE PANTRY,False,Food Bank of Northeast Georgia,01,30628.0,Colbert,USDA GREEN BEANS,Vegetables
600,179893,690,S-140,SYTGE (Seeing You Through God's Eyes) Outreach Ministry,482504,,FOOD PANTRY,FOOD PANTRY-Agency,BLUE RECEIPT-SHL,W-03-10013,96,0,0,0.0,96,BARROW,0.0,4/30/2024 13:46,4/30/2024 15:00,Price Code 1,CUSTOMER PICKUP,False,Sharing Floor Athens,01-SH,30680.0,Winder,"ASSORTED BEVERAGES, SHL",Beverages
600,175471,8625,S-140,SYTGE (Seeing You Through God's Eyes) Outreach Ministry,478100,,FOOD PANTRY,FOOD PANTRY-Agency,BLUE RECEIPT-SHL,N-03-11261,3,0,0,0.0,99,BARROW,0.0,2/15/2024 13:46,2/15/2024 10:15,Price Code 1,CUSTOMER PICKUP,False,Food Bank of Northeast Georgia,01,30680.0,Winder,STARRY ZERO SUGAR 24 X 20 FL OZ,Beverages
682,172861,5407,C-170,Christ The King Ghana Methodist,476492,,DIRECT ASSISTANCE,FOOD PANTRY-Agency,BLUE RECEIPT-SHL,F-15-10000,255,0,0,45.9,255,BARROW,0.18,1/10/2024 15:05,1/10/2024 11:01,Price Code 1,CUSTOMER PICKUP,False,Sharing Floor Athens,01-SH,30680.0,Winder,"MEAT & SEAFOOD, FROZEN SHL",Proteins
1013,175108,8914,S-143,"Spirit Of Sharing, INC",477738,,FP/GNAP/USDA,FOOD PANTRY-Agency,USDA,N-50-10310,13,0,0,0.0,351,BARROW,0.0,2/7/2024 9:00,2/14/2024 9:38,Price Code 1,TRUCK 1 MOBILE PANTRY,False,Food Bank of Northeast Georgia,01,30680.0,Winder,USDA DICED POTATOES,Potatoes
917,175741,92,C-161,Church at Pierce Rd.,478369,,FP/OP,FOOD PANTRY-Agency,LOCAL - LL,W-01-10002,24,0,0,4.32,24,BARROW,0.18,2/16/2024 9:39,2/16/2024 10:08,Price Code 1,CUSTOMER PICKUP,False,Sharing Floor Athens,01-SH,30680.0,Winder,"ASSORTED NON-FOOD ITEMS, LL",Non-Food Misc.
29,182132,8975,B-107,Barrow County Food Pantry,FAIMPORT484736,,FOOD PANTRY,FOOD PANTRY-Agency,BLUE RECEIPT-SHL,MCC-07-10001,12,0,0,0.0,12,BARROW,0.0,6/11/2024 0:00,6/11/2024 0:00,Price Code 1,CUSTOMER PICKUP,False,Food Bank of Northeast Georgia,01,30680.0,Winder,"DAIRY PRODUCTS, SHL RETAIL PICKUPS",Dairy
172,179457,9026,P-104,Project Adam Community Asst Ct,482070,,ON PREMISES (OP),REHAB-Agency,YELLOW RECEIPT - SHN,N-27-10138,4,0,0,15.84,88,BARROW,0.18,5/1/2024 13:41,5/1/2024 13:44,Price Code 1,CUSTOMER PICKUP,False,Food Bank of Northeast Georgia,01,30680.0,Winder,"HUNTS DICED TOMATOES BASIL, GARLIC, OREGANO",Vegetables
867,176742,2573,Y-108,YMCA of GA's Piedmont- Barrow County,479365,,FP/OP/GNAP/USDA,AT-RISK YOUTH-Agency,GNAP,N-40-10204,3,0,0,0.0,57,BARROW,0.0,3/11/2024 14:18,3/11/2024 15:01,Price Code 1,CUSTOMER PICKUP,False,Food Bank of Northeast Georgia,01,30680.0,Winder,GNAP CHICKEN & RICE SOUP,Prepared Meals
600,173468,8854,S-140,SYTGE (Seeing You Through God's Eyes) Outreach Ministry,477097,,FOOD PANTRY,FOOD PANTRY-Agency,BLUE RECEIPT-SHL,N-03-11776,2,0,0,0.0,66,BARROW,0.0,2/15/2024 9:30,2/15/2024 10:15,Price Code 1,CUSTOMER PICKUP,False,Food Bank of Northeast Georgia,01,30680.0,Winder,DR PEPPER STRAWBERRIES & CREAM,Beverages
867,178385,683,Y-108,YMCA of GA's Piedmont- Barrow County,481001,,FP/OP/GNAP/USDA,AT-RISK YOUTH-Agency,BLUE RECEIPT-SHL,W-16-10001,76,0,0,13.68,76,BARROW,0.18,4/5/2024 14:18,4/5/2024 10:36,Price Code 1,CUSTOMER PICKUP,False,Sharing Floor Athens,01-SH,30680.0,Winder,MISC. FOOD BOX SHL,Food Misc.
867,178008,1822,Y-108,YMCA of GA's Piedmont- Barrow County,480627,,FP/OP/GNAP/USDA,AT-RISK YOUTH-Agency,GNAP,N-40-10140,1,0,0,0.0,18,BARROW,0.0,4/5/2024 10:00,4/5/2024 10:01,Price Code 1,CUSTOMER PICKUP,False,Food Bank of Northeast Georgia,01,30680.0,Winder,GNAP TUNA LIGHT CHUNK,Proteins
867,181186,4411,Y-108,YMCA of GA's Piedmont- Barrow County,483791,,FP/OP/GNAP/USDA,AT-RISK YOUTH-Agency,USDA,F-50-90465,2,0,0,7.56,42,BARROW,0.18,5/28/2024 9:00,5/28/2024 9:11,Price Code 1,CUSTOMER PICKUP,False,Food Bank of Northeast Georgia,01,30680.0,Winder,USDA WILD CAUGHT GULF SHRIMP,Proteins
867,176742,3204,Y-108,YMCA of GA's Piedmont- Barrow County,479365,,FP/OP/GNAP/USDA,AT-RISK YOUTH-Agency,GNAP,N-40-10217,2,0,0,0.0,18,BARROW,0.0,3/11/2024 14:18,3/11/2024 15:01,Price Code 1,CUSTOMER PICKUP,False,Food Bank of Northeast Georgia,01,30680.0,Winder,GNAP CANNED HAM,Proteins
917,182590,5407,C-161,Church at Pierce Rd.,485193,,FP/OP,FOOD PANTRY-Agency,BLUE RECEIPT-SHL,F-15-10000,86,0,0,15.48,86,BARROW,0.18,6/26/2024 9:39,6/26/2024 10:37,Price Code 1,CUSTOMER PICKUP,False,Food Bank of Northeast Georgia,01,30680.0,Winder,"MEAT & SEAFOOD, FROZEN SHL",Proteins
863,178369,5407,A-148,Auburn First Baptist Church,480985,,FOOD PANTRY,FOOD PANTRY-Agency,BLUE RECEIPT-SHL,F-15-10000,95,0,0,17.1,95,BARROW,0.18,4/5/2024 8:05,4/5/2024 8:26,Price Code 1,CUSTOMER PICKUP,False,Sharing Floor Athens,01-SH,30011.0,Auburn,"MEAT & SEAFOOD, FROZEN SHL",Proteins
29,177776,1521,B-107,Barrow County Food Pantry,480395,,FOOD PANTRY,FOOD PANTRY-Agency,USDA,N-50-10104,25,0,0,0.0,625,BARROW,0.0,3/28/2024 7:00,3/28/2024 6:02,Price Code 1,TRACTOR TRAILER 1 MOBILE PANTRY,False,Food Bank of Northeast Georgia,01,30680.0,Winder,USDA LENTIL BEANS,Proteins
600,173468,8766,S-140,SYTGE (Seeing You Through God's Eyes) Outreach Ministry,477097,,FOOD PANTRY,FOOD PANTRY-Agency,LOCAL - LL,N-25-11919,2,0,0,0.72,4,BARROW,0.18,2/15/2024 9:30,2/15/2024 10:15,Price Code 1,CUSTOMER PICKUP,False,Food Bank of Northeast Georgia,01,30680.0,Winder,GHIRARDELLI SEA SALT CARAMEL CHOCOLATE,Food Misc.
1009,178131,5407,S-142,"SAY In Need, Inc",480750,,OP/USDA,FEED SITE-Agency,BLUE RECEIPT-SHL,F-15-10000,95,0,0,17.1,95,BARROW,0.18,4/2/2024 13:51,4/2/2024 14:03,Price Code 1,CUSTOMER PICKUP,False,Sharing Floor Athens,01-SH,30620.0,Bethlehem,"MEAT & SEAFOOD, FROZEN SHL",Proteins
682,176755,5407,C-170,Christ The King Ghana Methodist,479378,,DIRECT ASSISTANCE,FOOD PANTRY-Agency,BLUE RECEIPT-SHL,F-15-10000,122,0,0,21.96,122,BARROW,0.18,3/6/2024 15:05,3/6/2024 10:52,Price Code 1,CUSTOMER PICKUP,False,Sharing Floor Athens,01-SH,30680.0,Winder,"MEAT & SEAFOOD, FROZEN SHL",Proteins
172,177469,5772,P-104,Project Adam Community Asst Ct,480089,,ON PREMISES (OP),REHAB-Agency,LOCAL - LL,C-28-10000,5,0,0,0.15,5,BARROW,0.03,3/18/2024 13:41,3/18/2024 9:40,Price Code 1,CUSTOMER PICKUP,False,Sharing Floor Athens,01-SH,30680.0,Winder,"PRODUCE, FRESH LL",Mixed Produce
917,176158,8945,C-161,Church at Pierce Rd.,478785,,FP/OP,FOOD PANTRY-Agency,BLUE RECEIPT-SHL,N-03-11809,4,0,0,0.0,72,BARROW,0.0,3/1/2024 9:39,3/1/2024 10:32,Price Code 1,CUSTOMER PICKUP,False,Food Bank of Northeast Georgia,01,30680.0,Winder,PROPEL KIWI STRAWBERRY,Beverages
172,173558,8920,P-104,Project Adam Community Asst Ct,477187,,ON PREMISES (OP),REHAB-Agency,LOCAL - LL,N-25-11952,6,0,0,3.24,18,BARROW,0.18,1/29/2024 13:41,2/7/2024 8:12,Price Code 1,CUSTOMER PICKUP,False,Food Bank of Northeast Georgia,01,30680.0,Winder,FAMOUS AMOS COCONUT BITE SIZE COOKIES,Food Misc.
29,182517,4715,B-107,Barrow County Food Pantry,485120,,FOOD PANTRY,FOOD PANTRY-Agency,USDA,F-50-90461,60,0,0,0.0,2400,BARROW,0.0,6/27/2024 7:00,6/27/2024 9:27,Price Code 1,TRACTOR TRAILER 1 MOBILE PANTRY,False,Food Bank of Northeast Georgia,01,30680.0,Winder,USDA ALASKAN POLLACK FISH FILLETS,Proteins
172,178116,6351,P-104,Project Adam Community Asst Ct,480735,,ON PREMISES (OP),REHAB-Agency,BLUE RECEIPT-SHL,C-28-90163,1,0,0,1.0,50,BARROW,0.02,4/8/2024 10:00,4/8/2024 10:29,Price Code 1,CUSTOMER PICKUP,False,Food Bank of Northeast Georgia,01,30680.0,Winder,YUKON GOLD POTATOES,Potatoes
682,173185,5477,C-170,Christ The King Ghana Methodist,476815,,DIRECT ASSISTANCE,FOOD PANTRY-Agency,LOCAL - LL,F-15-10001,241,0,0,0.0,241,BARROW,0.0,1/17/2024 15:05,1/17/2024 10:48,Price Code 1,CUSTOMER PICKUP,False,Sharing Floor Athens,01-SH,30680.0,Winder,"MEAT & SEAFOOD, FROZEN LOCAL",Proteins
781,178113,5938,R-130,"Richard C. Wilson Recovery Residence, INC",480732,,ON PREMISES (OP),REHAB-Agency,BLUE RECEIPT-SHL,C-28-10001,27,0,0,0.81,27,BARROW,0.03,4/2/2024 9:09,4/2/2024 10:27,Price Code 1,CUSTOMER PICKUP,False,Sharing Floor Athens,01-SH,30666.0,Statham,"PRODUCE, FRESH SHL",Mixed Produce
1040,179738,5407,H-159,Hills Temple FBH Church,482351,,FP/OP/GNAP/USDA,FB DIRECT ASSISTANCE-Agency,BLUE RECEIPT-SHL,F-15-10000,166,0,0,29.88,166,BARROW,0.18,4/29/2024 9:21,4/29/2024 9:23,Price Code 1,CUSTOMER PICKUP,False,Sharing Floor Athens,01-SH,30680.0,Winder,"MEAT & SEAFOOD, FROZEN SHL",Proteins
781,173772,3776,R-130,"Richard C. Wilson Recovery Residence, INC",477401,,ON PREMISES (OP),REHAB-Agency,BLUE RECEIPT-SHL,N-03-11125,2,0,0,1.98,66,BARROW,0.03,2/2/2024 9:09,2/14/2024 13:17,Price Code 1,CUSTOMER PICKUP,False,Food Bank of Northeast Georgia,01,30666.0,Statham,PEPSI WILD CHERRY,Beverages
1040,180765,7153,H-159,Hills Temple FBH Church,483371,,FP/OP/GNAP/USDA,FB DIRECT ASSISTANCE-Agency,GNAP,N-40-10234,18,0,0,0.0,234,BARROW,0.0,5/17/2024 9:15,5/17/2024 10:44,Price Code 1,CUSTOMER PICKUP,False,Food Bank of Northeast Georgia,01,30680.0,Winder,GNAP BAKED BEANS,Proteins
29,178424,8986,B-107,Barrow County Food Pantry,FAIMPORT481040,,FOOD PANTRY,FOOD PANTRY-Agency,BLUE RECEIPT-SHL,MCW-01-10001,6,0,0,0.0,6,BARROW,0.0,4/2/2024 0:00,4/2/2024 0:00,Price Code 1,CUSTOMER PICKUP,False,Food Bank of Northeast Georgia,01,30680.0,Winder,"NON-FOOD ITEMS, SHL RETAIL PICKUPS",Non-Food Misc.
953,179814,8973,C-179,Crossview Church Food Pantry,FAIMPORT482425,,FP/GNAP/USDA,FOOD PANTRY-Agency,BLUE RECEIPT-SHL,MCC-16-10001,191,0,0,0.0,191,BARROW,0.0,4/29/2024 0:00,4/29/2024 0:00,Price Code 1,CUSTOMER PICKUP,False,Food Bank of Northeast Georgia,01,30548.0,Hoschton,"COOLER FOOD MISC., SHL RETAIL PICKUP",Food Misc.
29,176403,8972,B-107,Barrow County Food Pantry,FAIMPORT479027,,FOOD PANTRY,FOOD PANTRY-Agency,BLUE RECEIPT-SHL,MCF-15-10000,400,0,0,0.0,400,BARROW,0.0,2/23/2024 0:00,2/23/2024 0:00,Price Code 1,CUSTOMER PICKUP,False,Food Bank of Northeast Georgia,01,30680.0,Winder,"FROZEN MEAT & SEAFOOD, SHL RETAIL PICKUP",Proteins
600,181572,6780,S-140,SYTGE (Seeing You Through God's Eyes) Outreach Ministry,484176,,FOOD PANTRY,FOOD PANTRY-Agency,USDA,C-50-10024,1,0,0,4.3,43,BARROW,0.1,6/5/2024 9:30,6/5/2024 9:51,Price Code 1,CUSTOMER PICKUP,False,Food Bank of Northeast Georgia,01,30680.0,Winder,USDA APPLES,Fruits
29,179436,2414,B-107,Barrow County Food Pantry,482049,,FOOD PANTRY,FOOD PANTRY-Agency,USDA,N-50-10244,25,0,0,0.0,900,BARROW,0.0,4/25/2024 7:00,4/25/2024 6:17,Price Code 1,TRACTOR TRAILER 1 MOBILE PANTRY,False,Food Bank of Northeast Georgia,01,30680.0,Winder,USDA CANNED BEEF CCC,Proteins
29,175854,8672,B-107,Barrow County Food Pantry,478482,,FOOD PANTRY,FOOD PANTRY-Agency,USDA,N-50-10301,50,0,0,0.0,1200,BARROW,0.0,2/22/2024 7:00,2/22/2024 6:27,Price Code 1,TRACTOR TRAILER 1 MOBILE PANTRY,False,Food Bank of Northeast Georgia,01,30680.0,Winder,USDA YELLOW SPLIT PEAS,Proteins
864,178091,50,W-124,Winder Church of God of Prophecy,480710,,FP/OP,FOOD PANTRY-Agency,LOCAL - LL,W-16-10002,8,0,0,1.44,8,BARROW,0.18,4/2/2024 12:22,4/2/2024 8:21,Price Code 1,CUSTOMER PICKUP,False,Sharing Floor Athens,01-SH,30680.0,Winder,MISC. FOOD BOX LL,Food Misc.
497,172888,696,W-119,Winder Freelife Church,476519,,FP/OP/GNAP/USDA,FOOD PANTRY-Agency,LOCAL - LL,W-25-10000,31,0,0,5.58,31,BARROW,0.18,1/10/2024 14:38,1/10/2024 15:31,Price Code 1,CUSTOMER PICKUP,False,Sharing Floor Athens,01-SH,30680.0,Winder,"ASSORTED SNACK ITEMS, LL",Food Misc.
172,175866,683,P-104,Project Adam Community Asst Ct,478494,,ON PREMISES (OP),REHAB-Agency,BLUE RECEIPT-SHL,W-16-10001,16,0,0,2.88,16,BARROW,0.18,2/20/2024 13:41,2/20/2024 10:20,Price Code 1,CUSTOMER PICKUP,False,Sharing Floor Athens,01-SH,30680.0,Winder,MISC. FOOD BOX SHL,Food Misc.
781,179078,5407,R-130,"Richard C. Wilson Recovery Residence, INC",481692,,ON PREMISES (OP),REHAB-Agency,BLUE RECEIPT-SHL,F-15-10000,106,0,0,0.0,106,BARROW,0.0,4/17/2024 9:09,4/17/2024 8:19,Price Code 1,CUSTOMER PICKUP,False,Sharing Floor Athens,01-SH,30666.0,Statham,"MEAT & SEAFOOD, FROZEN SHL",Proteins
867,178476,8997,Y-108,YMCA of GA's Piedmont- Barrow County,481092,,FP/OP/GNAP/USDA,AT-RISK YOUTH-Agency,USDA,N-50-10312,3,0,0,6.48,36,BARROW,0.18,4/10/2024 14:18,4/10/2024 10:42,Price Code 1,CUSTOMER PICKUP,False,Food Bank of Northeast Georgia,01,30680.0,Winder,USDA CHILI W/ BEANS CCC,Prepared Meals
1040,178462,4448,H-159,Hills Temple FBH Church,481078,,FP/OP/GNAP/USDA,FB DIRECT ASSISTANCE-Agency,USDA,F-50-90446,8,0,0,0.0,224,BARROW,0.0,4/10/2024 0:04,4/15/2024 9:47,Price Code 1,CUSTOMER PICKUP,False,Food Bank of Northeast Georgia,01,30680.0,Winder,USDA FROZEN STRAWBERRY FRUIT CUPS,Fruits
1040,180765,123,H-159,Hills Temple FBH Church,483371,,FP/OP/GNAP/USDA,FB DIRECT ASSISTANCE-Agency,GNAP,N-40-10002,6,0,0,0.0,90,BARROW,0.0,5/17/2024 9:15,5/17/2024 10:44,Price Code 1,CUSTOMER PICKUP,False,Food Bank of Northeast Georgia,01,30680.0,Winder,GNAP PEANUT BUTTER,Proteins
953,180171,7153,C-179,Crossview Church Food Pantry,482777,,FP/GNAP/USDA,FOOD PANTRY-Agency,GNAP,N-40-10234,5,0,0,0.0,65,BARROW,0.0,5/8/2024 9:30,5/9/2024 9:19,Price Code 1,TRACTOR TRAILER 1,False,Food Bank of Northeast Georgia,01,30548.0,Hoschton,GNAP BAKED BEANS,Proteins
600,178699,8931,S-140,SYTGE (Seeing You Through God's Eyes) Outreach Ministry,481314,,FOOD PANTRY,FOOD PANTRY-Agency,SBB-O,N-16-20003,34,0,0,0.0,748,BARROW,0.0,4/18/2024 13:46,4/18/2024 10:44,Price Code 1,CUSTOMER PICKUP,False,Food Bank of Northeast Georgia,01,30680.0,Winder,SENIOR STAPLES BOX - ASSORTED USDA,Food Misc.
781,173477,8854,R-130,"Richard C. Wilson Recovery Residence, INC",477106,,ON PREMISES (OP),REHAB-Agency,BLUE RECEIPT-SHL,N-03-11776,10,0,0,0.0,330,BARROW,0.0,1/26/2024 9:09,1/26/2024 10:32,Price Code 1,CUSTOMER PICKUP,False,Food Bank of Northeast Georgia,01,30666.0,Statham,DR PEPPER STRAWBERRIES & CREAM,Beverages
576,173797,7246,F2KBARROW,Food 2 Kids Barrow County,477426,,DIRECT ASSISTANCE,DIRECT ASSISTANCE-Agency,GNAP,N-40-10245,10,0,0,0.0,220,BARROW,0.0,2/14/2024 9:00,3/5/2024 13:20,Price Code 1,TRACTOR TRAILER 2 MOBILE PANTRY,False,Food Bank of Northeast Georgia,01,,Athens,GNAP TRADITIONAL PASTA SAUCE,Vegetables
864,175541,875,W-124,Winder Church of God of Prophecy,478170,,FP/OP,FOOD PANTRY-Agency,BLUE RECEIPT-SHL,W-04-10000,19,0,0,0.0,19,BARROW,0.0,2/13/2024 12:22,2/13/2024 8:51,Price Code 1,CUSTOMER PICKUP,False,Sharing Floor Athens,01-SH,30680.0,Winder,"BREAD & BAKERY, ASSORTED SHL",Grains
1013,181770,842,S-143,"Spirit Of Sharing, INC",484374,,FP/GNAP/USDA,FOOD PANTRY-Agency,USDA,N-50-10021,13,0,0,0.0,351,BARROW,0.0,6/5/2024 9:00,6/5/2024 13:08,Price Code 1,TRUCK 1 MOBILE PANTRY,False,Food Bank of Northeast Georgia,01,30680.0,Winder,USDA DICED TOMATOES NO SALT CCC,Vegetables
953,181839,8972,C-179,Crossview Church Food Pantry,FAIMPORT484443,,FP/GNAP/USDA,FOOD PANTRY-Agency,BLUE RECEIPT-SHL,MCF-15-10000,347,0,0,0.0,347,BARROW,0.0,6/3/2024 0:00,6/3/2024 0:00,Price Code 1,CUSTOMER PICKUP,False,Food Bank of Northeast Georgia,01,30548.0,Hoschton,"FROZEN MEAT & SEAFOOD, SHL RETAIL PICKUP",Proteins
867,175510,8915,Y-108,YMCA of GA's Piedmont- Barrow County,478139,,FP/OP/GNAP/USDA,AT-RISK YOUTH-Agency,USDA,F-50-90474,2,0,0,8.0,80,BARROW,0.1,2/16/2024 10:00,2/16/2024 9:52,Price Code 1,CUSTOMER PICKUP,False,Food Bank of Northeast Georgia,01,30680.0,Winder,USDA PACIFIC SALAD SHRIMP,Proteins
953,177720,1047,C-179,Crossview Church Food Pantry,480339,,FP/GNAP/USDA,FOOD PANTRY-Agency,USDA,N-50-10041,4,0,0,35.28,196,BARROW,0.18,3/27/2024 10:50,3/27/2024 9:26,Price Code 1,CONTACT FOR DELIVERY,False,Food Bank of Northeast Georgia,01,30548.0,Hoschton,USDA RICE,Grains
172,176524,8587,P-104,Project Adam Community Asst Ct,479148,,ON PREMISES (OP),REHAB-Agency,BLUE RECEIPT-SHL,N-03-10269,4,0,0,0.0,112,BARROW,0.0,3/11/2024 13:41,3/11/2024 10:08,Price Code 1,CUSTOMER PICKUP,False,Food Bank of Northeast Georgia,01,30680.0,Winder,PEPSI ZERO SUGAR,Beverages
682,172861,690,C-170,Christ The King Ghana Methodist,476492,,DIRECT ASSISTANCE,FOOD PANTRY-Agency,BLUE RECEIPT-SHL,W-03-10013,603,0,0,0.0,603,BARROW,0.0,1/10/2024 15:05,1/10/2024 11:01,Price Code 1,CUSTOMER PICKUP,False,Sharing Floor Athens,01-SH,30680.0,Winder,"ASSORTED BEVERAGES, SHL",Beverages
953,181540,8973,C-179,Crossview Church Food Pantry,FAIMPORT484144,,FP/GNAP/USDA,FOOD PANTRY-Agency,BLUE RECEIPT-SHL,MCC-16-10001,116,0,0,0.0,116,BARROW,0.0,5/24/2024 0:00,5/24/2024 0:00,Price Code 1,CUSTOMER PICKUP,False,Food Bank of Northeast Georgia,01,30548.0,Hoschton,"COOLER FOOD MISC., SHL RETAIL PICKUP",Food Misc.
1009,178131,92,S-142,"SAY In Need, Inc",480750,,OP/USDA,FEED SITE-Agency,LOCAL - LL,W-01-10002,9,0,0,0.0,9,BARROW,0.0,4/2/2024 13:51,4/2/2024 14:03,Price Code 1,CUSTOMER PICKUP,False,Sharing Floor Athens,01-SH,30620.0,Bethlehem,"ASSORTED NON-FOOD ITEMS, LL",Non-Food Misc.
1040,180109,9037,H-159,Hills Temple FBH Church,482717,,FP/OP/GNAP/USDA,FB DIRECT ASSISTANCE-Agency,GNAP,N-40-10274,6,0,0,0.0,54,BARROW,0.0,5/7/2024 8:45,5/7/2024 10:58,Price Code 1,CUSTOMER PICKUP,False,Food Bank of Northeast Georgia,01,30680.0,Winder,GNAP RICE KRISPIES CEREAL BOWLS,Grains
867,175510,4715,Y-108,YMCA of GA's Piedmont- Barrow County,478139,,FP/OP/GNAP/USDA,AT-RISK YOUTH-Agency,USDA,F-50-90461,2,0,0,8.0,80,BARROW,0.1,2/16/2024 10:00,2/16/2024 9:52,Price Code 1,CUSTOMER PICKUP,False,Food Bank of Northeast Georgia,01,30680.0,Winder,USDA ALASKAN POLLACK FISH FILLETS,Proteins
917,178382,696,C-161,Church at Pierce Rd.,480998,,FP/OP,FOOD PANTRY-Agency,LOCAL - LL,W-25-10000,28,0,0,5.04,28,BARROW,0.18,4/5/2024 9:39,4/5/2024 9:54,Price Code 1,CUSTOMER PICKUP,False,Sharing Floor Athens,01-SH,30680.0,Winder,"ASSORTED SNACK ITEMS, LL",Food Misc.
172,173558,8933,P-104,Project Adam Community Asst Ct,477187,,ON PREMISES (OP),REHAB-Agency,BLUE RECEIPT-SHL,F-15-90551,5,0,0,10.8,60,BARROW,0.18,1/29/2024 13:41,2/7/2024 8:12,Price Code 1,CUSTOMER PICKUP,False,Food Bank of Northeast Georgia,01,30680.0,Winder,STATE FAIR CHICKEN CORN DOGS,Prepared Meals
953,182571,8972,C-179,Crossview Church Food Pantry,FAIMPORT485174,,FP/GNAP/USDA,FOOD PANTRY-Agency,BLUE RECEIPT-SHL,MCF-15-10000,339,0,0,0.0,339,BARROW,0.0,6/24/2024 0:00,6/24/2024 0:00,Price Code 1,CUSTOMER PICKUP,False,Food Bank of Northeast Georgia,01,30548.0,Hoschton,"FROZEN MEAT & SEAFOOD, SHL RETAIL PICKUP",Proteins
867,177468,8720,Y-108,YMCA of GA's Piedmont- Barrow County,480088,,FP/OP/GNAP/USDA,AT-RISK YOUTH-Agency,USDA,N-50-10305,8,0,0,20.16,112,BARROW,0.18,3/22/2024 10:00,3/22/2024 14:15,Price Code 1,CUSTOMER PICKUP,False,Food Bank of Northeast Georgia,01,30680.0,Winder,USDA MIXED VegetablesCCC,Vegetables
682,176755,5958,C-170,Christ The King Ghana Methodist,479378,,DIRECT ASSISTANCE,FOOD PANTRY-Agency,BLUE RECEIPT-SHL,C-16-10001,41,0,0,7.38,41,BARROW,0.18,3/6/2024 15:05,3/6/2024 10:52,Price Code 1,CUSTOMER PICKUP,False,Sharing Floor Athens,01-SH,30680.0,Winder,"COOLER FOOD, MISC. SHL",Food Misc.
600,177848,8971,S-140,SYTGE (Seeing You Through God's Eyes) Outreach Ministry,FAIMPORT480467,,FOOD PANTRY,FOOD PANTRY-Agency,BLUE RECEIPT-SHL,MCF-16-10001,247,0,0,0.0,247,BARROW,0.0,3/23/2024 0:00,3/23/2024 0:00,Price Code 1,CUSTOMER PICKUP,False,Food Bank of Northeast Georgia,01,30680.0,Winder,"FROZEN FOODS, MISC SHL RETAIL PICKUP",Food Misc.
1040,179364,5958,H-159,Hills Temple FBH Church,481977,,FP/OP/GNAP/USDA,FB DIRECT ASSISTANCE-Agency,BLUE RECEIPT-SHL,C-16-10001,52,0,0,9.36,52,BARROW,0.18,4/22/2024 9:48,4/22/2024 9:52,Price Code 1,CUSTOMER PICKUP,False,Sharing Floor Athens,01-SH,30680.0,Winder,"COOLER FOOD, MISC. SHL",Food Misc.
1013,176588,4449,S-143,"Spirit Of Sharing, INC",479212,,FP/GNAP/USDA,FOOD PANTRY-Agency,USDA,F-50-90445,48,0,0,0.0,1968,BARROW,0.0,3/6/2024 9:00,3/6/2024 10:23,Price Code 1,TRUCK 1 MOBILE PANTRY,False,Food Bank of Northeast Georgia,01,30680.0,Winder,USDA FULLY COOKED PULLED PORK CCC,Proteins
29,177859,8974,B-107,Barrow County Food Pantry,FAIMPORT480478,,FOOD PANTRY,FOOD PANTRY-Agency,BLUE RECEIPT-SHL,MCW-04-10000,82,0,0,0.0,82,BARROW,0.0,3/25/2024 0:00,3/25/2024 0:00,Price Code 1,CUSTOMER PICKUP,False,Food Bank of Northeast Georgia,01,30680.0,Winder,"BREAD AND BAKERY, SHL RETAIL PICKUPS",Grains
600,177181,8972,S-140,SYTGE (Seeing You Through God's Eyes) Outreach Ministry,FAIMPORT479802,,FOOD PANTRY,FOOD PANTRY-Agency,BLUE RECEIPT-SHL,MCF-15-10000,294,0,0,0.0,294,BARROW,0.0,3/9/2024 0:00,3/9/2024 0:00,Price Code 1,CUSTOMER PICKUP,False,Food Bank of Northeast Georgia,01,30680.0,Winder,"FROZEN MEAT & SEAFOOD, SHL RETAIL PICKUP",Proteins
864,181863,690,W-124,Winder Church of God of Prophecy,484467,,FP/OP,FOOD PANTRY-Agency,BLUE RECEIPT-SHL,W-03-10013,41,0,0,0.0,41,BARROW,0.0,6/4/2024 12:22,6/4/2024 8:17,Price Code 1,CUSTOMER PICKUP,False,Sharing Floor Athens,01-SH,30680.0,Winder,"ASSORTED BEVERAGES, SHL",Beverages
1040,180765,9052,H-159,Hills Temple FBH Church,483371,,FP/OP/GNAP/USDA,FB DIRECT ASSISTANCE-Agency,GNAP,N-40-10283,6,0,0,0.0,120,BARROW,0.0,5/17/2024 9:15,5/17/2024 10:44,Price Code 1,CUSTOMER PICKUP,False,Food Bank of Northeast Georgia,01,30680.0,Winder,"GNAP 100% ORANGE TANGERINE JUICE, SINGLE SERVE",Beverages
953,179814,8975,C-179,Crossview Church Food Pantry,FAIMPORT482425,,FP/GNAP/USDA,FOOD PANTRY-Agency,BLUE RECEIPT-SHL,MCC-07-10001,22,0,0,0.0,22,BARROW,0.0,4/29/2024 0:00,4/29/2024 0:00,Price Code 1,CUSTOMER PICKUP,False,Food Bank of Northeast Georgia,01,30548.0,Hoschton,"DAIRY PRODUCTS, SHL RETAIL PICKUPS",Dairy
600,181572,9073,S-140,SYTGE (Seeing You Through God's Eyes) Outreach Ministry,484176,,FOOD PANTRY,FOOD PANTRY-Agency,USDA,C-50-10051,1,0,0,2.16,12,BARROW,0.18,6/5/2024 9:30,6/5/2024 9:51,Price Code 1,CUSTOMER PICKUP,False,Food Bank of Northeast Georgia,01,30680.0,Winder,USDA SHREDDED MOZZARELLA CHEESE CCC,Dairy
1040,178462,8781,H-159,Hills Temple FBH Church,481078,,FP/OP/GNAP/USDA,FB DIRECT ASSISTANCE-Agency,BLUE RECEIPT-SHL,N-03-11753,10,0,0,0.0,230,BARROW,0.0,4/10/2024 0:04,4/15/2024 9:47,Price Code 1,CUSTOMER PICKUP,False,Food Bank of Northeast Georgia,01,30680.0,Winder,PURE LEAF SWEET TEA,Beverages
953,182162,9089,C-179,Crossview Church Food Pantry,484766,,FP/GNAP/USDA,FOOD PANTRY-Agency,GNAP,N-40-10292,6,0,0,0.0,42,BARROW,0.0,6/24/2024 10:30,6/24/2024 13:15,Price Code 1,VAN 1,False,Food Bank of Northeast Georgia,01,30548.0,Hoschton,GNAP HONEY RINGS MULTIGRAIN CEREAL,Grains
917,182590,1222,C-161,Church at Pierce Rd.,485193,,FP/OP,FOOD PANTRY-Agency,YELLOW RECEIPT - SHN,W-16-10003,60,0,0,0.0,60,BARROW,0.0,6/26/2024 9:39,6/26/2024 10:37,Price Code 1,CUSTOMER PICKUP,False,Food Bank of Northeast Georgia,01,30680.0,Winder,ASSORTED FOOD ITEMS SHD,Food Misc.
1034,176082,1521,M-140BARROW,Barrow County MedLink Georgia,478709,,DIRECT ASSISTANCE,MOBILE PANTRY-Agency,USDA,N-50-10104,18,0,0,0.0,450,BARROW,0.0,3/1/2024 9:40,3/5/2024 6:34,Price Code 1,TRUCK 1 MOBILE PANTRY,False,Food Bank of Northeast Georgia,01,30628.0,Colbert,USDA LENTIL BEANS,Proteins
781,172467,690,R-130,"Richard C. Wilson Recovery Residence, INC",476098,,ON PREMISES (OP),REHAB-Agency,BLUE RECEIPT-SHL,W-03-10013,268,0,0,0.0,268,BARROW,0.0,1/3/2024 9:09,1/3/2024 10:30,Price Code 1,CUSTOMER PICKUP,False,Sharing Floor Athens,01-SH,30666.0,Statham,"ASSORTED BEVERAGES, SHL",Beverages
600,181828,8971,S-140,SYTGE (Seeing You Through God's Eyes) Outreach Ministry,FAIMPORT484432,,FOOD PANTRY,FOOD PANTRY-Agency,BLUE RECEIPT-SHL,MCF-16-10001,278,0,0,0.0,278,BARROW,0.0,6/1/2024 0:00,6/1/2024 0:00,Price Code 1,CUSTOMER PICKUP,False,Food Bank of Northeast Georgia,01,30680.0,Winder,"FROZEN FOODS, MISC SHL RETAIL PICKUP",Food Misc.
953,180158,8973,C-179,Crossview Church Food Pantry,FAIMPORT482764,,FP/GNAP/USDA,FOOD PANTRY-Agency,BLUE RECEIPT-SHL,MCC-16-10001,68,0,0,0.0,68,BARROW,0.0,5/3/2024 0:00,5/3/2024 0:00,Price Code 1,CUSTOMER PICKUP,False,Food Bank of Northeast Georgia,01,30548.0,Hoschton,"COOLER FOOD MISC., SHL RETAIL PICKUP",Food Misc.
29,182517,9073,B-107,Barrow County Food Pantry,485120,,FOOD PANTRY,FOOD PANTRY-Agency,USDA,C-50-10051,120,0,0,0.0,1440,BARROW,0.0,6/27/2024 7:00,6/27/2024 9:27,Price Code 1,TRACTOR TRAILER 1 MOBILE PANTRY,False,Food Bank of Northeast Georgia,01,30680.0,Winder,USDA SHREDDED MOZZARELLA CHEESE CCC,Dairy
497,181441,5407,W-119,Winder Freelife Church,484045,,FP/OP/GNAP/USDA,FOOD PANTRY-Agency,BLUE RECEIPT-SHL,F-15-10000,54,0,0,9.72,54,BARROW,0.18,5/28/2024 14:38,5/28/2024 10:43,Price Code 1,CUSTOMER PICKUP,False,Sharing Floor Athens,01-SH,30680.0,Winder,"MEAT & SEAFOOD, FROZEN SHL",Proteins
781,173772,8936,R-130,"Richard C. Wilson Recovery Residence, INC",477401,,ON PREMISES (OP),REHAB-Agency,YELLOW RECEIPT - SHN,N-03-11806,20,0,0,0.0,660,BARROW,0.0,2/2/2024 9:09,2/14/2024 13:17,Price Code 1,CUSTOMER PICKUP,False,Food Bank of Northeast Georgia,01,30666.0,Statham,GATORADE GLACIER FREEZE,Beverages
497,176623,5407,W-119,Winder Freelife Church,479246,,FP/OP/GNAP/USDA,FOOD PANTRY-Agency,BLUE RECEIPT-SHL,F-15-10000,72,0,0,12.96,72,BARROW,0.18,3/4/2024 14:38,3/4/2024 11:36,Price Code 1,CUSTOMER PICKUP,False,Sharing Floor Athens,01-SH,30680.0,Winder,"MEAT & SEAFOOD, FROZEN SHL",Proteins
917,173187,8916,C-161,Church at Pierce Rd.,476817,,FP/OP,FOOD PANTRY-Agency,BLUE RECEIPT-SHL,N-03-11799,10,0,0,0.0,120,BARROW,0.0,1/25/2024 9:39,2/22/2024 10:05,Price Code 1,CUSTOMER PICKUP,False,Food Bank of Northeast Georgia,01,30680.0,Winder,MONSTER COLD BREW LATTE,Beverages
781,181181,5938,R-130,"Richard C. Wilson Recovery Residence, INC",483786,,ON PREMISES (OP),REHAB-Agency,BLUE RECEIPT-SHL,C-28-10001,55,0,0,1.65,55,BARROW,0.03,5/22/2024 9:09,5/22/2024 9:24,Price Code 1,CUSTOMER PICKUP,False,Sharing Floor Athens,01-SH,30666.0,Statham,"PRODUCE, FRESH SHL",Mixed Produce
867,176025,170,Y-108,YMCA of GA's Piedmont- Barrow County,478653,,FP/OP/GNAP/USDA,AT-RISK YOUTH-Agency,USDA,N-50-10007,4,0,0,20.16,112,BARROW,0.18,2/27/2024 14:18,2/28/2024 15:06,Price Code 1,CUSTOMER PICKUP,False,Food Bank of Northeast Georgia,01,30680.0,Winder,"USDA CORN, WHOLE KERNEL NO SALT",Vegetables
600,178699,9006,S-140,SYTGE (Seeing You Through God's Eyes) Outreach Ministry,481314,,FOOD PANTRY,FOOD PANTRY-Agency,BLUE RECEIPT-SHL,N-03-11825,2,0,0,0.0,22,BARROW,0.0,4/18/2024 13:46,4/18/2024 10:44,Price Code 1,CUSTOMER PICKUP,False,Food Bank of Northeast Georgia,01,30680.0,Winder,STARBUCKS NITRO COLD BREW,Beverages
953,177720,170,C-179,Crossview Church Food Pantry,480339,,FP/GNAP/USDA,FOOD PANTRY-Agency,USDA,N-50-10007,4,0,0,20.16,112,BARROW,0.18,3/27/2024 10:50,3/27/2024 9:26,Price Code 1,CONTACT FOR DELIVERY,False,Food Bank of Northeast Georgia,01,30548.0,Hoschton,"USDA CORN, WHOLE KERNEL NO SALT",Vegetables
867,173402,4555,Y-108,YMCA of GA's Piedmont- Barrow County,477031,,FP/OP/GNAP/USDA,AT-RISK YOUTH-Agency,USDA,F-50-90042,5,0,0,36.0,200,BARROW,0.18,1/25/2024 11:26,1/26/2024 10:32,Price Code 1,CUSTOMER PICKUP,False,Food Bank of Northeast Georgia,01,30680.0,Winder,USDA CHICKEN DRUMSTICKS CCC,Proteins
863,180999,5938,A-148,Auburn First Baptist Church,483604,,FOOD PANTRY,FOOD PANTRY-Agency,BLUE RECEIPT-SHL,C-28-10001,289,0,0,8.67,289,BARROW,0.03,5/17/2024 8:05,5/17/2024 8:12,Price Code 1,CUSTOMER PICKUP,False,Sharing Floor Athens,01-SH,30011.0,Auburn,"PRODUCE, FRESH SHL",Mixed Produce
867,180933,696,Y-108,YMCA of GA's Piedmont- Barrow County,483539,,FP/OP/GNAP/USDA,AT-RISK YOUTH-Agency,LOCAL - LL,W-25-10000,57,0,0,10.26,57,BARROW,0.18,5/16/2024 14:18,5/16/2024 10:26,Price Code 1,CUSTOMER PICKUP,False,Sharing Floor Athens,01-SH,30680.0,Winder,"ASSORTED SNACK ITEMS, LL",Food Misc.
1038,179717,2202,C-184,"Called to Serve Georgia, Inc",482330,,FP/OP/USDA,FOOD PANTRY-Agency,USDA,N-50-10240,5,0,0,19.8,110,BARROW,0.18,5/3/2024 13:58,5/3/2024 14:07,Price Code 1,CUSTOMER PICKUP,False,Food Bank of Northeast Georgia,01,30680.0,Winder,USDA SPAGHETTI,Grains
682,176359,683,C-170,Christ The King Ghana Methodist,478984,,DIRECT ASSISTANCE,FOOD PANTRY-Agency,BLUE RECEIPT-SHL,W-16-10001,132,0,0,23.76,132,BARROW,0.18,2/28/2024 15:05,2/28/2024 10:56,Price Code 1,CUSTOMER PICKUP,False,Sharing Floor Athens,01-SH,30680.0,Winder,MISC. FOOD BOX SHL,Food Misc.
1013,181770,4327,S-143,"Spirit Of Sharing, INC",484374,,FP/GNAP/USDA,FOOD PANTRY-Agency,USDA,N-50-10277,13,0,0,0.0,351,BARROW,0.0,6/5/2024 9:00,6/5/2024 13:08,Price Code 1,TRUCK 1 MOBILE PANTRY,False,Food Bank of Northeast Georgia,01,30680.0,Winder,USDA GARBANZO BEANS,Proteins
781,176002,1045,R-130,"Richard C. Wilson Recovery Residence, INC",478630,,ON PREMISES (OP),REHAB-Agency,BLUE RECEIPT-SHL,W-25-10009,41,0,0,7.38,41,BARROW,0.18,2/22/2024 9:09,2/22/2024 8:33,Price Code 1,CUSTOMER PICKUP,False,Sharing Floor Athens,01-SH,30666.0,Statham,"ASSORTED SNACK ITEMS, SHL",Food Misc.
1013,175108,4376,S-143,"Spirit Of Sharing, INC",477738,,FP/GNAP/USDA,FOOD PANTRY-Agency,USDA,N-50-10291,13,0,0,0.0,325,BARROW,0.0,2/7/2024 9:00,2/14/2024 9:38,Price Code 1,TRUCK 1 MOBILE PANTRY,False,Food Bank of Northeast Georgia,01,30680.0,Winder,USDA GARBANZO BEANS,Proteins
917,178382,8974,C-161,Church at Pierce Rd.,480998,,FP/OP,FOOD PANTRY-Agency,BLUE RECEIPT-SHL,MCW-04-10000,59,0,0,0.0,59,BARROW,0.0,4/5/2024 9:39,4/5/2024 9:54,Price Code 1,CUSTOMER PICKUP,False,Sharing Floor Athens,01-SH,30680.0,Winder,"BREAD AND BAKERY, SHL RETAIL PICKUPS",Grains
864,182537,5938,W-124,Winder Church of God of Prophecy,485140,,FP/OP,FOOD PANTRY-Agency,BLUE RECEIPT-SHL,C-28-10001,20,0,0,0.6,20,BARROW,0.03,6/25/2024 12:22,6/25/2024 8:19,Price Code 1,CUSTOMER PICKUP,False,Sharing Floor Athens,01-SH,30680.0,Winder,"PRODUCE, FRESH SHL",Mixed Produce
29,182517,9013,B-107,Barrow County Food Pantry,485120,,FOOD PANTRY,FOOD PANTRY-Agency,USDA,N-50-10313,25,0,0,0.0,600,BARROW,0.0,6/27/2024 7:00,6/27/2024 9:27,Price Code 1,TRACTOR TRAILER 1 MOBILE PANTRY,False,Food Bank of Northeast Georgia,01,30680.0,Winder,USDA LIGHT RED KIDNEY BEANS 24/1LB,Proteins
781,176598,5958,R-130,"Richard C. Wilson Recovery Residence, INC",479222,,ON PREMISES (OP),REHAB-Agency,BLUE RECEIPT-SHL,C-16-10001,103,0,0,18.54,103,BARROW,0.18,3/4/2024 9:09,3/4/2024 8:38,Price Code 1,CUSTOMER PICKUP,False,Sharing Floor Athens,01-SH,30666.0,Statham,"COOLER FOOD, MISC. SHL",Food Misc.
917,177355,5407,C-161,Church at Pierce Rd.,479975,,FP/OP,FOOD PANTRY-Agency,BLUE RECEIPT-SHL,F-15-10000,36,0,0,0.0,36,BARROW,0.0,3/15/2024 9:39,3/15/2024 10:02,Price Code 1,CUSTOMER PICKUP,False,Sharing Floor Athens,01-SH,30680.0,Winder,"MEAT & SEAFOOD, FROZEN SHL",Proteins
864,180325,5938,W-124,Winder Church of God of Prophecy,482931,,FP/OP,FOOD PANTRY-Agency,BLUE RECEIPT-SHL,C-28-10001,10,0,0,0.3,10,BARROW,0.03,5/7/2024 12:22,5/7/2024 8:31,Price Code 1,CUSTOMER PICKUP,False,Sharing Floor Athens,01-SH,30680.0,Winder,"PRODUCE, FRESH SHL",Mixed Produce
781,176344,1045,R-130,"Richard C. Wilson Recovery Residence, INC",478969,,ON PREMISES (OP),REHAB-Agency,BLUE RECEIPT-SHL,W-25-10009,71,0,0,12.78,71,BARROW,0.18,2/28/2024 9:09,2/28/2024 8:41,Price Code 1,CUSTOMER PICKUP,False,Sharing Floor Athens,01-SH,30666.0,Statham,"ASSORTED SNACK ITEMS, SHL",Food Misc.
867,179309,170,Y-108,YMCA of GA's Piedmont- Barrow County,481922,,FP/OP/GNAP/USDA,AT-RISK YOUTH-Agency,USDA,N-50-10007,6,0,0,30.24,168,BARROW,0.18,4/24/2024 14:18,4/24/2024 10:56,Price Code 1,CUSTOMER PICKUP,False,Food Bank of Northeast Georgia,01,30680.0,Winder,"USDA CORN, WHOLE KERNEL NO SALT",Vegetables
917,181408,9074,C-161,Church at Pierce Rd.,484012,,FP/OP,FOOD PANTRY-Agency,BLUE RECEIPT-SHL,N-03-11836,8,0,0,0.0,72,BARROW,0.0,5/31/2024 9:00,5/31/2024 10:37,Price Code 1,CUSTOMER PICKUP,False,Food Bank of Northeast Georgia,01,30680.0,Winder,STARBUCKS CARAMEL FRAPPUCINO,Beverages
864,179028,884,W-124,Winder Church of God of Prophecy,481642,,FP/OP,FOOD PANTRY-Agency,LFB,W-01-10003,6,0,0,1.08,6,BARROW,0.18,4/16/2024 12:22,4/16/2024 8:21,Price Code 1,CUSTOMER PICKUP,False,Sharing Floor Athens,01-SH,30680.0,Winder,ASSORTED NON-FOOD ITEMS LFB,Non-Food Misc.
1013,176588,8950,S-143,"Spirit Of Sharing, INC",479212,,FP/GNAP/USDA,FOOD PANTRY-Agency,LOCAL - LL,C-28-90537,1200,0,0,0.0,1200,BARROW,0.0,3/6/2024 9:00,3/6/2024 10:23,Price Code 1,TRUCK 1 MOBILE PANTRY,False,Food Bank of Northeast Georgia,01,30680.0,Winder,"CABBAGE, BULK TOTE",Vegetables
29,182923,8974,B-107,Barrow County Food Pantry,FAIMPORT485524,,FOOD PANTRY,FOOD PANTRY-Agency,BLUE RECEIPT-SHL,MCW-04-10000,74,0,0,0.0,74,BARROW,0.0,6/17/2024 0:00,6/17/2024 0:00,Price Code 1,CUSTOMER PICKUP,False,Food Bank of Northeast Georgia,01,30680.0,Winder,"BREAD AND BAKERY, SHL RETAIL PICKUPS",Grains
1040,180109,8940,H-159,Hills Temple FBH Church,482717,,FP/OP/GNAP/USDA,FB DIRECT ASSISTANCE-Agency,BLUE RECEIPT-SHL,C-28-90531,4,0,0,0.0,208,BARROW,0.0,5/7/2024 8:45,5/7/2024 10:58,Price Code 1,CUSTOMER PICKUP,False,Food Bank of Northeast Georgia,01,30680.0,Winder,"CABBAGE, SHL 50#",Vegetables
1040,177969,4449,H-159,Hills Temple FBH Church,480588,,FP/OP/GNAP/USDA,FB DIRECT ASSISTANCE-Agency,USDA,F-50-90445,10,0,0,41.0,410,BARROW,0.1,4/3/2024 8:12,4/3/2024 11:28,Price Code 1,CUSTOMER PICKUP,False,Food Bank of Northeast Georgia,01,30680.0,Winder,USDA FULLY COOKED PULLED PORK CCC,Proteins
172,178327,8929,P-104,Project Adam Community Asst Ct,480943,,ON PREMISES (OP),REHAB-Agency,BLUE RECEIPT-SHL,N-03-11804,5,0,0,0.0,90,BARROW,0.0,4/9/2024 13:41,4/15/2024 10:14,Price Code 1,CUSTOMER PICKUP,False,Food Bank of Northeast Georgia,01,30680.0,Winder,GATORADE GRAPE LOWER SUGAR,Beverages
917,175741,5407,C-161,Church at Pierce Rd.,478369,,FP/OP,FOOD PANTRY-Agency,BLUE RECEIPT-SHL,F-15-10000,20,0,0,0.0,20,BARROW,0.0,2/16/2024 9:39,2/16/2024 10:08,Price Code 1,CUSTOMER PICKUP,False,Sharing Floor Athens,01-SH,30680.0,Winder,"MEAT & SEAFOOD, FROZEN SHL",Proteins
953,175788,7298,C-179,Crossview Church Food Pantry,478416,,FP/GNAP/USDA,FOOD PANTRY-Agency,GNAP,N-40-10248,5,0,0,0.0,70,BARROW,0.0,2/21/2024 15:00,2/21/2024 15:19,Price Code 1,CONTACT FOR DELIVERY,False,Food Bank of Northeast Georgia,01,30548.0,Hoschton,GNAP BAKING AND BISCUIT MIX,Grains
781,178113,683,R-130,"Richard C. Wilson Recovery Residence, INC",480732,,ON PREMISES (OP),REHAB-Agency,BLUE RECEIPT-SHL,W-16-10001,75,0,0,13.5,75,BARROW,0.18,4/2/2024 9:09,4/2/2024 10:27,Price Code 1,CUSTOMER PICKUP,False,Sharing Floor Athens,01-SH,30666.0,Statham,MISC. FOOD BOX SHL,Food Misc.
1038,179717,84,C-184,"Called to Serve Georgia, Inc",482330,,FP/OP/USDA,FOOD PANTRY-Agency,USDA,N-50-10006,5,0,0,24.3,135,BARROW,0.18,5/3/2024 13:58,5/3/2024 14:07,Price Code 1,CUSTOMER PICKUP,False,Food Bank of Northeast Georgia,01,30680.0,Winder,USDA GREEN BEANS,Vegetables
29,181117,9073,B-107,Barrow County Food Pantry,483722,,FOOD PANTRY,FOOD PANTRY-Agency,USDA,C-50-10051,240,0,0,0.0,2880,BARROW,0.0,5/23/2024 8:19,5/28/2024 7:55,Price Code 1,TRACTOR TRAILER 1 MOBILE PANTRY,False,Food Bank of Northeast Georgia,01,30680.0,Winder,USDA SHREDDED MOZZARELLA CHEESE CCC,Dairy
917,177770,50,C-161,Church at Pierce Rd.,480389,,FP/OP,FOOD PANTRY-Agency,LOCAL - LL,W-16-10002,144,0,0,25.92,144,BARROW,0.18,3/22/2024 9:39,3/22/2024 9:54,Price Code 1,CUSTOMER PICKUP,False,Sharing Floor Athens,01-SH,30680.0,Winder,MISC. FOOD BOX LL,Food Misc.
29,176406,8974,B-107,Barrow County Food Pantry,FAIMPORT479030,,FOOD PANTRY,FOOD PANTRY-Agency,BLUE RECEIPT-SHL,MCW-04-10000,176,0,0,0.0,176,BARROW,0.0,2/23/2024 0:00,2/23/2024 0:00,Price Code 1,CUSTOMER PICKUP,False,Food Bank of Northeast Georgia,01,30680.0,Winder,"BREAD AND BAKERY, SHL RETAIL PICKUPS",Grains
1040,179364,875,H-159,Hills Temple FBH Church,481977,,FP/OP/GNAP/USDA,FB DIRECT ASSISTANCE-Agency,BLUE RECEIPT-SHL,W-04-10000,23,0,0,0.0,23,BARROW,0.0,4/22/2024 9:48,4/22/2024 9:52,Price Code 1,CUSTOMER PICKUP,False,Sharing Floor Athens,01-SH,30680.0,Winder,"BREAD & BAKERY, ASSORTED SHL",Grains
172,172725,50,P-104,Project Adam Community Asst Ct,476356,,ON PREMISES (OP),REHAB-Agency,LOCAL - LL,W-16-10002,55,0,0,9.9,55,BARROW,0.18,1/8/2024 13:41,1/8/2024 11:13,Price Code 1,CUSTOMER PICKUP,False,Sharing Floor Athens,01-SH,30680.0,Winder,MISC. FOOD BOX LL,Food Misc.
1040,180109,7153,H-159,Hills Temple FBH Church,482717,,FP/OP/GNAP/USDA,FB DIRECT ASSISTANCE-Agency,GNAP,N-40-10234,10,0,0,0.0,130,BARROW,0.0,5/7/2024 8:45,5/7/2024 10:58,Price Code 1,CUSTOMER PICKUP,False,Food Bank of Northeast Georgia,01,30680.0,Winder,GNAP BAKED BEANS,Proteins
1040,177969,1822,H-159,Hills Temple FBH Church,480588,,FP/OP/GNAP/USDA,FB DIRECT ASSISTANCE-Agency,GNAP,N-40-10140,4,0,0,0.0,72,BARROW,0.0,4/3/2024 8:12,4/3/2024 11:28,Price Code 1,CUSTOMER PICKUP,False,Food Bank of Northeast Georgia,01,30680.0,Winder,GNAP TUNA LIGHT CHUNK,Proteins
29,173390,8914,B-107,Barrow County Food Pantry,477019,,FOOD PANTRY,FOOD PANTRY-Agency,USDA,N-50-10310,25,0,0,0.0,675,BARROW,0.0,1/25/2024 7:00,1/25/2024 6:23,Price Code 1,TRACTOR TRAILER 1 MOBILE PANTRY,False,Food Bank of Northeast Georgia,01,30680.0,Winder,USDA DICED POTATOES,Potatoes
682,176359,92,C-170,Christ The King Ghana Methodist,478984,,DIRECT ASSISTANCE,FOOD PANTRY-Agency,LOCAL - LL,W-01-10002,1,0,0,0.18,1,BARROW,0.18,2/28/2024 15:05,2/28/2024 10:56,Price Code 1,CUSTOMER PICKUP,False,Sharing Floor Athens,01-SH,30680.0,Winder,"ASSORTED NON-FOOD ITEMS, LL",Non-Food Misc.
576,173797,7298,F2KBARROW,Food 2 Kids Barrow County,477426,,DIRECT ASSISTANCE,DIRECT ASSISTANCE-Agency,GNAP,N-40-10248,10,0,0,0.0,140,BARROW,0.0,2/14/2024 9:00,3/5/2024 13:20,Price Code 1,TRACTOR TRAILER 2 MOBILE PANTRY,False,Food Bank of Northeast Georgia,01,,Athens,GNAP BAKING AND BISCUIT MIX,Grains
917,179659,5958,C-161,Church at Pierce Rd.,482272,,FP/OP,FOOD PANTRY-Agency,BLUE RECEIPT-SHL,C-16-10001,20,0,0,3.6,20,BARROW,0.18,4/26/2024 9:39,4/26/2024 9:28,Price Code 1,CUSTOMER PICKUP,False,Sharing Floor Athens,01-SH,30680.0,Winder,"COOLER FOOD, MISC. SHL",Food Misc.
864,179412,5938,W-124,Winder Church of God of Prophecy,482025,,FP/OP,FOOD PANTRY-Agency,BLUE RECEIPT-SHL,C-28-10001,70,0,0,2.1,70,BARROW,0.03,4/23/2024 12:22,4/23/2024 8:19,Price Code 1,CUSTOMER PICKUP,False,Sharing Floor Athens,01-SH,30680.0,Winder,"PRODUCE, FRESH SHL",Mixed Produce
867,173402,84,Y-108,YMCA of GA's Piedmont- Barrow County,477031,,FP/OP/GNAP/USDA,AT-RISK YOUTH-Agency,USDA,N-50-10006,4,0,0,19.44,108,BARROW,0.18,1/25/2024 11:26,1/26/2024 10:32,Price Code 1,CUSTOMER PICKUP,False,Food Bank of Northeast Georgia,01,30680.0,Winder,USDA GREEN BEANS,Vegetables
917,176083,875,C-161,Church at Pierce Rd.,478710,,FP/OP,FOOD PANTRY-Agency,BLUE RECEIPT-SHL,W-04-10000,79,0,0,0.0,79,BARROW,0.0,2/23/2024 9:39,2/23/2024 9:56,Price Code 1,CUSTOMER PICKUP,False,Sharing Floor Athens,01-SH,30680.0,Winder,"BREAD & BAKERY, ASSORTED SHL",Grains
867,181186,7083,Y-108,YMCA of GA's Piedmont- Barrow County,483791,,FP/OP/GNAP/USDA,AT-RISK YOUTH-Agency,USDA,C-50-10029,5,0,0,10.8,60,BARROW,0.18,5/28/2024 9:00,5/28/2024 9:11,Price Code 1,CUSTOMER PICKUP,False,Food Bank of Northeast Georgia,01,30680.0,Winder,"USDA MILD CHEDDAR CHEESE, BLOCK CCC",Dairy
497,181441,690,W-119,Winder Freelife Church,484045,,FP/OP/GNAP/USDA,FOOD PANTRY-Agency,BLUE RECEIPT-SHL,W-03-10013,3,0,0,0.0,3,BARROW,0.0,5/28/2024 14:38,5/28/2024 10:43,Price Code 1,CUSTOMER PICKUP,False,Sharing Floor Athens,01-SH,30680.0,Winder,"ASSORTED BEVERAGES, SHL",Beverages
781,176344,5958,R-130,"Richard C. Wilson Recovery Residence, INC",478969,,ON PREMISES (OP),REHAB-Agency,BLUE RECEIPT-SHL,C-16-10001,25,0,0,0.0,25,BARROW,0.0,2/28/2024 9:09,2/28/2024 8:41,Price Code 1,CUSTOMER PICKUP,False,Sharing Floor Athens,01-SH,30666.0,Statham,"COOLER FOOD, MISC. SHL",Food Misc.
781,176002,875,R-130,"Richard C. Wilson Recovery Residence, INC",478630,,ON PREMISES (OP),REHAB-Agency,BLUE RECEIPT-SHL,W-04-10000,49,0,0,0.0,49,BARROW,0.0,2/22/2024 9:09,2/22/2024 8:33,Price Code 1,CUSTOMER PICKUP,False,Sharing Floor Athens,01-SH,30666.0,Statham,"BREAD & BAKERY, ASSORTED SHL",Grains
867,178008,8903,Y-108,YMCA of GA's Piedmont- Barrow County,480627,,FP/OP/GNAP/USDA,AT-RISK YOUTH-Agency,YELLOW RECEIPT - SHN,N-16-10181,4,0,0,3.6,20,BARROW,0.18,4/5/2024 10:00,4/5/2024 10:01,Price Code 1,CUSTOMER PICKUP,False,Food Bank of Northeast Georgia,01,30680.0,Winder,STOVE TOP STUFFING - TURKEY/CHICKEN/CORNBREAD,Prepared Meals
953,177720,890,C-179,Crossview Church Food Pantry,480339,,FP/GNAP/USDA,FOOD PANTRY-Agency,GNAP,N-40-10001,6,0,0,0.0,162,BARROW,0.0,3/27/2024 10:50,3/27/2024 9:26,Price Code 1,CONTACT FOR DELIVERY,False,Food Bank of Northeast Georgia,01,30548.0,Hoschton,GNAP APPLE SAUCE,Fruits
781,178656,5958,R-130,"Richard C. Wilson Recovery Residence, INC",481272,,ON PREMISES (OP),REHAB-Agency,BLUE RECEIPT-SHL,C-16-10001,70,0,0,12.6,70,BARROW,0.18,4/10/2024 9:09,4/10/2024 9:37,Price Code 1,CUSTOMER PICKUP,False,Sharing Floor Athens,01-SH,30666.0,Statham,"COOLER FOOD, MISC. SHL",Food Misc.
863,178369,235,A-148,Auburn First Baptist Church,480985,,FOOD PANTRY,FOOD PANTRY-Agency,LOCAL - LL,W-03-10012,200,0,0,0.0,200,BARROW,0.0,4/5/2024 8:05,4/5/2024 8:26,Price Code 1,CUSTOMER PICKUP,False,Sharing Floor Athens,01-SH,30011.0,Auburn,"ASSORTED BEVERAGES, LL",Beverages
863,176072,5407,A-148,Auburn First Baptist Church,478699,,FOOD PANTRY,FOOD PANTRY-Agency,BLUE RECEIPT-SHL,F-15-10000,87,0,0,0.0,87,BARROW,0.0,2/23/2024 8:05,2/23/2024 8:26,Price Code 1,CUSTOMER PICKUP,False,Sharing Floor Athens,01-SH,30011.0,Auburn,"MEAT & SEAFOOD, FROZEN SHL",Proteins
1040,177969,7284,H-159,Hills Temple FBH Church,480588,,FP/OP/GNAP/USDA,FB DIRECT ASSISTANCE-Agency,USDA,C-50-10043,4,0,0,10.4,104,BARROW,0.1,4/3/2024 8:12,4/3/2024 11:28,Price Code 1,CUSTOMER PICKUP,False,Food Bank of Northeast Georgia,01,30680.0,Winder,USDA RED FAT AMERICAN CHEESE CCC,Dairy
917,177355,696,C-161,Church at Pierce Rd.,479975,,FP/OP,FOOD PANTRY-Agency,LOCAL - LL,W-25-10000,6,0,0,1.08,6,BARROW,0.18,3/15/2024 9:39,3/15/2024 10:02,Price Code 1,CUSTOMER PICKUP,False,Sharing Floor Athens,01-SH,30680.0,Winder,"ASSORTED SNACK ITEMS, LL",Food Misc.
863,182009,235,A-148,Auburn First Baptist Church,484613,,FOOD PANTRY,FOOD PANTRY-Agency,LOCAL - LL,W-03-10012,281,0,0,0.0,281,BARROW,0.0,6/7/2024 8:05,6/7/2024 8:22,Price Code 1,CUSTOMER PICKUP,False,Sharing Floor Athens,01-SH,30011.0,Auburn,"ASSORTED BEVERAGES, LL",Beverages
867,178663,9013,Y-108,YMCA of GA's Piedmont- Barrow County,481279,,FP/OP/GNAP/USDA,AT-RISK YOUTH-Agency,USDA,N-50-10313,9,0,0,38.88,216,BARROW,0.18,4/15/2024 14:18,4/15/2024 14:42,Price Code 1,CUSTOMER PICKUP,False,Food Bank of Northeast Georgia,01,30680.0,Winder,USDA LIGHT RED KIDNEY BEANS 24/1LB,Proteins
867,179309,8851,Y-108,YMCA of GA's Piedmont- Barrow County,481922,,FP/OP/GNAP/USDA,AT-RISK YOUTH-Agency,PURCH,N-11-11071,2,0,0,2.16,12,BARROW,0.18,4/24/2024 14:18,4/24/2024 10:56,Price Code 1,CUSTOMER PICKUP,False,Food Bank of Northeast Georgia,01,30680.0,Winder,"CHICKEN STUFFING, PREMIER PANTRY",Prepared Meals
29,179436,9013,B-107,Barrow County Food Pantry,482049,,FOOD PANTRY,FOOD PANTRY-Agency,USDA,N-50-10313,25,0,0,0.0,600,BARROW,0.0,4/25/2024 7:00,4/25/2024 6:17,Price Code 1,TRACTOR TRAILER 1 MOBILE PANTRY,False,Food Bank of Northeast Georgia,01,30680.0,Winder,USDA LIGHT RED KIDNEY BEANS 24/1LB,Proteins
29,178425,8975,B-107,Barrow County Food Pantry,FAIMPORT481041,,FOOD PANTRY,FOOD PANTRY-Agency,BLUE RECEIPT-SHL,MCC-07-10001,6,0,0,0.0,6,BARROW,0.0,4/4/2024 0:00,4/4/2024 0:00,Price Code 1,CUSTOMER PICKUP,False,Food Bank of Northeast Georgia,01,30680.0,Winder,"DAIRY PRODUCTS, SHL RETAIL PICKUPS",Dairy
172,173198,8916,P-104,Project Adam Community Asst Ct,476828,,ON PREMISES (OP),REHAB-Agency,BLUE RECEIPT-SHL,N-03-11799,20,0,0,0.0,240,BARROW,0.0,1/22/2024 13:41,1/22/2024 12:00,Price Code 1,CUSTOMER PICKUP,False,Food Bank of Northeast Georgia,01,30680.0,Winder,MONSTER COLD BREW LATTE,Beverages
585,172713,2862,F2K360BAR,F2K360 BARROW,476344,,FP/OP/GNAP/USDA,DIRECT ASSISTANCE-Agency,USDA,N-50-10115,4,0,0,0.0,108,BARROW,0.0,1/10/2024 9:00,1/10/2024 12:56,Price Code 1,TRUCK 1 MOBILE PANTRY,False,Food Bank of Northeast Georgia,01,30607.0,ATHENS,USDA DARK RED KIDNEY BEANS CCC,Proteins
1013,178003,8783,S-143,"Spirit Of Sharing, INC",480622,,FP/GNAP/USDA,FOOD PANTRY-Agency,USDA,N-50-10308,13,0,0,0.0,299,BARROW,0.0,4/3/2024 9:00,4/5/2024 13:52,Price Code 1,TRUCK 1 MOBILE PANTRY,False,Food Bank of Northeast Georgia,01,30680.0,Winder,USDA RAISINS,Fruits
585,172713,3868,F2K360BAR,F2K360 BARROW,476344,,FP/OP/GNAP/USDA,DIRECT ASSISTANCE-Agency,USDA,N-50-10267,12,0,0,0.0,480,BARROW,0.0,1/10/2024 9:00,1/10/2024 12:56,Price Code 1,TRUCK 1 MOBILE PANTRY,False,Food Bank of Northeast Georgia,01,30607.0,ATHENS,USDA ALL PURPOSE FLOUR,Grains
497,176623,5938,W-119,Winder Freelife Church,479246,,FP/OP/GNAP/USDA,FOOD PANTRY-Agency,BLUE RECEIPT-SHL,C-28-10001,7,0,0,0.21,7,BARROW,0.03,3/4/2024 14:38,3/4/2024 11:36,Price Code 1,CUSTOMER PICKUP,False,Sharing Floor Athens,01-SH,30680.0,Winder,"PRODUCE, FRESH SHL",Mixed Produce
576,173797,8512,F2KBARROW,Food 2 Kids Barrow County,477426,,DIRECT ASSISTANCE,DIRECT ASSISTANCE-Agency,USDA,C-50-10049,54,0,0,0.0,2106,BARROW,0.0,2/14/2024 9:00,3/5/2024 13:20,Price Code 1,TRACTOR TRAILER 2 MOBILE PANTRY,False,Food Bank of Northeast Georgia,01,,Athens,USDA GRAPEFRUIT CCC,Fruits
867,179309,8720,Y-108,YMCA of GA's Piedmont- Barrow County,481922,,FP/OP/GNAP/USDA,AT-RISK YOUTH-Agency,USDA,N-50-10305,8,0,0,20.16,112,BARROW,0.18,4/24/2024 14:18,4/24/2024 10:56,Price Code 1,CUSTOMER PICKUP,False,Food Bank of Northeast Georgia,01,30680.0,Winder,USDA MIXED VegetablesCCC,Vegetables
172,178327,9008,P-104,Project Adam Community Asst Ct,480943,,ON PREMISES (OP),REHAB-Agency,BLUE RECEIPT-SHL,N-03-11827,5,0,0,0.0,150,BARROW,0.0,4/9/2024 13:41,4/15/2024 10:14,Price Code 1,CUSTOMER PICKUP,False,Food Bank of Northeast Georgia,01,30680.0,Winder,GATORADE LEMON LIME 15PK,Beverages
917,178317,9003,C-161,Church at Pierce Rd.,480933,,FP/OP,FOOD PANTRY-Agency,BLUE RECEIPT-SHL,N-03-11822,2,0,0,0.0,60,BARROW,0.0,4/12/2024 9:39,4/12/2024 10:31,Price Code 1,CUSTOMER PICKUP,False,Food Bank of Northeast Georgia,01,30680.0,Winder,GATORADE FIT BLACKBERRY RASPBERRY,Beverages
1040,177969,8837,H-159,Hills Temple FBH Church,480588,,FP/OP/GNAP/USDA,FB DIRECT ASSISTANCE-Agency,BLUE RECEIPT-SHL,N-03-11773,6,0,0,0.0,60,BARROW,0.0,4/3/2024 8:12,4/3/2024 11:28,Price Code 1,CUSTOMER PICKUP,False,Food Bank of Northeast Georgia,01,30680.0,Winder,MT DEW PASSSIONFRUIT PUNCH,Beverages
863,173290,5772,A-148,Auburn First Baptist Church,476919,,FOOD PANTRY,FOOD PANTRY-Agency,LOCAL - LL,C-28-10000,778,0,0,23.34,778,BARROW,0.03,1/19/2024 8:05,1/19/2024 8:26,Price Code 1,CUSTOMER PICKUP,False,Sharing Floor Athens,01-SH,30011.0,Auburn,"PRODUCE, FRESH LL",Mixed Produce
917,182016,875,C-161,Church at Pierce Rd.,484620,,FP/OP,FOOD PANTRY-Agency,BLUE RECEIPT-SHL,W-04-10000,64,0,0,0.0,64,BARROW,0.0,6/7/2024 9:39,6/7/2024 9:46,Price Code 1,CUSTOMER PICKUP,False,Sharing Floor Athens,01-SH,30680.0,Winder,"BREAD & BAKERY, ASSORTED SHL",Grains
917,175741,690,C-161,Church at Pierce Rd.,478369,,FP/OP,FOOD PANTRY-Agency,BLUE RECEIPT-SHL,W-03-10013,119,0,0,0.0,119,BARROW,0.0,2/16/2024 9:39,2/16/2024 10:08,Price Code 1,CUSTOMER PICKUP,False,Sharing Floor Athens,01-SH,30680.0,Winder,"ASSORTED BEVERAGES, SHL",Beverages
29,177776,5885,B-107,Barrow County Food Pantry,480395,,FOOD PANTRY,FOOD PANTRY-Agency,LOCAL - LL,C-14-10000,2400,0,0,0.0,2400,BARROW,0.0,3/28/2024 7:00,3/28/2024 6:02,Price Code 1,TRACTOR TRAILER 1 MOBILE PANTRY,False,Food Bank of Northeast Georgia,01,30680.0,Winder,"JUICE/NON-SHELF STABLE, LL",Beverages
917,180590,1045,C-161,Church at Pierce Rd.,483196,,FP/OP,FOOD PANTRY-Agency,BLUE RECEIPT-SHL,W-25-10009,8,0,0,1.44,8,BARROW,0.18,5/10/2024 9:39,5/10/2024 9:44,Price Code 1,CUSTOMER PICKUP,False,Sharing Floor Athens,01-SH,30680.0,Winder,"ASSORTED SNACK ITEMS, SHL",Food Misc.
29,179436,5938,B-107,Barrow County Food Pantry,482049,,FOOD PANTRY,FOOD PANTRY-Agency,BLUE RECEIPT-SHL,C-28-10001,772,0,0,0.0,772,BARROW,0.0,4/25/2024 7:00,4/25/2024 6:17,Price Code 1,TRACTOR TRAILER 1 MOBILE PANTRY,False,Food Bank of Northeast Georgia,01,30680.0,Winder,"PRODUCE, FRESH SHL",Mixed Produce
682,173911,683,C-170,Christ The King Ghana Methodist,477540,,DIRECT ASSISTANCE,FOOD PANTRY-Agency,BLUE RECEIPT-SHL,W-16-10001,264,0,0,47.52,264,BARROW,0.18,1/31/2024 15:05,1/31/2024 11:10,Price Code 1,CUSTOMER PICKUP,False,Sharing Floor Athens,01-SH,30680.0,Winder,MISC. FOOD BOX SHL,Food Misc.
1040,181389,9074,H-159,Hills Temple FBH Church,483993,,FP/OP/GNAP/USDA,FB DIRECT ASSISTANCE-Agency,BLUE RECEIPT-SHL,N-03-11836,15,0,0,24.3,135,BARROW,0.18,6/4/2024 8:30,6/4/2024 13:51,Price Code 1,CUSTOMER PICKUP,False,Food Bank of Northeast Georgia,01,30680.0,Winder,STARBUCKS CARAMEL FRAPPUCINO,Beverages
600,182909,8971,S-140,SYTGE (Seeing You Through God's Eyes) Outreach Ministry,FAIMPORT485511,,FOOD PANTRY,FOOD PANTRY-Agency,BLUE RECEIPT-SHL,MCF-16-10001,273,0,0,0.0,273,BARROW,0.0,6/29/2024 0:00,6/29/2024 0:00,Price Code 1,CUSTOMER PICKUP,False,Food Bank of Northeast Georgia,01,30680.0,Winder,"FROZEN FOODS, MISC SHL RETAIL PICKUP",Food Misc.
781,175670,1045,R-130,"Richard C. Wilson Recovery Residence, INC",478298,,ON PREMISES (OP),REHAB-Agency,BLUE RECEIPT-SHL,W-25-10009,12,0,0,2.16,12,BARROW,0.18,2/15/2024 9:09,2/15/2024 8:32,Price Code 1,CUSTOMER PICKUP,False,Sharing Floor Athens,01-SH,30666.0,Statham,"ASSORTED SNACK ITEMS, SHL",Food Misc.
917,172667,3408,C-161,Church at Pierce Rd.,476298,,FP/OP,FOOD PANTRY-Agency,YELLOW RECEIPT - SHN,N-03-10851,2,0,0,0.0,40,BARROW,0.0,1/12/2024 9:39,1/12/2024 13:11,Price Code 1,CUSTOMER PICKUP,False,Food Bank of Northeast Georgia,01,30680.0,Winder,"PROPEL WATER, GRAPE",Beverages
29,182927,8970,B-107,Barrow County Food Pantry,FAIMPORT485528,,FOOD PANTRY,FOOD PANTRY-Agency,BLUE RECEIPT-SHL,MCW-16-10001,22,0,0,0.0,22,BARROW,0.0,6/18/2024 0:00,6/18/2024 0:00,Price Code 1,CUSTOMER PICKUP,False,Food Bank of Northeast Georgia,01,30680.0,Winder,"MISC. FOOD BOX, SHL RETAIL PICKUP",Food Misc.
781,176344,5407,R-130,"Richard C. Wilson Recovery Residence, INC",478969,,ON PREMISES (OP),REHAB-Agency,BLUE RECEIPT-SHL,F-15-10000,86,0,0,15.48,86,BARROW,0.18,2/28/2024 9:09,2/28/2024 8:41,Price Code 1,CUSTOMER PICKUP,False,Sharing Floor Athens,01-SH,30666.0,Statham,"MEAT & SEAFOOD, FROZEN SHL",Proteins
917,175398,683,C-161,Church at Pierce Rd.,478027,,FP/OP,FOOD PANTRY-Agency,BLUE RECEIPT-SHL,W-16-10001,16,0,0,0.0,16,BARROW,0.0,2/9/2024 9:39,2/9/2024 9:46,Price Code 1,CUSTOMER PICKUP,False,Sharing Floor Athens,01-SH,30680.0,Winder,MISC. FOOD BOX SHL,Food Misc.
576,178167,8950,F2KBARROW,Food 2 Kids Barrow County,480786,,DIRECT ASSISTANCE,DIRECT ASSISTANCE-Agency,LOCAL - LL,C-28-90537,1000,0,0,0.0,1000,BARROW,0.0,4/10/2024 9:00,4/10/2024 9:40,Price Code 1,TRUCK 1 MOBILE PANTRY,False,Food Bank of Northeast Georgia,01,,Athens,"CABBAGE, BULK TOTE",Vegetables
953,180642,8972,C-179,Crossview Church Food Pantry,FAIMPORT483248,,FP/GNAP/USDA,FOOD PANTRY-Agency,BLUE RECEIPT-SHL,MCF-15-10000,196,0,0,0.0,196,BARROW,0.0,5/10/2024 0:00,5/10/2024 0:00,Price Code 1,CUSTOMER PICKUP,False,Food Bank of Northeast Georgia,01,30548.0,Hoschton,"FROZEN MEAT & SEAFOOD, SHL RETAIL PICKUP",Proteins
1040,177969,6351,H-159,Hills Temple FBH Church,480588,,FP/OP/GNAP/USDA,FB DIRECT ASSISTANCE-Agency,BLUE RECEIPT-SHL,C-28-90163,2,0,0,0.0,100,BARROW,0.0,4/3/2024 8:12,4/3/2024 11:28,Price Code 1,CUSTOMER PICKUP,False,Food Bank of Northeast Georgia,01,30680.0,Winder,YUKON GOLD POTATOES,Potatoes
576,180247,9039,F2KBARROW,Food 2 Kids Barrow County,482853,,DIRECT ASSISTANCE,DIRECT ASSISTANCE-Agency,GNAP,N-40-10276,6,0,0,0.0,60,BARROW,0.0,5/8/2024 9:00,5/9/2024 9:40,Price Code 1,TRUCK 1 MOBILE PANTRY,False,Food Bank of Northeast Georgia,01,,Athens,GNAP CHEESE STICKS - WHITE CHEDDAR,Dairy
917,175035,5407,C-161,Church at Pierce Rd.,477665,,FP/OP,FOOD PANTRY-Agency,BLUE RECEIPT-SHL,F-15-10000,92,0,0,16.56,92,BARROW,0.18,2/2/2024 9:39,2/2/2024 11:56,Price Code 1,CUSTOMER PICKUP,False,Sharing Floor Athens,01-SH,30680.0,Winder,"MEAT & SEAFOOD, FROZEN SHL",Proteins
864,180325,683,W-124,Winder Church of God of Prophecy,482931,,FP/OP,FOOD PANTRY-Agency,BLUE RECEIPT-SHL,W-16-10001,16,0,0,0.0,16,BARROW,0.0,5/7/2024 12:22,5/7/2024 8:31,Price Code 1,CUSTOMER PICKUP,False,Sharing Floor Athens,01-SH,30680.0,Winder,MISC. FOOD BOX SHL,Food Misc.
917,179250,5407,C-161,Church at Pierce Rd.,481863,,FP/OP,FOOD PANTRY-Agency,BLUE RECEIPT-SHL,F-15-10000,44,0,0,7.92,44,BARROW,0.18,4/19/2024 9:39,4/19/2024 9:20,Price Code 1,CUSTOMER PICKUP,False,Sharing Floor Athens,01-SH,30680.0,Winder,"MEAT & SEAFOOD, FROZEN SHL",Proteins
917,177355,688,C-161,Church at Pierce Rd.,479975,,FP/OP,FOOD PANTRY-Agency,BLUE RECEIPT-SHL,W-01-10000,15,0,0,2.7,15,BARROW,0.18,3/15/2024 9:39,3/15/2024 10:02,Price Code 1,CUSTOMER PICKUP,False,Sharing Floor Athens,01-SH,30680.0,Winder,"ASSORTED NON-FOOD ITEMS, SHL",Non-Food Misc.
917,181347,5388,C-161,Church at Pierce Rd.,483951,,FP/OP,FOOD PANTRY-Agency,BLUE RECEIPT-SHL,F-16-10001,98,0,0,17.64,98,BARROW,0.18,5/24/2024 9:39,5/24/2024 9:35,Price Code 1,CUSTOMER PICKUP,False,Sharing Floor Athens,01-SH,30680.0,Winder,"ASSORTED FROZEN FOODS, SHL",Food Misc.
1038,181676,875,C-184,"Called to Serve Georgia, Inc",484280,,FP/OP/USDA,FOOD PANTRY-Agency,BLUE RECEIPT-SHL,W-04-10000,1,0,0,0.0,1,BARROW,0.0,5/31/2024 9:53,5/31/2024 9:59,Price Code 1,CUSTOMER PICKUP,False,Sharing Floor Athens,01-SH,30680.0,Winder,"BREAD & BAKERY, ASSORTED SHL",Grains
864,182303,875,W-124,Winder Church of God of Prophecy,484907,,FP/OP,FOOD PANTRY-Agency,BLUE RECEIPT-SHL,W-04-10000,18,0,0,0.0,18,BARROW,0.0,6/18/2024 12:22,6/18/2024 8:13,Price Code 1,CUSTOMER PICKUP,False,Sharing Floor Athens,01-SH,30680.0,Winder,"BREAD & BAKERY, ASSORTED SHL",Grains
682,178664,5407,C-170,Christ The King Ghana Methodist,481280,,DIRECT ASSISTANCE,FOOD PANTRY-Agency,BLUE RECEIPT-SHL,F-15-10000,208,0,0,37.44,208,BARROW,0.18,4/10/2024 15:05,4/10/2024 10:48,Price Code 1,CUSTOMER PICKUP,False,Sharing Floor Athens,01-SH,30680.0,Winder,"MEAT & SEAFOOD, FROZEN SHL",Proteins
1040,177969,8874,H-159,Hills Temple FBH Church,480588,,FP/OP/GNAP/USDA,FB DIRECT ASSISTANCE-Agency,YELLOW RECEIPT - SHN,F-10-10002,12,0,0,1.08,36,BARROW,0.03,4/3/2024 8:12,4/3/2024 11:28,Price Code 1,CUSTOMER PICKUP,False,Food Bank of Northeast Georgia,01,30680.0,Winder,OUTSHINE TROPICAL SMOOTHIE CUBES,Beverages
497,176623,875,W-119,Winder Freelife Church,479246,,FP/OP/GNAP/USDA,FOOD PANTRY-Agency,BLUE RECEIPT-SHL,W-04-10000,10,0,0,0.0,10,BARROW,0.0,3/4/2024 14:38,3/4/2024 11:36,Price Code 1,CUSTOMER PICKUP,False,Sharing Floor Athens,01-SH,30680.0,Winder,"BREAD & BAKERY, ASSORTED SHL",Grains
789,182037,9084,TH-134,First Baptist Church of Carl,484641,,FP/USDA,MOBILE PANTRY-Agency,USDA,N-50-10315,170,0,0,826.2,4590,BARROW,0.18,6/21/2024 12:30,6/25/2024 14:13,Price Code 1,TRACTOR TRAILER 1,False,Food Bank of Northeast Georgia,01,30011.0,Auburn,USDA CANNED SALMON,Proteins
781,175670,875,R-130,"Richard C. Wilson Recovery Residence, INC",478298,,ON PREMISES (OP),REHAB-Agency,BLUE RECEIPT-SHL,W-04-10000,32,0,0,0.0,32,BARROW,0.0,2/15/2024 9:09,2/15/2024 8:32,Price Code 1,CUSTOMER PICKUP,False,Sharing Floor Athens,01-SH,30666.0,Statham,"BREAD & BAKERY, ASSORTED SHL",Grains
867,178961,2202,Y-108,YMCA of GA's Piedmont- Barrow County,481575,,FP/OP/GNAP/USDA,AT-RISK YOUTH-Agency,USDA,N-50-10240,2,0,0,7.92,44,BARROW,0.18,4/19/2024 10:00,4/19/2024 10:25,Price Code 1,CUSTOMER PICKUP,False,Food Bank of Northeast Georgia,01,30680.0,Winder,USDA SPAGHETTI,Grains
867,176025,8958,Y-108,YMCA of GA's Piedmont- Barrow County,478653,,FP/OP/GNAP/USDA,AT-RISK YOUTH-Agency,YELLOW RECEIPT - SHN,N-25-11957,9,0,0,4.86,27,BARROW,0.18,2/27/2024 14:18,2/28/2024 15:06,Price Code 1,CUSTOMER PICKUP,False,Food Bank of Northeast Georgia,01,30680.0,Winder,WHEAT THINS BIG,Grains
29,176259,5958,B-107,Barrow County Food Pantry,FAIMPORT478885,,FOOD PANTRY,FOOD PANTRY-Agency,BLUE RECEIPT-SHL,C-16-10001,42,0,0,7.56,42,BARROW,0.18,2/19/2024 0:00,2/19/2024 0:00,Price Code 1,CUSTOMER PICKUP,False,Food Bank of Northeast Georgia,01,30680.0,Winder,"COOLER FOOD, MISC. SHL",Food Misc.
867,179864,8720,Y-108,YMCA of GA's Piedmont- Barrow County,482475,,FP/OP/GNAP/USDA,AT-RISK YOUTH-Agency,USDA,N-50-10305,6,0,0,15.12,84,BARROW,0.18,5/3/2024 14:18,5/3/2024 10:51,Price Code 1,CUSTOMER PICKUP,False,Food Bank of Northeast Georgia,01,30680.0,Winder,USDA MIXED VegetablesCCC,Vegetables
576,180247,7298,F2KBARROW,Food 2 Kids Barrow County,482853,,DIRECT ASSISTANCE,DIRECT ASSISTANCE-Agency,GNAP,N-40-10248,8,0,0,0.0,112,BARROW,0.0,5/8/2024 9:00,5/9/2024 9:40,Price Code 1,TRUCK 1 MOBILE PANTRY,False,Food Bank of Northeast Georgia,01,,Athens,GNAP BAKING AND BISCUIT MIX,Grains
917,173011,5477,C-161,Church at Pierce Rd.,476641,,FP/OP,FOOD PANTRY-Agency,LOCAL - LL,F-15-10001,119,0,0,21.42,119,BARROW,0.18,1/12/2024 9:39,1/12/2024 12:10,Price Code 1,CUSTOMER PICKUP,False,Sharing Floor Athens,01-SH,30680.0,Winder,"MEAT & SEAFOOD, FROZEN LOCAL",Proteins
864,181418,1045,W-124,Winder Church of God of Prophecy,484022,,FP/OP,FOOD PANTRY-Agency,BLUE RECEIPT-SHL,W-25-10009,9,0,0,1.62,9,BARROW,0.18,5/28/2024 12:22,5/28/2024 8:15,Price Code 1,CUSTOMER PICKUP,False,Sharing Floor Athens,01-SH,30680.0,Winder,"ASSORTED SNACK ITEMS, SHL",Food Misc.
863,182009,5938,A-148,Auburn First Baptist Church,484613,,FOOD PANTRY,FOOD PANTRY-Agency,BLUE RECEIPT-SHL,C-28-10001,386,0,0,11.58,386,BARROW,0.03,6/7/2024 8:05,6/7/2024 8:22,Price Code 1,CUSTOMER PICKUP,False,Sharing Floor Athens,01-SH,30011.0,Auburn,"PRODUCE, FRESH SHL",Mixed Produce
682,180861,5938,C-170,Christ The King Ghana Methodist,483467,,DIRECT ASSISTANCE,FOOD PANTRY-Agency,BLUE RECEIPT-SHL,C-28-10001,305,0,0,9.15,305,BARROW,0.03,5/15/2024 15:05,5/15/2024 10:43,Price Code 1,CUSTOMER PICKUP,False,Sharing Floor Athens,01-SH,30680.0,Winder,"PRODUCE, FRESH SHL",Mixed Produce
917,173300,690,C-161,Church at Pierce Rd.,476929,,FP/OP,FOOD PANTRY-Agency,BLUE RECEIPT-SHL,W-03-10013,28,0,0,0.84,28,BARROW,0.03,1/19/2024 9:39,1/19/2024 10:08,Price Code 1,CUSTOMER PICKUP,False,Sharing Floor Athens,01-SH,30680.0,Winder,"ASSORTED BEVERAGES, SHL",Beverages
917,182016,696,C-161,Church at Pierce Rd.,484620,,FP/OP,FOOD PANTRY-Agency,LOCAL - LL,W-25-10000,16,0,0,0.8,16,BARROW,0.05,6/7/2024 9:39,6/7/2024 9:46,Price Code 1,CUSTOMER PICKUP,False,Sharing Floor Athens,01-SH,30680.0,Winder,"ASSORTED SNACK ITEMS, LL",Food Misc.
781,173895,875,R-130,"Richard C. Wilson Recovery Residence, INC",477524,,ON PREMISES (OP),REHAB-Agency,BLUE RECEIPT-SHL,W-04-10000,54,0,0,0.0,54,BARROW,0.0,1/31/2024 9:09,1/31/2024 9:44,Price Code 1,CUSTOMER PICKUP,False,Sharing Floor Athens,01-SH,30666.0,Statham,"BREAD & BAKERY, ASSORTED SHL",Grains
917,180590,5938,C-161,Church at Pierce Rd.,483196,,FP/OP,FOOD PANTRY-Agency,BLUE RECEIPT-SHL,C-28-10001,177,0,0,5.31,177,BARROW,0.03,5/10/2024 9:39,5/10/2024 9:44,Price Code 1,CUSTOMER PICKUP,False,Sharing Floor Athens,01-SH,30680.0,Winder,"PRODUCE, FRESH SHL",Mixed Produce
29,179436,6816,B-107,Barrow County Food Pantry,482049,,FOOD PANTRY,FOOD PANTRY-Agency,BLUE RECEIPT-SHL,C-28-90345,31,0,0,0.0,1550,BARROW,0.0,4/25/2024 7:00,4/25/2024 6:17,Price Code 1,TRACTOR TRAILER 1 MOBILE PANTRY,False,Food Bank of Northeast Georgia,01,30680.0,Winder,CARROTS,Vegetables
953,176270,5388,C-179,Crossview Church Food Pantry,FAIMPORT478895,,FP/GNAP/USDA,FOOD PANTRY-Agency,BLUE RECEIPT-SHL,F-16-10001,400,0,0,72.0,400,BARROW,0.18,2/21/2024 0:00,2/21/2024 0:00,Price Code 1,CUSTOMER PICKUP,False,Food Bank of Northeast Georgia,01,30548.0,Hoschton,"ASSORTED FROZEN FOODS, SHL",Food Misc.
576,178167,8559,F2KBARROW,Food 2 Kids Barrow County,480786,,DIRECT ASSISTANCE,DIRECT ASSISTANCE-Agency,BLUE RECEIPT-SHL,C-28-90529,9,0,0,0.0,360,BARROW,0.0,4/10/2024 9:00,4/10/2024 9:40,Price Code 1,TRUCK 1 MOBILE PANTRY,False,Food Bank of Northeast Georgia,01,,Athens,"ORANGES, BULK",Fruits
479,176285,1045,W-118,Winder Wesleyan Church,478910,,FP/OP,FOOD PANTRY-Agency,BLUE RECEIPT-SHL,W-25-10009,8,0,0,1.44,8,BARROW,0.18,2/27/2024 10:24,2/27/2024 10:29,Price Code 1,CUSTOMER PICKUP,False,Sharing Floor Athens,01-SH,30680.0,Winder,"ASSORTED SNACK ITEMS, SHL",Food Misc.
497,175286,690,W-119,Winder Freelife Church,477915,,FP/OP/GNAP/USDA,FOOD PANTRY-Agency,BLUE RECEIPT-SHL,W-03-10013,135,0,0,0.0,135,BARROW,0.0,2/7/2024 14:38,2/7/2024 11:33,Price Code 1,CUSTOMER PICKUP,False,Sharing Floor Athens,01-SH,30680.0,Winder,"ASSORTED BEVERAGES, SHL",Beverages
917,179659,683,C-161,Church at Pierce Rd.,482272,,FP/OP,FOOD PANTRY-Agency,BLUE RECEIPT-SHL,W-16-10001,11,0,0,1.98,11,BARROW,0.18,4/26/2024 9:39,4/26/2024 9:28,Price Code 1,CUSTOMER PICKUP,False,Sharing Floor Athens,01-SH,30680.0,Winder,MISC. FOOD BOX SHL,Food Misc.
863,178847,5938,A-148,Auburn First Baptist Church,481461,,FOOD PANTRY,FOOD PANTRY-Agency,BLUE RECEIPT-SHL,C-28-10001,465,0,0,13.95,465,BARROW,0.03,4/12/2024 8:05,4/12/2024 8:31,Price Code 1,CUSTOMER PICKUP,False,Sharing Floor Athens,01-SH,30011.0,Auburn,"PRODUCE, FRESH SHL",Mixed Produce
781,175982,8956,R-130,"Richard C. Wilson Recovery Residence, INC",478610,,ON PREMISES (OP),REHAB-Agency,BLUE RECEIPT-SHL,N-03-11817,5,0,0,0.0,70,BARROW,0.0,2/26/2024 11:00,2/26/2024 13:44,Price Code 1,CUSTOMER PICKUP,False,Food Bank of Northeast Georgia,01,30666.0,Statham,TWISTER CHERRY BERRY BLAST,Beverages
781,175351,875,R-130,"Richard C. Wilson Recovery Residence, INC",477980,,ON PREMISES (OP),REHAB-Agency,BLUE RECEIPT-SHL,W-04-10000,22,0,0,0.0,22,BARROW,0.0,2/8/2024 9:09,2/8/2024 11:48,Price Code 1,CUSTOMER PICKUP,False,Sharing Floor Athens,01-SH,30666.0,Statham,"BREAD & BAKERY, ASSORTED SHL",Grains
917,172667,8909,C-161,Church at Pierce Rd.,476298,,FP/OP,FOOD PANTRY-Agency,BLUE RECEIPT-SHL,N-03-11795,2,0,0,6.12,34,BARROW,0.18,1/12/2024 9:39,1/12/2024 13:11,Price Code 1,CUSTOMER PICKUP,False,Food Bank of Northeast Georgia,01,30680.0,Winder,STARBUCKS VANILLA FRAPPUCCINO,Beverages
867,172759,8903,Y-108,YMCA of GA's Piedmont- Barrow County,476390,,FP/OP/GNAP/USDA,AT-RISK YOUTH-Agency,YELLOW RECEIPT - SHN,N-16-10181,6,0,0,5.4,30,BARROW,0.18,1/11/2024 14:18,1/11/2024 12:16,Price Code 1,CUSTOMER PICKUP,False,Food Bank of Northeast Georgia,01,30680.0,Winder,STOVE TOP STUFFING - TURKEY/CHICKEN/CORNBREAD,Prepared Meals
172,173618,8932,P-104,Project Adam Community Asst Ct,477247,,ON PREMISES (OP),REHAB-Agency,BLUE RECEIPT-SHL,N-21-10066,2,0,0,1.44,8,BARROW,0.18,1/30/2024 13:41,2/14/2024 14:40,Price Code 1,CUSTOMER PICKUP,False,Food Bank of Northeast Georgia,01,30680.0,Winder,KRAFT MAC & CHEESE CUPS,Prepared Meals
917,172307,8835,C-161,Church at Pierce Rd.,475938,,FP/OP,FOOD PANTRY-Agency,BLUE RECEIPT-SHL,N-03-11771,2,0,0,0.0,60,BARROW,0.0,1/5/2024 9:39,1/5/2024 14:36,Price Code 1,CUSTOMER PICKUP,False,Food Bank of Northeast Georgia,01,30680.0,Winder,GATORADE LOWER SUGAR GLACIER FREEZE,Beverages
867,172379,4555,Y-108,YMCA of GA's Piedmont- Barrow County,476010,,FP/OP/GNAP/USDA,AT-RISK YOUTH-Agency,USDA,F-50-90042,6,0,0,43.2,240,BARROW,0.18,1/5/2024 10:00,1/5/2024 10:55,Price Code 1,CUSTOMER PICKUP,False,Food Bank of Northeast Georgia,01,30680.0,Winder,USDA CHICKEN DRUMSTICKS CCC,Proteins
172,182516,688,P-104,Project Adam Community Asst Ct,485119,,ON PREMISES (OP),REHAB-Agency,BLUE RECEIPT-SHL,W-01-10000,10,0,0,0.0,10,BARROW,0.0,6/24/2024 13:41,6/24/2024 8:55,Price Code 1,CUSTOMER PICKUP,False,Sharing Floor Athens,01-SH,30680.0,Winder,"ASSORTED NON-FOOD ITEMS, SHL",Non-Food Misc.
29,182924,8971,B-107,Barrow County Food Pantry,FAIMPORT485525,,FOOD PANTRY,FOOD PANTRY-Agency,BLUE RECEIPT-SHL,MCF-16-10001,309,0,0,0.0,309,BARROW,0.0,6/21/2024 0:00,6/21/2024 0:00,Price Code 1,CUSTOMER PICKUP,False,Food Bank of Northeast Georgia,01,30680.0,Winder,"FROZEN FOODS, MISC SHL RETAIL PICKUP",Food Misc.
682,180008,5407,C-170,Christ The King Ghana Methodist,482616,,DIRECT ASSISTANCE,FOOD PANTRY-Agency,BLUE RECEIPT-SHL,F-15-10000,103,0,0,18.54,103,BARROW,0.18,5/1/2024 15:05,5/1/2024 15:05,Price Code 1,CUSTOMER PICKUP,False,Sharing Floor Athens,01-SH,30680.0,Winder,"MEAT & SEAFOOD, FROZEN SHL",Proteins
781,181915,5958,R-130,"Richard C. Wilson Recovery Residence, INC",484519,,ON PREMISES (OP),REHAB-Agency,BLUE RECEIPT-SHL,C-16-10001,32,0,0,5.76,32,BARROW,0.18,6/5/2024 9:09,6/5/2024 9:27,Price Code 1,CUSTOMER PICKUP,False,Sharing Floor Athens,01-SH,30666.0,Statham,"COOLER FOOD, MISC. SHL",Food Misc.
1040,177969,8940,H-159,Hills Temple FBH Church,480588,,FP/OP/GNAP/USDA,FB DIRECT ASSISTANCE-Agency,BLUE RECEIPT-SHL,C-28-90531,1,0,0,0.0,52,BARROW,0.0,4/3/2024 8:12,4/3/2024 11:28,Price Code 1,CUSTOMER PICKUP,False,Food Bank of Northeast Georgia,01,30680.0,Winder,"CABBAGE, SHL 50#",Vegetables
600,179648,9031,S-140,SYTGE (Seeing You Through God's Eyes) Outreach Ministry,482261,,FOOD PANTRY,FOOD PANTRY-Agency,YELLOW RECEIPT - SHN,N-25-11973,1,0,0,0.54,3,BARROW,0.18,4/30/2024 13:46,4/30/2024 14:01,Price Code 1,CUSTOMER PICKUP,False,Food Bank of Northeast Georgia,01,30680.0,Winder,BIGS TAKIS SUNFLOWER SEEDS,Proteins
781,176002,5958,R-130,"Richard C. Wilson Recovery Residence, INC",478630,,ON PREMISES (OP),REHAB-Agency,BLUE RECEIPT-SHL,C-16-10001,75,0,0,13.5,75,BARROW,0.18,2/22/2024 9:09,2/22/2024 8:33,Price Code 1,CUSTOMER PICKUP,False,Sharing Floor Athens,01-SH,30666.0,Statham,"COOLER FOOD, MISC. SHL",Food Misc.
1038,181676,683,C-184,"Called to Serve Georgia, Inc",484280,,FP/OP/USDA,FOOD PANTRY-Agency,BLUE RECEIPT-SHL,W-16-10001,157,0,0,28.26,157,BARROW,0.18,5/31/2024 9:53,5/31/2024 9:59,Price Code 1,CUSTOMER PICKUP,False,Sharing Floor Athens,01-SH,30680.0,Winder,MISC. FOOD BOX SHL,Food Misc.
600,180692,5637,S-140,SYTGE (Seeing You Through God's Eyes) Outreach Ministry,483298,,FOOD PANTRY,FOOD PANTRY-Agency,USDA,F-50-90019,2,0,0,0.0,60,BARROW,0.0,5/16/2024 9:45,5/16/2024 10:46,Price Code 1,CUSTOMER PICKUP,False,Food Bank of Northeast Georgia,01,30680.0,Winder,USDA FROZEN BLUEBERRIES CCC,Fruits
1040,180109,7061,H-159,Hills Temple FBH Church,482717,,FP/OP/GNAP/USDA,FB DIRECT ASSISTANCE-Agency,USDA,C-50-10021,5,0,0,0.0,210,BARROW,0.0,5/7/2024 8:45,5/7/2024 10:58,Price Code 1,CUSTOMER PICKUP,False,Food Bank of Northeast Georgia,01,30680.0,Winder,USDA FRESH ORANGES,Fruits
29,181293,8974,B-107,Barrow County Food Pantry,FAIMPORT483898,,FOOD PANTRY,FOOD PANTRY-Agency,BLUE RECEIPT-SHL,MCW-04-10000,69,0,0,0.0,69,BARROW,0.0,5/10/2024 0:00,5/10/2024 0:00,Price Code 1,CUSTOMER PICKUP,False,Food Bank of Northeast Georgia,01,30680.0,Winder,"BREAD AND BAKERY, SHL RETAIL PICKUPS",Grains
781,179222,9017,R-130,"Richard C. Wilson Recovery Residence, INC",481835,,ON PREMISES (OP),REHAB-Agency,YELLOW RECEIPT - SHN,N-16-10182,1,0,0,2.34,13,BARROW,0.18,4/23/2024 9:09,4/23/2024 10:07,Price Code 1,CUSTOMER PICKUP,False,Food Bank of Northeast Georgia,01,30666.0,Statham,HEINZ APPLE CIDER VINEGAR,Food Misc.
863,177904,8942,A-148,Auburn First Baptist Church,480523,,FOOD PANTRY,FOOD PANTRY-Agency,BLUE RECEIPT-SHL,C-28-90533,4,0,0,0.0,168,BARROW,0.0,3/28/2024 8:05,3/28/2024 11:43,Price Code 1,CUSTOMER PICKUP,False,Food Bank of Northeast Georgia,01,30011.0,Auburn,"ORANGES, SHL",Fruits
29,179436,4422,B-107,Barrow County Food Pantry,482049,,FOOD PANTRY,FOOD PANTRY-Agency,USDA,F-50-90452,105,0,0,0.0,3360,BARROW,0.0,4/25/2024 7:00,4/25/2024 6:17,Price Code 1,TRACTOR TRAILER 1 MOBILE PANTRY,False,Food Bank of Northeast Georgia,01,30680.0,Winder,USDA PORK LOIN BONELESS ROAST,Proteins
29,177586,8974,B-107,Barrow County Food Pantry,FAIMPORT480206,,FOOD PANTRY,FOOD PANTRY-Agency,BLUE RECEIPT-SHL,MCW-04-10000,18,0,0,0.0,18,BARROW,0.0,3/15/2024 0:00,3/15/2024 0:00,Price Code 1,CUSTOMER PICKUP,False,Food Bank of Northeast Georgia,01,30680.0,Winder,"BREAD AND BAKERY, SHL RETAIL PICKUPS",Grains
1040,181339,9074,H-159,Hills Temple FBH Church,483943,,FP/OP/GNAP/USDA,FB DIRECT ASSISTANCE-Agency,BLUE RECEIPT-SHL,N-03-11836,20,0,0,0.0,180,BARROW,0.0,5/29/2024 12:00,5/29/2024 13:15,Price Code 1,CUSTOMER PICKUP,False,Food Bank of Northeast Georgia,01,30680.0,Winder,STARBUCKS CARAMEL FRAPPUCINO,Beverages
867,180197,84,Y-108,YMCA of GA's Piedmont- Barrow County,482803,,FP/OP/GNAP/USDA,AT-RISK YOUTH-Agency,USDA,N-50-10006,2,0,0,9.72,54,BARROW,0.18,5/8/2024 10:45,5/8/2024 11:20,Price Code 1,CUSTOMER PICKUP,False,Food Bank of Northeast Georgia,01,30680.0,Winder,USDA GREEN BEANS,Vegetables
29,180147,8986,B-107,Barrow County Food Pantry,FAIMPORT482754,,FOOD PANTRY,FOOD PANTRY-Agency,BLUE RECEIPT-SHL,MCW-01-10001,82,0,0,0.0,82,BARROW,0.0,4/30/2024 0:00,4/30/2024 0:00,Price Code 1,CUSTOMER PICKUP,False,Food Bank of Northeast Georgia,01,30680.0,Winder,"NON-FOOD ITEMS, SHL RETAIL PICKUPS",Non-Food Misc.
29,178200,8974,B-107,Barrow County Food Pantry,FAIMPORT480818,,FOOD PANTRY,FOOD PANTRY-Agency,BLUE RECEIPT-SHL,MCW-04-10000,82,0,0,0.0,82,BARROW,0.0,3/22/2024 0:00,3/22/2024 0:00,Price Code 1,CUSTOMER PICKUP,False,Food Bank of Northeast Georgia,01,30680.0,Winder,"BREAD AND BAKERY, SHL RETAIL PICKUPS",Grains
29,182131,8975,B-107,Barrow County Food Pantry,FAIMPORT484735,,FOOD PANTRY,FOOD PANTRY-Agency,BLUE RECEIPT-SHL,MCC-07-10001,27,0,0,0.0,27,BARROW,0.0,6/6/2024 0:00,6/6/2024 0:00,Price Code 1,CUSTOMER PICKUP,False,Food Bank of Northeast Georgia,01,30680.0,Winder,"DAIRY PRODUCTS, SHL RETAIL PICKUPS",Dairy
781,179940,1045,R-130,"Richard C. Wilson Recovery Residence, INC",482550,,ON PREMISES (OP),REHAB-Agency,BLUE RECEIPT-SHL,W-25-10009,94,0,0,16.92,94,BARROW,0.18,5/1/2024 9:09,5/1/2024 9:27,Price Code 1,CUSTOMER PICKUP,False,Sharing Floor Athens,01-SH,30666.0,Statham,"ASSORTED SNACK ITEMS, SHL",Food Misc.
172,179457,9024,P-104,Project Adam Community Asst Ct,482070,,ON PREMISES (OP),REHAB-Agency,YELLOW RECEIPT - SHN,N-26-11582,1,0,0,1.26,7,BARROW,0.18,5/1/2024 13:41,5/1/2024 13:44,Price Code 1,CUSTOMER PICKUP,False,Food Bank of Northeast Georgia,01,30680.0,Winder,DUNCAN HINES CHOCOLATE FROSTING,Food Misc.
29,175854,170,B-107,Barrow County Food Pantry,478482,,FOOD PANTRY,FOOD PANTRY-Agency,USDA,N-50-10007,25,0,0,0.0,700,BARROW,0.0,2/22/2024 7:00,2/22/2024 6:27,Price Code 1,TRACTOR TRAILER 1 MOBILE PANTRY,False,Food Bank of Northeast Georgia,01,30680.0,Winder,"USDA CORN, WHOLE KERNEL NO SALT",Vegetables
682,175282,875,C-170,Christ The King Ghana Methodist,477911,,DIRECT ASSISTANCE,FOOD PANTRY-Agency,BLUE RECEIPT-SHL,W-04-10000,38,0,0,0.0,38,BARROW,0.0,2/7/2024 15:05,2/7/2024 11:13,Price Code 1,CUSTOMER PICKUP,False,Sharing Floor Athens,01-SH,30680.0,Winder,"BREAD & BAKERY, ASSORTED SHL",Grains
781,177179,5772,R-130,"Richard C. Wilson Recovery Residence, INC",479800,,ON PREMISES (OP),REHAB-Agency,LOCAL - LL,C-28-10000,97,0,0,2.91,97,BARROW,0.03,3/13/2024 9:09,3/13/2024 8:31,Price Code 1,CUSTOMER PICKUP,False,Sharing Floor Athens,01-SH,30666.0,Statham,"PRODUCE, FRESH LL",Mixed Produce
953,177863,8972,C-179,Crossview Church Food Pantry,FAIMPORT480482,,FP/GNAP/USDA,FOOD PANTRY-Agency,BLUE RECEIPT-SHL,MCF-15-10000,754,0,0,0.0,754,BARROW,0.0,3/25/2024 0:00,3/25/2024 0:00,Price Code 1,CUSTOMER PICKUP,False,Food Bank of Northeast Georgia,01,30548.0,Hoschton,"FROZEN MEAT & SEAFOOD, SHL RETAIL PICKUP",Proteins
172,173558,8923,P-104,Project Adam Community Asst Ct,477187,,ON PREMISES (OP),REHAB-Agency,LOCAL - LL,N-25-11955,5,0,0,13.5,75,BARROW,0.18,1/29/2024 13:41,2/7/2024 8:12,Price Code 1,CUSTOMER PICKUP,False,Food Bank of Northeast Georgia,01,30680.0,Winder,REESES/KIT KAT/PAYDAY CANDY BAR ASST,Food Misc.
600,181572,9078,S-140,SYTGE (Seeing You Through God's Eyes) Outreach Ministry,484176,,FOOD PANTRY,FOOD PANTRY-Agency,BLUE RECEIPT-SHL,N-03-11840,3,0,0,0.0,27,BARROW,0.0,6/5/2024 9:30,6/5/2024 9:51,Price Code 1,CUSTOMER PICKUP,False,Food Bank of Northeast Georgia,01,30680.0,Winder,PEPSI ZERO WILD CHERRY,Beverages
863,176495,683,A-148,Auburn First Baptist Church,479119,,FOOD PANTRY,FOOD PANTRY-Agency,BLUE RECEIPT-SHL,W-16-10001,14,0,0,2.52,14,BARROW,0.18,3/1/2024 8:05,3/1/2024 8:42,Price Code 1,CUSTOMER PICKUP,False,Sharing Floor Athens,01-SH,30011.0,Auburn,MISC. FOOD BOX SHL,Food Misc.
1038,181855,9084,C-184,"Called to Serve Georgia, Inc",484459,,FP/OP/USDA,FOOD PANTRY-Agency,USDA,N-50-10315,4,0,0,19.44,108,BARROW,0.18,6/28/2024 14:00,7/2/2024 7:46,Price Code 1,CUSTOMER PICKUP,False,Food Bank of Northeast Georgia,01,30680.0,Winder,USDA CANNED SALMON,Proteins
953,182162,7153,C-179,Crossview Church Food Pantry,484766,,FP/GNAP/USDA,FOOD PANTRY-Agency,GNAP,N-40-10234,6,0,0,0.0,78,BARROW,0.0,6/24/2024 10:30,6/24/2024 13:15,Price Code 1,VAN 1,False,Food Bank of Northeast Georgia,01,30548.0,Hoschton,GNAP BAKED BEANS,Proteins
1040,178462,9007,H-159,Hills Temple FBH Church,481078,,FP/OP/GNAP/USDA,FB DIRECT ASSISTANCE-Agency,BLUE RECEIPT-SHL,N-03-11826,10,0,0,0.0,110,BARROW,0.0,4/10/2024 0:04,4/15/2024 9:47,Price Code 1,CUSTOMER PICKUP,False,Food Bank of Northeast Georgia,01,30680.0,Winder,PEPSI NITRO DRAFT COLA 12PK,Beverages
953,181596,7202,C-179,Crossview Church Food Pantry,484200,,FP/GNAP/USDA,FOOD PANTRY-Agency,GNAP,N-40-10242,3,0,0,0.0,48,BARROW,0.0,6/4/2024 11:00,6/13/2024 16:53,Price Code 1,TRUCK 1,False,Food Bank of Northeast Georgia,01,30548.0,Hoschton,GNAP STRAWBERRY JELLY,Food Misc.
497,173568,5637,W-119,Winder Freelife Church,477197,,FP/OP/GNAP/USDA,FOOD PANTRY-Agency,USDA,F-50-90019,2,0,0,0.0,60,BARROW,0.0,2/5/2024 11:00,2/14/2024 13:19,Price Code 1,CUSTOMER PICKUP,False,Food Bank of Northeast Georgia,01,30680.0,Winder,USDA FROZEN BLUEBERRIES CCC,Fruits
867,172379,3943,Y-108,YMCA of GA's Piedmont- Barrow County,476010,,FP/OP/GNAP/USDA,AT-RISK YOUTH-Agency,USDA,N-50-10268,6,0,0,6.84,228,BARROW,0.03,1/5/2024 10:00,1/5/2024 10:55,Price Code 1,CUSTOMER PICKUP,False,Food Bank of Northeast Georgia,01,30680.0,Winder,USDA APPLE JUICE,Beverages
953,182162,9043,C-179,Crossview Church Food Pantry,484766,,FP/GNAP/USDA,FOOD PANTRY-Agency,GNAP,N-40-10277,6,0,0,0.0,48,BARROW,0.0,6/24/2024 10:30,6/24/2024 13:15,Price Code 1,VAN 1,False,Food Bank of Northeast Georgia,01,30548.0,Hoschton,GNAP DELUXE SHELLS & CHEESE,Prepared Meals
29,181293,8971,B-107,Barrow County Food Pantry,FAIMPORT483898,,FOOD PANTRY,FOOD PANTRY-Agency,BLUE RECEIPT-SHL,MCF-16-10001,289,0,0,0.0,289,BARROW,0.0,5/10/2024 0:00,5/10/2024 0:00,Price Code 1,CUSTOMER PICKUP,False,Food Bank of Northeast Georgia,01,30680.0,Winder,"FROZEN FOODS, MISC SHL RETAIL PICKUP",Food Misc.
682,180861,5407,C-170,Christ The King Ghana Methodist,483467,,DIRECT ASSISTANCE,FOOD PANTRY-Agency,BLUE RECEIPT-SHL,F-15-10000,189,0,0,34.02,189,BARROW,0.18,5/15/2024 15:05,5/15/2024 10:43,Price Code 1,CUSTOMER PICKUP,False,Sharing Floor Athens,01-SH,30680.0,Winder,"MEAT & SEAFOOD, FROZEN SHL",Proteins
682,175955,5772,C-170,Christ The King Ghana Methodist,478583,,DIRECT ASSISTANCE,FOOD PANTRY-Agency,LOCAL - LL,C-28-10000,64,0,0,1.92,64,BARROW,0.03,2/21/2024 15:05,2/21/2024 10:44,Price Code 1,CUSTOMER PICKUP,False,Sharing Floor Athens,01-SH,30680.0,Winder,"PRODUCE, FRESH LL",Mixed Produce
864,181863,5407,W-124,Winder Church of God of Prophecy,484467,,FP/OP,FOOD PANTRY-Agency,BLUE RECEIPT-SHL,F-15-10000,12,0,0,2.16,12,BARROW,0.18,6/4/2024 12:22,6/4/2024 8:17,Price Code 1,CUSTOMER PICKUP,False,Sharing Floor Athens,01-SH,30680.0,Winder,"MEAT & SEAFOOD, FROZEN SHL",Proteins
172,178524,9014,P-104,Project Adam Community Asst Ct,481140,,ON PREMISES (OP),REHAB-Agency,PURCH,N-27-10136,25,0,1303,121.5,675,BARROW,0.18,4/11/2024 13:41,4/15/2024 10:14,Price Code 1,CUSTOMER PICKUP,False,Food Bank of Northeast Georgia,01,30680.0,Winder,"GREEN BEANS, HARVEST VALLEY",Vegetables
953,179813,8975,C-179,Crossview Church Food Pantry,FAIMPORT482424,,FP/GNAP/USDA,FOOD PANTRY-Agency,BLUE RECEIPT-SHL,MCC-07-10001,11,0,0,0.0,11,BARROW,0.0,4/24/2024 0:00,4/24/2024 0:00,Price Code 1,CUSTOMER PICKUP,False,Food Bank of Northeast Georgia,01,30548.0,Hoschton,"DAIRY PRODUCTS, SHL RETAIL PICKUPS",Dairy
29,176913,8974,B-107,Barrow County Food Pantry,FAIMPORT479535,,FOOD PANTRY,FOOD PANTRY-Agency,BLUE RECEIPT-SHL,MCW-04-10000,121,0,0,0.0,121,BARROW,0.0,3/4/2024 0:00,3/4/2024 0:00,Price Code 1,CUSTOMER PICKUP,False,Food Bank of Northeast Georgia,01,30680.0,Winder,"BREAD AND BAKERY, SHL RETAIL PICKUPS",Grains
497,173513,7284,W-119,Winder Freelife Church,477142,,FP/OP/GNAP/USDA,FOOD PANTRY-Agency,USDA,C-50-10043,1,0,0,4.68,26,BARROW,0.18,2/7/2024 11:00,2/7/2024 10:45,Price Code 1,CUSTOMER PICKUP,False,Food Bank of Northeast Georgia,01,30680.0,Winder,USDA RED FAT AMERICAN CHEESE CCC,Dairy
29,177776,875,B-107,Barrow County Food Pantry,480395,,FOOD PANTRY,FOOD PANTRY-Agency,BLUE RECEIPT-SHL,W-04-10000,496,0,0,0.0,496,BARROW,0.0,3/28/2024 7:00,3/28/2024 6:02,Price Code 1,TRACTOR TRAILER 1 MOBILE PANTRY,False,Food Bank of Northeast Georgia,01,30680.0,Winder,"BREAD & BAKERY, ASSORTED SHL",Grains
953,180171,8994,C-179,Crossview Church Food Pantry,482777,,FP/GNAP/USDA,FOOD PANTRY-Agency,GNAP,N-40-10269,8,0,0,0.0,216,BARROW,0.0,5/8/2024 9:30,5/9/2024 9:19,Price Code 1,TRACTOR TRAILER 1,False,Food Bank of Northeast Georgia,01,30548.0,Hoschton,"GNAP GREEN BEANS, WHOLE",Vegetables
682,179549,683,C-170,Christ The King Ghana Methodist,482162,,DIRECT ASSISTANCE,FOOD PANTRY-Agency,BLUE RECEIPT-SHL,W-16-10001,174,0,0,0.0,174,BARROW,0.0,4/24/2024 15:05,4/24/2024 10:35,Price Code 1,CUSTOMER PICKUP,False,Sharing Floor Athens,01-SH,30680.0,Winder,MISC. FOOD BOX SHL,Food Misc.
863,176895,683,A-148,Auburn First Baptist Church,479517,,FOOD PANTRY,FOOD PANTRY-Agency,BLUE RECEIPT-SHL,W-16-10001,244,0,0,0.0,244,BARROW,0.0,3/8/2024 8:05,3/8/2024 8:29,Price Code 1,CUSTOMER PICKUP,False,Sharing Floor Athens,01-SH,30011.0,Auburn,MISC. FOOD BOX SHL,Food Misc.
917,173300,683,C-161,Church at Pierce Rd.,476929,,FP/OP,FOOD PANTRY-Agency,BLUE RECEIPT-SHL,W-16-10001,61,0,0,10.98,61,BARROW,0.18,1/19/2024 9:39,1/19/2024 10:08,Price Code 1,CUSTOMER PICKUP,False,Sharing Floor Athens,01-SH,30680.0,Winder,MISC. FOOD BOX SHL,Food Misc.
917,181058,9041,C-161,Church at Pierce Rd.,483663,,FP/OP,FOOD PANTRY-Agency,BLUE RECEIPT-SHL,C-28-90542,1,0,0,0.0,41,BARROW,0.0,5/24/2024 9:30,5/24/2024 9:59,Price Code 1,CUSTOMER PICKUP,False,Food Bank of Northeast Georgia,01,30680.0,Winder,"ZUCCHINI, SHL",Vegetables
172,178513,5938,P-104,Project Adam Community Asst Ct,481129,,ON PREMISES (OP),REHAB-Agency,BLUE RECEIPT-SHL,C-28-10001,9,0,0,0.27,9,BARROW,0.03,4/8/2024 13:41,4/8/2024 9:46,Price Code 1,CUSTOMER PICKUP,False,Sharing Floor Athens,01-SH,30680.0,Winder,"PRODUCE, FRESH SHL",Mixed Produce
953,177596,8971,C-179,Crossview Church Food Pantry,FAIMPORT480216,,FP/GNAP/USDA,FOOD PANTRY-Agency,BLUE RECEIPT-SHL,MCF-16-10001,263,0,0,0.0,263,BARROW,0.0,3/18/2024 0:00,3/18/2024 0:00,Price Code 1,CUSTOMER PICKUP,False,Food Bank of Northeast Georgia,01,30548.0,Hoschton,"FROZEN FOODS, MISC SHL RETAIL PICKUP",Food Misc.
864,175184,5407,W-124,Winder Church of God of Prophecy,477813,,FP/OP,FOOD PANTRY-Agency,BLUE RECEIPT-SHL,F-15-10000,39,0,0,0.0,39,BARROW,0.0,2/6/2024 12:22,2/6/2024 8:31,Price Code 1,CUSTOMER PICKUP,False,Sharing Floor Athens,01-SH,30680.0,Winder,"MEAT & SEAFOOD, FROZEN SHL",Proteins
953,178223,8971,C-179,Crossview Church Food Pantry,FAIMPORT480839,,FP/GNAP/USDA,FOOD PANTRY-Agency,BLUE RECEIPT-SHL,MCF-16-10001,119,0,0,0.0,119,BARROW,0.0,4/1/2024 0:00,4/1/2024 0:00,Price Code 1,CUSTOMER PICKUP,False,Food Bank of Northeast Georgia,01,30548.0,Hoschton,"FROZEN FOODS, MISC SHL RETAIL PICKUP",Food Misc.
497,176147,8956,W-119,Winder Freelife Church,478774,,FP/OP/GNAP/USDA,FOOD PANTRY-Agency,BLUE RECEIPT-SHL,N-03-11817,1,0,0,0.0,14,BARROW,0.0,3/4/2024 11:00,3/4/2024 14:17,Price Code 1,CUSTOMER PICKUP,False,Food Bank of Northeast Georgia,01,30680.0,Winder,TWISTER CHERRY BERRY BLAST,Beverages
864,175541,683,W-124,Winder Church of God of Prophecy,478170,,FP/OP,FOOD PANTRY-Agency,BLUE RECEIPT-SHL,W-16-10001,8,0,0,1.44,8,BARROW,0.18,2/13/2024 12:22,2/13/2024 8:51,Price Code 1,CUSTOMER PICKUP,False,Sharing Floor Athens,01-SH,30680.0,Winder,MISC. FOOD BOX SHL,Food Misc.
172,175866,875,P-104,Project Adam Community Asst Ct,478494,,ON PREMISES (OP),REHAB-Agency,BLUE RECEIPT-SHL,W-04-10000,22,0,0,0.0,22,BARROW,0.0,2/20/2024 13:41,2/20/2024 10:20,Price Code 1,CUSTOMER PICKUP,False,Sharing Floor Athens,01-SH,30680.0,Winder,"BREAD & BAKERY, ASSORTED SHL",Grains
1040,177969,6816,H-159,Hills Temple FBH Church,480588,,FP/OP/GNAP/USDA,FB DIRECT ASSISTANCE-Agency,BLUE RECEIPT-SHL,C-28-90345,1,0,0,0.0,50,BARROW,0.0,4/3/2024 8:12,4/3/2024 11:28,Price Code 1,CUSTOMER PICKUP,False,Food Bank of Northeast Georgia,01,30680.0,Winder,CARROTS,Vegetables
1038,181855,7061,C-184,"Called to Serve Georgia, Inc",484459,,FP/OP/USDA,FOOD PANTRY-Agency,USDA,C-50-10021,3,0,0,3.78,126,BARROW,0.03,6/28/2024 14:00,7/2/2024 7:46,Price Code 1,CUSTOMER PICKUP,False,Food Bank of Northeast Georgia,01,30680.0,Winder,USDA FRESH ORANGES,Fruits
917,178855,5407,C-161,Church at Pierce Rd.,481469,,FP/OP,FOOD PANTRY-Agency,BLUE RECEIPT-SHL,F-15-10000,92,0,0,16.56,92,BARROW,0.18,4/12/2024 9:39,4/12/2024 9:50,Price Code 1,CUSTOMER PICKUP,False,Sharing Floor Athens,01-SH,30680.0,Winder,"MEAT & SEAFOOD, FROZEN SHL",Proteins
172,173558,8918,P-104,Project Adam Community Asst Ct,477187,,ON PREMISES (OP),REHAB-Agency,LOCAL - LL,N-25-11950,5,0,0,1.8,10,BARROW,0.18,1/29/2024 13:41,2/7/2024 8:12,Price Code 1,CUSTOMER PICKUP,False,Food Bank of Northeast Georgia,01,30680.0,Winder,GHIRARDELLI DARK CHOCOLATE,Food Misc.
917,179250,1045,C-161,Church at Pierce Rd.,481863,,FP/OP,FOOD PANTRY-Agency,BLUE RECEIPT-SHL,W-25-10009,4,0,0,0.72,4,BARROW,0.18,4/19/2024 9:39,4/19/2024 9:20,Price Code 1,CUSTOMER PICKUP,False,Sharing Floor Athens,01-SH,30680.0,Winder,"ASSORTED SNACK ITEMS, SHL",Food Misc.
863,182458,5407,A-148,Auburn First Baptist Church,485062,,FOOD PANTRY,FOOD PANTRY-Agency,BLUE RECEIPT-SHL,F-15-10000,69,0,0,12.42,69,BARROW,0.18,6/21/2024 8:05,6/21/2024 8:19,Price Code 1,CUSTOMER PICKUP,False,Sharing Floor Athens,01-SH,30011.0,Auburn,"MEAT & SEAFOOD, FROZEN SHL",Proteins
172,178475,1786,P-104,Project Adam Community Asst Ct,481091,,ON PREMISES (OP),REHAB-Agency,BLUE RECEIPT-SHL,N-03-10670,3,0,0,0.0,18,BARROW,0.0,4/15/2024 13:41,4/15/2024 10:14,Price Code 1,CUSTOMER PICKUP,False,Food Bank of Northeast Georgia,01,30680.0,Winder,DIET DR PEPPER,Beverages
172,182427,683,P-104,Project Adam Community Asst Ct,485031,,ON PREMISES (OP),REHAB-Agency,BLUE RECEIPT-SHL,W-16-10001,145,0,0,26.1,145,BARROW,0.18,6/20/2024 13:41,6/20/2024 11:26,Price Code 1,CUSTOMER PICKUP,False,Sharing Floor Athens,01-SH,30680.0,Winder,MISC. FOOD BOX SHL,Food Misc.
917,173011,5772,C-161,Church at Pierce Rd.,476641,,FP/OP,FOOD PANTRY-Agency,LOCAL - LL,C-28-10000,32,0,0,0.96,32,BARROW,0.03,1/12/2024 9:39,1/12/2024 12:10,Price Code 1,CUSTOMER PICKUP,False,Sharing Floor Athens,01-SH,30680.0,Winder,"PRODUCE, FRESH LL",Mixed Produce
