Agency Id,Order Id,Product Id,Agency Ref,Agency Name,Order Ref,Agency Activity,Agency Group,Agency Type,Product Category,Product Ref,Quantity,Total Purchased,Total Cost,Total Service Fee,Weight,County,Service Fee,Pickup Delivery Date,Confirmed Date,Service Fee Name,Shipping Method,Is Non Food,Warehouse Name,Warehouse Ref,Agency Postal Code,Agency City,Product Name,Food Category
188,180408,123,S-102,Sharing and Caring - Cornelia,483014,,FP/GNAP/USDA,FOOD PANTRY-Agency,GNAP,N-40-10002,80,0,0,0.0,1200,HABERSHAM,0.0,5/15/2024 8:30,5/15/2024 7:19,Price Code 1,CONTACT FOR DELIVERY,False,Rabun Warehouse,02,30531.0,Cornelia,GNAP PEANUT BUTTER,Dry Dry Dry Dry Proteins
665,175966,8783,C-173,Clarkesville Church of God,478594,,FP/GNAP/USDA,FAITH-BASED-Agency,USDA,N-50-10308,1,0,0,4.14,23,HABERSHAM,0.18,3/6/2024 9:35,3/11/2024 9:35,Price Code 1,CUSTOMER PICKUP,False,Food Bank of Northeast Georgia,01,30523.0,Clarkesville,USDA RAISINS,Dry Dry Dry Dry Fruits
665,172842,690,C-173,Clarkesville Church of God,476473,,FP/GNAP/USDA,FAITH-BASED-Agency,BLUE RECEIPT-SHL,W-03-10013,136,0,0,4.08,136,HABERSHAM,0.03,1/10/2024 9:35,1/10/2024 8:38,Price Code 1,CUSTOMER PICKUP,False,Sharing Floor Athens,01-SH,30523.0,Clarkesville,"ASSORTED BEVERAGES, SHL",Dry Dry Dry Dry Beverages
268,172469,683,V-100,Victory Home / Helping Hand,476100,,ON PREMISES (OP),REHAB-Agency,BLUE RECEIPT-SHL,W-16-10001,60,0,0,10.8,60,HABERSHAM,0.18,1/3/2024 13:55,1/3/2024 10:43,Price Code 1,CUSTOMER PICKUP,False,Sharing Floor Rabun,02-SH,30573.0,Tallulah Falls,MISC. FOOD BOX SHL,Dry Dry Dry Dry Food Misc.
665,178129,8958,C-173,Clarkesville Church of God,480748,,FP/GNAP/USDA,FAITH-BASED-Agency,YELLOW RECEIPT - SHN,N-25-11957,1,0,0,0.54,3,HABERSHAM,0.18,4/10/2024 9:35,4/10/2024 9:20,Price Code 1,CUSTOMER PICKUP,False,Food Bank of Northeast Georgia,01,30523.0,Clarkesville,WHEAT THINS BIG,Dry Dry Dry Dry Grains
623,179076,5388,C-171,Clarkesville Soup Kitchen,481690,,OP/USDA,SOUP KITCHEN-Agency,BLUE RECEIPT-SHL,F-16-10001,33,0,0,5.94,33,HABERSHAM,0.18,4/17/2024 11:47,4/17/2024 7:33,Price Code 1,CUSTOMER PICKUP,False,Sharing Floor Rabun,02-SH,30523.0,Clarkesville,"ASSORTED FROZEN FOODS, SHL",Frozen Frozen Frozen Frozen Food Misc.
649,180418,8994,G-132,Glade Creek Baptist Church,483024,,FP/GNAP/USDA,FAITH-BASED-Agency,GNAP,N-40-10269,2,0,0,0.0,54,HABERSHAM,0.0,5/14/2024 8:30,5/14/2024 7:27,Price Code 1,CONTACT FOR DELIVERY,False,Rabun Warehouse,02,30563.0,Mt Airy,"GNAP GREEN BEANS, WHOLE",Dry Dry Dry Dry Vegetables
198,176666,683,S-112,Sharing and Caring - Clarkesville,479289,,FP/GNAP/USDA,FOOD PANTRY-Agency,BLUE RECEIPT-SHL,W-16-10001,107,0,0,19.26,107,HABERSHAM,0.18,3/5/2024 13:49,3/5/2024 8:31,Price Code 1,CUSTOMER PICKUP,False,Sharing Floor Rabun,02-SH,30523.0,Clarkesville,MISC. FOOD BOX SHL,Dry Dry Dry Dry Food Misc.
268,178240,696,V-100,Victory Home / Helping Hand,480856,,ON PREMISES (OP),REHAB-Agency,LOCAL - LL,W-25-10000,31,0,0,5.58,31,HABERSHAM,0.18,4/3/2024 13:55,4/3/2024 10:33,Price Code 1,CUSTOMER PICKUP,False,Sharing Floor Rabun,02-SH,30573.0,Tallulah Falls,"ASSORTED SNACK ITEMS, LL",Dry Dry Dry Dry Food Misc.
665,178129,3943,C-173,Clarkesville Church of God,480748,,FP/GNAP/USDA,FAITH-BASED-Agency,USDA,N-50-10268,2,0,0,2.28,76,HABERSHAM,0.03,4/10/2024 9:35,4/10/2024 9:20,Price Code 1,CUSTOMER PICKUP,False,Food Bank of Northeast Georgia,01,30523.0,Clarkesville,USDA APPLE JUICE,Dry Dry Dry Dry Beverages
55,175129,683,C-116,Circle of Hope,477758,,ON PREMISES (OP),SHELTER-Agency,BLUE RECEIPT-SHL,W-16-10001,31,0,0,5.58,31,HABERSHAM,0.18,2/5/2024 12:27,2/5/2024 11:51,Price Code 1,CUSTOMER PICKUP,False,Sharing Floor Rabun,02-SH,30531.0,Cornelia,MISC. FOOD BOX SHL,Dry Dry Dry Dry Food Misc.
329,181607,170,O-109,Open Door Food Ministry (The Torch Church of God),484211,,FP/GNAP/USDA,FOOD PANTRY-Agency,USDA,N-50-10007,25,0,0,0.0,700,HABERSHAM,0.0,5/30/2024 14:23,6/1/2024 9:10,Price Code 1,TRACTOR TRAILER 1 MOBILE PANTRY,False,Food Bank of Northeast Georgia,01,30531.0,Cornelia,"USDA CORN, WHOLE KERNEL NO SALT",Dry Dry Dry Dry Vegetables
268,176751,1045,V-100,Victory Home / Helping Hand,479374,,ON PREMISES (OP),REHAB-Agency,BLUE RECEIPT-SHL,W-25-10009,11,0,0,1.98,11,HABERSHAM,0.18,3/6/2024 13:55,3/6/2024 10:04,Price Code 1,CUSTOMER PICKUP,False,Sharing Floor Rabun,02-SH,30573.0,Tallulah Falls,"ASSORTED SNACK ITEMS, SHL",Dry Dry Dry Dry Food Misc.
198,173821,5388,S-112,Sharing and Caring - Clarkesville,477450,,FP/GNAP/USDA,FOOD PANTRY-Agency,BLUE RECEIPT-SHL,F-16-10001,64,0,0,11.52,64,HABERSHAM,0.18,1/30/2024 13:49,1/30/2024 9:09,Price Code 1,CUSTOMER PICKUP,False,Sharing Floor Rabun,02-SH,30523.0,Clarkesville,"ASSORTED FROZEN FOODS, SHL",Frozen Frozen Frozen Frozen Food Misc.
198,178404,8997,S-112,Sharing and Caring - Clarkesville,481020,,FP/GNAP/USDA,FOOD PANTRY-Agency,USDA,N-50-10312,5,0,0,10.8,60,HABERSHAM,0.18,4/9/2024 9:00,4/9/2024 7:43,Price Code 1,CUSTOMER PICKUP,False,Rabun Warehouse,02,30523.0,Clarkesville,USDA CHILI W/ BEANS CCC,Dry Dry Dry Dry Prepared Meals
188,180874,7169,S-102,Sharing and Caring - Cornelia,483480,,FP/GNAP/USDA,FOOD PANTRY-Agency,GNAP,N-40-10236,6,0,0,0.0,84,HABERSHAM,0.0,5/30/2024 11:00,5/30/2024 7:14,Price Code 1,CONTACT FOR DELIVERY,False,Rabun Warehouse,02,30531.0,Cornelia,GNAP BEEF LASAGNA,Dry Dry Dry Dry Prepared Meals
329,181607,9073,O-109,Open Door Food Ministry (The Torch Church of God),484211,,FP/GNAP/USDA,FOOD PANTRY-Agency,USDA,C-50-10051,217,0,0,0.0,2604,HABERSHAM,0.0,5/30/2024 14:23,6/1/2024 9:10,Price Code 1,TRACTOR TRAILER 1 MOBILE PANTRY,False,Food Bank of Northeast Georgia,01,30531.0,Cornelia,USDA SHREDDED MOZZARELLA CHEESE CCC,Cooled Cooled Cooled Cooled Dairy
329,176281,170,O-109,Open Door Food Ministry (The Torch Church of God),478906,,FP/GNAP/USDA,FOOD PANTRY-Agency,USDA,N-50-10007,25,0,0,0.0,700,HABERSHAM,0.0,3/2/2024 7:00,3/4/2024 6:57,Price Code 1,TRACTOR TRAILER 1 MOBILE PANTRY,False,Food Bank of Northeast Georgia,01,30531.0,Cornelia,"USDA CORN, WHOLE KERNEL NO SALT",Dry Dry Dry Dry Vegetables
198,175543,1045,S-112,Sharing and Caring - Clarkesville,478172,,FP/GNAP/USDA,FOOD PANTRY-Agency,BLUE RECEIPT-SHL,W-25-10009,131,0,0,23.58,131,HABERSHAM,0.18,2/13/2024 13:49,2/13/2024 9:02,Price Code 1,CUSTOMER PICKUP,False,Sharing Floor Rabun,02-SH,30523.0,Clarkesville,"ASSORTED SNACK ITEMS, SHL",Dry Dry Dry Dry Food Misc.
665,173122,8920,C-173,Clarkesville Church of God,476752,,FP/GNAP/USDA,FAITH-BASED-Agency,LOCAL - LL,N-25-11952,3,0,0,1.62,9,HABERSHAM,0.18,1/23/2024 9:35,1/23/2024 9:34,Price Code 1,CUSTOMER PICKUP,False,Food Bank of Northeast Georgia,01,30523.0,Clarkesville,FAMOUS AMOS COCONUT BITE SIZE COOKIES,Dry Dry Dry Dry Food Misc.
329,172495,7094,O-109,Open Door Food Ministry (The Torch Church of God),476126,,FP/GNAP/USDA,FOOD PANTRY-Agency,PURCH,N-21-10056,25,0,0,0.0,300,HABERSHAM,0.0,1/6/2024 7:00,1/9/2024 11:26,Price Code 1,TRUCK 1 MOBILE PANTRY,False,Food Bank of Northeast Georgia,01,30531.0,Cornelia,MACARONI & CHEESE,Dry Dry Dry Dry Prepared Meals
665,181451,4411,C-173,Clarkesville Church of God,484055,,FP/GNAP/USDA,FAITH-BASED-Agency,USDA,F-50-90465,1,0,0,3.78,21,HABERSHAM,0.18,6/6/2024 8:00,6/6/2024 9:04,Price Code 1,CUSTOMER PICKUP,False,Food Bank of Northeast Georgia,01,30523.0,Clarkesville,USDA WILD CAUGHT GULF SHRIMP,Frozen Frozen Frozen Frozen Proteins
665,181905,9089,C-173,Clarkesville Church of God,484509,,FP/GNAP/USDA,FAITH-BASED-Agency,GNAP,N-40-10292,4,0,0,0.0,28,HABERSHAM,0.0,6/20/2024 8:30,6/25/2024 15:47,Price Code 1,CUSTOMER PICKUP,False,Food Bank of Northeast Georgia,01,30523.0,Clarkesville,GNAP HONEY RINGS MULTIGRAIN CEREAL,Dry Dry Dry Dry Grains
665,177624,690,C-173,Clarkesville Church of God,480244,,FP/GNAP/USDA,FAITH-BASED-Agency,BLUE RECEIPT-SHL,W-03-10013,77,0,0,0.0,77,HABERSHAM,0.0,3/20/2024 9:35,3/20/2024 8:43,Price Code 1,CUSTOMER PICKUP,False,Sharing Floor Athens,01-SH,30523.0,Clarkesville,"ASSORTED BEVERAGES, SHL",Dry Dry Dry Dry Beverages
329,179922,8997,O-109,Open Door Food Ministry (The Torch Church of God),482533,,FP/GNAP/USDA,FOOD PANTRY-Agency,USDA,N-50-10312,50,0,0,0.0,600,HABERSHAM,0.0,5/4/2024 7:00,5/4/2024 6:01,Price Code 1,TRACTOR TRAILER 1 MOBILE PANTRY,False,Food Bank of Northeast Georgia,01,30531.0,Cornelia,USDA CHILI W/ BEANS CCC,Dry Dry Dry Dry Prepared Meals
1024,176477,3943,L-119,Life Church Baldwin,479101,,FP/USDA,MOBILE PANTRY-Agency,USDA,N-50-10268,13,0,0,14.82,494,HABERSHAM,0.03,3/8/2024 0:00,3/11/2024 7:54,Price Code 1,CONTACT FOR DELIVERY,False,Rabun Warehouse,02,30511.0,Baldwin,USDA APPLE JUICE,Dry Dry Dry Dry Beverages
665,173642,8929,C-173,Clarkesville Church of God,477271,,FP/GNAP/USDA,FAITH-BASED-Agency,BLUE RECEIPT-SHL,N-03-11804,1,0,0,0.0,18,HABERSHAM,0.0,2/7/2024 9:35,2/7/2024 9:17,Price Code 1,CUSTOMER PICKUP,False,Food Bank of Northeast Georgia,01,30523.0,Clarkesville,GATORADE GRAPE LOWER SUGAR,Dry Dry Dry Dry Beverages
750,180439,690,C-176,Cornelia United Methodist Church,483045,,FP/OP,FOOD PANTRY-Agency,BLUE RECEIPT-SHL,W-03-10013,193,0,0,5.79,193,HABERSHAM,0.03,5/8/2024 12:32,5/8/2024 14:02,Price Code 1,CUSTOMER PICKUP,False,Sharing Floor Rabun,02-SH,30531.0,Cornelia,"ASSORTED BEVERAGES, SHL",Dry Dry Dry Dry Beverages
198,172447,696,S-112,Sharing and Caring - Clarkesville,476078,,FP/GNAP/USDA,FOOD PANTRY-Agency,LOCAL - LL,W-25-10000,30,0,0,5.4,30,HABERSHAM,0.18,1/3/2024 13:49,1/3/2024 8:41,Price Code 1,CUSTOMER PICKUP,False,Sharing Floor Rabun,02-SH,30523.0,Clarkesville,"ASSORTED SNACK ITEMS, LL",Dry Dry Dry Dry Food Misc.
329,177876,6780,O-109,Open Door Food Ministry (The Torch Church of God),480495,,FP/GNAP/USDA,FOOD PANTRY-Agency,USDA,C-50-10024,29,0,0,0.0,1247,HABERSHAM,0.0,3/26/2024 14:23,3/26/2024 9:47,Price Code 1,TRUCK 1,False,Food Bank of Northeast Georgia,01,30531.0,Cornelia,USDA APPLES,Cooled Cooled Cooled Cooled Fruits
665,181451,1608,C-173,Clarkesville Church of God,484055,,FP/GNAP/USDA,FAITH-BASED-Agency,BLUE RECEIPT-SHL,N-03-10679,2,0,0,0.0,36,HABERSHAM,0.0,6/6/2024 8:00,6/6/2024 9:04,Price Code 1,CUSTOMER PICKUP,False,Food Bank of Northeast Georgia,01,30523.0,Clarkesville,DIET PEPSI,Dry Dry Dry Dry Beverages
665,175966,8658,C-173,Clarkesville Church of God,478594,,FP/GNAP/USDA,FAITH-BASED-Agency,YELLOW RECEIPT - SHN,N-25-11893,1,0,0,3.24,18,HABERSHAM,0.18,3/6/2024 9:35,3/11/2024 9:35,Price Code 1,CUSTOMER PICKUP,False,Food Bank of Northeast Georgia,01,30523.0,Clarkesville,KELLOGG WHEAT CRACKER ON TRAYS,Dry Dry Dry Dry Grains
665,182413,875,C-173,Clarkesville Church of God,485017,,FP/GNAP/USDA,FAITH-BASED-Agency,BLUE RECEIPT-SHL,W-04-10000,26,0,0,0.0,26,HABERSHAM,0.0,6/20/2024 9:35,6/20/2024 8:27,Price Code 1,CUSTOMER PICKUP,False,Sharing Floor Athens,01-SH,30523.0,Clarkesville,"BREAD & BAKERY, ASSORTED SHL",Dry Dry Dry Dry Grains
329,178306,5938,O-109,Open Door Food Ministry (The Torch Church of God),480922,,FP/GNAP/USDA,FOOD PANTRY-Agency,BLUE RECEIPT-SHL,C-28-10001,5097,0,0,0.0,5097,HABERSHAM,0.0,4/6/2024 7:30,4/16/2024 9:05,Price Code 1,TRACTOR TRAILER 1 MOBILE PANTRY,False,Food Bank of Northeast Georgia,01,30531.0,Cornelia,"PRODUCE, FRESH SHL",Cooled Cooled Cooled Cooled Mixed Produce
1024,173890,4788,L-119,Life Church Baldwin,477519,,FP/USDA,MOBILE PANTRY-Agency,USDA,F-50-90039,5,0,0,36.0,200,HABERSHAM,0.18,2/9/2024 8:39,2/9/2024 15:24,Price Code 1,CONTACT FOR DELIVERY,False,Rabun Warehouse,02,30511.0,Baldwin,USDA CATFISH FILLETS CCC,Frozen Frozen Frozen Frozen Proteins
665,180813,9061,C-173,Clarkesville Church of God,483419,,FP/GNAP/USDA,FAITH-BASED-Agency,LOCAL - LL,N-25-11974,5,0,0,2.7,15,HABERSHAM,0.18,5/22/2024 9:00,5/22/2024 9:20,Price Code 1,CUSTOMER PICKUP,False,Food Bank of Northeast Georgia,01,30523.0,Clarkesville,DOVE DARK CHOCOLATE & SEA SALT CARAMEL,Dry Dry Dry Dry Food Misc.
632,177076,842,H-141,Hazel Creek Baptist Church,479698,,FP/USDA,FOOD PANTRY-Agency,USDA,N-50-10021,4,0,0,19.44,108,HABERSHAM,0.18,3/14/2024 8:32,3/14/2024 12:54,Price Code 1,CUSTOMER PICKUP,False,Rabun Warehouse,02,30563.0,Mt. Airy,USDA DICED TOMATOES NO SALT CCC,Dry Dry Dry Dry Vegetables
329,173840,4761,O-109,Open Door Food Ministry (The Torch Church of God),477469,,FP/GNAP/USDA,FOOD PANTRY-Agency,USDA,F-50-90454,100,0,0,0.0,3100,HABERSHAM,0.0,2/3/2024 7:00,2/14/2024 13:16,Price Code 1,TRACTOR TRAILER 1 MOBILE PANTRY,False,Food Bank of Northeast Georgia,01,30531.0,Cornelia,USDA FROZEN STRAWBERRIES CCC,Frozen Frozen Frozen Frozen Fruits
665,180195,3203,C-173,Clarkesville Church of God,482801,,FP/GNAP/USDA,FAITH-BASED-Agency,USDA,N-50-10289,6,0,0,27.0,150,HABERSHAM,0.18,5/8/2024 10:20,5/8/2024 9:02,Price Code 1,CUSTOMER PICKUP,False,Food Bank of Northeast Georgia,01,30523.0,Clarkesville,USDA PECAN PIECES,Dry Dry Dry Dry Proteins
952,178276,800,TH-138,Demorest Baptist Church,480892,,FP/USDA,MOBILE PANTRY-Agency,USDA,N-50-10065,80,0,0,388.8,2160,HABERSHAM,0.18,4/8/2024 19:46,4/11/2024 9:09,Price Code 1,TRACTOR TRAILER 1,False,Food Bank of Northeast Georgia,01,30535.0,Demorest,USDA APPLESAUCE,Dry Dry Dry Dry Fruits
198,182092,690,S-112,Sharing and Caring - Clarkesville,484696,,FP/GNAP/USDA,FOOD PANTRY-Agency,BLUE RECEIPT-SHL,W-03-10013,24,0,0,0.72,24,HABERSHAM,0.03,6/11/2024 13:49,6/11/2024 8:03,Price Code 1,CUSTOMER PICKUP,False,Sharing Floor Rabun,02-SH,30523.0,Clarkesville,"ASSORTED BEVERAGES, SHL",Dry Dry Dry Dry Beverages
1024,180084,9026,L-119,Life Church Baldwin,482692,,FP/USDA,MOBILE PANTRY-Agency,YELLOW RECEIPT - SHN,N-27-10138,18,0,0,71.28,396,HABERSHAM,0.18,5/10/2024 8:00,5/10/2024 14:24,Price Code 1,CUSTOMER PICKUP,False,Rabun Warehouse,02,30511.0,Baldwin,"HUNTS DICED TOMATOES BASIL, GARLIC, OREGANO",Dry Dry Dry Dry Vegetables
560,175085,84,B-133,Ballew House Outreach,477715,,FP/OP/GNAP/USDA,FOOD PANTRY-Agency,USDA,N-50-10006,2,0,0,9.72,54,HABERSHAM,0.18,2/8/2024 13:49,2/8/2024 11:04,Price Code 1,CUSTOMER PICKUP,False,Rabun Warehouse,02,30510.0,Alto,USDA GREEN BEANS,Dry Dry Dry Dry Vegetables
665,175966,3122,C-173,Clarkesville Church of God,478594,,FP/GNAP/USDA,FAITH-BASED-Agency,GNAP,N-40-10174,3,0,0,0.0,42,HABERSHAM,0.0,3/6/2024 9:35,3/11/2024 9:35,Price Code 1,CUSTOMER PICKUP,False,Food Bank of Northeast Georgia,01,30523.0,Clarkesville,"GNAP BLACKEYE PEAS, LOW SODIUM",Dry Dry Dry Dry Proteins
665,180562,9051,C-173,Clarkesville Church of God,483168,,FP/GNAP/USDA,FAITH-BASED-Agency,GNAP,N-40-10282,10,0,0,0.0,160,HABERSHAM,0.0,5/22/2024 8:45,5/22/2024 9:20,Price Code 1,CUSTOMER PICKUP,False,Food Bank of Northeast Georgia,01,30523.0,Clarkesville,GNAP WHITE GRITS,Dry Dry Dry Dry Grains
987,179441,8497,M-137,Mount Airy Baptist Church,482054,,OP/USDA,EMERGENCY-Agency,USDA,C-50-10048,1,0,0,1.6,32,HABERSHAM,0.05,4/24/2024 10:56,4/24/2024 9:39,Price Code 1,CONTACT FOR DELIVERY,False,Rabun Warehouse,02,30563.0,Mount Airy,USDA MANDARIN ORANGES,Cooled Cooled Cooled Cooled Fruits
649,180418,1791,G-132,Glade Creek Baptist Church,483024,,FP/GNAP/USDA,FAITH-BASED-Agency,USDA,N-50-10079,2,0,0,9.36,52,HABERSHAM,0.18,5/14/2024 8:30,5/14/2024 7:27,Price Code 1,CONTACT FOR DELIVERY,False,Rabun Warehouse,02,30563.0,Mt Airy,USDA WALNUT HALVES AND PIECES,Dry Dry Dry Dry Proteins
198,181421,688,S-112,Sharing and Caring - Clarkesville,484025,,FP/GNAP/USDA,FOOD PANTRY-Agency,BLUE RECEIPT-SHL,W-01-10000,77,0,0,13.86,77,HABERSHAM,0.18,5/28/2024 13:49,5/28/2024 8:39,Price Code 1,CUSTOMER PICKUP,False,Sharing Floor Rabun,02-SH,30523.0,Clarkesville,"ASSORTED NON-FOOD ITEMS, SHL",Dry Dry Dry Dry Non-Food Misc.
329,176281,8942,O-109,Open Door Food Ministry (The Torch Church of God),478906,,FP/GNAP/USDA,FOOD PANTRY-Agency,BLUE RECEIPT-SHL,C-28-90533,14,0,0,0.0,588,HABERSHAM,0.0,3/2/2024 7:00,3/4/2024 6:57,Price Code 1,TRACTOR TRAILER 1 MOBILE PANTRY,False,Food Bank of Northeast Georgia,01,30531.0,Cornelia,"ORANGES, SHL",Cooled Cooled Cooled Cooled Fruits
1024,177607,4852,L-119,Life Church Baldwin,480227,,FP/USDA,MOBILE PANTRY-Agency,USDA,F-50-90035,8,0,0,0.0,256,HABERSHAM,0.0,4/11/2024 19:36,4/12/2024 15:36,Price Code 1,CONTACT FOR DELIVERY,False,Rabun Warehouse,02,30511.0,Baldwin,USDA FROZEN CHERRIES CCC,Frozen Frozen Frozen Frozen Fruits
1024,172708,8714,L-119,Life Church Baldwin,476339,,FP/USDA,MOBILE PANTRY-Agency,USDA,N-50-10303,9,0,0,38.88,216,HABERSHAM,0.18,1/11/2024 10:01,1/12/2024 14:52,Price Code 1,CONTACT FOR DELIVERY,False,Rabun Warehouse,02,30511.0,Baldwin,USDA GREEN SPLIT PEAS,Dry Dry Dry Dry Proteins
329,173840,8783,O-109,Open Door Food Ministry (The Torch Church of God),477469,,FP/GNAP/USDA,FOOD PANTRY-Agency,USDA,N-50-10308,25,0,0,0.0,575,HABERSHAM,0.0,2/3/2024 7:00,2/14/2024 13:16,Price Code 1,TRACTOR TRAILER 1 MOBILE PANTRY,False,Food Bank of Northeast Georgia,01,30531.0,Cornelia,USDA RAISINS,Dry Dry Dry Dry Fruits
188,175977,683,S-102,Sharing and Caring - Cornelia,478605,,FP/GNAP/USDA,FOOD PANTRY-Agency,BLUE RECEIPT-SHL,W-16-10001,153,0,0,27.54,153,HABERSHAM,0.18,2/21/2024 13:47,2/21/2024 15:09,Price Code 1,CUSTOMER PICKUP,False,Sharing Floor Rabun,02-SH,30531.0,Cornelia,MISC. FOOD BOX SHL,Dry Dry Dry Dry Food Misc.
198,175182,1045,S-112,Sharing and Caring - Clarkesville,477811,,FP/GNAP/USDA,FOOD PANTRY-Agency,BLUE RECEIPT-SHL,W-25-10009,31,0,0,5.58,31,HABERSHAM,0.18,2/6/2024 13:49,2/6/2024 8:39,Price Code 1,CUSTOMER PICKUP,False,Sharing Floor Rabun,02-SH,30523.0,Clarkesville,"ASSORTED SNACK ITEMS, SHL",Dry Dry Dry Dry Food Misc.
665,175562,1047,C-173,Clarkesville Church of God,478190,,FP/GNAP/USDA,FAITH-BASED-Agency,USDA,N-50-10041,1,0,0,8.82,49,HABERSHAM,0.18,2/21/2024 9:35,2/21/2024 8:54,Price Code 1,CUSTOMER PICKUP,False,Food Bank of Northeast Georgia,01,30523.0,Clarkesville,USDA RICE,Dry Dry Dry Dry Grains
665,173122,1791,C-173,Clarkesville Church of God,476752,,FP/GNAP/USDA,FAITH-BASED-Agency,USDA,N-50-10079,1,0,0,4.68,26,HABERSHAM,0.18,1/23/2024 9:35,1/23/2024 9:34,Price Code 1,CUSTOMER PICKUP,False,Food Bank of Northeast Georgia,01,30523.0,Clarkesville,USDA WALNUT HALVES AND PIECES,Dry Dry Dry Dry Proteins
198,179245,8720,S-112,Sharing and Caring - Clarkesville,481858,,FP/GNAP/USDA,FOOD PANTRY-Agency,USDA,N-50-10305,2,0,0,5.04,28,HABERSHAM,0.18,4/23/2024 13:49,4/23/2024 8:31,Price Code 1,CUSTOMER PICKUP,False,Rabun Warehouse,02,30523.0,Clarkesville,USDA MIXED VegetablesCCC,Dry Dry Dry Dry Vegetables
665,173863,3139,C-173,Clarkesville Church of God,477492,,FP/GNAP/USDA,FAITH-BASED-Agency,USDA,N-50-10290,1,0,0,4.5,25,HABERSHAM,0.18,2/7/2024 9:35,2/7/2024 9:19,Price Code 1,CUSTOMER PICKUP,False,Food Bank of Northeast Georgia,01,30523.0,Clarkesville,USDA WHOLE ALMONDS DRY ROASTED,Dry Dry Dry Dry Proteins
556,176899,5388,P-123,"Pilgrim Ministries, Inc.",479521,,ON PREMISES (OP),REHAB-Agency,BLUE RECEIPT-SHL,F-16-10001,39,0,0,7.02,39,HABERSHAM,0.18,3/8/2024 14:14,3/8/2024 9:01,Price Code 1,CUSTOMER PICKUP,False,Sharing Floor Rabun,02-SH,30523.0,Clarkesville,"ASSORTED FROZEN FOODS, SHL",Frozen Frozen Frozen Frozen Food Misc.
665,181905,9085,C-173,Clarkesville Church of God,484509,,FP/GNAP/USDA,FAITH-BASED-Agency,USDA,F-50-90476,2,0,0,14.4,80,HABERSHAM,0.18,6/20/2024 8:30,6/25/2024 15:47,Price Code 1,CUSTOMER PICKUP,False,Food Bank of Northeast Georgia,01,30523.0,Clarkesville,USDA PORK LOIN BONELESS CHOPS CCC,Frozen Frozen Frozen Frozen Proteins
329,178777,5958,O-109,Open Door Food Ministry (The Torch Church of God),481391,,FP/GNAP/USDA,FOOD PANTRY-Agency,BLUE RECEIPT-SHL,C-16-10001,812,0,0,0.0,812,HABERSHAM,0.0,4/11/2024 14:23,4/11/2024 7:10,Price Code 1,TRUCK 1 MOBILE PANTRY,False,Food Bank of Northeast Georgia,01,30531.0,Cornelia,"COOLER FOOD, MISC. SHL",Cooled Cooled Cooled Cooled Food Misc.
560,172932,688,B-133,Ballew House Outreach,476563,,FP/OP/GNAP/USDA,FOOD PANTRY-Agency,BLUE RECEIPT-SHL,W-01-10000,4,0,0,0.72,4,HABERSHAM,0.18,1/11/2024 13:49,1/11/2024 11:31,Price Code 1,CUSTOMER PICKUP,False,Sharing Floor Rabun,02-SH,30510.0,Alto,"ASSORTED NON-FOOD ITEMS, SHL",Dry Dry Dry Dry Non-Food Misc.
902,179208,8970,T-123,"The Lord's Help, Inc.",FAIMPORT481821,,ON PREMISES (OP),SOUP KITCHEN-Agency,BLUE RECEIPT-SHL,MCW-16-10001,43,0,0,0.0,43,HABERSHAM,0.0,4/16/2024 0:00,4/16/2024 0:00,Price Code 1,CUSTOMER PICKUP,False,Food Bank of Northeast Georgia,01,30531.0,Cornelia,"MISC. FOOD BOX, SHL RETAIL PICKUP",Dry Dry Dry Dry Food Misc.
198,180855,1674,S-112,Sharing and Caring - Clarkesville,483461,,FP/GNAP/USDA,FOOD PANTRY-Agency,USDA,N-50-10073,3,0,0,14.58,81,HABERSHAM,0.18,5/21/2024 8:30,5/21/2024 8:50,Price Code 1,CUSTOMER PICKUP,False,Rabun Warehouse,02,30523.0,Clarkesville,USDA TOMATO SAUCE,Dry Dry Dry Dry Vegetables
809,177370,5407,B-123,Breaking Chains Ministries d.b.a Freedom Hill,479990,,ON PREMISES (OP),REHAB-Agency,BLUE RECEIPT-SHL,F-15-10000,31,0,0,5.58,31,HABERSHAM,0.18,3/15/2024 9:19,3/15/2024 11:41,Price Code 1,CUSTOMER PICKUP,False,Sharing Floor Athens,01-SH,30535.0,Demorest,"MEAT & SEAFOOD, FROZEN SHL",Frozen Frozen Frozen Frozen Proteins
665,173452,683,C-173,Clarkesville Church of God,477081,,FP/GNAP/USDA,FAITH-BASED-Agency,BLUE RECEIPT-SHL,W-16-10001,17,0,0,3.06,17,HABERSHAM,0.18,1/23/2024 9:35,1/23/2024 8:37,Price Code 1,CUSTOMER PICKUP,False,Sharing Floor Athens,01-SH,30523.0,Clarkesville,MISC. FOOD BOX SHL,Dry Dry Dry Dry Food Misc.
198,176474,8620,S-112,Sharing and Caring - Clarkesville,479098,,FP/GNAP/USDA,FOOD PANTRY-Agency,GNAP,N-40-10260,2,0,0,0.0,36,HABERSHAM,0.0,3/5/2024 13:49,3/5/2024 7:08,Price Code 1,CUSTOMER PICKUP,False,Rabun Warehouse,02,30523.0,Clarkesville,GNAP CREAM OF CHICKEN SOUP,Dry Dry Dry Dry Prepared Meals
649,180418,4449,G-132,Glade Creek Baptist Church,483024,,FP/GNAP/USDA,FAITH-BASED-Agency,USDA,F-50-90445,8,0,0,32.8,328,HABERSHAM,0.1,5/14/2024 8:30,5/14/2024 7:27,Price Code 1,CONTACT FOR DELIVERY,False,Rabun Warehouse,02,30563.0,Mt Airy,USDA FULLY COOKED PULLED PORK CCC,Frozen Frozen Frozen Frozen Proteins
188,180781,50,S-102,Sharing and Caring - Cornelia,483387,,FP/GNAP/USDA,FOOD PANTRY-Agency,LOCAL - LL,W-16-10002,297,0,0,53.46,297,HABERSHAM,0.18,5/14/2024 13:47,5/14/2024 10:10,Price Code 1,CUSTOMER PICKUP,False,Sharing Floor Rabun,02-SH,30531.0,Cornelia,MISC. FOOD BOX LL,Dry Dry Dry Dry Food Misc.
1024,177607,4715,L-119,Life Church Baldwin,480227,,FP/USDA,MOBILE PANTRY-Agency,USDA,F-50-90461,5,0,0,20.0,200,HABERSHAM,0.1,4/11/2024 19:36,4/12/2024 15:36,Price Code 1,CONTACT FOR DELIVERY,False,Rabun Warehouse,02,30511.0,Baldwin,USDA ALASKAN POLLACK FISH FILLETS,Frozen Frozen Frozen Frozen Proteins
556,180129,5388,P-123,"Pilgrim Ministries, Inc.",482737,,ON PREMISES (OP),REHAB-Agency,BLUE RECEIPT-SHL,F-16-10001,28,0,0,5.04,28,HABERSHAM,0.18,5/3/2024 14:14,5/3/2024 9:39,Price Code 1,CUSTOMER PICKUP,False,Sharing Floor Rabun,02-SH,30523.0,Clarkesville,"ASSORTED FROZEN FOODS, SHL",Frozen Frozen Frozen Frozen Food Misc.
665,173122,4761,C-173,Clarkesville Church of God,476752,,FP/GNAP/USDA,FAITH-BASED-Agency,USDA,F-50-90454,4,0,0,0.0,124,HABERSHAM,0.0,1/23/2024 9:35,1/23/2024 9:34,Price Code 1,CUSTOMER PICKUP,False,Food Bank of Northeast Georgia,01,30523.0,Clarkesville,USDA FROZEN STRAWBERRIES CCC,Frozen Frozen Frozen Frozen Fruits
649,178770,8497,G-132,Glade Creek Baptist Church,481384,,FP/GNAP/USDA,FAITH-BASED-Agency,USDA,C-50-10048,8,0,0,12.8,256,HABERSHAM,0.05,4/15/2024 9:25,4/15/2024 15:10,Price Code 1,CONTACT FOR DELIVERY,False,Rabun Warehouse,02,30563.0,Mt Airy,USDA MANDARIN ORANGES,Cooled Cooled Cooled Cooled Fruits
665,175966,3943,C-173,Clarkesville Church of God,478594,,FP/GNAP/USDA,FAITH-BASED-Agency,USDA,N-50-10268,1,0,0,1.14,38,HABERSHAM,0.03,3/6/2024 9:35,3/11/2024 9:35,Price Code 1,CUSTOMER PICKUP,False,Food Bank of Northeast Georgia,01,30523.0,Clarkesville,USDA APPLE JUICE,Dry Dry Dry Dry Beverages
268,181194,690,V-100,Victory Home / Helping Hand,483799,,ON PREMISES (OP),REHAB-Agency,BLUE RECEIPT-SHL,W-03-10013,53,0,0,1.59,53,HABERSHAM,0.03,5/22/2024 13:55,5/22/2024 10:44,Price Code 1,CUSTOMER PICKUP,False,Sharing Floor Rabun,02-SH,30573.0,Tallulah Falls,"ASSORTED BEVERAGES, SHL",Dry Dry Dry Dry Beverages
649,172555,170,G-132,Glade Creek Baptist Church,476186,,FP/GNAP/USDA,FAITH-BASED-Agency,USDA,N-50-10007,4,0,0,20.16,112,HABERSHAM,0.18,1/9/2024 9:25,1/9/2024 14:55,Price Code 1,CONTACT FOR DELIVERY,False,Rabun Warehouse,02,30563.0,Mt Airy,"USDA CORN, WHOLE KERNEL NO SALT",Dry Dry Dry Dry Vegetables
665,175562,3943,C-173,Clarkesville Church of God,478190,,FP/GNAP/USDA,FAITH-BASED-Agency,USDA,N-50-10268,2,0,0,2.28,76,HABERSHAM,0.03,2/21/2024 9:35,2/21/2024 8:54,Price Code 1,CUSTOMER PICKUP,False,Food Bank of Northeast Georgia,01,30523.0,Clarkesville,USDA APPLE JUICE,Dry Dry Dry Dry Beverages
1024,172708,3139,L-119,Life Church Baldwin,476339,,FP/USDA,MOBILE PANTRY-Agency,USDA,N-50-10290,9,0,0,40.5,225,HABERSHAM,0.18,1/11/2024 10:01,1/12/2024 14:52,Price Code 1,CONTACT FOR DELIVERY,False,Rabun Warehouse,02,30511.0,Baldwin,USDA WHOLE ALMONDS DRY ROASTED,Dry Dry Dry Dry Proteins
268,181506,683,V-100,Victory Home / Helping Hand,484110,,ON PREMISES (OP),REHAB-Agency,BLUE RECEIPT-SHL,W-16-10001,53,0,0,9.54,53,HABERSHAM,0.18,5/29/2024 13:55,5/29/2024 10:19,Price Code 1,CUSTOMER PICKUP,False,Sharing Floor Rabun,02-SH,30573.0,Tallulah Falls,MISC. FOOD BOX SHL,Dry Dry Dry Dry Food Misc.
1024,176477,1674,L-119,Life Church Baldwin,479101,,FP/USDA,MOBILE PANTRY-Agency,USDA,N-50-10073,5,0,0,24.3,135,HABERSHAM,0.18,3/8/2024 0:00,3/11/2024 7:54,Price Code 1,CONTACT FOR DELIVERY,False,Rabun Warehouse,02,30511.0,Baldwin,USDA TOMATO SAUCE,Dry Dry Dry Dry Vegetables
188,175954,3122,S-102,Sharing and Caring - Cornelia,478582,,FP/GNAP/USDA,FOOD PANTRY-Agency,GNAP,N-40-10174,15,0,0,0.0,210,HABERSHAM,0.0,3/6/2024 9:00,3/6/2024 13:08,Price Code 1,CONTACT FOR DELIVERY,False,Rabun Warehouse,02,30531.0,Cornelia,"GNAP BLACKEYE PEAS, LOW SODIUM",Dry Dry Dry Dry Proteins
556,178851,9014,P-123,"Pilgrim Ministries, Inc.",481465,,ON PREMISES (OP),REHAB-Agency,PURCH,N-27-10136,4,0,208,19.44,108,HABERSHAM,0.18,4/12/2024 14:14,4/12/2024 9:13,Price Code 1,CUSTOMER PICKUP,False,Sharing Floor Rabun,02-SH,30523.0,Clarkesville,"GREEN BEANS, HARVEST VALLEY",Dry Dry Dry Dry Vegetables
329,179922,1047,O-109,Open Door Food Ministry (The Torch Church of God),482533,,FP/GNAP/USDA,FOOD PANTRY-Agency,USDA,N-50-10041,50,0,0,0.0,2450,HABERSHAM,0.0,5/4/2024 7:00,5/4/2024 6:01,Price Code 1,TRACTOR TRAILER 1 MOBILE PANTRY,False,Food Bank of Northeast Georgia,01,30531.0,Cornelia,USDA RICE,Dry Dry Dry Dry Grains
869,173465,683,H-152,Homestead Recovery for Women,477094,,ON PREMISES (OP),REHAB-Agency,BLUE RECEIPT-SHL,W-16-10001,41,0,0,7.38,41,HABERSHAM,0.18,1/23/2024 10:35,1/23/2024 10:37,Price Code 1,CUSTOMER PICKUP,False,Sharing Floor Athens,01-SH,30523.0,Clarkesville,MISC. FOOD BOX SHL,Dry Dry Dry Dry Food Misc.
649,176661,1674,G-132,Glade Creek Baptist Church,479284,,FP/GNAP/USDA,FAITH-BASED-Agency,USDA,N-50-10073,8,0,0,38.88,216,HABERSHAM,0.18,3/6/2024 9:25,3/6/2024 8:25,Price Code 1,CONTACT FOR DELIVERY,False,Rabun Warehouse,02,30563.0,Mt Airy,USDA TOMATO SAUCE,Dry Dry Dry Dry Vegetables
188,180408,9043,S-102,Sharing and Caring - Cornelia,483014,,FP/GNAP/USDA,FOOD PANTRY-Agency,GNAP,N-40-10277,20,0,0,0.0,160,HABERSHAM,0.0,5/15/2024 8:30,5/15/2024 7:19,Price Code 1,CONTACT FOR DELIVERY,False,Rabun Warehouse,02,30531.0,Cornelia,GNAP DELUXE SHELLS & CHEESE,Dry Dry Dry Dry Prepared Meals
198,179245,170,S-112,Sharing and Caring - Clarkesville,481858,,FP/GNAP/USDA,FOOD PANTRY-Agency,USDA,N-50-10007,2,0,0,10.08,56,HABERSHAM,0.18,4/23/2024 13:49,4/23/2024 8:31,Price Code 1,CUSTOMER PICKUP,False,Rabun Warehouse,02,30523.0,Clarkesville,"USDA CORN, WHOLE KERNEL NO SALT",Dry Dry Dry Dry Vegetables
329,182309,7061,O-109,Open Door Food Ministry (The Torch Church of God),484913,,FP/GNAP/USDA,FOOD PANTRY-Agency,USDA,C-50-10021,54,0,0,0.0,2268,HABERSHAM,0.0,6/18/2024 10:00,6/18/2024 9:03,Price Code 1,TRUCK 1,False,Food Bank of Northeast Georgia,01,30531.0,Cornelia,USDA FRESH ORANGES,Cooled Cooled Cooled Cooled Fruits
198,181119,690,S-112,Sharing and Caring - Clarkesville,483724,,FP/GNAP/USDA,FOOD PANTRY-Agency,BLUE RECEIPT-SHL,W-03-10013,74,0,0,2.22,74,HABERSHAM,0.03,5/21/2024 13:49,5/21/2024 8:40,Price Code 1,CUSTOMER PICKUP,False,Sharing Floor Rabun,02-SH,30523.0,Clarkesville,"ASSORTED BEVERAGES, SHL",Dry Dry Dry Dry Beverages
809,172709,5407,B-123,Breaking Chains Ministries d.b.a Freedom Hill,476340,,ON PREMISES (OP),REHAB-Agency,BLUE RECEIPT-SHL,F-15-10000,119,0,0,21.42,119,HABERSHAM,0.18,1/8/2024 9:19,1/8/2024 10:04,Price Code 1,CUSTOMER PICKUP,False,Sharing Floor Athens,01-SH,30535.0,Demorest,"MEAT & SEAFOOD, FROZEN SHL",Frozen Frozen Frozen Frozen Proteins
268,172858,690,V-100,Victory Home / Helping Hand,476489,,ON PREMISES (OP),REHAB-Agency,BLUE RECEIPT-SHL,W-03-10013,192,0,0,5.76,192,HABERSHAM,0.03,1/10/2024 13:55,1/10/2024 10:35,Price Code 1,CUSTOMER PICKUP,False,Sharing Floor Rabun,02-SH,30573.0,Tallulah Falls,"ASSORTED BEVERAGES, SHL",Dry Dry Dry Dry Beverages
750,182200,683,C-176,Cornelia United Methodist Church,484804,,FP/OP,FOOD PANTRY-Agency,BLUE RECEIPT-SHL,W-16-10001,134,0,0,24.12,134,HABERSHAM,0.18,6/14/2024 12:32,6/14/2024 7:10,Price Code 1,CUSTOMER PICKUP,False,Sharing Floor Rabun,02-SH,30531.0,Cornelia,MISC. FOOD BOX SHL,Dry Dry Dry Dry Food Misc.
649,180418,9035,G-132,Glade Creek Baptist Church,483024,,FP/GNAP/USDA,FAITH-BASED-Agency,GNAP,N-40-10272,4,0,0,0.0,56,HABERSHAM,0.0,5/14/2024 8:30,5/14/2024 7:27,Price Code 1,CONTACT FOR DELIVERY,False,Rabun Warehouse,02,30563.0,Mt Airy,GNAP MACARONI O'S W/ BEEF - EZ OPEN,Dry Dry Dry Dry Prepared Meals
750,177658,5388,C-176,Cornelia United Methodist Church,480278,,FP/OP,FOOD PANTRY-Agency,BLUE RECEIPT-SHL,F-16-10001,82,0,0,14.76,82,HABERSHAM,0.18,3/20/2024 12:32,3/20/2024 13:31,Price Code 1,CUSTOMER PICKUP,False,Sharing Floor Rabun,02-SH,30531.0,Cornelia,"ASSORTED FROZEN FOODS, SHL",Frozen Frozen Frozen Frozen Food Misc.
1024,181633,2202,L-119,Life Church Baldwin,484237,,FP/USDA,MOBILE PANTRY-Agency,USDA,N-50-10240,5,0,0,19.8,110,HABERSHAM,0.18,6/4/2024 10:00,6/7/2024 7:07,Price Code 1,CUSTOMER PICKUP,False,Rabun Warehouse,02,30511.0,Baldwin,USDA SPAGHETTI,Dry Dry Dry Dry Grains
268,176751,5388,V-100,Victory Home / Helping Hand,479374,,ON PREMISES (OP),REHAB-Agency,BLUE RECEIPT-SHL,F-16-10001,61,0,0,10.98,61,HABERSHAM,0.18,3/6/2024 13:55,3/6/2024 10:04,Price Code 1,CUSTOMER PICKUP,False,Sharing Floor Rabun,02-SH,30573.0,Tallulah Falls,"ASSORTED FROZEN FOODS, SHL",Frozen Frozen Frozen Frozen Food Misc.
188,172912,696,S-102,Sharing and Caring - Cornelia,476543,,FP/GNAP/USDA,FOOD PANTRY-Agency,LOCAL - LL,W-25-10000,8,0,0,1.44,8,HABERSHAM,0.18,1/11/2024 13:47,1/11/2024 8:24,Price Code 1,CUSTOMER PICKUP,False,Sharing Floor Athens,01-SH,30531.0,Cornelia,"ASSORTED SNACK ITEMS, LL",Dry Dry Dry Dry Food Misc.
665,172317,7119,C-173,Clarkesville Church of God,475948,,FP/GNAP/USDA,FAITH-BASED-Agency,GNAP,N-40-10226,3,0,0,11.34,63,HABERSHAM,0.18,1/10/2024 9:35,1/26/2024 8:59,Price Code 1,CUSTOMER PICKUP,False,Food Bank of Northeast Georgia,01,30523.0,Clarkesville,GNAP INSTANT GRITS,Dry Dry Dry Dry Grains
869,175281,5938,H-152,Homestead Recovery for Women,477910,,ON PREMISES (OP),REHAB-Agency,BLUE RECEIPT-SHL,C-28-10001,29,0,0,0.87,29,HABERSHAM,0.03,2/7/2024 10:35,2/7/2024 11:02,Price Code 1,CUSTOMER PICKUP,False,Sharing Floor Athens,01-SH,30523.0,Clarkesville,"PRODUCE, FRESH SHL",Cooled Cooled Cooled Cooled Mixed Produce
665,175966,8982,C-173,Clarkesville Church of God,478594,,FP/GNAP/USDA,FAITH-BASED-Agency,BLUE RECEIPT-SHL,F-15-90555,4,0,0,9.36,52,HABERSHAM,0.18,3/6/2024 9:35,3/11/2024 9:35,Price Code 1,CUSTOMER PICKUP,False,Food Bank of Northeast Georgia,01,30523.0,Clarkesville,HORMEL BLACK LABEL BACON,Frozen Frozen Frozen Frozen Proteins
649,175473,8914,G-132,Glade Creek Baptist Church,478102,,FP/GNAP/USDA,FAITH-BASED-Agency,USDA,N-50-10310,6,0,0,29.16,162,HABERSHAM,0.18,2/15/2024 9:25,2/15/2024 6:58,Price Code 1,CONTACT FOR DELIVERY,False,Rabun Warehouse,02,30563.0,Mt Airy,USDA DICED POTATOES,Dry Dry Dry Dry Potatoes
665,175261,5938,C-173,Clarkesville Church of God,477890,,FP/GNAP/USDA,FAITH-BASED-Agency,BLUE RECEIPT-SHL,C-28-10001,235,0,0,7.05,235,HABERSHAM,0.03,2/7/2024 9:35,2/7/2024 8:29,Price Code 1,CUSTOMER PICKUP,False,Sharing Floor Athens,01-SH,30523.0,Clarkesville,"PRODUCE, FRESH SHL",Cooled Cooled Cooled Cooled Mixed Produce
623,181371,3712,C-171,Clarkesville Soup Kitchen,483975,,OP/USDA,SOUP KITCHEN-Agency,USDA,N-50-10266,4,0,0,19.44,108,HABERSHAM,0.18,6/3/2024 10:30,6/3/2024 10:03,Price Code 1,CUSTOMER PICKUP,False,Rabun Warehouse,02,30523.0,Clarkesville,USDA CANNED PINTO BEANS,Dry Dry Dry Dry Proteins
750,179568,1045,C-176,Cornelia United Methodist Church,482181,,FP/OP,FOOD PANTRY-Agency,BLUE RECEIPT-SHL,W-25-10009,139,0,0,25.02,139,HABERSHAM,0.18,4/24/2024 12:32,4/24/2024 14:05,Price Code 1,CUSTOMER PICKUP,False,Sharing Floor Rabun,02-SH,30531.0,Cornelia,"ASSORTED SNACK ITEMS, SHL",Dry Dry Dry Dry Food Misc.
268,173529,875,V-100,Victory Home / Helping Hand,477158,,ON PREMISES (OP),REHAB-Agency,BLUE RECEIPT-SHL,W-04-10000,20,0,0,0.0,20,HABERSHAM,0.0,1/24/2024 13:55,1/24/2024 10:08,Price Code 1,CUSTOMER PICKUP,False,Sharing Floor Rabun,02-SH,30573.0,Tallulah Falls,"BREAD & BAKERY, ASSORTED SHL",Dry Dry Dry Dry Grains
902,180489,8975,T-123,"The Lord's Help, Inc.",FAIMPORT483095,,ON PREMISES (OP),SOUP KITCHEN-Agency,BLUE RECEIPT-SHL,MCC-07-10001,146,0,0,0.0,146,HABERSHAM,0.0,5/7/2024 0:00,5/7/2024 0:00,Price Code 1,CUSTOMER PICKUP,False,Food Bank of Northeast Georgia,01,30531.0,Cornelia,"DAIRY PRODUCTS, SHL RETAIL PICKUPS",Dry Dry Dry Dry Dairy
198,180106,2202,S-112,Sharing and Caring - Clarkesville,482714,,FP/GNAP/USDA,FOOD PANTRY-Agency,USDA,N-50-10240,10,0,0,39.6,220,HABERSHAM,0.18,5/7/2024 8:45,5/7/2024 7:43,Price Code 1,CUSTOMER PICKUP,False,Rabun Warehouse,02,30523.0,Clarkesville,USDA SPAGHETTI,Dry Dry Dry Dry Grains
188,180874,1674,S-102,Sharing and Caring - Cornelia,483480,,FP/GNAP/USDA,FOOD PANTRY-Agency,USDA,N-50-10073,12,0,0,58.32,324,HABERSHAM,0.18,5/30/2024 11:00,5/30/2024 7:14,Price Code 1,CONTACT FOR DELIVERY,False,Rabun Warehouse,02,30531.0,Cornelia,USDA TOMATO SAUCE,Dry Dry Dry Dry Vegetables
632,181062,2202,H-141,Hazel Creek Baptist Church,483667,,FP/USDA,FOOD PANTRY-Agency,USDA,N-50-10240,4,0,0,15.84,88,HABERSHAM,0.18,5/22/2024 14:00,5/30/2024 12:36,Price Code 1,CUSTOMER PICKUP,False,Rabun Warehouse,02,30563.0,Mt. Airy,USDA SPAGHETTI,Dry Dry Dry Dry Grains
329,176281,1674,O-109,Open Door Food Ministry (The Torch Church of God),478906,,FP/GNAP/USDA,FOOD PANTRY-Agency,USDA,N-50-10073,25,0,0,0.0,675,HABERSHAM,0.0,3/2/2024 7:00,3/4/2024 6:57,Price Code 1,TRACTOR TRAILER 1 MOBILE PANTRY,False,Food Bank of Northeast Georgia,01,30531.0,Cornelia,USDA TOMATO SAUCE,Dry Dry Dry Dry Vegetables
188,173898,3954,S-102,Sharing and Caring - Cornelia,477527,,FP/GNAP/USDA,FOOD PANTRY-Agency,GNAP,N-40-10164,6,0,0,16.2,162,HABERSHAM,0.1,2/7/2024 8:30,2/7/2024 9:22,Price Code 1,CONTACT FOR DELIVERY,False,Rabun Warehouse,02,30531.0,Cornelia,"GNAP GREEN PEAS, LOW SODIUM",Dry Dry Dry Dry Proteins
665,173122,8627,C-173,Clarkesville Church of God,476752,,FP/GNAP/USDA,FAITH-BASED-Agency,USDA,N-50-10300,3,0,0,7.56,42,HABERSHAM,0.18,1/23/2024 9:35,1/23/2024 9:34,Price Code 1,CUSTOMER PICKUP,False,Food Bank of Northeast Georgia,01,30523.0,Clarkesville,USDA CANNED COLLARD GREENS CCC,Dry Dry Dry Dry Vegetables
623,176123,4449,C-171,Clarkesville Soup Kitchen,478750,,OP/USDA,SOUP KITCHEN-Agency,USDA,F-50-90445,4,0,0,16.4,164,HABERSHAM,0.1,3/4/2024 10:00,3/4/2024 10:11,Price Code 1,CUSTOMER PICKUP,False,Rabun Warehouse,02,30523.0,Clarkesville,USDA FULLY COOKED PULLED PORK CCC,Frozen Frozen Frozen Frozen Proteins
623,179919,875,C-171,Clarkesville Soup Kitchen,482530,,OP/USDA,SOUP KITCHEN-Agency,BLUE RECEIPT-SHL,W-04-10000,238,0,0,0.0,238,HABERSHAM,0.0,4/30/2024 11:47,5/1/2024 7:04,Price Code 1,CUSTOMER PICKUP,False,Sharing Floor Rabun,02-SH,30523.0,Clarkesville,"BREAD & BAKERY, ASSORTED SHL",Dry Dry Dry Dry Grains
268,176356,5938,V-100,Victory Home / Helping Hand,478981,,ON PREMISES (OP),REHAB-Agency,BLUE RECEIPT-SHL,C-28-10001,82,0,0,2.46,82,HABERSHAM,0.03,2/28/2024 13:55,2/28/2024 14:17,Price Code 1,CUSTOMER PICKUP,False,Sharing Floor Rabun,02-SH,30573.0,Tallulah Falls,"PRODUCE, FRESH SHL",Cooled Cooled Cooled Cooled Mixed Produce
665,178129,8497,C-173,Clarkesville Church of God,480748,,FP/GNAP/USDA,FAITH-BASED-Agency,USDA,C-50-10048,2,0,0,3.2,64,HABERSHAM,0.05,4/10/2024 9:35,4/10/2024 9:20,Price Code 1,CUSTOMER PICKUP,False,Food Bank of Northeast Georgia,01,30523.0,Clarkesville,USDA MANDARIN ORANGES,Cooled Cooled Cooled Cooled Fruits
665,177035,5772,C-173,Clarkesville Church of God,479657,,FP/GNAP/USDA,FAITH-BASED-Agency,LOCAL - LL,C-28-10000,102,0,0,3.06,102,HABERSHAM,0.03,3/11/2024 9:35,3/11/2024 8:43,Price Code 1,CUSTOMER PICKUP,False,Sharing Floor Athens,01-SH,30523.0,Clarkesville,"PRODUCE, FRESH LL",Cooled Cooled Cooled Cooled Mixed Produce
329,182094,4448,O-109,Open Door Food Ministry (The Torch Church of God),484698,,FP/GNAP/USDA,FOOD PANTRY-Agency,USDA,F-50-90446,64,0,0,0.0,1792,HABERSHAM,0.0,6/11/2024 14:23,6/12/2024 11:12,Price Code 1,TRUCK 1,False,Food Bank of Northeast Georgia,01,30531.0,Cornelia,USDA FROZEN STRAWBERRY FRUIT CUPS,Frozen Frozen Frozen Frozen Fruits
329,173840,8512,O-109,Open Door Food Ministry (The Torch Church of God),477469,,FP/GNAP/USDA,FOOD PANTRY-Agency,USDA,C-50-10049,138,0,0,0.0,5382,HABERSHAM,0.0,2/3/2024 7:00,2/14/2024 13:16,Price Code 1,TRACTOR TRAILER 1 MOBILE PANTRY,False,Food Bank of Northeast Georgia,01,30531.0,Cornelia,USDA GRAPEFRUIT CCC,Cooled Cooled Cooled Cooled Fruits
665,181956,696,C-173,Clarkesville Church of God,484560,,FP/GNAP/USDA,FAITH-BASED-Agency,LOCAL - LL,W-25-10000,20,0,0,1.0,20,HABERSHAM,0.05,6/6/2024 9:35,6/6/2024 8:36,Price Code 1,CUSTOMER PICKUP,False,Sharing Floor Athens,01-SH,30523.0,Clarkesville,"ASSORTED SNACK ITEMS, LL",Dry Dry Dry Dry Food Misc.
329,181124,6351,O-109,Open Door Food Ministry (The Torch Church of God),483729,,FP/GNAP/USDA,FOOD PANTRY-Agency,BLUE RECEIPT-SHL,C-28-90163,40,0,0,0.0,2000,HABERSHAM,0.0,5/21/2024 14:23,5/22/2024 7:11,Price Code 1,CONTACT FOR DELIVERY,False,Food Bank of Northeast Georgia,01,30531.0,Cornelia,YUKON GOLD POTATOES,Cooled Cooled Cooled Cooled Potatoes
665,180195,8720,C-173,Clarkesville Church of God,482801,,FP/GNAP/USDA,FAITH-BASED-Agency,USDA,N-50-10305,1,0,0,2.52,14,HABERSHAM,0.18,5/8/2024 10:20,5/8/2024 9:02,Price Code 1,CUSTOMER PICKUP,False,Food Bank of Northeast Georgia,01,30523.0,Clarkesville,USDA MIXED VegetablesCCC,Dry Dry Dry Dry Vegetables
623,172542,5388,C-171,Clarkesville Soup Kitchen,476173,,OP/USDA,SOUP KITCHEN-Agency,BLUE RECEIPT-SHL,F-16-10001,47,0,0,8.46,47,HABERSHAM,0.18,1/4/2024 11:47,1/4/2024 11:05,Price Code 1,CUSTOMER PICKUP,False,Sharing Floor Rabun,02-SH,30523.0,Clarkesville,"ASSORTED FROZEN FOODS, SHL",Frozen Frozen Frozen Frozen Food Misc.
268,182485,683,V-100,Victory Home / Helping Hand,485089,,ON PREMISES (OP),REHAB-Agency,BLUE RECEIPT-SHL,W-16-10001,109,0,0,19.62,109,HABERSHAM,0.18,6/21/2024 13:55,6/21/2024 14:46,Price Code 1,CUSTOMER PICKUP,False,Sharing Floor Rabun,02-SH,30573.0,Tallulah Falls,MISC. FOOD BOX SHL,Dry Dry Dry Dry Food Misc.
329,178306,8714,O-109,Open Door Food Ministry (The Torch Church of God),480922,,FP/GNAP/USDA,FOOD PANTRY-Agency,USDA,N-50-10303,50,0,0,0.0,1200,HABERSHAM,0.0,4/6/2024 7:30,4/16/2024 9:05,Price Code 1,TRACTOR TRAILER 1 MOBILE PANTRY,False,Food Bank of Northeast Georgia,01,30531.0,Cornelia,USDA GREEN SPLIT PEAS,Dry Dry Dry Dry Proteins
188,180443,696,S-102,Sharing and Caring - Cornelia,483049,,FP/GNAP/USDA,FOOD PANTRY-Agency,LOCAL - LL,W-25-10000,8,0,0,1.44,8,HABERSHAM,0.18,5/8/2024 13:47,5/8/2024 14:47,Price Code 1,CUSTOMER PICKUP,False,Sharing Floor Athens,01-SH,30531.0,Cornelia,"ASSORTED SNACK ITEMS, LL",Dry Dry Dry Dry Food Misc.
623,182103,3712,C-171,Clarkesville Soup Kitchen,484707,,OP/USDA,SOUP KITCHEN-Agency,USDA,N-50-10266,4,0,0,19.44,108,HABERSHAM,0.18,6/24/2024 10:00,6/24/2024 7:16,Price Code 1,CUSTOMER PICKUP,False,Rabun Warehouse,02,30523.0,Clarkesville,USDA CANNED PINTO BEANS,Dry Dry Dry Dry Proteins
665,173122,4715,C-173,Clarkesville Church of God,476752,,FP/GNAP/USDA,FAITH-BASED-Agency,USDA,F-50-90461,2,0,0,14.4,80,HABERSHAM,0.18,1/23/2024 9:35,1/23/2024 9:34,Price Code 1,CUSTOMER PICKUP,False,Food Bank of Northeast Georgia,01,30523.0,Clarkesville,USDA ALASKAN POLLACK FISH FILLETS,Frozen Frozen Frozen Frozen Proteins
665,180813,9053,C-173,Clarkesville Church of God,483419,,FP/GNAP/USDA,FAITH-BASED-Agency,GNAP,N-40-10284,3,0,0,0.0,60,HABERSHAM,0.0,5/22/2024 9:00,5/22/2024 9:20,Price Code 1,CUSTOMER PICKUP,False,Food Bank of Northeast Georgia,01,30523.0,Clarkesville,"GNAP 100% VERY BERRY JUICE, SINGLE SERVE",Dry Dry Dry Dry Beverages
198,175182,875,S-112,Sharing and Caring - Clarkesville,477811,,FP/GNAP/USDA,FOOD PANTRY-Agency,BLUE RECEIPT-SHL,W-04-10000,25,0,0,0.0,25,HABERSHAM,0.0,2/6/2024 13:49,2/6/2024 8:39,Price Code 1,CUSTOMER PICKUP,False,Sharing Floor Rabun,02-SH,30523.0,Clarkesville,"BREAD & BAKERY, ASSORTED SHL",Dry Dry Dry Dry Grains
750,173559,875,C-176,Cornelia United Methodist Church,477188,,FP/OP,FOOD PANTRY-Agency,BLUE RECEIPT-SHL,W-04-10000,9,0,0,0.0,9,HABERSHAM,0.0,1/24/2024 12:32,1/24/2024 13:27,Price Code 1,CUSTOMER PICKUP,False,Sharing Floor Rabun,02-SH,30531.0,Cornelia,"BREAD & BAKERY, ASSORTED SHL",Dry Dry Dry Dry Grains
750,172871,5388,C-176,Cornelia United Methodist Church,476502,,FP/OP,FOOD PANTRY-Agency,BLUE RECEIPT-SHL,F-16-10001,49,0,0,8.82,49,HABERSHAM,0.18,1/10/2024 12:32,1/10/2024 13:13,Price Code 1,CUSTOMER PICKUP,False,Sharing Floor Rabun,02-SH,30531.0,Cornelia,"ASSORTED FROZEN FOODS, SHL",Frozen Frozen Frozen Frozen Food Misc.
665,175662,842,C-173,Clarkesville Church of God,478290,,FP/GNAP/USDA,FAITH-BASED-Agency,USDA,N-50-10021,1,0,0,4.86,27,HABERSHAM,0.18,2/21/2024 9:35,2/21/2024 8:54,Price Code 1,CUSTOMER PICKUP,False,Food Bank of Northeast Georgia,01,30523.0,Clarkesville,USDA DICED TOMATOES NO SALT CCC,Dry Dry Dry Dry Vegetables
665,180562,7083,C-173,Clarkesville Church of God,483168,,FP/GNAP/USDA,FAITH-BASED-Agency,USDA,C-50-10029,2,0,0,4.32,24,HABERSHAM,0.18,5/22/2024 8:45,5/22/2024 9:20,Price Code 1,CUSTOMER PICKUP,False,Food Bank of Northeast Georgia,01,30523.0,Clarkesville,"USDA MILD CHEDDAR CHEESE, BLOCK CCC",Cooled Cooled Cooled Cooled Dairy
665,178129,842,C-173,Clarkesville Church of God,480748,,FP/GNAP/USDA,FAITH-BASED-Agency,USDA,N-50-10021,1,0,0,4.86,27,HABERSHAM,0.18,4/10/2024 9:35,4/10/2024 9:20,Price Code 1,CUSTOMER PICKUP,False,Food Bank of Northeast Georgia,01,30523.0,Clarkesville,USDA DICED TOMATOES NO SALT CCC,Dry Dry Dry Dry Vegetables
665,175966,8851,C-173,Clarkesville Church of God,478594,,FP/GNAP/USDA,FAITH-BASED-Agency,PURCH,N-11-11071,2,0,0,2.16,12,HABERSHAM,0.18,3/6/2024 9:35,3/11/2024 9:35,Price Code 1,CUSTOMER PICKUP,False,Food Bank of Northeast Georgia,01,30523.0,Clarkesville,"CHICKEN STUFFING, PREMIER PANTRY",Dry Dry Dry Dry Prepared Meals
665,173863,7246,C-173,Clarkesville Church of God,477492,,FP/GNAP/USDA,FAITH-BASED-Agency,GNAP,N-40-10245,2,0,0,4.4,44,HABERSHAM,0.1,2/7/2024 9:35,2/7/2024 9:19,Price Code 1,CUSTOMER PICKUP,False,Food Bank of Northeast Georgia,01,30523.0,Clarkesville,GNAP TRADITIONAL PASTA SAUCE,Dry Dry Dry Dry Vegetables
750,181203,683,C-176,Cornelia United Methodist Church,483808,,FP/OP,FOOD PANTRY-Agency,BLUE RECEIPT-SHL,W-16-10001,453,0,0,81.54,453,HABERSHAM,0.18,5/22/2024 12:32,5/22/2024 13:27,Price Code 1,CUSTOMER PICKUP,False,Sharing Floor Rabun,02-SH,30531.0,Cornelia,MISC. FOOD BOX SHL,Dry Dry Dry Dry Food Misc.
556,175394,5388,P-123,"Pilgrim Ministries, Inc.",478023,,ON PREMISES (OP),REHAB-Agency,BLUE RECEIPT-SHL,F-16-10001,42,0,0,7.56,42,HABERSHAM,0.18,2/9/2024 14:14,2/9/2024 8:55,Price Code 1,CUSTOMER PICKUP,False,Sharing Floor Rabun,02-SH,30523.0,Clarkesville,"ASSORTED FROZEN FOODS, SHL",Frozen Frozen Frozen Frozen Food Misc.
750,173197,5388,C-176,Cornelia United Methodist Church,476827,,FP/OP,FOOD PANTRY-Agency,BLUE RECEIPT-SHL,F-16-10001,57,0,0,10.26,57,HABERSHAM,0.18,1/17/2024 12:32,1/17/2024 14:12,Price Code 1,CUSTOMER PICKUP,False,Sharing Floor Rabun,02-SH,30531.0,Cornelia,"ASSORTED FROZEN FOODS, SHL",Frozen Frozen Frozen Frozen Food Misc.
665,178999,4036,C-173,Clarkesville Church of God,481613,,FP/GNAP/USDA,FAITH-BASED-Agency,BLUE RECEIPT-SHL,N-03-11005,1,0,0,0.0,10,HABERSHAM,0.0,4/24/2024 9:35,4/24/2024 8:54,Price Code 1,CUSTOMER PICKUP,False,Food Bank of Northeast Georgia,01,30523.0,Clarkesville,DIET PEPSI,Dry Dry Dry Dry Beverages
665,175966,4676,C-173,Clarkesville Church of God,478594,,FP/GNAP/USDA,FAITH-BASED-Agency,USDA,F-50-90031,3,0,0,0.0,72,HABERSHAM,0.0,3/6/2024 9:35,3/11/2024 9:35,Price Code 1,CUSTOMER PICKUP,False,Food Bank of Northeast Georgia,01,30523.0,Clarkesville,USDA FROZEN BLUEBERRIES CCC,Frozen Frozen Frozen Frozen Fruits
188,172850,5388,S-102,Sharing and Caring - Cornelia,476481,,FP/GNAP/USDA,FOOD PANTRY-Agency,BLUE RECEIPT-SHL,F-16-10001,34,0,0,6.12,34,HABERSHAM,0.18,1/10/2024 13:47,1/10/2024 9:37,Price Code 1,CUSTOMER PICKUP,False,Sharing Floor Rabun,02-SH,30531.0,Cornelia,"ASSORTED FROZEN FOODS, SHL",Frozen Frozen Frozen Frozen Food Misc.
329,176281,8985,O-109,Open Door Food Ministry (The Torch Church of God),478906,,FP/GNAP/USDA,FOOD PANTRY-Agency,BLUE RECEIPT-SHL,C-14-90150,150,0,0,0.0,5100,HABERSHAM,0.0,3/2/2024 7:00,3/4/2024 6:57,Price Code 1,TRACTOR TRAILER 1 MOBILE PANTRY,False,Food Bank of Northeast Georgia,01,30531.0,Cornelia,MINUTE MAID STRAWBERRY LEMONADE,Cooled Cooled Cooled Cooled Beverages
632,173561,688,H-141,Hazel Creek Baptist Church,477190,,FP/USDA,FOOD PANTRY-Agency,BLUE RECEIPT-SHL,W-01-10000,53,0,0,9.54,53,HABERSHAM,0.18,1/24/2024 8:32,1/24/2024 13:56,Price Code 1,CUSTOMER PICKUP,False,Sharing Floor Rabun,02-SH,30563.0,Mt. Airy,"ASSORTED NON-FOOD ITEMS, SHL",Dry Dry Dry Dry Non-Food Misc.
649,175473,7082,G-132,Glade Creek Baptist Church,478102,,FP/GNAP/USDA,FAITH-BASED-Agency,USDA,C-50-10033,8,0,0,0.0,96,HABERSHAM,0.0,2/15/2024 9:25,2/15/2024 6:58,Price Code 1,CONTACT FOR DELIVERY,False,Rabun Warehouse,02,30563.0,Mt Airy,USDA SHREDDED YELLOW CHEDDAR CHEESE CCC,Cooled Cooled Cooled Cooled Dairy
750,178674,9014,C-176,Cornelia United Methodist Church,481290,,FP/OP,FOOD PANTRY-Agency,PURCH,N-27-10136,4,0,208,19.44,108,HABERSHAM,0.18,4/10/2024 12:32,4/10/2024 13:36,Price Code 1,CUSTOMER PICKUP,False,Sharing Floor Rabun,02-SH,30531.0,Cornelia,"GREEN BEANS, HARVEST VALLEY",Dry Dry Dry Dry Vegetables
329,181607,8783,O-109,Open Door Food Ministry (The Torch Church of God),484211,,FP/GNAP/USDA,FOOD PANTRY-Agency,USDA,N-50-10308,25,0,0,0.0,575,HABERSHAM,0.0,5/30/2024 14:23,6/1/2024 9:10,Price Code 1,TRACTOR TRAILER 1 MOBILE PANTRY,False,Food Bank of Northeast Georgia,01,30531.0,Cornelia,USDA RAISINS,Dry Dry Dry Dry Fruits
268,173906,5938,V-100,Victory Home / Helping Hand,477535,,ON PREMISES (OP),REHAB-Agency,BLUE RECEIPT-SHL,C-28-10001,131,0,0,3.93,131,HABERSHAM,0.03,1/31/2024 13:55,1/31/2024 10:43,Price Code 1,CUSTOMER PICKUP,False,Sharing Floor Rabun,02-SH,30573.0,Tallulah Falls,"PRODUCE, FRESH SHL",Cooled Cooled Cooled Cooled Mixed Produce
665,178129,8922,C-173,Clarkesville Church of God,480748,,FP/GNAP/USDA,FAITH-BASED-Agency,LOCAL - LL,N-25-11954,2,0,0,1.8,10,HABERSHAM,0.18,4/10/2024 9:35,4/10/2024 9:20,Price Code 1,CUSTOMER PICKUP,False,Food Bank of Northeast Georgia,01,30523.0,Clarkesville,ATKINS VAR PACK CHOC PEANUT/CARAMEL,Dry Dry Dry Dry Food Misc.
665,181905,9073,C-173,Clarkesville Church of God,484509,,FP/GNAP/USDA,FAITH-BASED-Agency,USDA,C-50-10051,6,0,0,12.96,72,HABERSHAM,0.18,6/20/2024 8:30,6/25/2024 15:47,Price Code 1,CUSTOMER PICKUP,False,Food Bank of Northeast Georgia,01,30523.0,Clarkesville,USDA SHREDDED MOZZARELLA CHEESE CCC,Cooled Cooled Cooled Cooled Dairy
902,177772,5938,T-123,"The Lord's Help, Inc.",480391,,ON PREMISES (OP),SOUP KITCHEN-Agency,BLUE RECEIPT-SHL,C-28-10001,105,0,0,3.15,105,HABERSHAM,0.03,3/22/2024 15:19,3/22/2024 10:23,Price Code 1,CUSTOMER PICKUP,False,Sharing Floor Athens,01-SH,30531.0,Cornelia,"PRODUCE, FRESH SHL",Cooled Cooled Cooled Cooled Mixed Produce
329,173840,842,O-109,Open Door Food Ministry (The Torch Church of God),477469,,FP/GNAP/USDA,FOOD PANTRY-Agency,USDA,N-50-10021,25,0,0,0.0,675,HABERSHAM,0.0,2/3/2024 7:00,2/14/2024 13:16,Price Code 1,TRACTOR TRAILER 1 MOBILE PANTRY,False,Food Bank of Northeast Georgia,01,30531.0,Cornelia,USDA DICED TOMATOES NO SALT CCC,Dry Dry Dry Dry Vegetables
649,180418,3203,G-132,Glade Creek Baptist Church,483024,,FP/GNAP/USDA,FAITH-BASED-Agency,USDA,N-50-10289,4,0,0,18.0,100,HABERSHAM,0.18,5/14/2024 8:30,5/14/2024 7:27,Price Code 1,CONTACT FOR DELIVERY,False,Rabun Warehouse,02,30563.0,Mt Airy,USDA PECAN PIECES,Dry Dry Dry Dry Proteins
1024,181633,4269,L-119,Life Church Baldwin,484237,,FP/USDA,MOBILE PANTRY-Agency,USDA,N-50-10273,9,0,0,38.88,216,HABERSHAM,0.18,6/4/2024 10:00,6/7/2024 7:07,Price Code 1,CUSTOMER PICKUP,False,Rabun Warehouse,02,30511.0,Baldwin,USDA DRY NAVY BEANS CCC,Dry Dry Dry Dry Proteins
665,177555,6351,C-173,Clarkesville Church of God,480175,,FP/GNAP/USDA,FAITH-BASED-Agency,BLUE RECEIPT-SHL,C-28-90163,2,0,0,0.0,100,HABERSHAM,0.0,3/20/2024 9:35,3/20/2024 9:10,Price Code 1,CUSTOMER PICKUP,False,Food Bank of Northeast Georgia,01,30523.0,Clarkesville,YUKON GOLD POTATOES,Cooled Cooled Cooled Cooled Potatoes
665,181451,3203,C-173,Clarkesville Church of God,484055,,FP/GNAP/USDA,FAITH-BASED-Agency,USDA,N-50-10289,4,0,0,18.0,100,HABERSHAM,0.18,6/6/2024 8:00,6/6/2024 9:04,Price Code 1,CUSTOMER PICKUP,False,Food Bank of Northeast Georgia,01,30523.0,Clarkesville,USDA PECAN PIECES,Dry Dry Dry Dry Proteins
632,179128,9014,H-141,Hazel Creek Baptist Church,481741,,FP/USDA,FOOD PANTRY-Agency,PURCH,N-27-10136,4,0,208,19.44,108,HABERSHAM,0.18,4/17/2024 8:32,4/17/2024 15:39,Price Code 1,CUSTOMER PICKUP,False,Sharing Floor Rabun,02-SH,30563.0,Mt. Airy,"GREEN BEANS, HARVEST VALLEY",Dry Dry Dry Dry Vegetables
188,175685,683,S-102,Sharing and Caring - Cornelia,478313,,FP/GNAP/USDA,FOOD PANTRY-Agency,BLUE RECEIPT-SHL,W-16-10001,120,0,0,21.6,120,HABERSHAM,0.18,2/15/2024 13:47,2/15/2024 10:38,Price Code 1,CUSTOMER PICKUP,False,Sharing Floor Rabun,02-SH,30531.0,Cornelia,MISC. FOOD BOX SHL,Dry Dry Dry Dry Food Misc.
188,182638,690,S-102,Sharing and Caring - Cornelia,485241,,FP/GNAP/USDA,FOOD PANTRY-Agency,BLUE RECEIPT-SHL,W-03-10013,54,0,0,1.62,54,HABERSHAM,0.03,6/28/2024 13:47,6/28/2024 14:53,Price Code 1,CUSTOMER PICKUP,False,Sharing Floor Rabun,02-SH,30531.0,Cornelia,"ASSORTED BEVERAGES, SHL",Dry Dry Dry Dry Beverages
1024,176477,8672,L-119,Life Church Baldwin,479101,,FP/USDA,MOBILE PANTRY-Agency,USDA,N-50-10301,8,0,0,0.0,192,HABERSHAM,0.0,3/8/2024 0:00,3/11/2024 7:54,Price Code 1,CONTACT FOR DELIVERY,False,Rabun Warehouse,02,30511.0,Baldwin,USDA YELLOW SPLIT PEAS,Dry Dry Dry Dry Proteins
987,181075,9027,M-137,Mount Airy Baptist Church,483680,,OP/USDA,EMERGENCY-Agency,YELLOW RECEIPT - SHN,N-25-11970,4,0,0,7.2,40,HABERSHAM,0.18,5/23/2024 0:00,5/23/2024 10:30,Price Code 1,CONTACT FOR DELIVERY,False,Rabun Warehouse,02,30563.0,Mount Airy,"SNACK PACK BLUE RASP, SOUR PATCH KIDS",Dry Dry Dry Dry Food Misc.
329,172495,8827,O-109,Open Door Food Ministry (The Torch Church of God),476126,,FP/GNAP/USDA,FOOD PANTRY-Agency,BLUE RECEIPT-SHL,N-03-11766,300,0,0,0.0,2400,HABERSHAM,0.0,1/6/2024 7:00,1/9/2024 11:26,Price Code 1,TRUCK 1 MOBILE PANTRY,False,Food Bank of Northeast Georgia,01,30531.0,Cornelia,PEPSI MINI CANS,Dry Dry Dry Dry Beverages
902,177302,50,T-123,"The Lord's Help, Inc.",479922,,ON PREMISES (OP),SOUP KITCHEN-Agency,LOCAL - LL,W-16-10002,103,0,0,18.54,103,HABERSHAM,0.18,3/14/2024 15:19,3/14/2024 10:30,Price Code 1,CUSTOMER PICKUP,False,Sharing Floor Athens,01-SH,30531.0,Cornelia,MISC. FOOD BOX LL,Dry Dry Dry Dry Food Misc.
198,177275,890,S-112,Sharing and Caring - Clarkesville,479895,,FP/GNAP/USDA,FOOD PANTRY-Agency,GNAP,N-40-10001,3,0,0,0.0,81,HABERSHAM,0.0,3/19/2024 8:49,3/19/2024 8:09,Price Code 1,CUSTOMER PICKUP,False,Rabun Warehouse,02,30523.0,Clarkesville,GNAP APPLE SAUCE,Dry Dry Dry Dry Fruits
329,181607,6201,O-109,Open Door Food Ministry (The Torch Church of God),484211,,FP/GNAP/USDA,FOOD PANTRY-Agency,BLUE RECEIPT-SHL,C-28-90191,80,0,0,0.0,3760,HABERSHAM,0.0,5/30/2024 14:23,6/1/2024 9:10,Price Code 1,TRACTOR TRAILER 1 MOBILE PANTRY,False,Food Bank of Northeast Georgia,01,30531.0,Cornelia,CUCUMBERS,Cooled Cooled Cooled Cooled Vegetables
198,173927,4555,S-112,Sharing and Caring - Clarkesville,477556,,FP/GNAP/USDA,FOOD PANTRY-Agency,USDA,F-50-90042,4,0,0,28.8,160,HABERSHAM,0.18,2/6/2024 9:00,2/6/2024 8:13,Price Code 1,CUSTOMER PICKUP,False,Rabun Warehouse,02,30523.0,Clarkesville,USDA CHICKEN DRUMSTICKS CCC,Frozen Frozen Frozen Frozen Proteins
560,182182,1045,B-133,Ballew House Outreach,484786,,FP/OP/GNAP/USDA,FOOD PANTRY-Agency,BLUE RECEIPT-SHL,W-25-10009,7,0,0,1.26,7,HABERSHAM,0.18,6/13/2024 13:49,6/13/2024 11:52,Price Code 1,CUSTOMER PICKUP,False,Sharing Floor Rabun,02-SH,30510.0,Alto,"ASSORTED SNACK ITEMS, SHL",Dry Dry Dry Dry Food Misc.
329,177876,5407,O-109,Open Door Food Ministry (The Torch Church of God),480495,,FP/GNAP/USDA,FOOD PANTRY-Agency,BLUE RECEIPT-SHL,F-15-10000,851,0,0,85.1,851,HABERSHAM,0.1,3/26/2024 14:23,3/26/2024 9:47,Price Code 1,TRUCK 1,False,Food Bank of Northeast Georgia,01,30531.0,Cornelia,"MEAT & SEAFOOD, FROZEN SHL",Frozen Frozen Frozen Frozen Proteins
188,180408,9044,S-102,Sharing and Caring - Cornelia,483014,,FP/GNAP/USDA,FOOD PANTRY-Agency,GNAP,N-40-10278,10,0,0,0.0,80,HABERSHAM,0.0,5/15/2024 8:30,5/15/2024 7:19,Price Code 1,CONTACT FOR DELIVERY,False,Rabun Warehouse,02,30531.0,Cornelia,"GNAP PASTA SIDE, ALFREDO ",Dry Dry Dry Dry Prepared Meals
329,179922,5958,O-109,Open Door Food Ministry (The Torch Church of God),482533,,FP/GNAP/USDA,FOOD PANTRY-Agency,BLUE RECEIPT-SHL,C-16-10001,1047,0,0,0.0,1047,HABERSHAM,0.0,5/4/2024 7:00,5/4/2024 6:01,Price Code 1,TRACTOR TRAILER 1 MOBILE PANTRY,False,Food Bank of Northeast Georgia,01,30531.0,Cornelia,"COOLER FOOD, MISC. SHL",Cooled Cooled Cooled Cooled Food Misc.
329,172495,8765,O-109,Open Door Food Ministry (The Torch Church of God),476126,,FP/GNAP/USDA,FOOD PANTRY-Agency,USDA,N-50-10307,25,0,0,0.0,675,HABERSHAM,0.0,1/6/2024 7:00,1/9/2024 11:26,Price Code 1,TRUCK 1 MOBILE PANTRY,False,Food Bank of Northeast Georgia,01,30531.0,Cornelia,"USDA LIGHT RED KIDNEY BEANS, LOW SODIUM",Dry Dry Dry Dry Proteins
649,180418,9046,G-132,Glade Creek Baptist Church,483024,,FP/GNAP/USDA,FAITH-BASED-Agency,GNAP,N-40-10280,2,0,0,0.0,20,HABERSHAM,0.0,5/14/2024 8:30,5/14/2024 7:27,Price Code 1,CONTACT FOR DELIVERY,False,Rabun Warehouse,02,30563.0,Mt Airy,GNAP CHEESEBURGER DINNER,Dry Dry Dry Dry Prepared Meals
198,173448,875,S-112,Sharing and Caring - Clarkesville,477077,,FP/GNAP/USDA,FOOD PANTRY-Agency,BLUE RECEIPT-SHL,W-04-10000,73,0,0,0.0,73,HABERSHAM,0.0,1/23/2024 13:49,1/23/2024 8:53,Price Code 1,CUSTOMER PICKUP,False,Sharing Floor Rabun,02-SH,30523.0,Clarkesville,"BREAD & BAKERY, ASSORTED SHL",Dry Dry Dry Dry Grains
55,180643,8971,C-116,Circle of Hope,FAIMPORT483249,,ON PREMISES (OP),SHELTER-Agency,BLUE RECEIPT-SHL,MCF-16-10001,233,0,0,0.0,233,HABERSHAM,0.0,5/9/2024 0:00,5/9/2024 0:00,Price Code 1,CUSTOMER PICKUP,False,Food Bank of Northeast Georgia,01,30531.0,Cornelia,"FROZEN FOODS, MISC SHL RETAIL PICKUP",Dry Dry Dry Dry Food Misc.
198,179284,8997,S-112,Sharing and Caring - Clarkesville,481897,,FP/GNAP/USDA,FOOD PANTRY-Agency,USDA,N-50-10312,4,0,0,8.64,48,HABERSHAM,0.18,4/23/2024 13:49,4/23/2024 8:31,Price Code 1,CUSTOMER PICKUP,False,Rabun Warehouse,02,30523.0,Clarkesville,USDA CHILI W/ BEANS CCC,Dry Dry Dry Dry Prepared Meals
750,178253,5388,C-176,Cornelia United Methodist Church,480869,,FP/OP,FOOD PANTRY-Agency,BLUE RECEIPT-SHL,F-16-10001,52,0,0,9.36,52,HABERSHAM,0.18,4/3/2024 12:32,4/3/2024 13:25,Price Code 1,CUSTOMER PICKUP,False,Sharing Floor Rabun,02-SH,30531.0,Cornelia,"ASSORTED FROZEN FOODS, SHL",Frozen Frozen Frozen Frozen Food Misc.
188,173898,3122,S-102,Sharing and Caring - Cornelia,477527,,FP/GNAP/USDA,FOOD PANTRY-Agency,GNAP,N-40-10174,20,0,0,28.0,280,HABERSHAM,0.1,2/7/2024 8:30,2/7/2024 9:22,Price Code 1,CONTACT FOR DELIVERY,False,Rabun Warehouse,02,30531.0,Cornelia,"GNAP BLACKEYE PEAS, LOW SODIUM",Dry Dry Dry Dry Proteins
198,181119,1045,S-112,Sharing and Caring - Clarkesville,483724,,FP/GNAP/USDA,FOOD PANTRY-Agency,BLUE RECEIPT-SHL,W-25-10009,29,0,0,5.22,29,HABERSHAM,0.18,5/21/2024 13:49,5/21/2024 8:40,Price Code 1,CUSTOMER PICKUP,False,Sharing Floor Rabun,02-SH,30523.0,Clarkesville,"ASSORTED SNACK ITEMS, SHL",Dry Dry Dry Dry Food Misc.
649,175473,8720,G-132,Glade Creek Baptist Church,478102,,FP/GNAP/USDA,FAITH-BASED-Agency,USDA,N-50-10305,8,0,0,20.16,112,HABERSHAM,0.18,2/15/2024 9:25,2/15/2024 6:58,Price Code 1,CONTACT FOR DELIVERY,False,Rabun Warehouse,02,30563.0,Mt Airy,USDA MIXED VegetablesCCC,Dry Dry Dry Dry Vegetables
665,175261,875,C-173,Clarkesville Church of God,477890,,FP/GNAP/USDA,FAITH-BASED-Agency,BLUE RECEIPT-SHL,W-04-10000,40,0,0,0.0,40,HABERSHAM,0.0,2/7/2024 9:35,2/7/2024 8:29,Price Code 1,CUSTOMER PICKUP,False,Sharing Floor Athens,01-SH,30523.0,Clarkesville,"BREAD & BAKERY, ASSORTED SHL",Dry Dry Dry Dry Grains
188,172912,5407,S-102,Sharing and Caring - Cornelia,476543,,FP/GNAP/USDA,FOOD PANTRY-Agency,BLUE RECEIPT-SHL,F-15-10000,206,0,0,37.08,206,HABERSHAM,0.18,1/11/2024 13:47,1/11/2024 8:24,Price Code 1,CUSTOMER PICKUP,False,Sharing Floor Athens,01-SH,30531.0,Cornelia,"MEAT & SEAFOOD, FROZEN SHL",Frozen Frozen Frozen Frozen Proteins
665,175966,8963,C-173,Clarkesville Church of God,478594,,FP/GNAP/USDA,FAITH-BASED-Agency,YELLOW RECEIPT - SHN,N-25-11960,1,0,0,1.98,11,HABERSHAM,0.18,3/6/2024 9:35,3/11/2024 9:35,Price Code 1,CUSTOMER PICKUP,False,Food Bank of Northeast Georgia,01,30523.0,Clarkesville,"TAPIOCA PUDDING, BEST CHOICE",Dry Dry Dry Dry Food Misc.
665,178129,3122,C-173,Clarkesville Church of God,480748,,FP/GNAP/USDA,FAITH-BASED-Agency,GNAP,N-40-10174,2,0,0,0.0,28,HABERSHAM,0.0,4/10/2024 9:35,4/10/2024 9:20,Price Code 1,CUSTOMER PICKUP,False,Food Bank of Northeast Georgia,01,30523.0,Clarkesville,"GNAP BLACKEYE PEAS, LOW SODIUM",Dry Dry Dry Dry Proteins
750,177658,1045,C-176,Cornelia United Methodist Church,480278,,FP/OP,FOOD PANTRY-Agency,BLUE RECEIPT-SHL,W-25-10009,189,0,0,34.02,189,HABERSHAM,0.18,3/20/2024 12:32,3/20/2024 13:31,Price Code 1,CUSTOMER PICKUP,False,Sharing Floor Rabun,02-SH,30531.0,Cornelia,"ASSORTED SNACK ITEMS, SHL",Dry Dry Dry Dry Food Misc.
268,175617,5388,V-100,Victory Home / Helping Hand,478245,,ON PREMISES (OP),REHAB-Agency,BLUE RECEIPT-SHL,F-16-10001,72,0,0,12.96,72,HABERSHAM,0.18,2/14/2024 13:55,2/14/2024 10:06,Price Code 1,CUSTOMER PICKUP,False,Sharing Floor Rabun,02-SH,30573.0,Tallulah Falls,"ASSORTED FROZEN FOODS, SHL",Frozen Frozen Frozen Frozen Food Misc.
329,175298,842,O-109,Open Door Food Ministry (The Torch Church of God),477927,,FP/GNAP/USDA,FOOD PANTRY-Agency,USDA,N-50-10021,10,0,0,48.6,270,HABERSHAM,0.18,2/12/2024 14:23,2/12/2024 8:10,Price Code 1,CONTACT FOR DELIVERY,False,Rabun Warehouse,02,30531.0,Cornelia,USDA DICED TOMATOES NO SALT CCC,Dry Dry Dry Dry Vegetables
1024,181633,8783,L-119,Life Church Baldwin,484237,,FP/USDA,MOBILE PANTRY-Agency,USDA,N-50-10308,5,0,0,20.7,115,HABERSHAM,0.18,6/4/2024 10:00,6/7/2024 7:07,Price Code 1,CUSTOMER PICKUP,False,Rabun Warehouse,02,30511.0,Baldwin,USDA RAISINS,Dry Dry Dry Dry Fruits
869,173465,5407,H-152,Homestead Recovery for Women,477094,,ON PREMISES (OP),REHAB-Agency,BLUE RECEIPT-SHL,F-15-10000,30,0,0,5.4,30,HABERSHAM,0.18,1/23/2024 10:35,1/23/2024 10:37,Price Code 1,CUSTOMER PICKUP,False,Sharing Floor Athens,01-SH,30523.0,Clarkesville,"MEAT & SEAFOOD, FROZEN SHL",Frozen Frozen Frozen Frozen Proteins
329,172495,5407,O-109,Open Door Food Ministry (The Torch Church of God),476126,,FP/GNAP/USDA,FOOD PANTRY-Agency,BLUE RECEIPT-SHL,F-15-10000,3267,0,0,0.0,3267,HABERSHAM,0.0,1/6/2024 7:00,1/9/2024 11:26,Price Code 1,TRUCK 1 MOBILE PANTRY,False,Food Bank of Northeast Georgia,01,30531.0,Cornelia,"MEAT & SEAFOOD, FROZEN SHL",Frozen Frozen Frozen Frozen Proteins
556,181279,8975,P-123,"Pilgrim Ministries, Inc.",FAIMPORT483884,,ON PREMISES (OP),REHAB-Agency,BLUE RECEIPT-SHL,MCC-07-10001,6,0,0,0.0,6,HABERSHAM,0.0,5/20/2024 0:00,5/20/2024 0:00,Price Code 1,CUSTOMER PICKUP,False,Food Bank of Northeast Georgia,01,30523.0,Clarkesville,"DAIRY PRODUCTS, SHL RETAIL PICKUPS",Dry Dry Dry Dry Dairy
198,177113,5388,S-112,Sharing and Caring - Clarkesville,479734,,FP/GNAP/USDA,FOOD PANTRY-Agency,BLUE RECEIPT-SHL,F-16-10001,54,0,0,9.72,54,HABERSHAM,0.18,3/12/2024 13:49,3/12/2024 8:27,Price Code 1,CUSTOMER PICKUP,False,Sharing Floor Rabun,02-SH,30523.0,Clarkesville,"ASSORTED FROZEN FOODS, SHL",Frozen Frozen Frozen Frozen Food Misc.
665,178129,4195,C-173,Clarkesville Church of God,480748,,FP/GNAP/USDA,FAITH-BASED-Agency,BLUE RECEIPT-SHL,N-03-11030,2,0,0,0.0,40,HABERSHAM,0.0,4/10/2024 9:35,4/10/2024 9:20,Price Code 1,CUSTOMER PICKUP,False,Food Bank of Northeast Georgia,01,30523.0,Clarkesville,DIET COKE,Dry Dry Dry Dry Beverages
902,177302,5407,T-123,"The Lord's Help, Inc.",479922,,ON PREMISES (OP),SOUP KITCHEN-Agency,BLUE RECEIPT-SHL,F-15-10000,35,0,0,6.3,35,HABERSHAM,0.18,3/14/2024 15:19,3/14/2024 10:30,Price Code 1,CUSTOMER PICKUP,False,Sharing Floor Athens,01-SH,30531.0,Cornelia,"MEAT & SEAFOOD, FROZEN SHL",Frozen Frozen Frozen Frozen Proteins
268,176751,5938,V-100,Victory Home / Helping Hand,479374,,ON PREMISES (OP),REHAB-Agency,BLUE RECEIPT-SHL,C-28-10001,29,0,0,0.87,29,HABERSHAM,0.03,3/6/2024 13:55,3/6/2024 10:04,Price Code 1,CUSTOMER PICKUP,False,Sharing Floor Rabun,02-SH,30573.0,Tallulah Falls,"PRODUCE, FRESH SHL",Cooled Cooled Cooled Cooled Mixed Produce
329,178777,5388,O-109,Open Door Food Ministry (The Torch Church of God),481391,,FP/GNAP/USDA,FOOD PANTRY-Agency,BLUE RECEIPT-SHL,F-16-10001,6541,0,0,0.0,6541,HABERSHAM,0.0,4/11/2024 14:23,4/11/2024 7:10,Price Code 1,TRUCK 1 MOBILE PANTRY,False,Food Bank of Northeast Georgia,01,30531.0,Cornelia,"ASSORTED FROZEN FOODS, SHL",Frozen Frozen Frozen Frozen Food Misc.
268,180864,688,V-100,Victory Home / Helping Hand,483470,,ON PREMISES (OP),REHAB-Agency,BLUE RECEIPT-SHL,W-01-10000,6,0,0,1.08,6,HABERSHAM,0.18,5/15/2024 13:55,5/15/2024 10:56,Price Code 1,CUSTOMER PICKUP,False,Sharing Floor Rabun,02-SH,30573.0,Tallulah Falls,"ASSORTED NON-FOOD ITEMS, SHL",Dry Dry Dry Dry Non-Food Misc.
198,173098,1045,S-112,Sharing and Caring - Clarkesville,476728,,FP/GNAP/USDA,FOOD PANTRY-Agency,BLUE RECEIPT-SHL,W-25-10009,69,0,0,12.42,69,HABERSHAM,0.18,1/16/2024 13:49,1/16/2024 9:00,Price Code 1,CUSTOMER PICKUP,False,Sharing Floor Rabun,02-SH,30523.0,Clarkesville,"ASSORTED SNACK ITEMS, SHL",Dry Dry Dry Dry Food Misc.
665,175966,8985,C-173,Clarkesville Church of God,478594,,FP/GNAP/USDA,FAITH-BASED-Agency,BLUE RECEIPT-SHL,C-14-90150,1,0,0,1.7,34,HABERSHAM,0.05,3/6/2024 9:35,3/11/2024 9:35,Price Code 1,CUSTOMER PICKUP,False,Food Bank of Northeast Georgia,01,30523.0,Clarkesville,MINUTE MAID STRAWBERRY LEMONADE,Cooled Cooled Cooled Cooled Beverages
198,182092,5388,S-112,Sharing and Caring - Clarkesville,484696,,FP/GNAP/USDA,FOOD PANTRY-Agency,BLUE RECEIPT-SHL,F-16-10001,63,0,0,11.34,63,HABERSHAM,0.18,6/11/2024 13:49,6/11/2024 8:03,Price Code 1,CUSTOMER PICKUP,False,Sharing Floor Rabun,02-SH,30523.0,Clarkesville,"ASSORTED FROZEN FOODS, SHL",Frozen Frozen Frozen Frozen Food Misc.
560,180191,9029,B-133,Ballew House Outreach,482797,,FP/OP/GNAP/USDA,FOOD PANTRY-Agency,YELLOW RECEIPT - SHN,N-25-11971,1,0,0,1.44,8,HABERSHAM,0.18,5/9/2024 11:00,5/9/2024 11:28,Price Code 1,CUSTOMER PICKUP,False,Rabun Warehouse,02,30510.0,Alto,BIGS JUMBO SUNFLOWER KERNELS,Dry Dry Dry Dry Proteins
198,179026,688,S-112,Sharing and Caring - Clarkesville,481640,,FP/GNAP/USDA,FOOD PANTRY-Agency,BLUE RECEIPT-SHL,W-01-10000,49,0,0,8.82,49,HABERSHAM,0.18,4/16/2024 13:49,4/16/2024 8:32,Price Code 1,CUSTOMER PICKUP,False,Sharing Floor Rabun,02-SH,30523.0,Clarkesville,"ASSORTED NON-FOOD ITEMS, SHL",Dry Dry Dry Dry Non-Food Misc.
268,172858,5938,V-100,Victory Home / Helping Hand,476489,,ON PREMISES (OP),REHAB-Agency,BLUE RECEIPT-SHL,C-28-10001,65,0,0,1.95,65,HABERSHAM,0.03,1/10/2024 13:55,1/10/2024 10:35,Price Code 1,CUSTOMER PICKUP,False,Sharing Floor Rabun,02-SH,30573.0,Tallulah Falls,"PRODUCE, FRESH SHL",Cooled Cooled Cooled Cooled Mixed Produce
902,180007,8975,T-123,"The Lord's Help, Inc.",FAIMPORT482615,,ON PREMISES (OP),SOUP KITCHEN-Agency,BLUE RECEIPT-SHL,MCC-07-10001,175,0,0,0.0,175,HABERSHAM,0.0,4/30/2024 0:00,4/30/2024 0:00,Price Code 1,CUSTOMER PICKUP,False,Food Bank of Northeast Georgia,01,30531.0,Cornelia,"DAIRY PRODUCTS, SHL RETAIL PICKUPS",Dry Dry Dry Dry Dairy
198,179526,6831,S-112,Sharing and Caring - Clarkesville,482139,,FP/GNAP/USDA,FOOD PANTRY-Agency,USDA,C-50-10025,2,0,0,8.4,84,HABERSHAM,0.1,4/30/2024 21:00,4/30/2024 8:32,Price Code 1,CUSTOMER PICKUP,False,Rabun Warehouse,02,30523.0,Clarkesville,USDA APPLES,Cooled Cooled Cooled Cooled Fruits
632,181062,7083,H-141,Hazel Creek Baptist Church,483667,,FP/USDA,FOOD PANTRY-Agency,USDA,C-50-10029,4,0,0,8.64,48,HABERSHAM,0.18,5/22/2024 14:00,5/30/2024 12:36,Price Code 1,CUSTOMER PICKUP,False,Rabun Warehouse,02,30563.0,Mt. Airy,"USDA MILD CHEDDAR CHEESE, BLOCK CCC",Cooled Cooled Cooled Cooled Dairy
632,181062,8995,H-141,Hazel Creek Baptist Church,483667,,FP/USDA,FOOD PANTRY-Agency,BLUE RECEIPT-SHL,N-21-10067,2,0,0,1.8,10,HABERSHAM,0.18,5/22/2024 14:00,5/30/2024 12:36,Price Code 1,CUSTOMER PICKUP,False,Rabun Warehouse,02,30563.0,Mt. Airy,"RAMEN, MARUCHAN SHRIMP",Dry Dry Dry Dry Prepared Meals
198,178833,2202,S-112,Sharing and Caring - Clarkesville,481447,,FP/GNAP/USDA,FOOD PANTRY-Agency,USDA,N-50-10240,3,0,0,11.88,66,HABERSHAM,0.18,4/16/2024 13:49,4/16/2024 8:04,Price Code 1,CUSTOMER PICKUP,False,Rabun Warehouse,02,30523.0,Clarkesville,USDA SPAGHETTI,Dry Dry Dry Dry Grains
188,175954,8906,S-102,Sharing and Caring - Cornelia,478582,,FP/GNAP/USDA,FOOD PANTRY-Agency,GNAP,N-40-10266,10,0,0,0.0,200,HABERSHAM,0.0,3/6/2024 9:00,3/6/2024 13:08,Price Code 1,CONTACT FOR DELIVERY,False,Rabun Warehouse,02,30531.0,Cornelia,GNAP SPAGHETTI,Dry Dry Dry Dry Grains
665,178999,4449,C-173,Clarkesville Church of God,481613,,FP/GNAP/USDA,FAITH-BASED-Agency,USDA,F-50-90445,1,0,0,4.1,41,HABERSHAM,0.1,4/24/2024 9:35,4/24/2024 8:54,Price Code 1,CUSTOMER PICKUP,False,Food Bank of Northeast Georgia,01,30523.0,Clarkesville,USDA FULLY COOKED PULLED PORK CCC,Frozen Frozen Frozen Frozen Proteins
198,180855,3139,S-112,Sharing and Caring - Clarkesville,483461,,FP/GNAP/USDA,FOOD PANTRY-Agency,USDA,N-50-10290,2,0,0,9.0,50,HABERSHAM,0.18,5/21/2024 8:30,5/21/2024 8:50,Price Code 1,CUSTOMER PICKUP,False,Rabun Warehouse,02,30523.0,Clarkesville,USDA WHOLE ALMONDS DRY ROASTED,Dry Dry Dry Dry Proteins
665,173122,5637,C-173,Clarkesville Church of God,476752,,FP/GNAP/USDA,FAITH-BASED-Agency,USDA,F-50-90019,2,0,0,0.0,60,HABERSHAM,0.0,1/23/2024 9:35,1/23/2024 9:34,Price Code 1,CUSTOMER PICKUP,False,Food Bank of Northeast Georgia,01,30523.0,Clarkesville,USDA FROZEN BLUEBERRIES CCC,Frozen Frozen Frozen Frozen Fruits
750,175967,875,C-176,Cornelia United Methodist Church,478595,,FP/OP,FOOD PANTRY-Agency,BLUE RECEIPT-SHL,W-04-10000,32,0,0,0.0,32,HABERSHAM,0.0,2/21/2024 12:32,2/21/2024 13:22,Price Code 1,CUSTOMER PICKUP,False,Sharing Floor Rabun,02-SH,30531.0,Cornelia,"BREAD & BAKERY, ASSORTED SHL",Dry Dry Dry Dry Grains
268,173529,688,V-100,Victory Home / Helping Hand,477158,,ON PREMISES (OP),REHAB-Agency,BLUE RECEIPT-SHL,W-01-10000,55,0,0,9.9,55,HABERSHAM,0.18,1/24/2024 13:55,1/24/2024 10:08,Price Code 1,CUSTOMER PICKUP,False,Sharing Floor Rabun,02-SH,30573.0,Tallulah Falls,"ASSORTED NON-FOOD ITEMS, SHL",Dry Dry Dry Dry Non-Food Misc.
1024,173890,7082,L-119,Life Church Baldwin,477519,,FP/USDA,MOBILE PANTRY-Agency,USDA,C-50-10033,30,0,0,0.0,360,HABERSHAM,0.0,2/9/2024 8:39,2/9/2024 15:24,Price Code 1,CONTACT FOR DELIVERY,False,Rabun Warehouse,02,30511.0,Baldwin,USDA SHREDDED YELLOW CHEDDAR CHEESE CCC,Cooled Cooled Cooled Cooled Dairy
665,177035,5407,C-173,Clarkesville Church of God,479657,,FP/GNAP/USDA,FAITH-BASED-Agency,BLUE RECEIPT-SHL,F-15-10000,182,0,0,32.76,182,HABERSHAM,0.18,3/11/2024 9:35,3/11/2024 8:43,Price Code 1,CUSTOMER PICKUP,False,Sharing Floor Athens,01-SH,30523.0,Clarkesville,"MEAT & SEAFOOD, FROZEN SHL",Frozen Frozen Frozen Frozen Proteins
665,180195,4737,C-173,Clarkesville Church of God,482801,,FP/GNAP/USDA,FAITH-BASED-Agency,USDA,F-50-90456,1,0,0,7.2,40,HABERSHAM,0.18,5/8/2024 10:20,5/8/2024 9:02,Price Code 1,CUSTOMER PICKUP,False,Food Bank of Northeast Georgia,01,30523.0,Clarkesville,USDA PORK PATTY,Frozen Frozen Frozen Frozen Proteins
623,180390,1674,C-171,Clarkesville Soup Kitchen,482996,,OP/USDA,SOUP KITCHEN-Agency,USDA,N-50-10073,4,0,0,19.44,108,HABERSHAM,0.18,5/20/2024 10:00,5/20/2024 10:24,Price Code 1,CUSTOMER PICKUP,False,Rabun Warehouse,02,30523.0,Clarkesville,USDA TOMATO SAUCE,Dry Dry Dry Dry Vegetables
665,173122,8761,C-173,Clarkesville Church of God,476752,,FP/GNAP/USDA,FAITH-BASED-Agency,USDA,N-50-10306,1,0,0,4.5,25,HABERSHAM,0.18,1/23/2024 9:35,1/23/2024 9:34,Price Code 1,CUSTOMER PICKUP,False,Food Bank of Northeast Georgia,01,30523.0,Clarkesville,USDA WHOLE DEGLET DATES,Dry Dry Dry Dry Fruits
329,179922,1791,O-109,Open Door Food Ministry (The Torch Church of God),482533,,FP/GNAP/USDA,FOOD PANTRY-Agency,USDA,N-50-10079,25,0,0,0.0,650,HABERSHAM,0.0,5/4/2024 7:00,5/4/2024 6:01,Price Code 1,TRACTOR TRAILER 1 MOBILE PANTRY,False,Food Bank of Northeast Georgia,01,30531.0,Cornelia,USDA WALNUT HALVES AND PIECES,Dry Dry Dry Dry Proteins
188,173010,7082,S-102,Sharing and Caring - Cornelia,476640,,FP/GNAP/USDA,FOOD PANTRY-Agency,USDA,C-50-10033,12,0,0,0.0,144,HABERSHAM,0.0,1/19/2024 9:00,1/19/2024 7:01,Price Code 1,CONTACT FOR DELIVERY,False,Rabun Warehouse,02,30531.0,Cornelia,USDA SHREDDED YELLOW CHEDDAR CHEESE CCC,Cooled Cooled Cooled Cooled Dairy
665,181177,5407,C-173,Clarkesville Church of God,483782,,FP/GNAP/USDA,FAITH-BASED-Agency,BLUE RECEIPT-SHL,F-15-10000,234,0,0,42.12,234,HABERSHAM,0.18,5/22/2024 9:35,5/22/2024 8:43,Price Code 1,CUSTOMER PICKUP,False,Sharing Floor Athens,01-SH,30523.0,Clarkesville,"MEAT & SEAFOOD, FROZEN SHL",Frozen Frozen Frozen Frozen Proteins
902,173202,5958,T-123,"The Lord's Help, Inc.",476832,,ON PREMISES (OP),SOUP KITCHEN-Agency,BLUE RECEIPT-SHL,C-16-10001,55,0,0,9.9,55,HABERSHAM,0.18,1/17/2024 15:19,1/17/2024 14:33,Price Code 1,CUSTOMER PICKUP,False,Sharing Floor Athens,01-SH,30531.0,Cornelia,"COOLER FOOD, MISC. SHL",Cooled Cooled Cooled Cooled Food Misc.
665,175562,7177,C-173,Clarkesville Church of God,478190,,FP/GNAP/USDA,FAITH-BASED-Agency,GNAP,N-40-10237,3,0,0,0.0,81,HABERSHAM,0.0,2/21/2024 9:35,2/21/2024 8:54,Price Code 1,CUSTOMER PICKUP,False,Food Bank of Northeast Georgia,01,30523.0,Clarkesville,GNAP SWEET POTATO IN LIGHT SYRUP,Dry Dry Dry Dry Potatoes
198,177656,6831,S-112,Sharing and Caring - Clarkesville,480276,,FP/GNAP/USDA,FOOD PANTRY-Agency,USDA,C-50-10025,1,0,0,4.2,42,HABERSHAM,0.1,3/26/2024 13:49,3/26/2024 8:12,Price Code 1,CUSTOMER PICKUP,False,Rabun Warehouse,02,30523.0,Clarkesville,USDA APPLES,Cooled Cooled Cooled Cooled Fruits
560,175345,688,B-133,Ballew House Outreach,477974,,FP/OP/GNAP/USDA,FOOD PANTRY-Agency,BLUE RECEIPT-SHL,W-01-10000,12,0,0,2.16,12,HABERSHAM,0.18,2/8/2024 13:49,2/8/2024 11:38,Price Code 1,CUSTOMER PICKUP,False,Sharing Floor Rabun,02-SH,30510.0,Alto,"ASSORTED NON-FOOD ITEMS, SHL",Dry Dry Dry Dry Non-Food Misc.
750,173559,683,C-176,Cornelia United Methodist Church,477188,,FP/OP,FOOD PANTRY-Agency,BLUE RECEIPT-SHL,W-16-10001,118,0,0,21.24,118,HABERSHAM,0.18,1/24/2024 12:32,1/24/2024 13:27,Price Code 1,CUSTOMER PICKUP,False,Sharing Floor Rabun,02-SH,30531.0,Cornelia,MISC. FOOD BOX SHL,Dry Dry Dry Dry Food Misc.
665,177367,4676,C-173,Clarkesville Church of God,479987,,FP/GNAP/USDA,FAITH-BASED-Agency,USDA,F-50-90031,1,0,0,0.0,24,HABERSHAM,0.0,3/20/2024 9:35,3/20/2024 9:12,Price Code 1,CUSTOMER PICKUP,False,Food Bank of Northeast Georgia,01,30523.0,Clarkesville,USDA FROZEN BLUEBERRIES CCC,Frozen Frozen Frozen Frozen Fruits
809,172709,5772,B-123,Breaking Chains Ministries d.b.a Freedom Hill,476340,,ON PREMISES (OP),REHAB-Agency,LOCAL - LL,C-28-10000,58,0,0,1.74,58,HABERSHAM,0.03,1/8/2024 9:19,1/8/2024 10:04,Price Code 1,CUSTOMER PICKUP,False,Sharing Floor Athens,01-SH,30535.0,Demorest,"PRODUCE, FRESH LL",Cooled Cooled Cooled Cooled Mixed Produce
665,181451,9073,C-173,Clarkesville Church of God,484055,,FP/GNAP/USDA,FAITH-BASED-Agency,USDA,C-50-10051,2,0,0,4.32,24,HABERSHAM,0.18,6/6/2024 8:00,6/6/2024 9:04,Price Code 1,CUSTOMER PICKUP,False,Food Bank of Northeast Georgia,01,30523.0,Clarkesville,USDA SHREDDED MOZZARELLA CHEESE CCC,Cooled Cooled Cooled Cooled Dairy
1024,176477,8783,L-119,Life Church Baldwin,479101,,FP/USDA,MOBILE PANTRY-Agency,USDA,N-50-10308,4,0,0,16.56,92,HABERSHAM,0.18,3/8/2024 0:00,3/11/2024 7:54,Price Code 1,CONTACT FOR DELIVERY,False,Rabun Warehouse,02,30511.0,Baldwin,USDA RAISINS,Dry Dry Dry Dry Fruits
750,177658,690,C-176,Cornelia United Methodist Church,480278,,FP/OP,FOOD PANTRY-Agency,BLUE RECEIPT-SHL,W-03-10013,29,0,0,0.87,29,HABERSHAM,0.03,3/20/2024 12:32,3/20/2024 13:31,Price Code 1,CUSTOMER PICKUP,False,Sharing Floor Rabun,02-SH,30531.0,Cornelia,"ASSORTED BEVERAGES, SHL",Dry Dry Dry Dry Beverages
665,173863,4852,C-173,Clarkesville Church of God,477492,,FP/GNAP/USDA,FAITH-BASED-Agency,USDA,F-50-90035,1,0,0,0.0,32,HABERSHAM,0.0,2/7/2024 9:35,2/7/2024 9:19,Price Code 1,CUSTOMER PICKUP,False,Food Bank of Northeast Georgia,01,30523.0,Clarkesville,USDA FROZEN CHERRIES CCC,Frozen Frozen Frozen Frozen Fruits
665,175261,5958,C-173,Clarkesville Church of God,477890,,FP/GNAP/USDA,FAITH-BASED-Agency,BLUE RECEIPT-SHL,C-16-10001,35,0,0,6.3,35,HABERSHAM,0.18,2/7/2024 9:35,2/7/2024 8:29,Price Code 1,CUSTOMER PICKUP,False,Sharing Floor Athens,01-SH,30523.0,Clarkesville,"COOLER FOOD, MISC. SHL",Cooled Cooled Cooled Cooled Food Misc.
329,173105,5388,O-109,Open Door Food Ministry (The Torch Church of God),476735,,FP/GNAP/USDA,FOOD PANTRY-Agency,BLUE RECEIPT-SHL,F-16-10001,885,0,0,88.5,885,HABERSHAM,0.1,1/16/2024 14:23,1/16/2024 10:03,Price Code 1,TRUCK 1,False,Food Bank of Northeast Georgia,01,30531.0,Cornelia,"ASSORTED FROZEN FOODS, SHL",Frozen Frozen Frozen Frozen Food Misc.
268,182485,690,V-100,Victory Home / Helping Hand,485089,,ON PREMISES (OP),REHAB-Agency,BLUE RECEIPT-SHL,W-03-10013,133,0,0,3.99,133,HABERSHAM,0.03,6/21/2024 13:55,6/21/2024 14:46,Price Code 1,CUSTOMER PICKUP,False,Sharing Floor Rabun,02-SH,30573.0,Tallulah Falls,"ASSORTED BEVERAGES, SHL",Dry Dry Dry Dry Beverages
665,180813,9056,C-173,Clarkesville Church of God,483419,,FP/GNAP/USDA,FAITH-BASED-Agency,GNAP,N-40-10286,2,0,0,0.0,44,HABERSHAM,0.0,5/22/2024 9:00,5/22/2024 9:20,Price Code 1,CUSTOMER PICKUP,False,Food Bank of Northeast Georgia,01,30523.0,Clarkesville,GNAP DICED PEAR CUPS,Dry Dry Dry Dry Fruits
665,177555,6937,C-173,Clarkesville Church of God,480175,,FP/GNAP/USDA,FAITH-BASED-Agency,BLUE RECEIPT-SHL,C-28-90385,1,0,0,0.0,52,HABERSHAM,0.0,3/20/2024 9:35,3/20/2024 9:10,Price Code 1,CUSTOMER PICKUP,False,Food Bank of Northeast Georgia,01,30523.0,Clarkesville,CELERY,Cooled Cooled Cooled Cooled Vegetables
665,180195,9042,C-173,Clarkesville Church of God,482801,,FP/GNAP/USDA,FAITH-BASED-Agency,GNAP,F-40-90059,4,0,0,0.0,96,HABERSHAM,0.0,5/8/2024 10:20,5/8/2024 9:02,Price Code 1,CUSTOMER PICKUP,False,Food Bank of Northeast Georgia,01,30523.0,Clarkesville,GNAP GROUND TURKEY CHUB 85/15,Frozen Frozen Frozen Frozen Proteins
329,173840,5088,O-109,Open Door Food Ministry (The Torch Church of God),477469,,FP/GNAP/USDA,FOOD PANTRY-Agency,USDA,F-50-90023,140,0,0,0.0,3500,HABERSHAM,0.0,2/3/2024 7:00,2/14/2024 13:16,Price Code 1,TRACTOR TRAILER 1 MOBILE PANTRY,False,Food Bank of Northeast Georgia,01,30531.0,Cornelia,USDA FROZEN PEACHES CCC,Frozen Frozen Frozen Frozen Fruits
623,179367,9014,C-171,Clarkesville Soup Kitchen,481980,,OP/USDA,SOUP KITCHEN-Agency,PURCH,N-27-10136,2,0,104,9.72,54,HABERSHAM,0.18,4/22/2024 11:47,4/22/2024 10:39,Price Code 1,CUSTOMER PICKUP,False,Sharing Floor Rabun,02-SH,30523.0,Clarkesville,"GREEN BEANS, HARVEST VALLEY",Dry Dry Dry Dry Vegetables
1024,173890,4555,L-119,Life Church Baldwin,477519,,FP/USDA,MOBILE PANTRY-Agency,USDA,F-50-90042,13,0,0,93.6,520,HABERSHAM,0.18,2/9/2024 8:39,2/9/2024 15:24,Price Code 1,CONTACT FOR DELIVERY,False,Rabun Warehouse,02,30511.0,Baldwin,USDA CHICKEN DRUMSTICKS CCC,Frozen Frozen Frozen Frozen Proteins
869,179673,875,H-152,Homestead Recovery for Women,482286,,ON PREMISES (OP),REHAB-Agency,BLUE RECEIPT-SHL,W-04-10000,16,0,0,0.0,16,HABERSHAM,0.0,4/26/2024 10:35,4/26/2024 11:33,Price Code 1,CUSTOMER PICKUP,False,Sharing Floor Athens,01-SH,30523.0,Clarkesville,"BREAD & BAKERY, ASSORTED SHL",Dry Dry Dry Dry Grains
623,179885,8497,C-171,Clarkesville Soup Kitchen,482496,,OP/USDA,SOUP KITCHEN-Agency,USDA,C-50-10048,3,0,0,4.8,96,HABERSHAM,0.05,5/6/2024 10:30,5/6/2024 10:06,Price Code 1,CUSTOMER PICKUP,False,Rabun Warehouse,02,30523.0,Clarkesville,USDA MANDARIN ORANGES,Cooled Cooled Cooled Cooled Fruits
632,177076,170,H-141,Hazel Creek Baptist Church,479698,,FP/USDA,FOOD PANTRY-Agency,USDA,N-50-10007,2,0,0,10.08,56,HABERSHAM,0.18,3/14/2024 8:32,3/14/2024 12:54,Price Code 1,CUSTOMER PICKUP,False,Rabun Warehouse,02,30563.0,Mt. Airy,"USDA CORN, WHOLE KERNEL NO SALT",Dry Dry Dry Dry Vegetables
329,173840,2960,O-109,Open Door Food Ministry (The Torch Church of God),477469,,FP/GNAP/USDA,FOOD PANTRY-Agency,USDA,N-50-10247,25,0,0,0.0,900,HABERSHAM,0.0,2/3/2024 7:00,2/14/2024 13:16,Price Code 1,TRACTOR TRAILER 1 MOBILE PANTRY,False,Food Bank of Northeast Georgia,01,30531.0,Cornelia,USDA BEEF STEW POUCHES CCC,Dry Dry Dry Dry Prepared Meals
188,175977,5388,S-102,Sharing and Caring - Cornelia,478605,,FP/GNAP/USDA,FOOD PANTRY-Agency,BLUE RECEIPT-SHL,F-16-10001,333,0,0,59.94,333,HABERSHAM,0.18,2/21/2024 13:47,2/21/2024 15:09,Price Code 1,CUSTOMER PICKUP,False,Sharing Floor Rabun,02-SH,30531.0,Cornelia,"ASSORTED FROZEN FOODS, SHL",Frozen Frozen Frozen Frozen Food Misc.
268,180864,1045,V-100,Victory Home / Helping Hand,483470,,ON PREMISES (OP),REHAB-Agency,BLUE RECEIPT-SHL,W-25-10009,30,0,0,5.4,30,HABERSHAM,0.18,5/15/2024 13:55,5/15/2024 10:56,Price Code 1,CUSTOMER PICKUP,False,Sharing Floor Rabun,02-SH,30573.0,Tallulah Falls,"ASSORTED SNACK ITEMS, SHL",Dry Dry Dry Dry Food Misc.
1024,180084,8995,L-119,Life Church Baldwin,482692,,FP/USDA,MOBILE PANTRY-Agency,BLUE RECEIPT-SHL,N-21-10067,10,0,0,9.0,50,HABERSHAM,0.18,5/10/2024 8:00,5/10/2024 14:24,Price Code 1,CUSTOMER PICKUP,False,Rabun Warehouse,02,30511.0,Baldwin,"RAMEN, MARUCHAN SHRIMP",Dry Dry Dry Dry Prepared Meals
665,180195,7167,C-173,Clarkesville Church of God,482801,,FP/GNAP/USDA,FAITH-BASED-Agency,BLUE RECEIPT-SHL,N-03-11200,4,0,0,0.0,40,HABERSHAM,0.0,5/8/2024 10:20,5/8/2024 9:02,Price Code 1,CUSTOMER PICKUP,False,Food Bank of Northeast Georgia,01,30523.0,Clarkesville,DR PEPPER ZERO SUGAR,Dry Dry Dry Dry Beverages
560,175085,7082,B-133,Ballew House Outreach,477715,,FP/OP/GNAP/USDA,FOOD PANTRY-Agency,USDA,C-50-10033,6,0,0,0.0,72,HABERSHAM,0.0,2/8/2024 13:49,2/8/2024 11:04,Price Code 1,CUSTOMER PICKUP,False,Rabun Warehouse,02,30510.0,Alto,USDA SHREDDED YELLOW CHEDDAR CHEESE CCC,Cooled Cooled Cooled Cooled Dairy
902,173202,5477,T-123,"The Lord's Help, Inc.",476832,,ON PREMISES (OP),SOUP KITCHEN-Agency,LOCAL - LL,F-15-10001,33,0,0,5.94,33,HABERSHAM,0.18,1/17/2024 15:19,1/17/2024 14:33,Price Code 1,CUSTOMER PICKUP,False,Sharing Floor Athens,01-SH,30531.0,Cornelia,"MEAT & SEAFOOD, FROZEN LOCAL",Frozen Frozen Frozen Frozen Proteins
665,172317,8719,C-173,Clarkesville Church of God,475948,,FP/GNAP/USDA,FAITH-BASED-Agency,GNAP,N-40-10265,4,0,0,5.2,52,HABERSHAM,0.1,1/10/2024 9:35,1/26/2024 8:59,Price Code 1,CUSTOMER PICKUP,False,Food Bank of Northeast Georgia,01,30523.0,Clarkesville,GNAP MINI BEEF RAVIOLI,Dry Dry Dry Dry Prepared Meals
1024,172708,8765,L-119,Life Church Baldwin,476339,,FP/USDA,MOBILE PANTRY-Agency,USDA,N-50-10307,9,0,0,43.74,243,HABERSHAM,0.18,1/11/2024 10:01,1/12/2024 14:52,Price Code 1,CONTACT FOR DELIVERY,False,Rabun Warehouse,02,30511.0,Baldwin,"USDA LIGHT RED KIDNEY BEANS, LOW SODIUM",Dry Dry Dry Dry Proteins
329,182309,6283,O-109,Open Door Food Ministry (The Torch Church of God),484913,,FP/GNAP/USDA,FOOD PANTRY-Agency,BLUE RECEIPT-SHL,C-28-90175,50,0,0,0.0,2250,HABERSHAM,0.0,6/18/2024 10:00,6/18/2024 9:03,Price Code 1,TRUCK 1,False,Food Bank of Northeast Georgia,01,30531.0,Cornelia,SELECT CUCUMBERS,Cooled Cooled Cooled Cooled Vegetables
329,181607,3139,O-109,Open Door Food Ministry (The Torch Church of God),484211,,FP/GNAP/USDA,FOOD PANTRY-Agency,USDA,N-50-10290,50,0,0,0.0,1250,HABERSHAM,0.0,5/30/2024 14:23,6/1/2024 9:10,Price Code 1,TRACTOR TRAILER 1 MOBILE PANTRY,False,Food Bank of Northeast Georgia,01,30531.0,Cornelia,USDA WHOLE ALMONDS DRY ROASTED,Dry Dry Dry Dry Proteins
623,181791,9014,C-171,Clarkesville Soup Kitchen,484395,,OP/USDA,SOUP KITCHEN-Agency,PURCH,N-27-10136,2,0,104,9.72,54,HABERSHAM,0.18,6/3/2024 11:47,6/3/2024 10:18,Price Code 1,CUSTOMER PICKUP,False,Sharing Floor Rabun,02-SH,30523.0,Clarkesville,"GREEN BEANS, HARVEST VALLEY",Dry Dry Dry Dry Vegetables
198,179526,9029,S-112,Sharing and Caring - Clarkesville,482139,,FP/GNAP/USDA,FOOD PANTRY-Agency,YELLOW RECEIPT - SHN,N-25-11971,8,0,0,11.52,64,HABERSHAM,0.18,4/30/2024 21:00,4/30/2024 8:32,Price Code 1,CUSTOMER PICKUP,False,Rabun Warehouse,02,30523.0,Clarkesville,BIGS JUMBO SUNFLOWER KERNELS,Dry Dry Dry Dry Proteins
556,176899,683,P-123,"Pilgrim Ministries, Inc.",479521,,ON PREMISES (OP),REHAB-Agency,BLUE RECEIPT-SHL,W-16-10001,93,0,0,16.74,93,HABERSHAM,0.18,3/8/2024 14:14,3/8/2024 9:01,Price Code 1,CUSTOMER PICKUP,False,Sharing Floor Rabun,02-SH,30523.0,Clarkesville,MISC. FOOD BOX SHL,Dry Dry Dry Dry Food Misc.
329,178777,875,O-109,Open Door Food Ministry (The Torch Church of God),481391,,FP/GNAP/USDA,FOOD PANTRY-Agency,BLUE RECEIPT-SHL,W-04-10000,682,0,0,0.0,682,HABERSHAM,0.0,4/11/2024 14:23,4/11/2024 7:10,Price Code 1,TRUCK 1 MOBILE PANTRY,False,Food Bank of Northeast Georgia,01,30531.0,Cornelia,"BREAD & BAKERY, ASSORTED SHL",Dry Dry Dry Dry Grains
55,173403,5388,C-116,Circle of Hope,477032,,ON PREMISES (OP),SHELTER-Agency,BLUE RECEIPT-SHL,F-16-10001,37,0,0,6.66,37,HABERSHAM,0.18,1/22/2024 12:27,1/22/2024 11:39,Price Code 1,CUSTOMER PICKUP,False,Sharing Floor Rabun,02-SH,30531.0,Cornelia,"ASSORTED FROZEN FOODS, SHL",Frozen Frozen Frozen Frozen Food Misc.
750,173922,683,C-176,Cornelia United Methodist Church,477551,,FP/OP,FOOD PANTRY-Agency,BLUE RECEIPT-SHL,W-16-10001,631,0,0,113.58,631,HABERSHAM,0.18,1/31/2024 12:32,1/31/2024 14:39,Price Code 1,CUSTOMER PICKUP,False,Sharing Floor Rabun,02-SH,30531.0,Cornelia,MISC. FOOD BOX SHL,Dry Dry Dry Dry Food Misc.
1024,181633,1047,L-119,Life Church Baldwin,484237,,FP/USDA,MOBILE PANTRY-Agency,USDA,N-50-10041,5,0,0,44.1,245,HABERSHAM,0.18,6/4/2024 10:00,6/7/2024 7:07,Price Code 1,CUSTOMER PICKUP,False,Rabun Warehouse,02,30511.0,Baldwin,USDA RICE,Dry Dry Dry Dry Grains
188,180781,5388,S-102,Sharing and Caring - Cornelia,483387,,FP/GNAP/USDA,FOOD PANTRY-Agency,BLUE RECEIPT-SHL,F-16-10001,171,0,0,30.78,171,HABERSHAM,0.18,5/14/2024 13:47,5/14/2024 10:10,Price Code 1,CUSTOMER PICKUP,False,Sharing Floor Rabun,02-SH,30531.0,Cornelia,"ASSORTED FROZEN FOODS, SHL",Frozen Frozen Frozen Frozen Food Misc.
268,172858,50,V-100,Victory Home / Helping Hand,476489,,ON PREMISES (OP),REHAB-Agency,LOCAL - LL,W-16-10002,131,0,0,23.58,131,HABERSHAM,0.18,1/10/2024 13:55,1/10/2024 10:35,Price Code 1,CUSTOMER PICKUP,False,Sharing Floor Rabun,02-SH,30573.0,Tallulah Falls,MISC. FOOD BOX LL,Dry Dry Dry Dry Food Misc.
632,181062,3139,H-141,Hazel Creek Baptist Church,483667,,FP/USDA,FOOD PANTRY-Agency,USDA,N-50-10290,2,0,0,9.0,50,HABERSHAM,0.18,5/22/2024 14:00,5/30/2024 12:36,Price Code 1,CUSTOMER PICKUP,False,Rabun Warehouse,02,30563.0,Mt. Airy,USDA WHOLE ALMONDS DRY ROASTED,Dry Dry Dry Dry Proteins
649,180418,9042,G-132,Glade Creek Baptist Church,483024,,FP/GNAP/USDA,FAITH-BASED-Agency,GNAP,F-40-90059,2,0,0,0.0,48,HABERSHAM,0.0,5/14/2024 8:30,5/14/2024 7:27,Price Code 1,CONTACT FOR DELIVERY,False,Rabun Warehouse,02,30563.0,Mt Airy,GNAP GROUND TURKEY CHUB 85/15,Frozen Frozen Frozen Frozen Proteins
623,177477,5388,C-171,Clarkesville Soup Kitchen,480097,,OP/USDA,SOUP KITCHEN-Agency,BLUE RECEIPT-SHL,F-16-10001,34,0,0,6.12,34,HABERSHAM,0.18,3/18/2024 11:47,3/18/2024 10:37,Price Code 1,CUSTOMER PICKUP,False,Sharing Floor Rabun,02-SH,30523.0,Clarkesville,"ASSORTED FROZEN FOODS, SHL",Frozen Frozen Frozen Frozen Food Misc.
649,178770,8720,G-132,Glade Creek Baptist Church,481384,,FP/GNAP/USDA,FAITH-BASED-Agency,USDA,N-50-10305,8,0,0,20.16,112,HABERSHAM,0.18,4/15/2024 9:25,4/15/2024 15:10,Price Code 1,CONTACT FOR DELIVERY,False,Rabun Warehouse,02,30563.0,Mt Airy,USDA MIXED VegetablesCCC,Dry Dry Dry Dry Vegetables
665,173122,8918,C-173,Clarkesville Church of God,476752,,FP/GNAP/USDA,FAITH-BASED-Agency,LOCAL - LL,N-25-11950,8,0,0,2.88,16,HABERSHAM,0.18,1/23/2024 9:35,1/23/2024 9:34,Price Code 1,CUSTOMER PICKUP,False,Food Bank of Northeast Georgia,01,30523.0,Clarkesville,GHIRARDELLI DARK CHOCOLATE,Dry Dry Dry Dry Food Misc.
55,178904,8975,C-116,Circle of Hope,FAIMPORT481518,,ON PREMISES (OP),SHELTER-Agency,BLUE RECEIPT-SHL,MCC-07-10001,26,0,0,0.0,26,HABERSHAM,0.0,4/11/2024 0:00,4/11/2024 0:00,Price Code 1,CUSTOMER PICKUP,False,Food Bank of Northeast Georgia,01,30531.0,Cornelia,"DAIRY PRODUCTS, SHL RETAIL PICKUPS",Dry Dry Dry Dry Dairy
198,178404,4715,S-112,Sharing and Caring - Clarkesville,481020,,FP/GNAP/USDA,FOOD PANTRY-Agency,USDA,F-50-90461,3,0,0,12.0,120,HABERSHAM,0.1,4/9/2024 9:00,4/9/2024 7:43,Price Code 1,CUSTOMER PICKUP,False,Rabun Warehouse,02,30523.0,Clarkesville,USDA ALASKAN POLLACK FISH FILLETS,Frozen Frozen Frozen Frozen Proteins
665,178129,8600,C-173,Clarkesville Church of God,480748,,FP/GNAP/USDA,FAITH-BASED-Agency,BLUE RECEIPT-SHL,N-03-11249,1,0,0,0.0,30,HABERSHAM,0.0,4/10/2024 9:35,4/10/2024 9:20,Price Code 1,CUSTOMER PICKUP,False,Food Bank of Northeast Georgia,01,30523.0,Clarkesville,DIET PEPSI,Dry Dry Dry Dry Beverages
665,179536,5938,C-173,Clarkesville Church of God,482149,,FP/GNAP/USDA,FAITH-BASED-Agency,BLUE RECEIPT-SHL,C-28-10001,159,0,0,4.77,159,HABERSHAM,0.03,4/24/2024 9:35,4/24/2024 8:29,Price Code 1,CUSTOMER PICKUP,False,Sharing Floor Athens,01-SH,30523.0,Clarkesville,"PRODUCE, FRESH SHL",Cooled Cooled Cooled Cooled Mixed Produce
329,175851,8512,O-109,Open Door Food Ministry (The Torch Church of God),478479,,FP/GNAP/USDA,FOOD PANTRY-Agency,USDA,C-50-10049,54,0,0,0.0,2106,HABERSHAM,0.0,2/20/2024 14:23,2/20/2024 11:45,Price Code 1,TRUCK 1,False,Food Bank of Northeast Georgia,01,30531.0,Cornelia,USDA GRAPEFRUIT CCC,Cooled Cooled Cooled Cooled Fruits
560,180191,1674,B-133,Ballew House Outreach,482797,,FP/OP/GNAP/USDA,FOOD PANTRY-Agency,USDA,N-50-10073,1,0,0,4.86,27,HABERSHAM,0.18,5/9/2024 11:00,5/9/2024 11:28,Price Code 1,CUSTOMER PICKUP,False,Rabun Warehouse,02,30510.0,Alto,USDA TOMATO SAUCE,Dry Dry Dry Dry Vegetables
198,175543,683,S-112,Sharing and Caring - Clarkesville,478172,,FP/GNAP/USDA,FOOD PANTRY-Agency,BLUE RECEIPT-SHL,W-16-10001,123,0,0,22.14,123,HABERSHAM,0.18,2/13/2024 13:49,2/13/2024 9:02,Price Code 1,CUSTOMER PICKUP,False,Sharing Floor Rabun,02-SH,30523.0,Clarkesville,MISC. FOOD BOX SHL,Dry Dry Dry Dry Food Misc.
1024,176477,4788,L-119,Life Church Baldwin,479101,,FP/USDA,MOBILE PANTRY-Agency,USDA,F-50-90039,5,0,0,36.0,200,HABERSHAM,0.18,3/8/2024 0:00,3/11/2024 7:54,Price Code 1,CONTACT FOR DELIVERY,False,Rabun Warehouse,02,30511.0,Baldwin,USDA CATFISH FILLETS CCC,Frozen Frozen Frozen Frozen Proteins
665,178129,8873,C-173,Clarkesville Church of God,480748,,FP/GNAP/USDA,FAITH-BASED-Agency,YELLOW RECEIPT - SHN,F-10-10001,4,0,0,0.36,12,HABERSHAM,0.03,4/10/2024 9:35,4/10/2024 9:20,Price Code 1,CUSTOMER PICKUP,False,Food Bank of Northeast Georgia,01,30523.0,Clarkesville,OUTSHINE STRAWBERRY BANANA SMOOTHIE CUBES,Frozen Frozen Frozen Frozen Beverages
902,180007,8970,T-123,"The Lord's Help, Inc.",FAIMPORT482615,,ON PREMISES (OP),SOUP KITCHEN-Agency,BLUE RECEIPT-SHL,MCW-16-10001,145,0,0,0.0,145,HABERSHAM,0.0,4/30/2024 0:00,4/30/2024 0:00,Price Code 1,CUSTOMER PICKUP,False,Food Bank of Northeast Georgia,01,30531.0,Cornelia,"MISC. FOOD BOX, SHL RETAIL PICKUP",Dry Dry Dry Dry Food Misc.
750,179114,683,C-176,Cornelia United Methodist Church,481727,,FP/OP,FOOD PANTRY-Agency,BLUE RECEIPT-SHL,W-16-10001,599,0,0,107.82,599,HABERSHAM,0.18,4/17/2024 12:32,4/17/2024 13:57,Price Code 1,CUSTOMER PICKUP,False,Sharing Floor Rabun,02-SH,30531.0,Cornelia,MISC. FOOD BOX SHL,Dry Dry Dry Dry Food Misc.
329,176281,842,O-109,Open Door Food Ministry (The Torch Church of God),478906,,FP/GNAP/USDA,FOOD PANTRY-Agency,USDA,N-50-10021,25,0,0,0.0,675,HABERSHAM,0.0,3/2/2024 7:00,3/4/2024 6:57,Price Code 1,TRACTOR TRAILER 1 MOBILE PANTRY,False,Food Bank of Northeast Georgia,01,30531.0,Cornelia,USDA DICED TOMATOES NO SALT CCC,Dry Dry Dry Dry Vegetables
750,182200,1045,C-176,Cornelia United Methodist Church,484804,,FP/OP,FOOD PANTRY-Agency,BLUE RECEIPT-SHL,W-25-10009,50,0,0,9.0,50,HABERSHAM,0.18,6/14/2024 12:32,6/14/2024 7:10,Price Code 1,CUSTOMER PICKUP,False,Sharing Floor Rabun,02-SH,30531.0,Cornelia,"ASSORTED SNACK ITEMS, SHL",Dry Dry Dry Dry Food Misc.
665,173642,8930,C-173,Clarkesville Church of God,477271,,FP/GNAP/USDA,FAITH-BASED-Agency,BLUE RECEIPT-SHL,N-03-11805,5,0,0,0.0,90,HABERSHAM,0.0,2/7/2024 9:35,2/7/2024 9:17,Price Code 1,CUSTOMER PICKUP,False,Food Bank of Northeast Georgia,01,30523.0,Clarkesville,GATORADE ORANGE ZERO SUGAR,Dry Dry Dry Dry Beverages
268,172858,1045,V-100,Victory Home / Helping Hand,476489,,ON PREMISES (OP),REHAB-Agency,BLUE RECEIPT-SHL,W-25-10009,44,0,0,7.92,44,HABERSHAM,0.18,1/10/2024 13:55,1/10/2024 10:35,Price Code 1,CUSTOMER PICKUP,False,Sharing Floor Rabun,02-SH,30573.0,Tallulah Falls,"ASSORTED SNACK ITEMS, SHL",Dry Dry Dry Dry Food Misc.
329,182094,5938,O-109,Open Door Food Ministry (The Torch Church of God),484698,,FP/GNAP/USDA,FOOD PANTRY-Agency,BLUE RECEIPT-SHL,C-28-10001,5638,0,0,0.0,5638,HABERSHAM,0.0,6/11/2024 14:23,6/12/2024 11:12,Price Code 1,TRUCK 1,False,Food Bank of Northeast Georgia,01,30531.0,Cornelia,"PRODUCE, FRESH SHL",Cooled Cooled Cooled Cooled Mixed Produce
665,175966,8967,C-173,Clarkesville Church of God,478594,,FP/GNAP/USDA,FAITH-BASED-Agency,YELLOW RECEIPT - SHN,N-25-11963,1,0,0,2.52,14,HABERSHAM,0.18,3/6/2024 9:35,3/11/2024 9:35,Price Code 1,CUSTOMER PICKUP,False,Food Bank of Northeast Georgia,01,30523.0,Clarkesville,BIGS SUNFLOWER SEEDS VARIETY DISPLAY PACK,Dry Dry Dry Dry Proteins
750,180876,5388,C-176,Cornelia United Methodist Church,483482,,FP/OP,FOOD PANTRY-Agency,BLUE RECEIPT-SHL,F-16-10001,23,0,0,4.14,23,HABERSHAM,0.18,5/15/2024 12:32,5/15/2024 13:12,Price Code 1,CUSTOMER PICKUP,False,Sharing Floor Rabun,02-SH,30531.0,Cornelia,"ASSORTED FROZEN FOODS, SHL",Frozen Frozen Frozen Frozen Food Misc.
1024,181633,3203,L-119,Life Church Baldwin,484237,,FP/USDA,MOBILE PANTRY-Agency,USDA,N-50-10289,5,0,0,22.5,125,HABERSHAM,0.18,6/4/2024 10:00,6/7/2024 7:07,Price Code 1,CUSTOMER PICKUP,False,Rabun Warehouse,02,30511.0,Baldwin,USDA PECAN PIECES,Dry Dry Dry Dry Proteins
665,181905,9088,C-173,Clarkesville Church of God,484509,,FP/GNAP/USDA,FAITH-BASED-Agency,GNAP,N-40-10291,1,0,0,0.0,14,HABERSHAM,0.0,6/20/2024 8:30,6/25/2024 15:47,Price Code 1,CUSTOMER PICKUP,False,Food Bank of Northeast Georgia,01,30523.0,Clarkesville,GNAP MOUNTAIN DRIED FRUIT BLEND,Dry Dry Dry Dry Fruits
329,178306,5958,O-109,Open Door Food Ministry (The Torch Church of God),480922,,FP/GNAP/USDA,FOOD PANTRY-Agency,BLUE RECEIPT-SHL,C-16-10001,553,0,0,0.0,553,HABERSHAM,0.0,4/6/2024 7:30,4/16/2024 9:05,Price Code 1,TRACTOR TRAILER 1 MOBILE PANTRY,False,Food Bank of Northeast Georgia,01,30531.0,Cornelia,"COOLER FOOD, MISC. SHL",Cooled Cooled Cooled Cooled Food Misc.
902,177302,50,T-123,"The Lord's Help, Inc.",479922,,ON PREMISES (OP),SOUP KITCHEN-Agency,LOCAL - LL,W-16-10002,15,0,0,0.0,15,HABERSHAM,0.0,3/14/2024 15:19,3/14/2024 10:30,Price Code 1,CUSTOMER PICKUP,False,Sharing Floor Athens,01-SH,30531.0,Cornelia,MISC. FOOD BOX LL,Dry Dry Dry Dry Food Misc.
55,175129,5388,C-116,Circle of Hope,477758,,ON PREMISES (OP),SHELTER-Agency,BLUE RECEIPT-SHL,F-16-10001,34,0,0,6.12,34,HABERSHAM,0.18,2/5/2024 12:27,2/5/2024 11:51,Price Code 1,CUSTOMER PICKUP,False,Sharing Floor Rabun,02-SH,30531.0,Cornelia,"ASSORTED FROZEN FOODS, SHL",Frozen Frozen Frozen Frozen Food Misc.
268,176751,690,V-100,Victory Home / Helping Hand,479374,,ON PREMISES (OP),REHAB-Agency,BLUE RECEIPT-SHL,W-03-10013,70,0,0,2.1,70,HABERSHAM,0.03,3/6/2024 13:55,3/6/2024 10:04,Price Code 1,CUSTOMER PICKUP,False,Sharing Floor Rabun,02-SH,30573.0,Tallulah Falls,"ASSORTED BEVERAGES, SHL",Dry Dry Dry Dry Beverages
952,178276,2414,TH-138,Demorest Baptist Church,480892,,FP/USDA,MOBILE PANTRY-Agency,USDA,N-50-10244,500,0,0,3240.0,18000,HABERSHAM,0.18,4/8/2024 19:46,4/11/2024 9:09,Price Code 1,TRACTOR TRAILER 1,False,Food Bank of Northeast Georgia,01,30535.0,Demorest,USDA CANNED BEEF CCC,Dry Dry Dry Dry Proteins
649,172555,3139,G-132,Glade Creek Baptist Church,476186,,FP/GNAP/USDA,FAITH-BASED-Agency,USDA,N-50-10290,4,0,0,18.0,100,HABERSHAM,0.18,1/9/2024 9:25,1/9/2024 14:55,Price Code 1,CONTACT FOR DELIVERY,False,Rabun Warehouse,02,30563.0,Mt Airy,USDA WHOLE ALMONDS DRY ROASTED,Dry Dry Dry Dry Proteins
188,172912,683,S-102,Sharing and Caring - Cornelia,476543,,FP/GNAP/USDA,FOOD PANTRY-Agency,BLUE RECEIPT-SHL,W-16-10001,188,0,0,33.84,188,HABERSHAM,0.18,1/11/2024 13:47,1/11/2024 8:24,Price Code 1,CUSTOMER PICKUP,False,Sharing Floor Athens,01-SH,30531.0,Cornelia,MISC. FOOD BOX SHL,Dry Dry Dry Dry Food Misc.
649,180418,4411,G-132,Glade Creek Baptist Church,483024,,FP/GNAP/USDA,FAITH-BASED-Agency,USDA,F-50-90465,10,0,0,37.8,210,HABERSHAM,0.18,5/14/2024 8:30,5/14/2024 7:27,Price Code 1,CONTACT FOR DELIVERY,False,Rabun Warehouse,02,30563.0,Mt Airy,USDA WILD CAUGHT GULF SHRIMP,Frozen Frozen Frozen Frozen Proteins
665,178129,2414,C-173,Clarkesville Church of God,480748,,FP/GNAP/USDA,FAITH-BASED-Agency,USDA,N-50-10244,1,0,0,6.48,36,HABERSHAM,0.18,4/10/2024 9:35,4/10/2024 9:20,Price Code 1,CUSTOMER PICKUP,False,Food Bank of Northeast Georgia,01,30523.0,Clarkesville,USDA CANNED BEEF CCC,Dry Dry Dry Dry Proteins
329,178306,3943,O-109,Open Door Food Ministry (The Torch Church of God),480922,,FP/GNAP/USDA,FOOD PANTRY-Agency,USDA,N-50-10268,60,0,0,0.0,2280,HABERSHAM,0.0,4/6/2024 7:30,4/16/2024 9:05,Price Code 1,TRACTOR TRAILER 1 MOBILE PANTRY,False,Food Bank of Northeast Georgia,01,30531.0,Cornelia,USDA APPLE JUICE,Dry Dry Dry Dry Beverages
329,176281,5772,O-109,Open Door Food Ministry (The Torch Church of God),478906,,FP/GNAP/USDA,FOOD PANTRY-Agency,LOCAL - LL,C-28-10000,1700,0,0,0.0,1700,HABERSHAM,0.0,3/2/2024 7:00,3/4/2024 6:57,Price Code 1,TRACTOR TRAILER 1 MOBILE PANTRY,False,Food Bank of Northeast Georgia,01,30531.0,Cornelia,"PRODUCE, FRESH LL",Cooled Cooled Cooled Cooled Mixed Produce
188,180874,7153,S-102,Sharing and Caring - Cornelia,483480,,FP/GNAP/USDA,FOOD PANTRY-Agency,GNAP,N-40-10234,6,0,0,0.0,78,HABERSHAM,0.0,5/30/2024 11:00,5/30/2024 7:14,Price Code 1,CONTACT FOR DELIVERY,False,Rabun Warehouse,02,30531.0,Cornelia,GNAP BAKED BEANS,Dry Dry Dry Dry Proteins
902,182659,8970,T-123,"The Lord's Help, Inc.",FAIMPORT485262,,ON PREMISES (OP),SOUP KITCHEN-Agency,BLUE RECEIPT-SHL,MCW-16-10001,87,0,0,0.0,87,HABERSHAM,0.0,6/25/2024 0:00,6/25/2024 0:00,Price Code 1,CUSTOMER PICKUP,False,Food Bank of Northeast Georgia,01,30531.0,Cornelia,"MISC. FOOD BOX, SHL RETAIL PICKUP",Dry Dry Dry Dry Food Misc.
665,172317,8620,C-173,Clarkesville Church of God,475948,,FP/GNAP/USDA,FAITH-BASED-Agency,GNAP,N-40-10260,2,0,0,3.6,36,HABERSHAM,0.1,1/10/2024 9:35,1/26/2024 8:59,Price Code 1,CUSTOMER PICKUP,False,Food Bank of Northeast Georgia,01,30523.0,Clarkesville,GNAP CREAM OF CHICKEN SOUP,Dry Dry Dry Dry Prepared Meals
188,173898,8906,S-102,Sharing and Caring - Cornelia,477527,,FP/GNAP/USDA,FOOD PANTRY-Agency,GNAP,N-40-10266,10,0,0,20.0,200,HABERSHAM,0.1,2/7/2024 8:30,2/7/2024 9:22,Price Code 1,CONTACT FOR DELIVERY,False,Rabun Warehouse,02,30531.0,Cornelia,GNAP SPAGHETTI,Dry Dry Dry Dry Grains
198,178833,1481,S-112,Sharing and Caring - Clarkesville,481447,,FP/GNAP/USDA,FOOD PANTRY-Agency,USDA,N-50-10105,2,0,0,6.12,34,HABERSHAM,0.18,4/16/2024 13:49,4/16/2024 8:04,Price Code 1,CUSTOMER PICKUP,False,Rabun Warehouse,02,30523.0,Clarkesville,USDA DRIED CHERRIES CCC,Dry Dry Dry Dry Fruits
198,177275,2573,S-112,Sharing and Caring - Clarkesville,479895,,FP/GNAP/USDA,FOOD PANTRY-Agency,GNAP,N-40-10204,2,0,0,0.0,38,HABERSHAM,0.0,3/19/2024 8:49,3/19/2024 8:09,Price Code 1,CUSTOMER PICKUP,False,Rabun Warehouse,02,30523.0,Clarkesville,GNAP CHICKEN & RICE SOUP,Dry Dry Dry Dry Prepared Meals
649,175473,1791,G-132,Glade Creek Baptist Church,478102,,FP/GNAP/USDA,FAITH-BASED-Agency,USDA,N-50-10079,2,0,0,9.36,52,HABERSHAM,0.18,2/15/2024 9:25,2/15/2024 6:58,Price Code 1,CONTACT FOR DELIVERY,False,Rabun Warehouse,02,30563.0,Mt Airy,USDA WALNUT HALVES AND PIECES,Dry Dry Dry Dry Proteins
632,177076,4715,H-141,Hazel Creek Baptist Church,479698,,FP/USDA,FOOD PANTRY-Agency,USDA,F-50-90461,1,0,0,4.0,40,HABERSHAM,0.1,3/14/2024 8:32,3/14/2024 12:54,Price Code 1,CUSTOMER PICKUP,False,Rabun Warehouse,02,30563.0,Mt. Airy,USDA ALASKAN POLLACK FISH FILLETS,Frozen Frozen Frozen Frozen Proteins
809,177370,50,B-123,Breaking Chains Ministries d.b.a Freedom Hill,479990,,ON PREMISES (OP),REHAB-Agency,LOCAL - LL,W-16-10002,160,0,0,28.8,160,HABERSHAM,0.18,3/15/2024 9:19,3/15/2024 11:41,Price Code 1,CUSTOMER PICKUP,False,Sharing Floor Athens,01-SH,30535.0,Demorest,MISC. FOOD BOX LL,Dry Dry Dry Dry Food Misc.
329,173840,7059,O-109,Open Door Food Ministry (The Torch Church of God),477469,,FP/GNAP/USDA,FOOD PANTRY-Agency,USDA,C-50-10019,180,0,0,0.0,6480,HABERSHAM,0.0,2/3/2024 7:00,2/14/2024 13:16,Price Code 1,TRACTOR TRAILER 1 MOBILE PANTRY,False,Food Bank of Northeast Georgia,01,30531.0,Cornelia,USDA 2% MILK CCC,Cooled Cooled Cooled Cooled Dairy
665,177035,688,C-173,Clarkesville Church of God,479657,,FP/GNAP/USDA,FAITH-BASED-Agency,BLUE RECEIPT-SHL,W-01-10000,32,0,0,5.76,32,HABERSHAM,0.18,3/11/2024 9:35,3/11/2024 8:43,Price Code 1,CUSTOMER PICKUP,False,Sharing Floor Athens,01-SH,30523.0,Clarkesville,"ASSORTED NON-FOOD ITEMS, SHL",Dry Dry Dry Dry Non-Food Misc.
268,178240,683,V-100,Victory Home / Helping Hand,480856,,ON PREMISES (OP),REHAB-Agency,BLUE RECEIPT-SHL,W-16-10001,44,0,0,7.92,44,HABERSHAM,0.18,4/3/2024 13:55,4/3/2024 10:33,Price Code 1,CUSTOMER PICKUP,False,Sharing Floor Rabun,02-SH,30573.0,Tallulah Falls,MISC. FOOD BOX SHL,Dry Dry Dry Dry Food Misc.
329,181607,842,O-109,Open Door Food Ministry (The Torch Church of God),484211,,FP/GNAP/USDA,FOOD PANTRY-Agency,USDA,N-50-10021,25,0,0,0.0,675,HABERSHAM,0.0,5/30/2024 14:23,6/1/2024 9:10,Price Code 1,TRACTOR TRAILER 1 MOBILE PANTRY,False,Food Bank of Northeast Georgia,01,30531.0,Cornelia,USDA DICED TOMATOES NO SALT CCC,Dry Dry Dry Dry Vegetables
750,175291,875,C-176,Cornelia United Methodist Church,477920,,FP/OP,FOOD PANTRY-Agency,BLUE RECEIPT-SHL,W-04-10000,41,0,0,0.0,41,HABERSHAM,0.0,2/7/2024 12:32,2/7/2024 13:25,Price Code 1,CUSTOMER PICKUP,False,Sharing Floor Rabun,02-SH,30531.0,Cornelia,"BREAD & BAKERY, ASSORTED SHL",Dry Dry Dry Dry Grains
649,176661,1047,G-132,Glade Creek Baptist Church,479284,,FP/GNAP/USDA,FAITH-BASED-Agency,USDA,N-50-10041,2,0,0,17.64,98,HABERSHAM,0.18,3/6/2024 9:25,3/6/2024 8:25,Price Code 1,CONTACT FOR DELIVERY,False,Rabun Warehouse,02,30563.0,Mt Airy,USDA RICE,Dry Dry Dry Dry Grains
1024,177607,3943,L-119,Life Church Baldwin,480227,,FP/USDA,MOBILE PANTRY-Agency,USDA,N-50-10268,12,0,0,13.68,456,HABERSHAM,0.03,4/11/2024 19:36,4/12/2024 15:36,Price Code 1,CONTACT FOR DELIVERY,False,Rabun Warehouse,02,30511.0,Baldwin,USDA APPLE JUICE,Dry Dry Dry Dry Beverages
632,181062,800,H-141,Hazel Creek Baptist Church,483667,,FP/USDA,FOOD PANTRY-Agency,USDA,N-50-10065,4,0,0,19.44,108,HABERSHAM,0.18,5/22/2024 14:00,5/30/2024 12:36,Price Code 1,CUSTOMER PICKUP,False,Rabun Warehouse,02,30563.0,Mt. Airy,USDA APPLESAUCE,Dry Dry Dry Dry Fruits
750,179568,5388,C-176,Cornelia United Methodist Church,482181,,FP/OP,FOOD PANTRY-Agency,BLUE RECEIPT-SHL,F-16-10001,116,0,0,20.88,116,HABERSHAM,0.18,4/24/2024 12:32,4/24/2024 14:05,Price Code 1,CUSTOMER PICKUP,False,Sharing Floor Rabun,02-SH,30531.0,Cornelia,"ASSORTED FROZEN FOODS, SHL",Frozen Frozen Frozen Frozen Food Misc.
665,175966,2573,C-173,Clarkesville Church of God,478594,,FP/GNAP/USDA,FAITH-BASED-Agency,GNAP,N-40-10204,2,0,0,0.0,38,HABERSHAM,0.0,3/6/2024 9:35,3/11/2024 9:35,Price Code 1,CUSTOMER PICKUP,False,Food Bank of Northeast Georgia,01,30523.0,Clarkesville,GNAP CHICKEN & RICE SOUP,Dry Dry Dry Dry Prepared Meals
329,182309,6655,O-109,Open Door Food Ministry (The Torch Church of God),484913,,FP/GNAP/USDA,FOOD PANTRY-Agency,LOCAL - LL,C-28-90413,35,0,0,0.0,1750,HABERSHAM,0.0,6/18/2024 10:00,6/18/2024 9:03,Price Code 1,TRUCK 1,False,Food Bank of Northeast Georgia,01,30531.0,Cornelia,CABBAGE,Cooled Cooled Cooled Cooled Vegetables
623,172444,50,C-171,Clarkesville Soup Kitchen,476075,,OP/USDA,SOUP KITCHEN-Agency,LOCAL - LL,W-16-10002,130,0,0,23.4,130,HABERSHAM,0.18,1/3/2024 11:47,1/3/2024 7:15,Price Code 1,CUSTOMER PICKUP,False,Sharing Floor Rabun,02-SH,30523.0,Clarkesville,MISC. FOOD BOX LL,Dry Dry Dry Dry Food Misc.
268,181506,5388,V-100,Victory Home / Helping Hand,484110,,ON PREMISES (OP),REHAB-Agency,BLUE RECEIPT-SHL,F-16-10001,37,0,0,6.66,37,HABERSHAM,0.18,5/29/2024 13:55,5/29/2024 10:19,Price Code 1,CUSTOMER PICKUP,False,Sharing Floor Rabun,02-SH,30573.0,Tallulah Falls,"ASSORTED FROZEN FOODS, SHL",Frozen Frozen Frozen Frozen Food Misc.
869,173465,696,H-152,Homestead Recovery for Women,477094,,ON PREMISES (OP),REHAB-Agency,LOCAL - LL,W-25-10000,35,0,0,6.3,35,HABERSHAM,0.18,1/23/2024 10:35,1/23/2024 10:37,Price Code 1,CUSTOMER PICKUP,False,Sharing Floor Athens,01-SH,30523.0,Clarkesville,"ASSORTED SNACK ITEMS, LL",Dry Dry Dry Dry Food Misc.
560,175085,170,B-133,Ballew House Outreach,477715,,FP/OP/GNAP/USDA,FOOD PANTRY-Agency,USDA,N-50-10007,1,0,0,5.04,28,HABERSHAM,0.18,2/8/2024 13:49,2/8/2024 11:04,Price Code 1,CUSTOMER PICKUP,False,Rabun Warehouse,02,30510.0,Alto,"USDA CORN, WHOLE KERNEL NO SALT",Dry Dry Dry Dry Vegetables
329,181607,4448,O-109,Open Door Food Ministry (The Torch Church of God),484211,,FP/GNAP/USDA,FOOD PANTRY-Agency,USDA,F-50-90446,64,0,0,0.0,1792,HABERSHAM,0.0,5/30/2024 14:23,6/1/2024 9:10,Price Code 1,TRACTOR TRAILER 1 MOBILE PANTRY,False,Food Bank of Northeast Georgia,01,30531.0,Cornelia,USDA FROZEN STRAWBERRY FRUIT CUPS,Frozen Frozen Frozen Frozen Fruits
1024,176477,1791,L-119,Life Church Baldwin,479101,,FP/USDA,MOBILE PANTRY-Agency,USDA,N-50-10079,4,0,0,18.72,104,HABERSHAM,0.18,3/8/2024 0:00,3/11/2024 7:54,Price Code 1,CONTACT FOR DELIVERY,False,Rabun Warehouse,02,30511.0,Baldwin,USDA WALNUT HALVES AND PIECES,Dry Dry Dry Dry Proteins
665,180813,3717,C-173,Clarkesville Church of God,483419,,FP/GNAP/USDA,FAITH-BASED-Agency,GNAP,N-40-10154,5,0,0,0.0,100,HABERSHAM,0.0,5/22/2024 9:00,5/22/2024 9:20,Price Code 1,CUSTOMER PICKUP,False,Food Bank of Northeast Georgia,01,30523.0,Clarkesville,"GNAP APPLE JUICE, SINGLE SERVE",Dry Dry Dry Dry Beverages
665,173863,8914,C-173,Clarkesville Church of God,477492,,FP/GNAP/USDA,FAITH-BASED-Agency,USDA,N-50-10310,2,0,0,9.72,54,HABERSHAM,0.18,2/7/2024 9:35,2/7/2024 9:19,Price Code 1,CUSTOMER PICKUP,False,Food Bank of Northeast Georgia,01,30523.0,Clarkesville,USDA DICED POTATOES,Dry Dry Dry Dry Potatoes
329,179922,9013,O-109,Open Door Food Ministry (The Torch Church of God),482533,,FP/GNAP/USDA,FOOD PANTRY-Agency,USDA,N-50-10313,25,0,0,0.0,600,HABERSHAM,0.0,5/4/2024 7:00,5/4/2024 6:01,Price Code 1,TRACTOR TRAILER 1 MOBILE PANTRY,False,Food Bank of Northeast Georgia,01,30531.0,Cornelia,USDA LIGHT RED KIDNEY BEANS 24/1LB,Dry Dry Dry Dry Proteins
665,178999,8873,C-173,Clarkesville Church of God,481613,,FP/GNAP/USDA,FAITH-BASED-Agency,YELLOW RECEIPT - SHN,F-10-10001,6,0,0,0.54,18,HABERSHAM,0.03,4/24/2024 9:35,4/24/2024 8:54,Price Code 1,CUSTOMER PICKUP,False,Food Bank of Northeast Georgia,01,30523.0,Clarkesville,OUTSHINE STRAWBERRY BANANA SMOOTHIE CUBES,Frozen Frozen Frozen Frozen Beverages
329,177876,6877,O-109,Open Door Food Ministry (The Torch Church of God),480495,,FP/GNAP/USDA,FOOD PANTRY-Agency,BLUE RECEIPT-SHL,C-28-90319,819,0,0,0.0,819,HABERSHAM,0.0,3/26/2024 14:23,3/26/2024 9:47,Price Code 1,TRUCK 1,False,Food Bank of Northeast Georgia,01,30531.0,Cornelia,"CELERY, SHL",Cooled Cooled Cooled Cooled Vegetables
665,175562,4761,C-173,Clarkesville Church of God,478190,,FP/GNAP/USDA,FAITH-BASED-Agency,USDA,F-50-90454,2,0,0,0.0,62,HABERSHAM,0.0,2/21/2024 9:35,2/21/2024 8:54,Price Code 1,CUSTOMER PICKUP,False,Food Bank of Northeast Georgia,01,30523.0,Clarkesville,USDA FROZEN STRAWBERRIES CCC,Frozen Frozen Frozen Frozen Fruits
268,173906,683,V-100,Victory Home / Helping Hand,477535,,ON PREMISES (OP),REHAB-Agency,BLUE RECEIPT-SHL,W-16-10001,106,0,0,19.08,106,HABERSHAM,0.18,1/31/2024 13:55,1/31/2024 10:43,Price Code 1,CUSTOMER PICKUP,False,Sharing Floor Rabun,02-SH,30573.0,Tallulah Falls,MISC. FOOD BOX SHL,Dry Dry Dry Dry Food Misc.
665,181905,2202,C-173,Clarkesville Church of God,484509,,FP/GNAP/USDA,FAITH-BASED-Agency,USDA,N-50-10240,2,0,0,7.92,44,HABERSHAM,0.18,6/20/2024 8:30,6/25/2024 15:47,Price Code 1,CUSTOMER PICKUP,False,Food Bank of Northeast Georgia,01,30523.0,Clarkesville,USDA SPAGHETTI,Dry Dry Dry Dry Grains
750,173922,5388,C-176,Cornelia United Methodist Church,477551,,FP/OP,FOOD PANTRY-Agency,BLUE RECEIPT-SHL,F-16-10001,63,0,0,11.34,63,HABERSHAM,0.18,1/31/2024 12:32,1/31/2024 14:39,Price Code 1,CUSTOMER PICKUP,False,Sharing Floor Rabun,02-SH,30531.0,Cornelia,"ASSORTED FROZEN FOODS, SHL",Frozen Frozen Frozen Frozen Food Misc.
750,182200,690,C-176,Cornelia United Methodist Church,484804,,FP/OP,FOOD PANTRY-Agency,BLUE RECEIPT-SHL,W-03-10013,36,0,0,1.08,36,HABERSHAM,0.03,6/14/2024 12:32,6/14/2024 7:10,Price Code 1,CUSTOMER PICKUP,False,Sharing Floor Rabun,02-SH,30531.0,Cornelia,"ASSORTED BEVERAGES, SHL",Dry Dry Dry Dry Beverages
750,180439,50,C-176,Cornelia United Methodist Church,483045,,FP/OP,FOOD PANTRY-Agency,LOCAL - LL,W-16-10002,429,0,0,77.22,429,HABERSHAM,0.18,5/8/2024 12:32,5/8/2024 14:02,Price Code 1,CUSTOMER PICKUP,False,Sharing Floor Rabun,02-SH,30531.0,Cornelia,MISC. FOOD BOX LL,Dry Dry Dry Dry Food Misc.
329,181607,2202,O-109,Open Door Food Ministry (The Torch Church of God),484211,,FP/GNAP/USDA,FOOD PANTRY-Agency,USDA,N-50-10240,30,0,0,0.0,660,HABERSHAM,0.0,5/30/2024 14:23,6/1/2024 9:10,Price Code 1,TRACTOR TRAILER 1 MOBILE PANTRY,False,Food Bank of Northeast Georgia,01,30531.0,Cornelia,USDA SPAGHETTI,Dry Dry Dry Dry Grains
560,175345,683,B-133,Ballew House Outreach,477974,,FP/OP/GNAP/USDA,FOOD PANTRY-Agency,BLUE RECEIPT-SHL,W-16-10001,11,0,0,1.98,11,HABERSHAM,0.18,2/8/2024 13:49,2/8/2024 11:38,Price Code 1,CUSTOMER PICKUP,False,Sharing Floor Rabun,02-SH,30510.0,Alto,MISC. FOOD BOX SHL,Dry Dry Dry Dry Food Misc.
329,177876,5388,O-109,Open Door Food Ministry (The Torch Church of God),480495,,FP/GNAP/USDA,FOOD PANTRY-Agency,BLUE RECEIPT-SHL,F-16-10001,405,0,0,0.0,405,HABERSHAM,0.0,3/26/2024 14:23,3/26/2024 9:47,Price Code 1,TRUCK 1,False,Food Bank of Northeast Georgia,01,30531.0,Cornelia,"ASSORTED FROZEN FOODS, SHL",Frozen Frozen Frozen Frozen Food Misc.
665,175966,8719,C-173,Clarkesville Church of God,478594,,FP/GNAP/USDA,FAITH-BASED-Agency,GNAP,N-40-10265,2,0,0,0.0,26,HABERSHAM,0.0,3/6/2024 9:35,3/11/2024 9:35,Price Code 1,CUSTOMER PICKUP,False,Food Bank of Northeast Georgia,01,30523.0,Clarkesville,GNAP MINI BEEF RAVIOLI,Dry Dry Dry Dry Prepared Meals
649,180418,9034,G-132,Glade Creek Baptist Church,483024,,FP/GNAP/USDA,FAITH-BASED-Agency,GNAP,N-40-10271,2,0,0,0.0,24,HABERSHAM,0.0,5/14/2024 8:30,5/14/2024 7:27,Price Code 1,CONTACT FOR DELIVERY,False,Rabun Warehouse,02,30563.0,Mt Airy,"GNAP MIX BERRY YOGURT, SHELF STABLE BACKPACK",Dry Dry Dry Dry Dairy
329,173840,1047,O-109,Open Door Food Ministry (The Torch Church of God),477469,,FP/GNAP/USDA,FOOD PANTRY-Agency,USDA,N-50-10041,25,0,0,0.0,1225,HABERSHAM,0.0,2/3/2024 7:00,2/14/2024 13:16,Price Code 1,TRACTOR TRAILER 1 MOBILE PANTRY,False,Food Bank of Northeast Georgia,01,30531.0,Cornelia,USDA RICE,Dry Dry Dry Dry Grains
665,178129,8848,C-173,Clarkesville Church of God,480748,,FP/GNAP/USDA,FAITH-BASED-Agency,PURCH,N-21-10063,2,0,0,2.52,14,HABERSHAM,0.18,4/10/2024 9:35,4/10/2024 9:20,Price Code 1,CUSTOMER PICKUP,False,Food Bank of Northeast Georgia,01,30523.0,Clarkesville,ALFREDO PASTA SIDES,Dry Dry Dry Dry Prepared Meals
268,178240,2081,V-100,Victory Home / Helping Hand,480856,,ON PREMISES (OP),REHAB-Agency,BLUE RECEIPT-SHL,W-30-10002,34,0,0,6.12,34,HABERSHAM,0.18,4/3/2024 13:55,4/3/2024 10:33,Price Code 1,CUSTOMER PICKUP,False,Sharing Floor Rabun,02-SH,30573.0,Tallulah Falls,"UNSORTED SALVAGE, SHL",Dry Dry Dry Dry Unsorted Salvage
750,181580,5388,C-176,Cornelia United Methodist Church,484184,,FP/OP,FOOD PANTRY-Agency,BLUE RECEIPT-SHL,F-16-10001,48,0,0,8.64,48,HABERSHAM,0.18,5/29/2024 12:32,5/29/2024 13:56,Price Code 1,CUSTOMER PICKUP,False,Sharing Floor Rabun,02-SH,30531.0,Cornelia,"ASSORTED FROZEN FOODS, SHL",Frozen Frozen Frozen Frozen Food Misc.
665,180195,9043,C-173,Clarkesville Church of God,482801,,FP/GNAP/USDA,FAITH-BASED-Agency,GNAP,N-40-10277,10,0,0,0.0,80,HABERSHAM,0.0,5/8/2024 10:20,5/8/2024 9:02,Price Code 1,CUSTOMER PICKUP,False,Food Bank of Northeast Georgia,01,30523.0,Clarkesville,GNAP DELUXE SHELLS & CHEESE,Dry Dry Dry Dry Prepared Meals
1024,173890,8914,L-119,Life Church Baldwin,477519,,FP/USDA,MOBILE PANTRY-Agency,USDA,N-50-10310,10,0,0,48.6,270,HABERSHAM,0.18,2/9/2024 8:39,2/9/2024 15:24,Price Code 1,CONTACT FOR DELIVERY,False,Rabun Warehouse,02,30511.0,Baldwin,USDA DICED POTATOES,Dry Dry Dry Dry Potatoes
198,178104,683,S-112,Sharing and Caring - Clarkesville,480723,,FP/GNAP/USDA,FOOD PANTRY-Agency,BLUE RECEIPT-SHL,W-16-10001,18,0,0,3.24,18,HABERSHAM,0.18,4/2/2024 13:49,4/2/2024 15:12,Price Code 1,CUSTOMER PICKUP,False,Rabun Warehouse,02,30523.0,Clarkesville,MISC. FOOD BOX SHL,Dry Dry Dry Dry Food Misc.
902,180490,8970,T-123,"The Lord's Help, Inc.",FAIMPORT483096,,ON PREMISES (OP),SOUP KITCHEN-Agency,BLUE RECEIPT-SHL,MCW-16-10001,58,0,0,0.0,58,HABERSHAM,0.0,5/7/2024 0:00,5/7/2024 0:00,Price Code 1,CUSTOMER PICKUP,False,Food Bank of Northeast Georgia,01,30531.0,Cornelia,"MISC. FOOD BOX, SHL RETAIL PICKUP",Dry Dry Dry Dry Food Misc.
198,173927,8914,S-112,Sharing and Caring - Clarkesville,477556,,FP/GNAP/USDA,FOOD PANTRY-Agency,USDA,N-50-10310,3,0,0,14.58,81,HABERSHAM,0.18,2/6/2024 9:00,2/6/2024 8:13,Price Code 1,CUSTOMER PICKUP,False,Rabun Warehouse,02,30523.0,Clarkesville,USDA DICED POTATOES,Dry Dry Dry Dry Potatoes
268,173529,683,V-100,Victory Home / Helping Hand,477158,,ON PREMISES (OP),REHAB-Agency,BLUE RECEIPT-SHL,W-16-10001,17,0,0,3.06,17,HABERSHAM,0.18,1/24/2024 13:55,1/24/2024 10:08,Price Code 1,CUSTOMER PICKUP,False,Sharing Floor Rabun,02-SH,30573.0,Tallulah Falls,MISC. FOOD BOX SHL,Dry Dry Dry Dry Food Misc.
329,176281,8914,O-109,Open Door Food Ministry (The Torch Church of God),478906,,FP/GNAP/USDA,FOOD PANTRY-Agency,USDA,N-50-10310,25,0,0,0.0,675,HABERSHAM,0.0,3/2/2024 7:00,3/4/2024 6:57,Price Code 1,TRACTOR TRAILER 1 MOBILE PANTRY,False,Food Bank of Northeast Georgia,01,30531.0,Cornelia,USDA DICED POTATOES,Dry Dry Dry Dry Potatoes
329,179922,6845,O-109,Open Door Food Ministry (The Torch Church of God),482533,,FP/GNAP/USDA,FOOD PANTRY-Agency,BLUE RECEIPT-SHL,C-28-90349,1331,0,0,0.0,1331,HABERSHAM,0.0,5/4/2024 7:00,5/4/2024 6:01,Price Code 1,TRACTOR TRAILER 1 MOBILE PANTRY,False,Food Bank of Northeast Georgia,01,30531.0,Cornelia,STRAWBERRIES,Cooled Cooled Cooled Cooled Fruits
665,173863,2098,C-173,Clarkesville Church of God,477492,,FP/GNAP/USDA,FAITH-BASED-Agency,BLUE RECEIPT-SHL,N-03-10677,4,0,0,0.0,88,HABERSHAM,0.0,2/7/2024 9:35,2/7/2024 9:19,Price Code 1,CUSTOMER PICKUP,False,Food Bank of Northeast Georgia,01,30523.0,Clarkesville,GATORADE ORANGE,Dry Dry Dry Dry Beverages
809,182158,8974,B-123,Breaking Chains Ministries d.b.a Freedom Hill,FAIMPORT484762,,ON PREMISES (OP),REHAB-Agency,BLUE RECEIPT-SHL,MCW-04-10000,15,0,0,0.0,15,HABERSHAM,0.0,6/7/2024 0:00,6/7/2024 0:00,Price Code 1,CUSTOMER PICKUP,False,Food Bank of Northeast Georgia,01,30535.0,Demorest,"BREAD AND BAKERY, SHL RETAIL PICKUPS",Dry Dry Dry Dry Grains
665,181451,2202,C-173,Clarkesville Church of God,484055,,FP/GNAP/USDA,FAITH-BASED-Agency,USDA,N-50-10240,1,0,0,3.96,22,HABERSHAM,0.18,6/6/2024 8:00,6/6/2024 9:04,Price Code 1,CUSTOMER PICKUP,False,Food Bank of Northeast Georgia,01,30523.0,Clarkesville,USDA SPAGHETTI,Dry Dry Dry Dry Grains
188,182638,688,S-102,Sharing and Caring - Cornelia,485241,,FP/GNAP/USDA,FOOD PANTRY-Agency,BLUE RECEIPT-SHL,W-01-10000,5,0,0,0.9,5,HABERSHAM,0.18,6/28/2024 13:47,6/28/2024 14:53,Price Code 1,CUSTOMER PICKUP,False,Sharing Floor Rabun,02-SH,30531.0,Cornelia,"ASSORTED NON-FOOD ITEMS, SHL",Dry Dry Dry Dry Non-Food Misc.
329,181607,5388,O-109,Open Door Food Ministry (The Torch Church of God),484211,,FP/GNAP/USDA,FOOD PANTRY-Agency,BLUE RECEIPT-SHL,F-16-10001,3516,0,0,0.0,3516,HABERSHAM,0.0,5/30/2024 14:23,6/1/2024 9:10,Price Code 1,TRACTOR TRAILER 1 MOBILE PANTRY,False,Food Bank of Northeast Georgia,01,30531.0,Cornelia,"ASSORTED FROZEN FOODS, SHL",Frozen Frozen Frozen Frozen Food Misc.
665,175933,690,C-173,Clarkesville Church of God,478561,,FP/GNAP/USDA,FAITH-BASED-Agency,BLUE RECEIPT-SHL,W-03-10013,283,0,0,0.0,283,HABERSHAM,0.0,2/21/2024 9:35,2/21/2024 8:34,Price Code 1,CUSTOMER PICKUP,False,Sharing Floor Athens,01-SH,30523.0,Clarkesville,"ASSORTED BEVERAGES, SHL",Dry Dry Dry Dry Beverages
188,173898,3204,S-102,Sharing and Caring - Cornelia,477527,,FP/GNAP/USDA,FOOD PANTRY-Agency,GNAP,N-40-10217,20,0,0,18.0,180,HABERSHAM,0.1,2/7/2024 8:30,2/7/2024 9:22,Price Code 1,CONTACT FOR DELIVERY,False,Rabun Warehouse,02,30531.0,Cornelia,GNAP CANNED HAM,Dry Dry Dry Dry Proteins
665,173642,8661,C-173,Clarkesville Church of God,477271,,FP/GNAP/USDA,FAITH-BASED-Agency,GNAP,N-40-10264,6,0,0,17.4,174,HABERSHAM,0.1,2/7/2024 9:35,2/7/2024 9:17,Price Code 1,CUSTOMER PICKUP,False,Food Bank of Northeast Georgia,01,30523.0,Clarkesville,GNAP 2% MILK-FAMILY SIZE,Dry Dry Dry Dry Dairy
329,182094,8943,O-109,Open Door Food Ministry (The Torch Church of God),484698,,FP/GNAP/USDA,FOOD PANTRY-Agency,BLUE RECEIPT-SHL,C-28-90534,50,0,0,0.0,2100,HABERSHAM,0.0,6/11/2024 14:23,6/12/2024 11:12,Price Code 1,TRUCK 1,False,Food Bank of Northeast Georgia,01,30531.0,Cornelia,"SWEET POTATO, SHL",Cooled Cooled Cooled Cooled Potatoes
268,176356,875,V-100,Victory Home / Helping Hand,478981,,ON PREMISES (OP),REHAB-Agency,BLUE RECEIPT-SHL,W-04-10000,53,0,0,0.0,53,HABERSHAM,0.0,2/28/2024 13:55,2/28/2024 14:17,Price Code 1,CUSTOMER PICKUP,False,Sharing Floor Rabun,02-SH,30573.0,Tallulah Falls,"BREAD & BAKERY, ASSORTED SHL",Dry Dry Dry Dry Grains
268,180864,690,V-100,Victory Home / Helping Hand,483470,,ON PREMISES (OP),REHAB-Agency,BLUE RECEIPT-SHL,W-03-10013,159,0,0,4.77,159,HABERSHAM,0.03,5/15/2024 13:55,5/15/2024 10:56,Price Code 1,CUSTOMER PICKUP,False,Sharing Floor Rabun,02-SH,30573.0,Tallulah Falls,"ASSORTED BEVERAGES, SHL",Dry Dry Dry Dry Beverages
632,176068,5960,H-141,Hazel Creek Baptist Church,478695,,FP/USDA,FOOD PANTRY-Agency,BLUE RECEIPT-SHL,C-07-10001,24,0,0,4.32,24,HABERSHAM,0.18,2/23/2024 8:32,2/23/2024 7:38,Price Code 1,CUSTOMER PICKUP,False,Sharing Floor Rabun,02-SH,30563.0,Mt. Airy,"DAIRY PRODUCT, ASSORTED SHL",Cooled Cooled Cooled Cooled Dairy
665,173122,8720,C-173,Clarkesville Church of God,476752,,FP/GNAP/USDA,FAITH-BASED-Agency,USDA,N-50-10305,2,0,0,5.04,28,HABERSHAM,0.18,1/23/2024 9:35,1/23/2024 9:34,Price Code 1,CUSTOMER PICKUP,False,Food Bank of Northeast Georgia,01,30523.0,Clarkesville,USDA MIXED VegetablesCCC,Dry Dry Dry Dry Vegetables
623,172542,683,C-171,Clarkesville Soup Kitchen,476173,,OP/USDA,SOUP KITCHEN-Agency,BLUE RECEIPT-SHL,W-16-10001,79,0,0,14.22,79,HABERSHAM,0.18,1/4/2024 11:47,1/4/2024 11:05,Price Code 1,CUSTOMER PICKUP,False,Sharing Floor Rabun,02-SH,30523.0,Clarkesville,MISC. FOOD BOX SHL,Dry Dry Dry Dry Food Misc.
329,178306,6816,O-109,Open Door Food Ministry (The Torch Church of God),480922,,FP/GNAP/USDA,FOOD PANTRY-Agency,BLUE RECEIPT-SHL,C-28-90345,42,0,0,0.0,2100,HABERSHAM,0.0,4/6/2024 7:30,4/16/2024 9:05,Price Code 1,TRACTOR TRAILER 1 MOBILE PANTRY,False,Food Bank of Northeast Georgia,01,30531.0,Cornelia,CARROTS,Cooled Cooled Cooled Cooled Vegetables
198,175182,5960,S-112,Sharing and Caring - Clarkesville,477811,,FP/GNAP/USDA,FOOD PANTRY-Agency,BLUE RECEIPT-SHL,C-07-10001,11,0,0,1.98,11,HABERSHAM,0.18,2/6/2024 13:49,2/6/2024 8:39,Price Code 1,CUSTOMER PICKUP,False,Sharing Floor Rabun,02-SH,30523.0,Clarkesville,"DAIRY PRODUCT, ASSORTED SHL",Cooled Cooled Cooled Cooled Dairy
198,179026,683,S-112,Sharing and Caring - Clarkesville,481640,,FP/GNAP/USDA,FOOD PANTRY-Agency,BLUE RECEIPT-SHL,W-16-10001,11,0,0,1.98,11,HABERSHAM,0.18,4/16/2024 13:49,4/16/2024 8:32,Price Code 1,CUSTOMER PICKUP,False,Sharing Floor Rabun,02-SH,30523.0,Clarkesville,MISC. FOOD BOX SHL,Dry Dry Dry Dry Food Misc.
623,182103,8997,C-171,Clarkesville Soup Kitchen,484707,,OP/USDA,SOUP KITCHEN-Agency,USDA,N-50-10312,4,0,0,8.64,48,HABERSHAM,0.18,6/24/2024 10:00,6/24/2024 7:16,Price Code 1,CUSTOMER PICKUP,False,Rabun Warehouse,02,30523.0,Clarkesville,USDA CHILI W/ BEANS CCC,Dry Dry Dry Dry Prepared Meals
632,177076,8783,H-141,Hazel Creek Baptist Church,479698,,FP/USDA,FOOD PANTRY-Agency,USDA,N-50-10308,2,0,0,8.28,46,HABERSHAM,0.18,3/14/2024 8:32,3/14/2024 12:54,Price Code 1,CUSTOMER PICKUP,False,Rabun Warehouse,02,30563.0,Mt. Airy,USDA RAISINS,Dry Dry Dry Dry Fruits
665,180195,2202,C-173,Clarkesville Church of God,482801,,FP/GNAP/USDA,FAITH-BASED-Agency,USDA,N-50-10240,1,0,0,3.96,22,HABERSHAM,0.18,5/8/2024 10:20,5/8/2024 9:02,Price Code 1,CUSTOMER PICKUP,False,Food Bank of Northeast Georgia,01,30523.0,Clarkesville,USDA SPAGHETTI,Dry Dry Dry Dry Grains
188,180443,690,S-102,Sharing and Caring - Cornelia,483049,,FP/GNAP/USDA,FOOD PANTRY-Agency,BLUE RECEIPT-SHL,W-03-10013,78,0,0,2.34,78,HABERSHAM,0.03,5/8/2024 13:47,5/8/2024 14:47,Price Code 1,CUSTOMER PICKUP,False,Sharing Floor Athens,01-SH,30531.0,Cornelia,"ASSORTED BEVERAGES, SHL",Dry Dry Dry Dry Beverages
329,178777,5407,O-109,Open Door Food Ministry (The Torch Church of God),481391,,FP/GNAP/USDA,FOOD PANTRY-Agency,BLUE RECEIPT-SHL,F-15-10000,1399,0,0,0.0,1399,HABERSHAM,0.0,4/11/2024 14:23,4/11/2024 7:10,Price Code 1,TRUCK 1 MOBILE PANTRY,False,Food Bank of Northeast Georgia,01,30531.0,Cornelia,"MEAT & SEAFOOD, FROZEN SHL",Frozen Frozen Frozen Frozen Proteins
188,175954,2856,S-102,Sharing and Caring - Cornelia,478582,,FP/GNAP/USDA,FOOD PANTRY-Agency,GNAP,N-40-10206,20,0,0,0.0,400,HABERSHAM,0.0,3/6/2024 9:00,3/6/2024 13:08,Price Code 1,CONTACT FOR DELIVERY,False,Rabun Warehouse,02,30531.0,Cornelia,GNAP CHICKEN NOODLE SOUP,Dry Dry Dry Dry Prepared Meals
556,175394,5938,P-123,"Pilgrim Ministries, Inc.",478023,,ON PREMISES (OP),REHAB-Agency,BLUE RECEIPT-SHL,C-28-10001,47,0,0,1.41,47,HABERSHAM,0.03,2/9/2024 14:14,2/9/2024 8:55,Price Code 1,CUSTOMER PICKUP,False,Sharing Floor Rabun,02-SH,30523.0,Clarkesville,"PRODUCE, FRESH SHL",Cooled Cooled Cooled Cooled Mixed Produce
750,173197,683,C-176,Cornelia United Methodist Church,476827,,FP/OP,FOOD PANTRY-Agency,BLUE RECEIPT-SHL,W-16-10001,493,0,0,88.74,493,HABERSHAM,0.18,1/17/2024 12:32,1/17/2024 14:12,Price Code 1,CUSTOMER PICKUP,False,Sharing Floor Rabun,02-SH,30531.0,Cornelia,MISC. FOOD BOX SHL,Dry Dry Dry Dry Food Misc.
665,175662,4852,C-173,Clarkesville Church of God,478290,,FP/GNAP/USDA,FAITH-BASED-Agency,USDA,F-50-90035,1,0,0,0.0,32,HABERSHAM,0.0,2/21/2024 9:35,2/21/2024 8:54,Price Code 1,CUSTOMER PICKUP,False,Food Bank of Northeast Georgia,01,30523.0,Clarkesville,USDA FROZEN CHERRIES CCC,Frozen Frozen Frozen Frozen Fruits
665,177367,3122,C-173,Clarkesville Church of God,479987,,FP/GNAP/USDA,FAITH-BASED-Agency,GNAP,N-40-10174,1,0,0,0.0,14,HABERSHAM,0.0,3/20/2024 9:35,3/20/2024 9:12,Price Code 1,CUSTOMER PICKUP,False,Food Bank of Northeast Georgia,01,30523.0,Clarkesville,"GNAP BLACKEYE PEAS, LOW SODIUM",Dry Dry Dry Dry Proteins
750,181203,688,C-176,Cornelia United Methodist Church,483808,,FP/OP,FOOD PANTRY-Agency,BLUE RECEIPT-SHL,W-01-10000,44,0,0,7.92,44,HABERSHAM,0.18,5/22/2024 12:32,5/22/2024 13:27,Price Code 1,CUSTOMER PICKUP,False,Sharing Floor Rabun,02-SH,30531.0,Cornelia,"ASSORTED NON-FOOD ITEMS, SHL",Dry Dry Dry Dry Non-Food Misc.
750,173559,5407,C-176,Cornelia United Methodist Church,477188,,FP/OP,FOOD PANTRY-Agency,BLUE RECEIPT-SHL,F-15-10000,50,0,0,9.0,50,HABERSHAM,0.18,1/24/2024 12:32,1/24/2024 13:27,Price Code 1,CUSTOMER PICKUP,False,Sharing Floor Rabun,02-SH,30531.0,Cornelia,"MEAT & SEAFOOD, FROZEN SHL",Frozen Frozen Frozen Frozen Proteins
329,176281,4448,O-109,Open Door Food Ministry (The Torch Church of God),478906,,FP/GNAP/USDA,FOOD PANTRY-Agency,USDA,F-50-90446,64,0,0,0.0,1792,HABERSHAM,0.0,3/2/2024 7:00,3/4/2024 6:57,Price Code 1,TRACTOR TRAILER 1 MOBILE PANTRY,False,Food Bank of Northeast Georgia,01,30531.0,Cornelia,USDA FROZEN STRAWBERRY FRUIT CUPS,Frozen Frozen Frozen Frozen Fruits
809,172709,688,B-123,Breaking Chains Ministries d.b.a Freedom Hill,476340,,ON PREMISES (OP),REHAB-Agency,BLUE RECEIPT-SHL,W-01-10000,92,0,0,16.56,92,HABERSHAM,0.18,1/8/2024 9:19,1/8/2024 10:04,Price Code 1,CUSTOMER PICKUP,False,Sharing Floor Athens,01-SH,30535.0,Demorest,"ASSORTED NON-FOOD ITEMS, SHL",Dry Dry Dry Dry Non-Food Misc.
329,173840,8761,O-109,Open Door Food Ministry (The Torch Church of God),477469,,FP/GNAP/USDA,FOOD PANTRY-Agency,USDA,N-50-10306,25,0,0,0.0,625,HABERSHAM,0.0,2/3/2024 7:00,2/14/2024 13:16,Price Code 1,TRACTOR TRAILER 1 MOBILE PANTRY,False,Food Bank of Northeast Georgia,01,30531.0,Cornelia,USDA WHOLE DEGLET DATES,Dry Dry Dry Dry Fruits
632,181062,9027,H-141,Hazel Creek Baptist Church,483667,,FP/USDA,FOOD PANTRY-Agency,YELLOW RECEIPT - SHN,N-25-11970,4,0,0,7.2,40,HABERSHAM,0.18,5/22/2024 14:00,5/30/2024 12:36,Price Code 1,CUSTOMER PICKUP,False,Rabun Warehouse,02,30563.0,Mt. Airy,"SNACK PACK BLUE RASP, SOUR PATCH KIDS",Dry Dry Dry Dry Food Misc.
869,175960,690,H-152,Homestead Recovery for Women,478588,,ON PREMISES (OP),REHAB-Agency,BLUE RECEIPT-SHL,W-03-10013,300,0,0,0.0,300,HABERSHAM,0.0,2/21/2024 10:35,2/21/2024 11:32,Price Code 1,CUSTOMER PICKUP,False,Sharing Floor Athens,01-SH,30523.0,Clarkesville,"ASSORTED BEVERAGES, SHL",Dry Dry Dry Dry Beverages
665,181451,7153,C-173,Clarkesville Church of God,484055,,FP/GNAP/USDA,FAITH-BASED-Agency,GNAP,N-40-10234,2,0,0,0.0,26,HABERSHAM,0.0,6/6/2024 8:00,6/6/2024 9:04,Price Code 1,CUSTOMER PICKUP,False,Food Bank of Northeast Georgia,01,30523.0,Clarkesville,GNAP BAKED BEANS,Dry Dry Dry Dry Proteins
632,173561,5407,H-141,Hazel Creek Baptist Church,477190,,FP/USDA,FOOD PANTRY-Agency,BLUE RECEIPT-SHL,F-15-10000,41,0,0,7.38,41,HABERSHAM,0.18,1/24/2024 8:32,1/24/2024 13:56,Price Code 1,CUSTOMER PICKUP,False,Sharing Floor Rabun,02-SH,30563.0,Mt. Airy,"MEAT & SEAFOOD, FROZEN SHL",Frozen Frozen Frozen Frozen Proteins
750,172489,5388,C-176,Cornelia United Methodist Church,476120,,FP/OP,FOOD PANTRY-Agency,BLUE RECEIPT-SHL,F-16-10001,55,0,0,9.9,55,HABERSHAM,0.18,1/3/2024 12:32,1/3/2024 13:46,Price Code 1,CUSTOMER PICKUP,False,Sharing Floor Rabun,02-SH,30531.0,Cornelia,"ASSORTED FROZEN FOODS, SHL",Frozen Frozen Frozen Frozen Food Misc.
750,178674,683,C-176,Cornelia United Methodist Church,481290,,FP/OP,FOOD PANTRY-Agency,BLUE RECEIPT-SHL,W-16-10001,341,0,0,61.38,341,HABERSHAM,0.18,4/10/2024 12:32,4/10/2024 13:36,Price Code 1,CUSTOMER PICKUP,False,Sharing Floor Rabun,02-SH,30531.0,Cornelia,MISC. FOOD BOX SHL,Dry Dry Dry Dry Food Misc.
198,180392,123,S-112,Sharing and Caring - Clarkesville,482998,,FP/GNAP/USDA,FOOD PANTRY-Agency,GNAP,N-40-10002,30,0,0,0.0,450,HABERSHAM,0.0,5/14/2024 8:45,5/14/2024 7:31,Price Code 1,CUSTOMER PICKUP,False,Rabun Warehouse,02,30523.0,Clarkesville,GNAP PEANUT BUTTER,Dry Dry Dry Dry Proteins
750,175967,683,C-176,Cornelia United Methodist Church,478595,,FP/OP,FOOD PANTRY-Agency,BLUE RECEIPT-SHL,W-16-10001,48,0,0,8.64,48,HABERSHAM,0.18,2/21/2024 12:32,2/21/2024 13:22,Price Code 1,CUSTOMER PICKUP,False,Sharing Floor Rabun,02-SH,30531.0,Cornelia,MISC. FOOD BOX SHL,Dry Dry Dry Dry Food Misc.
665,173122,8915,C-173,Clarkesville Church of God,476752,,FP/GNAP/USDA,FAITH-BASED-Agency,USDA,F-50-90474,2,0,0,14.4,80,HABERSHAM,0.18,1/23/2024 9:35,1/23/2024 9:34,Price Code 1,CUSTOMER PICKUP,False,Food Bank of Northeast Georgia,01,30523.0,Clarkesville,USDA PACIFIC SALAD SHRIMP,Frozen Frozen Frozen Frozen Proteins
623,181459,875,C-171,Clarkesville Soup Kitchen,484063,,OP/USDA,SOUP KITCHEN-Agency,BLUE RECEIPT-SHL,W-04-10000,188,0,0,0.0,188,HABERSHAM,0.0,5/28/2024 11:47,5/28/2024 13:14,Price Code 1,CUSTOMER PICKUP,False,Sharing Floor Rabun,02-SH,30523.0,Clarkesville,"BREAD & BAKERY, ASSORTED SHL",Dry Dry Dry Dry Grains
665,180195,9039,C-173,Clarkesville Church of God,482801,,FP/GNAP/USDA,FAITH-BASED-Agency,GNAP,N-40-10276,2,0,0,0.0,20,HABERSHAM,0.0,5/8/2024 10:20,5/8/2024 9:02,Price Code 1,CUSTOMER PICKUP,False,Food Bank of Northeast Georgia,01,30523.0,Clarkesville,GNAP CHEESE STICKS - WHITE CHEDDAR,Dry Dry Dry Dry Dairy
268,182485,5388,V-100,Victory Home / Helping Hand,485089,,ON PREMISES (OP),REHAB-Agency,BLUE RECEIPT-SHL,F-16-10001,145,0,0,26.1,145,HABERSHAM,0.18,6/21/2024 13:55,6/21/2024 14:46,Price Code 1,CUSTOMER PICKUP,False,Sharing Floor Rabun,02-SH,30573.0,Tallulah Falls,"ASSORTED FROZEN FOODS, SHL",Frozen Frozen Frozen Frozen Food Misc.
665,180562,3203,C-173,Clarkesville Church of God,483168,,FP/GNAP/USDA,FAITH-BASED-Agency,USDA,N-50-10289,5,0,0,22.5,125,HABERSHAM,0.18,5/22/2024 8:45,5/22/2024 9:20,Price Code 1,CUSTOMER PICKUP,False,Food Bank of Northeast Georgia,01,30523.0,Clarkesville,USDA PECAN PIECES,Dry Dry Dry Dry Proteins
987,182018,690,M-137,Mount Airy Baptist Church,484622,,OP/USDA,EMERGENCY-Agency,BLUE RECEIPT-SHL,W-03-10013,47,0,0,1.41,47,HABERSHAM,0.03,6/7/2024 10:08,6/7/2024 10:35,Price Code 1,CONTACT FOR DELIVERY,False,Sharing Floor Rabun,02-SH,30563.0,Mount Airy,"ASSORTED BEVERAGES, SHL",Dry Dry Dry Dry Beverages
665,180195,7083,C-173,Clarkesville Church of God,482801,,FP/GNAP/USDA,FAITH-BASED-Agency,USDA,C-50-10029,4,0,0,8.64,48,HABERSHAM,0.18,5/8/2024 10:20,5/8/2024 9:02,Price Code 1,CUSTOMER PICKUP,False,Food Bank of Northeast Georgia,01,30523.0,Clarkesville,"USDA MILD CHEDDAR CHEESE, BLOCK CCC",Cooled Cooled Cooled Cooled Dairy
55,181095,50,C-116,Circle of Hope,483700,,ON PREMISES (OP),SHELTER-Agency,LOCAL - LL,W-16-10002,94,0,0,16.92,94,HABERSHAM,0.18,5/20/2024 12:27,5/20/2024 11:46,Price Code 1,CUSTOMER PICKUP,False,Sharing Floor Rabun,02-SH,30531.0,Cornelia,MISC. FOOD BOX LL,Dry Dry Dry Dry Food Misc.
665,177035,5681,C-173,Clarkesville Church of God,479657,,FP/GNAP/USDA,FAITH-BASED-Agency,LOCAL - LL,C-16-10000,181,0,0,32.58,181,HABERSHAM,0.18,3/11/2024 9:35,3/11/2024 8:43,Price Code 1,CUSTOMER PICKUP,False,Sharing Floor Athens,01-SH,30523.0,Clarkesville,"COOLER FOOD, MISC. LL",Cooled Cooled Cooled Cooled Food Misc.
649,176661,7082,G-132,Glade Creek Baptist Church,479284,,FP/GNAP/USDA,FAITH-BASED-Agency,USDA,C-50-10033,4,0,0,0.0,48,HABERSHAM,0.0,3/6/2024 9:25,3/6/2024 8:25,Price Code 1,CONTACT FOR DELIVERY,False,Rabun Warehouse,02,30563.0,Mt Airy,USDA SHREDDED YELLOW CHEDDAR CHEESE CCC,Cooled Cooled Cooled Cooled Dairy
649,180418,8783,G-132,Glade Creek Baptist Church,483024,,FP/GNAP/USDA,FAITH-BASED-Agency,USDA,N-50-10308,4,0,0,16.56,92,HABERSHAM,0.18,5/14/2024 8:30,5/14/2024 7:27,Price Code 1,CONTACT FOR DELIVERY,False,Rabun Warehouse,02,30563.0,Mt Airy,USDA RAISINS,Dry Dry Dry Dry Fruits
665,173122,8922,C-173,Clarkesville Church of God,476752,,FP/GNAP/USDA,FAITH-BASED-Agency,LOCAL - LL,N-25-11954,4,0,0,3.6,20,HABERSHAM,0.18,1/23/2024 9:35,1/23/2024 9:34,Price Code 1,CUSTOMER PICKUP,False,Food Bank of Northeast Georgia,01,30523.0,Clarkesville,ATKINS VAR PACK CHOC PEANUT/CARAMEL,Dry Dry Dry Dry Food Misc.
1024,177607,4449,L-119,Life Church Baldwin,480227,,FP/USDA,MOBILE PANTRY-Agency,USDA,F-50-90445,5,0,0,20.5,205,HABERSHAM,0.1,4/11/2024 19:36,4/12/2024 15:36,Price Code 1,CONTACT FOR DELIVERY,False,Rabun Warehouse,02,30511.0,Baldwin,USDA FULLY COOKED PULLED PORK CCC,Frozen Frozen Frozen Frozen Proteins
198,179245,1047,S-112,Sharing and Caring - Clarkesville,481858,,FP/GNAP/USDA,FOOD PANTRY-Agency,USDA,N-50-10041,2,0,0,17.64,98,HABERSHAM,0.18,4/23/2024 13:49,4/23/2024 8:31,Price Code 1,CUSTOMER PICKUP,False,Rabun Warehouse,02,30523.0,Clarkesville,USDA RICE,Dry Dry Dry Dry Grains
198,175182,5938,S-112,Sharing and Caring - Clarkesville,477811,,FP/GNAP/USDA,FOOD PANTRY-Agency,BLUE RECEIPT-SHL,C-28-10001,76,0,0,2.28,76,HABERSHAM,0.03,2/6/2024 13:49,2/6/2024 8:39,Price Code 1,CUSTOMER PICKUP,False,Sharing Floor Rabun,02-SH,30523.0,Clarkesville,"PRODUCE, FRESH SHL",Cooled Cooled Cooled Cooled Mixed Produce
623,179367,50,C-171,Clarkesville Soup Kitchen,481980,,OP/USDA,SOUP KITCHEN-Agency,LOCAL - LL,W-16-10002,72,0,0,12.96,72,HABERSHAM,0.18,4/22/2024 11:47,4/22/2024 10:39,Price Code 1,CUSTOMER PICKUP,False,Sharing Floor Rabun,02-SH,30523.0,Clarkesville,MISC. FOOD BOX LL,Dry Dry Dry Dry Food Misc.
198,180324,5388,S-112,Sharing and Caring - Clarkesville,482930,,FP/GNAP/USDA,FOOD PANTRY-Agency,BLUE RECEIPT-SHL,F-16-10001,87,0,0,15.66,87,HABERSHAM,0.18,5/7/2024 13:49,5/7/2024 8:34,Price Code 1,CUSTOMER PICKUP,False,Sharing Floor Rabun,02-SH,30523.0,Clarkesville,"ASSORTED FROZEN FOODS, SHL",Frozen Frozen Frozen Frozen Food Misc.
665,175562,7309,C-173,Clarkesville Church of God,478190,,FP/GNAP/USDA,FAITH-BASED-Agency,GNAP,N-40-10250,1,0,0,0.0,27,HABERSHAM,0.0,2/21/2024 9:35,2/21/2024 8:54,Price Code 1,CUSTOMER PICKUP,False,Food Bank of Northeast Georgia,01,30523.0,Clarkesville,GNAP MIXED VEGETABLES,Dry Dry Dry Dry Vegetables
198,173448,5960,S-112,Sharing and Caring - Clarkesville,477077,,FP/GNAP/USDA,FOOD PANTRY-Agency,BLUE RECEIPT-SHL,C-07-10001,59,0,0,10.62,59,HABERSHAM,0.18,1/23/2024 13:49,1/23/2024 8:53,Price Code 1,CUSTOMER PICKUP,False,Sharing Floor Rabun,02-SH,30523.0,Clarkesville,"DAIRY PRODUCT, ASSORTED SHL",Cooled Cooled Cooled Cooled Dairy
665,181905,7153,C-173,Clarkesville Church of God,484509,,FP/GNAP/USDA,FAITH-BASED-Agency,GNAP,N-40-10234,2,0,0,0.0,26,HABERSHAM,0.0,6/20/2024 8:30,6/25/2024 15:47,Price Code 1,CUSTOMER PICKUP,False,Food Bank of Northeast Georgia,01,30523.0,Clarkesville,GNAP BAKED BEANS,Dry Dry Dry Dry Proteins
665,180195,7169,C-173,Clarkesville Church of God,482801,,FP/GNAP/USDA,FAITH-BASED-Agency,GNAP,N-40-10236,6,0,0,15.12,84,HABERSHAM,0.18,5/8/2024 10:20,5/8/2024 9:02,Price Code 1,CUSTOMER PICKUP,False,Food Bank of Northeast Georgia,01,30523.0,Clarkesville,GNAP BEEF LASAGNA,Dry Dry Dry Dry Prepared Meals
560,182182,5388,B-133,Ballew House Outreach,484786,,FP/OP/GNAP/USDA,FOOD PANTRY-Agency,BLUE RECEIPT-SHL,F-16-10001,17,0,0,3.06,17,HABERSHAM,0.18,6/13/2024 13:49,6/13/2024 11:52,Price Code 1,CUSTOMER PICKUP,False,Sharing Floor Rabun,02-SH,30510.0,Alto,"ASSORTED FROZEN FOODS, SHL",Frozen Frozen Frozen Frozen Food Misc.
329,179922,4376,O-109,Open Door Food Ministry (The Torch Church of God),482533,,FP/GNAP/USDA,FOOD PANTRY-Agency,USDA,N-50-10291,25,0,0,0.0,625,HABERSHAM,0.0,5/4/2024 7:00,5/4/2024 6:01,Price Code 1,TRACTOR TRAILER 1 MOBILE PANTRY,False,Food Bank of Northeast Georgia,01,30531.0,Cornelia,USDA GARBANZO BEANS,Dry Dry Dry Dry Proteins
902,179208,8975,T-123,"The Lord's Help, Inc.",FAIMPORT481821,,ON PREMISES (OP),SOUP KITCHEN-Agency,BLUE RECEIPT-SHL,MCC-07-10001,60,0,0,0.0,60,HABERSHAM,0.0,4/16/2024 0:00,4/16/2024 0:00,Price Code 1,CUSTOMER PICKUP,False,Food Bank of Northeast Georgia,01,30531.0,Cornelia,"DAIRY PRODUCTS, SHL RETAIL PICKUPS",Dry Dry Dry Dry Dairy
329,176281,3139,O-109,Open Door Food Ministry (The Torch Church of God),478906,,FP/GNAP/USDA,FOOD PANTRY-Agency,USDA,N-50-10290,50,0,0,0.0,1250,HABERSHAM,0.0,3/2/2024 7:00,3/4/2024 6:57,Price Code 1,TRACTOR TRAILER 1 MOBILE PANTRY,False,Food Bank of Northeast Georgia,01,30531.0,Cornelia,USDA WHOLE ALMONDS DRY ROASTED,Dry Dry Dry Dry Proteins
198,179284,170,S-112,Sharing and Caring - Clarkesville,481897,,FP/GNAP/USDA,FOOD PANTRY-Agency,USDA,N-50-10007,3,0,0,15.12,84,HABERSHAM,0.18,4/23/2024 13:49,4/23/2024 8:31,Price Code 1,CUSTOMER PICKUP,False,Rabun Warehouse,02,30523.0,Clarkesville,"USDA CORN, WHOLE KERNEL NO SALT",Dry Dry Dry Dry Vegetables
649,175473,8783,G-132,Glade Creek Baptist Church,478102,,FP/GNAP/USDA,FAITH-BASED-Agency,USDA,N-50-10308,2,0,0,8.28,46,HABERSHAM,0.18,2/15/2024 9:25,2/15/2024 6:58,Price Code 1,CONTACT FOR DELIVERY,False,Rabun Warehouse,02,30563.0,Mt Airy,USDA RAISINS,Dry Dry Dry Dry Fruits
665,175261,696,C-173,Clarkesville Church of God,477890,,FP/GNAP/USDA,FAITH-BASED-Agency,LOCAL - LL,W-25-10000,7,0,0,1.26,7,HABERSHAM,0.18,2/7/2024 9:35,2/7/2024 8:29,Price Code 1,CUSTOMER PICKUP,False,Sharing Floor Athens,01-SH,30523.0,Clarkesville,"ASSORTED SNACK ITEMS, LL",Dry Dry Dry Dry Food Misc.
268,173906,875,V-100,Victory Home / Helping Hand,477535,,ON PREMISES (OP),REHAB-Agency,BLUE RECEIPT-SHL,W-04-10000,94,0,0,0.0,94,HABERSHAM,0.0,1/31/2024 13:55,1/31/2024 10:43,Price Code 1,CUSTOMER PICKUP,False,Sharing Floor Rabun,02-SH,30573.0,Tallulah Falls,"BREAD & BAKERY, ASSORTED SHL",Dry Dry Dry Dry Grains
649,172555,4327,G-132,Glade Creek Baptist Church,476186,,FP/GNAP/USDA,FAITH-BASED-Agency,USDA,N-50-10277,2,0,0,9.72,54,HABERSHAM,0.18,1/9/2024 9:25,1/9/2024 14:55,Price Code 1,CONTACT FOR DELIVERY,False,Rabun Warehouse,02,30563.0,Mt Airy,USDA GARBANZO BEANS,Dry Dry Dry Dry Proteins
329,182309,5772,O-109,Open Door Food Ministry (The Torch Church of God),484913,,FP/GNAP/USDA,FOOD PANTRY-Agency,LOCAL - LL,C-28-10000,502,0,0,0.0,502,HABERSHAM,0.0,6/18/2024 10:00,6/18/2024 9:03,Price Code 1,TRUCK 1,False,Food Bank of Northeast Georgia,01,30531.0,Cornelia,"PRODUCE, FRESH LL",Cooled Cooled Cooled Cooled Mixed Produce
556,181279,8973,P-123,"Pilgrim Ministries, Inc.",FAIMPORT483884,,ON PREMISES (OP),REHAB-Agency,BLUE RECEIPT-SHL,MCC-16-10001,36,0,0,0.0,36,HABERSHAM,0.0,5/20/2024 0:00,5/20/2024 0:00,Price Code 1,CUSTOMER PICKUP,False,Food Bank of Northeast Georgia,01,30523.0,Clarkesville,"COOLER FOOD MISC., SHL RETAIL PICKUP",Dry Dry Dry Dry Food Misc.
938,172533,690,F-142,First Presbyterian Church of Cornelia,476164,,FP/GNAP/USDA,MOBILE PANTRY-Agency,BLUE RECEIPT-SHL,W-03-10013,200,0,0,0.0,200,HABERSHAM,0.0,1/4/2024 9:58,1/8/2024 9:08,Price Code 1,CUSTOMER PICKUP,False,Sharing Floor Rabun,02-SH,30531.0,Cornelia,"ASSORTED BEVERAGES, SHL",Dry Dry Dry Dry Beverages
268,175617,690,V-100,Victory Home / Helping Hand,478245,,ON PREMISES (OP),REHAB-Agency,BLUE RECEIPT-SHL,W-03-10013,131,0,0,3.93,131,HABERSHAM,0.03,2/14/2024 13:55,2/14/2024 10:06,Price Code 1,CUSTOMER PICKUP,False,Sharing Floor Rabun,02-SH,30573.0,Tallulah Falls,"ASSORTED BEVERAGES, SHL",Dry Dry Dry Dry Beverages
665,181956,688,C-173,Clarkesville Church of God,484560,,FP/GNAP/USDA,FAITH-BASED-Agency,BLUE RECEIPT-SHL,W-01-10000,45,0,0,0.0,45,HABERSHAM,0.0,6/6/2024 9:35,6/6/2024 8:36,Price Code 1,CUSTOMER PICKUP,False,Sharing Floor Athens,01-SH,30523.0,Clarkesville,"ASSORTED NON-FOOD ITEMS, SHL",Dry Dry Dry Dry Non-Food Misc.
869,173465,5772,H-152,Homestead Recovery for Women,477094,,ON PREMISES (OP),REHAB-Agency,LOCAL - LL,C-28-10000,42,0,0,1.26,42,HABERSHAM,0.03,1/23/2024 10:35,1/23/2024 10:37,Price Code 1,CUSTOMER PICKUP,False,Sharing Floor Athens,01-SH,30523.0,Clarkesville,"PRODUCE, FRESH LL",Cooled Cooled Cooled Cooled Mixed Produce
665,172317,7298,C-173,Clarkesville Church of God,475948,,FP/GNAP/USDA,FAITH-BASED-Agency,GNAP,N-40-10248,5,0,0,7.0,70,HABERSHAM,0.1,1/10/2024 9:35,1/26/2024 8:59,Price Code 1,CUSTOMER PICKUP,False,Food Bank of Northeast Georgia,01,30523.0,Clarkesville,GNAP BAKING AND BISCUIT MIX,Dry Dry Dry Dry Grains
902,177302,5407,T-123,"The Lord's Help, Inc.",479922,,ON PREMISES (OP),SOUP KITCHEN-Agency,BLUE RECEIPT-SHL,F-15-10000,24,0,0,0.0,24,HABERSHAM,0.0,3/14/2024 15:19,3/14/2024 10:30,Price Code 1,CUSTOMER PICKUP,False,Sharing Floor Athens,01-SH,30531.0,Cornelia,"MEAT & SEAFOOD, FROZEN SHL",Frozen Frozen Frozen Frozen Proteins
198,176250,5938,S-112,Sharing and Caring - Clarkesville,478876,,FP/GNAP/USDA,FOOD PANTRY-Agency,BLUE RECEIPT-SHL,C-28-10001,30,0,0,0.9,30,HABERSHAM,0.03,2/27/2024 13:49,2/27/2024 8:35,Price Code 1,CUSTOMER PICKUP,False,Sharing Floor Rabun,02-SH,30523.0,Clarkesville,"PRODUCE, FRESH SHL",Cooled Cooled Cooled Cooled Mixed Produce
665,175966,8980,C-173,Clarkesville Church of God,478594,,FP/GNAP/USDA,FAITH-BASED-Agency,LOCAL - LL,N-25-11967,4,0,0,2.88,16,HABERSHAM,0.18,3/6/2024 9:35,3/11/2024 9:35,Price Code 1,CUSTOMER PICKUP,False,Food Bank of Northeast Georgia,01,30523.0,Clarkesville,REESES MINIATURE CUPS W/ REESES PUFFS,Dry Dry Dry Dry Food Misc.
198,179526,9027,S-112,Sharing and Caring - Clarkesville,482139,,FP/GNAP/USDA,FOOD PANTRY-Agency,YELLOW RECEIPT - SHN,N-25-11970,3,0,0,5.4,30,HABERSHAM,0.18,4/30/2024 21:00,4/30/2024 8:32,Price Code 1,CUSTOMER PICKUP,False,Rabun Warehouse,02,30523.0,Clarkesville,"SNACK PACK BLUE RASP, SOUR PATCH KIDS",Dry Dry Dry Dry Food Misc.
665,178129,5088,C-173,Clarkesville Church of God,480748,,FP/GNAP/USDA,FAITH-BASED-Agency,USDA,F-50-90023,1,0,0,0.0,25,HABERSHAM,0.0,4/10/2024 9:35,4/10/2024 9:20,Price Code 1,CUSTOMER PICKUP,False,Food Bank of Northeast Georgia,01,30523.0,Clarkesville,USDA FROZEN PEACHES CCC,Frozen Frozen Frozen Frozen Fruits
665,175966,7298,C-173,Clarkesville Church of God,478594,,FP/GNAP/USDA,FAITH-BASED-Agency,GNAP,N-40-10248,3,0,0,4.2,42,HABERSHAM,0.1,3/6/2024 9:35,3/11/2024 9:35,Price Code 1,CUSTOMER PICKUP,False,Food Bank of Northeast Georgia,01,30523.0,Clarkesville,GNAP BAKING AND BISCUIT MIX,Dry Dry Dry Dry Grains
623,179885,9027,C-171,Clarkesville Soup Kitchen,482496,,OP/USDA,SOUP KITCHEN-Agency,YELLOW RECEIPT - SHN,N-25-11970,3,0,0,5.4,30,HABERSHAM,0.18,5/6/2024 10:30,5/6/2024 10:06,Price Code 1,CUSTOMER PICKUP,False,Rabun Warehouse,02,30523.0,Clarkesville,"SNACK PACK BLUE RASP, SOUR PATCH KIDS",Dry Dry Dry Dry Food Misc.
987,181075,8995,M-137,Mount Airy Baptist Church,483680,,OP/USDA,EMERGENCY-Agency,BLUE RECEIPT-SHL,N-21-10067,4,0,0,3.6,20,HABERSHAM,0.18,5/23/2024 0:00,5/23/2024 10:30,Price Code 1,CONTACT FOR DELIVERY,False,Rabun Warehouse,02,30563.0,Mount Airy,"RAMEN, MARUCHAN SHRIMP",Dry Dry Dry Dry Prepared Meals
665,178646,875,C-173,Clarkesville Church of God,481262,,FP/GNAP/USDA,FAITH-BASED-Agency,BLUE RECEIPT-SHL,W-04-10000,97,0,0,0.0,97,HABERSHAM,0.0,4/10/2024 9:35,4/10/2024 8:44,Price Code 1,CUSTOMER PICKUP,False,Sharing Floor Athens,01-SH,30523.0,Clarkesville,"BREAD & BAKERY, ASSORTED SHL",Dry Dry Dry Dry Grains
188,172850,683,S-102,Sharing and Caring - Cornelia,476481,,FP/GNAP/USDA,FOOD PANTRY-Agency,BLUE RECEIPT-SHL,W-16-10001,43,0,0,7.74,43,HABERSHAM,0.18,1/10/2024 13:47,1/10/2024 9:37,Price Code 1,CUSTOMER PICKUP,False,Sharing Floor Rabun,02-SH,30531.0,Cornelia,MISC. FOOD BOX SHL,Dry Dry Dry Dry Food Misc.
750,172871,683,C-176,Cornelia United Methodist Church,476502,,FP/OP,FOOD PANTRY-Agency,BLUE RECEIPT-SHL,W-16-10001,138,0,0,24.84,138,HABERSHAM,0.18,1/10/2024 12:32,1/10/2024 13:13,Price Code 1,CUSTOMER PICKUP,False,Sharing Floor Rabun,02-SH,30531.0,Cornelia,MISC. FOOD BOX SHL,Dry Dry Dry Dry Food Misc.
198,173927,2960,S-112,Sharing and Caring - Clarkesville,477556,,FP/GNAP/USDA,FOOD PANTRY-Agency,USDA,N-50-10247,4,0,0,25.92,144,HABERSHAM,0.18,2/6/2024 9:00,2/6/2024 8:13,Price Code 1,CUSTOMER PICKUP,False,Rabun Warehouse,02,30523.0,Clarkesville,USDA BEEF STEW POUCHES CCC,Dry Dry Dry Dry Prepared Meals
188,180874,9046,S-102,Sharing and Caring - Cornelia,483480,,FP/GNAP/USDA,FOOD PANTRY-Agency,GNAP,N-40-10280,6,0,0,0.0,60,HABERSHAM,0.0,5/30/2024 11:00,5/30/2024 7:14,Price Code 1,CONTACT FOR DELIVERY,False,Rabun Warehouse,02,30531.0,Cornelia,GNAP CHEESEBURGER DINNER,Dry Dry Dry Dry Prepared Meals
268,179550,50,V-100,Victory Home / Helping Hand,482163,,ON PREMISES (OP),REHAB-Agency,LOCAL - LL,W-16-10002,52,0,0,9.36,52,HABERSHAM,0.18,4/24/2024 13:55,4/24/2024 10:36,Price Code 1,CUSTOMER PICKUP,False,Sharing Floor Rabun,02-SH,30573.0,Tallulah Falls,MISC. FOOD BOX LL,Dry Dry Dry Dry Food Misc.
188,175954,890,S-102,Sharing and Caring - Cornelia,478582,,FP/GNAP/USDA,FOOD PANTRY-Agency,GNAP,N-40-10001,20,0,0,0.0,540,HABERSHAM,0.0,3/6/2024 9:00,3/6/2024 13:08,Price Code 1,CONTACT FOR DELIVERY,False,Rabun Warehouse,02,30531.0,Cornelia,GNAP APPLE SAUCE,Dry Dry Dry Dry Fruits
1024,181633,3712,L-119,Life Church Baldwin,484237,,FP/USDA,MOBILE PANTRY-Agency,USDA,N-50-10266,5,0,0,24.3,135,HABERSHAM,0.18,6/4/2024 10:00,6/7/2024 7:07,Price Code 1,CUSTOMER PICKUP,False,Rabun Warehouse,02,30511.0,Baldwin,USDA CANNED PINTO BEANS,Dry Dry Dry Dry Proteins
198,180855,842,S-112,Sharing and Caring - Clarkesville,483461,,FP/GNAP/USDA,FOOD PANTRY-Agency,USDA,N-50-10021,3,0,0,14.58,81,HABERSHAM,0.18,5/21/2024 8:30,5/21/2024 8:50,Price Code 1,CUSTOMER PICKUP,False,Rabun Warehouse,02,30523.0,Clarkesville,USDA DICED TOMATOES NO SALT CCC,Dry Dry Dry Dry Vegetables
55,180272,5388,C-116,Circle of Hope,482878,,ON PREMISES (OP),SHELTER-Agency,BLUE RECEIPT-SHL,F-16-10001,11,0,0,1.98,11,HABERSHAM,0.18,5/6/2024 12:27,5/6/2024 11:18,Price Code 1,CUSTOMER PICKUP,False,Sharing Floor Rabun,02-SH,30531.0,Cornelia,"ASSORTED FROZEN FOODS, SHL",Frozen Frozen Frozen Frozen Food Misc.
623,181363,3712,C-171,Clarkesville Soup Kitchen,483967,,OP/USDA,SOUP KITCHEN-Agency,USDA,N-50-10266,2,0,0,9.72,54,HABERSHAM,0.18,6/3/2024 10:00,6/3/2024 10:03,Price Code 1,CUSTOMER PICKUP,False,Rabun Warehouse,02,30523.0,Clarkesville,USDA CANNED PINTO BEANS,Dry Dry Dry Dry Proteins
623,181085,5388,C-171,Clarkesville Soup Kitchen,483690,,OP/USDA,SOUP KITCHEN-Agency,BLUE RECEIPT-SHL,F-16-10001,24,0,0,4.32,24,HABERSHAM,0.18,5/20/2024 11:47,5/20/2024 10:34,Price Code 1,CUSTOMER PICKUP,False,Sharing Floor Rabun,02-SH,30523.0,Clarkesville,"ASSORTED FROZEN FOODS, SHL",Frozen Frozen Frozen Frozen Food Misc.
188,178262,690,S-102,Sharing and Caring - Cornelia,480878,,FP/GNAP/USDA,FOOD PANTRY-Agency,BLUE RECEIPT-SHL,W-03-10013,108,0,0,0.0,108,HABERSHAM,0.0,4/3/2024 13:47,4/3/2024 14:59,Price Code 1,CUSTOMER PICKUP,False,Sharing Floor Athens,01-SH,30531.0,Cornelia,"ASSORTED BEVERAGES, SHL",Dry Dry Dry Dry Beverages
268,181921,688,V-100,Victory Home / Helping Hand,484525,,ON PREMISES (OP),REHAB-Agency,BLUE RECEIPT-SHL,W-01-10000,56,0,0,10.08,56,HABERSHAM,0.18,6/5/2024 13:55,6/5/2024 10:42,Price Code 1,CUSTOMER PICKUP,False,Sharing Floor Rabun,02-SH,30573.0,Tallulah Falls,"ASSORTED NON-FOOD ITEMS, SHL",Dry Dry Dry Dry Non-Food Misc.
665,175933,5407,C-173,Clarkesville Church of God,478561,,FP/GNAP/USDA,FAITH-BASED-Agency,BLUE RECEIPT-SHL,F-15-10000,300,0,0,54.0,300,HABERSHAM,0.18,2/21/2024 9:35,2/21/2024 8:34,Price Code 1,CUSTOMER PICKUP,False,Sharing Floor Athens,01-SH,30523.0,Clarkesville,"MEAT & SEAFOOD, FROZEN SHL",Frozen Frozen Frozen Frozen Proteins
329,179922,170,O-109,Open Door Food Ministry (The Torch Church of God),482533,,FP/GNAP/USDA,FOOD PANTRY-Agency,USDA,N-50-10007,25,0,0,0.0,700,HABERSHAM,0.0,5/4/2024 7:00,5/4/2024 6:01,Price Code 1,TRACTOR TRAILER 1 MOBILE PANTRY,False,Food Bank of Northeast Georgia,01,30531.0,Cornelia,"USDA CORN, WHOLE KERNEL NO SALT",Dry Dry Dry Dry Vegetables
665,177624,5407,C-173,Clarkesville Church of God,480244,,FP/GNAP/USDA,FAITH-BASED-Agency,BLUE RECEIPT-SHL,F-15-10000,211,0,0,37.98,211,HABERSHAM,0.18,3/20/2024 9:35,3/20/2024 8:43,Price Code 1,CUSTOMER PICKUP,False,Sharing Floor Athens,01-SH,30523.0,Clarkesville,"MEAT & SEAFOOD, FROZEN SHL",Frozen Frozen Frozen Frozen Proteins
665,172317,1230,C-173,Clarkesville Church of God,475948,,FP/GNAP/USDA,FAITH-BASED-Agency,USDA,N-50-10097,1,0,0,1.14,38,HABERSHAM,0.03,1/10/2024 9:35,1/26/2024 8:59,Price Code 1,CUSTOMER PICKUP,False,Food Bank of Northeast Georgia,01,30523.0,Clarkesville,USDA CHERRY APPLE JUICE,Dry Dry Dry Dry Beverages
665,181905,9084,C-173,Clarkesville Church of God,484509,,FP/GNAP/USDA,FAITH-BASED-Agency,USDA,N-50-10315,2,0,0,9.72,54,HABERSHAM,0.18,6/20/2024 8:30,6/25/2024 15:47,Price Code 1,CUSTOMER PICKUP,False,Food Bank of Northeast Georgia,01,30523.0,Clarkesville,USDA CANNED SALMON,Dry Dry Dry Dry Proteins
902,172939,696,T-123,"The Lord's Help, Inc.",476570,,ON PREMISES (OP),SOUP KITCHEN-Agency,LOCAL - LL,W-25-10000,11,0,0,1.98,11,HABERSHAM,0.18,1/11/2024 15:19,1/11/2024 11:43,Price Code 1,CUSTOMER PICKUP,False,Sharing Floor Athens,01-SH,30531.0,Cornelia,"ASSORTED SNACK ITEMS, LL",Dry Dry Dry Dry Food Misc.
560,181354,688,B-133,Ballew House Outreach,483958,,FP/OP/GNAP/USDA,FOOD PANTRY-Agency,BLUE RECEIPT-SHL,W-01-10000,20,0,0,3.6,20,HABERSHAM,0.18,5/24/2024 13:49,5/24/2024 11:13,Price Code 1,CUSTOMER PICKUP,False,Sharing Floor Rabun,02-SH,30510.0,Alto,"ASSORTED NON-FOOD ITEMS, SHL",Dry Dry Dry Dry Non-Food Misc.
329,175298,7082,O-109,Open Door Food Ministry (The Torch Church of God),477927,,FP/GNAP/USDA,FOOD PANTRY-Agency,USDA,C-50-10033,10,0,0,0.0,120,HABERSHAM,0.0,2/12/2024 14:23,2/12/2024 8:10,Price Code 1,CONTACT FOR DELIVERY,False,Rabun Warehouse,02,30531.0,Cornelia,USDA SHREDDED YELLOW CHEDDAR CHEESE CCC,Cooled Cooled Cooled Cooled Dairy
329,181124,8512,O-109,Open Door Food Ministry (The Torch Church of God),483729,,FP/GNAP/USDA,FOOD PANTRY-Agency,USDA,C-50-10049,54,0,0,0.0,2106,HABERSHAM,0.0,5/21/2024 14:23,5/22/2024 7:11,Price Code 1,CONTACT FOR DELIVERY,False,Food Bank of Northeast Georgia,01,30531.0,Cornelia,USDA GRAPEFRUIT CCC,Cooled Cooled Cooled Cooled Fruits
55,176615,690,C-116,Circle of Hope,479239,,ON PREMISES (OP),SHELTER-Agency,BLUE RECEIPT-SHL,W-03-10013,85,0,0,2.55,85,HABERSHAM,0.03,3/4/2024 12:27,3/4/2024 10:59,Price Code 1,CUSTOMER PICKUP,False,Sharing Floor Rabun,02-SH,30531.0,Cornelia,"ASSORTED BEVERAGES, SHL",Dry Dry Dry Dry Beverages
665,181451,170,C-173,Clarkesville Church of God,484055,,FP/GNAP/USDA,FAITH-BASED-Agency,USDA,N-50-10007,1,0,0,5.04,28,HABERSHAM,0.18,6/6/2024 8:00,6/6/2024 9:04,Price Code 1,CUSTOMER PICKUP,False,Food Bank of Northeast Georgia,01,30523.0,Clarkesville,"USDA CORN, WHOLE KERNEL NO SALT",Dry Dry Dry Dry Vegetables
665,182413,5407,C-173,Clarkesville Church of God,485017,,FP/GNAP/USDA,FAITH-BASED-Agency,BLUE RECEIPT-SHL,F-15-10000,179,0,0,32.22,179,HABERSHAM,0.18,6/20/2024 9:35,6/20/2024 8:27,Price Code 1,CUSTOMER PICKUP,False,Sharing Floor Athens,01-SH,30523.0,Clarkesville,"MEAT & SEAFOOD, FROZEN SHL",Frozen Frozen Frozen Frozen Proteins
1024,173890,8783,L-119,Life Church Baldwin,477519,,FP/USDA,MOBILE PANTRY-Agency,USDA,N-50-10308,5,0,0,20.7,115,HABERSHAM,0.18,2/9/2024 8:39,2/9/2024 15:24,Price Code 1,CONTACT FOR DELIVERY,False,Rabun Warehouse,02,30511.0,Baldwin,USDA RAISINS,Dry Dry Dry Dry Fruits
55,176204,690,C-116,Circle of Hope,478830,,ON PREMISES (OP),SHELTER-Agency,BLUE RECEIPT-SHL,W-03-10013,117,0,0,3.51,117,HABERSHAM,0.03,2/26/2024 12:27,2/26/2024 11:16,Price Code 1,CUSTOMER PICKUP,False,Sharing Floor Rabun,02-SH,30531.0,Cornelia,"ASSORTED BEVERAGES, SHL",Dry Dry Dry Dry Beverages
198,179245,4449,S-112,Sharing and Caring - Clarkesville,481858,,FP/GNAP/USDA,FOOD PANTRY-Agency,USDA,F-50-90445,1,0,0,4.1,41,HABERSHAM,0.1,4/23/2024 13:49,4/23/2024 8:31,Price Code 1,CUSTOMER PICKUP,False,Rabun Warehouse,02,30523.0,Clarkesville,USDA FULLY COOKED PULLED PORK CCC,Frozen Frozen Frozen Frozen Proteins
268,182199,1045,V-100,Victory Home / Helping Hand,484803,,ON PREMISES (OP),REHAB-Agency,BLUE RECEIPT-SHL,W-25-10009,32,0,0,5.76,32,HABERSHAM,0.18,6/14/2024 13:55,6/14/2024 7:08,Price Code 1,CUSTOMER PICKUP,False,Sharing Floor Rabun,02-SH,30573.0,Tallulah Falls,"ASSORTED SNACK ITEMS, SHL",Dry Dry Dry Dry Food Misc.
623,178511,683,C-171,Clarkesville Soup Kitchen,481127,,OP/USDA,SOUP KITCHEN-Agency,BLUE RECEIPT-SHL,W-16-10001,49,0,0,8.82,49,HABERSHAM,0.18,4/8/2024 11:47,4/8/2024 10:08,Price Code 1,CUSTOMER PICKUP,False,Sharing Floor Rabun,02-SH,30523.0,Clarkesville,MISC. FOOD BOX SHL,Dry Dry Dry Dry Food Misc.
188,175583,5938,S-102,Sharing and Caring - Cornelia,478211,,FP/GNAP/USDA,FOOD PANTRY-Agency,BLUE RECEIPT-SHL,C-28-10001,23,0,0,0.69,23,HABERSHAM,0.03,2/13/2024 13:47,2/13/2024 14:11,Price Code 1,CUSTOMER PICKUP,False,Sharing Floor Athens,01-SH,30531.0,Cornelia,"PRODUCE, FRESH SHL",Cooled Cooled Cooled Cooled Mixed Produce
750,175967,690,C-176,Cornelia United Methodist Church,478595,,FP/OP,FOOD PANTRY-Agency,BLUE RECEIPT-SHL,W-03-10013,59,0,0,1.77,59,HABERSHAM,0.03,2/21/2024 12:32,2/21/2024 13:22,Price Code 1,CUSTOMER PICKUP,False,Sharing Floor Rabun,02-SH,30531.0,Cornelia,"ASSORTED BEVERAGES, SHL",Dry Dry Dry Dry Beverages
329,178306,2414,O-109,Open Door Food Ministry (The Torch Church of God),480922,,FP/GNAP/USDA,FOOD PANTRY-Agency,USDA,N-50-10244,25,0,0,0.0,900,HABERSHAM,0.0,4/6/2024 7:30,4/16/2024 9:05,Price Code 1,TRACTOR TRAILER 1 MOBILE PANTRY,False,Food Bank of Northeast Georgia,01,30531.0,Cornelia,USDA CANNED BEEF CCC,Dry Dry Dry Dry Proteins
987,175214,4852,M-137,Mount Airy Baptist Church,477843,,OP/USDA,EMERGENCY-Agency,USDA,F-50-90035,2,0,0,0.0,64,HABERSHAM,0.0,2/7/2024 11:55,2/7/2024 11:13,Price Code 1,CONTACT FOR DELIVERY,False,Rabun Warehouse,02,30563.0,Mount Airy,USDA FROZEN CHERRIES CCC,Frozen Frozen Frozen Frozen Fruits
198,181119,50,S-112,Sharing and Caring - Clarkesville,483724,,FP/GNAP/USDA,FOOD PANTRY-Agency,LOCAL - LL,W-16-10002,55,0,0,9.9,55,HABERSHAM,0.18,5/21/2024 13:49,5/21/2024 8:40,Price Code 1,CUSTOMER PICKUP,False,Sharing Floor Rabun,02-SH,30523.0,Clarkesville,MISC. FOOD BOX LL,Dry Dry Dry Dry Food Misc.
560,175345,5388,B-133,Ballew House Outreach,477974,,FP/OP/GNAP/USDA,FOOD PANTRY-Agency,BLUE RECEIPT-SHL,F-16-10001,40,0,0,7.2,40,HABERSHAM,0.18,2/8/2024 13:49,2/8/2024 11:38,Price Code 1,CUSTOMER PICKUP,False,Sharing Floor Rabun,02-SH,30510.0,Alto,"ASSORTED FROZEN FOODS, SHL",Frozen Frozen Frozen Frozen Food Misc.
665,180562,8874,C-173,Clarkesville Church of God,483168,,FP/GNAP/USDA,FAITH-BASED-Agency,YELLOW RECEIPT - SHN,F-10-10002,5,0,0,0.45,15,HABERSHAM,0.03,5/22/2024 8:45,5/22/2024 9:20,Price Code 1,CUSTOMER PICKUP,False,Food Bank of Northeast Georgia,01,30523.0,Clarkesville,OUTSHINE TROPICAL SMOOTHIE CUBES,Frozen Frozen Frozen Frozen Beverages
665,181913,9090,C-173,Clarkesville Church of God,484517,,FP/GNAP/USDA,FAITH-BASED-Agency,LOCAL - LL,F-15-90561,8,0,0,18.72,104,HABERSHAM,0.18,6/20/2024 9:30,6/25/2024 15:47,Price Code 1,CUSTOMER PICKUP,False,Food Bank of Northeast Georgia,01,30523.0,Clarkesville,TYSON BUFFALO STYLE CHICKEN STRIPS,Frozen Frozen Frozen Frozen Prepared Meals
198,177222,4715,S-112,Sharing and Caring - Clarkesville,479842,,FP/GNAP/USDA,FOOD PANTRY-Agency,USDA,F-50-90461,2,0,0,8.0,80,HABERSHAM,0.1,3/19/2024 8:49,3/19/2024 8:09,Price Code 1,CUSTOMER PICKUP,False,Rabun Warehouse,02,30523.0,Clarkesville,USDA ALASKAN POLLACK FISH FILLETS,Frozen Frozen Frozen Frozen Proteins
665,175562,8906,C-173,Clarkesville Church of God,478190,,FP/GNAP/USDA,FAITH-BASED-Agency,GNAP,N-40-10266,1,0,0,0.0,20,HABERSHAM,0.0,2/21/2024 9:35,2/21/2024 8:54,Price Code 1,CUSTOMER PICKUP,False,Food Bank of Northeast Georgia,01,30523.0,Clarkesville,GNAP SPAGHETTI,Dry Dry Dry Dry Grains
198,181329,2202,S-112,Sharing and Caring - Clarkesville,483933,,FP/GNAP/USDA,FOOD PANTRY-Agency,USDA,N-50-10240,3,0,0,11.88,66,HABERSHAM,0.18,5/29/2024 9:00,5/29/2024 7:05,Price Code 1,CUSTOMER PICKUP,False,Rabun Warehouse,02,30523.0,Clarkesville,USDA SPAGHETTI,Dry Dry Dry Dry Grains
665,180863,9011,C-173,Clarkesville Church of God,483469,,FP/GNAP/USDA,FAITH-BASED-Agency,YELLOW RECEIPT - SHN,N-03-11830,2,0,0,0.0,68,HABERSHAM,0.0,5/22/2024 8:30,5/22/2024 9:20,Price Code 1,CUSTOMER PICKUP,False,Food Bank of Northeast Georgia,01,30523.0,Clarkesville,DASANI WATER,Dry Dry Dry Dry Beverages
809,181701,1045,B-123,Breaking Chains Ministries d.b.a Freedom Hill,484305,,ON PREMISES (OP),REHAB-Agency,BLUE RECEIPT-SHL,W-25-10009,67,0,0,12.06,67,HABERSHAM,0.18,5/31/2024 9:19,5/31/2024 14:54,Price Code 1,CUSTOMER PICKUP,False,Sharing Floor Rabun,02-SH,30535.0,Demorest,"ASSORTED SNACK ITEMS, SHL",Dry Dry Dry Dry Food Misc.
809,182210,5388,B-123,Breaking Chains Ministries d.b.a Freedom Hill,484814,,ON PREMISES (OP),REHAB-Agency,BLUE RECEIPT-SHL,F-16-10001,26,0,0,4.68,26,HABERSHAM,0.18,6/14/2024 9:19,6/14/2024 10:05,Price Code 1,CUSTOMER PICKUP,False,Sharing Floor Rabun,02-SH,30535.0,Demorest,"ASSORTED FROZEN FOODS, SHL",Frozen Frozen Frozen Frozen Food Misc.
560,180532,690,B-133,Ballew House Outreach,483138,,FP/OP/GNAP/USDA,FOOD PANTRY-Agency,BLUE RECEIPT-SHL,W-03-10013,48,0,0,1.44,48,HABERSHAM,0.03,5/9/2024 13:49,5/9/2024 11:36,Price Code 1,CUSTOMER PICKUP,False,Sharing Floor Rabun,02-SH,30510.0,Alto,"ASSORTED BEVERAGES, SHL",Dry Dry Dry Dry Beverages
665,178129,8497,C-173,Clarkesville Church of God,480748,,FP/GNAP/USDA,FAITH-BASED-Agency,USDA,C-50-10048,2,0,0,3.2,64,HABERSHAM,0.05,4/10/2024 9:35,4/10/2024 9:20,Price Code 1,CUSTOMER PICKUP,False,Food Bank of Northeast Georgia,01,30523.0,Clarkesville,USDA MANDARIN ORANGES,Cooled Cooled Cooled Cooled Fruits
198,181866,683,S-112,Sharing and Caring - Clarkesville,484470,,FP/GNAP/USDA,FOOD PANTRY-Agency,BLUE RECEIPT-SHL,W-16-10001,68,0,0,12.24,68,HABERSHAM,0.18,6/4/2024 13:49,6/4/2024 8:36,Price Code 1,CUSTOMER PICKUP,False,Sharing Floor Rabun,02-SH,30523.0,Clarkesville,MISC. FOOD BOX SHL,Dry Dry Dry Dry Food Misc.
329,179922,6780,O-109,Open Door Food Ministry (The Torch Church of God),482533,,FP/GNAP/USDA,FOOD PANTRY-Agency,USDA,C-50-10024,84,0,0,0.0,3612,HABERSHAM,0.0,5/4/2024 7:00,5/4/2024 6:01,Price Code 1,TRACTOR TRAILER 1 MOBILE PANTRY,False,Food Bank of Northeast Georgia,01,30531.0,Cornelia,USDA APPLES,Cooled Cooled Cooled Cooled Fruits
665,175966,8955,C-173,Clarkesville Church of God,478594,,FP/GNAP/USDA,FAITH-BASED-Agency,BLUE RECEIPT-SHL,N-03-11816,2,0,0,0.0,80,HABERSHAM,0.0,3/6/2024 9:35,3/11/2024 9:35,Price Code 1,CUSTOMER PICKUP,False,Food Bank of Northeast Georgia,01,30523.0,Clarkesville,SCHWEPPES RASPBERRY GINGER ALE 2L,Dry Dry Dry Dry Beverages
665,181905,8783,C-173,Clarkesville Church of God,484509,,FP/GNAP/USDA,FAITH-BASED-Agency,USDA,N-50-10308,1,0,0,4.14,23,HABERSHAM,0.18,6/20/2024 8:30,6/25/2024 15:47,Price Code 1,CUSTOMER PICKUP,False,Food Bank of Northeast Georgia,01,30523.0,Clarkesville,USDA RAISINS,Dry Dry Dry Dry Fruits
329,178306,1047,O-109,Open Door Food Ministry (The Torch Church of God),480922,,FP/GNAP/USDA,FOOD PANTRY-Agency,USDA,N-50-10041,46,0,0,0.0,2254,HABERSHAM,0.0,4/6/2024 7:30,4/16/2024 9:05,Price Code 1,TRACTOR TRAILER 1 MOBILE PANTRY,False,Food Bank of Northeast Georgia,01,30531.0,Cornelia,USDA RICE,Dry Dry Dry Dry Grains
198,177656,170,S-112,Sharing and Caring - Clarkesville,480276,,FP/GNAP/USDA,FOOD PANTRY-Agency,USDA,N-50-10007,3,0,0,15.12,84,HABERSHAM,0.18,3/26/2024 13:49,3/26/2024 8:12,Price Code 1,CUSTOMER PICKUP,False,Rabun Warehouse,02,30523.0,Clarkesville,"USDA CORN, WHOLE KERNEL NO SALT",Dry Dry Dry Dry Vegetables
188,175685,5388,S-102,Sharing and Caring - Cornelia,478313,,FP/GNAP/USDA,FOOD PANTRY-Agency,BLUE RECEIPT-SHL,F-16-10001,69,0,0,12.42,69,HABERSHAM,0.18,2/15/2024 13:47,2/15/2024 10:38,Price Code 1,CUSTOMER PICKUP,False,Sharing Floor Rabun,02-SH,30531.0,Cornelia,"ASSORTED FROZEN FOODS, SHL",Frozen Frozen Frozen Frozen Food Misc.
649,177201,8973,G-132,Glade Creek Baptist Church,FAIMPORT479821,,FP/GNAP/USDA,FAITH-BASED-Agency,BLUE RECEIPT-SHL,MCC-16-10001,9,0,0,0.0,9,HABERSHAM,0.0,3/12/2024 0:00,3/12/2024 0:00,Price Code 1,CUSTOMER PICKUP,False,Food Bank of Northeast Georgia,01,30563.0,Mt Airy,"COOLER FOOD MISC., SHL RETAIL PICKUP",Dry Dry Dry Dry Food Misc.
329,172495,5938,O-109,Open Door Food Ministry (The Torch Church of God),476126,,FP/GNAP/USDA,FOOD PANTRY-Agency,BLUE RECEIPT-SHL,C-28-10001,21760,0,0,0.0,21760,HABERSHAM,0.0,1/6/2024 7:00,1/9/2024 11:26,Price Code 1,TRUCK 1 MOBILE PANTRY,False,Food Bank of Northeast Georgia,01,30531.0,Cornelia,"PRODUCE, FRESH SHL",Cooled Cooled Cooled Cooled Mixed Produce
869,175281,5407,H-152,Homestead Recovery for Women,477910,,ON PREMISES (OP),REHAB-Agency,BLUE RECEIPT-SHL,F-15-10000,32,0,0,5.76,32,HABERSHAM,0.18,2/7/2024 10:35,2/7/2024 11:02,Price Code 1,CUSTOMER PICKUP,False,Sharing Floor Athens,01-SH,30523.0,Clarkesville,"MEAT & SEAFOOD, FROZEN SHL",Frozen Frozen Frozen Frozen Proteins
665,173863,890,C-173,Clarkesville Church of God,477492,,FP/GNAP/USDA,FAITH-BASED-Agency,GNAP,N-40-10001,2,0,0,5.4,54,HABERSHAM,0.1,2/7/2024 9:35,2/7/2024 9:19,Price Code 1,CUSTOMER PICKUP,False,Food Bank of Northeast Georgia,01,30523.0,Clarkesville,GNAP APPLE SAUCE,Dry Dry Dry Dry Fruits
665,178129,8979,C-173,Clarkesville Church of God,480748,,FP/GNAP/USDA,FAITH-BASED-Agency,LOCAL - LL,N-25-11966,3,0,0,7.56,42,HABERSHAM,0.18,4/10/2024 9:35,4/10/2024 9:20,Price Code 1,CUSTOMER PICKUP,False,Food Bank of Northeast Georgia,01,30523.0,Clarkesville,REESES/KIT KAT/PAY DAY KING SIZE,Dry Dry Dry Dry Food Misc.
665,173642,7082,C-173,Clarkesville Church of God,477271,,FP/GNAP/USDA,FAITH-BASED-Agency,USDA,C-50-10033,5,0,0,0.0,60,HABERSHAM,0.0,2/7/2024 9:35,2/7/2024 9:17,Price Code 1,CUSTOMER PICKUP,False,Food Bank of Northeast Georgia,01,30523.0,Clarkesville,USDA SHREDDED YELLOW CHEDDAR CHEESE CCC,Cooled Cooled Cooled Cooled Dairy
665,172317,8836,C-173,Clarkesville Church of God,475948,,FP/GNAP/USDA,FAITH-BASED-Agency,BLUE RECEIPT-SHL,N-03-11772,16,0,0,0.0,160,HABERSHAM,0.0,1/10/2024 9:35,1/26/2024 8:59,Price Code 1,CUSTOMER PICKUP,False,Food Bank of Northeast Georgia,01,30523.0,Clarkesville,DR PEPPER ZERO SUGAR STRAWBERRIES AND CREAM,Dry Dry Dry Dry Beverages
198,178578,875,S-112,Sharing and Caring - Clarkesville,481194,,FP/GNAP/USDA,FOOD PANTRY-Agency,BLUE RECEIPT-SHL,W-04-10000,68,0,0,0.0,68,HABERSHAM,0.0,4/9/2024 13:49,4/9/2024 8:43,Price Code 1,CUSTOMER PICKUP,False,Sharing Floor Rabun,02-SH,30523.0,Clarkesville,"BREAD & BAKERY, ASSORTED SHL",Dry Dry Dry Dry Grains
1024,172708,4327,L-119,Life Church Baldwin,476339,,FP/USDA,MOBILE PANTRY-Agency,USDA,N-50-10277,9,0,0,43.74,243,HABERSHAM,0.18,1/11/2024 10:01,1/12/2024 14:52,Price Code 1,CONTACT FOR DELIVERY,False,Rabun Warehouse,02,30511.0,Baldwin,USDA GARBANZO BEANS,Dry Dry Dry Dry Proteins
188,173898,3139,S-102,Sharing and Caring - Cornelia,477527,,FP/GNAP/USDA,FOOD PANTRY-Agency,USDA,N-50-10290,10,0,0,45.0,250,HABERSHAM,0.18,2/7/2024 8:30,2/7/2024 9:22,Price Code 1,CONTACT FOR DELIVERY,False,Rabun Warehouse,02,30531.0,Cornelia,USDA WHOLE ALMONDS DRY ROASTED,Dry Dry Dry Dry Proteins
55,180005,8974,C-116,Circle of Hope,FAIMPORT482613,,ON PREMISES (OP),SHELTER-Agency,BLUE RECEIPT-SHL,MCW-04-10000,40,0,0,0.0,40,HABERSHAM,0.0,3/25/2024 0:00,3/25/2024 0:00,Price Code 1,CUSTOMER PICKUP,False,Food Bank of Northeast Georgia,01,30531.0,Cornelia,"BREAD AND BAKERY, SHL RETAIL PICKUPS",Dry Dry Dry Dry Grains
904,177907,8931,FBBB-2,Habersham: Habersham County Senior Center Senior Staples Program,480526,,BROWN BAG,FB BROWN BAG-Agency,SBB-O,N-16-20003,46,0,0,0.0,1012,HABERSHAM,0.0,3/28/2024 9:41,3/28/2024 12:20,Mobile Pantry/Feed Site Only,CUSTOMER PICKUP,False,Rabun Warehouse,02,30535.0,Demorest,SENIOR STAPLES BOX - ASSORTED USDA,Dry Dry Dry Dry Food Misc.
198,179245,4715,S-112,Sharing and Caring - Clarkesville,481858,,FP/GNAP/USDA,FOOD PANTRY-Agency,USDA,F-50-90461,1,0,0,4.0,40,HABERSHAM,0.1,4/23/2024 13:49,4/23/2024 8:31,Price Code 1,CUSTOMER PICKUP,False,Rabun Warehouse,02,30523.0,Clarkesville,USDA ALASKAN POLLACK FISH FILLETS,Frozen Frozen Frozen Frozen Proteins
188,178262,5407,S-102,Sharing and Caring - Cornelia,480878,,FP/GNAP/USDA,FOOD PANTRY-Agency,BLUE RECEIPT-SHL,F-15-10000,258,0,0,46.44,258,HABERSHAM,0.18,4/3/2024 13:47,4/3/2024 14:59,Price Code 1,CUSTOMER PICKUP,False,Sharing Floor Athens,01-SH,30531.0,Cornelia,"MEAT & SEAFOOD, FROZEN SHL",Frozen Frozen Frozen Frozen Proteins
938,180187,5938,F-142,First Presbyterian Church of Cornelia,482793,,FP/GNAP/USDA,MOBILE PANTRY-Agency,BLUE RECEIPT-SHL,C-28-10001,2000,0,0,0.0,2000,HABERSHAM,0.0,5/3/2024 15:01,5/6/2024 8:56,Price Code 1,CUSTOMER PICKUP,False,Sharing Floor Rabun,02-SH,30531.0,Cornelia,"PRODUCE, FRESH SHL",Cooled Cooled Cooled Cooled Mixed Produce
665,175662,6786,C-173,Clarkesville Church of God,478290,,FP/GNAP/USDA,FAITH-BASED-Agency,LOCAL - LL,C-28-90215,2,0,0,5.0,100,HABERSHAM,0.05,2/21/2024 9:35,2/21/2024 8:54,Price Code 1,CUSTOMER PICKUP,False,Food Bank of Northeast Georgia,01,30523.0,Clarkesville,"POTATOES, RUSSET",Cooled Cooled Cooled Cooled Potatoes
198,176666,690,S-112,Sharing and Caring - Clarkesville,479289,,FP/GNAP/USDA,FOOD PANTRY-Agency,BLUE RECEIPT-SHL,W-03-10013,67,0,0,2.01,67,HABERSHAM,0.03,3/5/2024 13:49,3/5/2024 8:31,Price Code 1,CUSTOMER PICKUP,False,Sharing Floor Rabun,02-SH,30523.0,Clarkesville,"ASSORTED BEVERAGES, SHL",Dry Dry Dry Dry Beverages
623,182316,875,C-171,Clarkesville Soup Kitchen,484920,,OP/USDA,SOUP KITCHEN-Agency,BLUE RECEIPT-SHL,W-04-10000,163,0,0,0.0,163,HABERSHAM,0.0,6/18/2024 11:47,6/18/2024 10:19,Price Code 1,CUSTOMER PICKUP,False,Sharing Floor Rabun,02-SH,30523.0,Clarkesville,"BREAD & BAKERY, ASSORTED SHL",Dry Dry Dry Dry Grains
329,173840,875,O-109,Open Door Food Ministry (The Torch Church of God),477469,,FP/GNAP/USDA,FOOD PANTRY-Agency,BLUE RECEIPT-SHL,W-04-10000,1622,0,0,0.0,1622,HABERSHAM,0.0,2/3/2024 7:00,2/14/2024 13:16,Price Code 1,TRACTOR TRAILER 1 MOBILE PANTRY,False,Food Bank of Northeast Georgia,01,30531.0,Cornelia,"BREAD & BAKERY, ASSORTED SHL",Dry Dry Dry Dry Grains
665,172842,696,C-173,Clarkesville Church of God,476473,,FP/GNAP/USDA,FAITH-BASED-Agency,LOCAL - LL,W-25-10000,30,0,0,5.4,30,HABERSHAM,0.18,1/10/2024 9:35,1/10/2024 8:38,Price Code 1,CUSTOMER PICKUP,False,Sharing Floor Athens,01-SH,30523.0,Clarkesville,"ASSORTED SNACK ITEMS, LL",Dry Dry Dry Dry Food Misc.
329,178306,84,O-109,Open Door Food Ministry (The Torch Church of God),480922,,FP/GNAP/USDA,FOOD PANTRY-Agency,USDA,N-50-10006,25,0,0,0.0,675,HABERSHAM,0.0,4/6/2024 7:30,4/16/2024 9:05,Price Code 1,TRACTOR TRAILER 1 MOBILE PANTRY,False,Food Bank of Northeast Georgia,01,30531.0,Cornelia,USDA GREEN BEANS,Dry Dry Dry Dry Vegetables
198,177656,2573,S-112,Sharing and Caring - Clarkesville,480276,,FP/GNAP/USDA,FOOD PANTRY-Agency,GNAP,N-40-10204,3,0,0,0.0,57,HABERSHAM,0.0,3/26/2024 13:49,3/26/2024 8:12,Price Code 1,CUSTOMER PICKUP,False,Rabun Warehouse,02,30523.0,Clarkesville,GNAP CHICKEN & RICE SOUP,Dry Dry Dry Dry Prepared Meals
665,175966,8587,C-173,Clarkesville Church of God,478594,,FP/GNAP/USDA,FAITH-BASED-Agency,BLUE RECEIPT-SHL,N-03-10269,1,0,0,0.0,28,HABERSHAM,0.0,3/6/2024 9:35,3/11/2024 9:35,Price Code 1,CUSTOMER PICKUP,False,Food Bank of Northeast Georgia,01,30523.0,Clarkesville,PEPSI ZERO SUGAR,Dry Dry Dry Dry Beverages
188,173010,8906,S-102,Sharing and Caring - Cornelia,476640,,FP/GNAP/USDA,FOOD PANTRY-Agency,GNAP,N-40-10266,12,0,0,24.0,240,HABERSHAM,0.1,1/19/2024 9:00,1/19/2024 7:01,Price Code 1,CONTACT FOR DELIVERY,False,Rabun Warehouse,02,30531.0,Cornelia,GNAP SPAGHETTI,Dry Dry Dry Dry Grains
268,178661,5938,V-100,Victory Home / Helping Hand,481277,,ON PREMISES (OP),REHAB-Agency,BLUE RECEIPT-SHL,C-28-10001,43,0,0,1.29,43,HABERSHAM,0.03,4/10/2024 13:55,4/10/2024 10:31,Price Code 1,CUSTOMER PICKUP,False,Sharing Floor Rabun,02-SH,30573.0,Tallulah Falls,"PRODUCE, FRESH SHL",Cooled Cooled Cooled Cooled Mixed Produce
198,176636,3954,S-112,Sharing and Caring - Clarkesville,479259,,FP/GNAP/USDA,FOOD PANTRY-Agency,GNAP,N-40-10164,3,0,0,0.0,81,HABERSHAM,0.0,3/12/2024 13:49,3/12/2024 8:16,Price Code 1,CUSTOMER PICKUP,False,Rabun Warehouse,02,30523.0,Clarkesville,"GNAP GREEN PEAS, LOW SODIUM",Dry Dry Dry Dry Proteins
665,181177,5938,C-173,Clarkesville Church of God,483782,,FP/GNAP/USDA,FAITH-BASED-Agency,BLUE RECEIPT-SHL,C-28-10001,65,0,0,1.95,65,HABERSHAM,0.03,5/22/2024 9:35,5/22/2024 8:43,Price Code 1,CUSTOMER PICKUP,False,Sharing Floor Athens,01-SH,30523.0,Clarkesville,"PRODUCE, FRESH SHL",Cooled Cooled Cooled Cooled Mixed Produce
665,173642,4761,C-173,Clarkesville Church of God,477271,,FP/GNAP/USDA,FAITH-BASED-Agency,USDA,F-50-90454,2,0,0,0.0,62,HABERSHAM,0.0,2/7/2024 9:35,2/7/2024 9:17,Price Code 1,CUSTOMER PICKUP,False,Food Bank of Northeast Georgia,01,30523.0,Clarkesville,USDA FROZEN STRAWBERRIES CCC,Frozen Frozen Frozen Frozen Fruits
665,173122,8914,C-173,Clarkesville Church of God,476752,,FP/GNAP/USDA,FAITH-BASED-Agency,USDA,N-50-10310,2,0,0,9.72,54,HABERSHAM,0.18,1/23/2024 9:35,1/23/2024 9:34,Price Code 1,CUSTOMER PICKUP,False,Food Bank of Northeast Georgia,01,30523.0,Clarkesville,USDA DICED POTATOES,Dry Dry Dry Dry Potatoes
329,173105,5407,O-109,Open Door Food Ministry (The Torch Church of God),476735,,FP/GNAP/USDA,FOOD PANTRY-Agency,BLUE RECEIPT-SHL,F-15-10000,481,0,0,0.0,481,HABERSHAM,0.0,1/16/2024 14:23,1/16/2024 10:03,Price Code 1,TRUCK 1,False,Food Bank of Northeast Georgia,01,30531.0,Cornelia,"MEAT & SEAFOOD, FROZEN SHL",Frozen Frozen Frozen Frozen Proteins
556,178377,683,P-123,"Pilgrim Ministries, Inc.",480993,,ON PREMISES (OP),REHAB-Agency,BLUE RECEIPT-SHL,W-16-10001,146,0,0,26.28,146,HABERSHAM,0.18,4/5/2024 14:14,4/5/2024 9:16,Price Code 1,CUSTOMER PICKUP,False,Sharing Floor Rabun,02-SH,30523.0,Clarkesville,MISC. FOOD BOX SHL,Dry Dry Dry Dry Food Misc.
809,182941,8974,B-123,Breaking Chains Ministries d.b.a Freedom Hill,FAIMPORT485542,,ON PREMISES (OP),REHAB-Agency,BLUE RECEIPT-SHL,MCW-04-10000,11,0,0,0.0,11,HABERSHAM,0.0,6/28/2024 0:00,6/28/2024 0:00,Price Code 1,CUSTOMER PICKUP,False,Food Bank of Northeast Georgia,01,30535.0,Demorest,"BREAD AND BAKERY, SHL RETAIL PICKUPS",Dry Dry Dry Dry Grains
198,178578,1045,S-112,Sharing and Caring - Clarkesville,481194,,FP/GNAP/USDA,FOOD PANTRY-Agency,BLUE RECEIPT-SHL,W-25-10009,92,0,0,16.56,92,HABERSHAM,0.18,4/9/2024 13:49,4/9/2024 8:43,Price Code 1,CUSTOMER PICKUP,False,Sharing Floor Rabun,02-SH,30523.0,Clarkesville,"ASSORTED SNACK ITEMS, SHL",Dry Dry Dry Dry Food Misc.
632,177317,683,H-141,Hazel Creek Baptist Church,479937,,FP/USDA,FOOD PANTRY-Agency,BLUE RECEIPT-SHL,W-16-10001,325,0,0,58.5,325,HABERSHAM,0.18,3/14/2024 8:32,3/14/2024 13:02,Price Code 1,CUSTOMER PICKUP,False,Sharing Floor Rabun,02-SH,30563.0,Mt. Airy,MISC. FOOD BOX SHL,Dry Dry Dry Dry Food Misc.
188,180874,7083,S-102,Sharing and Caring - Cornelia,483480,,FP/GNAP/USDA,FOOD PANTRY-Agency,USDA,C-50-10029,10,0,0,21.6,120,HABERSHAM,0.18,5/30/2024 11:00,5/30/2024 7:14,Price Code 1,CONTACT FOR DELIVERY,False,Rabun Warehouse,02,30531.0,Cornelia,"USDA MILD CHEDDAR CHEESE, BLOCK CCC",Cooled Cooled Cooled Cooled Dairy
1024,172708,1481,L-119,Life Church Baldwin,476339,,FP/USDA,MOBILE PANTRY-Agency,USDA,N-50-10105,12,0,0,36.72,204,HABERSHAM,0.18,1/11/2024 10:01,1/12/2024 14:52,Price Code 1,CONTACT FOR DELIVERY,False,Rabun Warehouse,02,30511.0,Baldwin,USDA DRIED CHERRIES CCC,Dry Dry Dry Dry Fruits
198,182092,683,S-112,Sharing and Caring - Clarkesville,484696,,FP/GNAP/USDA,FOOD PANTRY-Agency,BLUE RECEIPT-SHL,W-16-10001,74,0,0,13.32,74,HABERSHAM,0.18,6/11/2024 13:49,6/11/2024 8:03,Price Code 1,CUSTOMER PICKUP,False,Sharing Floor Rabun,02-SH,30523.0,Clarkesville,MISC. FOOD BOX SHL,Dry Dry Dry Dry Food Misc.
198,173098,50,S-112,Sharing and Caring - Clarkesville,476728,,FP/GNAP/USDA,FOOD PANTRY-Agency,LOCAL - LL,W-16-10002,268,0,0,48.24,268,HABERSHAM,0.18,1/16/2024 13:49,1/16/2024 9:00,Price Code 1,CUSTOMER PICKUP,False,Sharing Floor Rabun,02-SH,30523.0,Clarkesville,MISC. FOOD BOX LL,Dry Dry Dry Dry Food Misc.
649,176661,3139,G-132,Glade Creek Baptist Church,479284,,FP/GNAP/USDA,FAITH-BASED-Agency,USDA,N-50-10290,4,0,0,18.0,100,HABERSHAM,0.18,3/6/2024 9:25,3/6/2024 8:25,Price Code 1,CONTACT FOR DELIVERY,False,Rabun Warehouse,02,30563.0,Mt Airy,USDA WHOLE ALMONDS DRY ROASTED,Dry Dry Dry Dry Proteins
665,178999,842,C-173,Clarkesville Church of God,481613,,FP/GNAP/USDA,FAITH-BASED-Agency,USDA,N-50-10021,1,0,0,4.86,27,HABERSHAM,0.18,4/24/2024 9:35,4/24/2024 8:54,Price Code 1,CUSTOMER PICKUP,False,Food Bank of Northeast Georgia,01,30523.0,Clarkesville,USDA DICED TOMATOES NO SALT CCC,Dry Dry Dry Dry Vegetables
665,181451,9085,C-173,Clarkesville Church of God,484055,,FP/GNAP/USDA,FAITH-BASED-Agency,USDA,F-50-90476,2,0,0,14.4,80,HABERSHAM,0.18,6/6/2024 8:00,6/6/2024 9:04,Price Code 1,CUSTOMER PICKUP,False,Food Bank of Northeast Georgia,01,30523.0,Clarkesville,USDA PORK LOIN BONELESS CHOPS CCC,Frozen Frozen Frozen Frozen Proteins
665,177367,5088,C-173,Clarkesville Church of God,479987,,FP/GNAP/USDA,FAITH-BASED-Agency,USDA,F-50-90023,3,0,0,0.0,75,HABERSHAM,0.0,3/20/2024 9:35,3/20/2024 9:12,Price Code 1,CUSTOMER PICKUP,False,Food Bank of Northeast Georgia,01,30523.0,Clarkesville,USDA FROZEN PEACHES CCC,Frozen Frozen Frozen Frozen Fruits
329,172495,3943,O-109,Open Door Food Ministry (The Torch Church of God),476126,,FP/GNAP/USDA,FOOD PANTRY-Agency,USDA,N-50-10268,75,0,0,0.0,2850,HABERSHAM,0.0,1/6/2024 7:00,1/9/2024 11:26,Price Code 1,TRUCK 1 MOBILE PANTRY,False,Food Bank of Northeast Georgia,01,30531.0,Cornelia,USDA APPLE JUICE,Dry Dry Dry Dry Beverages
665,178999,8497,C-173,Clarkesville Church of God,481613,,FP/GNAP/USDA,FAITH-BASED-Agency,USDA,C-50-10048,2,0,0,3.2,64,HABERSHAM,0.05,4/24/2024 9:35,4/24/2024 8:54,Price Code 1,CUSTOMER PICKUP,False,Food Bank of Northeast Georgia,01,30523.0,Clarkesville,USDA MANDARIN ORANGES,Cooled Cooled Cooled Cooled Fruits
198,177656,1791,S-112,Sharing and Caring - Clarkesville,480276,,FP/GNAP/USDA,FOOD PANTRY-Agency,USDA,N-50-10079,1,0,0,4.68,26,HABERSHAM,0.18,3/26/2024 13:49,3/26/2024 8:12,Price Code 1,CUSTOMER PICKUP,False,Rabun Warehouse,02,30523.0,Clarkesville,USDA WALNUT HALVES AND PIECES,Dry Dry Dry Dry Proteins
665,173122,4676,C-173,Clarkesville Church of God,476752,,FP/GNAP/USDA,FAITH-BASED-Agency,USDA,F-50-90031,2,0,0,0.0,48,HABERSHAM,0.0,1/23/2024 9:35,1/23/2024 9:34,Price Code 1,CUSTOMER PICKUP,False,Food Bank of Northeast Georgia,01,30523.0,Clarkesville,USDA FROZEN BLUEBERRIES CCC,Frozen Frozen Frozen Frozen Fruits
198,181421,50,S-112,Sharing and Caring - Clarkesville,484025,,FP/GNAP/USDA,FOOD PANTRY-Agency,LOCAL - LL,W-16-10002,12,0,0,2.16,12,HABERSHAM,0.18,5/28/2024 13:49,5/28/2024 8:39,Price Code 1,CUSTOMER PICKUP,False,Sharing Floor Rabun,02-SH,30523.0,Clarkesville,MISC. FOOD BOX LL,Dry Dry Dry Dry Food Misc.
665,181177,875,C-173,Clarkesville Church of God,483782,,FP/GNAP/USDA,FAITH-BASED-Agency,BLUE RECEIPT-SHL,W-04-10000,16,0,0,0.0,16,HABERSHAM,0.0,5/22/2024 9:35,5/22/2024 8:43,Price Code 1,CUSTOMER PICKUP,False,Sharing Floor Athens,01-SH,30523.0,Clarkesville,"BREAD & BAKERY, ASSORTED SHL",Dry Dry Dry Dry Grains
329,181607,8962,O-109,Open Door Food Ministry (The Torch Church of God),484211,,FP/GNAP/USDA,FOOD PANTRY-Agency,BLUE RECEIPT-SHL,C-28-90539,35,0,0,0.0,1820,HABERSHAM,0.0,5/30/2024 14:23,6/1/2024 9:10,Price Code 1,TRACTOR TRAILER 1 MOBILE PANTRY,False,Food Bank of Northeast Georgia,01,30531.0,Cornelia,"TURNIPS, SHL",Cooled Cooled Cooled Cooled Vegetables
329,175298,8906,O-109,Open Door Food Ministry (The Torch Church of God),477927,,FP/GNAP/USDA,FOOD PANTRY-Agency,GNAP,N-40-10266,50,0,0,100.0,1000,HABERSHAM,0.1,2/12/2024 14:23,2/12/2024 8:10,Price Code 1,CONTACT FOR DELIVERY,False,Rabun Warehouse,02,30531.0,Cornelia,GNAP SPAGHETTI,Dry Dry Dry Dry Grains
188,177723,50,S-102,Sharing and Caring - Cornelia,480342,,FP/GNAP/USDA,FOOD PANTRY-Agency,LOCAL - LL,W-16-10002,178,0,0,32.04,178,HABERSHAM,0.18,3/21/2024 13:47,3/21/2024 11:12,Price Code 1,CUSTOMER PICKUP,False,Sharing Floor Athens,01-SH,30531.0,Cornelia,MISC. FOOD BOX LL,Dry Dry Dry Dry Food Misc.
623,180267,50,C-171,Clarkesville Soup Kitchen,482873,,OP/USDA,SOUP KITCHEN-Agency,LOCAL - LL,W-16-10002,45,0,0,8.1,45,HABERSHAM,0.18,5/6/2024 11:47,5/6/2024 10:38,Price Code 1,CUSTOMER PICKUP,False,Sharing Floor Rabun,02-SH,30523.0,Clarkesville,MISC. FOOD BOX LL,Dry Dry Dry Dry Food Misc.
902,182939,8970,T-123,"The Lord's Help, Inc.",FAIMPORT485540,,ON PREMISES (OP),SOUP KITCHEN-Agency,BLUE RECEIPT-SHL,MCW-16-10001,27,0,0,0.0,27,HABERSHAM,0.0,6/28/2024 0:00,6/28/2024 0:00,Price Code 1,CUSTOMER PICKUP,False,Food Bank of Northeast Georgia,01,30531.0,Cornelia,"MISC. FOOD BOX, SHL RETAIL PICKUP",Dry Dry Dry Dry Food Misc.
665,172317,8902,C-173,Clarkesville Church of God,475948,,FP/GNAP/USDA,FAITH-BASED-Agency,LOCAL - LL,F-15-90550,2,0,0,19.8,110,HABERSHAM,0.18,1/10/2024 9:35,1/26/2024 8:59,Price Code 1,CUSTOMER PICKUP,False,Food Bank of Northeast Georgia,01,30523.0,Clarkesville,PORK SHOULDER BONELESS BUTT,Frozen Frozen Frozen Frozen Proteins
623,172744,875,C-171,Clarkesville Soup Kitchen,476375,,OP/USDA,SOUP KITCHEN-Agency,BLUE RECEIPT-SHL,W-04-10000,118,0,0,0.0,118,HABERSHAM,0.0,1/8/2024 11:47,1/8/2024 13:34,Price Code 1,CUSTOMER PICKUP,False,Sharing Floor Rabun,02-SH,30523.0,Clarkesville,"BREAD & BAKERY, ASSORTED SHL",Dry Dry Dry Dry Grains
329,173105,8512,O-109,Open Door Food Ministry (The Torch Church of God),476735,,FP/GNAP/USDA,FOOD PANTRY-Agency,USDA,C-50-10049,94,0,0,0.0,3666,HABERSHAM,0.0,1/16/2024 14:23,1/16/2024 10:03,Price Code 1,TRUCK 1,False,Food Bank of Northeast Georgia,01,30531.0,Cornelia,USDA GRAPEFRUIT CCC,Cooled Cooled Cooled Cooled Fruits
1024,177607,6831,L-119,Life Church Baldwin,480227,,FP/USDA,MOBILE PANTRY-Agency,USDA,C-50-10025,50,0,0,210.0,2100,HABERSHAM,0.1,4/11/2024 19:36,4/12/2024 15:36,Price Code 1,CONTACT FOR DELIVERY,False,Rabun Warehouse,02,30511.0,Baldwin,USDA APPLES,Cooled Cooled Cooled Cooled Fruits
623,173046,7082,C-171,Clarkesville Soup Kitchen,476676,,OP/USDA,SOUP KITCHEN-Agency,USDA,C-50-10033,30,0,0,0.0,360,HABERSHAM,0.0,1/22/2024 13:15,1/22/2024 13:33,Price Code 1,CUSTOMER PICKUP,False,Rabun Warehouse,02,30523.0,Clarkesville,USDA SHREDDED YELLOW CHEDDAR CHEESE CCC,Cooled Cooled Cooled Cooled Dairy
329,181607,2081,O-109,Open Door Food Ministry (The Torch Church of God),484211,,FP/GNAP/USDA,FOOD PANTRY-Agency,BLUE RECEIPT-SHL,W-30-10002,303,0,0,0.0,303,HABERSHAM,0.0,5/30/2024 14:23,6/1/2024 9:10,Price Code 1,TRACTOR TRAILER 1 MOBILE PANTRY,False,Food Bank of Northeast Georgia,01,30531.0,Cornelia,"UNSORTED SALVAGE, SHL",Dry Dry Dry Dry Unsorted Salvage
649,176661,4449,G-132,Glade Creek Baptist Church,479284,,FP/GNAP/USDA,FAITH-BASED-Agency,USDA,F-50-90445,3,0,0,12.3,123,HABERSHAM,0.1,3/6/2024 9:25,3/6/2024 8:25,Price Code 1,CONTACT FOR DELIVERY,False,Rabun Warehouse,02,30563.0,Mt Airy,USDA FULLY COOKED PULLED PORK CCC,Frozen Frozen Frozen Frozen Proteins
665,178129,1822,C-173,Clarkesville Church of God,480748,,FP/GNAP/USDA,FAITH-BASED-Agency,GNAP,N-40-10140,1,0,0,0.0,18,HABERSHAM,0.0,4/10/2024 9:35,4/10/2024 9:20,Price Code 1,CUSTOMER PICKUP,False,Food Bank of Northeast Georgia,01,30523.0,Clarkesville,GNAP TUNA LIGHT CHUNK,Dry Dry Dry Dry Proteins
560,181354,683,B-133,Ballew House Outreach,483958,,FP/OP/GNAP/USDA,FOOD PANTRY-Agency,BLUE RECEIPT-SHL,W-16-10001,18,0,0,3.24,18,HABERSHAM,0.18,5/24/2024 13:49,5/24/2024 11:13,Price Code 1,CUSTOMER PICKUP,False,Sharing Floor Rabun,02-SH,30510.0,Alto,MISC. FOOD BOX SHL,Dry Dry Dry Dry Food Misc.
649,175473,842,G-132,Glade Creek Baptist Church,478102,,FP/GNAP/USDA,FAITH-BASED-Agency,USDA,N-50-10021,4,0,0,19.44,108,HABERSHAM,0.18,2/15/2024 9:25,2/15/2024 6:58,Price Code 1,CONTACT FOR DELIVERY,False,Rabun Warehouse,02,30563.0,Mt Airy,USDA DICED TOMATOES NO SALT CCC,Dry Dry Dry Dry Vegetables
750,179974,690,C-176,Cornelia United Methodist Church,482583,,FP/OP,FOOD PANTRY-Agency,BLUE RECEIPT-SHL,W-03-10013,55,0,0,1.65,55,HABERSHAM,0.03,5/6/2024 12:32,5/6/2024 10:07,Price Code 1,CUSTOMER PICKUP,False,Sharing Floor Rabun,02-SH,30531.0,Cornelia,"ASSORTED BEVERAGES, SHL",Dry Dry Dry Dry Beverages
198,172783,1045,S-112,Sharing and Caring - Clarkesville,476414,,FP/GNAP/USDA,FOOD PANTRY-Agency,BLUE RECEIPT-SHL,W-25-10009,42,0,0,7.56,42,HABERSHAM,0.18,1/9/2024 13:49,1/9/2024 9:04,Price Code 1,CUSTOMER PICKUP,False,Sharing Floor Rabun,02-SH,30523.0,Clarkesville,"ASSORTED SNACK ITEMS, SHL",Dry Dry Dry Dry Food Misc.
809,181701,5388,B-123,Breaking Chains Ministries d.b.a Freedom Hill,484305,,ON PREMISES (OP),REHAB-Agency,BLUE RECEIPT-SHL,F-16-10001,41,0,0,7.38,41,HABERSHAM,0.18,5/31/2024 9:19,5/31/2024 14:54,Price Code 1,CUSTOMER PICKUP,False,Sharing Floor Rabun,02-SH,30535.0,Demorest,"ASSORTED FROZEN FOODS, SHL",Frozen Frozen Frozen Frozen Food Misc.
665,181451,9084,C-173,Clarkesville Church of God,484055,,FP/GNAP/USDA,FAITH-BASED-Agency,USDA,N-50-10315,2,0,0,9.72,54,HABERSHAM,0.18,6/6/2024 8:00,6/6/2024 9:04,Price Code 1,CUSTOMER PICKUP,False,Food Bank of Northeast Georgia,01,30523.0,Clarkesville,USDA CANNED SALMON,Dry Dry Dry Dry Proteins
198,181119,5388,S-112,Sharing and Caring - Clarkesville,483724,,FP/GNAP/USDA,FOOD PANTRY-Agency,BLUE RECEIPT-SHL,F-16-10001,89,0,0,16.02,89,HABERSHAM,0.18,5/21/2024 13:49,5/21/2024 8:40,Price Code 1,CUSTOMER PICKUP,False,Sharing Floor Rabun,02-SH,30523.0,Clarkesville,"ASSORTED FROZEN FOODS, SHL",Frozen Frozen Frozen Frozen Food Misc.
665,175966,4715,C-173,Clarkesville Church of God,478594,,FP/GNAP/USDA,FAITH-BASED-Agency,USDA,F-50-90461,1,0,0,4.0,40,HABERSHAM,0.1,3/6/2024 9:35,3/11/2024 9:35,Price Code 1,CUSTOMER PICKUP,False,Food Bank of Northeast Georgia,01,30523.0,Clarkesville,USDA ALASKAN POLLACK FISH FILLETS,Frozen Frozen Frozen Frozen Proteins
268,176064,5960,V-100,Victory Home / Helping Hand,478691,,ON PREMISES (OP),REHAB-Agency,BLUE RECEIPT-SHL,C-07-10001,47,0,0,8.46,47,HABERSHAM,0.18,2/23/2024 13:55,2/23/2024 7:25,Price Code 1,CUSTOMER PICKUP,False,Sharing Floor Rabun,02-SH,30573.0,Tallulah Falls,"DAIRY PRODUCT, ASSORTED SHL",Cooled Cooled Cooled Cooled Dairy
188,180408,3114,S-102,Sharing and Caring - Cornelia,483014,,FP/GNAP/USDA,FOOD PANTRY-Agency,GNAP,N-40-10171,10,0,0,0.0,90,HABERSHAM,0.0,5/15/2024 8:30,5/15/2024 7:19,Price Code 1,CONTACT FOR DELIVERY,False,Rabun Warehouse,02,30531.0,Cornelia,GNAP CHEESY TUNA DINNER POUCH,Dry Dry Dry Dry Prepared Meals
809,182581,8970,B-123,Breaking Chains Ministries d.b.a Freedom Hill,FAIMPORT485184,,ON PREMISES (OP),REHAB-Agency,BLUE RECEIPT-SHL,MCW-16-10001,14,0,0,0.0,14,HABERSHAM,0.0,6/24/2024 0:00,6/24/2024 0:00,Price Code 1,CUSTOMER PICKUP,False,Food Bank of Northeast Georgia,01,30535.0,Demorest,"MISC. FOOD BOX, SHL RETAIL PICKUP",Dry Dry Dry Dry Food Misc.
750,176374,696,C-176,Cornelia United Methodist Church,478999,,FP/OP,FOOD PANTRY-Agency,LOCAL - LL,W-25-10000,24,0,0,4.32,24,HABERSHAM,0.18,2/28/2024 12:32,2/28/2024 14:26,Price Code 1,CUSTOMER PICKUP,False,Sharing Floor Rabun,02-SH,30531.0,Cornelia,"ASSORTED SNACK ITEMS, LL",Dry Dry Dry Dry Food Misc.
902,179822,8975,T-123,"The Lord's Help, Inc.",FAIMPORT482433,,ON PREMISES (OP),SOUP KITCHEN-Agency,BLUE RECEIPT-SHL,MCC-07-10001,60,0,0,0.0,60,HABERSHAM,0.0,4/25/2024 0:00,4/25/2024 0:00,Price Code 1,CUSTOMER PICKUP,False,Food Bank of Northeast Georgia,01,30531.0,Cornelia,"DAIRY PRODUCTS, SHL RETAIL PICKUPS",Dry Dry Dry Dry Dairy
649,180418,3114,G-132,Glade Creek Baptist Church,483024,,FP/GNAP/USDA,FAITH-BASED-Agency,GNAP,N-40-10171,2,0,0,0.0,18,HABERSHAM,0.0,5/14/2024 8:30,5/14/2024 7:27,Price Code 1,CONTACT FOR DELIVERY,False,Rabun Warehouse,02,30563.0,Mt Airy,GNAP CHEESY TUNA DINNER POUCH,Dry Dry Dry Dry Prepared Meals
268,179101,1045,V-100,Victory Home / Helping Hand,481715,,ON PREMISES (OP),REHAB-Agency,BLUE RECEIPT-SHL,W-25-10009,18,0,0,3.24,18,HABERSHAM,0.18,4/17/2024 13:55,4/17/2024 10:28,Price Code 1,CUSTOMER PICKUP,False,Sharing Floor Rabun,02-SH,30573.0,Tallulah Falls,"ASSORTED SNACK ITEMS, SHL",Dry Dry Dry Dry Food Misc.
188,177723,5407,S-102,Sharing and Caring - Cornelia,480342,,FP/GNAP/USDA,FOOD PANTRY-Agency,BLUE RECEIPT-SHL,F-15-10000,54,0,0,0.0,54,HABERSHAM,0.0,3/21/2024 13:47,3/21/2024 11:12,Price Code 1,CUSTOMER PICKUP,False,Sharing Floor Athens,01-SH,30531.0,Cornelia,"MEAT & SEAFOOD, FROZEN SHL",Frozen Frozen Frozen Frozen Proteins
869,176685,1045,H-152,Homestead Recovery for Women,479308,,ON PREMISES (OP),REHAB-Agency,BLUE RECEIPT-SHL,W-25-10009,107,0,0,19.26,107,HABERSHAM,0.18,3/5/2024 10:35,3/5/2024 10:32,Price Code 1,CUSTOMER PICKUP,False,Sharing Floor Athens,01-SH,30523.0,Clarkesville,"ASSORTED SNACK ITEMS, SHL",Dry Dry Dry Dry Food Misc.
901,181786,683,H-150,Habersham County Senior Center,484390,,FP/USDA,SENIOR-Agency,BLUE RECEIPT-SHL,W-16-10001,19,0,0,3.42,19,HABERSHAM,0.18,6/3/2024 9:28,6/3/2024 9:43,Price Code 1,CUSTOMER PICKUP,False,Sharing Floor Athens,01-SH,30535.0,Demorest,MISC. FOOD BOX SHL,Dry Dry Dry Dry Food Misc.
55,175481,690,C-116,Circle of Hope,478110,,ON PREMISES (OP),SHELTER-Agency,BLUE RECEIPT-SHL,W-03-10013,107,0,0,3.21,107,HABERSHAM,0.03,2/12/2024 12:27,2/12/2024 11:19,Price Code 1,CUSTOMER PICKUP,False,Sharing Floor Rabun,02-SH,30531.0,Cornelia,"ASSORTED BEVERAGES, SHL",Dry Dry Dry Dry Beverages
329,179415,8944,O-109,Open Door Food Ministry (The Torch Church of God),482028,,FP/GNAP/USDA,FOOD PANTRY-Agency,YELLOW RECEIPT - SHN,C-28-90535,16,0,0,0.0,832,HABERSHAM,0.0,4/23/2024 14:23,4/23/2024 9:06,Price Code 1,CUSTOMER PICKUP,False,Food Bank of Northeast Georgia,01,30531.0,Cornelia,"TURNIP, SHL",Cooled Cooled Cooled Cooled Vegetables
188,172912,5407,S-102,Sharing and Caring - Cornelia,476543,,FP/GNAP/USDA,FOOD PANTRY-Agency,BLUE RECEIPT-SHL,F-15-10000,254,0,0,45.72,254,HABERSHAM,0.18,1/11/2024 13:47,1/11/2024 8:24,Price Code 1,CUSTOMER PICKUP,False,Sharing Floor Athens,01-SH,30531.0,Cornelia,"MEAT & SEAFOOD, FROZEN SHL",Frozen Frozen Frozen Frozen Proteins
268,180415,688,V-100,Victory Home / Helping Hand,483021,,ON PREMISES (OP),REHAB-Agency,BLUE RECEIPT-SHL,W-01-10000,41,0,0,7.38,41,HABERSHAM,0.18,5/8/2024 13:55,5/8/2024 10:24,Price Code 1,CUSTOMER PICKUP,False,Sharing Floor Rabun,02-SH,30573.0,Tallulah Falls,"ASSORTED NON-FOOD ITEMS, SHL",Dry Dry Dry Dry Non-Food Misc.
198,182300,683,S-112,Sharing and Caring - Clarkesville,484904,,FP/GNAP/USDA,FOOD PANTRY-Agency,BLUE RECEIPT-SHL,W-16-10001,54,0,0,9.72,54,HABERSHAM,0.18,6/18/2024 13:49,6/18/2024 8:28,Price Code 1,CUSTOMER PICKUP,False,Sharing Floor Rabun,02-SH,30523.0,Clarkesville,MISC. FOOD BOX SHL,Dry Dry Dry Dry Food Misc.
556,177766,5388,P-123,"Pilgrim Ministries, Inc.",480385,,ON PREMISES (OP),REHAB-Agency,BLUE RECEIPT-SHL,F-16-10001,98,0,0,17.64,98,HABERSHAM,0.18,3/22/2024 14:14,3/22/2024 9:07,Price Code 1,CUSTOMER PICKUP,False,Sharing Floor Rabun,02-SH,30523.0,Clarkesville,"ASSORTED FROZEN FOODS, SHL",Frozen Frozen Frozen Frozen Food Misc.
329,173462,5621,O-109,Open Door Food Ministry (The Torch Church of God),477091,,FP/GNAP/USDA,FOOD PANTRY-Agency,LOCAL - LL,F-16-10000,425,0,0,0.0,425,HABERSHAM,0.0,1/23/2024 14:23,1/23/2024 11:35,Price Code 1,CONTACT FOR DELIVERY,False,Food Bank of Northeast Georgia,01,30531.0,Cornelia,"ASSORTED FROZEN FOODS, LL",Frozen Frozen Frozen Frozen Food Misc.
623,175438,842,C-171,Clarkesville Soup Kitchen,478067,,OP/USDA,SOUP KITCHEN-Agency,USDA,N-50-10021,1,0,0,4.86,27,HABERSHAM,0.18,2/20/2024 10:00,2/20/2024 10:45,Price Code 1,CUSTOMER PICKUP,False,Rabun Warehouse,02,30523.0,Clarkesville,USDA DICED TOMATOES NO SALT CCC,Dry Dry Dry Dry Vegetables
902,176091,5407,T-123,"The Lord's Help, Inc.",478718,,ON PREMISES (OP),SOUP KITCHEN-Agency,BLUE RECEIPT-SHL,F-15-10000,65,0,0,11.7,65,HABERSHAM,0.18,2/23/2024 15:19,2/23/2024 10:54,Price Code 1,CUSTOMER PICKUP,False,Sharing Floor Athens,01-SH,30531.0,Cornelia,"MEAT & SEAFOOD, FROZEN SHL",Frozen Frozen Frozen Frozen Proteins
198,176474,3954,S-112,Sharing and Caring - Clarkesville,479098,,FP/GNAP/USDA,FOOD PANTRY-Agency,GNAP,N-40-10164,2,0,0,0.0,54,HABERSHAM,0.0,3/5/2024 13:49,3/5/2024 7:08,Price Code 1,CUSTOMER PICKUP,False,Rabun Warehouse,02,30523.0,Clarkesville,"GNAP GREEN PEAS, LOW SODIUM",Dry Dry Dry Dry Proteins
623,176123,8720,C-171,Clarkesville Soup Kitchen,478750,,OP/USDA,SOUP KITCHEN-Agency,USDA,N-50-10305,4,0,0,10.08,56,HABERSHAM,0.18,3/4/2024 10:00,3/4/2024 10:11,Price Code 1,CUSTOMER PICKUP,False,Rabun Warehouse,02,30523.0,Clarkesville,USDA MIXED VegetablesCCC,Dry Dry Dry Dry Vegetables
938,177710,5938,F-142,First Presbyterian Church of Cornelia,480330,,FP/GNAP/USDA,MOBILE PANTRY-Agency,BLUE RECEIPT-SHL,C-28-10001,2100,0,0,0.0,2100,HABERSHAM,0.0,4/5/2024 9:50,4/8/2024 8:45,Price Code 1,CUSTOMER PICKUP,False,Sharing Floor Rabun,02-SH,30531.0,Cornelia,"PRODUCE, FRESH SHL",Cooled Cooled Cooled Cooled Mixed Produce
649,175473,2960,G-132,Glade Creek Baptist Church,478102,,FP/GNAP/USDA,FAITH-BASED-Agency,USDA,N-50-10247,4,0,0,25.92,144,HABERSHAM,0.18,2/15/2024 9:25,2/15/2024 6:58,Price Code 1,CONTACT FOR DELIVERY,False,Rabun Warehouse,02,30563.0,Mt Airy,USDA BEEF STEW POUCHES CCC,Dry Dry Dry Dry Prepared Meals
665,173452,696,C-173,Clarkesville Church of God,477081,,FP/GNAP/USDA,FAITH-BASED-Agency,LOCAL - LL,W-25-10000,19,0,0,1.71,19,HABERSHAM,0.09,1/23/2024 9:35,1/23/2024 8:37,Price Code 1,CUSTOMER PICKUP,False,Sharing Floor Athens,01-SH,30523.0,Clarkesville,"ASSORTED SNACK ITEMS, LL",Dry Dry Dry Dry Food Misc.
902,181552,8970,T-123,"The Lord's Help, Inc.",FAIMPORT484156,,ON PREMISES (OP),SOUP KITCHEN-Agency,BLUE RECEIPT-SHL,MCW-16-10001,117,0,0,0.0,117,HABERSHAM,0.0,5/28/2024 0:00,5/28/2024 0:00,Price Code 1,CUSTOMER PICKUP,False,Food Bank of Northeast Georgia,01,30531.0,Cornelia,"MISC. FOOD BOX, SHL RETAIL PICKUP",Dry Dry Dry Dry Food Misc.
649,176661,170,G-132,Glade Creek Baptist Church,479284,,FP/GNAP/USDA,FAITH-BASED-Agency,USDA,N-50-10007,4,0,0,20.16,112,HABERSHAM,0.18,3/6/2024 9:25,3/6/2024 8:25,Price Code 1,CONTACT FOR DELIVERY,False,Rabun Warehouse,02,30563.0,Mt Airy,"USDA CORN, WHOLE KERNEL NO SALT",Dry Dry Dry Dry Vegetables
938,181497,5938,F-142,First Presbyterian Church of Cornelia,484101,,FP/GNAP/USDA,MOBILE PANTRY-Agency,BLUE RECEIPT-SHL,C-28-10001,2205,0,0,0.0,2205,HABERSHAM,0.0,5/31/2024 9:00,6/3/2024 9:10,Price Code 1,TRUCK 2 MOBILE PANTRY,False,Sharing Floor Rabun,02-SH,30531.0,Cornelia,"PRODUCE, FRESH SHL",Cooled Cooled Cooled Cooled Mixed Produce
268,173180,5388,V-100,Victory Home / Helping Hand,476810,,ON PREMISES (OP),REHAB-Agency,BLUE RECEIPT-SHL,F-16-10001,42,0,0,7.56,42,HABERSHAM,0.18,1/17/2024 13:55,1/17/2024 10:39,Price Code 1,CUSTOMER PICKUP,False,Sharing Floor Rabun,02-SH,30573.0,Tallulah Falls,"ASSORTED FROZEN FOODS, SHL",Frozen Frozen Frozen Frozen Food Misc.
665,173122,8846,C-173,Clarkesville Church of God,476752,,FP/GNAP/USDA,FAITH-BASED-Agency,BLUE RECEIPT-SHL,N-03-11774,2,0,0,0.0,46,HABERSHAM,0.0,1/23/2024 9:35,1/23/2024 9:34,Price Code 1,CUSTOMER PICKUP,False,Food Bank of Northeast Georgia,01,30523.0,Clarkesville,PURE LEAF UNSWEETENED TEA,Dry Dry Dry Dry Beverages
623,173411,683,C-171,Clarkesville Soup Kitchen,477040,,OP/USDA,SOUP KITCHEN-Agency,BLUE RECEIPT-SHL,W-16-10001,83,0,0,14.94,83,HABERSHAM,0.18,1/22/2024 11:47,1/22/2024 13:36,Price Code 1,CUSTOMER PICKUP,False,Sharing Floor Rabun,02-SH,30523.0,Clarkesville,MISC. FOOD BOX SHL,Dry Dry Dry Dry Food Misc.
556,180129,50,P-123,"Pilgrim Ministries, Inc.",482737,,ON PREMISES (OP),REHAB-Agency,LOCAL - LL,W-16-10002,22,0,0,3.96,22,HABERSHAM,0.18,5/3/2024 14:14,5/3/2024 9:39,Price Code 1,CUSTOMER PICKUP,False,Sharing Floor Rabun,02-SH,30523.0,Clarkesville,MISC. FOOD BOX LL,Dry Dry Dry Dry Food Misc.
1024,176477,1047,L-119,Life Church Baldwin,479101,,FP/USDA,MOBILE PANTRY-Agency,USDA,N-50-10041,4,0,0,35.28,196,HABERSHAM,0.18,3/8/2024 0:00,3/11/2024 7:54,Price Code 1,CONTACT FOR DELIVERY,False,Rabun Warehouse,02,30511.0,Baldwin,USDA RICE,Dry Dry Dry Dry Grains
329,179024,5938,O-109,Open Door Food Ministry (The Torch Church of God),481638,,FP/GNAP/USDA,FOOD PANTRY-Agency,BLUE RECEIPT-SHL,C-28-10001,1379,0,0,0.0,1379,HABERSHAM,0.0,4/16/2024 14:23,4/16/2024 9:07,Price Code 1,TRUCK 1,False,Food Bank of Northeast Georgia,01,30531.0,Cornelia,"PRODUCE, FRESH SHL",Cooled Cooled Cooled Cooled Mixed Produce
902,180980,8970,T-123,"The Lord's Help, Inc.",FAIMPORT483585,,ON PREMISES (OP),SOUP KITCHEN-Agency,BLUE RECEIPT-SHL,MCW-16-10001,24,0,0,0.0,24,HABERSHAM,0.0,5/14/2024 0:00,5/14/2024 0:00,Price Code 1,CUSTOMER PICKUP,False,Food Bank of Northeast Georgia,01,30531.0,Cornelia,"MISC. FOOD BOX, SHL RETAIL PICKUP",Dry Dry Dry Dry Food Misc.
198,180106,1674,S-112,Sharing and Caring - Clarkesville,482714,,FP/GNAP/USDA,FOOD PANTRY-Agency,USDA,N-50-10073,5,0,0,24.3,135,HABERSHAM,0.18,5/7/2024 8:45,5/7/2024 7:43,Price Code 1,CUSTOMER PICKUP,False,Rabun Warehouse,02,30523.0,Clarkesville,USDA TOMATO SAUCE,Dry Dry Dry Dry Vegetables
329,177403,3943,O-109,Open Door Food Ministry (The Torch Church of God),480023,,FP/GNAP/USDA,FOOD PANTRY-Agency,USDA,N-50-10268,40,0,0,45.6,1520,HABERSHAM,0.03,3/20/2024 14:23,3/20/2024 7:08,Price Code 1,CONTACT FOR DELIVERY,False,Rabun Warehouse,02,30531.0,Cornelia,USDA APPLE JUICE,Dry Dry Dry Dry Beverages
901,181786,688,H-150,Habersham County Senior Center,484390,,FP/USDA,SENIOR-Agency,BLUE RECEIPT-SHL,W-01-10000,4,0,0,0.72,4,HABERSHAM,0.18,6/3/2024 9:28,6/3/2024 9:43,Price Code 1,CUSTOMER PICKUP,False,Sharing Floor Athens,01-SH,30535.0,Demorest,"ASSORTED NON-FOOD ITEMS, SHL",Dry Dry Dry Dry Non-Food Misc.
198,172783,5388,S-112,Sharing and Caring - Clarkesville,476414,,FP/GNAP/USDA,FOOD PANTRY-Agency,BLUE RECEIPT-SHL,F-16-10001,54,0,0,9.72,54,HABERSHAM,0.18,1/9/2024 13:49,1/9/2024 9:04,Price Code 1,CUSTOMER PICKUP,False,Sharing Floor Rabun,02-SH,30523.0,Clarkesville,"ASSORTED FROZEN FOODS, SHL",Frozen Frozen Frozen Frozen Food Misc.
665,178129,8783,C-173,Clarkesville Church of God,480748,,FP/GNAP/USDA,FAITH-BASED-Agency,USDA,N-50-10308,1,0,0,4.14,23,HABERSHAM,0.18,4/10/2024 9:35,4/10/2024 9:20,Price Code 1,CUSTOMER PICKUP,False,Food Bank of Northeast Georgia,01,30523.0,Clarkesville,USDA RAISINS,Dry Dry Dry Dry Fruits
188,178101,683,S-102,Sharing and Caring - Cornelia,480720,,FP/GNAP/USDA,FOOD PANTRY-Agency,BLUE RECEIPT-SHL,W-16-10001,201,0,0,36.18,201,HABERSHAM,0.18,4/1/2024 13:47,4/2/2024 15:10,Price Code 1,CUSTOMER PICKUP,False,Rabun Warehouse,02,30531.0,Cornelia,MISC. FOOD BOX SHL,Dry Dry Dry Dry Food Misc.
665,177367,8874,C-173,Clarkesville Church of God,479987,,FP/GNAP/USDA,FAITH-BASED-Agency,YELLOW RECEIPT - SHN,F-10-10002,2,0,0,0.18,6,HABERSHAM,0.03,3/20/2024 9:35,3/20/2024 9:12,Price Code 1,CUSTOMER PICKUP,False,Food Bank of Northeast Georgia,01,30523.0,Clarkesville,OUTSHINE TROPICAL SMOOTHIE CUBES,Frozen Frozen Frozen Frozen Beverages
665,172842,92,C-173,Clarkesville Church of God,476473,,FP/GNAP/USDA,FAITH-BASED-Agency,LOCAL - LL,W-01-10002,20,0,0,0.0,20,HABERSHAM,0.0,1/10/2024 9:35,1/10/2024 8:38,Price Code 1,CUSTOMER PICKUP,False,Sharing Floor Athens,01-SH,30523.0,Clarkesville,"ASSORTED NON-FOOD ITEMS, LL",Dry Dry Dry Dry Non-Food Misc.
902,176358,5407,T-123,"The Lord's Help, Inc.",478983,,ON PREMISES (OP),SOUP KITCHEN-Agency,BLUE RECEIPT-SHL,F-15-10000,22,0,0,0.0,22,HABERSHAM,0.0,2/28/2024 15:19,2/28/2024 10:30,Price Code 1,CUSTOMER PICKUP,False,Sharing Floor Athens,01-SH,30531.0,Cornelia,"MEAT & SEAFOOD, FROZEN SHL",Frozen Frozen Frozen Frozen Proteins
665,181177,688,C-173,Clarkesville Church of God,483782,,FP/GNAP/USDA,FAITH-BASED-Agency,BLUE RECEIPT-SHL,W-01-10000,3,0,0,0.54,3,HABERSHAM,0.18,5/22/2024 9:35,5/22/2024 8:43,Price Code 1,CUSTOMER PICKUP,False,Sharing Floor Athens,01-SH,30523.0,Clarkesville,"ASSORTED NON-FOOD ITEMS, SHL",Dry Dry Dry Dry Non-Food Misc.
665,173863,3122,C-173,Clarkesville Church of God,477492,,FP/GNAP/USDA,FAITH-BASED-Agency,GNAP,N-40-10174,3,0,0,4.2,42,HABERSHAM,0.1,2/7/2024 9:35,2/7/2024 9:19,Price Code 1,CUSTOMER PICKUP,False,Food Bank of Northeast Georgia,01,30523.0,Clarkesville,"GNAP BLACKEYE PEAS, LOW SODIUM",Dry Dry Dry Dry Proteins
560,182031,8690,B-133,Ballew House Outreach,484635,,FP/OP/GNAP/USDA,FOOD PANTRY-Agency,USDA,N-50-10302,3,0,0,7.56,42,HABERSHAM,0.18,6/21/2024 10:30,6/21/2024 9:12,Price Code 1,CUSTOMER PICKUP,False,Rabun Warehouse,02,30510.0,Alto,USDA GREEN BEANS CCC,Dry Dry Dry Dry Vegetables
902,177772,696,T-123,"The Lord's Help, Inc.",480391,,ON PREMISES (OP),SOUP KITCHEN-Agency,LOCAL - LL,W-25-10000,9,0,0,0.0,9,HABERSHAM,0.0,3/22/2024 15:19,3/22/2024 10:23,Price Code 1,CUSTOMER PICKUP,False,Sharing Floor Athens,01-SH,30531.0,Cornelia,"ASSORTED SNACK ITEMS, LL",Dry Dry Dry Dry Food Misc.
1024,180084,8783,L-119,Life Church Baldwin,482692,,FP/USDA,MOBILE PANTRY-Agency,USDA,N-50-10308,5,0,0,20.7,115,HABERSHAM,0.18,5/10/2024 8:00,5/10/2024 14:24,Price Code 1,CUSTOMER PICKUP,False,Rabun Warehouse,02,30511.0,Baldwin,USDA RAISINS,Dry Dry Dry Dry Fruits
188,180408,9042,S-102,Sharing and Caring - Cornelia,483014,,FP/GNAP/USDA,FOOD PANTRY-Agency,GNAP,F-40-90059,7,0,0,0.0,168,HABERSHAM,0.0,5/15/2024 8:30,5/15/2024 7:19,Price Code 1,CONTACT FOR DELIVERY,False,Rabun Warehouse,02,30531.0,Cornelia,GNAP GROUND TURKEY CHUB 85/15,Frozen Frozen Frozen Frozen Proteins
938,176419,5388,F-142,First Presbyterian Church of Cornelia,479043,,FP/GNAP/USDA,MOBILE PANTRY-Agency,BLUE RECEIPT-SHL,F-16-10001,1500,0,0,0.0,1500,HABERSHAM,0.0,2/29/2024 10:07,3/4/2024 13:36,Price Code 1,CUSTOMER PICKUP,False,Sharing Floor Rabun,02-SH,30531.0,Cornelia,"ASSORTED FROZEN FOODS, SHL",Frozen Frozen Frozen Frozen Food Misc.
649,178770,8997,G-132,Glade Creek Baptist Church,481384,,FP/GNAP/USDA,FAITH-BASED-Agency,USDA,N-50-10312,8,0,0,17.28,96,HABERSHAM,0.18,4/15/2024 9:25,4/15/2024 15:10,Price Code 1,CONTACT FOR DELIVERY,False,Rabun Warehouse,02,30563.0,Mt Airy,USDA CHILI W/ BEANS CCC,Dry Dry Dry Dry Prepared Meals
649,180418,7169,G-132,Glade Creek Baptist Church,483024,,FP/GNAP/USDA,FAITH-BASED-Agency,GNAP,N-40-10236,4,0,0,0.0,56,HABERSHAM,0.0,5/14/2024 8:30,5/14/2024 7:27,Price Code 1,CONTACT FOR DELIVERY,False,Rabun Warehouse,02,30563.0,Mt Airy,GNAP BEEF LASAGNA,Dry Dry Dry Dry Prepared Meals
623,180390,8997,C-171,Clarkesville Soup Kitchen,482996,,OP/USDA,SOUP KITCHEN-Agency,USDA,N-50-10312,8,0,0,17.28,96,HABERSHAM,0.18,5/20/2024 10:00,5/20/2024 10:24,Price Code 1,CUSTOMER PICKUP,False,Rabun Warehouse,02,30523.0,Clarkesville,USDA CHILI W/ BEANS CCC,Dry Dry Dry Dry Prepared Meals
560,177049,7082,B-133,Ballew House Outreach,479671,,FP/OP/GNAP/USDA,FOOD PANTRY-Agency,USDA,C-50-10033,1,0,0,0.0,12,HABERSHAM,0.0,3/14/2024 13:49,3/14/2024 12:56,Price Code 1,CUSTOMER PICKUP,False,Rabun Warehouse,02,30510.0,Alto,USDA SHREDDED YELLOW CHEDDAR CHEESE CCC,Cooled Cooled Cooled Cooled Dairy
55,175481,683,C-116,Circle of Hope,478110,,ON PREMISES (OP),SHELTER-Agency,BLUE RECEIPT-SHL,W-16-10001,22,0,0,3.96,22,HABERSHAM,0.18,2/12/2024 12:27,2/12/2024 11:19,Price Code 1,CUSTOMER PICKUP,False,Sharing Floor Rabun,02-SH,30531.0,Cornelia,MISC. FOOD BOX SHL,Dry Dry Dry Dry Food Misc.
665,178999,2414,C-173,Clarkesville Church of God,481613,,FP/GNAP/USDA,FAITH-BASED-Agency,USDA,N-50-10244,1,0,0,6.48,36,HABERSHAM,0.18,4/24/2024 9:35,4/24/2024 8:54,Price Code 1,CUSTOMER PICKUP,False,Food Bank of Northeast Georgia,01,30523.0,Clarkesville,USDA CANNED BEEF CCC,Dry Dry Dry Dry Proteins
623,176123,1674,C-171,Clarkesville Soup Kitchen,478750,,OP/USDA,SOUP KITCHEN-Agency,USDA,N-50-10073,8,0,0,38.88,216,HABERSHAM,0.18,3/4/2024 10:00,3/4/2024 10:11,Price Code 1,CUSTOMER PICKUP,False,Rabun Warehouse,02,30523.0,Clarkesville,USDA TOMATO SAUCE,Dry Dry Dry Dry Vegetables
665,173122,8719,C-173,Clarkesville Church of God,476752,,FP/GNAP/USDA,FAITH-BASED-Agency,GNAP,N-40-10265,1,0,0,1.3,13,HABERSHAM,0.1,1/23/2024 9:35,1/23/2024 9:34,Price Code 1,CUSTOMER PICKUP,False,Food Bank of Northeast Georgia,01,30523.0,Clarkesville,GNAP MINI BEEF RAVIOLI,Dry Dry Dry Dry Prepared Meals
556,178377,5388,P-123,"Pilgrim Ministries, Inc.",480993,,ON PREMISES (OP),REHAB-Agency,BLUE RECEIPT-SHL,F-16-10001,132,0,0,23.76,132,HABERSHAM,0.18,4/5/2024 14:14,4/5/2024 9:16,Price Code 1,CUSTOMER PICKUP,False,Sharing Floor Rabun,02-SH,30523.0,Clarkesville,"ASSORTED FROZEN FOODS, SHL",Frozen Frozen Frozen Frozen Food Misc.
198,176666,5388,S-112,Sharing and Caring - Clarkesville,479289,,FP/GNAP/USDA,FOOD PANTRY-Agency,BLUE RECEIPT-SHL,F-16-10001,49,0,0,8.82,49,HABERSHAM,0.18,3/5/2024 13:49,3/5/2024 8:31,Price Code 1,CUSTOMER PICKUP,False,Sharing Floor Rabun,02-SH,30523.0,Clarkesville,"ASSORTED FROZEN FOODS, SHL",Frozen Frozen Frozen Frozen Food Misc.
632,173395,3139,H-141,Hazel Creek Baptist Church,477024,,FP/USDA,FOOD PANTRY-Agency,USDA,N-50-10290,2,0,0,9.0,50,HABERSHAM,0.18,1/24/2024 8:32,1/24/2024 13:28,Price Code 1,CUSTOMER PICKUP,False,Rabun Warehouse,02,30563.0,Mt. Airy,USDA WHOLE ALMONDS DRY ROASTED,Dry Dry Dry Dry Proteins
649,175473,3954,G-132,Glade Creek Baptist Church,478102,,FP/GNAP/USDA,FAITH-BASED-Agency,GNAP,N-40-10164,2,0,0,5.4,54,HABERSHAM,0.1,2/15/2024 9:25,2/15/2024 6:58,Price Code 1,CONTACT FOR DELIVERY,False,Rabun Warehouse,02,30563.0,Mt Airy,"GNAP GREEN PEAS, LOW SODIUM",Dry Dry Dry Dry Proteins
268,178661,1045,V-100,Victory Home / Helping Hand,481277,,ON PREMISES (OP),REHAB-Agency,BLUE RECEIPT-SHL,W-25-10009,84,0,0,15.12,84,HABERSHAM,0.18,4/10/2024 13:55,4/10/2024 10:31,Price Code 1,CUSTOMER PICKUP,False,Sharing Floor Rabun,02-SH,30573.0,Tallulah Falls,"ASSORTED SNACK ITEMS, SHL",Dry Dry Dry Dry Food Misc.
809,182580,8972,B-123,Breaking Chains Ministries d.b.a Freedom Hill,FAIMPORT485183,,ON PREMISES (OP),REHAB-Agency,BLUE RECEIPT-SHL,MCF-15-10000,85,0,0,0.0,85,HABERSHAM,0.0,6/21/2024 0:00,6/21/2024 0:00,Price Code 1,CUSTOMER PICKUP,False,Food Bank of Northeast Georgia,01,30535.0,Demorest,"FROZEN MEAT & SEAFOOD, SHL RETAIL PICKUP",Dry Dry Dry Dry Proteins
55,182071,683,C-116,Circle of Hope,484675,,ON PREMISES (OP),SHELTER-Agency,BLUE RECEIPT-SHL,W-16-10001,31,0,0,5.58,31,HABERSHAM,0.18,6/10/2024 12:27,6/10/2024 12:03,Price Code 1,CUSTOMER PICKUP,False,Sharing Floor Rabun,02-SH,30531.0,Cornelia,MISC. FOOD BOX SHL,Dry Dry Dry Dry Food Misc.
329,172495,3139,O-109,Open Door Food Ministry (The Torch Church of God),476126,,FP/GNAP/USDA,FOOD PANTRY-Agency,USDA,N-50-10290,50,0,0,0.0,1250,HABERSHAM,0.0,1/6/2024 7:00,1/9/2024 11:26,Price Code 1,TRUCK 1 MOBILE PANTRY,False,Food Bank of Northeast Georgia,01,30531.0,Cornelia,USDA WHOLE ALMONDS DRY ROASTED,Dry Dry Dry Dry Proteins
623,175438,8914,C-171,Clarkesville Soup Kitchen,478067,,OP/USDA,SOUP KITCHEN-Agency,USDA,N-50-10310,10,0,0,48.6,270,HABERSHAM,0.18,2/20/2024 10:00,2/20/2024 10:45,Price Code 1,CUSTOMER PICKUP,False,Rabun Warehouse,02,30523.0,Clarkesville,USDA DICED POTATOES,Dry Dry Dry Dry Potatoes
649,180418,8497,G-132,Glade Creek Baptist Church,483024,,FP/GNAP/USDA,FAITH-BASED-Agency,USDA,C-50-10048,8,0,0,12.8,256,HABERSHAM,0.05,5/14/2024 8:30,5/14/2024 7:27,Price Code 1,CONTACT FOR DELIVERY,False,Rabun Warehouse,02,30563.0,Mt Airy,USDA MANDARIN ORANGES,Cooled Cooled Cooled Cooled Fruits
329,180343,875,O-109,Open Door Food Ministry (The Torch Church of God),482949,,FP/GNAP/USDA,FOOD PANTRY-Agency,BLUE RECEIPT-SHL,W-04-10000,770,0,0,0.0,770,HABERSHAM,0.0,5/7/2024 14:23,5/7/2024 10:56,Price Code 1,CUSTOMER PICKUP,False,Food Bank of Northeast Georgia,01,30531.0,Cornelia,"BREAD & BAKERY, ASSORTED SHL",Dry Dry Dry Dry Grains
556,176497,875,P-123,"Pilgrim Ministries, Inc.",479121,,ON PREMISES (OP),REHAB-Agency,BLUE RECEIPT-SHL,W-04-10000,14,0,0,0.0,14,HABERSHAM,0.0,3/1/2024 14:14,3/1/2024 9:12,Price Code 1,CUSTOMER PICKUP,False,Sharing Floor Rabun,02-SH,30523.0,Clarkesville,"BREAD & BAKERY, ASSORTED SHL",Dry Dry Dry Dry Grains
686,175149,875,H-154,Habersham Homeless Ministries,477778,,FP/USDA,FOOD PANTRY-Agency,BLUE RECEIPT-SHL,W-04-10000,14,0,0,0.0,14,HABERSHAM,0.0,2/5/2024 14:10,2/5/2024 15:25,Price Code 1,CUSTOMER PICKUP,False,Sharing Floor Rabun,02-SH,30523.0,Clarkesville,"BREAD & BAKERY, ASSORTED SHL",Dry Dry Dry Dry Grains
198,180106,800,S-112,Sharing and Caring - Clarkesville,482714,,FP/GNAP/USDA,FOOD PANTRY-Agency,USDA,N-50-10065,3,0,0,14.58,81,HABERSHAM,0.18,5/7/2024 8:45,5/7/2024 7:43,Price Code 1,CUSTOMER PICKUP,False,Rabun Warehouse,02,30523.0,Clarkesville,USDA APPLESAUCE,Dry Dry Dry Dry Fruits
869,176685,5772,H-152,Homestead Recovery for Women,479308,,ON PREMISES (OP),REHAB-Agency,LOCAL - LL,C-28-10000,13,0,0,0.39,13,HABERSHAM,0.03,3/5/2024 10:35,3/5/2024 10:32,Price Code 1,CUSTOMER PICKUP,False,Sharing Floor Athens,01-SH,30523.0,Clarkesville,"PRODUCE, FRESH LL",Cooled Cooled Cooled Cooled Mixed Produce
198,175543,5388,S-112,Sharing and Caring - Clarkesville,478172,,FP/GNAP/USDA,FOOD PANTRY-Agency,BLUE RECEIPT-SHL,F-16-10001,58,0,0,10.44,58,HABERSHAM,0.18,2/13/2024 13:49,2/13/2024 9:02,Price Code 1,CUSTOMER PICKUP,False,Sharing Floor Rabun,02-SH,30523.0,Clarkesville,"ASSORTED FROZEN FOODS, SHL",Frozen Frozen Frozen Frozen Food Misc.
268,173180,690,V-100,Victory Home / Helping Hand,476810,,ON PREMISES (OP),REHAB-Agency,BLUE RECEIPT-SHL,W-03-10013,109,0,0,3.27,109,HABERSHAM,0.03,1/17/2024 13:55,1/17/2024 10:39,Price Code 1,CUSTOMER PICKUP,False,Sharing Floor Rabun,02-SH,30573.0,Tallulah Falls,"ASSORTED BEVERAGES, SHL",Dry Dry Dry Dry Beverages
665,177367,842,C-173,Clarkesville Church of God,479987,,FP/GNAP/USDA,FAITH-BASED-Agency,USDA,N-50-10021,1,0,0,4.86,27,HABERSHAM,0.18,3/20/2024 9:35,3/20/2024 9:12,Price Code 1,CUSTOMER PICKUP,False,Food Bank of Northeast Georgia,01,30523.0,Clarkesville,USDA DICED TOMATOES NO SALT CCC,Dry Dry Dry Dry Vegetables
329,177403,8906,O-109,Open Door Food Ministry (The Torch Church of God),480023,,FP/GNAP/USDA,FOOD PANTRY-Agency,GNAP,N-40-10266,10,0,0,0.0,200,HABERSHAM,0.0,3/20/2024 14:23,3/20/2024 7:08,Price Code 1,CONTACT FOR DELIVERY,False,Rabun Warehouse,02,30531.0,Cornelia,GNAP SPAGHETTI,Dry Dry Dry Dry Grains
1024,180084,1674,L-119,Life Church Baldwin,482692,,FP/USDA,MOBILE PANTRY-Agency,USDA,N-50-10073,10,0,0,48.6,270,HABERSHAM,0.18,5/10/2024 8:00,5/10/2024 14:24,Price Code 1,CUSTOMER PICKUP,False,Rabun Warehouse,02,30511.0,Baldwin,USDA TOMATO SAUCE,Dry Dry Dry Dry Vegetables
55,177484,5388,C-116,Circle of Hope,480104,,ON PREMISES (OP),SHELTER-Agency,BLUE RECEIPT-SHL,F-16-10001,25,0,0,4.5,25,HABERSHAM,0.18,3/18/2024 12:27,3/18/2024 11:32,Price Code 1,CUSTOMER PICKUP,False,Sharing Floor Rabun,02-SH,30531.0,Cornelia,"ASSORTED FROZEN FOODS, SHL",Frozen Frozen Frozen Frozen Food Misc.
665,181905,3203,C-173,Clarkesville Church of God,484509,,FP/GNAP/USDA,FAITH-BASED-Agency,USDA,N-50-10289,1,0,0,4.5,25,HABERSHAM,0.18,6/20/2024 8:30,6/25/2024 15:47,Price Code 1,CUSTOMER PICKUP,False,Food Bank of Northeast Georgia,01,30523.0,Clarkesville,USDA PECAN PIECES,Dry Dry Dry Dry Proteins
902,182153,8975,T-123,"The Lord's Help, Inc.",FAIMPORT484757,,ON PREMISES (OP),SOUP KITCHEN-Agency,BLUE RECEIPT-SHL,MCC-07-10001,110,0,0,0.0,110,HABERSHAM,0.0,6/11/2024 0:00,6/11/2024 0:00,Price Code 1,CUSTOMER PICKUP,False,Food Bank of Northeast Georgia,01,30531.0,Cornelia,"DAIRY PRODUCTS, SHL RETAIL PICKUPS",Dry Dry Dry Dry Dairy
268,173529,5938,V-100,Victory Home / Helping Hand,477158,,ON PREMISES (OP),REHAB-Agency,BLUE RECEIPT-SHL,C-28-10001,138,0,0,4.14,138,HABERSHAM,0.03,1/24/2024 13:55,1/24/2024 10:08,Price Code 1,CUSTOMER PICKUP,False,Sharing Floor Rabun,02-SH,30573.0,Tallulah Falls,"PRODUCE, FRESH SHL",Cooled Cooled Cooled Cooled Mixed Produce
665,175966,123,C-173,Clarkesville Church of God,478594,,FP/GNAP/USDA,FAITH-BASED-Agency,GNAP,N-40-10002,4,0,0,10.8,60,HABERSHAM,0.18,3/6/2024 9:35,3/11/2024 9:35,Price Code 1,CUSTOMER PICKUP,False,Food Bank of Northeast Georgia,01,30523.0,Clarkesville,GNAP PEANUT BUTTER,Dry Dry Dry Dry Proteins
938,176419,50,F-142,First Presbyterian Church of Cornelia,479043,,FP/GNAP/USDA,MOBILE PANTRY-Agency,LOCAL - LL,W-16-10002,2000,0,0,0.0,2000,HABERSHAM,0.0,2/29/2024 10:07,3/4/2024 13:36,Price Code 1,CUSTOMER PICKUP,False,Sharing Floor Rabun,02-SH,30531.0,Cornelia,MISC. FOOD BOX LL,Dry Dry Dry Dry Food Misc.
649,178770,6831,G-132,Glade Creek Baptist Church,481384,,FP/GNAP/USDA,FAITH-BASED-Agency,USDA,C-50-10025,5,0,0,21.0,210,HABERSHAM,0.1,4/15/2024 9:25,4/15/2024 15:10,Price Code 1,CONTACT FOR DELIVERY,False,Rabun Warehouse,02,30563.0,Mt Airy,USDA APPLES,Cooled Cooled Cooled Cooled Fruits
560,172932,683,B-133,Ballew House Outreach,476563,,FP/OP/GNAP/USDA,FOOD PANTRY-Agency,BLUE RECEIPT-SHL,W-16-10001,41,0,0,7.38,41,HABERSHAM,0.18,1/11/2024 13:49,1/11/2024 11:31,Price Code 1,CUSTOMER PICKUP,False,Sharing Floor Rabun,02-SH,30510.0,Alto,MISC. FOOD BOX SHL,Dry Dry Dry Dry Food Misc.
560,178808,683,B-133,Ballew House Outreach,481422,,FP/OP/GNAP/USDA,FOOD PANTRY-Agency,BLUE RECEIPT-SHL,W-16-10001,8,0,0,1.44,8,HABERSHAM,0.18,4/11/2024 13:49,4/11/2024 11:31,Price Code 1,CUSTOMER PICKUP,False,Sharing Floor Rabun,02-SH,30510.0,Alto,MISC. FOOD BOX SHL,Dry Dry Dry Dry Food Misc.
198,176470,1674,S-112,Sharing and Caring - Clarkesville,479094,,FP/GNAP/USDA,FOOD PANTRY-Agency,USDA,N-50-10073,2,0,0,9.72,54,HABERSHAM,0.18,3/5/2024 13:49,3/5/2024 7:08,Price Code 1,CUSTOMER PICKUP,False,Rabun Warehouse,02,30523.0,Clarkesville,USDA TOMATO SAUCE,Dry Dry Dry Dry Vegetables
686,172817,4555,H-154,Habersham Homeless Ministries,476448,,FP/USDA,FOOD PANTRY-Agency,USDA,F-50-90042,1,0,0,7.2,40,HABERSHAM,0.18,1/12/2024 14:10,2/2/2024 14:31,Price Code 1,CUSTOMER PICKUP,False,Rabun Warehouse,02,30523.0,Clarkesville,USDA CHICKEN DRUMSTICKS CCC,Frozen Frozen Frozen Frozen Proteins
188,179937,5388,S-102,Sharing and Caring - Cornelia,482547,,FP/GNAP/USDA,FOOD PANTRY-Agency,BLUE RECEIPT-SHL,F-16-10001,102,0,0,18.36,102,HABERSHAM,0.18,5/6/2024 13:47,5/6/2024 10:08,Price Code 1,CUSTOMER PICKUP,False,Sharing Floor Rabun,02-SH,30531.0,Cornelia,"ASSORTED FROZEN FOODS, SHL",Frozen Frozen Frozen Frozen Food Misc.
198,178833,1674,S-112,Sharing and Caring - Clarkesville,481447,,FP/GNAP/USDA,FOOD PANTRY-Agency,USDA,N-50-10073,3,0,0,14.58,81,HABERSHAM,0.18,4/16/2024 13:49,4/16/2024 8:04,Price Code 1,CUSTOMER PICKUP,False,Rabun Warehouse,02,30523.0,Clarkesville,USDA TOMATO SAUCE,Dry Dry Dry Dry Vegetables
869,175281,5958,H-152,Homestead Recovery for Women,477910,,ON PREMISES (OP),REHAB-Agency,BLUE RECEIPT-SHL,C-16-10001,29,0,0,5.22,29,HABERSHAM,0.18,2/7/2024 10:35,2/7/2024 11:02,Price Code 1,CUSTOMER PICKUP,False,Sharing Floor Athens,01-SH,30523.0,Clarkesville,"COOLER FOOD, MISC. SHL",Cooled Cooled Cooled Cooled Food Misc.
665,172842,5407,C-173,Clarkesville Church of God,476473,,FP/GNAP/USDA,FAITH-BASED-Agency,BLUE RECEIPT-SHL,F-15-10000,212,0,0,38.16,212,HABERSHAM,0.18,1/10/2024 9:35,1/10/2024 8:38,Price Code 1,CUSTOMER PICKUP,False,Sharing Floor Athens,01-SH,30523.0,Clarkesville,"MEAT & SEAFOOD, FROZEN SHL",Frozen Frozen Frozen Frozen Proteins
665,180813,800,C-173,Clarkesville Church of God,483419,,FP/GNAP/USDA,FAITH-BASED-Agency,USDA,N-50-10065,2,0,0,9.72,54,HABERSHAM,0.18,5/22/2024 9:00,5/22/2024 9:20,Price Code 1,CUSTOMER PICKUP,False,Food Bank of Northeast Georgia,01,30523.0,Clarkesville,USDA APPLESAUCE,Dry Dry Dry Dry Fruits
198,175757,8914,S-112,Sharing and Caring - Clarkesville,478385,,FP/GNAP/USDA,FOOD PANTRY-Agency,USDA,N-50-10310,3,0,0,14.58,81,HABERSHAM,0.18,2/20/2024 9:00,2/20/2024 8:30,Price Code 1,CUSTOMER PICKUP,False,Rabun Warehouse,02,30523.0,Clarkesville,USDA DICED POTATOES,Dry Dry Dry Dry Potatoes
665,173863,1356,C-173,Clarkesville Church of God,477492,,FP/GNAP/USDA,FAITH-BASED-Agency,GNAP,N-40-10131,2,0,0,2.2,22,HABERSHAM,0.1,2/7/2024 9:35,2/7/2024 9:19,Price Code 1,CUSTOMER PICKUP,False,Food Bank of Northeast Georgia,01,30523.0,Clarkesville,GNAP CHUNK CHICKEN,Dry Dry Dry Dry Proteins
809,181845,8976,B-123,Breaking Chains Ministries d.b.a Freedom Hill,FAIMPORT484449,,ON PREMISES (OP),REHAB-Agency,BLUE RECEIPT-SHL,MCC-28-10001,18,0,0,0.0,18,HABERSHAM,0.0,6/3/2024 0:00,6/3/2024 0:00,Price Code 1,CUSTOMER PICKUP,False,Food Bank of Northeast Georgia,01,30535.0,Demorest,"PRODUCE, SHL RETAIL PICKUPS",Dry Dry Dry Dry Mixed Produce
55,180739,8975,C-116,Circle of Hope,FAIMPORT483345,,ON PREMISES (OP),SHELTER-Agency,BLUE RECEIPT-SHL,MCC-07-10001,150,0,0,0.0,150,HABERSHAM,0.0,5/13/2024 0:00,5/13/2024 0:00,Price Code 1,CUSTOMER PICKUP,False,Food Bank of Northeast Georgia,01,30531.0,Cornelia,"DAIRY PRODUCTS, SHL RETAIL PICKUPS",Dry Dry Dry Dry Dairy
329,179922,7061,O-109,Open Door Food Ministry (The Torch Church of God),482533,,FP/GNAP/USDA,FOOD PANTRY-Agency,USDA,C-50-10021,108,0,0,0.0,4536,HABERSHAM,0.0,5/4/2024 7:00,5/4/2024 6:01,Price Code 1,TRACTOR TRAILER 1 MOBILE PANTRY,False,Food Bank of Northeast Georgia,01,30531.0,Cornelia,USDA FRESH ORANGES,Cooled Cooled Cooled Cooled Fruits
632,179128,683,H-141,Hazel Creek Baptist Church,481741,,FP/USDA,FOOD PANTRY-Agency,BLUE RECEIPT-SHL,W-16-10001,61,0,0,10.98,61,HABERSHAM,0.18,4/17/2024 8:32,4/17/2024 15:39,Price Code 1,CUSTOMER PICKUP,False,Sharing Floor Rabun,02-SH,30563.0,Mt. Airy,MISC. FOOD BOX SHL,Dry Dry Dry Dry Food Misc.
188,175185,5388,S-102,Sharing and Caring - Cornelia,477814,,FP/GNAP/USDA,FOOD PANTRY-Agency,BLUE RECEIPT-SHL,F-16-10001,161,0,0,28.98,161,HABERSHAM,0.18,2/6/2024 13:47,2/6/2024 9:06,Price Code 1,CUSTOMER PICKUP,False,Sharing Floor Rabun,02-SH,30531.0,Cornelia,"ASSORTED FROZEN FOODS, SHL",Frozen Frozen Frozen Frozen Food Misc.
809,182159,8974,B-123,Breaking Chains Ministries d.b.a Freedom Hill,FAIMPORT484763,,ON PREMISES (OP),REHAB-Agency,BLUE RECEIPT-SHL,MCW-04-10000,6,0,0,0.0,6,HABERSHAM,0.0,6/10/2024 0:00,6/10/2024 0:00,Price Code 1,CUSTOMER PICKUP,False,Food Bank of Northeast Georgia,01,30535.0,Demorest,"BREAD AND BAKERY, SHL RETAIL PICKUPS",Dry Dry Dry Dry Grains
268,180415,5388,V-100,Victory Home / Helping Hand,483021,,ON PREMISES (OP),REHAB-Agency,BLUE RECEIPT-SHL,F-16-10001,90,0,0,16.2,90,HABERSHAM,0.18,5/8/2024 13:55,5/8/2024 10:24,Price Code 1,CUSTOMER PICKUP,False,Sharing Floor Rabun,02-SH,30573.0,Tallulah Falls,"ASSORTED FROZEN FOODS, SHL",Frozen Frozen Frozen Frozen Food Misc.
329,173840,84,O-109,Open Door Food Ministry (The Torch Church of God),477469,,FP/GNAP/USDA,FOOD PANTRY-Agency,USDA,N-50-10006,25,0,0,0.0,675,HABERSHAM,0.0,2/3/2024 7:00,2/14/2024 13:16,Price Code 1,TRACTOR TRAILER 1 MOBILE PANTRY,False,Food Bank of Northeast Georgia,01,30531.0,Cornelia,USDA GREEN BEANS,Dry Dry Dry Dry Vegetables
665,175562,6979,C-173,Clarkesville Church of God,478190,,FP/GNAP/USDA,FAITH-BASED-Agency,USDA,C-50-10017,3,0,0,0.0,120,HABERSHAM,0.0,2/21/2024 9:35,2/21/2024 8:54,Price Code 1,CUSTOMER PICKUP,False,Food Bank of Northeast Georgia,01,30523.0,Clarkesville,"USDA 2% MILK, FRESH CCC",Cooled Cooled Cooled Cooled Dairy
560,182182,683,B-133,Ballew House Outreach,484786,,FP/OP/GNAP/USDA,FOOD PANTRY-Agency,BLUE RECEIPT-SHL,W-16-10001,36,0,0,6.48,36,HABERSHAM,0.18,6/13/2024 13:49,6/13/2024 11:52,Price Code 1,CUSTOMER PICKUP,False,Sharing Floor Rabun,02-SH,30510.0,Alto,MISC. FOOD BOX SHL,Dry Dry Dry Dry Food Misc.
623,175869,875,C-171,Clarkesville Soup Kitchen,478497,,OP/USDA,SOUP KITCHEN-Agency,BLUE RECEIPT-SHL,W-04-10000,66,0,0,0.0,66,HABERSHAM,0.0,2/20/2024 11:47,2/20/2024 10:47,Price Code 1,CUSTOMER PICKUP,False,Sharing Floor Rabun,02-SH,30523.0,Clarkesville,"BREAD & BAKERY, ASSORTED SHL",Dry Dry Dry Dry Grains
665,182413,683,C-173,Clarkesville Church of God,485017,,FP/GNAP/USDA,FAITH-BASED-Agency,BLUE RECEIPT-SHL,W-16-10001,248,0,0,44.64,248,HABERSHAM,0.18,6/20/2024 9:35,6/20/2024 8:27,Price Code 1,CUSTOMER PICKUP,False,Sharing Floor Athens,01-SH,30523.0,Clarkesville,MISC. FOOD BOX SHL,Dry Dry Dry Dry Food Misc.
268,179101,688,V-100,Victory Home / Helping Hand,481715,,ON PREMISES (OP),REHAB-Agency,BLUE RECEIPT-SHL,W-01-10000,18,0,0,3.24,18,HABERSHAM,0.18,4/17/2024 13:55,4/17/2024 10:28,Price Code 1,CUSTOMER PICKUP,False,Sharing Floor Rabun,02-SH,30573.0,Tallulah Falls,"ASSORTED NON-FOOD ITEMS, SHL",Dry Dry Dry Dry Non-Food Misc.
649,180418,8997,G-132,Glade Creek Baptist Church,483024,,FP/GNAP/USDA,FAITH-BASED-Agency,USDA,N-50-10312,8,0,0,17.28,96,HABERSHAM,0.18,5/14/2024 8:30,5/14/2024 7:27,Price Code 1,CONTACT FOR DELIVERY,False,Rabun Warehouse,02,30563.0,Mt Airy,USDA CHILI W/ BEANS CCC,Dry Dry Dry Dry Prepared Meals
665,180195,8658,C-173,Clarkesville Church of God,482801,,FP/GNAP/USDA,FAITH-BASED-Agency,YELLOW RECEIPT - SHN,N-25-11893,1,0,0,3.24,18,HABERSHAM,0.18,5/8/2024 10:20,5/8/2024 9:02,Price Code 1,CUSTOMER PICKUP,False,Food Bank of Northeast Georgia,01,30523.0,Clarkesville,KELLOGG WHEAT CRACKER ON TRAYS,Dry Dry Dry Dry Grains
632,175817,8914,H-141,Hazel Creek Baptist Church,478445,,FP/USDA,FOOD PANTRY-Agency,USDA,N-50-10310,4,0,0,19.44,108,HABERSHAM,0.18,2/22/2024 8:32,2/23/2024 7:38,Price Code 1,CUSTOMER PICKUP,False,Rabun Warehouse,02,30563.0,Mt. Airy,USDA DICED POTATOES,Dry Dry Dry Dry Potatoes
665,175966,8914,C-173,Clarkesville Church of God,478594,,FP/GNAP/USDA,FAITH-BASED-Agency,USDA,N-50-10310,1,0,0,4.86,27,HABERSHAM,0.18,3/6/2024 9:35,3/11/2024 9:35,Price Code 1,CUSTOMER PICKUP,False,Food Bank of Northeast Georgia,01,30523.0,Clarkesville,USDA DICED POTATOES,Dry Dry Dry Dry Potatoes
198,176474,2573,S-112,Sharing and Caring - Clarkesville,479098,,FP/GNAP/USDA,FOOD PANTRY-Agency,GNAP,N-40-10204,2,0,0,0.0,38,HABERSHAM,0.0,3/5/2024 13:49,3/5/2024 7:08,Price Code 1,CUSTOMER PICKUP,False,Rabun Warehouse,02,30523.0,Clarkesville,GNAP CHICKEN & RICE SOUP,Dry Dry Dry Dry Prepared Meals
902,176091,690,T-123,"The Lord's Help, Inc.",478718,,ON PREMISES (OP),SOUP KITCHEN-Agency,BLUE RECEIPT-SHL,W-03-10013,253,0,0,0.0,253,HABERSHAM,0.0,2/23/2024 15:19,2/23/2024 10:54,Price Code 1,CUSTOMER PICKUP,False,Sharing Floor Athens,01-SH,30531.0,Cornelia,"ASSORTED BEVERAGES, SHL",Dry Dry Dry Dry Beverages
560,178808,690,B-133,Ballew House Outreach,481422,,FP/OP/GNAP/USDA,FOOD PANTRY-Agency,BLUE RECEIPT-SHL,W-03-10013,28,0,0,0.84,28,HABERSHAM,0.03,4/11/2024 13:49,4/11/2024 11:31,Price Code 1,CUSTOMER PICKUP,False,Sharing Floor Rabun,02-SH,30510.0,Alto,"ASSORTED BEVERAGES, SHL",Dry Dry Dry Dry Beverages
188,180408,9053,S-102,Sharing and Caring - Cornelia,483014,,FP/GNAP/USDA,FOOD PANTRY-Agency,GNAP,N-40-10284,6,0,0,0.0,120,HABERSHAM,0.0,5/15/2024 8:30,5/15/2024 7:19,Price Code 1,CONTACT FOR DELIVERY,False,Rabun Warehouse,02,30531.0,Cornelia,"GNAP 100% VERY BERRY JUICE, SINGLE SERVE",Dry Dry Dry Dry Beverages
198,180763,1045,S-112,Sharing and Caring - Clarkesville,483369,,FP/GNAP/USDA,FOOD PANTRY-Agency,BLUE RECEIPT-SHL,W-25-10009,45,0,0,8.1,45,HABERSHAM,0.18,5/14/2024 13:49,5/14/2024 8:24,Price Code 1,CUSTOMER PICKUP,False,Sharing Floor Rabun,02-SH,30523.0,Clarkesville,"ASSORTED SNACK ITEMS, SHL",Dry Dry Dry Dry Food Misc.
329,179922,800,O-109,Open Door Food Ministry (The Torch Church of God),482533,,FP/GNAP/USDA,FOOD PANTRY-Agency,USDA,N-50-10065,25,0,0,0.0,675,HABERSHAM,0.0,5/4/2024 7:00,5/4/2024 6:01,Price Code 1,TRACTOR TRAILER 1 MOBILE PANTRY,False,Food Bank of Northeast Georgia,01,30531.0,Cornelia,USDA APPLESAUCE,Dry Dry Dry Dry Fruits
198,180855,2202,S-112,Sharing and Caring - Clarkesville,483461,,FP/GNAP/USDA,FOOD PANTRY-Agency,USDA,N-50-10240,5,0,0,19.8,110,HABERSHAM,0.18,5/21/2024 8:30,5/21/2024 8:50,Price Code 1,CUSTOMER PICKUP,False,Rabun Warehouse,02,30523.0,Clarkesville,USDA SPAGHETTI,Dry Dry Dry Dry Grains
902,179511,8974,T-123,"The Lord's Help, Inc.",FAIMPORT482124,,ON PREMISES (OP),SOUP KITCHEN-Agency,BLUE RECEIPT-SHL,MCW-04-10000,130,0,0,0.0,130,HABERSHAM,0.0,4/23/2024 0:00,4/23/2024 0:00,Price Code 1,CUSTOMER PICKUP,False,Food Bank of Northeast Georgia,01,30531.0,Cornelia,"BREAD AND BAKERY, SHL RETAIL PICKUPS",Dry Dry Dry Dry Grains
329,177124,6937,O-109,Open Door Food Ministry (The Torch Church of God),479745,,FP/GNAP/USDA,FOOD PANTRY-Agency,BLUE RECEIPT-SHL,C-28-90385,23,0,0,0.0,1196,HABERSHAM,0.0,3/12/2024 14:23,3/27/2024 10:04,Price Code 1,TRUCK 1 MOBILE PANTRY,False,Food Bank of Northeast Georgia,01,30531.0,Cornelia,CELERY,Cooled Cooled Cooled Cooled Vegetables
329,173462,5772,O-109,Open Door Food Ministry (The Torch Church of God),477091,,FP/GNAP/USDA,FOOD PANTRY-Agency,LOCAL - LL,C-28-10000,1479,0,0,0.0,1479,HABERSHAM,0.0,1/23/2024 14:23,1/23/2024 11:35,Price Code 1,CONTACT FOR DELIVERY,False,Food Bank of Northeast Georgia,01,30531.0,Cornelia,"PRODUCE, FRESH LL",Cooled Cooled Cooled Cooled Mixed Produce
1024,176477,4327,L-119,Life Church Baldwin,479101,,FP/USDA,MOBILE PANTRY-Agency,USDA,N-50-10277,6,0,0,29.16,162,HABERSHAM,0.18,3/8/2024 0:00,3/11/2024 7:54,Price Code 1,CONTACT FOR DELIVERY,False,Rabun Warehouse,02,30511.0,Baldwin,USDA GARBANZO BEANS,Dry Dry Dry Dry Proteins
665,175966,8983,C-173,Clarkesville Church of God,478594,,FP/GNAP/USDA,FAITH-BASED-Agency,BLUE RECEIPT-SHL,F-15-90556,4,0,0,4.32,24,HABERSHAM,0.18,3/6/2024 9:35,3/11/2024 9:35,Price Code 1,CUSTOMER PICKUP,False,Food Bank of Northeast Georgia,01,30523.0,Clarkesville,HORMEL MEAT LOAF W/ TOMATO SAUCE,Frozen Frozen Frozen Frozen Prepared Meals
329,180762,5407,O-109,Open Door Food Ministry (The Torch Church of God),483368,,FP/GNAP/USDA,FOOD PANTRY-Agency,BLUE RECEIPT-SHL,F-15-10000,347,0,0,34.7,347,HABERSHAM,0.1,5/14/2024 14:23,5/14/2024 10:42,Price Code 1,CONTACT FOR DELIVERY,False,Food Bank of Northeast Georgia,01,30531.0,Cornelia,"MEAT & SEAFOOD, FROZEN SHL",Frozen Frozen Frozen Frozen Proteins
665,181451,8783,C-173,Clarkesville Church of God,484055,,FP/GNAP/USDA,FAITH-BASED-Agency,USDA,N-50-10308,1,0,0,4.14,23,HABERSHAM,0.18,6/6/2024 8:00,6/6/2024 9:04,Price Code 1,CUSTOMER PICKUP,False,Food Bank of Northeast Georgia,01,30523.0,Clarkesville,USDA RAISINS,Dry Dry Dry Dry Fruits
188,178101,5960,S-102,Sharing and Caring - Cornelia,480720,,FP/GNAP/USDA,FOOD PANTRY-Agency,BLUE RECEIPT-SHL,C-07-10001,22,0,0,3.96,22,HABERSHAM,0.18,4/1/2024 13:47,4/2/2024 15:10,Price Code 1,CUSTOMER PICKUP,False,Rabun Warehouse,02,30531.0,Cornelia,"DAIRY PRODUCT, ASSORTED SHL",Cooled Cooled Cooled Cooled Dairy
902,182154,8986,T-123,"The Lord's Help, Inc.",FAIMPORT484758,,ON PREMISES (OP),SOUP KITCHEN-Agency,BLUE RECEIPT-SHL,MCW-01-10001,49,0,0,0.0,49,HABERSHAM,0.0,6/11/2024 0:00,6/11/2024 0:00,Price Code 1,CUSTOMER PICKUP,False,Food Bank of Northeast Georgia,01,30531.0,Cornelia,"NON-FOOD ITEMS, SHL RETAIL PICKUPS",Dry Dry Dry Dry Non-Food Misc.
188,175583,5407,S-102,Sharing and Caring - Cornelia,478211,,FP/GNAP/USDA,FOOD PANTRY-Agency,BLUE RECEIPT-SHL,F-15-10000,63,0,0,11.34,63,HABERSHAM,0.18,2/13/2024 13:47,2/13/2024 14:11,Price Code 1,CUSTOMER PICKUP,False,Sharing Floor Athens,01-SH,30531.0,Cornelia,"MEAT & SEAFOOD, FROZEN SHL",Frozen Frozen Frozen Frozen Proteins
665,180400,683,C-173,Clarkesville Church of God,483006,,FP/GNAP/USDA,FAITH-BASED-Agency,BLUE RECEIPT-SHL,W-16-10001,300,0,0,54.0,300,HABERSHAM,0.18,5/8/2024 9:35,5/8/2024 8:38,Price Code 1,CUSTOMER PICKUP,False,Sharing Floor Athens,01-SH,30523.0,Clarkesville,MISC. FOOD BOX SHL,Dry Dry Dry Dry Food Misc.
1024,176477,1521,L-119,Life Church Baldwin,479101,,FP/USDA,MOBILE PANTRY-Agency,USDA,N-50-10104,8,0,0,0.0,200,HABERSHAM,0.0,3/8/2024 0:00,3/11/2024 7:54,Price Code 1,CONTACT FOR DELIVERY,False,Rabun Warehouse,02,30511.0,Baldwin,USDA LENTIL BEANS,Dry Dry Dry Dry Proteins
665,173452,5958,C-173,Clarkesville Church of God,477081,,FP/GNAP/USDA,FAITH-BASED-Agency,BLUE RECEIPT-SHL,C-16-10001,244,0,0,43.92,244,HABERSHAM,0.18,1/23/2024 9:35,1/23/2024 8:37,Price Code 1,CUSTOMER PICKUP,False,Sharing Floor Athens,01-SH,30523.0,Clarkesville,"COOLER FOOD, MISC. SHL",Cooled Cooled Cooled Cooled Food Misc.
268,182199,683,V-100,Victory Home / Helping Hand,484803,,ON PREMISES (OP),REHAB-Agency,BLUE RECEIPT-SHL,W-16-10001,152,0,0,27.36,152,HABERSHAM,0.18,6/14/2024 13:55,6/14/2024 7:08,Price Code 1,CUSTOMER PICKUP,False,Sharing Floor Rabun,02-SH,30573.0,Tallulah Falls,MISC. FOOD BOX SHL,Dry Dry Dry Dry Food Misc.
632,181062,8783,H-141,Hazel Creek Baptist Church,483667,,FP/USDA,FOOD PANTRY-Agency,USDA,N-50-10308,4,0,0,16.56,92,HABERSHAM,0.18,5/22/2024 14:00,5/30/2024 12:36,Price Code 1,CUSTOMER PICKUP,False,Rabun Warehouse,02,30563.0,Mt. Airy,USDA RAISINS,Dry Dry Dry Dry Fruits
665,175966,1230,C-173,Clarkesville Church of God,478594,,FP/GNAP/USDA,FAITH-BASED-Agency,USDA,N-50-10097,2,0,0,2.28,76,HABERSHAM,0.03,3/6/2024 9:35,3/11/2024 9:35,Price Code 1,CUSTOMER PICKUP,False,Food Bank of Northeast Georgia,01,30523.0,Clarkesville,USDA CHERRY APPLE JUICE,Dry Dry Dry Dry Beverages
649,180418,8995,G-132,Glade Creek Baptist Church,483024,,FP/GNAP/USDA,FAITH-BASED-Agency,BLUE RECEIPT-SHL,N-21-10067,8,0,0,7.2,40,HABERSHAM,0.18,5/14/2024 8:30,5/14/2024 7:27,Price Code 1,CONTACT FOR DELIVERY,False,Rabun Warehouse,02,30563.0,Mt Airy,"RAMEN, MARUCHAN SHRIMP",Dry Dry Dry Dry Prepared Meals
665,178129,8997,C-173,Clarkesville Church of God,480748,,FP/GNAP/USDA,FAITH-BASED-Agency,USDA,N-50-10312,3,0,0,6.48,36,HABERSHAM,0.18,4/10/2024 9:35,4/10/2024 9:20,Price Code 1,CUSTOMER PICKUP,False,Food Bank of Northeast Georgia,01,30523.0,Clarkesville,USDA CHILI W/ BEANS CCC,Dry Dry Dry Dry Prepared Meals
665,180195,3943,C-173,Clarkesville Church of God,482801,,FP/GNAP/USDA,FAITH-BASED-Agency,USDA,N-50-10268,4,0,0,4.56,152,HABERSHAM,0.03,5/8/2024 10:20,5/8/2024 9:02,Price Code 1,CUSTOMER PICKUP,False,Food Bank of Northeast Georgia,01,30523.0,Clarkesville,USDA APPLE JUICE,Dry Dry Dry Dry Beverages
987,175214,1791,M-137,Mount Airy Baptist Church,477843,,OP/USDA,EMERGENCY-Agency,USDA,N-50-10079,2,0,0,9.36,52,HABERSHAM,0.18,2/7/2024 11:55,2/7/2024 11:13,Price Code 1,CONTACT FOR DELIVERY,False,Rabun Warehouse,02,30563.0,Mount Airy,USDA WALNUT HALVES AND PIECES,Dry Dry Dry Dry Proteins
869,175960,5388,H-152,Homestead Recovery for Women,478588,,ON PREMISES (OP),REHAB-Agency,BLUE RECEIPT-SHL,F-16-10001,23,0,0,4.14,23,HABERSHAM,0.18,2/21/2024 10:35,2/21/2024 11:32,Price Code 1,CUSTOMER PICKUP,False,Sharing Floor Athens,01-SH,30523.0,Clarkesville,"ASSORTED FROZEN FOODS, SHL",Frozen Frozen Frozen Frozen Food Misc.
665,182413,690,C-173,Clarkesville Church of God,485017,,FP/GNAP/USDA,FAITH-BASED-Agency,BLUE RECEIPT-SHL,W-03-10013,325,0,0,0.0,325,HABERSHAM,0.0,6/20/2024 9:35,6/20/2024 8:27,Price Code 1,CUSTOMER PICKUP,False,Sharing Floor Athens,01-SH,30523.0,Clarkesville,"ASSORTED BEVERAGES, SHL",Dry Dry Dry Dry Beverages
1024,181633,84,L-119,Life Church Baldwin,484237,,FP/USDA,MOBILE PANTRY-Agency,USDA,N-50-10006,5,0,0,24.3,135,HABERSHAM,0.18,6/4/2024 10:00,6/7/2024 7:07,Price Code 1,CUSTOMER PICKUP,False,Rabun Warehouse,02,30511.0,Baldwin,USDA GREEN BEANS,Dry Dry Dry Dry Vegetables
329,181607,1047,O-109,Open Door Food Ministry (The Torch Church of God),484211,,FP/GNAP/USDA,FOOD PANTRY-Agency,USDA,N-50-10041,50,0,0,0.0,2450,HABERSHAM,0.0,5/30/2024 14:23,6/1/2024 9:10,Price Code 1,TRACTOR TRAILER 1 MOBILE PANTRY,False,Food Bank of Northeast Georgia,01,30531.0,Cornelia,USDA RICE,Dry Dry Dry Dry Grains
987,178595,5388,M-137,Mount Airy Baptist Church,481211,,OP/USDA,EMERGENCY-Agency,BLUE RECEIPT-SHL,F-16-10001,42,0,0,7.56,42,HABERSHAM,0.18,4/9/2024 10:46,4/9/2024 11:04,Price Code 1,CONTACT FOR DELIVERY,False,Sharing Floor Rabun,02-SH,30563.0,Mount Airy,"ASSORTED FROZEN FOODS, SHL",Frozen Frozen Frozen Frozen Food Misc.
809,182158,8973,B-123,Breaking Chains Ministries d.b.a Freedom Hill,FAIMPORT484762,,ON PREMISES (OP),REHAB-Agency,BLUE RECEIPT-SHL,MCC-16-10001,2,0,0,0.0,2,HABERSHAM,0.0,6/7/2024 0:00,6/7/2024 0:00,Price Code 1,CUSTOMER PICKUP,False,Food Bank of Northeast Georgia,01,30535.0,Demorest,"COOLER FOOD MISC., SHL RETAIL PICKUP",Dry Dry Dry Dry Food Misc.
198,177524,683,S-112,Sharing and Caring - Clarkesville,480144,,FP/GNAP/USDA,FOOD PANTRY-Agency,BLUE RECEIPT-SHL,W-16-10001,112,0,0,20.16,112,HABERSHAM,0.18,3/19/2024 13:49,3/19/2024 8:32,Price Code 1,CUSTOMER PICKUP,False,Sharing Floor Rabun,02-SH,30523.0,Clarkesville,MISC. FOOD BOX SHL,Dry Dry Dry Dry Food Misc.
1024,173890,84,L-119,Life Church Baldwin,477519,,FP/USDA,MOBILE PANTRY-Agency,USDA,N-50-10006,10,0,0,48.6,270,HABERSHAM,0.18,2/9/2024 8:39,2/9/2024 15:24,Price Code 1,CONTACT FOR DELIVERY,False,Rabun Warehouse,02,30511.0,Baldwin,USDA GREEN BEANS,Dry Dry Dry Dry Vegetables
329,181607,9013,O-109,Open Door Food Ministry (The Torch Church of God),484211,,FP/GNAP/USDA,FOOD PANTRY-Agency,USDA,N-50-10313,25,0,0,0.0,600,HABERSHAM,0.0,5/30/2024 14:23,6/1/2024 9:10,Price Code 1,TRACTOR TRAILER 1 MOBILE PANTRY,False,Food Bank of Northeast Georgia,01,30531.0,Cornelia,USDA LIGHT RED KIDNEY BEANS 24/1LB,Dry Dry Dry Dry Proteins
188,178262,8974,S-102,Sharing and Caring - Cornelia,480878,,FP/GNAP/USDA,FOOD PANTRY-Agency,BLUE RECEIPT-SHL,MCW-04-10000,7,0,0,0.0,7,HABERSHAM,0.0,4/3/2024 13:47,4/3/2024 14:59,Price Code 1,CUSTOMER PICKUP,False,Sharing Floor Athens,01-SH,30531.0,Cornelia,"BREAD AND BAKERY, SHL RETAIL PICKUPS",Dry Dry Dry Dry Grains
623,181363,84,C-171,Clarkesville Soup Kitchen,483967,,OP/USDA,SOUP KITCHEN-Agency,USDA,N-50-10006,6,0,0,29.16,162,HABERSHAM,0.18,6/3/2024 10:00,6/3/2024 10:03,Price Code 1,CUSTOMER PICKUP,False,Rabun Warehouse,02,30523.0,Clarkesville,USDA GREEN BEANS,Dry Dry Dry Dry Vegetables
1024,181633,6676,L-119,Life Church Baldwin,484237,,FP/USDA,MOBILE PANTRY-Agency,USDA,C-50-10009,2,0,0,16.2,90,HABERSHAM,0.18,6/4/2024 10:00,6/7/2024 7:07,Price Code 1,CUSTOMER PICKUP,False,Rabun Warehouse,02,30511.0,Baldwin,"USDA APPLES, FRESH",Cooled Cooled Cooled Cooled Fruits
55,176204,5388,C-116,Circle of Hope,478830,,ON PREMISES (OP),SHELTER-Agency,BLUE RECEIPT-SHL,F-16-10001,21,0,0,3.78,21,HABERSHAM,0.18,2/26/2024 12:27,2/26/2024 11:16,Price Code 1,CUSTOMER PICKUP,False,Sharing Floor Rabun,02-SH,30531.0,Cornelia,"ASSORTED FROZEN FOODS, SHL",Frozen Frozen Frozen Frozen Food Misc.
560,180532,5388,B-133,Ballew House Outreach,483138,,FP/OP/GNAP/USDA,FOOD PANTRY-Agency,BLUE RECEIPT-SHL,F-16-10001,56,0,0,10.08,56,HABERSHAM,0.18,5/9/2024 13:49,5/9/2024 11:36,Price Code 1,CUSTOMER PICKUP,False,Sharing Floor Rabun,02-SH,30510.0,Alto,"ASSORTED FROZEN FOODS, SHL",Frozen Frozen Frozen Frozen Food Misc.
987,175214,7061,M-137,Mount Airy Baptist Church,477843,,OP/USDA,EMERGENCY-Agency,USDA,C-50-10021,2,0,0,8.4,84,HABERSHAM,0.1,2/7/2024 11:55,2/7/2024 11:13,Price Code 1,CONTACT FOR DELIVERY,False,Rabun Warehouse,02,30563.0,Mount Airy,USDA FRESH ORANGES,Cooled Cooled Cooled Cooled Fruits
665,178129,8995,C-173,Clarkesville Church of God,480748,,FP/GNAP/USDA,FAITH-BASED-Agency,BLUE RECEIPT-SHL,N-21-10067,4,0,0,3.6,20,HABERSHAM,0.18,4/10/2024 9:35,4/10/2024 9:20,Price Code 1,CUSTOMER PICKUP,False,Food Bank of Northeast Georgia,01,30523.0,Clarkesville,"RAMEN, MARUCHAN SHRIMP",Dry Dry Dry Dry Prepared Meals
329,178306,1791,O-109,Open Door Food Ministry (The Torch Church of God),480922,,FP/GNAP/USDA,FOOD PANTRY-Agency,USDA,N-50-10079,25,0,0,0.0,650,HABERSHAM,0.0,4/6/2024 7:30,4/16/2024 9:05,Price Code 1,TRACTOR TRAILER 1 MOBILE PANTRY,False,Food Bank of Northeast Georgia,01,30531.0,Cornelia,USDA WALNUT HALVES AND PIECES,Dry Dry Dry Dry Proteins
665,175562,8620,C-173,Clarkesville Church of God,478190,,FP/GNAP/USDA,FAITH-BASED-Agency,GNAP,N-40-10260,2,0,0,0.0,36,HABERSHAM,0.0,2/21/2024 9:35,2/21/2024 8:54,Price Code 1,CUSTOMER PICKUP,False,Food Bank of Northeast Georgia,01,30523.0,Clarkesville,GNAP CREAM OF CHICKEN SOUP,Dry Dry Dry Dry Prepared Meals
987,181920,1674,M-137,Mount Airy Baptist Church,484524,,OP/USDA,EMERGENCY-Agency,USDA,N-50-10073,4,0,0,19.44,108,HABERSHAM,0.18,6/18/2024 0:00,6/18/2024 7:13,Price Code 1,CONTACT FOR DELIVERY,False,Rabun Warehouse,02,30563.0,Mount Airy,USDA TOMATO SAUCE,Dry Dry Dry Dry Vegetables
665,180813,9063,C-173,Clarkesville Church of God,483419,,FP/GNAP/USDA,FAITH-BASED-Agency,LOCAL - LL,N-25-11976,4,0,0,10.08,56,HABERSHAM,0.18,5/22/2024 9:00,5/22/2024 9:20,Price Code 1,CUSTOMER PICKUP,False,Food Bank of Northeast Georgia,01,30523.0,Clarkesville,MINI SOFT BAKED COOKIES LUCKY CHARMS,Dry Dry Dry Dry Food Misc.
809,182210,1045,B-123,Breaking Chains Ministries d.b.a Freedom Hill,484814,,ON PREMISES (OP),REHAB-Agency,BLUE RECEIPT-SHL,W-25-10009,5,0,0,0.9,5,HABERSHAM,0.18,6/14/2024 9:19,6/14/2024 10:05,Price Code 1,CUSTOMER PICKUP,False,Sharing Floor Rabun,02-SH,30535.0,Demorest,"ASSORTED SNACK ITEMS, SHL",Dry Dry Dry Dry Food Misc.
665,172317,8895,C-173,Clarkesville Church of God,475948,,FP/GNAP/USDA,FAITH-BASED-Agency,LOCAL - LL,N-25-11949,3,0,0,1.08,6,HABERSHAM,0.18,1/10/2024 9:35,1/26/2024 8:59,Price Code 1,CUSTOMER PICKUP,False,Food Bank of Northeast Georgia,01,30523.0,Clarkesville,THINFUL BIRTHDAY CAKE SNACK MIX,Dry Dry Dry Dry Food Misc.
665,181905,170,C-173,Clarkesville Church of God,484509,,FP/GNAP/USDA,FAITH-BASED-Agency,USDA,N-50-10007,3,0,0,15.12,84,HABERSHAM,0.18,6/20/2024 8:30,6/25/2024 15:47,Price Code 1,CUSTOMER PICKUP,False,Food Bank of Northeast Georgia,01,30523.0,Clarkesville,"USDA CORN, WHOLE KERNEL NO SALT",Dry Dry Dry Dry Vegetables
198,181866,688,S-112,Sharing and Caring - Clarkesville,484470,,FP/GNAP/USDA,FOOD PANTRY-Agency,BLUE RECEIPT-SHL,W-01-10000,20,0,0,3.6,20,HABERSHAM,0.18,6/4/2024 13:49,6/4/2024 8:36,Price Code 1,CUSTOMER PICKUP,False,Sharing Floor Rabun,02-SH,30523.0,Clarkesville,"ASSORTED NON-FOOD ITEMS, SHL",Dry Dry Dry Dry Non-Food Misc.
198,180855,170,S-112,Sharing and Caring - Clarkesville,483461,,FP/GNAP/USDA,FOOD PANTRY-Agency,USDA,N-50-10007,3,0,0,15.12,84,HABERSHAM,0.18,5/21/2024 8:30,5/21/2024 8:50,Price Code 1,CUSTOMER PICKUP,False,Rabun Warehouse,02,30523.0,Clarkesville,"USDA CORN, WHOLE KERNEL NO SALT",Dry Dry Dry Dry Vegetables
55,180272,875,C-116,Circle of Hope,482878,,ON PREMISES (OP),SHELTER-Agency,BLUE RECEIPT-SHL,W-04-10000,29,0,0,0.0,29,HABERSHAM,0.0,5/6/2024 12:27,5/6/2024 11:18,Price Code 1,CUSTOMER PICKUP,False,Sharing Floor Rabun,02-SH,30531.0,Cornelia,"BREAD & BAKERY, ASSORTED SHL",Dry Dry Dry Dry Grains
188,172931,5388,S-102,Sharing and Caring - Cornelia,476562,,FP/GNAP/USDA,FOOD PANTRY-Agency,BLUE RECEIPT-SHL,F-16-10001,304,0,0,54.72,304,HABERSHAM,0.18,1/11/2024 13:47,1/11/2024 11:02,Price Code 1,CUSTOMER PICKUP,False,Sharing Floor Rabun,02-SH,30531.0,Cornelia,"ASSORTED FROZEN FOODS, SHL",Frozen Frozen Frozen Frozen Food Misc.
1024,173890,8720,L-119,Life Church Baldwin,477519,,FP/USDA,MOBILE PANTRY-Agency,USDA,N-50-10305,18,0,0,45.36,252,HABERSHAM,0.18,2/9/2024 8:39,2/9/2024 15:24,Price Code 1,CONTACT FOR DELIVERY,False,Rabun Warehouse,02,30511.0,Baldwin,USDA MIXED VegetablesCCC,Dry Dry Dry Dry Vegetables
665,178129,8915,C-173,Clarkesville Church of God,480748,,FP/GNAP/USDA,FAITH-BASED-Agency,USDA,F-50-90474,1,0,0,4.0,40,HABERSHAM,0.1,4/10/2024 9:35,4/10/2024 9:20,Price Code 1,CUSTOMER PICKUP,False,Food Bank of Northeast Georgia,01,30523.0,Clarkesville,USDA PACIFIC SALAD SHRIMP,Frozen Frozen Frozen Frozen Proteins
329,179922,8940,O-109,Open Door Food Ministry (The Torch Church of God),482533,,FP/GNAP/USDA,FOOD PANTRY-Agency,BLUE RECEIPT-SHL,C-28-90531,35,0,0,0.0,1820,HABERSHAM,0.0,5/4/2024 7:00,5/4/2024 6:01,Price Code 1,TRACTOR TRAILER 1 MOBILE PANTRY,False,Food Bank of Northeast Georgia,01,30531.0,Cornelia,"CABBAGE, SHL 50#",Cooled Cooled Cooled Cooled Vegetables
188,175185,683,S-102,Sharing and Caring - Cornelia,477814,,FP/GNAP/USDA,FOOD PANTRY-Agency,BLUE RECEIPT-SHL,W-16-10001,76,0,0,13.68,76,HABERSHAM,0.18,2/6/2024 13:47,2/6/2024 9:06,Price Code 1,CUSTOMER PICKUP,False,Sharing Floor Rabun,02-SH,30531.0,Cornelia,MISC. FOOD BOX SHL,Dry Dry Dry Dry Food Misc.
665,177624,50,C-173,Clarkesville Church of God,480244,,FP/GNAP/USDA,FAITH-BASED-Agency,LOCAL - LL,W-16-10002,68,0,0,12.24,68,HABERSHAM,0.18,3/20/2024 9:35,3/20/2024 8:43,Price Code 1,CUSTOMER PICKUP,False,Sharing Floor Athens,01-SH,30523.0,Clarkesville,MISC. FOOD BOX LL,Dry Dry Dry Dry Food Misc.
665,181451,8846,C-173,Clarkesville Church of God,484055,,FP/GNAP/USDA,FAITH-BASED-Agency,BLUE RECEIPT-SHL,N-03-11774,3,0,0,0.0,69,HABERSHAM,0.0,6/6/2024 8:00,6/6/2024 9:04,Price Code 1,CUSTOMER PICKUP,False,Food Bank of Northeast Georgia,01,30523.0,Clarkesville,PURE LEAF UNSWEETENED TEA,Dry Dry Dry Dry Beverages
198,175850,690,S-112,Sharing and Caring - Clarkesville,478478,,FP/GNAP/USDA,FOOD PANTRY-Agency,BLUE RECEIPT-SHL,W-03-10013,125,0,0,3.75,125,HABERSHAM,0.03,2/20/2024 13:49,2/20/2024 8:37,Price Code 1,CUSTOMER PICKUP,False,Sharing Floor Rabun,02-SH,30523.0,Clarkesville,"ASSORTED BEVERAGES, SHL",Dry Dry Dry Dry Beverages
560,181354,690,B-133,Ballew House Outreach,483958,,FP/OP/GNAP/USDA,FOOD PANTRY-Agency,BLUE RECEIPT-SHL,W-03-10013,23,0,0,0.69,23,HABERSHAM,0.03,5/24/2024 13:49,5/24/2024 11:13,Price Code 1,CUSTOMER PICKUP,False,Sharing Floor Rabun,02-SH,30510.0,Alto,"ASSORTED BEVERAGES, SHL",Dry Dry Dry Dry Beverages
869,175281,683,H-152,Homestead Recovery for Women,477910,,ON PREMISES (OP),REHAB-Agency,BLUE RECEIPT-SHL,W-16-10001,101,0,0,18.18,101,HABERSHAM,0.18,2/7/2024 10:35,2/7/2024 11:02,Price Code 1,CUSTOMER PICKUP,False,Sharing Floor Athens,01-SH,30523.0,Clarkesville,MISC. FOOD BOX SHL,Dry Dry Dry Dry Food Misc.
665,178129,7094,C-173,Clarkesville Church of God,480748,,FP/GNAP/USDA,FAITH-BASED-Agency,PURCH,N-21-10056,2,0,0,4.32,24,HABERSHAM,0.18,4/10/2024 9:35,4/10/2024 9:20,Price Code 1,CUSTOMER PICKUP,False,Food Bank of Northeast Georgia,01,30523.0,Clarkesville,MACARONI & CHEESE,Dry Dry Dry Dry Prepared Meals
188,175583,1045,S-102,Sharing and Caring - Cornelia,478211,,FP/GNAP/USDA,FOOD PANTRY-Agency,BLUE RECEIPT-SHL,W-25-10009,90,0,0,16.2,90,HABERSHAM,0.18,2/13/2024 13:47,2/13/2024 14:11,Price Code 1,CUSTOMER PICKUP,False,Sharing Floor Athens,01-SH,30531.0,Cornelia,"ASSORTED SNACK ITEMS, SHL",Dry Dry Dry Dry Food Misc.
1024,176477,4449,L-119,Life Church Baldwin,479101,,FP/USDA,MOBILE PANTRY-Agency,USDA,F-50-90445,20,0,0,82.0,820,HABERSHAM,0.1,3/8/2024 0:00,3/11/2024 7:54,Price Code 1,CONTACT FOR DELIVERY,False,Rabun Warehouse,02,30511.0,Baldwin,USDA FULLY COOKED PULLED PORK CCC,Frozen Frozen Frozen Frozen Proteins
809,182159,8970,B-123,Breaking Chains Ministries d.b.a Freedom Hill,FAIMPORT484763,,ON PREMISES (OP),REHAB-Agency,BLUE RECEIPT-SHL,MCW-16-10001,28,0,0,0.0,28,HABERSHAM,0.0,6/10/2024 0:00,6/10/2024 0:00,Price Code 1,CUSTOMER PICKUP,False,Food Bank of Northeast Georgia,01,30535.0,Demorest,"MISC. FOOD BOX, SHL RETAIL PICKUP",Dry Dry Dry Dry Food Misc.
649,177201,8975,G-132,Glade Creek Baptist Church,FAIMPORT479821,,FP/GNAP/USDA,FAITH-BASED-Agency,BLUE RECEIPT-SHL,MCC-07-10001,175,0,0,0.0,175,HABERSHAM,0.0,3/12/2024 0:00,3/12/2024 0:00,Price Code 1,CUSTOMER PICKUP,False,Food Bank of Northeast Georgia,01,30563.0,Mt Airy,"DAIRY PRODUCTS, SHL RETAIL PICKUPS",Dry Dry Dry Dry Dairy
665,175966,8959,C-173,Clarkesville Church of God,478594,,FP/GNAP/USDA,FAITH-BASED-Agency,YELLOW RECEIPT - SHN,N-25-11958,4,0,0,5.76,32,HABERSHAM,0.18,3/6/2024 9:35,3/11/2024 9:35,Price Code 1,CUSTOMER PICKUP,False,Food Bank of Northeast Georgia,01,30523.0,Clarkesville,RITZ CRACKERS FAMILY SIZE,Dry Dry Dry Dry Grains
198,180763,690,S-112,Sharing and Caring - Clarkesville,483369,,FP/GNAP/USDA,FOOD PANTRY-Agency,BLUE RECEIPT-SHL,W-03-10013,32,0,0,0.96,32,HABERSHAM,0.03,5/14/2024 13:49,5/14/2024 8:24,Price Code 1,CUSTOMER PICKUP,False,Sharing Floor Rabun,02-SH,30523.0,Clarkesville,"ASSORTED BEVERAGES, SHL",Dry Dry Dry Dry Beverages
198,181329,8783,S-112,Sharing and Caring - Clarkesville,483933,,FP/GNAP/USDA,FOOD PANTRY-Agency,USDA,N-50-10308,2,0,0,8.28,46,HABERSHAM,0.18,5/29/2024 9:00,5/29/2024 7:05,Price Code 1,CUSTOMER PICKUP,False,Rabun Warehouse,02,30523.0,Clarkesville,USDA RAISINS,Dry Dry Dry Dry Fruits
665,175562,8719,C-173,Clarkesville Church of God,478190,,FP/GNAP/USDA,FAITH-BASED-Agency,GNAP,N-40-10265,2,0,0,0.0,26,HABERSHAM,0.0,2/21/2024 9:35,2/21/2024 8:54,Price Code 1,CUSTOMER PICKUP,False,Food Bank of Northeast Georgia,01,30523.0,Clarkesville,GNAP MINI BEEF RAVIOLI,Dry Dry Dry Dry Prepared Meals
987,178595,683,M-137,Mount Airy Baptist Church,481211,,OP/USDA,EMERGENCY-Agency,BLUE RECEIPT-SHL,W-16-10001,53,0,0,9.54,53,HABERSHAM,0.18,4/9/2024 10:46,4/9/2024 11:04,Price Code 1,CONTACT FOR DELIVERY,False,Sharing Floor Rabun,02-SH,30563.0,Mount Airy,MISC. FOOD BOX SHL,Dry Dry Dry Dry Food Misc.
329,178306,842,O-109,Open Door Food Ministry (The Torch Church of God),480922,,FP/GNAP/USDA,FOOD PANTRY-Agency,USDA,N-50-10021,25,0,0,0.0,675,HABERSHAM,0.0,4/6/2024 7:30,4/16/2024 9:05,Price Code 1,TRACTOR TRAILER 1 MOBILE PANTRY,False,Food Bank of Northeast Georgia,01,30531.0,Cornelia,USDA DICED TOMATOES NO SALT CCC,Dry Dry Dry Dry Vegetables
938,173847,683,F-142,First Presbyterian Church of Cornelia,477476,,FP/GNAP/USDA,MOBILE PANTRY-Agency,BLUE RECEIPT-SHL,W-16-10001,1781,0,0,0.0,1781,HABERSHAM,0.0,1/30/2024 13:41,2/5/2024 9:32,Price Code 1,CUSTOMER PICKUP,False,Sharing Floor Rabun,02-SH,30531.0,Cornelia,MISC. FOOD BOX SHL,Dry Dry Dry Dry Food Misc.
188,178262,696,S-102,Sharing and Caring - Cornelia,480878,,FP/GNAP/USDA,FOOD PANTRY-Agency,LOCAL - LL,W-25-10000,115,0,0,20.7,115,HABERSHAM,0.18,4/3/2024 13:47,4/3/2024 14:59,Price Code 1,CUSTOMER PICKUP,False,Sharing Floor Athens,01-SH,30531.0,Cornelia,"ASSORTED SNACK ITEMS, LL",Dry Dry Dry Dry Food Misc.
329,178306,4448,O-109,Open Door Food Ministry (The Torch Church of God),480922,,FP/GNAP/USDA,FOOD PANTRY-Agency,USDA,F-50-90446,54,0,0,0.0,1512,HABERSHAM,0.0,4/6/2024 7:30,4/16/2024 9:05,Price Code 1,TRACTOR TRAILER 1 MOBILE PANTRY,False,Food Bank of Northeast Georgia,01,30531.0,Cornelia,USDA FROZEN STRAWBERRY FRUIT CUPS,Frozen Frozen Frozen Frozen Fruits
329,175298,8720,O-109,Open Door Food Ministry (The Torch Church of God),477927,,FP/GNAP/USDA,FOOD PANTRY-Agency,USDA,N-50-10305,20,0,0,50.4,280,HABERSHAM,0.18,2/12/2024 14:23,2/12/2024 8:10,Price Code 1,CONTACT FOR DELIVERY,False,Rabun Warehouse,02,30531.0,Cornelia,USDA MIXED VegetablesCCC,Dry Dry Dry Dry Vegetables
987,179544,50,M-137,Mount Airy Baptist Church,482157,,OP/USDA,EMERGENCY-Agency,LOCAL - LL,W-16-10002,13,0,0,2.34,13,HABERSHAM,0.18,4/24/2024 9:43,4/24/2024 9:43,Price Code 1,CONTACT FOR DELIVERY,False,Sharing Floor Rabun,02-SH,30563.0,Mount Airy,MISC. FOOD BOX LL,Dry Dry Dry Dry Food Misc.
665,181905,7083,C-173,Clarkesville Church of God,484509,,FP/GNAP/USDA,FAITH-BASED-Agency,USDA,C-50-10029,2,0,0,4.32,24,HABERSHAM,0.18,6/20/2024 8:30,6/25/2024 15:47,Price Code 1,CUSTOMER PICKUP,False,Food Bank of Northeast Georgia,01,30523.0,Clarkesville,"USDA MILD CHEDDAR CHEESE, BLOCK CCC",Cooled Cooled Cooled Cooled Dairy
665,172317,8720,C-173,Clarkesville Church of God,475948,,FP/GNAP/USDA,FAITH-BASED-Agency,USDA,N-50-10305,3,0,0,7.56,42,HABERSHAM,0.18,1/10/2024 9:35,1/26/2024 8:59,Price Code 1,CUSTOMER PICKUP,False,Food Bank of Northeast Georgia,01,30523.0,Clarkesville,USDA MIXED VegetablesCCC,Dry Dry Dry Dry Vegetables
665,180195,9034,C-173,Clarkesville Church of God,482801,,FP/GNAP/USDA,FAITH-BASED-Agency,GNAP,N-40-10271,2,0,0,0.0,24,HABERSHAM,0.0,5/8/2024 10:20,5/8/2024 9:02,Price Code 1,CUSTOMER PICKUP,False,Food Bank of Northeast Georgia,01,30523.0,Clarkesville,"GNAP MIX BERRY YOGURT, SHELF STABLE BACKPACK",Dry Dry Dry Dry Dairy
938,180187,5388,F-142,First Presbyterian Church of Cornelia,482793,,FP/GNAP/USDA,MOBILE PANTRY-Agency,BLUE RECEIPT-SHL,F-16-10001,1600,0,0,0.0,1600,HABERSHAM,0.0,5/3/2024 15:01,5/6/2024 8:56,Price Code 1,CUSTOMER PICKUP,False,Sharing Floor Rabun,02-SH,30531.0,Cornelia,"ASSORTED FROZEN FOODS, SHL",Frozen Frozen Frozen Frozen Food Misc.
649,172555,1791,G-132,Glade Creek Baptist Church,476186,,FP/GNAP/USDA,FAITH-BASED-Agency,USDA,N-50-10079,2,0,0,9.36,52,HABERSHAM,0.18,1/9/2024 9:25,1/9/2024 14:55,Price Code 1,CONTACT FOR DELIVERY,False,Rabun Warehouse,02,30563.0,Mt Airy,USDA WALNUT HALVES AND PIECES,Dry Dry Dry Dry Proteins
665,180195,7202,C-173,Clarkesville Church of God,482801,,FP/GNAP/USDA,FAITH-BASED-Agency,GNAP,N-40-10242,10,0,0,0.0,160,HABERSHAM,0.0,5/8/2024 10:20,5/8/2024 9:02,Price Code 1,CUSTOMER PICKUP,False,Food Bank of Northeast Georgia,01,30523.0,Clarkesville,GNAP STRAWBERRY JELLY,Dry Dry Dry Dry Food Misc.
198,178578,5388,S-112,Sharing and Caring - Clarkesville,481194,,FP/GNAP/USDA,FOOD PANTRY-Agency,BLUE RECEIPT-SHL,F-16-10001,74,0,0,13.32,74,HABERSHAM,0.18,4/9/2024 13:49,4/9/2024 8:43,Price Code 1,CUSTOMER PICKUP,False,Sharing Floor Rabun,02-SH,30523.0,Clarkesville,"ASSORTED FROZEN FOODS, SHL",Frozen Frozen Frozen Frozen Food Misc.
55,179848,50,C-116,Circle of Hope,482459,,ON PREMISES (OP),SHELTER-Agency,LOCAL - LL,W-16-10002,81,0,0,14.58,81,HABERSHAM,0.18,4/30/2024 12:27,4/30/2024 8:39,Price Code 1,CUSTOMER PICKUP,False,Sharing Floor Rabun,02-SH,30531.0,Cornelia,MISC. FOOD BOX LL,Dry Dry Dry Dry Food Misc.
329,179922,84,O-109,Open Door Food Ministry (The Torch Church of God),482533,,FP/GNAP/USDA,FOOD PANTRY-Agency,USDA,N-50-10006,25,0,0,0.0,675,HABERSHAM,0.0,5/4/2024 7:00,5/4/2024 6:01,Price Code 1,TRACTOR TRAILER 1 MOBILE PANTRY,False,Food Bank of Northeast Georgia,01,30531.0,Cornelia,USDA GREEN BEANS,Dry Dry Dry Dry Vegetables
649,176822,8975,G-132,Glade Creek Baptist Church,FAIMPORT479444,,FP/GNAP/USDA,FAITH-BASED-Agency,BLUE RECEIPT-SHL,MCC-07-10001,581,0,0,0.0,581,HABERSHAM,0.0,3/5/2024 0:00,3/5/2024 0:00,Price Code 1,CUSTOMER PICKUP,False,Food Bank of Northeast Georgia,01,30563.0,Mt Airy,"DAIRY PRODUCTS, SHL RETAIL PICKUPS",Dry Dry Dry Dry Dairy
329,181124,6780,O-109,Open Door Food Ministry (The Torch Church of God),483729,,FP/GNAP/USDA,FOOD PANTRY-Agency,USDA,C-50-10024,42,0,0,0.0,1806,HABERSHAM,0.0,5/21/2024 14:23,5/22/2024 7:11,Price Code 1,CONTACT FOR DELIVERY,False,Food Bank of Northeast Georgia,01,30531.0,Cornelia,USDA APPLES,Cooled Cooled Cooled Cooled Fruits
902,172939,690,T-123,"The Lord's Help, Inc.",476570,,ON PREMISES (OP),SOUP KITCHEN-Agency,BLUE RECEIPT-SHL,W-03-10013,155,0,0,0.0,155,HABERSHAM,0.0,1/11/2024 15:19,1/11/2024 11:43,Price Code 1,CUSTOMER PICKUP,False,Sharing Floor Athens,01-SH,30531.0,Cornelia,"ASSORTED BEVERAGES, SHL",Dry Dry Dry Dry Beverages
329,179922,8962,O-109,Open Door Food Ministry (The Torch Church of God),482533,,FP/GNAP/USDA,FOOD PANTRY-Agency,BLUE RECEIPT-SHL,C-28-90539,29,0,0,0.0,1508,HABERSHAM,0.0,5/4/2024 7:00,5/4/2024 6:01,Price Code 1,TRACTOR TRAILER 1 MOBILE PANTRY,False,Food Bank of Northeast Georgia,01,30531.0,Cornelia,"TURNIPS, SHL",Cooled Cooled Cooled Cooled Vegetables
902,179511,8975,T-123,"The Lord's Help, Inc.",FAIMPORT482124,,ON PREMISES (OP),SOUP KITCHEN-Agency,BLUE RECEIPT-SHL,MCC-07-10001,19,0,0,0.0,19,HABERSHAM,0.0,4/23/2024 0:00,4/23/2024 0:00,Price Code 1,CUSTOMER PICKUP,False,Food Bank of Northeast Georgia,01,30531.0,Cornelia,"DAIRY PRODUCTS, SHL RETAIL PICKUPS",Dry Dry Dry Dry Dairy
665,181905,9083,C-173,Clarkesville Church of God,484509,,FP/GNAP/USDA,FAITH-BASED-Agency,GNAP,N-40-10288,2,0,0,0.0,24,HABERSHAM,0.0,6/20/2024 8:30,6/25/2024 15:47,Price Code 1,CUSTOMER PICKUP,False,Food Bank of Northeast Georgia,01,30523.0,Clarkesville,GNAP HONEY ROASTED SUNFLOWER SEED KERNALS,Dry Dry Dry Dry Proteins
1024,172708,2862,L-119,Life Church Baldwin,476339,,FP/USDA,MOBILE PANTRY-Agency,USDA,N-50-10115,9,0,0,43.74,243,HABERSHAM,0.18,1/11/2024 10:01,1/12/2024 14:52,Price Code 1,CONTACT FOR DELIVERY,False,Rabun Warehouse,02,30511.0,Baldwin,USDA DARK RED KIDNEY BEANS CCC,Dry Dry Dry Dry Proteins
665,173642,5088,C-173,Clarkesville Church of God,477271,,FP/GNAP/USDA,FAITH-BASED-Agency,USDA,F-50-90023,2,0,0,0.0,50,HABERSHAM,0.0,2/7/2024 9:35,2/7/2024 9:17,Price Code 1,CUSTOMER PICKUP,False,Food Bank of Northeast Georgia,01,30523.0,Clarkesville,USDA FROZEN PEACHES CCC,Frozen Frozen Frozen Frozen Fruits
809,181701,683,B-123,Breaking Chains Ministries d.b.a Freedom Hill,484305,,ON PREMISES (OP),REHAB-Agency,BLUE RECEIPT-SHL,W-16-10001,206,0,0,37.08,206,HABERSHAM,0.18,5/31/2024 9:19,5/31/2024 14:54,Price Code 1,CUSTOMER PICKUP,False,Sharing Floor Rabun,02-SH,30535.0,Demorest,MISC. FOOD BOX SHL,Dry Dry Dry Dry Food Misc.
665,178129,8907,C-173,Clarkesville Church of God,480748,,FP/GNAP/USDA,FAITH-BASED-Agency,GNAP,N-40-10267,2,0,0,0.0,26,HABERSHAM,0.0,4/10/2024 9:35,4/10/2024 9:20,Price Code 1,CUSTOMER PICKUP,False,Food Bank of Northeast Georgia,01,30523.0,Clarkesville,GNAP SPAGHETTI W/ MEATBALLS,Dry Dry Dry Dry Prepared Meals
665,181451,7202,C-173,Clarkesville Church of God,484055,,FP/GNAP/USDA,FAITH-BASED-Agency,GNAP,N-40-10242,2,0,0,0.0,32,HABERSHAM,0.0,6/6/2024 8:00,6/6/2024 9:04,Price Code 1,CUSTOMER PICKUP,False,Food Bank of Northeast Georgia,01,30523.0,Clarkesville,GNAP STRAWBERRY JELLY,Dry Dry Dry Dry Food Misc.
809,182941,8972,B-123,Breaking Chains Ministries d.b.a Freedom Hill,FAIMPORT485542,,ON PREMISES (OP),REHAB-Agency,BLUE RECEIPT-SHL,MCF-15-10000,22,0,0,0.0,22,HABERSHAM,0.0,6/28/2024 0:00,6/28/2024 0:00,Price Code 1,CUSTOMER PICKUP,False,Food Bank of Northeast Georgia,01,30535.0,Demorest,"FROZEN MEAT & SEAFOOD, SHL RETAIL PICKUP",Dry Dry Dry Dry Proteins
268,178661,875,V-100,Victory Home / Helping Hand,481277,,ON PREMISES (OP),REHAB-Agency,BLUE RECEIPT-SHL,W-04-10000,34,0,0,0.0,34,HABERSHAM,0.0,4/10/2024 13:55,4/10/2024 10:31,Price Code 1,CUSTOMER PICKUP,False,Sharing Floor Rabun,02-SH,30573.0,Tallulah Falls,"BREAD & BAKERY, ASSORTED SHL",Dry Dry Dry Dry Grains
632,181634,688,H-141,Hazel Creek Baptist Church,484238,,FP/USDA,FOOD PANTRY-Agency,BLUE RECEIPT-SHL,W-01-10000,20,0,0,3.6,20,HABERSHAM,0.18,5/30/2024 8:32,5/30/2024 13:02,Price Code 1,CUSTOMER PICKUP,False,Sharing Floor Rabun,02-SH,30563.0,Mt. Airy,"ASSORTED NON-FOOD ITEMS, SHL",Dry Dry Dry Dry Non-Food Misc.
665,181451,6936,C-173,Clarkesville Church of God,484055,,FP/GNAP/USDA,FAITH-BASED-Agency,BLUE RECEIPT-SHL,C-28-90388,2,0,0,0.0,60,HABERSHAM,0.0,6/6/2024 8:00,6/6/2024 9:04,Price Code 1,CUSTOMER PICKUP,False,Food Bank of Northeast Georgia,01,30523.0,Clarkesville,PEACHES,Cooled Cooled Cooled Cooled Fruits
665,175933,5938,C-173,Clarkesville Church of God,478561,,FP/GNAP/USDA,FAITH-BASED-Agency,BLUE RECEIPT-SHL,C-28-10001,46,0,0,1.38,46,HABERSHAM,0.03,2/21/2024 9:35,2/21/2024 8:34,Price Code 1,CUSTOMER PICKUP,False,Sharing Floor Athens,01-SH,30523.0,Clarkesville,"PRODUCE, FRESH SHL",Cooled Cooled Cooled Cooled Mixed Produce
665,175966,8873,C-173,Clarkesville Church of God,478594,,FP/GNAP/USDA,FAITH-BASED-Agency,YELLOW RECEIPT - SHN,F-10-10001,2,0,0,0.18,6,HABERSHAM,0.03,3/6/2024 9:35,3/11/2024 9:35,Price Code 1,CUSTOMER PICKUP,False,Food Bank of Northeast Georgia,01,30523.0,Clarkesville,OUTSHINE STRAWBERRY BANANA SMOOTHIE CUBES,Frozen Frozen Frozen Frozen Beverages
665,178999,170,C-173,Clarkesville Church of God,481613,,FP/GNAP/USDA,FAITH-BASED-Agency,USDA,N-50-10007,2,0,0,10.08,56,HABERSHAM,0.18,4/24/2024 9:35,4/24/2024 8:54,Price Code 1,CUSTOMER PICKUP,False,Food Bank of Northeast Georgia,01,30523.0,Clarkesville,"USDA CORN, WHOLE KERNEL NO SALT",Dry Dry Dry Dry Vegetables
750,179974,875,C-176,Cornelia United Methodist Church,482583,,FP/OP,FOOD PANTRY-Agency,BLUE RECEIPT-SHL,W-04-10000,48,0,0,0.0,48,HABERSHAM,0.0,5/6/2024 12:32,5/6/2024 10:07,Price Code 1,CUSTOMER PICKUP,False,Sharing Floor Rabun,02-SH,30531.0,Cornelia,"BREAD & BAKERY, ASSORTED SHL",Dry Dry Dry Dry Grains
198,177656,3139,S-112,Sharing and Caring - Clarkesville,480276,,FP/GNAP/USDA,FOOD PANTRY-Agency,USDA,N-50-10290,1,0,0,4.5,25,HABERSHAM,0.18,3/26/2024 13:49,3/26/2024 8:12,Price Code 1,CUSTOMER PICKUP,False,Rabun Warehouse,02,30523.0,Clarkesville,USDA WHOLE ALMONDS DRY ROASTED,Dry Dry Dry Dry Proteins
665,178999,7083,C-173,Clarkesville Church of God,481613,,FP/GNAP/USDA,FAITH-BASED-Agency,USDA,C-50-10029,4,0,0,8.64,48,HABERSHAM,0.18,4/24/2024 9:35,4/24/2024 8:54,Price Code 1,CUSTOMER PICKUP,False,Food Bank of Northeast Georgia,01,30523.0,Clarkesville,"USDA MILD CHEDDAR CHEESE, BLOCK CCC",Cooled Cooled Cooled Cooled Dairy
665,175966,8957,C-173,Clarkesville Church of God,478594,,FP/GNAP/USDA,FAITH-BASED-Agency,YELLOW RECEIPT - SHN,N-25-11956,5,0,0,3.6,20,HABERSHAM,0.18,3/6/2024 9:35,3/11/2024 9:35,Price Code 1,CUSTOMER PICKUP,False,Food Bank of Northeast Georgia,01,30523.0,Clarkesville,HONEYMAID GRAHAM CRACKERS,Dry Dry Dry Dry Grains
329,173840,3139,O-109,Open Door Food Ministry (The Torch Church of God),477469,,FP/GNAP/USDA,FOOD PANTRY-Agency,USDA,N-50-10290,50,0,0,0.0,1250,HABERSHAM,0.0,2/3/2024 7:00,2/14/2024 13:16,Price Code 1,TRACTOR TRAILER 1 MOBILE PANTRY,False,Food Bank of Northeast Georgia,01,30531.0,Cornelia,USDA WHOLE ALMONDS DRY ROASTED,Dry Dry Dry Dry Proteins
198,176636,1674,S-112,Sharing and Caring - Clarkesville,479259,,FP/GNAP/USDA,FOOD PANTRY-Agency,USDA,N-50-10073,2,0,0,9.72,54,HABERSHAM,0.18,3/12/2024 13:49,3/12/2024 8:16,Price Code 1,CUSTOMER PICKUP,False,Rabun Warehouse,02,30523.0,Clarkesville,USDA TOMATO SAUCE,Dry Dry Dry Dry Vegetables
268,179957,5938,V-100,Victory Home / Helping Hand,482566,,ON PREMISES (OP),REHAB-Agency,BLUE RECEIPT-SHL,C-28-10001,32,0,0,0.96,32,HABERSHAM,0.03,5/1/2024 13:55,5/1/2024 10:57,Price Code 1,CUSTOMER PICKUP,False,Sharing Floor Rabun,02-SH,30573.0,Tallulah Falls,"PRODUCE, FRESH SHL",Cooled Cooled Cooled Cooled Mixed Produce
556,179247,5388,P-123,"Pilgrim Ministries, Inc.",481860,,ON PREMISES (OP),REHAB-Agency,BLUE RECEIPT-SHL,F-16-10001,93,0,0,16.74,93,HABERSHAM,0.18,4/19/2024 14:14,4/19/2024 9:08,Price Code 1,CUSTOMER PICKUP,False,Sharing Floor Rabun,02-SH,30523.0,Clarkesville,"ASSORTED FROZEN FOODS, SHL",Frozen Frozen Frozen Frozen Food Misc.
329,180343,5388,O-109,Open Door Food Ministry (The Torch Church of God),482949,,FP/GNAP/USDA,FOOD PANTRY-Agency,BLUE RECEIPT-SHL,F-16-10001,436,0,0,0.0,436,HABERSHAM,0.0,5/7/2024 14:23,5/7/2024 10:56,Price Code 1,CUSTOMER PICKUP,False,Food Bank of Northeast Georgia,01,30531.0,Cornelia,"ASSORTED FROZEN FOODS, SHL",Frozen Frozen Frozen Frozen Food Misc.
198,178578,690,S-112,Sharing and Caring - Clarkesville,481194,,FP/GNAP/USDA,FOOD PANTRY-Agency,BLUE RECEIPT-SHL,W-03-10013,36,0,0,1.08,36,HABERSHAM,0.03,4/9/2024 13:49,4/9/2024 8:43,Price Code 1,CUSTOMER PICKUP,False,Sharing Floor Rabun,02-SH,30523.0,Clarkesville,"ASSORTED BEVERAGES, SHL",Dry Dry Dry Dry Beverages
329,173105,8676,O-109,Open Door Food Ministry (The Torch Church of God),476735,,FP/GNAP/USDA,FOOD PANTRY-Agency,LOCAL - LL,C-88-10000,6000,0,0,0.0,6000,HABERSHAM,0.0,1/16/2024 14:23,1/16/2024 10:03,Price Code 1,TRUCK 1,False,Food Bank of Northeast Georgia,01,30531.0,Cornelia,"LFPA PRODUCE, MISC",Cooled Cooled Cooled Cooled Mixed Produce
329,181607,6351,O-109,Open Door Food Ministry (The Torch Church of God),484211,,FP/GNAP/USDA,FOOD PANTRY-Agency,BLUE RECEIPT-SHL,C-28-90163,35,0,0,0.0,1750,HABERSHAM,0.0,5/30/2024 14:23,6/1/2024 9:10,Price Code 1,TRACTOR TRAILER 1 MOBILE PANTRY,False,Food Bank of Northeast Georgia,01,30531.0,Cornelia,YUKON GOLD POTATOES,Cooled Cooled Cooled Cooled Potatoes
55,176615,683,C-116,Circle of Hope,479239,,ON PREMISES (OP),SHELTER-Agency,BLUE RECEIPT-SHL,W-16-10001,125,0,0,22.5,125,HABERSHAM,0.18,3/4/2024 12:27,3/4/2024 10:59,Price Code 1,CUSTOMER PICKUP,False,Sharing Floor Rabun,02-SH,30531.0,Cornelia,MISC. FOOD BOX SHL,Dry Dry Dry Dry Food Misc.
329,175298,8620,O-109,Open Door Food Ministry (The Torch Church of God),477927,,FP/GNAP/USDA,FOOD PANTRY-Agency,GNAP,N-40-10260,30,0,0,54.0,540,HABERSHAM,0.1,2/12/2024 14:23,2/12/2024 8:10,Price Code 1,CONTACT FOR DELIVERY,False,Rabun Warehouse,02,30531.0,Cornelia,GNAP CREAM OF CHICKEN SOUP,Dry Dry Dry Dry Prepared Meals
902,172939,875,T-123,"The Lord's Help, Inc.",476570,,ON PREMISES (OP),SOUP KITCHEN-Agency,BLUE RECEIPT-SHL,W-04-10000,30,0,0,0.0,30,HABERSHAM,0.0,1/11/2024 15:19,1/11/2024 11:43,Price Code 1,CUSTOMER PICKUP,False,Sharing Floor Athens,01-SH,30531.0,Cornelia,"BREAD & BAKERY, ASSORTED SHL",Dry Dry Dry Dry Grains
188,177723,5407,S-102,Sharing and Caring - Cornelia,480342,,FP/GNAP/USDA,FOOD PANTRY-Agency,BLUE RECEIPT-SHL,F-15-10000,88,0,0,15.84,88,HABERSHAM,0.18,3/21/2024 13:47,3/21/2024 11:12,Price Code 1,CUSTOMER PICKUP,False,Sharing Floor Athens,01-SH,30531.0,Cornelia,"MEAT & SEAFOOD, FROZEN SHL",Frozen Frozen Frozen Frozen Proteins
188,173010,170,S-102,Sharing and Caring - Cornelia,476640,,FP/GNAP/USDA,FOOD PANTRY-Agency,USDA,N-50-10007,5,0,0,25.2,140,HABERSHAM,0.18,1/19/2024 9:00,1/19/2024 7:01,Price Code 1,CONTACT FOR DELIVERY,False,Rabun Warehouse,02,30531.0,Cornelia,"USDA CORN, WHOLE KERNEL NO SALT",Dry Dry Dry Dry Vegetables
188,180874,170,S-102,Sharing and Caring - Cornelia,483480,,FP/GNAP/USDA,FOOD PANTRY-Agency,USDA,N-50-10007,6,0,0,30.24,168,HABERSHAM,0.18,5/30/2024 11:00,5/30/2024 7:14,Price Code 1,CONTACT FOR DELIVERY,False,Rabun Warehouse,02,30531.0,Cornelia,"USDA CORN, WHOLE KERNEL NO SALT",Dry Dry Dry Dry Vegetables
1024,172708,4676,L-119,Life Church Baldwin,476339,,FP/USDA,MOBILE PANTRY-Agency,USDA,F-50-90031,12,0,0,8.64,288,HABERSHAM,0.03,1/11/2024 10:01,1/12/2024 14:52,Price Code 1,CONTACT FOR DELIVERY,False,Rabun Warehouse,02,30511.0,Baldwin,USDA FROZEN BLUEBERRIES CCC,Frozen Frozen Frozen Frozen Fruits
198,182484,6676,S-112,Sharing and Caring - Clarkesville,485088,,FP/GNAP/USDA,FOOD PANTRY-Agency,USDA,C-50-10009,3,0,0,24.3,135,HABERSHAM,0.18,6/26/2024 8:30,7/2/2024 7:10,Price Code 1,CUSTOMER PICKUP,False,Rabun Warehouse,02,30523.0,Clarkesville,"USDA APPLES, FRESH",Cooled Cooled Cooled Cooled Fruits
750,177250,5388,C-176,Cornelia United Methodist Church,479870,,FP/OP,FOOD PANTRY-Agency,BLUE RECEIPT-SHL,F-16-10001,41,0,0,7.38,41,HABERSHAM,0.18,3/13/2024 12:32,3/13/2024 13:39,Price Code 1,CUSTOMER PICKUP,False,Sharing Floor Rabun,02-SH,30531.0,Cornelia,"ASSORTED FROZEN FOODS, SHL",Frozen Frozen Frozen Frozen Food Misc.
665,173642,8915,C-173,Clarkesville Church of God,477271,,FP/GNAP/USDA,FAITH-BASED-Agency,USDA,F-50-90474,1,0,0,7.2,40,HABERSHAM,0.18,2/7/2024 9:35,2/7/2024 9:17,Price Code 1,CUSTOMER PICKUP,False,Food Bank of Northeast Georgia,01,30523.0,Clarkesville,USDA PACIFIC SALAD SHRIMP,Frozen Frozen Frozen Frozen Proteins
198,181421,690,S-112,Sharing and Caring - Clarkesville,484025,,FP/GNAP/USDA,FOOD PANTRY-Agency,BLUE RECEIPT-SHL,W-03-10013,66,0,0,1.98,66,HABERSHAM,0.03,5/28/2024 13:49,5/28/2024 8:39,Price Code 1,CUSTOMER PICKUP,False,Sharing Floor Rabun,02-SH,30523.0,Clarkesville,"ASSORTED BEVERAGES, SHL",Dry Dry Dry Dry Beverages
268,177224,5938,V-100,Victory Home / Helping Hand,479844,,ON PREMISES (OP),REHAB-Agency,BLUE RECEIPT-SHL,C-28-10001,98,0,0,2.94,98,HABERSHAM,0.03,3/13/2024 22:15,3/13/2024 10:21,Price Code 1,CUSTOMER PICKUP,False,Sharing Floor Rabun,02-SH,30573.0,Tallulah Falls,"PRODUCE, FRESH SHL",Cooled Cooled Cooled Cooled Mixed Produce
1024,177607,3139,L-119,Life Church Baldwin,480227,,FP/USDA,MOBILE PANTRY-Agency,USDA,N-50-10290,9,0,0,40.5,225,HABERSHAM,0.18,4/11/2024 19:36,4/12/2024 15:36,Price Code 1,CONTACT FOR DELIVERY,False,Rabun Warehouse,02,30511.0,Baldwin,USDA WHOLE ALMONDS DRY ROASTED,Dry Dry Dry Dry Proteins
809,182210,688,B-123,Breaking Chains Ministries d.b.a Freedom Hill,484814,,ON PREMISES (OP),REHAB-Agency,BLUE RECEIPT-SHL,W-01-10000,350,0,0,63.0,350,HABERSHAM,0.18,6/14/2024 9:19,6/14/2024 10:05,Price Code 1,CUSTOMER PICKUP,False,Sharing Floor Rabun,02-SH,30535.0,Demorest,"ASSORTED NON-FOOD ITEMS, SHL",Dry Dry Dry Dry Non-Food Misc.
268,181921,5938,V-100,Victory Home / Helping Hand,484525,,ON PREMISES (OP),REHAB-Agency,BLUE RECEIPT-SHL,C-28-10001,19,0,0,0.57,19,HABERSHAM,0.03,6/5/2024 13:55,6/5/2024 10:42,Price Code 1,CUSTOMER PICKUP,False,Sharing Floor Rabun,02-SH,30573.0,Tallulah Falls,"PRODUCE, FRESH SHL",Cooled Cooled Cooled Cooled Mixed Produce
198,177222,8720,S-112,Sharing and Caring - Clarkesville,479842,,FP/GNAP/USDA,FOOD PANTRY-Agency,USDA,N-50-10305,4,0,0,10.08,56,HABERSHAM,0.18,3/19/2024 8:49,3/19/2024 8:09,Price Code 1,CUSTOMER PICKUP,False,Rabun Warehouse,02,30523.0,Clarkesville,USDA MIXED VegetablesCCC,Dry Dry Dry Dry Vegetables
665,177624,5681,C-173,Clarkesville Church of God,480244,,FP/GNAP/USDA,FAITH-BASED-Agency,LOCAL - LL,C-16-10000,116,0,0,20.88,116,HABERSHAM,0.18,3/20/2024 9:35,3/20/2024 8:43,Price Code 1,CUSTOMER PICKUP,False,Sharing Floor Athens,01-SH,30523.0,Clarkesville,"COOLER FOOD, MISC. LL",Cooled Cooled Cooled Cooled Food Misc.
268,179957,50,V-100,Victory Home / Helping Hand,482566,,ON PREMISES (OP),REHAB-Agency,LOCAL - LL,W-16-10002,93,0,0,16.74,93,HABERSHAM,0.18,5/1/2024 13:55,5/1/2024 10:57,Price Code 1,CUSTOMER PICKUP,False,Sharing Floor Rabun,02-SH,30573.0,Tallulah Falls,MISC. FOOD BOX LL,Dry Dry Dry Dry Food Misc.
869,172636,690,H-152,Homestead Recovery for Women,476267,,ON PREMISES (OP),REHAB-Agency,BLUE RECEIPT-SHL,W-03-10013,171,0,0,0.0,171,HABERSHAM,0.0,1/5/2024 10:35,1/5/2024 15:00,Price Code 1,CUSTOMER PICKUP,False,Sharing Floor Athens,01-SH,30523.0,Clarkesville,"ASSORTED BEVERAGES, SHL",Dry Dry Dry Dry Beverages
198,177656,3122,S-112,Sharing and Caring - Clarkesville,480276,,FP/GNAP/USDA,FOOD PANTRY-Agency,GNAP,N-40-10174,3,0,0,0.0,42,HABERSHAM,0.0,3/26/2024 13:49,3/26/2024 8:12,Price Code 1,CUSTOMER PICKUP,False,Rabun Warehouse,02,30523.0,Clarkesville,"GNAP BLACKEYE PEAS, LOW SODIUM",Dry Dry Dry Dry Proteins
665,181177,690,C-173,Clarkesville Church of God,483782,,FP/GNAP/USDA,FAITH-BASED-Agency,BLUE RECEIPT-SHL,W-03-10013,213,0,0,0.0,213,HABERSHAM,0.0,5/22/2024 9:35,5/22/2024 8:43,Price Code 1,CUSTOMER PICKUP,False,Sharing Floor Athens,01-SH,30523.0,Clarkesville,"ASSORTED BEVERAGES, SHL",Dry Dry Dry Dry Beverages
665,172317,8874,C-173,Clarkesville Church of God,475948,,FP/GNAP/USDA,FAITH-BASED-Agency,YELLOW RECEIPT - SHN,F-10-10002,2,0,0,0.18,6,HABERSHAM,0.03,1/10/2024 9:35,1/26/2024 8:59,Price Code 1,CUSTOMER PICKUP,False,Food Bank of Northeast Georgia,01,30523.0,Clarkesville,OUTSHINE TROPICAL SMOOTHIE CUBES,Frozen Frozen Frozen Frozen Beverages
268,175277,5960,V-100,Victory Home / Helping Hand,477906,,ON PREMISES (OP),REHAB-Agency,BLUE RECEIPT-SHL,C-07-10001,93,0,0,16.74,93,HABERSHAM,0.18,2/7/2024 13:55,2/7/2024 10:40,Price Code 1,CUSTOMER PICKUP,False,Sharing Floor Rabun,02-SH,30573.0,Tallulah Falls,"DAIRY PRODUCT, ASSORTED SHL",Cooled Cooled Cooled Cooled Dairy
329,176281,5958,O-109,Open Door Food Ministry (The Torch Church of God),478906,,FP/GNAP/USDA,FOOD PANTRY-Agency,BLUE RECEIPT-SHL,C-16-10001,2050,0,0,0.0,2050,HABERSHAM,0.0,3/2/2024 7:00,3/4/2024 6:57,Price Code 1,TRACTOR TRAILER 1 MOBILE PANTRY,False,Food Bank of Northeast Georgia,01,30531.0,Cornelia,"COOLER FOOD, MISC. SHL",Cooled Cooled Cooled Cooled Food Misc.
665,178129,84,C-173,Clarkesville Church of God,480748,,FP/GNAP/USDA,FAITH-BASED-Agency,USDA,N-50-10006,1,0,0,4.86,27,HABERSHAM,0.18,4/10/2024 9:35,4/10/2024 9:20,Price Code 1,CUSTOMER PICKUP,False,Food Bank of Northeast Georgia,01,30523.0,Clarkesville,USDA GREEN BEANS,Dry Dry Dry Dry Vegetables
188,173010,3954,S-102,Sharing and Caring - Cornelia,476640,,FP/GNAP/USDA,FOOD PANTRY-Agency,GNAP,N-40-10164,10,0,0,27.0,270,HABERSHAM,0.1,1/19/2024 9:00,1/19/2024 7:01,Price Code 1,CONTACT FOR DELIVERY,False,Rabun Warehouse,02,30531.0,Cornelia,"GNAP GREEN PEAS, LOW SODIUM",Dry Dry Dry Dry Proteins
329,180343,6845,O-109,Open Door Food Ministry (The Torch Church of God),482949,,FP/GNAP/USDA,FOOD PANTRY-Agency,BLUE RECEIPT-SHL,C-28-90349,1589,0,0,0.0,1589,HABERSHAM,0.0,5/7/2024 14:23,5/7/2024 10:56,Price Code 1,CUSTOMER PICKUP,False,Food Bank of Northeast Georgia,01,30531.0,Cornelia,STRAWBERRIES,Cooled Cooled Cooled Cooled Fruits
665,175966,6780,C-173,Clarkesville Church of God,478594,,FP/GNAP/USDA,FAITH-BASED-Agency,USDA,C-50-10024,2,0,0,8.6,86,HABERSHAM,0.1,3/6/2024 9:35,3/11/2024 9:35,Price Code 1,CUSTOMER PICKUP,False,Food Bank of Northeast Georgia,01,30523.0,Clarkesville,USDA APPLES,Cooled Cooled Cooled Cooled Fruits
198,182484,2202,S-112,Sharing and Caring - Clarkesville,485088,,FP/GNAP/USDA,FOOD PANTRY-Agency,USDA,N-50-10240,5,0,0,19.8,110,HABERSHAM,0.18,6/26/2024 8:30,7/2/2024 7:10,Price Code 1,CUSTOMER PICKUP,False,Rabun Warehouse,02,30523.0,Clarkesville,USDA SPAGHETTI,Dry Dry Dry Dry Grains
938,177710,5388,F-142,First Presbyterian Church of Cornelia,480330,,FP/GNAP/USDA,MOBILE PANTRY-Agency,BLUE RECEIPT-SHL,F-16-10001,1600,0,0,0.0,1600,HABERSHAM,0.0,4/5/2024 9:50,4/8/2024 8:45,Price Code 1,CUSTOMER PICKUP,False,Sharing Floor Rabun,02-SH,30531.0,Cornelia,"ASSORTED FROZEN FOODS, SHL",Frozen Frozen Frozen Frozen Food Misc.
329,179024,8949,O-109,Open Door Food Ministry (The Torch Church of God),481638,,FP/GNAP/USDA,FOOD PANTRY-Agency,LOCAL - LL,C-28-90536,27,0,0,0.0,1350,HABERSHAM,0.0,4/16/2024 14:23,4/16/2024 9:07,Price Code 1,TRUCK 1,False,Food Bank of Northeast Georgia,01,30531.0,Cornelia,"CARROTS, 50#",Cooled Cooled Cooled Cooled Vegetables
649,175473,4715,G-132,Glade Creek Baptist Church,478102,,FP/GNAP/USDA,FAITH-BASED-Agency,USDA,F-50-90461,1,0,0,4.0,40,HABERSHAM,0.1,2/15/2024 9:25,2/15/2024 6:58,Price Code 1,CONTACT FOR DELIVERY,False,Rabun Warehouse,02,30563.0,Mt Airy,USDA ALASKAN POLLACK FISH FILLETS,Frozen Frozen Frozen Frozen Proteins
649,176661,4715,G-132,Glade Creek Baptist Church,479284,,FP/GNAP/USDA,FAITH-BASED-Agency,USDA,F-50-90461,2,0,0,8.0,80,HABERSHAM,0.1,3/6/2024 9:25,3/6/2024 8:25,Price Code 1,CONTACT FOR DELIVERY,False,Rabun Warehouse,02,30563.0,Mt Airy,USDA ALASKAN POLLACK FISH FILLETS,Frozen Frozen Frozen Frozen Proteins
329,177403,7059,O-109,Open Door Food Ministry (The Torch Church of God),480023,,FP/GNAP/USDA,FOOD PANTRY-Agency,USDA,C-50-10019,10,0,0,18.0,360,HABERSHAM,0.05,3/20/2024 14:23,3/20/2024 7:08,Price Code 1,CONTACT FOR DELIVERY,False,Rabun Warehouse,02,30531.0,Cornelia,USDA 2% MILK CCC,Cooled Cooled Cooled Cooled Dairy
55,172730,690,C-116,Circle of Hope,476361,,ON PREMISES (OP),SHELTER-Agency,BLUE RECEIPT-SHL,W-03-10013,47,0,0,1.41,47,HABERSHAM,0.03,1/8/2024 12:27,1/8/2024 11:31,Price Code 1,CUSTOMER PICKUP,False,Sharing Floor Rabun,02-SH,30531.0,Cornelia,"ASSORTED BEVERAGES, SHL",Dry Dry Dry Dry Beverages
188,178101,5388,S-102,Sharing and Caring - Cornelia,480720,,FP/GNAP/USDA,FOOD PANTRY-Agency,BLUE RECEIPT-SHL,F-16-10001,162,0,0,29.16,162,HABERSHAM,0.18,4/1/2024 13:47,4/2/2024 15:10,Price Code 1,CUSTOMER PICKUP,False,Rabun Warehouse,02,30531.0,Cornelia,"ASSORTED FROZEN FOODS, SHL",Frozen Frozen Frozen Frozen Food Misc.
902,176358,683,T-123,"The Lord's Help, Inc.",478983,,ON PREMISES (OP),SOUP KITCHEN-Agency,BLUE RECEIPT-SHL,W-16-10001,125,0,0,22.5,125,HABERSHAM,0.18,2/28/2024 15:19,2/28/2024 10:30,Price Code 1,CUSTOMER PICKUP,False,Sharing Floor Athens,01-SH,30531.0,Cornelia,MISC. FOOD BOX SHL,Dry Dry Dry Dry Food Misc.
665,177367,8873,C-173,Clarkesville Church of God,479987,,FP/GNAP/USDA,FAITH-BASED-Agency,YELLOW RECEIPT - SHN,F-10-10001,2,0,0,0.18,6,HABERSHAM,0.03,3/20/2024 9:35,3/20/2024 9:12,Price Code 1,CUSTOMER PICKUP,False,Food Bank of Northeast Georgia,01,30523.0,Clarkesville,OUTSHINE STRAWBERRY BANANA SMOOTHIE CUBES,Frozen Frozen Frozen Frozen Beverages
329,172495,1791,O-109,Open Door Food Ministry (The Torch Church of God),476126,,FP/GNAP/USDA,FOOD PANTRY-Agency,USDA,N-50-10079,25,0,0,0.0,650,HABERSHAM,0.0,1/6/2024 7:00,1/9/2024 11:26,Price Code 1,TRUCK 1 MOBILE PANTRY,False,Food Bank of Northeast Georgia,01,30531.0,Cornelia,USDA WALNUT HALVES AND PIECES,Dry Dry Dry Dry Proteins
1024,180084,9013,L-119,Life Church Baldwin,482692,,FP/USDA,MOBILE PANTRY-Agency,USDA,N-50-10313,5,0,0,21.6,120,HABERSHAM,0.18,5/10/2024 8:00,5/10/2024 14:24,Price Code 1,CUSTOMER PICKUP,False,Rabun Warehouse,02,30511.0,Baldwin,USDA LIGHT RED KIDNEY BEANS 24/1LB,Dry Dry Dry Dry Proteins
198,180106,9026,S-112,Sharing and Caring - Clarkesville,482714,,FP/GNAP/USDA,FOOD PANTRY-Agency,YELLOW RECEIPT - SHN,N-27-10138,3,0,0,11.88,66,HABERSHAM,0.18,5/7/2024 8:45,5/7/2024 7:43,Price Code 1,CUSTOMER PICKUP,False,Rabun Warehouse,02,30523.0,Clarkesville,"HUNTS DICED TOMATOES BASIL, GARLIC, OREGANO",Dry Dry Dry Dry Vegetables
750,172489,683,C-176,Cornelia United Methodist Church,476120,,FP/OP,FOOD PANTRY-Agency,BLUE RECEIPT-SHL,W-16-10001,644,0,0,115.92,644,HABERSHAM,0.18,1/3/2024 12:32,1/3/2024 13:46,Price Code 1,CUSTOMER PICKUP,False,Sharing Floor Rabun,02-SH,30531.0,Cornelia,MISC. FOOD BOX SHL,Dry Dry Dry Dry Food Misc.
623,180390,800,C-171,Clarkesville Soup Kitchen,482996,,OP/USDA,SOUP KITCHEN-Agency,USDA,N-50-10065,4,0,0,19.44,108,HABERSHAM,0.18,5/20/2024 10:00,5/20/2024 10:24,Price Code 1,CUSTOMER PICKUP,False,Rabun Warehouse,02,30523.0,Clarkesville,USDA APPLESAUCE,Dry Dry Dry Dry Fruits
665,172842,5772,C-173,Clarkesville Church of God,476473,,FP/GNAP/USDA,FAITH-BASED-Agency,LOCAL - LL,C-28-10000,160,0,0,4.8,160,HABERSHAM,0.03,1/10/2024 9:35,1/10/2024 8:38,Price Code 1,CUSTOMER PICKUP,False,Sharing Floor Athens,01-SH,30523.0,Clarkesville,"PRODUCE, FRESH LL",Cooled Cooled Cooled Cooled Mixed Produce
556,177766,683,P-123,"Pilgrim Ministries, Inc.",480385,,ON PREMISES (OP),REHAB-Agency,BLUE RECEIPT-SHL,W-16-10001,42,0,0,7.56,42,HABERSHAM,0.18,3/22/2024 14:14,3/22/2024 9:07,Price Code 1,CUSTOMER PICKUP,False,Sharing Floor Rabun,02-SH,30523.0,Clarkesville,MISC. FOOD BOX SHL,Dry Dry Dry Dry Food Misc.
809,182581,8972,B-123,Breaking Chains Ministries d.b.a Freedom Hill,FAIMPORT485184,,ON PREMISES (OP),REHAB-Agency,BLUE RECEIPT-SHL,MCF-15-10000,10,0,0,0.0,10,HABERSHAM,0.0,6/24/2024 0:00,6/24/2024 0:00,Price Code 1,CUSTOMER PICKUP,False,Food Bank of Northeast Georgia,01,30535.0,Demorest,"FROZEN MEAT & SEAFOOD, SHL RETAIL PICKUP",Dry Dry Dry Dry Proteins
750,176374,690,C-176,Cornelia United Methodist Church,478999,,FP/OP,FOOD PANTRY-Agency,BLUE RECEIPT-SHL,W-03-10013,222,0,0,6.66,222,HABERSHAM,0.03,2/28/2024 12:32,2/28/2024 14:26,Price Code 1,CUSTOMER PICKUP,False,Sharing Floor Rabun,02-SH,30531.0,Cornelia,"ASSORTED BEVERAGES, SHL",Dry Dry Dry Dry Beverages
632,173395,7082,H-141,Hazel Creek Baptist Church,477024,,FP/USDA,FOOD PANTRY-Agency,USDA,C-50-10033,5,0,0,0.0,60,HABERSHAM,0.0,1/24/2024 8:32,1/24/2024 13:28,Price Code 1,CUSTOMER PICKUP,False,Rabun Warehouse,02,30563.0,Mt. Airy,USDA SHREDDED YELLOW CHEDDAR CHEESE CCC,Cooled Cooled Cooled Cooled Dairy
198,176636,890,S-112,Sharing and Caring - Clarkesville,479259,,FP/GNAP/USDA,FOOD PANTRY-Agency,GNAP,N-40-10001,2,0,0,0.0,54,HABERSHAM,0.0,3/12/2024 13:49,3/12/2024 8:16,Price Code 1,CUSTOMER PICKUP,False,Rabun Warehouse,02,30523.0,Clarkesville,GNAP APPLE SAUCE,Dry Dry Dry Dry Fruits
632,175817,8720,H-141,Hazel Creek Baptist Church,478445,,FP/USDA,FOOD PANTRY-Agency,USDA,N-50-10305,4,0,0,10.08,56,HABERSHAM,0.18,2/22/2024 8:32,2/23/2024 7:38,Price Code 1,CUSTOMER PICKUP,False,Rabun Warehouse,02,30563.0,Mt. Airy,USDA MIXED VegetablesCCC,Dry Dry Dry Dry Vegetables
623,172744,1045,C-171,Clarkesville Soup Kitchen,476375,,OP/USDA,SOUP KITCHEN-Agency,BLUE RECEIPT-SHL,W-25-10009,65,0,0,11.7,65,HABERSHAM,0.18,1/8/2024 11:47,1/8/2024 13:34,Price Code 1,CUSTOMER PICKUP,False,Sharing Floor Rabun,02-SH,30523.0,Clarkesville,"ASSORTED SNACK ITEMS, SHL",Dry Dry Dry Dry Food Misc.
665,173642,7246,C-173,Clarkesville Church of God,477271,,FP/GNAP/USDA,FAITH-BASED-Agency,GNAP,N-40-10245,2,0,0,4.4,44,HABERSHAM,0.1,2/7/2024 9:35,2/7/2024 9:17,Price Code 1,CUSTOMER PICKUP,False,Food Bank of Northeast Georgia,01,30523.0,Clarkesville,GNAP TRADITIONAL PASTA SAUCE,Dry Dry Dry Dry Vegetables
268,181194,5388,V-100,Victory Home / Helping Hand,483799,,ON PREMISES (OP),REHAB-Agency,BLUE RECEIPT-SHL,F-16-10001,90,0,0,16.2,90,HABERSHAM,0.18,5/22/2024 13:55,5/22/2024 10:44,Price Code 1,CUSTOMER PICKUP,False,Sharing Floor Rabun,02-SH,30573.0,Tallulah Falls,"ASSORTED FROZEN FOODS, SHL",Frozen Frozen Frozen Frozen Food Misc.
665,173452,875,C-173,Clarkesville Church of God,477081,,FP/GNAP/USDA,FAITH-BASED-Agency,BLUE RECEIPT-SHL,W-04-10000,8,0,0,0.0,8,HABERSHAM,0.0,1/23/2024 9:35,1/23/2024 8:37,Price Code 1,CUSTOMER PICKUP,False,Sharing Floor Athens,01-SH,30523.0,Clarkesville,"BREAD & BAKERY, ASSORTED SHL",Dry Dry Dry Dry Grains
665,178999,8761,C-173,Clarkesville Church of God,481613,,FP/GNAP/USDA,FAITH-BASED-Agency,USDA,N-50-10306,1,0,0,4.5,25,HABERSHAM,0.18,4/24/2024 9:35,4/24/2024 8:54,Price Code 1,CUSTOMER PICKUP,False,Food Bank of Northeast Georgia,01,30523.0,Clarkesville,USDA WHOLE DEGLET DATES,Dry Dry Dry Dry Fruits
665,181177,696,C-173,Clarkesville Church of God,483782,,FP/GNAP/USDA,FAITH-BASED-Agency,LOCAL - LL,W-25-10000,23,0,0,4.14,23,HABERSHAM,0.18,5/22/2024 9:35,5/22/2024 8:43,Price Code 1,CUSTOMER PICKUP,False,Sharing Floor Athens,01-SH,30523.0,Clarkesville,"ASSORTED SNACK ITEMS, LL",Dry Dry Dry Dry Food Misc.
329,179415,5407,O-109,Open Door Food Ministry (The Torch Church of God),482028,,FP/GNAP/USDA,FOOD PANTRY-Agency,BLUE RECEIPT-SHL,F-15-10000,350,0,0,35.0,350,HABERSHAM,0.1,4/23/2024 14:23,4/23/2024 9:06,Price Code 1,CUSTOMER PICKUP,False,Food Bank of Northeast Georgia,01,30531.0,Cornelia,"MEAT & SEAFOOD, FROZEN SHL",Frozen Frozen Frozen Frozen Proteins
665,177367,3943,C-173,Clarkesville Church of God,479987,,FP/GNAP/USDA,FAITH-BASED-Agency,USDA,N-50-10268,1,0,0,1.14,38,HABERSHAM,0.03,3/20/2024 9:35,3/20/2024 9:12,Price Code 1,CUSTOMER PICKUP,False,Food Bank of Northeast Georgia,01,30523.0,Clarkesville,USDA APPLE JUICE,Dry Dry Dry Dry Beverages
902,181552,8975,T-123,"The Lord's Help, Inc.",FAIMPORT484156,,ON PREMISES (OP),SOUP KITCHEN-Agency,BLUE RECEIPT-SHL,MCC-07-10001,85,0,0,0.0,85,HABERSHAM,0.0,5/28/2024 0:00,5/28/2024 0:00,Price Code 1,CUSTOMER PICKUP,False,Food Bank of Northeast Georgia,01,30531.0,Cornelia,"DAIRY PRODUCTS, SHL RETAIL PICKUPS",Dry Dry Dry Dry Dairy
623,175438,4715,C-171,Clarkesville Soup Kitchen,478067,,OP/USDA,SOUP KITCHEN-Agency,USDA,F-50-90461,2,0,0,14.4,80,HABERSHAM,0.18,2/20/2024 10:00,2/20/2024 10:45,Price Code 1,CUSTOMER PICKUP,False,Rabun Warehouse,02,30523.0,Clarkesville,USDA ALASKAN POLLACK FISH FILLETS,Frozen Frozen Frozen Frozen Proteins
938,181497,5388,F-142,First Presbyterian Church of Cornelia,484101,,FP/GNAP/USDA,MOBILE PANTRY-Agency,BLUE RECEIPT-SHL,F-16-10001,14,0,0,0.0,14,HABERSHAM,0.0,5/31/2024 9:00,6/3/2024 9:10,Price Code 1,TRUCK 2 MOBILE PANTRY,False,Sharing Floor Rabun,02-SH,30531.0,Cornelia,"ASSORTED FROZEN FOODS, SHL",Frozen Frozen Frozen Frozen Food Misc.
268,173180,5938,V-100,Victory Home / Helping Hand,476810,,ON PREMISES (OP),REHAB-Agency,BLUE RECEIPT-SHL,C-28-10001,79,0,0,2.37,79,HABERSHAM,0.03,1/17/2024 13:55,1/17/2024 10:39,Price Code 1,CUSTOMER PICKUP,False,Sharing Floor Rabun,02-SH,30573.0,Tallulah Falls,"PRODUCE, FRESH SHL",Cooled Cooled Cooled Cooled Mixed Produce
55,182071,5388,C-116,Circle of Hope,484675,,ON PREMISES (OP),SHELTER-Agency,BLUE RECEIPT-SHL,F-16-10001,32,0,0,5.76,32,HABERSHAM,0.18,6/10/2024 12:27,6/10/2024 12:03,Price Code 1,CUSTOMER PICKUP,False,Sharing Floor Rabun,02-SH,30531.0,Cornelia,"ASSORTED FROZEN FOODS, SHL",Frozen Frozen Frozen Frozen Food Misc.
632,177317,5388,H-141,Hazel Creek Baptist Church,479937,,FP/USDA,FOOD PANTRY-Agency,BLUE RECEIPT-SHL,F-16-10001,107,0,0,19.26,107,HABERSHAM,0.18,3/14/2024 8:32,3/14/2024 13:02,Price Code 1,CUSTOMER PICKUP,False,Sharing Floor Rabun,02-SH,30563.0,Mt. Airy,"ASSORTED FROZEN FOODS, SHL",Frozen Frozen Frozen Frozen Food Misc.
665,173122,3776,C-173,Clarkesville Church of God,476752,,FP/GNAP/USDA,FAITH-BASED-Agency,BLUE RECEIPT-SHL,N-03-11125,1,0,0,0.99,33,HABERSHAM,0.03,1/23/2024 9:35,1/23/2024 9:34,Price Code 1,CUSTOMER PICKUP,False,Food Bank of Northeast Georgia,01,30523.0,Clarkesville,PEPSI WILD CHERRY,Dry Dry Dry Dry Beverages
665,180195,2414,C-173,Clarkesville Church of God,482801,,FP/GNAP/USDA,FAITH-BASED-Agency,USDA,N-50-10244,1,0,0,6.48,36,HABERSHAM,0.18,5/8/2024 10:20,5/8/2024 9:02,Price Code 1,CUSTOMER PICKUP,False,Food Bank of Northeast Georgia,01,30523.0,Clarkesville,USDA CANNED BEEF CCC,Dry Dry Dry Dry Proteins
1024,180084,1791,L-119,Life Church Baldwin,482692,,FP/USDA,MOBILE PANTRY-Agency,USDA,N-50-10079,5,0,0,23.4,130,HABERSHAM,0.18,5/10/2024 8:00,5/10/2024 14:24,Price Code 1,CUSTOMER PICKUP,False,Rabun Warehouse,02,30511.0,Baldwin,USDA WALNUT HALVES AND PIECES,Dry Dry Dry Dry Proteins
560,177049,8690,B-133,Ballew House Outreach,479671,,FP/OP/GNAP/USDA,FOOD PANTRY-Agency,USDA,N-50-10302,2,0,0,5.04,28,HABERSHAM,0.18,3/14/2024 13:49,3/14/2024 12:56,Price Code 1,CUSTOMER PICKUP,False,Rabun Warehouse,02,30510.0,Alto,USDA GREEN BEANS CCC,Dry Dry Dry Dry Vegetables
665,178999,8903,C-173,Clarkesville Church of God,481613,,FP/GNAP/USDA,FAITH-BASED-Agency,YELLOW RECEIPT - SHN,N-16-10181,2,0,0,1.8,10,HABERSHAM,0.18,4/24/2024 9:35,4/24/2024 8:54,Price Code 1,CUSTOMER PICKUP,False,Food Bank of Northeast Georgia,01,30523.0,Clarkesville,STOVE TOP STUFFING - TURKEY/CHICKEN/CORNBREAD,Dry Dry Dry Dry Prepared Meals
902,177772,875,T-123,"The Lord's Help, Inc.",480391,,ON PREMISES (OP),SOUP KITCHEN-Agency,BLUE RECEIPT-SHL,W-04-10000,50,0,0,0.0,50,HABERSHAM,0.0,3/22/2024 15:19,3/22/2024 10:23,Price Code 1,CUSTOMER PICKUP,False,Sharing Floor Athens,01-SH,30531.0,Cornelia,"BREAD & BAKERY, ASSORTED SHL",Dry Dry Dry Dry Grains
198,172783,50,S-112,Sharing and Caring - Clarkesville,476414,,FP/GNAP/USDA,FOOD PANTRY-Agency,LOCAL - LL,W-16-10002,153,0,0,27.54,153,HABERSHAM,0.18,1/9/2024 13:49,1/9/2024 9:04,Price Code 1,CUSTOMER PICKUP,False,Sharing Floor Rabun,02-SH,30523.0,Clarkesville,MISC. FOOD BOX LL,Dry Dry Dry Dry Food Misc.
665,181451,8873,C-173,Clarkesville Church of God,484055,,FP/GNAP/USDA,FAITH-BASED-Agency,YELLOW RECEIPT - SHN,F-10-10001,2,0,0,0.18,6,HABERSHAM,0.03,6/6/2024 8:00,6/6/2024 9:04,Price Code 1,CUSTOMER PICKUP,False,Food Bank of Northeast Georgia,01,30523.0,Clarkesville,OUTSHINE STRAWBERRY BANANA SMOOTHIE CUBES,Frozen Frozen Frozen Frozen Beverages
869,176685,5958,H-152,Homestead Recovery for Women,479308,,ON PREMISES (OP),REHAB-Agency,BLUE RECEIPT-SHL,C-16-10001,39,0,0,7.02,39,HABERSHAM,0.18,3/5/2024 10:35,3/5/2024 10:32,Price Code 1,CUSTOMER PICKUP,False,Sharing Floor Athens,01-SH,30523.0,Clarkesville,"COOLER FOOD, MISC. SHL",Cooled Cooled Cooled Cooled Food Misc.
665,178646,5958,C-173,Clarkesville Church of God,481262,,FP/GNAP/USDA,FAITH-BASED-Agency,BLUE RECEIPT-SHL,C-16-10001,36,0,0,6.48,36,HABERSHAM,0.18,4/10/2024 9:35,4/10/2024 8:44,Price Code 1,CUSTOMER PICKUP,False,Sharing Floor Athens,01-SH,30523.0,Clarkesville,"COOLER FOOD, MISC. SHL",Cooled Cooled Cooled Cooled Food Misc.
665,178999,8720,C-173,Clarkesville Church of God,481613,,FP/GNAP/USDA,FAITH-BASED-Agency,USDA,N-50-10305,1,0,0,2.52,14,HABERSHAM,0.18,4/24/2024 9:35,4/24/2024 8:54,Price Code 1,CUSTOMER PICKUP,False,Food Bank of Northeast Georgia,01,30523.0,Clarkesville,USDA MIXED VegetablesCCC,Dry Dry Dry Dry Vegetables
938,176419,5960,F-142,First Presbyterian Church of Cornelia,479043,,FP/GNAP/USDA,MOBILE PANTRY-Agency,BLUE RECEIPT-SHL,C-07-10001,439,0,0,0.0,439,HABERSHAM,0.0,2/29/2024 10:07,3/4/2024 13:36,Price Code 1,CUSTOMER PICKUP,False,Sharing Floor Rabun,02-SH,30531.0,Cornelia,"DAIRY PRODUCT, ASSORTED SHL",Cooled Cooled Cooled Cooled Dairy
268,179101,683,V-100,Victory Home / Helping Hand,481715,,ON PREMISES (OP),REHAB-Agency,BLUE RECEIPT-SHL,W-16-10001,16,0,0,2.88,16,HABERSHAM,0.18,4/17/2024 13:55,4/17/2024 10:28,Price Code 1,CUSTOMER PICKUP,False,Sharing Floor Rabun,02-SH,30573.0,Tallulah Falls,MISC. FOOD BOX SHL,Dry Dry Dry Dry Food Misc.
901,181786,5938,H-150,Habersham County Senior Center,484390,,FP/USDA,SENIOR-Agency,BLUE RECEIPT-SHL,C-28-10001,5,0,0,0.15,5,HABERSHAM,0.03,6/3/2024 9:28,6/3/2024 9:43,Price Code 1,CUSTOMER PICKUP,False,Sharing Floor Athens,01-SH,30535.0,Demorest,"PRODUCE, FRESH SHL",Cooled Cooled Cooled Cooled Mixed Produce
188,180408,7169,S-102,Sharing and Caring - Cornelia,483014,,FP/GNAP/USDA,FOOD PANTRY-Agency,GNAP,N-40-10236,10,0,0,0.0,140,HABERSHAM,0.0,5/15/2024 8:30,5/15/2024 7:19,Price Code 1,CONTACT FOR DELIVERY,False,Rabun Warehouse,02,30531.0,Cornelia,GNAP BEEF LASAGNA,Dry Dry Dry Dry Prepared Meals
560,182031,3203,B-133,Ballew House Outreach,484635,,FP/OP/GNAP/USDA,FOOD PANTRY-Agency,USDA,N-50-10289,1,0,0,4.5,25,HABERSHAM,0.18,6/21/2024 10:30,6/21/2024 9:12,Price Code 1,CUSTOMER PICKUP,False,Rabun Warehouse,02,30510.0,Alto,USDA PECAN PIECES,Dry Dry Dry Dry Proteins
665,173863,8937,C-173,Clarkesville Church of God,477492,,FP/GNAP/USDA,FAITH-BASED-Agency,BLUE RECEIPT-SHL,N-03-11807,3,0,0,0.0,54,HABERSHAM,0.0,2/7/2024 9:35,2/7/2024 9:19,Price Code 1,CUSTOMER PICKUP,False,Food Bank of Northeast Georgia,01,30523.0,Clarkesville,GATORADE LEMON LIME ZERO SUGAR,Dry Dry Dry Dry Beverages
198,176636,2856,S-112,Sharing and Caring - Clarkesville,479259,,FP/GNAP/USDA,FOOD PANTRY-Agency,GNAP,N-40-10206,2,0,0,0.0,40,HABERSHAM,0.0,3/12/2024 13:49,3/12/2024 8:16,Price Code 1,CUSTOMER PICKUP,False,Rabun Warehouse,02,30523.0,Clarkesville,GNAP CHICKEN NOODLE SOUP,Dry Dry Dry Dry Prepared Meals
329,173462,5407,O-109,Open Door Food Ministry (The Torch Church of God),477091,,FP/GNAP/USDA,FOOD PANTRY-Agency,BLUE RECEIPT-SHL,F-15-10000,636,0,0,31.8,636,HABERSHAM,0.05,1/23/2024 14:23,1/23/2024 11:35,Price Code 1,CONTACT FOR DELIVERY,False,Food Bank of Northeast Georgia,01,30531.0,Cornelia,"MEAT & SEAFOOD, FROZEN SHL",Frozen Frozen Frozen Frozen Proteins
902,176358,683,T-123,"The Lord's Help, Inc.",478983,,ON PREMISES (OP),SOUP KITCHEN-Agency,BLUE RECEIPT-SHL,W-16-10001,48,0,0,8.64,48,HABERSHAM,0.18,2/28/2024 15:19,2/28/2024 10:30,Price Code 1,CUSTOMER PICKUP,False,Sharing Floor Athens,01-SH,30531.0,Cornelia,MISC. FOOD BOX SHL,Dry Dry Dry Dry Food Misc.
902,176091,875,T-123,"The Lord's Help, Inc.",478718,,ON PREMISES (OP),SOUP KITCHEN-Agency,BLUE RECEIPT-SHL,W-04-10000,33,0,0,0.0,33,HABERSHAM,0.0,2/23/2024 15:19,2/23/2024 10:54,Price Code 1,CUSTOMER PICKUP,False,Sharing Floor Athens,01-SH,30531.0,Cornelia,"BREAD & BAKERY, ASSORTED SHL",Dry Dry Dry Dry Grains
649,178770,800,G-132,Glade Creek Baptist Church,481384,,FP/GNAP/USDA,FAITH-BASED-Agency,USDA,N-50-10065,4,0,0,19.44,108,HABERSHAM,0.18,4/15/2024 9:25,4/15/2024 15:10,Price Code 1,CONTACT FOR DELIVERY,False,Rabun Warehouse,02,30563.0,Mt Airy,USDA APPLESAUCE,Dry Dry Dry Dry Fruits
268,178661,683,V-100,Victory Home / Helping Hand,481277,,ON PREMISES (OP),REHAB-Agency,BLUE RECEIPT-SHL,W-16-10001,131,0,0,23.58,131,HABERSHAM,0.18,4/10/2024 13:55,4/10/2024 10:31,Price Code 1,CUSTOMER PICKUP,False,Sharing Floor Rabun,02-SH,30573.0,Tallulah Falls,MISC. FOOD BOX SHL,Dry Dry Dry Dry Food Misc.
188,177723,690,S-102,Sharing and Caring - Cornelia,480342,,FP/GNAP/USDA,FOOD PANTRY-Agency,BLUE RECEIPT-SHL,W-03-10013,55,0,0,1.65,55,HABERSHAM,0.03,3/21/2024 13:47,3/21/2024 11:12,Price Code 1,CUSTOMER PICKUP,False,Sharing Floor Athens,01-SH,30531.0,Cornelia,"ASSORTED BEVERAGES, SHL",Dry Dry Dry Dry Beverages
902,179308,8974,T-123,"The Lord's Help, Inc.",FAIMPORT481921,,ON PREMISES (OP),SOUP KITCHEN-Agency,BLUE RECEIPT-SHL,MCW-04-10000,4,0,0,0.0,4,HABERSHAM,0.0,4/18/2024 0:00,4/18/2024 0:00,Price Code 1,CUSTOMER PICKUP,False,Food Bank of Northeast Georgia,01,30531.0,Cornelia,"BREAD AND BAKERY, SHL RETAIL PICKUPS",Dry Dry Dry Dry Grains
268,176064,690,V-100,Victory Home / Helping Hand,478691,,ON PREMISES (OP),REHAB-Agency,BLUE RECEIPT-SHL,W-03-10013,41,0,0,1.23,41,HABERSHAM,0.03,2/23/2024 13:55,2/23/2024 7:25,Price Code 1,CUSTOMER PICKUP,False,Sharing Floor Rabun,02-SH,30573.0,Tallulah Falls,"ASSORTED BEVERAGES, SHL",Dry Dry Dry Dry Beverages
268,180415,1045,V-100,Victory Home / Helping Hand,483021,,ON PREMISES (OP),REHAB-Agency,BLUE RECEIPT-SHL,W-25-10009,9,0,0,1.62,9,HABERSHAM,0.18,5/8/2024 13:55,5/8/2024 10:24,Price Code 1,CUSTOMER PICKUP,False,Sharing Floor Rabun,02-SH,30573.0,Tallulah Falls,"ASSORTED SNACK ITEMS, SHL",Dry Dry Dry Dry Food Misc.
665,173122,8907,C-173,Clarkesville Church of God,476752,,FP/GNAP/USDA,FAITH-BASED-Agency,GNAP,N-40-10267,1,0,0,1.3,13,HABERSHAM,0.1,1/23/2024 9:35,1/23/2024 9:34,Price Code 1,CUSTOMER PICKUP,False,Food Bank of Northeast Georgia,01,30523.0,Clarkesville,GNAP SPAGHETTI W/ MEATBALLS,Dry Dry Dry Dry Prepared Meals
329,180343,5938,O-109,Open Door Food Ministry (The Torch Church of God),482949,,FP/GNAP/USDA,FOOD PANTRY-Agency,BLUE RECEIPT-SHL,C-28-10001,87,0,0,0.0,87,HABERSHAM,0.0,5/7/2024 14:23,5/7/2024 10:56,Price Code 1,CUSTOMER PICKUP,False,Food Bank of Northeast Georgia,01,30531.0,Cornelia,"PRODUCE, FRESH SHL",Cooled Cooled Cooled Cooled Mixed Produce
55,175481,5388,C-116,Circle of Hope,478110,,ON PREMISES (OP),SHELTER-Agency,BLUE RECEIPT-SHL,F-16-10001,2,0,0,0.36,2,HABERSHAM,0.18,2/12/2024 12:27,2/12/2024 11:19,Price Code 1,CUSTOMER PICKUP,False,Sharing Floor Rabun,02-SH,30531.0,Cornelia,"ASSORTED FROZEN FOODS, SHL",Frozen Frozen Frozen Frozen Food Misc.
1024,176477,8714,L-119,Life Church Baldwin,479101,,FP/USDA,MOBILE PANTRY-Agency,USDA,N-50-10303,8,0,0,0.0,192,HABERSHAM,0.0,3/8/2024 0:00,3/11/2024 7:54,Price Code 1,CONTACT FOR DELIVERY,False,Rabun Warehouse,02,30511.0,Baldwin,USDA GREEN SPLIT PEAS,Dry Dry Dry Dry Proteins
268,173180,1045,V-100,Victory Home / Helping Hand,476810,,ON PREMISES (OP),REHAB-Agency,BLUE RECEIPT-SHL,W-25-10009,83,0,0,14.94,83,HABERSHAM,0.18,1/17/2024 13:55,1/17/2024 10:39,Price Code 1,CUSTOMER PICKUP,False,Sharing Floor Rabun,02-SH,30573.0,Tallulah Falls,"ASSORTED SNACK ITEMS, SHL",Dry Dry Dry Dry Food Misc.
649,180418,6676,G-132,Glade Creek Baptist Church,483024,,FP/GNAP/USDA,FAITH-BASED-Agency,USDA,C-50-10009,6,0,0,48.6,270,HABERSHAM,0.18,5/14/2024 8:30,5/14/2024 7:27,Price Code 1,CONTACT FOR DELIVERY,False,Rabun Warehouse,02,30563.0,Mt Airy,"USDA APPLES, FRESH",Cooled Cooled Cooled Cooled Fruits
623,175438,2960,C-171,Clarkesville Soup Kitchen,478067,,OP/USDA,SOUP KITCHEN-Agency,USDA,N-50-10247,4,0,0,25.92,144,HABERSHAM,0.18,2/20/2024 10:00,2/20/2024 10:45,Price Code 1,CUSTOMER PICKUP,False,Rabun Warehouse,02,30523.0,Clarkesville,USDA BEEF STEW POUCHES CCC,Dry Dry Dry Dry Prepared Meals
329,180762,8949,O-109,Open Door Food Ministry (The Torch Church of God),483368,,FP/GNAP/USDA,FOOD PANTRY-Agency,LOCAL - LL,C-28-90536,40,0,0,0.0,2000,HABERSHAM,0.0,5/14/2024 14:23,5/14/2024 10:42,Price Code 1,CONTACT FOR DELIVERY,False,Food Bank of Northeast Georgia,01,30531.0,Cornelia,"CARROTS, 50#",Cooled Cooled Cooled Cooled Vegetables
665,180400,5407,C-173,Clarkesville Church of God,483006,,FP/GNAP/USDA,FAITH-BASED-Agency,BLUE RECEIPT-SHL,F-15-10000,269,0,0,48.42,269,HABERSHAM,0.18,5/8/2024 9:35,5/8/2024 8:38,Price Code 1,CUSTOMER PICKUP,False,Sharing Floor Athens,01-SH,30523.0,Clarkesville,"MEAT & SEAFOOD, FROZEN SHL",Frozen Frozen Frozen Frozen Proteins
809,181845,8973,B-123,Breaking Chains Ministries d.b.a Freedom Hill,FAIMPORT484449,,ON PREMISES (OP),REHAB-Agency,BLUE RECEIPT-SHL,MCC-16-10001,8,0,0,0.0,8,HABERSHAM,0.0,6/3/2024 0:00,6/3/2024 0:00,Price Code 1,CUSTOMER PICKUP,False,Food Bank of Northeast Georgia,01,30535.0,Demorest,"COOLER FOOD MISC., SHL RETAIL PICKUP",Dry Dry Dry Dry Food Misc.
329,175851,4422,O-109,Open Door Food Ministry (The Torch Church of God),478479,,FP/GNAP/USDA,FOOD PANTRY-Agency,USDA,F-50-90452,48,0,0,46.08,1536,HABERSHAM,0.03,2/20/2024 14:23,2/20/2024 11:45,Price Code 1,TRUCK 1,False,Food Bank of Northeast Georgia,01,30531.0,Cornelia,USDA PORK LOIN BONELESS ROAST,Frozen Frozen Frozen Frozen Proteins
329,179415,6780,O-109,Open Door Food Ministry (The Torch Church of God),482028,,FP/GNAP/USDA,FOOD PANTRY-Agency,USDA,C-50-10024,30,0,0,0.0,1290,HABERSHAM,0.0,4/23/2024 14:23,4/23/2024 9:06,Price Code 1,CUSTOMER PICKUP,False,Food Bank of Northeast Georgia,01,30531.0,Cornelia,USDA APPLES,Cooled Cooled Cooled Cooled Fruits
665,178129,8874,C-173,Clarkesville Church of God,480748,,FP/GNAP/USDA,FAITH-BASED-Agency,YELLOW RECEIPT - SHN,F-10-10002,4,0,0,0.36,12,HABERSHAM,0.03,4/10/2024 9:35,4/10/2024 9:20,Price Code 1,CUSTOMER PICKUP,False,Food Bank of Northeast Georgia,01,30523.0,Clarkesville,OUTSHINE TROPICAL SMOOTHIE CUBES,Frozen Frozen Frozen Frozen Beverages
623,179885,8997,C-171,Clarkesville Soup Kitchen,482496,,OP/USDA,SOUP KITCHEN-Agency,USDA,N-50-10312,2,0,0,4.32,24,HABERSHAM,0.18,5/6/2024 10:30,5/6/2024 10:06,Price Code 1,CUSTOMER PICKUP,False,Rabun Warehouse,02,30523.0,Clarkesville,USDA CHILI W/ BEANS CCC,Dry Dry Dry Dry Prepared Meals
665,172317,8908,C-173,Clarkesville Church of God,475948,,FP/GNAP/USDA,FAITH-BASED-Agency,YELLOW RECEIPT - SHN,F-16-90437,3,0,0,22.14,123,HABERSHAM,0.18,1/10/2024 9:35,1/26/2024 8:59,Price Code 1,CUSTOMER PICKUP,False,Food Bank of Northeast Georgia,01,30523.0,Clarkesville,"JIMMY DEAN CROISSANT, SAUSAGE, EGG & CHEESE",Frozen Frozen Frozen Frozen Prepared Meals
649,172555,4715,G-132,Glade Creek Baptist Church,476186,,FP/GNAP/USDA,FAITH-BASED-Agency,USDA,F-50-90461,4,0,0,28.8,160,HABERSHAM,0.18,1/9/2024 9:25,1/9/2024 14:55,Price Code 1,CONTACT FOR DELIVERY,False,Rabun Warehouse,02,30563.0,Mt Airy,USDA ALASKAN POLLACK FISH FILLETS,Frozen Frozen Frozen Frozen Proteins
902,178727,8973,T-123,"The Lord's Help, Inc.",FAIMPORT481341,,ON PREMISES (OP),SOUP KITCHEN-Agency,BLUE RECEIPT-SHL,MCC-16-10001,18,0,0,0.0,18,HABERSHAM,0.0,4/9/2024 0:00,4/9/2024 0:00,Price Code 1,CUSTOMER PICKUP,False,Food Bank of Northeast Georgia,01,30531.0,Cornelia,"COOLER FOOD MISC., SHL RETAIL PICKUP",Dry Dry Dry Dry Food Misc.
268,182199,5388,V-100,Victory Home / Helping Hand,484803,,ON PREMISES (OP),REHAB-Agency,BLUE RECEIPT-SHL,F-16-10001,57,0,0,10.26,57,HABERSHAM,0.18,6/14/2024 13:55,6/14/2024 7:08,Price Code 1,CUSTOMER PICKUP,False,Sharing Floor Rabun,02-SH,30573.0,Tallulah Falls,"ASSORTED FROZEN FOODS, SHL",Frozen Frozen Frozen Frozen Food Misc.
632,179128,875,H-141,Hazel Creek Baptist Church,481741,,FP/USDA,FOOD PANTRY-Agency,BLUE RECEIPT-SHL,W-04-10000,18,0,0,0.0,18,HABERSHAM,0.0,4/17/2024 8:32,4/17/2024 15:39,Price Code 1,CUSTOMER PICKUP,False,Sharing Floor Rabun,02-SH,30563.0,Mt. Airy,"BREAD & BAKERY, ASSORTED SHL",Dry Dry Dry Dry Grains
665,181451,8600,C-173,Clarkesville Church of God,484055,,FP/GNAP/USDA,FAITH-BASED-Agency,BLUE RECEIPT-SHL,N-03-11249,2,0,0,0.0,60,HABERSHAM,0.0,6/6/2024 8:00,6/6/2024 9:04,Price Code 1,CUSTOMER PICKUP,False,Food Bank of Northeast Georgia,01,30523.0,Clarkesville,DIET PEPSI,Dry Dry Dry Dry Beverages
329,177124,8497,O-109,Open Door Food Ministry (The Torch Church of God),479745,,FP/GNAP/USDA,FOOD PANTRY-Agency,USDA,C-50-10048,60,0,0,0.0,1920,HABERSHAM,0.0,3/12/2024 14:23,3/27/2024 10:04,Price Code 1,TRUCK 1 MOBILE PANTRY,False,Food Bank of Northeast Georgia,01,30531.0,Cornelia,USDA MANDARIN ORANGES,Cooled Cooled Cooled Cooled Fruits
329,177403,3122,O-109,Open Door Food Ministry (The Torch Church of God),480023,,FP/GNAP/USDA,FOOD PANTRY-Agency,GNAP,N-40-10174,50,0,0,0.0,700,HABERSHAM,0.0,3/20/2024 14:23,3/20/2024 7:08,Price Code 1,CONTACT FOR DELIVERY,False,Rabun Warehouse,02,30531.0,Cornelia,"GNAP BLACKEYE PEAS, LOW SODIUM",Dry Dry Dry Dry Proteins
665,173122,7118,C-173,Clarkesville Church of God,476752,,FP/GNAP/USDA,FAITH-BASED-Agency,GNAP,N-40-10225,4,0,0,4.0,40,HABERSHAM,0.1,1/23/2024 9:35,1/23/2024 9:34,Price Code 1,CUSTOMER PICKUP,False,Food Bank of Northeast Georgia,01,30523.0,Clarkesville,GNAP CRISPY RICE CEREAL,Dry Dry Dry Dry Grains
686,175048,5388,H-154,Habersham Homeless Ministries,477678,,FP/USDA,FOOD PANTRY-Agency,BLUE RECEIPT-SHL,F-16-10001,17,0,0,3.06,17,HABERSHAM,0.18,2/2/2024 14:10,2/2/2024 15:14,Price Code 1,CUSTOMER PICKUP,False,Sharing Floor Rabun,02-SH,30523.0,Clarkesville,"ASSORTED FROZEN FOODS, SHL",Frozen Frozen Frozen Frozen Food Misc.
987,178529,8997,M-137,Mount Airy Baptist Church,481145,,OP/USDA,EMERGENCY-Agency,USDA,N-50-10312,1,0,0,2.16,12,HABERSHAM,0.18,4/9/2024 10:54,4/9/2024 10:46,Price Code 1,CONTACT FOR DELIVERY,False,Rabun Warehouse,02,30563.0,Mount Airy,USDA CHILI W/ BEANS CCC,Dry Dry Dry Dry Prepared Meals
198,176470,1047,S-112,Sharing and Caring - Clarkesville,479094,,FP/GNAP/USDA,FOOD PANTRY-Agency,USDA,N-50-10041,3,0,0,26.46,147,HABERSHAM,0.18,3/5/2024 13:49,3/5/2024 7:08,Price Code 1,CUSTOMER PICKUP,False,Rabun Warehouse,02,30523.0,Clarkesville,USDA RICE,Dry Dry Dry Dry Grains
1024,180084,2202,L-119,Life Church Baldwin,482692,,FP/USDA,MOBILE PANTRY-Agency,USDA,N-50-10240,5,0,0,19.8,110,HABERSHAM,0.18,5/10/2024 8:00,5/10/2024 14:24,Price Code 1,CUSTOMER PICKUP,False,Rabun Warehouse,02,30511.0,Baldwin,USDA SPAGHETTI,Dry Dry Dry Dry Grains
665,173863,2573,C-173,Clarkesville Church of God,477492,,FP/GNAP/USDA,FAITH-BASED-Agency,GNAP,N-40-10204,1,0,0,1.9,19,HABERSHAM,0.1,2/7/2024 9:35,2/7/2024 9:19,Price Code 1,CUSTOMER PICKUP,False,Food Bank of Northeast Georgia,01,30523.0,Clarkesville,GNAP CHICKEN & RICE SOUP,Dry Dry Dry Dry Prepared Meals
268,179101,5388,V-100,Victory Home / Helping Hand,481715,,ON PREMISES (OP),REHAB-Agency,BLUE RECEIPT-SHL,F-16-10001,87,0,0,15.66,87,HABERSHAM,0.18,4/17/2024 13:55,4/17/2024 10:28,Price Code 1,CUSTOMER PICKUP,False,Sharing Floor Rabun,02-SH,30573.0,Tallulah Falls,"ASSORTED FROZEN FOODS, SHL",Frozen Frozen Frozen Frozen Food Misc.
901,181786,696,H-150,Habersham County Senior Center,484390,,FP/USDA,SENIOR-Agency,LOCAL - LL,W-25-10000,28,0,0,5.04,28,HABERSHAM,0.18,6/3/2024 9:28,6/3/2024 9:43,Price Code 1,CUSTOMER PICKUP,False,Sharing Floor Athens,01-SH,30535.0,Demorest,"ASSORTED SNACK ITEMS, LL",Dry Dry Dry Dry Food Misc.
188,180408,3717,S-102,Sharing and Caring - Cornelia,483014,,FP/GNAP/USDA,FOOD PANTRY-Agency,GNAP,N-40-10154,6,0,0,0.0,120,HABERSHAM,0.0,5/15/2024 8:30,5/15/2024 7:19,Price Code 1,CONTACT FOR DELIVERY,False,Rabun Warehouse,02,30531.0,Cornelia,"GNAP APPLE JUICE, SINGLE SERVE",Dry Dry Dry Dry Beverages
623,175117,683,C-171,Clarkesville Soup Kitchen,477746,,OP/USDA,SOUP KITCHEN-Agency,BLUE RECEIPT-SHL,W-16-10001,180,0,0,32.4,180,HABERSHAM,0.18,2/5/2024 11:47,2/5/2024 10:23,Price Code 1,CUSTOMER PICKUP,False,Sharing Floor Rabun,02-SH,30523.0,Clarkesville,MISC. FOOD BOX SHL,Dry Dry Dry Dry Food Misc.
750,176768,683,C-176,Cornelia United Methodist Church,479391,,FP/OP,FOOD PANTRY-Agency,BLUE RECEIPT-SHL,W-16-10001,140,0,0,25.2,140,HABERSHAM,0.18,3/6/2024 12:32,3/6/2024 13:01,Price Code 1,CUSTOMER PICKUP,False,Sharing Floor Rabun,02-SH,30531.0,Cornelia,MISC. FOOD BOX SHL,Dry Dry Dry Dry Food Misc.
902,181317,8986,T-123,"The Lord's Help, Inc.",FAIMPORT483921,,ON PREMISES (OP),SOUP KITCHEN-Agency,BLUE RECEIPT-SHL,MCW-01-10001,15,0,0,0.0,15,HABERSHAM,0.0,5/21/2024 0:00,5/21/2024 0:00,Price Code 1,CUSTOMER PICKUP,False,Food Bank of Northeast Georgia,01,30531.0,Cornelia,"NON-FOOD ITEMS, SHL RETAIL PICKUPS",Dry Dry Dry Dry Non-Food Misc.
198,175757,7061,S-112,Sharing and Caring - Clarkesville,478385,,FP/GNAP/USDA,FOOD PANTRY-Agency,USDA,C-50-10021,2,0,0,8.4,84,HABERSHAM,0.1,2/20/2024 9:00,2/20/2024 8:30,Price Code 1,CUSTOMER PICKUP,False,Rabun Warehouse,02,30523.0,Clarkesville,USDA FRESH ORANGES,Cooled Cooled Cooled Cooled Fruits
649,178770,3943,G-132,Glade Creek Baptist Church,481384,,FP/GNAP/USDA,FAITH-BASED-Agency,USDA,N-50-10268,10,0,0,11.4,380,HABERSHAM,0.03,4/15/2024 9:25,4/15/2024 15:10,Price Code 1,CONTACT FOR DELIVERY,False,Rabun Warehouse,02,30563.0,Mt Airy,USDA APPLE JUICE,Dry Dry Dry Dry Beverages
55,180739,8973,C-116,Circle of Hope,FAIMPORT483345,,ON PREMISES (OP),SHELTER-Agency,BLUE RECEIPT-SHL,MCC-16-10001,46,0,0,0.0,46,HABERSHAM,0.0,5/13/2024 0:00,5/13/2024 0:00,Price Code 1,CUSTOMER PICKUP,False,Food Bank of Northeast Georgia,01,30531.0,Cornelia,"COOLER FOOD MISC., SHL RETAIL PICKUP",Dry Dry Dry Dry Food Misc.
560,178808,875,B-133,Ballew House Outreach,481422,,FP/OP/GNAP/USDA,FOOD PANTRY-Agency,BLUE RECEIPT-SHL,W-04-10000,26,0,0,0.0,26,HABERSHAM,0.0,4/11/2024 13:49,4/11/2024 11:31,Price Code 1,CUSTOMER PICKUP,False,Sharing Floor Rabun,02-SH,30510.0,Alto,"BREAD & BAKERY, ASSORTED SHL",Dry Dry Dry Dry Grains
329,180762,7008,O-109,Open Door Food Ministry (The Torch Church of God),483368,,FP/GNAP/USDA,FOOD PANTRY-Agency,LOCAL - LL,C-28-90443,50,0,0,0.0,1100,HABERSHAM,0.0,5/14/2024 14:23,5/14/2024 10:42,Price Code 1,CONTACT FOR DELIVERY,False,Food Bank of Northeast Georgia,01,30531.0,Cornelia,BELL PEPPERS,Cooled Cooled Cooled Cooled Vegetables
55,173770,690,C-116,Circle of Hope,477399,,ON PREMISES (OP),SHELTER-Agency,BLUE RECEIPT-SHL,W-03-10013,50,0,0,1.5,50,HABERSHAM,0.03,1/29/2024 12:27,1/29/2024 11:10,Price Code 1,CUSTOMER PICKUP,False,Sharing Floor Rabun,02-SH,30531.0,Cornelia,"ASSORTED BEVERAGES, SHL",Dry Dry Dry Dry Beverages
329,180762,6655,O-109,Open Door Food Ministry (The Torch Church of God),483368,,FP/GNAP/USDA,FOOD PANTRY-Agency,LOCAL - LL,C-28-90413,30,0,0,0.0,1500,HABERSHAM,0.0,5/14/2024 14:23,5/14/2024 10:42,Price Code 1,CONTACT FOR DELIVERY,False,Food Bank of Northeast Georgia,01,30531.0,Cornelia,CABBAGE,Cooled Cooled Cooled Cooled Vegetables
268,176063,5388,V-100,Victory Home / Helping Hand,478690,,ON PREMISES (OP),REHAB-Agency,BLUE RECEIPT-SHL,F-16-10001,41,0,0,7.38,41,HABERSHAM,0.18,2/23/2024 13:55,2/23/2024 7:21,Price Code 1,CUSTOMER PICKUP,False,Sharing Floor Rabun,02-SH,30573.0,Tallulah Falls,"ASSORTED FROZEN FOODS, SHL",Frozen Frozen Frozen Frozen Food Misc.
902,176091,5772,T-123,"The Lord's Help, Inc.",478718,,ON PREMISES (OP),SOUP KITCHEN-Agency,LOCAL - LL,C-28-10000,59,0,0,1.77,59,HABERSHAM,0.03,2/23/2024 15:19,2/23/2024 10:54,Price Code 1,CUSTOMER PICKUP,False,Sharing Floor Athens,01-SH,30531.0,Cornelia,"PRODUCE, FRESH LL",Cooled Cooled Cooled Cooled Mixed Produce
198,175850,5388,S-112,Sharing and Caring - Clarkesville,478478,,FP/GNAP/USDA,FOOD PANTRY-Agency,BLUE RECEIPT-SHL,F-16-10001,78,0,0,14.04,78,HABERSHAM,0.18,2/20/2024 13:49,2/20/2024 8:37,Price Code 1,CUSTOMER PICKUP,False,Sharing Floor Rabun,02-SH,30523.0,Clarkesville,"ASSORTED FROZEN FOODS, SHL",Frozen Frozen Frozen Frozen Food Misc.
649,175473,8620,G-132,Glade Creek Baptist Church,478102,,FP/GNAP/USDA,FAITH-BASED-Agency,GNAP,N-40-10260,2,0,0,3.6,36,HABERSHAM,0.1,2/15/2024 9:25,2/15/2024 6:58,Price Code 1,CONTACT FOR DELIVERY,False,Rabun Warehouse,02,30563.0,Mt Airy,GNAP CREAM OF CHICKEN SOUP,Dry Dry Dry Dry Prepared Meals
665,173452,5772,C-173,Clarkesville Church of God,477081,,FP/GNAP/USDA,FAITH-BASED-Agency,LOCAL - LL,C-28-10000,178,0,0,5.34,178,HABERSHAM,0.03,1/23/2024 9:35,1/23/2024 8:37,Price Code 1,CUSTOMER PICKUP,False,Sharing Floor Athens,01-SH,30523.0,Clarkesville,"PRODUCE, FRESH LL",Cooled Cooled Cooled Cooled Mixed Produce
750,179114,1045,C-176,Cornelia United Methodist Church,481727,,FP/OP,FOOD PANTRY-Agency,BLUE RECEIPT-SHL,W-25-10009,45,0,0,8.1,45,HABERSHAM,0.18,4/17/2024 12:32,4/17/2024 13:57,Price Code 1,CUSTOMER PICKUP,False,Sharing Floor Rabun,02-SH,30531.0,Cornelia,"ASSORTED SNACK ITEMS, SHL",Dry Dry Dry Dry Food Misc.
686,175149,683,H-154,Habersham Homeless Ministries,477778,,FP/USDA,FOOD PANTRY-Agency,BLUE RECEIPT-SHL,W-16-10001,19,0,0,3.42,19,HABERSHAM,0.18,2/5/2024 14:10,2/5/2024 15:25,Price Code 1,CUSTOMER PICKUP,False,Sharing Floor Rabun,02-SH,30523.0,Clarkesville,MISC. FOOD BOX SHL,Dry Dry Dry Dry Food Misc.
560,182182,688,B-133,Ballew House Outreach,484786,,FP/OP/GNAP/USDA,FOOD PANTRY-Agency,BLUE RECEIPT-SHL,W-01-10000,139,0,0,25.02,139,HABERSHAM,0.18,6/13/2024 13:49,6/13/2024 11:52,Price Code 1,CUSTOMER PICKUP,False,Sharing Floor Rabun,02-SH,30510.0,Alto,"ASSORTED NON-FOOD ITEMS, SHL",Dry Dry Dry Dry Non-Food Misc.
329,177124,8940,O-109,Open Door Food Ministry (The Torch Church of God),479745,,FP/GNAP/USDA,FOOD PANTRY-Agency,BLUE RECEIPT-SHL,C-28-90531,36,0,0,0.0,1872,HABERSHAM,0.0,3/12/2024 14:23,3/27/2024 10:04,Price Code 1,TRUCK 1 MOBILE PANTRY,False,Food Bank of Northeast Georgia,01,30531.0,Cornelia,"CABBAGE, SHL 50#",Cooled Cooled Cooled Cooled Vegetables
329,177403,8620,O-109,Open Door Food Ministry (The Torch Church of God),480023,,FP/GNAP/USDA,FOOD PANTRY-Agency,GNAP,N-40-10260,50,0,0,0.0,900,HABERSHAM,0.0,3/20/2024 14:23,3/20/2024 7:08,Price Code 1,CONTACT FOR DELIVERY,False,Rabun Warehouse,02,30531.0,Cornelia,GNAP CREAM OF CHICKEN SOUP,Dry Dry Dry Dry Prepared Meals
665,182413,5958,C-173,Clarkesville Church of God,485017,,FP/GNAP/USDA,FAITH-BASED-Agency,BLUE RECEIPT-SHL,C-16-10001,28,0,0,5.04,28,HABERSHAM,0.18,6/20/2024 9:35,6/20/2024 8:27,Price Code 1,CUSTOMER PICKUP,False,Sharing Floor Athens,01-SH,30523.0,Clarkesville,"COOLER FOOD, MISC. SHL",Cooled Cooled Cooled Cooled Food Misc.
649,180418,7298,G-132,Glade Creek Baptist Church,483024,,FP/GNAP/USDA,FAITH-BASED-Agency,GNAP,N-40-10248,4,0,0,0.0,56,HABERSHAM,0.0,5/14/2024 8:30,5/14/2024 7:27,Price Code 1,CONTACT FOR DELIVERY,False,Rabun Warehouse,02,30563.0,Mt Airy,GNAP BAKING AND BISCUIT MIX,Dry Dry Dry Dry Grains
649,172555,2862,G-132,Glade Creek Baptist Church,476186,,FP/GNAP/USDA,FAITH-BASED-Agency,USDA,N-50-10115,4,0,0,19.44,108,HABERSHAM,0.18,1/9/2024 9:25,1/9/2024 14:55,Price Code 1,CONTACT FOR DELIVERY,False,Rabun Warehouse,02,30563.0,Mt Airy,USDA DARK RED KIDNEY BEANS CCC,Dry Dry Dry Dry Proteins
665,175966,8915,C-173,Clarkesville Church of God,478594,,FP/GNAP/USDA,FAITH-BASED-Agency,USDA,F-50-90474,1,0,0,4.0,40,HABERSHAM,0.1,3/6/2024 9:35,3/11/2024 9:35,Price Code 1,CUSTOMER PICKUP,False,Food Bank of Northeast Georgia,01,30523.0,Clarkesville,USDA PACIFIC SALAD SHRIMP,Frozen Frozen Frozen Frozen Proteins
902,180980,8975,T-123,"The Lord's Help, Inc.",FAIMPORT483585,,ON PREMISES (OP),SOUP KITCHEN-Agency,BLUE RECEIPT-SHL,MCC-07-10001,70,0,0,0.0,70,HABERSHAM,0.0,5/14/2024 0:00,5/14/2024 0:00,Price Code 1,CUSTOMER PICKUP,False,Food Bank of Northeast Georgia,01,30531.0,Cornelia,"DAIRY PRODUCTS, SHL RETAIL PICKUPS",Dry Dry Dry Dry Dairy
665,177367,8906,C-173,Clarkesville Church of God,479987,,FP/GNAP/USDA,FAITH-BASED-Agency,GNAP,N-40-10266,1,0,0,0.0,20,HABERSHAM,0.0,3/20/2024 9:35,3/20/2024 9:12,Price Code 1,CUSTOMER PICKUP,False,Food Bank of Northeast Georgia,01,30523.0,Clarkesville,GNAP SPAGHETTI,Dry Dry Dry Dry Grains
665,175933,1045,C-173,Clarkesville Church of God,478561,,FP/GNAP/USDA,FAITH-BASED-Agency,BLUE RECEIPT-SHL,W-25-10009,52,0,0,9.36,52,HABERSHAM,0.18,2/21/2024 9:35,2/21/2024 8:34,Price Code 1,CUSTOMER PICKUP,False,Sharing Floor Athens,01-SH,30523.0,Clarkesville,"ASSORTED SNACK ITEMS, SHL",Dry Dry Dry Dry Food Misc.
649,180418,9025,G-132,Glade Creek Baptist Church,483024,,FP/GNAP/USDA,FAITH-BASED-Agency,YELLOW RECEIPT - SHN,N-11-11072,10,0,0,16.2,90,HABERSHAM,0.18,5/14/2024 8:30,5/14/2024 7:27,Price Code 1,CONTACT FOR DELIVERY,False,Rabun Warehouse,02,30563.0,Mt Airy,MRS BUTTERSWORTHS SMORES PANCAKE KIT,Dry Dry Dry Dry Food Misc.
329,172495,170,O-109,Open Door Food Ministry (The Torch Church of God),476126,,FP/GNAP/USDA,FOOD PANTRY-Agency,USDA,N-50-10007,25,0,0,0.0,700,HABERSHAM,0.0,1/6/2024 7:00,1/9/2024 11:26,Price Code 1,TRUCK 1 MOBILE PANTRY,False,Food Bank of Northeast Georgia,01,30531.0,Cornelia,"USDA CORN, WHOLE KERNEL NO SALT",Dry Dry Dry Dry Vegetables
329,180762,5388,O-109,Open Door Food Ministry (The Torch Church of God),483368,,FP/GNAP/USDA,FOOD PANTRY-Agency,BLUE RECEIPT-SHL,F-16-10001,595,0,0,59.5,595,HABERSHAM,0.1,5/14/2024 14:23,5/14/2024 10:42,Price Code 1,CONTACT FOR DELIVERY,False,Food Bank of Northeast Georgia,01,30531.0,Cornelia,"ASSORTED FROZEN FOODS, SHL",Frozen Frozen Frozen Frozen Food Misc.
560,172932,5388,B-133,Ballew House Outreach,476563,,FP/OP/GNAP/USDA,FOOD PANTRY-Agency,BLUE RECEIPT-SHL,F-16-10001,97,0,0,17.46,97,HABERSHAM,0.18,1/11/2024 13:49,1/11/2024 11:31,Price Code 1,CUSTOMER PICKUP,False,Sharing Floor Rabun,02-SH,30510.0,Alto,"ASSORTED FROZEN FOODS, SHL",Frozen Frozen Frozen Frozen Food Misc.
809,182580,8970,B-123,Breaking Chains Ministries d.b.a Freedom Hill,FAIMPORT485183,,ON PREMISES (OP),REHAB-Agency,BLUE RECEIPT-SHL,MCW-16-10001,9,0,0,0.0,9,HABERSHAM,0.0,6/21/2024 0:00,6/21/2024 0:00,Price Code 1,CUSTOMER PICKUP,False,Food Bank of Northeast Georgia,01,30535.0,Demorest,"MISC. FOOD BOX, SHL RETAIL PICKUP",Dry Dry Dry Dry Food Misc.
632,175817,2960,H-141,Hazel Creek Baptist Church,478445,,FP/USDA,FOOD PANTRY-Agency,USDA,N-50-10247,2,0,0,12.96,72,HABERSHAM,0.18,2/22/2024 8:32,2/23/2024 7:38,Price Code 1,CUSTOMER PICKUP,False,Rabun Warehouse,02,30563.0,Mt. Airy,USDA BEEF STEW POUCHES CCC,Dry Dry Dry Dry Prepared Meals
649,180418,3717,G-132,Glade Creek Baptist Church,483024,,FP/GNAP/USDA,FAITH-BASED-Agency,GNAP,N-40-10154,8,0,0,0.0,160,HABERSHAM,0.0,5/14/2024 8:30,5/14/2024 7:27,Price Code 1,CONTACT FOR DELIVERY,False,Rabun Warehouse,02,30563.0,Mt Airy,"GNAP APPLE JUICE, SINGLE SERVE",Dry Dry Dry Dry Beverages
649,178770,8682,G-132,Glade Creek Baptist Church,481384,,FP/GNAP/USDA,FAITH-BASED-Agency,BLUE RECEIPT-SHL,N-03-11727,6,0,0,0.0,168,HABERSHAM,0.0,4/15/2024 9:25,4/15/2024 15:10,Price Code 1,CONTACT FOR DELIVERY,False,Rabun Warehouse,02,30563.0,Mt Airy,LIPTON DIET GREEN TEA CITRUS,Dry Dry Dry Dry Beverages
198,179414,688,S-112,Sharing and Caring - Clarkesville,482027,,FP/GNAP/USDA,FOOD PANTRY-Agency,BLUE RECEIPT-SHL,W-01-10000,92,0,0,16.56,92,HABERSHAM,0.18,4/23/2024 13:49,4/23/2024 8:34,Price Code 1,CUSTOMER PICKUP,False,Sharing Floor Rabun,02-SH,30523.0,Clarkesville,"ASSORTED NON-FOOD ITEMS, SHL",Dry Dry Dry Dry Non-Food Misc.
556,175736,683,P-123,"Pilgrim Ministries, Inc.",478364,,ON PREMISES (OP),REHAB-Agency,BLUE RECEIPT-SHL,W-16-10001,49,0,0,8.82,49,HABERSHAM,0.18,2/16/2024 14:14,2/16/2024 8:55,Price Code 1,CUSTOMER PICKUP,False,Sharing Floor Rabun,02-SH,30523.0,Clarkesville,MISC. FOOD BOX SHL,Dry Dry Dry Dry Food Misc.
809,182373,8973,B-123,Breaking Chains Ministries d.b.a Freedom Hill,FAIMPORT484977,,ON PREMISES (OP),REHAB-Agency,BLUE RECEIPT-SHL,MCC-16-10001,2,0,0,0.0,2,HABERSHAM,0.0,6/17/2024 0:00,6/17/2024 0:00,Price Code 1,CUSTOMER PICKUP,False,Food Bank of Northeast Georgia,01,30535.0,Demorest,"COOLER FOOD MISC., SHL RETAIL PICKUP",Dry Dry Dry Dry Food Misc.
902,182154,8970,T-123,"The Lord's Help, Inc.",FAIMPORT484758,,ON PREMISES (OP),SOUP KITCHEN-Agency,BLUE RECEIPT-SHL,MCW-16-10001,110,0,0,0.0,110,HABERSHAM,0.0,6/11/2024 0:00,6/11/2024 0:00,Price Code 1,CUSTOMER PICKUP,False,Food Bank of Northeast Georgia,01,30531.0,Cornelia,"MISC. FOOD BOX, SHL RETAIL PICKUP",Dry Dry Dry Dry Food Misc.
188,175583,5407,S-102,Sharing and Caring - Cornelia,478211,,FP/GNAP/USDA,FOOD PANTRY-Agency,BLUE RECEIPT-SHL,F-15-10000,85,0,0,15.3,85,HABERSHAM,0.18,2/13/2024 13:47,2/13/2024 14:11,Price Code 1,CUSTOMER PICKUP,False,Sharing Floor Athens,01-SH,30531.0,Cornelia,"MEAT & SEAFOOD, FROZEN SHL",Frozen Frozen Frozen Frozen Proteins
623,173728,842,C-171,Clarkesville Soup Kitchen,477357,,OP/USDA,SOUP KITCHEN-Agency,USDA,N-50-10021,1,0,0,4.86,27,HABERSHAM,0.18,2/5/2024 13:47,2/5/2024 10:21,Price Code 1,CUSTOMER PICKUP,False,Rabun Warehouse,02,30523.0,Clarkesville,USDA DICED TOMATOES NO SALT CCC,Dry Dry Dry Dry Vegetables
665,180400,875,C-173,Clarkesville Church of God,483006,,FP/GNAP/USDA,FAITH-BASED-Agency,BLUE RECEIPT-SHL,W-04-10000,27,0,0,0.0,27,HABERSHAM,0.0,5/8/2024 9:35,5/8/2024 8:38,Price Code 1,CUSTOMER PICKUP,False,Sharing Floor Athens,01-SH,30523.0,Clarkesville,"BREAD & BAKERY, ASSORTED SHL",Dry Dry Dry Dry Grains
665,180195,9024,C-173,Clarkesville Church of God,482801,,FP/GNAP/USDA,FAITH-BASED-Agency,YELLOW RECEIPT - SHN,N-26-11582,2,0,0,2.52,14,HABERSHAM,0.18,5/8/2024 10:20,5/8/2024 9:02,Price Code 1,CUSTOMER PICKUP,False,Food Bank of Northeast Georgia,01,30523.0,Clarkesville,DUNCAN HINES CHOCOLATE FROSTING,Dry Dry Dry Dry Food Misc.
329,179922,4737,O-109,Open Door Food Ministry (The Torch Church of God),482533,,FP/GNAP/USDA,FOOD PANTRY-Agency,USDA,F-50-90456,40,0,0,0.0,1600,HABERSHAM,0.0,5/4/2024 7:00,5/4/2024 6:01,Price Code 1,TRACTOR TRAILER 1 MOBILE PANTRY,False,Food Bank of Northeast Georgia,01,30531.0,Cornelia,USDA PORK PATTY,Frozen Frozen Frozen Frozen Proteins
632,176068,875,H-141,Hazel Creek Baptist Church,478695,,FP/USDA,FOOD PANTRY-Agency,BLUE RECEIPT-SHL,W-04-10000,81,0,0,0.0,81,HABERSHAM,0.0,2/23/2024 8:32,2/23/2024 7:38,Price Code 1,CUSTOMER PICKUP,False,Sharing Floor Rabun,02-SH,30563.0,Mt. Airy,"BREAD & BAKERY, ASSORTED SHL",Dry Dry Dry Dry Grains
329,177124,8992,O-109,Open Door Food Ministry (The Torch Church of God),479745,,FP/GNAP/USDA,FOOD PANTRY-Agency,USDA,F-50-90475,42,0,0,84.0,1680,HABERSHAM,0.05,3/12/2024 14:23,3/27/2024 10:04,Price Code 1,TRUCK 1 MOBILE PANTRY,False,Food Bank of Northeast Georgia,01,30531.0,Cornelia,USDA PORK TACO FILLING FULLY COOKED CCC,Frozen Frozen Frozen Frozen Proteins
623,179367,5407,C-171,Clarkesville Soup Kitchen,481980,,OP/USDA,SOUP KITCHEN-Agency,BLUE RECEIPT-SHL,F-15-10000,34,0,0,6.12,34,HABERSHAM,0.18,4/22/2024 11:47,4/22/2024 10:39,Price Code 1,CUSTOMER PICKUP,False,Sharing Floor Rabun,02-SH,30523.0,Clarkesville,"MEAT & SEAFOOD, FROZEN SHL",Frozen Frozen Frozen Frozen Proteins
809,182372,8974,B-123,Breaking Chains Ministries d.b.a Freedom Hill,FAIMPORT484976,,ON PREMISES (OP),REHAB-Agency,BLUE RECEIPT-SHL,MCW-04-10000,8,0,0,0.0,8,HABERSHAM,0.0,6/14/2024 0:00,6/14/2024 0:00,Price Code 1,CUSTOMER PICKUP,False,Food Bank of Northeast Georgia,01,30535.0,Demorest,"BREAD AND BAKERY, SHL RETAIL PICKUPS",Dry Dry Dry Dry Grains
188,180408,8969,S-102,Sharing and Caring - Cornelia,483014,,FP/GNAP/USDA,FOOD PANTRY-Agency,YELLOW RECEIPT - SHN,N-27-10135,6,0,0,1.62,162,HABERSHAM,0.01,5/15/2024 8:30,5/15/2024 7:19,Price Code 1,CONTACT FOR DELIVERY,False,Rabun Warehouse,02,30531.0,Cornelia,"HUNTS TOMATO SAUCE, BAG AND BOX",Dry Dry Dry Dry Vegetables
329,178306,4737,O-109,Open Door Food Ministry (The Torch Church of God),480922,,FP/GNAP/USDA,FOOD PANTRY-Agency,USDA,F-50-90456,45,0,0,0.0,1800,HABERSHAM,0.0,4/6/2024 7:30,4/16/2024 9:05,Price Code 1,TRACTOR TRAILER 1 MOBILE PANTRY,False,Food Bank of Northeast Georgia,01,30531.0,Cornelia,USDA PORK PATTY,Frozen Frozen Frozen Frozen Proteins
750,178674,5388,C-176,Cornelia United Methodist Church,481290,,FP/OP,FOOD PANTRY-Agency,BLUE RECEIPT-SHL,F-16-10001,90,0,0,16.2,90,HABERSHAM,0.18,4/10/2024 12:32,4/10/2024 13:36,Price Code 1,CUSTOMER PICKUP,False,Sharing Floor Rabun,02-SH,30531.0,Cornelia,"ASSORTED FROZEN FOODS, SHL",Frozen Frozen Frozen Frozen Food Misc.
198,175850,683,S-112,Sharing and Caring - Clarkesville,478478,,FP/GNAP/USDA,FOOD PANTRY-Agency,BLUE RECEIPT-SHL,W-16-10001,153,0,0,27.54,153,HABERSHAM,0.18,2/20/2024 13:49,2/20/2024 8:37,Price Code 1,CUSTOMER PICKUP,False,Sharing Floor Rabun,02-SH,30523.0,Clarkesville,MISC. FOOD BOX SHL,Dry Dry Dry Dry Food Misc.
869,173465,690,H-152,Homestead Recovery for Women,477094,,ON PREMISES (OP),REHAB-Agency,BLUE RECEIPT-SHL,W-03-10013,126,0,0,0.0,126,HABERSHAM,0.0,1/23/2024 10:35,1/23/2024 10:37,Price Code 1,CUSTOMER PICKUP,False,Sharing Floor Athens,01-SH,30523.0,Clarkesville,"ASSORTED BEVERAGES, SHL",Dry Dry Dry Dry Beverages
809,182159,8972,B-123,Breaking Chains Ministries d.b.a Freedom Hill,FAIMPORT484763,,ON PREMISES (OP),REHAB-Agency,BLUE RECEIPT-SHL,MCF-15-10000,21,0,0,0.0,21,HABERSHAM,0.0,6/10/2024 0:00,6/10/2024 0:00,Price Code 1,CUSTOMER PICKUP,False,Food Bank of Northeast Georgia,01,30535.0,Demorest,"FROZEN MEAT & SEAFOOD, SHL RETAIL PICKUP",Dry Dry Dry Dry Proteins
1024,180084,800,L-119,Life Church Baldwin,482692,,FP/USDA,MOBILE PANTRY-Agency,USDA,N-50-10065,9,0,0,43.74,243,HABERSHAM,0.18,5/10/2024 8:00,5/10/2024 14:24,Price Code 1,CUSTOMER PICKUP,False,Rabun Warehouse,02,30511.0,Baldwin,USDA APPLESAUCE,Dry Dry Dry Dry Fruits
623,175117,5388,C-171,Clarkesville Soup Kitchen,477746,,OP/USDA,SOUP KITCHEN-Agency,BLUE RECEIPT-SHL,F-16-10001,15,0,0,2.7,15,HABERSHAM,0.18,2/5/2024 11:47,2/5/2024 10:23,Price Code 1,CUSTOMER PICKUP,False,Sharing Floor Rabun,02-SH,30523.0,Clarkesville,"ASSORTED FROZEN FOODS, SHL",Frozen Frozen Frozen Frozen Food Misc.
632,177076,84,H-141,Hazel Creek Baptist Church,479698,,FP/USDA,FOOD PANTRY-Agency,USDA,N-50-10006,2,0,0,9.72,54,HABERSHAM,0.18,3/14/2024 8:32,3/14/2024 12:54,Price Code 1,CUSTOMER PICKUP,False,Rabun Warehouse,02,30563.0,Mt. Airy,USDA GREEN BEANS,Dry Dry Dry Dry Vegetables
649,172555,8784,G-132,Glade Creek Baptist Church,476186,,FP/GNAP/USDA,FAITH-BASED-Agency,USDA,N-50-10309,4,0,0,19.44,108,HABERSHAM,0.18,1/9/2024 9:25,1/9/2024 14:55,Price Code 1,CONTACT FOR DELIVERY,False,Rabun Warehouse,02,30563.0,Mt Airy,USDA CANNED SALMON CCC,Dry Dry Dry Dry Proteins
623,178829,4449,C-171,Clarkesville Soup Kitchen,481443,,OP/USDA,SOUP KITCHEN-Agency,USDA,F-50-90445,1,0,0,4.1,41,HABERSHAM,0.1,4/22/2024 10:30,4/22/2024 10:29,Price Code 1,CUSTOMER PICKUP,False,Rabun Warehouse,02,30523.0,Clarkesville,USDA FULLY COOKED PULLED PORK CCC,Frozen Frozen Frozen Frozen Proteins
649,172555,8627,G-132,Glade Creek Baptist Church,476186,,FP/GNAP/USDA,FAITH-BASED-Agency,USDA,N-50-10300,4,0,0,10.08,56,HABERSHAM,0.18,1/9/2024 9:25,1/9/2024 14:55,Price Code 1,CONTACT FOR DELIVERY,False,Rabun Warehouse,02,30563.0,Mt Airy,USDA CANNED COLLARD GREENS CCC,Dry Dry Dry Dry Vegetables
649,180418,7151,G-132,Glade Creek Baptist Church,483024,,FP/GNAP/USDA,FAITH-BASED-Agency,GNAP,N-40-10232,2,0,0,0.0,20,HABERSHAM,0.0,5/14/2024 8:30,5/14/2024 7:27,Price Code 1,CONTACT FOR DELIVERY,False,Rabun Warehouse,02,30563.0,Mt Airy,GNAP STROGANOFF DINNER POUCH,Dry Dry Dry Dry Prepared Meals
329,181607,4269,O-109,Open Door Food Ministry (The Torch Church of God),484211,,FP/GNAP/USDA,FOOD PANTRY-Agency,USDA,N-50-10273,50,0,0,0.0,1200,HABERSHAM,0.0,5/30/2024 14:23,6/1/2024 9:10,Price Code 1,TRACTOR TRAILER 1 MOBILE PANTRY,False,Food Bank of Northeast Georgia,01,30531.0,Cornelia,USDA DRY NAVY BEANS CCC,Dry Dry Dry Dry Proteins
665,175933,875,C-173,Clarkesville Church of God,478561,,FP/GNAP/USDA,FAITH-BASED-Agency,BLUE RECEIPT-SHL,W-04-10000,10,0,0,0.0,10,HABERSHAM,0.0,2/21/2024 9:35,2/21/2024 8:34,Price Code 1,CUSTOMER PICKUP,False,Sharing Floor Athens,01-SH,30523.0,Clarkesville,"BREAD & BAKERY, ASSORTED SHL",Dry Dry Dry Dry Grains
665,180195,8994,C-173,Clarkesville Church of God,482801,,FP/GNAP/USDA,FAITH-BASED-Agency,GNAP,N-40-10269,6,0,0,0.0,162,HABERSHAM,0.0,5/8/2024 10:20,5/8/2024 9:02,Price Code 1,CUSTOMER PICKUP,False,Food Bank of Northeast Georgia,01,30523.0,Clarkesville,"GNAP GREEN BEANS, WHOLE",Dry Dry Dry Dry Vegetables
329,173840,8915,O-109,Open Door Food Ministry (The Torch Church of God),477469,,FP/GNAP/USDA,FOOD PANTRY-Agency,USDA,F-50-90474,72,0,0,0.0,2880,HABERSHAM,0.0,2/3/2024 7:00,2/14/2024 13:16,Price Code 1,TRACTOR TRAILER 1 MOBILE PANTRY,False,Food Bank of Northeast Georgia,01,30531.0,Cornelia,USDA PACIFIC SALAD SHRIMP,Frozen Frozen Frozen Frozen Proteins
665,180195,9044,C-173,Clarkesville Church of God,482801,,FP/GNAP/USDA,FAITH-BASED-Agency,GNAP,N-40-10278,3,0,0,0.0,24,HABERSHAM,0.0,5/8/2024 10:20,5/8/2024 9:02,Price Code 1,CUSTOMER PICKUP,False,Food Bank of Northeast Georgia,01,30523.0,Clarkesville,"GNAP PASTA SIDE, ALFREDO ",Dry Dry Dry Dry Prepared Meals
809,182372,8970,B-123,Breaking Chains Ministries d.b.a Freedom Hill,FAIMPORT484976,,ON PREMISES (OP),REHAB-Agency,BLUE RECEIPT-SHL,MCW-16-10001,21,0,0,0.0,21,HABERSHAM,0.0,6/14/2024 0:00,6/14/2024 0:00,Price Code 1,CUSTOMER PICKUP,False,Food Bank of Northeast Georgia,01,30535.0,Demorest,"MISC. FOOD BOX, SHL RETAIL PICKUP",Dry Dry Dry Dry Food Misc.
55,179848,690,C-116,Circle of Hope,482459,,ON PREMISES (OP),SHELTER-Agency,BLUE RECEIPT-SHL,W-03-10013,105,0,0,3.15,105,HABERSHAM,0.03,4/30/2024 12:27,4/30/2024 8:39,Price Code 1,CUSTOMER PICKUP,False,Sharing Floor Rabun,02-SH,30531.0,Cornelia,"ASSORTED BEVERAGES, SHL",Dry Dry Dry Dry Beverages
329,178306,8992,O-109,Open Door Food Ministry (The Torch Church of God),480922,,FP/GNAP/USDA,FOOD PANTRY-Agency,USDA,F-50-90475,34,0,0,0.0,1360,HABERSHAM,0.0,4/6/2024 7:30,4/16/2024 9:05,Price Code 1,TRACTOR TRAILER 1 MOBILE PANTRY,False,Food Bank of Northeast Georgia,01,30531.0,Cornelia,USDA PORK TACO FILLING FULLY COOKED CCC,Frozen Frozen Frozen Frozen Proteins
665,173863,8929,C-173,Clarkesville Church of God,477492,,FP/GNAP/USDA,FAITH-BASED-Agency,BLUE RECEIPT-SHL,N-03-11804,2,0,0,0.0,36,HABERSHAM,0.0,2/7/2024 9:35,2/7/2024 9:19,Price Code 1,CUSTOMER PICKUP,False,Food Bank of Northeast Georgia,01,30523.0,Clarkesville,GATORADE GRAPE LOWER SUGAR,Dry Dry Dry Dry Beverages
902,172939,5958,T-123,"The Lord's Help, Inc.",476570,,ON PREMISES (OP),SOUP KITCHEN-Agency,BLUE RECEIPT-SHL,C-16-10001,18,0,0,3.24,18,HABERSHAM,0.18,1/11/2024 15:19,1/11/2024 11:43,Price Code 1,CUSTOMER PICKUP,False,Sharing Floor Athens,01-SH,30531.0,Cornelia,"COOLER FOOD, MISC. SHL",Cooled Cooled Cooled Cooled Food Misc.
198,180392,3203,S-112,Sharing and Caring - Clarkesville,482998,,FP/GNAP/USDA,FOOD PANTRY-Agency,USDA,N-50-10289,4,0,0,18.0,100,HABERSHAM,0.18,5/14/2024 8:45,5/14/2024 7:31,Price Code 1,CUSTOMER PICKUP,False,Rabun Warehouse,02,30523.0,Clarkesville,USDA PECAN PIECES,Dry Dry Dry Dry Proteins
329,175851,8940,O-109,Open Door Food Ministry (The Torch Church of God),478479,,FP/GNAP/USDA,FOOD PANTRY-Agency,BLUE RECEIPT-SHL,C-28-90531,42,0,0,0.0,2184,HABERSHAM,0.0,2/20/2024 14:23,2/20/2024 11:45,Price Code 1,TRUCK 1,False,Food Bank of Northeast Georgia,01,30531.0,Cornelia,"CABBAGE, SHL 50#",Cooled Cooled Cooled Cooled Vegetables
649,180418,9044,G-132,Glade Creek Baptist Church,483024,,FP/GNAP/USDA,FAITH-BASED-Agency,GNAP,N-40-10278,2,0,0,0.0,16,HABERSHAM,0.0,5/14/2024 8:30,5/14/2024 7:27,Price Code 1,CONTACT FOR DELIVERY,False,Rabun Warehouse,02,30563.0,Mt Airy,"GNAP PASTA SIDE, ALFREDO ",Dry Dry Dry Dry Prepared Meals
809,181845,8975,B-123,Breaking Chains Ministries d.b.a Freedom Hill,FAIMPORT484449,,ON PREMISES (OP),REHAB-Agency,BLUE RECEIPT-SHL,MCC-07-10001,12,0,0,0.0,12,HABERSHAM,0.0,6/3/2024 0:00,6/3/2024 0:00,Price Code 1,CUSTOMER PICKUP,False,Food Bank of Northeast Georgia,01,30535.0,Demorest,"DAIRY PRODUCTS, SHL RETAIL PICKUPS",Dry Dry Dry Dry Dairy
198,173821,1045,S-112,Sharing and Caring - Clarkesville,477450,,FP/GNAP/USDA,FOOD PANTRY-Agency,BLUE RECEIPT-SHL,W-25-10009,58,0,0,10.44,58,HABERSHAM,0.18,1/30/2024 13:49,1/30/2024 9:09,Price Code 1,CUSTOMER PICKUP,False,Sharing Floor Rabun,02-SH,30523.0,Clarkesville,"ASSORTED SNACK ITEMS, SHL",Dry Dry Dry Dry Food Misc.
665,180195,123,C-173,Clarkesville Church of God,482801,,FP/GNAP/USDA,FAITH-BASED-Agency,GNAP,N-40-10002,10,0,0,0.0,150,HABERSHAM,0.0,5/8/2024 10:20,5/8/2024 9:02,Price Code 1,CUSTOMER PICKUP,False,Food Bank of Northeast Georgia,01,30523.0,Clarkesville,GNAP PEANUT BUTTER,Dry Dry Dry Dry Proteins
665,177035,696,C-173,Clarkesville Church of God,479657,,FP/GNAP/USDA,FAITH-BASED-Agency,LOCAL - LL,W-25-10000,13,0,0,2.34,13,HABERSHAM,0.18,3/11/2024 9:35,3/11/2024 8:43,Price Code 1,CUSTOMER PICKUP,False,Sharing Floor Athens,01-SH,30523.0,Clarkesville,"ASSORTED SNACK ITEMS, LL",Dry Dry Dry Dry Food Misc.
560,178549,8690,B-133,Ballew House Outreach,481165,,FP/OP/GNAP/USDA,FOOD PANTRY-Agency,USDA,N-50-10302,3,0,0,7.56,42,HABERSHAM,0.18,4/11/2024 13:49,4/11/2024 11:00,Price Code 1,CUSTOMER PICKUP,False,Rabun Warehouse,02,30510.0,Alto,USDA GREEN BEANS CCC,Dry Dry Dry Dry Vegetables
632,179128,5388,H-141,Hazel Creek Baptist Church,481741,,FP/USDA,FOOD PANTRY-Agency,BLUE RECEIPT-SHL,F-16-10001,57,0,0,10.26,57,HABERSHAM,0.18,4/17/2024 8:32,4/17/2024 15:39,Price Code 1,CUSTOMER PICKUP,False,Sharing Floor Rabun,02-SH,30563.0,Mt. Airy,"ASSORTED FROZEN FOODS, SHL",Frozen Frozen Frozen Frozen Food Misc.
665,180400,5938,C-173,Clarkesville Church of God,483006,,FP/GNAP/USDA,FAITH-BASED-Agency,BLUE RECEIPT-SHL,C-28-10001,138,0,0,4.14,138,HABERSHAM,0.03,5/8/2024 9:35,5/8/2024 8:38,Price Code 1,CUSTOMER PICKUP,False,Sharing Floor Athens,01-SH,30523.0,Clarkesville,"PRODUCE, FRESH SHL",Cooled Cooled Cooled Cooled Mixed Produce
632,177076,7082,H-141,Hazel Creek Baptist Church,479698,,FP/USDA,FOOD PANTRY-Agency,USDA,C-50-10033,2,0,0,0.0,24,HABERSHAM,0.0,3/14/2024 8:32,3/14/2024 12:54,Price Code 1,CUSTOMER PICKUP,False,Rabun Warehouse,02,30563.0,Mt. Airy,USDA SHREDDED YELLOW CHEDDAR CHEESE CCC,Cooled Cooled Cooled Cooled Dairy
188,175583,875,S-102,Sharing and Caring - Cornelia,478211,,FP/GNAP/USDA,FOOD PANTRY-Agency,BLUE RECEIPT-SHL,W-04-10000,50,0,0,0.0,50,HABERSHAM,0.0,2/13/2024 13:47,2/13/2024 14:11,Price Code 1,CUSTOMER PICKUP,False,Sharing Floor Athens,01-SH,30531.0,Cornelia,"BREAD & BAKERY, ASSORTED SHL",Dry Dry Dry Dry Grains
329,182094,6780,O-109,Open Door Food Ministry (The Torch Church of God),484698,,FP/GNAP/USDA,FOOD PANTRY-Agency,USDA,C-50-10024,42,0,0,0.0,1806,HABERSHAM,0.0,6/11/2024 14:23,6/12/2024 11:12,Price Code 1,TRUCK 1,False,Food Bank of Northeast Georgia,01,30531.0,Cornelia,USDA APPLES,Cooled Cooled Cooled Cooled Fruits
198,181866,5388,S-112,Sharing and Caring - Clarkesville,484470,,FP/GNAP/USDA,FOOD PANTRY-Agency,BLUE RECEIPT-SHL,F-16-10001,76,0,0,13.68,76,HABERSHAM,0.18,6/4/2024 13:49,6/4/2024 8:36,Price Code 1,CUSTOMER PICKUP,False,Sharing Floor Rabun,02-SH,30523.0,Clarkesville,"ASSORTED FROZEN FOODS, SHL",Frozen Frozen Frozen Frozen Food Misc.
268,179957,5388,V-100,Victory Home / Helping Hand,482566,,ON PREMISES (OP),REHAB-Agency,BLUE RECEIPT-SHL,F-16-10001,58,0,0,10.44,58,HABERSHAM,0.18,5/1/2024 13:55,5/1/2024 10:57,Price Code 1,CUSTOMER PICKUP,False,Sharing Floor Rabun,02-SH,30573.0,Tallulah Falls,"ASSORTED FROZEN FOODS, SHL",Frozen Frozen Frozen Frozen Food Misc.
869,172636,5772,H-152,Homestead Recovery for Women,476267,,ON PREMISES (OP),REHAB-Agency,LOCAL - LL,C-28-10000,44,0,0,1.32,44,HABERSHAM,0.03,1/5/2024 10:35,1/5/2024 15:00,Price Code 1,CUSTOMER PICKUP,False,Sharing Floor Athens,01-SH,30523.0,Clarkesville,"PRODUCE, FRESH LL",Cooled Cooled Cooled Cooled Mixed Produce
198,179846,690,S-112,Sharing and Caring - Clarkesville,482457,,FP/GNAP/USDA,FOOD PANTRY-Agency,BLUE RECEIPT-SHL,W-03-10013,201,0,0,6.03,201,HABERSHAM,0.03,4/30/2024 13:49,4/30/2024 8:36,Price Code 1,CUSTOMER PICKUP,False,Sharing Floor Rabun,02-SH,30523.0,Clarkesville,"ASSORTED BEVERAGES, SHL",Dry Dry Dry Dry Beverages
329,181607,9084,O-109,Open Door Food Ministry (The Torch Church of God),484211,,FP/GNAP/USDA,FOOD PANTRY-Agency,USDA,N-50-10315,25,0,0,0.0,675,HABERSHAM,0.0,5/30/2024 14:23,6/1/2024 9:10,Price Code 1,TRACTOR TRAILER 1 MOBILE PANTRY,False,Food Bank of Northeast Georgia,01,30531.0,Cornelia,USDA CANNED SALMON,Dry Dry Dry Dry Proteins
665,173122,8766,C-173,Clarkesville Church of God,476752,,FP/GNAP/USDA,FAITH-BASED-Agency,LOCAL - LL,N-25-11919,5,0,0,1.8,10,HABERSHAM,0.18,1/23/2024 9:35,1/23/2024 9:34,Price Code 1,CUSTOMER PICKUP,False,Food Bank of Northeast Georgia,01,30523.0,Clarkesville,GHIRARDELLI SEA SALT CARAMEL CHOCOLATE,Dry Dry Dry Dry Food Misc.
198,181329,800,S-112,Sharing and Caring - Clarkesville,483933,,FP/GNAP/USDA,FOOD PANTRY-Agency,USDA,N-50-10065,3,0,0,14.58,81,HABERSHAM,0.18,5/29/2024 9:00,5/29/2024 7:05,Price Code 1,CUSTOMER PICKUP,False,Rabun Warehouse,02,30523.0,Clarkesville,USDA APPLESAUCE,Dry Dry Dry Dry Fruits
623,177905,4449,C-171,Clarkesville Soup Kitchen,480524,,OP/USDA,SOUP KITCHEN-Agency,USDA,F-50-90445,1,0,0,4.1,41,HABERSHAM,0.1,4/8/2024 10:30,4/8/2024 9:30,Price Code 1,CUSTOMER PICKUP,False,Rabun Warehouse,02,30523.0,Clarkesville,USDA FULLY COOKED PULLED PORK CCC,Frozen Frozen Frozen Frozen Proteins
329,175851,6692,O-109,Open Door Food Ministry (The Torch Church of God),478479,,FP/GNAP/USDA,FOOD PANTRY-Agency,LOCAL - LL,C-28-90422,42,0,0,0.0,2100,HABERSHAM,0.0,2/20/2024 14:23,2/20/2024 11:45,Price Code 1,TRUCK 1,False,Food Bank of Northeast Georgia,01,30531.0,Cornelia,"APPLES, LL",Cooled Cooled Cooled Cooled Fruits
750,180439,5388,C-176,Cornelia United Methodist Church,483045,,FP/OP,FOOD PANTRY-Agency,BLUE RECEIPT-SHL,F-16-10001,27,0,0,4.86,27,HABERSHAM,0.18,5/8/2024 12:32,5/8/2024 14:02,Price Code 1,CUSTOMER PICKUP,False,Sharing Floor Rabun,02-SH,30531.0,Cornelia,"ASSORTED FROZEN FOODS, SHL",Frozen Frozen Frozen Frozen Food Misc.
188,180874,9035,S-102,Sharing and Caring - Cornelia,483480,,FP/GNAP/USDA,FOOD PANTRY-Agency,GNAP,N-40-10272,6,0,0,0.0,84,HABERSHAM,0.0,5/30/2024 11:00,5/30/2024 7:14,Price Code 1,CONTACT FOR DELIVERY,False,Rabun Warehouse,02,30531.0,Cornelia,GNAP MACARONI O'S W/ BEEF - EZ OPEN,Dry Dry Dry Dry Prepared Meals
268,181921,5388,V-100,Victory Home / Helping Hand,484525,,ON PREMISES (OP),REHAB-Agency,BLUE RECEIPT-SHL,F-16-10001,99,0,0,17.82,99,HABERSHAM,0.18,6/5/2024 13:55,6/5/2024 10:42,Price Code 1,CUSTOMER PICKUP,False,Sharing Floor Rabun,02-SH,30573.0,Tallulah Falls,"ASSORTED FROZEN FOODS, SHL",Frozen Frozen Frozen Frozen Food Misc.
188,173898,84,S-102,Sharing and Caring - Cornelia,477527,,FP/GNAP/USDA,FOOD PANTRY-Agency,USDA,N-50-10006,10,0,0,48.6,270,HABERSHAM,0.18,2/7/2024 8:30,2/7/2024 9:22,Price Code 1,CONTACT FOR DELIVERY,False,Rabun Warehouse,02,30531.0,Cornelia,USDA GREEN BEANS,Dry Dry Dry Dry Vegetables
750,177250,690,C-176,Cornelia United Methodist Church,479870,,FP/OP,FOOD PANTRY-Agency,BLUE RECEIPT-SHL,W-03-10013,35,0,0,1.05,35,HABERSHAM,0.03,3/13/2024 12:32,3/13/2024 13:39,Price Code 1,CUSTOMER PICKUP,False,Sharing Floor Rabun,02-SH,30531.0,Cornelia,"ASSORTED BEVERAGES, SHL",Dry Dry Dry Dry Beverages
987,175283,683,M-137,Mount Airy Baptist Church,477912,,OP/USDA,EMERGENCY-Agency,BLUE RECEIPT-SHL,W-16-10001,15,0,0,2.7,15,HABERSHAM,0.18,2/7/2024 11:13,2/7/2024 11:15,Price Code 1,CONTACT FOR DELIVERY,False,Sharing Floor Rabun,02-SH,30563.0,Mount Airy,MISC. FOOD BOX SHL,Dry Dry Dry Dry Food Misc.
665,172317,8658,C-173,Clarkesville Church of God,475948,,FP/GNAP/USDA,FAITH-BASED-Agency,YELLOW RECEIPT - SHN,N-25-11893,1,0,0,3.24,18,HABERSHAM,0.18,1/10/2024 9:35,1/26/2024 8:59,Price Code 1,CUSTOMER PICKUP,False,Food Bank of Northeast Georgia,01,30523.0,Clarkesville,KELLOGG WHEAT CRACKER ON TRAYS,Dry Dry Dry Dry Grains
665,180813,3139,C-173,Clarkesville Church of God,483419,,FP/GNAP/USDA,FAITH-BASED-Agency,USDA,N-50-10290,1,0,0,4.5,25,HABERSHAM,0.18,5/22/2024 9:00,5/22/2024 9:20,Price Code 1,CUSTOMER PICKUP,False,Food Bank of Northeast Georgia,01,30523.0,Clarkesville,USDA WHOLE ALMONDS DRY ROASTED,Dry Dry Dry Dry Proteins
329,176281,4449,O-109,Open Door Food Ministry (The Torch Church of God),478906,,FP/GNAP/USDA,FOOD PANTRY-Agency,USDA,F-50-90445,96,0,0,0.0,3936,HABERSHAM,0.0,3/2/2024 7:00,3/4/2024 6:57,Price Code 1,TRACTOR TRAILER 1 MOBILE PANTRY,False,Food Bank of Northeast Georgia,01,30531.0,Cornelia,USDA FULLY COOKED PULLED PORK CCC,Frozen Frozen Frozen Frozen Proteins
750,181580,688,C-176,Cornelia United Methodist Church,484184,,FP/OP,FOOD PANTRY-Agency,BLUE RECEIPT-SHL,W-01-10000,106,0,0,19.08,106,HABERSHAM,0.18,5/29/2024 12:32,5/29/2024 13:56,Price Code 1,CUSTOMER PICKUP,False,Sharing Floor Rabun,02-SH,30531.0,Cornelia,"ASSORTED NON-FOOD ITEMS, SHL",Dry Dry Dry Dry Non-Food Misc.
938,172533,5388,F-142,First Presbyterian Church of Cornelia,476164,,FP/GNAP/USDA,MOBILE PANTRY-Agency,BLUE RECEIPT-SHL,F-16-10001,3000,0,0,0.0,3000,HABERSHAM,0.0,1/4/2024 9:58,1/8/2024 9:08,Price Code 1,CUSTOMER PICKUP,False,Sharing Floor Rabun,02-SH,30531.0,Cornelia,"ASSORTED FROZEN FOODS, SHL",Frozen Frozen Frozen Frozen Food Misc.
632,181062,6676,H-141,Hazel Creek Baptist Church,483667,,FP/USDA,FOOD PANTRY-Agency,USDA,C-50-10009,2,0,0,16.2,90,HABERSHAM,0.18,5/22/2024 14:00,5/30/2024 12:36,Price Code 1,CUSTOMER PICKUP,False,Rabun Warehouse,02,30563.0,Mt. Airy,"USDA APPLES, FRESH",Cooled Cooled Cooled Cooled Fruits
665,181451,8994,C-173,Clarkesville Church of God,484055,,FP/GNAP/USDA,FAITH-BASED-Agency,GNAP,N-40-10269,2,0,0,0.0,54,HABERSHAM,0.0,6/6/2024 8:00,6/6/2024 9:04,Price Code 1,CUSTOMER PICKUP,False,Food Bank of Northeast Georgia,01,30523.0,Clarkesville,"GNAP GREEN BEANS, WHOLE",Dry Dry Dry Dry Vegetables
623,177477,683,C-171,Clarkesville Soup Kitchen,480097,,OP/USDA,SOUP KITCHEN-Agency,BLUE RECEIPT-SHL,W-16-10001,119,0,0,21.42,119,HABERSHAM,0.18,3/18/2024 11:47,3/18/2024 10:37,Price Code 1,CUSTOMER PICKUP,False,Sharing Floor Rabun,02-SH,30523.0,Clarkesville,MISC. FOOD BOX SHL,Dry Dry Dry Dry Food Misc.
268,175277,5938,V-100,Victory Home / Helping Hand,477906,,ON PREMISES (OP),REHAB-Agency,BLUE RECEIPT-SHL,C-28-10001,59,0,0,1.77,59,HABERSHAM,0.03,2/7/2024 13:55,2/7/2024 10:40,Price Code 1,CUSTOMER PICKUP,False,Sharing Floor Rabun,02-SH,30573.0,Tallulah Falls,"PRODUCE, FRESH SHL",Cooled Cooled Cooled Cooled Mixed Produce
1024,177607,1674,L-119,Life Church Baldwin,480227,,FP/USDA,MOBILE PANTRY-Agency,USDA,N-50-10073,9,0,0,43.74,243,HABERSHAM,0.18,4/11/2024 19:36,4/12/2024 15:36,Price Code 1,CONTACT FOR DELIVERY,False,Rabun Warehouse,02,30511.0,Baldwin,USDA TOMATO SAUCE,Dry Dry Dry Dry Vegetables
329,173840,3776,O-109,Open Door Food Ministry (The Torch Church of God),477469,,FP/GNAP/USDA,FOOD PANTRY-Agency,BLUE RECEIPT-SHL,N-03-11125,60,0,0,0.0,1980,HABERSHAM,0.0,2/3/2024 7:00,2/14/2024 13:16,Price Code 1,TRACTOR TRAILER 1 MOBILE PANTRY,False,Food Bank of Northeast Georgia,01,30531.0,Cornelia,PEPSI WILD CHERRY,Dry Dry Dry Dry Beverages
987,181075,3203,M-137,Mount Airy Baptist Church,483680,,OP/USDA,EMERGENCY-Agency,USDA,N-50-10289,1,0,0,4.5,25,HABERSHAM,0.18,5/23/2024 0:00,5/23/2024 10:30,Price Code 1,CONTACT FOR DELIVERY,False,Rabun Warehouse,02,30563.0,Mount Airy,USDA PECAN PIECES,Dry Dry Dry Dry Proteins
1024,173890,1481,L-119,Life Church Baldwin,477519,,FP/USDA,MOBILE PANTRY-Agency,USDA,N-50-10105,13,0,0,39.78,221,HABERSHAM,0.18,2/9/2024 8:39,2/9/2024 15:24,Price Code 1,CONTACT FOR DELIVERY,False,Rabun Warehouse,02,30511.0,Baldwin,USDA DRIED CHERRIES CCC,Dry Dry Dry Dry Fruits
665,175933,875,C-173,Clarkesville Church of God,478561,,FP/GNAP/USDA,FAITH-BASED-Agency,BLUE RECEIPT-SHL,W-04-10000,34,0,0,0.0,34,HABERSHAM,0.0,2/21/2024 9:35,2/21/2024 8:34,Price Code 1,CUSTOMER PICKUP,False,Sharing Floor Athens,01-SH,30523.0,Clarkesville,"BREAD & BAKERY, ASSORTED SHL",Dry Dry Dry Dry Grains
665,180195,7118,C-173,Clarkesville Church of God,482801,,FP/GNAP/USDA,FAITH-BASED-Agency,GNAP,N-40-10225,3,0,0,0.0,30,HABERSHAM,0.0,5/8/2024 10:20,5/8/2024 9:02,Price Code 1,CUSTOMER PICKUP,False,Food Bank of Northeast Georgia,01,30523.0,Clarkesville,GNAP CRISPY RICE CEREAL,Dry Dry Dry Dry Grains
665,175966,8834,C-173,Clarkesville Church of God,478594,,FP/GNAP/USDA,FAITH-BASED-Agency,BLUE RECEIPT-SHL,N-03-11770,2,0,0,0.6,20,HABERSHAM,0.03,3/6/2024 9:35,3/11/2024 9:35,Price Code 1,CUSTOMER PICKUP,False,Food Bank of Northeast Georgia,01,30523.0,Clarkesville,MT DEW ZERO SUGAR,Dry Dry Dry Dry Beverages
1024,176477,8914,L-119,Life Church Baldwin,479101,,FP/USDA,MOBILE PANTRY-Agency,USDA,N-50-10310,2,0,0,9.72,54,HABERSHAM,0.18,3/8/2024 0:00,3/11/2024 7:54,Price Code 1,CONTACT FOR DELIVERY,False,Rabun Warehouse,02,30511.0,Baldwin,USDA DICED POTATOES,Dry Dry Dry Dry Potatoes
987,175214,8914,M-137,Mount Airy Baptist Church,477843,,OP/USDA,EMERGENCY-Agency,USDA,N-50-10310,3,0,0,14.58,81,HABERSHAM,0.18,2/7/2024 11:55,2/7/2024 11:13,Price Code 1,CONTACT FOR DELIVERY,False,Rabun Warehouse,02,30563.0,Mount Airy,USDA DICED POTATOES,Dry Dry Dry Dry Potatoes
665,175562,7298,C-173,Clarkesville Church of God,478190,,FP/GNAP/USDA,FAITH-BASED-Agency,GNAP,N-40-10248,3,0,0,4.2,42,HABERSHAM,0.1,2/21/2024 9:35,2/21/2024 8:54,Price Code 1,CUSTOMER PICKUP,False,Food Bank of Northeast Georgia,01,30523.0,Clarkesville,GNAP BAKING AND BISCUIT MIX,Dry Dry Dry Dry Grains
198,181329,1047,S-112,Sharing and Caring - Clarkesville,483933,,FP/GNAP/USDA,FOOD PANTRY-Agency,USDA,N-50-10041,2,0,0,17.64,98,HABERSHAM,0.18,5/29/2024 9:00,5/29/2024 7:05,Price Code 1,CUSTOMER PICKUP,False,Rabun Warehouse,02,30523.0,Clarkesville,USDA RICE,Dry Dry Dry Dry Grains
188,173010,2573,S-102,Sharing and Caring - Cornelia,476640,,FP/GNAP/USDA,FOOD PANTRY-Agency,GNAP,N-40-10204,6,0,0,11.4,114,HABERSHAM,0.1,1/19/2024 9:00,1/19/2024 7:01,Price Code 1,CONTACT FOR DELIVERY,False,Rabun Warehouse,02,30531.0,Cornelia,GNAP CHICKEN & RICE SOUP,Dry Dry Dry Dry Prepared Meals
809,182158,8970,B-123,Breaking Chains Ministries d.b.a Freedom Hill,FAIMPORT484762,,ON PREMISES (OP),REHAB-Agency,BLUE RECEIPT-SHL,MCW-16-10001,19,0,0,0.0,19,HABERSHAM,0.0,6/7/2024 0:00,6/7/2024 0:00,Price Code 1,CUSTOMER PICKUP,False,Food Bank of Northeast Georgia,01,30535.0,Demorest,"MISC. FOOD BOX, SHL RETAIL PICKUP",Dry Dry Dry Dry Food Misc.
665,173642,4715,C-173,Clarkesville Church of God,477271,,FP/GNAP/USDA,FAITH-BASED-Agency,USDA,F-50-90461,2,0,0,14.4,80,HABERSHAM,0.18,2/7/2024 9:35,2/7/2024 9:17,Price Code 1,CUSTOMER PICKUP,False,Food Bank of Northeast Georgia,01,30523.0,Clarkesville,USDA ALASKAN POLLACK FISH FILLETS,Frozen Frozen Frozen Frozen Proteins
665,178129,8719,C-173,Clarkesville Church of God,480748,,FP/GNAP/USDA,FAITH-BASED-Agency,GNAP,N-40-10265,2,0,0,0.0,26,HABERSHAM,0.0,4/10/2024 9:35,4/10/2024 9:20,Price Code 1,CUSTOMER PICKUP,False,Food Bank of Northeast Georgia,01,30523.0,Clarkesville,GNAP MINI BEEF RAVIOLI,Dry Dry Dry Dry Prepared Meals
329,178306,8940,O-109,Open Door Food Ministry (The Torch Church of God),480922,,FP/GNAP/USDA,FOOD PANTRY-Agency,BLUE RECEIPT-SHL,C-28-90531,30,0,0,0.0,1560,HABERSHAM,0.0,4/6/2024 7:30,4/16/2024 9:05,Price Code 1,TRACTOR TRAILER 1 MOBILE PANTRY,False,Food Bank of Northeast Georgia,01,30531.0,Cornelia,"CABBAGE, SHL 50#",Cooled Cooled Cooled Cooled Vegetables
902,173202,683,T-123,"The Lord's Help, Inc.",476832,,ON PREMISES (OP),SOUP KITCHEN-Agency,BLUE RECEIPT-SHL,W-16-10001,18,0,0,3.24,18,HABERSHAM,0.18,1/17/2024 15:19,1/17/2024 14:33,Price Code 1,CUSTOMER PICKUP,False,Sharing Floor Athens,01-SH,30531.0,Cornelia,MISC. FOOD BOX SHL,Dry Dry Dry Dry Food Misc.
665,181905,3943,C-173,Clarkesville Church of God,484509,,FP/GNAP/USDA,FAITH-BASED-Agency,USDA,N-50-10268,2,0,0,2.28,76,HABERSHAM,0.03,6/20/2024 8:30,6/25/2024 15:47,Price Code 1,CUSTOMER PICKUP,False,Food Bank of Northeast Georgia,01,30523.0,Clarkesville,USDA APPLE JUICE,Dry Dry Dry Dry Beverages
665,179536,683,C-173,Clarkesville Church of God,482149,,FP/GNAP/USDA,FAITH-BASED-Agency,BLUE RECEIPT-SHL,W-16-10001,159,0,0,28.62,159,HABERSHAM,0.18,4/24/2024 9:35,4/24/2024 8:29,Price Code 1,CUSTOMER PICKUP,False,Sharing Floor Athens,01-SH,30523.0,Clarkesville,MISC. FOOD BOX SHL,Dry Dry Dry Dry Food Misc.
665,173863,8903,C-173,Clarkesville Church of God,477492,,FP/GNAP/USDA,FAITH-BASED-Agency,YELLOW RECEIPT - SHN,N-16-10181,1,0,0,0.9,5,HABERSHAM,0.18,2/7/2024 9:35,2/7/2024 9:19,Price Code 1,CUSTOMER PICKUP,False,Food Bank of Northeast Georgia,01,30523.0,Clarkesville,STOVE TOP STUFFING - TURKEY/CHICKEN/CORNBREAD,Dry Dry Dry Dry Prepared Meals
556,179247,683,P-123,"Pilgrim Ministries, Inc.",481860,,ON PREMISES (OP),REHAB-Agency,BLUE RECEIPT-SHL,W-16-10001,66,0,0,11.88,66,HABERSHAM,0.18,4/19/2024 14:14,4/19/2024 9:08,Price Code 1,CUSTOMER PICKUP,False,Sharing Floor Rabun,02-SH,30523.0,Clarkesville,MISC. FOOD BOX SHL,Dry Dry Dry Dry Food Misc.
665,181905,9087,C-173,Clarkesville Church of God,484509,,FP/GNAP/USDA,FAITH-BASED-Agency,GNAP,N-40-10290,9,0,0,0.0,234,HABERSHAM,0.0,6/20/2024 8:30,6/25/2024 15:47,Price Code 1,CUSTOMER PICKUP,False,Food Bank of Northeast Georgia,01,30523.0,Clarkesville,GNAP SHELF STABLE 1% MILK,Dry Dry Dry Dry Dairy
329,173840,4327,O-109,Open Door Food Ministry (The Torch Church of God),477469,,FP/GNAP/USDA,FOOD PANTRY-Agency,USDA,N-50-10277,25,0,0,0.0,675,HABERSHAM,0.0,2/3/2024 7:00,2/14/2024 13:16,Price Code 1,TRACTOR TRAILER 1 MOBILE PANTRY,False,Food Bank of Northeast Georgia,01,30531.0,Cornelia,USDA GARBANZO BEANS,Dry Dry Dry Dry Proteins
188,180443,683,S-102,Sharing and Caring - Cornelia,483049,,FP/GNAP/USDA,FOOD PANTRY-Agency,BLUE RECEIPT-SHL,W-16-10001,125,0,0,22.5,125,HABERSHAM,0.18,5/8/2024 13:47,5/8/2024 14:47,Price Code 1,CUSTOMER PICKUP,False,Sharing Floor Athens,01-SH,30531.0,Cornelia,MISC. FOOD BOX SHL,Dry Dry Dry Dry Food Misc.
665,180195,7153,C-173,Clarkesville Church of God,482801,,FP/GNAP/USDA,FAITH-BASED-Agency,GNAP,N-40-10234,6,0,0,14.04,78,HABERSHAM,0.18,5/8/2024 10:20,5/8/2024 9:02,Price Code 1,CUSTOMER PICKUP,False,Food Bank of Northeast Georgia,01,30523.0,Clarkesville,GNAP BAKED BEANS,Dry Dry Dry Dry Proteins
665,172317,7082,C-173,Clarkesville Church of God,475948,,FP/GNAP/USDA,FAITH-BASED-Agency,USDA,C-50-10033,2,0,0,4.32,24,HABERSHAM,0.18,1/10/2024 9:35,1/26/2024 8:59,Price Code 1,CUSTOMER PICKUP,False,Food Bank of Northeast Georgia,01,30523.0,Clarkesville,USDA SHREDDED YELLOW CHEDDAR CHEESE CCC,Cooled Cooled Cooled Cooled Dairy
268,177224,683,V-100,Victory Home / Helping Hand,479844,,ON PREMISES (OP),REHAB-Agency,BLUE RECEIPT-SHL,W-16-10001,62,0,0,11.16,62,HABERSHAM,0.18,3/13/2024 22:15,3/13/2024 10:21,Price Code 1,CUSTOMER PICKUP,False,Sharing Floor Rabun,02-SH,30573.0,Tallulah Falls,MISC. FOOD BOX SHL,Dry Dry Dry Dry Food Misc.
329,175298,3122,O-109,Open Door Food Ministry (The Torch Church of God),477927,,FP/GNAP/USDA,FOOD PANTRY-Agency,GNAP,N-40-10174,30,0,0,42.0,420,HABERSHAM,0.1,2/12/2024 14:23,2/12/2024 8:10,Price Code 1,CONTACT FOR DELIVERY,False,Rabun Warehouse,02,30531.0,Cornelia,"GNAP BLACKEYE PEAS, LOW SODIUM",Dry Dry Dry Dry Proteins
623,178829,800,C-171,Clarkesville Soup Kitchen,481443,,OP/USDA,SOUP KITCHEN-Agency,USDA,N-50-10065,4,0,0,19.44,108,HABERSHAM,0.18,4/22/2024 10:30,4/22/2024 10:29,Price Code 1,CUSTOMER PICKUP,False,Rabun Warehouse,02,30523.0,Clarkesville,USDA APPLESAUCE,Dry Dry Dry Dry Fruits
665,175966,6925,C-173,Clarkesville Church of God,478594,,FP/GNAP/USDA,FAITH-BASED-Agency,BLUE RECEIPT-SHL,C-28-90401,2,0,0,2.0,100,HABERSHAM,0.02,3/6/2024 9:35,3/11/2024 9:35,Price Code 1,CUSTOMER PICKUP,False,Food Bank of Northeast Georgia,01,30523.0,Clarkesville,POTATOES,Cooled Cooled Cooled Cooled Potatoes
1024,172708,4555,L-119,Life Church Baldwin,476339,,FP/USDA,MOBILE PANTRY-Agency,USDA,F-50-90042,13,0,0,93.6,520,HABERSHAM,0.18,1/11/2024 10:01,1/12/2024 14:52,Price Code 1,CONTACT FOR DELIVERY,False,Rabun Warehouse,02,30511.0,Baldwin,USDA CHICKEN DRUMSTICKS CCC,Frozen Frozen Frozen Frozen Proteins
665,175966,3204,C-173,Clarkesville Church of God,478594,,FP/GNAP/USDA,FAITH-BASED-Agency,GNAP,N-40-10217,3,0,0,0.0,27,HABERSHAM,0.0,3/6/2024 9:35,3/11/2024 9:35,Price Code 1,CUSTOMER PICKUP,False,Food Bank of Northeast Georgia,01,30523.0,Clarkesville,GNAP CANNED HAM,Dry Dry Dry Dry Proteins
665,181451,9039,C-173,Clarkesville Church of God,484055,,FP/GNAP/USDA,FAITH-BASED-Agency,GNAP,N-40-10276,2,0,0,0.0,20,HABERSHAM,0.0,6/6/2024 8:00,6/6/2024 9:04,Price Code 1,CUSTOMER PICKUP,False,Food Bank of Northeast Georgia,01,30523.0,Clarkesville,GNAP CHEESE STICKS - WHITE CHEDDAR,Dry Dry Dry Dry Dairy
665,180813,7202,C-173,Clarkesville Church of God,483419,,FP/GNAP/USDA,FAITH-BASED-Agency,GNAP,N-40-10242,2,0,0,0.0,32,HABERSHAM,0.0,5/22/2024 9:00,5/22/2024 9:20,Price Code 1,CUSTOMER PICKUP,False,Food Bank of Northeast Georgia,01,30523.0,Clarkesville,GNAP STRAWBERRY JELLY,Dry Dry Dry Dry Food Misc.
809,182210,5938,B-123,Breaking Chains Ministries d.b.a Freedom Hill,484814,,ON PREMISES (OP),REHAB-Agency,BLUE RECEIPT-SHL,C-28-10001,57,0,0,1.71,57,HABERSHAM,0.03,6/14/2024 9:19,6/14/2024 10:05,Price Code 1,CUSTOMER PICKUP,False,Sharing Floor Rabun,02-SH,30535.0,Demorest,"PRODUCE, FRESH SHL",Cooled Cooled Cooled Cooled Mixed Produce
987,175632,5388,M-137,Mount Airy Baptist Church,478260,,OP/USDA,EMERGENCY-Agency,BLUE RECEIPT-SHL,F-16-10001,164,0,0,29.52,164,HABERSHAM,0.18,2/14/2024 13:45,2/14/2024 13:47,Price Code 1,CONTACT FOR DELIVERY,False,Sharing Floor Rabun,02-SH,30563.0,Mount Airy,"ASSORTED FROZEN FOODS, SHL",Frozen Frozen Frozen Frozen Food Misc.
632,181634,5388,H-141,Hazel Creek Baptist Church,484238,,FP/USDA,FOOD PANTRY-Agency,BLUE RECEIPT-SHL,F-16-10001,108,0,0,19.44,108,HABERSHAM,0.18,5/30/2024 8:32,5/30/2024 13:02,Price Code 1,CUSTOMER PICKUP,False,Sharing Floor Rabun,02-SH,30563.0,Mt. Airy,"ASSORTED FROZEN FOODS, SHL",Frozen Frozen Frozen Frozen Food Misc.
188,175954,170,S-102,Sharing and Caring - Cornelia,478582,,FP/GNAP/USDA,FOOD PANTRY-Agency,USDA,N-50-10007,4,0,0,20.16,112,HABERSHAM,0.18,3/6/2024 9:00,3/6/2024 13:08,Price Code 1,CONTACT FOR DELIVERY,False,Rabun Warehouse,02,30531.0,Cornelia,"USDA CORN, WHOLE KERNEL NO SALT",Dry Dry Dry Dry Vegetables
329,181607,3712,O-109,Open Door Food Ministry (The Torch Church of God),484211,,FP/GNAP/USDA,FOOD PANTRY-Agency,USDA,N-50-10266,25,0,0,0.0,675,HABERSHAM,0.0,5/30/2024 14:23,6/1/2024 9:10,Price Code 1,TRACTOR TRAILER 1 MOBILE PANTRY,False,Food Bank of Northeast Georgia,01,30531.0,Cornelia,USDA CANNED PINTO BEANS,Dry Dry Dry Dry Proteins
902,181974,8975,T-123,"The Lord's Help, Inc.",FAIMPORT484578,,ON PREMISES (OP),SOUP KITCHEN-Agency,BLUE RECEIPT-SHL,MCC-07-10001,60,0,0,0.0,60,HABERSHAM,0.0,6/4/2024 0:00,6/4/2024 0:00,Price Code 1,CUSTOMER PICKUP,False,Food Bank of Northeast Georgia,01,30531.0,Cornelia,"DAIRY PRODUCTS, SHL RETAIL PICKUPS",Dry Dry Dry Dry Dairy
869,175960,5772,H-152,Homestead Recovery for Women,478588,,ON PREMISES (OP),REHAB-Agency,LOCAL - LL,C-28-10000,15,0,0,0.45,15,HABERSHAM,0.03,2/21/2024 10:35,2/21/2024 11:32,Price Code 1,CUSTOMER PICKUP,False,Sharing Floor Athens,01-SH,30523.0,Clarkesville,"PRODUCE, FRESH LL",Cooled Cooled Cooled Cooled Mixed Produce
198,175309,84,S-112,Sharing and Caring - Clarkesville,477938,,FP/GNAP/USDA,FOOD PANTRY-Agency,USDA,N-50-10006,3,0,0,14.58,81,HABERSHAM,0.18,2/13/2024 9:00,2/13/2024 8:59,Price Code 1,CUSTOMER PICKUP,False,Rabun Warehouse,02,30523.0,Clarkesville,USDA GREEN BEANS,Dry Dry Dry Dry Vegetables
665,173642,1356,C-173,Clarkesville Church of God,477271,,FP/GNAP/USDA,FAITH-BASED-Agency,GNAP,N-40-10131,2,0,0,2.2,22,HABERSHAM,0.1,2/7/2024 9:35,2/7/2024 9:17,Price Code 1,CUSTOMER PICKUP,False,Food Bank of Northeast Georgia,01,30523.0,Clarkesville,GNAP CHUNK CHICKEN,Dry Dry Dry Dry Proteins
665,178999,8624,C-173,Clarkesville Church of God,481613,,FP/GNAP/USDA,FAITH-BASED-Agency,BLUE RECEIPT-SHL,N-03-11260,4,0,0,0.0,48,HABERSHAM,0.0,4/24/2024 9:35,4/24/2024 8:54,Price Code 1,CUSTOMER PICKUP,False,Food Bank of Northeast Georgia,01,30523.0,Clarkesville,STARRY ZERO SUGAR 12 X 12 FL OZ,Dry Dry Dry Dry Beverages
750,175291,5388,C-176,Cornelia United Methodist Church,477920,,FP/OP,FOOD PANTRY-Agency,BLUE RECEIPT-SHL,F-16-10001,40,0,0,7.2,40,HABERSHAM,0.18,2/7/2024 12:32,2/7/2024 13:25,Price Code 1,CUSTOMER PICKUP,False,Sharing Floor Rabun,02-SH,30531.0,Cornelia,"ASSORTED FROZEN FOODS, SHL",Frozen Frozen Frozen Frozen Food Misc.
665,181177,5938,C-173,Clarkesville Church of God,483782,,FP/GNAP/USDA,FAITH-BASED-Agency,BLUE RECEIPT-SHL,C-28-10001,52,0,0,1.56,52,HABERSHAM,0.03,5/22/2024 9:35,5/22/2024 8:43,Price Code 1,CUSTOMER PICKUP,False,Sharing Floor Athens,01-SH,30523.0,Clarkesville,"PRODUCE, FRESH SHL",Cooled Cooled Cooled Cooled Mixed Produce
952,178276,8997,TH-138,Demorest Baptist Church,480892,,FP/USDA,MOBILE PANTRY-Agency,USDA,N-50-10312,300,0,0,648.0,3600,HABERSHAM,0.18,4/8/2024 19:46,4/11/2024 9:09,Price Code 1,TRACTOR TRAILER 1,False,Food Bank of Northeast Georgia,01,30535.0,Demorest,USDA CHILI W/ BEANS CCC,Dry Dry Dry Dry Prepared Meals
623,180267,875,C-171,Clarkesville Soup Kitchen,482873,,OP/USDA,SOUP KITCHEN-Agency,BLUE RECEIPT-SHL,W-04-10000,23,0,0,0.0,23,HABERSHAM,0.0,5/6/2024 11:47,5/6/2024 10:38,Price Code 1,CUSTOMER PICKUP,False,Sharing Floor Rabun,02-SH,30523.0,Clarkesville,"BREAD & BAKERY, ASSORTED SHL",Dry Dry Dry Dry Grains
329,179922,8714,O-109,Open Door Food Ministry (The Torch Church of God),482533,,FP/GNAP/USDA,FOOD PANTRY-Agency,USDA,N-50-10303,50,0,0,0.0,1200,HABERSHAM,0.0,5/4/2024 7:00,5/4/2024 6:01,Price Code 1,TRACTOR TRAILER 1 MOBILE PANTRY,False,Food Bank of Northeast Georgia,01,30531.0,Cornelia,USDA GREEN SPLIT PEAS,Dry Dry Dry Dry Proteins
268,178240,690,V-100,Victory Home / Helping Hand,480856,,ON PREMISES (OP),REHAB-Agency,BLUE RECEIPT-SHL,W-03-10013,68,0,0,2.04,68,HABERSHAM,0.03,4/3/2024 13:55,4/3/2024 10:33,Price Code 1,CUSTOMER PICKUP,False,Sharing Floor Rabun,02-SH,30573.0,Tallulah Falls,"ASSORTED BEVERAGES, SHL",Dry Dry Dry Dry Beverages
665,179536,875,C-173,Clarkesville Church of God,482149,,FP/GNAP/USDA,FAITH-BASED-Agency,BLUE RECEIPT-SHL,W-04-10000,40,0,0,0.0,40,HABERSHAM,0.0,4/24/2024 9:35,4/24/2024 8:29,Price Code 1,CUSTOMER PICKUP,False,Sharing Floor Athens,01-SH,30523.0,Clarkesville,"BREAD & BAKERY, ASSORTED SHL",Dry Dry Dry Dry Grains
665,178129,3204,C-173,Clarkesville Church of God,480748,,FP/GNAP/USDA,FAITH-BASED-Agency,GNAP,N-40-10217,2,0,0,0.0,18,HABERSHAM,0.0,4/10/2024 9:35,4/10/2024 9:20,Price Code 1,CUSTOMER PICKUP,False,Food Bank of Northeast Georgia,01,30523.0,Clarkesville,GNAP CANNED HAM,Dry Dry Dry Dry Proteins
198,182484,1674,S-112,Sharing and Caring - Clarkesville,485088,,FP/GNAP/USDA,FOOD PANTRY-Agency,USDA,N-50-10073,1,0,0,4.86,27,HABERSHAM,0.18,6/26/2024 8:30,7/2/2024 7:10,Price Code 1,CUSTOMER PICKUP,False,Rabun Warehouse,02,30523.0,Clarkesville,USDA TOMATO SAUCE,Dry Dry Dry Dry Vegetables
665,175966,8907,C-173,Clarkesville Church of God,478594,,FP/GNAP/USDA,FAITH-BASED-Agency,GNAP,N-40-10267,2,0,0,0.0,26,HABERSHAM,0.0,3/6/2024 9:35,3/11/2024 9:35,Price Code 1,CUSTOMER PICKUP,False,Food Bank of Northeast Georgia,01,30523.0,Clarkesville,GNAP SPAGHETTI W/ MEATBALLS,Dry Dry Dry Dry Prepared Meals
632,173395,8720,H-141,Hazel Creek Baptist Church,477024,,FP/USDA,FOOD PANTRY-Agency,USDA,N-50-10305,6,0,0,15.12,84,HABERSHAM,0.18,1/24/2024 8:32,1/24/2024 13:28,Price Code 1,CUSTOMER PICKUP,False,Rabun Warehouse,02,30563.0,Mt. Airy,USDA MIXED VegetablesCCC,Dry Dry Dry Dry Vegetables
560,177316,1045,B-133,Ballew House Outreach,479936,,FP/OP/GNAP/USDA,FOOD PANTRY-Agency,BLUE RECEIPT-SHL,W-25-10009,9,0,0,1.62,9,HABERSHAM,0.18,3/14/2024 13:49,3/14/2024 12:59,Price Code 1,CUSTOMER PICKUP,False,Sharing Floor Rabun,02-SH,30510.0,Alto,"ASSORTED SNACK ITEMS, SHL",Dry Dry Dry Dry Food Misc.
268,177224,5388,V-100,Victory Home / Helping Hand,479844,,ON PREMISES (OP),REHAB-Agency,BLUE RECEIPT-SHL,F-16-10001,46,0,0,8.28,46,HABERSHAM,0.18,3/13/2024 22:15,3/13/2024 10:21,Price Code 1,CUSTOMER PICKUP,False,Sharing Floor Rabun,02-SH,30573.0,Tallulah Falls,"ASSORTED FROZEN FOODS, SHL",Frozen Frozen Frozen Frozen Food Misc.
329,180343,7414,O-109,Open Door Food Ministry (The Torch Church of God),482949,,FP/GNAP/USDA,FOOD PANTRY-Agency,PURCH,C-28-90525,56,0,0,0.0,1232,HABERSHAM,0.0,5/7/2024 14:23,5/7/2024 10:56,Price Code 1,CUSTOMER PICKUP,False,Food Bank of Northeast Georgia,01,30531.0,Cornelia,BROCCOLI CROWNS,Cooled Cooled Cooled Cooled Vegetables
750,179974,5407,C-176,Cornelia United Methodist Church,482583,,FP/OP,FOOD PANTRY-Agency,BLUE RECEIPT-SHL,F-15-10000,58,0,0,10.44,58,HABERSHAM,0.18,5/6/2024 12:32,5/6/2024 10:07,Price Code 1,CUSTOMER PICKUP,False,Sharing Floor Rabun,02-SH,30531.0,Cornelia,"MEAT & SEAFOOD, FROZEN SHL",Frozen Frozen Frozen Frozen Proteins
665,179229,9017,C-173,Clarkesville Church of God,481842,,FP/GNAP/USDA,FAITH-BASED-Agency,YELLOW RECEIPT - SHN,N-16-10182,3,0,0,7.02,39,HABERSHAM,0.18,4/24/2024 9:35,4/24/2024 8:50,Price Code 1,CUSTOMER PICKUP,False,Food Bank of Northeast Georgia,01,30523.0,Clarkesville,HEINZ APPLE CIDER VINEGAR,Dry Dry Dry Dry Food Misc.
198,176250,875,S-112,Sharing and Caring - Clarkesville,478876,,FP/GNAP/USDA,FOOD PANTRY-Agency,BLUE RECEIPT-SHL,W-04-10000,14,0,0,0.0,14,HABERSHAM,0.0,2/27/2024 13:49,2/27/2024 8:35,Price Code 1,CUSTOMER PICKUP,False,Sharing Floor Rabun,02-SH,30523.0,Clarkesville,"BREAD & BAKERY, ASSORTED SHL",Dry Dry Dry Dry Grains
268,177646,5388,V-100,Victory Home / Helping Hand,480266,,ON PREMISES (OP),REHAB-Agency,BLUE RECEIPT-SHL,F-16-10001,94,0,0,16.92,94,HABERSHAM,0.18,3/20/2024 13:55,3/20/2024 10:51,Price Code 1,CUSTOMER PICKUP,False,Sharing Floor Rabun,02-SH,30573.0,Tallulah Falls,"ASSORTED FROZEN FOODS, SHL",Frozen Frozen Frozen Frozen Food Misc.
1024,181633,4449,L-119,Life Church Baldwin,484237,,FP/USDA,MOBILE PANTRY-Agency,USDA,F-50-90445,10,0,0,41.0,410,HABERSHAM,0.1,6/4/2024 10:00,6/7/2024 7:07,Price Code 1,CUSTOMER PICKUP,False,Rabun Warehouse,02,30511.0,Baldwin,USDA FULLY COOKED PULLED PORK CCC,Frozen Frozen Frozen Frozen Proteins
686,175048,683,H-154,Habersham Homeless Ministries,477678,,FP/USDA,FOOD PANTRY-Agency,BLUE RECEIPT-SHL,W-16-10001,58,0,0,10.44,58,HABERSHAM,0.18,2/2/2024 14:10,2/2/2024 15:14,Price Code 1,CUSTOMER PICKUP,False,Sharing Floor Rabun,02-SH,30523.0,Clarkesville,MISC. FOOD BOX SHL,Dry Dry Dry Dry Food Misc.
665,181956,683,C-173,Clarkesville Church of God,484560,,FP/GNAP/USDA,FAITH-BASED-Agency,BLUE RECEIPT-SHL,W-16-10001,145,0,0,26.1,145,HABERSHAM,0.18,6/6/2024 9:35,6/6/2024 8:36,Price Code 1,CUSTOMER PICKUP,False,Sharing Floor Athens,01-SH,30523.0,Clarkesville,MISC. FOOD BOX SHL,Dry Dry Dry Dry Food Misc.
665,172317,8625,C-173,Clarkesville Church of God,475948,,FP/GNAP/USDA,FAITH-BASED-Agency,BLUE RECEIPT-SHL,N-03-11261,2,0,0,0.0,66,HABERSHAM,0.0,1/10/2024 9:35,1/26/2024 8:59,Price Code 1,CUSTOMER PICKUP,False,Food Bank of Northeast Georgia,01,30523.0,Clarkesville,STARRY ZERO SUGAR 24 X 20 FL OZ,Dry Dry Dry Dry Beverages
188,177723,5938,S-102,Sharing and Caring - Cornelia,480342,,FP/GNAP/USDA,FOOD PANTRY-Agency,BLUE RECEIPT-SHL,C-28-10001,224,0,0,6.72,224,HABERSHAM,0.03,3/21/2024 13:47,3/21/2024 11:12,Price Code 1,CUSTOMER PICKUP,False,Sharing Floor Athens,01-SH,30531.0,Cornelia,"PRODUCE, FRESH SHL",Cooled Cooled Cooled Cooled Mixed Produce
665,177555,6692,C-173,Clarkesville Church of God,480175,,FP/GNAP/USDA,FAITH-BASED-Agency,LOCAL - LL,C-28-90422,1,0,0,0.0,50,HABERSHAM,0.0,3/20/2024 9:35,3/20/2024 9:10,Price Code 1,CUSTOMER PICKUP,False,Food Bank of Northeast Georgia,01,30523.0,Clarkesville,"APPLES, LL",Cooled Cooled Cooled Cooled Fruits
987,181153,5388,M-137,Mount Airy Baptist Church,483758,,OP/USDA,EMERGENCY-Agency,BLUE RECEIPT-SHL,F-16-10001,10,0,0,1.8,10,HABERSHAM,0.18,5/21/2024 15:14,5/21/2024 15:15,Price Code 1,CONTACT FOR DELIVERY,False,Sharing Floor Rabun,02-SH,30563.0,Mount Airy,"ASSORTED FROZEN FOODS, SHL",Frozen Frozen Frozen Frozen Food Misc.
665,180195,7284,C-173,Clarkesville Church of God,482801,,FP/GNAP/USDA,FAITH-BASED-Agency,USDA,C-50-10043,1,0,0,2.6,26,HABERSHAM,0.1,5/8/2024 10:20,5/8/2024 9:02,Price Code 1,CUSTOMER PICKUP,False,Food Bank of Northeast Georgia,01,30523.0,Clarkesville,USDA RED FAT AMERICAN CHEESE CCC,Cooled Cooled Cooled Cooled Dairy
665,175966,1356,C-173,Clarkesville Church of God,478594,,FP/GNAP/USDA,FAITH-BASED-Agency,GNAP,N-40-10131,2,0,0,0.0,22,HABERSHAM,0.0,3/6/2024 9:35,3/11/2024 9:35,Price Code 1,CUSTOMER PICKUP,False,Food Bank of Northeast Georgia,01,30523.0,Clarkesville,GNAP CHUNK CHICKEN,Dry Dry Dry Dry Proteins
329,176281,1791,O-109,Open Door Food Ministry (The Torch Church of God),478906,,FP/GNAP/USDA,FOOD PANTRY-Agency,USDA,N-50-10079,25,0,0,0.0,650,HABERSHAM,0.0,3/2/2024 7:00,3/4/2024 6:57,Price Code 1,TRACTOR TRAILER 1 MOBILE PANTRY,False,Food Bank of Northeast Georgia,01,30531.0,Cornelia,USDA WALNUT HALVES AND PIECES,Dry Dry Dry Dry Proteins
198,182484,3203,S-112,Sharing and Caring - Clarkesville,485088,,FP/GNAP/USDA,FOOD PANTRY-Agency,USDA,N-50-10289,2,0,0,9.0,50,HABERSHAM,0.18,6/26/2024 8:30,7/2/2024 7:10,Price Code 1,CUSTOMER PICKUP,False,Rabun Warehouse,02,30523.0,Clarkesville,USDA PECAN PIECES,Dry Dry Dry Dry Proteins
623,176608,875,C-171,Clarkesville Soup Kitchen,479232,,OP/USDA,SOUP KITCHEN-Agency,BLUE RECEIPT-SHL,W-04-10000,110,0,0,0.0,110,HABERSHAM,0.0,3/4/2024 11:47,3/4/2024 10:22,Price Code 1,CUSTOMER PICKUP,False,Sharing Floor Rabun,02-SH,30523.0,Clarkesville,"BREAD & BAKERY, ASSORTED SHL",Dry Dry Dry Dry Grains
665,178999,1791,C-173,Clarkesville Church of God,481613,,FP/GNAP/USDA,FAITH-BASED-Agency,USDA,N-50-10079,1,0,0,4.68,26,HABERSHAM,0.18,4/24/2024 9:35,4/24/2024 8:54,Price Code 1,CUSTOMER PICKUP,False,Food Bank of Northeast Georgia,01,30523.0,Clarkesville,USDA WALNUT HALVES AND PIECES,Dry Dry Dry Dry Proteins
556,173658,683,P-123,"Pilgrim Ministries, Inc.",477287,,ON PREMISES (OP),REHAB-Agency,BLUE RECEIPT-SHL,W-16-10001,92,0,0,16.56,92,HABERSHAM,0.18,1/26/2024 14:14,1/26/2024 9:10,Price Code 1,CUSTOMER PICKUP,False,Sharing Floor Rabun,02-SH,30523.0,Clarkesville,MISC. FOOD BOX SHL,Dry Dry Dry Dry Food Misc.
188,180874,9043,S-102,Sharing and Caring - Cornelia,483480,,FP/GNAP/USDA,FOOD PANTRY-Agency,GNAP,N-40-10277,6,0,0,0.0,48,HABERSHAM,0.0,5/30/2024 11:00,5/30/2024 7:14,Price Code 1,CONTACT FOR DELIVERY,False,Rabun Warehouse,02,30531.0,Cornelia,GNAP DELUXE SHELLS & CHEESE,Dry Dry Dry Dry Prepared Meals
665,172317,2573,C-173,Clarkesville Church of God,475948,,FP/GNAP/USDA,FAITH-BASED-Agency,GNAP,N-40-10204,2,0,0,3.8,38,HABERSHAM,0.1,1/10/2024 9:35,1/26/2024 8:59,Price Code 1,CUSTOMER PICKUP,False,Food Bank of Northeast Georgia,01,30523.0,Clarkesville,GNAP CHICKEN & RICE SOUP,Dry Dry Dry Dry Prepared Meals
198,176636,8906,S-112,Sharing and Caring - Clarkesville,479259,,FP/GNAP/USDA,FOOD PANTRY-Agency,GNAP,N-40-10266,4,0,0,0.0,80,HABERSHAM,0.0,3/12/2024 13:49,3/12/2024 8:16,Price Code 1,CUSTOMER PICKUP,False,Rabun Warehouse,02,30523.0,Clarkesville,GNAP SPAGHETTI,Dry Dry Dry Dry Grains
198,182300,5388,S-112,Sharing and Caring - Clarkesville,484904,,FP/GNAP/USDA,FOOD PANTRY-Agency,BLUE RECEIPT-SHL,F-16-10001,77,0,0,13.86,77,HABERSHAM,0.18,6/18/2024 13:49,6/18/2024 8:28,Price Code 1,CUSTOMER PICKUP,False,Sharing Floor Rabun,02-SH,30523.0,Clarkesville,"ASSORTED FROZEN FOODS, SHL",Frozen Frozen Frozen Frozen Food Misc.
198,173927,8720,S-112,Sharing and Caring - Clarkesville,477556,,FP/GNAP/USDA,FOOD PANTRY-Agency,USDA,N-50-10305,3,0,0,7.56,42,HABERSHAM,0.18,2/6/2024 9:00,2/6/2024 8:13,Price Code 1,CUSTOMER PICKUP,False,Rabun Warehouse,02,30523.0,Clarkesville,USDA MIXED VegetablesCCC,Dry Dry Dry Dry Vegetables
188,173898,170,S-102,Sharing and Caring - Cornelia,477527,,FP/GNAP/USDA,FOOD PANTRY-Agency,USDA,N-50-10007,10,0,0,50.4,280,HABERSHAM,0.18,2/7/2024 8:30,2/7/2024 9:22,Price Code 1,CONTACT FOR DELIVERY,False,Rabun Warehouse,02,30531.0,Cornelia,"USDA CORN, WHOLE KERNEL NO SALT",Dry Dry Dry Dry Vegetables
268,175277,690,V-100,Victory Home / Helping Hand,477906,,ON PREMISES (OP),REHAB-Agency,BLUE RECEIPT-SHL,W-03-10013,166,0,0,4.98,166,HABERSHAM,0.03,2/7/2024 13:55,2/7/2024 10:40,Price Code 1,CUSTOMER PICKUP,False,Sharing Floor Rabun,02-SH,30573.0,Tallulah Falls,"ASSORTED BEVERAGES, SHL",Dry Dry Dry Dry Beverages
665,181451,9083,C-173,Clarkesville Church of God,484055,,FP/GNAP/USDA,FAITH-BASED-Agency,GNAP,N-40-10288,1,0,0,2.16,12,HABERSHAM,0.18,6/6/2024 8:00,6/6/2024 9:04,Price Code 1,CUSTOMER PICKUP,False,Food Bank of Northeast Georgia,01,30523.0,Clarkesville,GNAP HONEY ROASTED SUNFLOWER SEED KERNALS,Dry Dry Dry Dry Proteins
198,176636,3122,S-112,Sharing and Caring - Clarkesville,479259,,FP/GNAP/USDA,FOOD PANTRY-Agency,GNAP,N-40-10174,2,0,0,0.0,28,HABERSHAM,0.0,3/12/2024 13:49,3/12/2024 8:16,Price Code 1,CUSTOMER PICKUP,False,Rabun Warehouse,02,30523.0,Clarkesville,"GNAP BLACKEYE PEAS, LOW SODIUM",Dry Dry Dry Dry Proteins
1024,177607,8720,L-119,Life Church Baldwin,480227,,FP/USDA,MOBILE PANTRY-Agency,USDA,N-50-10305,8,0,0,20.16,112,HABERSHAM,0.18,4/11/2024 19:36,4/12/2024 15:36,Price Code 1,CONTACT FOR DELIVERY,False,Rabun Warehouse,02,30511.0,Baldwin,USDA MIXED VegetablesCCC,Dry Dry Dry Dry Vegetables
623,177959,8682,C-171,Clarkesville Soup Kitchen,480578,,OP/USDA,SOUP KITCHEN-Agency,BLUE RECEIPT-SHL,N-03-11727,2,0,0,0.0,56,HABERSHAM,0.0,4/8/2024 10:30,4/8/2024 9:30,Price Code 1,CUSTOMER PICKUP,False,Rabun Warehouse,02,30523.0,Clarkesville,LIPTON DIET GREEN TEA CITRUS,Dry Dry Dry Dry Beverages
329,176281,7284,O-109,Open Door Food Ministry (The Torch Church of God),478906,,FP/GNAP/USDA,FOOD PANTRY-Agency,USDA,C-50-10043,170,0,0,0.0,4420,HABERSHAM,0.0,3/2/2024 7:00,3/4/2024 6:57,Price Code 1,TRACTOR TRAILER 1 MOBILE PANTRY,False,Food Bank of Northeast Georgia,01,30531.0,Cornelia,USDA RED FAT AMERICAN CHEESE CCC,Cooled Cooled Cooled Cooled Dairy
665,178646,5407,C-173,Clarkesville Church of God,481262,,FP/GNAP/USDA,FAITH-BASED-Agency,BLUE RECEIPT-SHL,F-15-10000,50,0,0,0.0,50,HABERSHAM,0.0,4/10/2024 9:35,4/10/2024 8:44,Price Code 1,CUSTOMER PICKUP,False,Sharing Floor Athens,01-SH,30523.0,Clarkesville,"MEAT & SEAFOOD, FROZEN SHL",Frozen Frozen Frozen Frozen Proteins
268,173906,5388,V-100,Victory Home / Helping Hand,477535,,ON PREMISES (OP),REHAB-Agency,BLUE RECEIPT-SHL,F-16-10001,68,0,0,12.24,68,HABERSHAM,0.18,1/31/2024 13:55,1/31/2024 10:43,Price Code 1,CUSTOMER PICKUP,False,Sharing Floor Rabun,02-SH,30573.0,Tallulah Falls,"ASSORTED FROZEN FOODS, SHL",Frozen Frozen Frozen Frozen Food Misc.
198,176250,683,S-112,Sharing and Caring - Clarkesville,478876,,FP/GNAP/USDA,FOOD PANTRY-Agency,BLUE RECEIPT-SHL,W-16-10001,91,0,0,16.38,91,HABERSHAM,0.18,2/27/2024 13:49,2/27/2024 8:35,Price Code 1,CUSTOMER PICKUP,False,Sharing Floor Rabun,02-SH,30523.0,Clarkesville,MISC. FOOD BOX SHL,Dry Dry Dry Dry Food Misc.
750,173922,690,C-176,Cornelia United Methodist Church,477551,,FP/OP,FOOD PANTRY-Agency,BLUE RECEIPT-SHL,W-03-10013,88,0,0,2.64,88,HABERSHAM,0.03,1/31/2024 12:32,1/31/2024 14:39,Price Code 1,CUSTOMER PICKUP,False,Sharing Floor Rabun,02-SH,30531.0,Cornelia,"ASSORTED BEVERAGES, SHL",Dry Dry Dry Dry Beverages
55,178904,8971,C-116,Circle of Hope,FAIMPORT481518,,ON PREMISES (OP),SHELTER-Agency,BLUE RECEIPT-SHL,MCF-16-10001,29,0,0,0.0,29,HABERSHAM,0.0,4/11/2024 0:00,4/11/2024 0:00,Price Code 1,CUSTOMER PICKUP,False,Food Bank of Northeast Georgia,01,30531.0,Cornelia,"FROZEN FOODS, MISC SHL RETAIL PICKUP",Dry Dry Dry Dry Food Misc.
649,176661,1521,G-132,Glade Creek Baptist Church,479284,,FP/GNAP/USDA,FAITH-BASED-Agency,USDA,N-50-10104,4,0,0,0.0,100,HABERSHAM,0.0,3/6/2024 9:25,3/6/2024 8:25,Price Code 1,CONTACT FOR DELIVERY,False,Rabun Warehouse,02,30563.0,Mt Airy,USDA LENTIL BEANS,Dry Dry Dry Dry Proteins
869,172636,5407,H-152,Homestead Recovery for Women,476267,,ON PREMISES (OP),REHAB-Agency,BLUE RECEIPT-SHL,F-15-10000,21,0,0,3.78,21,HABERSHAM,0.18,1/5/2024 10:35,1/5/2024 15:00,Price Code 1,CUSTOMER PICKUP,False,Sharing Floor Athens,01-SH,30523.0,Clarkesville,"MEAT & SEAFOOD, FROZEN SHL",Frozen Frozen Frozen Frozen Proteins
55,172730,683,C-116,Circle of Hope,476361,,ON PREMISES (OP),SHELTER-Agency,BLUE RECEIPT-SHL,W-16-10001,75,0,0,13.5,75,HABERSHAM,0.18,1/8/2024 12:27,1/8/2024 11:31,Price Code 1,CUSTOMER PICKUP,False,Sharing Floor Rabun,02-SH,30531.0,Cornelia,MISC. FOOD BOX SHL,Dry Dry Dry Dry Food Misc.
665,180195,8834,C-173,Clarkesville Church of God,482801,,FP/GNAP/USDA,FAITH-BASED-Agency,BLUE RECEIPT-SHL,N-03-11770,2,0,0,0.0,20,HABERSHAM,0.0,5/8/2024 10:20,5/8/2024 9:02,Price Code 1,CUSTOMER PICKUP,False,Food Bank of Northeast Georgia,01,30523.0,Clarkesville,MT DEW ZERO SUGAR,Dry Dry Dry Dry Beverages
623,178099,696,C-171,Clarkesville Soup Kitchen,480718,,OP/USDA,SOUP KITCHEN-Agency,LOCAL - LL,W-25-10000,166,0,0,29.88,166,HABERSHAM,0.18,4/1/2024 11:47,4/2/2024 9:23,Price Code 1,CUSTOMER PICKUP,False,Rabun Warehouse,02,30523.0,Clarkesville,"ASSORTED SNACK ITEMS, LL",Dry Dry Dry Dry Food Misc.
329,177403,2573,O-109,Open Door Food Ministry (The Torch Church of God),480023,,FP/GNAP/USDA,FOOD PANTRY-Agency,GNAP,N-40-10204,50,0,0,0.0,950,HABERSHAM,0.0,3/20/2024 14:23,3/20/2024 7:08,Price Code 1,CONTACT FOR DELIVERY,False,Rabun Warehouse,02,30531.0,Cornelia,GNAP CHICKEN & RICE SOUP,Dry Dry Dry Dry Prepared Meals
665,175966,3139,C-173,Clarkesville Church of God,478594,,FP/GNAP/USDA,FAITH-BASED-Agency,USDA,N-50-10290,1,0,0,4.5,25,HABERSHAM,0.18,3/6/2024 9:35,3/11/2024 9:35,Price Code 1,CUSTOMER PICKUP,False,Food Bank of Northeast Georgia,01,30523.0,Clarkesville,USDA WHOLE ALMONDS DRY ROASTED,Dry Dry Dry Dry Proteins
198,182484,4449,S-112,Sharing and Caring - Clarkesville,485088,,FP/GNAP/USDA,FOOD PANTRY-Agency,USDA,F-50-90445,3,0,0,12.3,123,HABERSHAM,0.1,6/26/2024 8:30,7/2/2024 7:10,Price Code 1,CUSTOMER PICKUP,False,Rabun Warehouse,02,30523.0,Clarkesville,USDA FULLY COOKED PULLED PORK CCC,Frozen Frozen Frozen Frozen Proteins
665,177367,7298,C-173,Clarkesville Church of God,479987,,FP/GNAP/USDA,FAITH-BASED-Agency,GNAP,N-40-10248,2,0,0,0.0,28,HABERSHAM,0.0,3/20/2024 9:35,3/20/2024 9:12,Price Code 1,CUSTOMER PICKUP,False,Food Bank of Northeast Georgia,01,30523.0,Clarkesville,GNAP BAKING AND BISCUIT MIX,Dry Dry Dry Dry Grains
665,173863,3776,C-173,Clarkesville Church of God,477492,,FP/GNAP/USDA,FAITH-BASED-Agency,BLUE RECEIPT-SHL,N-03-11125,4,0,0,3.96,132,HABERSHAM,0.03,2/7/2024 9:35,2/7/2024 9:19,Price Code 1,CUSTOMER PICKUP,False,Food Bank of Northeast Georgia,01,30523.0,Clarkesville,PEPSI WILD CHERRY,Dry Dry Dry Dry Beverages
188,175685,688,S-102,Sharing and Caring - Cornelia,478313,,FP/GNAP/USDA,FOOD PANTRY-Agency,BLUE RECEIPT-SHL,W-01-10000,45,0,0,8.1,45,HABERSHAM,0.18,2/15/2024 13:47,2/15/2024 10:38,Price Code 1,CUSTOMER PICKUP,False,Sharing Floor Rabun,02-SH,30531.0,Cornelia,"ASSORTED NON-FOOD ITEMS, SHL",Dry Dry Dry Dry Non-Food Misc.
809,182373,8972,B-123,Breaking Chains Ministries d.b.a Freedom Hill,FAIMPORT484977,,ON PREMISES (OP),REHAB-Agency,BLUE RECEIPT-SHL,MCF-15-10000,12,0,0,0.0,12,HABERSHAM,0.0,6/17/2024 0:00,6/17/2024 0:00,Price Code 1,CUSTOMER PICKUP,False,Food Bank of Northeast Georgia,01,30535.0,Demorest,"FROZEN MEAT & SEAFOOD, SHL RETAIL PICKUP",Dry Dry Dry Dry Proteins
649,175473,2573,G-132,Glade Creek Baptist Church,478102,,FP/GNAP/USDA,FAITH-BASED-Agency,GNAP,N-40-10204,2,0,0,3.8,38,HABERSHAM,0.1,2/15/2024 9:25,2/15/2024 6:58,Price Code 1,CONTACT FOR DELIVERY,False,Rabun Warehouse,02,30563.0,Mt Airy,GNAP CHICKEN & RICE SOUP,Dry Dry Dry Dry Prepared Meals
902,176358,683,T-123,"The Lord's Help, Inc.",478983,,ON PREMISES (OP),SOUP KITCHEN-Agency,BLUE RECEIPT-SHL,W-16-10001,30,0,0,0.0,30,HABERSHAM,0.0,2/28/2024 15:19,2/28/2024 10:30,Price Code 1,CUSTOMER PICKUP,False,Sharing Floor Athens,01-SH,30531.0,Cornelia,MISC. FOOD BOX SHL,Dry Dry Dry Dry Food Misc.
55,173770,5388,C-116,Circle of Hope,477399,,ON PREMISES (OP),SHELTER-Agency,BLUE RECEIPT-SHL,F-16-10001,32,0,0,5.76,32,HABERSHAM,0.18,1/29/2024 12:27,1/29/2024 11:10,Price Code 1,CUSTOMER PICKUP,False,Sharing Floor Rabun,02-SH,30531.0,Cornelia,"ASSORTED FROZEN FOODS, SHL",Frozen Frozen Frozen Frozen Food Misc.
902,179307,8975,T-123,"The Lord's Help, Inc.",FAIMPORT481920,,ON PREMISES (OP),SOUP KITCHEN-Agency,BLUE RECEIPT-SHL,MCC-07-10001,40,0,0,0.0,40,HABERSHAM,0.0,4/18/2024 0:00,4/18/2024 0:00,Price Code 1,CUSTOMER PICKUP,False,Food Bank of Northeast Georgia,01,30531.0,Cornelia,"DAIRY PRODUCTS, SHL RETAIL PICKUPS",Dry Dry Dry Dry Dairy
329,179024,5407,O-109,Open Door Food Ministry (The Torch Church of God),481638,,FP/GNAP/USDA,FOOD PANTRY-Agency,BLUE RECEIPT-SHL,F-15-10000,823,0,0,82.3,823,HABERSHAM,0.1,4/16/2024 14:23,4/16/2024 9:07,Price Code 1,TRUCK 1,False,Food Bank of Northeast Georgia,01,30531.0,Cornelia,"MEAT & SEAFOOD, FROZEN SHL",Frozen Frozen Frozen Frozen Proteins
902,178725,8975,T-123,"The Lord's Help, Inc.",FAIMPORT481339,,ON PREMISES (OP),SOUP KITCHEN-Agency,BLUE RECEIPT-SHL,MCC-07-10001,140,0,0,0.0,140,HABERSHAM,0.0,4/1/2024 0:00,4/1/2024 0:00,Price Code 1,CUSTOMER PICKUP,False,Food Bank of Northeast Georgia,01,30531.0,Cornelia,"DAIRY PRODUCTS, SHL RETAIL PICKUPS",Dry Dry Dry Dry Dairy
632,173395,170,H-141,Hazel Creek Baptist Church,477024,,FP/USDA,FOOD PANTRY-Agency,USDA,N-50-10007,6,0,0,30.24,168,HABERSHAM,0.18,1/24/2024 8:32,1/24/2024 13:28,Price Code 1,CUSTOMER PICKUP,False,Rabun Warehouse,02,30563.0,Mt. Airy,"USDA CORN, WHOLE KERNEL NO SALT",Dry Dry Dry Dry Vegetables
329,176281,3943,O-109,Open Door Food Ministry (The Torch Church of God),478906,,FP/GNAP/USDA,FOOD PANTRY-Agency,USDA,N-50-10268,60,0,0,0.0,2280,HABERSHAM,0.0,3/2/2024 7:00,3/4/2024 6:57,Price Code 1,TRACTOR TRAILER 1 MOBILE PANTRY,False,Food Bank of Northeast Georgia,01,30531.0,Cornelia,USDA APPLE JUICE,Dry Dry Dry Dry Beverages
665,180400,688,C-173,Clarkesville Church of God,483006,,FP/GNAP/USDA,FAITH-BASED-Agency,BLUE RECEIPT-SHL,W-01-10000,5,0,0,0.9,5,HABERSHAM,0.18,5/8/2024 9:35,5/8/2024 8:38,Price Code 1,CUSTOMER PICKUP,False,Sharing Floor Athens,01-SH,30523.0,Clarkesville,"ASSORTED NON-FOOD ITEMS, SHL",Dry Dry Dry Dry Non-Food Misc.
556,179664,50,P-123,"Pilgrim Ministries, Inc.",482277,,ON PREMISES (OP),REHAB-Agency,LOCAL - LL,W-16-10002,23,0,0,4.14,23,HABERSHAM,0.18,4/26/2024 14:14,4/26/2024 10:12,Price Code 1,CUSTOMER PICKUP,False,Sharing Floor Rabun,02-SH,30523.0,Clarkesville,MISC. FOOD BOX LL,Dry Dry Dry Dry Food Misc.
902,175402,875,T-123,"The Lord's Help, Inc.",478031,,ON PREMISES (OP),SOUP KITCHEN-Agency,BLUE RECEIPT-SHL,W-04-10000,64,0,0,0.0,64,HABERSHAM,0.0,2/9/2024 15:19,2/9/2024 10:22,Price Code 1,CUSTOMER PICKUP,False,Sharing Floor Athens,01-SH,30531.0,Cornelia,"BREAD & BAKERY, ASSORTED SHL",Dry Dry Dry Dry Grains
665,177367,1822,C-173,Clarkesville Church of God,479987,,FP/GNAP/USDA,FAITH-BASED-Agency,GNAP,N-40-10140,2,0,0,0.0,36,HABERSHAM,0.0,3/20/2024 9:35,3/20/2024 9:12,Price Code 1,CUSTOMER PICKUP,False,Food Bank of Northeast Georgia,01,30523.0,Clarkesville,GNAP TUNA LIGHT CHUNK,Dry Dry Dry Dry Proteins
665,180195,4036,C-173,Clarkesville Church of God,482801,,FP/GNAP/USDA,FAITH-BASED-Agency,BLUE RECEIPT-SHL,N-03-11005,5,0,0,0.0,50,HABERSHAM,0.0,5/8/2024 10:20,5/8/2024 9:02,Price Code 1,CUSTOMER PICKUP,False,Food Bank of Northeast Georgia,01,30523.0,Clarkesville,DIET PEPSI,Dry Dry Dry Dry Beverages
649,178770,8995,G-132,Glade Creek Baptist Church,481384,,FP/GNAP/USDA,FAITH-BASED-Agency,BLUE RECEIPT-SHL,N-21-10067,12,0,0,10.8,60,HABERSHAM,0.18,4/15/2024 9:25,4/15/2024 15:10,Price Code 1,CONTACT FOR DELIVERY,False,Rabun Warehouse,02,30563.0,Mt Airy,"RAMEN, MARUCHAN SHRIMP",Dry Dry Dry Dry Prepared Meals
1024,180084,8690,L-119,Life Church Baldwin,482692,,FP/USDA,MOBILE PANTRY-Agency,USDA,N-50-10302,18,0,0,45.36,252,HABERSHAM,0.18,5/10/2024 8:00,5/10/2024 14:24,Price Code 1,CUSTOMER PICKUP,False,Rabun Warehouse,02,30511.0,Baldwin,USDA GREEN BEANS CCC,Dry Dry Dry Dry Vegetables
665,173122,8661,C-173,Clarkesville Church of God,476752,,FP/GNAP/USDA,FAITH-BASED-Agency,GNAP,N-40-10264,14,0,0,40.6,406,HABERSHAM,0.1,1/23/2024 9:35,1/23/2024 9:34,Price Code 1,CUSTOMER PICKUP,False,Food Bank of Northeast Georgia,01,30523.0,Clarkesville,GNAP 2% MILK-FAMILY SIZE,Dry Dry Dry Dry Dairy
329,182309,875,O-109,Open Door Food Ministry (The Torch Church of God),484913,,FP/GNAP/USDA,FOOD PANTRY-Agency,BLUE RECEIPT-SHL,W-04-10000,367,0,0,0.0,367,HABERSHAM,0.0,6/18/2024 10:00,6/18/2024 9:03,Price Code 1,TRUCK 1,False,Food Bank of Northeast Georgia,01,30531.0,Cornelia,"BREAD & BAKERY, ASSORTED SHL",Dry Dry Dry Dry Grains
268,176063,875,V-100,Victory Home / Helping Hand,478690,,ON PREMISES (OP),REHAB-Agency,BLUE RECEIPT-SHL,W-04-10000,19,0,0,0.0,19,HABERSHAM,0.0,2/23/2024 13:55,2/23/2024 7:21,Price Code 1,CUSTOMER PICKUP,False,Sharing Floor Rabun,02-SH,30573.0,Tallulah Falls,"BREAD & BAKERY, ASSORTED SHL",Dry Dry Dry Dry Grains
665,173642,8918,C-173,Clarkesville Church of God,477271,,FP/GNAP/USDA,FAITH-BASED-Agency,LOCAL - LL,N-25-11950,4,0,0,1.44,8,HABERSHAM,0.18,2/7/2024 9:35,2/7/2024 9:17,Price Code 1,CUSTOMER PICKUP,False,Food Bank of Northeast Georgia,01,30523.0,Clarkesville,GHIRARDELLI DARK CHOCOLATE,Dry Dry Dry Dry Food Misc.
665,178646,1045,C-173,Clarkesville Church of God,481262,,FP/GNAP/USDA,FAITH-BASED-Agency,BLUE RECEIPT-SHL,W-25-10009,26,0,0,0.0,26,HABERSHAM,0.0,4/10/2024 9:35,4/10/2024 8:44,Price Code 1,CUSTOMER PICKUP,False,Sharing Floor Athens,01-SH,30523.0,Clarkesville,"ASSORTED SNACK ITEMS, SHL",Dry Dry Dry Dry Food Misc.
632,179677,690,H-141,Hazel Creek Baptist Church,482290,,FP/USDA,FOOD PANTRY-Agency,BLUE RECEIPT-SHL,W-03-10013,68,0,0,2.04,68,HABERSHAM,0.03,4/26/2024 8:32,4/26/2024 12:36,Price Code 1,CUSTOMER PICKUP,False,Sharing Floor Rabun,02-SH,30563.0,Mt. Airy,"ASSORTED BEVERAGES, SHL",Dry Dry Dry Dry Beverages
268,176356,5388,V-100,Victory Home / Helping Hand,478981,,ON PREMISES (OP),REHAB-Agency,BLUE RECEIPT-SHL,F-16-10001,57,0,0,10.26,57,HABERSHAM,0.18,2/28/2024 13:55,2/28/2024 14:17,Price Code 1,CUSTOMER PICKUP,False,Sharing Floor Rabun,02-SH,30573.0,Tallulah Falls,"ASSORTED FROZEN FOODS, SHL",Frozen Frozen Frozen Frozen Food Misc.
560,177316,5938,B-133,Ballew House Outreach,479936,,FP/OP/GNAP/USDA,FOOD PANTRY-Agency,BLUE RECEIPT-SHL,C-28-10001,17,0,0,0.51,17,HABERSHAM,0.03,3/14/2024 13:49,3/14/2024 12:59,Price Code 1,CUSTOMER PICKUP,False,Sharing Floor Rabun,02-SH,30510.0,Alto,"PRODUCE, FRESH SHL",Cooled Cooled Cooled Cooled Mixed Produce
198,179414,50,S-112,Sharing and Caring - Clarkesville,482027,,FP/GNAP/USDA,FOOD PANTRY-Agency,LOCAL - LL,W-16-10002,169,0,0,30.42,169,HABERSHAM,0.18,4/23/2024 13:49,4/23/2024 8:34,Price Code 1,CUSTOMER PICKUP,False,Sharing Floor Rabun,02-SH,30523.0,Clarkesville,MISC. FOOD BOX LL,Dry Dry Dry Dry Food Misc.
198,179284,2202,S-112,Sharing and Caring - Clarkesville,481897,,FP/GNAP/USDA,FOOD PANTRY-Agency,USDA,N-50-10240,10,0,0,39.6,220,HABERSHAM,0.18,4/23/2024 13:49,4/23/2024 8:31,Price Code 1,CUSTOMER PICKUP,False,Rabun Warehouse,02,30523.0,Clarkesville,USDA SPAGHETTI,Dry Dry Dry Dry Grains
938,173847,5938,F-142,First Presbyterian Church of Cornelia,477476,,FP/GNAP/USDA,MOBILE PANTRY-Agency,BLUE RECEIPT-SHL,C-28-10001,1500,0,0,0.0,1500,HABERSHAM,0.0,1/30/2024 13:41,2/5/2024 9:32,Price Code 1,CUSTOMER PICKUP,False,Sharing Floor Rabun,02-SH,30531.0,Cornelia,"PRODUCE, FRESH SHL",Cooled Cooled Cooled Cooled Mixed Produce
198,179026,5407,S-112,Sharing and Caring - Clarkesville,481640,,FP/GNAP/USDA,FOOD PANTRY-Agency,BLUE RECEIPT-SHL,F-15-10000,124,0,0,22.32,124,HABERSHAM,0.18,4/16/2024 13:49,4/16/2024 8:32,Price Code 1,CUSTOMER PICKUP,False,Sharing Floor Rabun,02-SH,30523.0,Clarkesville,"MEAT & SEAFOOD, FROZEN SHL",Frozen Frozen Frozen Frozen Proteins
869,179673,683,H-152,Homestead Recovery for Women,482286,,ON PREMISES (OP),REHAB-Agency,BLUE RECEIPT-SHL,W-16-10001,57,0,0,10.26,57,HABERSHAM,0.18,4/26/2024 10:35,4/26/2024 11:33,Price Code 1,CUSTOMER PICKUP,False,Sharing Floor Athens,01-SH,30523.0,Clarkesville,MISC. FOOD BOX SHL,Dry Dry Dry Dry Food Misc.
198,176054,4449,S-112,Sharing and Caring - Clarkesville,478681,,FP/GNAP/USDA,FOOD PANTRY-Agency,USDA,F-50-90445,3,0,0,12.3,123,HABERSHAM,0.1,2/27/2024 13:49,2/27/2024 8:32,Price Code 1,CUSTOMER PICKUP,False,Rabun Warehouse,02,30523.0,Clarkesville,USDA FULLY COOKED PULLED PORK CCC,Frozen Frozen Frozen Frozen Proteins
902,178727,8986,T-123,"The Lord's Help, Inc.",FAIMPORT481341,,ON PREMISES (OP),SOUP KITCHEN-Agency,BLUE RECEIPT-SHL,MCW-01-10001,1,0,0,0.0,1,HABERSHAM,0.0,4/9/2024 0:00,4/9/2024 0:00,Price Code 1,CUSTOMER PICKUP,False,Food Bank of Northeast Georgia,01,30531.0,Cornelia,"NON-FOOD ITEMS, SHL RETAIL PICKUPS",Dry Dry Dry Dry Non-Food Misc.
902,175402,696,T-123,"The Lord's Help, Inc.",478031,,ON PREMISES (OP),SOUP KITCHEN-Agency,LOCAL - LL,W-25-10000,23,0,0,4.14,23,HABERSHAM,0.18,2/9/2024 15:19,2/9/2024 10:22,Price Code 1,CUSTOMER PICKUP,False,Sharing Floor Athens,01-SH,30531.0,Cornelia,"ASSORTED SNACK ITEMS, LL",Dry Dry Dry Dry Food Misc.
901,181786,690,H-150,Habersham County Senior Center,484390,,FP/USDA,SENIOR-Agency,BLUE RECEIPT-SHL,W-03-10013,217,0,0,0.0,217,HABERSHAM,0.0,6/3/2024 9:28,6/3/2024 9:43,Price Code 1,CUSTOMER PICKUP,False,Sharing Floor Athens,01-SH,30535.0,Demorest,"ASSORTED BEVERAGES, SHL",Dry Dry Dry Dry Beverages
55,173403,683,C-116,Circle of Hope,477032,,ON PREMISES (OP),SHELTER-Agency,BLUE RECEIPT-SHL,W-16-10001,67,0,0,12.06,67,HABERSHAM,0.18,1/22/2024 12:27,1/22/2024 11:39,Price Code 1,CUSTOMER PICKUP,False,Sharing Floor Rabun,02-SH,30531.0,Cornelia,MISC. FOOD BOX SHL,Dry Dry Dry Dry Food Misc.
750,178674,1045,C-176,Cornelia United Methodist Church,481290,,FP/OP,FOOD PANTRY-Agency,BLUE RECEIPT-SHL,W-25-10009,99,0,0,17.82,99,HABERSHAM,0.18,4/10/2024 12:32,4/10/2024 13:36,Price Code 1,CUSTOMER PICKUP,False,Sharing Floor Rabun,02-SH,30531.0,Cornelia,"ASSORTED SNACK ITEMS, SHL",Dry Dry Dry Dry Food Misc.
665,177035,683,C-173,Clarkesville Church of God,479657,,FP/GNAP/USDA,FAITH-BASED-Agency,BLUE RECEIPT-SHL,W-16-10001,81,0,0,14.58,81,HABERSHAM,0.18,3/11/2024 9:35,3/11/2024 8:43,Price Code 1,CUSTOMER PICKUP,False,Sharing Floor Athens,01-SH,30523.0,Clarkesville,MISC. FOOD BOX SHL,Dry Dry Dry Dry Food Misc.
649,175473,3139,G-132,Glade Creek Baptist Church,478102,,FP/GNAP/USDA,FAITH-BASED-Agency,USDA,N-50-10290,4,0,0,18.0,100,HABERSHAM,0.18,2/15/2024 9:25,2/15/2024 6:58,Price Code 1,CONTACT FOR DELIVERY,False,Rabun Warehouse,02,30563.0,Mt Airy,USDA WHOLE ALMONDS DRY ROASTED,Dry Dry Dry Dry Proteins
809,177370,696,B-123,Breaking Chains Ministries d.b.a Freedom Hill,479990,,ON PREMISES (OP),REHAB-Agency,LOCAL - LL,W-25-10000,21,0,0,3.78,21,HABERSHAM,0.18,3/15/2024 9:19,3/15/2024 11:41,Price Code 1,CUSTOMER PICKUP,False,Sharing Floor Athens,01-SH,30535.0,Demorest,"ASSORTED SNACK ITEMS, LL",Dry Dry Dry Dry Food Misc.
938,172533,683,F-142,First Presbyterian Church of Cornelia,476164,,FP/GNAP/USDA,MOBILE PANTRY-Agency,BLUE RECEIPT-SHL,W-16-10001,4500,0,0,0.0,4500,HABERSHAM,0.0,1/4/2024 9:58,1/8/2024 9:08,Price Code 1,CUSTOMER PICKUP,False,Sharing Floor Rabun,02-SH,30531.0,Cornelia,MISC. FOOD BOX SHL,Dry Dry Dry Dry Food Misc.
188,180408,9051,S-102,Sharing and Caring - Cornelia,483014,,FP/GNAP/USDA,FOOD PANTRY-Agency,GNAP,N-40-10282,10,0,0,0.0,160,HABERSHAM,0.0,5/15/2024 8:30,5/15/2024 7:19,Price Code 1,CONTACT FOR DELIVERY,False,Rabun Warehouse,02,30531.0,Cornelia,GNAP WHITE GRITS,Dry Dry Dry Dry Grains
649,180418,123,G-132,Glade Creek Baptist Church,483024,,FP/GNAP/USDA,FAITH-BASED-Agency,GNAP,N-40-10002,8,0,0,0.0,120,HABERSHAM,0.0,5/14/2024 8:30,5/14/2024 7:27,Price Code 1,CONTACT FOR DELIVERY,False,Rabun Warehouse,02,30563.0,Mt Airy,GNAP PEANUT BUTTER,Dry Dry Dry Dry Proteins
750,176374,875,C-176,Cornelia United Methodist Church,478999,,FP/OP,FOOD PANTRY-Agency,BLUE RECEIPT-SHL,W-04-10000,192,0,0,0.0,192,HABERSHAM,0.0,2/28/2024 12:32,2/28/2024 14:26,Price Code 1,CUSTOMER PICKUP,False,Sharing Floor Rabun,02-SH,30531.0,Cornelia,"BREAD & BAKERY, ASSORTED SHL",Dry Dry Dry Dry Grains
1024,180084,4788,L-119,Life Church Baldwin,482692,,FP/USDA,MOBILE PANTRY-Agency,USDA,F-50-90039,5,0,0,36.0,200,HABERSHAM,0.18,5/10/2024 8:00,5/10/2024 14:24,Price Code 1,CUSTOMER PICKUP,False,Rabun Warehouse,02,30511.0,Baldwin,USDA CATFISH FILLETS CCC,Frozen Frozen Frozen Frozen Proteins
329,178306,8943,O-109,Open Door Food Ministry (The Torch Church of God),480922,,FP/GNAP/USDA,FOOD PANTRY-Agency,BLUE RECEIPT-SHL,C-28-90534,98,0,0,0.0,4116,HABERSHAM,0.0,4/6/2024 7:30,4/16/2024 9:05,Price Code 1,TRACTOR TRAILER 1 MOBILE PANTRY,False,Food Bank of Northeast Georgia,01,30531.0,Cornelia,"SWEET POTATO, SHL",Cooled Cooled Cooled Cooled Potatoes
198,180392,6676,S-112,Sharing and Caring - Clarkesville,482998,,FP/GNAP/USDA,FOOD PANTRY-Agency,USDA,C-50-10009,3,0,0,24.3,135,HABERSHAM,0.18,5/14/2024 8:45,5/14/2024 7:31,Price Code 1,CUSTOMER PICKUP,False,Rabun Warehouse,02,30523.0,Clarkesville,"USDA APPLES, FRESH",Cooled Cooled Cooled Cooled Fruits
198,172447,5388,S-112,Sharing and Caring - Clarkesville,476078,,FP/GNAP/USDA,FOOD PANTRY-Agency,BLUE RECEIPT-SHL,F-16-10001,85,0,0,15.3,85,HABERSHAM,0.18,1/3/2024 13:49,1/3/2024 8:41,Price Code 1,CUSTOMER PICKUP,False,Sharing Floor Rabun,02-SH,30523.0,Clarkesville,"ASSORTED FROZEN FOODS, SHL",Frozen Frozen Frozen Frozen Food Misc.
632,176068,683,H-141,Hazel Creek Baptist Church,478695,,FP/USDA,FOOD PANTRY-Agency,BLUE RECEIPT-SHL,W-16-10001,268,0,0,48.24,268,HABERSHAM,0.18,2/23/2024 8:32,2/23/2024 7:38,Price Code 1,CUSTOMER PICKUP,False,Sharing Floor Rabun,02-SH,30563.0,Mt. Airy,MISC. FOOD BOX SHL,Dry Dry Dry Dry Food Misc.
1024,176477,1481,L-119,Life Church Baldwin,479101,,FP/USDA,MOBILE PANTRY-Agency,USDA,N-50-10105,13,0,0,39.78,221,HABERSHAM,0.18,3/8/2024 0:00,3/11/2024 7:54,Price Code 1,CONTACT FOR DELIVERY,False,Rabun Warehouse,02,30511.0,Baldwin,USDA DRIED CHERRIES CCC,Dry Dry Dry Dry Fruits
198,179284,800,S-112,Sharing and Caring - Clarkesville,481897,,FP/GNAP/USDA,FOOD PANTRY-Agency,USDA,N-50-10065,3,0,0,14.58,81,HABERSHAM,0.18,4/23/2024 13:49,4/23/2024 8:31,Price Code 1,CUSTOMER PICKUP,False,Rabun Warehouse,02,30523.0,Clarkesville,USDA APPLESAUCE,Dry Dry Dry Dry Fruits
665,180195,9023,C-173,Clarkesville Church of God,482801,,FP/GNAP/USDA,FAITH-BASED-Agency,YELLOW RECEIPT - SHN,N-25-11969,5,0,0,6.3,35,HABERSHAM,0.18,5/8/2024 10:20,5/8/2024 9:02,Price Code 1,CUSTOMER PICKUP,False,Food Bank of Northeast Georgia,01,30523.0,Clarkesville,ACT II LIGHT BUTTER POPCORN,Dry Dry Dry Dry Grains
809,182372,8972,B-123,Breaking Chains Ministries d.b.a Freedom Hill,FAIMPORT484976,,ON PREMISES (OP),REHAB-Agency,BLUE RECEIPT-SHL,MCF-15-10000,22,0,0,0.0,22,HABERSHAM,0.0,6/14/2024 0:00,6/14/2024 0:00,Price Code 1,CUSTOMER PICKUP,False,Food Bank of Northeast Georgia,01,30535.0,Demorest,"FROZEN MEAT & SEAFOOD, SHL RETAIL PICKUP",Dry Dry Dry Dry Proteins
198,179846,50,S-112,Sharing and Caring - Clarkesville,482457,,FP/GNAP/USDA,FOOD PANTRY-Agency,LOCAL - LL,W-16-10002,119,0,0,21.42,119,HABERSHAM,0.18,4/30/2024 13:49,4/30/2024 8:36,Price Code 1,CUSTOMER PICKUP,False,Sharing Floor Rabun,02-SH,30523.0,Clarkesville,MISC. FOOD BOX LL,Dry Dry Dry Dry Food Misc.
665,177035,875,C-173,Clarkesville Church of God,479657,,FP/GNAP/USDA,FAITH-BASED-Agency,BLUE RECEIPT-SHL,W-04-10000,54,0,0,0.0,54,HABERSHAM,0.0,3/11/2024 9:35,3/11/2024 8:43,Price Code 1,CUSTOMER PICKUP,False,Sharing Floor Athens,01-SH,30523.0,Clarkesville,"BREAD & BAKERY, ASSORTED SHL",Dry Dry Dry Dry Grains
750,179114,9014,C-176,Cornelia United Methodist Church,481727,,FP/OP,FOOD PANTRY-Agency,PURCH,N-27-10136,4,0,208,19.44,108,HABERSHAM,0.18,4/17/2024 12:32,4/17/2024 13:57,Price Code 1,CUSTOMER PICKUP,False,Sharing Floor Rabun,02-SH,30531.0,Cornelia,"GREEN BEANS, HARVEST VALLEY",Dry Dry Dry Dry Vegetables
556,175394,683,P-123,"Pilgrim Ministries, Inc.",478023,,ON PREMISES (OP),REHAB-Agency,BLUE RECEIPT-SHL,W-16-10001,30,0,0,5.4,30,HABERSHAM,0.18,2/9/2024 14:14,2/9/2024 8:55,Price Code 1,CUSTOMER PICKUP,False,Sharing Floor Rabun,02-SH,30523.0,Clarkesville,MISC. FOOD BOX SHL,Dry Dry Dry Dry Food Misc.
809,177370,5958,B-123,Breaking Chains Ministries d.b.a Freedom Hill,479990,,ON PREMISES (OP),REHAB-Agency,BLUE RECEIPT-SHL,C-16-10001,109,0,0,19.62,109,HABERSHAM,0.18,3/15/2024 9:19,3/15/2024 11:41,Price Code 1,CUSTOMER PICKUP,False,Sharing Floor Athens,01-SH,30535.0,Demorest,"COOLER FOOD, MISC. SHL",Cooled Cooled Cooled Cooled Food Misc.
665,180195,9045,C-173,Clarkesville Church of God,482801,,FP/GNAP/USDA,FAITH-BASED-Agency,GNAP,N-40-10279,3,0,0,0.0,24,HABERSHAM,0.0,5/8/2024 10:20,5/8/2024 9:02,Price Code 1,CUSTOMER PICKUP,False,Food Bank of Northeast Georgia,01,30523.0,Clarkesville,"GNAP PASTA SIDE, CHEDDAR BROCCOLI",Dry Dry Dry Dry Prepared Meals
869,173465,5958,H-152,Homestead Recovery for Women,477094,,ON PREMISES (OP),REHAB-Agency,BLUE RECEIPT-SHL,C-16-10001,34,0,0,6.12,34,HABERSHAM,0.18,1/23/2024 10:35,1/23/2024 10:37,Price Code 1,CUSTOMER PICKUP,False,Sharing Floor Athens,01-SH,30523.0,Clarkesville,"COOLER FOOD, MISC. SHL",Cooled Cooled Cooled Cooled Food Misc.
750,172489,696,C-176,Cornelia United Methodist Church,476120,,FP/OP,FOOD PANTRY-Agency,LOCAL - LL,W-25-10000,30,0,0,5.4,30,HABERSHAM,0.18,1/3/2024 12:32,1/3/2024 13:46,Price Code 1,CUSTOMER PICKUP,False,Sharing Floor Rabun,02-SH,30531.0,Cornelia,"ASSORTED SNACK ITEMS, LL",Dry Dry Dry Dry Food Misc.
623,181791,875,C-171,Clarkesville Soup Kitchen,484395,,OP/USDA,SOUP KITCHEN-Agency,BLUE RECEIPT-SHL,W-04-10000,64,0,0,0.0,64,HABERSHAM,0.0,6/3/2024 11:47,6/3/2024 10:18,Price Code 1,CUSTOMER PICKUP,False,Sharing Floor Rabun,02-SH,30523.0,Clarkesville,"BREAD & BAKERY, ASSORTED SHL",Dry Dry Dry Dry Grains
329,173840,4715,O-109,Open Door Food Ministry (The Torch Church of God),477469,,FP/GNAP/USDA,FOOD PANTRY-Agency,USDA,F-50-90461,72,0,0,0.0,2880,HABERSHAM,0.0,2/3/2024 7:00,2/14/2024 13:16,Price Code 1,TRACTOR TRAILER 1 MOBILE PANTRY,False,Food Bank of Northeast Georgia,01,30531.0,Cornelia,USDA ALASKAN POLLACK FISH FILLETS,Frozen Frozen Frozen Frozen Proteins
329,182094,4715,O-109,Open Door Food Ministry (The Torch Church of God),484698,,FP/GNAP/USDA,FOOD PANTRY-Agency,USDA,F-50-90461,18,0,0,0.0,720,HABERSHAM,0.0,6/11/2024 14:23,6/12/2024 11:12,Price Code 1,TRUCK 1,False,Food Bank of Northeast Georgia,01,30531.0,Cornelia,USDA ALASKAN POLLACK FISH FILLETS,Frozen Frozen Frozen Frozen Proteins
632,177076,1047,H-141,Hazel Creek Baptist Church,479698,,FP/USDA,FOOD PANTRY-Agency,USDA,N-50-10041,2,0,0,17.64,98,HABERSHAM,0.18,3/14/2024 8:32,3/14/2024 12:54,Price Code 1,CUSTOMER PICKUP,False,Rabun Warehouse,02,30563.0,Mt. Airy,USDA RICE,Dry Dry Dry Dry Grains
329,175851,8949,O-109,Open Door Food Ministry (The Torch Church of God),478479,,FP/GNAP/USDA,FOOD PANTRY-Agency,LOCAL - LL,C-28-90536,35,0,0,0.0,1750,HABERSHAM,0.0,2/20/2024 14:23,2/20/2024 11:45,Price Code 1,TRUCK 1,False,Food Bank of Northeast Georgia,01,30531.0,Cornelia,"CARROTS, 50#",Cooled Cooled Cooled Cooled Vegetables
632,176068,5388,H-141,Hazel Creek Baptist Church,478695,,FP/USDA,FOOD PANTRY-Agency,BLUE RECEIPT-SHL,F-16-10001,137,0,0,24.66,137,HABERSHAM,0.18,2/23/2024 8:32,2/23/2024 7:38,Price Code 1,CUSTOMER PICKUP,False,Sharing Floor Rabun,02-SH,30563.0,Mt. Airy,"ASSORTED FROZEN FOODS, SHL",Frozen Frozen Frozen Frozen Food Misc.
556,178851,683,P-123,"Pilgrim Ministries, Inc.",481465,,ON PREMISES (OP),REHAB-Agency,BLUE RECEIPT-SHL,W-16-10001,86,0,0,15.48,86,HABERSHAM,0.18,4/12/2024 14:14,4/12/2024 9:13,Price Code 1,CUSTOMER PICKUP,False,Sharing Floor Rabun,02-SH,30523.0,Clarkesville,MISC. FOOD BOX SHL,Dry Dry Dry Dry Food Misc.
665,180813,9055,C-173,Clarkesville Church of God,483419,,FP/GNAP/USDA,FAITH-BASED-Agency,GNAP,N-40-10285,2,0,0,0.0,44,HABERSHAM,0.0,5/22/2024 9:00,5/22/2024 9:20,Price Code 1,CUSTOMER PICKUP,False,Food Bank of Northeast Georgia,01,30523.0,Clarkesville,GNAP MIXED FRUIT CUPS,Dry Dry Dry Dry Fruits
1024,177607,1047,L-119,Life Church Baldwin,480227,,FP/USDA,MOBILE PANTRY-Agency,USDA,N-50-10041,5,0,0,44.1,245,HABERSHAM,0.18,4/11/2024 19:36,4/12/2024 15:36,Price Code 1,CONTACT FOR DELIVERY,False,Rabun Warehouse,02,30511.0,Baldwin,USDA RICE,Dry Dry Dry Dry Grains
188,180443,5407,S-102,Sharing and Caring - Cornelia,483049,,FP/GNAP/USDA,FOOD PANTRY-Agency,BLUE RECEIPT-SHL,F-15-10000,229,0,0,41.22,229,HABERSHAM,0.18,5/8/2024 13:47,5/8/2024 14:47,Price Code 1,CUSTOMER PICKUP,False,Sharing Floor Athens,01-SH,30531.0,Cornelia,"MEAT & SEAFOOD, FROZEN SHL",Frozen Frozen Frozen Frozen Proteins
188,180874,9042,S-102,Sharing and Caring - Cornelia,483480,,FP/GNAP/USDA,FOOD PANTRY-Agency,GNAP,F-40-90059,6,0,0,0.0,144,HABERSHAM,0.0,5/30/2024 11:00,5/30/2024 7:14,Price Code 1,CONTACT FOR DELIVERY,False,Rabun Warehouse,02,30531.0,Cornelia,GNAP GROUND TURKEY CHUB 85/15,Frozen Frozen Frozen Frozen Proteins
329,173840,8914,O-109,Open Door Food Ministry (The Torch Church of God),477469,,FP/GNAP/USDA,FOOD PANTRY-Agency,USDA,N-50-10310,25,0,0,0.0,675,HABERSHAM,0.0,2/3/2024 7:00,2/14/2024 13:16,Price Code 1,TRACTOR TRAILER 1 MOBILE PANTRY,False,Food Bank of Northeast Georgia,01,30531.0,Cornelia,USDA DICED POTATOES,Dry Dry Dry Dry Potatoes
198,177113,683,S-112,Sharing and Caring - Clarkesville,479734,,FP/GNAP/USDA,FOOD PANTRY-Agency,BLUE RECEIPT-SHL,W-16-10001,64,0,0,11.52,64,HABERSHAM,0.18,3/12/2024 13:49,3/12/2024 8:27,Price Code 1,CUSTOMER PICKUP,False,Sharing Floor Rabun,02-SH,30523.0,Clarkesville,MISC. FOOD BOX SHL,Dry Dry Dry Dry Food Misc.
750,180439,1045,C-176,Cornelia United Methodist Church,483045,,FP/OP,FOOD PANTRY-Agency,BLUE RECEIPT-SHL,W-25-10009,70,0,0,12.6,70,HABERSHAM,0.18,5/8/2024 12:32,5/8/2024 14:02,Price Code 1,CUSTOMER PICKUP,False,Sharing Floor Rabun,02-SH,30531.0,Cornelia,"ASSORTED SNACK ITEMS, SHL",Dry Dry Dry Dry Food Misc.
665,180195,9021,C-173,Clarkesville Church of God,482801,,FP/GNAP/USDA,FAITH-BASED-Agency,GNAP,N-40-10270,8,0,0,0.0,208,HABERSHAM,0.0,5/8/2024 10:20,5/8/2024 9:02,Price Code 1,CUSTOMER PICKUP,False,Food Bank of Northeast Georgia,01,30523.0,Clarkesville,GNAP BUMBLEBEE CHICKEN SALAD KIT,Dry Dry Dry Dry Prepared Meals
198,175543,690,S-112,Sharing and Caring - Clarkesville,478172,,FP/GNAP/USDA,FOOD PANTRY-Agency,BLUE RECEIPT-SHL,W-03-10013,241,0,0,7.23,241,HABERSHAM,0.03,2/13/2024 13:49,2/13/2024 9:02,Price Code 1,CUSTOMER PICKUP,False,Sharing Floor Rabun,02-SH,30523.0,Clarkesville,"ASSORTED BEVERAGES, SHL",Dry Dry Dry Dry Beverages
198,181329,7083,S-112,Sharing and Caring - Clarkesville,483933,,FP/GNAP/USDA,FOOD PANTRY-Agency,USDA,C-50-10029,2,0,0,4.32,24,HABERSHAM,0.18,5/29/2024 9:00,5/29/2024 7:05,Price Code 1,CUSTOMER PICKUP,False,Rabun Warehouse,02,30523.0,Clarkesville,"USDA MILD CHEDDAR CHEESE, BLOCK CCC",Cooled Cooled Cooled Cooled Dairy
987,181075,1674,M-137,Mount Airy Baptist Church,483680,,OP/USDA,EMERGENCY-Agency,USDA,N-50-10073,1,0,0,4.86,27,HABERSHAM,0.18,5/23/2024 0:00,5/23/2024 10:30,Price Code 1,CONTACT FOR DELIVERY,False,Rabun Warehouse,02,30563.0,Mount Airy,USDA TOMATO SAUCE,Dry Dry Dry Dry Vegetables
268,177224,690,V-100,Victory Home / Helping Hand,479844,,ON PREMISES (OP),REHAB-Agency,BLUE RECEIPT-SHL,W-03-10013,108,0,0,3.24,108,HABERSHAM,0.03,3/13/2024 22:15,3/13/2024 10:21,Price Code 1,CUSTOMER PICKUP,False,Sharing Floor Rabun,02-SH,30573.0,Tallulah Falls,"ASSORTED BEVERAGES, SHL",Dry Dry Dry Dry Beverages
623,177905,8720,C-171,Clarkesville Soup Kitchen,480524,,OP/USDA,SOUP KITCHEN-Agency,USDA,N-50-10305,3,0,0,7.56,42,HABERSHAM,0.18,4/8/2024 10:30,4/8/2024 9:30,Price Code 1,CUSTOMER PICKUP,False,Rabun Warehouse,02,30523.0,Clarkesville,USDA MIXED VegetablesCCC,Dry Dry Dry Dry Vegetables
556,172598,683,P-123,"Pilgrim Ministries, Inc.",476229,,ON PREMISES (OP),REHAB-Agency,BLUE RECEIPT-SHL,W-16-10001,53,0,0,9.54,53,HABERSHAM,0.18,1/5/2024 14:14,1/5/2024 9:22,Price Code 1,CUSTOMER PICKUP,False,Sharing Floor Rabun,02-SH,30523.0,Clarkesville,MISC. FOOD BOX SHL,Dry Dry Dry Dry Food Misc.
869,172636,5958,H-152,Homestead Recovery for Women,476267,,ON PREMISES (OP),REHAB-Agency,BLUE RECEIPT-SHL,C-16-10001,44,0,0,7.92,44,HABERSHAM,0.18,1/5/2024 10:35,1/5/2024 15:00,Price Code 1,CUSTOMER PICKUP,False,Sharing Floor Athens,01-SH,30523.0,Clarkesville,"COOLER FOOD, MISC. SHL",Cooled Cooled Cooled Cooled Food Misc.
188,173898,8914,S-102,Sharing and Caring - Cornelia,477527,,FP/GNAP/USDA,FOOD PANTRY-Agency,USDA,N-50-10310,10,0,0,48.6,270,HABERSHAM,0.18,2/7/2024 8:30,2/7/2024 9:22,Price Code 1,CONTACT FOR DELIVERY,False,Rabun Warehouse,02,30531.0,Cornelia,USDA DICED POTATOES,Dry Dry Dry Dry Potatoes
329,175851,8943,O-109,Open Door Food Ministry (The Torch Church of God),478479,,FP/GNAP/USDA,FOOD PANTRY-Agency,BLUE RECEIPT-SHL,C-28-90534,50,0,0,0.0,2100,HABERSHAM,0.0,2/20/2024 14:23,2/20/2024 11:45,Price Code 1,TRUCK 1,False,Food Bank of Northeast Georgia,01,30531.0,Cornelia,"SWEET POTATO, SHL",Cooled Cooled Cooled Cooled Potatoes
623,177477,875,C-171,Clarkesville Soup Kitchen,480097,,OP/USDA,SOUP KITCHEN-Agency,BLUE RECEIPT-SHL,W-04-10000,24,0,0,0.0,24,HABERSHAM,0.0,3/18/2024 11:47,3/18/2024 10:37,Price Code 1,CUSTOMER PICKUP,False,Sharing Floor Rabun,02-SH,30523.0,Clarkesville,"BREAD & BAKERY, ASSORTED SHL",Dry Dry Dry Dry Grains
268,175277,1045,V-100,Victory Home / Helping Hand,477906,,ON PREMISES (OP),REHAB-Agency,BLUE RECEIPT-SHL,W-25-10009,59,0,0,10.62,59,HABERSHAM,0.18,2/7/2024 13:55,2/7/2024 10:40,Price Code 1,CUSTOMER PICKUP,False,Sharing Floor Rabun,02-SH,30573.0,Tallulah Falls,"ASSORTED SNACK ITEMS, SHL",Dry Dry Dry Dry Food Misc.
188,180781,9014,S-102,Sharing and Caring - Cornelia,483387,,FP/GNAP/USDA,FOOD PANTRY-Agency,PURCH,N-27-10136,4,0,208,19.44,108,HABERSHAM,0.18,5/14/2024 13:47,5/14/2024 10:10,Price Code 1,CUSTOMER PICKUP,False,Sharing Floor Rabun,02-SH,30531.0,Cornelia,"GREEN BEANS, HARVEST VALLEY",Dry Dry Dry Dry Vegetables
665,172317,8894,C-173,Clarkesville Church of God,475948,,FP/GNAP/USDA,FAITH-BASED-Agency,LOCAL - LL,N-25-11948,2,0,0,1.08,6,HABERSHAM,0.18,1/10/2024 9:35,1/26/2024 8:59,Price Code 1,CUSTOMER PICKUP,False,Food Bank of Northeast Georgia,01,30523.0,Clarkesville,FEASTABLES DOUBLE CHOC SNACK BARS,Dry Dry Dry Dry Food Misc.
329,173840,8903,O-109,Open Door Food Ministry (The Torch Church of God),477469,,FP/GNAP/USDA,FOOD PANTRY-Agency,YELLOW RECEIPT - SHN,N-16-10181,50,0,0,0.0,250,HABERSHAM,0.0,2/3/2024 7:00,2/14/2024 13:16,Price Code 1,TRACTOR TRAILER 1 MOBILE PANTRY,False,Food Bank of Northeast Georgia,01,30531.0,Cornelia,STOVE TOP STUFFING - TURKEY/CHICKEN/CORNBREAD,Dry Dry Dry Dry Prepared Meals
329,176281,5938,O-109,Open Door Food Ministry (The Torch Church of God),478906,,FP/GNAP/USDA,FOOD PANTRY-Agency,BLUE RECEIPT-SHL,C-28-10001,1500,0,0,0.0,1500,HABERSHAM,0.0,3/2/2024 7:00,3/4/2024 6:57,Price Code 1,TRACTOR TRAILER 1 MOBILE PANTRY,False,Food Bank of Northeast Georgia,01,30531.0,Cornelia,"PRODUCE, FRESH SHL",Cooled Cooled Cooled Cooled Mixed Produce
665,173122,8919,C-173,Clarkesville Church of God,476752,,FP/GNAP/USDA,FAITH-BASED-Agency,LOCAL - LL,N-25-11951,5,0,0,1.8,10,HABERSHAM,0.18,1/23/2024 9:35,1/23/2024 9:34,Price Code 1,CUSTOMER PICKUP,False,Food Bank of Northeast Georgia,01,30523.0,Clarkesville,GHIRARDELLI MILK CHOC CARAMEL,Dry Dry Dry Dry Food Misc.
623,178829,8997,C-171,Clarkesville Soup Kitchen,481443,,OP/USDA,SOUP KITCHEN-Agency,USDA,N-50-10312,2,0,0,4.32,24,HABERSHAM,0.18,4/22/2024 10:30,4/22/2024 10:29,Price Code 1,CUSTOMER PICKUP,False,Rabun Warehouse,02,30523.0,Clarkesville,USDA CHILI W/ BEANS CCC,Dry Dry Dry Dry Prepared Meals
665,179536,690,C-173,Clarkesville Church of God,482149,,FP/GNAP/USDA,FAITH-BASED-Agency,BLUE RECEIPT-SHL,W-03-10013,68,0,0,2.04,68,HABERSHAM,0.03,4/24/2024 9:35,4/24/2024 8:29,Price Code 1,CUSTOMER PICKUP,False,Sharing Floor Athens,01-SH,30523.0,Clarkesville,"ASSORTED BEVERAGES, SHL",Dry Dry Dry Dry Beverages
665,181451,7152,C-173,Clarkesville Church of God,484055,,FP/GNAP/USDA,FAITH-BASED-Agency,GNAP,N-40-10233,1,0,0,0.0,16,HABERSHAM,0.0,6/6/2024 8:00,6/6/2024 9:04,Price Code 1,CUSTOMER PICKUP,False,Food Bank of Northeast Georgia,01,30523.0,Clarkesville,GNAP GRAPE JELLY,Dry Dry Dry Dry Food Misc.
329,178777,5938,O-109,Open Door Food Ministry (The Torch Church of God),481391,,FP/GNAP/USDA,FOOD PANTRY-Agency,BLUE RECEIPT-SHL,C-28-10001,2161,0,0,0.0,2161,HABERSHAM,0.0,4/11/2024 14:23,4/11/2024 7:10,Price Code 1,TRUCK 1 MOBILE PANTRY,False,Food Bank of Northeast Georgia,01,30531.0,Cornelia,"PRODUCE, FRESH SHL",Cooled Cooled Cooled Cooled Mixed Produce
649,180418,3139,G-132,Glade Creek Baptist Church,483024,,FP/GNAP/USDA,FAITH-BASED-Agency,USDA,N-50-10290,4,0,0,18.0,100,HABERSHAM,0.18,5/14/2024 8:30,5/14/2024 7:27,Price Code 1,CONTACT FOR DELIVERY,False,Rabun Warehouse,02,30563.0,Mt Airy,USDA WHOLE ALMONDS DRY ROASTED,Dry Dry Dry Dry Proteins
1024,173890,4327,L-119,Life Church Baldwin,477519,,FP/USDA,MOBILE PANTRY-Agency,USDA,N-50-10277,10,0,0,48.6,270,HABERSHAM,0.18,2/9/2024 8:39,2/9/2024 15:24,Price Code 1,CONTACT FOR DELIVERY,False,Rabun Warehouse,02,30511.0,Baldwin,USDA GARBANZO BEANS,Dry Dry Dry Dry Proteins
198,173448,683,S-112,Sharing and Caring - Clarkesville,477077,,FP/GNAP/USDA,FOOD PANTRY-Agency,BLUE RECEIPT-SHL,W-16-10001,147,0,0,26.46,147,HABERSHAM,0.18,1/23/2024 13:49,1/23/2024 8:53,Price Code 1,CUSTOMER PICKUP,False,Sharing Floor Rabun,02-SH,30523.0,Clarkesville,MISC. FOOD BOX SHL,Dry Dry Dry Dry Food Misc.
665,180813,1791,C-173,Clarkesville Church of God,483419,,FP/GNAP/USDA,FAITH-BASED-Agency,USDA,N-50-10079,1,0,0,4.68,26,HABERSHAM,0.18,5/22/2024 9:00,5/22/2024 9:20,Price Code 1,CUSTOMER PICKUP,False,Food Bank of Northeast Georgia,01,30523.0,Clarkesville,USDA WALNUT HALVES AND PIECES,Dry Dry Dry Dry Proteins
750,181580,683,C-176,Cornelia United Methodist Church,484184,,FP/OP,FOOD PANTRY-Agency,BLUE RECEIPT-SHL,W-16-10001,127,0,0,22.86,127,HABERSHAM,0.18,5/29/2024 12:32,5/29/2024 13:56,Price Code 1,CUSTOMER PICKUP,False,Sharing Floor Rabun,02-SH,30531.0,Cornelia,MISC. FOOD BOX SHL,Dry Dry Dry Dry Food Misc.
649,175473,1047,G-132,Glade Creek Baptist Church,478102,,FP/GNAP/USDA,FAITH-BASED-Agency,USDA,N-50-10041,4,0,0,35.28,196,HABERSHAM,0.18,2/15/2024 9:25,2/15/2024 6:58,Price Code 1,CONTACT FOR DELIVERY,False,Rabun Warehouse,02,30563.0,Mt Airy,USDA RICE,Dry Dry Dry Dry Grains
665,178129,7298,C-173,Clarkesville Church of God,480748,,FP/GNAP/USDA,FAITH-BASED-Agency,GNAP,N-40-10248,2,0,0,0.0,28,HABERSHAM,0.0,4/10/2024 9:35,4/10/2024 9:20,Price Code 1,CUSTOMER PICKUP,False,Food Bank of Northeast Georgia,01,30523.0,Clarkesville,GNAP BAKING AND BISCUIT MIX,Dry Dry Dry Dry Grains
632,177076,4449,H-141,Hazel Creek Baptist Church,479698,,FP/USDA,FOOD PANTRY-Agency,USDA,F-50-90445,2,0,0,8.2,82,HABERSHAM,0.1,3/14/2024 8:32,3/14/2024 12:54,Price Code 1,CUSTOMER PICKUP,False,Rabun Warehouse,02,30563.0,Mt. Airy,USDA FULLY COOKED PULLED PORK CCC,Frozen Frozen Frozen Frozen Proteins
329,182094,9073,O-109,Open Door Food Ministry (The Torch Church of God),484698,,FP/GNAP/USDA,FOOD PANTRY-Agency,USDA,C-50-10051,120,0,0,0.0,1440,HABERSHAM,0.0,6/11/2024 14:23,6/12/2024 11:12,Price Code 1,TRUCK 1,False,Food Bank of Northeast Georgia,01,30531.0,Cornelia,USDA SHREDDED MOZZARELLA CHEESE CCC,Cooled Cooled Cooled Cooled Dairy
198,178104,688,S-112,Sharing and Caring - Clarkesville,480723,,FP/GNAP/USDA,FOOD PANTRY-Agency,BLUE RECEIPT-SHL,W-01-10000,29,0,0,5.22,29,HABERSHAM,0.18,4/2/2024 13:49,4/2/2024 15:12,Price Code 1,CUSTOMER PICKUP,False,Rabun Warehouse,02,30523.0,Clarkesville,"ASSORTED NON-FOOD ITEMS, SHL",Dry Dry Dry Dry Non-Food Misc.
329,181607,3943,O-109,Open Door Food Ministry (The Torch Church of God),484211,,FP/GNAP/USDA,FOOD PANTRY-Agency,USDA,N-50-10268,75,0,0,0.0,2850,HABERSHAM,0.0,5/30/2024 14:23,6/1/2024 9:10,Price Code 1,TRACTOR TRAILER 1 MOBILE PANTRY,False,Food Bank of Northeast Georgia,01,30531.0,Cornelia,USDA APPLE JUICE,Dry Dry Dry Dry Beverages
1024,181633,1521,L-119,Life Church Baldwin,484237,,FP/USDA,MOBILE PANTRY-Agency,USDA,N-50-10104,9,0,0,0.0,225,HABERSHAM,0.0,6/4/2024 10:00,6/7/2024 7:07,Price Code 1,CUSTOMER PICKUP,False,Rabun Warehouse,02,30511.0,Baldwin,USDA LENTIL BEANS,Dry Dry Dry Dry Proteins
55,175129,875,C-116,Circle of Hope,477758,,ON PREMISES (OP),SHELTER-Agency,BLUE RECEIPT-SHL,W-04-10000,23,0,0,0.0,23,HABERSHAM,0.0,2/5/2024 12:27,2/5/2024 11:51,Price Code 1,CUSTOMER PICKUP,False,Sharing Floor Rabun,02-SH,30531.0,Cornelia,"BREAD & BAKERY, ASSORTED SHL",Dry Dry Dry Dry Grains
649,180418,9036,G-132,Glade Creek Baptist Church,483024,,FP/GNAP/USDA,FAITH-BASED-Agency,GNAP,N-40-10273,4,0,0,0.0,56,HABERSHAM,0.0,5/14/2024 8:30,5/14/2024 7:27,Price Code 1,CONTACT FOR DELIVERY,False,Rabun Warehouse,02,30563.0,Mt Airy,GNAP PASTA O'S IN TOMATO SAUCE,Dry Dry Dry Dry Prepared Meals
665,175933,5407,C-173,Clarkesville Church of God,478561,,FP/GNAP/USDA,FAITH-BASED-Agency,BLUE RECEIPT-SHL,F-15-10000,45,0,0,8.1,45,HABERSHAM,0.18,2/21/2024 9:35,2/21/2024 8:34,Price Code 1,CUSTOMER PICKUP,False,Sharing Floor Athens,01-SH,30523.0,Clarkesville,"MEAT & SEAFOOD, FROZEN SHL",Frozen Frozen Frozen Frozen Proteins
560,178549,8497,B-133,Ballew House Outreach,481165,,FP/OP/GNAP/USDA,FOOD PANTRY-Agency,USDA,C-50-10048,7,0,0,11.2,224,HABERSHAM,0.05,4/11/2024 13:49,4/11/2024 11:00,Price Code 1,CUSTOMER PICKUP,False,Rabun Warehouse,02,30510.0,Alto,USDA MANDARIN ORANGES,Cooled Cooled Cooled Cooled Fruits
268,176751,683,V-100,Victory Home / Helping Hand,479374,,ON PREMISES (OP),REHAB-Agency,BLUE RECEIPT-SHL,W-16-10001,106,0,0,19.08,106,HABERSHAM,0.18,3/6/2024 13:55,3/6/2024 10:04,Price Code 1,CUSTOMER PICKUP,False,Sharing Floor Rabun,02-SH,30573.0,Tallulah Falls,MISC. FOOD BOX SHL,Dry Dry Dry Dry Food Misc.
987,175214,4555,M-137,Mount Airy Baptist Church,477843,,OP/USDA,EMERGENCY-Agency,USDA,F-50-90042,5,0,0,36.0,200,HABERSHAM,0.18,2/7/2024 11:55,2/7/2024 11:13,Price Code 1,CONTACT FOR DELIVERY,False,Rabun Warehouse,02,30563.0,Mount Airy,USDA CHICKEN DRUMSTICKS CCC,Frozen Frozen Frozen Frozen Proteins
649,180418,9047,G-132,Glade Creek Baptist Church,483024,,FP/GNAP/USDA,FAITH-BASED-Agency,GNAP,N-40-10281,2,0,0,0.0,20,HABERSHAM,0.0,5/14/2024 8:30,5/14/2024 7:27,Price Code 1,CONTACT FOR DELIVERY,False,Rabun Warehouse,02,30563.0,Mt Airy,GNAP LASAGNA DINNER ,Dry Dry Dry Dry Prepared Meals
268,172858,875,V-100,Victory Home / Helping Hand,476489,,ON PREMISES (OP),REHAB-Agency,BLUE RECEIPT-SHL,W-04-10000,47,0,0,0.0,47,HABERSHAM,0.0,1/10/2024 13:55,1/10/2024 10:35,Price Code 1,CUSTOMER PICKUP,False,Sharing Floor Rabun,02-SH,30573.0,Tallulah Falls,"BREAD & BAKERY, ASSORTED SHL",Dry Dry Dry Dry Grains
329,178306,6780,O-109,Open Door Food Ministry (The Torch Church of God),480922,,FP/GNAP/USDA,FOOD PANTRY-Agency,USDA,C-50-10024,49,0,0,0.0,2107,HABERSHAM,0.0,4/6/2024 7:30,4/16/2024 9:05,Price Code 1,TRACTOR TRAILER 1 MOBILE PANTRY,False,Food Bank of Northeast Georgia,01,30531.0,Cornelia,USDA APPLES,Cooled Cooled Cooled Cooled Fruits
665,181905,8846,C-173,Clarkesville Church of God,484509,,FP/GNAP/USDA,FAITH-BASED-Agency,BLUE RECEIPT-SHL,N-03-11774,5,0,0,0.0,115,HABERSHAM,0.0,6/20/2024 8:30,6/25/2024 15:47,Price Code 1,CUSTOMER PICKUP,False,Food Bank of Northeast Georgia,01,30523.0,Clarkesville,PURE LEAF UNSWEETENED TEA,Dry Dry Dry Dry Beverages
632,181062,8997,H-141,Hazel Creek Baptist Church,483667,,FP/USDA,FOOD PANTRY-Agency,USDA,N-50-10312,4,0,0,8.64,48,HABERSHAM,0.18,5/22/2024 14:00,5/30/2024 12:36,Price Code 1,CUSTOMER PICKUP,False,Rabun Warehouse,02,30563.0,Mt. Airy,USDA CHILI W/ BEANS CCC,Dry Dry Dry Dry Prepared Meals
198,173821,683,S-112,Sharing and Caring - Clarkesville,477450,,FP/GNAP/USDA,FOOD PANTRY-Agency,BLUE RECEIPT-SHL,W-16-10001,103,0,0,0.0,103,HABERSHAM,0.0,1/30/2024 13:49,1/30/2024 9:09,Price Code 1,CUSTOMER PICKUP,False,Sharing Floor Rabun,02-SH,30523.0,Clarkesville,MISC. FOOD BOX SHL,Dry Dry Dry Dry Food Misc.
809,182158,8972,B-123,Breaking Chains Ministries d.b.a Freedom Hill,FAIMPORT484762,,ON PREMISES (OP),REHAB-Agency,BLUE RECEIPT-SHL,MCF-15-10000,31,0,0,0.0,31,HABERSHAM,0.0,6/7/2024 0:00,6/7/2024 0:00,Price Code 1,CUSTOMER PICKUP,False,Food Bank of Northeast Georgia,01,30535.0,Demorest,"FROZEN MEAT & SEAFOOD, SHL RETAIL PICKUP",Dry Dry Dry Dry Proteins
902,173202,884,T-123,"The Lord's Help, Inc.",476832,,ON PREMISES (OP),SOUP KITCHEN-Agency,LFB,W-01-10003,9,0,0,1.62,9,HABERSHAM,0.18,1/17/2024 15:19,1/17/2024 14:33,Price Code 1,CUSTOMER PICKUP,False,Sharing Floor Athens,01-SH,30531.0,Cornelia,ASSORTED NON-FOOD ITEMS LFB,Dry Dry Dry Dry Non-Food Misc.
1024,176477,170,L-119,Life Church Baldwin,479101,,FP/USDA,MOBILE PANTRY-Agency,USDA,N-50-10007,7,0,0,35.28,196,HABERSHAM,0.18,3/8/2024 0:00,3/11/2024 7:54,Price Code 1,CONTACT FOR DELIVERY,False,Rabun Warehouse,02,30511.0,Baldwin,"USDA CORN, WHOLE KERNEL NO SALT",Dry Dry Dry Dry Vegetables
1024,173890,842,L-119,Life Church Baldwin,477519,,FP/USDA,MOBILE PANTRY-Agency,USDA,N-50-10021,10,0,0,48.6,270,HABERSHAM,0.18,2/9/2024 8:39,2/9/2024 15:24,Price Code 1,CONTACT FOR DELIVERY,False,Rabun Warehouse,02,30511.0,Baldwin,USDA DICED TOMATOES NO SALT CCC,Dry Dry Dry Dry Vegetables
665,181905,9046,C-173,Clarkesville Church of God,484509,,FP/GNAP/USDA,FAITH-BASED-Agency,GNAP,N-40-10280,1,0,0,0.0,10,HABERSHAM,0.0,6/20/2024 8:30,6/25/2024 15:47,Price Code 1,CUSTOMER PICKUP,False,Food Bank of Northeast Georgia,01,30523.0,Clarkesville,GNAP CHEESEBURGER DINNER,Dry Dry Dry Dry Prepared Meals
750,178253,683,C-176,Cornelia United Methodist Church,480869,,FP/OP,FOOD PANTRY-Agency,BLUE RECEIPT-SHL,W-16-10001,204,0,0,36.72,204,HABERSHAM,0.18,4/3/2024 12:32,4/3/2024 13:25,Price Code 1,CUSTOMER PICKUP,False,Sharing Floor Rabun,02-SH,30531.0,Cornelia,MISC. FOOD BOX SHL,Dry Dry Dry Dry Food Misc.
665,178646,5938,C-173,Clarkesville Church of God,481262,,FP/GNAP/USDA,FAITH-BASED-Agency,BLUE RECEIPT-SHL,C-28-10001,116,0,0,3.48,116,HABERSHAM,0.03,4/10/2024 9:35,4/10/2024 8:44,Price Code 1,CUSTOMER PICKUP,False,Sharing Floor Athens,01-SH,30523.0,Clarkesville,"PRODUCE, FRESH SHL",Cooled Cooled Cooled Cooled Mixed Produce
560,177316,683,B-133,Ballew House Outreach,479936,,FP/OP/GNAP/USDA,FOOD PANTRY-Agency,BLUE RECEIPT-SHL,W-16-10001,69,0,0,12.42,69,HABERSHAM,0.18,3/14/2024 13:49,3/14/2024 12:59,Price Code 1,CUSTOMER PICKUP,False,Sharing Floor Rabun,02-SH,30510.0,Alto,MISC. FOOD BOX SHL,Dry Dry Dry Dry Food Misc.
623,179928,8720,C-171,Clarkesville Soup Kitchen,482539,,OP/USDA,SOUP KITCHEN-Agency,USDA,N-50-10305,12,0,0,30.24,168,HABERSHAM,0.18,5/6/2024 10:30,5/6/2024 10:05,Price Code 1,CUSTOMER PICKUP,False,Rabun Warehouse,02,30523.0,Clarkesville,USDA MIXED VegetablesCCC,Dry Dry Dry Dry Vegetables
632,181062,4715,H-141,Hazel Creek Baptist Church,483667,,FP/USDA,FOOD PANTRY-Agency,USDA,F-50-90461,1,0,0,4.0,40,HABERSHAM,0.1,5/22/2024 14:00,5/30/2024 12:36,Price Code 1,CUSTOMER PICKUP,False,Rabun Warehouse,02,30563.0,Mt. Airy,USDA ALASKAN POLLACK FISH FILLETS,Frozen Frozen Frozen Frozen Proteins
665,181451,7298,C-173,Clarkesville Church of God,484055,,FP/GNAP/USDA,FAITH-BASED-Agency,GNAP,N-40-10248,2,0,0,0.0,28,HABERSHAM,0.0,6/6/2024 8:00,6/6/2024 9:04,Price Code 1,CUSTOMER PICKUP,False,Food Bank of Northeast Georgia,01,30523.0,Clarkesville,GNAP BAKING AND BISCUIT MIX,Dry Dry Dry Dry Grains
198,176250,1045,S-112,Sharing and Caring - Clarkesville,478876,,FP/GNAP/USDA,FOOD PANTRY-Agency,BLUE RECEIPT-SHL,W-25-10009,38,0,0,6.84,38,HABERSHAM,0.18,2/27/2024 13:49,2/27/2024 8:35,Price Code 1,CUSTOMER PICKUP,False,Sharing Floor Rabun,02-SH,30523.0,Clarkesville,"ASSORTED SNACK ITEMS, SHL",Dry Dry Dry Dry Food Misc.
1024,181633,9013,L-119,Life Church Baldwin,484237,,FP/USDA,MOBILE PANTRY-Agency,USDA,N-50-10313,5,0,0,21.6,120,HABERSHAM,0.18,6/4/2024 10:00,6/7/2024 7:07,Price Code 1,CUSTOMER PICKUP,False,Rabun Warehouse,02,30511.0,Baldwin,USDA LIGHT RED KIDNEY BEANS 24/1LB,Dry Dry Dry Dry Proteins
665,181956,5407,C-173,Clarkesville Church of God,484560,,FP/GNAP/USDA,FAITH-BASED-Agency,BLUE RECEIPT-SHL,F-15-10000,191,0,0,34.38,191,HABERSHAM,0.18,6/6/2024 9:35,6/6/2024 8:36,Price Code 1,CUSTOMER PICKUP,False,Sharing Floor Athens,01-SH,30523.0,Clarkesville,"MEAT & SEAFOOD, FROZEN SHL",Frozen Frozen Frozen Frozen Proteins
952,178276,170,TH-138,Demorest Baptist Church,480892,,FP/USDA,MOBILE PANTRY-Agency,USDA,N-50-10007,150,0,0,756.0,4200,HABERSHAM,0.18,4/8/2024 19:46,4/11/2024 9:09,Price Code 1,TRACTOR TRAILER 1,False,Food Bank of Northeast Georgia,01,30535.0,Demorest,"USDA CORN, WHOLE KERNEL NO SALT",Dry Dry Dry Dry Vegetables
750,180876,50,C-176,Cornelia United Methodist Church,483482,,FP/OP,FOOD PANTRY-Agency,LOCAL - LL,W-16-10002,162,0,0,29.16,162,HABERSHAM,0.18,5/15/2024 12:32,5/15/2024 13:12,Price Code 1,CUSTOMER PICKUP,False,Sharing Floor Rabun,02-SH,30531.0,Cornelia,MISC. FOOD BOX LL,Dry Dry Dry Dry Food Misc.
329,181607,1791,O-109,Open Door Food Ministry (The Torch Church of God),484211,,FP/GNAP/USDA,FOOD PANTRY-Agency,USDA,N-50-10079,25,0,0,0.0,650,HABERSHAM,0.0,5/30/2024 14:23,6/1/2024 9:10,Price Code 1,TRACTOR TRAILER 1 MOBILE PANTRY,False,Food Bank of Northeast Georgia,01,30531.0,Cornelia,USDA WALNUT HALVES AND PIECES,Dry Dry Dry Dry Proteins
188,175954,2960,S-102,Sharing and Caring - Cornelia,478582,,FP/GNAP/USDA,FOOD PANTRY-Agency,USDA,N-50-10247,8,0,0,51.84,288,HABERSHAM,0.18,3/6/2024 9:00,3/6/2024 13:08,Price Code 1,CONTACT FOR DELIVERY,False,Rabun Warehouse,02,30531.0,Cornelia,USDA BEEF STEW POUCHES CCC,Dry Dry Dry Dry Prepared Meals
750,173922,875,C-176,Cornelia United Methodist Church,477551,,FP/OP,FOOD PANTRY-Agency,BLUE RECEIPT-SHL,W-04-10000,181,0,0,0.0,181,HABERSHAM,0.0,1/31/2024 12:32,1/31/2024 14:39,Price Code 1,CUSTOMER PICKUP,False,Sharing Floor Rabun,02-SH,30531.0,Cornelia,"BREAD & BAKERY, ASSORTED SHL",Dry Dry Dry Dry Grains
329,179922,3203,O-109,Open Door Food Ministry (The Torch Church of God),482533,,FP/GNAP/USDA,FOOD PANTRY-Agency,USDA,N-50-10289,25,0,0,0.0,625,HABERSHAM,0.0,5/4/2024 7:00,5/4/2024 6:01,Price Code 1,TRACTOR TRAILER 1 MOBILE PANTRY,False,Food Bank of Northeast Georgia,01,30531.0,Cornelia,USDA PECAN PIECES,Dry Dry Dry Dry Proteins
750,173559,690,C-176,Cornelia United Methodist Church,477188,,FP/OP,FOOD PANTRY-Agency,BLUE RECEIPT-SHL,W-03-10013,33,0,0,0.99,33,HABERSHAM,0.03,1/24/2024 12:32,1/24/2024 13:27,Price Code 1,CUSTOMER PICKUP,False,Sharing Floor Rabun,02-SH,30531.0,Cornelia,"ASSORTED BEVERAGES, SHL",Dry Dry Dry Dry Beverages
268,177646,683,V-100,Victory Home / Helping Hand,480266,,ON PREMISES (OP),REHAB-Agency,BLUE RECEIPT-SHL,W-16-10001,66,0,0,11.88,66,HABERSHAM,0.18,3/20/2024 13:55,3/20/2024 10:51,Price Code 1,CUSTOMER PICKUP,False,Sharing Floor Rabun,02-SH,30573.0,Tallulah Falls,MISC. FOOD BOX SHL,Dry Dry Dry Dry Food Misc.
329,181607,800,O-109,Open Door Food Ministry (The Torch Church of God),484211,,FP/GNAP/USDA,FOOD PANTRY-Agency,USDA,N-50-10065,25,0,0,0.0,675,HABERSHAM,0.0,5/30/2024 14:23,6/1/2024 9:10,Price Code 1,TRACTOR TRAILER 1 MOBILE PANTRY,False,Food Bank of Northeast Georgia,01,30531.0,Cornelia,USDA APPLESAUCE,Dry Dry Dry Dry Fruits
268,173906,690,V-100,Victory Home / Helping Hand,477535,,ON PREMISES (OP),REHAB-Agency,BLUE RECEIPT-SHL,W-03-10013,124,0,0,3.72,124,HABERSHAM,0.03,1/31/2024 13:55,1/31/2024 10:43,Price Code 1,CUSTOMER PICKUP,False,Sharing Floor Rabun,02-SH,30573.0,Tallulah Falls,"ASSORTED BEVERAGES, SHL",Dry Dry Dry Dry Beverages
665,178129,8918,C-173,Clarkesville Church of God,480748,,FP/GNAP/USDA,FAITH-BASED-Agency,LOCAL - LL,N-25-11950,3,0,0,1.08,6,HABERSHAM,0.18,4/10/2024 9:35,4/10/2024 9:20,Price Code 1,CUSTOMER PICKUP,False,Food Bank of Northeast Georgia,01,30523.0,Clarkesville,GHIRARDELLI DARK CHOCOLATE,Dry Dry Dry Dry Food Misc.
188,173010,3204,S-102,Sharing and Caring - Cornelia,476640,,FP/GNAP/USDA,FOOD PANTRY-Agency,GNAP,N-40-10217,20,0,0,18.0,180,HABERSHAM,0.1,1/19/2024 9:00,1/19/2024 7:01,Price Code 1,CONTACT FOR DELIVERY,False,Rabun Warehouse,02,30531.0,Cornelia,GNAP CANNED HAM,Dry Dry Dry Dry Proteins
268,175617,683,V-100,Victory Home / Helping Hand,478245,,ON PREMISES (OP),REHAB-Agency,BLUE RECEIPT-SHL,W-16-10001,132,0,0,23.76,132,HABERSHAM,0.18,2/14/2024 13:55,2/14/2024 10:06,Price Code 1,CUSTOMER PICKUP,False,Sharing Floor Rabun,02-SH,30573.0,Tallulah Falls,MISC. FOOD BOX SHL,Dry Dry Dry Dry Food Misc.
198,175309,1047,S-112,Sharing and Caring - Clarkesville,477938,,FP/GNAP/USDA,FOOD PANTRY-Agency,USDA,N-50-10041,2,0,0,17.64,98,HABERSHAM,0.18,2/13/2024 9:00,2/13/2024 8:59,Price Code 1,CUSTOMER PICKUP,False,Rabun Warehouse,02,30523.0,Clarkesville,USDA RICE,Dry Dry Dry Dry Grains
198,182484,7083,S-112,Sharing and Caring - Clarkesville,485088,,FP/GNAP/USDA,FOOD PANTRY-Agency,USDA,C-50-10029,3,0,0,6.48,36,HABERSHAM,0.18,6/26/2024 8:30,7/2/2024 7:10,Price Code 1,CUSTOMER PICKUP,False,Rabun Warehouse,02,30523.0,Clarkesville,"USDA MILD CHEDDAR CHEESE, BLOCK CCC",Cooled Cooled Cooled Cooled Dairy
556,173658,5388,P-123,"Pilgrim Ministries, Inc.",477287,,ON PREMISES (OP),REHAB-Agency,BLUE RECEIPT-SHL,F-16-10001,32,0,0,5.76,32,HABERSHAM,0.18,1/26/2024 14:14,1/26/2024 9:10,Price Code 1,CUSTOMER PICKUP,False,Sharing Floor Rabun,02-SH,30523.0,Clarkesville,"ASSORTED FROZEN FOODS, SHL",Frozen Frozen Frozen Frozen Food Misc.
665,179536,5407,C-173,Clarkesville Church of God,482149,,FP/GNAP/USDA,FAITH-BASED-Agency,BLUE RECEIPT-SHL,F-15-10000,220,0,0,39.6,220,HABERSHAM,0.18,4/24/2024 9:35,4/24/2024 8:29,Price Code 1,CUSTOMER PICKUP,False,Sharing Floor Athens,01-SH,30523.0,Clarkesville,"MEAT & SEAFOOD, FROZEN SHL",Frozen Frozen Frozen Frozen Proteins
665,177555,5938,C-173,Clarkesville Church of God,480175,,FP/GNAP/USDA,FAITH-BASED-Agency,BLUE RECEIPT-SHL,C-28-10001,28,0,0,0.0,28,HABERSHAM,0.0,3/20/2024 9:35,3/20/2024 9:10,Price Code 1,CUSTOMER PICKUP,False,Food Bank of Northeast Georgia,01,30523.0,Clarkesville,"PRODUCE, FRESH SHL",Cooled Cooled Cooled Cooled Mixed Produce
1024,177607,8690,L-119,Life Church Baldwin,480227,,FP/USDA,MOBILE PANTRY-Agency,USDA,N-50-10302,8,0,0,20.16,112,HABERSHAM,0.18,4/11/2024 19:36,4/12/2024 15:36,Price Code 1,CONTACT FOR DELIVERY,False,Rabun Warehouse,02,30511.0,Baldwin,USDA GREEN BEANS CCC,Dry Dry Dry Dry Vegetables
329,176281,5637,O-109,Open Door Food Ministry (The Torch Church of God),478906,,FP/GNAP/USDA,FOOD PANTRY-Agency,USDA,F-50-90019,126,0,0,0.0,3780,HABERSHAM,0.0,3/2/2024 7:00,3/4/2024 6:57,Price Code 1,TRACTOR TRAILER 1 MOBILE PANTRY,False,Food Bank of Northeast Georgia,01,30531.0,Cornelia,USDA FROZEN BLUEBERRIES CCC,Frozen Frozen Frozen Frozen Fruits
632,181062,4411,H-141,Hazel Creek Baptist Church,483667,,FP/USDA,FOOD PANTRY-Agency,USDA,F-50-90465,3,0,0,11.34,63,HABERSHAM,0.18,5/22/2024 14:00,5/30/2024 12:36,Price Code 1,CUSTOMER PICKUP,False,Rabun Warehouse,02,30563.0,Mt. Airy,USDA WILD CAUGHT GULF SHRIMP,Frozen Frozen Frozen Frozen Proteins
665,179229,9018,C-173,Clarkesville Church of God,481842,,FP/GNAP/USDA,FAITH-BASED-Agency,LFB,N-12-10105,6,0,0,3.24,18,HABERSHAM,0.18,4/24/2024 9:35,4/24/2024 8:50,Price Code 1,CUSTOMER PICKUP,False,Food Bank of Northeast Georgia,01,30523.0,Clarkesville,CREST WHITE TOOTHPASTE,Dry Dry Dry Dry Non-Food Misc.
665,181905,9086,C-173,Clarkesville Church of God,484509,,FP/GNAP/USDA,FAITH-BASED-Agency,GNAP,N-40-10289,2,0,0,0.0,20,HABERSHAM,0.0,6/20/2024 8:30,6/25/2024 15:47,Price Code 1,CUSTOMER PICKUP,False,Food Bank of Northeast Georgia,01,30523.0,Clarkesville,GNAP MEAT STICKS,Dry Dry Dry Dry Proteins
623,179885,8720,C-171,Clarkesville Soup Kitchen,482496,,OP/USDA,SOUP KITCHEN-Agency,USDA,N-50-10305,6,0,0,15.12,84,HABERSHAM,0.18,5/6/2024 10:30,5/6/2024 10:06,Price Code 1,CUSTOMER PICKUP,False,Rabun Warehouse,02,30523.0,Clarkesville,USDA MIXED VegetablesCCC,Dry Dry Dry Dry Vegetables
665,172317,3204,C-173,Clarkesville Church of God,475948,,FP/GNAP/USDA,FAITH-BASED-Agency,GNAP,N-40-10217,4,0,0,3.6,36,HABERSHAM,0.1,1/10/2024 9:35,1/26/2024 8:59,Price Code 1,CUSTOMER PICKUP,False,Food Bank of Northeast Georgia,01,30523.0,Clarkesville,GNAP CANNED HAM,Dry Dry Dry Dry Proteins
1024,176477,3139,L-119,Life Church Baldwin,479101,,FP/USDA,MOBILE PANTRY-Agency,USDA,N-50-10290,8,0,0,36.0,200,HABERSHAM,0.18,3/8/2024 0:00,3/11/2024 7:54,Price Code 1,CONTACT FOR DELIVERY,False,Rabun Warehouse,02,30511.0,Baldwin,USDA WHOLE ALMONDS DRY ROASTED,Dry Dry Dry Dry Proteins
632,173561,683,H-141,Hazel Creek Baptist Church,477190,,FP/USDA,FOOD PANTRY-Agency,BLUE RECEIPT-SHL,W-16-10001,60,0,0,10.8,60,HABERSHAM,0.18,1/24/2024 8:32,1/24/2024 13:56,Price Code 1,CUSTOMER PICKUP,False,Sharing Floor Rabun,02-SH,30563.0,Mt. Airy,MISC. FOOD BOX SHL,Dry Dry Dry Dry Food Misc.
329,177876,5938,O-109,Open Door Food Ministry (The Torch Church of God),480495,,FP/GNAP/USDA,FOOD PANTRY-Agency,BLUE RECEIPT-SHL,C-28-10001,1200,0,0,0.0,1200,HABERSHAM,0.0,3/26/2024 14:23,3/26/2024 9:47,Price Code 1,TRUCK 1,False,Food Bank of Northeast Georgia,01,30531.0,Cornelia,"PRODUCE, FRESH SHL",Cooled Cooled Cooled Cooled Mixed Produce
188,180874,3114,S-102,Sharing and Caring - Cornelia,483480,,FP/GNAP/USDA,FOOD PANTRY-Agency,GNAP,N-40-10171,6,0,0,0.0,54,HABERSHAM,0.0,5/30/2024 11:00,5/30/2024 7:14,Price Code 1,CONTACT FOR DELIVERY,False,Rabun Warehouse,02,30531.0,Cornelia,GNAP CHEESY TUNA DINNER POUCH,Dry Dry Dry Dry Prepared Meals
750,182200,688,C-176,Cornelia United Methodist Church,484804,,FP/OP,FOOD PANTRY-Agency,BLUE RECEIPT-SHL,W-01-10000,23,0,0,4.14,23,HABERSHAM,0.18,6/14/2024 12:32,6/14/2024 7:10,Price Code 1,CUSTOMER PICKUP,False,Sharing Floor Rabun,02-SH,30531.0,Cornelia,"ASSORTED NON-FOOD ITEMS, SHL",Dry Dry Dry Dry Non-Food Misc.
198,177275,170,S-112,Sharing and Caring - Clarkesville,479895,,FP/GNAP/USDA,FOOD PANTRY-Agency,USDA,N-50-10007,3,0,0,15.12,84,HABERSHAM,0.18,3/19/2024 8:49,3/19/2024 8:09,Price Code 1,CUSTOMER PICKUP,False,Rabun Warehouse,02,30523.0,Clarkesville,"USDA CORN, WHOLE KERNEL NO SALT",Dry Dry Dry Dry Vegetables
55,178904,8970,C-116,Circle of Hope,FAIMPORT481518,,ON PREMISES (OP),SHELTER-Agency,BLUE RECEIPT-SHL,MCW-16-10001,71,0,0,0.0,71,HABERSHAM,0.0,4/11/2024 0:00,4/11/2024 0:00,Price Code 1,CUSTOMER PICKUP,False,Food Bank of Northeast Georgia,01,30531.0,Cornelia,"MISC. FOOD BOX, SHL RETAIL PICKUP",Dry Dry Dry Dry Food Misc.
869,175960,5681,H-152,Homestead Recovery for Women,478588,,ON PREMISES (OP),REHAB-Agency,LOCAL - LL,C-16-10000,124,0,0,22.32,124,HABERSHAM,0.18,2/21/2024 10:35,2/21/2024 11:32,Price Code 1,CUSTOMER PICKUP,False,Sharing Floor Athens,01-SH,30523.0,Clarkesville,"COOLER FOOD, MISC. LL",Cooled Cooled Cooled Cooled Food Misc.
665,181956,875,C-173,Clarkesville Church of God,484560,,FP/GNAP/USDA,FAITH-BASED-Agency,BLUE RECEIPT-SHL,W-04-10000,12,0,0,0.0,12,HABERSHAM,0.0,6/6/2024 9:35,6/6/2024 8:36,Price Code 1,CUSTOMER PICKUP,False,Sharing Floor Athens,01-SH,30523.0,Clarkesville,"BREAD & BAKERY, ASSORTED SHL",Dry Dry Dry Dry Grains
750,175291,683,C-176,Cornelia United Methodist Church,477920,,FP/OP,FOOD PANTRY-Agency,BLUE RECEIPT-SHL,W-16-10001,95,0,0,17.1,95,HABERSHAM,0.18,2/7/2024 12:32,2/7/2024 13:25,Price Code 1,CUSTOMER PICKUP,False,Sharing Floor Rabun,02-SH,30531.0,Cornelia,MISC. FOOD BOX SHL,Dry Dry Dry Dry Food Misc.
1024,181633,1674,L-119,Life Church Baldwin,484237,,FP/USDA,MOBILE PANTRY-Agency,USDA,N-50-10073,5,0,0,24.3,135,HABERSHAM,0.18,6/4/2024 10:00,6/7/2024 7:07,Price Code 1,CUSTOMER PICKUP,False,Rabun Warehouse,02,30511.0,Baldwin,USDA TOMATO SAUCE,Dry Dry Dry Dry Vegetables
1024,173890,170,L-119,Life Church Baldwin,477519,,FP/USDA,MOBILE PANTRY-Agency,USDA,N-50-10007,10,0,0,50.4,280,HABERSHAM,0.18,2/9/2024 8:39,2/9/2024 15:24,Price Code 1,CONTACT FOR DELIVERY,False,Rabun Warehouse,02,30511.0,Baldwin,"USDA CORN, WHOLE KERNEL NO SALT",Dry Dry Dry Dry Vegetables
665,180813,9062,C-173,Clarkesville Church of God,483419,,FP/GNAP/USDA,FAITH-BASED-Agency,LOCAL - LL,N-25-11975,5,0,0,2.7,15,HABERSHAM,0.18,5/22/2024 9:00,5/22/2024 9:20,Price Code 1,CUSTOMER PICKUP,False,Food Bank of Northeast Georgia,01,30523.0,Clarkesville,DOVE DARK CHOCOLATE & PEANUT BUTTER,Dry Dry Dry Dry Food Misc.
665,178129,8720,C-173,Clarkesville Church of God,480748,,FP/GNAP/USDA,FAITH-BASED-Agency,USDA,N-50-10305,2,0,0,5.04,28,HABERSHAM,0.18,4/10/2024 9:35,4/10/2024 9:20,Price Code 1,CUSTOMER PICKUP,False,Food Bank of Northeast Georgia,01,30523.0,Clarkesville,USDA MIXED VegetablesCCC,Dry Dry Dry Dry Vegetables
665,173863,8665,C-173,Clarkesville Church of God,477492,,FP/GNAP/USDA,FAITH-BASED-Agency,BLUE RECEIPT-SHL,N-03-11268,4,0,0,2.76,92,HABERSHAM,0.03,2/7/2024 9:35,2/7/2024 9:19,Price Code 1,CUSTOMER PICKUP,False,Food Bank of Northeast Georgia,01,30523.0,Clarkesville,PROPEL BERRY/KIWISTRAW/GRAPE,Dry Dry Dry Dry Beverages
665,172317,8890,C-173,Clarkesville Church of God,475948,,FP/GNAP/USDA,FAITH-BASED-Agency,LFB,N-01-90132,6,0,0,11.88,66,HABERSHAM,0.18,1/10/2024 9:35,1/26/2024 8:59,Price Code 1,CUSTOMER PICKUP,False,Food Bank of Northeast Georgia,01,30523.0,Clarkesville,PULLUPS 2T/3T,Dry Dry Dry Dry Non-Food Misc.
665,175966,7309,C-173,Clarkesville Church of God,478594,,FP/GNAP/USDA,FAITH-BASED-Agency,GNAP,N-40-10250,2,0,0,0.0,54,HABERSHAM,0.0,3/6/2024 9:35,3/11/2024 9:35,Price Code 1,CUSTOMER PICKUP,False,Food Bank of Northeast Georgia,01,30523.0,Clarkesville,GNAP MIXED VEGETABLES,Dry Dry Dry Dry Vegetables
869,172636,696,H-152,Homestead Recovery for Women,476267,,ON PREMISES (OP),REHAB-Agency,LOCAL - LL,W-25-10000,29,0,0,5.22,29,HABERSHAM,0.18,1/5/2024 10:35,1/5/2024 15:00,Price Code 1,CUSTOMER PICKUP,False,Sharing Floor Athens,01-SH,30523.0,Clarkesville,"ASSORTED SNACK ITEMS, LL",Dry Dry Dry Dry Food Misc.
665,180195,7298,C-173,Clarkesville Church of God,482801,,FP/GNAP/USDA,FAITH-BASED-Agency,GNAP,N-40-10248,8,0,0,0.0,112,HABERSHAM,0.0,5/8/2024 10:20,5/8/2024 9:02,Price Code 1,CUSTOMER PICKUP,False,Food Bank of Northeast Georgia,01,30523.0,Clarkesville,GNAP BAKING AND BISCUIT MIX,Dry Dry Dry Dry Grains
623,176608,683,C-171,Clarkesville Soup Kitchen,479232,,OP/USDA,SOUP KITCHEN-Agency,BLUE RECEIPT-SHL,W-16-10001,75,0,0,13.5,75,HABERSHAM,0.18,3/4/2024 11:47,3/4/2024 10:22,Price Code 1,CUSTOMER PICKUP,False,Sharing Floor Rabun,02-SH,30523.0,Clarkesville,MISC. FOOD BOX SHL,Dry Dry Dry Dry Food Misc.
268,173906,688,V-100,Victory Home / Helping Hand,477535,,ON PREMISES (OP),REHAB-Agency,BLUE RECEIPT-SHL,W-01-10000,34,0,0,6.12,34,HABERSHAM,0.18,1/31/2024 13:55,1/31/2024 10:43,Price Code 1,CUSTOMER PICKUP,False,Sharing Floor Rabun,02-SH,30573.0,Tallulah Falls,"ASSORTED NON-FOOD ITEMS, SHL",Dry Dry Dry Dry Non-Food Misc.
665,180195,9048,C-173,Clarkesville Church of God,482801,,FP/GNAP/USDA,FAITH-BASED-Agency,BLUE RECEIPT-SHL,C-07-90664,10,0,0,46.8,360,HABERSHAM,0.13,5/8/2024 10:20,5/8/2024 9:02,Price Code 1,CUSTOMER PICKUP,False,Food Bank of Northeast Georgia,01,30523.0,Clarkesville,"BUTTER, GREAT VALUE SALTED",Cooled Cooled Cooled Cooled Dairy
329,175298,3204,O-109,Open Door Food Ministry (The Torch Church of God),477927,,FP/GNAP/USDA,FOOD PANTRY-Agency,GNAP,N-40-10217,48,0,0,43.2,432,HABERSHAM,0.1,2/12/2024 14:23,2/12/2024 8:10,Price Code 1,CONTACT FOR DELIVERY,False,Rabun Warehouse,02,30531.0,Cornelia,GNAP CANNED HAM,Dry Dry Dry Dry Proteins
198,173927,842,S-112,Sharing and Caring - Clarkesville,477556,,FP/GNAP/USDA,FOOD PANTRY-Agency,USDA,N-50-10021,2,0,0,9.72,54,HABERSHAM,0.18,2/6/2024 9:00,2/6/2024 8:13,Price Code 1,CUSTOMER PICKUP,False,Rabun Warehouse,02,30523.0,Clarkesville,USDA DICED TOMATOES NO SALT CCC,Dry Dry Dry Dry Vegetables
329,179922,2202,O-109,Open Door Food Ministry (The Torch Church of God),482533,,FP/GNAP/USDA,FOOD PANTRY-Agency,USDA,N-50-10240,30,0,0,0.0,660,HABERSHAM,0.0,5/4/2024 7:00,5/4/2024 6:01,Price Code 1,TRACTOR TRAILER 1 MOBILE PANTRY,False,Food Bank of Northeast Georgia,01,30531.0,Cornelia,USDA SPAGHETTI,Dry Dry Dry Dry Grains
198,178833,4788,S-112,Sharing and Caring - Clarkesville,481447,,FP/GNAP/USDA,FOOD PANTRY-Agency,USDA,F-50-90039,2,0,0,14.4,80,HABERSHAM,0.18,4/16/2024 13:49,4/16/2024 8:04,Price Code 1,CUSTOMER PICKUP,False,Rabun Warehouse,02,30523.0,Clarkesville,USDA CATFISH FILLETS CCC,Frozen Frozen Frozen Frozen Proteins
188,173898,2960,S-102,Sharing and Caring - Cornelia,477527,,FP/GNAP/USDA,FOOD PANTRY-Agency,USDA,N-50-10247,10,0,0,64.8,360,HABERSHAM,0.18,2/7/2024 8:30,2/7/2024 9:22,Price Code 1,CONTACT FOR DELIVERY,False,Rabun Warehouse,02,30531.0,Cornelia,USDA BEEF STEW POUCHES CCC,Dry Dry Dry Dry Prepared Meals
268,178240,5388,V-100,Victory Home / Helping Hand,480856,,ON PREMISES (OP),REHAB-Agency,BLUE RECEIPT-SHL,F-16-10001,43,0,0,7.74,43,HABERSHAM,0.18,4/3/2024 13:55,4/3/2024 10:33,Price Code 1,CUSTOMER PICKUP,False,Sharing Floor Rabun,02-SH,30573.0,Tallulah Falls,"ASSORTED FROZEN FOODS, SHL",Frozen Frozen Frozen Frozen Food Misc.
665,173122,4195,C-173,Clarkesville Church of God,476752,,FP/GNAP/USDA,FAITH-BASED-Agency,BLUE RECEIPT-SHL,N-03-11030,2,0,0,0.0,40,HABERSHAM,0.0,1/23/2024 9:35,1/23/2024 9:34,Price Code 1,CUSTOMER PICKUP,False,Food Bank of Northeast Georgia,01,30523.0,Clarkesville,DIET COKE,Dry Dry Dry Dry Beverages
198,175309,4715,S-112,Sharing and Caring - Clarkesville,477938,,FP/GNAP/USDA,FOOD PANTRY-Agency,USDA,F-50-90461,2,0,0,14.4,80,HABERSHAM,0.18,2/13/2024 9:00,2/13/2024 8:59,Price Code 1,CUSTOMER PICKUP,False,Rabun Warehouse,02,30523.0,Clarkesville,USDA ALASKAN POLLACK FISH FILLETS,Frozen Frozen Frozen Frozen Proteins
665,173642,3204,C-173,Clarkesville Church of God,477271,,FP/GNAP/USDA,FAITH-BASED-Agency,GNAP,N-40-10217,2,0,0,1.8,18,HABERSHAM,0.1,2/7/2024 9:35,2/7/2024 9:17,Price Code 1,CUSTOMER PICKUP,False,Food Bank of Northeast Georgia,01,30523.0,Clarkesville,GNAP CANNED HAM,Dry Dry Dry Dry Proteins
665,175261,683,C-173,Clarkesville Church of God,477890,,FP/GNAP/USDA,FAITH-BASED-Agency,BLUE RECEIPT-SHL,W-16-10001,164,0,0,29.52,164,HABERSHAM,0.18,2/7/2024 9:35,2/7/2024 8:29,Price Code 1,CUSTOMER PICKUP,False,Sharing Floor Athens,01-SH,30523.0,Clarkesville,MISC. FOOD BOX SHL,Dry Dry Dry Dry Food Misc.
649,175473,3122,G-132,Glade Creek Baptist Church,478102,,FP/GNAP/USDA,FAITH-BASED-Agency,GNAP,N-40-10174,4,0,0,5.6,56,HABERSHAM,0.1,2/15/2024 9:25,2/15/2024 6:58,Price Code 1,CONTACT FOR DELIVERY,False,Rabun Warehouse,02,30563.0,Mt Airy,"GNAP BLACKEYE PEAS, LOW SODIUM",Dry Dry Dry Dry Proteins
649,176661,8783,G-132,Glade Creek Baptist Church,479284,,FP/GNAP/USDA,FAITH-BASED-Agency,USDA,N-50-10308,2,0,0,8.28,46,HABERSHAM,0.18,3/6/2024 9:25,3/6/2024 8:25,Price Code 1,CONTACT FOR DELIVERY,False,Rabun Warehouse,02,30563.0,Mt Airy,USDA RAISINS,Dry Dry Dry Dry Fruits
1024,177607,170,L-119,Life Church Baldwin,480227,,FP/USDA,MOBILE PANTRY-Agency,USDA,N-50-10007,8,0,0,40.32,224,HABERSHAM,0.18,4/11/2024 19:36,4/12/2024 15:36,Price Code 1,CONTACT FOR DELIVERY,False,Rabun Warehouse,02,30511.0,Baldwin,"USDA CORN, WHOLE KERNEL NO SALT",Dry Dry Dry Dry Vegetables
329,176281,8950,O-109,Open Door Food Ministry (The Torch Church of God),478906,,FP/GNAP/USDA,FOOD PANTRY-Agency,LOCAL - LL,C-28-90537,2400,0,0,0.0,2400,HABERSHAM,0.0,3/2/2024 7:00,3/4/2024 6:57,Price Code 1,TRACTOR TRAILER 1 MOBILE PANTRY,False,Food Bank of Northeast Georgia,01,30531.0,Cornelia,"CABBAGE, BULK TOTE",Cooled Cooled Cooled Cooled Vegetables
55,173403,690,C-116,Circle of Hope,477032,,ON PREMISES (OP),SHELTER-Agency,BLUE RECEIPT-SHL,W-03-10013,65,0,0,1.95,65,HABERSHAM,0.03,1/22/2024 12:27,1/22/2024 11:39,Price Code 1,CUSTOMER PICKUP,False,Sharing Floor Rabun,02-SH,30531.0,Cornelia,"ASSORTED BEVERAGES, SHL",Dry Dry Dry Dry Beverages
665,175966,1791,C-173,Clarkesville Church of God,478594,,FP/GNAP/USDA,FAITH-BASED-Agency,USDA,N-50-10079,1,0,0,4.68,26,HABERSHAM,0.18,3/6/2024 9:35,3/11/2024 9:35,Price Code 1,CUSTOMER PICKUP,False,Food Bank of Northeast Georgia,01,30523.0,Clarkesville,USDA WALNUT HALVES AND PIECES,Dry Dry Dry Dry Proteins
665,178999,8546,C-173,Clarkesville Church of God,481613,,FP/GNAP/USDA,FAITH-BASED-Agency,BLUE RECEIPT-SHL,N-03-10262,1,0,0,0.0,30,HABERSHAM,0.0,4/24/2024 9:35,4/24/2024 8:54,Price Code 1,CUSTOMER PICKUP,False,Food Bank of Northeast Georgia,01,30523.0,Clarkesville,STARRY LEMON LIME SODA 16.9 OZ,Dry Dry Dry Dry Beverages
665,180562,4411,C-173,Clarkesville Church of God,483168,,FP/GNAP/USDA,FAITH-BASED-Agency,USDA,F-50-90465,1,0,0,3.78,21,HABERSHAM,0.18,5/22/2024 8:45,5/22/2024 9:20,Price Code 1,CUSTOMER PICKUP,False,Food Bank of Northeast Georgia,01,30523.0,Clarkesville,USDA WILD CAUGHT GULF SHRIMP,Frozen Frozen Frozen Frozen Proteins
665,175966,8958,C-173,Clarkesville Church of God,478594,,FP/GNAP/USDA,FAITH-BASED-Agency,YELLOW RECEIPT - SHN,N-25-11957,3,0,0,1.62,9,HABERSHAM,0.18,3/6/2024 9:35,3/11/2024 9:35,Price Code 1,CUSTOMER PICKUP,False,Food Bank of Northeast Georgia,01,30523.0,Clarkesville,WHEAT THINS BIG,Dry Dry Dry Dry Grains
198,177275,2856,S-112,Sharing and Caring - Clarkesville,479895,,FP/GNAP/USDA,FOOD PANTRY-Agency,GNAP,N-40-10206,2,0,0,0.0,40,HABERSHAM,0.0,3/19/2024 8:49,3/19/2024 8:09,Price Code 1,CUSTOMER PICKUP,False,Rabun Warehouse,02,30523.0,Clarkesville,GNAP CHICKEN NOODLE SOUP,Dry Dry Dry Dry Prepared Meals
665,180195,9020,C-173,Clarkesville Church of God,482801,,FP/GNAP/USDA,FAITH-BASED-Agency,BLUE RECEIPT-SHL,F-15-90560,5,0,0,16.2,90,HABERSHAM,0.18,5/8/2024 10:20,5/8/2024 9:02,Price Code 1,CUSTOMER PICKUP,False,Food Bank of Northeast Georgia,01,30523.0,Clarkesville,APPLETON PORK SAUSAGE,Frozen Frozen Frozen Frozen Proteins
198,179026,875,S-112,Sharing and Caring - Clarkesville,481640,,FP/GNAP/USDA,FOOD PANTRY-Agency,BLUE RECEIPT-SHL,W-04-10000,37,0,0,0.0,37,HABERSHAM,0.0,4/16/2024 13:49,4/16/2024 8:32,Price Code 1,CUSTOMER PICKUP,False,Sharing Floor Rabun,02-SH,30523.0,Clarkesville,"BREAD & BAKERY, ASSORTED SHL",Dry Dry Dry Dry Grains
809,172709,50,B-123,Breaking Chains Ministries d.b.a Freedom Hill,476340,,ON PREMISES (OP),REHAB-Agency,LOCAL - LL,W-16-10002,181,0,0,32.58,181,HABERSHAM,0.18,1/8/2024 9:19,1/8/2024 10:04,Price Code 1,CUSTOMER PICKUP,False,Sharing Floor Athens,01-SH,30535.0,Demorest,MISC. FOOD BOX LL,Dry Dry Dry Dry Food Misc.
902,175402,690,T-123,"The Lord's Help, Inc.",478031,,ON PREMISES (OP),SOUP KITCHEN-Agency,BLUE RECEIPT-SHL,W-03-10013,145,0,0,0.0,145,HABERSHAM,0.0,2/9/2024 15:19,2/9/2024 10:22,Price Code 1,CUSTOMER PICKUP,False,Sharing Floor Athens,01-SH,30531.0,Cornelia,"ASSORTED BEVERAGES, SHL",Dry Dry Dry Dry Beverages
329,182309,5407,O-109,Open Door Food Ministry (The Torch Church of God),484913,,FP/GNAP/USDA,FOOD PANTRY-Agency,BLUE RECEIPT-SHL,F-15-10000,870,0,0,87.0,870,HABERSHAM,0.1,6/18/2024 10:00,6/18/2024 9:03,Price Code 1,TRUCK 1,False,Food Bank of Northeast Georgia,01,30531.0,Cornelia,"MEAT & SEAFOOD, FROZEN SHL",Frozen Frozen Frozen Frozen Proteins
902,176358,875,T-123,"The Lord's Help, Inc.",478983,,ON PREMISES (OP),SOUP KITCHEN-Agency,BLUE RECEIPT-SHL,W-04-10000,58,0,0,0.0,58,HABERSHAM,0.0,2/28/2024 15:19,2/28/2024 10:30,Price Code 1,CUSTOMER PICKUP,False,Sharing Floor Athens,01-SH,30531.0,Cornelia,"BREAD & BAKERY, ASSORTED SHL",Dry Dry Dry Dry Grains
665,181956,690,C-173,Clarkesville Church of God,484560,,FP/GNAP/USDA,FAITH-BASED-Agency,BLUE RECEIPT-SHL,W-03-10013,241,0,0,0.0,241,HABERSHAM,0.0,6/6/2024 9:35,6/6/2024 8:36,Price Code 1,CUSTOMER PICKUP,False,Sharing Floor Athens,01-SH,30523.0,Clarkesville,"ASSORTED BEVERAGES, SHL",Dry Dry Dry Dry Beverages
750,177658,683,C-176,Cornelia United Methodist Church,480278,,FP/OP,FOOD PANTRY-Agency,BLUE RECEIPT-SHL,W-16-10001,19,0,0,3.42,19,HABERSHAM,0.18,3/20/2024 12:32,3/20/2024 13:31,Price Code 1,CUSTOMER PICKUP,False,Sharing Floor Rabun,02-SH,30531.0,Cornelia,MISC. FOOD BOX SHL,Dry Dry Dry Dry Food Misc.
623,176608,5388,C-171,Clarkesville Soup Kitchen,479232,,OP/USDA,SOUP KITCHEN-Agency,BLUE RECEIPT-SHL,F-16-10001,33,0,0,5.94,33,HABERSHAM,0.18,3/4/2024 11:47,3/4/2024 10:22,Price Code 1,CUSTOMER PICKUP,False,Sharing Floor Rabun,02-SH,30523.0,Clarkesville,"ASSORTED FROZEN FOODS, SHL",Frozen Frozen Frozen Frozen Food Misc.
198,182300,1045,S-112,Sharing and Caring - Clarkesville,484904,,FP/GNAP/USDA,FOOD PANTRY-Agency,BLUE RECEIPT-SHL,W-25-10009,86,0,0,15.48,86,HABERSHAM,0.18,6/18/2024 13:49,6/18/2024 8:28,Price Code 1,CUSTOMER PICKUP,False,Sharing Floor Rabun,02-SH,30523.0,Clarkesville,"ASSORTED SNACK ITEMS, SHL",Dry Dry Dry Dry Food Misc.
665,173642,8766,C-173,Clarkesville Church of God,477271,,FP/GNAP/USDA,FAITH-BASED-Agency,LOCAL - LL,N-25-11919,4,0,0,1.44,8,HABERSHAM,0.18,2/7/2024 9:35,2/7/2024 9:17,Price Code 1,CUSTOMER PICKUP,False,Food Bank of Northeast Georgia,01,30523.0,Clarkesville,GHIRARDELLI SEA SALT CARAMEL CHOCOLATE,Dry Dry Dry Dry Food Misc.
665,175966,8620,C-173,Clarkesville Church of God,478594,,FP/GNAP/USDA,FAITH-BASED-Agency,GNAP,N-40-10260,2,0,0,0.0,36,HABERSHAM,0.0,3/6/2024 9:35,3/11/2024 9:35,Price Code 1,CUSTOMER PICKUP,False,Food Bank of Northeast Georgia,01,30523.0,Clarkesville,GNAP CREAM OF CHICKEN SOUP,Dry Dry Dry Dry Prepared Meals
632,179677,50,H-141,Hazel Creek Baptist Church,482290,,FP/USDA,FOOD PANTRY-Agency,LOCAL - LL,W-16-10002,496,0,0,89.28,496,HABERSHAM,0.18,4/26/2024 8:32,4/26/2024 12:36,Price Code 1,CUSTOMER PICKUP,False,Sharing Floor Rabun,02-SH,30563.0,Mt. Airy,MISC. FOOD BOX LL,Dry Dry Dry Dry Food Misc.
198,173927,4788,S-112,Sharing and Caring - Clarkesville,477556,,FP/GNAP/USDA,FOOD PANTRY-Agency,USDA,F-50-90039,4,0,0,28.8,160,HABERSHAM,0.18,2/6/2024 9:00,2/6/2024 8:13,Price Code 1,CUSTOMER PICKUP,False,Rabun Warehouse,02,30523.0,Clarkesville,USDA CATFISH FILLETS CCC,Frozen Frozen Frozen Frozen Proteins
188,173898,2856,S-102,Sharing and Caring - Cornelia,477527,,FP/GNAP/USDA,FOOD PANTRY-Agency,GNAP,N-40-10206,10,0,0,36.0,200,HABERSHAM,0.18,2/7/2024 8:30,2/7/2024 9:22,Price Code 1,CONTACT FOR DELIVERY,False,Rabun Warehouse,02,30531.0,Cornelia,GNAP CHICKEN NOODLE SOUP,Dry Dry Dry Dry Prepared Meals
329,176281,3868,O-109,Open Door Food Ministry (The Torch Church of God),478906,,FP/GNAP/USDA,FOOD PANTRY-Agency,USDA,N-50-10267,60,0,0,0.0,2400,HABERSHAM,0.0,3/2/2024 7:00,3/4/2024 6:57,Price Code 1,TRACTOR TRAILER 1 MOBILE PANTRY,False,Food Bank of Northeast Georgia,01,30531.0,Cornelia,USDA ALL PURPOSE FLOUR,Dry Dry Dry Dry Grains
665,180863,1898,C-173,Clarkesville Church of God,483469,,FP/GNAP/USDA,FAITH-BASED-Agency,BLUE RECEIPT-SHL,N-03-10626,2,0,0,0.0,68,HABERSHAM,0.0,5/22/2024 8:30,5/22/2024 9:20,Price Code 1,CUSTOMER PICKUP,False,Food Bank of Northeast Georgia,01,30523.0,Clarkesville,"GREEN TEA W/ CITRUS, DIET LIPTON",Dry Dry Dry Dry Beverages
198,176250,5388,S-112,Sharing and Caring - Clarkesville,478876,,FP/GNAP/USDA,FOOD PANTRY-Agency,BLUE RECEIPT-SHL,F-16-10001,48,0,0,8.64,48,HABERSHAM,0.18,2/27/2024 13:49,2/27/2024 8:35,Price Code 1,CUSTOMER PICKUP,False,Sharing Floor Rabun,02-SH,30523.0,Clarkesville,"ASSORTED FROZEN FOODS, SHL",Frozen Frozen Frozen Frozen Food Misc.
665,178646,683,C-173,Clarkesville Church of God,481262,,FP/GNAP/USDA,FAITH-BASED-Agency,BLUE RECEIPT-SHL,W-16-10001,132,0,0,23.76,132,HABERSHAM,0.18,4/10/2024 9:35,4/10/2024 8:44,Price Code 1,CUSTOMER PICKUP,False,Sharing Floor Athens,01-SH,30523.0,Clarkesville,MISC. FOOD BOX SHL,Dry Dry Dry Dry Food Misc.
188,182638,5388,S-102,Sharing and Caring - Cornelia,485241,,FP/GNAP/USDA,FOOD PANTRY-Agency,BLUE RECEIPT-SHL,F-16-10001,143,0,0,25.74,143,HABERSHAM,0.18,6/28/2024 13:47,6/28/2024 14:53,Price Code 1,CUSTOMER PICKUP,False,Sharing Floor Rabun,02-SH,30531.0,Cornelia,"ASSORTED FROZEN FOODS, SHL",Frozen Frozen Frozen Frozen Food Misc.
198,179245,1674,S-112,Sharing and Caring - Clarkesville,481858,,FP/GNAP/USDA,FOOD PANTRY-Agency,USDA,N-50-10073,3,0,0,14.58,81,HABERSHAM,0.18,4/23/2024 13:49,4/23/2024 8:31,Price Code 1,CUSTOMER PICKUP,False,Rabun Warehouse,02,30523.0,Clarkesville,USDA TOMATO SAUCE,Dry Dry Dry Dry Vegetables
188,175954,3954,S-102,Sharing and Caring - Cornelia,478582,,FP/GNAP/USDA,FOOD PANTRY-Agency,GNAP,N-40-10164,20,0,0,0.0,540,HABERSHAM,0.0,3/6/2024 9:00,3/6/2024 13:08,Price Code 1,CONTACT FOR DELIVERY,False,Rabun Warehouse,02,30531.0,Cornelia,"GNAP GREEN PEAS, LOW SODIUM",Dry Dry Dry Dry Proteins
1024,172708,4715,L-119,Life Church Baldwin,476339,,FP/USDA,MOBILE PANTRY-Agency,USDA,F-50-90461,5,0,0,36.0,200,HABERSHAM,0.18,1/11/2024 10:01,1/12/2024 14:52,Price Code 1,CONTACT FOR DELIVERY,False,Rabun Warehouse,02,30511.0,Baldwin,USDA ALASKAN POLLACK FISH FILLETS,Frozen Frozen Frozen Frozen Proteins
198,179026,690,S-112,Sharing and Caring - Clarkesville,481640,,FP/GNAP/USDA,FOOD PANTRY-Agency,BLUE RECEIPT-SHL,W-03-10013,24,0,0,0.72,24,HABERSHAM,0.03,4/16/2024 13:49,4/16/2024 8:32,Price Code 1,CUSTOMER PICKUP,False,Sharing Floor Rabun,02-SH,30523.0,Clarkesville,"ASSORTED BEVERAGES, SHL",Dry Dry Dry Dry Beverages
198,179284,4449,S-112,Sharing and Caring - Clarkesville,481897,,FP/GNAP/USDA,FOOD PANTRY-Agency,USDA,F-50-90445,3,0,0,12.3,123,HABERSHAM,0.1,4/23/2024 13:49,4/23/2024 8:31,Price Code 1,CUSTOMER PICKUP,False,Rabun Warehouse,02,30523.0,Clarkesville,USDA FULLY COOKED PULLED PORK CCC,Frozen Frozen Frozen Frozen Proteins
665,177367,8600,C-173,Clarkesville Church of God,479987,,FP/GNAP/USDA,FAITH-BASED-Agency,BLUE RECEIPT-SHL,N-03-11249,1,0,0,0.0,30,HABERSHAM,0.0,3/20/2024 9:35,3/20/2024 9:12,Price Code 1,CUSTOMER PICKUP,False,Food Bank of Northeast Georgia,01,30523.0,Clarkesville,DIET PEPSI,Dry Dry Dry Dry Beverages
665,181177,683,C-173,Clarkesville Church of God,483782,,FP/GNAP/USDA,FAITH-BASED-Agency,BLUE RECEIPT-SHL,W-16-10001,39,0,0,7.02,39,HABERSHAM,0.18,5/22/2024 9:35,5/22/2024 8:43,Price Code 1,CUSTOMER PICKUP,False,Sharing Floor Athens,01-SH,30523.0,Clarkesville,MISC. FOOD BOX SHL,Dry Dry Dry Dry Food Misc.
665,172317,8899,C-173,Clarkesville Church of God,475948,,FP/GNAP/USDA,FAITH-BASED-Agency,BLUE RECEIPT-SHL,N-03-11790,4,0,0,0.0,52,HABERSHAM,0.0,1/10/2024 9:35,1/26/2024 8:59,Price Code 1,CUSTOMER PICKUP,False,Food Bank of Northeast Georgia,01,30523.0,Clarkesville,STARBUCKS DOUBLE SHOT ENERGY,Dry Dry Dry Dry Beverages
1024,180084,4449,L-119,Life Church Baldwin,482692,,FP/USDA,MOBILE PANTRY-Agency,USDA,F-50-90445,10,0,0,41.0,410,HABERSHAM,0.1,5/10/2024 8:00,5/10/2024 14:24,Price Code 1,CUSTOMER PICKUP,False,Rabun Warehouse,02,30511.0,Baldwin,USDA FULLY COOKED PULLED PORK CCC,Frozen Frozen Frozen Frozen Proteins
750,173922,1045,C-176,Cornelia United Methodist Church,477551,,FP/OP,FOOD PANTRY-Agency,BLUE RECEIPT-SHL,W-25-10009,81,0,0,14.58,81,HABERSHAM,0.18,1/31/2024 12:32,1/31/2024 14:39,Price Code 1,CUSTOMER PICKUP,False,Sharing Floor Rabun,02-SH,30531.0,Cornelia,"ASSORTED SNACK ITEMS, SHL",Dry Dry Dry Dry Food Misc.
869,179673,690,H-152,Homestead Recovery for Women,482286,,ON PREMISES (OP),REHAB-Agency,BLUE RECEIPT-SHL,W-03-10013,30,0,0,0.0,30,HABERSHAM,0.0,4/26/2024 10:35,4/26/2024 11:33,Price Code 1,CUSTOMER PICKUP,False,Sharing Floor Athens,01-SH,30523.0,Clarkesville,"ASSORTED BEVERAGES, SHL",Dry Dry Dry Dry Beverages
198,182484,170,S-112,Sharing and Caring - Clarkesville,485088,,FP/GNAP/USDA,FOOD PANTRY-Agency,USDA,N-50-10007,4,0,0,20.16,112,HABERSHAM,0.18,6/26/2024 8:30,7/2/2024 7:10,Price Code 1,CUSTOMER PICKUP,False,Rabun Warehouse,02,30523.0,Clarkesville,"USDA CORN, WHOLE KERNEL NO SALT",Dry Dry Dry Dry Vegetables
632,173395,84,H-141,Hazel Creek Baptist Church,477024,,FP/USDA,FOOD PANTRY-Agency,USDA,N-50-10006,6,0,0,29.16,162,HABERSHAM,0.18,1/24/2024 8:32,1/24/2024 13:28,Price Code 1,CUSTOMER PICKUP,False,Rabun Warehouse,02,30563.0,Mt. Airy,USDA GREEN BEANS,Dry Dry Dry Dry Vegetables
665,173863,8873,C-173,Clarkesville Church of God,477492,,FP/GNAP/USDA,FAITH-BASED-Agency,YELLOW RECEIPT - SHN,F-10-10001,4,0,0,0.36,12,HABERSHAM,0.03,2/7/2024 9:35,2/7/2024 9:19,Price Code 1,CUSTOMER PICKUP,False,Food Bank of Northeast Georgia,01,30523.0,Clarkesville,OUTSHINE STRAWBERRY BANANA SMOOTHIE CUBES,Frozen Frozen Frozen Frozen Beverages
665,178129,8996,C-173,Clarkesville Church of God,480748,,FP/GNAP/USDA,FAITH-BASED-Agency,LOCAL - LL,C-07-90662,1,0,0,0.0,14,HABERSHAM,0.0,4/10/2024 9:35,4/10/2024 9:20,Price Code 1,CUSTOMER PICKUP,False,Food Bank of Northeast Georgia,01,30523.0,Clarkesville,DUNKIN COFFEE CREAMER,Cooled Cooled Cooled Cooled Food Misc.
268,176356,690,V-100,Victory Home / Helping Hand,478981,,ON PREMISES (OP),REHAB-Agency,BLUE RECEIPT-SHL,W-03-10013,153,0,0,4.59,153,HABERSHAM,0.03,2/28/2024 13:55,2/28/2024 14:17,Price Code 1,CUSTOMER PICKUP,False,Sharing Floor Rabun,02-SH,30573.0,Tallulah Falls,"ASSORTED BEVERAGES, SHL",Dry Dry Dry Dry Beverages
809,182580,8974,B-123,Breaking Chains Ministries d.b.a Freedom Hill,FAIMPORT485183,,ON PREMISES (OP),REHAB-Agency,BLUE RECEIPT-SHL,MCW-04-10000,16,0,0,0.0,16,HABERSHAM,0.0,6/21/2024 0:00,6/21/2024 0:00,Price Code 1,CUSTOMER PICKUP,False,Food Bank of Northeast Georgia,01,30535.0,Demorest,"BREAD AND BAKERY, SHL RETAIL PICKUPS",Dry Dry Dry Dry Grains
198,179026,1045,S-112,Sharing and Caring - Clarkesville,481640,,FP/GNAP/USDA,FOOD PANTRY-Agency,BLUE RECEIPT-SHL,W-25-10009,24,0,0,4.32,24,HABERSHAM,0.18,4/16/2024 13:49,4/16/2024 8:32,Price Code 1,CUSTOMER PICKUP,False,Sharing Floor Rabun,02-SH,30523.0,Clarkesville,"ASSORTED SNACK ITEMS, SHL",Dry Dry Dry Dry Food Misc.
55,173770,683,C-116,Circle of Hope,477399,,ON PREMISES (OP),SHELTER-Agency,BLUE RECEIPT-SHL,W-16-10001,100,0,0,18.0,100,HABERSHAM,0.18,1/29/2024 12:27,1/29/2024 11:10,Price Code 1,CUSTOMER PICKUP,False,Sharing Floor Rabun,02-SH,30531.0,Cornelia,MISC. FOOD BOX SHL,Dry Dry Dry Dry Food Misc.
198,172447,50,S-112,Sharing and Caring - Clarkesville,476078,,FP/GNAP/USDA,FOOD PANTRY-Agency,LOCAL - LL,W-16-10002,147,0,0,26.46,147,HABERSHAM,0.18,1/3/2024 13:49,1/3/2024 8:41,Price Code 1,CUSTOMER PICKUP,False,Sharing Floor Rabun,02-SH,30523.0,Clarkesville,MISC. FOOD BOX LL,Dry Dry Dry Dry Food Misc.
901,181786,875,H-150,Habersham County Senior Center,484390,,FP/USDA,SENIOR-Agency,BLUE RECEIPT-SHL,W-04-10000,17,0,0,0.0,17,HABERSHAM,0.0,6/3/2024 9:28,6/3/2024 9:43,Price Code 1,CUSTOMER PICKUP,False,Sharing Floor Athens,01-SH,30535.0,Demorest,"BREAD & BAKERY, ASSORTED SHL",Dry Dry Dry Dry Grains
632,179677,5388,H-141,Hazel Creek Baptist Church,482290,,FP/USDA,FOOD PANTRY-Agency,BLUE RECEIPT-SHL,F-16-10001,90,0,0,16.2,90,HABERSHAM,0.18,4/26/2024 8:32,4/26/2024 12:36,Price Code 1,CUSTOMER PICKUP,False,Sharing Floor Rabun,02-SH,30563.0,Mt. Airy,"ASSORTED FROZEN FOODS, SHL",Frozen Frozen Frozen Frozen Food Misc.
560,182031,7083,B-133,Ballew House Outreach,484635,,FP/OP/GNAP/USDA,FOOD PANTRY-Agency,USDA,C-50-10029,3,0,0,6.48,36,HABERSHAM,0.18,6/21/2024 10:30,6/21/2024 9:12,Price Code 1,CUSTOMER PICKUP,False,Rabun Warehouse,02,30510.0,Alto,"USDA MILD CHEDDAR CHEESE, BLOCK CCC",Cooled Cooled Cooled Cooled Dairy
329,179024,8497,O-109,Open Door Food Ministry (The Torch Church of God),481638,,FP/GNAP/USDA,FOOD PANTRY-Agency,USDA,C-50-10048,60,0,0,0.0,1920,HABERSHAM,0.0,4/16/2024 14:23,4/16/2024 9:07,Price Code 1,TRUCK 1,False,Food Bank of Northeast Georgia,01,30531.0,Cornelia,USDA MANDARIN ORANGES,Cooled Cooled Cooled Cooled Fruits
750,176374,688,C-176,Cornelia United Methodist Church,478999,,FP/OP,FOOD PANTRY-Agency,BLUE RECEIPT-SHL,W-01-10000,17,0,0,3.06,17,HABERSHAM,0.18,2/28/2024 12:32,2/28/2024 14:26,Price Code 1,CUSTOMER PICKUP,False,Sharing Floor Rabun,02-SH,30531.0,Cornelia,"ASSORTED NON-FOOD ITEMS, SHL",Dry Dry Dry Dry Non-Food Misc.
1024,177607,8783,L-119,Life Church Baldwin,480227,,FP/USDA,MOBILE PANTRY-Agency,USDA,N-50-10308,5,0,0,20.7,115,HABERSHAM,0.18,4/11/2024 19:36,4/12/2024 15:36,Price Code 1,CONTACT FOR DELIVERY,False,Rabun Warehouse,02,30511.0,Baldwin,USDA RAISINS,Dry Dry Dry Dry Fruits
665,180813,9071,C-173,Clarkesville Church of God,483419,,FP/GNAP/USDA,FAITH-BASED-Agency,GNAP,F-40-90060,3,0,0,0.0,120,HABERSHAM,0.0,5/22/2024 9:00,5/22/2024 9:20,Price Code 1,CUSTOMER PICKUP,False,Food Bank of Northeast Georgia,01,30523.0,Clarkesville,GNAP LEG QUARTERS,Frozen Frozen Frozen Frozen Proteins
560,177049,4449,B-133,Ballew House Outreach,479671,,FP/OP/GNAP/USDA,FOOD PANTRY-Agency,USDA,F-50-90445,1,0,0,4.1,41,HABERSHAM,0.1,3/14/2024 13:49,3/14/2024 12:56,Price Code 1,CUSTOMER PICKUP,False,Rabun Warehouse,02,30510.0,Alto,USDA FULLY COOKED PULLED PORK CCC,Frozen Frozen Frozen Frozen Proteins
686,175048,690,H-154,Habersham Homeless Ministries,477678,,FP/USDA,FOOD PANTRY-Agency,BLUE RECEIPT-SHL,W-03-10013,46,0,0,1.38,46,HABERSHAM,0.03,2/2/2024 14:10,2/2/2024 15:14,Price Code 1,CUSTOMER PICKUP,False,Sharing Floor Rabun,02-SH,30523.0,Clarkesville,"ASSORTED BEVERAGES, SHL",Dry Dry Dry Dry Beverages
1024,180084,1047,L-119,Life Church Baldwin,482692,,FP/USDA,MOBILE PANTRY-Agency,USDA,N-50-10041,5,0,0,44.1,245,HABERSHAM,0.18,5/10/2024 8:00,5/10/2024 14:24,Price Code 1,CUSTOMER PICKUP,False,Rabun Warehouse,02,30511.0,Baldwin,USDA RICE,Dry Dry Dry Dry Grains
665,178646,5407,C-173,Clarkesville Church of God,481262,,FP/GNAP/USDA,FAITH-BASED-Agency,BLUE RECEIPT-SHL,F-15-10000,244,0,0,43.92,244,HABERSHAM,0.18,4/10/2024 9:35,4/10/2024 8:44,Price Code 1,CUSTOMER PICKUP,False,Sharing Floor Athens,01-SH,30523.0,Clarkesville,"MEAT & SEAFOOD, FROZEN SHL",Frozen Frozen Frozen Frozen Proteins
902,176358,690,T-123,"The Lord's Help, Inc.",478983,,ON PREMISES (OP),SOUP KITCHEN-Agency,BLUE RECEIPT-SHL,W-03-10013,170,0,0,0.0,170,HABERSHAM,0.0,2/28/2024 15:19,2/28/2024 10:30,Price Code 1,CUSTOMER PICKUP,False,Sharing Floor Athens,01-SH,30531.0,Cornelia,"ASSORTED BEVERAGES, SHL",Dry Dry Dry Dry Beverages
560,177316,690,B-133,Ballew House Outreach,479936,,FP/OP/GNAP/USDA,FOOD PANTRY-Agency,BLUE RECEIPT-SHL,W-03-10013,18,0,0,0.54,18,HABERSHAM,0.03,3/14/2024 13:49,3/14/2024 12:59,Price Code 1,CUSTOMER PICKUP,False,Sharing Floor Rabun,02-SH,30510.0,Alto,"ASSORTED BEVERAGES, SHL",Dry Dry Dry Dry Beverages
649,175473,1354,G-132,Glade Creek Baptist Church,478102,,FP/GNAP/USDA,FAITH-BASED-Agency,GNAP,N-40-10096,2,0,0,0.0,38,HABERSHAM,0.0,2/15/2024 9:25,2/15/2024 6:58,Price Code 1,CONTACT FOR DELIVERY,False,Rabun Warehouse,02,30563.0,Mt Airy,GNAP VEGETABLE SOUP,Dry Dry Dry Dry Prepared Meals
623,182316,5388,C-171,Clarkesville Soup Kitchen,484920,,OP/USDA,SOUP KITCHEN-Agency,BLUE RECEIPT-SHL,F-16-10001,32,0,0,5.76,32,HABERSHAM,0.18,6/18/2024 11:47,6/18/2024 10:19,Price Code 1,CUSTOMER PICKUP,False,Sharing Floor Rabun,02-SH,30523.0,Clarkesville,"ASSORTED FROZEN FOODS, SHL",Frozen Frozen Frozen Frozen Food Misc.
938,181497,5407,F-142,First Presbyterian Church of Cornelia,484101,,FP/GNAP/USDA,MOBILE PANTRY-Agency,BLUE RECEIPT-SHL,F-15-10000,1462,0,0,0.0,1462,HABERSHAM,0.0,5/31/2024 9:00,6/3/2024 9:10,Price Code 1,TRUCK 2 MOBILE PANTRY,False,Sharing Floor Rabun,02-SH,30531.0,Cornelia,"MEAT & SEAFOOD, FROZEN SHL",Frozen Frozen Frozen Frozen Proteins
560,175085,7061,B-133,Ballew House Outreach,477715,,FP/OP/GNAP/USDA,FOOD PANTRY-Agency,USDA,C-50-10021,3,0,0,12.6,126,HABERSHAM,0.1,2/8/2024 13:49,2/8/2024 11:04,Price Code 1,CUSTOMER PICKUP,False,Rabun Warehouse,02,30510.0,Alto,USDA FRESH ORANGES,Cooled Cooled Cooled Cooled Fruits
938,177710,683,F-142,First Presbyterian Church of Cornelia,480330,,FP/GNAP/USDA,MOBILE PANTRY-Agency,BLUE RECEIPT-SHL,W-16-10001,3098,0,0,0.0,3098,HABERSHAM,0.0,4/5/2024 9:50,4/8/2024 8:45,Price Code 1,CUSTOMER PICKUP,False,Sharing Floor Rabun,02-SH,30531.0,Cornelia,MISC. FOOD BOX SHL,Dry Dry Dry Dry Food Misc.
665,175966,8627,C-173,Clarkesville Church of God,478594,,FP/GNAP/USDA,FAITH-BASED-Agency,USDA,N-50-10300,2,0,0,5.04,28,HABERSHAM,0.18,3/6/2024 9:35,3/11/2024 9:35,Price Code 1,CUSTOMER PICKUP,False,Food Bank of Northeast Georgia,01,30523.0,Clarkesville,USDA CANNED COLLARD GREENS CCC,Dry Dry Dry Dry Vegetables
665,181177,696,C-173,Clarkesville Church of God,483782,,FP/GNAP/USDA,FAITH-BASED-Agency,LOCAL - LL,W-25-10000,16,0,0,2.88,16,HABERSHAM,0.18,5/22/2024 9:35,5/22/2024 8:43,Price Code 1,CUSTOMER PICKUP,False,Sharing Floor Athens,01-SH,30523.0,Clarkesville,"ASSORTED SNACK ITEMS, LL",Dry Dry Dry Dry Food Misc.
268,178661,5388,V-100,Victory Home / Helping Hand,481277,,ON PREMISES (OP),REHAB-Agency,BLUE RECEIPT-SHL,F-16-10001,144,0,0,25.92,144,HABERSHAM,0.18,4/10/2024 13:55,4/10/2024 10:31,Price Code 1,CUSTOMER PICKUP,False,Sharing Floor Rabun,02-SH,30573.0,Tallulah Falls,"ASSORTED FROZEN FOODS, SHL",Frozen Frozen Frozen Frozen Food Misc.
268,182485,688,V-100,Victory Home / Helping Hand,485089,,ON PREMISES (OP),REHAB-Agency,BLUE RECEIPT-SHL,W-01-10000,115,0,0,20.7,115,HABERSHAM,0.18,6/21/2024 13:55,6/21/2024 14:46,Price Code 1,CUSTOMER PICKUP,False,Sharing Floor Rabun,02-SH,30573.0,Tallulah Falls,"ASSORTED NON-FOOD ITEMS, SHL",Dry Dry Dry Dry Non-Food Misc.
55,172730,5388,C-116,Circle of Hope,476361,,ON PREMISES (OP),SHELTER-Agency,BLUE RECEIPT-SHL,F-16-10001,15,0,0,2.7,15,HABERSHAM,0.18,1/8/2024 12:27,1/8/2024 11:31,Price Code 1,CUSTOMER PICKUP,False,Sharing Floor Rabun,02-SH,30531.0,Cornelia,"ASSORTED FROZEN FOODS, SHL",Frozen Frozen Frozen Frozen Food Misc.
665,178999,8997,C-173,Clarkesville Church of God,481613,,FP/GNAP/USDA,FAITH-BASED-Agency,USDA,N-50-10312,3,0,0,6.48,36,HABERSHAM,0.18,4/24/2024 9:35,4/24/2024 8:54,Price Code 1,CUSTOMER PICKUP,False,Food Bank of Northeast Georgia,01,30523.0,Clarkesville,USDA CHILI W/ BEANS CCC,Dry Dry Dry Dry Prepared Meals
198,175757,7082,S-112,Sharing and Caring - Clarkesville,478385,,FP/GNAP/USDA,FOOD PANTRY-Agency,USDA,C-50-10033,3,0,0,0.0,36,HABERSHAM,0.0,2/20/2024 9:00,2/20/2024 8:30,Price Code 1,CUSTOMER PICKUP,False,Rabun Warehouse,02,30523.0,Clarkesville,USDA SHREDDED YELLOW CHEDDAR CHEESE CCC,Cooled Cooled Cooled Cooled Dairy
649,176661,842,G-132,Glade Creek Baptist Church,479284,,FP/GNAP/USDA,FAITH-BASED-Agency,USDA,N-50-10021,4,0,0,19.44,108,HABERSHAM,0.18,3/6/2024 9:25,3/6/2024 8:25,Price Code 1,CONTACT FOR DELIVERY,False,Rabun Warehouse,02,30563.0,Mt Airy,USDA DICED TOMATOES NO SALT CCC,Dry Dry Dry Dry Vegetables
198,176250,688,S-112,Sharing and Caring - Clarkesville,478876,,FP/GNAP/USDA,FOOD PANTRY-Agency,BLUE RECEIPT-SHL,W-01-10000,15,0,0,2.7,15,HABERSHAM,0.18,2/27/2024 13:49,2/27/2024 8:35,Price Code 1,CUSTOMER PICKUP,False,Sharing Floor Rabun,02-SH,30523.0,Clarkesville,"ASSORTED NON-FOOD ITEMS, SHL",Dry Dry Dry Dry Non-Food Misc.
198,180324,690,S-112,Sharing and Caring - Clarkesville,482930,,FP/GNAP/USDA,FOOD PANTRY-Agency,BLUE RECEIPT-SHL,W-03-10013,60,0,0,1.8,60,HABERSHAM,0.03,5/7/2024 13:49,5/7/2024 8:34,Price Code 1,CUSTOMER PICKUP,False,Sharing Floor Rabun,02-SH,30523.0,Clarkesville,"ASSORTED BEVERAGES, SHL",Dry Dry Dry Dry Beverages
55,182071,690,C-116,Circle of Hope,484675,,ON PREMISES (OP),SHELTER-Agency,BLUE RECEIPT-SHL,W-03-10013,65,0,0,1.95,65,HABERSHAM,0.03,6/10/2024 12:27,6/10/2024 12:03,Price Code 1,CUSTOMER PICKUP,False,Sharing Floor Rabun,02-SH,30531.0,Cornelia,"ASSORTED BEVERAGES, SHL",Dry Dry Dry Dry Beverages
268,176064,5938,V-100,Victory Home / Helping Hand,478691,,ON PREMISES (OP),REHAB-Agency,BLUE RECEIPT-SHL,C-28-10001,187,0,0,5.61,187,HABERSHAM,0.03,2/23/2024 13:55,2/23/2024 7:25,Price Code 1,CUSTOMER PICKUP,False,Sharing Floor Rabun,02-SH,30573.0,Tallulah Falls,"PRODUCE, FRESH SHL",Cooled Cooled Cooled Cooled Mixed Produce
329,180343,7073,O-109,Open Door Food Ministry (The Torch Church of God),482949,,FP/GNAP/USDA,FOOD PANTRY-Agency,BLUE RECEIPT-SHL,C-28-90494,622,0,0,0.0,622,HABERSHAM,0.0,5/7/2024 14:23,5/7/2024 10:56,Price Code 1,CUSTOMER PICKUP,False,Food Bank of Northeast Georgia,01,30531.0,Cornelia,"CAULIFLOWER, SHL",Cooled Cooled Cooled Cooled Vegetables
665,178999,84,C-173,Clarkesville Church of God,481613,,FP/GNAP/USDA,FAITH-BASED-Agency,USDA,N-50-10006,2,0,0,9.72,54,HABERSHAM,0.18,4/24/2024 9:35,4/24/2024 8:54,Price Code 1,CUSTOMER PICKUP,False,Food Bank of Northeast Georgia,01,30523.0,Clarkesville,USDA GREEN BEANS,Dry Dry Dry Dry Vegetables
198,176636,2573,S-112,Sharing and Caring - Clarkesville,479259,,FP/GNAP/USDA,FOOD PANTRY-Agency,GNAP,N-40-10204,2,0,0,0.0,38,HABERSHAM,0.0,3/12/2024 13:49,3/12/2024 8:16,Price Code 1,CUSTOMER PICKUP,False,Rabun Warehouse,02,30523.0,Clarkesville,GNAP CHICKEN & RICE SOUP,Dry Dry Dry Dry Prepared Meals
665,178999,3943,C-173,Clarkesville Church of God,481613,,FP/GNAP/USDA,FAITH-BASED-Agency,USDA,N-50-10268,4,0,0,4.56,152,HABERSHAM,0.03,4/24/2024 9:35,4/24/2024 8:54,Price Code 1,CUSTOMER PICKUP,False,Food Bank of Northeast Georgia,01,30523.0,Clarkesville,USDA APPLE JUICE,Dry Dry Dry Dry Beverages
902,176358,5407,T-123,"The Lord's Help, Inc.",478983,,ON PREMISES (OP),SOUP KITCHEN-Agency,BLUE RECEIPT-SHL,F-15-10000,42,0,0,7.56,42,HABERSHAM,0.18,2/28/2024 15:19,2/28/2024 10:30,Price Code 1,CUSTOMER PICKUP,False,Sharing Floor Athens,01-SH,30531.0,Cornelia,"MEAT & SEAFOOD, FROZEN SHL",Frozen Frozen Frozen Frozen Proteins
198,182300,688,S-112,Sharing and Caring - Clarkesville,484904,,FP/GNAP/USDA,FOOD PANTRY-Agency,BLUE RECEIPT-SHL,W-01-10000,25,0,0,4.5,25,HABERSHAM,0.18,6/18/2024 13:49,6/18/2024 8:28,Price Code 1,CUSTOMER PICKUP,False,Sharing Floor Rabun,02-SH,30523.0,Clarkesville,"ASSORTED NON-FOOD ITEMS, SHL",Dry Dry Dry Dry Non-Food Misc.
665,172317,8903,C-173,Clarkesville Church of God,475948,,FP/GNAP/USDA,FAITH-BASED-Agency,YELLOW RECEIPT - SHN,N-16-10181,1,0,0,0.9,5,HABERSHAM,0.18,1/10/2024 9:35,1/26/2024 8:59,Price Code 1,CUSTOMER PICKUP,False,Food Bank of Northeast Georgia,01,30523.0,Clarkesville,STOVE TOP STUFFING - TURKEY/CHICKEN/CORNBREAD,Dry Dry Dry Dry Prepared Meals
665,175966,7177,C-173,Clarkesville Church of God,478594,,FP/GNAP/USDA,FAITH-BASED-Agency,GNAP,N-40-10237,2,0,0,0.0,54,HABERSHAM,0.0,3/6/2024 9:35,3/11/2024 9:35,Price Code 1,CUSTOMER PICKUP,False,Food Bank of Northeast Georgia,01,30523.0,Clarkesville,GNAP SWEET POTATO IN LIGHT SYRUP,Dry Dry Dry Dry Potatoes
938,177710,5960,F-142,First Presbyterian Church of Cornelia,480330,,FP/GNAP/USDA,MOBILE PANTRY-Agency,BLUE RECEIPT-SHL,C-07-10001,1620,0,0,0.0,1620,HABERSHAM,0.0,4/5/2024 9:50,4/8/2024 8:45,Price Code 1,CUSTOMER PICKUP,False,Sharing Floor Rabun,02-SH,30531.0,Cornelia,"DAIRY PRODUCT, ASSORTED SHL",Cooled Cooled Cooled Cooled Dairy
329,179024,875,O-109,Open Door Food Ministry (The Torch Church of God),481638,,FP/GNAP/USDA,FOOD PANTRY-Agency,BLUE RECEIPT-SHL,W-04-10000,312,0,0,0.0,312,HABERSHAM,0.0,4/16/2024 14:23,4/16/2024 9:07,Price Code 1,TRUCK 1,False,Food Bank of Northeast Georgia,01,30531.0,Cornelia,"BREAD & BAKERY, ASSORTED SHL",Dry Dry Dry Dry Grains
623,175438,7061,C-171,Clarkesville Soup Kitchen,478067,,OP/USDA,SOUP KITCHEN-Agency,USDA,C-50-10021,2,0,0,8.4,84,HABERSHAM,0.1,2/20/2024 10:00,2/20/2024 10:45,Price Code 1,CUSTOMER PICKUP,False,Rabun Warehouse,02,30523.0,Clarkesville,USDA FRESH ORANGES,Cooled Cooled Cooled Cooled Fruits
198,175309,7061,S-112,Sharing and Caring - Clarkesville,477938,,FP/GNAP/USDA,FOOD PANTRY-Agency,USDA,C-50-10021,4,0,0,16.8,168,HABERSHAM,0.1,2/13/2024 9:00,2/13/2024 8:59,Price Code 1,CUSTOMER PICKUP,False,Rabun Warehouse,02,30523.0,Clarkesville,USDA FRESH ORANGES,Cooled Cooled Cooled Cooled Fruits
560,177316,875,B-133,Ballew House Outreach,479936,,FP/OP/GNAP/USDA,FOOD PANTRY-Agency,BLUE RECEIPT-SHL,W-04-10000,48,0,0,0.0,48,HABERSHAM,0.0,3/14/2024 13:49,3/14/2024 12:59,Price Code 1,CUSTOMER PICKUP,False,Sharing Floor Rabun,02-SH,30510.0,Alto,"BREAD & BAKERY, ASSORTED SHL",Dry Dry Dry Dry Grains
869,175960,696,H-152,Homestead Recovery for Women,478588,,ON PREMISES (OP),REHAB-Agency,LOCAL - LL,W-25-10000,61,0,0,10.98,61,HABERSHAM,0.18,2/21/2024 10:35,2/21/2024 11:32,Price Code 1,CUSTOMER PICKUP,False,Sharing Floor Athens,01-SH,30523.0,Clarkesville,"ASSORTED SNACK ITEMS, LL",Dry Dry Dry Dry Food Misc.
665,181956,5938,C-173,Clarkesville Church of God,484560,,FP/GNAP/USDA,FAITH-BASED-Agency,BLUE RECEIPT-SHL,C-28-10001,162,0,0,4.86,162,HABERSHAM,0.03,6/6/2024 9:35,6/6/2024 8:36,Price Code 1,CUSTOMER PICKUP,False,Sharing Floor Athens,01-SH,30523.0,Clarkesville,"PRODUCE, FRESH SHL",Cooled Cooled Cooled Cooled Mixed Produce
869,176685,683,H-152,Homestead Recovery for Women,479308,,ON PREMISES (OP),REHAB-Agency,BLUE RECEIPT-SHL,W-16-10001,44,0,0,7.92,44,HABERSHAM,0.18,3/5/2024 10:35,3/5/2024 10:32,Price Code 1,CUSTOMER PICKUP,False,Sharing Floor Athens,01-SH,30523.0,Clarkesville,MISC. FOOD BOX SHL,Dry Dry Dry Dry Food Misc.
329,179922,8991,O-109,Open Door Food Ministry (The Torch Church of God),482533,,FP/GNAP/USDA,FOOD PANTRY-Agency,USDA,N-50-10311,25,0,0,0.0,600,HABERSHAM,0.0,5/4/2024 7:00,5/4/2024 6:01,Price Code 1,TRACTOR TRAILER 1 MOBILE PANTRY,False,Food Bank of Northeast Georgia,01,30531.0,Cornelia,USDA HAZELNUTS CCC,Dry Dry Dry Dry Proteins
665,177367,4715,C-173,Clarkesville Church of God,479987,,FP/GNAP/USDA,FAITH-BASED-Agency,USDA,F-50-90461,1,0,0,4.0,40,HABERSHAM,0.1,3/20/2024 9:35,3/20/2024 9:12,Price Code 1,CUSTOMER PICKUP,False,Food Bank of Northeast Georgia,01,30523.0,Clarkesville,USDA ALASKAN POLLACK FISH FILLETS,Frozen Frozen Frozen Frozen Proteins
665,173642,8907,C-173,Clarkesville Church of God,477271,,FP/GNAP/USDA,FAITH-BASED-Agency,GNAP,N-40-10267,2,0,0,2.6,26,HABERSHAM,0.1,2/7/2024 9:35,2/7/2024 9:17,Price Code 1,CUSTOMER PICKUP,False,Food Bank of Northeast Georgia,01,30523.0,Clarkesville,GNAP SPAGHETTI W/ MEATBALLS,Dry Dry Dry Dry Prepared Meals
188,180874,8994,S-102,Sharing and Caring - Cornelia,483480,,FP/GNAP/USDA,FOOD PANTRY-Agency,GNAP,N-40-10269,6,0,0,0.0,162,HABERSHAM,0.0,5/30/2024 11:00,5/30/2024 7:14,Price Code 1,CONTACT FOR DELIVERY,False,Rabun Warehouse,02,30531.0,Cornelia,"GNAP GREEN BEANS, WHOLE",Dry Dry Dry Dry Vegetables
188,173010,890,S-102,Sharing and Caring - Cornelia,476640,,FP/GNAP/USDA,FOOD PANTRY-Agency,GNAP,N-40-10001,6,0,0,16.2,162,HABERSHAM,0.1,1/19/2024 9:00,1/19/2024 7:01,Price Code 1,CONTACT FOR DELIVERY,False,Rabun Warehouse,02,30531.0,Cornelia,GNAP APPLE SAUCE,Dry Dry Dry Dry Fruits
268,175277,5388,V-100,Victory Home / Helping Hand,477906,,ON PREMISES (OP),REHAB-Agency,BLUE RECEIPT-SHL,F-16-10001,32,0,0,5.76,32,HABERSHAM,0.18,2/7/2024 13:55,2/7/2024 10:40,Price Code 1,CUSTOMER PICKUP,False,Sharing Floor Rabun,02-SH,30573.0,Tallulah Falls,"ASSORTED FROZEN FOODS, SHL",Frozen Frozen Frozen Frozen Food Misc.
329,176281,8874,O-109,Open Door Food Ministry (The Torch Church of God),478906,,FP/GNAP/USDA,FOOD PANTRY-Agency,YELLOW RECEIPT - SHN,F-10-10002,130,0,0,0.0,390,HABERSHAM,0.0,3/2/2024 7:00,3/4/2024 6:57,Price Code 1,TRACTOR TRAILER 1 MOBILE PANTRY,False,Food Bank of Northeast Georgia,01,30531.0,Cornelia,OUTSHINE TROPICAL SMOOTHIE CUBES,Frozen Frozen Frozen Frozen Beverages
649,176661,8690,G-132,Glade Creek Baptist Church,479284,,FP/GNAP/USDA,FAITH-BASED-Agency,USDA,N-50-10302,8,0,0,20.16,112,HABERSHAM,0.18,3/6/2024 9:25,3/6/2024 8:25,Price Code 1,CONTACT FOR DELIVERY,False,Rabun Warehouse,02,30563.0,Mt Airy,USDA GREEN BEANS CCC,Dry Dry Dry Dry Vegetables
665,181177,5958,C-173,Clarkesville Church of God,483782,,FP/GNAP/USDA,FAITH-BASED-Agency,BLUE RECEIPT-SHL,C-16-10001,65,0,0,11.7,65,HABERSHAM,0.18,5/22/2024 9:35,5/22/2024 8:43,Price Code 1,CUSTOMER PICKUP,False,Sharing Floor Athens,01-SH,30523.0,Clarkesville,"COOLER FOOD, MISC. SHL",Cooled Cooled Cooled Cooled Food Misc.
198,180324,50,S-112,Sharing and Caring - Clarkesville,482930,,FP/GNAP/USDA,FOOD PANTRY-Agency,LOCAL - LL,W-16-10002,43,0,0,7.74,43,HABERSHAM,0.18,5/7/2024 13:49,5/7/2024 8:34,Price Code 1,CUSTOMER PICKUP,False,Sharing Floor Rabun,02-SH,30523.0,Clarkesville,MISC. FOOD BOX LL,Dry Dry Dry Dry Food Misc.
198,177656,1674,S-112,Sharing and Caring - Clarkesville,480276,,FP/GNAP/USDA,FOOD PANTRY-Agency,USDA,N-50-10073,5,0,0,24.3,135,HABERSHAM,0.18,3/26/2024 13:49,3/26/2024 8:12,Price Code 1,CUSTOMER PICKUP,False,Rabun Warehouse,02,30523.0,Clarkesville,USDA TOMATO SAUCE,Dry Dry Dry Dry Vegetables
665,173452,690,C-173,Clarkesville Church of God,477081,,FP/GNAP/USDA,FAITH-BASED-Agency,BLUE RECEIPT-SHL,W-03-10013,121,0,0,0.0,121,HABERSHAM,0.0,1/23/2024 9:35,1/23/2024 8:37,Price Code 1,CUSTOMER PICKUP,False,Sharing Floor Athens,01-SH,30523.0,Clarkesville,"ASSORTED BEVERAGES, SHL",Dry Dry Dry Dry Beverages
686,175048,688,H-154,Habersham Homeless Ministries,477678,,FP/USDA,FOOD PANTRY-Agency,BLUE RECEIPT-SHL,W-01-10000,24,0,0,4.32,24,HABERSHAM,0.18,2/2/2024 14:10,2/2/2024 15:14,Price Code 1,CUSTOMER PICKUP,False,Sharing Floor Rabun,02-SH,30523.0,Clarkesville,"ASSORTED NON-FOOD ITEMS, SHL",Dry Dry Dry Dry Non-Food Misc.
329,172495,1047,O-109,Open Door Food Ministry (The Torch Church of God),476126,,FP/GNAP/USDA,FOOD PANTRY-Agency,USDA,N-50-10041,25,0,0,0.0,1225,HABERSHAM,0.0,1/6/2024 7:00,1/9/2024 11:26,Price Code 1,TRUCK 1 MOBILE PANTRY,False,Food Bank of Northeast Georgia,01,30531.0,Cornelia,USDA RICE,Dry Dry Dry Dry Grains
750,177712,683,C-176,Cornelia United Methodist Church,480331,,FP/OP,FOOD PANTRY-Agency,BLUE RECEIPT-SHL,W-16-10001,691,0,0,124.38,691,HABERSHAM,0.18,3/21/2024 12:32,3/21/2024 10:31,Price Code 1,CONTACT FOR DELIVERY,False,Food Bank of Northeast Georgia,01,30531.0,Cornelia,MISC. FOOD BOX SHL,Dry Dry Dry Dry Food Misc.
902,180980,8986,T-123,"The Lord's Help, Inc.",FAIMPORT483585,,ON PREMISES (OP),SOUP KITCHEN-Agency,BLUE RECEIPT-SHL,MCW-01-10001,42,0,0,0.0,42,HABERSHAM,0.0,5/14/2024 0:00,5/14/2024 0:00,Price Code 1,CUSTOMER PICKUP,False,Food Bank of Northeast Georgia,01,30531.0,Cornelia,"NON-FOOD ITEMS, SHL RETAIL PICKUPS",Dry Dry Dry Dry Non-Food Misc.
665,181451,8874,C-173,Clarkesville Church of God,484055,,FP/GNAP/USDA,FAITH-BASED-Agency,YELLOW RECEIPT - SHN,F-10-10002,2,0,0,0.18,6,HABERSHAM,0.03,6/6/2024 8:00,6/6/2024 9:04,Price Code 1,CUSTOMER PICKUP,False,Food Bank of Northeast Georgia,01,30523.0,Clarkesville,OUTSHINE TROPICAL SMOOTHIE CUBES,Frozen Frozen Frozen Frozen Beverages
632,173395,8783,H-141,Hazel Creek Baptist Church,477024,,FP/USDA,FOOD PANTRY-Agency,USDA,N-50-10308,2,0,0,8.28,46,HABERSHAM,0.18,1/24/2024 8:32,1/24/2024 13:28,Price Code 1,CUSTOMER PICKUP,False,Rabun Warehouse,02,30563.0,Mt. Airy,USDA RAISINS,Dry Dry Dry Dry Fruits
665,178999,3139,C-173,Clarkesville Church of God,481613,,FP/GNAP/USDA,FAITH-BASED-Agency,USDA,N-50-10290,1,0,0,4.5,25,HABERSHAM,0.18,4/24/2024 9:35,4/24/2024 8:54,Price Code 1,CUSTOMER PICKUP,False,Food Bank of Northeast Georgia,01,30523.0,Clarkesville,USDA WHOLE ALMONDS DRY ROASTED,Dry Dry Dry Dry Proteins
268,177646,1045,V-100,Victory Home / Helping Hand,480266,,ON PREMISES (OP),REHAB-Agency,BLUE RECEIPT-SHL,W-25-10009,30,0,0,5.4,30,HABERSHAM,0.18,3/20/2024 13:55,3/20/2024 10:51,Price Code 1,CUSTOMER PICKUP,False,Sharing Floor Rabun,02-SH,30573.0,Tallulah Falls,"ASSORTED SNACK ITEMS, SHL",Dry Dry Dry Dry Food Misc.
665,173122,7246,C-173,Clarkesville Church of God,476752,,FP/GNAP/USDA,FAITH-BASED-Agency,GNAP,N-40-10245,4,0,0,8.8,88,HABERSHAM,0.1,1/23/2024 9:35,1/23/2024 9:34,Price Code 1,CUSTOMER PICKUP,False,Food Bank of Northeast Georgia,01,30523.0,Clarkesville,GNAP TRADITIONAL PASTA SAUCE,Dry Dry Dry Dry Vegetables
665,175966,8960,C-173,Clarkesville Church of God,478594,,FP/GNAP/USDA,FAITH-BASED-Agency,YELLOW RECEIPT - SHN,N-25-11959,2,0,0,3.24,18,HABERSHAM,0.18,3/6/2024 9:35,3/11/2024 9:35,Price Code 1,CUSTOMER PICKUP,False,Food Bank of Northeast Georgia,01,30523.0,Clarkesville,"NILLA WAFERS, NABISCO",Dry Dry Dry Dry Food Misc.
268,181921,683,V-100,Victory Home / Helping Hand,484525,,ON PREMISES (OP),REHAB-Agency,BLUE RECEIPT-SHL,W-16-10001,35,0,0,6.3,35,HABERSHAM,0.18,6/5/2024 13:55,6/5/2024 10:42,Price Code 1,CUSTOMER PICKUP,False,Sharing Floor Rabun,02-SH,30573.0,Tallulah Falls,MISC. FOOD BOX SHL,Dry Dry Dry Dry Food Misc.
198,181421,5388,S-112,Sharing and Caring - Clarkesville,484025,,FP/GNAP/USDA,FOOD PANTRY-Agency,BLUE RECEIPT-SHL,F-16-10001,48,0,0,8.64,48,HABERSHAM,0.18,5/28/2024 13:49,5/28/2024 8:39,Price Code 1,CUSTOMER PICKUP,False,Sharing Floor Rabun,02-SH,30523.0,Clarkesville,"ASSORTED FROZEN FOODS, SHL",Frozen Frozen Frozen Frozen Food Misc.
188,180874,8997,S-102,Sharing and Caring - Cornelia,483480,,FP/GNAP/USDA,FOOD PANTRY-Agency,USDA,N-50-10312,6,0,0,12.96,72,HABERSHAM,0.18,5/30/2024 11:00,5/30/2024 7:14,Price Code 1,CONTACT FOR DELIVERY,False,Rabun Warehouse,02,30531.0,Cornelia,USDA CHILI W/ BEANS CCC,Dry Dry Dry Dry Prepared Meals
665,178129,8658,C-173,Clarkesville Church of God,480748,,FP/GNAP/USDA,FAITH-BASED-Agency,YELLOW RECEIPT - SHN,N-25-11893,1,0,0,3.24,18,HABERSHAM,0.18,4/10/2024 9:35,4/10/2024 9:20,Price Code 1,CUSTOMER PICKUP,False,Food Bank of Northeast Georgia,01,30523.0,Clarkesville,KELLOGG WHEAT CRACKER ON TRAYS,Dry Dry Dry Dry Grains
750,177250,683,C-176,Cornelia United Methodist Church,479870,,FP/OP,FOOD PANTRY-Agency,BLUE RECEIPT-SHL,W-16-10001,364,0,0,65.52,364,HABERSHAM,0.18,3/13/2024 12:32,3/13/2024 13:39,Price Code 1,CUSTOMER PICKUP,False,Sharing Floor Rabun,02-SH,30531.0,Cornelia,MISC. FOOD BOX SHL,Dry Dry Dry Dry Food Misc.
665,180195,7152,C-173,Clarkesville Church of God,482801,,FP/GNAP/USDA,FAITH-BASED-Agency,GNAP,N-40-10233,6,0,0,0.0,96,HABERSHAM,0.0,5/8/2024 10:20,5/8/2024 9:02,Price Code 1,CUSTOMER PICKUP,False,Food Bank of Northeast Georgia,01,30523.0,Clarkesville,GNAP GRAPE JELLY,Dry Dry Dry Dry Food Misc.
665,173122,8921,C-173,Clarkesville Church of God,476752,,FP/GNAP/USDA,FAITH-BASED-Agency,LOCAL - LL,N-25-11953,3,0,0,6.48,36,HABERSHAM,0.18,1/23/2024 9:35,1/23/2024 9:34,Price Code 1,CUSTOMER PICKUP,False,Food Bank of Northeast Georgia,01,30523.0,Clarkesville,GREAT VALUE COOKIE & CARAMEL BARS,Dry Dry Dry Dry Food Misc.
665,179536,1045,C-173,Clarkesville Church of God,482149,,FP/GNAP/USDA,FAITH-BASED-Agency,BLUE RECEIPT-SHL,W-25-10009,19,0,0,3.42,19,HABERSHAM,0.18,4/24/2024 9:35,4/24/2024 8:29,Price Code 1,CUSTOMER PICKUP,False,Sharing Floor Athens,01-SH,30523.0,Clarkesville,"ASSORTED SNACK ITEMS, SHL",Dry Dry Dry Dry Food Misc.
665,175933,5958,C-173,Clarkesville Church of God,478561,,FP/GNAP/USDA,FAITH-BASED-Agency,BLUE RECEIPT-SHL,C-16-10001,40,0,0,7.2,40,HABERSHAM,0.18,2/21/2024 9:35,2/21/2024 8:34,Price Code 1,CUSTOMER PICKUP,False,Sharing Floor Athens,01-SH,30523.0,Clarkesville,"COOLER FOOD, MISC. SHL",Cooled Cooled Cooled Cooled Food Misc.
665,173642,4676,C-173,Clarkesville Church of God,477271,,FP/GNAP/USDA,FAITH-BASED-Agency,USDA,F-50-90031,2,0,0,0.0,48,HABERSHAM,0.0,2/7/2024 9:35,2/7/2024 9:17,Price Code 1,CUSTOMER PICKUP,False,Food Bank of Northeast Georgia,01,30523.0,Clarkesville,USDA FROZEN BLUEBERRIES CCC,Frozen Frozen Frozen Frozen Fruits
632,181634,683,H-141,Hazel Creek Baptist Church,484238,,FP/USDA,FOOD PANTRY-Agency,BLUE RECEIPT-SHL,W-16-10001,204,0,0,36.72,204,HABERSHAM,0.18,5/30/2024 8:32,5/30/2024 13:02,Price Code 1,CUSTOMER PICKUP,False,Sharing Floor Rabun,02-SH,30563.0,Mt. Airy,MISC. FOOD BOX SHL,Dry Dry Dry Dry Food Misc.
901,181727,8931,H-150,Habersham County Senior Center,484331,,FP/USDA,SENIOR-Agency,SBB-O,N-16-20003,38,0,0,0.0,836,HABERSHAM,0.0,6/6/2024 13:30,6/6/2024 6:59,Price Code 1,CONTACT FOR DELIVERY,False,Rabun Warehouse,02,30535.0,Demorest,SENIOR STAPLES BOX - ASSORTED USDA,Dry Dry Dry Dry Food Misc.
188,173010,2856,S-102,Sharing and Caring - Cornelia,476640,,FP/GNAP/USDA,FOOD PANTRY-Agency,GNAP,N-40-10206,8,0,0,28.8,160,HABERSHAM,0.18,1/19/2024 9:00,1/19/2024 7:01,Price Code 1,CONTACT FOR DELIVERY,False,Rabun Warehouse,02,30531.0,Cornelia,GNAP CHICKEN NOODLE SOUP,Dry Dry Dry Dry Prepared Meals
329,181607,8714,O-109,Open Door Food Ministry (The Torch Church of God),484211,,FP/GNAP/USDA,FOOD PANTRY-Agency,USDA,N-50-10303,50,0,0,0.0,1200,HABERSHAM,0.0,5/30/2024 14:23,6/1/2024 9:10,Price Code 1,TRACTOR TRAILER 1 MOBILE PANTRY,False,Food Bank of Northeast Georgia,01,30531.0,Cornelia,USDA GREEN SPLIT PEAS,Dry Dry Dry Dry Proteins
188,175954,7082,S-102,Sharing and Caring - Cornelia,478582,,FP/GNAP/USDA,FOOD PANTRY-Agency,USDA,C-50-10033,10,0,0,0.0,120,HABERSHAM,0.0,3/6/2024 9:00,3/6/2024 13:08,Price Code 1,CONTACT FOR DELIVERY,False,Rabun Warehouse,02,30531.0,Cornelia,USDA SHREDDED YELLOW CHEDDAR CHEESE CCC,Cooled Cooled Cooled Cooled Dairy
665,177624,5772,C-173,Clarkesville Church of God,480244,,FP/GNAP/USDA,FAITH-BASED-Agency,LOCAL - LL,C-28-10000,146,0,0,4.38,146,HABERSHAM,0.03,3/20/2024 9:35,3/20/2024 8:43,Price Code 1,CUSTOMER PICKUP,False,Sharing Floor Athens,01-SH,30523.0,Clarkesville,"PRODUCE, FRESH LL",Cooled Cooled Cooled Cooled Mixed Produce
198,177656,890,S-112,Sharing and Caring - Clarkesville,480276,,FP/GNAP/USDA,FOOD PANTRY-Agency,GNAP,N-40-10001,3,0,0,0.0,81,HABERSHAM,0.0,3/26/2024 13:49,3/26/2024 8:12,Price Code 1,CUSTOMER PICKUP,False,Rabun Warehouse,02,30523.0,Clarkesville,GNAP APPLE SAUCE,Dry Dry Dry Dry Fruits
665,181451,9046,C-173,Clarkesville Church of God,484055,,FP/GNAP/USDA,FAITH-BASED-Agency,GNAP,N-40-10280,2,0,0,0.0,20,HABERSHAM,0.0,6/6/2024 8:00,6/6/2024 9:04,Price Code 1,CUSTOMER PICKUP,False,Food Bank of Northeast Georgia,01,30523.0,Clarkesville,GNAP CHEESEBURGER DINNER,Dry Dry Dry Dry Prepared Meals
987,175632,683,M-137,Mount Airy Baptist Church,478260,,OP/USDA,EMERGENCY-Agency,BLUE RECEIPT-SHL,W-16-10001,691,0,0,124.38,691,HABERSHAM,0.18,2/14/2024 13:45,2/14/2024 13:47,Price Code 1,CONTACT FOR DELIVERY,False,Sharing Floor Rabun,02-SH,30563.0,Mount Airy,MISC. FOOD BOX SHL,Dry Dry Dry Dry Food Misc.
665,180813,8783,C-173,Clarkesville Church of God,483419,,FP/GNAP/USDA,FAITH-BASED-Agency,USDA,N-50-10308,1,0,0,4.14,23,HABERSHAM,0.18,5/22/2024 9:00,5/22/2024 9:20,Price Code 1,CUSTOMER PICKUP,False,Food Bank of Northeast Georgia,01,30523.0,Clarkesville,USDA RAISINS,Dry Dry Dry Dry Fruits
809,182210,683,B-123,Breaking Chains Ministries d.b.a Freedom Hill,484814,,ON PREMISES (OP),REHAB-Agency,BLUE RECEIPT-SHL,W-16-10001,27,0,0,4.86,27,HABERSHAM,0.18,6/14/2024 9:19,6/14/2024 10:05,Price Code 1,CUSTOMER PICKUP,False,Sharing Floor Rabun,02-SH,30535.0,Demorest,MISC. FOOD BOX SHL,Dry Dry Dry Dry Food Misc.
198,180541,4411,S-112,Sharing and Caring - Clarkesville,483147,,FP/GNAP/USDA,FOOD PANTRY-Agency,USDA,F-50-90465,3,0,0,11.34,63,HABERSHAM,0.18,5/14/2024 10:00,5/14/2024 7:31,Price Code 1,CUSTOMER PICKUP,False,Rabun Warehouse,02,30523.0,Clarkesville,USDA WILD CAUGHT GULF SHRIMP,Frozen Frozen Frozen Frozen Proteins
869,172636,875,H-152,Homestead Recovery for Women,476267,,ON PREMISES (OP),REHAB-Agency,BLUE RECEIPT-SHL,W-04-10000,7,0,0,0.0,7,HABERSHAM,0.0,1/5/2024 10:35,1/5/2024 15:00,Price Code 1,CUSTOMER PICKUP,False,Sharing Floor Athens,01-SH,30523.0,Clarkesville,"BREAD & BAKERY, ASSORTED SHL",Dry Dry Dry Dry Grains
329,176281,8941,O-109,Open Door Food Ministry (The Torch Church of God),478906,,FP/GNAP/USDA,FOOD PANTRY-Agency,BLUE RECEIPT-SHL,C-28-90532,42,0,0,0.0,2604,HABERSHAM,0.0,3/2/2024 7:00,3/4/2024 6:57,Price Code 1,TRACTOR TRAILER 1 MOBILE PANTRY,False,Food Bank of Northeast Georgia,01,30531.0,Cornelia,"CELERY, 24-36 CT",Cooled Cooled Cooled Cooled Vegetables
268,177224,875,V-100,Victory Home / Helping Hand,479844,,ON PREMISES (OP),REHAB-Agency,BLUE RECEIPT-SHL,W-04-10000,49,0,0,0.0,49,HABERSHAM,0.0,3/13/2024 22:15,3/13/2024 10:21,Price Code 1,CUSTOMER PICKUP,False,Sharing Floor Rabun,02-SH,30573.0,Tallulah Falls,"BREAD & BAKERY, ASSORTED SHL",Dry Dry Dry Dry Grains
623,173046,8720,C-171,Clarkesville Soup Kitchen,476676,,OP/USDA,SOUP KITCHEN-Agency,USDA,N-50-10305,4,0,0,10.08,56,HABERSHAM,0.18,1/22/2024 13:15,1/22/2024 13:33,Price Code 1,CUSTOMER PICKUP,False,Rabun Warehouse,02,30523.0,Clarkesville,USDA MIXED VegetablesCCC,Dry Dry Dry Dry Vegetables
665,172317,8600,C-173,Clarkesville Church of God,475948,,FP/GNAP/USDA,FAITH-BASED-Agency,BLUE RECEIPT-SHL,N-03-11249,3,0,0,0.0,90,HABERSHAM,0.0,1/10/2024 9:35,1/26/2024 8:59,Price Code 1,CUSTOMER PICKUP,False,Food Bank of Northeast Georgia,01,30523.0,Clarkesville,DIET PEPSI,Dry Dry Dry Dry Beverages
556,172598,5407,P-123,"Pilgrim Ministries, Inc.",476229,,ON PREMISES (OP),REHAB-Agency,BLUE RECEIPT-SHL,F-15-10000,49,0,0,8.82,49,HABERSHAM,0.18,1/5/2024 14:14,1/5/2024 9:22,Price Code 1,CUSTOMER PICKUP,False,Sharing Floor Rabun,02-SH,30523.0,Clarkesville,"MEAT & SEAFOOD, FROZEN SHL",Frozen Frozen Frozen Frozen Proteins
329,175298,1354,O-109,Open Door Food Ministry (The Torch Church of God),477927,,FP/GNAP/USDA,FOOD PANTRY-Agency,GNAP,N-40-10096,70,0,0,0.0,1330,HABERSHAM,0.0,2/12/2024 14:23,2/12/2024 8:10,Price Code 1,CONTACT FOR DELIVERY,False,Rabun Warehouse,02,30531.0,Cornelia,GNAP VEGETABLE SOUP,Dry Dry Dry Dry Prepared Meals
665,181905,4715,C-173,Clarkesville Church of God,484509,,FP/GNAP/USDA,FAITH-BASED-Agency,USDA,F-50-90461,1,0,0,4.0,40,HABERSHAM,0.1,6/20/2024 8:30,6/25/2024 15:47,Price Code 1,CUSTOMER PICKUP,False,Food Bank of Northeast Georgia,01,30523.0,Clarkesville,USDA ALASKAN POLLACK FISH FILLETS,Frozen Frozen Frozen Frozen Proteins
268,175277,875,V-100,Victory Home / Helping Hand,477906,,ON PREMISES (OP),REHAB-Agency,BLUE RECEIPT-SHL,W-04-10000,39,0,0,0.0,39,HABERSHAM,0.0,2/7/2024 13:55,2/7/2024 10:40,Price Code 1,CUSTOMER PICKUP,False,Sharing Floor Rabun,02-SH,30573.0,Tallulah Falls,"BREAD & BAKERY, ASSORTED SHL",Dry Dry Dry Dry Grains
329,178306,170,O-109,Open Door Food Ministry (The Torch Church of God),480922,,FP/GNAP/USDA,FOOD PANTRY-Agency,USDA,N-50-10007,25,0,0,0.0,700,HABERSHAM,0.0,4/6/2024 7:30,4/16/2024 9:05,Price Code 1,TRACTOR TRAILER 1 MOBILE PANTRY,False,Food Bank of Northeast Georgia,01,30531.0,Cornelia,"USDA CORN, WHOLE KERNEL NO SALT",Dry Dry Dry Dry Vegetables
665,178129,8620,C-173,Clarkesville Church of God,480748,,FP/GNAP/USDA,FAITH-BASED-Agency,GNAP,N-40-10260,1,0,0,0.0,18,HABERSHAM,0.0,4/10/2024 9:35,4/10/2024 9:20,Price Code 1,CUSTOMER PICKUP,False,Food Bank of Northeast Georgia,01,30523.0,Clarkesville,GNAP CREAM OF CHICKEN SOUP,Dry Dry Dry Dry Prepared Meals
329,181124,5407,O-109,Open Door Food Ministry (The Torch Church of God),483729,,FP/GNAP/USDA,FOOD PANTRY-Agency,BLUE RECEIPT-SHL,F-15-10000,2220,0,0,222.0,2220,HABERSHAM,0.1,5/21/2024 14:23,5/22/2024 7:11,Price Code 1,CONTACT FOR DELIVERY,False,Food Bank of Northeast Georgia,01,30531.0,Cornelia,"MEAT & SEAFOOD, FROZEN SHL",Frozen Frozen Frozen Frozen Proteins
632,177317,5938,H-141,Hazel Creek Baptist Church,479937,,FP/USDA,FOOD PANTRY-Agency,BLUE RECEIPT-SHL,C-28-10001,57,0,0,1.71,57,HABERSHAM,0.03,3/14/2024 8:32,3/14/2024 13:02,Price Code 1,CUSTOMER PICKUP,False,Sharing Floor Rabun,02-SH,30563.0,Mt. Airy,"PRODUCE, FRESH SHL",Cooled Cooled Cooled Cooled Mixed Produce
665,175562,3122,C-173,Clarkesville Church of God,478190,,FP/GNAP/USDA,FAITH-BASED-Agency,GNAP,N-40-10174,2,0,0,0.0,28,HABERSHAM,0.0,2/21/2024 9:35,2/21/2024 8:54,Price Code 1,CUSTOMER PICKUP,False,Food Bank of Northeast Georgia,01,30523.0,Clarkesville,"GNAP BLACKEYE PEAS, LOW SODIUM",Dry Dry Dry Dry Proteins
987,175283,5388,M-137,Mount Airy Baptist Church,477912,,OP/USDA,EMERGENCY-Agency,BLUE RECEIPT-SHL,F-16-10001,35,0,0,6.3,35,HABERSHAM,0.18,2/7/2024 11:13,2/7/2024 11:15,Price Code 1,CONTACT FOR DELIVERY,False,Sharing Floor Rabun,02-SH,30563.0,Mount Airy,"ASSORTED FROZEN FOODS, SHL",Frozen Frozen Frozen Frozen Food Misc.
1024,177607,1791,L-119,Life Church Baldwin,480227,,FP/USDA,MOBILE PANTRY-Agency,USDA,N-50-10079,5,0,0,23.4,130,HABERSHAM,0.18,4/11/2024 19:36,4/12/2024 15:36,Price Code 1,CONTACT FOR DELIVERY,False,Rabun Warehouse,02,30511.0,Baldwin,USDA WALNUT HALVES AND PIECES,Dry Dry Dry Dry Proteins
188,180874,4411,S-102,Sharing and Caring - Cornelia,483480,,FP/GNAP/USDA,FOOD PANTRY-Agency,USDA,F-50-90465,8,0,0,30.24,168,HABERSHAM,0.18,5/30/2024 11:00,5/30/2024 7:14,Price Code 1,CONTACT FOR DELIVERY,False,Rabun Warehouse,02,30531.0,Cornelia,USDA WILD CAUGHT GULF SHRIMP,Frozen Frozen Frozen Frozen Proteins
198,181329,1674,S-112,Sharing and Caring - Clarkesville,483933,,FP/GNAP/USDA,FOOD PANTRY-Agency,USDA,N-50-10073,2,0,0,9.72,54,HABERSHAM,0.18,5/29/2024 9:00,5/29/2024 7:05,Price Code 1,CUSTOMER PICKUP,False,Rabun Warehouse,02,30523.0,Clarkesville,USDA TOMATO SAUCE,Dry Dry Dry Dry Vegetables
268,182485,1045,V-100,Victory Home / Helping Hand,485089,,ON PREMISES (OP),REHAB-Agency,BLUE RECEIPT-SHL,W-25-10009,7,0,0,1.26,7,HABERSHAM,0.18,6/21/2024 13:55,6/21/2024 14:46,Price Code 1,CUSTOMER PICKUP,False,Sharing Floor Rabun,02-SH,30573.0,Tallulah Falls,"ASSORTED SNACK ITEMS, SHL",Dry Dry Dry Dry Food Misc.
987,181075,7083,M-137,Mount Airy Baptist Church,483680,,OP/USDA,EMERGENCY-Agency,USDA,C-50-10029,2,0,0,4.32,24,HABERSHAM,0.18,5/23/2024 0:00,5/23/2024 10:30,Price Code 1,CONTACT FOR DELIVERY,False,Rabun Warehouse,02,30563.0,Mount Airy,"USDA MILD CHEDDAR CHEESE, BLOCK CCC",Cooled Cooled Cooled Cooled Dairy
198,179846,5388,S-112,Sharing and Caring - Clarkesville,482457,,FP/GNAP/USDA,FOOD PANTRY-Agency,BLUE RECEIPT-SHL,F-16-10001,57,0,0,10.26,57,HABERSHAM,0.18,4/30/2024 13:49,4/30/2024 8:36,Price Code 1,CUSTOMER PICKUP,False,Sharing Floor Rabun,02-SH,30523.0,Clarkesville,"ASSORTED FROZEN FOODS, SHL",Frozen Frozen Frozen Frozen Food Misc.
987,175214,2960,M-137,Mount Airy Baptist Church,477843,,OP/USDA,EMERGENCY-Agency,USDA,N-50-10247,2,0,0,12.96,72,HABERSHAM,0.18,2/7/2024 11:55,2/7/2024 11:13,Price Code 1,CONTACT FOR DELIVERY,False,Rabun Warehouse,02,30563.0,Mount Airy,USDA BEEF STEW POUCHES CCC,Dry Dry Dry Dry Prepared Meals
665,175966,8945,C-173,Clarkesville Church of God,478594,,FP/GNAP/USDA,FAITH-BASED-Agency,BLUE RECEIPT-SHL,N-03-11809,2,0,0,0.0,36,HABERSHAM,0.0,3/6/2024 9:35,3/11/2024 9:35,Price Code 1,CUSTOMER PICKUP,False,Food Bank of Northeast Georgia,01,30523.0,Clarkesville,PROPEL KIWI STRAWBERRY,Dry Dry Dry Dry Beverages
1024,181633,4715,L-119,Life Church Baldwin,484237,,FP/USDA,MOBILE PANTRY-Agency,USDA,F-50-90461,10,0,0,40.0,400,HABERSHAM,0.1,6/4/2024 10:00,6/7/2024 7:07,Price Code 1,CUSTOMER PICKUP,False,Rabun Warehouse,02,30511.0,Baldwin,USDA ALASKAN POLLACK FISH FILLETS,Frozen Frozen Frozen Frozen Proteins
665,181451,9047,C-173,Clarkesville Church of God,484055,,FP/GNAP/USDA,FAITH-BASED-Agency,GNAP,N-40-10281,2,0,0,0.0,20,HABERSHAM,0.0,6/6/2024 8:00,6/6/2024 9:04,Price Code 1,CUSTOMER PICKUP,False,Food Bank of Northeast Georgia,01,30523.0,Clarkesville,GNAP LASAGNA DINNER ,Dry Dry Dry Dry Prepared Meals
869,172636,50,H-152,Homestead Recovery for Women,476267,,ON PREMISES (OP),REHAB-Agency,LOCAL - LL,W-16-10002,46,0,0,8.28,46,HABERSHAM,0.18,1/5/2024 10:35,1/5/2024 15:00,Price Code 1,CUSTOMER PICKUP,False,Sharing Floor Athens,01-SH,30523.0,Clarkesville,MISC. FOOD BOX LL,Dry Dry Dry Dry Food Misc.
1024,172708,170,L-119,Life Church Baldwin,476339,,FP/USDA,MOBILE PANTRY-Agency,USDA,N-50-10007,8,0,0,40.32,224,HABERSHAM,0.18,1/11/2024 10:01,1/12/2024 14:52,Price Code 1,CONTACT FOR DELIVERY,False,Rabun Warehouse,02,30511.0,Baldwin,"USDA CORN, WHOLE KERNEL NO SALT",Dry Dry Dry Dry Vegetables
188,180443,5938,S-102,Sharing and Caring - Cornelia,483049,,FP/GNAP/USDA,FOOD PANTRY-Agency,BLUE RECEIPT-SHL,C-28-10001,137,0,0,4.11,137,HABERSHAM,0.03,5/8/2024 13:47,5/8/2024 14:47,Price Code 1,CUSTOMER PICKUP,False,Sharing Floor Athens,01-SH,30531.0,Cornelia,"PRODUCE, FRESH SHL",Cooled Cooled Cooled Cooled Mixed Produce
1024,173890,4852,L-119,Life Church Baldwin,477519,,FP/USDA,MOBILE PANTRY-Agency,USDA,F-50-90035,9,0,0,0.0,288,HABERSHAM,0.0,2/9/2024 8:39,2/9/2024 15:24,Price Code 1,CONTACT FOR DELIVERY,False,Rabun Warehouse,02,30511.0,Baldwin,USDA FROZEN CHERRIES CCC,Frozen Frozen Frozen Frozen Fruits
623,178829,2202,C-171,Clarkesville Soup Kitchen,481443,,OP/USDA,SOUP KITCHEN-Agency,USDA,N-50-10240,1,0,0,3.96,22,HABERSHAM,0.18,4/22/2024 10:30,4/22/2024 10:29,Price Code 1,CUSTOMER PICKUP,False,Rabun Warehouse,02,30523.0,Clarkesville,USDA SPAGHETTI,Dry Dry Dry Dry Grains
268,179957,1045,V-100,Victory Home / Helping Hand,482566,,ON PREMISES (OP),REHAB-Agency,BLUE RECEIPT-SHL,W-25-10009,67,0,0,12.06,67,HABERSHAM,0.18,5/1/2024 13:55,5/1/2024 10:57,Price Code 1,CUSTOMER PICKUP,False,Sharing Floor Rabun,02-SH,30573.0,Tallulah Falls,"ASSORTED SNACK ITEMS, SHL",Dry Dry Dry Dry Food Misc.
665,178129,4761,C-173,Clarkesville Church of God,480748,,FP/GNAP/USDA,FAITH-BASED-Agency,USDA,F-50-90454,3,0,0,0.0,93,HABERSHAM,0.0,4/10/2024 9:35,4/10/2024 9:20,Price Code 1,CUSTOMER PICKUP,False,Food Bank of Northeast Georgia,01,30523.0,Clarkesville,USDA FROZEN STRAWBERRIES CCC,Frozen Frozen Frozen Frozen Fruits
665,172317,8873,C-173,Clarkesville Church of God,475948,,FP/GNAP/USDA,FAITH-BASED-Agency,YELLOW RECEIPT - SHN,F-10-10001,2,0,0,0.18,6,HABERSHAM,0.03,1/10/2024 9:35,1/26/2024 8:59,Price Code 1,CUSTOMER PICKUP,False,Food Bank of Northeast Georgia,01,30523.0,Clarkesville,OUTSHINE STRAWBERRY BANANA SMOOTHIE CUBES,Frozen Frozen Frozen Frozen Beverages
665,181905,8874,C-173,Clarkesville Church of God,484509,,FP/GNAP/USDA,FAITH-BASED-Agency,YELLOW RECEIPT - SHN,F-10-10002,8,0,0,0.72,24,HABERSHAM,0.03,6/20/2024 8:30,6/25/2024 15:47,Price Code 1,CUSTOMER PICKUP,False,Food Bank of Northeast Georgia,01,30523.0,Clarkesville,OUTSHINE TROPICAL SMOOTHIE CUBES,Frozen Frozen Frozen Frozen Beverages
750,179974,50,C-176,Cornelia United Methodist Church,482583,,FP/OP,FOOD PANTRY-Agency,LOCAL - LL,W-16-10002,104,0,0,18.72,104,HABERSHAM,0.18,5/6/2024 12:32,5/6/2024 10:07,Price Code 1,CUSTOMER PICKUP,False,Sharing Floor Rabun,02-SH,30531.0,Cornelia,MISC. FOOD BOX LL,Dry Dry Dry Dry Food Misc.
268,177224,1045,V-100,Victory Home / Helping Hand,479844,,ON PREMISES (OP),REHAB-Agency,BLUE RECEIPT-SHL,W-25-10009,16,0,0,2.88,16,HABERSHAM,0.18,3/13/2024 22:15,3/13/2024 10:21,Price Code 1,CUSTOMER PICKUP,False,Sharing Floor Rabun,02-SH,30573.0,Tallulah Falls,"ASSORTED SNACK ITEMS, SHL",Dry Dry Dry Dry Food Misc.
329,175298,2573,O-109,Open Door Food Ministry (The Torch Church of God),477927,,FP/GNAP/USDA,FOOD PANTRY-Agency,GNAP,N-40-10204,30,0,0,57.0,570,HABERSHAM,0.1,2/12/2024 14:23,2/12/2024 8:10,Price Code 1,CONTACT FOR DELIVERY,False,Rabun Warehouse,02,30531.0,Cornelia,GNAP CHICKEN & RICE SOUP,Dry Dry Dry Dry Prepared Meals
665,181905,5637,C-173,Clarkesville Church of God,484509,,FP/GNAP/USDA,FAITH-BASED-Agency,USDA,F-50-90019,2,0,0,0.0,60,HABERSHAM,0.0,6/20/2024 8:30,6/25/2024 15:47,Price Code 1,CUSTOMER PICKUP,False,Food Bank of Northeast Georgia,01,30523.0,Clarkesville,USDA FROZEN BLUEBERRIES CCC,Frozen Frozen Frozen Frozen Fruits
750,179114,690,C-176,Cornelia United Methodist Church,481727,,FP/OP,FOOD PANTRY-Agency,BLUE RECEIPT-SHL,W-03-10013,77,0,0,2.31,77,HABERSHAM,0.03,4/17/2024 12:32,4/17/2024 13:57,Price Code 1,CUSTOMER PICKUP,False,Sharing Floor Rabun,02-SH,30531.0,Cornelia,"ASSORTED BEVERAGES, SHL",Dry Dry Dry Dry Beverages
198,180763,5388,S-112,Sharing and Caring - Clarkesville,483369,,FP/GNAP/USDA,FOOD PANTRY-Agency,BLUE RECEIPT-SHL,F-16-10001,46,0,0,8.28,46,HABERSHAM,0.18,5/14/2024 13:49,5/14/2024 8:24,Price Code 1,CUSTOMER PICKUP,False,Sharing Floor Rabun,02-SH,30523.0,Clarkesville,"ASSORTED FROZEN FOODS, SHL",Frozen Frozen Frozen Frozen Food Misc.
329,178306,5637,O-109,Open Door Food Ministry (The Torch Church of God),480922,,FP/GNAP/USDA,FOOD PANTRY-Agency,USDA,F-50-90019,64,0,0,0.0,1920,HABERSHAM,0.0,4/6/2024 7:30,4/16/2024 9:05,Price Code 1,TRACTOR TRAILER 1 MOBILE PANTRY,False,Food Bank of Northeast Georgia,01,30531.0,Cornelia,USDA FROZEN BLUEBERRIES CCC,Frozen Frozen Frozen Frozen Fruits
938,173847,5388,F-142,First Presbyterian Church of Cornelia,477476,,FP/GNAP/USDA,MOBILE PANTRY-Agency,BLUE RECEIPT-SHL,F-16-10001,1920,0,0,0.0,1920,HABERSHAM,0.0,1/30/2024 13:41,2/5/2024 9:32,Price Code 1,CUSTOMER PICKUP,False,Sharing Floor Rabun,02-SH,30531.0,Cornelia,"ASSORTED FROZEN FOODS, SHL",Frozen Frozen Frozen Frozen Food Misc.
809,182159,8975,B-123,Breaking Chains Ministries d.b.a Freedom Hill,FAIMPORT484763,,ON PREMISES (OP),REHAB-Agency,BLUE RECEIPT-SHL,MCC-07-10001,4,0,0,0.0,4,HABERSHAM,0.0,6/10/2024 0:00,6/10/2024 0:00,Price Code 1,CUSTOMER PICKUP,False,Food Bank of Northeast Georgia,01,30535.0,Demorest,"DAIRY PRODUCTS, SHL RETAIL PICKUPS",Dry Dry Dry Dry Dairy
198,177524,5388,S-112,Sharing and Caring - Clarkesville,480144,,FP/GNAP/USDA,FOOD PANTRY-Agency,BLUE RECEIPT-SHL,F-16-10001,124,0,0,22.32,124,HABERSHAM,0.18,3/19/2024 13:49,3/19/2024 8:32,Price Code 1,CUSTOMER PICKUP,False,Sharing Floor Rabun,02-SH,30523.0,Clarkesville,"ASSORTED FROZEN FOODS, SHL",Frozen Frozen Frozen Frozen Food Misc.
1024,181633,3943,L-119,Life Church Baldwin,484237,,FP/USDA,MOBILE PANTRY-Agency,USDA,N-50-10268,13,0,0,14.82,494,HABERSHAM,0.03,6/4/2024 10:00,6/7/2024 7:07,Price Code 1,CUSTOMER PICKUP,False,Rabun Warehouse,02,30511.0,Baldwin,USDA APPLE JUICE,Dry Dry Dry Dry Beverages
55,179848,5388,C-116,Circle of Hope,482459,,ON PREMISES (OP),SHELTER-Agency,BLUE RECEIPT-SHL,F-16-10001,23,0,0,4.14,23,HABERSHAM,0.18,4/30/2024 12:27,4/30/2024 8:39,Price Code 1,CUSTOMER PICKUP,False,Sharing Floor Rabun,02-SH,30531.0,Cornelia,"ASSORTED FROZEN FOODS, SHL",Frozen Frozen Frozen Frozen Food Misc.
809,182373,8970,B-123,Breaking Chains Ministries d.b.a Freedom Hill,FAIMPORT484977,,ON PREMISES (OP),REHAB-Agency,BLUE RECEIPT-SHL,MCW-16-10001,22,0,0,0.0,22,HABERSHAM,0.0,6/17/2024 0:00,6/17/2024 0:00,Price Code 1,CUSTOMER PICKUP,False,Food Bank of Northeast Georgia,01,30535.0,Demorest,"MISC. FOOD BOX, SHL RETAIL PICKUP",Dry Dry Dry Dry Food Misc.
329,179922,6804,O-109,Open Door Food Ministry (The Torch Church of God),482533,,FP/GNAP/USDA,FOOD PANTRY-Agency,BLUE RECEIPT-SHL,C-28-90336,2200,0,0,0.0,2200,HABERSHAM,0.0,5/4/2024 7:00,5/4/2024 6:01,Price Code 1,TRACTOR TRAILER 1 MOBILE PANTRY,False,Food Bank of Northeast Georgia,01,30531.0,Cornelia,WATERMELONS SHL,Cooled Cooled Cooled Cooled Fruits
987,181075,8690,M-137,Mount Airy Baptist Church,483680,,OP/USDA,EMERGENCY-Agency,USDA,N-50-10302,4,0,0,10.08,56,HABERSHAM,0.18,5/23/2024 0:00,5/23/2024 10:30,Price Code 1,CONTACT FOR DELIVERY,False,Rabun Warehouse,02,30563.0,Mount Airy,USDA GREEN BEANS CCC,Dry Dry Dry Dry Vegetables
902,179511,8986,T-123,"The Lord's Help, Inc.",FAIMPORT482124,,ON PREMISES (OP),SOUP KITCHEN-Agency,BLUE RECEIPT-SHL,MCW-01-10001,14,0,0,0.0,14,HABERSHAM,0.0,4/23/2024 0:00,4/23/2024 0:00,Price Code 1,CUSTOMER PICKUP,False,Food Bank of Northeast Georgia,01,30531.0,Cornelia,"NON-FOOD ITEMS, SHL RETAIL PICKUPS",Dry Dry Dry Dry Non-Food Misc.
649,180418,9045,G-132,Glade Creek Baptist Church,483024,,FP/GNAP/USDA,FAITH-BASED-Agency,GNAP,N-40-10279,2,0,0,0.0,16,HABERSHAM,0.0,5/14/2024 8:30,5/14/2024 7:27,Price Code 1,CONTACT FOR DELIVERY,False,Rabun Warehouse,02,30563.0,Mt Airy,"GNAP PASTA SIDE, CHEDDAR BROCCOLI",Dry Dry Dry Dry Prepared Meals
1024,176477,4852,L-119,Life Church Baldwin,479101,,FP/USDA,MOBILE PANTRY-Agency,USDA,F-50-90035,9,0,0,0.0,288,HABERSHAM,0.0,3/8/2024 0:00,3/11/2024 7:54,Price Code 1,CONTACT FOR DELIVERY,False,Rabun Warehouse,02,30511.0,Baldwin,USDA FROZEN CHERRIES CCC,Frozen Frozen Frozen Frozen Fruits
902,172939,683,T-123,"The Lord's Help, Inc.",476570,,ON PREMISES (OP),SOUP KITCHEN-Agency,BLUE RECEIPT-SHL,W-16-10001,58,0,0,0.0,58,HABERSHAM,0.0,1/11/2024 15:19,1/11/2024 11:43,Price Code 1,CUSTOMER PICKUP,False,Sharing Floor Athens,01-SH,30531.0,Cornelia,MISC. FOOD BOX SHL,Dry Dry Dry Dry Food Misc.
198,176470,84,S-112,Sharing and Caring - Clarkesville,479094,,FP/GNAP/USDA,FOOD PANTRY-Agency,USDA,N-50-10006,2,0,0,9.72,54,HABERSHAM,0.18,3/5/2024 13:49,3/5/2024 7:08,Price Code 1,CUSTOMER PICKUP,False,Rabun Warehouse,02,30523.0,Clarkesville,USDA GREEN BEANS,Dry Dry Dry Dry Vegetables
188,175583,50,S-102,Sharing and Caring - Cornelia,478211,,FP/GNAP/USDA,FOOD PANTRY-Agency,LOCAL - LL,W-16-10002,157,0,0,28.26,157,HABERSHAM,0.18,2/13/2024 13:47,2/13/2024 14:11,Price Code 1,CUSTOMER PICKUP,False,Sharing Floor Athens,01-SH,30531.0,Cornelia,MISC. FOOD BOX LL,Dry Dry Dry Dry Food Misc.
1024,173890,8714,L-119,Life Church Baldwin,477519,,FP/USDA,MOBILE PANTRY-Agency,USDA,N-50-10303,9,0,0,38.88,216,HABERSHAM,0.18,2/9/2024 8:39,2/9/2024 15:24,Price Code 1,CONTACT FOR DELIVERY,False,Rabun Warehouse,02,30511.0,Baldwin,USDA GREEN SPLIT PEAS,Dry Dry Dry Dry Proteins
560,178549,170,B-133,Ballew House Outreach,481165,,FP/OP/GNAP/USDA,FOOD PANTRY-Agency,USDA,N-50-10007,1,0,0,5.04,28,HABERSHAM,0.18,4/11/2024 13:49,4/11/2024 11:00,Price Code 1,CUSTOMER PICKUP,False,Rabun Warehouse,02,30510.0,Alto,"USDA CORN, WHOLE KERNEL NO SALT",Dry Dry Dry Dry Vegetables
198,177113,1045,S-112,Sharing and Caring - Clarkesville,479734,,FP/GNAP/USDA,FOOD PANTRY-Agency,BLUE RECEIPT-SHL,W-25-10009,25,0,0,4.5,25,HABERSHAM,0.18,3/12/2024 13:49,3/12/2024 8:27,Price Code 1,CUSTOMER PICKUP,False,Sharing Floor Rabun,02-SH,30523.0,Clarkesville,"ASSORTED SNACK ITEMS, SHL",Dry Dry Dry Dry Food Misc.
665,181451,9059,C-173,Clarkesville Church of God,484055,,FP/GNAP/USDA,FAITH-BASED-Agency,LOCAL - LL,F-16-90438,8,0,0,5.76,32,HABERSHAM,0.18,6/6/2024 8:00,6/6/2024 9:04,Price Code 1,CUSTOMER PICKUP,False,Food Bank of Northeast Georgia,01,30523.0,Clarkesville,OSCAR MAYER MAPLE SAUSAGE ROLLERS,Frozen Frozen Frozen Frozen Proteins
198,173821,688,S-112,Sharing and Caring - Clarkesville,477450,,FP/GNAP/USDA,FOOD PANTRY-Agency,BLUE RECEIPT-SHL,W-01-10000,58,0,0,0.0,58,HABERSHAM,0.0,1/30/2024 13:49,1/30/2024 9:09,Price Code 1,CUSTOMER PICKUP,False,Sharing Floor Rabun,02-SH,30523.0,Clarkesville,"ASSORTED NON-FOOD ITEMS, SHL",Dry Dry Dry Dry Non-Food Misc.
623,178829,8682,C-171,Clarkesville Soup Kitchen,481443,,OP/USDA,SOUP KITCHEN-Agency,BLUE RECEIPT-SHL,N-03-11727,4,0,0,0.0,112,HABERSHAM,0.0,4/22/2024 10:30,4/22/2024 10:29,Price Code 1,CUSTOMER PICKUP,False,Rabun Warehouse,02,30523.0,Clarkesville,LIPTON DIET GREEN TEA CITRUS,Dry Dry Dry Dry Beverages
665,182413,5938,C-173,Clarkesville Church of God,485017,,FP/GNAP/USDA,FAITH-BASED-Agency,BLUE RECEIPT-SHL,C-28-10001,103,0,0,3.09,103,HABERSHAM,0.03,6/20/2024 9:35,6/20/2024 8:27,Price Code 1,CUSTOMER PICKUP,False,Sharing Floor Athens,01-SH,30523.0,Clarkesville,"PRODUCE, FRESH SHL",Cooled Cooled Cooled Cooled Mixed Produce
665,180195,9035,C-173,Clarkesville Church of God,482801,,FP/GNAP/USDA,FAITH-BASED-Agency,GNAP,N-40-10272,6,0,0,0.0,84,HABERSHAM,0.0,5/8/2024 10:20,5/8/2024 9:02,Price Code 1,CUSTOMER PICKUP,False,Food Bank of Northeast Georgia,01,30523.0,Clarkesville,GNAP MACARONI O'S W/ BEEF - EZ OPEN,Dry Dry Dry Dry Prepared Meals
632,177076,3139,H-141,Hazel Creek Baptist Church,479698,,FP/USDA,FOOD PANTRY-Agency,USDA,N-50-10290,4,0,0,18.0,100,HABERSHAM,0.18,3/14/2024 8:32,3/14/2024 12:54,Price Code 1,CUSTOMER PICKUP,False,Rabun Warehouse,02,30563.0,Mt. Airy,USDA WHOLE ALMONDS DRY ROASTED,Dry Dry Dry Dry Proteins
560,181354,5388,B-133,Ballew House Outreach,483958,,FP/OP/GNAP/USDA,FOOD PANTRY-Agency,BLUE RECEIPT-SHL,F-16-10001,32,0,0,5.76,32,HABERSHAM,0.18,5/24/2024 13:49,5/24/2024 11:13,Price Code 1,CUSTOMER PICKUP,False,Sharing Floor Rabun,02-SH,30510.0,Alto,"ASSORTED FROZEN FOODS, SHL",Frozen Frozen Frozen Frozen Food Misc.
665,172317,346,C-173,Clarkesville Church of God,475948,,FP/GNAP/USDA,FAITH-BASED-Agency,YELLOW RECEIPT - SHN,N-25-10350,2,0,0,4.68,26,HABERSHAM,0.18,1/10/2024 9:35,1/26/2024 8:59,Price Code 1,CUSTOMER PICKUP,False,Food Bank of Northeast Georgia,01,30523.0,Clarkesville,"SALTINE CRACKERS, ZESTA ORIGINAL",Dry Dry Dry Dry Grains
268,181921,690,V-100,Victory Home / Helping Hand,484525,,ON PREMISES (OP),REHAB-Agency,BLUE RECEIPT-SHL,W-03-10013,104,0,0,3.12,104,HABERSHAM,0.03,6/5/2024 13:55,6/5/2024 10:42,Price Code 1,CUSTOMER PICKUP,False,Sharing Floor Rabun,02-SH,30573.0,Tallulah Falls,"ASSORTED BEVERAGES, SHL",Dry Dry Dry Dry Beverages
987,178529,8995,M-137,Mount Airy Baptist Church,481145,,OP/USDA,EMERGENCY-Agency,BLUE RECEIPT-SHL,N-21-10067,4,0,0,3.6,20,HABERSHAM,0.18,4/9/2024 10:54,4/9/2024 10:46,Price Code 1,CONTACT FOR DELIVERY,False,Rabun Warehouse,02,30563.0,Mount Airy,"RAMEN, MARUCHAN SHRIMP",Dry Dry Dry Dry Prepared Meals
188,173898,7082,S-102,Sharing and Caring - Cornelia,477527,,FP/GNAP/USDA,FOOD PANTRY-Agency,USDA,C-50-10033,20,0,0,0.0,240,HABERSHAM,0.0,2/7/2024 8:30,2/7/2024 9:22,Price Code 1,CONTACT FOR DELIVERY,False,Rabun Warehouse,02,30531.0,Cornelia,USDA SHREDDED YELLOW CHEDDAR CHEESE CCC,Cooled Cooled Cooled Cooled Dairy
665,180813,9059,C-173,Clarkesville Church of God,483419,,FP/GNAP/USDA,FAITH-BASED-Agency,LOCAL - LL,F-16-90438,4,0,0,2.88,16,HABERSHAM,0.18,5/22/2024 9:00,5/22/2024 9:20,Price Code 1,CUSTOMER PICKUP,False,Food Bank of Northeast Georgia,01,30523.0,Clarkesville,OSCAR MAYER MAPLE SAUSAGE ROLLERS,Frozen Frozen Frozen Frozen Proteins
198,180855,8997,S-112,Sharing and Caring - Clarkesville,483461,,FP/GNAP/USDA,FOOD PANTRY-Agency,USDA,N-50-10312,5,0,0,10.8,60,HABERSHAM,0.18,5/21/2024 8:30,5/21/2024 8:50,Price Code 1,CUSTOMER PICKUP,False,Rabun Warehouse,02,30523.0,Clarkesville,USDA CHILI W/ BEANS CCC,Dry Dry Dry Dry Prepared Meals
987,175214,8783,M-137,Mount Airy Baptist Church,477843,,OP/USDA,EMERGENCY-Agency,USDA,N-50-10308,2,0,0,8.28,46,HABERSHAM,0.18,2/7/2024 11:55,2/7/2024 11:13,Price Code 1,CONTACT FOR DELIVERY,False,Rabun Warehouse,02,30563.0,Mount Airy,USDA RAISINS,Dry Dry Dry Dry Fruits
665,178129,7083,C-173,Clarkesville Church of God,480748,,FP/GNAP/USDA,FAITH-BASED-Agency,USDA,C-50-10029,4,0,0,8.64,48,HABERSHAM,0.18,4/10/2024 9:35,4/10/2024 9:20,Price Code 1,CUSTOMER PICKUP,False,Food Bank of Northeast Georgia,01,30523.0,Clarkesville,"USDA MILD CHEDDAR CHEESE, BLOCK CCC",Cooled Cooled Cooled Cooled Dairy
556,180458,8975,P-123,"Pilgrim Ministries, Inc.",FAIMPORT483064,,ON PREMISES (OP),REHAB-Agency,BLUE RECEIPT-SHL,MCC-07-10001,40,0,0,0.0,40,HABERSHAM,0.0,5/3/2024 0:00,5/3/2024 0:00,Price Code 1,CUSTOMER PICKUP,False,Food Bank of Northeast Georgia,01,30523.0,Clarkesville,"DAIRY PRODUCTS, SHL RETAIL PICKUPS",Dry Dry Dry Dry Dairy
1024,176477,842,L-119,Life Church Baldwin,479101,,FP/USDA,MOBILE PANTRY-Agency,USDA,N-50-10021,7,0,0,34.02,189,HABERSHAM,0.18,3/8/2024 0:00,3/11/2024 7:54,Price Code 1,CONTACT FOR DELIVERY,False,Rabun Warehouse,02,30511.0,Baldwin,USDA DICED TOMATOES NO SALT CCC,Dry Dry Dry Dry Vegetables
649,180418,9051,G-132,Glade Creek Baptist Church,483024,,FP/GNAP/USDA,FAITH-BASED-Agency,GNAP,N-40-10282,4,0,0,0.0,64,HABERSHAM,0.0,5/14/2024 8:30,5/14/2024 7:27,Price Code 1,CONTACT FOR DELIVERY,False,Rabun Warehouse,02,30563.0,Mt Airy,GNAP WHITE GRITS,Dry Dry Dry Dry Grains
809,182158,8971,B-123,Breaking Chains Ministries d.b.a Freedom Hill,FAIMPORT484762,,ON PREMISES (OP),REHAB-Agency,BLUE RECEIPT-SHL,MCF-16-10001,11,0,0,0.0,11,HABERSHAM,0.0,6/7/2024 0:00,6/7/2024 0:00,Price Code 1,CUSTOMER PICKUP,False,Food Bank of Northeast Georgia,01,30535.0,Demorest,"FROZEN FOODS, MISC SHL RETAIL PICKUP",Dry Dry Dry Dry Food Misc.
329,175851,6477,O-109,Open Door Food Ministry (The Torch Church of God),478479,,FP/GNAP/USDA,FOOD PANTRY-Agency,LOCAL - LL,C-28-90151,750,0,0,0.0,750,HABERSHAM,0.0,2/20/2024 14:23,2/20/2024 11:45,Price Code 1,TRUCK 1,False,Food Bank of Northeast Georgia,01,30531.0,Cornelia,GNAP WATERMELONS,Cooled Cooled Cooled Cooled Fruits
665,180400,5958,C-173,Clarkesville Church of God,483006,,FP/GNAP/USDA,FAITH-BASED-Agency,BLUE RECEIPT-SHL,C-16-10001,24,0,0,4.32,24,HABERSHAM,0.18,5/8/2024 9:35,5/8/2024 8:38,Price Code 1,CUSTOMER PICKUP,False,Sharing Floor Athens,01-SH,30523.0,Clarkesville,"COOLER FOOD, MISC. SHL",Cooled Cooled Cooled Cooled Food Misc.
665,175933,683,C-173,Clarkesville Church of God,478561,,FP/GNAP/USDA,FAITH-BASED-Agency,BLUE RECEIPT-SHL,W-16-10001,126,0,0,22.68,126,HABERSHAM,0.18,2/21/2024 9:35,2/21/2024 8:34,Price Code 1,CUSTOMER PICKUP,False,Sharing Floor Athens,01-SH,30523.0,Clarkesville,MISC. FOOD BOX SHL,Dry Dry Dry Dry Food Misc.
560,178808,5388,B-133,Ballew House Outreach,481422,,FP/OP/GNAP/USDA,FOOD PANTRY-Agency,BLUE RECEIPT-SHL,F-16-10001,12,0,0,2.16,12,HABERSHAM,0.18,4/11/2024 13:49,4/11/2024 11:31,Price Code 1,CUSTOMER PICKUP,False,Sharing Floor Rabun,02-SH,30510.0,Alto,"ASSORTED FROZEN FOODS, SHL",Frozen Frozen Frozen Frozen Food Misc.
198,178578,683,S-112,Sharing and Caring - Clarkesville,481194,,FP/GNAP/USDA,FOOD PANTRY-Agency,BLUE RECEIPT-SHL,W-16-10001,63,0,0,11.34,63,HABERSHAM,0.18,4/9/2024 13:49,4/9/2024 8:43,Price Code 1,CUSTOMER PICKUP,False,Sharing Floor Rabun,02-SH,30523.0,Clarkesville,MISC. FOOD BOX SHL,Dry Dry Dry Dry Food Misc.
329,175189,5938,O-109,Open Door Food Ministry (The Torch Church of God),477818,,FP/GNAP/USDA,FOOD PANTRY-Agency,BLUE RECEIPT-SHL,C-28-10001,10000,0,0,0.0,10000,HABERSHAM,0.0,2/6/2024 14:23,2/6/2024 9:03,Price Code 1,TRUCK 1,False,Food Bank of Northeast Georgia,01,30531.0,Cornelia,"PRODUCE, FRESH SHL",Cooled Cooled Cooled Cooled Mixed Produce
198,181866,690,S-112,Sharing and Caring - Clarkesville,484470,,FP/GNAP/USDA,FOOD PANTRY-Agency,BLUE RECEIPT-SHL,W-03-10013,37,0,0,1.11,37,HABERSHAM,0.03,6/4/2024 13:49,6/4/2024 8:36,Price Code 1,CUSTOMER PICKUP,False,Sharing Floor Rabun,02-SH,30523.0,Clarkesville,"ASSORTED BEVERAGES, SHL",Dry Dry Dry Dry Beverages
665,175966,8761,C-173,Clarkesville Church of God,478594,,FP/GNAP/USDA,FAITH-BASED-Agency,USDA,N-50-10306,1,0,0,4.5,25,HABERSHAM,0.18,3/6/2024 9:35,3/11/2024 9:35,Price Code 1,CUSTOMER PICKUP,False,Food Bank of Northeast Georgia,01,30523.0,Clarkesville,USDA WHOLE DEGLET DATES,Dry Dry Dry Dry Fruits
665,172317,8859,C-173,Clarkesville Church of God,475948,,FP/GNAP/USDA,FAITH-BASED-Agency,BLUE RECEIPT-SHL,N-05-10196,6,0,0,8.64,48,HABERSHAM,0.18,1/10/2024 9:35,1/26/2024 8:59,Price Code 1,CUSTOMER PICKUP,False,Food Bank of Northeast Georgia,01,30523.0,Clarkesville,APPLE CINNAMON CHEERIOS,Dry Dry Dry Dry Grains
809,182372,8975,B-123,Breaking Chains Ministries d.b.a Freedom Hill,FAIMPORT484976,,ON PREMISES (OP),REHAB-Agency,BLUE RECEIPT-SHL,MCC-07-10001,10,0,0,0.0,10,HABERSHAM,0.0,6/14/2024 0:00,6/14/2024 0:00,Price Code 1,CUSTOMER PICKUP,False,Food Bank of Northeast Georgia,01,30535.0,Demorest,"DAIRY PRODUCTS, SHL RETAIL PICKUPS",Dry Dry Dry Dry Dairy
560,180532,683,B-133,Ballew House Outreach,483138,,FP/OP/GNAP/USDA,FOOD PANTRY-Agency,BLUE RECEIPT-SHL,W-16-10001,19,0,0,3.42,19,HABERSHAM,0.18,5/9/2024 13:49,5/9/2024 11:36,Price Code 1,CUSTOMER PICKUP,False,Sharing Floor Rabun,02-SH,30510.0,Alto,MISC. FOOD BOX SHL,Dry Dry Dry Dry Food Misc.
649,172555,1481,G-132,Glade Creek Baptist Church,476186,,FP/GNAP/USDA,FAITH-BASED-Agency,USDA,N-50-10105,5,0,0,15.3,85,HABERSHAM,0.18,1/9/2024 9:25,1/9/2024 14:55,Price Code 1,CONTACT FOR DELIVERY,False,Rabun Warehouse,02,30563.0,Mt Airy,USDA DRIED CHERRIES CCC,Dry Dry Dry Dry Fruits
938,180187,50,F-142,First Presbyterian Church of Cornelia,482793,,FP/GNAP/USDA,MOBILE PANTRY-Agency,LOCAL - LL,W-16-10002,3600,0,0,0.0,3600,HABERSHAM,0.0,5/3/2024 15:01,5/6/2024 8:56,Price Code 1,CUSTOMER PICKUP,False,Sharing Floor Rabun,02-SH,30531.0,Cornelia,MISC. FOOD BOX LL,Dry Dry Dry Dry Food Misc.
869,175281,1045,H-152,Homestead Recovery for Women,477910,,ON PREMISES (OP),REHAB-Agency,BLUE RECEIPT-SHL,W-25-10009,87,0,0,15.66,87,HABERSHAM,0.18,2/7/2024 10:35,2/7/2024 11:02,Price Code 1,CUSTOMER PICKUP,False,Sharing Floor Athens,01-SH,30523.0,Clarkesville,"ASSORTED SNACK ITEMS, SHL",Dry Dry Dry Dry Food Misc.
623,175117,875,C-171,Clarkesville Soup Kitchen,477746,,OP/USDA,SOUP KITCHEN-Agency,BLUE RECEIPT-SHL,W-04-10000,110,0,0,0.0,110,HABERSHAM,0.0,2/5/2024 11:47,2/5/2024 10:23,Price Code 1,CUSTOMER PICKUP,False,Sharing Floor Rabun,02-SH,30523.0,Clarkesville,"BREAD & BAKERY, ASSORTED SHL",Dry Dry Dry Dry Grains
623,173728,8914,C-171,Clarkesville Soup Kitchen,477357,,OP/USDA,SOUP KITCHEN-Agency,USDA,N-50-10310,10,0,0,48.6,270,HABERSHAM,0.18,2/5/2024 13:47,2/5/2024 10:21,Price Code 1,CUSTOMER PICKUP,False,Rabun Warehouse,02,30523.0,Clarkesville,USDA DICED POTATOES,Dry Dry Dry Dry Potatoes
938,176419,5938,F-142,First Presbyterian Church of Cornelia,479043,,FP/GNAP/USDA,MOBILE PANTRY-Agency,BLUE RECEIPT-SHL,C-28-10001,3768,0,0,0.0,3768,HABERSHAM,0.0,2/29/2024 10:07,3/4/2024 13:36,Price Code 1,CUSTOMER PICKUP,False,Sharing Floor Rabun,02-SH,30531.0,Cornelia,"PRODUCE, FRESH SHL",Cooled Cooled Cooled Cooled Mixed Produce
902,179308,8970,T-123,"The Lord's Help, Inc.",FAIMPORT481921,,ON PREMISES (OP),SOUP KITCHEN-Agency,BLUE RECEIPT-SHL,MCW-16-10001,14,0,0,0.0,14,HABERSHAM,0.0,4/18/2024 0:00,4/18/2024 0:00,Price Code 1,CUSTOMER PICKUP,False,Food Bank of Northeast Georgia,01,30531.0,Cornelia,"MISC. FOOD BOX, SHL RETAIL PICKUP",Dry Dry Dry Dry Food Misc.
902,175402,5938,T-123,"The Lord's Help, Inc.",478031,,ON PREMISES (OP),SOUP KITCHEN-Agency,BLUE RECEIPT-SHL,C-28-10001,16,0,0,0.48,16,HABERSHAM,0.03,2/9/2024 15:19,2/9/2024 10:22,Price Code 1,CUSTOMER PICKUP,False,Sharing Floor Athens,01-SH,30531.0,Cornelia,"PRODUCE, FRESH SHL",Cooled Cooled Cooled Cooled Mixed Produce
198,180763,50,S-112,Sharing and Caring - Clarkesville,483369,,FP/GNAP/USDA,FOOD PANTRY-Agency,LOCAL - LL,W-16-10002,23,0,0,4.14,23,HABERSHAM,0.18,5/14/2024 13:49,5/14/2024 8:24,Price Code 1,CUSTOMER PICKUP,False,Sharing Floor Rabun,02-SH,30523.0,Clarkesville,MISC. FOOD BOX LL,Dry Dry Dry Dry Food Misc.
665,175966,7284,C-173,Clarkesville Church of God,478594,,FP/GNAP/USDA,FAITH-BASED-Agency,USDA,C-50-10043,2,0,0,5.2,52,HABERSHAM,0.1,3/6/2024 9:35,3/11/2024 9:35,Price Code 1,CUSTOMER PICKUP,False,Food Bank of Northeast Georgia,01,30523.0,Clarkesville,USDA RED FAT AMERICAN CHEESE CCC,Cooled Cooled Cooled Cooled Dairy
329,179415,8497,O-109,Open Door Food Ministry (The Torch Church of God),482028,,FP/GNAP/USDA,FOOD PANTRY-Agency,USDA,C-50-10048,60,0,0,0.0,1920,HABERSHAM,0.0,4/23/2024 14:23,4/23/2024 9:06,Price Code 1,CUSTOMER PICKUP,False,Food Bank of Northeast Georgia,01,30531.0,Cornelia,USDA MANDARIN ORANGES,Cooled Cooled Cooled Cooled Fruits
938,173847,5960,F-142,First Presbyterian Church of Cornelia,477476,,FP/GNAP/USDA,MOBILE PANTRY-Agency,BLUE RECEIPT-SHL,C-07-10001,3864,0,0,0.0,3864,HABERSHAM,0.0,1/30/2024 13:41,2/5/2024 9:32,Price Code 1,CUSTOMER PICKUP,False,Sharing Floor Rabun,02-SH,30531.0,Cornelia,"DAIRY PRODUCT, ASSORTED SHL",Cooled Cooled Cooled Cooled Dairy
686,175149,5960,H-154,Habersham Homeless Ministries,477778,,FP/USDA,FOOD PANTRY-Agency,BLUE RECEIPT-SHL,C-07-10001,42,0,0,7.56,42,HABERSHAM,0.18,2/5/2024 14:10,2/5/2024 15:25,Price Code 1,CUSTOMER PICKUP,False,Sharing Floor Rabun,02-SH,30523.0,Clarkesville,"DAIRY PRODUCT, ASSORTED SHL",Cooled Cooled Cooled Cooled Dairy
649,176661,8720,G-132,Glade Creek Baptist Church,479284,,FP/GNAP/USDA,FAITH-BASED-Agency,USDA,N-50-10305,8,0,0,20.16,112,HABERSHAM,0.18,3/6/2024 9:25,3/6/2024 8:25,Price Code 1,CONTACT FOR DELIVERY,False,Rabun Warehouse,02,30563.0,Mt Airy,USDA MIXED VegetablesCCC,Dry Dry Dry Dry Vegetables
665,173863,8625,C-173,Clarkesville Church of God,477492,,FP/GNAP/USDA,FAITH-BASED-Agency,BLUE RECEIPT-SHL,N-03-11261,1,0,0,0.0,33,HABERSHAM,0.0,2/7/2024 9:35,2/7/2024 9:19,Price Code 1,CUSTOMER PICKUP,False,Food Bank of Northeast Georgia,01,30523.0,Clarkesville,STARRY ZERO SUGAR 24 X 20 FL OZ,Dry Dry Dry Dry Beverages
750,176768,5388,C-176,Cornelia United Methodist Church,479391,,FP/OP,FOOD PANTRY-Agency,BLUE RECEIPT-SHL,F-16-10001,37,0,0,6.66,37,HABERSHAM,0.18,3/6/2024 12:32,3/6/2024 13:01,Price Code 1,CUSTOMER PICKUP,False,Sharing Floor Rabun,02-SH,30531.0,Cornelia,"ASSORTED FROZEN FOODS, SHL",Frozen Frozen Frozen Frozen Food Misc.
623,178099,5388,C-171,Clarkesville Soup Kitchen,480718,,OP/USDA,SOUP KITCHEN-Agency,BLUE RECEIPT-SHL,F-16-10001,6,0,0,1.08,6,HABERSHAM,0.18,4/1/2024 11:47,4/2/2024 9:23,Price Code 1,CUSTOMER PICKUP,False,Rabun Warehouse,02,30523.0,Clarkesville,"ASSORTED FROZEN FOODS, SHL",Frozen Frozen Frozen Frozen Food Misc.
198,175757,4788,S-112,Sharing and Caring - Clarkesville,478385,,FP/GNAP/USDA,FOOD PANTRY-Agency,USDA,F-50-90039,2,0,0,14.4,80,HABERSHAM,0.18,2/20/2024 9:00,2/20/2024 8:30,Price Code 1,CUSTOMER PICKUP,False,Rabun Warehouse,02,30523.0,Clarkesville,USDA CATFISH FILLETS CCC,Frozen Frozen Frozen Frozen Proteins
329,177403,2856,O-109,Open Door Food Ministry (The Torch Church of God),480023,,FP/GNAP/USDA,FOOD PANTRY-Agency,GNAP,N-40-10206,50,0,0,0.0,1000,HABERSHAM,0.0,3/20/2024 14:23,3/20/2024 7:08,Price Code 1,CONTACT FOR DELIVERY,False,Rabun Warehouse,02,30531.0,Cornelia,GNAP CHICKEN NOODLE SOUP,Dry Dry Dry Dry Prepared Meals
750,179114,5388,C-176,Cornelia United Methodist Church,481727,,FP/OP,FOOD PANTRY-Agency,BLUE RECEIPT-SHL,F-16-10001,151,0,0,27.18,151,HABERSHAM,0.18,4/17/2024 12:32,4/17/2024 13:57,Price Code 1,CUSTOMER PICKUP,False,Sharing Floor Rabun,02-SH,30531.0,Cornelia,"ASSORTED FROZEN FOODS, SHL",Frozen Frozen Frozen Frozen Food Misc.
198,179284,1674,S-112,Sharing and Caring - Clarkesville,481897,,FP/GNAP/USDA,FOOD PANTRY-Agency,USDA,N-50-10073,3,0,0,14.58,81,HABERSHAM,0.18,4/23/2024 13:49,4/23/2024 8:31,Price Code 1,CUSTOMER PICKUP,False,Rabun Warehouse,02,30523.0,Clarkesville,USDA TOMATO SAUCE,Dry Dry Dry Dry Vegetables
649,175473,2856,G-132,Glade Creek Baptist Church,478102,,FP/GNAP/USDA,FAITH-BASED-Agency,GNAP,N-40-10206,2,0,0,7.2,40,HABERSHAM,0.18,2/15/2024 9:25,2/15/2024 6:58,Price Code 1,CONTACT FOR DELIVERY,False,Rabun Warehouse,02,30563.0,Mt Airy,GNAP CHICKEN NOODLE SOUP,Dry Dry Dry Dry Prepared Meals
665,181451,9081,C-173,Clarkesville Church of God,484055,,FP/GNAP/USDA,FAITH-BASED-Agency,BLUE RECEIPT-SHL,N-03-11843,2,0,0,0.0,36,HABERSHAM,0.0,6/6/2024 8:00,6/6/2024 9:04,Price Code 1,CUSTOMER PICKUP,False,Food Bank of Northeast Georgia,01,30523.0,Clarkesville,DR PEPPER ZERO SUGAR,Dry Dry Dry Dry Beverages
665,180195,7414,C-173,Clarkesville Church of God,482801,,FP/GNAP/USDA,FAITH-BASED-Agency,PURCH,C-28-90525,2,0,0,0.0,44,HABERSHAM,0.0,5/8/2024 10:20,5/8/2024 9:02,Price Code 1,CUSTOMER PICKUP,False,Food Bank of Northeast Georgia,01,30523.0,Clarkesville,BROCCOLI CROWNS,Cooled Cooled Cooled Cooled Vegetables
750,176374,683,C-176,Cornelia United Methodist Church,478999,,FP/OP,FOOD PANTRY-Agency,BLUE RECEIPT-SHL,W-16-10001,724,0,0,130.32,724,HABERSHAM,0.18,2/28/2024 12:32,2/28/2024 14:26,Price Code 1,CUSTOMER PICKUP,False,Sharing Floor Rabun,02-SH,30531.0,Cornelia,MISC. FOOD BOX SHL,Dry Dry Dry Dry Food Misc.
665,177367,3204,C-173,Clarkesville Church of God,479987,,FP/GNAP/USDA,FAITH-BASED-Agency,GNAP,N-40-10217,2,0,0,0.0,18,HABERSHAM,0.0,3/20/2024 9:35,3/20/2024 9:12,Price Code 1,CUSTOMER PICKUP,False,Food Bank of Northeast Georgia,01,30523.0,Clarkesville,GNAP CANNED HAM,Dry Dry Dry Dry Proteins
665,180195,8624,C-173,Clarkesville Church of God,482801,,FP/GNAP/USDA,FAITH-BASED-Agency,BLUE RECEIPT-SHL,N-03-11260,6,0,0,0.0,72,HABERSHAM,0.0,5/8/2024 10:20,5/8/2024 9:02,Price Code 1,CUSTOMER PICKUP,False,Food Bank of Northeast Georgia,01,30523.0,Clarkesville,STARRY ZERO SUGAR 12 X 12 FL OZ,Dry Dry Dry Dry Beverages
1024,176477,84,L-119,Life Church Baldwin,479101,,FP/USDA,MOBILE PANTRY-Agency,USDA,N-50-10006,7,0,0,34.02,189,HABERSHAM,0.18,3/8/2024 0:00,3/11/2024 7:54,Price Code 1,CONTACT FOR DELIVERY,False,Rabun Warehouse,02,30511.0,Baldwin,USDA GREEN BEANS,Dry Dry Dry Dry Vegetables
902,178726,8975,T-123,"The Lord's Help, Inc.",FAIMPORT481340,,ON PREMISES (OP),SOUP KITCHEN-Agency,BLUE RECEIPT-SHL,MCC-07-10001,35,0,0,0.0,35,HABERSHAM,0.0,4/9/2024 0:00,4/9/2024 0:00,Price Code 1,CUSTOMER PICKUP,False,Food Bank of Northeast Georgia,01,30531.0,Cornelia,"DAIRY PRODUCTS, SHL RETAIL PICKUPS",Dry Dry Dry Dry Dairy
632,179128,5960,H-141,Hazel Creek Baptist Church,481741,,FP/USDA,FOOD PANTRY-Agency,BLUE RECEIPT-SHL,C-07-10001,4,0,0,0.72,4,HABERSHAM,0.18,4/17/2024 8:32,4/17/2024 15:39,Price Code 1,CUSTOMER PICKUP,False,Sharing Floor Rabun,02-SH,30563.0,Mt. Airy,"DAIRY PRODUCT, ASSORTED SHL",Cooled Cooled Cooled Cooled Dairy
55,177484,683,C-116,Circle of Hope,480104,,ON PREMISES (OP),SHELTER-Agency,BLUE RECEIPT-SHL,W-16-10001,19,0,0,3.42,19,HABERSHAM,0.18,3/18/2024 12:27,3/18/2024 11:32,Price Code 1,CUSTOMER PICKUP,False,Sharing Floor Rabun,02-SH,30531.0,Cornelia,MISC. FOOD BOX SHL,Dry Dry Dry Dry Food Misc.
665,178646,690,C-173,Clarkesville Church of God,481262,,FP/GNAP/USDA,FAITH-BASED-Agency,BLUE RECEIPT-SHL,W-03-10013,138,0,0,4.14,138,HABERSHAM,0.03,4/10/2024 9:35,4/10/2024 8:44,Price Code 1,CUSTOMER PICKUP,False,Sharing Floor Athens,01-SH,30523.0,Clarkesville,"ASSORTED BEVERAGES, SHL",Dry Dry Dry Dry Beverages
1024,180084,8497,L-119,Life Church Baldwin,482692,,FP/USDA,MOBILE PANTRY-Agency,USDA,C-50-10048,17,0,0,27.2,544,HABERSHAM,0.05,5/10/2024 8:00,5/10/2024 14:24,Price Code 1,CUSTOMER PICKUP,False,Rabun Warehouse,02,30511.0,Baldwin,USDA MANDARIN ORANGES,Cooled Cooled Cooled Cooled Fruits
649,180418,7153,G-132,Glade Creek Baptist Church,483024,,FP/GNAP/USDA,FAITH-BASED-Agency,GNAP,N-40-10234,4,0,0,0.0,52,HABERSHAM,0.0,5/14/2024 8:30,5/14/2024 7:27,Price Code 1,CONTACT FOR DELIVERY,False,Rabun Warehouse,02,30563.0,Mt Airy,GNAP BAKED BEANS,Dry Dry Dry Dry Proteins
329,173462,8676,O-109,Open Door Food Ministry (The Torch Church of God),477091,,FP/GNAP/USDA,FOOD PANTRY-Agency,LOCAL - LL,C-88-10000,800,0,0,0.0,800,HABERSHAM,0.0,1/23/2024 14:23,1/23/2024 11:35,Price Code 1,CONTACT FOR DELIVERY,False,Food Bank of Northeast Georgia,01,30531.0,Cornelia,"LFPA PRODUCE, MISC",Cooled Cooled Cooled Cooled Mixed Produce
686,175048,5938,H-154,Habersham Homeless Ministries,477678,,FP/USDA,FOOD PANTRY-Agency,BLUE RECEIPT-SHL,C-28-10001,62,0,0,1.86,62,HABERSHAM,0.03,2/2/2024 14:10,2/2/2024 15:14,Price Code 1,CUSTOMER PICKUP,False,Sharing Floor Rabun,02-SH,30523.0,Clarkesville,"PRODUCE, FRESH SHL",Cooled Cooled Cooled Cooled Mixed Produce
268,176356,683,V-100,Victory Home / Helping Hand,478981,,ON PREMISES (OP),REHAB-Agency,BLUE RECEIPT-SHL,W-16-10001,113,0,0,20.34,113,HABERSHAM,0.18,2/28/2024 13:55,2/28/2024 14:17,Price Code 1,CUSTOMER PICKUP,False,Sharing Floor Rabun,02-SH,30573.0,Tallulah Falls,MISC. FOOD BOX SHL,Dry Dry Dry Dry Food Misc.
632,173395,2862,H-141,Hazel Creek Baptist Church,477024,,FP/USDA,FOOD PANTRY-Agency,USDA,N-50-10115,2,0,0,9.72,54,HABERSHAM,0.18,1/24/2024 8:32,1/24/2024 13:28,Price Code 1,CUSTOMER PICKUP,False,Rabun Warehouse,02,30563.0,Mt. Airy,USDA DARK RED KIDNEY BEANS CCC,Dry Dry Dry Dry Proteins
665,180400,696,C-173,Clarkesville Church of God,483006,,FP/GNAP/USDA,FAITH-BASED-Agency,LOCAL - LL,W-25-10000,105,0,0,18.9,105,HABERSHAM,0.18,5/8/2024 9:35,5/8/2024 8:38,Price Code 1,CUSTOMER PICKUP,False,Sharing Floor Athens,01-SH,30523.0,Clarkesville,"ASSORTED SNACK ITEMS, LL",Dry Dry Dry Dry Food Misc.
556,179664,690,P-123,"Pilgrim Ministries, Inc.",482277,,ON PREMISES (OP),REHAB-Agency,BLUE RECEIPT-SHL,W-03-10013,75,0,0,2.25,75,HABERSHAM,0.03,4/26/2024 14:14,4/26/2024 10:12,Price Code 1,CUSTOMER PICKUP,False,Sharing Floor Rabun,02-SH,30523.0,Clarkesville,"ASSORTED BEVERAGES, SHL",Dry Dry Dry Dry Beverages
665,173452,5407,C-173,Clarkesville Church of God,477081,,FP/GNAP/USDA,FAITH-BASED-Agency,BLUE RECEIPT-SHL,F-15-10000,257,0,0,46.26,257,HABERSHAM,0.18,1/23/2024 9:35,1/23/2024 8:37,Price Code 1,CUSTOMER PICKUP,False,Sharing Floor Athens,01-SH,30523.0,Clarkesville,"MEAT & SEAFOOD, FROZEN SHL",Frozen Frozen Frozen Frozen Proteins
649,178770,4715,G-132,Glade Creek Baptist Church,481384,,FP/GNAP/USDA,FAITH-BASED-Agency,USDA,F-50-90461,6,0,0,24.0,240,HABERSHAM,0.1,4/15/2024 9:25,4/15/2024 15:10,Price Code 1,CONTACT FOR DELIVERY,False,Rabun Warehouse,02,30563.0,Mt Airy,USDA ALASKAN POLLACK FISH FILLETS,Frozen Frozen Frozen Frozen Proteins
198,179414,5388,S-112,Sharing and Caring - Clarkesville,482027,,FP/GNAP/USDA,FOOD PANTRY-Agency,BLUE RECEIPT-SHL,F-16-10001,64,0,0,11.52,64,HABERSHAM,0.18,4/23/2024 13:49,4/23/2024 8:34,Price Code 1,CUSTOMER PICKUP,False,Sharing Floor Rabun,02-SH,30523.0,Clarkesville,"ASSORTED FROZEN FOODS, SHL",Frozen Frozen Frozen Frozen Food Misc.
556,175736,5388,P-123,"Pilgrim Ministries, Inc.",478364,,ON PREMISES (OP),REHAB-Agency,BLUE RECEIPT-SHL,F-16-10001,45,0,0,8.1,45,HABERSHAM,0.18,2/16/2024 14:14,2/16/2024 8:55,Price Code 1,CUSTOMER PICKUP,False,Sharing Floor Rabun,02-SH,30523.0,Clarkesville,"ASSORTED FROZEN FOODS, SHL",Frozen Frozen Frozen Frozen Food Misc.
665,177367,8682,C-173,Clarkesville Church of God,479987,,FP/GNAP/USDA,FAITH-BASED-Agency,BLUE RECEIPT-SHL,N-03-11727,2,0,0,0.0,56,HABERSHAM,0.0,3/20/2024 9:35,3/20/2024 9:12,Price Code 1,CUSTOMER PICKUP,False,Food Bank of Northeast Georgia,01,30523.0,Clarkesville,LIPTON DIET GREEN TEA CITRUS,Dry Dry Dry Dry Beverages
623,175438,8720,C-171,Clarkesville Soup Kitchen,478067,,OP/USDA,SOUP KITCHEN-Agency,USDA,N-50-10305,4,0,0,10.08,56,HABERSHAM,0.18,2/20/2024 10:00,2/20/2024 10:45,Price Code 1,CUSTOMER PICKUP,False,Rabun Warehouse,02,30523.0,Clarkesville,USDA MIXED VegetablesCCC,Dry Dry Dry Dry Vegetables
649,180418,9027,G-132,Glade Creek Baptist Church,483024,,FP/GNAP/USDA,FAITH-BASED-Agency,YELLOW RECEIPT - SHN,N-25-11970,6,0,0,10.8,60,HABERSHAM,0.18,5/14/2024 8:30,5/14/2024 7:27,Price Code 1,CONTACT FOR DELIVERY,False,Rabun Warehouse,02,30563.0,Mt Airy,"SNACK PACK BLUE RASP, SOUR PATCH KIDS",Dry Dry Dry Dry Food Misc.
902,176091,696,T-123,"The Lord's Help, Inc.",478718,,ON PREMISES (OP),SOUP KITCHEN-Agency,LOCAL - LL,W-25-10000,32,0,0,5.76,32,HABERSHAM,0.18,2/23/2024 15:19,2/23/2024 10:54,Price Code 1,CUSTOMER PICKUP,False,Sharing Floor Athens,01-SH,30531.0,Cornelia,"ASSORTED SNACK ITEMS, LL",Dry Dry Dry Dry Food Misc.
649,175473,890,G-132,Glade Creek Baptist Church,478102,,FP/GNAP/USDA,FAITH-BASED-Agency,GNAP,N-40-10001,2,0,0,5.4,54,HABERSHAM,0.1,2/15/2024 9:25,2/15/2024 6:58,Price Code 1,CONTACT FOR DELIVERY,False,Rabun Warehouse,02,30563.0,Mt Airy,GNAP APPLE SAUCE,Dry Dry Dry Dry Fruits
809,181845,8974,B-123,Breaking Chains Ministries d.b.a Freedom Hill,FAIMPORT484449,,ON PREMISES (OP),REHAB-Agency,BLUE RECEIPT-SHL,MCW-04-10000,2,0,0,0.0,2,HABERSHAM,0.0,6/3/2024 0:00,6/3/2024 0:00,Price Code 1,CUSTOMER PICKUP,False,Food Bank of Northeast Georgia,01,30535.0,Demorest,"BREAD AND BAKERY, SHL RETAIL PICKUPS",Dry Dry Dry Dry Grains
198,175850,875,S-112,Sharing and Caring - Clarkesville,478478,,FP/GNAP/USDA,FOOD PANTRY-Agency,BLUE RECEIPT-SHL,W-04-10000,25,0,0,0.0,25,HABERSHAM,0.0,2/20/2024 13:49,2/20/2024 8:37,Price Code 1,CUSTOMER PICKUP,False,Sharing Floor Rabun,02-SH,30523.0,Clarkesville,"BREAD & BAKERY, ASSORTED SHL",Dry Dry Dry Dry Grains
750,176374,5388,C-176,Cornelia United Methodist Church,478999,,FP/OP,FOOD PANTRY-Agency,BLUE RECEIPT-SHL,F-16-10001,60,0,0,10.8,60,HABERSHAM,0.18,2/28/2024 12:32,2/28/2024 14:26,Price Code 1,CUSTOMER PICKUP,False,Sharing Floor Rabun,02-SH,30531.0,Cornelia,"ASSORTED FROZEN FOODS, SHL",Frozen Frozen Frozen Frozen Food Misc.
649,180418,9053,G-132,Glade Creek Baptist Church,483024,,FP/GNAP/USDA,FAITH-BASED-Agency,GNAP,N-40-10284,8,0,0,0.0,160,HABERSHAM,0.0,5/14/2024 8:30,5/14/2024 7:27,Price Code 1,CONTACT FOR DELIVERY,False,Rabun Warehouse,02,30563.0,Mt Airy,"GNAP 100% VERY BERRY JUICE, SINGLE SERVE",Dry Dry Dry Dry Beverages
1024,180084,170,L-119,Life Church Baldwin,482692,,FP/USDA,MOBILE PANTRY-Agency,USDA,N-50-10007,10,0,0,50.4,280,HABERSHAM,0.18,5/10/2024 8:00,5/10/2024 14:24,Price Code 1,CUSTOMER PICKUP,False,Rabun Warehouse,02,30511.0,Baldwin,"USDA CORN, WHOLE KERNEL NO SALT",Dry Dry Dry Dry Vegetables
329,177403,890,O-109,Open Door Food Ministry (The Torch Church of God),480023,,FP/GNAP/USDA,FOOD PANTRY-Agency,GNAP,N-40-10001,50,0,0,0.0,1350,HABERSHAM,0.0,3/20/2024 14:23,3/20/2024 7:08,Price Code 1,CONTACT FOR DELIVERY,False,Rabun Warehouse,02,30531.0,Cornelia,GNAP APPLE SAUCE,Dry Dry Dry Dry Fruits
329,172495,84,O-109,Open Door Food Ministry (The Torch Church of God),476126,,FP/GNAP/USDA,FOOD PANTRY-Agency,USDA,N-50-10006,50,0,0,0.0,1350,HABERSHAM,0.0,1/6/2024 7:00,1/9/2024 11:26,Price Code 1,TRUCK 1 MOBILE PANTRY,False,Food Bank of Northeast Georgia,01,30531.0,Cornelia,USDA GREEN BEANS,Dry Dry Dry Dry Vegetables
329,177124,8943,O-109,Open Door Food Ministry (The Torch Church of God),479745,,FP/GNAP/USDA,FOOD PANTRY-Agency,BLUE RECEIPT-SHL,C-28-90534,50,0,0,0.0,2100,HABERSHAM,0.0,3/12/2024 14:23,3/27/2024 10:04,Price Code 1,TRUCK 1 MOBILE PANTRY,False,Food Bank of Northeast Georgia,01,30531.0,Cornelia,"SWEET POTATO, SHL",Cooled Cooled Cooled Cooled Potatoes
188,180408,7153,S-102,Sharing and Caring - Cornelia,483014,,FP/GNAP/USDA,FOOD PANTRY-Agency,GNAP,N-40-10234,10,0,0,0.0,130,HABERSHAM,0.0,5/15/2024 8:30,5/15/2024 7:19,Price Code 1,CONTACT FOR DELIVERY,False,Rabun Warehouse,02,30531.0,Cornelia,GNAP BAKED BEANS,Dry Dry Dry Dry Proteins
329,178306,3139,O-109,Open Door Food Ministry (The Torch Church of God),480922,,FP/GNAP/USDA,FOOD PANTRY-Agency,USDA,N-50-10290,50,0,0,0.0,1250,HABERSHAM,0.0,4/6/2024 7:30,4/16/2024 9:05,Price Code 1,TRACTOR TRAILER 1 MOBILE PANTRY,False,Food Bank of Northeast Georgia,01,30531.0,Cornelia,USDA WHOLE ALMONDS DRY ROASTED,Dry Dry Dry Dry Proteins
1024,173890,2960,L-119,Life Church Baldwin,477519,,FP/USDA,MOBILE PANTRY-Agency,USDA,N-50-10247,4,0,0,25.92,144,HABERSHAM,0.18,2/9/2024 8:39,2/9/2024 15:24,Price Code 1,CONTACT FOR DELIVERY,False,Rabun Warehouse,02,30511.0,Baldwin,USDA BEEF STEW POUCHES CCC,Dry Dry Dry Dry Prepared Meals
750,179568,690,C-176,Cornelia United Methodist Church,482181,,FP/OP,FOOD PANTRY-Agency,BLUE RECEIPT-SHL,W-03-10013,136,0,0,4.08,136,HABERSHAM,0.03,4/24/2024 12:32,4/24/2024 14:05,Price Code 1,CUSTOMER PICKUP,False,Sharing Floor Rabun,02-SH,30531.0,Cornelia,"ASSORTED BEVERAGES, SHL",Dry Dry Dry Dry Beverages
329,177876,8497,O-109,Open Door Food Ministry (The Torch Church of God),480495,,FP/GNAP/USDA,FOOD PANTRY-Agency,USDA,C-50-10048,53,0,0,0.0,1696,HABERSHAM,0.0,3/26/2024 14:23,3/26/2024 9:47,Price Code 1,TRUCK 1,False,Food Bank of Northeast Georgia,01,30531.0,Cornelia,USDA MANDARIN ORANGES,Cooled Cooled Cooled Cooled Fruits
665,178129,8914,C-173,Clarkesville Church of God,480748,,FP/GNAP/USDA,FAITH-BASED-Agency,USDA,N-50-10310,2,0,0,9.72,54,HABERSHAM,0.18,4/10/2024 9:35,4/10/2024 9:20,Price Code 1,CUSTOMER PICKUP,False,Food Bank of Northeast Georgia,01,30523.0,Clarkesville,USDA DICED POTATOES,Dry Dry Dry Dry Potatoes
665,180863,4036,C-173,Clarkesville Church of God,483469,,FP/GNAP/USDA,FAITH-BASED-Agency,BLUE RECEIPT-SHL,N-03-11005,4,0,0,0.0,40,HABERSHAM,0.0,5/22/2024 8:30,5/22/2024 9:20,Price Code 1,CUSTOMER PICKUP,False,Food Bank of Northeast Georgia,01,30523.0,Clarkesville,DIET PEPSI,Dry Dry Dry Dry Beverages
560,182182,690,B-133,Ballew House Outreach,484786,,FP/OP/GNAP/USDA,FOOD PANTRY-Agency,BLUE RECEIPT-SHL,W-03-10013,12,0,0,0.36,12,HABERSHAM,0.03,6/13/2024 13:49,6/13/2024 11:52,Price Code 1,CUSTOMER PICKUP,False,Sharing Floor Rabun,02-SH,30510.0,Alto,"ASSORTED BEVERAGES, SHL",Dry Dry Dry Dry Beverages
1024,173890,1047,L-119,Life Church Baldwin,477519,,FP/USDA,MOBILE PANTRY-Agency,USDA,N-50-10041,5,0,0,44.1,245,HABERSHAM,0.18,2/9/2024 8:39,2/9/2024 15:24,Price Code 1,CONTACT FOR DELIVERY,False,Rabun Warehouse,02,30511.0,Baldwin,USDA RICE,Dry Dry Dry Dry Grains
665,172317,8907,C-173,Clarkesville Church of God,475948,,FP/GNAP/USDA,FAITH-BASED-Agency,GNAP,N-40-10267,4,0,0,5.2,52,HABERSHAM,0.1,1/10/2024 9:35,1/26/2024 8:59,Price Code 1,CUSTOMER PICKUP,False,Food Bank of Northeast Georgia,01,30523.0,Clarkesville,GNAP SPAGHETTI W/ MEATBALLS,Dry Dry Dry Dry Prepared Meals
665,182413,696,C-173,Clarkesville Church of God,485017,,FP/GNAP/USDA,FAITH-BASED-Agency,LOCAL - LL,W-25-10000,16,0,0,2.88,16,HABERSHAM,0.18,6/20/2024 9:35,6/20/2024 8:27,Price Code 1,CUSTOMER PICKUP,False,Sharing Floor Athens,01-SH,30523.0,Clarkesville,"ASSORTED SNACK ITEMS, LL",Dry Dry Dry Dry Food Misc.
268,180864,50,V-100,Victory Home / Helping Hand,483470,,ON PREMISES (OP),REHAB-Agency,LOCAL - LL,W-16-10002,126,0,0,22.68,126,HABERSHAM,0.18,5/15/2024 13:55,5/15/2024 10:56,Price Code 1,CUSTOMER PICKUP,False,Sharing Floor Rabun,02-SH,30573.0,Tallulah Falls,MISC. FOOD BOX LL,Dry Dry Dry Dry Food Misc.
623,175445,4715,C-171,Clarkesville Soup Kitchen,478074,,OP/USDA,SOUP KITCHEN-Agency,USDA,F-50-90461,2,0,0,14.4,80,HABERSHAM,0.18,2/20/2024 10:00,2/20/2024 10:45,Price Code 1,CUSTOMER PICKUP,False,Rabun Warehouse,02,30523.0,Clarkesville,USDA ALASKAN POLLACK FISH FILLETS,Frozen Frozen Frozen Frozen Proteins
329,179415,5938,O-109,Open Door Food Ministry (The Torch Church of God),482028,,FP/GNAP/USDA,FOOD PANTRY-Agency,BLUE RECEIPT-SHL,C-28-10001,375,0,0,0.0,375,HABERSHAM,0.0,4/23/2024 14:23,4/23/2024 9:06,Price Code 1,CUSTOMER PICKUP,False,Food Bank of Northeast Georgia,01,30531.0,Cornelia,"PRODUCE, FRESH SHL",Cooled Cooled Cooled Cooled Mixed Produce
623,180390,2202,C-171,Clarkesville Soup Kitchen,482996,,OP/USDA,SOUP KITCHEN-Agency,USDA,N-50-10240,2,0,0,7.92,44,HABERSHAM,0.18,5/20/2024 10:00,5/20/2024 10:24,Price Code 1,CUSTOMER PICKUP,False,Rabun Warehouse,02,30523.0,Clarkesville,USDA SPAGHETTI,Dry Dry Dry Dry Grains
869,176685,690,H-152,Homestead Recovery for Women,479308,,ON PREMISES (OP),REHAB-Agency,BLUE RECEIPT-SHL,W-03-10013,27,0,0,0.0,27,HABERSHAM,0.0,3/5/2024 10:35,3/5/2024 10:32,Price Code 1,CUSTOMER PICKUP,False,Sharing Floor Athens,01-SH,30523.0,Clarkesville,"ASSORTED BEVERAGES, SHL",Dry Dry Dry Dry Beverages
623,176123,842,C-171,Clarkesville Soup Kitchen,478750,,OP/USDA,SOUP KITCHEN-Agency,USDA,N-50-10021,4,0,0,19.44,108,HABERSHAM,0.18,3/4/2024 10:00,3/4/2024 10:11,Price Code 1,CUSTOMER PICKUP,False,Rabun Warehouse,02,30523.0,Clarkesville,USDA DICED TOMATOES NO SALT CCC,Dry Dry Dry Dry Vegetables
55,175481,875,C-116,Circle of Hope,478110,,ON PREMISES (OP),SHELTER-Agency,BLUE RECEIPT-SHL,W-04-10000,9,0,0,0.0,9,HABERSHAM,0.0,2/12/2024 12:27,2/12/2024 11:19,Price Code 1,CUSTOMER PICKUP,False,Sharing Floor Rabun,02-SH,30531.0,Cornelia,"BREAD & BAKERY, ASSORTED SHL",Dry Dry Dry Dry Grains
268,173529,5407,V-100,Victory Home / Helping Hand,477158,,ON PREMISES (OP),REHAB-Agency,BLUE RECEIPT-SHL,F-15-10000,70,0,0,12.6,70,HABERSHAM,0.18,1/24/2024 13:55,1/24/2024 10:08,Price Code 1,CUSTOMER PICKUP,False,Sharing Floor Rabun,02-SH,30573.0,Tallulah Falls,"MEAT & SEAFOOD, FROZEN SHL",Frozen Frozen Frozen Frozen Proteins
329,177403,1354,O-109,Open Door Food Ministry (The Torch Church of God),480023,,FP/GNAP/USDA,FOOD PANTRY-Agency,GNAP,N-40-10096,50,0,0,0.0,950,HABERSHAM,0.0,3/20/2024 14:23,3/20/2024 7:08,Price Code 1,CONTACT FOR DELIVERY,False,Rabun Warehouse,02,30531.0,Cornelia,GNAP VEGETABLE SOUP,Dry Dry Dry Dry Prepared Meals
188,180408,9035,S-102,Sharing and Caring - Cornelia,483014,,FP/GNAP/USDA,FOOD PANTRY-Agency,GNAP,N-40-10272,10,0,0,0.0,140,HABERSHAM,0.0,5/15/2024 8:30,5/15/2024 7:19,Price Code 1,CONTACT FOR DELIVERY,False,Rabun Warehouse,02,30531.0,Cornelia,GNAP MACARONI O'S W/ BEEF - EZ OPEN,Dry Dry Dry Dry Prepared Meals
649,178770,4788,G-132,Glade Creek Baptist Church,481384,,FP/GNAP/USDA,FAITH-BASED-Agency,USDA,F-50-90039,5,0,0,36.0,200,HABERSHAM,0.18,4/15/2024 9:25,4/15/2024 15:10,Price Code 1,CONTACT FOR DELIVERY,False,Rabun Warehouse,02,30563.0,Mt Airy,USDA CATFISH FILLETS CCC,Frozen Frozen Frozen Frozen Proteins
649,180418,3217,G-132,Glade Creek Baptist Church,483024,,FP/GNAP/USDA,FAITH-BASED-Agency,GNAP,N-40-10222,2,0,0,0.0,20,HABERSHAM,0.0,5/14/2024 8:30,5/14/2024 7:27,Price Code 1,CONTACT FOR DELIVERY,False,Rabun Warehouse,02,30563.0,Mt Airy,GNAP BEEF PASTA DINNER POUCH,Dry Dry Dry Dry Prepared Meals
198,175543,875,S-112,Sharing and Caring - Clarkesville,478172,,FP/GNAP/USDA,FOOD PANTRY-Agency,BLUE RECEIPT-SHL,W-04-10000,10,0,0,0.0,10,HABERSHAM,0.0,2/13/2024 13:49,2/13/2024 9:02,Price Code 1,CUSTOMER PICKUP,False,Sharing Floor Rabun,02-SH,30523.0,Clarkesville,"BREAD & BAKERY, ASSORTED SHL",Dry Dry Dry Dry Grains
198,180106,8497,S-112,Sharing and Caring - Clarkesville,482714,,FP/GNAP/USDA,FOOD PANTRY-Agency,USDA,C-50-10048,3,0,0,4.8,96,HABERSHAM,0.05,5/7/2024 8:45,5/7/2024 7:43,Price Code 1,CUSTOMER PICKUP,False,Rabun Warehouse,02,30523.0,Clarkesville,USDA MANDARIN ORANGES,Cooled Cooled Cooled Cooled Fruits
649,172555,4555,G-132,Glade Creek Baptist Church,476186,,FP/GNAP/USDA,FAITH-BASED-Agency,USDA,F-50-90042,5,0,0,36.0,200,HABERSHAM,0.18,1/9/2024 9:25,1/9/2024 14:55,Price Code 1,CONTACT FOR DELIVERY,False,Rabun Warehouse,02,30563.0,Mt Airy,USDA CHICKEN DRUMSTICKS CCC,Frozen Frozen Frozen Frozen Proteins
556,180129,690,P-123,"Pilgrim Ministries, Inc.",482737,,ON PREMISES (OP),REHAB-Agency,BLUE RECEIPT-SHL,W-03-10013,21,0,0,0.63,21,HABERSHAM,0.03,5/3/2024 14:14,5/3/2024 9:39,Price Code 1,CUSTOMER PICKUP,False,Sharing Floor Rabun,02-SH,30523.0,Clarkesville,"ASSORTED BEVERAGES, SHL",Dry Dry Dry Dry Beverages
665,178129,1047,C-173,Clarkesville Church of God,480748,,FP/GNAP/USDA,FAITH-BASED-Agency,USDA,N-50-10041,2,0,0,17.64,98,HABERSHAM,0.18,4/10/2024 9:35,4/10/2024 9:20,Price Code 1,CUSTOMER PICKUP,False,Food Bank of Northeast Georgia,01,30523.0,Clarkesville,USDA RICE,Dry Dry Dry Dry Grains
268,179101,690,V-100,Victory Home / Helping Hand,481715,,ON PREMISES (OP),REHAB-Agency,BLUE RECEIPT-SHL,W-03-10013,77,0,0,2.31,77,HABERSHAM,0.03,4/17/2024 13:55,4/17/2024 10:28,Price Code 1,CUSTOMER PICKUP,False,Sharing Floor Rabun,02-SH,30573.0,Tallulah Falls,"ASSORTED BEVERAGES, SHL",Dry Dry Dry Dry Beverages
632,175817,842,H-141,Hazel Creek Baptist Church,478445,,FP/USDA,FOOD PANTRY-Agency,USDA,N-50-10021,4,0,0,19.44,108,HABERSHAM,0.18,2/22/2024 8:32,2/23/2024 7:38,Price Code 1,CUSTOMER PICKUP,False,Rabun Warehouse,02,30563.0,Mt. Airy,USDA DICED TOMATOES NO SALT CCC,Dry Dry Dry Dry Vegetables
198,175182,5388,S-112,Sharing and Caring - Clarkesville,477811,,FP/GNAP/USDA,FOOD PANTRY-Agency,BLUE RECEIPT-SHL,F-16-10001,74,0,0,13.32,74,HABERSHAM,0.18,2/6/2024 13:49,2/6/2024 8:39,Price Code 1,CUSTOMER PICKUP,False,Sharing Floor Rabun,02-SH,30523.0,Clarkesville,"ASSORTED FROZEN FOODS, SHL",Frozen Frozen Frozen Frozen Food Misc.
198,173821,690,S-112,Sharing and Caring - Clarkesville,477450,,FP/GNAP/USDA,FOOD PANTRY-Agency,BLUE RECEIPT-SHL,W-03-10013,30,0,0,0.9,30,HABERSHAM,0.03,1/30/2024 13:49,1/30/2024 9:09,Price Code 1,CUSTOMER PICKUP,False,Sharing Floor Rabun,02-SH,30523.0,Clarkesville,"ASSORTED BEVERAGES, SHL",Dry Dry Dry Dry Beverages
901,181786,688,H-150,Habersham County Senior Center,484390,,FP/USDA,SENIOR-Agency,BLUE RECEIPT-SHL,W-01-10000,7,0,0,0.0,7,HABERSHAM,0.0,6/3/2024 9:28,6/3/2024 9:43,Price Code 1,CUSTOMER PICKUP,False,Sharing Floor Athens,01-SH,30535.0,Demorest,"ASSORTED NON-FOOD ITEMS, SHL",Dry Dry Dry Dry Non-Food Misc.
268,173180,875,V-100,Victory Home / Helping Hand,476810,,ON PREMISES (OP),REHAB-Agency,BLUE RECEIPT-SHL,W-04-10000,52,0,0,0.0,52,HABERSHAM,0.0,1/17/2024 13:55,1/17/2024 10:39,Price Code 1,CUSTOMER PICKUP,False,Sharing Floor Rabun,02-SH,30573.0,Tallulah Falls,"BREAD & BAKERY, ASSORTED SHL",Dry Dry Dry Dry Grains
649,180418,4269,G-132,Glade Creek Baptist Church,483024,,FP/GNAP/USDA,FAITH-BASED-Agency,USDA,N-50-10273,8,0,0,34.56,192,HABERSHAM,0.18,5/14/2024 8:30,5/14/2024 7:27,Price Code 1,CONTACT FOR DELIVERY,False,Rabun Warehouse,02,30563.0,Mt Airy,USDA DRY NAVY BEANS CCC,Dry Dry Dry Dry Proteins
623,173521,875,C-171,Clarkesville Soup Kitchen,477150,,OP/USDA,SOUP KITCHEN-Agency,BLUE RECEIPT-SHL,W-04-10000,120,0,0,0.0,120,HABERSHAM,0.0,1/24/2024 11:47,1/24/2024 9:28,Price Code 1,CUSTOMER PICKUP,False,Sharing Floor Rabun,02-SH,30523.0,Clarkesville,"BREAD & BAKERY, ASSORTED SHL",Dry Dry Dry Dry Grains
665,173122,8905,C-173,Clarkesville Church of God,476752,,FP/GNAP/USDA,FAITH-BASED-Agency,BLUE RECEIPT-SHL,N-03-11794,1,0,0,0.0,38,HABERSHAM,0.0,1/23/2024 9:35,1/23/2024 9:34,Price Code 1,CUSTOMER PICKUP,False,Food Bank of Northeast Georgia,01,30523.0,Clarkesville,"PEPSI, 12/1.25L",Dry Dry Dry Dry Beverages
665,173122,8903,C-173,Clarkesville Church of God,476752,,FP/GNAP/USDA,FAITH-BASED-Agency,YELLOW RECEIPT - SHN,N-16-10181,1,0,0,0.9,5,HABERSHAM,0.18,1/23/2024 9:35,1/23/2024 9:34,Price Code 1,CUSTOMER PICKUP,False,Food Bank of Northeast Georgia,01,30523.0,Clarkesville,STOVE TOP STUFFING - TURKEY/CHICKEN/CORNBREAD,Dry Dry Dry Dry Prepared Meals
329,172495,8714,O-109,Open Door Food Ministry (The Torch Church of God),476126,,FP/GNAP/USDA,FOOD PANTRY-Agency,USDA,N-50-10303,50,0,0,0.0,1200,HABERSHAM,0.0,1/6/2024 7:00,1/9/2024 11:26,Price Code 1,TRUCK 1 MOBILE PANTRY,False,Food Bank of Northeast Georgia,01,30531.0,Cornelia,USDA GREEN SPLIT PEAS,Dry Dry Dry Dry Proteins
556,176497,683,P-123,"Pilgrim Ministries, Inc.",479121,,ON PREMISES (OP),REHAB-Agency,BLUE RECEIPT-SHL,W-16-10001,61,0,0,10.98,61,HABERSHAM,0.18,3/1/2024 14:14,3/1/2024 9:12,Price Code 1,CUSTOMER PICKUP,False,Sharing Floor Rabun,02-SH,30523.0,Clarkesville,MISC. FOOD BOX SHL,Dry Dry Dry Dry Food Misc.
665,173863,1481,C-173,Clarkesville Church of God,477492,,FP/GNAP/USDA,FAITH-BASED-Agency,USDA,N-50-10105,1,0,0,3.06,17,HABERSHAM,0.18,2/7/2024 9:35,2/7/2024 9:19,Price Code 1,CUSTOMER PICKUP,False,Food Bank of Northeast Georgia,01,30523.0,Clarkesville,USDA DRIED CHERRIES CCC,Dry Dry Dry Dry Fruits
938,181497,683,F-142,First Presbyterian Church of Cornelia,484101,,FP/GNAP/USDA,MOBILE PANTRY-Agency,BLUE RECEIPT-SHL,W-16-10001,4816,0,0,0.0,4816,HABERSHAM,0.0,5/31/2024 9:00,6/3/2024 9:10,Price Code 1,TRUCK 2 MOBILE PANTRY,False,Sharing Floor Rabun,02-SH,30531.0,Cornelia,MISC. FOOD BOX SHL,Dry Dry Dry Dry Food Misc.
188,172912,690,S-102,Sharing and Caring - Cornelia,476543,,FP/GNAP/USDA,FOOD PANTRY-Agency,BLUE RECEIPT-SHL,W-03-10013,70,0,0,2.1,70,HABERSHAM,0.03,1/11/2024 13:47,1/11/2024 8:24,Price Code 1,CUSTOMER PICKUP,False,Sharing Floor Athens,01-SH,30531.0,Cornelia,"ASSORTED BEVERAGES, SHL",Dry Dry Dry Dry Beverages
268,178240,5938,V-100,Victory Home / Helping Hand,480856,,ON PREMISES (OP),REHAB-Agency,BLUE RECEIPT-SHL,C-28-10001,72,0,0,2.16,72,HABERSHAM,0.03,4/3/2024 13:55,4/3/2024 10:33,Price Code 1,CUSTOMER PICKUP,False,Sharing Floor Rabun,02-SH,30573.0,Tallulah Falls,"PRODUCE, FRESH SHL",Cooled Cooled Cooled Cooled Mixed Produce
649,175473,170,G-132,Glade Creek Baptist Church,478102,,FP/GNAP/USDA,FAITH-BASED-Agency,USDA,N-50-10007,2,0,0,10.08,56,HABERSHAM,0.18,2/15/2024 9:25,2/15/2024 6:58,Price Code 1,CONTACT FOR DELIVERY,False,Rabun Warehouse,02,30563.0,Mt Airy,"USDA CORN, WHOLE KERNEL NO SALT",Dry Dry Dry Dry Vegetables
750,173197,875,C-176,Cornelia United Methodist Church,476827,,FP/OP,FOOD PANTRY-Agency,BLUE RECEIPT-SHL,W-04-10000,116,0,0,0.0,116,HABERSHAM,0.0,1/17/2024 12:32,1/17/2024 14:12,Price Code 1,CUSTOMER PICKUP,False,Sharing Floor Rabun,02-SH,30531.0,Cornelia,"BREAD & BAKERY, ASSORTED SHL",Dry Dry Dry Dry Grains
188,180408,9046,S-102,Sharing and Caring - Cornelia,483014,,FP/GNAP/USDA,FOOD PANTRY-Agency,GNAP,N-40-10280,5,0,0,0.0,50,HABERSHAM,0.0,5/15/2024 8:30,5/15/2024 7:19,Price Code 1,CONTACT FOR DELIVERY,False,Rabun Warehouse,02,30531.0,Cornelia,GNAP CHEESEBURGER DINNER,Dry Dry Dry Dry Prepared Meals
987,179441,2202,M-137,Mount Airy Baptist Church,482054,,OP/USDA,EMERGENCY-Agency,USDA,N-50-10240,4,0,0,15.84,88,HABERSHAM,0.18,4/24/2024 10:56,4/24/2024 9:39,Price Code 1,CONTACT FOR DELIVERY,False,Rabun Warehouse,02,30563.0,Mount Airy,USDA SPAGHETTI,Dry Dry Dry Dry Grains
1024,176477,7082,L-119,Life Church Baldwin,479101,,FP/USDA,MOBILE PANTRY-Agency,USDA,C-50-10033,17,0,0,0.0,204,HABERSHAM,0.0,3/8/2024 0:00,3/11/2024 7:54,Price Code 1,CONTACT FOR DELIVERY,False,Rabun Warehouse,02,30511.0,Baldwin,USDA SHREDDED YELLOW CHEDDAR CHEESE CCC,Cooled Cooled Cooled Cooled Dairy
665,172842,5958,C-173,Clarkesville Church of God,476473,,FP/GNAP/USDA,FAITH-BASED-Agency,BLUE RECEIPT-SHL,C-16-10001,80,0,0,14.4,80,HABERSHAM,0.18,1/10/2024 9:35,1/10/2024 8:38,Price Code 1,CUSTOMER PICKUP,False,Sharing Floor Athens,01-SH,30523.0,Clarkesville,"COOLER FOOD, MISC. SHL",Cooled Cooled Cooled Cooled Food Misc.
809,182581,8973,B-123,Breaking Chains Ministries d.b.a Freedom Hill,FAIMPORT485184,,ON PREMISES (OP),REHAB-Agency,BLUE RECEIPT-SHL,MCC-16-10001,12,0,0,0.0,12,HABERSHAM,0.0,6/24/2024 0:00,6/24/2024 0:00,Price Code 1,CUSTOMER PICKUP,False,Food Bank of Northeast Georgia,01,30535.0,Demorest,"COOLER FOOD MISC., SHL RETAIL PICKUP",Dry Dry Dry Dry Food Misc.
556,181279,8972,P-123,"Pilgrim Ministries, Inc.",FAIMPORT483884,,ON PREMISES (OP),REHAB-Agency,BLUE RECEIPT-SHL,MCF-15-10000,1,0,0,0.0,1,HABERSHAM,0.0,5/20/2024 0:00,5/20/2024 0:00,Price Code 1,CUSTOMER PICKUP,False,Food Bank of Northeast Georgia,01,30523.0,Clarkesville,"FROZEN MEAT & SEAFOOD, SHL RETAIL PICKUP",Dry Dry Dry Dry Proteins
665,175966,5088,C-173,Clarkesville Church of God,478594,,FP/GNAP/USDA,FAITH-BASED-Agency,USDA,F-50-90023,3,0,0,0.0,75,HABERSHAM,0.0,3/6/2024 9:35,3/11/2024 9:35,Price Code 1,CUSTOMER PICKUP,False,Food Bank of Northeast Georgia,01,30523.0,Clarkesville,USDA FROZEN PEACHES CCC,Frozen Frozen Frozen Frozen Fruits
198,176474,2856,S-112,Sharing and Caring - Clarkesville,479098,,FP/GNAP/USDA,FOOD PANTRY-Agency,GNAP,N-40-10206,2,0,0,0.0,40,HABERSHAM,0.0,3/5/2024 13:49,3/5/2024 7:08,Price Code 1,CUSTOMER PICKUP,False,Rabun Warehouse,02,30523.0,Clarkesville,GNAP CHICKEN NOODLE SOUP,Dry Dry Dry Dry Prepared Meals
902,177772,50,T-123,"The Lord's Help, Inc.",480391,,ON PREMISES (OP),SOUP KITCHEN-Agency,LOCAL - LL,W-16-10002,194,0,0,34.92,194,HABERSHAM,0.18,3/22/2024 15:19,3/22/2024 10:23,Price Code 1,CUSTOMER PICKUP,False,Sharing Floor Athens,01-SH,30531.0,Cornelia,MISC. FOOD BOX LL,Dry Dry Dry Dry Food Misc.
649,180418,9043,G-132,Glade Creek Baptist Church,483024,,FP/GNAP/USDA,FAITH-BASED-Agency,GNAP,N-40-10277,4,0,0,0.0,32,HABERSHAM,0.0,5/14/2024 8:30,5/14/2024 7:27,Price Code 1,CONTACT FOR DELIVERY,False,Rabun Warehouse,02,30563.0,Mt Airy,GNAP DELUXE SHELLS & CHEESE,Dry Dry Dry Dry Prepared Meals
649,178770,4449,G-132,Glade Creek Baptist Church,481384,,FP/GNAP/USDA,FAITH-BASED-Agency,USDA,F-50-90445,6,0,0,24.6,246,HABERSHAM,0.1,4/15/2024 9:25,4/15/2024 15:10,Price Code 1,CONTACT FOR DELIVERY,False,Rabun Warehouse,02,30563.0,Mt Airy,USDA FULLY COOKED PULLED PORK CCC,Frozen Frozen Frozen Frozen Proteins
1024,180084,8714,L-119,Life Church Baldwin,482692,,FP/USDA,MOBILE PANTRY-Agency,USDA,N-50-10303,9,0,0,0.0,216,HABERSHAM,0.0,5/10/2024 8:00,5/10/2024 14:24,Price Code 1,CUSTOMER PICKUP,False,Rabun Warehouse,02,30511.0,Baldwin,USDA GREEN SPLIT PEAS,Dry Dry Dry Dry Proteins
649,180418,7083,G-132,Glade Creek Baptist Church,483024,,FP/GNAP/USDA,FAITH-BASED-Agency,USDA,C-50-10029,10,0,0,21.6,120,HABERSHAM,0.18,5/14/2024 8:30,5/14/2024 7:27,Price Code 1,CONTACT FOR DELIVERY,False,Rabun Warehouse,02,30563.0,Mt Airy,"USDA MILD CHEDDAR CHEESE, BLOCK CCC",Cooled Cooled Cooled Cooled Dairy
329,181607,1674,O-109,Open Door Food Ministry (The Torch Church of God),484211,,FP/GNAP/USDA,FOOD PANTRY-Agency,USDA,N-50-10073,25,0,0,0.0,675,HABERSHAM,0.0,5/30/2024 14:23,6/1/2024 9:10,Price Code 1,TRACTOR TRAILER 1 MOBILE PANTRY,False,Food Bank of Northeast Georgia,01,30531.0,Cornelia,USDA TOMATO SAUCE,Dry Dry Dry Dry Vegetables
665,175562,3139,C-173,Clarkesville Church of God,478190,,FP/GNAP/USDA,FAITH-BASED-Agency,USDA,N-50-10290,1,0,0,4.5,25,HABERSHAM,0.18,2/21/2024 9:35,2/21/2024 8:54,Price Code 1,CUSTOMER PICKUP,False,Food Bank of Northeast Georgia,01,30523.0,Clarkesville,USDA WHOLE ALMONDS DRY ROASTED,Dry Dry Dry Dry Proteins
686,175149,5938,H-154,Habersham Homeless Ministries,477778,,FP/USDA,FOOD PANTRY-Agency,BLUE RECEIPT-SHL,C-28-10001,92,0,0,2.76,92,HABERSHAM,0.03,2/5/2024 14:10,2/5/2024 15:25,Price Code 1,CUSTOMER PICKUP,False,Sharing Floor Rabun,02-SH,30523.0,Clarkesville,"PRODUCE, FRESH SHL",Cooled Cooled Cooled Cooled Mixed Produce
198,175182,683,S-112,Sharing and Caring - Clarkesville,477811,,FP/GNAP/USDA,FOOD PANTRY-Agency,BLUE RECEIPT-SHL,W-16-10001,54,0,0,9.72,54,HABERSHAM,0.18,2/6/2024 13:49,2/6/2024 8:39,Price Code 1,CUSTOMER PICKUP,False,Sharing Floor Rabun,02-SH,30523.0,Clarkesville,MISC. FOOD BOX SHL,Dry Dry Dry Dry Food Misc.
665,180813,9052,C-173,Clarkesville Church of God,483419,,FP/GNAP/USDA,FAITH-BASED-Agency,GNAP,N-40-10283,3,0,0,0.0,60,HABERSHAM,0.0,5/22/2024 9:00,5/22/2024 9:20,Price Code 1,CUSTOMER PICKUP,False,Food Bank of Northeast Georgia,01,30523.0,Clarkesville,"GNAP 100% ORANGE TANGERINE JUICE, SINGLE SERVE",Dry Dry Dry Dry Beverages
750,182200,5388,C-176,Cornelia United Methodist Church,484804,,FP/OP,FOOD PANTRY-Agency,BLUE RECEIPT-SHL,F-16-10001,104,0,0,18.72,104,HABERSHAM,0.18,6/14/2024 12:32,6/14/2024 7:10,Price Code 1,CUSTOMER PICKUP,False,Sharing Floor Rabun,02-SH,30531.0,Cornelia,"ASSORTED FROZEN FOODS, SHL",Frozen Frozen Frozen Frozen Food Misc.
268,176751,875,V-100,Victory Home / Helping Hand,479374,,ON PREMISES (OP),REHAB-Agency,BLUE RECEIPT-SHL,W-04-10000,37,0,0,0.0,37,HABERSHAM,0.0,3/6/2024 13:55,3/6/2024 10:04,Price Code 1,CUSTOMER PICKUP,False,Sharing Floor Rabun,02-SH,30573.0,Tallulah Falls,"BREAD & BAKERY, ASSORTED SHL",Dry Dry Dry Dry Grains
665,173122,1047,C-173,Clarkesville Church of God,476752,,FP/GNAP/USDA,FAITH-BASED-Agency,USDA,N-50-10041,1,0,0,8.82,49,HABERSHAM,0.18,1/23/2024 9:35,1/23/2024 9:34,Price Code 1,CUSTOMER PICKUP,False,Food Bank of Northeast Georgia,01,30523.0,Clarkesville,USDA RICE,Dry Dry Dry Dry Grains
329,173840,170,O-109,Open Door Food Ministry (The Torch Church of God),477469,,FP/GNAP/USDA,FOOD PANTRY-Agency,USDA,N-50-10007,25,0,0,0.0,700,HABERSHAM,0.0,2/3/2024 7:00,2/14/2024 13:16,Price Code 1,TRACTOR TRAILER 1 MOBILE PANTRY,False,Food Bank of Northeast Georgia,01,30531.0,Cornelia,"USDA CORN, WHOLE KERNEL NO SALT",Dry Dry Dry Dry Vegetables
750,177712,5388,C-176,Cornelia United Methodist Church,480331,,FP/OP,FOOD PANTRY-Agency,BLUE RECEIPT-SHL,F-16-10001,164,0,0,29.52,164,HABERSHAM,0.18,3/21/2024 12:32,3/21/2024 10:31,Price Code 1,CONTACT FOR DELIVERY,False,Food Bank of Northeast Georgia,01,30531.0,Cornelia,"ASSORTED FROZEN FOODS, SHL",Frozen Frozen Frozen Frozen Food Misc.
869,173465,875,H-152,Homestead Recovery for Women,477094,,ON PREMISES (OP),REHAB-Agency,BLUE RECEIPT-SHL,W-04-10000,19,0,0,0.0,19,HABERSHAM,0.0,1/23/2024 10:35,1/23/2024 10:37,Price Code 1,CUSTOMER PICKUP,False,Sharing Floor Athens,01-SH,30523.0,Clarkesville,"BREAD & BAKERY, ASSORTED SHL",Dry Dry Dry Dry Grains
198,176666,875,S-112,Sharing and Caring - Clarkesville,479289,,FP/GNAP/USDA,FOOD PANTRY-Agency,BLUE RECEIPT-SHL,W-04-10000,37,0,0,0.0,37,HABERSHAM,0.0,3/5/2024 13:49,3/5/2024 8:31,Price Code 1,CUSTOMER PICKUP,False,Sharing Floor Rabun,02-SH,30523.0,Clarkesville,"BREAD & BAKERY, ASSORTED SHL",Dry Dry Dry Dry Grains
809,181701,688,B-123,Breaking Chains Ministries d.b.a Freedom Hill,484305,,ON PREMISES (OP),REHAB-Agency,BLUE RECEIPT-SHL,W-01-10000,241,0,0,43.38,241,HABERSHAM,0.18,5/31/2024 9:19,5/31/2024 14:54,Price Code 1,CUSTOMER PICKUP,False,Sharing Floor Rabun,02-SH,30535.0,Demorest,"ASSORTED NON-FOOD ITEMS, SHL",Dry Dry Dry Dry Non-Food Misc.
268,181194,50,V-100,Victory Home / Helping Hand,483799,,ON PREMISES (OP),REHAB-Agency,LOCAL - LL,W-16-10002,39,0,0,7.02,39,HABERSHAM,0.18,5/22/2024 13:55,5/22/2024 10:44,Price Code 1,CUSTOMER PICKUP,False,Sharing Floor Rabun,02-SH,30573.0,Tallulah Falls,MISC. FOOD BOX LL,Dry Dry Dry Dry Food Misc.
556,178377,690,P-123,"Pilgrim Ministries, Inc.",480993,,ON PREMISES (OP),REHAB-Agency,BLUE RECEIPT-SHL,W-03-10013,37,0,0,1.11,37,HABERSHAM,0.03,4/5/2024 14:14,4/5/2024 9:16,Price Code 1,CUSTOMER PICKUP,False,Sharing Floor Rabun,02-SH,30523.0,Clarkesville,"ASSORTED BEVERAGES, SHL",Dry Dry Dry Dry Beverages
665,173122,7082,C-173,Clarkesville Church of God,476752,,FP/GNAP/USDA,FAITH-BASED-Agency,USDA,C-50-10033,13,0,0,0.0,156,HABERSHAM,0.0,1/23/2024 9:35,1/23/2024 9:34,Price Code 1,CUSTOMER PICKUP,False,Food Bank of Northeast Georgia,01,30523.0,Clarkesville,USDA SHREDDED YELLOW CHEDDAR CHEESE CCC,Cooled Cooled Cooled Cooled Dairy
665,181177,683,C-173,Clarkesville Church of God,483782,,FP/GNAP/USDA,FAITH-BASED-Agency,BLUE RECEIPT-SHL,W-16-10001,339,0,0,61.02,339,HABERSHAM,0.18,5/22/2024 9:35,5/22/2024 8:43,Price Code 1,CUSTOMER PICKUP,False,Sharing Floor Athens,01-SH,30523.0,Clarkesville,MISC. FOOD BOX SHL,Dry Dry Dry Dry Food Misc.
649,178770,2202,G-132,Glade Creek Baptist Church,481384,,FP/GNAP/USDA,FAITH-BASED-Agency,USDA,N-50-10240,5,0,0,19.8,110,HABERSHAM,0.18,4/15/2024 9:25,4/15/2024 15:10,Price Code 1,CONTACT FOR DELIVERY,False,Rabun Warehouse,02,30563.0,Mt Airy,USDA SPAGHETTI,Dry Dry Dry Dry Grains
198,178404,800,S-112,Sharing and Caring - Clarkesville,481020,,FP/GNAP/USDA,FOOD PANTRY-Agency,USDA,N-50-10065,4,0,0,19.44,108,HABERSHAM,0.18,4/9/2024 9:00,4/9/2024 7:43,Price Code 1,CUSTOMER PICKUP,False,Rabun Warehouse,02,30523.0,Clarkesville,USDA APPLESAUCE,Dry Dry Dry Dry Fruits
665,177367,170,C-173,Clarkesville Church of God,479987,,FP/GNAP/USDA,FAITH-BASED-Agency,USDA,N-50-10007,1,0,0,5.04,28,HABERSHAM,0.18,3/20/2024 9:35,3/20/2024 9:12,Price Code 1,CUSTOMER PICKUP,False,Food Bank of Northeast Georgia,01,30523.0,Clarkesville,"USDA CORN, WHOLE KERNEL NO SALT",Dry Dry Dry Dry Vegetables
750,181203,5407,C-176,Cornelia United Methodist Church,483808,,FP/OP,FOOD PANTRY-Agency,BLUE RECEIPT-SHL,F-15-10000,54,0,0,9.72,54,HABERSHAM,0.18,5/22/2024 12:32,5/22/2024 13:27,Price Code 1,CUSTOMER PICKUP,False,Sharing Floor Rabun,02-SH,30531.0,Cornelia,"MEAT & SEAFOOD, FROZEN SHL",Frozen Frozen Frozen Frozen Proteins
665,177367,7284,C-173,Clarkesville Church of God,479987,,FP/GNAP/USDA,FAITH-BASED-Agency,USDA,C-50-10043,1,0,0,2.6,26,HABERSHAM,0.1,3/20/2024 9:35,3/20/2024 9:12,Price Code 1,CUSTOMER PICKUP,False,Food Bank of Northeast Georgia,01,30523.0,Clarkesville,USDA RED FAT AMERICAN CHEESE CCC,Cooled Cooled Cooled Cooled Dairy
1024,172708,4852,L-119,Life Church Baldwin,476339,,FP/USDA,MOBILE PANTRY-Agency,USDA,F-50-90035,8,0,0,46.08,256,HABERSHAM,0.18,1/11/2024 10:01,1/12/2024 14:52,Price Code 1,CONTACT FOR DELIVERY,False,Rabun Warehouse,02,30511.0,Baldwin,USDA FROZEN CHERRIES CCC,Frozen Frozen Frozen Frozen Fruits
55,180272,690,C-116,Circle of Hope,482878,,ON PREMISES (OP),SHELTER-Agency,BLUE RECEIPT-SHL,W-03-10013,124,0,0,3.72,124,HABERSHAM,0.03,5/6/2024 12:27,5/6/2024 11:18,Price Code 1,CUSTOMER PICKUP,False,Sharing Floor Rabun,02-SH,30531.0,Cornelia,"ASSORTED BEVERAGES, SHL",Dry Dry Dry Dry Beverages
329,181607,6816,O-109,Open Door Food Ministry (The Torch Church of God),484211,,FP/GNAP/USDA,FOOD PANTRY-Agency,BLUE RECEIPT-SHL,C-28-90345,84,0,0,0.0,4200,HABERSHAM,0.0,5/30/2024 14:23,6/1/2024 9:10,Price Code 1,TRACTOR TRAILER 1 MOBILE PANTRY,False,Food Bank of Northeast Georgia,01,30531.0,Cornelia,CARROTS,Cooled Cooled Cooled Cooled Vegetables
665,172842,683,C-173,Clarkesville Church of God,476473,,FP/GNAP/USDA,FAITH-BASED-Agency,BLUE RECEIPT-SHL,W-16-10001,120,0,0,21.6,120,HABERSHAM,0.18,1/10/2024 9:35,1/10/2024 8:38,Price Code 1,CUSTOMER PICKUP,False,Sharing Floor Athens,01-SH,30523.0,Clarkesville,MISC. FOOD BOX SHL,Dry Dry Dry Dry Food Misc.
665,181451,842,C-173,Clarkesville Church of God,484055,,FP/GNAP/USDA,FAITH-BASED-Agency,USDA,N-50-10021,2,0,0,9.72,54,HABERSHAM,0.18,6/6/2024 8:00,6/6/2024 9:04,Price Code 1,CUSTOMER PICKUP,False,Food Bank of Northeast Georgia,01,30523.0,Clarkesville,USDA DICED TOMATOES NO SALT CCC,Dry Dry Dry Dry Vegetables
560,175085,842,B-133,Ballew House Outreach,477715,,FP/OP/GNAP/USDA,FOOD PANTRY-Agency,USDA,N-50-10021,2,0,0,9.72,54,HABERSHAM,0.18,2/8/2024 13:49,2/8/2024 11:04,Price Code 1,CUSTOMER PICKUP,False,Rabun Warehouse,02,30510.0,Alto,USDA DICED TOMATOES NO SALT CCC,Dry Dry Dry Dry Vegetables
198,176636,842,S-112,Sharing and Caring - Clarkesville,479259,,FP/GNAP/USDA,FOOD PANTRY-Agency,USDA,N-50-10021,2,0,0,9.72,54,HABERSHAM,0.18,3/12/2024 13:49,3/12/2024 8:16,Price Code 1,CUSTOMER PICKUP,False,Rabun Warehouse,02,30523.0,Clarkesville,USDA DICED TOMATOES NO SALT CCC,Dry Dry Dry Dry Vegetables
665,173642,7284,C-173,Clarkesville Church of God,477271,,FP/GNAP/USDA,FAITH-BASED-Agency,USDA,C-50-10043,1,0,0,4.68,26,HABERSHAM,0.18,2/7/2024 9:35,2/7/2024 9:17,Price Code 1,CUSTOMER PICKUP,False,Food Bank of Northeast Georgia,01,30523.0,Clarkesville,USDA RED FAT AMERICAN CHEESE CCC,Cooled Cooled Cooled Cooled Dairy
665,178999,5637,C-173,Clarkesville Church of God,481613,,FP/GNAP/USDA,FAITH-BASED-Agency,USDA,F-50-90019,3,0,0,0.0,90,HABERSHAM,0.0,4/24/2024 9:35,4/24/2024 8:54,Price Code 1,CUSTOMER PICKUP,False,Food Bank of Northeast Georgia,01,30523.0,Clarkesville,USDA FROZEN BLUEBERRIES CCC,Frozen Frozen Frozen Frozen Fruits
649,176661,1791,G-132,Glade Creek Baptist Church,479284,,FP/GNAP/USDA,FAITH-BASED-Agency,USDA,N-50-10079,2,0,0,9.36,52,HABERSHAM,0.18,3/6/2024 9:25,3/6/2024 8:25,Price Code 1,CONTACT FOR DELIVERY,False,Rabun Warehouse,02,30563.0,Mt Airy,USDA WALNUT HALVES AND PIECES,Dry Dry Dry Dry Proteins
869,173465,696,H-152,Homestead Recovery for Women,477094,,ON PREMISES (OP),REHAB-Agency,LOCAL - LL,W-25-10000,31,0,0,5.58,31,HABERSHAM,0.18,1/23/2024 10:35,1/23/2024 10:37,Price Code 1,CUSTOMER PICKUP,False,Sharing Floor Athens,01-SH,30523.0,Clarkesville,"ASSORTED SNACK ITEMS, LL",Dry Dry Dry Dry Food Misc.
268,172469,5388,V-100,Victory Home / Helping Hand,476100,,ON PREMISES (OP),REHAB-Agency,BLUE RECEIPT-SHL,F-16-10001,32,0,0,5.76,32,HABERSHAM,0.18,1/3/2024 13:55,1/3/2024 10:43,Price Code 1,CUSTOMER PICKUP,False,Sharing Floor Rabun,02-SH,30573.0,Tallulah Falls,"ASSORTED FROZEN FOODS, SHL",Frozen Frozen Frozen Frozen Food Misc.
750,181203,2081,C-176,Cornelia United Methodist Church,483808,,FP/OP,FOOD PANTRY-Agency,BLUE RECEIPT-SHL,W-30-10002,138,0,0,24.84,138,HABERSHAM,0.18,5/22/2024 12:32,5/22/2024 13:27,Price Code 1,CUSTOMER PICKUP,False,Sharing Floor Rabun,02-SH,30531.0,Cornelia,"UNSORTED SALVAGE, SHL",Dry Dry Dry Dry Unsorted Salvage
665,173122,5088,C-173,Clarkesville Church of God,476752,,FP/GNAP/USDA,FAITH-BASED-Agency,USDA,F-50-90023,5,0,0,0.0,125,HABERSHAM,0.0,1/23/2024 9:35,1/23/2024 9:34,Price Code 1,CUSTOMER PICKUP,False,Food Bank of Northeast Georgia,01,30523.0,Clarkesville,USDA FROZEN PEACHES CCC,Frozen Frozen Frozen Frozen Fruits
268,178661,690,V-100,Victory Home / Helping Hand,481277,,ON PREMISES (OP),REHAB-Agency,BLUE RECEIPT-SHL,W-03-10013,119,0,0,3.57,119,HABERSHAM,0.03,4/10/2024 13:55,4/10/2024 10:31,Price Code 1,CUSTOMER PICKUP,False,Sharing Floor Rabun,02-SH,30573.0,Tallulah Falls,"ASSORTED BEVERAGES, SHL",Dry Dry Dry Dry Beverages
665,181177,5958,C-173,Clarkesville Church of God,483782,,FP/GNAP/USDA,FAITH-BASED-Agency,BLUE RECEIPT-SHL,C-16-10001,43,0,0,7.74,43,HABERSHAM,0.18,5/22/2024 9:35,5/22/2024 8:43,Price Code 1,CUSTOMER PICKUP,False,Sharing Floor Athens,01-SH,30523.0,Clarkesville,"COOLER FOOD, MISC. SHL",Cooled Cooled Cooled Cooled Food Misc.
329,173840,4448,O-109,Open Door Food Ministry (The Torch Church of God),477469,,FP/GNAP/USDA,FOOD PANTRY-Agency,USDA,F-50-90446,62,0,0,0.0,1736,HABERSHAM,0.0,2/3/2024 7:00,2/14/2024 13:16,Price Code 1,TRACTOR TRAILER 1 MOBILE PANTRY,False,Food Bank of Northeast Georgia,01,30531.0,Cornelia,USDA FROZEN STRAWBERRY FRUIT CUPS,Frozen Frozen Frozen Frozen Fruits
329,173840,7082,O-109,Open Door Food Ministry (The Torch Church of God),477469,,FP/GNAP/USDA,FOOD PANTRY-Agency,USDA,C-50-10033,93,0,0,0.0,1116,HABERSHAM,0.0,2/3/2024 7:00,2/14/2024 13:16,Price Code 1,TRACTOR TRAILER 1 MOBILE PANTRY,False,Food Bank of Northeast Georgia,01,30531.0,Cornelia,USDA SHREDDED YELLOW CHEDDAR CHEESE CCC,Cooled Cooled Cooled Cooled Dairy
198,182092,875,S-112,Sharing and Caring - Clarkesville,484696,,FP/GNAP/USDA,FOOD PANTRY-Agency,BLUE RECEIPT-SHL,W-04-10000,7,0,0,0.0,7,HABERSHAM,0.0,6/11/2024 13:49,6/11/2024 8:03,Price Code 1,CUSTOMER PICKUP,False,Sharing Floor Rabun,02-SH,30523.0,Clarkesville,"BREAD & BAKERY, ASSORTED SHL",Dry Dry Dry Dry Grains
198,173098,5388,S-112,Sharing and Caring - Clarkesville,476728,,FP/GNAP/USDA,FOOD PANTRY-Agency,BLUE RECEIPT-SHL,F-16-10001,72,0,0,12.96,72,HABERSHAM,0.18,1/16/2024 13:49,1/16/2024 9:00,Price Code 1,CUSTOMER PICKUP,False,Sharing Floor Rabun,02-SH,30523.0,Clarkesville,"ASSORTED FROZEN FOODS, SHL",Frozen Frozen Frozen Frozen Food Misc.
55,176615,5388,C-116,Circle of Hope,479239,,ON PREMISES (OP),SHELTER-Agency,BLUE RECEIPT-SHL,F-16-10001,12,0,0,2.16,12,HABERSHAM,0.18,3/4/2024 12:27,3/4/2024 10:59,Price Code 1,CUSTOMER PICKUP,False,Sharing Floor Rabun,02-SH,30531.0,Cornelia,"ASSORTED FROZEN FOODS, SHL",Frozen Frozen Frozen Frozen Food Misc.
665,175966,8863,C-173,Clarkesville Church of God,478594,,FP/GNAP/USDA,FAITH-BASED-Agency,LOCAL - LL,N-25-11941,3,0,0,1.62,9,HABERSHAM,0.18,3/6/2024 9:35,3/11/2024 9:35,Price Code 1,CUSTOMER PICKUP,False,Food Bank of Northeast Georgia,01,30523.0,Clarkesville,DOT'S CRUNCH CURLS,Dry Dry Dry Dry Food Misc.
268,181506,690,V-100,Victory Home / Helping Hand,484110,,ON PREMISES (OP),REHAB-Agency,BLUE RECEIPT-SHL,W-03-10013,50,0,0,1.5,50,HABERSHAM,0.03,5/29/2024 13:55,5/29/2024 10:19,Price Code 1,CUSTOMER PICKUP,False,Sharing Floor Rabun,02-SH,30573.0,Tallulah Falls,"ASSORTED BEVERAGES, SHL",Dry Dry Dry Dry Beverages
268,172858,5388,V-100,Victory Home / Helping Hand,476489,,ON PREMISES (OP),REHAB-Agency,BLUE RECEIPT-SHL,F-16-10001,45,0,0,8.1,45,HABERSHAM,0.18,1/10/2024 13:55,1/10/2024 10:35,Price Code 1,CUSTOMER PICKUP,False,Sharing Floor Rabun,02-SH,30573.0,Tallulah Falls,"ASSORTED FROZEN FOODS, SHL",Frozen Frozen Frozen Frozen Food Misc.
198,173448,5407,S-112,Sharing and Caring - Clarkesville,477077,,FP/GNAP/USDA,FOOD PANTRY-Agency,BLUE RECEIPT-SHL,F-15-10000,31,0,0,5.58,31,HABERSHAM,0.18,1/23/2024 13:49,1/23/2024 8:53,Price Code 1,CUSTOMER PICKUP,False,Sharing Floor Rabun,02-SH,30523.0,Clarkesville,"MEAT & SEAFOOD, FROZEN SHL",Frozen Frozen Frozen Frozen Proteins
329,180343,5407,O-109,Open Door Food Ministry (The Torch Church of God),482949,,FP/GNAP/USDA,FOOD PANTRY-Agency,BLUE RECEIPT-SHL,F-15-10000,737,0,0,73.7,737,HABERSHAM,0.1,5/7/2024 14:23,5/7/2024 10:56,Price Code 1,CUSTOMER PICKUP,False,Food Bank of Northeast Georgia,01,30531.0,Cornelia,"MEAT & SEAFOOD, FROZEN SHL",Frozen Frozen Frozen Frozen Proteins
649,175473,7061,G-132,Glade Creek Baptist Church,478102,,FP/GNAP/USDA,FAITH-BASED-Agency,USDA,C-50-10021,4,0,0,16.8,168,HABERSHAM,0.1,2/15/2024 9:25,2/15/2024 6:58,Price Code 1,CONTACT FOR DELIVERY,False,Rabun Warehouse,02,30563.0,Mt Airy,USDA FRESH ORANGES,Cooled Cooled Cooled Cooled Fruits
665,177035,690,C-173,Clarkesville Church of God,479657,,FP/GNAP/USDA,FAITH-BASED-Agency,BLUE RECEIPT-SHL,W-03-10013,217,0,0,0.0,217,HABERSHAM,0.0,3/11/2024 9:35,3/11/2024 8:43,Price Code 1,CUSTOMER PICKUP,False,Sharing Floor Athens,01-SH,30523.0,Clarkesville,"ASSORTED BEVERAGES, SHL",Dry Dry Dry Dry Beverages
623,182103,8690,C-171,Clarkesville Soup Kitchen,484707,,OP/USDA,SOUP KITCHEN-Agency,USDA,N-50-10302,4,0,0,10.08,56,HABERSHAM,0.18,6/24/2024 10:00,6/24/2024 7:16,Price Code 1,CUSTOMER PICKUP,False,Rabun Warehouse,02,30523.0,Clarkesville,USDA GREEN BEANS CCC,Dry Dry Dry Dry Vegetables
632,177076,3943,H-141,Hazel Creek Baptist Church,479698,,FP/USDA,FOOD PANTRY-Agency,USDA,N-50-10268,4,0,0,4.56,152,HABERSHAM,0.03,3/14/2024 8:32,3/14/2024 12:54,Price Code 1,CUSTOMER PICKUP,False,Rabun Warehouse,02,30563.0,Mt. Airy,USDA APPLE JUICE,Dry Dry Dry Dry Beverages
329,172495,8627,O-109,Open Door Food Ministry (The Torch Church of God),476126,,FP/GNAP/USDA,FOOD PANTRY-Agency,USDA,N-50-10300,50,0,0,0.0,700,HABERSHAM,0.0,1/6/2024 7:00,1/9/2024 11:26,Price Code 1,TRUCK 1 MOBILE PANTRY,False,Food Bank of Northeast Georgia,01,30531.0,Cornelia,USDA CANNED COLLARD GREENS CCC,Dry Dry Dry Dry Vegetables
665,172317,4676,C-173,Clarkesville Church of God,475948,,FP/GNAP/USDA,FAITH-BASED-Agency,USDA,F-50-90031,1,0,0,0.72,24,HABERSHAM,0.03,1/10/2024 9:35,1/26/2024 8:59,Price Code 1,CUSTOMER PICKUP,False,Food Bank of Northeast Georgia,01,30523.0,Clarkesville,USDA FROZEN BLUEBERRIES CCC,Frozen Frozen Frozen Frozen Fruits
329,181607,6420,O-109,Open Door Food Ministry (The Torch Church of God),484211,,FP/GNAP/USDA,FOOD PANTRY-Agency,BLUE RECEIPT-SHL,C-28-90141,39,0,0,0.0,1950,HABERSHAM,0.0,5/30/2024 14:23,6/1/2024 9:10,Price Code 1,TRACTOR TRAILER 1 MOBILE PANTRY,False,Food Bank of Northeast Georgia,01,30531.0,Cornelia,ONIONS,Cooled Cooled Cooled Cooled Vegetables
198,180855,7083,S-112,Sharing and Caring - Clarkesville,483461,,FP/GNAP/USDA,FOOD PANTRY-Agency,USDA,C-50-10029,3,0,0,6.48,36,HABERSHAM,0.18,5/21/2024 8:30,5/21/2024 8:50,Price Code 1,CUSTOMER PICKUP,False,Rabun Warehouse,02,30523.0,Clarkesville,"USDA MILD CHEDDAR CHEESE, BLOCK CCC",Cooled Cooled Cooled Cooled Dairy
987,181128,5388,M-137,Mount Airy Baptist Church,483733,,OP/USDA,EMERGENCY-Agency,BLUE RECEIPT-SHL,F-16-10001,27,0,0,4.86,27,HABERSHAM,0.18,5/21/2024 10:30,5/21/2024 10:34,Price Code 1,CONTACT FOR DELIVERY,False,Sharing Floor Rabun,02-SH,30563.0,Mount Airy,"ASSORTED FROZEN FOODS, SHL",Frozen Frozen Frozen Frozen Food Misc.
188,173010,84,S-102,Sharing and Caring - Cornelia,476640,,FP/GNAP/USDA,FOOD PANTRY-Agency,USDA,N-50-10006,4,0,0,19.44,108,HABERSHAM,0.18,1/19/2024 9:00,1/19/2024 7:01,Price Code 1,CONTACT FOR DELIVERY,False,Rabun Warehouse,02,30531.0,Cornelia,USDA GREEN BEANS,Dry Dry Dry Dry Vegetables
198,177656,842,S-112,Sharing and Caring - Clarkesville,480276,,FP/GNAP/USDA,FOOD PANTRY-Agency,USDA,N-50-10021,3,0,0,14.58,81,HABERSHAM,0.18,3/26/2024 13:49,3/26/2024 8:12,Price Code 1,CUSTOMER PICKUP,False,Rabun Warehouse,02,30523.0,Clarkesville,USDA DICED TOMATOES NO SALT CCC,Dry Dry Dry Dry Vegetables
188,175977,688,S-102,Sharing and Caring - Cornelia,478605,,FP/GNAP/USDA,FOOD PANTRY-Agency,BLUE RECEIPT-SHL,W-01-10000,2,0,0,0.36,2,HABERSHAM,0.18,2/21/2024 13:47,2/21/2024 15:09,Price Code 1,CUSTOMER PICKUP,False,Sharing Floor Rabun,02-SH,30531.0,Cornelia,"ASSORTED NON-FOOD ITEMS, SHL",Dry Dry Dry Dry Non-Food Misc.
329,182309,6692,O-109,Open Door Food Ministry (The Torch Church of God),484913,,FP/GNAP/USDA,FOOD PANTRY-Agency,LOCAL - LL,C-28-90422,42,0,0,0.0,2100,HABERSHAM,0.0,6/18/2024 10:00,6/18/2024 9:03,Price Code 1,TRUCK 1,False,Food Bank of Northeast Georgia,01,30531.0,Cornelia,"APPLES, LL",Cooled Cooled Cooled Cooled Fruits
665,177624,875,C-173,Clarkesville Church of God,480244,,FP/GNAP/USDA,FAITH-BASED-Agency,BLUE RECEIPT-SHL,W-04-10000,29,0,0,0.0,29,HABERSHAM,0.0,3/20/2024 9:35,3/20/2024 8:43,Price Code 1,CUSTOMER PICKUP,False,Sharing Floor Athens,01-SH,30523.0,Clarkesville,"BREAD & BAKERY, ASSORTED SHL",Dry Dry Dry Dry Grains
665,178129,3139,C-173,Clarkesville Church of God,480748,,FP/GNAP/USDA,FAITH-BASED-Agency,USDA,N-50-10290,1,0,0,4.5,25,HABERSHAM,0.18,4/10/2024 9:35,4/10/2024 9:20,Price Code 1,CUSTOMER PICKUP,False,Food Bank of Northeast Georgia,01,30523.0,Clarkesville,USDA WHOLE ALMONDS DRY ROASTED,Dry Dry Dry Dry Proteins
329,178306,800,O-109,Open Door Food Ministry (The Torch Church of God),480922,,FP/GNAP/USDA,FOOD PANTRY-Agency,USDA,N-50-10065,25,0,0,0.0,675,HABERSHAM,0.0,4/6/2024 7:30,4/16/2024 9:05,Price Code 1,TRACTOR TRAILER 1 MOBILE PANTRY,False,Food Bank of Northeast Georgia,01,30531.0,Cornelia,USDA APPLESAUCE,Dry Dry Dry Dry Fruits
665,180195,5637,C-173,Clarkesville Church of God,482801,,FP/GNAP/USDA,FAITH-BASED-Agency,USDA,F-50-90019,2,0,0,0.0,60,HABERSHAM,0.0,5/8/2024 10:20,5/8/2024 9:02,Price Code 1,CUSTOMER PICKUP,False,Food Bank of Northeast Georgia,01,30523.0,Clarkesville,USDA FROZEN BLUEBERRIES CCC,Frozen Frozen Frozen Frozen Fruits
188,179937,688,S-102,Sharing and Caring - Cornelia,482547,,FP/GNAP/USDA,FOOD PANTRY-Agency,BLUE RECEIPT-SHL,W-01-10000,299,0,0,53.82,299,HABERSHAM,0.18,5/6/2024 13:47,5/6/2024 10:08,Price Code 1,CUSTOMER PICKUP,False,Sharing Floor Rabun,02-SH,30531.0,Cornelia,"ASSORTED NON-FOOD ITEMS, SHL",Dry Dry Dry Dry Non-Food Misc.
665,175966,8903,C-173,Clarkesville Church of God,478594,,FP/GNAP/USDA,FAITH-BASED-Agency,YELLOW RECEIPT - SHN,N-16-10181,2,0,0,1.8,10,HABERSHAM,0.18,3/6/2024 9:35,3/11/2024 9:35,Price Code 1,CUSTOMER PICKUP,False,Food Bank of Northeast Georgia,01,30523.0,Clarkesville,STOVE TOP STUFFING - TURKEY/CHICKEN/CORNBREAD,Dry Dry Dry Dry Prepared Meals
560,175345,690,B-133,Ballew House Outreach,477974,,FP/OP/GNAP/USDA,FOOD PANTRY-Agency,BLUE RECEIPT-SHL,W-03-10013,26,0,0,0.78,26,HABERSHAM,0.03,2/8/2024 13:49,2/8/2024 11:38,Price Code 1,CUSTOMER PICKUP,False,Sharing Floor Rabun,02-SH,30510.0,Alto,"ASSORTED BEVERAGES, SHL",Dry Dry Dry Dry Beverages
198,179245,4788,S-112,Sharing and Caring - Clarkesville,481858,,FP/GNAP/USDA,FOOD PANTRY-Agency,USDA,F-50-90039,2,0,0,14.4,80,HABERSHAM,0.18,4/23/2024 13:49,4/23/2024 8:31,Price Code 1,CUSTOMER PICKUP,False,Rabun Warehouse,02,30523.0,Clarkesville,USDA CATFISH FILLETS CCC,Frozen Frozen Frozen Frozen Proteins
55,180006,8974,C-116,Circle of Hope,FAIMPORT482614,,ON PREMISES (OP),SHELTER-Agency,BLUE RECEIPT-SHL,MCW-04-10000,17,0,0,0.0,17,HABERSHAM,0.0,4/22/2024 0:00,4/22/2024 0:00,Price Code 1,CUSTOMER PICKUP,False,Food Bank of Northeast Georgia,01,30531.0,Cornelia,"BREAD AND BAKERY, SHL RETAIL PICKUPS",Dry Dry Dry Dry Grains
665,181451,9086,C-173,Clarkesville Church of God,484055,,FP/GNAP/USDA,FAITH-BASED-Agency,GNAP,N-40-10289,3,0,0,0.0,30,HABERSHAM,0.0,6/6/2024 8:00,6/6/2024 9:04,Price Code 1,CUSTOMER PICKUP,False,Food Bank of Northeast Georgia,01,30523.0,Clarkesville,GNAP MEAT STICKS,Dry Dry Dry Dry Proteins
665,175662,6983,C-173,Clarkesville Church of God,478290,,FP/GNAP/USDA,FAITH-BASED-Agency,LOCAL - LL,C-28-90426,1,0,0,4.0,40,HABERSHAM,0.1,2/21/2024 9:35,2/21/2024 8:54,Price Code 1,CUSTOMER PICKUP,False,Food Bank of Northeast Georgia,01,30523.0,Clarkesville,SWEET POTATOES,Cooled Cooled Cooled Cooled Potatoes
750,179568,50,C-176,Cornelia United Methodist Church,482181,,FP/OP,FOOD PANTRY-Agency,LOCAL - LL,W-16-10002,207,0,0,37.26,207,HABERSHAM,0.18,4/24/2024 12:32,4/24/2024 14:05,Price Code 1,CUSTOMER PICKUP,False,Sharing Floor Rabun,02-SH,30531.0,Cornelia,MISC. FOOD BOX LL,Dry Dry Dry Dry Food Misc.
665,172317,8891,C-173,Clarkesville Church of God,475948,,FP/GNAP/USDA,FAITH-BASED-Agency,LFB,N-01-90133,9,0,0,16.2,90,HABERSHAM,0.18,1/10/2024 9:35,1/26/2024 8:59,Price Code 1,CUSTOMER PICKUP,False,Food Bank of Northeast Georgia,01,30523.0,Clarkesville,PULUPS 4T/5T,Dry Dry Dry Dry Non-Food Misc.
1024,172708,1791,L-119,Life Church Baldwin,476339,,FP/USDA,MOBILE PANTRY-Agency,USDA,N-50-10079,5,0,0,23.4,130,HABERSHAM,0.18,1/11/2024 10:01,1/12/2024 14:52,Price Code 1,CONTACT FOR DELIVERY,False,Rabun Warehouse,02,30511.0,Baldwin,USDA WALNUT HALVES AND PIECES,Dry Dry Dry Dry Proteins
869,175281,690,H-152,Homestead Recovery for Women,477910,,ON PREMISES (OP),REHAB-Agency,BLUE RECEIPT-SHL,W-03-10013,30,0,0,0.0,30,HABERSHAM,0.0,2/7/2024 10:35,2/7/2024 11:02,Price Code 1,CUSTOMER PICKUP,False,Sharing Floor Athens,01-SH,30523.0,Clarkesville,"ASSORTED BEVERAGES, SHL",Dry Dry Dry Dry Beverages
329,176281,84,O-109,Open Door Food Ministry (The Torch Church of God),478906,,FP/GNAP/USDA,FOOD PANTRY-Agency,USDA,N-50-10006,25,0,0,0.0,675,HABERSHAM,0.0,3/2/2024 7:00,3/4/2024 6:57,Price Code 1,TRACTOR TRAILER 1 MOBILE PANTRY,False,Food Bank of Northeast Georgia,01,30531.0,Cornelia,USDA GREEN BEANS,Dry Dry Dry Dry Vegetables
560,180532,1045,B-133,Ballew House Outreach,483138,,FP/OP/GNAP/USDA,FOOD PANTRY-Agency,BLUE RECEIPT-SHL,W-25-10009,56,0,0,10.08,56,HABERSHAM,0.18,5/9/2024 13:49,5/9/2024 11:36,Price Code 1,CUSTOMER PICKUP,False,Sharing Floor Rabun,02-SH,30510.0,Alto,"ASSORTED SNACK ITEMS, SHL",Dry Dry Dry Dry Food Misc.
55,176204,683,C-116,Circle of Hope,478830,,ON PREMISES (OP),SHELTER-Agency,BLUE RECEIPT-SHL,W-16-10001,29,0,0,5.22,29,HABERSHAM,0.18,2/26/2024 12:27,2/26/2024 11:16,Price Code 1,CUSTOMER PICKUP,False,Sharing Floor Rabun,02-SH,30531.0,Cornelia,MISC. FOOD BOX SHL,Dry Dry Dry Dry Food Misc.
268,182199,690,V-100,Victory Home / Helping Hand,484803,,ON PREMISES (OP),REHAB-Agency,BLUE RECEIPT-SHL,W-03-10013,75,0,0,2.25,75,HABERSHAM,0.03,6/14/2024 13:55,6/14/2024 7:08,Price Code 1,CUSTOMER PICKUP,False,Sharing Floor Rabun,02-SH,30573.0,Tallulah Falls,"ASSORTED BEVERAGES, SHL",Dry Dry Dry Dry Beverages
665,181905,4737,C-173,Clarkesville Church of God,484509,,FP/GNAP/USDA,FAITH-BASED-Agency,USDA,F-50-90456,1,0,0,7.2,40,HABERSHAM,0.18,6/20/2024 8:30,6/25/2024 15:47,Price Code 1,CUSTOMER PICKUP,False,Food Bank of Northeast Georgia,01,30523.0,Clarkesville,USDA PORK PATTY,Frozen Frozen Frozen Frozen Proteins
665,175966,8922,C-173,Clarkesville Church of God,478594,,FP/GNAP/USDA,FAITH-BASED-Agency,LOCAL - LL,N-25-11954,3,0,0,2.7,15,HABERSHAM,0.18,3/6/2024 9:35,3/11/2024 9:35,Price Code 1,CUSTOMER PICKUP,False,Food Bank of Northeast Georgia,01,30523.0,Clarkesville,ATKINS VAR PACK CHOC PEANUT/CARAMEL,Dry Dry Dry Dry Food Misc.
329,178306,8997,O-109,Open Door Food Ministry (The Torch Church of God),480922,,FP/GNAP/USDA,FOOD PANTRY-Agency,USDA,N-50-10312,50,0,0,0.0,600,HABERSHAM,0.0,4/6/2024 7:30,4/16/2024 9:05,Price Code 1,TRACTOR TRAILER 1 MOBILE PANTRY,False,Food Bank of Northeast Georgia,01,30531.0,Cornelia,USDA CHILI W/ BEANS CCC,Dry Dry Dry Dry Prepared Meals
1024,181633,170,L-119,Life Church Baldwin,484237,,FP/USDA,MOBILE PANTRY-Agency,USDA,N-50-10007,5,0,0,25.2,140,HABERSHAM,0.18,6/4/2024 10:00,6/7/2024 7:07,Price Code 1,CUSTOMER PICKUP,False,Rabun Warehouse,02,30511.0,Baldwin,"USDA CORN, WHOLE KERNEL NO SALT",Dry Dry Dry Dry Vegetables
329,179922,6816,O-109,Open Door Food Ministry (The Torch Church of God),482533,,FP/GNAP/USDA,FOOD PANTRY-Agency,BLUE RECEIPT-SHL,C-28-90345,30,0,0,0.0,1500,HABERSHAM,0.0,5/4/2024 7:00,5/4/2024 6:01,Price Code 1,TRACTOR TRAILER 1 MOBILE PANTRY,False,Food Bank of Northeast Georgia,01,30531.0,Cornelia,CARROTS,Cooled Cooled Cooled Cooled Vegetables
329,181124,8940,O-109,Open Door Food Ministry (The Torch Church of God),483729,,FP/GNAP/USDA,FOOD PANTRY-Agency,BLUE RECEIPT-SHL,C-28-90531,35,0,0,0.0,1820,HABERSHAM,0.0,5/21/2024 14:23,5/22/2024 7:11,Price Code 1,CONTACT FOR DELIVERY,False,Food Bank of Northeast Georgia,01,30531.0,Cornelia,"CABBAGE, SHL 50#",Cooled Cooled Cooled Cooled Vegetables
198,177656,2856,S-112,Sharing and Caring - Clarkesville,480276,,FP/GNAP/USDA,FOOD PANTRY-Agency,GNAP,N-40-10206,3,0,0,0.0,60,HABERSHAM,0.0,3/26/2024 13:49,3/26/2024 8:12,Price Code 1,CUSTOMER PICKUP,False,Rabun Warehouse,02,30523.0,Clarkesville,GNAP CHICKEN NOODLE SOUP,Dry Dry Dry Dry Prepared Meals
329,179922,842,O-109,Open Door Food Ministry (The Torch Church of God),482533,,FP/GNAP/USDA,FOOD PANTRY-Agency,USDA,N-50-10021,25,0,0,0.0,675,HABERSHAM,0.0,5/4/2024 7:00,5/4/2024 6:01,Price Code 1,TRACTOR TRAILER 1 MOBILE PANTRY,False,Food Bank of Northeast Georgia,01,30531.0,Cornelia,USDA DICED TOMATOES NO SALT CCC,Dry Dry Dry Dry Vegetables
809,172709,696,B-123,Breaking Chains Ministries d.b.a Freedom Hill,476340,,ON PREMISES (OP),REHAB-Agency,LOCAL - LL,W-25-10000,493,0,0,88.74,493,HABERSHAM,0.18,1/8/2024 9:19,1/8/2024 10:04,Price Code 1,CUSTOMER PICKUP,False,Sharing Floor Athens,01-SH,30535.0,Demorest,"ASSORTED SNACK ITEMS, LL",Dry Dry Dry Dry Food Misc.
198,181421,683,S-112,Sharing and Caring - Clarkesville,484025,,FP/GNAP/USDA,FOOD PANTRY-Agency,BLUE RECEIPT-SHL,W-16-10001,98,0,0,17.64,98,HABERSHAM,0.18,5/28/2024 13:49,5/28/2024 8:39,Price Code 1,CUSTOMER PICKUP,False,Sharing Floor Rabun,02-SH,30523.0,Clarkesville,MISC. FOOD BOX SHL,Dry Dry Dry Dry Food Misc.
902,177302,690,T-123,"The Lord's Help, Inc.",479922,,ON PREMISES (OP),SOUP KITCHEN-Agency,BLUE RECEIPT-SHL,W-03-10013,95,0,0,0.0,95,HABERSHAM,0.0,3/14/2024 15:19,3/14/2024 10:30,Price Code 1,CUSTOMER PICKUP,False,Sharing Floor Athens,01-SH,30531.0,Cornelia,"ASSORTED BEVERAGES, SHL",Dry Dry Dry Dry Beverages
665,181913,9091,C-173,Clarkesville Church of God,484517,,FP/GNAP/USDA,FAITH-BASED-Agency,LOCAL - LL,F-15-90562,8,0,0,15.84,88,HABERSHAM,0.18,6/20/2024 9:30,6/25/2024 15:47,Price Code 1,CUSTOMER PICKUP,False,Food Bank of Northeast Georgia,01,30523.0,Clarkesville,TYSON CHICKEN BREAST STRIPS,Frozen Frozen Frozen Frozen Prepared Meals
55,180272,50,C-116,Circle of Hope,482878,,ON PREMISES (OP),SHELTER-Agency,LOCAL - LL,W-16-10002,63,0,0,11.34,63,HABERSHAM,0.18,5/6/2024 12:27,5/6/2024 11:18,Price Code 1,CUSTOMER PICKUP,False,Sharing Floor Rabun,02-SH,30531.0,Cornelia,MISC. FOOD BOX LL,Dry Dry Dry Dry Food Misc.
188,178262,5938,S-102,Sharing and Caring - Cornelia,480878,,FP/GNAP/USDA,FOOD PANTRY-Agency,BLUE RECEIPT-SHL,C-28-10001,62,0,0,1.86,62,HABERSHAM,0.03,4/3/2024 13:47,4/3/2024 14:59,Price Code 1,CUSTOMER PICKUP,False,Sharing Floor Athens,01-SH,30531.0,Cornelia,"PRODUCE, FRESH SHL",Cooled Cooled Cooled Cooled Mixed Produce
623,181085,683,C-171,Clarkesville Soup Kitchen,483690,,OP/USDA,SOUP KITCHEN-Agency,BLUE RECEIPT-SHL,W-16-10001,95,0,0,17.1,95,HABERSHAM,0.18,5/20/2024 11:47,5/20/2024 10:34,Price Code 1,CUSTOMER PICKUP,False,Sharing Floor Rabun,02-SH,30523.0,Clarkesville,MISC. FOOD BOX SHL,Dry Dry Dry Dry Food Misc.
902,177302,875,T-123,"The Lord's Help, Inc.",479922,,ON PREMISES (OP),SOUP KITCHEN-Agency,BLUE RECEIPT-SHL,W-04-10000,57,0,0,0.0,57,HABERSHAM,0.0,3/14/2024 15:19,3/14/2024 10:30,Price Code 1,CUSTOMER PICKUP,False,Sharing Floor Athens,01-SH,30531.0,Cornelia,"BREAD & BAKERY, ASSORTED SHL",Dry Dry Dry Dry Grains
665,177624,875,C-173,Clarkesville Church of God,480244,,FP/GNAP/USDA,FAITH-BASED-Agency,BLUE RECEIPT-SHL,W-04-10000,57,0,0,0.0,57,HABERSHAM,0.0,3/20/2024 9:35,3/20/2024 8:43,Price Code 1,CUSTOMER PICKUP,False,Sharing Floor Athens,01-SH,30523.0,Clarkesville,"BREAD & BAKERY, ASSORTED SHL",Dry Dry Dry Dry Grains
55,180643,8975,C-116,Circle of Hope,FAIMPORT483249,,ON PREMISES (OP),SHELTER-Agency,BLUE RECEIPT-SHL,MCC-07-10001,68,0,0,0.0,68,HABERSHAM,0.0,5/9/2024 0:00,5/9/2024 0:00,Price Code 1,CUSTOMER PICKUP,False,Food Bank of Northeast Georgia,01,30531.0,Cornelia,"DAIRY PRODUCTS, SHL RETAIL PICKUPS",Dry Dry Dry Dry Dairy
665,178999,7167,C-173,Clarkesville Church of God,481613,,FP/GNAP/USDA,FAITH-BASED-Agency,BLUE RECEIPT-SHL,N-03-11200,2,0,0,0.0,20,HABERSHAM,0.0,4/24/2024 9:35,4/24/2024 8:54,Price Code 1,CUSTOMER PICKUP,False,Food Bank of Northeast Georgia,01,30523.0,Clarkesville,DR PEPPER ZERO SUGAR,Dry Dry Dry Dry Beverages
198,177222,842,S-112,Sharing and Caring - Clarkesville,479842,,FP/GNAP/USDA,FOOD PANTRY-Agency,USDA,N-50-10021,2,0,0,9.72,54,HABERSHAM,0.18,3/19/2024 8:49,3/19/2024 8:09,Price Code 1,CUSTOMER PICKUP,False,Rabun Warehouse,02,30523.0,Clarkesville,USDA DICED TOMATOES NO SALT CCC,Dry Dry Dry Dry Vegetables
1024,172708,84,L-119,Life Church Baldwin,476339,,FP/USDA,MOBILE PANTRY-Agency,USDA,N-50-10006,9,0,0,43.74,243,HABERSHAM,0.18,1/11/2024 10:01,1/12/2024 14:52,Price Code 1,CONTACT FOR DELIVERY,False,Rabun Warehouse,02,30511.0,Baldwin,USDA GREEN BEANS,Dry Dry Dry Dry Vegetables
329,181607,9085,O-109,Open Door Food Ministry (The Torch Church of God),484211,,FP/GNAP/USDA,FOOD PANTRY-Agency,USDA,F-50-90476,78,0,0,0.0,3120,HABERSHAM,0.0,5/30/2024 14:23,6/1/2024 9:10,Price Code 1,TRACTOR TRAILER 1 MOBILE PANTRY,False,Food Bank of Northeast Georgia,01,30531.0,Cornelia,USDA PORK LOIN BONELESS CHOPS CCC,Frozen Frozen Frozen Frozen Proteins
198,179245,8497,S-112,Sharing and Caring - Clarkesville,481858,,FP/GNAP/USDA,FOOD PANTRY-Agency,USDA,C-50-10048,3,0,0,4.8,96,HABERSHAM,0.05,4/23/2024 13:49,4/23/2024 8:31,Price Code 1,CUSTOMER PICKUP,False,Rabun Warehouse,02,30523.0,Clarkesville,USDA MANDARIN ORANGES,Cooled Cooled Cooled Cooled Fruits
188,175583,690,S-102,Sharing and Caring - Cornelia,478211,,FP/GNAP/USDA,FOOD PANTRY-Agency,BLUE RECEIPT-SHL,W-03-10013,256,0,0,0.0,256,HABERSHAM,0.0,2/13/2024 13:47,2/13/2024 14:11,Price Code 1,CUSTOMER PICKUP,False,Sharing Floor Athens,01-SH,30531.0,Cornelia,"ASSORTED BEVERAGES, SHL",Dry Dry Dry Dry Beverages
665,181451,4737,C-173,Clarkesville Church of God,484055,,FP/GNAP/USDA,FAITH-BASED-Agency,USDA,F-50-90456,1,0,0,7.2,40,HABERSHAM,0.18,6/6/2024 8:00,6/6/2024 9:04,Price Code 1,CUSTOMER PICKUP,False,Food Bank of Northeast Georgia,01,30523.0,Clarkesville,USDA PORK PATTY,Frozen Frozen Frozen Frozen Proteins
329,175298,8672,O-109,Open Door Food Ministry (The Torch Church of God),477927,,FP/GNAP/USDA,FOOD PANTRY-Agency,USDA,N-50-10301,25,0,0,0.0,600,HABERSHAM,0.0,2/12/2024 14:23,2/12/2024 8:10,Price Code 1,CONTACT FOR DELIVERY,False,Rabun Warehouse,02,30531.0,Cornelia,USDA YELLOW SPLIT PEAS,Dry Dry Dry Dry Proteins
665,178129,6979,C-173,Clarkesville Church of God,480748,,FP/GNAP/USDA,FAITH-BASED-Agency,USDA,C-50-10017,2,0,0,2.4,80,HABERSHAM,0.03,4/10/2024 9:35,4/10/2024 9:20,Price Code 1,CUSTOMER PICKUP,False,Food Bank of Northeast Georgia,01,30523.0,Clarkesville,"USDA 2% MILK, FRESH CCC",Cooled Cooled Cooled Cooled Dairy
329,172495,4761,O-109,Open Door Food Ministry (The Torch Church of God),476126,,FP/GNAP/USDA,FOOD PANTRY-Agency,USDA,F-50-90454,43,0,0,0.0,1333,HABERSHAM,0.0,1/6/2024 7:00,1/9/2024 11:26,Price Code 1,TRUCK 1 MOBILE PANTRY,False,Food Bank of Northeast Georgia,01,30531.0,Cornelia,USDA FROZEN STRAWBERRIES CCC,Frozen Frozen Frozen Frozen Fruits
560,172932,875,B-133,Ballew House Outreach,476563,,FP/OP/GNAP/USDA,FOOD PANTRY-Agency,BLUE RECEIPT-SHL,W-04-10000,10,0,0,0.0,10,HABERSHAM,0.0,1/11/2024 13:49,1/11/2024 11:31,Price Code 1,CUSTOMER PICKUP,False,Sharing Floor Rabun,02-SH,30510.0,Alto,"BREAD & BAKERY, ASSORTED SHL",Dry Dry Dry Dry Grains
556,173295,683,P-123,"Pilgrim Ministries, Inc.",476924,,ON PREMISES (OP),REHAB-Agency,BLUE RECEIPT-SHL,W-16-10001,38,0,0,6.84,38,HABERSHAM,0.18,1/19/2024 14:14,1/19/2024 9:22,Price Code 1,CUSTOMER PICKUP,False,Sharing Floor Rabun,02-SH,30523.0,Clarkesville,MISC. FOOD BOX SHL,Dry Dry Dry Dry Food Misc.
198,176470,8714,S-112,Sharing and Caring - Clarkesville,479094,,FP/GNAP/USDA,FOOD PANTRY-Agency,USDA,N-50-10303,3,0,0,0.0,72,HABERSHAM,0.0,3/5/2024 13:49,3/5/2024 7:08,Price Code 1,CUSTOMER PICKUP,False,Rabun Warehouse,02,30523.0,Clarkesville,USDA GREEN SPLIT PEAS,Dry Dry Dry Dry Proteins
987,175214,7082,M-137,Mount Airy Baptist Church,477843,,OP/USDA,EMERGENCY-Agency,USDA,C-50-10033,12,0,0,0.0,144,HABERSHAM,0.0,2/7/2024 11:55,2/7/2024 11:13,Price Code 1,CONTACT FOR DELIVERY,False,Rabun Warehouse,02,30563.0,Mount Airy,USDA SHREDDED YELLOW CHEDDAR CHEESE CCC,Cooled Cooled Cooled Cooled Dairy
188,182638,683,S-102,Sharing and Caring - Cornelia,485241,,FP/GNAP/USDA,FOOD PANTRY-Agency,BLUE RECEIPT-SHL,W-16-10001,205,0,0,36.9,205,HABERSHAM,0.18,6/28/2024 13:47,6/28/2024 14:53,Price Code 1,CUSTOMER PICKUP,False,Sharing Floor Rabun,02-SH,30531.0,Cornelia,MISC. FOOD BOX SHL,Dry Dry Dry Dry Food Misc.
198,181119,688,S-112,Sharing and Caring - Clarkesville,483724,,FP/GNAP/USDA,FOOD PANTRY-Agency,BLUE RECEIPT-SHL,W-01-10000,3,0,0,0.54,3,HABERSHAM,0.18,5/21/2024 13:49,5/21/2024 8:40,Price Code 1,CUSTOMER PICKUP,False,Sharing Floor Rabun,02-SH,30523.0,Clarkesville,"ASSORTED NON-FOOD ITEMS, SHL",Dry Dry Dry Dry Non-Food Misc.
623,178511,875,C-171,Clarkesville Soup Kitchen,481127,,OP/USDA,SOUP KITCHEN-Agency,BLUE RECEIPT-SHL,W-04-10000,190,0,0,0.0,190,HABERSHAM,0.0,4/8/2024 11:47,4/8/2024 10:08,Price Code 1,CUSTOMER PICKUP,False,Sharing Floor Rabun,02-SH,30523.0,Clarkesville,"BREAD & BAKERY, ASSORTED SHL",Dry Dry Dry Dry Grains
632,181062,3203,H-141,Hazel Creek Baptist Church,483667,,FP/USDA,FOOD PANTRY-Agency,USDA,N-50-10289,2,0,0,9.0,50,HABERSHAM,0.18,5/22/2024 14:00,5/30/2024 12:36,Price Code 1,CUSTOMER PICKUP,False,Rabun Warehouse,02,30563.0,Mt. Airy,USDA PECAN PIECES,Dry Dry Dry Dry Proteins
198,181119,875,S-112,Sharing and Caring - Clarkesville,483724,,FP/GNAP/USDA,FOOD PANTRY-Agency,BLUE RECEIPT-SHL,W-04-10000,39,0,0,0.0,39,HABERSHAM,0.0,5/21/2024 13:49,5/21/2024 8:40,Price Code 1,CUSTOMER PICKUP,False,Sharing Floor Rabun,02-SH,30523.0,Clarkesville,"BREAD & BAKERY, ASSORTED SHL",Dry Dry Dry Dry Grains
268,173529,690,V-100,Victory Home / Helping Hand,477158,,ON PREMISES (OP),REHAB-Agency,BLUE RECEIPT-SHL,W-03-10013,60,0,0,1.8,60,HABERSHAM,0.03,1/24/2024 13:55,1/24/2024 10:08,Price Code 1,CUSTOMER PICKUP,False,Sharing Floor Rabun,02-SH,30573.0,Tallulah Falls,"ASSORTED BEVERAGES, SHL",Dry Dry Dry Dry Beverages
198,180855,4411,S-112,Sharing and Caring - Clarkesville,483461,,FP/GNAP/USDA,FOOD PANTRY-Agency,USDA,F-50-90465,3,0,0,11.34,63,HABERSHAM,0.18,5/21/2024 8:30,5/21/2024 8:50,Price Code 1,CUSTOMER PICKUP,False,Rabun Warehouse,02,30523.0,Clarkesville,USDA WILD CAUGHT GULF SHRIMP,Frozen Frozen Frozen Frozen Proteins
665,175966,1822,C-173,Clarkesville Church of God,478594,,FP/GNAP/USDA,FAITH-BASED-Agency,GNAP,N-40-10140,2,0,0,0.0,36,HABERSHAM,0.0,3/6/2024 9:35,3/11/2024 9:35,Price Code 1,CUSTOMER PICKUP,False,Food Bank of Northeast Georgia,01,30523.0,Clarkesville,GNAP TUNA LIGHT CHUNK,Dry Dry Dry Dry Proteins
329,177124,6791,O-109,Open Door Food Ministry (The Torch Church of God),479745,,FP/GNAP/USDA,FOOD PANTRY-Agency,BLUE RECEIPT-SHL,C-28-90306,28,0,0,0.0,28,HABERSHAM,0.0,3/12/2024 14:23,3/27/2024 10:04,Price Code 1,TRUCK 1 MOBILE PANTRY,False,Food Bank of Northeast Georgia,01,30531.0,Cornelia,"APPLES, SHL",Cooled Cooled Cooled Cooled Fruits
902,179208,8986,T-123,"The Lord's Help, Inc.",FAIMPORT481821,,ON PREMISES (OP),SOUP KITCHEN-Agency,BLUE RECEIPT-SHL,MCW-01-10001,5,0,0,0.0,5,HABERSHAM,0.0,4/16/2024 0:00,4/16/2024 0:00,Price Code 1,CUSTOMER PICKUP,False,Food Bank of Northeast Georgia,01,30531.0,Cornelia,"NON-FOOD ITEMS, SHL RETAIL PICKUPS",Dry Dry Dry Dry Non-Food Misc.
809,181845,8972,B-123,Breaking Chains Ministries d.b.a Freedom Hill,FAIMPORT484449,,ON PREMISES (OP),REHAB-Agency,BLUE RECEIPT-SHL,MCF-15-10000,12,0,0,0.0,12,HABERSHAM,0.0,6/3/2024 0:00,6/3/2024 0:00,Price Code 1,CUSTOMER PICKUP,False,Food Bank of Northeast Georgia,01,30535.0,Demorest,"FROZEN MEAT & SEAFOOD, SHL RETAIL PICKUP",Dry Dry Dry Dry Proteins
750,175967,5388,C-176,Cornelia United Methodist Church,478595,,FP/OP,FOOD PANTRY-Agency,BLUE RECEIPT-SHL,F-16-10001,53,0,0,9.54,53,HABERSHAM,0.18,2/21/2024 12:32,2/21/2024 13:22,Price Code 1,CUSTOMER PICKUP,False,Sharing Floor Rabun,02-SH,30531.0,Cornelia,"ASSORTED FROZEN FOODS, SHL",Frozen Frozen Frozen Frozen Food Misc.
665,175966,8984,C-173,Clarkesville Church of God,478594,,FP/GNAP/USDA,FAITH-BASED-Agency,BLUE RECEIPT-SHL,F-15-90557,6,0,0,6.48,36,HABERSHAM,0.18,3/6/2024 9:35,3/11/2024 9:35,Price Code 1,CUSTOMER PICKUP,False,Food Bank of Northeast Georgia,01,30523.0,Clarkesville,HORMEL PORK ROAST WITH AU JUS SAUCE,Frozen Frozen Frozen Frozen Proteins
268,182485,5938,V-100,Victory Home / Helping Hand,485089,,ON PREMISES (OP),REHAB-Agency,BLUE RECEIPT-SHL,C-28-10001,95,0,0,2.85,95,HABERSHAM,0.03,6/21/2024 13:55,6/21/2024 14:46,Price Code 1,CUSTOMER PICKUP,False,Sharing Floor Rabun,02-SH,30573.0,Tallulah Falls,"PRODUCE, FRESH SHL",Cooled Cooled Cooled Cooled Mixed Produce
665,175933,92,C-173,Clarkesville Church of God,478561,,FP/GNAP/USDA,FAITH-BASED-Agency,LOCAL - LL,W-01-10002,61,0,0,10.98,61,HABERSHAM,0.18,2/21/2024 9:35,2/21/2024 8:34,Price Code 1,CUSTOMER PICKUP,False,Sharing Floor Athens,01-SH,30523.0,Clarkesville,"ASSORTED NON-FOOD ITEMS, LL",Dry Dry Dry Dry Non-Food Misc.
665,173863,3204,C-173,Clarkesville Church of God,477492,,FP/GNAP/USDA,FAITH-BASED-Agency,GNAP,N-40-10217,3,0,0,2.7,27,HABERSHAM,0.1,2/7/2024 9:35,2/7/2024 9:19,Price Code 1,CUSTOMER PICKUP,False,Food Bank of Northeast Georgia,01,30523.0,Clarkesville,GNAP CANNED HAM,Dry Dry Dry Dry Proteins
665,175261,690,C-173,Clarkesville Church of God,477890,,FP/GNAP/USDA,FAITH-BASED-Agency,BLUE RECEIPT-SHL,W-03-10013,202,0,0,0.0,202,HABERSHAM,0.0,2/7/2024 9:35,2/7/2024 8:29,Price Code 1,CUSTOMER PICKUP,False,Sharing Floor Athens,01-SH,30523.0,Clarkesville,"ASSORTED BEVERAGES, SHL",Dry Dry Dry Dry Beverages
665,177555,8497,C-173,Clarkesville Church of God,480175,,FP/GNAP/USDA,FAITH-BASED-Agency,USDA,C-50-10048,1,0,0,1.6,32,HABERSHAM,0.05,3/20/2024 9:35,3/20/2024 9:10,Price Code 1,CUSTOMER PICKUP,False,Food Bank of Northeast Georgia,01,30523.0,Clarkesville,USDA MANDARIN ORANGES,Cooled Cooled Cooled Cooled Fruits
329,179922,7073,O-109,Open Door Food Ministry (The Torch Church of God),482533,,FP/GNAP/USDA,FOOD PANTRY-Agency,BLUE RECEIPT-SHL,C-28-90494,918,0,0,0.0,918,HABERSHAM,0.0,5/4/2024 7:00,5/4/2024 6:01,Price Code 1,TRACTOR TRAILER 1 MOBILE PANTRY,False,Food Bank of Northeast Georgia,01,30531.0,Cornelia,"CAULIFLOWER, SHL",Cooled Cooled Cooled Cooled Vegetables
623,179885,4449,C-171,Clarkesville Soup Kitchen,482496,,OP/USDA,SOUP KITCHEN-Agency,USDA,F-50-90445,1,0,0,4.1,41,HABERSHAM,0.1,5/6/2024 10:30,5/6/2024 10:06,Price Code 1,CUSTOMER PICKUP,False,Rabun Warehouse,02,30523.0,Clarkesville,USDA FULLY COOKED PULLED PORK CCC,Frozen Frozen Frozen Frozen Proteins
665,178129,8951,C-173,Clarkesville Church of God,480748,,FP/GNAP/USDA,FAITH-BASED-Agency,BLUE RECEIPT-SHL,N-05-10197,2,0,0,5.04,28,HABERSHAM,0.18,4/10/2024 9:35,4/10/2024 9:20,Price Code 1,CUSTOMER PICKUP,False,Food Bank of Northeast Georgia,01,30523.0,Clarkesville,BERRY COLOSSAL CRUNCH CEREAL,Dry Dry Dry Dry Grains
268,180415,690,V-100,Victory Home / Helping Hand,483021,,ON PREMISES (OP),REHAB-Agency,BLUE RECEIPT-SHL,W-03-10013,44,0,0,1.32,44,HABERSHAM,0.03,5/8/2024 13:55,5/8/2024 10:24,Price Code 1,CUSTOMER PICKUP,False,Sharing Floor Rabun,02-SH,30573.0,Tallulah Falls,"ASSORTED BEVERAGES, SHL",Dry Dry Dry Dry Beverages
665,181451,1047,C-173,Clarkesville Church of God,484055,,FP/GNAP/USDA,FAITH-BASED-Agency,USDA,N-50-10041,1,0,0,8.82,49,HABERSHAM,0.18,6/6/2024 8:00,6/6/2024 9:04,Price Code 1,CUSTOMER PICKUP,False,Food Bank of Northeast Georgia,01,30523.0,Clarkesville,USDA RICE,Dry Dry Dry Dry Grains
198,178833,8497,S-112,Sharing and Caring - Clarkesville,481447,,FP/GNAP/USDA,FOOD PANTRY-Agency,USDA,C-50-10048,3,0,0,4.8,96,HABERSHAM,0.05,4/16/2024 13:49,4/16/2024 8:04,Price Code 1,CUSTOMER PICKUP,False,Rabun Warehouse,02,30523.0,Clarkesville,USDA MANDARIN ORANGES,Cooled Cooled Cooled Cooled Fruits
268,182199,688,V-100,Victory Home / Helping Hand,484803,,ON PREMISES (OP),REHAB-Agency,BLUE RECEIPT-SHL,W-01-10000,36,0,0,6.48,36,HABERSHAM,0.18,6/14/2024 13:55,6/14/2024 7:08,Price Code 1,CUSTOMER PICKUP,False,Sharing Floor Rabun,02-SH,30573.0,Tallulah Falls,"ASSORTED NON-FOOD ITEMS, SHL",Dry Dry Dry Dry Non-Food Misc.
329,179024,7413,O-109,Open Door Food Ministry (The Torch Church of God),481638,,FP/GNAP/USDA,FOOD PANTRY-Agency,PURCH,C-28-90524,74,0,0,0.0,1480,HABERSHAM,0.0,4/16/2024 14:23,4/16/2024 9:07,Price Code 1,TRUCK 1,False,Food Bank of Northeast Georgia,01,30531.0,Cornelia,"BELL PEPPERS, GREEN",Cooled Cooled Cooled Cooled Vegetables
623,179919,50,C-171,Clarkesville Soup Kitchen,482530,,OP/USDA,SOUP KITCHEN-Agency,LOCAL - LL,W-16-10002,27,0,0,4.86,27,HABERSHAM,0.18,4/30/2024 11:47,5/1/2024 7:04,Price Code 1,CUSTOMER PICKUP,False,Sharing Floor Rabun,02-SH,30523.0,Clarkesville,MISC. FOOD BOX LL,Dry Dry Dry Dry Food Misc.
902,181317,8973,T-123,"The Lord's Help, Inc.",FAIMPORT483921,,ON PREMISES (OP),SOUP KITCHEN-Agency,BLUE RECEIPT-SHL,MCC-16-10001,190,0,0,0.0,190,HABERSHAM,0.0,5/21/2024 0:00,5/21/2024 0:00,Price Code 1,CUSTOMER PICKUP,False,Food Bank of Northeast Georgia,01,30531.0,Cornelia,"COOLER FOOD MISC., SHL RETAIL PICKUP",Dry Dry Dry Dry Food Misc.
665,175966,1349,C-173,Clarkesville Church of God,478594,,FP/GNAP/USDA,FAITH-BASED-Agency,GNAP,N-40-10056,2,0,0,0.0,54,HABERSHAM,0.0,3/6/2024 9:35,3/11/2024 9:35,Price Code 1,CUSTOMER PICKUP,False,Food Bank of Northeast Georgia,01,30523.0,Clarkesville,GNAP MIXED FRUIT IN JUICE,Dry Dry Dry Dry Fruits
649,172555,8853,G-132,Glade Creek Baptist Church,476186,,FP/GNAP/USDA,FAITH-BASED-Agency,PURCH,N-23-10011,10,0,0,23.4,130,HABERSHAM,0.18,1/9/2024 9:25,1/9/2024 14:55,Price Code 1,CONTACT FOR DELIVERY,False,Rabun Warehouse,02,30563.0,Mt Airy,"CRUNCHY PEANUT BUTTER, MEIJER",Dry Dry Dry Dry Proteins
198,177275,3122,S-112,Sharing and Caring - Clarkesville,479895,,FP/GNAP/USDA,FOOD PANTRY-Agency,GNAP,N-40-10174,3,0,0,0.0,42,HABERSHAM,0.0,3/19/2024 8:49,3/19/2024 8:09,Price Code 1,CUSTOMER PICKUP,False,Rabun Warehouse,02,30523.0,Clarkesville,"GNAP BLACKEYE PEAS, LOW SODIUM",Dry Dry Dry Dry Proteins
329,180762,8512,O-109,Open Door Food Ministry (The Torch Church of God),483368,,FP/GNAP/USDA,FOOD PANTRY-Agency,USDA,C-50-10049,54,0,0,0.0,2106,HABERSHAM,0.0,5/14/2024 14:23,5/14/2024 10:42,Price Code 1,CONTACT FOR DELIVERY,False,Food Bank of Northeast Georgia,01,30531.0,Cornelia,USDA GRAPEFRUIT CCC,Cooled Cooled Cooled Cooled Fruits
665,175562,8903,C-173,Clarkesville Church of God,478190,,FP/GNAP/USDA,FAITH-BASED-Agency,YELLOW RECEIPT - SHN,N-16-10181,2,0,0,1.8,10,HABERSHAM,0.18,2/21/2024 9:35,2/21/2024 8:54,Price Code 1,CUSTOMER PICKUP,False,Food Bank of Northeast Georgia,01,30523.0,Clarkesville,STOVE TOP STUFFING - TURKEY/CHICKEN/CORNBREAD,Dry Dry Dry Dry Prepared Meals
198,177222,1047,S-112,Sharing and Caring - Clarkesville,479842,,FP/GNAP/USDA,FOOD PANTRY-Agency,USDA,N-50-10041,2,0,0,17.64,98,HABERSHAM,0.18,3/19/2024 8:49,3/19/2024 8:09,Price Code 1,CUSTOMER PICKUP,False,Rabun Warehouse,02,30523.0,Clarkesville,USDA RICE,Dry Dry Dry Dry Grains
665,175966,8964,C-173,Clarkesville Church of God,478594,,FP/GNAP/USDA,FAITH-BASED-Agency,YELLOW RECEIPT - SHN,N-25-11961,2,0,0,1.8,10,HABERSHAM,0.18,3/6/2024 9:35,3/11/2024 9:35,Price Code 1,CUSTOMER PICKUP,False,Food Bank of Northeast Georgia,01,30523.0,Clarkesville,SNACK PACK CINNABON PUDDING,Dry Dry Dry Dry Food Misc.
665,180562,4269,C-173,Clarkesville Church of God,483168,,FP/GNAP/USDA,FAITH-BASED-Agency,USDA,N-50-10273,3,0,0,12.96,72,HABERSHAM,0.18,5/22/2024 8:45,5/22/2024 9:20,Price Code 1,CUSTOMER PICKUP,False,Food Bank of Northeast Georgia,01,30523.0,Clarkesville,USDA DRY NAVY BEANS CCC,Dry Dry Dry Dry Proteins
556,173295,5388,P-123,"Pilgrim Ministries, Inc.",476924,,ON PREMISES (OP),REHAB-Agency,BLUE RECEIPT-SHL,F-16-10001,51,0,0,9.18,51,HABERSHAM,0.18,1/19/2024 14:14,1/19/2024 9:22,Price Code 1,CUSTOMER PICKUP,False,Sharing Floor Rabun,02-SH,30523.0,Clarkesville,"ASSORTED FROZEN FOODS, SHL",Frozen Frozen Frozen Frozen Food Misc.
869,175960,5407,H-152,Homestead Recovery for Women,478588,,ON PREMISES (OP),REHAB-Agency,BLUE RECEIPT-SHL,F-15-10000,30,0,0,0.0,30,HABERSHAM,0.0,2/21/2024 10:35,2/21/2024 11:32,Price Code 1,CUSTOMER PICKUP,False,Sharing Floor Athens,01-SH,30523.0,Clarkesville,"MEAT & SEAFOOD, FROZEN SHL",Frozen Frozen Frozen Frozen Proteins
329,179922,8783,O-109,Open Door Food Ministry (The Torch Church of God),482533,,FP/GNAP/USDA,FOOD PANTRY-Agency,USDA,N-50-10308,50,0,0,0.0,1150,HABERSHAM,0.0,5/4/2024 7:00,5/4/2024 6:01,Price Code 1,TRACTOR TRAILER 1 MOBILE PANTRY,False,Food Bank of Northeast Georgia,01,30531.0,Cornelia,USDA RAISINS,Dry Dry Dry Dry Fruits
188,173898,890,S-102,Sharing and Caring - Cornelia,477527,,FP/GNAP/USDA,FOOD PANTRY-Agency,GNAP,N-40-10001,10,0,0,27.0,270,HABERSHAM,0.1,2/7/2024 8:30,2/7/2024 9:22,Price Code 1,CONTACT FOR DELIVERY,False,Rabun Warehouse,02,30531.0,Cornelia,GNAP APPLE SAUCE,Dry Dry Dry Dry Fruits
560,178808,1045,B-133,Ballew House Outreach,481422,,FP/OP/GNAP/USDA,FOOD PANTRY-Agency,BLUE RECEIPT-SHL,W-25-10009,23,0,0,4.14,23,HABERSHAM,0.18,4/11/2024 13:49,4/11/2024 11:31,Price Code 1,CUSTOMER PICKUP,False,Sharing Floor Rabun,02-SH,30510.0,Alto,"ASSORTED SNACK ITEMS, SHL",Dry Dry Dry Dry Food Misc.
665,178129,170,C-173,Clarkesville Church of God,480748,,FP/GNAP/USDA,FAITH-BASED-Agency,USDA,N-50-10007,1,0,0,5.04,28,HABERSHAM,0.18,4/10/2024 9:35,4/10/2024 9:20,Price Code 1,CUSTOMER PICKUP,False,Food Bank of Northeast Georgia,01,30523.0,Clarkesville,"USDA CORN, WHOLE KERNEL NO SALT",Dry Dry Dry Dry Vegetables
329,179922,5938,O-109,Open Door Food Ministry (The Torch Church of God),482533,,FP/GNAP/USDA,FOOD PANTRY-Agency,BLUE RECEIPT-SHL,C-28-10001,2650,0,0,0.0,2650,HABERSHAM,0.0,5/4/2024 7:00,5/4/2024 6:01,Price Code 1,TRACTOR TRAILER 1 MOBILE PANTRY,False,Food Bank of Northeast Georgia,01,30531.0,Cornelia,"PRODUCE, FRESH SHL",Cooled Cooled Cooled Cooled Mixed Produce
1024,181633,7083,L-119,Life Church Baldwin,484237,,FP/USDA,MOBILE PANTRY-Agency,USDA,C-50-10029,9,0,0,19.44,108,HABERSHAM,0.18,6/4/2024 10:00,6/7/2024 7:07,Price Code 1,CUSTOMER PICKUP,False,Rabun Warehouse,02,30511.0,Baldwin,"USDA MILD CHEDDAR CHEESE, BLOCK CCC",Cooled Cooled Cooled Cooled Dairy
329,181607,84,O-109,Open Door Food Ministry (The Torch Church of God),484211,,FP/GNAP/USDA,FOOD PANTRY-Agency,USDA,N-50-10006,25,0,0,0.0,675,HABERSHAM,0.0,5/30/2024 14:23,6/1/2024 9:10,Price Code 1,TRACTOR TRAILER 1 MOBILE PANTRY,False,Food Bank of Northeast Georgia,01,30531.0,Cornelia,USDA GREEN BEANS,Dry Dry Dry Dry Vegetables
188,178262,50,S-102,Sharing and Caring - Cornelia,480878,,FP/GNAP/USDA,FOOD PANTRY-Agency,LOCAL - LL,W-16-10002,71,0,0,12.78,71,HABERSHAM,0.18,4/3/2024 13:47,4/3/2024 14:59,Price Code 1,CUSTOMER PICKUP,False,Sharing Floor Athens,01-SH,30531.0,Cornelia,MISC. FOOD BOX LL,Dry Dry Dry Dry Food Misc.
665,181905,9015,C-173,Clarkesville Church of God,484509,,FP/GNAP/USDA,FAITH-BASED-Agency,USDA,N-50-10314,1,0,0,8.82,49,HABERSHAM,0.18,6/20/2024 8:30,6/25/2024 15:47,Price Code 1,CUSTOMER PICKUP,False,Food Bank of Northeast Georgia,01,30523.0,Clarkesville,USDA RICE CCC,Dry Dry Dry Dry Grains
902,182153,8970,T-123,"The Lord's Help, Inc.",FAIMPORT484757,,ON PREMISES (OP),SOUP KITCHEN-Agency,BLUE RECEIPT-SHL,MCW-16-10001,49,0,0,0.0,49,HABERSHAM,0.0,6/11/2024 0:00,6/11/2024 0:00,Price Code 1,CUSTOMER PICKUP,False,Food Bank of Northeast Georgia,01,30531.0,Cornelia,"MISC. FOOD BOX, SHL RETAIL PICKUP",Dry Dry Dry Dry Food Misc.
1024,176477,8720,L-119,Life Church Baldwin,479101,,FP/USDA,MOBILE PANTRY-Agency,USDA,N-50-10305,17,0,0,42.84,238,HABERSHAM,0.18,3/8/2024 0:00,3/11/2024 7:54,Price Code 1,CONTACT FOR DELIVERY,False,Rabun Warehouse,02,30511.0,Baldwin,USDA MIXED VegetablesCCC,Dry Dry Dry Dry Vegetables
665,173122,1356,C-173,Clarkesville Church of God,476752,,FP/GNAP/USDA,FAITH-BASED-Agency,GNAP,N-40-10131,2,0,0,2.2,22,HABERSHAM,0.1,1/23/2024 9:35,1/23/2024 9:34,Price Code 1,CUSTOMER PICKUP,False,Food Bank of Northeast Georgia,01,30523.0,Clarkesville,GNAP CHUNK CHICKEN,Dry Dry Dry Dry Proteins
901,180816,8931,H-150,Habersham County Senior Center,483422,,FP/USDA,SENIOR-Agency,SBB-O,N-16-20003,42,0,0,0.0,924,HABERSHAM,0.0,5/15/2024 9:30,5/15/2024 7:18,Price Code 1,CONTACT FOR DELIVERY,False,Rabun Warehouse,02,30535.0,Demorest,SENIOR STAPLES BOX - ASSORTED USDA,Dry Dry Dry Dry Food Misc.
665,175261,5407,C-173,Clarkesville Church of God,477890,,FP/GNAP/USDA,FAITH-BASED-Agency,BLUE RECEIPT-SHL,F-15-10000,232,0,0,41.76,232,HABERSHAM,0.18,2/7/2024 9:35,2/7/2024 8:29,Price Code 1,CUSTOMER PICKUP,False,Sharing Floor Athens,01-SH,30523.0,Clarkesville,"MEAT & SEAFOOD, FROZEN SHL",Frozen Frozen Frozen Frozen Proteins
665,173863,8620,C-173,Clarkesville Church of God,477492,,FP/GNAP/USDA,FAITH-BASED-Agency,GNAP,N-40-10260,1,0,0,1.8,18,HABERSHAM,0.1,2/7/2024 9:35,2/7/2024 9:19,Price Code 1,CUSTOMER PICKUP,False,Food Bank of Northeast Georgia,01,30523.0,Clarkesville,GNAP CREAM OF CHICKEN SOUP,Dry Dry Dry Dry Prepared Meals
665,172317,7152,C-173,Clarkesville Church of God,475948,,FP/GNAP/USDA,FAITH-BASED-Agency,GNAP,N-40-10233,3,0,0,8.64,48,HABERSHAM,0.18,1/10/2024 9:35,1/26/2024 8:59,Price Code 1,CUSTOMER PICKUP,False,Food Bank of Northeast Georgia,01,30523.0,Clarkesville,GNAP GRAPE JELLY,Dry Dry Dry Dry Food Misc.
329,176281,1047,O-109,Open Door Food Ministry (The Torch Church of God),478906,,FP/GNAP/USDA,FOOD PANTRY-Agency,USDA,N-50-10041,25,0,0,0.0,1225,HABERSHAM,0.0,3/2/2024 7:00,3/4/2024 6:57,Price Code 1,TRACTOR TRAILER 1 MOBILE PANTRY,False,Food Bank of Northeast Georgia,01,30531.0,Cornelia,USDA RICE,Dry Dry Dry Dry Grains
55,181095,690,C-116,Circle of Hope,483700,,ON PREMISES (OP),SHELTER-Agency,BLUE RECEIPT-SHL,W-03-10013,78,0,0,2.34,78,HABERSHAM,0.03,5/20/2024 12:27,5/20/2024 11:46,Price Code 1,CUSTOMER PICKUP,False,Sharing Floor Rabun,02-SH,30531.0,Cornelia,"ASSORTED BEVERAGES, SHL",Dry Dry Dry Dry Beverages
665,175966,890,C-173,Clarkesville Church of God,478594,,FP/GNAP/USDA,FAITH-BASED-Agency,GNAP,N-40-10001,1,0,0,0.0,27,HABERSHAM,0.0,3/6/2024 9:35,3/11/2024 9:35,Price Code 1,CUSTOMER PICKUP,False,Food Bank of Northeast Georgia,01,30523.0,Clarkesville,GNAP APPLE SAUCE,Dry Dry Dry Dry Fruits
649,177093,4449,G-132,Glade Creek Baptist Church,CR442093,,FP/GNAP/USDA,FAITH-BASED-Agency,USDA,F-50-90445,-3,0,0,-12.3,-123,HABERSHAM,0.1,3/11/2024 17:18,3/11/2024 17:21,Price Code 1,CONTACT FOR DELIVERY,False,Rabun Warehouse,02,30563.0,Mt Airy,USDA FULLY COOKED PULLED PORK CCC,Frozen Frozen Frozen Frozen Proteins
987,177711,5388,M-137,Mount Airy Baptist Church,CR442094,,OP/USDA,EMERGENCY-Agency,BLUE RECEIPT-SHL,F-16-10001,-164,0,0,-29.52,-164,HABERSHAM,0.18,3/21/2024 9:54,3/21/2024 9:56,Price Code 1,CUSTOMER PICKUP,False,Sharing Floor Rabun,02-SH,30563.0,Mount Airy,"ASSORTED FROZEN FOODS, SHL",Frozen Frozen Frozen Frozen Food Misc.
987,177711,683,M-137,Mount Airy Baptist Church,CR442094,,OP/USDA,EMERGENCY-Agency,BLUE RECEIPT-SHL,W-16-10001,-691,0,0,-124.38,-691,HABERSHAM,0.18,3/21/2024 9:54,3/21/2024 9:56,Price Code 1,CUSTOMER PICKUP,False,Sharing Floor Rabun,02-SH,30563.0,Mount Airy,MISC. FOOD BOX SHL,Dry Dry Dry Dry Food Misc.
