Agency Id,Order Id,Product Id,Agency Ref,Agency Name,Order Ref,Agency Activity,Agency Group,Agency Type,Product Category,Product Ref,Quantity,Total Purchased,Total Cost,Total Service Fee,Weight,County,Service Fee,Pickup Delivery Date,Confirmed Date,Service Fee Name,Shipping Method,Is Non Food,Warehouse Name,Warehouse Ref,Agency Postal Code,Agency City,Product Name,Food Category
482,175107,84,H-134,Hart County Cupboard,477737,,FP/GNAP/USDA,FOOD PANTRY-Agency,USDA,N-50-10006,13,0,0,0.0,351,HART,0.0,2/6/2024 8:30,2/20/2024 13:41,Price Code 1,TRACTOR TRAILER 2 MOBILE PANTRY,False,Food Bank of Northeast Georgia,01,30643.0,Hartwell,USDA GREEN BEANS,Dry Vegetables
672,172492,8627,C-167,"Christian Worship Assembly, INC",476123,,FP/USDA,FOOD PANTRY-Agency,USDA,N-50-10300,25,0,0,0.0,350,HART,0.0,1/6/2024 7:30,1/16/2024 8:23,Price Code 1,TRUCK 1 MOBILE PANTRY,False,Food Bank of Northeast Georgia,01,30643.0,Hartwell,USDA CANNED COLLARD GREENS CCC,Dry Vegetables
696,177620,4449,C-174,Cornerstone Baptist Church,480240,,FP/OP/GNAP/USDA,FOOD PANTRY-Agency,USDA,F-50-90445,48,0,0,0.0,1968,HART,0.0,3/21/2024 16:09,3/21/2024 9:40,Price Code 1,CUSTOMER PICKUP,False,Rabun Warehouse,02,30643.0,Hartwell,USDA FULLY COOKED PULLED PORK CCC,Frozen Proteins
696,182299,2202,C-174,Cornerstone Baptist Church,484903,,FP/OP/GNAP/USDA,FOOD PANTRY-Agency,USDA,N-50-10240,15,0,0,0.0,330,HART,0.0,6/20/2024 16:09,6/20/2024 16:44,Price Code 1,CUSTOMER PICKUP,False,Rabun Warehouse,02,30643.0,Hartwell,USDA SPAGHETTI,Dry Grains
954,173677,170,O-115,Oak Bower Baptist Church,477306,,FP/USDA,FOOD PANTRY-Agency,USDA,N-50-10007,2,0,0,10.08,56,HART,0.18,1/31/2024 11:12,2/7/2024 11:20,Price Code 1,CUSTOMER PICKUP,False,Food Bank of Northeast Georgia,01,30643.0,Hartwell,"USDA CORN, WHOLE KERNEL NO SALT",Dry Vegetables
482,179988,8973,H-134,Hart County Cupboard,FAIMPORT482597,,FP/GNAP/USDA,FOOD PANTRY-Agency,BLUE RECEIPT-SHL,MCC-16-10001,8,0,0,0.0,8,HART,0.0,4/29/2024 0:00,4/29/2024 0:00,Price Code 1,CUSTOMER PICKUP,False,Food Bank of Northeast Georgia,01,30643.0,Hartwell,"COOLER FOOD MISC., SHL RETAIL PICKUP",Dry Food Misc.
954,172514,8720,O-115,Oak Bower Baptist Church,476145,,FP/USDA,FOOD PANTRY-Agency,USDA,N-50-10305,4,0,0,10.08,56,HART,0.18,1/10/2024 14:00,1/11/2024 12:14,Price Code 1,CUSTOMER PICKUP,False,Food Bank of Northeast Georgia,01,30643.0,Hartwell,USDA MIXED VegetablesCCC,Dry Vegetables
482,179184,8976,H-134,Hart County Cupboard,FAIMPORT481797,,FP/GNAP/USDA,FOOD PANTRY-Agency,BLUE RECEIPT-SHL,MCC-28-10001,30,0,0,0.0,30,HART,0.0,4/12/2024 0:00,4/12/2024 0:00,Price Code 1,CUSTOMER PICKUP,False,Food Bank of Northeast Georgia,01,30643.0,Hartwell,"PRODUCE, SHL RETAIL PICKUPS",Dry Mixed Produce
696,180697,842,C-174,Cornerstone Baptist Church,483303,,FP/OP/GNAP/USDA,FOOD PANTRY-Agency,USDA,N-50-10021,13,0,0,0.0,351,HART,0.0,5/16/2024 16:09,5/16/2024 11:36,Price Code 1,CUSTOMER PICKUP,False,Rabun Warehouse,02,30643.0,Hartwell,USDA DICED TOMATOES NO SALT CCC,Dry Vegetables
954,172514,8625,O-115,Oak Bower Baptist Church,476145,,FP/USDA,FOOD PANTRY-Agency,BLUE RECEIPT-SHL,N-03-11261,2,0,0,0.0,66,HART,0.0,1/10/2024 14:00,1/11/2024 12:14,Price Code 1,CUSTOMER PICKUP,False,Food Bank of Northeast Georgia,01,30643.0,Hartwell,STARRY ZERO SUGAR 24 X 20 FL OZ,Dry Beverages
696,182299,6676,C-174,Cornerstone Baptist Church,484903,,FP/OP/GNAP/USDA,FOOD PANTRY-Agency,USDA,C-50-10009,49,0,0,0.0,2205,HART,0.0,6/20/2024 16:09,6/20/2024 16:44,Price Code 1,CUSTOMER PICKUP,False,Rabun Warehouse,02,30643.0,Hartwell,"USDA APPLES, FRESH",Cooled Fruits
482,179485,8973,H-134,Hart County Cupboard,FAIMPORT482098,,FP/GNAP/USDA,FOOD PANTRY-Agency,BLUE RECEIPT-SHL,MCC-16-10001,10,0,0,0.0,10,HART,0.0,4/22/2024 0:00,4/22/2024 0:00,Price Code 1,CUSTOMER PICKUP,False,Food Bank of Northeast Georgia,01,30643.0,Hartwell,"COOLER FOOD MISC., SHL RETAIL PICKUP",Dry Food Misc.
954,177936,8781,O-115,Oak Bower Baptist Church,480555,,FP/USDA,FOOD PANTRY-Agency,BLUE RECEIPT-SHL,N-03-11753,7,0,0,4.83,161,HART,0.03,4/8/2024 22:41,4/12/2024 10:30,Price Code 1,CUSTOMER PICKUP,False,Food Bank of Northeast Georgia,01,30643.0,Hartwell,PURE LEAF SWEET TEA,Dry Beverages
966,175610,875,B-137,Bethany Baptist Church,478238,,FP/GNAP/USDA,FOOD PANTRY-Agency,BLUE RECEIPT-SHL,W-04-10000,9,0,0,0.0,9,HART,0.0,2/14/2024 9:22,2/14/2024 9:24,Price Code 1,CUSTOMER PICKUP,False,Sharing Floor Athens,01-SH,30520.0,Canon,"BREAD & BAKERY, ASSORTED SHL",Dry Grains
482,178414,8973,H-134,Hart County Cupboard,FAIMPORT481030,,FP/GNAP/USDA,FOOD PANTRY-Agency,BLUE RECEIPT-SHL,MCC-16-10001,16,0,0,0.0,16,HART,0.0,4/2/2024 0:00,4/2/2024 0:00,Price Code 1,CUSTOMER PICKUP,False,Food Bank of Northeast Georgia,01,30643.0,Hartwell,"COOLER FOOD MISC., SHL RETAIL PICKUP",Dry Food Misc.
954,173677,1791,O-115,Oak Bower Baptist Church,477306,,FP/USDA,FOOD PANTRY-Agency,USDA,N-50-10079,2,0,0,9.36,52,HART,0.18,1/31/2024 11:12,2/7/2024 11:20,Price Code 1,CUSTOMER PICKUP,False,Food Bank of Northeast Georgia,01,30643.0,Hartwell,USDA WALNUT HALVES AND PIECES,Dry Proteins
482,175107,4448,H-134,Hart County Cupboard,477737,,FP/GNAP/USDA,FOOD PANTRY-Agency,USDA,F-50-90446,64,0,0,0.0,1792,HART,0.0,2/6/2024 8:30,2/20/2024 13:41,Price Code 1,TRACTOR TRAILER 2 MOBILE PANTRY,False,Food Bank of Northeast Georgia,01,30643.0,Hartwell,USDA FROZEN STRAWBERRY FRUIT CUPS,Frozen Fruits
482,176284,8985,H-134,Hart County Cupboard,478909,,FP/GNAP/USDA,FOOD PANTRY-Agency,BLUE RECEIPT-SHL,C-14-90150,68,0,0,0.0,2312,HART,0.0,3/5/2024 8:30,3/5/2024 11:45,Price Code 1,TRUCK 1 MOBILE PANTRY,False,Food Bank of Northeast Georgia,01,30643.0,Hartwell,MINUTE MAID STRAWBERRY LEMONADE,Cooled Beverages
966,175610,690,B-137,Bethany Baptist Church,478238,,FP/GNAP/USDA,FOOD PANTRY-Agency,BLUE RECEIPT-SHL,W-03-10013,124,0,0,0.0,124,HART,0.0,2/14/2024 9:22,2/14/2024 9:24,Price Code 1,CUSTOMER PICKUP,False,Sharing Floor Athens,01-SH,30520.0,Canon,"ASSORTED BEVERAGES, SHL",Dry Beverages
672,181134,7083,C-167,"Christian Worship Assembly, INC",483739,,FP/USDA,FOOD PANTRY-Agency,USDA,C-50-10029,2,0,0,4.32,24,HART,0.18,6/7/2024 8:00,6/7/2024 6:59,Price Code 1,CUSTOMER PICKUP,False,Rabun Warehouse,02,30643.0,Hartwell,"USDA MILD CHEDDAR CHEESE, BLOCK CCC",Cooled Dairy
881,177053,6831,H-148,"Hart County Clothes Closet Food Pantry, Inc",479675,,FP/USDA,FOOD PANTRY-Agency,USDA,C-50-10025,3,0,0,12.6,126,HART,0.1,3/15/2024 8:30,3/15/2024 7:21,Price Code 1,CUSTOMER PICKUP,False,Rabun Warehouse,02,30643.0,Hartwell,USDA APPLES,Cooled Fruits
482,179483,8975,H-134,Hart County Cupboard,FAIMPORT482096,,FP/GNAP/USDA,FOOD PANTRY-Agency,BLUE RECEIPT-SHL,MCC-07-10001,139,0,0,0.0,139,HART,0.0,4/18/2024 0:00,4/18/2024 0:00,Price Code 1,CUSTOMER PICKUP,False,Food Bank of Northeast Georgia,01,30643.0,Hartwell,"DAIRY PRODUCTS, SHL RETAIL PICKUPS",Dry Dairy
482,178688,8973,H-134,Hart County Cupboard,FAIMPORT481303,,FP/GNAP/USDA,FOOD PANTRY-Agency,BLUE RECEIPT-SHL,MCC-16-10001,20,0,0,0.0,20,HART,0.0,4/8/2024 0:00,4/8/2024 0:00,Price Code 1,CUSTOMER PICKUP,False,Food Bank of Northeast Georgia,01,30643.0,Hartwell,"COOLER FOOD MISC., SHL RETAIL PICKUP",Dry Food Misc.
954,180104,842,O-115,Oak Bower Baptist Church,482712,,FP/USDA,FOOD PANTRY-Agency,USDA,N-50-10021,5,0,0,24.3,135,HART,0.18,5/7/2024 8:00,5/8/2024 14:25,Price Code 1,CUSTOMER PICKUP,False,Food Bank of Northeast Georgia,01,30643.0,Hartwell,USDA DICED TOMATOES NO SALT CCC,Dry Vegetables
696,175601,4327,C-174,Cornerstone Baptist Church,478229,,FP/OP/GNAP/USDA,FOOD PANTRY-Agency,USDA,N-50-10277,13,0,0,0.0,351,HART,0.0,2/14/2024 16:09,2/20/2024 9:57,Price Code 1,TRUCK 2 MOBILE PANTRY,False,Rabun Warehouse,02,30643.0,Hartwell,USDA GARBANZO BEANS,Dry Proteins
482,177792,8976,H-134,Hart County Cupboard,FAIMPORT480411,,FP/GNAP/USDA,FOOD PANTRY-Agency,BLUE RECEIPT-SHL,MCC-28-10001,59,0,0,0.0,59,HART,0.0,3/22/2024 0:00,3/22/2024 0:00,Price Code 1,CUSTOMER PICKUP,False,Food Bank of Northeast Georgia,01,30643.0,Hartwell,"PRODUCE, SHL RETAIL PICKUPS",Dry Mixed Produce
966,175192,8856,B-137,Bethany Baptist Church,477821,,FP/GNAP/USDA,FOOD PANTRY-Agency,LOCAL - LL,N-25-11936,4,0,0,2.88,16,HART,0.18,2/14/2024 10:00,2/14/2024 8:58,Price Code 1,CUSTOMER PICKUP,False,Food Bank of Northeast Georgia,01,30520.0,Canon,"CHUM FRUIT BITES, STRAWBERRY/MANGO",Dry Fruits
954,172514,8836,O-115,Oak Bower Baptist Church,476145,,FP/USDA,FOOD PANTRY-Agency,BLUE RECEIPT-SHL,N-03-11772,4,0,0,0.0,40,HART,0.0,1/10/2024 14:00,1/11/2024 12:14,Price Code 1,CUSTOMER PICKUP,False,Food Bank of Northeast Georgia,01,30643.0,Hartwell,DR PEPPER ZERO SUGAR STRAWBERRIES AND CREAM,Dry Beverages
881,179829,4788,H-148,"Hart County Clothes Closet Food Pantry, Inc",482440,,FP/USDA,FOOD PANTRY-Agency,USDA,F-50-90039,5,0,0,36.0,200,HART,0.18,5/17/2024 8:30,5/17/2024 7:16,Price Code 1,CUSTOMER PICKUP,False,Rabun Warehouse,02,30643.0,Hartwell,USDA CATFISH FILLETS CCC,Frozen Proteins
672,180055,8931,C-167,"Christian Worship Assembly, INC",482663,,FP/USDA,FOOD PANTRY-Agency,SBB-O,N-16-20003,50,0,0,0.0,1100,HART,0.0,5/10/2024 8:30,5/10/2024 7:08,Price Code 1,CONTACT FOR DELIVERY,False,Rabun Warehouse,02,30643.0,Hartwell,SENIOR STAPLES BOX - ASSORTED USDA,Dry Food Misc.
696,179122,2202,C-174,Cornerstone Baptist Church,481735,,FP/OP/GNAP/USDA,FOOD PANTRY-Agency,USDA,N-50-10240,15,0,0,0.0,330,HART,0.0,4/17/2024 16:09,4/18/2024 8:51,Price Code 1,CUSTOMER PICKUP,False,Rabun Warehouse,02,30643.0,Hartwell,USDA SPAGHETTI,Dry Grains
696,172206,1047,C-174,Cornerstone Baptist Church,475837,,FP/OP/GNAP/USDA,FOOD PANTRY-Agency,USDA,N-50-10041,1,0,0,8.82,49,HART,0.18,1/9/2024 16:09,1/30/2024 14:05,Price Code 1,CUSTOMER PICKUP,False,Food Bank of Northeast Georgia,01,30643.0,Hartwell,USDA RICE,Dry Grains
966,180856,688,B-137,Bethany Baptist Church,483462,,FP/GNAP/USDA,FOOD PANTRY-Agency,BLUE RECEIPT-SHL,W-01-10000,3,0,0,0.54,3,HART,0.18,5/15/2024 10:18,5/15/2024 10:19,Price Code 1,CUSTOMER PICKUP,False,Sharing Floor Athens,01-SH,30520.0,Canon,"ASSORTED NON-FOOD ITEMS, SHL",Dry Non-Food Misc.
954,173677,3868,O-115,Oak Bower Baptist Church,477306,,FP/USDA,FOOD PANTRY-Agency,USDA,N-50-10267,6,0,0,43.2,240,HART,0.18,1/31/2024 11:12,2/7/2024 11:20,Price Code 1,CUSTOMER PICKUP,False,Food Bank of Northeast Georgia,01,30643.0,Hartwell,USDA ALL PURPOSE FLOUR,Dry Grains
696,175601,842,C-174,Cornerstone Baptist Church,478229,,FP/OP/GNAP/USDA,FOOD PANTRY-Agency,USDA,N-50-10021,13,0,0,0.0,351,HART,0.0,2/14/2024 16:09,2/20/2024 9:57,Price Code 1,TRUCK 2 MOBILE PANTRY,False,Rabun Warehouse,02,30643.0,Hartwell,USDA DICED TOMATOES NO SALT CCC,Dry Vegetables
696,180697,2202,C-174,Cornerstone Baptist Church,483303,,FP/OP/GNAP/USDA,FOOD PANTRY-Agency,USDA,N-50-10240,15,0,0,0.0,330,HART,0.0,5/16/2024 16:09,5/16/2024 11:36,Price Code 1,CUSTOMER PICKUP,False,Rabun Warehouse,02,30643.0,Hartwell,USDA SPAGHETTI,Dry Grains
482,177846,8973,H-134,Hart County Cupboard,FAIMPORT480465,,FP/GNAP/USDA,FOOD PANTRY-Agency,BLUE RECEIPT-SHL,MCC-16-10001,19,0,0,0.0,19,HART,0.0,3/25/2024 0:00,3/25/2024 0:00,Price Code 1,CUSTOMER PICKUP,False,Food Bank of Northeast Georgia,01,30643.0,Hartwell,"COOLER FOOD MISC., SHL RETAIL PICKUP",Dry Food Misc.
696,182299,84,C-174,Cornerstone Baptist Church,484903,,FP/OP/GNAP/USDA,FOOD PANTRY-Agency,USDA,N-50-10006,13,0,0,0.0,351,HART,0.0,6/20/2024 16:09,6/20/2024 16:44,Price Code 1,CUSTOMER PICKUP,False,Rabun Warehouse,02,30643.0,Hartwell,USDA GREEN BEANS,Dry Vegetables
482,179473,8974,H-134,Hart County Cupboard,FAIMPORT482086,,FP/GNAP/USDA,FOOD PANTRY-Agency,BLUE RECEIPT-SHL,MCW-04-10000,22,0,0,0.0,22,HART,0.0,4/15/2024 0:00,4/15/2024 0:00,Price Code 1,CUSTOMER PICKUP,False,Food Bank of Northeast Georgia,01,30643.0,Hartwell,"BREAD AND BAKERY, SHL RETAIL PICKUPS",Dry Grains
696,175601,8714,C-174,Cornerstone Baptist Church,478229,,FP/OP/GNAP/USDA,FOOD PANTRY-Agency,USDA,N-50-10303,13,0,0,0.0,312,HART,0.0,2/14/2024 16:09,2/20/2024 9:57,Price Code 1,TRUCK 2 MOBILE PANTRY,False,Rabun Warehouse,02,30643.0,Hartwell,USDA GREEN SPLIT PEAS,Dry Proteins
482,179989,8975,H-134,Hart County Cupboard,FAIMPORT482598,,FP/GNAP/USDA,FOOD PANTRY-Agency,BLUE RECEIPT-SHL,MCC-07-10001,139,0,0,0.0,139,HART,0.0,4/29/2024 0:00,4/29/2024 0:00,Price Code 1,CUSTOMER PICKUP,False,Food Bank of Northeast Georgia,01,30643.0,Hartwell,"DAIRY PRODUCTS, SHL RETAIL PICKUPS",Dry Dairy
954,177936,8720,O-115,Oak Bower Baptist Church,480555,,FP/USDA,FOOD PANTRY-Agency,USDA,N-50-10305,10,0,0,25.2,140,HART,0.18,4/8/2024 22:41,4/12/2024 10:30,Price Code 1,CUSTOMER PICKUP,False,Food Bank of Northeast Georgia,01,30643.0,Hartwell,USDA MIXED VegetablesCCC,Dry Vegetables
482,176284,6780,H-134,Hart County Cupboard,478909,,FP/GNAP/USDA,FOOD PANTRY-Agency,USDA,C-50-10024,19,0,0,0.0,817,HART,0.0,3/5/2024 8:30,3/5/2024 11:45,Price Code 1,TRUCK 1 MOBILE PANTRY,False,Food Bank of Northeast Georgia,01,30643.0,Hartwell,USDA APPLES,Cooled Fruits
482,179776,8973,H-134,Hart County Cupboard,FAIMPORT482389,,FP/GNAP/USDA,FOOD PANTRY-Agency,BLUE RECEIPT-SHL,MCC-16-10001,19,0,0,0.0,19,HART,0.0,4/26/2024 0:00,4/26/2024 0:00,Price Code 1,CUSTOMER PICKUP,False,Food Bank of Northeast Georgia,01,30643.0,Hartwell,"COOLER FOOD MISC., SHL RETAIL PICKUP",Dry Food Misc.
954,172514,3408,O-115,Oak Bower Baptist Church,476145,,FP/USDA,FOOD PANTRY-Agency,YELLOW RECEIPT - SHN,N-03-10851,4,0,0,0.0,80,HART,0.0,1/10/2024 14:00,1/11/2024 12:14,Price Code 1,CUSTOMER PICKUP,False,Food Bank of Northeast Georgia,01,30643.0,Hartwell,"PROPEL WATER, GRAPE",Dry Beverages
696,180697,8497,C-174,Cornerstone Baptist Church,483303,,FP/OP/GNAP/USDA,FOOD PANTRY-Agency,USDA,C-50-10048,60,0,0,0.0,1920,HART,0.0,5/16/2024 16:09,5/16/2024 11:36,Price Code 1,CUSTOMER PICKUP,False,Rabun Warehouse,02,30643.0,Hartwell,USDA MANDARIN ORANGES,Cooled Fruits
966,181962,696,B-137,Bethany Baptist Church,484566,,FP/GNAP/USDA,FOOD PANTRY-Agency,LOCAL - LL,W-25-10000,8,0,0,0.4,8,HART,0.05,6/6/2024 10:03,6/6/2024 10:06,Price Code 1,CUSTOMER PICKUP,False,Sharing Floor Athens,01-SH,30520.0,Canon,"ASSORTED SNACK ITEMS, LL",Dry Food Misc.
482,180453,8975,H-134,Hart County Cupboard,FAIMPORT483059,,FP/GNAP/USDA,FOOD PANTRY-Agency,BLUE RECEIPT-SHL,MCC-07-10001,96,0,0,0.0,96,HART,0.0,5/6/2024 0:00,5/6/2024 0:00,Price Code 1,CUSTOMER PICKUP,False,Food Bank of Northeast Georgia,01,30643.0,Hartwell,"DAIRY PRODUCTS, SHL RETAIL PICKUPS",Dry Dairy
954,176551,8980,O-115,Oak Bower Baptist Church,479175,,FP/USDA,FOOD PANTRY-Agency,LOCAL - LL,N-25-11967,17,0,0,12.24,68,HART,0.18,3/6/2024 23:32,3/7/2024 9:41,Price Code 1,CUSTOMER PICKUP,False,Food Bank of Northeast Georgia,01,30643.0,Hartwell,REESES MINIATURE CUPS W/ REESES PUFFS,Dry Food Misc.
482,179777,8975,H-134,Hart County Cupboard,FAIMPORT482390,,FP/GNAP/USDA,FOOD PANTRY-Agency,BLUE RECEIPT-SHL,MCC-07-10001,157,0,0,0.0,157,HART,0.0,4/23/2024 0:00,4/23/2024 0:00,Price Code 1,CUSTOMER PICKUP,False,Food Bank of Northeast Georgia,01,30643.0,Hartwell,"DAIRY PRODUCTS, SHL RETAIL PICKUPS",Dry Dairy
696,172206,170,C-174,Cornerstone Baptist Church,475837,,FP/OP/GNAP/USDA,FOOD PANTRY-Agency,USDA,N-50-10007,1,0,0,5.04,28,HART,0.18,1/9/2024 16:09,1/30/2024 14:05,Price Code 1,CUSTOMER PICKUP,False,Food Bank of Northeast Georgia,01,30643.0,Hartwell,"USDA CORN, WHOLE KERNEL NO SALT",Dry Vegetables
881,179829,9025,H-148,"Hart County Clothes Closet Food Pantry, Inc",482440,,FP/USDA,FOOD PANTRY-Agency,YELLOW RECEIPT - SHN,N-11-11072,5,0,0,8.1,45,HART,0.18,5/17/2024 8:30,5/17/2024 7:16,Price Code 1,CUSTOMER PICKUP,False,Rabun Warehouse,02,30643.0,Hartwell,MRS BUTTERSWORTHS SMORES PANCAKE KIT,Dry Food Misc.
482,178413,8976,H-134,Hart County Cupboard,FAIMPORT481029,,FP/GNAP/USDA,FOOD PANTRY-Agency,BLUE RECEIPT-SHL,MCC-28-10001,56,0,0,0.0,56,HART,0.0,4/5/2024 0:00,4/5/2024 0:00,Price Code 1,CUSTOMER PICKUP,False,Food Bank of Northeast Georgia,01,30643.0,Hartwell,"PRODUCE, SHL RETAIL PICKUPS",Dry Mixed Produce
966,172428,1791,B-137,Bethany Baptist Church,476059,,FP/GNAP/USDA,FOOD PANTRY-Agency,USDA,N-50-10079,2,0,0,9.36,52,HART,0.18,1/17/2024 10:00,1/17/2024 10:01,Price Code 1,CUSTOMER PICKUP,False,Food Bank of Northeast Georgia,01,30520.0,Canon,USDA WALNUT HALVES AND PIECES,Dry Proteins
482,175107,5938,H-134,Hart County Cupboard,477737,,FP/GNAP/USDA,FOOD PANTRY-Agency,BLUE RECEIPT-SHL,C-28-10001,1772,0,0,0.0,1772,HART,0.0,2/6/2024 8:30,2/20/2024 13:41,Price Code 1,TRACTOR TRAILER 2 MOBILE PANTRY,False,Food Bank of Northeast Georgia,01,30643.0,Hartwell,"PRODUCE, FRESH SHL",Cooled Mixed Produce
672,172492,8765,C-167,"Christian Worship Assembly, INC",476123,,FP/USDA,FOOD PANTRY-Agency,USDA,N-50-10307,13,0,0,0.0,351,HART,0.0,1/6/2024 7:30,1/16/2024 8:23,Price Code 1,TRUCK 1 MOBILE PANTRY,False,Food Bank of Northeast Georgia,01,30643.0,Hartwell,"USDA LIGHT RED KIDNEY BEANS, LOW SODIUM",Dry Proteins
954,173677,8869,O-115,Oak Bower Baptist Church,477306,,FP/USDA,FOOD PANTRY-Agency,YELLOW RECEIPT - SHN,N-20-10004,1,0,0,0.54,3,HART,0.18,1/31/2024 11:12,2/7/2024 11:20,Price Code 1,CUSTOMER PICKUP,False,Food Bank of Northeast Georgia,01,30643.0,Hartwell,PAMPERS PREEMIE SWADDLERS,Dry Non-Food Misc.
733,178946,8931,FBBB-20,Hart: Hart County Clothes Closet Senior Staples Program,481560,,BROWN BAG,FB BROWN BAG-Agency,SBB-O,N-16-20003,92,0,0,0.0,2024,HART,0.0,4/15/2024 11:13,4/15/2024 7:10,Mobile Pantry/Feed Site Only,CUSTOMER PICKUP,False,Rabun Warehouse,02,30643.0,Hartwell,SENIOR STAPLES BOX - ASSORTED USDA,Dry Food Misc.
696,173128,4715,C-174,Cornerstone Baptist Church,476758,,FP/OP/GNAP/USDA,FOOD PANTRY-Agency,USDA,F-50-90461,42,0,0,0.0,1680,HART,0.0,1/18/2024 16:09,1/19/2024 9:03,Price Code 1,CUSTOMER PICKUP,False,Rabun Warehouse,02,30643.0,Hartwell,USDA ALASKAN POLLACK FISH FILLETS,Frozen Proteins
966,179978,9025,B-137,Bethany Baptist Church,482587,,FP/GNAP/USDA,FOOD PANTRY-Agency,YELLOW RECEIPT - SHN,N-11-11072,10,0,0,16.2,90,HART,0.18,5/15/2024 10:00,5/15/2024 10:50,Price Code 1,CUSTOMER PICKUP,False,Food Bank of Northeast Georgia,01,30520.0,Canon,MRS BUTTERSWORTHS SMORES PANCAKE KIT,Dry Food Misc.
954,172514,8858,O-115,Oak Bower Baptist Church,476145,,FP/USDA,FOOD PANTRY-Agency,BLUE RECEIPT-SHL,N-03-11778,5,0,0,0.0,190,HART,0.0,1/10/2024 14:00,1/11/2024 12:14,Price Code 1,CUSTOMER PICKUP,False,Food Bank of Northeast Georgia,01,30643.0,Hartwell,CRUSH PEACH SODA,Dry Beverages
482,180965,8976,H-134,Hart County Cupboard,FAIMPORT483571,,FP/GNAP/USDA,FOOD PANTRY-Agency,BLUE RECEIPT-SHL,MCC-28-10001,45,0,0,0.0,45,HART,0.0,5/14/2024 0:00,5/14/2024 0:00,Price Code 1,CUSTOMER PICKUP,False,Food Bank of Northeast Georgia,01,30643.0,Hartwell,"PRODUCE, SHL RETAIL PICKUPS",Dry Mixed Produce
696,177620,8690,C-174,Cornerstone Baptist Church,480240,,FP/OP/GNAP/USDA,FOOD PANTRY-Agency,USDA,N-50-10302,26,0,0,0.0,364,HART,0.0,3/21/2024 16:09,3/21/2024 9:40,Price Code 1,CUSTOMER PICKUP,False,Rabun Warehouse,02,30643.0,Hartwell,USDA GREEN BEANS CCC,Dry Vegetables
482,178687,8970,H-134,Hart County Cupboard,FAIMPORT481302,,FP/GNAP/USDA,FOOD PANTRY-Agency,BLUE RECEIPT-SHL,MCW-16-10001,14,0,0,0.0,14,HART,0.0,4/8/2024 0:00,4/8/2024 0:00,Price Code 1,CUSTOMER PICKUP,False,Food Bank of Northeast Georgia,01,30643.0,Hartwell,"MISC. FOOD BOX, SHL RETAIL PICKUP",Dry Food Misc.
966,176601,8963,B-137,Bethany Baptist Church,479225,,FP/GNAP/USDA,FOOD PANTRY-Agency,YELLOW RECEIPT - SHN,N-25-11960,4,0,0,7.92,44,HART,0.18,3/13/2024 10:00,3/13/2024 11:08,Price Code 1,CUSTOMER PICKUP,False,Food Bank of Northeast Georgia,01,30520.0,Canon,"TAPIOCA PUDDING, BEST CHOICE",Dry Food Misc.
672,181134,4715,C-167,"Christian Worship Assembly, INC",483739,,FP/USDA,FOOD PANTRY-Agency,USDA,F-50-90461,2,0,0,8.0,80,HART,0.1,6/7/2024 8:00,6/7/2024 6:59,Price Code 1,CUSTOMER PICKUP,False,Rabun Warehouse,02,30643.0,Hartwell,USDA ALASKAN POLLACK FISH FILLETS,Frozen Proteins
966,175192,2960,B-137,Bethany Baptist Church,477821,,FP/GNAP/USDA,FOOD PANTRY-Agency,USDA,N-50-10247,6,0,0,38.88,216,HART,0.18,2/14/2024 10:00,2/14/2024 8:58,Price Code 1,CUSTOMER PICKUP,False,Food Bank of Northeast Georgia,01,30520.0,Canon,USDA BEEF STEW POUCHES CCC,Dry Prepared Meals
672,178307,1047,C-167,"Christian Worship Assembly, INC",480923,,FP/USDA,FOOD PANTRY-Agency,USDA,N-50-10041,25,0,0,0.0,1225,HART,0.0,4/6/2024 7:30,4/17/2024 7:08,Price Code 1,TRUCK 1 MOBILE PANTRY,False,Food Bank of Northeast Georgia,01,30643.0,Hartwell,USDA RICE,Dry Grains
954,180104,8997,O-115,Oak Bower Baptist Church,482712,,FP/USDA,FOOD PANTRY-Agency,USDA,N-50-10312,9,0,0,19.44,108,HART,0.18,5/7/2024 8:00,5/8/2024 14:25,Price Code 1,CUSTOMER PICKUP,False,Food Bank of Northeast Georgia,01,30643.0,Hartwell,USDA CHILI W/ BEANS CCC,Dry Prepared Meals
954,172514,8832,O-115,Oak Bower Baptist Church,476145,,FP/USDA,FOOD PANTRY-Agency,BLUE RECEIPT-SHL,N-03-11768,2,0,0,0.0,66,HART,0.0,1/10/2024 14:00,1/11/2024 12:14,Price Code 1,CUSTOMER PICKUP,False,Food Bank of Northeast Georgia,01,30643.0,Hartwell,FANTA ZERO SUGAR MYSTERY FLAVOR,Dry Beverages
954,176551,170,O-115,Oak Bower Baptist Church,479175,,FP/USDA,FOOD PANTRY-Agency,USDA,N-50-10007,5,0,0,25.2,140,HART,0.18,3/6/2024 23:32,3/7/2024 9:41,Price Code 1,CUSTOMER PICKUP,False,Food Bank of Northeast Georgia,01,30643.0,Hartwell,"USDA CORN, WHOLE KERNEL NO SALT",Dry Vegetables
482,179477,8973,H-134,Hart County Cupboard,FAIMPORT482090,,FP/GNAP/USDA,FOOD PANTRY-Agency,BLUE RECEIPT-SHL,MCC-16-10001,27,0,0,0.0,27,HART,0.0,4/15/2024 0:00,4/15/2024 0:00,Price Code 1,CUSTOMER PICKUP,False,Food Bank of Northeast Georgia,01,30643.0,Hartwell,"COOLER FOOD MISC., SHL RETAIL PICKUP",Dry Food Misc.
482,178687,8975,H-134,Hart County Cupboard,FAIMPORT481302,,FP/GNAP/USDA,FOOD PANTRY-Agency,BLUE RECEIPT-SHL,MCC-07-10001,110,0,0,0.0,110,HART,0.0,4/8/2024 0:00,4/8/2024 0:00,Price Code 1,CUSTOMER PICKUP,False,Food Bank of Northeast Georgia,01,30643.0,Hartwell,"DAIRY PRODUCTS, SHL RETAIL PICKUPS",Dry Dairy
954,177936,1481,O-115,Oak Bower Baptist Church,480555,,FP/USDA,FOOD PANTRY-Agency,USDA,N-50-10105,15,0,0,45.9,255,HART,0.18,4/8/2024 22:41,4/12/2024 10:30,Price Code 1,CUSTOMER PICKUP,False,Food Bank of Northeast Georgia,01,30643.0,Hartwell,USDA DRIED CHERRIES CCC,Dry Fruits
966,176601,8914,B-137,Bethany Baptist Church,479225,,FP/GNAP/USDA,FOOD PANTRY-Agency,USDA,N-50-10310,4,0,0,19.44,108,HART,0.18,3/13/2024 10:00,3/13/2024 11:08,Price Code 1,CUSTOMER PICKUP,False,Food Bank of Northeast Georgia,01,30520.0,Canon,USDA DICED POTATOES,Dry Potatoes
482,180241,84,H-134,Hart County Cupboard,482847,,FP/GNAP/USDA,FOOD PANTRY-Agency,USDA,N-50-10006,13,0,0,0.0,351,HART,0.0,5/7/2024 8:30,5/7/2024 7:44,Price Code 1,TRUCK 1 MOBILE PANTRY,False,Food Bank of Northeast Georgia,01,30643.0,Hartwell,USDA GREEN BEANS,Dry Vegetables
482,176284,5938,H-134,Hart County Cupboard,478909,,FP/GNAP/USDA,FOOD PANTRY-Agency,BLUE RECEIPT-SHL,C-28-10001,1011,0,0,0.0,1011,HART,0.0,3/5/2024 8:30,3/5/2024 11:45,Price Code 1,TRUCK 1 MOBILE PANTRY,False,Food Bank of Northeast Georgia,01,30643.0,Hartwell,"PRODUCE, FRESH SHL",Cooled Mixed Produce
482,175107,5088,H-134,Hart County Cupboard,477737,,FP/GNAP/USDA,FOOD PANTRY-Agency,USDA,F-50-90023,70,0,0,0.0,1750,HART,0.0,2/6/2024 8:30,2/20/2024 13:41,Price Code 1,TRACTOR TRAILER 2 MOBILE PANTRY,False,Food Bank of Northeast Georgia,01,30643.0,Hartwell,USDA FROZEN PEACHES CCC,Frozen Fruits
482,177790,8976,H-134,Hart County Cupboard,FAIMPORT480409,,FP/GNAP/USDA,FOOD PANTRY-Agency,BLUE RECEIPT-SHL,MCC-28-10001,60,0,0,0.0,60,HART,0.0,3/21/2024 0:00,3/21/2024 0:00,Price Code 1,CUSTOMER PICKUP,False,Food Bank of Northeast Georgia,01,30643.0,Hartwell,"PRODUCE, SHL RETAIL PICKUPS",Dry Mixed Produce
696,179122,1674,C-174,Cornerstone Baptist Church,481735,,FP/OP/GNAP/USDA,FOOD PANTRY-Agency,USDA,N-50-10073,13,0,0,0.0,351,HART,0.0,4/17/2024 16:09,4/18/2024 8:51,Price Code 1,CUSTOMER PICKUP,False,Rabun Warehouse,02,30643.0,Hartwell,USDA TOMATO SAUCE,Dry Vegetables
966,176486,8975,B-137,Bethany Baptist Church,FAIMPORT479110,,FP/GNAP/USDA,FOOD PANTRY-Agency,BLUE RECEIPT-SHL,MCC-07-10001,172,0,0,0.0,172,HART,0.0,2/29/2024 0:00,2/29/2024 0:00,Price Code 1,CUSTOMER PICKUP,False,Food Bank of Northeast Georgia,01,30520.0,Canon,"DAIRY PRODUCTS, SHL RETAIL PICKUPS",Dry Dairy
482,179778,8975,H-134,Hart County Cupboard,FAIMPORT482391,,FP/GNAP/USDA,FOOD PANTRY-Agency,BLUE RECEIPT-SHL,MCC-07-10001,61,0,0,0.0,61,HART,0.0,4/29/2024 0:00,4/29/2024 0:00,Price Code 1,CUSTOMER PICKUP,False,Food Bank of Northeast Georgia,01,30643.0,Hartwell,"DAIRY PRODUCTS, SHL RETAIL PICKUPS",Dry Dairy
696,182299,3712,C-174,Cornerstone Baptist Church,484903,,FP/OP/GNAP/USDA,FOOD PANTRY-Agency,USDA,N-50-10266,13,0,0,0.0,351,HART,0.0,6/20/2024 16:09,6/20/2024 16:44,Price Code 1,CUSTOMER PICKUP,False,Rabun Warehouse,02,30643.0,Hartwell,USDA CANNED PINTO BEANS,Dry Proteins
482,181769,84,H-134,Hart County Cupboard,484373,,FP/GNAP/USDA,FOOD PANTRY-Agency,USDA,N-50-10006,13,0,0,0.0,351,HART,0.0,6/4/2024 9:00,6/4/2024 7:31,Price Code 1,TRUCK 1 MOBILE PANTRY,False,Food Bank of Northeast Georgia,01,30643.0,Hartwell,USDA GREEN BEANS,Dry Vegetables
696,180697,1047,C-174,Cornerstone Baptist Church,483303,,FP/OP/GNAP/USDA,FOOD PANTRY-Agency,USDA,N-50-10041,13,0,0,0.0,637,HART,0.0,5/16/2024 16:09,5/16/2024 11:36,Price Code 1,CUSTOMER PICKUP,False,Rabun Warehouse,02,30643.0,Hartwell,USDA RICE,Dry Grains
482,181769,1674,H-134,Hart County Cupboard,484373,,FP/GNAP/USDA,FOOD PANTRY-Agency,USDA,N-50-10073,13,0,0,0.0,351,HART,0.0,6/4/2024 9:00,6/4/2024 7:31,Price Code 1,TRUCK 1 MOBILE PANTRY,False,Food Bank of Northeast Georgia,01,30643.0,Hartwell,USDA TOMATO SAUCE,Dry Vegetables
482,179779,8970,H-134,Hart County Cupboard,FAIMPORT482392,,FP/GNAP/USDA,FOOD PANTRY-Agency,BLUE RECEIPT-SHL,MCW-16-10001,2,0,0,0.0,2,HART,0.0,4/23/2024 0:00,4/23/2024 0:00,Price Code 1,CUSTOMER PICKUP,False,Food Bank of Northeast Georgia,01,30643.0,Hartwell,"MISC. FOOD BOX, SHL RETAIL PICKUP",Dry Food Misc.
482,180966,8973,H-134,Hart County Cupboard,FAIMPORT483572,,FP/GNAP/USDA,FOOD PANTRY-Agency,BLUE RECEIPT-SHL,MCC-16-10001,1,0,0,0.0,1,HART,0.0,5/15/2024 0:00,5/15/2024 0:00,Price Code 1,CUSTOMER PICKUP,False,Food Bank of Northeast Georgia,01,30643.0,Hartwell,"COOLER FOOD MISC., SHL RETAIL PICKUP",Dry Food Misc.
482,180454,8975,H-134,Hart County Cupboard,FAIMPORT483060,,FP/GNAP/USDA,FOOD PANTRY-Agency,BLUE RECEIPT-SHL,MCC-07-10001,140,0,0,0.0,140,HART,0.0,5/2/2024 0:00,5/2/2024 0:00,Price Code 1,CUSTOMER PICKUP,False,Food Bank of Northeast Georgia,01,30643.0,Hartwell,"DAIRY PRODUCTS, SHL RETAIL PICKUPS",Dry Dairy
881,179829,4449,H-148,"Hart County Clothes Closet Food Pantry, Inc",482440,,FP/USDA,FOOD PANTRY-Agency,USDA,F-50-90445,4,0,0,16.4,164,HART,0.1,5/17/2024 8:30,5/17/2024 7:16,Price Code 1,CUSTOMER PICKUP,False,Rabun Warehouse,02,30643.0,Hartwell,USDA FULLY COOKED PULLED PORK CCC,Frozen Proteins
696,172206,7082,C-174,Cornerstone Baptist Church,475837,,FP/OP/GNAP/USDA,FOOD PANTRY-Agency,USDA,C-50-10033,1,0,0,2.16,12,HART,0.18,1/9/2024 16:09,1/30/2024 14:05,Price Code 1,CUSTOMER PICKUP,False,Food Bank of Northeast Georgia,01,30643.0,Hartwell,USDA SHREDDED YELLOW CHEDDAR CHEESE CCC,Cooled Dairy
881,178135,8995,H-148,"Hart County Clothes Closet Food Pantry, Inc",480754,,FP/USDA,FOOD PANTRY-Agency,BLUE RECEIPT-SHL,N-21-10067,3,0,0,2.7,15,HART,0.18,4/15/2024 8:30,4/15/2024 7:04,Price Code 1,CUSTOMER PICKUP,False,Rabun Warehouse,02,30643.0,Hartwell,"RAMEN, MARUCHAN SHRIMP",Dry Prepared Meals
482,178414,8971,H-134,Hart County Cupboard,FAIMPORT481030,,FP/GNAP/USDA,FOOD PANTRY-Agency,BLUE RECEIPT-SHL,MCF-16-10001,12,0,0,0.0,12,HART,0.0,4/2/2024 0:00,4/2/2024 0:00,Price Code 1,CUSTOMER PICKUP,False,Food Bank of Northeast Georgia,01,30643.0,Hartwell,"FROZEN FOODS, MISC SHL RETAIL PICKUP",Dry Food Misc.
954,173677,3943,O-115,Oak Bower Baptist Church,477306,,FP/USDA,FOOD PANTRY-Agency,USDA,N-50-10268,9,0,0,10.26,342,HART,0.03,1/31/2024 11:12,2/7/2024 11:20,Price Code 1,CUSTOMER PICKUP,False,Food Bank of Northeast Georgia,01,30643.0,Hartwell,USDA APPLE JUICE,Dry Beverages
966,179098,1045,B-137,Bethany Baptist Church,481712,,FP/GNAP/USDA,FOOD PANTRY-Agency,BLUE RECEIPT-SHL,W-25-10009,9,0,0,1.62,9,HART,0.18,4/17/2024 10:13,4/17/2024 10:14,Price Code 1,CUSTOMER PICKUP,False,Sharing Floor Athens,01-SH,30520.0,Canon,"ASSORTED SNACK ITEMS, SHL",Dry Food Misc.
672,181134,8931,C-167,"Christian Worship Assembly, INC",483739,,FP/USDA,FOOD PANTRY-Agency,SBB-O,N-16-20003,50,0,0,0.0,1100,HART,0.0,6/7/2024 8:00,6/7/2024 6:59,Price Code 1,CUSTOMER PICKUP,False,Rabun Warehouse,02,30643.0,Hartwell,SENIOR STAPLES BOX - ASSORTED USDA,Dry Food Misc.
696,173128,170,C-174,Cornerstone Baptist Church,476758,,FP/OP/GNAP/USDA,FOOD PANTRY-Agency,USDA,N-50-10007,13,0,0,0.0,364,HART,0.0,1/18/2024 16:09,1/19/2024 9:03,Price Code 1,CUSTOMER PICKUP,False,Rabun Warehouse,02,30643.0,Hartwell,"USDA CORN, WHOLE KERNEL NO SALT",Dry Vegetables
482,179484,8973,H-134,Hart County Cupboard,FAIMPORT482097,,FP/GNAP/USDA,FOOD PANTRY-Agency,BLUE RECEIPT-SHL,MCC-16-10001,16,0,0,0.0,16,HART,0.0,4/15/2024 0:00,4/15/2024 0:00,Price Code 1,CUSTOMER PICKUP,False,Food Bank of Northeast Georgia,01,30643.0,Hartwell,"COOLER FOOD MISC., SHL RETAIL PICKUP",Dry Food Misc.
482,178689,8975,H-134,Hart County Cupboard,FAIMPORT481304,,FP/GNAP/USDA,FOOD PANTRY-Agency,BLUE RECEIPT-SHL,MCC-07-10001,447,0,0,0.0,447,HART,0.0,4/8/2024 0:00,4/8/2024 0:00,Price Code 1,CUSTOMER PICKUP,False,Food Bank of Northeast Georgia,01,30643.0,Hartwell,"DAIRY PRODUCTS, SHL RETAIL PICKUPS",Dry Dairy
672,172492,7094,C-167,"Christian Worship Assembly, INC",476123,,FP/USDA,FOOD PANTRY-Agency,PURCH,N-21-10056,13,0,0,0.0,156,HART,0.0,1/6/2024 7:30,1/16/2024 8:23,Price Code 1,TRUCK 1 MOBILE PANTRY,False,Food Bank of Northeast Georgia,01,30643.0,Hartwell,MACARONI & CHEESE,Dry Prepared Meals
966,176601,1791,B-137,Bethany Baptist Church,479225,,FP/GNAP/USDA,FOOD PANTRY-Agency,USDA,N-50-10079,2,0,0,9.36,52,HART,0.18,3/13/2024 10:00,3/13/2024 11:08,Price Code 1,CUSTOMER PICKUP,False,Food Bank of Northeast Georgia,01,30520.0,Canon,USDA WALNUT HALVES AND PIECES,Dry Proteins
482,175107,7059,H-134,Hart County Cupboard,477737,,FP/GNAP/USDA,FOOD PANTRY-Agency,USDA,C-50-10019,90,0,0,0.0,3240,HART,0.0,2/6/2024 8:30,2/20/2024 13:41,Price Code 1,TRACTOR TRAILER 2 MOBILE PANTRY,False,Food Bank of Northeast Georgia,01,30643.0,Hartwell,USDA 2% MILK CCC,Cooled Dairy
881,176467,842,H-148,"Hart County Clothes Closet Food Pantry, Inc",479091,,FP/USDA,FOOD PANTRY-Agency,USDA,N-50-10021,4,0,0,19.44,108,HART,0.18,3/15/2024 8:30,3/15/2024 7:21,Price Code 1,CUSTOMER PICKUP,False,Rabun Warehouse,02,30643.0,Hartwell,USDA DICED TOMATOES NO SALT CCC,Dry Vegetables
482,181769,6692,H-134,Hart County Cupboard,484373,,FP/GNAP/USDA,FOOD PANTRY-Agency,LOCAL - LL,C-28-90422,28,0,0,0.0,1400,HART,0.0,6/4/2024 9:00,6/4/2024 7:31,Price Code 1,TRUCK 1 MOBILE PANTRY,False,Food Bank of Northeast Georgia,01,30643.0,Hartwell,"APPLES, LL",Cooled Fruits
696,177620,8720,C-174,Cornerstone Baptist Church,480240,,FP/OP/GNAP/USDA,FOOD PANTRY-Agency,USDA,N-50-10305,26,0,0,0.0,364,HART,0.0,3/21/2024 16:09,3/21/2024 9:40,Price Code 1,CUSTOMER PICKUP,False,Rabun Warehouse,02,30643.0,Hartwell,USDA MIXED VegetablesCCC,Dry Vegetables
482,179776,8975,H-134,Hart County Cupboard,FAIMPORT482389,,FP/GNAP/USDA,FOOD PANTRY-Agency,BLUE RECEIPT-SHL,MCC-07-10001,35,0,0,0.0,35,HART,0.0,4/26/2024 0:00,4/26/2024 0:00,Price Code 1,CUSTOMER PICKUP,False,Food Bank of Northeast Georgia,01,30643.0,Hartwell,"DAIRY PRODUCTS, SHL RETAIL PICKUPS",Dry Dairy
954,172514,8600,O-115,Oak Bower Baptist Church,476145,,FP/USDA,FOOD PANTRY-Agency,BLUE RECEIPT-SHL,N-03-11249,2,0,0,0.0,60,HART,0.0,1/10/2024 14:00,1/11/2024 12:14,Price Code 1,CUSTOMER PICKUP,False,Food Bank of Northeast Georgia,01,30643.0,Hartwell,DIET PEPSI,Dry Beverages
966,175192,8914,B-137,Bethany Baptist Church,477821,,FP/GNAP/USDA,FOOD PANTRY-Agency,USDA,N-50-10310,4,0,0,19.44,108,HART,0.18,2/14/2024 10:00,2/14/2024 8:58,Price Code 1,CUSTOMER PICKUP,False,Food Bank of Northeast Georgia,01,30520.0,Canon,USDA DICED POTATOES,Dry Potatoes
696,175601,1047,C-174,Cornerstone Baptist Church,478229,,FP/OP/GNAP/USDA,FOOD PANTRY-Agency,USDA,N-50-10041,13,0,0,0.0,637,HART,0.0,2/14/2024 16:09,2/20/2024 9:57,Price Code 1,TRUCK 2 MOBILE PANTRY,False,Rabun Warehouse,02,30643.0,Hartwell,USDA RICE,Dry Grains
672,178307,84,C-167,"Christian Worship Assembly, INC",480923,,FP/USDA,FOOD PANTRY-Agency,USDA,N-50-10006,13,0,0,0.0,351,HART,0.0,4/6/2024 7:30,4/17/2024 7:08,Price Code 1,TRUCK 1 MOBILE PANTRY,False,Food Bank of Northeast Georgia,01,30643.0,Hartwell,USDA GREEN BEANS,Dry Vegetables
482,180965,8975,H-134,Hart County Cupboard,FAIMPORT483571,,FP/GNAP/USDA,FOOD PANTRY-Agency,BLUE RECEIPT-SHL,MCC-07-10001,52,0,0,0.0,52,HART,0.0,5/14/2024 0:00,5/14/2024 0:00,Price Code 1,CUSTOMER PICKUP,False,Food Bank of Northeast Georgia,01,30643.0,Hartwell,"DAIRY PRODUCTS, SHL RETAIL PICKUPS",Dry Dairy
696,180697,1791,C-174,Cornerstone Baptist Church,483303,,FP/OP/GNAP/USDA,FOOD PANTRY-Agency,USDA,N-50-10079,13,0,0,0.0,338,HART,0.0,5/16/2024 16:09,5/16/2024 11:36,Price Code 1,CUSTOMER PICKUP,False,Rabun Warehouse,02,30643.0,Hartwell,USDA WALNUT HALVES AND PIECES,Dry Proteins
966,176601,8966,B-137,Bethany Baptist Church,479225,,FP/GNAP/USDA,FOOD PANTRY-Agency,YELLOW RECEIPT - SHN,N-15-10049,2,0,0,2.16,12,HART,0.18,3/13/2024 10:00,3/13/2024 11:08,Price Code 1,CUSTOMER PICKUP,False,Food Bank of Northeast Georgia,01,30520.0,Canon,FIRE CRACKER REDHOT PICKLED SAUSAGE,Dry Proteins
696,172206,8765,C-174,Cornerstone Baptist Church,475837,,FP/OP/GNAP/USDA,FOOD PANTRY-Agency,USDA,N-50-10307,1,0,0,4.86,27,HART,0.18,1/9/2024 16:09,1/30/2024 14:05,Price Code 1,CUSTOMER PICKUP,False,Food Bank of Northeast Georgia,01,30643.0,Hartwell,"USDA LIGHT RED KIDNEY BEANS, LOW SODIUM",Dry Proteins
966,180856,683,B-137,Bethany Baptist Church,483462,,FP/GNAP/USDA,FOOD PANTRY-Agency,BLUE RECEIPT-SHL,W-16-10001,154,0,0,27.72,154,HART,0.18,5/15/2024 10:18,5/15/2024 10:19,Price Code 1,CUSTOMER PICKUP,False,Sharing Floor Athens,01-SH,30520.0,Canon,MISC. FOOD BOX SHL,Dry Food Misc.
482,179474,8975,H-134,Hart County Cupboard,FAIMPORT482087,,FP/GNAP/USDA,FOOD PANTRY-Agency,BLUE RECEIPT-SHL,MCC-07-10001,43,0,0,0.0,43,HART,0.0,4/18/2024 0:00,4/18/2024 0:00,Price Code 1,CUSTOMER PICKUP,False,Food Bank of Northeast Georgia,01,30643.0,Hartwell,"DAIRY PRODUCTS, SHL RETAIL PICKUPS",Dry Dairy
482,177792,8975,H-134,Hart County Cupboard,FAIMPORT480411,,FP/GNAP/USDA,FOOD PANTRY-Agency,BLUE RECEIPT-SHL,MCC-07-10001,9,0,0,0.0,9,HART,0.0,3/22/2024 0:00,3/22/2024 0:00,Price Code 1,CUSTOMER PICKUP,False,Food Bank of Northeast Georgia,01,30643.0,Hartwell,"DAIRY PRODUCTS, SHL RETAIL PICKUPS",Dry Dairy
482,176284,8903,H-134,Hart County Cupboard,478909,,FP/GNAP/USDA,FOOD PANTRY-Agency,YELLOW RECEIPT - SHN,N-16-10181,25,0,0,0.0,125,HART,0.0,3/5/2024 8:30,3/5/2024 11:45,Price Code 1,TRUCK 1 MOBILE PANTRY,False,Food Bank of Northeast Georgia,01,30643.0,Hartwell,STOVE TOP STUFFING - TURKEY/CHICKEN/CORNBREAD,Dry Prepared Meals
696,182299,170,C-174,Cornerstone Baptist Church,484903,,FP/OP/GNAP/USDA,FOOD PANTRY-Agency,USDA,N-50-10007,13,0,0,0.0,364,HART,0.0,6/20/2024 16:09,6/20/2024 16:44,Price Code 1,CUSTOMER PICKUP,False,Rabun Warehouse,02,30643.0,Hartwell,"USDA CORN, WHOLE KERNEL NO SALT",Dry Vegetables
966,179978,8869,B-137,Bethany Baptist Church,482587,,FP/GNAP/USDA,FOOD PANTRY-Agency,YELLOW RECEIPT - SHN,N-20-10004,8,0,0,4.32,24,HART,0.18,5/15/2024 10:00,5/15/2024 10:50,Price Code 1,CUSTOMER PICKUP,False,Food Bank of Northeast Georgia,01,30520.0,Canon,PAMPERS PREEMIE SWADDLERS,Dry Non-Food Misc.
696,173128,7082,C-174,Cornerstone Baptist Church,476758,,FP/OP/GNAP/USDA,FOOD PANTRY-Agency,USDA,C-50-10033,52,0,0,0.0,624,HART,0.0,1/18/2024 16:09,1/19/2024 9:03,Price Code 1,CUSTOMER PICKUP,False,Rabun Warehouse,02,30643.0,Hartwell,USDA SHREDDED YELLOW CHEDDAR CHEESE CCC,Cooled Dairy
482,172694,170,H-134,Hart County Cupboard,476325,,FP/GNAP/USDA,FOOD PANTRY-Agency,USDA,N-50-10007,13,0,0,0.0,364,HART,0.0,1/9/2024 8:30,2/6/2024 9:01,Price Code 1,TRUCK 1 MOBILE PANTRY,False,Food Bank of Northeast Georgia,01,30643.0,Hartwell,"USDA CORN, WHOLE KERNEL NO SALT",Dry Vegetables
954,180104,4376,O-115,Oak Bower Baptist Church,482712,,FP/USDA,FOOD PANTRY-Agency,USDA,N-50-10291,5,0,0,22.5,125,HART,0.18,5/7/2024 8:00,5/8/2024 14:25,Price Code 1,CUSTOMER PICKUP,False,Food Bank of Northeast Georgia,01,30643.0,Hartwell,USDA GARBANZO BEANS,Dry Proteins
482,177794,8970,H-134,Hart County Cupboard,FAIMPORT480413,,FP/GNAP/USDA,FOOD PANTRY-Agency,BLUE RECEIPT-SHL,MCW-16-10001,3,0,0,0.0,3,HART,0.0,3/21/2024 0:00,3/21/2024 0:00,Price Code 1,CUSTOMER PICKUP,False,Food Bank of Northeast Georgia,01,30643.0,Hartwell,"MISC. FOOD BOX, SHL RETAIL PICKUP",Dry Food Misc.
966,175610,696,B-137,Bethany Baptist Church,478238,,FP/GNAP/USDA,FOOD PANTRY-Agency,LOCAL - LL,W-25-10000,11,0,0,0.0,11,HART,0.0,2/14/2024 9:22,2/14/2024 9:24,Price Code 1,CUSTOMER PICKUP,False,Sharing Floor Athens,01-SH,30520.0,Canon,"ASSORTED SNACK ITEMS, LL",Dry Food Misc.
482,175107,170,H-134,Hart County Cupboard,477737,,FP/GNAP/USDA,FOOD PANTRY-Agency,USDA,N-50-10007,13,0,0,0.0,364,HART,0.0,2/6/2024 8:30,2/20/2024 13:41,Price Code 1,TRACTOR TRAILER 2 MOBILE PANTRY,False,Food Bank of Northeast Georgia,01,30643.0,Hartwell,"USDA CORN, WHOLE KERNEL NO SALT",Dry Vegetables
482,180453,8973,H-134,Hart County Cupboard,FAIMPORT483059,,FP/GNAP/USDA,FOOD PANTRY-Agency,BLUE RECEIPT-SHL,MCC-16-10001,88,0,0,0.0,88,HART,0.0,5/6/2024 0:00,5/6/2024 0:00,Price Code 1,CUSTOMER PICKUP,False,Food Bank of Northeast Georgia,01,30643.0,Hartwell,"COOLER FOOD MISC., SHL RETAIL PICKUP",Dry Food Misc.
482,178171,8970,H-134,Hart County Cupboard,FAIMPORT480790,,FP/GNAP/USDA,FOOD PANTRY-Agency,BLUE RECEIPT-SHL,MCW-16-10001,31,0,0,0.0,31,HART,0.0,3/27/2024 0:00,3/27/2024 0:00,Price Code 1,CUSTOMER PICKUP,False,Food Bank of Northeast Georgia,01,30643.0,Hartwell,"MISC. FOOD BOX, SHL RETAIL PICKUP",Dry Food Misc.
482,178413,8975,H-134,Hart County Cupboard,FAIMPORT481029,,FP/GNAP/USDA,FOOD PANTRY-Agency,BLUE RECEIPT-SHL,MCC-07-10001,47,0,0,0.0,47,HART,0.0,4/5/2024 0:00,4/5/2024 0:00,Price Code 1,CUSTOMER PICKUP,False,Food Bank of Northeast Georgia,01,30643.0,Hartwell,"DAIRY PRODUCTS, SHL RETAIL PICKUPS",Dry Dairy
954,173677,2862,O-115,Oak Bower Baptist Church,477306,,FP/USDA,FOOD PANTRY-Agency,USDA,N-50-10115,2,0,0,9.72,54,HART,0.18,1/31/2024 11:12,2/7/2024 11:20,Price Code 1,CUSTOMER PICKUP,False,Food Bank of Northeast Georgia,01,30643.0,Hartwell,USDA DARK RED KIDNEY BEANS CCC,Dry Proteins
954,176551,1047,O-115,Oak Bower Baptist Church,479175,,FP/USDA,FOOD PANTRY-Agency,USDA,N-50-10041,5,0,0,44.1,245,HART,0.18,3/6/2024 23:32,3/7/2024 9:41,Price Code 1,CUSTOMER PICKUP,False,Food Bank of Northeast Georgia,01,30643.0,Hartwell,USDA RICE,Dry Grains
482,176284,1521,H-134,Hart County Cupboard,478909,,FP/GNAP/USDA,FOOD PANTRY-Agency,USDA,N-50-10104,25,0,0,0.0,625,HART,0.0,3/5/2024 8:30,3/5/2024 11:45,Price Code 1,TRUCK 1 MOBILE PANTRY,False,Food Bank of Northeast Georgia,01,30643.0,Hartwell,USDA LENTIL BEANS,Dry Proteins
954,173677,3776,O-115,Oak Bower Baptist Church,477306,,FP/USDA,FOOD PANTRY-Agency,BLUE RECEIPT-SHL,N-03-11125,2,0,0,1.98,66,HART,0.03,1/31/2024 11:12,2/7/2024 11:20,Price Code 1,CUSTOMER PICKUP,False,Food Bank of Northeast Georgia,01,30643.0,Hartwell,PEPSI WILD CHERRY,Dry Beverages
482,179988,8976,H-134,Hart County Cupboard,FAIMPORT482597,,FP/GNAP/USDA,FOOD PANTRY-Agency,BLUE RECEIPT-SHL,MCC-28-10001,2,0,0,0.0,2,HART,0.0,4/29/2024 0:00,4/29/2024 0:00,Price Code 1,CUSTOMER PICKUP,False,Food Bank of Northeast Georgia,01,30643.0,Hartwell,"PRODUCE, SHL RETAIL PICKUPS",Dry Mixed Produce
482,177575,8970,H-134,Hart County Cupboard,FAIMPORT480195,,FP/GNAP/USDA,FOOD PANTRY-Agency,BLUE RECEIPT-SHL,MCW-16-10001,25,0,0,0.0,25,HART,0.0,3/6/2024 0:00,3/6/2024 0:00,Price Code 1,CUSTOMER PICKUP,False,Food Bank of Northeast Georgia,01,30643.0,Hartwell,"MISC. FOOD BOX, SHL RETAIL PICKUP",Dry Food Misc.
482,180241,8997,H-134,Hart County Cupboard,482847,,FP/GNAP/USDA,FOOD PANTRY-Agency,USDA,N-50-10312,25,0,0,0.0,300,HART,0.0,5/7/2024 8:30,5/7/2024 7:44,Price Code 1,TRUCK 1 MOBILE PANTRY,False,Food Bank of Northeast Georgia,01,30643.0,Hartwell,USDA CHILI W/ BEANS CCC,Dry Prepared Meals
954,177936,8714,O-115,Oak Bower Baptist Church,480555,,FP/USDA,FOOD PANTRY-Agency,USDA,N-50-10303,10,0,0,0.0,240,HART,0.0,4/8/2024 22:41,4/12/2024 10:30,Price Code 1,CUSTOMER PICKUP,False,Food Bank of Northeast Georgia,01,30643.0,Hartwell,USDA GREEN SPLIT PEAS,Dry Proteins
672,172492,875,C-167,"Christian Worship Assembly, INC",476123,,FP/USDA,FOOD PANTRY-Agency,BLUE RECEIPT-SHL,W-04-10000,463,0,0,0.0,463,HART,0.0,1/6/2024 7:30,1/16/2024 8:23,Price Code 1,TRUCK 1 MOBILE PANTRY,False,Food Bank of Northeast Georgia,01,30643.0,Hartwell,"BREAD & BAKERY, ASSORTED SHL",Dry Grains
696,177620,6786,C-174,Cornerstone Baptist Church,480240,,FP/OP/GNAP/USDA,FOOD PANTRY-Agency,LOCAL - LL,C-28-90215,40,0,0,0.0,2000,HART,0.0,3/21/2024 16:09,3/21/2024 9:40,Price Code 1,CUSTOMER PICKUP,False,Rabun Warehouse,02,30643.0,Hartwell,"POTATOES, RUSSET",Cooled Potatoes
954,176551,3139,O-115,Oak Bower Baptist Church,479175,,FP/USDA,FOOD PANTRY-Agency,USDA,N-50-10290,5,0,0,22.5,125,HART,0.18,3/6/2024 23:32,3/7/2024 9:41,Price Code 1,CUSTOMER PICKUP,False,Food Bank of Northeast Georgia,01,30643.0,Hartwell,USDA WHOLE ALMONDS DRY ROASTED,Dry Proteins
966,181962,235,B-137,Bethany Baptist Church,484566,,FP/GNAP/USDA,FOOD PANTRY-Agency,LOCAL - LL,W-03-10012,140,0,0,0.0,140,HART,0.0,6/6/2024 10:03,6/6/2024 10:06,Price Code 1,CUSTOMER PICKUP,False,Sharing Floor Athens,01-SH,30520.0,Canon,"ASSORTED BEVERAGES, LL",Dry Beverages
696,175601,7061,C-174,Cornerstone Baptist Church,478229,,FP/OP/GNAP/USDA,FOOD PANTRY-Agency,USDA,C-50-10021,54,0,0,0.0,2268,HART,0.0,2/14/2024 16:09,2/20/2024 9:57,Price Code 1,TRUCK 2 MOBILE PANTRY,False,Rabun Warehouse,02,30643.0,Hartwell,USDA FRESH ORANGES,Cooled Fruits
696,177620,170,C-174,Cornerstone Baptist Church,480240,,FP/OP/GNAP/USDA,FOOD PANTRY-Agency,USDA,N-50-10007,13,0,0,0.0,364,HART,0.0,3/21/2024 16:09,3/21/2024 9:40,Price Code 1,CUSTOMER PICKUP,False,Rabun Warehouse,02,30643.0,Hartwell,"USDA CORN, WHOLE KERNEL NO SALT",Dry Vegetables
696,182299,4449,C-174,Cornerstone Baptist Church,484903,,FP/OP/GNAP/USDA,FOOD PANTRY-Agency,USDA,F-50-90445,36,0,0,0.0,1476,HART,0.0,6/20/2024 16:09,6/20/2024 16:44,Price Code 1,CUSTOMER PICKUP,False,Rabun Warehouse,02,30643.0,Hartwell,USDA FULLY COOKED PULLED PORK CCC,Frozen Proteins
954,177936,1047,O-115,Oak Bower Baptist Church,480555,,FP/USDA,FOOD PANTRY-Agency,USDA,N-50-10041,5,0,0,44.1,245,HART,0.18,4/8/2024 22:41,4/12/2024 10:30,Price Code 1,CUSTOMER PICKUP,False,Food Bank of Northeast Georgia,01,30643.0,Hartwell,USDA RICE,Dry Grains
696,172206,4761,C-174,Cornerstone Baptist Church,475837,,FP/OP/GNAP/USDA,FOOD PANTRY-Agency,USDA,F-50-90454,1,0,0,5.58,31,HART,0.18,1/9/2024 16:09,1/30/2024 14:05,Price Code 1,CUSTOMER PICKUP,False,Food Bank of Northeast Georgia,01,30643.0,Hartwell,USDA FROZEN STRAWBERRIES CCC,Frozen Fruits
966,172428,8895,B-137,Bethany Baptist Church,476059,,FP/GNAP/USDA,FOOD PANTRY-Agency,LOCAL - LL,N-25-11949,6,0,0,2.16,12,HART,0.18,1/17/2024 10:00,1/17/2024 10:01,Price Code 1,CUSTOMER PICKUP,False,Food Bank of Northeast Georgia,01,30520.0,Canon,THINFUL BIRTHDAY CAKE SNACK MIX,Dry Food Misc.
482,180623,8973,H-134,Hart County Cupboard,FAIMPORT483229,,FP/GNAP/USDA,FOOD PANTRY-Agency,BLUE RECEIPT-SHL,MCC-16-10001,31,0,0,0.0,31,HART,0.0,5/9/2024 0:00,5/9/2024 0:00,Price Code 1,CUSTOMER PICKUP,False,Food Bank of Northeast Georgia,01,30643.0,Hartwell,"COOLER FOOD MISC., SHL RETAIL PICKUP",Dry Food Misc.
696,180697,4715,C-174,Cornerstone Baptist Church,483303,,FP/OP/GNAP/USDA,FOOD PANTRY-Agency,USDA,F-50-90461,18,0,0,0.0,720,HART,0.0,5/16/2024 16:09,5/16/2024 11:36,Price Code 1,CUSTOMER PICKUP,False,Rabun Warehouse,02,30643.0,Hartwell,USDA ALASKAN POLLACK FISH FILLETS,Frozen Proteins
482,176284,1791,H-134,Hart County Cupboard,478909,,FP/GNAP/USDA,FOOD PANTRY-Agency,USDA,N-50-10079,13,0,0,0.0,338,HART,0.0,3/5/2024 8:30,3/5/2024 11:45,Price Code 1,TRUCK 1 MOBILE PANTRY,False,Food Bank of Northeast Georgia,01,30643.0,Hartwell,USDA WALNUT HALVES AND PIECES,Dry Proteins
966,172428,8720,B-137,Bethany Baptist Church,476059,,FP/GNAP/USDA,FOOD PANTRY-Agency,USDA,N-50-10305,4,0,0,10.08,56,HART,0.18,1/17/2024 10:00,1/17/2024 10:01,Price Code 1,CUSTOMER PICKUP,False,Food Bank of Northeast Georgia,01,30520.0,Canon,USDA MIXED VegetablesCCC,Dry Vegetables
954,173677,8766,O-115,Oak Bower Baptist Church,477306,,FP/USDA,FOOD PANTRY-Agency,LOCAL - LL,N-25-11919,4,0,0,1.44,8,HART,0.18,1/31/2024 11:12,2/7/2024 11:20,Price Code 1,CUSTOMER PICKUP,False,Food Bank of Northeast Georgia,01,30643.0,Hartwell,GHIRARDELLI SEA SALT CARAMEL CHOCOLATE,Dry Food Misc.
482,180624,8976,H-134,Hart County Cupboard,FAIMPORT483230,,FP/GNAP/USDA,FOOD PANTRY-Agency,BLUE RECEIPT-SHL,MCC-28-10001,50,0,0,0.0,50,HART,0.0,5/9/2024 0:00,5/9/2024 0:00,Price Code 1,CUSTOMER PICKUP,False,Food Bank of Northeast Georgia,01,30643.0,Hartwell,"PRODUCE, SHL RETAIL PICKUPS",Dry Mixed Produce
482,176284,4449,H-134,Hart County Cupboard,478909,,FP/GNAP/USDA,FOOD PANTRY-Agency,USDA,F-50-90445,45,0,0,0.0,1845,HART,0.0,3/5/2024 8:30,3/5/2024 11:45,Price Code 1,TRUCK 1 MOBILE PANTRY,False,Food Bank of Northeast Georgia,01,30643.0,Hartwell,USDA FULLY COOKED PULLED PORK CCC,Frozen Proteins
954,177936,842,O-115,Oak Bower Baptist Church,480555,,FP/USDA,FOOD PANTRY-Agency,USDA,N-50-10021,5,0,0,24.3,135,HART,0.18,4/8/2024 22:41,4/12/2024 10:30,Price Code 1,CUSTOMER PICKUP,False,Food Bank of Northeast Georgia,01,30643.0,Hartwell,USDA DICED TOMATOES NO SALT CCC,Dry Vegetables
966,179978,1674,B-137,Bethany Baptist Church,482587,,FP/GNAP/USDA,FOOD PANTRY-Agency,USDA,N-50-10073,4,0,0,19.44,108,HART,0.18,5/15/2024 10:00,5/15/2024 10:50,Price Code 1,CUSTOMER PICKUP,False,Food Bank of Northeast Georgia,01,30520.0,Canon,USDA TOMATO SAUCE,Dry Vegetables
954,172514,8846,O-115,Oak Bower Baptist Church,476145,,FP/USDA,FOOD PANTRY-Agency,BLUE RECEIPT-SHL,N-03-11774,3,0,0,0.0,69,HART,0.0,1/10/2024 14:00,1/11/2024 12:14,Price Code 1,CUSTOMER PICKUP,False,Food Bank of Northeast Georgia,01,30643.0,Hartwell,PURE LEAF UNSWEETENED TEA,Dry Beverages
954,173677,2098,O-115,Oak Bower Baptist Church,477306,,FP/USDA,FOOD PANTRY-Agency,BLUE RECEIPT-SHL,N-03-10677,4,0,0,0.0,88,HART,0.0,1/31/2024 11:12,2/7/2024 11:20,Price Code 1,CUSTOMER PICKUP,False,Food Bank of Northeast Georgia,01,30643.0,Hartwell,GATORADE ORANGE,Dry Beverages
482,178410,8976,H-134,Hart County Cupboard,FAIMPORT481026,,FP/GNAP/USDA,FOOD PANTRY-Agency,BLUE RECEIPT-SHL,MCC-28-10001,27,0,0,0.0,27,HART,0.0,3/28/2024 0:00,3/28/2024 0:00,Price Code 1,CUSTOMER PICKUP,False,Food Bank of Northeast Georgia,01,30643.0,Hartwell,"PRODUCE, SHL RETAIL PICKUPS",Dry Mixed Produce
954,180104,2202,O-115,Oak Bower Baptist Church,482712,,FP/USDA,FOOD PANTRY-Agency,USDA,N-50-10240,5,0,0,19.8,110,HART,0.18,5/7/2024 8:00,5/8/2024 14:25,Price Code 1,CUSTOMER PICKUP,False,Food Bank of Northeast Georgia,01,30643.0,Hartwell,USDA SPAGHETTI,Dry Grains
672,172492,170,C-167,"Christian Worship Assembly, INC",476123,,FP/USDA,FOOD PANTRY-Agency,USDA,N-50-10007,13,0,0,0.0,364,HART,0.0,1/6/2024 7:30,1/16/2024 8:23,Price Code 1,TRUCK 1 MOBILE PANTRY,False,Food Bank of Northeast Georgia,01,30643.0,Hartwell,"USDA CORN, WHOLE KERNEL NO SALT",Dry Vegetables
881,181756,7083,H-148,"Hart County Clothes Closet Food Pantry, Inc",484360,,FP/USDA,FOOD PANTRY-Agency,USDA,C-50-10029,3,0,0,6.48,36,HART,0.18,6/7/2024 9:00,6/7/2024 6:59,Price Code 1,CUSTOMER PICKUP,False,Rabun Warehouse,02,30643.0,Hartwell,"USDA MILD CHEDDAR CHEESE, BLOCK CCC",Cooled Dairy
482,177847,8970,H-134,Hart County Cupboard,FAIMPORT480466,,FP/GNAP/USDA,FOOD PANTRY-Agency,BLUE RECEIPT-SHL,MCW-16-10001,29,0,0,0.0,29,HART,0.0,3/25/2024 0:00,3/25/2024 0:00,Price Code 1,CUSTOMER PICKUP,False,Food Bank of Northeast Georgia,01,30643.0,Hartwell,"MISC. FOOD BOX, SHL RETAIL PICKUP",Dry Food Misc.
954,172514,84,O-115,Oak Bower Baptist Church,476145,,FP/USDA,FOOD PANTRY-Agency,USDA,N-50-10006,2,0,0,9.72,54,HART,0.18,1/10/2024 14:00,1/11/2024 12:14,Price Code 1,CUSTOMER PICKUP,False,Food Bank of Northeast Georgia,01,30643.0,Hartwell,USDA GREEN BEANS,Dry Vegetables
482,175107,875,H-134,Hart County Cupboard,477737,,FP/GNAP/USDA,FOOD PANTRY-Agency,BLUE RECEIPT-SHL,W-04-10000,891,0,0,0.0,891,HART,0.0,2/6/2024 8:30,2/20/2024 13:41,Price Code 1,TRACTOR TRAILER 2 MOBILE PANTRY,False,Food Bank of Northeast Georgia,01,30643.0,Hartwell,"BREAD & BAKERY, ASSORTED SHL",Dry Grains
696,179122,8783,C-174,Cornerstone Baptist Church,481735,,FP/OP/GNAP/USDA,FOOD PANTRY-Agency,USDA,N-50-10308,13,0,0,0.0,299,HART,0.0,4/17/2024 16:09,4/18/2024 8:51,Price Code 1,CUSTOMER PICKUP,False,Rabun Warehouse,02,30643.0,Hartwell,USDA RAISINS,Dry Fruits
954,172514,8901,O-115,Oak Bower Baptist Church,476145,,FP/USDA,FOOD PANTRY-Agency,BLUE RECEIPT-SHL,N-03-11792,4,0,0,0.0,80,HART,0.0,1/10/2024 14:00,1/11/2024 12:14,Price Code 1,CUSTOMER PICKUP,False,Food Bank of Northeast Georgia,01,30643.0,Hartwell,PROPEL BLACK CHERRY ,Dry Beverages
881,179829,8931,H-148,"Hart County Clothes Closet Food Pantry, Inc",482440,,FP/USDA,FOOD PANTRY-Agency,SBB-O,N-16-20003,91,0,0,0.0,2002,HART,0.0,5/17/2024 8:30,5/17/2024 7:16,Price Code 1,CUSTOMER PICKUP,False,Rabun Warehouse,02,30643.0,Hartwell,SENIOR STAPLES BOX - ASSORTED USDA,Dry Food Misc.
672,172492,1791,C-167,"Christian Worship Assembly, INC",476123,,FP/USDA,FOOD PANTRY-Agency,USDA,N-50-10079,13,0,0,0.0,338,HART,0.0,1/6/2024 7:30,1/16/2024 8:23,Price Code 1,TRUCK 1 MOBILE PANTRY,False,Food Bank of Northeast Georgia,01,30643.0,Hartwell,USDA WALNUT HALVES AND PIECES,Dry Proteins
482,179775,8975,H-134,Hart County Cupboard,FAIMPORT482388,,FP/GNAP/USDA,FOOD PANTRY-Agency,BLUE RECEIPT-SHL,MCC-07-10001,8,0,0,0.0,8,HART,0.0,4/23/2024 0:00,4/23/2024 0:00,Price Code 1,CUSTOMER PICKUP,False,Food Bank of Northeast Georgia,01,30643.0,Hartwell,"DAIRY PRODUCTS, SHL RETAIL PICKUPS",Dry Dairy
954,173677,8720,O-115,Oak Bower Baptist Church,477306,,FP/USDA,FOOD PANTRY-Agency,USDA,N-50-10305,4,0,0,10.08,56,HART,0.18,1/31/2024 11:12,2/7/2024 11:20,Price Code 1,CUSTOMER PICKUP,False,Food Bank of Northeast Georgia,01,30643.0,Hartwell,USDA MIXED VegetablesCCC,Dry Vegetables
482,178412,8973,H-134,Hart County Cupboard,FAIMPORT481028,,FP/GNAP/USDA,FOOD PANTRY-Agency,BLUE RECEIPT-SHL,MCC-16-10001,10,0,0,0.0,10,HART,0.0,3/29/2024 0:00,3/29/2024 0:00,Price Code 1,CUSTOMER PICKUP,False,Food Bank of Northeast Georgia,01,30643.0,Hartwell,"COOLER FOOD MISC., SHL RETAIL PICKUP",Dry Food Misc.
954,172514,1047,O-115,Oak Bower Baptist Church,476145,,FP/USDA,FOOD PANTRY-Agency,USDA,N-50-10041,2,0,0,17.64,98,HART,0.18,1/10/2024 14:00,1/11/2024 12:14,Price Code 1,CUSTOMER PICKUP,False,Food Bank of Northeast Georgia,01,30643.0,Hartwell,USDA RICE,Dry Grains
482,175107,2960,H-134,Hart County Cupboard,477737,,FP/GNAP/USDA,FOOD PANTRY-Agency,USDA,N-50-10247,13,0,0,0.0,468,HART,0.0,2/6/2024 8:30,2/20/2024 13:41,Price Code 1,TRACTOR TRAILER 2 MOBILE PANTRY,False,Food Bank of Northeast Georgia,01,30643.0,Hartwell,USDA BEEF STEW POUCHES CCC,Dry Prepared Meals
672,178307,6780,C-167,"Christian Worship Assembly, INC",480923,,FP/USDA,FOOD PANTRY-Agency,USDA,C-50-10024,14,0,0,0.0,602,HART,0.0,4/6/2024 7:30,4/17/2024 7:08,Price Code 1,TRUCK 1 MOBILE PANTRY,False,Food Bank of Northeast Georgia,01,30643.0,Hartwell,USDA APPLES,Cooled Fruits
482,179481,8975,H-134,Hart County Cupboard,FAIMPORT482094,,FP/GNAP/USDA,FOOD PANTRY-Agency,BLUE RECEIPT-SHL,MCC-07-10001,165,0,0,0.0,165,HART,0.0,4/15/2024 0:00,4/15/2024 0:00,Price Code 1,CUSTOMER PICKUP,False,Food Bank of Northeast Georgia,01,30643.0,Hartwell,"DAIRY PRODUCTS, SHL RETAIL PICKUPS",Dry Dairy
696,175601,84,C-174,Cornerstone Baptist Church,478229,,FP/OP/GNAP/USDA,FOOD PANTRY-Agency,USDA,N-50-10006,13,0,0,0.0,351,HART,0.0,2/14/2024 16:09,2/20/2024 9:57,Price Code 1,TRUCK 2 MOBILE PANTRY,False,Rabun Warehouse,02,30643.0,Hartwell,USDA GREEN BEANS,Dry Vegetables
954,176551,3943,O-115,Oak Bower Baptist Church,479175,,FP/USDA,FOOD PANTRY-Agency,USDA,N-50-10268,13,0,0,14.82,494,HART,0.03,3/6/2024 23:32,3/7/2024 9:41,Price Code 1,CUSTOMER PICKUP,False,Food Bank of Northeast Georgia,01,30643.0,Hartwell,USDA APPLE JUICE,Dry Beverages
954,172514,7267,O-115,Oak Bower Baptist Church,476145,,FP/USDA,FOOD PANTRY-Agency,BLUE RECEIPT-SHL,N-03-11207,2,0,0,0.0,64,HART,0.0,1/10/2024 14:00,1/11/2024 12:14,Price Code 1,CUSTOMER PICKUP,False,Food Bank of Northeast Georgia,01,30643.0,Hartwell,"MT DEW RASPBERRY LEMONADE, SPARK",Dry Beverages
672,178307,5938,C-167,"Christian Worship Assembly, INC",480923,,FP/USDA,FOOD PANTRY-Agency,BLUE RECEIPT-SHL,C-28-10001,1637,0,0,0.0,1637,HART,0.0,4/6/2024 7:30,4/17/2024 7:08,Price Code 1,TRUCK 1 MOBILE PANTRY,False,Food Bank of Northeast Georgia,01,30643.0,Hartwell,"PRODUCE, FRESH SHL",Cooled Mixed Produce
966,175610,1045,B-137,Bethany Baptist Church,478238,,FP/GNAP/USDA,FOOD PANTRY-Agency,BLUE RECEIPT-SHL,W-25-10009,23,0,0,4.14,23,HART,0.18,2/14/2024 9:22,2/14/2024 9:24,Price Code 1,CUSTOMER PICKUP,False,Sharing Floor Athens,01-SH,30520.0,Canon,"ASSORTED SNACK ITEMS, SHL",Dry Food Misc.
482,179482,8972,H-134,Hart County Cupboard,FAIMPORT482095,,FP/GNAP/USDA,FOOD PANTRY-Agency,BLUE RECEIPT-SHL,MCF-15-10000,12,0,0,0.0,12,HART,0.0,4/22/2024 0:00,4/22/2024 0:00,Price Code 1,CUSTOMER PICKUP,False,Food Bank of Northeast Georgia,01,30643.0,Hartwell,"FROZEN MEAT & SEAFOOD, SHL RETAIL PICKUP",Dry Proteins
954,172514,170,O-115,Oak Bower Baptist Church,476145,,FP/USDA,FOOD PANTRY-Agency,USDA,N-50-10007,2,0,0,10.08,56,HART,0.18,1/10/2024 14:00,1/11/2024 12:14,Price Code 1,CUSTOMER PICKUP,False,Food Bank of Northeast Georgia,01,30643.0,Hartwell,"USDA CORN, WHOLE KERNEL NO SALT",Dry Vegetables
482,177845,8973,H-134,Hart County Cupboard,FAIMPORT480464,,FP/GNAP/USDA,FOOD PANTRY-Agency,BLUE RECEIPT-SHL,MCC-16-10001,12,0,0,0.0,12,HART,0.0,3/25/2024 0:00,3/25/2024 0:00,Price Code 1,CUSTOMER PICKUP,False,Food Bank of Northeast Georgia,01,30643.0,Hartwell,"COOLER FOOD MISC., SHL RETAIL PICKUP",Dry Food Misc.
482,179184,8975,H-134,Hart County Cupboard,FAIMPORT481797,,FP/GNAP/USDA,FOOD PANTRY-Agency,BLUE RECEIPT-SHL,MCC-07-10001,138,0,0,0.0,138,HART,0.0,4/12/2024 0:00,4/12/2024 0:00,Price Code 1,CUSTOMER PICKUP,False,Food Bank of Northeast Georgia,01,30643.0,Hartwell,"DAIRY PRODUCTS, SHL RETAIL PICKUPS",Dry Dairy
696,179122,84,C-174,Cornerstone Baptist Church,481735,,FP/OP/GNAP/USDA,FOOD PANTRY-Agency,USDA,N-50-10006,13,0,0,0.0,351,HART,0.0,4/17/2024 16:09,4/18/2024 8:51,Price Code 1,CUSTOMER PICKUP,False,Rabun Warehouse,02,30643.0,Hartwell,USDA GREEN BEANS,Dry Vegetables
482,177574,8975,H-134,Hart County Cupboard,FAIMPORT480194,,FP/GNAP/USDA,FOOD PANTRY-Agency,BLUE RECEIPT-SHL,MCC-07-10001,146,0,0,0.0,146,HART,0.0,3/19/2024 0:00,3/19/2024 0:00,Price Code 1,CUSTOMER PICKUP,False,Food Bank of Northeast Georgia,01,30643.0,Hartwell,"DAIRY PRODUCTS, SHL RETAIL PICKUPS",Dry Dairy
482,181769,8940,H-134,Hart County Cupboard,484373,,FP/GNAP/USDA,FOOD PANTRY-Agency,BLUE RECEIPT-SHL,C-28-90531,9,0,0,0.0,468,HART,0.0,6/4/2024 9:00,6/4/2024 7:31,Price Code 1,TRUCK 1 MOBILE PANTRY,False,Food Bank of Northeast Georgia,01,30643.0,Hartwell,"CABBAGE, SHL 50#",Cooled Vegetables
696,177620,7059,C-174,Cornerstone Baptist Church,480240,,FP/OP/GNAP/USDA,FOOD PANTRY-Agency,USDA,C-50-10019,45,0,0,0.0,1620,HART,0.0,3/21/2024 16:09,3/21/2024 9:40,Price Code 1,CUSTOMER PICKUP,False,Rabun Warehouse,02,30643.0,Hartwell,USDA 2% MILK CCC,Cooled Dairy
482,180457,8975,H-134,Hart County Cupboard,FAIMPORT483063,,FP/GNAP/USDA,FOOD PANTRY-Agency,BLUE RECEIPT-SHL,MCC-07-10001,38,0,0,0.0,38,HART,0.0,5/2/2024 0:00,5/2/2024 0:00,Price Code 1,CUSTOMER PICKUP,False,Food Bank of Northeast Georgia,01,30643.0,Hartwell,"DAIRY PRODUCTS, SHL RETAIL PICKUPS",Dry Dairy
696,179122,6831,C-174,Cornerstone Baptist Church,481735,,FP/OP/GNAP/USDA,FOOD PANTRY-Agency,USDA,C-50-10025,49,0,0,0.0,2058,HART,0.0,4/17/2024 16:09,4/18/2024 8:51,Price Code 1,CUSTOMER PICKUP,False,Rabun Warehouse,02,30643.0,Hartwell,USDA APPLES,Cooled Fruits
482,180241,3943,H-134,Hart County Cupboard,482847,,FP/GNAP/USDA,FOOD PANTRY-Agency,USDA,N-50-10268,40,0,0,0.0,1520,HART,0.0,5/7/2024 8:30,5/7/2024 7:44,Price Code 1,TRUCK 1 MOBILE PANTRY,False,Food Bank of Northeast Georgia,01,30643.0,Hartwell,USDA APPLE JUICE,Dry Beverages
482,179480,8976,H-134,Hart County Cupboard,FAIMPORT482093,,FP/GNAP/USDA,FOOD PANTRY-Agency,BLUE RECEIPT-SHL,MCC-28-10001,33,0,0,0.0,33,HART,0.0,4/19/2024 0:00,4/19/2024 0:00,Price Code 1,CUSTOMER PICKUP,False,Food Bank of Northeast Georgia,01,30643.0,Hartwell,"PRODUCE, SHL RETAIL PICKUPS",Dry Mixed Produce
672,172492,5938,C-167,"Christian Worship Assembly, INC",476123,,FP/USDA,FOOD PANTRY-Agency,BLUE RECEIPT-SHL,C-28-10001,4900,0,0,0.0,4900,HART,0.0,1/6/2024 7:30,1/16/2024 8:23,Price Code 1,TRUCK 1 MOBILE PANTRY,False,Food Bank of Northeast Georgia,01,30643.0,Hartwell,"PRODUCE, FRESH SHL",Cooled Mixed Produce
881,176467,8720,H-148,"Hart County Clothes Closet Food Pantry, Inc",479091,,FP/USDA,FOOD PANTRY-Agency,USDA,N-50-10305,4,0,0,10.08,56,HART,0.18,3/15/2024 8:30,3/15/2024 7:21,Price Code 1,CUSTOMER PICKUP,False,Rabun Warehouse,02,30643.0,Hartwell,USDA MIXED VegetablesCCC,Dry Vegetables
482,179478,8973,H-134,Hart County Cupboard,FAIMPORT482091,,FP/GNAP/USDA,FOOD PANTRY-Agency,BLUE RECEIPT-SHL,MCC-16-10001,3,0,0,0.0,3,HART,0.0,4/19/2024 0:00,4/19/2024 0:00,Price Code 1,CUSTOMER PICKUP,False,Food Bank of Northeast Georgia,01,30643.0,Hartwell,"COOLER FOOD MISC., SHL RETAIL PICKUP",Dry Food Misc.
954,176551,1791,O-115,Oak Bower Baptist Church,479175,,FP/USDA,FOOD PANTRY-Agency,USDA,N-50-10079,5,0,0,23.4,130,HART,0.18,3/6/2024 23:32,3/7/2024 9:41,Price Code 1,CUSTOMER PICKUP,False,Food Bank of Northeast Georgia,01,30643.0,Hartwell,USDA WALNUT HALVES AND PIECES,Dry Proteins
954,177936,170,O-115,Oak Bower Baptist Church,480555,,FP/USDA,FOOD PANTRY-Agency,USDA,N-50-10007,5,0,0,25.2,140,HART,0.18,4/8/2024 22:41,4/12/2024 10:30,Price Code 1,CUSTOMER PICKUP,False,Food Bank of Northeast Georgia,01,30643.0,Hartwell,"USDA CORN, WHOLE KERNEL NO SALT",Dry Vegetables
672,178307,8761,C-167,"Christian Worship Assembly, INC",480923,,FP/USDA,FOOD PANTRY-Agency,USDA,N-50-10306,13,0,0,0.0,325,HART,0.0,4/6/2024 7:30,4/17/2024 7:08,Price Code 1,TRUCK 1 MOBILE PANTRY,False,Food Bank of Northeast Georgia,01,30643.0,Hartwell,USDA WHOLE DEGLET DATES,Dry Fruits
954,173677,7082,O-115,Oak Bower Baptist Church,477306,,FP/USDA,FOOD PANTRY-Agency,USDA,C-50-10033,4,0,0,0.0,48,HART,0.0,1/31/2024 11:12,2/7/2024 11:20,Price Code 1,CUSTOMER PICKUP,False,Food Bank of Northeast Georgia,01,30643.0,Hartwell,USDA SHREDDED YELLOW CHEDDAR CHEESE CCC,Cooled Dairy
966,179978,2202,B-137,Bethany Baptist Church,482587,,FP/GNAP/USDA,FOOD PANTRY-Agency,USDA,N-50-10240,4,0,0,15.84,88,HART,0.18,5/15/2024 10:00,5/15/2024 10:50,Price Code 1,CUSTOMER PICKUP,False,Food Bank of Northeast Georgia,01,30520.0,Canon,USDA SPAGHETTI,Dry Grains
482,176284,8783,H-134,Hart County Cupboard,478909,,FP/GNAP/USDA,FOOD PANTRY-Agency,USDA,N-50-10308,13,0,0,0.0,299,HART,0.0,3/5/2024 8:30,3/5/2024 11:45,Price Code 1,TRUCK 1 MOBILE PANTRY,False,Food Bank of Northeast Georgia,01,30643.0,Hartwell,USDA RAISINS,Dry Fruits
966,175192,1047,B-137,Bethany Baptist Church,477821,,FP/GNAP/USDA,FOOD PANTRY-Agency,USDA,N-50-10041,2,0,0,17.64,98,HART,0.18,2/14/2024 10:00,2/14/2024 8:58,Price Code 1,CUSTOMER PICKUP,False,Food Bank of Northeast Georgia,01,30520.0,Canon,USDA RICE,Dry Grains
954,175284,690,O-115,Oak Bower Baptist Church,477913,,FP/USDA,FOOD PANTRY-Agency,BLUE RECEIPT-SHL,W-03-10013,150,0,0,0.0,150,HART,0.0,2/7/2024 11:25,2/7/2024 11:26,Price Code 1,CUSTOMER PICKUP,False,Food Bank of Northeast Georgia,01,30643.0,Hartwell,"ASSORTED BEVERAGES, SHL",Dry Beverages
954,176551,8720,O-115,Oak Bower Baptist Church,479175,,FP/USDA,FOOD PANTRY-Agency,USDA,N-50-10305,9,0,0,22.68,126,HART,0.18,3/6/2024 23:32,3/7/2024 9:41,Price Code 1,CUSTOMER PICKUP,False,Food Bank of Northeast Georgia,01,30643.0,Hartwell,USDA MIXED VegetablesCCC,Dry Vegetables
482,180624,8975,H-134,Hart County Cupboard,FAIMPORT483230,,FP/GNAP/USDA,FOOD PANTRY-Agency,BLUE RECEIPT-SHL,MCC-07-10001,26,0,0,0.0,26,HART,0.0,5/9/2024 0:00,5/9/2024 0:00,Price Code 1,CUSTOMER PICKUP,False,Food Bank of Northeast Georgia,01,30643.0,Hartwell,"DAIRY PRODUCTS, SHL RETAIL PICKUPS",Dry Dairy
672,178307,8997,C-167,"Christian Worship Assembly, INC",480923,,FP/USDA,FOOD PANTRY-Agency,USDA,N-50-10312,25,0,0,0.0,300,HART,0.0,4/6/2024 7:30,4/17/2024 7:08,Price Code 1,TRUCK 1 MOBILE PANTRY,False,Food Bank of Northeast Georgia,01,30643.0,Hartwell,USDA CHILI W/ BEANS CCC,Dry Prepared Meals
482,172694,3943,H-134,Hart County Cupboard,476325,,FP/GNAP/USDA,FOOD PANTRY-Agency,USDA,N-50-10268,40,0,0,0.0,1520,HART,0.0,1/9/2024 8:30,2/6/2024 9:01,Price Code 1,TRUCK 1 MOBILE PANTRY,False,Food Bank of Northeast Georgia,01,30643.0,Hartwell,USDA APPLE JUICE,Dry Beverages
966,176906,8975,B-137,Bethany Baptist Church,FAIMPORT479528,,FP/GNAP/USDA,FOOD PANTRY-Agency,BLUE RECEIPT-SHL,MCC-07-10001,258,0,0,0.0,258,HART,0.0,3/4/2024 0:00,3/4/2024 0:00,Price Code 1,CUSTOMER PICKUP,False,Food Bank of Northeast Georgia,01,30520.0,Canon,"DAIRY PRODUCTS, SHL RETAIL PICKUPS",Dry Dairy
966,172428,1047,B-137,Bethany Baptist Church,476059,,FP/GNAP/USDA,FOOD PANTRY-Agency,USDA,N-50-10041,2,0,0,17.64,98,HART,0.18,1/17/2024 10:00,1/17/2024 10:01,Price Code 1,CUSTOMER PICKUP,False,Food Bank of Northeast Georgia,01,30520.0,Canon,USDA RICE,Dry Grains
482,180241,8992,H-134,Hart County Cupboard,482847,,FP/GNAP/USDA,FOOD PANTRY-Agency,USDA,F-50-90475,42,0,0,0.0,1680,HART,0.0,5/7/2024 8:30,5/7/2024 7:44,Price Code 1,TRUCK 1 MOBILE PANTRY,False,Food Bank of Northeast Georgia,01,30643.0,Hartwell,USDA PORK TACO FILLING FULLY COOKED CCC,Frozen Proteins
881,179975,9025,H-148,"Hart County Clothes Closet Food Pantry, Inc",482584,,FP/USDA,FOOD PANTRY-Agency,YELLOW RECEIPT - SHN,N-11-11072,2,0,0,3.24,18,HART,0.18,5/10/2024 8:30,5/16/2024 13:32,Price Code 1,CUSTOMER PICKUP,False,Rabun Warehouse,02,30643.0,Hartwell,MRS BUTTERSWORTHS SMORES PANCAKE KIT,Dry Food Misc.
954,177936,8690,O-115,Oak Bower Baptist Church,480555,,FP/USDA,FOOD PANTRY-Agency,USDA,N-50-10302,9,0,0,22.68,126,HART,0.18,4/8/2024 22:41,4/12/2024 10:30,Price Code 1,CUSTOMER PICKUP,False,Food Bank of Northeast Georgia,01,30643.0,Hartwell,USDA GREEN BEANS CCC,Dry Vegetables
482,176284,1047,H-134,Hart County Cupboard,478909,,FP/GNAP/USDA,FOOD PANTRY-Agency,USDA,N-50-10041,13,0,0,0.0,637,HART,0.0,3/5/2024 8:30,3/5/2024 11:45,Price Code 1,TRUCK 1 MOBILE PANTRY,False,Food Bank of Northeast Georgia,01,30643.0,Hartwell,USDA RICE,Dry Grains
954,176551,84,O-115,Oak Bower Baptist Church,479175,,FP/USDA,FOOD PANTRY-Agency,USDA,N-50-10006,5,0,0,24.3,135,HART,0.18,3/6/2024 23:32,3/7/2024 9:41,Price Code 1,CUSTOMER PICKUP,False,Food Bank of Northeast Georgia,01,30643.0,Hartwell,USDA GREEN BEANS,Dry Vegetables
482,180623,8975,H-134,Hart County Cupboard,FAIMPORT483229,,FP/GNAP/USDA,FOOD PANTRY-Agency,BLUE RECEIPT-SHL,MCC-07-10001,200,0,0,0.0,200,HART,0.0,5/9/2024 0:00,5/9/2024 0:00,Price Code 1,CUSTOMER PICKUP,False,Food Bank of Northeast Georgia,01,30643.0,Hartwell,"DAIRY PRODUCTS, SHL RETAIL PICKUPS",Dry Dairy
482,180241,800,H-134,Hart County Cupboard,482847,,FP/GNAP/USDA,FOOD PANTRY-Agency,USDA,N-50-10065,13,0,0,0.0,351,HART,0.0,5/7/2024 8:30,5/7/2024 7:44,Price Code 1,TRUCK 1 MOBILE PANTRY,False,Food Bank of Northeast Georgia,01,30643.0,Hartwell,USDA APPLESAUCE,Dry Fruits
482,172694,3139,H-134,Hart County Cupboard,476325,,FP/GNAP/USDA,FOOD PANTRY-Agency,USDA,N-50-10290,25,0,0,0.0,625,HART,0.0,1/9/2024 8:30,2/6/2024 9:01,Price Code 1,TRUCK 1 MOBILE PANTRY,False,Food Bank of Northeast Georgia,01,30643.0,Hartwell,USDA WHOLE ALMONDS DRY ROASTED,Dry Proteins
881,181756,170,H-148,"Hart County Clothes Closet Food Pantry, Inc",484360,,FP/USDA,FOOD PANTRY-Agency,USDA,N-50-10007,4,0,0,20.16,112,HART,0.18,6/7/2024 9:00,6/7/2024 6:59,Price Code 1,CUSTOMER PICKUP,False,Rabun Warehouse,02,30643.0,Hartwell,"USDA CORN, WHOLE KERNEL NO SALT",Dry Vegetables
482,176284,84,H-134,Hart County Cupboard,478909,,FP/GNAP/USDA,FOOD PANTRY-Agency,USDA,N-50-10006,13,0,0,0.0,351,HART,0.0,3/5/2024 8:30,3/5/2024 11:45,Price Code 1,TRUCK 1 MOBILE PANTRY,False,Food Bank of Northeast Georgia,01,30643.0,Hartwell,USDA GREEN BEANS,Dry Vegetables
696,179122,8720,C-174,Cornerstone Baptist Church,481735,,FP/OP/GNAP/USDA,FOOD PANTRY-Agency,USDA,N-50-10305,26,0,0,0.0,364,HART,0.0,4/17/2024 16:09,4/18/2024 8:51,Price Code 1,CUSTOMER PICKUP,False,Rabun Warehouse,02,30643.0,Hartwell,USDA MIXED VegetablesCCC,Dry Vegetables
966,179978,3203,B-137,Bethany Baptist Church,482587,,FP/GNAP/USDA,FOOD PANTRY-Agency,USDA,N-50-10289,2,0,0,9.0,50,HART,0.18,5/15/2024 10:00,5/15/2024 10:50,Price Code 1,CUSTOMER PICKUP,False,Food Bank of Northeast Georgia,01,30520.0,Canon,USDA PECAN PIECES,Dry Proteins
966,172428,346,B-137,Bethany Baptist Church,476059,,FP/GNAP/USDA,FOOD PANTRY-Agency,YELLOW RECEIPT - SHN,N-25-10350,4,0,0,9.36,52,HART,0.18,1/17/2024 10:00,1/17/2024 10:01,Price Code 1,CUSTOMER PICKUP,False,Food Bank of Northeast Georgia,01,30520.0,Canon,"SALTINE CRACKERS, ZESTA ORIGINAL",Dry Grains
482,181769,3139,H-134,Hart County Cupboard,484373,,FP/GNAP/USDA,FOOD PANTRY-Agency,USDA,N-50-10290,25,0,0,0.0,625,HART,0.0,6/4/2024 9:00,6/4/2024 7:31,Price Code 1,TRUCK 1 MOBILE PANTRY,False,Food Bank of Northeast Georgia,01,30643.0,Hartwell,USDA WHOLE ALMONDS DRY ROASTED,Dry Proteins
482,178411,8975,H-134,Hart County Cupboard,FAIMPORT481027,,FP/GNAP/USDA,FOOD PANTRY-Agency,BLUE RECEIPT-SHL,MCC-07-10001,157,0,0,0.0,157,HART,0.0,4/1/2024 0:00,4/1/2024 0:00,Price Code 1,CUSTOMER PICKUP,False,Food Bank of Northeast Georgia,01,30643.0,Hartwell,"DAIRY PRODUCTS, SHL RETAIL PICKUPS",Dry Dairy
482,179775,8973,H-134,Hart County Cupboard,FAIMPORT482388,,FP/GNAP/USDA,FOOD PANTRY-Agency,BLUE RECEIPT-SHL,MCC-16-10001,6,0,0,0.0,6,HART,0.0,4/23/2024 0:00,4/23/2024 0:00,Price Code 1,CUSTOMER PICKUP,False,Food Bank of Northeast Georgia,01,30643.0,Hartwell,"COOLER FOOD MISC., SHL RETAIL PICKUP",Dry Food Misc.
672,172492,1674,C-167,"Christian Worship Assembly, INC",476123,,FP/USDA,FOOD PANTRY-Agency,USDA,N-50-10073,13,0,0,0.0,351,HART,0.0,1/6/2024 7:30,1/16/2024 8:23,Price Code 1,TRUCK 1 MOBILE PANTRY,False,Food Bank of Northeast Georgia,01,30643.0,Hartwell,USDA TOMATO SAUCE,Dry Vegetables
954,172514,4376,O-115,Oak Bower Baptist Church,476145,,FP/USDA,FOOD PANTRY-Agency,USDA,N-50-10291,2,0,0,9.0,50,HART,0.18,1/10/2024 14:00,1/11/2024 12:14,Price Code 1,CUSTOMER PICKUP,False,Food Bank of Northeast Georgia,01,30643.0,Hartwell,USDA GARBANZO BEANS,Dry Proteins
954,180104,800,O-115,Oak Bower Baptist Church,482712,,FP/USDA,FOOD PANTRY-Agency,USDA,N-50-10065,5,0,0,24.3,135,HART,0.18,5/7/2024 8:00,5/8/2024 14:25,Price Code 1,CUSTOMER PICKUP,False,Food Bank of Northeast Georgia,01,30643.0,Hartwell,USDA APPLESAUCE,Dry Fruits
966,172428,8853,B-137,Bethany Baptist Church,476059,,FP/GNAP/USDA,FOOD PANTRY-Agency,PURCH,N-23-10011,2,0,0,4.68,26,HART,0.18,1/17/2024 10:00,1/17/2024 10:01,Price Code 1,CUSTOMER PICKUP,False,Food Bank of Northeast Georgia,01,30520.0,Canon,"CRUNCHY PEANUT BUTTER, MEIJER",Dry Proteins
696,173128,8783,C-174,Cornerstone Baptist Church,476758,,FP/OP/GNAP/USDA,FOOD PANTRY-Agency,USDA,N-50-10308,13,0,0,0.0,299,HART,0.0,1/18/2024 16:09,1/19/2024 9:03,Price Code 1,CUSTOMER PICKUP,False,Rabun Warehouse,02,30643.0,Hartwell,USDA RAISINS,Dry Fruits
954,173677,8851,O-115,Oak Bower Baptist Church,477306,,FP/USDA,FOOD PANTRY-Agency,PURCH,N-11-11071,4,0,0,4.32,24,HART,0.18,1/31/2024 11:12,2/7/2024 11:20,Price Code 1,CUSTOMER PICKUP,False,Food Bank of Northeast Georgia,01,30643.0,Hartwell,"CHICKEN STUFFING, PREMIER PANTRY",Dry Prepared Meals
696,172206,8845,C-174,Cornerstone Baptist Church,475837,,FP/OP/GNAP/USDA,FOOD PANTRY-Agency,YELLOW RECEIPT - SHN,N-27-10133,1,0,0,0.18,1,HART,0.18,1/9/2024 16:09,1/30/2024 14:05,Price Code 1,CUSTOMER PICKUP,False,Food Bank of Northeast Georgia,01,30643.0,Hartwell,"PREMIUM OLIVES, FREESTYLE VAR PACK",Dry Vegetables
482,172694,5388,H-134,Hart County Cupboard,476325,,FP/GNAP/USDA,FOOD PANTRY-Agency,BLUE RECEIPT-SHL,F-16-10001,344,0,0,0.0,344,HART,0.0,1/9/2024 8:30,2/6/2024 9:01,Price Code 1,TRUCK 1 MOBILE PANTRY,False,Food Bank of Northeast Georgia,01,30643.0,Hartwell,"ASSORTED FROZEN FOODS, SHL",Frozen Food Misc.
482,175107,8914,H-134,Hart County Cupboard,477737,,FP/GNAP/USDA,FOOD PANTRY-Agency,USDA,N-50-10310,13,0,0,0.0,351,HART,0.0,2/6/2024 8:30,2/20/2024 13:41,Price Code 1,TRACTOR TRAILER 2 MOBILE PANTRY,False,Food Bank of Northeast Georgia,01,30643.0,Hartwell,USDA DICED POTATOES,Dry Potatoes
672,178307,8943,C-167,"Christian Worship Assembly, INC",480923,,FP/USDA,FOOD PANTRY-Agency,BLUE RECEIPT-SHL,C-28-90534,24,0,0,0.0,1008,HART,0.0,4/6/2024 7:30,4/17/2024 7:08,Price Code 1,TRUCK 1 MOBILE PANTRY,False,Food Bank of Northeast Georgia,01,30643.0,Hartwell,"SWEET POTATO, SHL",Cooled Potatoes
482,177845,8976,H-134,Hart County Cupboard,FAIMPORT480464,,FP/GNAP/USDA,FOOD PANTRY-Agency,BLUE RECEIPT-SHL,MCC-28-10001,55,0,0,0.0,55,HART,0.0,3/25/2024 0:00,3/25/2024 0:00,Price Code 1,CUSTOMER PICKUP,False,Food Bank of Northeast Georgia,01,30643.0,Hartwell,"PRODUCE, SHL RETAIL PICKUPS",Dry Mixed Produce
954,172514,8627,O-115,Oak Bower Baptist Church,476145,,FP/USDA,FOOD PANTRY-Agency,USDA,N-50-10300,4,0,0,10.08,56,HART,0.18,1/10/2024 14:00,1/11/2024 12:14,Price Code 1,CUSTOMER PICKUP,False,Food Bank of Northeast Georgia,01,30643.0,Hartwell,USDA CANNED COLLARD GREENS CCC,Dry Vegetables
954,172514,8837,O-115,Oak Bower Baptist Church,476145,,FP/USDA,FOOD PANTRY-Agency,BLUE RECEIPT-SHL,N-03-11773,4,0,0,0.0,40,HART,0.0,1/10/2024 14:00,1/11/2024 12:14,Price Code 1,CUSTOMER PICKUP,False,Food Bank of Northeast Georgia,01,30643.0,Hartwell,MT DEW PASSSIONFRUIT PUNCH,Dry Beverages
482,173456,683,H-134,Hart County Cupboard,477085,,FP/GNAP/USDA,FOOD PANTRY-Agency,BLUE RECEIPT-SHL,W-16-10001,200,0,0,36.0,200,HART,0.18,1/23/2024 14:26,1/23/2024 10:03,Price Code 1,CUSTOMER PICKUP,False,Sharing Floor Rabun,02-SH,30643.0,Hartwell,MISC. FOOD BOX SHL,Dry Food Misc.
966,178059,1791,B-137,Bethany Baptist Church,480678,,FP/GNAP/USDA,FOOD PANTRY-Agency,USDA,N-50-10079,1,0,0,4.68,26,HART,0.18,4/17/2024 10:00,4/17/2024 10:04,Price Code 1,CUSTOMER PICKUP,False,Food Bank of Northeast Georgia,01,30520.0,Canon,USDA WALNUT HALVES AND PIECES,Dry Proteins
696,173128,8714,C-174,Cornerstone Baptist Church,476758,,FP/OP/GNAP/USDA,FOOD PANTRY-Agency,USDA,N-50-10303,13,0,0,0.0,312,HART,0.0,1/18/2024 16:09,1/19/2024 9:03,Price Code 1,CUSTOMER PICKUP,False,Rabun Warehouse,02,30643.0,Hartwell,USDA GREEN SPLIT PEAS,Dry Proteins
672,172492,84,C-167,"Christian Worship Assembly, INC",476123,,FP/USDA,FOOD PANTRY-Agency,USDA,N-50-10006,13,0,0,0.0,351,HART,0.0,1/6/2024 7:30,1/16/2024 8:23,Price Code 1,TRUCK 1 MOBILE PANTRY,False,Food Bank of Northeast Georgia,01,30643.0,Hartwell,USDA GREEN BEANS,Dry Vegetables
482,178410,8973,H-134,Hart County Cupboard,FAIMPORT481026,,FP/GNAP/USDA,FOOD PANTRY-Agency,BLUE RECEIPT-SHL,MCC-16-10001,32,0,0,0.0,32,HART,0.0,3/28/2024 0:00,3/28/2024 0:00,Price Code 1,CUSTOMER PICKUP,False,Food Bank of Northeast Georgia,01,30643.0,Hartwell,"COOLER FOOD MISC., SHL RETAIL PICKUP",Dry Food Misc.
954,180104,1047,O-115,Oak Bower Baptist Church,482712,,FP/USDA,FOOD PANTRY-Agency,USDA,N-50-10041,5,0,0,44.1,245,HART,0.18,5/7/2024 8:00,5/8/2024 14:25,Price Code 1,CUSTOMER PICKUP,False,Food Bank of Northeast Georgia,01,30643.0,Hartwell,USDA RICE,Dry Grains
966,173181,683,B-137,Bethany Baptist Church,476811,,FP/GNAP/USDA,FOOD PANTRY-Agency,BLUE RECEIPT-SHL,W-16-10001,92,0,0,16.56,92,HART,0.18,1/17/2024 10:15,1/17/2024 10:17,Price Code 1,CUSTOMER PICKUP,False,Sharing Floor Athens,01-SH,30520.0,Canon,MISC. FOOD BOX SHL,Dry Food Misc.
672,178307,5407,C-167,"Christian Worship Assembly, INC",480923,,FP/USDA,FOOD PANTRY-Agency,BLUE RECEIPT-SHL,F-15-10000,1172,0,0,0.0,1172,HART,0.0,4/6/2024 7:30,4/17/2024 7:08,Price Code 1,TRUCK 1 MOBILE PANTRY,False,Food Bank of Northeast Georgia,01,30643.0,Hartwell,"MEAT & SEAFOOD, FROZEN SHL",Frozen Proteins
954,172514,8905,O-115,Oak Bower Baptist Church,476145,,FP/USDA,FOOD PANTRY-Agency,BLUE RECEIPT-SHL,N-03-11794,4,0,0,0.0,152,HART,0.0,1/10/2024 14:00,1/11/2024 12:14,Price Code 1,CUSTOMER PICKUP,False,Food Bank of Northeast Georgia,01,30643.0,Hartwell,"PEPSI, 12/1.25L",Dry Beverages
696,173128,7059,C-174,Cornerstone Baptist Church,476758,,FP/OP/GNAP/USDA,FOOD PANTRY-Agency,USDA,C-50-10019,45,0,0,0.0,1620,HART,0.0,1/18/2024 16:09,1/19/2024 9:03,Price Code 1,CUSTOMER PICKUP,False,Rabun Warehouse,02,30643.0,Hartwell,USDA 2% MILK CCC,Cooled Dairy
696,179122,170,C-174,Cornerstone Baptist Church,481735,,FP/OP/GNAP/USDA,FOOD PANTRY-Agency,USDA,N-50-10007,13,0,0,0.0,364,HART,0.0,4/17/2024 16:09,4/18/2024 8:51,Price Code 1,CUSTOMER PICKUP,False,Rabun Warehouse,02,30643.0,Hartwell,"USDA CORN, WHOLE KERNEL NO SALT",Dry Vegetables
482,178410,8970,H-134,Hart County Cupboard,FAIMPORT481026,,FP/GNAP/USDA,FOOD PANTRY-Agency,BLUE RECEIPT-SHL,MCW-16-10001,33,0,0,0.0,33,HART,0.0,3/28/2024 0:00,3/28/2024 0:00,Price Code 1,CUSTOMER PICKUP,False,Food Bank of Northeast Georgia,01,30643.0,Hartwell,"MISC. FOOD BOX, SHL RETAIL PICKUP",Dry Food Misc.
482,179482,8973,H-134,Hart County Cupboard,FAIMPORT482095,,FP/GNAP/USDA,FOOD PANTRY-Agency,BLUE RECEIPT-SHL,MCC-16-10001,86,0,0,0.0,86,HART,0.0,4/22/2024 0:00,4/22/2024 0:00,Price Code 1,CUSTOMER PICKUP,False,Food Bank of Northeast Georgia,01,30643.0,Hartwell,"COOLER FOOD MISC., SHL RETAIL PICKUP",Dry Food Misc.
954,180104,9013,O-115,Oak Bower Baptist Church,482712,,FP/USDA,FOOD PANTRY-Agency,USDA,N-50-10313,5,0,0,21.6,120,HART,0.18,5/7/2024 8:00,5/8/2024 14:25,Price Code 1,CUSTOMER PICKUP,False,Food Bank of Northeast Georgia,01,30643.0,Hartwell,USDA LIGHT RED KIDNEY BEANS 24/1LB,Dry Proteins
482,178409,8973,H-134,Hart County Cupboard,FAIMPORT481025,,FP/GNAP/USDA,FOOD PANTRY-Agency,BLUE RECEIPT-SHL,MCC-16-10001,1,0,0,0.0,1,HART,0.0,4/4/2024 0:00,4/4/2024 0:00,Price Code 1,CUSTOMER PICKUP,False,Food Bank of Northeast Georgia,01,30643.0,Hartwell,"COOLER FOOD MISC., SHL RETAIL PICKUP",Dry Food Misc.
482,179477,8976,H-134,Hart County Cupboard,FAIMPORT482090,,FP/GNAP/USDA,FOOD PANTRY-Agency,BLUE RECEIPT-SHL,MCC-28-10001,37,0,0,0.0,37,HART,0.0,4/15/2024 0:00,4/15/2024 0:00,Price Code 1,CUSTOMER PICKUP,False,Food Bank of Northeast Georgia,01,30643.0,Hartwell,"PRODUCE, SHL RETAIL PICKUPS",Dry Mixed Produce
482,175107,1047,H-134,Hart County Cupboard,477737,,FP/GNAP/USDA,FOOD PANTRY-Agency,USDA,N-50-10041,13,0,0,0.0,637,HART,0.0,2/6/2024 8:30,2/20/2024 13:41,Price Code 1,TRACTOR TRAILER 2 MOBILE PANTRY,False,Food Bank of Northeast Georgia,01,30643.0,Hartwell,USDA RICE,Dry Grains
482,178415,8975,H-134,Hart County Cupboard,FAIMPORT481031,,FP/GNAP/USDA,FOOD PANTRY-Agency,BLUE RECEIPT-SHL,MCC-07-10001,179,0,0,0.0,179,HART,0.0,4/1/2024 0:00,4/1/2024 0:00,Price Code 1,CUSTOMER PICKUP,False,Food Bank of Northeast Georgia,01,30643.0,Hartwell,"DAIRY PRODUCTS, SHL RETAIL PICKUPS",Dry Dairy
482,179779,8975,H-134,Hart County Cupboard,FAIMPORT482392,,FP/GNAP/USDA,FOOD PANTRY-Agency,BLUE RECEIPT-SHL,MCC-07-10001,20,0,0,0.0,20,HART,0.0,4/23/2024 0:00,4/23/2024 0:00,Price Code 1,CUSTOMER PICKUP,False,Food Bank of Northeast Georgia,01,30643.0,Hartwell,"DAIRY PRODUCTS, SHL RETAIL PICKUPS",Dry Dairy
696,173128,84,C-174,Cornerstone Baptist Church,476758,,FP/OP/GNAP/USDA,FOOD PANTRY-Agency,USDA,N-50-10006,13,0,0,0.0,351,HART,0.0,1/18/2024 16:09,1/19/2024 9:03,Price Code 1,CUSTOMER PICKUP,False,Rabun Warehouse,02,30643.0,Hartwell,USDA GREEN BEANS,Dry Vegetables
482,181769,8943,H-134,Hart County Cupboard,484373,,FP/GNAP/USDA,FOOD PANTRY-Agency,BLUE RECEIPT-SHL,C-28-90534,41,0,0,0.0,1722,HART,0.0,6/4/2024 9:00,6/4/2024 7:31,Price Code 1,TRUCK 1 MOBILE PANTRY,False,Food Bank of Northeast Georgia,01,30643.0,Hartwell,"SWEET POTATO, SHL",Cooled Potatoes
881,175475,7061,H-148,"Hart County Clothes Closet Food Pantry, Inc",478104,,FP/USDA,FOOD PANTRY-Agency,USDA,C-50-10021,2,0,0,8.4,84,HART,0.1,2/15/2024 8:30,2/15/2024 10:56,Price Code 1,CUSTOMER PICKUP,False,Rabun Warehouse,02,30643.0,Hartwell,USDA FRESH ORANGES,Cooled Fruits
881,176467,4449,H-148,"Hart County Clothes Closet Food Pantry, Inc",479091,,FP/USDA,FOOD PANTRY-Agency,USDA,F-50-90445,4,0,0,16.4,164,HART,0.1,3/15/2024 8:30,3/15/2024 7:21,Price Code 1,CUSTOMER PICKUP,False,Rabun Warehouse,02,30643.0,Hartwell,USDA FULLY COOKED PULLED PORK CCC,Frozen Proteins
966,178059,2414,B-137,Bethany Baptist Church,480678,,FP/GNAP/USDA,FOOD PANTRY-Agency,USDA,N-50-10244,2,0,0,12.96,72,HART,0.18,4/17/2024 10:00,4/17/2024 10:04,Price Code 1,CUSTOMER PICKUP,False,Food Bank of Northeast Georgia,01,30520.0,Canon,USDA CANNED BEEF CCC,Dry Proteins
482,180457,8973,H-134,Hart County Cupboard,FAIMPORT483063,,FP/GNAP/USDA,FOOD PANTRY-Agency,BLUE RECEIPT-SHL,MCC-16-10001,10,0,0,0.0,10,HART,0.0,5/2/2024 0:00,5/2/2024 0:00,Price Code 1,CUSTOMER PICKUP,False,Food Bank of Northeast Georgia,01,30643.0,Hartwell,"COOLER FOOD MISC., SHL RETAIL PICKUP",Dry Food Misc.
954,172514,8875,O-115,Oak Bower Baptist Church,476145,,FP/USDA,FOOD PANTRY-Agency,BLUE RECEIPT-SHL,N-03-11780,1,0,0,0.0,35,HART,0.0,1/10/2024 14:00,1/11/2024 12:14,Price Code 1,CUSTOMER PICKUP,False,Food Bank of Northeast Georgia,01,30643.0,Hartwell,GATORADE G2 GRAPE,Dry Beverages
482,179479,8973,H-134,Hart County Cupboard,FAIMPORT482092,,FP/GNAP/USDA,FOOD PANTRY-Agency,BLUE RECEIPT-SHL,MCC-16-10001,14,0,0,0.0,14,HART,0.0,4/15/2024 0:00,4/15/2024 0:00,Price Code 1,CUSTOMER PICKUP,False,Food Bank of Northeast Georgia,01,30643.0,Hartwell,"COOLER FOOD MISC., SHL RETAIL PICKUP",Dry Food Misc.
482,177793,8975,H-134,Hart County Cupboard,FAIMPORT480412,,FP/GNAP/USDA,FOOD PANTRY-Agency,BLUE RECEIPT-SHL,MCC-07-10001,48,0,0,0.0,48,HART,0.0,3/21/2024 0:00,3/21/2024 0:00,Price Code 1,CUSTOMER PICKUP,False,Food Bank of Northeast Georgia,01,30643.0,Hartwell,"DAIRY PRODUCTS, SHL RETAIL PICKUPS",Dry Dairy
881,176467,4788,H-148,"Hart County Clothes Closet Food Pantry, Inc",479091,,FP/USDA,FOOD PANTRY-Agency,USDA,F-50-90039,4,0,0,28.8,160,HART,0.18,3/15/2024 8:30,3/15/2024 7:21,Price Code 1,CUSTOMER PICKUP,False,Rabun Warehouse,02,30643.0,Hartwell,USDA CATFISH FILLETS CCC,Frozen Proteins
482,180966,8975,H-134,Hart County Cupboard,FAIMPORT483572,,FP/GNAP/USDA,FOOD PANTRY-Agency,BLUE RECEIPT-SHL,MCC-07-10001,20,0,0,0.0,20,HART,0.0,5/15/2024 0:00,5/15/2024 0:00,Price Code 1,CUSTOMER PICKUP,False,Food Bank of Northeast Georgia,01,30643.0,Hartwell,"DAIRY PRODUCTS, SHL RETAIL PICKUPS",Dry Dairy
482,179780,8975,H-134,Hart County Cupboard,FAIMPORT482393,,FP/GNAP/USDA,FOOD PANTRY-Agency,BLUE RECEIPT-SHL,MCC-07-10001,87,0,0,0.0,87,HART,0.0,4/25/2024 0:00,4/25/2024 0:00,Price Code 1,CUSTOMER PICKUP,False,Food Bank of Northeast Georgia,01,30643.0,Hartwell,"DAIRY PRODUCTS, SHL RETAIL PICKUPS",Dry Dairy
482,181769,9073,H-134,Hart County Cupboard,484373,,FP/GNAP/USDA,FOOD PANTRY-Agency,USDA,C-50-10051,120,0,0,0.0,1440,HART,0.0,6/4/2024 9:00,6/4/2024 7:31,Price Code 1,TRUCK 1 MOBILE PANTRY,False,Food Bank of Northeast Georgia,01,30643.0,Hartwell,USDA SHREDDED MOZZARELLA CHEESE CCC,Cooled Dairy
966,179098,690,B-137,Bethany Baptist Church,481712,,FP/GNAP/USDA,FOOD PANTRY-Agency,BLUE RECEIPT-SHL,W-03-10013,228,0,0,0.0,228,HART,0.0,4/17/2024 10:13,4/17/2024 10:14,Price Code 1,CUSTOMER PICKUP,False,Sharing Floor Athens,01-SH,30520.0,Canon,"ASSORTED BEVERAGES, SHL",Dry Beverages
881,178135,4449,H-148,"Hart County Clothes Closet Food Pantry, Inc",480754,,FP/USDA,FOOD PANTRY-Agency,USDA,F-50-90445,3,0,0,12.3,123,HART,0.1,4/15/2024 8:30,4/15/2024 7:04,Price Code 1,CUSTOMER PICKUP,False,Rabun Warehouse,02,30643.0,Hartwell,USDA FULLY COOKED PULLED PORK CCC,Frozen Proteins
954,172514,8855,O-115,Oak Bower Baptist Church,476145,,FP/USDA,FOOD PANTRY-Agency,BLUE RECEIPT-SHL,N-03-11777,4,0,0,0.0,40,HART,0.0,1/10/2024 14:00,1/11/2024 12:14,Price Code 1,CUSTOMER PICKUP,False,Food Bank of Northeast Georgia,01,30643.0,Hartwell,MT DEW BAJA CARIBBEAN SPLASH,Dry Beverages
966,173181,884,B-137,Bethany Baptist Church,476811,,FP/GNAP/USDA,FOOD PANTRY-Agency,LFB,W-01-10003,26,0,0,4.68,26,HART,0.18,1/17/2024 10:15,1/17/2024 10:17,Price Code 1,CUSTOMER PICKUP,False,Sharing Floor Athens,01-SH,30520.0,Canon,ASSORTED NON-FOOD ITEMS LFB,Dry Non-Food Misc.
966,177233,50,B-137,Bethany Baptist Church,479853,,FP/GNAP/USDA,FOOD PANTRY-Agency,LOCAL - LL,W-16-10002,100,0,0,18.0,100,HART,0.18,3/13/2024 11:13,3/13/2024 11:15,Price Code 1,CUSTOMER PICKUP,False,Sharing Floor Athens,01-SH,30520.0,Canon,MISC. FOOD BOX LL,Dry Food Misc.
482,180454,8973,H-134,Hart County Cupboard,FAIMPORT483060,,FP/GNAP/USDA,FOOD PANTRY-Agency,BLUE RECEIPT-SHL,MCC-16-10001,24,0,0,0.0,24,HART,0.0,5/2/2024 0:00,5/2/2024 0:00,Price Code 1,CUSTOMER PICKUP,False,Food Bank of Northeast Georgia,01,30643.0,Hartwell,"COOLER FOOD MISC., SHL RETAIL PICKUP",Dry Food Misc.
482,180241,842,H-134,Hart County Cupboard,482847,,FP/GNAP/USDA,FOOD PANTRY-Agency,USDA,N-50-10021,13,0,0,0.0,351,HART,0.0,5/7/2024 8:30,5/7/2024 7:44,Price Code 1,TRUCK 1 MOBILE PANTRY,False,Food Bank of Northeast Georgia,01,30643.0,Hartwell,USDA DICED TOMATOES NO SALT CCC,Dry Vegetables
966,182220,8975,B-137,Bethany Baptist Church,FAIMPORT484824,,FP/GNAP/USDA,FOOD PANTRY-Agency,BLUE RECEIPT-SHL,MCC-07-10001,56,0,0,0.0,56,HART,0.0,6/13/2024 0:00,6/13/2024 0:00,Price Code 1,CUSTOMER PICKUP,False,Food Bank of Northeast Georgia,01,30520.0,Canon,"DAIRY PRODUCTS, SHL RETAIL PICKUPS",Dry Dairy
482,175107,4715,H-134,Hart County Cupboard,477737,,FP/GNAP/USDA,FOOD PANTRY-Agency,USDA,F-50-90461,36,0,0,0.0,1440,HART,0.0,2/6/2024 8:30,2/20/2024 13:41,Price Code 1,TRACTOR TRAILER 2 MOBILE PANTRY,False,Food Bank of Northeast Georgia,01,30643.0,Hartwell,USDA ALASKAN POLLACK FISH FILLETS,Frozen Proteins
966,175192,8720,B-137,Bethany Baptist Church,477821,,FP/GNAP/USDA,FOOD PANTRY-Agency,USDA,N-50-10305,2,0,0,5.04,28,HART,0.18,2/14/2024 10:00,2/14/2024 8:58,Price Code 1,CUSTOMER PICKUP,False,Food Bank of Northeast Georgia,01,30520.0,Canon,USDA MIXED VegetablesCCC,Dry Vegetables
482,172694,8720,H-134,Hart County Cupboard,476325,,FP/GNAP/USDA,FOOD PANTRY-Agency,USDA,N-50-10305,25,0,0,0.0,350,HART,0.0,1/9/2024 8:30,2/6/2024 9:01,Price Code 1,TRUCK 1 MOBILE PANTRY,False,Food Bank of Northeast Georgia,01,30643.0,Hartwell,USDA MIXED VegetablesCCC,Dry Vegetables
966,179978,8783,B-137,Bethany Baptist Church,482587,,FP/GNAP/USDA,FOOD PANTRY-Agency,USDA,N-50-10308,2,0,0,8.28,46,HART,0.18,5/15/2024 10:00,5/15/2024 10:50,Price Code 1,CUSTOMER PICKUP,False,Food Bank of Northeast Georgia,01,30520.0,Canon,USDA RAISINS,Dry Fruits
482,180241,1791,H-134,Hart County Cupboard,482847,,FP/GNAP/USDA,FOOD PANTRY-Agency,USDA,N-50-10079,13,0,0,0.0,338,HART,0.0,5/7/2024 8:30,5/7/2024 7:44,Price Code 1,TRUCK 1 MOBILE PANTRY,False,Food Bank of Northeast Georgia,01,30643.0,Hartwell,USDA WALNUT HALVES AND PIECES,Dry Proteins
954,176551,8714,O-115,Oak Bower Baptist Church,479175,,FP/USDA,FOOD PANTRY-Agency,USDA,N-50-10303,9,0,0,0.0,216,HART,0.0,3/6/2024 23:32,3/7/2024 9:41,Price Code 1,CUSTOMER PICKUP,False,Food Bank of Northeast Georgia,01,30643.0,Hartwell,USDA GREEN SPLIT PEAS,Dry Proteins
966,177233,50,B-137,Bethany Baptist Church,479853,,FP/GNAP/USDA,FOOD PANTRY-Agency,LOCAL - LL,W-16-10002,14,0,0,2.52,14,HART,0.18,3/13/2024 11:13,3/13/2024 11:15,Price Code 1,CUSTOMER PICKUP,False,Sharing Floor Athens,01-SH,30520.0,Canon,MISC. FOOD BOX LL,Dry Food Misc.
966,175192,3943,B-137,Bethany Baptist Church,477821,,FP/GNAP/USDA,FOOD PANTRY-Agency,USDA,N-50-10268,6,0,0,6.84,228,HART,0.03,2/14/2024 10:00,2/14/2024 8:58,Price Code 1,CUSTOMER PICKUP,False,Food Bank of Northeast Georgia,01,30520.0,Canon,USDA APPLE JUICE,Dry Beverages
482,180455,8973,H-134,Hart County Cupboard,FAIMPORT483061,,FP/GNAP/USDA,FOOD PANTRY-Agency,BLUE RECEIPT-SHL,MCC-16-10001,9,0,0,0.0,9,HART,0.0,5/6/2024 0:00,5/6/2024 0:00,Price Code 1,CUSTOMER PICKUP,False,Food Bank of Northeast Georgia,01,30643.0,Hartwell,"COOLER FOOD MISC., SHL RETAIL PICKUP",Dry Food Misc.
881,176467,8914,H-148,"Hart County Clothes Closet Food Pantry, Inc",479091,,FP/USDA,FOOD PANTRY-Agency,USDA,N-50-10310,3,0,0,14.58,81,HART,0.18,3/15/2024 8:30,3/15/2024 7:21,Price Code 1,CUSTOMER PICKUP,False,Rabun Warehouse,02,30643.0,Hartwell,USDA DICED POTATOES,Dry Potatoes
672,178307,2414,C-167,"Christian Worship Assembly, INC",480923,,FP/USDA,FOOD PANTRY-Agency,USDA,N-50-10244,13,0,0,0.0,468,HART,0.0,4/6/2024 7:30,4/17/2024 7:08,Price Code 1,TRUCK 1 MOBILE PANTRY,False,Food Bank of Northeast Georgia,01,30643.0,Hartwell,USDA CANNED BEEF CCC,Dry Proteins
482,179476,8970,H-134,Hart County Cupboard,FAIMPORT482089,,FP/GNAP/USDA,FOOD PANTRY-Agency,BLUE RECEIPT-SHL,MCW-16-10001,82,0,0,0.0,82,HART,0.0,4/16/2024 0:00,4/16/2024 0:00,Price Code 1,CUSTOMER PICKUP,False,Food Bank of Northeast Georgia,01,30643.0,Hartwell,"MISC. FOOD BOX, SHL RETAIL PICKUP",Dry Food Misc.
954,176831,4448,O-115,Oak Bower Baptist Church,479453,,FP/USDA,FOOD PANTRY-Agency,USDA,F-50-90446,2,0,0,0.0,56,HART,0.0,3/7/2024 9:44,3/7/2024 9:45,Price Code 1,CUSTOMER PICKUP,False,Food Bank of Northeast Georgia,01,30643.0,Hartwell,USDA FROZEN STRAWBERRY FRUIT CUPS,Frozen Fruits
954,176551,842,O-115,Oak Bower Baptist Church,479175,,FP/USDA,FOOD PANTRY-Agency,USDA,N-50-10021,5,0,0,24.3,135,HART,0.18,3/6/2024 23:32,3/7/2024 9:41,Price Code 1,CUSTOMER PICKUP,False,Food Bank of Northeast Georgia,01,30643.0,Hartwell,USDA DICED TOMATOES NO SALT CCC,Dry Vegetables
482,172694,84,H-134,Hart County Cupboard,476325,,FP/GNAP/USDA,FOOD PANTRY-Agency,USDA,N-50-10006,13,0,0,0.0,351,HART,0.0,1/9/2024 8:30,2/6/2024 9:01,Price Code 1,TRUCK 1 MOBILE PANTRY,False,Food Bank of Northeast Georgia,01,30643.0,Hartwell,USDA GREEN BEANS,Dry Vegetables
954,173677,84,O-115,Oak Bower Baptist Church,477306,,FP/USDA,FOOD PANTRY-Agency,USDA,N-50-10006,4,0,0,19.44,108,HART,0.18,1/31/2024 11:12,2/7/2024 11:20,Price Code 1,CUSTOMER PICKUP,False,Food Bank of Northeast Georgia,01,30643.0,Hartwell,USDA GREEN BEANS,Dry Vegetables
696,173128,8720,C-174,Cornerstone Baptist Church,476758,,FP/OP/GNAP/USDA,FOOD PANTRY-Agency,USDA,N-50-10305,13,0,0,0.0,182,HART,0.0,1/18/2024 16:09,1/19/2024 9:03,Price Code 1,CUSTOMER PICKUP,False,Rabun Warehouse,02,30643.0,Hartwell,USDA MIXED VegetablesCCC,Dry Vegetables
482,176284,170,H-134,Hart County Cupboard,478909,,FP/GNAP/USDA,FOOD PANTRY-Agency,USDA,N-50-10007,13,0,0,0.0,364,HART,0.0,3/5/2024 8:30,3/5/2024 11:45,Price Code 1,TRUCK 1 MOBILE PANTRY,False,Food Bank of Northeast Georgia,01,30643.0,Hartwell,"USDA CORN, WHOLE KERNEL NO SALT",Dry Vegetables
881,175011,4555,H-148,"Hart County Clothes Closet Food Pantry, Inc",477641,,FP/USDA,FOOD PANTRY-Agency,USDA,F-50-90042,2,0,0,14.4,80,HART,0.18,2/15/2024 8:30,2/15/2024 10:57,Price Code 1,CUSTOMER PICKUP,False,Rabun Warehouse,02,30643.0,Hartwell,USDA CHICKEN DRUMSTICKS CCC,Frozen Proteins
672,178307,1791,C-167,"Christian Worship Assembly, INC",480923,,FP/USDA,FOOD PANTRY-Agency,USDA,N-50-10079,13,0,0,0.0,338,HART,0.0,4/6/2024 7:30,4/17/2024 7:08,Price Code 1,TRUCK 1 MOBILE PANTRY,False,Food Bank of Northeast Georgia,01,30643.0,Hartwell,USDA WALNUT HALVES AND PIECES,Dry Proteins
482,181769,4327,H-134,Hart County Cupboard,484373,,FP/GNAP/USDA,FOOD PANTRY-Agency,USDA,N-50-10277,13,0,0,0.0,351,HART,0.0,6/4/2024 9:00,6/4/2024 7:31,Price Code 1,TRUCK 1 MOBILE PANTRY,False,Food Bank of Northeast Georgia,01,30643.0,Hartwell,USDA GARBANZO BEANS,Dry Proteins
672,178307,842,C-167,"Christian Worship Assembly, INC",480923,,FP/USDA,FOOD PANTRY-Agency,USDA,N-50-10021,13,0,0,0.0,351,HART,0.0,4/6/2024 7:30,4/17/2024 7:08,Price Code 1,TRUCK 1 MOBILE PANTRY,False,Food Bank of Northeast Georgia,01,30643.0,Hartwell,USDA DICED TOMATOES NO SALT CCC,Dry Vegetables
966,175192,8918,B-137,Bethany Baptist Church,477821,,FP/GNAP/USDA,FOOD PANTRY-Agency,LOCAL - LL,N-25-11950,9,0,0,3.24,18,HART,0.18,2/14/2024 10:00,2/14/2024 8:58,Price Code 1,CUSTOMER PICKUP,False,Food Bank of Northeast Georgia,01,30520.0,Canon,GHIRARDELLI DARK CHOCOLATE,Dry Food Misc.
954,177936,8757,O-115,Oak Bower Baptist Church,480555,,FP/USDA,FOOD PANTRY-Agency,YELLOW RECEIPT - SHN,N-25-11918,24,0,0,17.28,96,HART,0.18,4/8/2024 22:41,4/12/2024 10:30,Price Code 1,CUSTOMER PICKUP,False,Food Bank of Northeast Georgia,01,30643.0,Hartwell,RX BAR CHOCOLATE GRANOLA 5 PACK,Dry Food Misc.
966,172428,7094,B-137,Bethany Baptist Church,476059,,FP/GNAP/USDA,FOOD PANTRY-Agency,PURCH,N-21-10056,6,0,0,12.96,72,HART,0.18,1/17/2024 10:00,1/17/2024 10:01,Price Code 1,CUSTOMER PICKUP,False,Food Bank of Northeast Georgia,01,30520.0,Canon,MACARONI & CHEESE,Dry Prepared Meals
696,182299,9073,C-174,Cornerstone Baptist Church,484903,,FP/OP/GNAP/USDA,FOOD PANTRY-Agency,USDA,C-50-10051,50,0,0,0.0,600,HART,0.0,6/20/2024 16:09,6/20/2024 16:44,Price Code 1,CUSTOMER PICKUP,False,Rabun Warehouse,02,30643.0,Hartwell,USDA SHREDDED MOZZARELLA CHEESE CCC,Cooled Dairy
696,175601,8783,C-174,Cornerstone Baptist Church,478229,,FP/OP/GNAP/USDA,FOOD PANTRY-Agency,USDA,N-50-10308,13,0,0,0.0,299,HART,0.0,2/14/2024 16:09,2/20/2024 9:57,Price Code 1,TRUCK 2 MOBILE PANTRY,False,Rabun Warehouse,02,30643.0,Hartwell,USDA RAISINS,Dry Fruits
954,176551,8903,O-115,Oak Bower Baptist Church,479175,,FP/USDA,FOOD PANTRY-Agency,YELLOW RECEIPT - SHN,N-16-10181,9,0,0,8.1,45,HART,0.18,3/6/2024 23:32,3/7/2024 9:41,Price Code 1,CUSTOMER PICKUP,False,Food Bank of Northeast Georgia,01,30643.0,Hartwell,STOVE TOP STUFFING - TURKEY/CHICKEN/CORNBREAD,Dry Prepared Meals
482,172694,1791,H-134,Hart County Cupboard,476325,,FP/GNAP/USDA,FOOD PANTRY-Agency,USDA,N-50-10079,13,0,0,0.0,338,HART,0.0,1/9/2024 8:30,2/6/2024 9:01,Price Code 1,TRUCK 1 MOBILE PANTRY,False,Food Bank of Northeast Georgia,01,30643.0,Hartwell,USDA WALNUT HALVES AND PIECES,Dry Proteins
482,181769,1047,H-134,Hart County Cupboard,484373,,FP/GNAP/USDA,FOOD PANTRY-Agency,USDA,N-50-10041,25,0,0,0.0,1225,HART,0.0,6/4/2024 9:00,6/4/2024 7:31,Price Code 1,TRUCK 1 MOBILE PANTRY,False,Food Bank of Northeast Georgia,01,30643.0,Hartwell,USDA RICE,Dry Grains
482,180241,7414,H-134,Hart County Cupboard,482847,,FP/GNAP/USDA,FOOD PANTRY-Agency,PURCH,C-28-90525,56,0,0,0.0,1232,HART,0.0,5/7/2024 8:30,5/7/2024 7:44,Price Code 1,TRUCK 1 MOBILE PANTRY,False,Food Bank of Northeast Georgia,01,30643.0,Hartwell,BROCCOLI CROWNS,Cooled Vegetables
966,176601,1047,B-137,Bethany Baptist Church,479225,,FP/GNAP/USDA,FOOD PANTRY-Agency,USDA,N-50-10041,2,0,0,17.64,98,HART,0.18,3/13/2024 10:00,3/13/2024 11:08,Price Code 1,CUSTOMER PICKUP,False,Food Bank of Northeast Georgia,01,30520.0,Canon,USDA RICE,Dry Grains
482,181769,842,H-134,Hart County Cupboard,484373,,FP/GNAP/USDA,FOOD PANTRY-Agency,USDA,N-50-10021,13,0,0,0.0,351,HART,0.0,6/4/2024 9:00,6/4/2024 7:31,Price Code 1,TRUCK 1 MOBILE PANTRY,False,Food Bank of Northeast Georgia,01,30643.0,Hartwell,USDA DICED TOMATOES NO SALT CCC,Dry Vegetables
696,182299,4327,C-174,Cornerstone Baptist Church,484903,,FP/OP/GNAP/USDA,FOOD PANTRY-Agency,USDA,N-50-10277,13,0,0,0.0,351,HART,0.0,6/20/2024 16:09,6/20/2024 16:44,Price Code 1,CUSTOMER PICKUP,False,Rabun Warehouse,02,30643.0,Hartwell,USDA GARBANZO BEANS,Dry Proteins
966,173181,690,B-137,Bethany Baptist Church,476811,,FP/GNAP/USDA,FOOD PANTRY-Agency,BLUE RECEIPT-SHL,W-03-10013,277,0,0,0.0,277,HART,0.0,1/17/2024 10:15,1/17/2024 10:17,Price Code 1,CUSTOMER PICKUP,False,Sharing Floor Athens,01-SH,30520.0,Canon,"ASSORTED BEVERAGES, SHL",Dry Beverages
696,179122,800,C-174,Cornerstone Baptist Church,481735,,FP/OP/GNAP/USDA,FOOD PANTRY-Agency,USDA,N-50-10065,13,0,0,0.0,351,HART,0.0,4/17/2024 16:09,4/18/2024 8:51,Price Code 1,CUSTOMER PICKUP,False,Rabun Warehouse,02,30643.0,Hartwell,USDA APPLESAUCE,Dry Fruits
881,180031,4788,H-148,"Hart County Clothes Closet Food Pantry, Inc",482639,,FP/USDA,FOOD PANTRY-Agency,USDA,F-50-90039,3,0,0,21.6,120,HART,0.18,5/17/2024 8:15,5/17/2024 7:17,Price Code 1,CUSTOMER PICKUP,False,Rabun Warehouse,02,30643.0,Hartwell,USDA CATFISH FILLETS CCC,Frozen Proteins
482,175107,1791,H-134,Hart County Cupboard,477737,,FP/GNAP/USDA,FOOD PANTRY-Agency,USDA,N-50-10079,13,0,0,0.0,338,HART,0.0,2/6/2024 8:30,2/20/2024 13:41,Price Code 1,TRACTOR TRAILER 2 MOBILE PANTRY,False,Food Bank of Northeast Georgia,01,30643.0,Hartwell,USDA WALNUT HALVES AND PIECES,Dry Proteins
482,178410,8975,H-134,Hart County Cupboard,FAIMPORT481026,,FP/GNAP/USDA,FOOD PANTRY-Agency,BLUE RECEIPT-SHL,MCC-07-10001,46,0,0,0.0,46,HART,0.0,3/28/2024 0:00,3/28/2024 0:00,Price Code 1,CUSTOMER PICKUP,False,Food Bank of Northeast Georgia,01,30643.0,Hartwell,"DAIRY PRODUCTS, SHL RETAIL PICKUPS",Dry Dairy
954,173677,842,O-115,Oak Bower Baptist Church,477306,,FP/USDA,FOOD PANTRY-Agency,USDA,N-50-10021,2,0,0,9.72,54,HART,0.18,1/31/2024 11:12,2/7/2024 11:20,Price Code 1,CUSTOMER PICKUP,False,Food Bank of Northeast Georgia,01,30643.0,Hartwell,USDA DICED TOMATOES NO SALT CCC,Dry Vegetables
696,173128,1481,C-174,Cornerstone Baptist Church,476758,,FP/OP/GNAP/USDA,FOOD PANTRY-Agency,USDA,N-50-10105,13,0,0,0.0,221,HART,0.0,1/18/2024 16:09,1/19/2024 9:03,Price Code 1,CUSTOMER PICKUP,False,Rabun Warehouse,02,30643.0,Hartwell,USDA DRIED CHERRIES CCC,Dry Fruits
482,172694,4761,H-134,Hart County Cupboard,476325,,FP/GNAP/USDA,FOOD PANTRY-Agency,USDA,F-50-90454,46,0,0,0.0,1426,HART,0.0,1/9/2024 8:30,2/6/2024 9:01,Price Code 1,TRUCK 1 MOBILE PANTRY,False,Food Bank of Northeast Georgia,01,30643.0,Hartwell,USDA FROZEN STRAWBERRIES CCC,Frozen Fruits
881,175011,4788,H-148,"Hart County Clothes Closet Food Pantry, Inc",477641,,FP/USDA,FOOD PANTRY-Agency,USDA,F-50-90039,4,0,0,28.8,160,HART,0.18,2/15/2024 8:30,2/15/2024 10:57,Price Code 1,CUSTOMER PICKUP,False,Rabun Warehouse,02,30643.0,Hartwell,USDA CATFISH FILLETS CCC,Frozen Proteins
482,172694,875,H-134,Hart County Cupboard,476325,,FP/GNAP/USDA,FOOD PANTRY-Agency,BLUE RECEIPT-SHL,W-04-10000,387,0,0,0.0,387,HART,0.0,1/9/2024 8:30,2/6/2024 9:01,Price Code 1,TRUCK 1 MOBILE PANTRY,False,Food Bank of Northeast Georgia,01,30643.0,Hartwell,"BREAD & BAKERY, ASSORTED SHL",Dry Grains
966,178059,1047,B-137,Bethany Baptist Church,480678,,FP/GNAP/USDA,FOOD PANTRY-Agency,USDA,N-50-10041,1,0,0,8.82,49,HART,0.18,4/17/2024 10:00,4/17/2024 10:04,Price Code 1,CUSTOMER PICKUP,False,Food Bank of Northeast Georgia,01,30520.0,Canon,USDA RICE,Dry Grains
696,180697,4327,C-174,Cornerstone Baptist Church,483303,,FP/OP/GNAP/USDA,FOOD PANTRY-Agency,USDA,N-50-10277,13,0,0,0.0,351,HART,0.0,5/16/2024 16:09,5/16/2024 11:36,Price Code 1,CUSTOMER PICKUP,False,Rabun Warehouse,02,30643.0,Hartwell,USDA GARBANZO BEANS,Dry Proteins
966,179098,683,B-137,Bethany Baptist Church,481712,,FP/GNAP/USDA,FOOD PANTRY-Agency,BLUE RECEIPT-SHL,W-16-10001,55,0,0,9.9,55,HART,0.18,4/17/2024 10:13,4/17/2024 10:14,Price Code 1,CUSTOMER PICKUP,False,Sharing Floor Athens,01-SH,30520.0,Canon,MISC. FOOD BOX SHL,Dry Food Misc.
696,180697,800,C-174,Cornerstone Baptist Church,483303,,FP/OP/GNAP/USDA,FOOD PANTRY-Agency,USDA,N-50-10065,13,0,0,0.0,351,HART,0.0,5/16/2024 16:09,5/16/2024 11:36,Price Code 1,CUSTOMER PICKUP,False,Rabun Warehouse,02,30643.0,Hartwell,USDA APPLESAUCE,Dry Fruits
482,181769,170,H-134,Hart County Cupboard,484373,,FP/GNAP/USDA,FOOD PANTRY-Agency,USDA,N-50-10007,13,0,0,0.0,364,HART,0.0,6/4/2024 9:00,6/4/2024 7:31,Price Code 1,TRUCK 1 MOBILE PANTRY,False,Food Bank of Northeast Georgia,01,30643.0,Hartwell,"USDA CORN, WHOLE KERNEL NO SALT",Dry Vegetables
672,172492,8714,C-167,"Christian Worship Assembly, INC",476123,,FP/USDA,FOOD PANTRY-Agency,USDA,N-50-10303,25,0,0,0.0,600,HART,0.0,1/6/2024 7:30,1/16/2024 8:23,Price Code 1,TRUCK 1 MOBILE PANTRY,False,Food Bank of Northeast Georgia,01,30643.0,Hartwell,USDA GREEN SPLIT PEAS,Dry Proteins
696,173128,4676,C-174,Cornerstone Baptist Church,476758,,FP/OP/GNAP/USDA,FOOD PANTRY-Agency,USDA,F-50-90031,50,0,0,0.0,1200,HART,0.0,1/18/2024 16:09,1/19/2024 9:03,Price Code 1,CUSTOMER PICKUP,False,Rabun Warehouse,02,30643.0,Hartwell,USDA FROZEN BLUEBERRIES CCC,Frozen Fruits
672,180055,8497,C-167,"Christian Worship Assembly, INC",482663,,FP/USDA,FOOD PANTRY-Agency,USDA,C-50-10048,10,0,0,0.0,320,HART,0.0,5/10/2024 8:30,5/10/2024 7:08,Price Code 1,CONTACT FOR DELIVERY,False,Rabun Warehouse,02,30643.0,Hartwell,USDA MANDARIN ORANGES,Cooled Fruits
954,180104,8690,O-115,Oak Bower Baptist Church,482712,,FP/USDA,FOOD PANTRY-Agency,USDA,N-50-10302,5,0,0,12.6,70,HART,0.18,5/7/2024 8:00,5/8/2024 14:25,Price Code 1,CUSTOMER PICKUP,False,Food Bank of Northeast Georgia,01,30643.0,Hartwell,USDA GREEN BEANS CCC,Dry Vegetables
696,172206,8627,C-174,Cornerstone Baptist Church,475837,,FP/OP/GNAP/USDA,FOOD PANTRY-Agency,USDA,N-50-10300,1,0,0,2.52,14,HART,0.18,1/9/2024 16:09,1/30/2024 14:05,Price Code 1,CUSTOMER PICKUP,False,Food Bank of Northeast Georgia,01,30643.0,Hartwell,USDA CANNED COLLARD GREENS CCC,Dry Vegetables
482,179780,8973,H-134,Hart County Cupboard,FAIMPORT482393,,FP/GNAP/USDA,FOOD PANTRY-Agency,BLUE RECEIPT-SHL,MCC-16-10001,3,0,0,0.0,3,HART,0.0,4/25/2024 0:00,4/25/2024 0:00,Price Code 1,CUSTOMER PICKUP,False,Food Bank of Northeast Georgia,01,30643.0,Hartwell,"COOLER FOOD MISC., SHL RETAIL PICKUP",Dry Food Misc.
954,172514,8878,O-115,Oak Bower Baptist Church,476145,,FP/USDA,FOOD PANTRY-Agency,YELLOW RECEIPT - SHN,N-03-11783,4,0,0,0.0,52,HART,0.0,1/10/2024 14:00,1/11/2024 12:14,Price Code 1,CUSTOMER PICKUP,False,Food Bank of Northeast Georgia,01,30643.0,Hartwell,GATORADE FIT CITRUS BERRY,Dry Beverages
482,175107,842,H-134,Hart County Cupboard,477737,,FP/GNAP/USDA,FOOD PANTRY-Agency,USDA,N-50-10021,13,0,0,0.0,351,HART,0.0,2/6/2024 8:30,2/20/2024 13:41,Price Code 1,TRACTOR TRAILER 2 MOBILE PANTRY,False,Food Bank of Northeast Georgia,01,30643.0,Hartwell,USDA DICED TOMATOES NO SALT CCC,Dry Vegetables
966,178059,8682,B-137,Bethany Baptist Church,480678,,FP/GNAP/USDA,FOOD PANTRY-Agency,BLUE RECEIPT-SHL,N-03-11727,2,0,0,0.0,56,HART,0.0,4/17/2024 10:00,4/17/2024 10:04,Price Code 1,CUSTOMER PICKUP,False,Food Bank of Northeast Georgia,01,30520.0,Canon,LIPTON DIET GREEN TEA CITRUS,Dry Beverages
482,178688,8970,H-134,Hart County Cupboard,FAIMPORT481303,,FP/GNAP/USDA,FOOD PANTRY-Agency,BLUE RECEIPT-SHL,MCW-16-10001,12,0,0,0.0,12,HART,0.0,4/8/2024 0:00,4/8/2024 0:00,Price Code 1,CUSTOMER PICKUP,False,Food Bank of Northeast Georgia,01,30643.0,Hartwell,"MISC. FOOD BOX, SHL RETAIL PICKUP",Dry Food Misc.
696,180697,1521,C-174,Cornerstone Baptist Church,483303,,FP/OP/GNAP/USDA,FOOD PANTRY-Agency,USDA,N-50-10104,13,0,0,0.0,325,HART,0.0,5/16/2024 16:09,5/16/2024 11:36,Price Code 1,CUSTOMER PICKUP,False,Rabun Warehouse,02,30643.0,Hartwell,USDA LENTIL BEANS,Dry Proteins
954,172514,8682,O-115,Oak Bower Baptist Church,476145,,FP/USDA,FOOD PANTRY-Agency,BLUE RECEIPT-SHL,N-03-11727,2,0,0,0.0,56,HART,0.0,1/10/2024 14:00,1/11/2024 12:14,Price Code 1,CUSTOMER PICKUP,False,Food Bank of Northeast Georgia,01,30643.0,Hartwell,LIPTON DIET GREEN TEA CITRUS,Dry Beverages
482,178409,8974,H-134,Hart County Cupboard,FAIMPORT481025,,FP/GNAP/USDA,FOOD PANTRY-Agency,BLUE RECEIPT-SHL,MCW-04-10000,2,0,0,0.0,2,HART,0.0,4/4/2024 0:00,4/4/2024 0:00,Price Code 1,CUSTOMER PICKUP,False,Food Bank of Northeast Georgia,01,30643.0,Hartwell,"BREAD AND BAKERY, SHL RETAIL PICKUPS",Dry Grains
954,173677,2960,O-115,Oak Bower Baptist Church,477306,,FP/USDA,FOOD PANTRY-Agency,USDA,N-50-10247,2,0,0,12.96,72,HART,0.18,1/31/2024 11:12,2/7/2024 11:20,Price Code 1,CUSTOMER PICKUP,False,Food Bank of Northeast Georgia,01,30643.0,Hartwell,USDA BEEF STEW POUCHES CCC,Dry Prepared Meals
482,180966,8971,H-134,Hart County Cupboard,FAIMPORT483572,,FP/GNAP/USDA,FOOD PANTRY-Agency,BLUE RECEIPT-SHL,MCF-16-10001,10,0,0,0.0,10,HART,0.0,5/15/2024 0:00,5/15/2024 0:00,Price Code 1,CUSTOMER PICKUP,False,Food Bank of Northeast Georgia,01,30643.0,Hartwell,"FROZEN FOODS, MISC SHL RETAIL PICKUP",Dry Food Misc.
482,180453,8970,H-134,Hart County Cupboard,FAIMPORT483059,,FP/GNAP/USDA,FOOD PANTRY-Agency,BLUE RECEIPT-SHL,MCW-16-10001,10,0,0,0.0,10,HART,0.0,5/6/2024 0:00,5/6/2024 0:00,Price Code 1,CUSTOMER PICKUP,False,Food Bank of Northeast Georgia,01,30643.0,Hartwell,"MISC. FOOD BOX, SHL RETAIL PICKUP",Dry Food Misc.
881,176467,3943,H-148,"Hart County Clothes Closet Food Pantry, Inc",479091,,FP/USDA,FOOD PANTRY-Agency,USDA,N-50-10268,8,0,0,9.12,304,HART,0.03,3/15/2024 8:30,3/15/2024 7:21,Price Code 1,CUSTOMER PICKUP,False,Rabun Warehouse,02,30643.0,Hartwell,USDA APPLE JUICE,Dry Beverages
954,172514,8854,O-115,Oak Bower Baptist Church,476145,,FP/USDA,FOOD PANTRY-Agency,BLUE RECEIPT-SHL,N-03-11776,2,0,0,0.0,66,HART,0.0,1/10/2024 14:00,1/11/2024 12:14,Price Code 1,CUSTOMER PICKUP,False,Food Bank of Northeast Georgia,01,30643.0,Hartwell,DR PEPPER STRAWBERRIES & CREAM,Dry Beverages
482,180241,170,H-134,Hart County Cupboard,482847,,FP/GNAP/USDA,FOOD PANTRY-Agency,USDA,N-50-10007,13,0,0,0.0,364,HART,0.0,5/7/2024 8:30,5/7/2024 7:44,Price Code 1,TRUCK 1 MOBILE PANTRY,False,Food Bank of Northeast Georgia,01,30643.0,Hartwell,"USDA CORN, WHOLE KERNEL NO SALT",Dry Vegetables
482,179477,8975,H-134,Hart County Cupboard,FAIMPORT482090,,FP/GNAP/USDA,FOOD PANTRY-Agency,BLUE RECEIPT-SHL,MCC-07-10001,244,0,0,0.0,244,HART,0.0,4/15/2024 0:00,4/15/2024 0:00,Price Code 1,CUSTOMER PICKUP,False,Food Bank of Northeast Georgia,01,30643.0,Hartwell,"DAIRY PRODUCTS, SHL RETAIL PICKUPS",Dry Dairy
482,181769,8939,H-134,Hart County Cupboard,484373,,FP/GNAP/USDA,FOOD PANTRY-Agency,BLUE RECEIPT-SHL,C-28-90530,8,0,0,0.0,336,HART,0.0,6/4/2024 9:00,6/4/2024 7:31,Price Code 1,TRUCK 1 MOBILE PANTRY,False,Food Bank of Northeast Georgia,01,30643.0,Hartwell,"APPLES, SHL",Cooled Fruits
482,180455,8975,H-134,Hart County Cupboard,FAIMPORT483061,,FP/GNAP/USDA,FOOD PANTRY-Agency,BLUE RECEIPT-SHL,MCC-07-10001,100,0,0,0.0,100,HART,0.0,5/6/2024 0:00,5/6/2024 0:00,Price Code 1,CUSTOMER PICKUP,False,Food Bank of Northeast Georgia,01,30643.0,Hartwell,"DAIRY PRODUCTS, SHL RETAIL PICKUPS",Dry Dairy
482,177792,8973,H-134,Hart County Cupboard,FAIMPORT480411,,FP/GNAP/USDA,FOOD PANTRY-Agency,BLUE RECEIPT-SHL,MCC-16-10001,6,0,0,0.0,6,HART,0.0,3/22/2024 0:00,3/22/2024 0:00,Price Code 1,CUSTOMER PICKUP,False,Food Bank of Northeast Georgia,01,30643.0,Hartwell,"COOLER FOOD MISC., SHL RETAIL PICKUP",Dry Food Misc.
482,179475,8973,H-134,Hart County Cupboard,FAIMPORT482088,,FP/GNAP/USDA,FOOD PANTRY-Agency,BLUE RECEIPT-SHL,MCC-16-10001,60,0,0,0.0,60,HART,0.0,4/18/2024 0:00,4/18/2024 0:00,Price Code 1,CUSTOMER PICKUP,False,Food Bank of Northeast Georgia,01,30643.0,Hartwell,"COOLER FOOD MISC., SHL RETAIL PICKUP",Dry Food Misc.
966,175192,842,B-137,Bethany Baptist Church,477821,,FP/GNAP/USDA,FOOD PANTRY-Agency,USDA,N-50-10021,4,0,0,19.44,108,HART,0.18,2/14/2024 10:00,2/14/2024 8:58,Price Code 1,CUSTOMER PICKUP,False,Food Bank of Northeast Georgia,01,30520.0,Canon,USDA DICED TOMATOES NO SALT CCC,Dry Vegetables
482,175107,4761,H-134,Hart County Cupboard,477737,,FP/GNAP/USDA,FOOD PANTRY-Agency,USDA,F-50-90454,50,0,0,0.0,1550,HART,0.0,2/6/2024 8:30,2/20/2024 13:41,Price Code 1,TRACTOR TRAILER 2 MOBILE PANTRY,False,Food Bank of Northeast Georgia,01,30643.0,Hartwell,USDA FROZEN STRAWBERRIES CCC,Frozen Fruits
482,179779,8973,H-134,Hart County Cupboard,FAIMPORT482392,,FP/GNAP/USDA,FOOD PANTRY-Agency,BLUE RECEIPT-SHL,MCC-16-10001,83,0,0,0.0,83,HART,0.0,4/23/2024 0:00,4/23/2024 0:00,Price Code 1,CUSTOMER PICKUP,False,Food Bank of Northeast Georgia,01,30643.0,Hartwell,"COOLER FOOD MISC., SHL RETAIL PICKUP",Dry Food Misc.
482,178415,8973,H-134,Hart County Cupboard,FAIMPORT481031,,FP/GNAP/USDA,FOOD PANTRY-Agency,BLUE RECEIPT-SHL,MCC-16-10001,4,0,0,0.0,4,HART,0.0,4/1/2024 0:00,4/1/2024 0:00,Price Code 1,CUSTOMER PICKUP,False,Food Bank of Northeast Georgia,01,30643.0,Hartwell,"COOLER FOOD MISC., SHL RETAIL PICKUP",Dry Food Misc.
672,178307,800,C-167,"Christian Worship Assembly, INC",480923,,FP/USDA,FOOD PANTRY-Agency,USDA,N-50-10065,13,0,0,0.0,351,HART,0.0,4/6/2024 7:30,4/17/2024 7:08,Price Code 1,TRUCK 1 MOBILE PANTRY,False,Food Bank of Northeast Georgia,01,30643.0,Hartwell,USDA APPLESAUCE,Dry Fruits
954,176551,8914,O-115,Oak Bower Baptist Church,479175,,FP/USDA,FOOD PANTRY-Agency,USDA,N-50-10310,5,0,0,24.3,135,HART,0.18,3/6/2024 23:32,3/7/2024 9:41,Price Code 1,CUSTOMER PICKUP,False,Food Bank of Northeast Georgia,01,30643.0,Hartwell,USDA DICED POTATOES,Dry Potatoes
881,178508,8997,H-148,"Hart County Clothes Closet Food Pantry, Inc",481124,,FP/USDA,FOOD PANTRY-Agency,USDA,N-50-10312,3,0,0,6.48,36,HART,0.18,4/15/2024 8:30,4/15/2024 7:04,Price Code 1,CUSTOMER PICKUP,False,Rabun Warehouse,02,30643.0,Hartwell,USDA CHILI W/ BEANS CCC,Dry Prepared Meals
881,179829,8497,H-148,"Hart County Clothes Closet Food Pantry, Inc",482440,,FP/USDA,FOOD PANTRY-Agency,USDA,C-50-10048,4,0,0,6.4,128,HART,0.05,5/17/2024 8:30,5/17/2024 7:16,Price Code 1,CUSTOMER PICKUP,False,Rabun Warehouse,02,30643.0,Hartwell,USDA MANDARIN ORANGES,Cooled Fruits
966,175192,170,B-137,Bethany Baptist Church,477821,,FP/GNAP/USDA,FOOD PANTRY-Agency,USDA,N-50-10007,2,0,0,10.08,56,HART,0.18,2/14/2024 10:00,2/14/2024 8:58,Price Code 1,CUSTOMER PICKUP,False,Food Bank of Northeast Georgia,01,30520.0,Canon,"USDA CORN, WHOLE KERNEL NO SALT",Dry Vegetables
696,182299,8783,C-174,Cornerstone Baptist Church,484903,,FP/OP/GNAP/USDA,FOOD PANTRY-Agency,USDA,N-50-10308,13,0,0,0.0,299,HART,0.0,6/20/2024 16:09,6/20/2024 16:44,Price Code 1,CUSTOMER PICKUP,False,Rabun Warehouse,02,30643.0,Hartwell,USDA RAISINS,Dry Fruits
954,177936,8995,O-115,Oak Bower Baptist Church,480555,,FP/USDA,FOOD PANTRY-Agency,BLUE RECEIPT-SHL,N-21-10067,25,0,0,22.5,125,HART,0.18,4/8/2024 22:41,4/12/2024 10:30,Price Code 1,CUSTOMER PICKUP,False,Food Bank of Northeast Georgia,01,30643.0,Hartwell,"RAMEN, MARUCHAN SHRIMP",Dry Prepared Meals
482,180241,6780,H-134,Hart County Cupboard,482847,,FP/GNAP/USDA,FOOD PANTRY-Agency,USDA,C-50-10024,33,0,0,0.0,1419,HART,0.0,5/7/2024 8:30,5/7/2024 7:44,Price Code 1,TRUCK 1 MOBILE PANTRY,False,Food Bank of Northeast Georgia,01,30643.0,Hartwell,USDA APPLES,Cooled Fruits
482,172694,1047,H-134,Hart County Cupboard,476325,,FP/GNAP/USDA,FOOD PANTRY-Agency,USDA,N-50-10041,13,0,0,0.0,637,HART,0.0,1/9/2024 8:30,2/6/2024 9:01,Price Code 1,TRUCK 1 MOBILE PANTRY,False,Food Bank of Northeast Georgia,01,30643.0,Hartwell,USDA RICE,Dry Grains
672,178307,170,C-167,"Christian Worship Assembly, INC",480923,,FP/USDA,FOOD PANTRY-Agency,USDA,N-50-10007,13,0,0,0.0,364,HART,0.0,4/6/2024 7:30,4/17/2024 7:08,Price Code 1,TRUCK 1 MOBILE PANTRY,False,Food Bank of Northeast Georgia,01,30643.0,Hartwell,"USDA CORN, WHOLE KERNEL NO SALT",Dry Vegetables
881,175011,4715,H-148,"Hart County Clothes Closet Food Pantry, Inc",477641,,FP/USDA,FOOD PANTRY-Agency,USDA,F-50-90461,4,0,0,28.8,160,HART,0.18,2/15/2024 8:30,2/15/2024 10:57,Price Code 1,CUSTOMER PICKUP,False,Rabun Warehouse,02,30643.0,Hartwell,USDA ALASKAN POLLACK FISH FILLETS,Frozen Proteins
954,176551,8957,O-115,Oak Bower Baptist Church,479175,,FP/USDA,FOOD PANTRY-Agency,YELLOW RECEIPT - SHN,N-25-11956,25,0,0,18.0,100,HART,0.18,3/6/2024 23:32,3/7/2024 9:41,Price Code 1,CUSTOMER PICKUP,False,Food Bank of Northeast Georgia,01,30643.0,Hartwell,HONEYMAID GRAHAM CRACKERS,Dry Grains
966,179978,170,B-137,Bethany Baptist Church,482587,,FP/GNAP/USDA,FOOD PANTRY-Agency,USDA,N-50-10007,4,0,0,20.16,112,HART,0.18,5/15/2024 10:00,5/15/2024 10:50,Price Code 1,CUSTOMER PICKUP,False,Food Bank of Northeast Georgia,01,30520.0,Canon,"USDA CORN, WHOLE KERNEL NO SALT",Dry Vegetables
966,180856,1045,B-137,Bethany Baptist Church,483462,,FP/GNAP/USDA,FOOD PANTRY-Agency,BLUE RECEIPT-SHL,W-25-10009,99,0,0,17.82,99,HART,0.18,5/15/2024 10:18,5/15/2024 10:19,Price Code 1,CUSTOMER PICKUP,False,Sharing Floor Athens,01-SH,30520.0,Canon,"ASSORTED SNACK ITEMS, SHL",Dry Food Misc.
696,175601,8720,C-174,Cornerstone Baptist Church,478229,,FP/OP/GNAP/USDA,FOOD PANTRY-Agency,USDA,N-50-10305,26,0,0,0.0,364,HART,0.0,2/14/2024 16:09,2/20/2024 9:57,Price Code 1,TRUCK 2 MOBILE PANTRY,False,Rabun Warehouse,02,30643.0,Hartwell,USDA MIXED VegetablesCCC,Dry Vegetables
966,176601,8720,B-137,Bethany Baptist Church,479225,,FP/GNAP/USDA,FOOD PANTRY-Agency,USDA,N-50-10305,4,0,0,10.08,56,HART,0.18,3/13/2024 10:00,3/13/2024 11:08,Price Code 1,CUSTOMER PICKUP,False,Food Bank of Northeast Georgia,01,30520.0,Canon,USDA MIXED VegetablesCCC,Dry Vegetables
482,180241,6845,H-134,Hart County Cupboard,482847,,FP/GNAP/USDA,FOOD PANTRY-Agency,BLUE RECEIPT-SHL,C-28-90349,1589,0,0,0.0,1589,HART,0.0,5/7/2024 8:30,5/7/2024 7:44,Price Code 1,TRUCK 1 MOBILE PANTRY,False,Food Bank of Northeast Georgia,01,30643.0,Hartwell,STRAWBERRIES,Cooled Fruits
696,182299,4269,C-174,Cornerstone Baptist Church,484903,,FP/OP/GNAP/USDA,FOOD PANTRY-Agency,USDA,N-50-10273,13,0,0,0.0,312,HART,0.0,6/20/2024 16:09,6/20/2024 16:44,Price Code 1,CUSTOMER PICKUP,False,Rabun Warehouse,02,30643.0,Hartwell,USDA DRY NAVY BEANS CCC,Dry Proteins
966,179978,8997,B-137,Bethany Baptist Church,482587,,FP/GNAP/USDA,FOOD PANTRY-Agency,USDA,N-50-10312,4,0,0,8.64,48,HART,0.18,5/15/2024 10:00,5/15/2024 10:50,Price Code 1,CUSTOMER PICKUP,False,Food Bank of Northeast Georgia,01,30520.0,Canon,USDA CHILI W/ BEANS CCC,Dry Prepared Meals
696,180697,8783,C-174,Cornerstone Baptist Church,483303,,FP/OP/GNAP/USDA,FOOD PANTRY-Agency,USDA,N-50-10308,13,0,0,0.0,299,HART,0.0,5/16/2024 16:09,5/16/2024 11:36,Price Code 1,CUSTOMER PICKUP,False,Rabun Warehouse,02,30643.0,Hartwell,USDA RAISINS,Dry Fruits
954,173677,8914,O-115,Oak Bower Baptist Church,477306,,FP/USDA,FOOD PANTRY-Agency,USDA,N-50-10310,2,0,0,9.72,54,HART,0.18,1/31/2024 11:12,2/7/2024 11:20,Price Code 1,CUSTOMER PICKUP,False,Food Bank of Northeast Georgia,01,30643.0,Hartwell,USDA DICED POTATOES,Dry Potatoes
482,172694,5772,H-134,Hart County Cupboard,476325,,FP/GNAP/USDA,FOOD PANTRY-Agency,LOCAL - LL,C-28-10000,1427,0,0,0.0,1427,HART,0.0,1/9/2024 8:30,2/6/2024 9:01,Price Code 1,TRUCK 1 MOBILE PANTRY,False,Food Bank of Northeast Georgia,01,30643.0,Hartwell,"PRODUCE, FRESH LL",Cooled Mixed Produce
660,178945,8931,FBBB-7,Hart: Hart County Senior Center Senior Staples Program,481559,,BROWN BAG,FB BROWN BAG-Agency,SBB-O,N-16-20003,23,0,0,0.0,506,HART,0.0,4/15/2024 16:29,4/15/2024 7:09,Mobile Pantry/Feed Site Only,CUSTOMER PICKUP,False,Rabun Warehouse,02,30643.0,Hartwell,SENIOR STAPLES BOX - ASSORTED USDA,Dry Food Misc.
881,175475,4788,H-148,"Hart County Clothes Closet Food Pantry, Inc",478104,,FP/USDA,FOOD PANTRY-Agency,USDA,F-50-90039,1,0,0,7.2,40,HART,0.18,2/15/2024 8:30,2/15/2024 10:56,Price Code 1,CUSTOMER PICKUP,False,Rabun Warehouse,02,30643.0,Hartwell,USDA CATFISH FILLETS CCC,Frozen Proteins
696,182299,1047,C-174,Cornerstone Baptist Church,484903,,FP/OP/GNAP/USDA,FOOD PANTRY-Agency,USDA,N-50-10041,13,0,0,0.0,637,HART,0.0,6/20/2024 16:09,6/20/2024 16:44,Price Code 1,CUSTOMER PICKUP,False,Rabun Warehouse,02,30643.0,Hartwell,USDA RICE,Dry Grains
881,180031,9025,H-148,"Hart County Clothes Closet Food Pantry, Inc",482639,,FP/USDA,FOOD PANTRY-Agency,YELLOW RECEIPT - SHN,N-11-11072,2,0,0,3.24,18,HART,0.18,5/17/2024 8:15,5/17/2024 7:17,Price Code 1,CUSTOMER PICKUP,False,Rabun Warehouse,02,30643.0,Hartwell,MRS BUTTERSWORTHS SMORES PANCAKE KIT,Dry Food Misc.
482,175107,4376,H-134,Hart County Cupboard,477737,,FP/GNAP/USDA,FOOD PANTRY-Agency,USDA,N-50-10291,13,0,0,0.0,325,HART,0.0,2/6/2024 8:30,2/20/2024 13:41,Price Code 1,TRACTOR TRAILER 2 MOBILE PANTRY,False,Food Bank of Northeast Georgia,01,30643.0,Hartwell,USDA GARBANZO BEANS,Dry Proteins
482,181769,2202,H-134,Hart County Cupboard,484373,,FP/GNAP/USDA,FOOD PANTRY-Agency,USDA,N-50-10240,15,0,0,0.0,330,HART,0.0,6/4/2024 9:00,6/4/2024 7:31,Price Code 1,TRUCK 1 MOBILE PANTRY,False,Food Bank of Northeast Georgia,01,30643.0,Hartwell,USDA SPAGHETTI,Dry Grains
966,178059,8783,B-137,Bethany Baptist Church,480678,,FP/GNAP/USDA,FOOD PANTRY-Agency,USDA,N-50-10308,2,0,0,8.28,46,HART,0.18,4/17/2024 10:00,4/17/2024 10:04,Price Code 1,CUSTOMER PICKUP,False,Food Bank of Northeast Georgia,01,30520.0,Canon,USDA RAISINS,Dry Fruits
696,173128,1791,C-174,Cornerstone Baptist Church,476758,,FP/OP/GNAP/USDA,FOOD PANTRY-Agency,USDA,N-50-10079,13,0,0,0.0,338,HART,0.0,1/18/2024 16:09,1/19/2024 9:03,Price Code 1,CUSTOMER PICKUP,False,Rabun Warehouse,02,30643.0,Hartwell,USDA WALNUT HALVES AND PIECES,Dry Proteins
954,173677,8714,O-115,Oak Bower Baptist Church,477306,,FP/USDA,FOOD PANTRY-Agency,USDA,N-50-10303,4,0,0,17.28,96,HART,0.18,1/31/2024 11:12,2/7/2024 11:20,Price Code 1,CUSTOMER PICKUP,False,Food Bank of Northeast Georgia,01,30643.0,Hartwell,USDA GREEN SPLIT PEAS,Dry Proteins
954,172514,8898,O-115,Oak Bower Baptist Church,476145,,FP/USDA,FOOD PANTRY-Agency,BLUE RECEIPT-SHL,N-03-11789,2,0,0,0.0,66,HART,0.0,1/10/2024 14:00,1/11/2024 12:14,Price Code 1,CUSTOMER PICKUP,False,Food Bank of Northeast Georgia,01,30643.0,Hartwell,MT DEW THRASHED APPLE,Dry Beverages
482,178409,8975,H-134,Hart County Cupboard,FAIMPORT481025,,FP/GNAP/USDA,FOOD PANTRY-Agency,BLUE RECEIPT-SHL,MCC-07-10001,200,0,0,0.0,200,HART,0.0,4/4/2024 0:00,4/4/2024 0:00,Price Code 1,CUSTOMER PICKUP,False,Food Bank of Northeast Georgia,01,30643.0,Hartwell,"DAIRY PRODUCTS, SHL RETAIL PICKUPS",Dry Dairy
482,181769,1791,H-134,Hart County Cupboard,484373,,FP/GNAP/USDA,FOOD PANTRY-Agency,USDA,N-50-10079,13,0,0,0.0,338,HART,0.0,6/4/2024 9:00,6/4/2024 7:31,Price Code 1,TRUCK 1 MOBILE PANTRY,False,Food Bank of Northeast Georgia,01,30643.0,Hartwell,USDA WALNUT HALVES AND PIECES,Dry Proteins
482,172694,5407,H-134,Hart County Cupboard,476325,,FP/GNAP/USDA,FOOD PANTRY-Agency,BLUE RECEIPT-SHL,F-15-10000,2154,0,0,0.0,2154,HART,0.0,1/9/2024 8:30,2/6/2024 9:01,Price Code 1,TRUCK 1 MOBILE PANTRY,False,Food Bank of Northeast Georgia,01,30643.0,Hartwell,"MEAT & SEAFOOD, FROZEN SHL",Frozen Proteins
954,180104,1521,O-115,Oak Bower Baptist Church,482712,,FP/USDA,FOOD PANTRY-Agency,USDA,N-50-10104,5,0,0,0.0,125,HART,0.0,5/7/2024 8:00,5/8/2024 14:25,Price Code 1,CUSTOMER PICKUP,False,Food Bank of Northeast Georgia,01,30643.0,Hartwell,USDA LENTIL BEANS,Dry Proteins
482,173456,5388,H-134,Hart County Cupboard,477085,,FP/GNAP/USDA,FOOD PANTRY-Agency,BLUE RECEIPT-SHL,F-16-10001,32,0,0,5.76,32,HART,0.18,1/23/2024 14:26,1/23/2024 10:03,Price Code 1,CUSTOMER PICKUP,False,Sharing Floor Rabun,02-SH,30643.0,Hartwell,"ASSORTED FROZEN FOODS, SHL",Frozen Food Misc.
696,173128,8765,C-174,Cornerstone Baptist Church,476758,,FP/OP/GNAP/USDA,FOOD PANTRY-Agency,USDA,N-50-10307,13,0,0,0.0,351,HART,0.0,1/18/2024 16:09,1/19/2024 9:03,Price Code 1,CUSTOMER PICKUP,False,Rabun Warehouse,02,30643.0,Hartwell,"USDA LIGHT RED KIDNEY BEANS, LOW SODIUM",Dry Proteins
482,180241,7061,H-134,Hart County Cupboard,482847,,FP/GNAP/USDA,FOOD PANTRY-Agency,USDA,C-50-10021,47,0,0,0.0,1974,HART,0.0,5/7/2024 8:30,5/7/2024 7:44,Price Code 1,TRUCK 1 MOBILE PANTRY,False,Food Bank of Northeast Georgia,01,30643.0,Hartwell,USDA FRESH ORANGES,Cooled Fruits
482,181769,4269,H-134,Hart County Cupboard,484373,,FP/GNAP/USDA,FOOD PANTRY-Agency,USDA,N-50-10273,25,0,0,0.0,600,HART,0.0,6/4/2024 9:00,6/4/2024 7:31,Price Code 1,TRUCK 1 MOBILE PANTRY,False,Food Bank of Northeast Georgia,01,30643.0,Hartwell,USDA DRY NAVY BEANS CCC,Dry Proteins
881,181756,8931,H-148,"Hart County Clothes Closet Food Pantry, Inc",484360,,FP/USDA,FOOD PANTRY-Agency,SBB-O,N-16-20003,91,0,0,0.0,2002,HART,0.0,6/7/2024 9:00,6/7/2024 6:59,Price Code 1,CUSTOMER PICKUP,False,Rabun Warehouse,02,30643.0,Hartwell,SENIOR STAPLES BOX - ASSORTED USDA,Dry Food Misc.
482,172694,1521,H-134,Hart County Cupboard,476325,,FP/GNAP/USDA,FOOD PANTRY-Agency,USDA,N-50-10104,25,0,0,0.0,625,HART,0.0,1/9/2024 8:30,2/6/2024 9:01,Price Code 1,TRUCK 1 MOBILE PANTRY,False,Food Bank of Northeast Georgia,01,30643.0,Hartwell,USDA LENTIL BEANS,Dry Proteins
881,179975,9029,H-148,"Hart County Clothes Closet Food Pantry, Inc",482584,,FP/USDA,FOOD PANTRY-Agency,YELLOW RECEIPT - SHN,N-25-11971,2,0,0,2.88,16,HART,0.18,5/10/2024 8:30,5/16/2024 13:32,Price Code 1,CUSTOMER PICKUP,False,Rabun Warehouse,02,30643.0,Hartwell,BIGS JUMBO SUNFLOWER KERNELS,Dry Proteins
881,175011,8914,H-148,"Hart County Clothes Closet Food Pantry, Inc",477641,,FP/USDA,FOOD PANTRY-Agency,USDA,N-50-10310,3,0,0,14.58,81,HART,0.18,2/15/2024 8:30,2/15/2024 10:57,Price Code 1,CUSTOMER PICKUP,False,Rabun Warehouse,02,30643.0,Hartwell,USDA DICED POTATOES,Dry Potatoes
966,172428,8852,B-137,Bethany Baptist Church,476059,,FP/GNAP/USDA,FOOD PANTRY-Agency,PURCH,N-23-10010,4,0,0,9.36,52,HART,0.18,1/17/2024 10:00,1/17/2024 10:01,Price Code 1,CUSTOMER PICKUP,False,Food Bank of Northeast Georgia,01,30520.0,Canon,NUT'N BETTER CREAMY PEANUT BUTTER - RED SUGAR & SODIUM,Dry Proteins
881,181756,3943,H-148,"Hart County Clothes Closet Food Pantry, Inc",484360,,FP/USDA,FOOD PANTRY-Agency,USDA,N-50-10268,1,0,0,1.14,38,HART,0.03,6/7/2024 9:00,6/7/2024 6:59,Price Code 1,CUSTOMER PICKUP,False,Rabun Warehouse,02,30643.0,Hartwell,USDA APPLE JUICE,Dry Beverages
966,179978,84,B-137,Bethany Baptist Church,482587,,FP/GNAP/USDA,FOOD PANTRY-Agency,USDA,N-50-10006,2,0,0,9.72,54,HART,0.18,5/15/2024 10:00,5/15/2024 10:50,Price Code 1,CUSTOMER PICKUP,False,Food Bank of Northeast Georgia,01,30520.0,Canon,USDA GREEN BEANS,Dry Vegetables
966,172428,8851,B-137,Bethany Baptist Church,476059,,FP/GNAP/USDA,FOOD PANTRY-Agency,PURCH,N-11-11071,4,0,0,4.32,24,HART,0.18,1/17/2024 10:00,1/17/2024 10:01,Price Code 1,CUSTOMER PICKUP,False,Food Bank of Northeast Georgia,01,30520.0,Canon,"CHICKEN STUFFING, PREMIER PANTRY",Dry Prepared Meals
954,180104,1674,O-115,Oak Bower Baptist Church,482712,,FP/USDA,FOOD PANTRY-Agency,USDA,N-50-10073,5,0,0,24.3,135,HART,0.18,5/7/2024 8:00,5/8/2024 14:25,Price Code 1,CUSTOMER PICKUP,False,Food Bank of Northeast Georgia,01,30643.0,Hartwell,USDA TOMATO SAUCE,Dry Vegetables
954,177936,4376,O-115,Oak Bower Baptist Church,480555,,FP/USDA,FOOD PANTRY-Agency,USDA,N-50-10291,5,0,0,22.5,125,HART,0.18,4/8/2024 22:41,4/12/2024 10:30,Price Code 1,CUSTOMER PICKUP,False,Food Bank of Northeast Georgia,01,30643.0,Hartwell,USDA GARBANZO BEANS,Dry Proteins
482,176284,842,H-134,Hart County Cupboard,478909,,FP/GNAP/USDA,FOOD PANTRY-Agency,USDA,N-50-10021,13,0,0,0.0,351,HART,0.0,3/5/2024 8:30,3/5/2024 11:45,Price Code 1,TRUCK 1 MOBILE PANTRY,False,Food Bank of Northeast Georgia,01,30643.0,Hartwell,USDA DICED TOMATOES NO SALT CCC,Dry Vegetables
966,182220,8970,B-137,Bethany Baptist Church,FAIMPORT484824,,FP/GNAP/USDA,FOOD PANTRY-Agency,BLUE RECEIPT-SHL,MCW-16-10001,75,0,0,0.0,75,HART,0.0,6/13/2024 0:00,6/13/2024 0:00,Price Code 1,CUSTOMER PICKUP,False,Food Bank of Northeast Georgia,01,30520.0,Canon,"MISC. FOOD BOX, SHL RETAIL PICKUP",Dry Food Misc.
954,176551,1521,O-115,Oak Bower Baptist Church,479175,,FP/USDA,FOOD PANTRY-Agency,USDA,N-50-10104,9,0,0,0.0,225,HART,0.0,3/6/2024 23:32,3/7/2024 9:41,Price Code 1,CUSTOMER PICKUP,False,Food Bank of Northeast Georgia,01,30643.0,Hartwell,USDA LENTIL BEANS,Dry Proteins
954,177936,8851,O-115,Oak Bower Baptist Church,480555,,FP/USDA,FOOD PANTRY-Agency,PURCH,N-11-11071,10,0,0,10.8,60,HART,0.18,4/8/2024 22:41,4/12/2024 10:30,Price Code 1,CUSTOMER PICKUP,False,Food Bank of Northeast Georgia,01,30643.0,Hartwell,"CHICKEN STUFFING, PREMIER PANTRY",Dry Prepared Meals
966,176254,5958,B-137,Bethany Baptist Church,FAIMPORT478880,,FP/GNAP/USDA,FOOD PANTRY-Agency,BLUE RECEIPT-SHL,C-16-10001,230,0,0,41.4,230,HART,0.18,2/19/2024 0:00,2/19/2024 0:00,Price Code 1,CUSTOMER PICKUP,False,Food Bank of Northeast Georgia,01,30520.0,Canon,"COOLER FOOD, MISC. SHL",Cooled Food Misc.
672,178307,1521,C-167,"Christian Worship Assembly, INC",480923,,FP/USDA,FOOD PANTRY-Agency,USDA,N-50-10104,25,0,0,0.0,625,HART,0.0,4/6/2024 7:30,4/17/2024 7:08,Price Code 1,TRUCK 1 MOBILE PANTRY,False,Food Bank of Northeast Georgia,01,30643.0,Hartwell,USDA LENTIL BEANS,Dry Proteins
482,172694,8765,H-134,Hart County Cupboard,476325,,FP/GNAP/USDA,FOOD PANTRY-Agency,USDA,N-50-10307,13,0,0,0.0,351,HART,0.0,1/9/2024 8:30,2/6/2024 9:01,Price Code 1,TRUCK 1 MOBILE PANTRY,False,Food Bank of Northeast Georgia,01,30643.0,Hartwell,"USDA LIGHT RED KIDNEY BEANS, LOW SODIUM",Dry Proteins
966,179978,1047,B-137,Bethany Baptist Church,482587,,FP/GNAP/USDA,FOOD PANTRY-Agency,USDA,N-50-10041,2,0,0,17.64,98,HART,0.18,5/15/2024 10:00,5/15/2024 10:50,Price Code 1,CUSTOMER PICKUP,False,Food Bank of Northeast Georgia,01,30520.0,Canon,USDA RICE,Dry Grains
482,180624,8973,H-134,Hart County Cupboard,FAIMPORT483230,,FP/GNAP/USDA,FOOD PANTRY-Agency,BLUE RECEIPT-SHL,MCC-16-10001,25,0,0,0.0,25,HART,0.0,5/9/2024 0:00,5/9/2024 0:00,Price Code 1,CUSTOMER PICKUP,False,Food Bank of Northeast Georgia,01,30643.0,Hartwell,"COOLER FOOD MISC., SHL RETAIL PICKUP",Dry Food Misc.
966,177233,690,B-137,Bethany Baptist Church,479853,,FP/GNAP/USDA,FOOD PANTRY-Agency,BLUE RECEIPT-SHL,W-03-10013,173,0,0,5.19,173,HART,0.03,3/13/2024 11:13,3/13/2024 11:15,Price Code 1,CUSTOMER PICKUP,False,Sharing Floor Athens,01-SH,30520.0,Canon,"ASSORTED BEVERAGES, SHL",Dry Beverages
672,178307,4327,C-167,"Christian Worship Assembly, INC",480923,,FP/USDA,FOOD PANTRY-Agency,USDA,N-50-10277,13,0,0,0.0,351,HART,0.0,4/6/2024 7:30,4/17/2024 7:08,Price Code 1,TRUCK 1 MOBILE PANTRY,False,Food Bank of Northeast Georgia,01,30643.0,Hartwell,USDA GARBANZO BEANS,Dry Proteins
482,180241,1047,H-134,Hart County Cupboard,482847,,FP/GNAP/USDA,FOOD PANTRY-Agency,USDA,N-50-10041,25,0,0,0.0,1225,HART,0.0,5/7/2024 8:30,5/7/2024 7:44,Price Code 1,TRUCK 1 MOBILE PANTRY,False,Food Bank of Northeast Georgia,01,30643.0,Hartwell,USDA RICE,Dry Grains
966,175192,8783,B-137,Bethany Baptist Church,477821,,FP/GNAP/USDA,FOOD PANTRY-Agency,USDA,N-50-10308,2,0,0,8.28,46,HART,0.18,2/14/2024 10:00,2/14/2024 8:58,Price Code 1,CUSTOMER PICKUP,False,Food Bank of Northeast Georgia,01,30520.0,Canon,USDA RAISINS,Dry Fruits
696,175601,4788,C-174,Cornerstone Baptist Church,478229,,FP/OP/GNAP/USDA,FOOD PANTRY-Agency,USDA,F-50-90039,19,0,0,0.0,760,HART,0.0,2/14/2024 16:09,2/20/2024 9:57,Price Code 1,TRUCK 2 MOBILE PANTRY,False,Rabun Warehouse,02,30643.0,Hartwell,USDA CATFISH FILLETS CCC,Frozen Proteins
482,181769,6655,H-134,Hart County Cupboard,484373,,FP/GNAP/USDA,FOOD PANTRY-Agency,LOCAL - LL,C-28-90413,19,0,0,0.0,950,HART,0.0,6/4/2024 9:00,6/4/2024 7:31,Price Code 1,TRUCK 1 MOBILE PANTRY,False,Food Bank of Northeast Georgia,01,30643.0,Hartwell,CABBAGE,Cooled Vegetables
482,180456,8973,H-134,Hart County Cupboard,FAIMPORT483062,,FP/GNAP/USDA,FOOD PANTRY-Agency,BLUE RECEIPT-SHL,MCC-16-10001,8,0,0,0.0,8,HART,0.0,5/3/2024 0:00,5/3/2024 0:00,Price Code 1,CUSTOMER PICKUP,False,Food Bank of Northeast Georgia,01,30643.0,Hartwell,"COOLER FOOD MISC., SHL RETAIL PICKUP",Dry Food Misc.
954,176551,1674,O-115,Oak Bower Baptist Church,479175,,FP/USDA,FOOD PANTRY-Agency,USDA,N-50-10073,5,0,0,24.3,135,HART,0.18,3/6/2024 23:32,3/7/2024 9:41,Price Code 1,CUSTOMER PICKUP,False,Food Bank of Northeast Georgia,01,30643.0,Hartwell,USDA TOMATO SAUCE,Dry Vegetables
482,179479,8975,H-134,Hart County Cupboard,FAIMPORT482092,,FP/GNAP/USDA,FOOD PANTRY-Agency,BLUE RECEIPT-SHL,MCC-07-10001,116,0,0,0.0,116,HART,0.0,4/15/2024 0:00,4/15/2024 0:00,Price Code 1,CUSTOMER PICKUP,False,Food Bank of Northeast Georgia,01,30643.0,Hartwell,"DAIRY PRODUCTS, SHL RETAIL PICKUPS",Dry Dairy
881,175475,8720,H-148,"Hart County Clothes Closet Food Pantry, Inc",478104,,FP/USDA,FOOD PANTRY-Agency,USDA,N-50-10305,3,0,0,7.56,42,HART,0.18,2/15/2024 8:30,2/15/2024 10:56,Price Code 1,CUSTOMER PICKUP,False,Rabun Warehouse,02,30643.0,Hartwell,USDA MIXED VegetablesCCC,Dry Vegetables
482,181769,5637,H-134,Hart County Cupboard,484373,,FP/GNAP/USDA,FOOD PANTRY-Agency,USDA,F-50-90019,44,0,0,0.0,1320,HART,0.0,6/4/2024 9:00,6/4/2024 7:31,Price Code 1,TRUCK 1 MOBILE PANTRY,False,Food Bank of Northeast Georgia,01,30643.0,Hartwell,USDA FROZEN BLUEBERRIES CCC,Frozen Fruits
482,175107,8783,H-134,Hart County Cupboard,477737,,FP/GNAP/USDA,FOOD PANTRY-Agency,USDA,N-50-10308,13,0,0,0.0,299,HART,0.0,2/6/2024 8:30,2/20/2024 13:41,Price Code 1,TRACTOR TRAILER 2 MOBILE PANTRY,False,Food Bank of Northeast Georgia,01,30643.0,Hartwell,USDA RAISINS,Dry Fruits
482,180241,4376,H-134,Hart County Cupboard,482847,,FP/GNAP/USDA,FOOD PANTRY-Agency,USDA,N-50-10291,13,0,0,0.0,325,HART,0.0,5/7/2024 8:30,5/7/2024 7:44,Price Code 1,TRUCK 1 MOBILE PANTRY,False,Food Bank of Northeast Georgia,01,30643.0,Hartwell,USDA GARBANZO BEANS,Dry Proteins
482,179478,8976,H-134,Hart County Cupboard,FAIMPORT482091,,FP/GNAP/USDA,FOOD PANTRY-Agency,BLUE RECEIPT-SHL,MCC-28-10001,86,0,0,0.0,86,HART,0.0,4/19/2024 0:00,4/19/2024 0:00,Price Code 1,CUSTOMER PICKUP,False,Food Bank of Northeast Georgia,01,30643.0,Hartwell,"PRODUCE, SHL RETAIL PICKUPS",Dry Mixed Produce
881,176467,8714,H-148,"Hart County Clothes Closet Food Pantry, Inc",479091,,FP/USDA,FOOD PANTRY-Agency,USDA,N-50-10303,5,0,0,0.0,120,HART,0.0,3/15/2024 8:30,3/15/2024 7:21,Price Code 1,CUSTOMER PICKUP,False,Rabun Warehouse,02,30643.0,Hartwell,USDA GREEN SPLIT PEAS,Dry Proteins
881,178135,8969,H-148,"Hart County Clothes Closet Food Pantry, Inc",480754,,FP/USDA,FOOD PANTRY-Agency,YELLOW RECEIPT - SHN,N-27-10135,1,0,0,0.27,27,HART,0.01,4/15/2024 8:30,4/15/2024 7:04,Price Code 1,CUSTOMER PICKUP,False,Rabun Warehouse,02,30643.0,Hartwell,"HUNTS TOMATO SAUCE, BAG AND BOX",Dry Vegetables
966,178059,800,B-137,Bethany Baptist Church,480678,,FP/GNAP/USDA,FOOD PANTRY-Agency,USDA,N-50-10065,2,0,0,9.72,54,HART,0.18,4/17/2024 10:00,4/17/2024 10:04,Price Code 1,CUSTOMER PICKUP,False,Food Bank of Northeast Georgia,01,30520.0,Canon,USDA APPLESAUCE,Dry Fruits
954,172514,8900,O-115,Oak Bower Baptist Church,476145,,FP/USDA,FOOD PANTRY-Agency,BLUE RECEIPT-SHL,N-03-11791,3,0,0,0.0,81,HART,0.0,1/10/2024 14:00,1/11/2024 12:14,Price Code 1,CUSTOMER PICKUP,False,Food Bank of Northeast Georgia,01,30643.0,Hartwell,GATORADE G2 GRAPE 15 COUNT,Dry Beverages
696,180697,8690,C-174,Cornerstone Baptist Church,483303,,FP/OP/GNAP/USDA,FOOD PANTRY-Agency,USDA,N-50-10302,26,0,0,0.0,364,HART,0.0,5/16/2024 16:09,5/16/2024 11:36,Price Code 1,CUSTOMER PICKUP,False,Rabun Warehouse,02,30643.0,Hartwell,USDA GREEN BEANS CCC,Dry Vegetables
482,177845,8975,H-134,Hart County Cupboard,FAIMPORT480464,,FP/GNAP/USDA,FOOD PANTRY-Agency,BLUE RECEIPT-SHL,MCC-07-10001,89,0,0,0.0,89,HART,0.0,3/25/2024 0:00,3/25/2024 0:00,Price Code 1,CUSTOMER PICKUP,False,Food Bank of Northeast Georgia,01,30643.0,Hartwell,"DAIRY PRODUCTS, SHL RETAIL PICKUPS",Dry Dairy
482,175107,8672,H-134,Hart County Cupboard,477737,,FP/GNAP/USDA,FOOD PANTRY-Agency,USDA,N-50-10301,25,0,0,0.0,600,HART,0.0,2/6/2024 8:30,2/20/2024 13:41,Price Code 1,TRACTOR TRAILER 2 MOBILE PANTRY,False,Food Bank of Northeast Georgia,01,30643.0,Hartwell,USDA YELLOW SPLIT PEAS,Dry Proteins
954,172514,7094,O-115,Oak Bower Baptist Church,476145,,FP/USDA,FOOD PANTRY-Agency,PURCH,N-21-10056,2,0,0,4.32,24,HART,0.18,1/10/2024 14:00,1/11/2024 12:14,Price Code 1,CUSTOMER PICKUP,False,Food Bank of Northeast Georgia,01,30643.0,Hartwell,MACARONI & CHEESE,Dry Prepared Meals
672,178307,6816,C-167,"Christian Worship Assembly, INC",480923,,FP/USDA,FOOD PANTRY-Agency,BLUE RECEIPT-SHL,C-28-90345,24,0,0,0.0,1200,HART,0.0,4/6/2024 7:30,4/17/2024 7:08,Price Code 1,TRUCK 1 MOBILE PANTRY,False,Food Bank of Northeast Georgia,01,30643.0,Hartwell,CARROTS,Cooled Vegetables
482,172694,8874,H-134,Hart County Cupboard,476325,,FP/GNAP/USDA,FOOD PANTRY-Agency,YELLOW RECEIPT - SHN,F-10-10002,80,0,0,0.0,240,HART,0.0,1/9/2024 8:30,2/6/2024 9:01,Price Code 1,TRUCK 1 MOBILE PANTRY,False,Food Bank of Northeast Georgia,01,30643.0,Hartwell,OUTSHINE TROPICAL SMOOTHIE CUBES,Frozen Beverages
696,173128,4327,C-174,Cornerstone Baptist Church,476758,,FP/OP/GNAP/USDA,FOOD PANTRY-Agency,USDA,N-50-10277,13,0,0,0.0,351,HART,0.0,1/18/2024 16:09,1/19/2024 9:03,Price Code 1,CUSTOMER PICKUP,False,Rabun Warehouse,02,30643.0,Hartwell,USDA GARBANZO BEANS,Dry Proteins
954,172514,2862,O-115,Oak Bower Baptist Church,476145,,FP/USDA,FOOD PANTRY-Agency,USDA,N-50-10115,2,0,0,9.72,54,HART,0.18,1/10/2024 14:00,1/11/2024 12:14,Price Code 1,CUSTOMER PICKUP,False,Food Bank of Northeast Georgia,01,30643.0,Hartwell,USDA DARK RED KIDNEY BEANS CCC,Dry Proteins
966,178059,1674,B-137,Bethany Baptist Church,480678,,FP/GNAP/USDA,FOOD PANTRY-Agency,USDA,N-50-10073,2,0,0,9.72,54,HART,0.18,4/17/2024 10:00,4/17/2024 10:04,Price Code 1,CUSTOMER PICKUP,False,Food Bank of Northeast Georgia,01,30520.0,Canon,USDA TOMATO SAUCE,Dry Vegetables
696,179122,4788,C-174,Cornerstone Baptist Church,481735,,FP/OP/GNAP/USDA,FOOD PANTRY-Agency,USDA,F-50-90039,40,0,0,0.0,1600,HART,0.0,4/17/2024 16:09,4/18/2024 8:51,Price Code 1,CUSTOMER PICKUP,False,Rabun Warehouse,02,30643.0,Hartwell,USDA CATFISH FILLETS CCC,Frozen Proteins
954,172514,8897,O-115,Oak Bower Baptist Church,476145,,FP/USDA,FOOD PANTRY-Agency,BLUE RECEIPT-SHL,N-03-11788,2,0,0,0.0,66,HART,0.0,1/10/2024 14:00,1/11/2024 12:14,Price Code 1,CUSTOMER PICKUP,False,Food Bank of Northeast Georgia,01,30643.0,Hartwell,MT DEW FROST BITE,Dry Beverages
696,182299,9013,C-174,Cornerstone Baptist Church,484903,,FP/OP/GNAP/USDA,FOOD PANTRY-Agency,USDA,N-50-10313,13,0,0,0.0,312,HART,0.0,6/20/2024 16:09,6/20/2024 16:44,Price Code 1,CUSTOMER PICKUP,False,Rabun Warehouse,02,30643.0,Hartwell,USDA LIGHT RED KIDNEY BEANS 24/1LB,Dry Proteins
482,178410,8986,H-134,Hart County Cupboard,FAIMPORT481026,,FP/GNAP/USDA,FOOD PANTRY-Agency,BLUE RECEIPT-SHL,MCW-01-10001,15,0,0,0.0,15,HART,0.0,3/28/2024 0:00,3/28/2024 0:00,Price Code 1,CUSTOMER PICKUP,False,Food Bank of Northeast Georgia,01,30643.0,Hartwell,"NON-FOOD ITEMS, SHL RETAIL PICKUPS",Dry Non-Food Misc.
954,173677,4327,O-115,Oak Bower Baptist Church,477306,,FP/USDA,FOOD PANTRY-Agency,USDA,N-50-10277,2,0,0,9.72,54,HART,0.18,1/31/2024 11:12,2/7/2024 11:20,Price Code 1,CUSTOMER PICKUP,False,Food Bank of Northeast Georgia,01,30643.0,Hartwell,USDA GARBANZO BEANS,Dry Proteins
672,178307,8940,C-167,"Christian Worship Assembly, INC",480923,,FP/USDA,FOOD PANTRY-Agency,BLUE RECEIPT-SHL,C-28-90531,10,0,0,0.0,520,HART,0.0,4/6/2024 7:30,4/17/2024 7:08,Price Code 1,TRUCK 1 MOBILE PANTRY,False,Food Bank of Northeast Georgia,01,30643.0,Hartwell,"CABBAGE, SHL 50#",Cooled Vegetables
966,173181,696,B-137,Bethany Baptist Church,476811,,FP/GNAP/USDA,FOOD PANTRY-Agency,LOCAL - LL,W-25-10000,28,0,0,5.04,28,HART,0.18,1/17/2024 10:15,1/17/2024 10:17,Price Code 1,CUSTOMER PICKUP,False,Sharing Floor Athens,01-SH,30520.0,Canon,"ASSORTED SNACK ITEMS, LL",Dry Food Misc.
482,175107,1481,H-134,Hart County Cupboard,477737,,FP/GNAP/USDA,FOOD PANTRY-Agency,USDA,N-50-10105,38,0,0,0.0,646,HART,0.0,2/6/2024 8:30,2/20/2024 13:41,Price Code 1,TRACTOR TRAILER 2 MOBILE PANTRY,False,Food Bank of Northeast Georgia,01,30643.0,Hartwell,USDA DRIED CHERRIES CCC,Dry Fruits
696,177620,842,C-174,Cornerstone Baptist Church,480240,,FP/OP/GNAP/USDA,FOOD PANTRY-Agency,USDA,N-50-10021,13,0,0,0.0,351,HART,0.0,3/21/2024 16:09,3/21/2024 9:40,Price Code 1,CUSTOMER PICKUP,False,Rabun Warehouse,02,30643.0,Hartwell,USDA DICED TOMATOES NO SALT CCC,Dry Vegetables
696,179122,8497,C-174,Cornerstone Baptist Church,481735,,FP/OP/GNAP/USDA,FOOD PANTRY-Agency,USDA,C-50-10048,60,0,0,0.0,1920,HART,0.0,4/17/2024 16:09,4/18/2024 8:51,Price Code 1,CUSTOMER PICKUP,False,Rabun Warehouse,02,30643.0,Hartwell,USDA MANDARIN ORANGES,Cooled Fruits
696,175601,170,C-174,Cornerstone Baptist Church,478229,,FP/OP/GNAP/USDA,FOOD PANTRY-Agency,USDA,N-50-10007,13,0,0,0.0,364,HART,0.0,2/14/2024 16:09,2/20/2024 9:57,Price Code 1,TRUCK 2 MOBILE PANTRY,False,Rabun Warehouse,02,30643.0,Hartwell,"USDA CORN, WHOLE KERNEL NO SALT",Dry Vegetables
482,179775,8976,H-134,Hart County Cupboard,FAIMPORT482388,,FP/GNAP/USDA,FOOD PANTRY-Agency,BLUE RECEIPT-SHL,MCC-28-10001,1,0,0,0.0,1,HART,0.0,4/23/2024 0:00,4/23/2024 0:00,Price Code 1,CUSTOMER PICKUP,False,Food Bank of Northeast Georgia,01,30643.0,Hartwell,"PRODUCE, SHL RETAIL PICKUPS",Dry Mixed Produce
881,179829,9027,H-148,"Hart County Clothes Closet Food Pantry, Inc",482440,,FP/USDA,FOOD PANTRY-Agency,YELLOW RECEIPT - SHN,N-25-11970,5,0,0,9.0,50,HART,0.18,5/17/2024 8:30,5/17/2024 7:16,Price Code 1,CUSTOMER PICKUP,False,Rabun Warehouse,02,30643.0,Hartwell,"SNACK PACK BLUE RASP, SOUR PATCH KIDS",Dry Food Misc.
482,179484,8975,H-134,Hart County Cupboard,FAIMPORT482097,,FP/GNAP/USDA,FOOD PANTRY-Agency,BLUE RECEIPT-SHL,MCC-07-10001,2,0,0,0.0,2,HART,0.0,4/15/2024 0:00,4/15/2024 0:00,Price Code 1,CUSTOMER PICKUP,False,Food Bank of Northeast Georgia,01,30643.0,Hartwell,"DAIRY PRODUCTS, SHL RETAIL PICKUPS",Dry Dairy
482,178412,8975,H-134,Hart County Cupboard,FAIMPORT481028,,FP/GNAP/USDA,FOOD PANTRY-Agency,BLUE RECEIPT-SHL,MCC-07-10001,35,0,0,0.0,35,HART,0.0,3/29/2024 0:00,3/29/2024 0:00,Price Code 1,CUSTOMER PICKUP,False,Food Bank of Northeast Georgia,01,30643.0,Hartwell,"DAIRY PRODUCTS, SHL RETAIL PICKUPS",Dry Dairy
482,175107,7082,H-134,Hart County Cupboard,477737,,FP/GNAP/USDA,FOOD PANTRY-Agency,USDA,C-50-10033,104,0,0,0.0,1248,HART,0.0,2/6/2024 8:30,2/20/2024 13:41,Price Code 1,TRACTOR TRAILER 2 MOBILE PANTRY,False,Food Bank of Northeast Georgia,01,30643.0,Hartwell,USDA SHREDDED YELLOW CHEDDAR CHEESE CCC,Cooled Dairy
954,172514,8899,O-115,Oak Bower Baptist Church,476145,,FP/USDA,FOOD PANTRY-Agency,BLUE RECEIPT-SHL,N-03-11790,4,0,0,0.0,52,HART,0.0,1/10/2024 14:00,1/11/2024 12:14,Price Code 1,CUSTOMER PICKUP,False,Food Bank of Northeast Georgia,01,30643.0,Hartwell,STARBUCKS DOUBLE SHOT ENERGY,Dry Beverages
672,172492,1047,C-167,"Christian Worship Assembly, INC",476123,,FP/USDA,FOOD PANTRY-Agency,USDA,N-50-10041,13,0,0,0.0,637,HART,0.0,1/6/2024 7:30,1/16/2024 8:23,Price Code 1,TRUCK 1 MOBILE PANTRY,False,Food Bank of Northeast Georgia,01,30643.0,Hartwell,USDA RICE,Dry Grains
482,178171,8986,H-134,Hart County Cupboard,FAIMPORT480790,,FP/GNAP/USDA,FOOD PANTRY-Agency,BLUE RECEIPT-SHL,MCW-01-10001,12,0,0,0.0,12,HART,0.0,3/27/2024 0:00,3/27/2024 0:00,Price Code 1,CUSTOMER PICKUP,False,Food Bank of Northeast Georgia,01,30643.0,Hartwell,"NON-FOOD ITEMS, SHL RETAIL PICKUPS",Dry Non-Food Misc.
696,179122,1047,C-174,Cornerstone Baptist Church,481735,,FP/OP/GNAP/USDA,FOOD PANTRY-Agency,USDA,N-50-10041,13,0,0,0.0,637,HART,0.0,4/17/2024 16:09,4/18/2024 8:51,Price Code 1,CUSTOMER PICKUP,False,Rabun Warehouse,02,30643.0,Hartwell,USDA RICE,Dry Grains
954,172514,8790,O-115,Oak Bower Baptist Church,476145,,FP/USDA,FOOD PANTRY-Agency,BLUE RECEIPT-SHL,N-03-11758,4,0,0,0.0,52,HART,0.0,1/10/2024 14:00,1/11/2024 12:14,Price Code 1,CUSTOMER PICKUP,False,Food Bank of Northeast Georgia,01,30643.0,Hartwell,PROPEL LEMON,Dry Beverages
672,172492,4327,C-167,"Christian Worship Assembly, INC",476123,,FP/USDA,FOOD PANTRY-Agency,USDA,N-50-10277,13,0,0,0.0,351,HART,0.0,1/6/2024 7:30,1/16/2024 8:23,Price Code 1,TRUCK 1 MOBILE PANTRY,False,Food Bank of Northeast Georgia,01,30643.0,Hartwell,USDA GARBANZO BEANS,Dry Proteins
482,176284,875,H-134,Hart County Cupboard,478909,,FP/GNAP/USDA,FOOD PANTRY-Agency,BLUE RECEIPT-SHL,W-04-10000,393,0,0,0.0,393,HART,0.0,3/5/2024 8:30,3/5/2024 11:45,Price Code 1,TRUCK 1 MOBILE PANTRY,False,Food Bank of Northeast Georgia,01,30643.0,Hartwell,"BREAD & BAKERY, ASSORTED SHL",Dry Grains
482,178411,8973,H-134,Hart County Cupboard,FAIMPORT481027,,FP/GNAP/USDA,FOOD PANTRY-Agency,BLUE RECEIPT-SHL,MCC-16-10001,6,0,0,0.0,6,HART,0.0,4/1/2024 0:00,4/1/2024 0:00,Price Code 1,CUSTOMER PICKUP,False,Food Bank of Northeast Georgia,01,30643.0,Hartwell,"COOLER FOOD MISC., SHL RETAIL PICKUP",Dry Food Misc.
482,175107,8915,H-134,Hart County Cupboard,477737,,FP/GNAP/USDA,FOOD PANTRY-Agency,USDA,F-50-90474,36,0,0,0.0,1440,HART,0.0,2/6/2024 8:30,2/20/2024 13:41,Price Code 1,TRACTOR TRAILER 2 MOBILE PANTRY,False,Food Bank of Northeast Georgia,01,30643.0,Hartwell,USDA PACIFIC SALAD SHRIMP,Frozen Proteins
482,180452,8974,H-134,Hart County Cupboard,FAIMPORT483058,,FP/GNAP/USDA,FOOD PANTRY-Agency,BLUE RECEIPT-SHL,MCW-04-10000,25,0,0,0.0,25,HART,0.0,5/3/2024 0:00,5/3/2024 0:00,Price Code 1,CUSTOMER PICKUP,False,Food Bank of Northeast Georgia,01,30643.0,Hartwell,"BREAD AND BAKERY, SHL RETAIL PICKUPS",Dry Grains
482,179774,8974,H-134,Hart County Cupboard,FAIMPORT482387,,FP/GNAP/USDA,FOOD PANTRY-Agency,BLUE RECEIPT-SHL,MCW-04-10000,2,0,0,0.0,2,HART,0.0,4/25/2024 0:00,4/25/2024 0:00,Price Code 1,CUSTOMER PICKUP,False,Food Bank of Northeast Georgia,01,30643.0,Hartwell,"BREAD AND BAKERY, SHL RETAIL PICKUPS",Dry Grains
966,176486,8973,B-137,Bethany Baptist Church,FAIMPORT479110,,FP/GNAP/USDA,FOOD PANTRY-Agency,BLUE RECEIPT-SHL,MCC-16-10001,10,0,0,0.0,10,HART,0.0,2/29/2024 0:00,2/29/2024 0:00,Price Code 1,CUSTOMER PICKUP,False,Food Bank of Northeast Georgia,01,30520.0,Canon,"COOLER FOOD MISC., SHL RETAIL PICKUP",Dry Food Misc.
954,172514,8765,O-115,Oak Bower Baptist Church,476145,,FP/USDA,FOOD PANTRY-Agency,USDA,N-50-10307,2,0,0,9.72,54,HART,0.18,1/10/2024 14:00,1/11/2024 12:14,Price Code 1,CUSTOMER PICKUP,False,Food Bank of Northeast Georgia,01,30643.0,Hartwell,"USDA LIGHT RED KIDNEY BEANS, LOW SODIUM",Dry Proteins
966,172428,3318,B-137,Bethany Baptist Church,476059,,FP/GNAP/USDA,FOOD PANTRY-Agency,USDA,N-50-10230,2,0,0,11.16,62,HART,0.18,1/17/2024 10:00,1/17/2024 10:01,Price Code 1,CUSTOMER PICKUP,False,Food Bank of Northeast Georgia,01,30520.0,Canon,USDA APPLESAUCE CUPS,Dry Fruits
672,172492,8720,C-167,"Christian Worship Assembly, INC",476123,,FP/USDA,FOOD PANTRY-Agency,USDA,N-50-10305,25,0,0,0.0,350,HART,0.0,1/6/2024 7:30,1/16/2024 8:23,Price Code 1,TRUCK 1 MOBILE PANTRY,False,Food Bank of Northeast Georgia,01,30643.0,Hartwell,USDA MIXED VegetablesCCC,Dry Vegetables
954,173677,8852,O-115,Oak Bower Baptist Church,477306,,FP/USDA,FOOD PANTRY-Agency,PURCH,N-23-10010,3,0,0,7.02,39,HART,0.18,1/31/2024 11:12,2/7/2024 11:20,Price Code 1,CUSTOMER PICKUP,False,Food Bank of Northeast Georgia,01,30643.0,Hartwell,NUT'N BETTER CREAMY PEANUT BUTTER - RED SUGAR & SODIUM,Dry Proteins
482,180625,8973,H-134,Hart County Cupboard,FAIMPORT483231,,FP/GNAP/USDA,FOOD PANTRY-Agency,BLUE RECEIPT-SHL,MCC-16-10001,10,0,0,0.0,10,HART,0.0,5/9/2024 0:00,5/9/2024 0:00,Price Code 1,CUSTOMER PICKUP,False,Food Bank of Northeast Georgia,01,30643.0,Hartwell,"COOLER FOOD MISC., SHL RETAIL PICKUP",Dry Food Misc.
966,179978,1791,B-137,Bethany Baptist Church,482587,,FP/GNAP/USDA,FOOD PANTRY-Agency,USDA,N-50-10079,2,0,0,9.36,52,HART,0.18,5/15/2024 10:00,5/15/2024 10:50,Price Code 1,CUSTOMER PICKUP,False,Food Bank of Northeast Georgia,01,30520.0,Canon,USDA WALNUT HALVES AND PIECES,Dry Proteins
696,180697,170,C-174,Cornerstone Baptist Church,483303,,FP/OP/GNAP/USDA,FOOD PANTRY-Agency,USDA,N-50-10007,13,0,0,0.0,364,HART,0.0,5/16/2024 16:09,5/16/2024 11:36,Price Code 1,CUSTOMER PICKUP,False,Rabun Warehouse,02,30643.0,Hartwell,"USDA CORN, WHOLE KERNEL NO SALT",Dry Vegetables
482,176284,4715,H-134,Hart County Cupboard,478909,,FP/GNAP/USDA,FOOD PANTRY-Agency,USDA,F-50-90461,19,0,0,0.0,760,HART,0.0,3/5/2024 8:30,3/5/2024 11:45,Price Code 1,TRUCK 1 MOBILE PANTRY,False,Food Bank of Northeast Georgia,01,30643.0,Hartwell,USDA ALASKAN POLLACK FISH FILLETS,Frozen Proteins
954,180104,170,O-115,Oak Bower Baptist Church,482712,,FP/USDA,FOOD PANTRY-Agency,USDA,N-50-10007,5,0,0,25.2,140,HART,0.18,5/7/2024 8:00,5/8/2024 14:25,Price Code 1,CUSTOMER PICKUP,False,Food Bank of Northeast Georgia,01,30643.0,Hartwell,"USDA CORN, WHOLE KERNEL NO SALT",Dry Vegetables
954,172514,8877,O-115,Oak Bower Baptist Church,476145,,FP/USDA,FOOD PANTRY-Agency,YELLOW RECEIPT - SHN,N-03-11782,2,0,0,0.0,36,HART,0.0,1/10/2024 14:00,1/11/2024 12:14,Price Code 1,CUSTOMER PICKUP,False,Food Bank of Northeast Georgia,01,30643.0,Hartwell,CELSIUS LIVE FIT VAR PACK,Dry Beverages
482,176284,3139,H-134,Hart County Cupboard,478909,,FP/GNAP/USDA,FOOD PANTRY-Agency,USDA,N-50-10290,25,0,0,0.0,625,HART,0.0,3/5/2024 8:30,3/5/2024 11:45,Price Code 1,TRUCK 1 MOBILE PANTRY,False,Food Bank of Northeast Georgia,01,30643.0,Hartwell,USDA WHOLE ALMONDS DRY ROASTED,Dry Proteins
482,178413,8973,H-134,Hart County Cupboard,FAIMPORT481029,,FP/GNAP/USDA,FOOD PANTRY-Agency,BLUE RECEIPT-SHL,MCC-16-10001,2,0,0,0.0,2,HART,0.0,4/5/2024 0:00,4/5/2024 0:00,Price Code 1,CUSTOMER PICKUP,False,Food Bank of Northeast Georgia,01,30643.0,Hartwell,"COOLER FOOD MISC., SHL RETAIL PICKUP",Dry Food Misc.
482,179777,8976,H-134,Hart County Cupboard,FAIMPORT482390,,FP/GNAP/USDA,FOOD PANTRY-Agency,BLUE RECEIPT-SHL,MCC-28-10001,40,0,0,0.0,40,HART,0.0,4/23/2024 0:00,4/23/2024 0:00,Price Code 1,CUSTOMER PICKUP,False,Food Bank of Northeast Georgia,01,30643.0,Hartwell,"PRODUCE, SHL RETAIL PICKUPS",Dry Mixed Produce
954,173677,1047,O-115,Oak Bower Baptist Church,477306,,FP/USDA,FOOD PANTRY-Agency,USDA,N-50-10041,2,0,0,17.64,98,HART,0.18,1/31/2024 11:12,2/7/2024 11:20,Price Code 1,CUSTOMER PICKUP,False,Food Bank of Northeast Georgia,01,30643.0,Hartwell,USDA RICE,Dry Grains
482,180965,8973,H-134,Hart County Cupboard,FAIMPORT483571,,FP/GNAP/USDA,FOOD PANTRY-Agency,BLUE RECEIPT-SHL,MCC-16-10001,15,0,0,0.0,15,HART,0.0,5/14/2024 0:00,5/14/2024 0:00,Price Code 1,CUSTOMER PICKUP,False,Food Bank of Northeast Georgia,01,30643.0,Hartwell,"COOLER FOOD MISC., SHL RETAIL PICKUP",Dry Food Misc.
881,177053,7059,H-148,"Hart County Clothes Closet Food Pantry, Inc",479675,,FP/USDA,FOOD PANTRY-Agency,USDA,C-50-10019,2,0,0,3.6,72,HART,0.05,3/15/2024 8:30,3/15/2024 7:21,Price Code 1,CUSTOMER PICKUP,False,Rabun Warehouse,02,30643.0,Hartwell,USDA 2% MILK CCC,Cooled Dairy
696,172206,84,C-174,Cornerstone Baptist Church,475837,,FP/OP/GNAP/USDA,FOOD PANTRY-Agency,USDA,N-50-10006,2,0,0,9.72,54,HART,0.18,1/9/2024 16:09,1/30/2024 14:05,Price Code 1,CUSTOMER PICKUP,False,Food Bank of Northeast Georgia,01,30643.0,Hartwell,USDA GREEN BEANS,Dry Vegetables
482,177791,8973,H-134,Hart County Cupboard,FAIMPORT480410,,FP/GNAP/USDA,FOOD PANTRY-Agency,BLUE RECEIPT-SHL,MCC-16-10001,7,0,0,0.0,7,HART,0.0,3/21/2024 0:00,3/21/2024 0:00,Price Code 1,CUSTOMER PICKUP,False,Food Bank of Northeast Georgia,01,30643.0,Hartwell,"COOLER FOOD MISC., SHL RETAIL PICKUP",Dry Food Misc.
966,172428,1674,B-137,Bethany Baptist Church,476059,,FP/GNAP/USDA,FOOD PANTRY-Agency,USDA,N-50-10073,1,0,0,4.86,27,HART,0.18,1/17/2024 10:00,1/17/2024 10:01,Price Code 1,CUSTOMER PICKUP,False,Food Bank of Northeast Georgia,01,30520.0,Canon,USDA TOMATO SAUCE,Dry Vegetables
696,180697,6676,C-174,Cornerstone Baptist Church,483303,,FP/OP/GNAP/USDA,FOOD PANTRY-Agency,USDA,C-50-10009,49,0,0,0.0,2205,HART,0.0,5/16/2024 16:09,5/16/2024 11:36,Price Code 1,CUSTOMER PICKUP,False,Rabun Warehouse,02,30643.0,Hartwell,"USDA APPLES, FRESH",Cooled Fruits
482,176284,8950,H-134,Hart County Cupboard,478909,,FP/GNAP/USDA,FOOD PANTRY-Agency,LOCAL - LL,C-28-90537,1200,0,0,0.0,1200,HART,0.0,3/5/2024 8:30,3/5/2024 11:45,Price Code 1,TRUCK 1 MOBILE PANTRY,False,Food Bank of Northeast Georgia,01,30643.0,Hartwell,"CABBAGE, BULK TOTE",Cooled Vegetables
482,179989,8973,H-134,Hart County Cupboard,FAIMPORT482598,,FP/GNAP/USDA,FOOD PANTRY-Agency,BLUE RECEIPT-SHL,MCC-16-10001,10,0,0,0.0,10,HART,0.0,4/29/2024 0:00,4/29/2024 0:00,Price Code 1,CUSTOMER PICKUP,False,Food Bank of Northeast Georgia,01,30643.0,Hartwell,"COOLER FOOD MISC., SHL RETAIL PICKUP",Dry Food Misc.
482,176284,4327,H-134,Hart County Cupboard,478909,,FP/GNAP/USDA,FOOD PANTRY-Agency,USDA,N-50-10277,13,0,0,0.0,351,HART,0.0,3/5/2024 8:30,3/5/2024 11:45,Price Code 1,TRUCK 1 MOBILE PANTRY,False,Food Bank of Northeast Georgia,01,30643.0,Hartwell,USDA GARBANZO BEANS,Dry Proteins
482,180241,9013,H-134,Hart County Cupboard,482847,,FP/GNAP/USDA,FOOD PANTRY-Agency,USDA,N-50-10313,13,0,0,0.0,312,HART,0.0,5/7/2024 8:30,5/7/2024 7:44,Price Code 1,TRUCK 1 MOBILE PANTRY,False,Food Bank of Northeast Georgia,01,30643.0,Hartwell,USDA LIGHT RED KIDNEY BEANS 24/1LB,Dry Proteins
696,175601,7082,C-174,Cornerstone Baptist Church,478229,,FP/OP/GNAP/USDA,FOOD PANTRY-Agency,USDA,C-50-10033,52,0,0,0.0,624,HART,0.0,2/14/2024 16:09,2/20/2024 9:57,Price Code 1,TRUCK 2 MOBILE PANTRY,False,Rabun Warehouse,02,30643.0,Hartwell,USDA SHREDDED YELLOW CHEDDAR CHEESE CCC,Cooled Dairy
954,181966,84,O-115,Oak Bower Baptist Church,484570,,FP/USDA,FOOD PANTRY-Agency,USDA,N-50-10006,5,0,0,24.3,135,HART,0.18,6/6/2024 10:37,3/12/2025 8:30,Price Code 1,CUSTOMER PICKUP,False,Food Bank of Northeast Georgia,01,30643.0,Hartwell,USDA GREEN BEANS,Dry Vegetables
954,177936,3943,O-115,Oak Bower Baptist Church,480555,,FP/USDA,FOOD PANTRY-Agency,USDA,N-50-10268,15,0,0,17.1,570,HART,0.03,4/8/2024 22:41,4/12/2024 10:30,Price Code 1,CUSTOMER PICKUP,False,Food Bank of Northeast Georgia,01,30643.0,Hartwell,USDA APPLE JUICE,Dry Beverages
482,179988,8975,H-134,Hart County Cupboard,FAIMPORT482597,,FP/GNAP/USDA,FOOD PANTRY-Agency,BLUE RECEIPT-SHL,MCC-07-10001,12,0,0,0.0,12,HART,0.0,4/29/2024 0:00,4/29/2024 0:00,Price Code 1,CUSTOMER PICKUP,False,Food Bank of Northeast Georgia,01,30643.0,Hartwell,"DAIRY PRODUCTS, SHL RETAIL PICKUPS",Dry Dairy
966,181962,683,B-137,Bethany Baptist Church,484566,,FP/GNAP/USDA,FOOD PANTRY-Agency,BLUE RECEIPT-SHL,W-16-10001,54,0,0,9.72,54,HART,0.18,6/6/2024 10:03,6/6/2024 10:06,Price Code 1,CUSTOMER PICKUP,False,Sharing Floor Athens,01-SH,30520.0,Canon,MISC. FOOD BOX SHL,Dry Food Misc.
696,177620,6831,C-174,Cornerstone Baptist Church,480240,,FP/OP/GNAP/USDA,FOOD PANTRY-Agency,USDA,C-50-10025,49,0,0,0.0,2058,HART,0.0,3/21/2024 16:09,3/21/2024 9:40,Price Code 1,CUSTOMER PICKUP,False,Rabun Warehouse,02,30643.0,Hartwell,USDA APPLES,Cooled Fruits
954,173677,8909,O-115,Oak Bower Baptist Church,477306,,FP/USDA,FOOD PANTRY-Agency,BLUE RECEIPT-SHL,N-03-11795,7,0,0,21.42,119,HART,0.18,1/31/2024 11:12,2/7/2024 11:20,Price Code 1,CUSTOMER PICKUP,False,Food Bank of Northeast Georgia,01,30643.0,Hartwell,STARBUCKS VANILLA FRAPPUCCINO,Dry Beverages
696,182299,4715,C-174,Cornerstone Baptist Church,484903,,FP/OP/GNAP/USDA,FOOD PANTRY-Agency,USDA,F-50-90461,18,0,0,0.0,720,HART,0.0,6/20/2024 16:09,6/20/2024 16:44,Price Code 1,CUSTOMER PICKUP,False,Rabun Warehouse,02,30643.0,Hartwell,USDA ALASKAN POLLACK FISH FILLETS,Frozen Proteins
672,181134,8995,C-167,"Christian Worship Assembly, INC",483739,,FP/USDA,FOOD PANTRY-Agency,BLUE RECEIPT-SHL,N-21-10067,2,0,0,1.8,10,HART,0.18,6/7/2024 8:00,6/7/2024 6:59,Price Code 1,CUSTOMER PICKUP,False,Rabun Warehouse,02,30643.0,Hartwell,"RAMEN, MARUCHAN SHRIMP",Dry Prepared Meals
954,181966,2202,O-115,Oak Bower Baptist Church,484570,,FP/USDA,FOOD PANTRY-Agency,USDA,N-50-10240,6,0,0,23.76,132,HART,0.18,6/6/2024 10:37,3/12/2025 8:30,Price Code 1,CUSTOMER PICKUP,False,Food Bank of Northeast Georgia,01,30643.0,Hartwell,USDA SPAGHETTI,Dry Grains
966,179978,9014,B-137,Bethany Baptist Church,482587,,FP/GNAP/USDA,FOOD PANTRY-Agency,PURCH,N-27-10136,6,0,313,29.16,162,HART,0.18,5/15/2024 10:00,5/15/2024 10:50,Price Code 1,CUSTOMER PICKUP,False,Food Bank of Northeast Georgia,01,30520.0,Canon,"GREEN BEANS, HARVEST VALLEY",Dry Vegetables
954,176551,8672,O-115,Oak Bower Baptist Church,479175,,FP/USDA,FOOD PANTRY-Agency,USDA,N-50-10301,9,0,0,0.0,216,HART,0.0,3/6/2024 23:32,3/7/2024 9:41,Price Code 1,CUSTOMER PICKUP,False,Food Bank of Northeast Georgia,01,30643.0,Hartwell,USDA YELLOW SPLIT PEAS,Dry Proteins
954,177936,1521,O-115,Oak Bower Baptist Church,480555,,FP/USDA,FOOD PANTRY-Agency,USDA,N-50-10104,10,0,0,0.0,250,HART,0.0,4/8/2024 22:41,4/12/2024 10:30,Price Code 1,CUSTOMER PICKUP,False,Food Bank of Northeast Georgia,01,30643.0,Hartwell,USDA LENTIL BEANS,Dry Proteins
966,175610,683,B-137,Bethany Baptist Church,478238,,FP/GNAP/USDA,FOOD PANTRY-Agency,BLUE RECEIPT-SHL,W-16-10001,38,0,0,6.84,38,HART,0.18,2/14/2024 9:22,2/14/2024 9:24,Price Code 1,CUSTOMER PICKUP,False,Sharing Floor Athens,01-SH,30520.0,Canon,MISC. FOOD BOX SHL,Dry Food Misc.
482,179483,8970,H-134,Hart County Cupboard,FAIMPORT482096,,FP/GNAP/USDA,FOOD PANTRY-Agency,BLUE RECEIPT-SHL,MCW-16-10001,3,0,0,0.0,3,HART,0.0,4/18/2024 0:00,4/18/2024 0:00,Price Code 1,CUSTOMER PICKUP,False,Food Bank of Northeast Georgia,01,30643.0,Hartwell,"MISC. FOOD BOX, SHL RETAIL PICKUP",Dry Food Misc.
881,179829,9029,H-148,"Hart County Clothes Closet Food Pantry, Inc",482440,,FP/USDA,FOOD PANTRY-Agency,YELLOW RECEIPT - SHN,N-25-11971,4,0,0,5.76,32,HART,0.18,5/17/2024 8:30,5/17/2024 7:16,Price Code 1,CUSTOMER PICKUP,False,Rabun Warehouse,02,30643.0,Hartwell,BIGS JUMBO SUNFLOWER KERNELS,Dry Proteins
966,176601,8952,B-137,Bethany Baptist Church,479225,,FP/GNAP/USDA,FOOD PANTRY-Agency,BLUE RECEIPT-SHL,N-03-11813,2,0,0,0.0,48,HART,0.0,3/13/2024 10:00,3/13/2024 11:08,Price Code 1,CUSTOMER PICKUP,False,Food Bank of Northeast Georgia,01,30520.0,Canon,PROPEL BERRY,Dry Beverages
696,175601,1481,C-174,Cornerstone Baptist Church,478229,,FP/OP/GNAP/USDA,FOOD PANTRY-Agency,USDA,N-50-10105,13,0,0,0.0,221,HART,0.0,2/14/2024 16:09,2/20/2024 9:57,Price Code 1,TRUCK 2 MOBILE PANTRY,False,Rabun Warehouse,02,30643.0,Hartwell,USDA DRIED CHERRIES CCC,Dry Fruits
954,176551,4376,O-115,Oak Bower Baptist Church,479175,,FP/USDA,FOOD PANTRY-Agency,USDA,N-50-10291,5,0,0,22.5,125,HART,0.18,3/6/2024 23:32,3/7/2024 9:41,Price Code 1,CUSTOMER PICKUP,False,Food Bank of Northeast Georgia,01,30643.0,Hartwell,USDA GARBANZO BEANS,Dry Proteins
672,181134,2202,C-167,"Christian Worship Assembly, INC",483739,,FP/USDA,FOOD PANTRY-Agency,USDA,N-50-10240,2,0,0,7.92,44,HART,0.18,6/7/2024 8:00,6/7/2024 6:59,Price Code 1,CUSTOMER PICKUP,False,Rabun Warehouse,02,30643.0,Hartwell,USDA SPAGHETTI,Dry Grains
966,179978,800,B-137,Bethany Baptist Church,482587,,FP/GNAP/USDA,FOOD PANTRY-Agency,USDA,N-50-10065,2,0,0,9.72,54,HART,0.18,5/15/2024 10:00,5/15/2024 10:50,Price Code 1,CUSTOMER PICKUP,False,Food Bank of Northeast Georgia,01,30520.0,Canon,USDA APPLESAUCE,Dry Fruits
482,179184,8973,H-134,Hart County Cupboard,FAIMPORT481797,,FP/GNAP/USDA,FOOD PANTRY-Agency,BLUE RECEIPT-SHL,MCC-16-10001,6,0,0,0.0,6,HART,0.0,4/12/2024 0:00,4/12/2024 0:00,Price Code 1,CUSTOMER PICKUP,False,Food Bank of Northeast Georgia,01,30643.0,Hartwell,"COOLER FOOD MISC., SHL RETAIL PICKUP",Dry Food Misc.
482,179482,8975,H-134,Hart County Cupboard,FAIMPORT482095,,FP/GNAP/USDA,FOOD PANTRY-Agency,BLUE RECEIPT-SHL,MCC-07-10001,500,0,0,0.0,500,HART,0.0,4/22/2024 0:00,4/22/2024 0:00,Price Code 1,CUSTOMER PICKUP,False,Food Bank of Northeast Georgia,01,30643.0,Hartwell,"DAIRY PRODUCTS, SHL RETAIL PICKUPS",Dry Dairy
482,177846,8975,H-134,Hart County Cupboard,FAIMPORT480465,,FP/GNAP/USDA,FOOD PANTRY-Agency,BLUE RECEIPT-SHL,MCC-07-10001,1,0,0,0.0,1,HART,0.0,3/25/2024 0:00,3/25/2024 0:00,Price Code 1,CUSTOMER PICKUP,False,Food Bank of Northeast Georgia,01,30643.0,Hartwell,"DAIRY PRODUCTS, SHL RETAIL PICKUPS",Dry Dairy
