Agency Id,Order Id,Product Id,Agency Ref,Agency Name,Order Ref,Agency Activity,Agency Group,Agency Type,Product Category,Product Ref,Quantity,Total Purchased,Total Cost,Total Service Fee,Weight,County,Service Fee,Pickup Delivery Date,Confirmed Date,Service Fee Name,Shipping Method,Is Non Food,Warehouse Name,Warehouse Ref,Agency Postal Code,Agency City,Product Name,Category
836,180311,3203,G-122,Gordon's Chapel Methodist Church,482917,,FP/USDA,FOOD PANTRY-Agency,USDA,N-50-10289,4,0,0,18.0,100,MADISON,0.18,5/15/2024 14:15,5/15/2024 13:29,Price Code 1,CUSTOMER PICKUP,False,Food Bank of Northeast Georgia,01,30646.0,Hull,USDA PECAN PIECES,Proteins
371,172804,92,E-111,Evangelical Methodist Church - Danielsville,476435,,FOOD PANTRY,FOOD PANTRY-Agency,LOCAL - LL,W-01-10002,12,0,0,2.16,12,MADISON,0.18,1/9/2024 13:56,1/9/2024 11:47,Price Code 1,CUSTOMER PICKUP,False,Sharing Floor Athens,01-SH,30633.0,Danielsville,"ASSORTED NON-FOOD ITEMS, LL",Non-Food Misc.
915,178700,8975,T-122,Tabors Chapel CME Church,FAIMPORT481314,,DIRECT ASSISTANCE,DIRECT ASSISTANCE-Agency,BLUE RECEIPT-SHL,MCC-07-10001,22,0,0,0.0,22,MADISON,0.0,4/8/2024 0:00,4/8/2024 0:00,Price Code 1,CUSTOMER PICKUP,False,Food Bank of Northeast Georgia,01,30633.0,Danielsville,"DAIRY PRODUCTS, SHL RETAIL PICKUPS",Dairy
915,173936,3776,T-122,Tabors Chapel CME Church,477565,,DIRECT ASSISTANCE,DIRECT ASSISTANCE-Agency,BLUE RECEIPT-SHL,N-03-11125,5,0,0,0.0,165,MADISON,0.0,2/5/2024 14:19,2/5/2024 11:44,Price Code 1,CUSTOMER PICKUP,False,Food Bank of Northeast Georgia,01,30633.0,Danielsville,PEPSI WILD CHERRY,Beverages
799,176783,6780,C-149,Colbert Methodist Church,479406,,FP/GNAP/USDA,FOOD PANTRY-Agency,USDA,C-50-10024,4,0,0,17.2,172,MADISON,0.1,3/12/2024 7:56,3/12/2024 12:44,Price Code 1,CUSTOMER PICKUP,False,Food Bank of Northeast Georgia,01,30628.0,Colbert,USDA APPLES,Fruits
137,173168,875,J-100,Jubilee Partners,476798,,FP/OP/GNAP,RESIDENTIAL-Agency,BLUE RECEIPT-SHL,W-04-10000,25,0,0,0.0,25,MADISON,0.0,1/17/2024 13:23,1/17/2024 9:04,Price Code 1,CUSTOMER PICKUP,False,Sharing Floor Athens,01-SH,30629.0,Comer,"BREAD & BAKERY, ASSORTED SHL",Grains
371,180626,8970,E-111,Evangelical Methodist Church - Danielsville,FAIMPORT483232,,FOOD PANTRY,FOOD PANTRY-Agency,BLUE RECEIPT-SHL,MCW-16-10001,21,0,0,0.0,21,MADISON,0.0,5/9/2024 0:00,5/9/2024 0:00,Price Code 1,CUSTOMER PICKUP,False,Food Bank of Northeast Georgia,01,30633.0,Danielsville,"MISC. FOOD BOX, SHL RETAIL PICKUP",Food Misc.
371,180461,8975,E-111,Evangelical Methodist Church - Danielsville,FAIMPORT483067,,FOOD PANTRY,FOOD PANTRY-Agency,BLUE RECEIPT-SHL,MCC-07-10001,23,0,0,0.0,23,MADISON,0.0,4/18/2024 0:00,4/18/2024 0:00,Price Code 1,CUSTOMER PICKUP,False,Food Bank of Northeast Georgia,01,30633.0,Danielsville,"DAIRY PRODUCTS, SHL RETAIL PICKUPS",Dairy
981,181020,688,D-111,Divine Healing Ministry of Recovery Inc.,483625,,ON PREMISES (OP),REHAB-Agency,BLUE RECEIPT-SHL,W-01-10000,3,0,0,0.54,3,MADISON,0.18,5/17/2024 11:38,5/17/2024 11:43,Price Code 1,CONTACT FOR DELIVERY,False,Sharing Floor Athens,01-SH,30633.0,Commerce,"ASSORTED NON-FOOD ITEMS, SHL",Non-Food Misc.
571,175776,8625,F-122,Freedom Church of God,478404,,FP/OP/USDA,FOOD PANTRY-Agency,BLUE RECEIPT-SHL,N-03-11261,1,0,0,0.0,33,MADISON,0.0,2/22/2024 14:21,2/22/2024 14:22,Price Code 1,CUSTOMER PICKUP,False,Food Bank of Northeast Georgia,01,30530.0,Commerce,STARRY ZERO SUGAR 24 X 20 FL OZ,Beverages
898,181004,5407,M-132,Meadow Baptist Church,483609,,FP/USDA,DIRECT ASSISTANCE-Agency,BLUE RECEIPT-SHL,F-15-10000,150,0,0,27.0,150,MADISON,0.18,5/17/2024 10:02,5/17/2024 8:46,Price Code 1,CUSTOMER PICKUP,False,Sharing Floor Athens,01-SH,30629.0,Comer,"MEAT & SEAFOOD, FROZEN SHL",Proteins
832,175683,8720,U-104,Union Baptist Church,478311,,FP/OP/USDA,FOOD PANTRY-Agency,USDA,N-50-10305,2,0,0,5.04,28,MADISON,0.18,2/22/2024 11:46,2/22/2024 14:24,Price Code 1,CUSTOMER PICKUP,False,Food Bank of Northeast Georgia,01,30646.0,Hull,USDA MIXED VegetablesCCC,Vegetables
549,182552,875,R-120,Roger's Baptist Church,485155,,FP/OP/USDA,FOOD PANTRY-Agency,BLUE RECEIPT-SHL,W-04-10000,19,0,0,0.0,19,MADISON,0.0,6/25/2024 15:13,6/25/2024 15:46,Price Code 1,CUSTOMER PICKUP,False,Sharing Floor Athens,01-SH,30530.0,Commerce,"BREAD & BAKERY, ASSORTED SHL",Grains
981,182023,688,D-111,Divine Healing Ministry of Recovery Inc.,484627,,ON PREMISES (OP),REHAB-Agency,BLUE RECEIPT-SHL,W-01-10000,44,0,0,0.0,44,MADISON,0.0,6/7/2024 10:39,6/7/2024 10:42,Price Code 1,CONTACT FOR DELIVERY,False,Sharing Floor Athens,01-SH,30633.0,Commerce,"ASSORTED NON-FOOD ITEMS, SHL",Non-Food Misc.
799,177743,8783,C-149,Colbert Methodist Church,480362,,FP/GNAP/USDA,FOOD PANTRY-Agency,USDA,N-50-10308,3,0,0,12.42,69,MADISON,0.18,3/26/2024 9:56,3/26/2024 10:42,Price Code 1,CUSTOMER PICKUP,False,Food Bank of Northeast Georgia,01,30628.0,Colbert,USDA RAISINS,Fruits
915,177186,8975,T-122,Tabors Chapel CME Church,FAIMPORT479807,,DIRECT ASSISTANCE,DIRECT ASSISTANCE-Agency,BLUE RECEIPT-SHL,MCC-07-10001,23,0,0,0.0,23,MADISON,0.0,3/11/2024 0:00,3/11/2024 0:00,Price Code 1,CUSTOMER PICKUP,False,Food Bank of Northeast Georgia,01,30633.0,Danielsville,"DAIRY PRODUCTS, SHL RETAIL PICKUPS",Dairy
898,172641,8903,M-132,Meadow Baptist Church,476272,,FP/USDA,DIRECT ASSISTANCE-Agency,YELLOW RECEIPT - SHN,N-16-10181,2,0,0,1.8,10,MADISON,0.18,1/19/2024 8:02,1/19/2024 9:06,Price Code 1,CUSTOMER PICKUP,False,Food Bank of Northeast Georgia,01,30629.0,Comer,STOVE TOP STUFFING - TURKEY/CHICKEN/CORNBREAD,Prepared Meals
915,179995,8972,T-122,Tabors Chapel CME Church,FAIMPORT482604,,DIRECT ASSISTANCE,DIRECT ASSISTANCE-Agency,BLUE RECEIPT-SHL,MCF-15-10000,1,0,0,0.0,1,MADISON,0.0,4/29/2024 0:00,4/29/2024 0:00,Price Code 1,CUSTOMER PICKUP,False,Food Bank of Northeast Georgia,01,30633.0,Danielsville,"FROZEN MEAT & SEAFOOD, SHL RETAIL PICKUP",Proteins
477,173926,690,W-117,Waggoners Grove Baptist Church,477555,,FP/OP/GNAP/USDA,FOOD PANTRY-Agency,BLUE RECEIPT-SHL,W-03-10013,517,0,0,0.0,517,MADISON,0.0,1/31/2024 14:38,1/31/2024 13:57,Price Code 1,CUSTOMER PICKUP,False,Sharing Floor Athens,01-SH,30628.0,Colbert,"ASSORTED BEVERAGES, SHL",Beverages
371,178605,875,E-111,Evangelical Methodist Church - Danielsville,481221,,FOOD PANTRY,FOOD PANTRY-Agency,BLUE RECEIPT-SHL,W-04-10000,15,0,0,0.0,15,MADISON,0.0,4/9/2024 13:56,4/9/2024 11:36,Price Code 1,CUSTOMER PICKUP,False,Sharing Floor Athens,01-SH,30633.0,Danielsville,"BREAD & BAKERY, ASSORTED SHL",Grains
137,181912,696,J-100,Jubilee Partners,484516,,FP/OP/GNAP,RESIDENTIAL-Agency,LOCAL - LL,W-25-10000,18,0,0,1.62,18,MADISON,0.09,6/5/2024 13:23,6/5/2024 8:56,Price Code 1,CUSTOMER PICKUP,False,Sharing Floor Athens,01-SH,30629.0,Comer,"ASSORTED SNACK ITEMS, LL",Food Misc.
571,177546,3139,F-122,Freedom Church of God,480166,,FP/OP/USDA,FOOD PANTRY-Agency,USDA,N-50-10290,25,0,0,0.0,625,MADISON,0.0,3/22/2024 14:21,3/23/2024 6:46,Price Code 1,TRUCK 1 MOBILE PANTRY,False,Food Bank of Northeast Georgia,01,30530.0,Commerce,USDA WHOLE ALMONDS DRY ROASTED,Proteins
898,180663,9026,M-132,Meadow Baptist Church,483269,,FP/USDA,DIRECT ASSISTANCE-Agency,YELLOW RECEIPT - SHN,N-27-10138,2,0,0,7.92,44,MADISON,0.18,5/17/2024 8:30,5/17/2024 8:36,Price Code 1,CUSTOMER PICKUP,False,Food Bank of Northeast Georgia,01,30629.0,Comer,"HUNTS DICED TOMATOES BASIL, GARLIC, OREGANO",Vegetables
477,179118,5407,W-117,Waggoners Grove Baptist Church,481731,,FP/OP/GNAP/USDA,FOOD PANTRY-Agency,BLUE RECEIPT-SHL,F-15-10000,56,0,0,10.08,56,MADISON,0.18,4/17/2024 14:38,4/17/2024 13:56,Price Code 1,CUSTOMER PICKUP,False,Sharing Floor Athens,01-SH,30628.0,Colbert,"MEAT & SEAFOOD, FROZEN SHL",Proteins
915,175928,4350,T-122,Tabors Chapel CME Church,478556,,DIRECT ASSISTANCE,DIRECT ASSISTANCE-Agency,BLUE RECEIPT-SHL,N-03-11160,10,0,0,0.0,100,MADISON,0.0,2/26/2024 14:19,2/26/2024 12:55,Price Code 1,CUSTOMER PICKUP,False,Food Bank of Northeast Georgia,01,30633.0,Danielsville,CHERRY DR PEPPER,Beverages
571,172819,8837,F-122,Freedom Church of God,476450,,FP/OP/USDA,FOOD PANTRY-Agency,BLUE RECEIPT-SHL,N-03-11773,1,0,0,0.0,10,MADISON,0.0,1/12/2024 14:21,1/12/2024 12:55,Price Code 1,CUSTOMER PICKUP,False,Food Bank of Northeast Georgia,01,30530.0,Commerce,MT DEW PASSSIONFRUIT PUNCH,Beverages
477,180880,690,W-117,Waggoners Grove Baptist Church,483486,,FP/OP/GNAP/USDA,FOOD PANTRY-Agency,BLUE RECEIPT-SHL,W-03-10013,185,0,0,5.55,185,MADISON,0.03,5/15/2024 14:38,5/15/2024 13:47,Price Code 1,CUSTOMER PICKUP,False,Sharing Floor Athens,01-SH,30628.0,Colbert,"ASSORTED BEVERAGES, SHL",Beverages
549,172672,3776,R-120,Roger's Baptist Church,476303,,FP/OP/USDA,FOOD PANTRY-Agency,BLUE RECEIPT-SHL,N-03-11125,1,0,0,0.99,33,MADISON,0.03,1/16/2024 13:30,1/16/2024 14:36,Price Code 1,CUSTOMER PICKUP,False,Food Bank of Northeast Georgia,01,30530.0,Commerce,PEPSI WILD CHERRY,Beverages
842,180416,5407,C-153,Cedar Grove Baptist Church,483022,,FP/GNAP/USDA,FOOD PANTRY-Agency,BLUE RECEIPT-SHL,F-15-10000,50,0,0,9.0,50,MADISON,0.18,5/8/2024 8:30,5/8/2024 10:27,Price Code 1,CUSTOMER PICKUP,False,Sharing Floor Athens,01-SH,30629.0,Comer,"MEAT & SEAFOOD, FROZEN SHL",Proteins
571,175985,4350,F-122,Freedom Church of God,478613,,FP/OP/USDA,FOOD PANTRY-Agency,BLUE RECEIPT-SHL,N-03-11160,4,0,0,0.0,40,MADISON,0.0,2/26/2024 14:21,2/26/2024 9:08,Price Code 1,CUSTOMER PICKUP,False,Food Bank of Northeast Georgia,01,30530.0,Commerce,CHERRY DR PEPPER,Beverages
915,181285,8974,T-122,Tabors Chapel CME Church,FAIMPORT483890,,DIRECT ASSISTANCE,DIRECT ASSISTANCE-Agency,BLUE RECEIPT-SHL,MCW-04-10000,6,0,0,0.0,6,MADISON,0.0,5/20/2024 0:00,5/20/2024 0:00,Price Code 1,CUSTOMER PICKUP,False,Food Bank of Northeast Georgia,01,30633.0,Danielsville,"BREAD AND BAKERY, SHL RETAIL PICKUPS",Grains
137,172312,8878,J-100,Jubilee Partners,475943,,FP/OP/GNAP,RESIDENTIAL-Agency,YELLOW RECEIPT - SHN,N-03-11783,1,0,0,0.0,13,MADISON,0.0,1/10/2024 9:00,1/10/2024 11:16,Price Code 1,CUSTOMER PICKUP,False,Food Bank of Northeast Georgia,01,30629.0,Comer,GATORADE FIT CITRUS BERRY,Beverages
571,175585,7284,F-122,Freedom Church of God,478213,,FP/OP/USDA,FOOD PANTRY-Agency,USDA,C-50-10043,4,0,0,10.4,104,MADISON,0.1,2/16/2024 14:21,2/20/2024 9:32,Price Code 1,CUSTOMER PICKUP,False,Food Bank of Northeast Georgia,01,30530.0,Commerce,USDA RED FAT AMERICAN CHEESE CCC,Dairy
799,181693,9055,C-149,Colbert Methodist Church,484297,,FP/GNAP/USDA,FOOD PANTRY-Agency,GNAP,N-40-10285,3,0,0,0.0,66,MADISON,0.0,6/6/2024 11:30,6/6/2024 11:41,Price Code 1,CUSTOMER PICKUP,False,Food Bank of Northeast Georgia,01,30628.0,Colbert,GNAP MIXED FRUIT CUPS,Fruits
137,181493,5407,J-100,Jubilee Partners,484097,,FP/OP/GNAP,RESIDENTIAL-Agency,BLUE RECEIPT-SHL,F-15-10000,24,0,0,4.32,24,MADISON,0.18,5/29/2024 13:23,5/29/2024 8:51,Price Code 1,CUSTOMER PICKUP,False,Sharing Floor Athens,01-SH,30629.0,Comer,"MEAT & SEAFOOD, FROZEN SHL",Proteins
137,178649,5958,J-100,Jubilee Partners,481265,,FP/OP/GNAP,RESIDENTIAL-Agency,BLUE RECEIPT-SHL,C-16-10001,31,0,0,5.58,31,MADISON,0.18,4/10/2024 13:23,4/10/2024 8:50,Price Code 1,CUSTOMER PICKUP,False,Sharing Floor Athens,01-SH,30629.0,Comer,"COOLER FOOD, MISC. SHL",Food Misc.
915,180636,8976,T-122,Tabors Chapel CME Church,FAIMPORT483242,,DIRECT ASSISTANCE,DIRECT ASSISTANCE-Agency,BLUE RECEIPT-SHL,MCC-28-10001,4,0,0,0.0,4,MADISON,0.0,5/9/2024 0:00,5/9/2024 0:00,Price Code 1,CUSTOMER PICKUP,False,Food Bank of Northeast Georgia,01,30633.0,Danielsville,"PRODUCE, SHL RETAIL PICKUPS",Mixed Produce
571,173265,8919,F-122,Freedom Church of God,476894,,FP/OP/USDA,FOOD PANTRY-Agency,LOCAL - LL,N-25-11951,5,0,0,1.8,10,MADISON,0.18,1/25/2024 14:21,1/31/2024 9:41,Price Code 1,CUSTOMER PICKUP,False,Food Bank of Northeast Georgia,01,30530.0,Commerce,GHIRARDELLI MILK CHOC CARAMEL,Food Misc.
137,179670,9019,J-100,Jubilee Partners,482283,,FP/OP/GNAP,RESIDENTIAL-Agency,BLUE RECEIPT-SHL,N-27-10137,1,0,0,4.32,24,MADISON,0.18,5/8/2024 9:00,5/8/2024 9:08,Price Code 1,CUSTOMER PICKUP,False,Food Bank of Northeast Georgia,01,30629.0,Comer,"BLACK BEANS, PEUBLO LINDO (MISLABELED)",Vegetables
571,178397,8990,F-122,Freedom Church of God,481013,,FP/OP/USDA,FOOD PANTRY-Agency,BLUE RECEIPT-SHL,N-03-11819,3,0,0,17.82,99,MADISON,0.18,4/11/2024 14:21,4/11/2024 13:26,Price Code 1,CUSTOMER PICKUP,False,Food Bank of Northeast Georgia,01,30530.0,Commerce,CHERRY DR PEPPER,Beverages
571,181271,8975,F-122,Freedom Church of God,FAIMPORT483876,,FP/OP/USDA,FOOD PANTRY-Agency,BLUE RECEIPT-SHL,MCC-07-10001,30,0,0,0.0,30,MADISON,0.0,5/16/2024 0:00,5/16/2024 0:00,Price Code 1,CUSTOMER PICKUP,False,Food Bank of Northeast Georgia,01,30530.0,Commerce,"DAIRY PRODUCTS, SHL RETAIL PICKUPS",Dairy
915,182361,8973,T-122,Tabors Chapel CME Church,FAIMPORT484965,,DIRECT ASSISTANCE,DIRECT ASSISTANCE-Agency,BLUE RECEIPT-SHL,MCC-16-10001,16,0,0,0.0,16,MADISON,0.0,6/13/2024 0:00,6/13/2024 0:00,Price Code 1,CUSTOMER PICKUP,False,Food Bank of Northeast Georgia,01,30633.0,Danielsville,"COOLER FOOD MISC., SHL RETAIL PICKUP",Food Misc.
571,173083,5637,F-122,Freedom Church of God,476713,,FP/OP/USDA,FOOD PANTRY-Agency,USDA,F-50-90019,3,0,0,0.0,90,MADISON,0.0,1/19/2024 11:00,1/19/2024 11:21,Price Code 1,CUSTOMER PICKUP,False,Food Bank of Northeast Georgia,01,30530.0,Commerce,USDA FROZEN BLUEBERRIES CCC,Fruits
477,172471,8683,W-117,Waggoners Grove Baptist Church,476102,,FP/OP/GNAP/USDA,FOOD PANTRY-Agency,BLUE RECEIPT-SHL,N-03-11728,10,0,0,9.0,180,MADISON,0.05,1/11/2024 10:00,1/11/2024 12:16,Price Code 1,CUSTOMER PICKUP,False,Food Bank of Northeast Georgia,01,30628.0,Colbert,CRUSH ORANGE SODA,Beverages
729,176128,2573,C-164,Colbert Methodist Church INTHEMIDDLEMEALS,478755,,FP/GNAP/USDA,AT-RISK YOUTH-Agency,GNAP,N-40-10204,2,0,0,0.0,38,MADISON,0.0,2/29/2024 8:14,3/19/2024 13:10,Price Code 1,CUSTOMER PICKUP,False,Food Bank of Northeast Georgia,01,30628.0,Colbert,GNAP CHICKEN & RICE SOUP,Prepared Meals
571,180972,8972,F-122,Freedom Church of God,FAIMPORT483578,,FP/OP/USDA,FOOD PANTRY-Agency,BLUE RECEIPT-SHL,MCF-15-10000,33,0,0,0.0,33,MADISON,0.0,5/14/2024 0:00,5/14/2024 0:00,Price Code 1,CUSTOMER PICKUP,False,Food Bank of Northeast Georgia,01,30530.0,Commerce,"FROZEN MEAT & SEAFOOD, SHL RETAIL PICKUP",Proteins
477,180901,6780,W-117,Waggoners Grove Baptist Church,483507,,FP/OP/GNAP/USDA,FOOD PANTRY-Agency,USDA,C-50-10024,4,0,0,17.2,172,MADISON,0.1,6/3/2024 10:00,6/3/2024 11:49,Price Code 1,CUSTOMER PICKUP,False,Food Bank of Northeast Georgia,01,30628.0,Colbert,USDA APPLES,Fruits
571,178814,5938,F-122,Freedom Church of God,481428,,FP/OP/USDA,FOOD PANTRY-Agency,BLUE RECEIPT-SHL,C-28-10001,71,0,0,2.13,71,MADISON,0.03,4/11/2024 14:21,4/24/2024 11:30,Price Code 1,CUSTOMER PICKUP,False,Sharing Floor Athens,01-SH,30530.0,Commerce,"PRODUCE, FRESH SHL",Mixed Produce
1010,176713,8981,F-143,Freedom C.H. Church,479336,,FP/USDA,FOOD PANTRY-Agency,BLUE RECEIPT-SHL,F-15-90554,3,0,0,7.02,39,MADISON,0.18,3/8/2024 14:53,3/8/2024 14:48,Price Code 1,CUSTOMER PICKUP,False,Food Bank of Northeast Georgia,01,30662.0,Royston,JENNIE-O TURKEY FRANKS,Proteins
571,178397,8996,F-122,Freedom Church of God,481013,,FP/OP/USDA,FOOD PANTRY-Agency,LOCAL - LL,C-07-90662,3,0,0,0.0,42,MADISON,0.0,4/11/2024 14:21,4/11/2024 13:26,Price Code 1,CUSTOMER PICKUP,False,Food Bank of Northeast Georgia,01,30530.0,Commerce,DUNKIN COFFEE CREAMER,Food Misc.
915,179296,8973,T-122,Tabors Chapel CME Church,FAIMPORT481909,,DIRECT ASSISTANCE,DIRECT ASSISTANCE-Agency,BLUE RECEIPT-SHL,MCC-16-10001,9,0,0,0.0,9,MADISON,0.0,4/15/2024 0:00,4/15/2024 0:00,Price Code 1,CUSTOMER PICKUP,False,Food Bank of Northeast Georgia,01,30633.0,Danielsville,"COOLER FOOD MISC., SHL RETAIL PICKUP",Food Misc.
892,177974,8761,L-114,Legacy Baptist Church,480593,,FP/USDA,FOOD PANTRY-Agency,USDA,N-50-10306,1,0,0,4.5,25,MADISON,0.18,4/3/2024 11:15,4/3/2024 11:32,Price Code 1,CUSTOMER PICKUP,False,Food Bank of Northeast Georgia,01,30646.0,Hull,USDA WHOLE DEGLET DATES,Fruits
571,175039,3776,F-122,Freedom Church of God,477669,,FP/OP/USDA,FOOD PANTRY-Agency,BLUE RECEIPT-SHL,N-03-11125,3,0,0,0.0,99,MADISON,0.0,2/7/2024 14:21,2/7/2024 13:11,Price Code 1,CUSTOMER PICKUP,False,Food Bank of Northeast Georgia,01,30530.0,Commerce,PEPSI WILD CHERRY,Beverages
549,175587,6420,R-120,Roger's Baptist Church,478215,,FP/OP/USDA,FOOD PANTRY-Agency,BLUE RECEIPT-SHL,C-28-90141,1,0,0,1.0,50,MADISON,0.02,2/20/2024 13:30,2/20/2024 13:52,Price Code 1,CUSTOMER PICKUP,False,Food Bank of Northeast Georgia,01,30530.0,Commerce,ONIONS,Vegetables
571,181472,8943,F-122,Freedom Church of God,484076,,FP/OP/USDA,FOOD PANTRY-Agency,BLUE RECEIPT-SHL,C-28-90534,1,0,0,0.0,42,MADISON,0.0,6/6/2024 11:00,6/6/2024 14:21,Price Code 1,CUSTOMER PICKUP,False,Food Bank of Northeast Georgia,01,30530.0,Commerce,"SWEET POTATO, SHL",Potatoes 
549,180225,1047,R-120,Roger's Baptist Church,482831,,FP/OP/USDA,FOOD PANTRY-Agency,USDA,N-50-10041,4,0,0,35.28,196,MADISON,0.18,5/21/2024 13:45,5/21/2024 14:04,Price Code 1,CUSTOMER PICKUP,False,Food Bank of Northeast Georgia,01,30530.0,Commerce,USDA RICE,Grains
571,181569,875,F-122,Freedom Church of God,484173,,FP/OP/USDA,FOOD PANTRY-Agency,BLUE RECEIPT-SHL,W-04-10000,49,0,0,0.0,49,MADISON,0.0,5/29/2024 14:21,5/29/2024 11:49,Price Code 1,CUSTOMER PICKUP,False,Sharing Floor Athens,01-SH,30530.0,Commerce,"BREAD & BAKERY, ASSORTED SHL",Grains
892,181125,3943,L-114,Legacy Baptist Church,483730,,FP/USDA,FOOD PANTRY-Agency,USDA,N-50-10268,2,0,0,2.28,76,MADISON,0.03,5/24/2024 14:00,5/24/2024 14:13,Price Code 1,CUSTOMER PICKUP,False,Food Bank of Northeast Georgia,01,30646.0,Hull,USDA APPLE JUICE,Beverages
549,173129,875,R-120,Roger's Baptist Church,476759,,FP/OP/USDA,FOOD PANTRY-Agency,BLUE RECEIPT-SHL,W-04-10000,16,0,0,0.0,16,MADISON,0.0,1/16/2024 15:13,1/16/2024 14:03,Price Code 1,CUSTOMER PICKUP,False,Sharing Floor Athens,01-SH,30530.0,Commerce,"BREAD & BAKERY, ASSORTED SHL",Grains
1010,177399,4448,F-143,Freedom C.H. Church,480019,,FP/USDA,FOOD PANTRY-Agency,USDA,F-50-90446,2,0,0,0.0,56,MADISON,0.0,3/20/2024 15:56,3/20/2024 8:26,Price Code 1,CUSTOMER PICKUP,False,Food Bank of Northeast Georgia,01,30662.0,Royston,USDA FROZEN STRAWBERRY FRUIT CUPS,Fruits
799,178469,8587,C-149,Colbert Methodist Church,481085,,FP/GNAP/USDA,FOOD PANTRY-Agency,BLUE RECEIPT-SHL,N-03-10269,5,0,0,0.0,140,MADISON,0.0,4/12/2024 8:56,4/12/2024 12:23,Price Code 1,CUSTOMER PICKUP,False,Food Bank of Northeast Georgia,01,30628.0,Colbert,PEPSI ZERO SUGAR,Beverages
137,180840,5958,J-100,Jubilee Partners,483446,,FP/OP/GNAP,RESIDENTIAL-Agency,BLUE RECEIPT-SHL,C-16-10001,19,0,0,3.42,19,MADISON,0.18,5/15/2024 13:23,5/15/2024 8:42,Price Code 1,CUSTOMER PICKUP,False,Sharing Floor Athens,01-SH,30629.0,Comer,"COOLER FOOD, MISC. SHL",Food Misc.
477,173156,8512,W-117,Waggoners Grove Baptist Church,476786,,FP/OP/GNAP/USDA,FOOD PANTRY-Agency,USDA,C-50-10049,2,0,0,14.04,78,MADISON,0.18,1/19/2024 14:38,1/19/2024 14:01,Price Code 1,CUSTOMER PICKUP,False,Food Bank of Northeast Georgia,01,30628.0,Colbert,USDA GRAPEFRUIT CCC,Fruits
981,177258,875,D-111,Divine Healing Ministry of Recovery Inc.,479878,,ON PREMISES (OP),REHAB-Agency,BLUE RECEIPT-SHL,W-04-10000,25,0,0,0.0,25,MADISON,0.0,3/13/2024 15:05,3/13/2024 15:09,Price Code 1,CONTACT FOR DELIVERY,False,Sharing Floor Athens,01-SH,30633.0,Commerce,"BREAD & BAKERY, ASSORTED SHL",Grains
571,173347,8834,F-122,Freedom Church of God,476976,,FP/OP/USDA,FOOD PANTRY-Agency,BLUE RECEIPT-SHL,N-03-11770,9,0,0,0.0,90,MADISON,0.0,1/25/2024 11:00,2/2/2024 11:25,Price Code 1,CUSTOMER PICKUP,False,Food Bank of Northeast Georgia,01,30530.0,Commerce,MT DEW ZERO SUGAR,Beverages
477,173562,696,W-117,Waggoners Grove Baptist Church,477191,,FP/OP/GNAP/USDA,FOOD PANTRY-Agency,LOCAL - LL,W-25-10000,52,0,0,4.68,52,MADISON,0.09,1/24/2024 14:38,1/24/2024 13:58,Price Code 1,CUSTOMER PICKUP,False,Sharing Floor Athens,01-SH,30628.0,Colbert,"ASSORTED SNACK ITEMS, LL",Food Misc.
915,177799,8973,T-122,Tabors Chapel CME Church,FAIMPORT480418,,DIRECT ASSISTANCE,DIRECT ASSISTANCE-Agency,BLUE RECEIPT-SHL,MCC-16-10001,17,0,0,0.0,17,MADISON,0.0,3/21/2024 0:00,3/21/2024 0:00,Price Code 1,CUSTOMER PICKUP,False,Food Bank of Northeast Georgia,01,30633.0,Danielsville,"COOLER FOOD MISC., SHL RETAIL PICKUP",Food Misc.
1010,179258,690,F-143,Freedom C.H. Church,481871,,FP/USDA,FOOD PANTRY-Agency,BLUE RECEIPT-SHL,W-03-10013,82,0,0,0.0,82,MADISON,0.0,4/19/2024 10:35,4/19/2024 10:38,Price Code 1,CUSTOMER PICKUP,False,Sharing Floor Athens,01-SH,30662.0,Royston,"ASSORTED BEVERAGES, SHL",Beverages
832,173308,4761,U-104,Union Baptist Church,476937,,FP/OP/USDA,FOOD PANTRY-Agency,USDA,F-50-90454,2,0,0,0.0,62,MADISON,0.0,1/30/2024 11:46,2/22/2024 14:24,Price Code 1,CUSTOMER PICKUP,False,Food Bank of Northeast Georgia,01,30646.0,Hull,USDA FROZEN STRAWBERRIES CCC,Fruits
981,177365,8963,D-111,Divine Healing Ministry of Recovery Inc.,479985,,ON PREMISES (OP),REHAB-Agency,YELLOW RECEIPT - SHN,N-25-11960,2,0,0,3.96,22,MADISON,0.18,3/15/2024 10:46,3/15/2024 11:01,Price Code 1,CUSTOMER PICKUP,False,Food Bank of Northeast Georgia,01,30633.0,Commerce,"TAPIOCA PUDDING, BEST CHOICE",Food Misc.
842,175063,5088,C-153,Cedar Grove Baptist Church,477693,,FP/GNAP/USDA,FOOD PANTRY-Agency,USDA,F-50-90023,3,0,0,0.0,75,MADISON,0.0,2/14/2024 10:00,2/20/2024 14:48,Price Code 1,CUSTOMER PICKUP,False,Food Bank of Northeast Georgia,01,30629.0,Comer,USDA FROZEN PEACHES CCC,Fruits
842,177227,690,C-153,Cedar Grove Baptist Church,479847,,FP/GNAP/USDA,FOOD PANTRY-Agency,BLUE RECEIPT-SHL,W-03-10013,101,0,0,0.0,101,MADISON,0.0,3/13/2024 8:30,3/13/2024 10:43,Price Code 1,CUSTOMER PICKUP,False,Sharing Floor Athens,01-SH,30629.0,Comer,"ASSORTED BEVERAGES, SHL",Beverages
1010,177631,690,F-143,Freedom C.H. Church,480251,,FP/USDA,FOOD PANTRY-Agency,BLUE RECEIPT-SHL,W-03-10013,40,0,0,0.0,40,MADISON,0.0,3/20/2024 9:23,3/20/2024 9:25,Price Code 1,CUSTOMER PICKUP,False,Sharing Floor Athens,01-SH,30662.0,Royston,"ASSORTED BEVERAGES, SHL",Beverages
137,182585,690,J-100,Jubilee Partners,485188,,FP/OP/GNAP,RESIDENTIAL-Agency,BLUE RECEIPT-SHL,W-03-10013,49,0,0,0.0,49,MADISON,0.0,6/26/2024 13:23,6/26/2024 8:42,Price Code 1,CUSTOMER PICKUP,False,Food Bank of Northeast Georgia,01,30629.0,Comer,"ASSORTED BEVERAGES, SHL",Beverages
915,178190,8974,T-122,Tabors Chapel CME Church,FAIMPORT480808,,DIRECT ASSISTANCE,DIRECT ASSISTANCE-Agency,BLUE RECEIPT-SHL,MCW-04-10000,4,0,0,0.0,4,MADISON,0.0,3/28/2024 0:00,3/28/2024 0:00,Price Code 1,CUSTOMER PICKUP,False,Food Bank of Northeast Georgia,01,30633.0,Danielsville,"BREAD AND BAKERY, SHL RETAIL PICKUPS",Grains
549,181869,9031,R-120,Roger's Baptist Church,484473,,FP/OP/USDA,FOOD PANTRY-Agency,YELLOW RECEIPT - SHN,N-25-11973,6,0,0,3.24,18,MADISON,0.18,6/25/2024 13:30,6/25/2024 15:46,Price Code 1,CUSTOMER PICKUP,False,Food Bank of Northeast Georgia,01,30530.0,Commerce,BIGS TAKIS SUNFLOWER SEEDS,Proteins
981,182469,683,D-111,Divine Healing Ministry of Recovery Inc.,485073,,ON PREMISES (OP),REHAB-Agency,BLUE RECEIPT-SHL,W-16-10001,195,0,0,35.1,195,MADISON,0.18,6/21/2024 10:58,6/21/2024 11:05,Price Code 1,CONTACT FOR DELIVERY,False,Sharing Floor Athens,01-SH,30633.0,Commerce,MISC. FOOD BOX SHL,Food Misc.
477,179977,688,W-117,Waggoners Grove Baptist Church,482586,,FP/OP/GNAP/USDA,FOOD PANTRY-Agency,BLUE RECEIPT-SHL,W-01-10000,6,0,0,1.08,6,MADISON,0.18,5/1/2024 14:38,5/1/2024 13:53,Price Code 1,CUSTOMER PICKUP,False,Sharing Floor Athens,01-SH,30628.0,Colbert,"ASSORTED NON-FOOD ITEMS, SHL",Non-Food Misc.
898,180213,9014,M-132,Meadow Baptist Church,482819,,FP/USDA,DIRECT ASSISTANCE-Agency,PURCH,N-27-10136,2,0,104,9.72,54,MADISON,0.18,5/17/2024 8:00,5/17/2024 9:13,Price Code 1,CUSTOMER PICKUP,False,Food Bank of Northeast Georgia,01,30629.0,Comer,"GREEN BEANS, HARVEST VALLEY",Vegetables
571,172819,8911,F-122,Freedom Church of God,476450,,FP/OP/USDA,FOOD PANTRY-Agency,BLUE RECEIPT-SHL,N-03-11797,4,0,0,0.0,72,MADISON,0.0,1/12/2024 14:21,1/12/2024 12:55,Price Code 1,CUSTOMER PICKUP,False,Food Bank of Northeast Georgia,01,30530.0,Commerce,GATORADE ZERO COOL BLUE,Beverages
981,179105,884,D-111,Divine Healing Ministry of Recovery Inc.,481719,,ON PREMISES (OP),REHAB-Agency,LFB,W-01-10003,27,0,0,4.86,27,MADISON,0.18,4/17/2024 11:28,4/17/2024 11:33,Price Code 1,CONTACT FOR DELIVERY,False,Sharing Floor Athens,01-SH,30633.0,Commerce,ASSORTED NON-FOOD ITEMS LFB,Non-Food Misc.
915,179295,8972,T-122,Tabors Chapel CME Church,FAIMPORT481908,,DIRECT ASSISTANCE,DIRECT ASSISTANCE-Agency,BLUE RECEIPT-SHL,MCF-15-10000,8,0,0,0.0,8,MADISON,0.0,4/15/2024 0:00,4/15/2024 0:00,Price Code 1,CUSTOMER PICKUP,False,Food Bank of Northeast Georgia,01,30633.0,Danielsville,"FROZEN MEAT & SEAFOOD, SHL RETAIL PICKUP",Proteins
842,176672,8906,C-153,Cedar Grove Baptist Church,479295,,FP/GNAP/USDA,FOOD PANTRY-Agency,GNAP,N-40-10266,3,0,0,0.0,60,MADISON,0.0,3/13/2024 9:30,3/13/2024 11:03,Price Code 1,CUSTOMER PICKUP,False,Food Bank of Northeast Georgia,01,30629.0,Comer,GNAP SPAGHETTI,Grains
477,179569,5772,W-117,Waggoners Grove Baptist Church,482182,,FP/OP/GNAP/USDA,FOOD PANTRY-Agency,LOCAL - LL,C-28-10000,54,0,0,1.62,54,MADISON,0.03,4/24/2024 14:38,6/3/2024 11:29,Price Code 1,CUSTOMER PICKUP,False,Sharing Floor Athens,01-SH,30628.0,Colbert,"PRODUCE, FRESH LL",Mixed Produce
549,175587,8873,R-120,Roger's Baptist Church,478215,,FP/OP/USDA,FOOD PANTRY-Agency,YELLOW RECEIPT - SHN,F-10-10001,6,0,0,0.54,18,MADISON,0.03,2/20/2024 13:30,2/20/2024 13:52,Price Code 1,CUSTOMER PICKUP,False,Food Bank of Northeast Georgia,01,30530.0,Commerce,OUTSHINE STRAWBERRY BANANA SMOOTHIE CUBES,Beverages
477,175187,3776,W-117,Waggoners Grove Baptist Church,477816,,FP/OP/GNAP/USDA,FOOD PANTRY-Agency,BLUE RECEIPT-SHL,N-03-11125,15,0,0,0.0,495,MADISON,0.0,2/14/2024 10:00,2/14/2024 9:40,Price Code 1,CUSTOMER PICKUP,False,Food Bank of Northeast Georgia,01,30628.0,Colbert,PEPSI WILD CHERRY,Beverages
915,182559,8974,T-122,Tabors Chapel CME Church,FAIMPORT485162,,DIRECT ASSISTANCE,DIRECT ASSISTANCE-Agency,BLUE RECEIPT-SHL,MCW-04-10000,1,0,0,0.0,1,MADISON,0.0,6/20/2024 0:00,6/20/2024 0:00,Price Code 1,CUSTOMER PICKUP,False,Food Bank of Northeast Georgia,01,30633.0,Danielsville,"BREAD AND BAKERY, SHL RETAIL PICKUPS",Grains
915,172589,8827,T-122,Tabors Chapel CME Church,476220,,DIRECT ASSISTANCE,DIRECT ASSISTANCE-Agency,BLUE RECEIPT-SHL,N-03-11766,15,0,0,3.6,120,MADISON,0.03,1/11/2024 14:19,1/11/2024 10:44,Price Code 1,CUSTOMER PICKUP,False,Food Bank of Northeast Georgia,01,30633.0,Danielsville,PEPSI MINI CANS,Beverages
915,177800,8975,T-122,Tabors Chapel CME Church,FAIMPORT480419,,DIRECT ASSISTANCE,DIRECT ASSISTANCE-Agency,BLUE RECEIPT-SHL,MCC-07-10001,14,0,0,0.0,14,MADISON,0.0,3/21/2024 0:00,3/21/2024 0:00,Price Code 1,CUSTOMER PICKUP,False,Food Bank of Northeast Georgia,01,30633.0,Danielsville,"DAIRY PRODUCTS, SHL RETAIL PICKUPS",Dairy
799,176104,5407,C-149,Colbert Methodist Church,478731,,FP/GNAP/USDA,FOOD PANTRY-Agency,BLUE RECEIPT-SHL,F-15-10000,83,0,0,14.94,83,MADISON,0.18,2/23/2024 9:56,2/23/2024 13:46,Price Code 1,CUSTOMER PICKUP,False,Sharing Floor Athens,01-SH,30628.0,Colbert,"MEAT & SEAFOOD, FROZEN SHL",Proteins
799,175070,8907,C-149,Colbert Methodist Church,477700,,FP/GNAP/USDA,FOOD PANTRY-Agency,GNAP,N-40-10267,5,0,0,6.5,65,MADISON,0.1,2/7/2024 9:56,2/7/2024 11:19,Price Code 1,CUSTOMER PICKUP,False,Food Bank of Northeast Georgia,01,30628.0,Colbert,GNAP SPAGHETTI W/ MEATBALLS,Prepared Meals
571,175365,6420,F-122,Freedom Church of God,477994,,FP/OP/USDA,FOOD PANTRY-Agency,BLUE RECEIPT-SHL,C-28-90141,2,0,0,0.0,100,MADISON,0.0,2/8/2024 14:21,2/8/2024 14:09,Price Code 1,CUSTOMER PICKUP,False,Food Bank of Northeast Georgia,01,30530.0,Commerce,ONIONS,Vegetables
549,173129,5958,R-120,Roger's Baptist Church,476759,,FP/OP/USDA,FOOD PANTRY-Agency,BLUE RECEIPT-SHL,C-16-10001,28,0,0,5.04,28,MADISON,0.18,1/16/2024 15:13,1/16/2024 14:03,Price Code 1,CUSTOMER PICKUP,False,Sharing Floor Athens,01-SH,30530.0,Commerce,"COOLER FOOD, MISC. SHL",Food Misc.
799,181693,9043,C-149,Colbert Methodist Church,484297,,FP/GNAP/USDA,FOOD PANTRY-Agency,GNAP,N-40-10277,5,0,0,0.0,40,MADISON,0.0,6/6/2024 11:30,6/6/2024 11:41,Price Code 1,CUSTOMER PICKUP,False,Food Bank of Northeast Georgia,01,30628.0,Colbert,GNAP DELUXE SHELLS & CHEESE,Prepared Meals
477,180826,9064,W-117,Waggoners Grove Baptist Church,483432,,FP/OP/GNAP/USDA,FOOD PANTRY-Agency,LOCAL - LL,N-25-11977,10,0,0,5.4,30,MADISON,0.18,5/20/2024 11:00,5/20/2024 14:46,Price Code 1,CUSTOMER PICKUP,False,Food Bank of Northeast Georgia,01,30628.0,Colbert,RAP SNACKS HOT CRUNCHABLES,Food Misc.
477,173288,8915,W-117,Waggoners Grove Baptist Church,476917,,FP/OP/GNAP/USDA,FOOD PANTRY-Agency,USDA,F-50-90474,1,0,0,7.2,40,MADISON,0.18,1/24/2024 14:38,1/24/2024 11:34,Price Code 1,CUSTOMER PICKUP,False,Food Bank of Northeast Georgia,01,30628.0,Colbert,USDA PACIFIC SALAD SHRIMP,Proteins
915,177578,8973,T-122,Tabors Chapel CME Church,FAIMPORT480198,,DIRECT ASSISTANCE,DIRECT ASSISTANCE-Agency,BLUE RECEIPT-SHL,MCC-16-10001,138,0,0,0.0,138,MADISON,0.0,3/14/2024 0:00,3/14/2024 0:00,Price Code 1,CUSTOMER PICKUP,False,Food Bank of Northeast Georgia,01,30633.0,Danielsville,"COOLER FOOD MISC., SHL RETAIL PICKUP",Food Misc.
410,176230,8952,C-110,Colbert First Baptist Church,478856,,FP/GNAP/USDA,FOOD PANTRY-Agency,BLUE RECEIPT-SHL,N-03-11813,6,0,0,0.0,144,MADISON,0.0,2/29/2024 12:40,2/29/2024 14:28,Price Code 1,CUSTOMER PICKUP,False,Food Bank of Northeast Georgia,01,30628.0,Colbert,PROPEL BERRY,Beverages
410,173794,8929,C-110,Colbert First Baptist Church,477423,,FP/GNAP/USDA,FOOD PANTRY-Agency,BLUE RECEIPT-SHL,N-03-11804,3,0,0,0.0,54,MADISON,0.0,2/2/2024 12:40,2/7/2024 8:03,Price Code 1,CUSTOMER PICKUP,False,Food Bank of Northeast Georgia,01,30628.0,Colbert,GATORADE GRAPE LOWER SUGAR,Beverages
548,180773,800,M-124,Moons Grove Baptist Church,483379,,FP/OP/USDA,FOOD PANTRY-Agency,USDA,N-50-10065,3,0,0,14.58,81,MADISON,0.18,5/17/2024 11:45,5/17/2024 12:02,Price Code 1,CUSTOMER PICKUP,False,Food Bank of Northeast Georgia,01,30628.0,Colbert,USDA APPLESAUCE,Fruits
477,180389,4448,W-117,Waggoners Grove Baptist Church,482995,,FP/OP/GNAP/USDA,FOOD PANTRY-Agency,USDA,F-50-90446,3,0,0,0.0,84,MADISON,0.0,5/17/2024 11:00,5/20/2024 10:32,Price Code 1,CUSTOMER PICKUP,False,Food Bank of Northeast Georgia,01,30628.0,Colbert,USDA FROZEN STRAWBERRY FRUIT CUPS,Fruits
1010,180599,683,F-143,Freedom C.H. Church,483205,,FP/USDA,FOOD PANTRY-Agency,BLUE RECEIPT-SHL,W-16-10001,177,0,0,31.86,177,MADISON,0.18,5/10/2024 10:27,5/10/2024 10:31,Price Code 1,CUSTOMER PICKUP,False,Sharing Floor Athens,01-SH,30662.0,Royston,MISC. FOOD BOX SHL,Food Misc.
477,173156,8909,W-117,Waggoners Grove Baptist Church,476786,,FP/OP/GNAP/USDA,FOOD PANTRY-Agency,BLUE RECEIPT-SHL,N-03-11795,3,0,0,9.18,51,MADISON,0.18,1/19/2024 14:38,1/19/2024 14:01,Price Code 1,CUSTOMER PICKUP,False,Food Bank of Northeast Georgia,01,30628.0,Colbert,STARBUCKS VANILLA FRAPPUCCINO,Beverages
371,179046,50,E-111,Evangelical Methodist Church - Danielsville,481660,,FOOD PANTRY,FOOD PANTRY-Agency,LOCAL - LL,W-16-10002,15,0,0,2.7,15,MADISON,0.18,4/16/2024 13:56,4/16/2024 11:33,Price Code 1,CUSTOMER PICKUP,False,Sharing Floor Athens,01-SH,30633.0,Danielsville,MISC. FOOD BOX LL,Food Misc.
571,178397,8587,F-122,Freedom Church of God,481013,,FP/OP/USDA,FOOD PANTRY-Agency,BLUE RECEIPT-SHL,N-03-10269,10,0,0,0.0,280,MADISON,0.0,4/11/2024 14:21,4/11/2024 13:26,Price Code 1,CUSTOMER PICKUP,False,Food Bank of Northeast Georgia,01,30530.0,Commerce,PEPSI ZERO SUGAR,Beverages
571,180203,9048,F-122,Freedom Church of God,482809,,FP/OP/USDA,FOOD PANTRY-Agency,BLUE RECEIPT-SHL,C-07-90664,3,0,0,14.04,108,MADISON,0.13,5/16/2024 8:45,5/17/2024 11:15,Price Code 1,CUSTOMER PICKUP,False,Food Bank of Northeast Georgia,01,30530.0,Commerce,"BUTTER, GREAT VALUE SALTED",Dairy
549,180225,9049,R-120,Roger's Baptist Church,482831,,FP/OP/USDA,FOOD PANTRY-Agency,BLUE RECEIPT-SHL,C-07-90665,3,0,0,14.04,108,MADISON,0.13,5/21/2024 13:45,5/21/2024 14:04,Price Code 1,CUSTOMER PICKUP,False,Food Bank of Northeast Georgia,01,30530.0,Commerce,GREAT VALUE UNSALTED BUTTER,Dairy
530,178314,696,C-142,Camp Maranatha,480930,,ON PREMISES (OP),YOUTH-Agency,LOCAL - LL,W-25-10000,45,0,0,8.1,45,MADISON,0.18,4/4/2024 11:50,4/4/2024 11:18,Price Code 1,CUSTOMER PICKUP,False,Sharing Floor Athens,01-SH,30633.0,Danielsville,"ASSORTED SNACK ITEMS, LL",Food Misc.
549,182552,5938,R-120,Roger's Baptist Church,485155,,FP/OP/USDA,FOOD PANTRY-Agency,BLUE RECEIPT-SHL,C-28-10001,341,0,0,10.23,341,MADISON,0.03,6/25/2024 15:13,6/25/2024 15:46,Price Code 1,CUSTOMER PICKUP,False,Sharing Floor Athens,01-SH,30530.0,Commerce,"PRODUCE, FRESH SHL",Mixed Produce
549,175587,8914,R-120,Roger's Baptist Church,478215,,FP/OP/USDA,FOOD PANTRY-Agency,USDA,N-50-10310,5,0,0,24.3,135,MADISON,0.18,2/20/2024 13:30,2/20/2024 13:52,Price Code 1,CUSTOMER PICKUP,False,Food Bank of Northeast Georgia,01,30530.0,Commerce,USDA DICED POTATOES,Potatoes 
915,179293,8973,T-122,Tabors Chapel CME Church,FAIMPORT481906,,DIRECT ASSISTANCE,DIRECT ASSISTANCE-Agency,BLUE RECEIPT-SHL,MCC-16-10001,25,0,0,0.0,25,MADISON,0.0,4/15/2024 0:00,4/15/2024 0:00,Price Code 1,CUSTOMER PICKUP,False,Food Bank of Northeast Georgia,01,30633.0,Danielsville,"COOLER FOOD MISC., SHL RETAIL PICKUP",Food Misc.
981,172367,8853,D-111,Divine Healing Ministry of Recovery Inc.,475998,,ON PREMISES (OP),REHAB-Agency,PURCH,N-23-10011,2,0,0,4.68,26,MADISON,0.18,1/5/2024 14:49,1/5/2024 14:36,Price Code 1,CONTACT FOR DELIVERY,False,Food Bank of Northeast Georgia,01,30633.0,Commerce,"CRUNCHY PEANUT BUTTER, MEIJER",Proteins
915,175928,8955,T-122,Tabors Chapel CME Church,478556,,DIRECT ASSISTANCE,DIRECT ASSISTANCE-Agency,BLUE RECEIPT-SHL,N-03-11816,3,0,0,0.0,120,MADISON,0.0,2/26/2024 14:19,2/26/2024 12:55,Price Code 1,CUSTOMER PICKUP,False,Food Bank of Northeast Georgia,01,30633.0,Danielsville,SCHWEPPES RASPBERRY GINGER ALE 2L,Beverages
799,175746,1045,C-149,Colbert Methodist Church,478374,,FP/GNAP/USDA,FOOD PANTRY-Agency,BLUE RECEIPT-SHL,W-25-10009,156,0,0,28.08,156,MADISON,0.18,2/16/2024 9:56,2/16/2024 11:12,Price Code 1,CUSTOMER PICKUP,False,Sharing Floor Athens,01-SH,30628.0,Colbert,"ASSORTED SNACK ITEMS, SHL",Food Misc.
571,175776,8940,F-122,Freedom Church of God,478404,,FP/OP/USDA,FOOD PANTRY-Agency,BLUE RECEIPT-SHL,C-28-90531,2,0,0,0.0,104,MADISON,0.0,2/22/2024 14:21,2/22/2024 14:22,Price Code 1,CUSTOMER PICKUP,False,Food Bank of Northeast Georgia,01,30530.0,Commerce,"CABBAGE, SHL 50#",Vegetables
1010,176510,683,F-143,Freedom C.H. Church,479134,,FP/USDA,FOOD PANTRY-Agency,BLUE RECEIPT-SHL,W-16-10001,142,0,0,25.56,142,MADISON,0.18,3/1/2024 10:47,3/1/2024 10:57,Price Code 1,CUSTOMER PICKUP,False,Sharing Floor Athens,01-SH,30662.0,Royston,MISC. FOOD BOX SHL,Food Misc.
799,175071,2960,C-149,Colbert Methodist Church,477701,,FP/GNAP/USDA,FOOD PANTRY-Agency,USDA,N-50-10247,2,0,0,12.96,72,MADISON,0.18,2/9/2024 9:56,2/9/2024 10:17,Price Code 1,CUSTOMER PICKUP,False,Food Bank of Northeast Georgia,01,30628.0,Colbert,USDA BEEF STEW POUCHES CCC,Prepared Meals
799,177736,5407,C-149,Colbert Methodist Church,480355,,FP/GNAP/USDA,FOOD PANTRY-Agency,BLUE RECEIPT-SHL,F-15-10000,72,0,0,12.96,72,MADISON,0.18,3/21/2024 9:56,3/21/2024 13:42,Price Code 1,CUSTOMER PICKUP,False,Sharing Floor Athens,01-SH,30628.0,Colbert,"MEAT & SEAFOOD, FROZEN SHL",Proteins
915,172392,8882,T-122,Tabors Chapel CME Church,476023,,DIRECT ASSISTANCE,DIRECT ASSISTANCE-Agency,BLUE RECEIPT-SHL,F-15-90548,2,0,0,3.24,18,MADISON,0.18,1/5/2024 14:19,1/5/2024 13:17,Price Code 1,CUSTOMER PICKUP,False,Food Bank of Northeast Georgia,01,30633.0,Danielsville,"GROUND TURKEY BREAST, KIRKWOOD",Proteins
371,178605,683,E-111,Evangelical Methodist Church - Danielsville,481221,,FOOD PANTRY,FOOD PANTRY-Agency,BLUE RECEIPT-SHL,W-16-10001,136,0,0,24.48,136,MADISON,0.18,4/9/2024 13:56,4/9/2024 11:36,Price Code 1,CUSTOMER PICKUP,False,Sharing Floor Athens,01-SH,30633.0,Danielsville,MISC. FOOD BOX SHL,Food Misc.
477,179118,690,W-117,Waggoners Grove Baptist Church,481731,,FP/OP/GNAP/USDA,FOOD PANTRY-Agency,BLUE RECEIPT-SHL,W-03-10013,12,0,0,0.0,12,MADISON,0.0,4/17/2024 14:38,4/17/2024 13:56,Price Code 1,CUSTOMER PICKUP,False,Sharing Floor Athens,01-SH,30628.0,Colbert,"ASSORTED BEVERAGES, SHL",Beverages
371,178124,5407,E-111,Evangelical Methodist Church - Danielsville,480743,,FOOD PANTRY,FOOD PANTRY-Agency,BLUE RECEIPT-SHL,F-15-10000,86,0,0,15.48,86,MADISON,0.18,4/2/2024 13:56,4/2/2024 11:25,Price Code 1,CUSTOMER PICKUP,False,Sharing Floor Athens,01-SH,30633.0,Danielsville,"MEAT & SEAFOOD, FROZEN SHL",Proteins
799,181925,696,C-149,Colbert Methodist Church,484529,,FP/GNAP/USDA,FOOD PANTRY-Agency,LOCAL - LL,W-25-10000,46,0,0,4.14,46,MADISON,0.09,6/5/2024 9:56,6/5/2024 11:15,Price Code 1,CUSTOMER PICKUP,False,Sharing Floor Athens,01-SH,30628.0,Colbert,"ASSORTED SNACK ITEMS, LL",Food Misc.
571,176817,8973,F-122,Freedom Church of God,FAIMPORT479439,,FP/OP/USDA,FOOD PANTRY-Agency,BLUE RECEIPT-SHL,MCC-16-10001,24,0,0,0.0,24,MADISON,0.0,3/1/2024 0:00,3/1/2024 0:00,Price Code 1,CUSTOMER PICKUP,False,Food Bank of Northeast Georgia,01,30530.0,Commerce,"COOLER FOOD MISC., SHL RETAIL PICKUP",Food Misc.
137,179086,690,J-100,Jubilee Partners,481700,,FP/OP/GNAP,RESIDENTIAL-Agency,BLUE RECEIPT-SHL,W-03-10013,134,0,0,4.02,134,MADISON,0.03,4/17/2024 13:23,4/17/2024 8:37,Price Code 1,CUSTOMER PICKUP,False,Sharing Floor Athens,01-SH,30629.0,Comer,"ASSORTED BEVERAGES, SHL",Beverages
571,176364,875,F-122,Freedom Church of God,478989,,FP/OP/USDA,FOOD PANTRY-Agency,BLUE RECEIPT-SHL,W-04-10000,3,0,0,0.0,3,MADISON,0.0,2/28/2024 14:21,2/28/2024 11:55,Price Code 1,CUSTOMER PICKUP,False,Sharing Floor Athens,01-SH,30530.0,Commerce,"BREAD & BAKERY, ASSORTED SHL",Grains
371,180463,8970,E-111,Evangelical Methodist Church - Danielsville,FAIMPORT483069,,FOOD PANTRY,FOOD PANTRY-Agency,BLUE RECEIPT-SHL,MCW-16-10001,35,0,0,0.0,35,MADISON,0.0,4/29/2024 0:00,4/29/2024 0:00,Price Code 1,CUSTOMER PICKUP,False,Food Bank of Northeast Georgia,01,30633.0,Danielsville,"MISC. FOOD BOX, SHL RETAIL PICKUP",Food Misc.
799,180307,7152,C-149,Colbert Methodist Church,482913,,FP/GNAP/USDA,FOOD PANTRY-Agency,GNAP,N-40-10233,10,0,0,0.0,160,MADISON,0.0,5/9/2024 9:45,5/10/2024 12:38,Price Code 1,CUSTOMER PICKUP,False,Food Bank of Northeast Georgia,01,30628.0,Colbert,GNAP GRAPE JELLY,Food Misc.
371,175874,5407,E-111,Evangelical Methodist Church - Danielsville,478502,,FOOD PANTRY,FOOD PANTRY-Agency,BLUE RECEIPT-SHL,F-15-10000,24,0,0,4.32,24,MADISON,0.18,2/20/2024 13:56,2/20/2024 11:19,Price Code 1,CUSTOMER PICKUP,False,Sharing Floor Athens,01-SH,30633.0,Danielsville,"MEAT & SEAFOOD, FROZEN SHL",Proteins
898,176891,8980,M-132,Meadow Baptist Church,479513,,FP/USDA,DIRECT ASSISTANCE-Agency,LOCAL - LL,N-25-11967,4,0,0,2.88,16,MADISON,0.18,3/15/2024 8:02,3/15/2024 8:13,Price Code 1,CUSTOMER PICKUP,False,Food Bank of Northeast Georgia,01,30629.0,Comer,REESES MINIATURE CUPS W/ REESES PUFFS,Food Misc.
836,173072,8783,G-122,Gordon's Chapel Methodist Church,476702,,FP/USDA,FOOD PANTRY-Agency,USDA,N-50-10308,2,0,0,8.28,46,MADISON,0.18,1/18/2024 14:20,1/18/2024 9:26,Price Code 1,CUSTOMER PICKUP,False,Food Bank of Northeast Georgia,01,30646.0,Hull,USDA RAISINS,Fruits
371,177549,5407,E-111,Evangelical Methodist Church - Danielsville,480169,,FOOD PANTRY,FOOD PANTRY-Agency,BLUE RECEIPT-SHL,F-15-10000,35,0,0,6.3,35,MADISON,0.18,3/19/2024 13:56,3/19/2024 11:26,Price Code 1,CUSTOMER PICKUP,False,Sharing Floor Athens,01-SH,30633.0,Danielsville,"MEAT & SEAFOOD, FROZEN SHL",Proteins
842,180416,696,C-153,Cedar Grove Baptist Church,483022,,FP/GNAP/USDA,FOOD PANTRY-Agency,LOCAL - LL,W-25-10000,32,0,0,5.76,32,MADISON,0.18,5/8/2024 8:30,5/8/2024 10:27,Price Code 1,CUSTOMER PICKUP,False,Sharing Floor Athens,01-SH,30629.0,Comer,"ASSORTED SNACK ITEMS, LL",Food Misc.
477,173302,4195,W-117,Waggoners Grove Baptist Church,476931,,FP/OP/GNAP/USDA,FOOD PANTRY-Agency,BLUE RECEIPT-SHL,N-03-11030,2,0,0,0.0,40,MADISON,0.0,1/26/2024 10:00,1/26/2024 9:49,Price Code 1,CUSTOMER PICKUP,False,Food Bank of Northeast Georgia,01,30628.0,Colbert,DIET COKE,Beverages
477,172399,8888,W-117,Waggoners Grove Baptist Church,476030,,FP/OP/GNAP/USDA,FOOD PANTRY-Agency,LFB,N-19-10057,25,0,0,27.0,150,MADISON,0.18,1/5/2024 14:38,1/5/2024 8:20,Price Code 1,CUSTOMER PICKUP,False,Food Bank of Northeast Georgia,01,30628.0,Colbert,COTTONELLE TOILET PAPER 18,Non-Food Misc.
477,175014,8837,W-117,Waggoners Grove Baptist Church,477644,,FP/OP/GNAP/USDA,FOOD PANTRY-Agency,BLUE RECEIPT-SHL,N-03-11773,10,0,0,0.0,100,MADISON,0.0,2/6/2024 14:38,2/12/2024 13:25,Price Code 1,CUSTOMER PICKUP,False,Food Bank of Northeast Georgia,01,30628.0,Colbert,MT DEW PASSSIONFRUIT PUNCH,Beverages
981,181627,690,D-111,Divine Healing Ministry of Recovery Inc.,484231,,ON PREMISES (OP),REHAB-Agency,BLUE RECEIPT-SHL,W-03-10013,463,0,0,0.0,463,MADISON,0.0,5/30/2024 11:27,5/30/2024 11:33,Price Code 1,CONTACT FOR DELIVERY,False,Sharing Floor Athens,01-SH,30633.0,Commerce,"ASSORTED BEVERAGES, SHL",Beverages
836,173880,8851,G-122,Gordon's Chapel Methodist Church,477509,,FP/USDA,FOOD PANTRY-Agency,PURCH,N-11-11071,5,0,0,5.4,30,MADISON,0.18,2/7/2024 14:20,2/7/2024 13:31,Price Code 1,CUSTOMER PICKUP,False,Food Bank of Northeast Georgia,01,30646.0,Hull,"CHICKEN STUFFING, PREMIER PANTRY",Prepared Meals
892,175140,8720,L-114,Legacy Baptist Church,477769,,FP/USDA,FOOD PANTRY-Agency,USDA,N-50-10305,3,0,0,7.56,42,MADISON,0.18,2/13/2024 11:15,2/13/2024 11:07,Price Code 1,CUSTOMER PICKUP,False,Food Bank of Northeast Georgia,01,30646.0,Hull,USDA MIXED VegetablesCCC,Vegetables
137,175936,5407,J-100,Jubilee Partners,478564,,FP/OP/GNAP,RESIDENTIAL-Agency,BLUE RECEIPT-SHL,F-15-10000,61,0,0,10.98,61,MADISON,0.18,2/21/2024 13:23,2/21/2024 8:53,Price Code 1,CUSTOMER PICKUP,False,Sharing Floor Athens,01-SH,30629.0,Comer,"MEAT & SEAFOOD, FROZEN SHL",Proteins
1010,181352,875,F-143,Freedom C.H. Church,483956,,FP/USDA,FOOD PANTRY-Agency,BLUE RECEIPT-SHL,W-04-10000,43,0,0,0.0,43,MADISON,0.0,5/24/2024 10:37,5/24/2024 10:41,Price Code 1,CUSTOMER PICKUP,False,Sharing Floor Athens,01-SH,30662.0,Royston,"BREAD & BAKERY, ASSORTED SHL",Grains
549,178348,8741,R-120,Roger's Baptist Church,480964,,FP/OP/USDA,FOOD PANTRY-Agency,BLUE RECEIPT-SHL,N-03-11741,2,0,0,0.0,20,MADISON,0.0,4/16/2024 13:30,4/16/2024 14:00,Price Code 1,CUSTOMER PICKUP,False,Food Bank of Northeast Georgia,01,30530.0,Commerce,DIET MT DEW,Beverages
799,176783,2573,C-149,Colbert Methodist Church,479406,,FP/GNAP/USDA,FOOD PANTRY-Agency,GNAP,N-40-10204,2,0,0,0.0,38,MADISON,0.0,3/12/2024 7:56,3/12/2024 12:44,Price Code 1,CUSTOMER PICKUP,False,Food Bank of Northeast Georgia,01,30628.0,Colbert,GNAP CHICKEN & RICE SOUP,Prepared Meals
571,173265,4715,F-122,Freedom Church of God,476894,,FP/OP/USDA,FOOD PANTRY-Agency,USDA,F-50-90461,2,0,0,14.4,80,MADISON,0.18,1/25/2024 14:21,1/31/2024 9:41,Price Code 1,CUSTOMER PICKUP,False,Food Bank of Northeast Georgia,01,30530.0,Commerce,USDA ALASKAN POLLACK FISH FILLETS,Proteins
410,178627,7167,C-110,Colbert First Baptist Church,481243,,FP/GNAP/USDA,FOOD PANTRY-Agency,BLUE RECEIPT-SHL,N-03-11200,4,0,0,0.0,40,MADISON,0.0,4/12/2024 12:40,4/12/2024 11:19,Price Code 1,CUSTOMER PICKUP,False,Food Bank of Northeast Georgia,01,30628.0,Colbert,DR PEPPER ZERO SUGAR,Beverages
137,177197,235,J-100,Jubilee Partners,479818,,FP/OP/GNAP,RESIDENTIAL-Agency,LOCAL - LL,W-03-10012,99,0,0,0.0,99,MADISON,0.0,3/13/2024 13:23,3/13/2024 8:48,Price Code 1,CUSTOMER PICKUP,False,Sharing Floor Athens,01-SH,30629.0,Comer,"ASSORTED BEVERAGES, LL",Beverages
571,178215,8976,F-122,Freedom Church of God,FAIMPORT480833,,FP/OP/USDA,FOOD PANTRY-Agency,BLUE RECEIPT-SHL,MCC-28-10001,8,0,0,0.0,8,MADISON,0.0,3/22/2024 0:00,3/22/2024 0:00,Price Code 1,CUSTOMER PICKUP,False,Food Bank of Northeast Georgia,01,30530.0,Commerce,"PRODUCE, SHL RETAIL PICKUPS",Mixed Produce
477,179241,9017,W-117,Waggoners Grove Baptist Church,481854,,FP/OP/GNAP/USDA,FOOD PANTRY-Agency,YELLOW RECEIPT - SHN,N-16-10182,3,0,0,7.02,39,MADISON,0.18,4/22/2024 14:38,4/22/2024 14:02,Price Code 1,CUSTOMER PICKUP,False,Food Bank of Northeast Georgia,01,30628.0,Colbert,HEINZ APPLE CIDER VINEGAR,Food Misc.
477,177887,5938,W-117,Waggoners Grove Baptist Church,480506,,FP/OP/GNAP/USDA,FOOD PANTRY-Agency,BLUE RECEIPT-SHL,C-28-10001,56,0,0,1.68,56,MADISON,0.03,3/26/2024 14:38,3/26/2024 13:53,Price Code 1,CUSTOMER PICKUP,False,Sharing Floor Athens,01-SH,30628.0,Colbert,"PRODUCE, FRESH SHL",Mixed Produce
137,180405,5388,J-100,Jubilee Partners,483011,,FP/OP/GNAP,RESIDENTIAL-Agency,BLUE RECEIPT-SHL,F-16-10001,6,0,0,1.08,6,MADISON,0.18,5/8/2024 13:23,5/8/2024 8:51,Price Code 1,CUSTOMER PICKUP,False,Sharing Floor Athens,01-SH,30629.0,Comer,"ASSORTED FROZEN FOODS, SHL",Food Misc.
981,173490,5407,D-111,Divine Healing Ministry of Recovery Inc.,477119,,ON PREMISES (OP),REHAB-Agency,BLUE RECEIPT-SHL,F-15-10000,115,0,0,20.7,115,MADISON,0.18,1/23/2024 14:24,1/23/2024 14:29,Price Code 1,CONTACT FOR DELIVERY,False,Sharing Floor Athens,01-SH,30633.0,Commerce,"MEAT & SEAFOOD, FROZEN SHL",Proteins
915,177912,8827,T-122,Tabors Chapel CME Church,480531,,DIRECT ASSISTANCE,DIRECT ASSISTANCE-Agency,BLUE RECEIPT-SHL,N-03-11766,20,0,0,4.8,160,MADISON,0.03,4/3/2024 14:19,4/3/2024 13:44,Price Code 1,CUSTOMER PICKUP,False,Food Bank of Northeast Georgia,01,30633.0,Danielsville,PEPSI MINI CANS,Beverages
571,181987,875,F-122,Freedom Church of God,484591,,FP/OP/USDA,FOOD PANTRY-Agency,BLUE RECEIPT-SHL,W-04-10000,10,0,0,0.0,10,MADISON,0.0,6/6/2024 14:21,6/6/2024 14:03,Price Code 1,CUSTOMER PICKUP,False,Sharing Floor Athens,01-SH,30530.0,Commerce,"BREAD & BAKERY, ASSORTED SHL",Grains
137,177625,696,J-100,Jubilee Partners,480245,,FP/OP/GNAP,RESIDENTIAL-Agency,LOCAL - LL,W-25-10000,26,0,0,4.68,26,MADISON,0.18,3/20/2024 13:23,3/20/2024 8:47,Price Code 1,CUSTOMER PICKUP,False,Sharing Floor Athens,01-SH,30629.0,Comer,"ASSORTED SNACK ITEMS, LL",Food Misc.
137,173891,696,J-100,Jubilee Partners,477520,,FP/OP/GNAP,RESIDENTIAL-Agency,LOCAL - LL,W-25-10000,26,0,0,4.68,26,MADISON,0.18,1/31/2024 13:23,1/31/2024 8:48,Price Code 1,CUSTOMER PICKUP,False,Sharing Floor Athens,01-SH,30629.0,Comer,"ASSORTED SNACK ITEMS, LL",Food Misc.
477,175187,8837,W-117,Waggoners Grove Baptist Church,477816,,FP/OP/GNAP/USDA,FOOD PANTRY-Agency,BLUE RECEIPT-SHL,N-03-11773,10,0,0,0.0,100,MADISON,0.0,2/14/2024 10:00,2/14/2024 9:40,Price Code 1,CUSTOMER PICKUP,False,Food Bank of Northeast Georgia,01,30628.0,Colbert,MT DEW PASSSIONFRUIT PUNCH,Beverages
915,182123,8974,T-122,Tabors Chapel CME Church,FAIMPORT484727,,DIRECT ASSISTANCE,DIRECT ASSISTANCE-Agency,BLUE RECEIPT-SHL,MCW-04-10000,28,0,0,0.0,28,MADISON,0.0,6/3/2024 0:00,6/3/2024 0:00,Price Code 1,CUSTOMER PICKUP,False,Food Bank of Northeast Georgia,01,30633.0,Danielsville,"BREAD AND BAKERY, SHL RETAIL PICKUPS",Grains
371,177136,5681,E-111,Evangelical Methodist Church - Danielsville,479757,,FOOD PANTRY,FOOD PANTRY-Agency,LOCAL - LL,C-16-10000,22,0,0,3.96,22,MADISON,0.18,3/12/2024 13:56,3/12/2024 11:22,Price Code 1,CUSTOMER PICKUP,False,Sharing Floor Athens,01-SH,30633.0,Danielsville,"COOLER FOOD, MISC. LL",Food Misc.
981,177258,5772,D-111,Divine Healing Ministry of Recovery Inc.,479878,,ON PREMISES (OP),REHAB-Agency,LOCAL - LL,C-28-10000,30,0,0,0.9,30,MADISON,0.03,3/13/2024 15:05,3/13/2024 15:09,Price Code 1,CONTACT FOR DELIVERY,False,Sharing Floor Athens,01-SH,30633.0,Commerce,"PRODUCE, FRESH LL",Mixed Produce
477,177662,875,W-117,Waggoners Grove Baptist Church,480282,,FP/OP/GNAP/USDA,FOOD PANTRY-Agency,BLUE RECEIPT-SHL,W-04-10000,16,0,0,0.0,16,MADISON,0.0,3/20/2024 14:38,3/20/2024 14:04,Price Code 1,CUSTOMER PICKUP,False,Sharing Floor Athens,01-SH,30628.0,Colbert,"BREAD & BAKERY, ASSORTED SHL",Grains
137,176739,5938,J-100,Jubilee Partners,479362,,FP/OP/GNAP,RESIDENTIAL-Agency,BLUE RECEIPT-SHL,C-28-10001,196,0,0,5.88,196,MADISON,0.03,3/6/2024 13:23,3/6/2024 8:52,Price Code 1,CUSTOMER PICKUP,False,Sharing Floor Athens,01-SH,30629.0,Comer,"PRODUCE, FRESH SHL",Mixed Produce
842,175620,875,C-153,Cedar Grove Baptist Church,478248,,FP/GNAP/USDA,FOOD PANTRY-Agency,BLUE RECEIPT-SHL,W-04-10000,14,0,0,0.0,14,MADISON,0.0,2/14/2024 8:30,2/14/2024 10:39,Price Code 1,CUSTOMER PICKUP,False,Sharing Floor Athens,01-SH,30629.0,Comer,"BREAD & BAKERY, ASSORTED SHL",Grains
477,180880,1045,W-117,Waggoners Grove Baptist Church,483486,,FP/OP/GNAP/USDA,FOOD PANTRY-Agency,BLUE RECEIPT-SHL,W-25-10009,10,0,0,1.8,10,MADISON,0.18,5/15/2024 14:38,5/15/2024 13:47,Price Code 1,CUSTOMER PICKUP,False,Sharing Floor Athens,01-SH,30628.0,Colbert,"ASSORTED SNACK ITEMS, SHL",Food Misc.
549,180225,3203,R-120,Roger's Baptist Church,482831,,FP/OP/USDA,FOOD PANTRY-Agency,USDA,N-50-10289,7,0,0,31.5,175,MADISON,0.18,5/21/2024 13:45,5/21/2024 14:04,Price Code 1,CUSTOMER PICKUP,False,Food Bank of Northeast Georgia,01,30530.0,Commerce,USDA PECAN PIECES,Proteins
571,182363,8976,F-122,Freedom Church of God,FAIMPORT484967,,FP/OP/USDA,FOOD PANTRY-Agency,BLUE RECEIPT-SHL,MCC-28-10001,45,0,0,0.0,45,MADISON,0.0,6/14/2024 0:00,6/14/2024 0:00,Price Code 1,CUSTOMER PICKUP,False,Food Bank of Northeast Georgia,01,30530.0,Commerce,"PRODUCE, SHL RETAIL PICKUPS",Mixed Produce
915,175083,8854,T-122,Tabors Chapel CME Church,477713,,DIRECT ASSISTANCE,DIRECT ASSISTANCE-Agency,BLUE RECEIPT-SHL,N-03-11776,2,0,0,0.0,66,MADISON,0.0,2/8/2024 14:19,2/9/2024 11:41,Price Code 1,CUSTOMER PICKUP,False,Food Bank of Northeast Georgia,01,30633.0,Danielsville,DR PEPPER STRAWBERRIES & CREAM,Beverages
477,182597,5938,W-117,Waggoners Grove Baptist Church,485200,,FP/OP/GNAP/USDA,FOOD PANTRY-Agency,BLUE RECEIPT-SHL,C-28-10001,33,0,0,0.99,33,MADISON,0.03,6/26/2024 14:38,6/26/2024 13:34,Price Code 1,CUSTOMER PICKUP,False,Sharing Floor Athens,01-SH,30628.0,Colbert,"PRODUCE, FRESH SHL",Mixed Produce
549,178348,7083,R-120,Roger's Baptist Church,480964,,FP/OP/USDA,FOOD PANTRY-Agency,USDA,C-50-10029,6,0,0,12.96,72,MADISON,0.18,4/16/2024 13:30,4/16/2024 14:00,Price Code 1,CUSTOMER PICKUP,False,Food Bank of Northeast Georgia,01,30530.0,Commerce,"USDA MILD CHEDDAR CHEESE, BLOCK CCC",Dairy
915,175928,8956,T-122,Tabors Chapel CME Church,478556,,DIRECT ASSISTANCE,DIRECT ASSISTANCE-Agency,BLUE RECEIPT-SHL,N-03-11817,2,0,0,0.0,28,MADISON,0.0,2/26/2024 14:19,2/26/2024 12:55,Price Code 1,CUSTOMER PICKUP,False,Food Bank of Northeast Georgia,01,30633.0,Danielsville,TWISTER CHERRY BERRY BLAST,Beverages
571,175585,5088,F-122,Freedom Church of God,478213,,FP/OP/USDA,FOOD PANTRY-Agency,USDA,F-50-90023,5,0,0,0.0,125,MADISON,0.0,2/16/2024 14:21,2/20/2024 9:32,Price Code 1,CUSTOMER PICKUP,False,Food Bank of Northeast Georgia,01,30530.0,Commerce,USDA FROZEN PEACHES CCC,Fruits
571,180972,8975,F-122,Freedom Church of God,FAIMPORT483578,,FP/OP/USDA,FOOD PANTRY-Agency,BLUE RECEIPT-SHL,MCC-07-10001,36,0,0,0.0,36,MADISON,0.0,5/14/2024 0:00,5/14/2024 0:00,Price Code 1,CUSTOMER PICKUP,False,Food Bank of Northeast Georgia,01,30530.0,Commerce,"DAIRY PRODUCTS, SHL RETAIL PICKUPS",Dairy
939,177459,1674,M-140,Madison County MedLink Georgia,480079,,FP/USDA,FOOD PANTRY-Agency,USDA,N-50-10073,9,0,0,0.0,243,MADISON,0.0,3/21/2024 8:00,4/1/2024 8:07,Mobile Pantry/Feed Site Only,TRUCK 1 MOBILE PANTRY,False,Food Bank of Northeast Georgia,01,30628.0,Colbert,USDA TOMATO SAUCE,Vegetables
915,176926,8987,T-122,Tabors Chapel CME Church,479548,,DIRECT ASSISTANCE,DIRECT ASSISTANCE-Agency,BLUE RECEIPT-SHL,F-15-90558,3,0,0,13.5,75,MADISON,0.18,3/13/2024 14:19,3/13/2024 12:49,Price Code 1,CUSTOMER PICKUP,False,Food Bank of Northeast Georgia,01,30633.0,Danielsville,PERDUE CHICKEN DRUMSTICKS,Proteins
981,178329,8974,D-111,Divine Healing Ministry of Recovery Inc.,480945,,ON PREMISES (OP),REHAB-Agency,BLUE RECEIPT-SHL,MCW-04-10000,12,0,0,0.0,12,MADISON,0.0,4/4/2024 14:22,4/4/2024 14:26,Price Code 1,CONTACT FOR DELIVERY,False,Sharing Floor Athens,01-SH,30633.0,Commerce,"BREAD AND BAKERY, SHL RETAIL PICKUPS",Grains
1010,179258,5407,F-143,Freedom C.H. Church,481871,,FP/USDA,FOOD PANTRY-Agency,BLUE RECEIPT-SHL,F-15-10000,53,0,0,9.54,53,MADISON,0.18,4/19/2024 10:35,4/19/2024 10:38,Price Code 1,CUSTOMER PICKUP,False,Sharing Floor Athens,01-SH,30662.0,Royston,"MEAT & SEAFOOD, FROZEN SHL",Proteins
842,175063,3122,C-153,Cedar Grove Baptist Church,477693,,FP/GNAP/USDA,FOOD PANTRY-Agency,GNAP,N-40-10174,3,0,0,4.2,42,MADISON,0.1,2/14/2024 10:00,2/20/2024 14:48,Price Code 1,CUSTOMER PICKUP,False,Food Bank of Northeast Georgia,01,30629.0,Comer,"GNAP BLACKEYE PEAS, LOW SODIUM",Proteins
915,182493,8974,T-122,Tabors Chapel CME Church,FAIMPORT485097,,DIRECT ASSISTANCE,DIRECT ASSISTANCE-Agency,BLUE RECEIPT-SHL,MCW-04-10000,42,0,0,0.0,42,MADISON,0.0,6/17/2024 0:00,6/17/2024 0:00,Price Code 1,CUSTOMER PICKUP,False,Food Bank of Northeast Georgia,01,30633.0,Danielsville,"BREAD AND BAKERY, SHL RETAIL PICKUPS",Grains
898,181004,683,M-132,Meadow Baptist Church,483609,,FP/USDA,DIRECT ASSISTANCE-Agency,BLUE RECEIPT-SHL,W-16-10001,177,0,0,31.86,177,MADISON,0.18,5/17/2024 10:02,5/17/2024 8:46,Price Code 1,CUSTOMER PICKUP,False,Sharing Floor Athens,01-SH,30629.0,Comer,MISC. FOOD BOX SHL,Food Misc.
571,182603,696,F-122,Freedom Church of God,485206,,FP/OP/USDA,FOOD PANTRY-Agency,LOCAL - LL,W-25-10000,18,0,0,3.24,18,MADISON,0.18,6/26/2024 14:21,6/26/2024 15:23,Price Code 1,CUSTOMER PICKUP,False,Sharing Floor Athens,01-SH,30530.0,Commerce,"ASSORTED SNACK ITEMS, LL",Food Misc.
571,181537,8975,F-122,Freedom Church of God,FAIMPORT484141,,FP/OP/USDA,FOOD PANTRY-Agency,BLUE RECEIPT-SHL,MCC-07-10001,88,0,0,0.0,88,MADISON,0.0,5/23/2024 0:00,5/23/2024 0:00,Price Code 1,CUSTOMER PICKUP,False,Food Bank of Northeast Georgia,01,30530.0,Commerce,"DAIRY PRODUCTS, SHL RETAIL PICKUPS",Dairy
799,179019,6780,C-149,Colbert Methodist Church,481633,,FP/GNAP/USDA,FOOD PANTRY-Agency,USDA,C-50-10024,3,0,0,0.0,129,MADISON,0.0,4/19/2024 8:56,4/19/2024 13:30,Price Code 1,CUSTOMER PICKUP,False,Food Bank of Northeast Georgia,01,30628.0,Colbert,USDA APPLES,Fruits
549,176868,8915,R-120,Roger's Baptist Church,479490,,FP/OP/USDA,FOOD PANTRY-Agency,USDA,F-50-90474,3,0,0,12.0,120,MADISON,0.1,3/19/2024 13:30,3/19/2024 13:52,Price Code 1,CUSTOMER PICKUP,False,Food Bank of Northeast Georgia,01,30530.0,Commerce,USDA PACIFIC SALAD SHRIMP,Proteins
799,178471,8995,C-149,Colbert Methodist Church,481087,,FP/GNAP/USDA,FOOD PANTRY-Agency,BLUE RECEIPT-SHL,N-21-10067,3,0,0,2.7,15,MADISON,0.18,4/10/2024 9:56,4/10/2024 12:52,Price Code 1,CUSTOMER PICKUP,False,Food Bank of Northeast Georgia,01,30628.0,Colbert,"RAMEN, MARUCHAN SHRIMP",Prepared Meals
915,177798,8972,T-122,Tabors Chapel CME Church,FAIMPORT480417,,DIRECT ASSISTANCE,DIRECT ASSISTANCE-Agency,BLUE RECEIPT-SHL,MCF-15-10000,20,0,0,0.0,20,MADISON,0.0,3/18/2024 0:00,3/18/2024 0:00,Price Code 1,CUSTOMER PICKUP,False,Food Bank of Northeast Georgia,01,30633.0,Danielsville,"FROZEN MEAT & SEAFOOD, SHL RETAIL PICKUP",Proteins
477,176149,8957,W-117,Waggoners Grove Baptist Church,478776,,FP/OP/GNAP/USDA,FOOD PANTRY-Agency,YELLOW RECEIPT - SHN,N-25-11956,4,0,0,2.88,16,MADISON,0.18,3/1/2024 14:38,3/1/2024 8:14,Price Code 1,CUSTOMER PICKUP,False,Food Bank of Northeast Georgia,01,30628.0,Colbert,HONEYMAID GRAHAM CRACKERS,Grains
836,180311,1047,G-122,Gordon's Chapel Methodist Church,482917,,FP/USDA,FOOD PANTRY-Agency,USDA,N-50-10041,2,0,0,17.64,98,MADISON,0.18,5/15/2024 14:15,5/15/2024 13:29,Price Code 1,CUSTOMER PICKUP,False,Food Bank of Northeast Georgia,01,30646.0,Hull,USDA RICE,Grains
477,178456,9011,W-117,Waggoners Grove Baptist Church,481072,,FP/OP/GNAP/USDA,FOOD PANTRY-Agency,YELLOW RECEIPT - SHN,N-03-11830,5,0,0,30.6,170,MADISON,0.18,4/15/2024 10:00,4/15/2024 10:21,Price Code 1,CUSTOMER PICKUP,False,Food Bank of Northeast Georgia,01,30628.0,Colbert,DASANI WATER,Beverages
371,175874,690,E-111,Evangelical Methodist Church - Danielsville,478502,,FOOD PANTRY,FOOD PANTRY-Agency,BLUE RECEIPT-SHL,W-03-10013,240,0,0,0.0,240,MADISON,0.0,2/20/2024 13:56,2/20/2024 11:19,Price Code 1,CUSTOMER PICKUP,False,Sharing Floor Athens,01-SH,30633.0,Danielsville,"ASSORTED BEVERAGES, SHL",Beverages
137,180840,5407,J-100,Jubilee Partners,483446,,FP/OP/GNAP,RESIDENTIAL-Agency,BLUE RECEIPT-SHL,F-15-10000,20,0,0,3.6,20,MADISON,0.18,5/15/2024 13:23,5/15/2024 8:42,Price Code 1,CUSTOMER PICKUP,False,Sharing Floor Athens,01-SH,30629.0,Comer,"MEAT & SEAFOOD, FROZEN SHL",Proteins
549,175902,1045,R-120,Roger's Baptist Church,478530,,FP/OP/USDA,FOOD PANTRY-Agency,BLUE RECEIPT-SHL,W-25-10009,34,0,0,6.12,34,MADISON,0.18,2/20/2024 15:13,2/20/2024 13:59,Price Code 1,CUSTOMER PICKUP,False,Sharing Floor Athens,01-SH,30530.0,Commerce,"ASSORTED SNACK ITEMS, SHL",Food Misc.
799,177743,3139,C-149,Colbert Methodist Church,480362,,FP/GNAP/USDA,FOOD PANTRY-Agency,USDA,N-50-10290,4,0,0,18.0,100,MADISON,0.18,3/26/2024 9:56,3/26/2024 10:42,Price Code 1,CUSTOMER PICKUP,False,Food Bank of Northeast Georgia,01,30628.0,Colbert,USDA WHOLE ALMONDS DRY ROASTED,Proteins
477,180389,8874,W-117,Waggoners Grove Baptist Church,482995,,FP/OP/GNAP/USDA,FOOD PANTRY-Agency,YELLOW RECEIPT - SHN,F-10-10002,1,0,0,0.09,3,MADISON,0.03,5/17/2024 11:00,5/20/2024 10:32,Price Code 1,CUSTOMER PICKUP,False,Food Bank of Northeast Georgia,01,30628.0,Colbert,OUTSHINE TROPICAL SMOOTHIE CUBES,Beverages
571,179571,696,F-122,Freedom Church of God,482184,,FP/OP/USDA,FOOD PANTRY-Agency,LOCAL - LL,W-25-10000,18,0,0,3.24,18,MADISON,0.18,4/24/2024 14:21,4/24/2024 14:40,Price Code 1,CUSTOMER PICKUP,False,Sharing Floor Athens,01-SH,30530.0,Commerce,"ASSORTED SNACK ITEMS, LL",Food Misc.
915,176984,8782,T-122,Tabors Chapel CME Church,479606,,DIRECT ASSISTANCE,DIRECT ASSISTANCE-Agency,BLUE RECEIPT-SHL,N-03-11754,4,0,0,3.36,112,MADISON,0.03,3/13/2024 14:19,3/13/2024 12:48,Price Code 1,CUSTOMER PICKUP,False,Food Bank of Northeast Georgia,01,30633.0,Danielsville,LIPTON GREEN TEA CITRUS,Beverages
477,173926,92,W-117,Waggoners Grove Baptist Church,477555,,FP/OP/GNAP/USDA,FOOD PANTRY-Agency,LOCAL - LL,W-01-10002,3,0,0,0.54,3,MADISON,0.18,1/31/2024 14:38,1/31/2024 13:57,Price Code 1,CUSTOMER PICKUP,False,Sharing Floor Athens,01-SH,30628.0,Colbert,"ASSORTED NON-FOOD ITEMS, LL",Non-Food Misc.
571,181303,8976,F-122,Freedom Church of God,FAIMPORT483907,,FP/OP/USDA,FOOD PANTRY-Agency,BLUE RECEIPT-SHL,MCC-28-10001,47,0,0,0.0,47,MADISON,0.0,5/17/2024 0:00,5/17/2024 0:00,Price Code 1,CUSTOMER PICKUP,False,Food Bank of Northeast Georgia,01,30530.0,Commerce,"PRODUCE, SHL RETAIL PICKUPS",Mixed Produce
137,173168,683,J-100,Jubilee Partners,476798,,FP/OP/GNAP,RESIDENTIAL-Agency,BLUE RECEIPT-SHL,W-16-10001,31,0,0,0.0,31,MADISON,0.0,1/17/2024 13:23,1/17/2024 9:04,Price Code 1,CUSTOMER PICKUP,False,Sharing Floor Athens,01-SH,30629.0,Comer,MISC. FOOD BOX SHL,Food Misc.
549,172672,8851,R-120,Roger's Baptist Church,476303,,FP/OP/USDA,FOOD PANTRY-Agency,PURCH,N-11-11071,8,0,0,8.64,48,MADISON,0.18,1/16/2024 13:30,1/16/2024 14:36,Price Code 1,CUSTOMER PICKUP,False,Food Bank of Northeast Georgia,01,30530.0,Commerce,"CHICKEN STUFFING, PREMIER PANTRY",Prepared Meals
571,182650,8975,F-122,Freedom Church of God,FAIMPORT485253,,FP/OP/USDA,FOOD PANTRY-Agency,BLUE RECEIPT-SHL,MCC-07-10001,280,0,0,0.0,280,MADISON,0.0,6/28/2024 0:00,6/28/2024 0:00,Price Code 1,CUSTOMER PICKUP,False,Food Bank of Northeast Georgia,01,30530.0,Commerce,"DAIRY PRODUCTS, SHL RETAIL PICKUPS",Dairy
571,172819,8790,F-122,Freedom Church of God,476450,,FP/OP/USDA,FOOD PANTRY-Agency,BLUE RECEIPT-SHL,N-03-11758,1,0,0,0.0,13,MADISON,0.0,1/12/2024 14:21,1/12/2024 12:55,Price Code 1,CUSTOMER PICKUP,False,Food Bank of Northeast Georgia,01,30530.0,Commerce,PROPEL LEMON,Beverages
371,180626,8971,E-111,Evangelical Methodist Church - Danielsville,FAIMPORT483232,,FOOD PANTRY,FOOD PANTRY-Agency,BLUE RECEIPT-SHL,MCF-16-10001,11,0,0,0.0,11,MADISON,0.0,5/9/2024 0:00,5/9/2024 0:00,Price Code 1,CUSTOMER PICKUP,False,Food Bank of Northeast Georgia,01,30633.0,Danielsville,"FROZEN FOODS, MISC SHL RETAIL PICKUP",Food Misc.
981,182469,5938,D-111,Divine Healing Ministry of Recovery Inc.,485073,,ON PREMISES (OP),REHAB-Agency,BLUE RECEIPT-SHL,C-28-10001,82,0,0,2.46,82,MADISON,0.03,6/21/2024 10:58,6/21/2024 11:05,Price Code 1,CONTACT FOR DELIVERY,False,Sharing Floor Athens,01-SH,30633.0,Commerce,"PRODUCE, FRESH SHL",Mixed Produce
1010,182020,5938,F-143,Freedom C.H. Church,484624,,FP/USDA,FOOD PANTRY-Agency,BLUE RECEIPT-SHL,C-28-10001,95,0,0,0.0,95,MADISON,0.0,6/7/2024 10:14,6/7/2024 10:19,Price Code 1,CUSTOMER PICKUP,False,Sharing Floor Athens,01-SH,30662.0,Royston,"PRODUCE, FRESH SHL",Mixed Produce
571,175034,690,F-122,Freedom Church of God,477664,,FP/OP/USDA,FOOD PANTRY-Agency,BLUE RECEIPT-SHL,W-03-10013,64,0,0,0.0,64,MADISON,0.0,2/2/2024 14:21,2/2/2024 11:46,Price Code 1,CUSTOMER PICKUP,False,Sharing Floor Athens,01-SH,30530.0,Commerce,"ASSORTED BEVERAGES, SHL",Beverages
410,173794,8854,C-110,Colbert First Baptist Church,477423,,FP/GNAP/USDA,FOOD PANTRY-Agency,BLUE RECEIPT-SHL,N-03-11776,2,0,0,0.0,66,MADISON,0.0,2/2/2024 12:40,2/7/2024 8:03,Price Code 1,CUSTOMER PICKUP,False,Food Bank of Northeast Georgia,01,30628.0,Colbert,DR PEPPER STRAWBERRIES & CREAM,Beverages
915,180636,8975,T-122,Tabors Chapel CME Church,FAIMPORT483242,,DIRECT ASSISTANCE,DIRECT ASSISTANCE-Agency,BLUE RECEIPT-SHL,MCC-07-10001,20,0,0,0.0,20,MADISON,0.0,5/9/2024 0:00,5/9/2024 0:00,Price Code 1,CUSTOMER PICKUP,False,Food Bank of Northeast Georgia,01,30633.0,Danielsville,"DAIRY PRODUCTS, SHL RETAIL PICKUPS",Dairy
1010,180599,690,F-143,Freedom C.H. Church,483205,,FP/USDA,FOOD PANTRY-Agency,BLUE RECEIPT-SHL,W-03-10013,72,0,0,0.0,72,MADISON,0.0,5/10/2024 10:27,5/10/2024 10:31,Price Code 1,CUSTOMER PICKUP,False,Sharing Floor Athens,01-SH,30662.0,Royston,"ASSORTED BEVERAGES, SHL",Beverages
571,180061,1045,F-122,Freedom Church of God,482669,,FP/OP/USDA,FOOD PANTRY-Agency,BLUE RECEIPT-SHL,W-25-10009,57,0,0,0.0,57,MADISON,0.0,5/2/2024 14:21,5/2/2024 9:36,Price Code 1,CUSTOMER PICKUP,False,Sharing Floor Athens,01-SH,30530.0,Commerce,"ASSORTED SNACK ITEMS, SHL",Food Misc.
915,175672,8854,T-122,Tabors Chapel CME Church,478300,,DIRECT ASSISTANCE,DIRECT ASSISTANCE-Agency,BLUE RECEIPT-SHL,N-03-11776,10,0,0,0.0,330,MADISON,0.0,2/21/2024 14:19,2/21/2024 10:46,Price Code 1,CUSTOMER PICKUP,False,Food Bank of Northeast Georgia,01,30633.0,Danielsville,DR PEPPER STRAWBERRIES & CREAM,Beverages
137,181912,683,J-100,Jubilee Partners,484516,,FP/OP/GNAP,RESIDENTIAL-Agency,BLUE RECEIPT-SHL,W-16-10001,294,0,0,52.92,294,MADISON,0.18,6/5/2024 13:23,6/5/2024 8:56,Price Code 1,CUSTOMER PICKUP,False,Sharing Floor Athens,01-SH,30629.0,Comer,MISC. FOOD BOX SHL,Food Misc.
477,173805,84,W-117,Waggoners Grove Baptist Church,477434,,FP/OP/GNAP/USDA,FOOD PANTRY-Agency,USDA,N-50-10006,1,0,0,4.86,27,MADISON,0.18,2/2/2024 11:00,2/2/2024 10:34,Price Code 1,CUSTOMER PICKUP,False,Food Bank of Northeast Georgia,01,30628.0,Colbert,USDA GREEN BEANS,Vegetables
410,176230,8946,C-110,Colbert First Baptist Church,478856,,FP/GNAP/USDA,FOOD PANTRY-Agency,BLUE RECEIPT-SHL,N-03-11810,3,0,0,0.0,42,MADISON,0.0,2/29/2024 12:40,2/29/2024 14:28,Price Code 1,CUSTOMER PICKUP,False,Food Bank of Northeast Georgia,01,30628.0,Colbert,PROPEL ORANGE RASPBERRY,Beverages
571,173193,875,F-122,Freedom Church of God,476823,,FP/OP/USDA,FOOD PANTRY-Agency,BLUE RECEIPT-SHL,W-04-10000,42,0,0,0.0,42,MADISON,0.0,1/17/2024 14:21,1/17/2024 12:01,Price Code 1,CUSTOMER PICKUP,False,Sharing Floor Athens,01-SH,30530.0,Commerce,"BREAD & BAKERY, ASSORTED SHL",Grains
549,177565,5407,R-120,Roger's Baptist Church,480185,,FP/OP/USDA,FOOD PANTRY-Agency,BLUE RECEIPT-SHL,F-15-10000,110,0,0,0.0,110,MADISON,0.0,3/19/2024 15:13,3/19/2024 13:59,Price Code 1,CUSTOMER PICKUP,False,Sharing Floor Athens,01-SH,30530.0,Commerce,"MEAT & SEAFOOD, FROZEN SHL",Proteins
799,172829,8852,C-149,Colbert Methodist Church,476460,,FP/GNAP/USDA,FOOD PANTRY-Agency,PURCH,N-23-10010,5,0,0,11.7,65,MADISON,0.18,1/16/2024 9:56,1/25/2024 8:57,Price Code 1,CUSTOMER PICKUP,False,Food Bank of Northeast Georgia,01,30628.0,Colbert,NUT'N BETTER CREAMY PEANUT BUTTER - RED SUGAR & SODIUM,Proteins
915,179296,8975,T-122,Tabors Chapel CME Church,FAIMPORT481909,,DIRECT ASSISTANCE,DIRECT ASSISTANCE-Agency,BLUE RECEIPT-SHL,MCC-07-10001,17,0,0,0.0,17,MADISON,0.0,4/15/2024 0:00,4/15/2024 0:00,Price Code 1,CUSTOMER PICKUP,False,Food Bank of Northeast Georgia,01,30633.0,Danielsville,"DAIRY PRODUCTS, SHL RETAIL PICKUPS",Dairy
571,178397,9007,F-122,Freedom Church of God,481013,,FP/OP/USDA,FOOD PANTRY-Agency,BLUE RECEIPT-SHL,N-03-11826,1,0,0,0.0,11,MADISON,0.0,4/11/2024 14:21,4/11/2024 13:26,Price Code 1,CUSTOMER PICKUP,False,Food Bank of Northeast Georgia,01,30530.0,Commerce,PEPSI NITRO DRAFT COLA 12PK,Beverages
981,176021,696,D-111,Divine Healing Ministry of Recovery Inc.,478649,,ON PREMISES (OP),REHAB-Agency,LOCAL - LL,W-25-10000,89,0,0,16.02,89,MADISON,0.18,2/22/2024 11:43,2/22/2024 11:51,Price Code 1,CONTACT FOR DELIVERY,False,Sharing Floor Athens,01-SH,30633.0,Commerce,"ASSORTED SNACK ITEMS, LL",Food Misc.
571,177546,842,F-122,Freedom Church of God,480166,,FP/OP/USDA,FOOD PANTRY-Agency,USDA,N-50-10021,13,0,0,0.0,351,MADISON,0.0,3/22/2024 14:21,3/23/2024 6:46,Price Code 1,TRUCK 1 MOBILE PANTRY,False,Food Bank of Northeast Georgia,01,30530.0,Commerce,USDA DICED TOMATOES NO SALT CCC,Vegetables
915,172429,8873,T-122,Tabors Chapel CME Church,476060,,DIRECT ASSISTANCE,DIRECT ASSISTANCE-Agency,YELLOW RECEIPT - SHN,F-10-10001,10,0,0,0.9,30,MADISON,0.03,1/5/2024 14:19,1/5/2024 13:18,Price Code 1,CUSTOMER PICKUP,False,Food Bank of Northeast Georgia,01,30633.0,Danielsville,OUTSHINE STRAWBERRY BANANA SMOOTHIE CUBES,Beverages
915,182361,8972,T-122,Tabors Chapel CME Church,FAIMPORT484965,,DIRECT ASSISTANCE,DIRECT ASSISTANCE-Agency,BLUE RECEIPT-SHL,MCF-15-10000,48,0,0,0.0,48,MADISON,0.0,6/13/2024 0:00,6/13/2024 0:00,Price Code 1,CUSTOMER PICKUP,False,Food Bank of Northeast Georgia,01,30633.0,Danielsville,"FROZEN MEAT & SEAFOOD, SHL RETAIL PICKUP",Proteins
477,180901,7164,W-117,Waggoners Grove Baptist Church,483507,,FP/OP/GNAP/USDA,FOOD PANTRY-Agency,BLUE RECEIPT-SHL,N-03-11197,16,0,0,0.0,160,MADISON,0.0,6/3/2024 10:00,6/3/2024 11:49,Price Code 1,CUSTOMER PICKUP,False,Food Bank of Northeast Georgia,01,30628.0,Colbert,MT DEW ZERO SUGAR MAJOR MELON,Beverages
571,175776,6692,F-122,Freedom Church of God,478404,,FP/OP/USDA,FOOD PANTRY-Agency,LOCAL - LL,C-28-90422,2,0,0,0.0,100,MADISON,0.0,2/22/2024 14:21,2/22/2024 14:22,Price Code 1,CUSTOMER PICKUP,False,Food Bank of Northeast Georgia,01,30530.0,Commerce,"APPLES, LL",Fruits
477,175633,875,W-117,Waggoners Grove Baptist Church,478261,,FP/OP/GNAP/USDA,FOOD PANTRY-Agency,BLUE RECEIPT-SHL,W-04-10000,15,0,0,0.0,15,MADISON,0.0,2/14/2024 14:38,2/23/2024 10:28,Price Code 1,CUSTOMER PICKUP,False,Sharing Floor Athens,01-SH,30628.0,Colbert,"BREAD & BAKERY, ASSORTED SHL",Grains
477,181908,9084,W-117,Waggoners Grove Baptist Church,484512,,FP/OP/GNAP/USDA,FOOD PANTRY-Agency,USDA,N-50-10315,2,0,0,9.72,54,MADISON,0.18,6/18/2024 8:33,6/24/2024 9:56,Price Code 1,CUSTOMER PICKUP,False,Food Bank of Northeast Georgia,01,30628.0,Colbert,USDA CANNED SALMON,Proteins
571,178863,9013,F-122,Freedom Church of God,481477,,FP/OP/USDA,FOOD PANTRY-Agency,USDA,N-50-10313,13,0,0,0.0,312,MADISON,0.0,4/16/2024 12:00,4/17/2024 7:07,Price Code 1,TRUCK 1 MOBILE PANTRY,False,Food Bank of Northeast Georgia,01,30530.0,Commerce,USDA LIGHT RED KIDNEY BEANS 24/1LB,Proteins
571,178397,8624,F-122,Freedom Church of God,481013,,FP/OP/USDA,FOOD PANTRY-Agency,BLUE RECEIPT-SHL,N-03-11260,6,0,0,0.0,72,MADISON,0.0,4/11/2024 14:21,4/11/2024 13:26,Price Code 1,CUSTOMER PICKUP,False,Food Bank of Northeast Georgia,01,30530.0,Commerce,STARRY ZERO SUGAR 12 X 12 FL OZ,Beverages
799,179019,8676,C-149,Colbert Methodist Church,481633,,FP/GNAP/USDA,FOOD PANTRY-Agency,LOCAL - LL,C-88-10000,250,0,0,0.0,250,MADISON,0.0,4/19/2024 8:56,4/19/2024 13:30,Price Code 1,CUSTOMER PICKUP,False,Food Bank of Northeast Georgia,01,30628.0,Colbert,"LFPA PRODUCE, MISC",Mixed Produce
477,181575,9063,W-117,Waggoners Grove Baptist Church,484179,,FP/OP/GNAP/USDA,FOOD PANTRY-Agency,LOCAL - LL,N-25-11976,2,0,0,5.04,28,MADISON,0.18,6/24/2024 11:00,6/24/2024 9:31,Price Code 1,CUSTOMER PICKUP,False,Food Bank of Northeast Georgia,01,30628.0,Colbert,MINI SOFT BAKED COOKIES LUCKY CHARMS,Food Misc.
1010,180924,690,F-143,Freedom C.H. Church,483530,,FP/USDA,FOOD PANTRY-Agency,BLUE RECEIPT-SHL,W-03-10013,13,0,0,0.0,13,MADISON,0.0,5/16/2024 9:44,5/16/2024 9:48,Price Code 1,CUSTOMER PICKUP,False,Sharing Floor Athens,01-SH,30662.0,Royston,"ASSORTED BEVERAGES, SHL",Beverages
477,173769,8930,W-117,Waggoners Grove Baptist Church,477398,,FP/OP/GNAP/USDA,FOOD PANTRY-Agency,BLUE RECEIPT-SHL,N-03-11805,5,0,0,0.0,90,MADISON,0.0,2/2/2024 14:38,2/2/2024 12:09,Price Code 1,CUSTOMER PICKUP,False,Food Bank of Northeast Georgia,01,30628.0,Colbert,GATORADE ORANGE ZERO SUGAR,Beverages
915,182222,8973,T-122,Tabors Chapel CME Church,FAIMPORT484826,,DIRECT ASSISTANCE,DIRECT ASSISTANCE-Agency,BLUE RECEIPT-SHL,MCC-16-10001,57,0,0,0.0,57,MADISON,0.0,6/6/2024 0:00,6/6/2024 0:00,Price Code 1,CUSTOMER PICKUP,False,Food Bank of Northeast Georgia,01,30633.0,Danielsville,"COOLER FOOD MISC., SHL RETAIL PICKUP",Food Misc.
892,175140,8914,L-114,Legacy Baptist Church,477769,,FP/USDA,FOOD PANTRY-Agency,USDA,N-50-10310,2,0,0,9.72,54,MADISON,0.18,2/13/2024 11:15,2/13/2024 11:07,Price Code 1,CUSTOMER PICKUP,False,Food Bank of Northeast Georgia,01,30646.0,Hull,USDA DICED POTATOES,Potatoes 
981,173490,5958,D-111,Divine Healing Ministry of Recovery Inc.,477119,,ON PREMISES (OP),REHAB-Agency,BLUE RECEIPT-SHL,C-16-10001,59,0,0,10.62,59,MADISON,0.18,1/23/2024 14:24,1/23/2024 14:29,Price Code 1,CONTACT FOR DELIVERY,False,Sharing Floor Athens,01-SH,30633.0,Commerce,"COOLER FOOD, MISC. SHL",Food Misc.
981,178844,8834,D-111,Divine Healing Ministry of Recovery Inc.,481458,,ON PREMISES (OP),REHAB-Agency,BLUE RECEIPT-SHL,N-03-11770,8,0,0,0.0,80,MADISON,0.0,4/17/2024 7:59,4/17/2024 11:59,Price Code 1,CONTACT FOR DELIVERY,False,Food Bank of Northeast Georgia,01,30633.0,Commerce,MT DEW ZERO SUGAR,Beverages
477,180901,6936,W-117,Waggoners Grove Baptist Church,483507,,FP/OP/GNAP/USDA,FOOD PANTRY-Agency,BLUE RECEIPT-SHL,C-28-90388,2,0,0,1.2,60,MADISON,0.02,6/3/2024 10:00,6/3/2024 11:49,Price Code 1,CUSTOMER PICKUP,False,Food Bank of Northeast Georgia,01,30628.0,Colbert,PEACHES,Fruits
548,177570,1521,M-124,Moons Grove Baptist Church,480190,,FP/OP/USDA,FOOD PANTRY-Agency,USDA,N-50-10104,4,0,0,0.0,100,MADISON,0.0,3/22/2024 7:40,3/22/2024 9:06,Price Code 1,CUSTOMER PICKUP,False,Food Bank of Northeast Georgia,01,30628.0,Colbert,USDA LENTIL BEANS,Proteins
898,175519,8851,M-132,Meadow Baptist Church,478148,,FP/USDA,DIRECT ASSISTANCE-Agency,PURCH,N-11-11071,3,0,0,3.24,18,MADISON,0.18,2/16/2024 8:30,2/16/2024 8:03,Price Code 1,CUSTOMER PICKUP,False,Food Bank of Northeast Georgia,01,30629.0,Comer,"CHICKEN STUFFING, PREMIER PANTRY",Prepared Meals
981,172629,875,D-111,Divine Healing Ministry of Recovery Inc.,476260,,ON PREMISES (OP),REHAB-Agency,BLUE RECEIPT-SHL,W-04-10000,5,0,0,0.0,5,MADISON,0.0,1/5/2024 14:08,1/5/2024 14:10,Price Code 1,CONTACT FOR DELIVERY,False,Sharing Floor Athens,01-SH,30633.0,Commerce,"BREAD & BAKERY, ASSORTED SHL",Grains
477,179569,690,W-117,Waggoners Grove Baptist Church,482182,,FP/OP/GNAP/USDA,FOOD PANTRY-Agency,BLUE RECEIPT-SHL,W-03-10013,34,0,0,0.0,34,MADISON,0.0,4/24/2024 14:38,6/3/2024 11:29,Price Code 1,CUSTOMER PICKUP,False,Sharing Floor Athens,01-SH,30628.0,Colbert,"ASSORTED BEVERAGES, SHL",Beverages
981,178270,8996,D-111,Divine Healing Ministry of Recovery Inc.,480886,,ON PREMISES (OP),REHAB-Agency,LOCAL - LL,C-07-90662,2,0,0,0.0,28,MADISON,0.0,4/8/2024 16:51,4/11/2024 12:02,Price Code 1,CUSTOMER PICKUP,False,Food Bank of Northeast Georgia,01,30633.0,Commerce,DUNKIN COFFEE CREAMER,Food Misc.
519,176942,690,C-140,Colbert Living Waters Holiness Church,479564,,FP/OP/USDA,FOOD PANTRY-Agency,BLUE RECEIPT-SHL,W-03-10013,238,0,0,0.0,238,MADISON,0.0,3/8/2024 14:56,3/8/2024 10:49,Price Code 1,CUSTOMER PICKUP,False,Sharing Floor Athens,01-SH,30628.0,Colbert,"ASSORTED BEVERAGES, SHL",Beverages
892,181125,8997,L-114,Legacy Baptist Church,483730,,FP/USDA,FOOD PANTRY-Agency,USDA,N-50-10312,2,0,0,4.32,24,MADISON,0.18,5/24/2024 14:00,5/24/2024 14:13,Price Code 1,CUSTOMER PICKUP,False,Food Bank of Northeast Georgia,01,30646.0,Hull,USDA CHILI W/ BEANS CCC,Prepared Meals
915,178190,8976,T-122,Tabors Chapel CME Church,FAIMPORT480808,,DIRECT ASSISTANCE,DIRECT ASSISTANCE-Agency,BLUE RECEIPT-SHL,MCC-28-10001,40,0,0,0.0,40,MADISON,0.0,3/28/2024 0:00,3/28/2024 0:00,Price Code 1,CUSTOMER PICKUP,False,Food Bank of Northeast Georgia,01,30633.0,Danielsville,"PRODUCE, SHL RETAIL PICKUPS",Mixed Produce
832,173308,842,U-104,Union Baptist Church,476937,,FP/OP/USDA,FOOD PANTRY-Agency,USDA,N-50-10021,2,0,0,9.72,54,MADISON,0.18,1/30/2024 11:46,2/22/2024 14:24,Price Code 1,CUSTOMER PICKUP,False,Food Bank of Northeast Georgia,01,30646.0,Hull,USDA DICED TOMATOES NO SALT CCC,Vegetables
836,176972,1047,G-122,Gordon's Chapel Methodist Church,479594,,FP/USDA,FOOD PANTRY-Agency,USDA,N-50-10041,3,0,0,26.46,147,MADISON,0.18,3/13/2024 14:20,3/13/2024 12:48,Price Code 1,CUSTOMER PICKUP,False,Food Bank of Northeast Georgia,01,30646.0,Hull,USDA RICE,Grains
571,179757,6420,F-122,Freedom Church of God,482370,,FP/OP/USDA,FOOD PANTRY-Agency,BLUE RECEIPT-SHL,C-28-90141,1,0,0,0.0,50,MADISON,0.0,5/2/2024 14:21,5/2/2024 9:09,Price Code 1,CUSTOMER PICKUP,False,Food Bank of Northeast Georgia,01,30530.0,Commerce,ONIONS,Vegetables
371,175211,683,E-111,Evangelical Methodist Church - Danielsville,477840,,FOOD PANTRY,FOOD PANTRY-Agency,BLUE RECEIPT-SHL,W-16-10001,16,0,0,2.88,16,MADISON,0.18,2/6/2024 13:56,2/6/2024 11:14,Price Code 1,CUSTOMER PICKUP,False,Sharing Floor Athens,01-SH,30633.0,Danielsville,MISC. FOOD BOX SHL,Food Misc.
981,181627,875,D-111,Divine Healing Ministry of Recovery Inc.,484231,,ON PREMISES (OP),REHAB-Agency,BLUE RECEIPT-SHL,W-04-10000,15,0,0,0.0,15,MADISON,0.0,5/30/2024 11:27,5/30/2024 11:33,Price Code 1,CONTACT FOR DELIVERY,False,Sharing Floor Athens,01-SH,30633.0,Commerce,"BREAD & BAKERY, ASSORTED SHL",Grains
410,173554,8926,C-110,Colbert First Baptist Church,477183,,FP/GNAP/USDA,FOOD PANTRY-Agency,BLUE RECEIPT-SHL,N-03-11801,1,0,0,0.0,38,MADISON,0.0,1/29/2024 12:40,1/29/2024 14:13,Price Code 1,CUSTOMER PICKUP,False,Food Bank of Northeast Georgia,01,30628.0,Colbert,BRISK STAWBERRY MELON ICED TEA,Beverages
836,173072,84,G-122,Gordon's Chapel Methodist Church,476702,,FP/USDA,FOOD PANTRY-Agency,USDA,N-50-10006,6,0,0,29.16,162,MADISON,0.18,1/18/2024 14:20,1/18/2024 9:26,Price Code 1,CUSTOMER PICKUP,False,Food Bank of Northeast Georgia,01,30646.0,Hull,USDA GREEN BEANS,Vegetables
898,180213,9048,M-132,Meadow Baptist Church,482819,,FP/USDA,DIRECT ASSISTANCE-Agency,BLUE RECEIPT-SHL,C-07-90664,1,0,0,4.68,36,MADISON,0.13,5/17/2024 8:00,5/17/2024 9:13,Price Code 1,CUSTOMER PICKUP,False,Food Bank of Northeast Georgia,01,30629.0,Comer,"BUTTER, GREAT VALUE SALTED",Dairy
549,179053,5407,R-120,Roger's Baptist Church,481667,,FP/OP/USDA,FOOD PANTRY-Agency,BLUE RECEIPT-SHL,F-15-10000,129,0,0,23.22,129,MADISON,0.18,4/16/2024 15:13,4/16/2024 14:00,Price Code 1,CUSTOMER PICKUP,False,Sharing Floor Athens,01-SH,30530.0,Commerce,"MEAT & SEAFOOD, FROZEN SHL",Proteins
1010,176510,5407,F-143,Freedom C.H. Church,479134,,FP/USDA,FOOD PANTRY-Agency,BLUE RECEIPT-SHL,F-15-10000,79,0,0,0.0,79,MADISON,0.0,3/1/2024 10:47,3/1/2024 10:57,Price Code 1,CUSTOMER PICKUP,False,Sharing Floor Athens,01-SH,30662.0,Royston,"MEAT & SEAFOOD, FROZEN SHL",Proteins
571,180480,8972,F-122,Freedom Church of God,FAIMPORT483086,,FP/OP/USDA,FOOD PANTRY-Agency,BLUE RECEIPT-SHL,MCF-15-10000,3,0,0,0.0,3,MADISON,0.0,5/6/2024 0:00,5/6/2024 0:00,Price Code 1,CUSTOMER PICKUP,False,Food Bank of Northeast Georgia,01,30530.0,Commerce,"FROZEN MEAT & SEAFOOD, SHL RETAIL PICKUP",Proteins
571,178106,690,F-122,Freedom Church of God,480725,,FP/OP/USDA,FOOD PANTRY-Agency,BLUE RECEIPT-SHL,W-03-10013,114,0,0,0.0,114,MADISON,0.0,4/2/2024 14:21,4/2/2024 10:00,Price Code 1,CUSTOMER PICKUP,False,Sharing Floor Athens,01-SH,30530.0,Commerce,"ASSORTED BEVERAGES, SHL",Beverages
799,178471,800,C-149,Colbert Methodist Church,481087,,FP/GNAP/USDA,FOOD PANTRY-Agency,USDA,N-50-10065,2,0,0,9.72,54,MADISON,0.18,4/10/2024 9:56,4/10/2024 12:52,Price Code 1,CUSTOMER PICKUP,False,Food Bank of Northeast Georgia,01,30628.0,Colbert,USDA APPLESAUCE,Fruits
915,179793,8973,T-122,Tabors Chapel CME Church,FAIMPORT482406,,DIRECT ASSISTANCE,DIRECT ASSISTANCE-Agency,BLUE RECEIPT-SHL,MCC-16-10001,32,0,0,0.0,32,MADISON,0.0,4/25/2024 0:00,4/25/2024 0:00,Price Code 1,CUSTOMER PICKUP,False,Food Bank of Northeast Georgia,01,30633.0,Danielsville,"COOLER FOOD MISC., SHL RETAIL PICKUP",Food Misc.
137,173168,5958,J-100,Jubilee Partners,476798,,FP/OP/GNAP,RESIDENTIAL-Agency,BLUE RECEIPT-SHL,C-16-10001,27,0,0,4.86,27,MADISON,0.18,1/17/2024 13:23,1/17/2024 9:04,Price Code 1,CUSTOMER PICKUP,False,Sharing Floor Athens,01-SH,30629.0,Comer,"COOLER FOOD, MISC. SHL",Food Misc.
137,177197,696,J-100,Jubilee Partners,479818,,FP/OP/GNAP,RESIDENTIAL-Agency,LOCAL - LL,W-25-10000,21,0,0,3.78,21,MADISON,0.18,3/13/2024 13:23,3/13/2024 8:48,Price Code 1,CUSTOMER PICKUP,False,Sharing Floor Athens,01-SH,30629.0,Comer,"ASSORTED SNACK ITEMS, LL",Food Misc.
571,178216,8973,F-122,Freedom Church of God,FAIMPORT480834,,FP/OP/USDA,FOOD PANTRY-Agency,BLUE RECEIPT-SHL,MCC-16-10001,14,0,0,0.0,14,MADISON,0.0,3/29/2024 0:00,3/29/2024 0:00,Price Code 1,CUSTOMER PICKUP,False,Food Bank of Northeast Georgia,01,30530.0,Commerce,"COOLER FOOD MISC., SHL RETAIL PICKUP",Food Misc.
549,178348,6780,R-120,Roger's Baptist Church,480964,,FP/OP/USDA,FOOD PANTRY-Agency,USDA,C-50-10024,6,0,0,25.8,258,MADISON,0.1,4/16/2024 13:30,4/16/2024 14:00,Price Code 1,CUSTOMER PICKUP,False,Food Bank of Northeast Georgia,01,30530.0,Commerce,USDA APPLES,Fruits
915,178191,8973,T-122,Tabors Chapel CME Church,FAIMPORT480809,,DIRECT ASSISTANCE,DIRECT ASSISTANCE-Agency,BLUE RECEIPT-SHL,MCC-16-10001,30,0,0,0.0,30,MADISON,0.0,4/1/2024 0:00,4/1/2024 0:00,Price Code 1,CUSTOMER PICKUP,False,Food Bank of Northeast Georgia,01,30633.0,Danielsville,"COOLER FOOD MISC., SHL RETAIL PICKUP",Food Misc.
571,181271,8973,F-122,Freedom Church of God,FAIMPORT483876,,FP/OP/USDA,FOOD PANTRY-Agency,BLUE RECEIPT-SHL,MCC-16-10001,35,0,0,0.0,35,MADISON,0.0,5/16/2024 0:00,5/16/2024 0:00,Price Code 1,CUSTOMER PICKUP,False,Food Bank of Northeast Georgia,01,30530.0,Commerce,"COOLER FOOD MISC., SHL RETAIL PICKUP",Food Misc.
410,178627,9013,C-110,Colbert First Baptist Church,481243,,FP/GNAP/USDA,FOOD PANTRY-Agency,USDA,N-50-10313,4,0,0,17.28,96,MADISON,0.18,4/12/2024 12:40,4/12/2024 11:19,Price Code 1,CUSTOMER PICKUP,False,Food Bank of Northeast Georgia,01,30628.0,Colbert,USDA LIGHT RED KIDNEY BEANS 24/1LB,Proteins
571,178814,875,F-122,Freedom Church of God,481428,,FP/OP/USDA,FOOD PANTRY-Agency,BLUE RECEIPT-SHL,W-04-10000,7,0,0,0.0,7,MADISON,0.0,4/11/2024 14:21,4/24/2024 11:30,Price Code 1,CUSTOMER PICKUP,False,Sharing Floor Athens,01-SH,30530.0,Commerce,"BREAD & BAKERY, ASSORTED SHL",Grains
571,181569,5958,F-122,Freedom Church of God,484173,,FP/OP/USDA,FOOD PANTRY-Agency,BLUE RECEIPT-SHL,C-16-10001,65,0,0,11.7,65,MADISON,0.18,5/29/2024 14:21,5/29/2024 11:49,Price Code 1,CUSTOMER PICKUP,False,Sharing Floor Athens,01-SH,30530.0,Commerce,"COOLER FOOD, MISC. SHL",Food Misc.
915,179994,8976,T-122,Tabors Chapel CME Church,FAIMPORT482603,,DIRECT ASSISTANCE,DIRECT ASSISTANCE-Agency,BLUE RECEIPT-SHL,MCC-28-10001,45,0,0,0.0,45,MADISON,0.0,4/29/2024 0:00,4/29/2024 0:00,Price Code 1,CUSTOMER PICKUP,False,Food Bank of Northeast Georgia,01,30633.0,Danielsville,"PRODUCE, SHL RETAIL PICKUPS",Mixed Produce
842,175063,8906,C-153,Cedar Grove Baptist Church,477693,,FP/GNAP/USDA,FOOD PANTRY-Agency,GNAP,N-40-10266,3,0,0,6.0,60,MADISON,0.1,2/14/2024 10:00,2/20/2024 14:48,Price Code 1,CUSTOMER PICKUP,False,Food Bank of Northeast Georgia,01,30629.0,Comer,GNAP SPAGHETTI,Grains
1010,182509,690,F-143,Freedom C.H. Church,485112,,FP/USDA,FOOD PANTRY-Agency,BLUE RECEIPT-SHL,W-03-10013,129,0,0,0.0,129,MADISON,0.0,6/21/2024 15:03,6/21/2024 15:09,Price Code 1,CUSTOMER PICKUP,False,Sharing Floor Athens,01-SH,30662.0,Royston,"ASSORTED BEVERAGES, SHL",Beverages
410,177602,1791,C-110,Colbert First Baptist Church,480222,,FP/GNAP/USDA,FOOD PANTRY-Agency,USDA,N-50-10079,6,0,0,28.08,156,MADISON,0.18,3/22/2024 12:40,3/22/2024 10:49,Price Code 1,CUSTOMER PICKUP,False,Food Bank of Northeast Georgia,01,30628.0,Colbert,USDA WALNUT HALVES AND PIECES,Proteins
571,176269,5960,F-122,Freedom Church of God,FAIMPORT478894,,FP/OP/USDA,FOOD PANTRY-Agency,BLUE RECEIPT-SHL,C-07-10001,22,0,0,3.96,22,MADISON,0.18,2/21/2024 0:00,2/21/2024 0:00,Price Code 1,CUSTOMER PICKUP,False,Food Bank of Northeast Georgia,01,30530.0,Commerce,"DAIRY PRODUCT, ASSORTED SHL",Dairy
799,175016,5407,C-149,Colbert Methodist Church,477646,,FP/GNAP/USDA,FOOD PANTRY-Agency,BLUE RECEIPT-SHL,F-15-10000,80,0,0,14.4,80,MADISON,0.18,2/2/2024 9:56,2/2/2024 7:20,Price Code 1,CUSTOMER PICKUP,False,Sharing Floor Athens,01-SH,30628.0,Colbert,"MEAT & SEAFOOD, FROZEN SHL",Proteins
832,175683,8851,U-104,Union Baptist Church,478311,,FP/OP/USDA,FOOD PANTRY-Agency,PURCH,N-11-11071,1,0,0,1.08,6,MADISON,0.18,2/22/2024 11:46,2/22/2024 14:24,Price Code 1,CUSTOMER PICKUP,False,Food Bank of Northeast Georgia,01,30646.0,Hull,"CHICKEN STUFFING, PREMIER PANTRY",Prepared Meals
548,180773,842,M-124,Moons Grove Baptist Church,483379,,FP/OP/USDA,FOOD PANTRY-Agency,USDA,N-50-10021,3,0,0,14.58,81,MADISON,0.18,5/17/2024 11:45,5/17/2024 12:02,Price Code 1,CUSTOMER PICKUP,False,Food Bank of Northeast Georgia,01,30628.0,Colbert,USDA DICED TOMATOES NO SALT CCC,Vegetables
571,172819,8683,F-122,Freedom Church of God,476450,,FP/OP/USDA,FOOD PANTRY-Agency,BLUE RECEIPT-SHL,N-03-11728,2,0,0,1.8,36,MADISON,0.05,1/12/2024 14:21,1/12/2024 12:55,Price Code 1,CUSTOMER PICKUP,False,Food Bank of Northeast Georgia,01,30530.0,Commerce,CRUSH ORANGE SODA,Beverages
799,181693,9035,C-149,Colbert Methodist Church,484297,,FP/GNAP/USDA,FOOD PANTRY-Agency,GNAP,N-40-10272,5,0,0,0.0,70,MADISON,0.0,6/6/2024 11:30,6/6/2024 11:41,Price Code 1,CUSTOMER PICKUP,False,Food Bank of Northeast Georgia,01,30628.0,Colbert,GNAP MACARONI O'S W/ BEEF - EZ OPEN,Prepared Meals
915,180465,8972,T-122,Tabors Chapel CME Church,FAIMPORT483071,,DIRECT ASSISTANCE,DIRECT ASSISTANCE-Agency,BLUE RECEIPT-SHL,MCF-15-10000,25,0,0,0.0,25,MADISON,0.0,5/2/2024 0:00,5/2/2024 0:00,Price Code 1,CUSTOMER PICKUP,False,Food Bank of Northeast Georgia,01,30633.0,Danielsville,"FROZEN MEAT & SEAFOOD, SHL RETAIL PICKUP",Proteins
981,176430,5407,D-111,Divine Healing Ministry of Recovery Inc.,479054,,ON PREMISES (OP),REHAB-Agency,BLUE RECEIPT-SHL,F-15-10000,46,0,0,8.28,46,MADISON,0.18,2/29/2024 11:42,2/29/2024 11:47,Price Code 1,CONTACT FOR DELIVERY,False,Sharing Floor Athens,01-SH,30633.0,Commerce,"MEAT & SEAFOOD, FROZEN SHL",Proteins
915,181709,8976,T-122,Tabors Chapel CME Church,FAIMPORT484313,,DIRECT ASSISTANCE,DIRECT ASSISTANCE-Agency,BLUE RECEIPT-SHL,MCC-28-10001,34,0,0,0.0,34,MADISON,0.0,5/30/2024 0:00,5/30/2024 0:00,Price Code 1,CUSTOMER PICKUP,False,Food Bank of Northeast Georgia,01,30633.0,Danielsville,"PRODUCE, SHL RETAIL PICKUPS",Mixed Produce
915,173648,8930,T-122,Tabors Chapel CME Church,477277,,DIRECT ASSISTANCE,DIRECT ASSISTANCE-Agency,BLUE RECEIPT-SHL,N-03-11805,5,0,0,0.0,90,MADISON,0.0,2/1/2024 14:19,2/7/2024 8:11,Price Code 1,CUSTOMER PICKUP,False,Food Bank of Northeast Georgia,01,30633.0,Danielsville,GATORADE ORANGE ZERO SUGAR,Beverages
571,175776,4350,F-122,Freedom Church of God,478404,,FP/OP/USDA,FOOD PANTRY-Agency,BLUE RECEIPT-SHL,N-03-11160,15,0,0,0.0,150,MADISON,0.0,2/22/2024 14:21,2/22/2024 14:22,Price Code 1,CUSTOMER PICKUP,False,Food Bank of Northeast Georgia,01,30530.0,Commerce,CHERRY DR PEPPER,Beverages
571,180734,8976,F-122,Freedom Church of God,FAIMPORT483340,,FP/OP/USDA,FOOD PANTRY-Agency,BLUE RECEIPT-SHL,MCC-28-10001,9,0,0,0.0,9,MADISON,0.0,5/10/2024 0:00,5/10/2024 0:00,Price Code 1,CUSTOMER PICKUP,False,Food Bank of Northeast Georgia,01,30530.0,Commerce,"PRODUCE, SHL RETAIL PICKUPS",Mixed Produce
549,176868,8720,R-120,Roger's Baptist Church,479490,,FP/OP/USDA,FOOD PANTRY-Agency,USDA,N-50-10305,12,0,0,30.24,168,MADISON,0.18,3/19/2024 13:30,3/19/2024 13:52,Price Code 1,CUSTOMER PICKUP,False,Food Bank of Northeast Georgia,01,30530.0,Commerce,USDA MIXED VegetablesCCC,Vegetables
571,172757,5958,F-122,Freedom Church of God,476388,,FP/OP/USDA,FOOD PANTRY-Agency,BLUE RECEIPT-SHL,C-16-10001,56,0,0,10.08,56,MADISON,0.18,1/8/2024 14:21,1/8/2024 15:15,Price Code 1,CUSTOMER PICKUP,False,Sharing Floor Athens,01-SH,30530.0,Commerce,"COOLER FOOD, MISC. SHL",Food Misc.
571,173275,8852,F-122,Freedom Church of God,476904,,FP/OP/USDA,FOOD PANTRY-Agency,PURCH,N-23-10010,5,0,0,11.7,65,MADISON,0.18,1/25/2024 14:21,1/31/2024 9:41,Price Code 1,CUSTOMER PICKUP,False,Food Bank of Northeast Georgia,01,30530.0,Commerce,NUT'N BETTER CREAMY PEANUT BUTTER - RED SUGAR & SODIUM,Proteins
915,182559,8976,T-122,Tabors Chapel CME Church,FAIMPORT485162,,DIRECT ASSISTANCE,DIRECT ASSISTANCE-Agency,BLUE RECEIPT-SHL,MCC-28-10001,55,0,0,0.0,55,MADISON,0.0,6/20/2024 0:00,6/20/2024 0:00,Price Code 1,CUSTOMER PICKUP,False,Food Bank of Northeast Georgia,01,30633.0,Danielsville,"PRODUCE, SHL RETAIL PICKUPS",Mixed Produce
549,181869,8869,R-120,Roger's Baptist Church,484473,,FP/OP/USDA,FOOD PANTRY-Agency,YELLOW RECEIPT - SHN,N-20-10004,2,0,0,1.08,6,MADISON,0.18,6/25/2024 13:30,6/25/2024 15:46,Price Code 1,CUSTOMER PICKUP,False,Food Bank of Northeast Georgia,01,30530.0,Commerce,PAMPERS PREEMIE SWADDLERS,Non-Food Misc.
799,175070,8874,C-149,Colbert Methodist Church,477700,,FP/GNAP/USDA,FOOD PANTRY-Agency,YELLOW RECEIPT - SHN,F-10-10002,10,0,0,0.9,30,MADISON,0.03,2/7/2024 9:56,2/7/2024 11:19,Price Code 1,CUSTOMER PICKUP,False,Food Bank of Northeast Georgia,01,30628.0,Colbert,OUTSHINE TROPICAL SMOOTHIE CUBES,Beverages
549,172672,8790,R-120,Roger's Baptist Church,476303,,FP/OP/USDA,FOOD PANTRY-Agency,BLUE RECEIPT-SHL,N-03-11758,2,0,0,0.0,26,MADISON,0.0,1/16/2024 13:30,1/16/2024 14:36,Price Code 1,CUSTOMER PICKUP,False,Food Bank of Northeast Georgia,01,30530.0,Commerce,PROPEL LEMON,Beverages
820,181681,5938,N-122,New Bethel CH Church,484285,,FP/GNAP/USDA,FOOD PANTRY-Agency,BLUE RECEIPT-SHL,C-28-10001,11,0,0,0.33,11,MADISON,0.03,5/31/2024 12:47,5/31/2024 10:29,Price Code 1,CUSTOMER PICKUP,False,Sharing Floor Athens,01-SH,30662.0,Royston,"PRODUCE, FRESH SHL",Mixed Produce
799,180752,8997,C-149,Colbert Methodist Church,483358,,FP/GNAP/USDA,FOOD PANTRY-Agency,USDA,N-50-10312,4,0,0,8.64,48,MADISON,0.18,5/16/2024 11:00,5/16/2024 14:52,Price Code 1,CUSTOMER PICKUP,False,Food Bank of Northeast Georgia,01,30628.0,Colbert,USDA CHILI W/ BEANS CCC,Prepared Meals
571,180806,7083,F-122,Freedom Church of God,483412,,FP/OP/USDA,FOOD PANTRY-Agency,USDA,C-50-10029,4,0,0,8.64,48,MADISON,0.18,5/17/2024 8:45,5/20/2024 10:34,Price Code 1,CUSTOMER PICKUP,False,Food Bank of Northeast Georgia,01,30530.0,Commerce,"USDA MILD CHEDDAR CHEESE, BLOCK CCC",Dairy
981,180169,5407,D-111,Divine Healing Ministry of Recovery Inc.,482775,,ON PREMISES (OP),REHAB-Agency,BLUE RECEIPT-SHL,F-15-10000,175,0,0,31.5,175,MADISON,0.18,5/3/2024 10:43,5/3/2024 10:48,Price Code 1,CONTACT FOR DELIVERY,False,Sharing Floor Athens,01-SH,30633.0,Commerce,"MEAT & SEAFOOD, FROZEN SHL",Proteins
530,181751,8869,C-142,Camp Maranatha,484355,,ON PREMISES (OP),YOUTH-Agency,YELLOW RECEIPT - SHN,N-20-10004,2,0,0,1.08,6,MADISON,0.18,6/7/2024 11:00,6/7/2024 9:27,Price Code 1,CUSTOMER PICKUP,False,Food Bank of Northeast Georgia,01,30633.0,Danielsville,PAMPERS PREEMIE SWADDLERS,Non-Food Misc.
571,173083,5088,F-122,Freedom Church of God,476713,,FP/OP/USDA,FOOD PANTRY-Agency,USDA,F-50-90023,5,0,0,0.0,125,MADISON,0.0,1/19/2024 11:00,1/19/2024 11:21,Price Code 1,CUSTOMER PICKUP,False,Food Bank of Northeast Georgia,01,30530.0,Commerce,USDA FROZEN PEACHES CCC,Fruits
915,179293,8972,T-122,Tabors Chapel CME Church,FAIMPORT481906,,DIRECT ASSISTANCE,DIRECT ASSISTANCE-Agency,BLUE RECEIPT-SHL,MCF-15-10000,25,0,0,0.0,25,MADISON,0.0,4/15/2024 0:00,4/15/2024 0:00,Price Code 1,CUSTOMER PICKUP,False,Food Bank of Northeast Georgia,01,30633.0,Danielsville,"FROZEN MEAT & SEAFOOD, SHL RETAIL PICKUP",Proteins
981,181206,9069,D-111,Divine Healing Ministry of Recovery Inc.,483811,,ON PREMISES (OP),REHAB-Agency,BLUE RECEIPT-SHL,N-03-11834,15,0,0,0.0,600,MADISON,0.0,5/28/2024 0:00,5/28/2024 13:03,Price Code 1,CONTACT FOR DELIVERY,False,Food Bank of Northeast Georgia,01,30633.0,Commerce,DR PEPPER ZERO SUGAR,Beverages
898,180213,9040,M-132,Meadow Baptist Church,482819,,FP/USDA,DIRECT ASSISTANCE-Agency,LOCAL - LL,N-11-11073,1,0,0,2.5,25,MADISON,0.1,5/17/2024 8:00,5/17/2024 9:13,Price Code 1,CUSTOMER PICKUP,False,Food Bank of Northeast Georgia,01,30629.0,Comer,COUSCOUS,Grains
477,176546,8957,W-117,Waggoners Grove Baptist Church,479170,,FP/OP/GNAP/USDA,FOOD PANTRY-Agency,YELLOW RECEIPT - SHN,N-25-11956,10,0,0,7.2,40,MADISON,0.18,3/21/2024 8:00,3/21/2024 11:39,Price Code 1,CUSTOMER PICKUP,False,Food Bank of Northeast Georgia,01,30628.0,Colbert,HONEYMAID GRAHAM CRACKERS,Grains
1010,176713,8903,F-143,Freedom C.H. Church,479336,,FP/USDA,FOOD PANTRY-Agency,YELLOW RECEIPT - SHN,N-16-10181,4,0,0,3.6,20,MADISON,0.18,3/8/2024 14:53,3/8/2024 14:48,Price Code 1,CUSTOMER PICKUP,False,Food Bank of Northeast Georgia,01,30662.0,Royston,STOVE TOP STUFFING - TURKEY/CHICKEN/CORNBREAD,Prepared Meals
571,178814,5407,F-122,Freedom Church of God,481428,,FP/OP/USDA,FOOD PANTRY-Agency,BLUE RECEIPT-SHL,F-15-10000,60,0,0,10.8,60,MADISON,0.18,4/11/2024 14:21,4/24/2024 11:30,Price Code 1,CUSTOMER PICKUP,False,Sharing Floor Athens,01-SH,30530.0,Commerce,"MEAT & SEAFOOD, FROZEN SHL",Proteins
410,178627,8720,C-110,Colbert First Baptist Church,481243,,FP/GNAP/USDA,FOOD PANTRY-Agency,USDA,N-50-10305,8,0,0,20.16,112,MADISON,0.18,4/12/2024 12:40,4/12/2024 11:19,Price Code 1,CUSTOMER PICKUP,False,Food Bank of Northeast Georgia,01,30628.0,Colbert,USDA MIXED VegetablesCCC,Vegetables
549,175587,842,R-120,Roger's Baptist Church,478215,,FP/OP/USDA,FOOD PANTRY-Agency,USDA,N-50-10021,5,0,0,24.3,135,MADISON,0.18,2/20/2024 13:30,2/20/2024 13:52,Price Code 1,CUSTOMER PICKUP,False,Food Bank of Northeast Georgia,01,30530.0,Commerce,USDA DICED TOMATOES NO SALT CCC,Vegetables
549,178348,2414,R-120,Roger's Baptist Church,480964,,FP/OP/USDA,FOOD PANTRY-Agency,USDA,N-50-10244,4,0,0,25.92,144,MADISON,0.18,4/16/2024 13:30,4/16/2024 14:00,Price Code 1,CUSTOMER PICKUP,False,Food Bank of Northeast Georgia,01,30530.0,Commerce,USDA CANNED BEEF CCC,Proteins
981,172367,8854,D-111,Divine Healing Ministry of Recovery Inc.,475998,,ON PREMISES (OP),REHAB-Agency,BLUE RECEIPT-SHL,N-03-11776,2,0,0,0.0,66,MADISON,0.0,1/5/2024 14:49,1/5/2024 14:36,Price Code 1,CONTACT FOR DELIVERY,False,Food Bank of Northeast Georgia,01,30633.0,Commerce,DR PEPPER STRAWBERRIES & CREAM,Beverages
371,177929,7094,E-111,Evangelical Methodist Church - Danielsville,480548,,FOOD PANTRY,FOOD PANTRY-Agency,PURCH,N-21-10056,3,0,0,6.48,36,MADISON,0.18,4/3/2024 13:56,4/3/2024 11:32,Price Code 1,CUSTOMER PICKUP,False,Food Bank of Northeast Georgia,01,30633.0,Danielsville,MACARONI & CHEESE,Prepared Meals
549,173129,5477,R-120,Roger's Baptist Church,476759,,FP/OP/USDA,FOOD PANTRY-Agency,LOCAL - LL,F-15-10001,44,0,0,0.0,44,MADISON,0.0,1/16/2024 15:13,1/16/2024 14:03,Price Code 1,CUSTOMER PICKUP,False,Sharing Floor Athens,01-SH,30530.0,Commerce,"MEAT & SEAFOOD, FROZEN LOCAL",Proteins
799,176578,5088,C-149,Colbert Methodist Church,479202,,FP/GNAP/USDA,FOOD PANTRY-Agency,USDA,F-50-90023,2,0,0,0.0,50,MADISON,0.0,3/8/2024 8:56,3/8/2024 12:16,Price Code 1,CUSTOMER PICKUP,False,Food Bank of Northeast Georgia,01,30628.0,Colbert,USDA FROZEN PEACHES CCC,Fruits
477,182089,4448,W-117,Waggoners Grove Baptist Church,484693,,FP/OP/GNAP/USDA,FOOD PANTRY-Agency,USDA,F-50-90446,2,0,0,0.0,56,MADISON,0.0,6/18/2024 8:35,6/24/2024 9:56,Price Code 1,CUSTOMER PICKUP,False,Food Bank of Northeast Georgia,01,30628.0,Colbert,USDA FROZEN STRAWBERRY FRUIT CUPS,Fruits
915,172392,8668,T-122,Tabors Chapel CME Church,476023,,DIRECT ASSISTANCE,DIRECT ASSISTANCE-Agency,YELLOW RECEIPT - SHN,N-03-11270,2,0,0,0.0,68,MADISON,0.0,1/5/2024 14:19,1/5/2024 13:17,Price Code 1,CUSTOMER PICKUP,False,Food Bank of Northeast Georgia,01,30633.0,Danielsville,HONEST ORGANIC HALF TEA/HALF LEMONADE,Beverages
477,179569,688,W-117,Waggoners Grove Baptist Church,482182,,FP/OP/GNAP/USDA,FOOD PANTRY-Agency,BLUE RECEIPT-SHL,W-01-10000,2,0,0,0.36,2,MADISON,0.18,4/24/2024 14:38,6/3/2024 11:29,Price Code 1,CUSTOMER PICKUP,False,Sharing Floor Athens,01-SH,30628.0,Colbert,"ASSORTED NON-FOOD ITEMS, SHL",Non-Food Misc.
892,181125,800,L-114,Legacy Baptist Church,483730,,FP/USDA,FOOD PANTRY-Agency,USDA,N-50-10065,1,0,0,4.86,27,MADISON,0.18,5/24/2024 14:00,5/24/2024 14:13,Price Code 1,CUSTOMER PICKUP,False,Food Bank of Northeast Georgia,01,30646.0,Hull,USDA APPLESAUCE,Fruits
981,176430,683,D-111,Divine Healing Ministry of Recovery Inc.,479054,,ON PREMISES (OP),REHAB-Agency,BLUE RECEIPT-SHL,W-16-10001,194,0,0,34.92,194,MADISON,0.18,2/29/2024 11:42,2/29/2024 11:47,Price Code 1,CONTACT FOR DELIVERY,False,Sharing Floor Athens,01-SH,30633.0,Commerce,MISC. FOOD BOX SHL,Food Misc.
549,180225,84,R-120,Roger's Baptist Church,482831,,FP/OP/USDA,FOOD PANTRY-Agency,USDA,N-50-10006,7,0,0,34.02,189,MADISON,0.18,5/21/2024 13:45,5/21/2024 14:04,Price Code 1,CUSTOMER PICKUP,False,Food Bank of Northeast Georgia,01,30530.0,Commerce,USDA GREEN BEANS,Vegetables
915,177799,8976,T-122,Tabors Chapel CME Church,FAIMPORT480418,,DIRECT ASSISTANCE,DIRECT ASSISTANCE-Agency,BLUE RECEIPT-SHL,MCC-28-10001,39,0,0,0.0,39,MADISON,0.0,3/21/2024 0:00,3/21/2024 0:00,Price Code 1,CUSTOMER PICKUP,False,Food Bank of Northeast Georgia,01,30633.0,Danielsville,"PRODUCE, SHL RETAIL PICKUPS",Mixed Produce
915,180465,8973,T-122,Tabors Chapel CME Church,FAIMPORT483071,,DIRECT ASSISTANCE,DIRECT ASSISTANCE-Agency,BLUE RECEIPT-SHL,MCC-16-10001,59,0,0,0.0,59,MADISON,0.0,5/2/2024 0:00,5/2/2024 0:00,Price Code 1,CUSTOMER PICKUP,False,Food Bank of Northeast Georgia,01,30633.0,Danielsville,"COOLER FOOD MISC., SHL RETAIL PICKUP",Food Misc.
799,179019,8497,C-149,Colbert Methodist Church,481633,,FP/GNAP/USDA,FOOD PANTRY-Agency,USDA,C-50-10048,4,0,0,0.0,128,MADISON,0.0,4/19/2024 8:56,4/19/2024 13:30,Price Code 1,CUSTOMER PICKUP,False,Food Bank of Northeast Georgia,01,30628.0,Colbert,USDA MANDARIN ORANGES,Fruits
137,180840,5938,J-100,Jubilee Partners,483446,,FP/OP/GNAP,RESIDENTIAL-Agency,BLUE RECEIPT-SHL,C-28-10001,156,0,0,4.68,156,MADISON,0.03,5/15/2024 13:23,5/15/2024 8:42,Price Code 1,CUSTOMER PICKUP,False,Sharing Floor Athens,01-SH,30629.0,Comer,"PRODUCE, FRESH SHL",Mixed Produce
836,177995,2414,G-122,Gordon's Chapel Methodist Church,480614,,FP/USDA,FOOD PANTRY-Agency,USDA,N-50-10244,4,0,0,25.92,144,MADISON,0.18,4/10/2024 14:20,4/10/2024 12:37,Price Code 1,CUSTOMER PICKUP,False,Food Bank of Northeast Georgia,01,30646.0,Hull,USDA CANNED BEEF CCC,Proteins
571,175039,8665,F-122,Freedom Church of God,477669,,FP/OP/USDA,FOOD PANTRY-Agency,BLUE RECEIPT-SHL,N-03-11268,4,0,0,2.76,92,MADISON,0.03,2/7/2024 14:21,2/7/2024 13:11,Price Code 1,CUSTOMER PICKUP,False,Food Bank of Northeast Georgia,01,30530.0,Commerce,PROPEL BERRY/KIWISTRAW/GRAPE,Beverages
571,180734,8973,F-122,Freedom Church of God,FAIMPORT483340,,FP/OP/USDA,FOOD PANTRY-Agency,BLUE RECEIPT-SHL,MCC-16-10001,84,0,0,0.0,84,MADISON,0.0,5/10/2024 0:00,5/10/2024 0:00,Price Code 1,CUSTOMER PICKUP,False,Food Bank of Northeast Georgia,01,30530.0,Commerce,"COOLER FOOD MISC., SHL RETAIL PICKUP",Food Misc.
549,179053,5407,R-120,Roger's Baptist Church,481667,,FP/OP/USDA,FOOD PANTRY-Agency,BLUE RECEIPT-SHL,F-15-10000,162,0,0,0.0,162,MADISON,0.0,4/16/2024 15:13,4/16/2024 14:00,Price Code 1,CUSTOMER PICKUP,False,Sharing Floor Athens,01-SH,30530.0,Commerce,"MEAT & SEAFOOD, FROZEN SHL",Proteins
137,177197,5681,J-100,Jubilee Partners,479818,,FP/OP/GNAP,RESIDENTIAL-Agency,LOCAL - LL,C-16-10000,69,0,0,12.42,69,MADISON,0.18,3/13/2024 13:23,3/13/2024 8:48,Price Code 1,CUSTOMER PICKUP,False,Sharing Floor Athens,01-SH,30629.0,Comer,"COOLER FOOD, MISC. LL",Food Misc.
1010,181352,690,F-143,Freedom C.H. Church,483956,,FP/USDA,FOOD PANTRY-Agency,BLUE RECEIPT-SHL,W-03-10013,376,0,0,0.0,376,MADISON,0.0,5/24/2024 10:37,5/24/2024 10:41,Price Code 1,CUSTOMER PICKUP,False,Sharing Floor Athens,01-SH,30662.0,Royston,"ASSORTED BEVERAGES, SHL",Beverages
477,173156,4448,W-117,Waggoners Grove Baptist Church,476786,,FP/OP/GNAP/USDA,FOOD PANTRY-Agency,USDA,F-50-90446,1,0,0,5.04,28,MADISON,0.18,1/19/2024 14:38,1/19/2024 14:01,Price Code 1,CUSTOMER PICKUP,False,Food Bank of Northeast Georgia,01,30628.0,Colbert,USDA FROZEN STRAWBERRY FRUIT CUPS,Fruits
477,172399,8887,W-117,Waggoners Grove Baptist Church,476030,,FP/OP/GNAP/USDA,FOOD PANTRY-Agency,LFB,N-19-10056,2,0,0,2.88,16,MADISON,0.18,1/5/2024 14:38,1/5/2024 8:20,Price Code 1,CUSTOMER PICKUP,False,Food Bank of Northeast Georgia,01,30628.0,Colbert,COTTONELLE TOILET PAPER 24,Non-Food Misc.
915,179790,8976,T-122,Tabors Chapel CME Church,FAIMPORT482403,,DIRECT ASSISTANCE,DIRECT ASSISTANCE-Agency,BLUE RECEIPT-SHL,MCC-28-10001,36,0,0,0.0,36,MADISON,0.0,4/22/2024 0:00,4/22/2024 0:00,Price Code 1,CUSTOMER PICKUP,False,Food Bank of Northeast Georgia,01,30633.0,Danielsville,"PRODUCE, SHL RETAIL PICKUPS",Mixed Produce
371,178124,683,E-111,Evangelical Methodist Church - Danielsville,480743,,FOOD PANTRY,FOOD PANTRY-Agency,BLUE RECEIPT-SHL,W-16-10001,112,0,0,20.16,112,MADISON,0.18,4/2/2024 13:56,4/2/2024 11:25,Price Code 1,CUSTOMER PICKUP,False,Sharing Floor Athens,01-SH,30633.0,Danielsville,MISC. FOOD BOX SHL,Food Misc.
571,175776,6786,F-122,Freedom Church of God,478404,,FP/OP/USDA,FOOD PANTRY-Agency,LOCAL - LL,C-28-90215,2,0,0,0.0,100,MADISON,0.0,2/22/2024 14:21,2/22/2024 14:22,Price Code 1,CUSTOMER PICKUP,False,Food Bank of Northeast Georgia,01,30530.0,Commerce,"POTATOES, RUSSET",Potatoes 
915,178700,8973,T-122,Tabors Chapel CME Church,FAIMPORT481314,,DIRECT ASSISTANCE,DIRECT ASSISTANCE-Agency,BLUE RECEIPT-SHL,MCC-16-10001,29,0,0,0.0,29,MADISON,0.0,4/8/2024 0:00,4/8/2024 0:00,Price Code 1,CUSTOMER PICKUP,False,Food Bank of Northeast Georgia,01,30633.0,Danielsville,"COOLER FOOD MISC., SHL RETAIL PICKUP",Food Misc.
898,172650,5772,M-132,Meadow Baptist Church,476281,,FP/USDA,DIRECT ASSISTANCE-Agency,LOCAL - LL,C-28-10000,175,0,0,0.0,175,MADISON,0.0,1/19/2024 8:30,1/19/2024 9:06,Price Code 1,CUSTOMER PICKUP,False,Food Bank of Northeast Georgia,01,30629.0,Comer,"PRODUCE, FRESH LL",Mixed Produce
981,182023,696,D-111,Divine Healing Ministry of Recovery Inc.,484627,,ON PREMISES (OP),REHAB-Agency,LOCAL - LL,W-25-10000,21,0,0,0.0,21,MADISON,0.0,6/7/2024 10:39,6/7/2024 10:42,Price Code 1,CONTACT FOR DELIVERY,False,Sharing Floor Athens,01-SH,30633.0,Commerce,"ASSORTED SNACK ITEMS, LL",Food Misc.
842,176672,8720,C-153,Cedar Grove Baptist Church,479295,,FP/GNAP/USDA,FOOD PANTRY-Agency,USDA,N-50-10305,3,0,0,7.56,42,MADISON,0.18,3/13/2024 9:30,3/13/2024 11:03,Price Code 1,CUSTOMER PICKUP,False,Food Bank of Northeast Georgia,01,30629.0,Comer,USDA MIXED VegetablesCCC,Vegetables
832,175683,8915,U-104,Union Baptist Church,478311,,FP/OP/USDA,FOOD PANTRY-Agency,USDA,F-50-90474,1,0,0,4.0,40,MADISON,0.1,2/22/2024 11:46,2/22/2024 14:24,Price Code 1,CUSTOMER PICKUP,False,Food Bank of Northeast Georgia,01,30646.0,Hull,USDA PACIFIC SALAD SHRIMP,Proteins
519,176942,696,C-140,Colbert Living Waters Holiness Church,479564,,FP/OP/USDA,FOOD PANTRY-Agency,LOCAL - LL,W-25-10000,103,0,0,18.54,103,MADISON,0.18,3/8/2024 14:56,3/8/2024 10:49,Price Code 1,CUSTOMER PICKUP,False,Sharing Floor Athens,01-SH,30628.0,Colbert,"ASSORTED SNACK ITEMS, LL",Food Misc.
477,181908,9073,W-117,Waggoners Grove Baptist Church,484512,,FP/OP/GNAP/USDA,FOOD PANTRY-Agency,USDA,C-50-10051,5,0,0,10.8,60,MADISON,0.18,6/18/2024 8:33,6/24/2024 9:56,Price Code 1,CUSTOMER PICKUP,False,Food Bank of Northeast Georgia,01,30628.0,Colbert,USDA SHREDDED MOZZARELLA CHEESE CCC,Dairy
477,181575,9025,W-117,Waggoners Grove Baptist Church,484179,,FP/OP/GNAP/USDA,FOOD PANTRY-Agency,YELLOW RECEIPT - SHN,N-11-11072,10,0,0,16.2,90,MADISON,0.18,6/24/2024 11:00,6/24/2024 9:31,Price Code 1,CUSTOMER PICKUP,False,Food Bank of Northeast Georgia,01,30628.0,Colbert,MRS BUTTERSWORTHS SMORES PANCAKE KIT,Food Misc.
477,177887,5407,W-117,Waggoners Grove Baptist Church,480506,,FP/OP/GNAP/USDA,FOOD PANTRY-Agency,BLUE RECEIPT-SHL,F-15-10000,105,0,0,18.9,105,MADISON,0.18,3/26/2024 14:38,3/26/2024 13:53,Price Code 1,CUSTOMER PICKUP,False,Sharing Floor Athens,01-SH,30628.0,Colbert,"MEAT & SEAFOOD, FROZEN SHL",Proteins
137,180405,688,J-100,Jubilee Partners,483011,,FP/OP/GNAP,RESIDENTIAL-Agency,BLUE RECEIPT-SHL,W-01-10000,8,0,0,1.44,8,MADISON,0.18,5/8/2024 13:23,5/8/2024 8:51,Price Code 1,CUSTOMER PICKUP,False,Sharing Floor Athens,01-SH,30629.0,Comer,"ASSORTED NON-FOOD ITEMS, SHL",Non-Food Misc.
915,182559,8972,T-122,Tabors Chapel CME Church,FAIMPORT485162,,DIRECT ASSISTANCE,DIRECT ASSISTANCE-Agency,BLUE RECEIPT-SHL,MCF-15-10000,22,0,0,0.0,22,MADISON,0.0,6/20/2024 0:00,6/20/2024 0:00,Price Code 1,CUSTOMER PICKUP,False,Food Bank of Northeast Georgia,01,30633.0,Danielsville,"FROZEN MEAT & SEAFOOD, SHL RETAIL PICKUP",Proteins
571,178397,9006,F-122,Freedom Church of God,481013,,FP/OP/USDA,FOOD PANTRY-Agency,BLUE RECEIPT-SHL,N-03-11825,1,0,0,0.0,11,MADISON,0.0,4/11/2024 14:21,4/11/2024 13:26,Price Code 1,CUSTOMER PICKUP,False,Food Bank of Northeast Georgia,01,30530.0,Commerce,STARBUCKS NITRO COLD BREW,Beverages
981,176021,690,D-111,Divine Healing Ministry of Recovery Inc.,478649,,ON PREMISES (OP),REHAB-Agency,BLUE RECEIPT-SHL,W-03-10013,45,0,0,0.0,45,MADISON,0.0,2/22/2024 11:43,2/22/2024 11:51,Price Code 1,CONTACT FOR DELIVERY,False,Sharing Floor Athens,01-SH,30633.0,Commerce,"ASSORTED BEVERAGES, SHL",Beverages
548,180773,8997,M-124,Moons Grove Baptist Church,483379,,FP/OP/USDA,FOOD PANTRY-Agency,USDA,N-50-10312,7,0,0,15.12,84,MADISON,0.18,5/17/2024 11:45,5/17/2024 12:02,Price Code 1,CUSTOMER PICKUP,False,Food Bank of Northeast Georgia,01,30628.0,Colbert,USDA CHILI W/ BEANS CCC,Prepared Meals
799,179019,8961,C-149,Colbert Methodist Church,481633,,FP/GNAP/USDA,FOOD PANTRY-Agency,BLUE RECEIPT-SHL,C-28-90538,1,0,0,0.0,52,MADISON,0.0,4/19/2024 8:56,4/19/2024 13:30,Price Code 1,CUSTOMER PICKUP,False,Food Bank of Northeast Georgia,01,30628.0,Colbert,"BEETS, SHL",Vegetables
549,172672,8905,R-120,Roger's Baptist Church,476303,,FP/OP/USDA,FOOD PANTRY-Agency,BLUE RECEIPT-SHL,N-03-11794,2,0,0,0.0,76,MADISON,0.0,1/16/2024 13:30,1/16/2024 14:36,Price Code 1,CUSTOMER PICKUP,False,Food Bank of Northeast Georgia,01,30530.0,Commerce,"PEPSI, 12/1.25L",Beverages
842,180416,5938,C-153,Cedar Grove Baptist Church,483022,,FP/GNAP/USDA,FOOD PANTRY-Agency,BLUE RECEIPT-SHL,C-28-10001,189,0,0,5.67,189,MADISON,0.03,5/8/2024 8:30,5/8/2024 10:27,Price Code 1,CUSTOMER PICKUP,False,Sharing Floor Athens,01-SH,30629.0,Comer,"PRODUCE, FRESH SHL",Mixed Produce
137,181493,683,J-100,Jubilee Partners,484097,,FP/OP/GNAP,RESIDENTIAL-Agency,BLUE RECEIPT-SHL,W-16-10001,211,0,0,37.98,211,MADISON,0.18,5/29/2024 13:23,5/29/2024 8:51,Price Code 1,CUSTOMER PICKUP,False,Sharing Floor Athens,01-SH,30629.0,Comer,MISC. FOOD BOX SHL,Food Misc.
571,181271,8974,F-122,Freedom Church of God,FAIMPORT483876,,FP/OP/USDA,FOOD PANTRY-Agency,BLUE RECEIPT-SHL,MCW-04-10000,2,0,0,0.0,2,MADISON,0.0,5/16/2024 0:00,5/16/2024 0:00,Price Code 1,CUSTOMER PICKUP,False,Food Bank of Northeast Georgia,01,30530.0,Commerce,"BREAD AND BAKERY, SHL RETAIL PICKUPS",Grains
410,173794,8930,C-110,Colbert First Baptist Church,477423,,FP/GNAP/USDA,FOOD PANTRY-Agency,BLUE RECEIPT-SHL,N-03-11805,3,0,0,0.0,54,MADISON,0.0,2/2/2024 12:40,2/7/2024 8:03,Price Code 1,CUSTOMER PICKUP,False,Food Bank of Northeast Georgia,01,30628.0,Colbert,GATORADE ORANGE ZERO SUGAR,Beverages
915,180636,8970,T-122,Tabors Chapel CME Church,FAIMPORT483242,,DIRECT ASSISTANCE,DIRECT ASSISTANCE-Agency,BLUE RECEIPT-SHL,MCW-16-10001,2,0,0,0.0,2,MADISON,0.0,5/9/2024 0:00,5/9/2024 0:00,Price Code 1,CUSTOMER PICKUP,False,Food Bank of Northeast Georgia,01,30633.0,Danielsville,"MISC. FOOD BOX, SHL RETAIL PICKUP",Food Misc.
571,179757,8940,F-122,Freedom Church of God,482370,,FP/OP/USDA,FOOD PANTRY-Agency,BLUE RECEIPT-SHL,C-28-90531,1,0,0,0.0,52,MADISON,0.0,5/2/2024 14:21,5/2/2024 9:09,Price Code 1,CUSTOMER PICKUP,False,Food Bank of Northeast Georgia,01,30530.0,Commerce,"CABBAGE, SHL 50#",Vegetables
915,181285,8975,T-122,Tabors Chapel CME Church,FAIMPORT483890,,DIRECT ASSISTANCE,DIRECT ASSISTANCE-Agency,BLUE RECEIPT-SHL,MCC-07-10001,71,0,0,0.0,71,MADISON,0.0,5/20/2024 0:00,5/20/2024 0:00,Price Code 1,CUSTOMER PICKUP,False,Food Bank of Northeast Georgia,01,30633.0,Danielsville,"DAIRY PRODUCTS, SHL RETAIL PICKUPS",Dairy
571,178106,696,F-122,Freedom Church of God,480725,,FP/OP/USDA,FOOD PANTRY-Agency,LOCAL - LL,W-25-10000,53,0,0,9.54,53,MADISON,0.18,4/2/2024 14:21,4/2/2024 10:00,Price Code 1,CUSTOMER PICKUP,False,Sharing Floor Athens,01-SH,30530.0,Commerce,"ASSORTED SNACK ITEMS, LL",Food Misc.
571,173265,8766,F-122,Freedom Church of God,476894,,FP/OP/USDA,FOOD PANTRY-Agency,LOCAL - LL,N-25-11919,10,0,0,3.6,20,MADISON,0.18,1/25/2024 14:21,1/31/2024 9:41,Price Code 1,CUSTOMER PICKUP,False,Food Bank of Northeast Georgia,01,30530.0,Commerce,GHIRARDELLI SEA SALT CARAMEL CHOCOLATE,Food Misc.
836,173072,8720,G-122,Gordon's Chapel Methodist Church,476702,,FP/USDA,FOOD PANTRY-Agency,USDA,N-50-10305,5,0,0,12.6,70,MADISON,0.18,1/18/2024 14:20,1/18/2024 9:26,Price Code 1,CUSTOMER PICKUP,False,Food Bank of Northeast Georgia,01,30646.0,Hull,USDA MIXED VegetablesCCC,Vegetables
799,180948,683,C-149,Colbert Methodist Church,483554,,FP/GNAP/USDA,FOOD PANTRY-Agency,BLUE RECEIPT-SHL,W-16-10001,246,0,0,44.28,246,MADISON,0.18,5/16/2024 9:56,5/16/2024 13:47,Price Code 1,CUSTOMER PICKUP,False,Sharing Floor Athens,01-SH,30628.0,Colbert,MISC. FOOD BOX SHL,Food Misc.
915,172429,8835,T-122,Tabors Chapel CME Church,476060,,DIRECT ASSISTANCE,DIRECT ASSISTANCE-Agency,BLUE RECEIPT-SHL,N-03-11771,4,0,0,0.0,120,MADISON,0.0,1/5/2024 14:19,1/5/2024 13:18,Price Code 1,CUSTOMER PICKUP,False,Food Bank of Northeast Georgia,01,30633.0,Danielsville,GATORADE LOWER SUGAR GLACIER FREEZE,Beverages
799,175071,170,C-149,Colbert Methodist Church,477701,,FP/GNAP/USDA,FOOD PANTRY-Agency,USDA,N-50-10007,2,0,0,10.08,56,MADISON,0.18,2/9/2024 9:56,2/9/2024 10:17,Price Code 1,CUSTOMER PICKUP,False,Food Bank of Northeast Georgia,01,30628.0,Colbert,"USDA CORN, WHOLE KERNEL NO SALT",Vegetables
371,179046,1045,E-111,Evangelical Methodist Church - Danielsville,481660,,FOOD PANTRY,FOOD PANTRY-Agency,BLUE RECEIPT-SHL,W-25-10009,22,0,0,3.96,22,MADISON,0.18,4/16/2024 13:56,4/16/2024 11:33,Price Code 1,CUSTOMER PICKUP,False,Sharing Floor Athens,01-SH,30633.0,Danielsville,"ASSORTED SNACK ITEMS, SHL",Food Misc.
832,175683,4761,U-104,Union Baptist Church,478311,,FP/OP/USDA,FOOD PANTRY-Agency,USDA,F-50-90454,1,0,0,0.0,31,MADISON,0.0,2/22/2024 11:46,2/22/2024 14:24,Price Code 1,CUSTOMER PICKUP,False,Food Bank of Northeast Georgia,01,30646.0,Hull,USDA FROZEN STRAWBERRIES CCC,Fruits
549,182552,683,R-120,Roger's Baptist Church,485155,,FP/OP/USDA,FOOD PANTRY-Agency,BLUE RECEIPT-SHL,W-16-10001,59,0,0,0.0,59,MADISON,0.0,6/25/2024 15:13,6/25/2024 15:46,Price Code 1,CUSTOMER PICKUP,False,Sharing Floor Athens,01-SH,30530.0,Commerce,MISC. FOOD BOX SHL,Food Misc.
477,181575,9084,W-117,Waggoners Grove Baptist Church,484179,,FP/OP/GNAP/USDA,FOOD PANTRY-Agency,USDA,N-50-10315,3,0,0,14.58,81,MADISON,0.18,6/24/2024 11:00,6/24/2024 9:31,Price Code 1,CUSTOMER PICKUP,False,Food Bank of Northeast Georgia,01,30628.0,Colbert,USDA CANNED SALMON,Proteins
799,173629,683,C-149,Colbert Methodist Church,477258,,FP/GNAP/USDA,FOOD PANTRY-Agency,BLUE RECEIPT-SHL,W-16-10001,199,0,0,35.82,199,MADISON,0.18,1/25/2024 9:56,1/25/2024 13:59,Price Code 1,CUSTOMER PICKUP,False,Sharing Floor Athens,01-SH,30628.0,Colbert,MISC. FOOD BOX SHL,Food Misc.
477,175992,8956,W-117,Waggoners Grove Baptist Church,478620,,FP/OP/GNAP/USDA,FOOD PANTRY-Agency,BLUE RECEIPT-SHL,N-03-11817,5,0,0,0.0,70,MADISON,0.0,3/11/2024 10:00,3/11/2024 10:48,Price Code 1,CUSTOMER PICKUP,False,Food Bank of Northeast Georgia,01,30628.0,Colbert,TWISTER CHERRY BERRY BLAST,Beverages
915,177185,8976,T-122,Tabors Chapel CME Church,FAIMPORT479806,,DIRECT ASSISTANCE,DIRECT ASSISTANCE-Agency,BLUE RECEIPT-SHL,MCC-28-10001,29,0,0,0.0,29,MADISON,0.0,3/11/2024 0:00,3/11/2024 0:00,Price Code 1,CUSTOMER PICKUP,False,Food Bank of Northeast Georgia,01,30633.0,Danielsville,"PRODUCE, SHL RETAIL PICKUPS",Mixed Produce
477,172879,5407,W-117,Waggoners Grove Baptist Church,476510,,FP/OP/GNAP/USDA,FOOD PANTRY-Agency,BLUE RECEIPT-SHL,F-15-10000,127,0,0,22.86,127,MADISON,0.18,1/10/2024 14:38,1/10/2024 14:26,Price Code 1,CUSTOMER PICKUP,False,Sharing Floor Athens,01-SH,30628.0,Colbert,"MEAT & SEAFOOD, FROZEN SHL",Proteins
571,180203,9049,F-122,Freedom Church of God,482809,,FP/OP/USDA,FOOD PANTRY-Agency,BLUE RECEIPT-SHL,C-07-90665,5,0,0,23.4,180,MADISON,0.13,5/16/2024 8:45,5/17/2024 11:15,Price Code 1,CUSTOMER PICKUP,False,Food Bank of Northeast Georgia,01,30530.0,Commerce,GREAT VALUE UNSALTED BUTTER,Dairy
799,181925,683,C-149,Colbert Methodist Church,484529,,FP/GNAP/USDA,FOOD PANTRY-Agency,BLUE RECEIPT-SHL,W-16-10001,41,0,0,7.38,41,MADISON,0.18,6/5/2024 9:56,6/5/2024 11:15,Price Code 1,CUSTOMER PICKUP,False,Sharing Floor Athens,01-SH,30628.0,Colbert,MISC. FOOD BOX SHL,Food Misc.
571,176817,8976,F-122,Freedom Church of God,FAIMPORT479439,,FP/OP/USDA,FOOD PANTRY-Agency,BLUE RECEIPT-SHL,MCC-28-10001,32,0,0,0.0,32,MADISON,0.0,3/1/2024 0:00,3/1/2024 0:00,Price Code 1,CUSTOMER PICKUP,False,Food Bank of Northeast Georgia,01,30530.0,Commerce,"PRODUCE, SHL RETAIL PICKUPS",Mixed Produce
832,173308,84,U-104,Union Baptist Church,476937,,FP/OP/USDA,FOOD PANTRY-Agency,USDA,N-50-10006,1,0,0,4.86,27,MADISON,0.18,1/30/2024 11:46,2/22/2024 14:24,Price Code 1,CUSTOMER PICKUP,False,Food Bank of Northeast Georgia,01,30646.0,Hull,USDA GREEN BEANS,Vegetables
371,176294,1045,E-111,Evangelical Methodist Church - Danielsville,478919,,FOOD PANTRY,FOOD PANTRY-Agency,BLUE RECEIPT-SHL,W-25-10009,33,0,0,5.94,33,MADISON,0.18,2/27/2024 13:56,2/27/2024 11:28,Price Code 1,CUSTOMER PICKUP,False,Sharing Floor Athens,01-SH,30633.0,Danielsville,"ASSORTED SNACK ITEMS, SHL",Food Misc.
915,179995,8975,T-122,Tabors Chapel CME Church,FAIMPORT482604,,DIRECT ASSISTANCE,DIRECT ASSISTANCE-Agency,BLUE RECEIPT-SHL,MCC-07-10001,62,0,0,0.0,62,MADISON,0.0,4/29/2024 0:00,4/29/2024 0:00,Price Code 1,CUSTOMER PICKUP,False,Food Bank of Northeast Georgia,01,30633.0,Danielsville,"DAIRY PRODUCTS, SHL RETAIL PICKUPS",Dairy
371,175874,92,E-111,Evangelical Methodist Church - Danielsville,478502,,FOOD PANTRY,FOOD PANTRY-Agency,LOCAL - LL,W-01-10002,16,0,0,2.88,16,MADISON,0.18,2/20/2024 13:56,2/20/2024 11:19,Price Code 1,CUSTOMER PICKUP,False,Sharing Floor Athens,01-SH,30633.0,Danielsville,"ASSORTED NON-FOOD ITEMS, LL",Non-Food Misc.
981,181627,683,D-111,Divine Healing Ministry of Recovery Inc.,484231,,ON PREMISES (OP),REHAB-Agency,BLUE RECEIPT-SHL,W-16-10001,276,0,0,49.68,276,MADISON,0.18,5/30/2024 11:27,5/30/2024 11:33,Price Code 1,CONTACT FOR DELIVERY,False,Sharing Floor Athens,01-SH,30633.0,Commerce,MISC. FOOD BOX SHL,Food Misc.
549,179053,875,R-120,Roger's Baptist Church,481667,,FP/OP/USDA,FOOD PANTRY-Agency,BLUE RECEIPT-SHL,W-04-10000,66,0,0,0.0,66,MADISON,0.0,4/16/2024 15:13,4/16/2024 14:00,Price Code 1,CUSTOMER PICKUP,False,Sharing Floor Athens,01-SH,30530.0,Commerce,"BREAD & BAKERY, ASSORTED SHL",Grains
371,173837,696,E-111,Evangelical Methodist Church - Danielsville,477466,,FOOD PANTRY,FOOD PANTRY-Agency,LOCAL - LL,W-25-10000,22,0,0,3.96,22,MADISON,0.18,1/30/2024 13:56,1/30/2024 11:17,Price Code 1,CUSTOMER PICKUP,False,Sharing Floor Athens,01-SH,30633.0,Danielsville,"ASSORTED SNACK ITEMS, LL",Food Misc.
1010,176510,683,F-143,Freedom C.H. Church,479134,,FP/USDA,FOOD PANTRY-Agency,BLUE RECEIPT-SHL,W-16-10001,23,0,0,0.0,23,MADISON,0.0,3/1/2024 10:47,3/1/2024 10:57,Price Code 1,CUSTOMER PICKUP,False,Sharing Floor Athens,01-SH,30662.0,Royston,MISC. FOOD BOX SHL,Food Misc.
571,175776,6816,F-122,Freedom Church of God,478404,,FP/OP/USDA,FOOD PANTRY-Agency,BLUE RECEIPT-SHL,C-28-90345,1,0,0,0.0,50,MADISON,0.0,2/22/2024 14:21,2/22/2024 14:22,Price Code 1,CUSTOMER PICKUP,False,Food Bank of Northeast Georgia,01,30530.0,Commerce,CARROTS,Vegetables
799,176783,1822,C-149,Colbert Methodist Church,479406,,FP/GNAP/USDA,FOOD PANTRY-Agency,GNAP,N-40-10140,2,0,0,0.0,36,MADISON,0.0,3/12/2024 7:56,3/12/2024 12:44,Price Code 1,CUSTOMER PICKUP,False,Food Bank of Northeast Georgia,01,30628.0,Colbert,GNAP TUNA LIGHT CHUNK,Proteins
549,177565,5407,R-120,Roger's Baptist Church,480185,,FP/OP/USDA,FOOD PANTRY-Agency,BLUE RECEIPT-SHL,F-15-10000,121,0,0,21.78,121,MADISON,0.18,3/19/2024 15:13,3/19/2024 13:59,Price Code 1,CUSTOMER PICKUP,False,Sharing Floor Athens,01-SH,30530.0,Commerce,"MEAT & SEAFOOD, FROZEN SHL",Proteins
836,173880,8918,G-122,Gordon's Chapel Methodist Church,477509,,FP/USDA,FOOD PANTRY-Agency,LOCAL - LL,N-25-11950,10,0,0,3.6,20,MADISON,0.18,2/7/2024 14:20,2/7/2024 13:31,Price Code 1,CUSTOMER PICKUP,False,Food Bank of Northeast Georgia,01,30646.0,Hull,GHIRARDELLI DARK CHOCOLATE,Food Misc.
477,173281,8923,W-117,Waggoners Grove Baptist Church,476910,,FP/OP/GNAP/USDA,FOOD PANTRY-Agency,LOCAL - LL,N-25-11955,10,0,0,27.0,150,MADISON,0.18,1/26/2024 10:00,1/26/2024 9:49,Price Code 1,CUSTOMER PICKUP,False,Food Bank of Northeast Georgia,01,30628.0,Colbert,REESES/KIT KAT/PAYDAY CANDY BAR ASST,Food Misc.
729,181733,9056,C-164,Colbert Methodist Church INTHEMIDDLEMEALS,484337,,FP/GNAP/USDA,AT-RISK YOUTH-Agency,GNAP,N-40-10286,2,0,0,0.0,44,MADISON,0.0,6/7/2024 14:00,6/7/2024 13:53,Price Code 1,CUSTOMER PICKUP,False,Food Bank of Northeast Georgia,01,30628.0,Colbert,GNAP DICED PEAR CUPS,Fruits
892,175140,8783,L-114,Legacy Baptist Church,477769,,FP/USDA,FOOD PANTRY-Agency,USDA,N-50-10308,1,0,0,4.14,23,MADISON,0.18,2/13/2024 11:15,2/13/2024 11:07,Price Code 1,CUSTOMER PICKUP,False,Food Bank of Northeast Georgia,01,30646.0,Hull,USDA RAISINS,Fruits
571,173347,8905,F-122,Freedom Church of God,476976,,FP/OP/USDA,FOOD PANTRY-Agency,BLUE RECEIPT-SHL,N-03-11794,4,0,0,0.0,152,MADISON,0.0,1/25/2024 11:00,2/2/2024 11:25,Price Code 1,CUSTOMER PICKUP,False,Food Bank of Northeast Georgia,01,30530.0,Commerce,"PEPSI, 12/1.25L",Beverages
571,177546,1047,F-122,Freedom Church of God,480166,,FP/OP/USDA,FOOD PANTRY-Agency,USDA,N-50-10041,25,0,0,0.0,1225,MADISON,0.0,3/22/2024 14:21,3/23/2024 6:46,Price Code 1,TRUCK 1 MOBILE PANTRY,False,Food Bank of Northeast Georgia,01,30530.0,Commerce,USDA RICE,Grains
915,179297,8975,T-122,Tabors Chapel CME Church,FAIMPORT481910,,DIRECT ASSISTANCE,DIRECT ASSISTANCE-Agency,BLUE RECEIPT-SHL,MCC-07-10001,3,0,0,0.0,3,MADISON,0.0,4/18/2024 0:00,4/18/2024 0:00,Price Code 1,CUSTOMER PICKUP,False,Food Bank of Northeast Georgia,01,30633.0,Danielsville,"DAIRY PRODUCTS, SHL RETAIL PICKUPS",Dairy
915,177912,8996,T-122,Tabors Chapel CME Church,480531,,DIRECT ASSISTANCE,DIRECT ASSISTANCE-Agency,LOCAL - LL,C-07-90662,5,0,0,0.0,70,MADISON,0.0,4/3/2024 14:19,4/3/2024 13:44,Price Code 1,CUSTOMER PICKUP,False,Food Bank of Northeast Georgia,01,30633.0,Danielsville,DUNKIN COFFEE CREAMER,Food Misc.
477,179522,7083,W-117,Waggoners Grove Baptist Church,482135,,FP/OP/GNAP/USDA,FOOD PANTRY-Agency,USDA,C-50-10029,5,0,0,10.8,60,MADISON,0.18,4/26/2024 14:38,4/26/2024 10:11,Price Code 1,CUSTOMER PICKUP,False,Food Bank of Northeast Georgia,01,30628.0,Colbert,"USDA MILD CHEDDAR CHEESE, BLOCK CCC",Dairy
571,178215,8973,F-122,Freedom Church of God,FAIMPORT480833,,FP/OP/USDA,FOOD PANTRY-Agency,BLUE RECEIPT-SHL,MCC-16-10001,19,0,0,0.0,19,MADISON,0.0,3/22/2024 0:00,3/22/2024 0:00,Price Code 1,CUSTOMER PICKUP,False,Food Bank of Northeast Georgia,01,30530.0,Commerce,"COOLER FOOD MISC., SHL RETAIL PICKUP",Food Misc.
137,175936,875,J-100,Jubilee Partners,478564,,FP/OP/GNAP,RESIDENTIAL-Agency,BLUE RECEIPT-SHL,W-04-10000,38,0,0,0.0,38,MADISON,0.0,2/21/2024 13:23,2/21/2024 8:53,Price Code 1,CUSTOMER PICKUP,False,Sharing Floor Athens,01-SH,30629.0,Comer,"BREAD & BAKERY, ASSORTED SHL",Grains
477,177887,5958,W-117,Waggoners Grove Baptist Church,480506,,FP/OP/GNAP/USDA,FOOD PANTRY-Agency,BLUE RECEIPT-SHL,C-16-10001,26,0,0,4.68,26,MADISON,0.18,3/26/2024 14:38,3/26/2024 13:53,Price Code 1,CUSTOMER PICKUP,False,Sharing Floor Athens,01-SH,30628.0,Colbert,"COOLER FOOD, MISC. SHL",Food Misc.
915,178647,9014,T-122,Tabors Chapel CME Church,481263,,DIRECT ASSISTANCE,DIRECT ASSISTANCE-Agency,PURCH,N-27-10136,2,0,104,9.72,54,MADISON,0.18,4/15/2024 14:19,4/17/2024 12:29,Price Code 1,CUSTOMER PICKUP,False,Food Bank of Northeast Georgia,01,30633.0,Danielsville,"GREEN BEANS, HARVEST VALLEY",Vegetables
571,178814,50,F-122,Freedom Church of God,481428,,FP/OP/USDA,FOOD PANTRY-Agency,LOCAL - LL,W-16-10002,47,0,0,8.46,47,MADISON,0.18,4/11/2024 14:21,4/24/2024 11:30,Price Code 1,CUSTOMER PICKUP,False,Sharing Floor Athens,01-SH,30530.0,Commerce,MISC. FOOD BOX LL,Food Misc.
892,177974,170,L-114,Legacy Baptist Church,480593,,FP/USDA,FOOD PANTRY-Agency,USDA,N-50-10007,1,0,0,5.04,28,MADISON,0.18,4/3/2024 11:15,4/3/2024 11:32,Price Code 1,CUSTOMER PICKUP,False,Food Bank of Northeast Georgia,01,30646.0,Hull,"USDA CORN, WHOLE KERNEL NO SALT",Vegetables
371,172804,690,E-111,Evangelical Methodist Church - Danielsville,476435,,FOOD PANTRY,FOOD PANTRY-Agency,BLUE RECEIPT-SHL,W-03-10013,41,0,0,0.0,41,MADISON,0.0,1/9/2024 13:56,1/9/2024 11:47,Price Code 1,CUSTOMER PICKUP,False,Sharing Floor Athens,01-SH,30633.0,Danielsville,"ASSORTED BEVERAGES, SHL",Beverages
477,173562,690,W-117,Waggoners Grove Baptist Church,477191,,FP/OP/GNAP/USDA,FOOD PANTRY-Agency,BLUE RECEIPT-SHL,W-03-10013,274,0,0,0.0,274,MADISON,0.0,1/24/2024 14:38,1/24/2024 13:58,Price Code 1,CUSTOMER PICKUP,False,Sharing Floor Athens,01-SH,30628.0,Colbert,"ASSORTED BEVERAGES, SHL",Beverages
137,173891,875,J-100,Jubilee Partners,477520,,FP/OP/GNAP,RESIDENTIAL-Agency,BLUE RECEIPT-SHL,W-04-10000,13,0,0,0.0,13,MADISON,0.0,1/31/2024 13:23,1/31/2024 8:48,Price Code 1,CUSTOMER PICKUP,False,Sharing Floor Athens,01-SH,30629.0,Comer,"BREAD & BAKERY, ASSORTED SHL",Grains
477,180880,688,W-117,Waggoners Grove Baptist Church,483486,,FP/OP/GNAP/USDA,FOOD PANTRY-Agency,BLUE RECEIPT-SHL,W-01-10000,3,0,0,0.54,3,MADISON,0.18,5/15/2024 14:38,5/15/2024 13:47,Price Code 1,CUSTOMER PICKUP,False,Sharing Floor Athens,01-SH,30628.0,Colbert,"ASSORTED NON-FOOD ITEMS, SHL",Non-Food Misc.
137,181912,688,J-100,Jubilee Partners,484516,,FP/OP/GNAP,RESIDENTIAL-Agency,BLUE RECEIPT-SHL,W-01-10000,29,0,0,5.22,29,MADISON,0.18,6/5/2024 13:23,6/5/2024 8:56,Price Code 1,CUSTOMER PICKUP,False,Sharing Floor Athens,01-SH,30629.0,Comer,"ASSORTED NON-FOOD ITEMS, SHL",Non-Food Misc.
571,180972,8973,F-122,Freedom Church of God,FAIMPORT483578,,FP/OP/USDA,FOOD PANTRY-Agency,BLUE RECEIPT-SHL,MCC-16-10001,19,0,0,0.0,19,MADISON,0.0,5/14/2024 0:00,5/14/2024 0:00,Price Code 1,CUSTOMER PICKUP,False,Food Bank of Northeast Georgia,01,30530.0,Commerce,"COOLER FOOD MISC., SHL RETAIL PICKUP",Food Misc.
477,182597,5958,W-117,Waggoners Grove Baptist Church,485200,,FP/OP/GNAP/USDA,FOOD PANTRY-Agency,BLUE RECEIPT-SHL,C-16-10001,145,0,0,26.1,145,MADISON,0.18,6/26/2024 14:38,6/26/2024 13:34,Price Code 1,CUSTOMER PICKUP,False,Sharing Floor Athens,01-SH,30628.0,Colbert,"COOLER FOOD, MISC. SHL",Food Misc.
519,180259,5958,C-140,Colbert Living Waters Holiness Church,482865,,FP/OP/USDA,FOOD PANTRY-Agency,BLUE RECEIPT-SHL,C-16-10001,34,0,0,6.12,34,MADISON,0.18,5/6/2024 14:56,5/6/2024 9:44,Price Code 1,CUSTOMER PICKUP,False,Sharing Floor Athens,01-SH,30628.0,Colbert,"COOLER FOOD, MISC. SHL",Food Misc.
571,172819,3776,F-122,Freedom Church of God,476450,,FP/OP/USDA,FOOD PANTRY-Agency,BLUE RECEIPT-SHL,N-03-11125,3,0,0,2.97,99,MADISON,0.03,1/12/2024 14:21,1/12/2024 12:55,Price Code 1,CUSTOMER PICKUP,False,Food Bank of Northeast Georgia,01,30530.0,Commerce,PEPSI WILD CHERRY,Beverages
137,173168,683,J-100,Jubilee Partners,476798,,FP/OP/GNAP,RESIDENTIAL-Agency,BLUE RECEIPT-SHL,W-16-10001,36,0,0,6.48,36,MADISON,0.18,1/17/2024 13:23,1/17/2024 9:04,Price Code 1,CUSTOMER PICKUP,False,Sharing Floor Athens,01-SH,30629.0,Comer,MISC. FOOD BOX SHL,Food Misc.
892,181125,9014,L-114,Legacy Baptist Church,483730,,FP/USDA,FOOD PANTRY-Agency,PURCH,N-27-10136,1,0,52,4.86,27,MADISON,0.18,5/24/2024 14:00,5/24/2024 14:13,Price Code 1,CUSTOMER PICKUP,False,Food Bank of Northeast Georgia,01,30646.0,Hull,"GREEN BEANS, HARVEST VALLEY",Vegetables
477,173281,8920,W-117,Waggoners Grove Baptist Church,476910,,FP/OP/GNAP/USDA,FOOD PANTRY-Agency,LOCAL - LL,N-25-11952,5,0,0,2.7,15,MADISON,0.18,1/26/2024 10:00,1/26/2024 9:49,Price Code 1,CUSTOMER PICKUP,False,Food Bank of Northeast Georgia,01,30628.0,Colbert,FAMOUS AMOS COCONUT BITE SIZE COOKIES,Food Misc.
477,176546,8981,W-117,Waggoners Grove Baptist Church,479170,,FP/OP/GNAP/USDA,FOOD PANTRY-Agency,BLUE RECEIPT-SHL,F-15-90554,5,0,0,11.7,65,MADISON,0.18,3/21/2024 8:00,3/21/2024 11:39,Price Code 1,CUSTOMER PICKUP,False,Food Bank of Northeast Georgia,01,30628.0,Colbert,JENNIE-O TURKEY FRANKS,Proteins
799,176578,1356,C-149,Colbert Methodist Church,479202,,FP/GNAP/USDA,FOOD PANTRY-Agency,GNAP,N-40-10131,3,0,0,0.0,33,MADISON,0.0,3/8/2024 8:56,3/8/2024 12:16,Price Code 1,CUSTOMER PICKUP,False,Food Bank of Northeast Georgia,01,30628.0,Colbert,GNAP CHUNK CHICKEN,Proteins
371,180347,5958,E-111,Evangelical Methodist Church - Danielsville,482953,,FOOD PANTRY,FOOD PANTRY-Agency,BLUE RECEIPT-SHL,C-16-10001,68,0,0,12.24,68,MADISON,0.18,5/7/2024 13:56,5/7/2024 11:27,Price Code 1,CUSTOMER PICKUP,False,Sharing Floor Athens,01-SH,30633.0,Danielsville,"COOLER FOOD, MISC. SHL",Food Misc.
137,180840,683,J-100,Jubilee Partners,483446,,FP/OP/GNAP,RESIDENTIAL-Agency,BLUE RECEIPT-SHL,W-16-10001,113,0,0,20.34,113,MADISON,0.18,5/15/2024 13:23,5/15/2024 8:42,Price Code 1,CUSTOMER PICKUP,False,Sharing Floor Athens,01-SH,30629.0,Comer,MISC. FOOD BOX SHL,Food Misc.
842,175063,3954,C-153,Cedar Grove Baptist Church,477693,,FP/GNAP/USDA,FOOD PANTRY-Agency,GNAP,N-40-10164,2,0,0,5.4,54,MADISON,0.1,2/14/2024 10:00,2/20/2024 14:48,Price Code 1,CUSTOMER PICKUP,False,Food Bank of Northeast Georgia,01,30629.0,Comer,"GNAP GREEN PEAS, LOW SODIUM",Proteins
549,172672,8761,R-120,Roger's Baptist Church,476303,,FP/OP/USDA,FOOD PANTRY-Agency,USDA,N-50-10306,4,0,0,18.0,100,MADISON,0.18,1/16/2024 13:30,1/16/2024 14:36,Price Code 1,CUSTOMER PICKUP,False,Food Bank of Northeast Georgia,01,30530.0,Commerce,USDA WHOLE DEGLET DATES,Fruits
571,181303,8975,F-122,Freedom Church of God,FAIMPORT483907,,FP/OP/USDA,FOOD PANTRY-Agency,BLUE RECEIPT-SHL,MCC-07-10001,17,0,0,0.0,17,MADISON,0.0,5/17/2024 0:00,5/17/2024 0:00,Price Code 1,CUSTOMER PICKUP,False,Food Bank of Northeast Georgia,01,30530.0,Commerce,"DAIRY PRODUCTS, SHL RETAIL PICKUPS",Dairy
898,181004,688,M-132,Meadow Baptist Church,483609,,FP/USDA,DIRECT ASSISTANCE-Agency,BLUE RECEIPT-SHL,W-01-10000,20,0,0,3.6,20,MADISON,0.18,5/17/2024 10:02,5/17/2024 8:46,Price Code 1,CUSTOMER PICKUP,False,Sharing Floor Athens,01-SH,30629.0,Comer,"ASSORTED NON-FOOD ITEMS, SHL",Non-Food Misc.
410,176230,8945,C-110,Colbert First Baptist Church,478856,,FP/GNAP/USDA,FOOD PANTRY-Agency,BLUE RECEIPT-SHL,N-03-11809,3,0,0,0.0,54,MADISON,0.0,2/29/2024 12:40,2/29/2024 14:28,Price Code 1,CUSTOMER PICKUP,False,Food Bank of Northeast Georgia,01,30628.0,Colbert,PROPEL KIWI STRAWBERRY,Beverages
571,172309,8888,F-122,Freedom Church of God,475940,,FP/OP/USDA,FOOD PANTRY-Agency,LFB,N-19-10057,40,0,0,43.2,240,MADISON,0.18,1/5/2024 14:21,1/5/2024 11:28,Price Code 1,CUSTOMER PICKUP,False,Food Bank of Northeast Georgia,01,30530.0,Commerce,COTTONELLE TOILET PAPER 18,Non-Food Misc.
137,176343,5938,J-100,Jubilee Partners,478968,,FP/OP/GNAP,RESIDENTIAL-Agency,BLUE RECEIPT-SHL,C-28-10001,131,0,0,3.93,131,MADISON,0.03,2/28/2024 13:23,2/28/2024 8:30,Price Code 1,CUSTOMER PICKUP,False,Sharing Floor Athens,01-SH,30629.0,Comer,"PRODUCE, FRESH SHL",Mixed Produce
571,175985,8957,F-122,Freedom Church of God,478613,,FP/OP/USDA,FOOD PANTRY-Agency,YELLOW RECEIPT - SHN,N-25-11956,5,0,0,3.6,20,MADISON,0.18,2/26/2024 14:21,2/26/2024 9:08,Price Code 1,CUSTOMER PICKUP,False,Food Bank of Northeast Georgia,01,30530.0,Commerce,HONEYMAID GRAHAM CRACKERS,Grains
981,176021,5772,D-111,Divine Healing Ministry of Recovery Inc.,478649,,ON PREMISES (OP),REHAB-Agency,LOCAL - LL,C-28-10000,152,0,0,4.56,152,MADISON,0.03,2/22/2024 11:43,2/22/2024 11:51,Price Code 1,CONTACT FOR DELIVERY,False,Sharing Floor Athens,01-SH,30633.0,Commerce,"PRODUCE, FRESH LL",Mixed Produce
477,180389,9025,W-117,Waggoners Grove Baptist Church,482995,,FP/OP/GNAP/USDA,FOOD PANTRY-Agency,YELLOW RECEIPT - SHN,N-11-11072,10,0,0,16.2,90,MADISON,0.18,5/17/2024 11:00,5/20/2024 10:32,Price Code 1,CUSTOMER PICKUP,False,Food Bank of Northeast Georgia,01,30628.0,Colbert,MRS BUTTERSWORTHS SMORES PANCAKE KIT,Food Misc.
571,182603,683,F-122,Freedom Church of God,485206,,FP/OP/USDA,FOOD PANTRY-Agency,BLUE RECEIPT-SHL,W-16-10001,24,0,0,4.32,24,MADISON,0.18,6/26/2024 14:21,6/26/2024 15:23,Price Code 1,CUSTOMER PICKUP,False,Sharing Floor Athens,01-SH,30530.0,Commerce,MISC. FOOD BOX SHL,Food Misc.
915,177578,8976,T-122,Tabors Chapel CME Church,FAIMPORT480198,,DIRECT ASSISTANCE,DIRECT ASSISTANCE-Agency,BLUE RECEIPT-SHL,MCC-28-10001,49,0,0,0.0,49,MADISON,0.0,3/14/2024 0:00,3/14/2024 0:00,Price Code 1,CUSTOMER PICKUP,False,Food Bank of Northeast Georgia,01,30633.0,Danielsville,"PRODUCE, SHL RETAIL PICKUPS",Mixed Produce
799,181693,9036,C-149,Colbert Methodist Church,484297,,FP/GNAP/USDA,FOOD PANTRY-Agency,GNAP,N-40-10273,5,0,0,0.0,70,MADISON,0.0,6/6/2024 11:30,6/6/2024 11:41,Price Code 1,CUSTOMER PICKUP,False,Food Bank of Northeast Georgia,01,30628.0,Colbert,GNAP PASTA O'S IN TOMATO SAUCE,Prepared Meals
137,175262,50,J-100,Jubilee Partners,477891,,FP/OP/GNAP,RESIDENTIAL-Agency,LOCAL - LL,W-16-10002,24,0,0,0.0,24,MADISON,0.0,2/7/2024 13:23,2/7/2024 8:36,Price Code 1,CUSTOMER PICKUP,False,Sharing Floor Athens,01-SH,30629.0,Comer,MISC. FOOD BOX LL,Food Misc.
137,177197,50,J-100,Jubilee Partners,479818,,FP/OP/GNAP,RESIDENTIAL-Agency,LOCAL - LL,W-16-10002,138,0,0,24.84,138,MADISON,0.18,3/13/2024 13:23,3/13/2024 8:48,Price Code 1,CUSTOMER PICKUP,False,Sharing Floor Athens,01-SH,30629.0,Comer,MISC. FOOD BOX LL,Food Misc.
898,179239,8677,M-132,Meadow Baptist Church,481852,,FP/USDA,DIRECT ASSISTANCE-Agency,LOCAL - LL,C-88-20000,56,0,0,0.0,56,MADISON,0.0,4/19/2024 10:02,4/19/2024 8:21,Price Code 1,CUSTOMER PICKUP,False,Sharing Floor Athens,01-SH,30629.0,Comer,"LFPA DAIRY, MISC",Dairy
981,182023,5938,D-111,Divine Healing Ministry of Recovery Inc.,484627,,ON PREMISES (OP),REHAB-Agency,BLUE RECEIPT-SHL,C-28-10001,141,0,0,0.0,141,MADISON,0.0,6/7/2024 10:39,6/7/2024 10:42,Price Code 1,CONTACT FOR DELIVERY,False,Sharing Floor Athens,01-SH,30633.0,Commerce,"PRODUCE, FRESH SHL",Mixed Produce
799,177743,1481,C-149,Colbert Methodist Church,480362,,FP/GNAP/USDA,FOOD PANTRY-Agency,USDA,N-50-10105,6,0,0,18.36,102,MADISON,0.18,3/26/2024 9:56,3/26/2024 10:42,Price Code 1,CUSTOMER PICKUP,False,Food Bank of Northeast Georgia,01,30628.0,Colbert,USDA DRIED CHERRIES CCC,Fruits
571,178397,8546,F-122,Freedom Church of God,481013,,FP/OP/USDA,FOOD PANTRY-Agency,BLUE RECEIPT-SHL,N-03-10262,1,0,0,0.0,30,MADISON,0.0,4/11/2024 14:21,4/11/2024 13:26,Price Code 1,CUSTOMER PICKUP,False,Food Bank of Northeast Georgia,01,30530.0,Commerce,STARRY LEMON LIME SODA 16.9 OZ,Beverages
571,181271,8972,F-122,Freedom Church of God,FAIMPORT483876,,FP/OP/USDA,FOOD PANTRY-Agency,BLUE RECEIPT-SHL,MCF-15-10000,43,0,0,0.0,43,MADISON,0.0,5/16/2024 0:00,5/16/2024 0:00,Price Code 1,CUSTOMER PICKUP,False,Food Bank of Northeast Georgia,01,30530.0,Commerce,"FROZEN MEAT & SEAFOOD, SHL RETAIL PICKUP",Proteins
915,176984,8682,T-122,Tabors Chapel CME Church,479606,,DIRECT ASSISTANCE,DIRECT ASSISTANCE-Agency,BLUE RECEIPT-SHL,N-03-11727,5,0,0,0.0,140,MADISON,0.0,3/13/2024 14:19,3/13/2024 12:48,Price Code 1,CUSTOMER PICKUP,False,Food Bank of Northeast Georgia,01,30633.0,Danielsville,LIPTON DIET GREEN TEA CITRUS,Beverages
799,180307,123,C-149,Colbert Methodist Church,482913,,FP/GNAP/USDA,FOOD PANTRY-Agency,GNAP,N-40-10002,10,0,0,0.0,150,MADISON,0.0,5/9/2024 9:45,5/10/2024 12:38,Price Code 1,CUSTOMER PICKUP,False,Food Bank of Northeast Georgia,01,30628.0,Colbert,GNAP PEANUT BUTTER,Proteins
477,179569,875,W-117,Waggoners Grove Baptist Church,482182,,FP/OP/GNAP/USDA,FOOD PANTRY-Agency,BLUE RECEIPT-SHL,W-04-10000,3,0,0,0.0,3,MADISON,0.0,4/24/2024 14:38,6/3/2024 11:29,Price Code 1,CUSTOMER PICKUP,False,Sharing Floor Athens,01-SH,30628.0,Colbert,"BREAD & BAKERY, ASSORTED SHL",Grains
915,178700,8970,T-122,Tabors Chapel CME Church,FAIMPORT481314,,DIRECT ASSISTANCE,DIRECT ASSISTANCE-Agency,BLUE RECEIPT-SHL,MCW-16-10001,1,0,0,0.0,1,MADISON,0.0,4/8/2024 0:00,4/8/2024 0:00,Price Code 1,CUSTOMER PICKUP,False,Food Bank of Northeast Georgia,01,30633.0,Danielsville,"MISC. FOOD BOX, SHL RETAIL PICKUP",Food Misc.
981,176430,690,D-111,Divine Healing Ministry of Recovery Inc.,479054,,ON PREMISES (OP),REHAB-Agency,BLUE RECEIPT-SHL,W-03-10013,136,0,0,0.0,136,MADISON,0.0,2/29/2024 11:42,2/29/2024 11:47,Price Code 1,CONTACT FOR DELIVERY,False,Sharing Floor Athens,01-SH,30633.0,Commerce,"ASSORTED BEVERAGES, SHL",Beverages
799,176783,8783,C-149,Colbert Methodist Church,479406,,FP/GNAP/USDA,FOOD PANTRY-Agency,USDA,N-50-10308,2,0,0,8.28,46,MADISON,0.18,3/12/2024 7:56,3/12/2024 12:44,Price Code 1,CUSTOMER PICKUP,False,Food Bank of Northeast Georgia,01,30628.0,Colbert,USDA RAISINS,Fruits
137,173168,690,J-100,Jubilee Partners,476798,,FP/OP/GNAP,RESIDENTIAL-Agency,BLUE RECEIPT-SHL,W-03-10013,67,0,0,0.0,67,MADISON,0.0,1/17/2024 13:23,1/17/2024 9:04,Price Code 1,CUSTOMER PICKUP,False,Sharing Floor Athens,01-SH,30629.0,Comer,"ASSORTED BEVERAGES, SHL",Beverages
571,172819,3408,F-122,Freedom Church of God,476450,,FP/OP/USDA,FOOD PANTRY-Agency,YELLOW RECEIPT - SHN,N-03-10851,1,0,0,0.0,20,MADISON,0.0,1/12/2024 14:21,1/12/2024 12:55,Price Code 1,CUSTOMER PICKUP,False,Food Bank of Northeast Georgia,01,30530.0,Commerce,"PROPEL WATER, GRAPE",Beverages
137,172312,8885,J-100,Jubilee Partners,475943,,FP/OP/GNAP,RESIDENTIAL-Agency,LFB,N-19-10054,3,0,0,7.56,42,MADISON,0.18,1/10/2024 9:00,1/10/2024 11:16,Price Code 1,CUSTOMER PICKUP,False,Food Bank of Northeast Georgia,01,30629.0,Comer,COTTONELLE TOILET PAPER 4/9,Non-Food Misc.
477,177335,8873,W-117,Waggoners Grove Baptist Church,479955,,FP/OP/GNAP/USDA,FOOD PANTRY-Agency,YELLOW RECEIPT - SHN,F-10-10001,2,0,0,0.18,6,MADISON,0.03,3/25/2024 10:00,3/25/2024 10:58,Price Code 1,CUSTOMER PICKUP,False,Food Bank of Northeast Georgia,01,30628.0,Colbert,OUTSHINE STRAWBERRY BANANA SMOOTHIE CUBES,Beverages
832,175683,4715,U-104,Union Baptist Church,478311,,FP/OP/USDA,FOOD PANTRY-Agency,USDA,F-50-90461,1,0,0,4.0,40,MADISON,0.1,2/22/2024 11:46,2/22/2024 14:24,Price Code 1,CUSTOMER PICKUP,False,Food Bank of Northeast Georgia,01,30646.0,Hull,USDA ALASKAN POLLACK FISH FILLETS,Proteins
981,176021,5681,D-111,Divine Healing Ministry of Recovery Inc.,478649,,ON PREMISES (OP),REHAB-Agency,LOCAL - LL,C-16-10000,62,0,0,11.16,62,MADISON,0.18,2/22/2024 11:43,2/22/2024 11:51,Price Code 1,CONTACT FOR DELIVERY,False,Sharing Floor Athens,01-SH,30633.0,Commerce,"COOLER FOOD, MISC. LL",Food Misc.
571,173265,2960,F-122,Freedom Church of God,476894,,FP/OP/USDA,FOOD PANTRY-Agency,USDA,N-50-10247,2,0,0,12.96,72,MADISON,0.18,1/25/2024 14:21,1/31/2024 9:41,Price Code 1,CUSTOMER PICKUP,False,Food Bank of Northeast Georgia,01,30530.0,Commerce,USDA BEEF STEW POUCHES CCC,Prepared Meals
842,180134,7153,C-153,Cedar Grove Baptist Church,482742,,FP/GNAP/USDA,FOOD PANTRY-Agency,GNAP,N-40-10234,2,0,0,0.0,26,MADISON,0.0,5/8/2024 10:09,6/3/2024 7:54,Price Code 1,CUSTOMER PICKUP,False,Food Bank of Northeast Georgia,01,30629.0,Comer,GNAP BAKED BEANS,Proteins
799,172625,50,C-149,Colbert Methodist Church,476256,,FP/GNAP/USDA,FOOD PANTRY-Agency,LOCAL - LL,W-16-10002,117,0,0,21.06,117,MADISON,0.18,1/5/2024 9:56,1/5/2024 13:54,Price Code 1,CUSTOMER PICKUP,False,Sharing Floor Athens,01-SH,30628.0,Colbert,MISC. FOOD BOX LL,Food Misc.
137,181912,690,J-100,Jubilee Partners,484516,,FP/OP/GNAP,RESIDENTIAL-Agency,BLUE RECEIPT-SHL,W-03-10013,119,0,0,0.0,119,MADISON,0.0,6/5/2024 13:23,6/5/2024 8:56,Price Code 1,CUSTOMER PICKUP,False,Sharing Floor Athens,01-SH,30629.0,Comer,"ASSORTED BEVERAGES, SHL",Beverages
571,178806,8990,F-122,Freedom Church of God,481420,,FP/OP/USDA,FOOD PANTRY-Agency,BLUE RECEIPT-SHL,N-03-11819,4,0,0,23.76,132,MADISON,0.18,4/16/2024 14:21,4/16/2024 9:12,Price Code 1,CUSTOMER PICKUP,False,Food Bank of Northeast Georgia,01,30530.0,Commerce,CHERRY DR PEPPER,Beverages
1010,176510,5938,F-143,Freedom C.H. Church,479134,,FP/USDA,FOOD PANTRY-Agency,BLUE RECEIPT-SHL,C-28-10001,51,0,0,1.53,51,MADISON,0.03,3/1/2024 10:47,3/1/2024 10:57,Price Code 1,CUSTOMER PICKUP,False,Sharing Floor Athens,01-SH,30662.0,Royston,"PRODUCE, FRESH SHL",Mixed Produce
571,173193,92,F-122,Freedom Church of God,476823,,FP/OP/USDA,FOOD PANTRY-Agency,LOCAL - LL,W-01-10002,6,0,0,1.08,6,MADISON,0.18,1/17/2024 14:21,1/17/2024 12:01,Price Code 1,CUSTOMER PICKUP,False,Sharing Floor Athens,01-SH,30530.0,Commerce,"ASSORTED NON-FOOD ITEMS, LL",Non-Food Misc.
410,178627,3943,C-110,Colbert First Baptist Church,481243,,FP/GNAP/USDA,FOOD PANTRY-Agency,USDA,N-50-10268,8,0,0,9.12,304,MADISON,0.03,4/12/2024 12:40,4/12/2024 11:19,Price Code 1,CUSTOMER PICKUP,False,Food Bank of Northeast Georgia,01,30628.0,Colbert,USDA APPLE JUICE,Beverages
137,180405,683,J-100,Jubilee Partners,483011,,FP/OP/GNAP,RESIDENTIAL-Agency,BLUE RECEIPT-SHL,W-16-10001,170,0,0,30.6,170,MADISON,0.18,5/8/2024 13:23,5/8/2024 8:51,Price Code 1,CUSTOMER PICKUP,False,Sharing Floor Athens,01-SH,30629.0,Comer,MISC. FOOD BOX SHL,Food Misc.
549,178348,1786,R-120,Roger's Baptist Church,480964,,FP/OP/USDA,FOOD PANTRY-Agency,BLUE RECEIPT-SHL,N-03-10670,2,0,0,0.0,12,MADISON,0.0,4/16/2024 13:30,4/16/2024 14:00,Price Code 1,CUSTOMER PICKUP,False,Food Bank of Northeast Georgia,01,30530.0,Commerce,DIET DR PEPPER,Beverages
549,172672,3408,R-120,Roger's Baptist Church,476303,,FP/OP/USDA,FOOD PANTRY-Agency,YELLOW RECEIPT - SHN,N-03-10851,2,0,0,0.0,40,MADISON,0.0,1/16/2024 13:30,1/16/2024 14:36,Price Code 1,CUSTOMER PICKUP,False,Food Bank of Northeast Georgia,01,30530.0,Commerce,"PROPEL WATER, GRAPE",Beverages
842,180416,683,C-153,Cedar Grove Baptist Church,483022,,FP/GNAP/USDA,FOOD PANTRY-Agency,BLUE RECEIPT-SHL,W-16-10001,132,0,0,23.76,132,MADISON,0.18,5/8/2024 8:30,5/8/2024 10:27,Price Code 1,CUSTOMER PICKUP,False,Sharing Floor Athens,01-SH,30629.0,Comer,MISC. FOOD BOX SHL,Food Misc.
477,180901,9059,W-117,Waggoners Grove Baptist Church,483507,,FP/OP/GNAP/USDA,FOOD PANTRY-Agency,LOCAL - LL,F-16-90438,15,0,0,10.8,60,MADISON,0.18,6/3/2024 10:00,6/3/2024 11:49,Price Code 1,CUSTOMER PICKUP,False,Food Bank of Northeast Georgia,01,30628.0,Colbert,OSCAR MAYER MAPLE SAUSAGE ROLLERS,Proteins
981,173490,683,D-111,Divine Healing Ministry of Recovery Inc.,477119,,ON PREMISES (OP),REHAB-Agency,BLUE RECEIPT-SHL,W-16-10001,49,0,0,8.82,49,MADISON,0.18,1/23/2024 14:24,1/23/2024 14:29,Price Code 1,CONTACT FOR DELIVERY,False,Sharing Floor Athens,01-SH,30633.0,Commerce,MISC. FOOD BOX SHL,Food Misc.
477,180901,3280,W-117,Waggoners Grove Baptist Church,483507,,FP/OP/GNAP/USDA,FOOD PANTRY-Agency,YELLOW RECEIPT - SHN,N-03-10833,1,0,0,0.0,18,MADISON,0.0,6/3/2024 10:00,6/3/2024 11:49,Price Code 1,CUSTOMER PICKUP,False,Food Bank of Northeast Georgia,01,30628.0,Colbert,GATORADE GLACIER FREEZE,Beverages
571,173265,8922,F-122,Freedom Church of God,476894,,FP/OP/USDA,FOOD PANTRY-Agency,LOCAL - LL,N-25-11954,10,0,0,9.0,50,MADISON,0.18,1/25/2024 14:21,1/31/2024 9:41,Price Code 1,CUSTOMER PICKUP,False,Food Bank of Northeast Georgia,01,30530.0,Commerce,ATKINS VAR PACK CHOC PEANUT/CARAMEL,Food Misc.
915,178190,8972,T-122,Tabors Chapel CME Church,FAIMPORT480808,,DIRECT ASSISTANCE,DIRECT ASSISTANCE-Agency,BLUE RECEIPT-SHL,MCF-15-10000,46,0,0,0.0,46,MADISON,0.0,3/28/2024 0:00,3/28/2024 0:00,Price Code 1,CUSTOMER PICKUP,False,Food Bank of Northeast Georgia,01,30633.0,Danielsville,"FROZEN MEAT & SEAFOOD, SHL RETAIL PICKUP",Proteins
137,177625,875,J-100,Jubilee Partners,480245,,FP/OP/GNAP,RESIDENTIAL-Agency,BLUE RECEIPT-SHL,W-04-10000,15,0,0,0.0,15,MADISON,0.0,3/20/2024 13:23,3/20/2024 8:47,Price Code 1,CUSTOMER PICKUP,False,Sharing Floor Athens,01-SH,30629.0,Comer,"BREAD & BAKERY, ASSORTED SHL",Grains
571,178863,8714,F-122,Freedom Church of God,481477,,FP/OP/USDA,FOOD PANTRY-Agency,USDA,N-50-10303,25,0,0,0.0,600,MADISON,0.0,4/16/2024 12:00,4/17/2024 7:07,Price Code 1,TRUCK 1 MOBILE PANTRY,False,Food Bank of Northeast Georgia,01,30530.0,Commerce,USDA GREEN SPLIT PEAS,Proteins
371,175567,696,E-111,Evangelical Methodist Church - Danielsville,478195,,FOOD PANTRY,FOOD PANTRY-Agency,LOCAL - LL,W-25-10000,80,0,0,14.4,80,MADISON,0.18,2/13/2024 13:56,2/13/2024 11:38,Price Code 1,CUSTOMER PICKUP,False,Sharing Floor Athens,01-SH,30633.0,Danielsville,"ASSORTED SNACK ITEMS, LL",Food Misc.
137,178165,5681,J-100,Jubilee Partners,480784,,FP/OP/GNAP,RESIDENTIAL-Agency,LOCAL - LL,C-16-10000,43,0,0,7.74,43,MADISON,0.18,4/3/2024 13:23,4/3/2024 8:50,Price Code 1,CUSTOMER PICKUP,False,Sharing Floor Athens,01-SH,30629.0,Comer,"COOLER FOOD, MISC. LL",Food Misc.
549,181869,9062,R-120,Roger's Baptist Church,484473,,FP/OP/USDA,FOOD PANTRY-Agency,LOCAL - LL,N-25-11975,10,0,0,5.4,30,MADISON,0.18,6/25/2024 13:30,6/25/2024 15:46,Price Code 1,CUSTOMER PICKUP,False,Food Bank of Northeast Georgia,01,30530.0,Commerce,DOVE DARK CHOCOLATE & PEANUT BUTTER,Food Misc.
571,182363,8973,F-122,Freedom Church of God,FAIMPORT484967,,FP/OP/USDA,FOOD PANTRY-Agency,BLUE RECEIPT-SHL,MCC-16-10001,10,0,0,0.0,10,MADISON,0.0,6/14/2024 0:00,6/14/2024 0:00,Price Code 1,CUSTOMER PICKUP,False,Food Bank of Northeast Georgia,01,30530.0,Commerce,"COOLER FOOD MISC., SHL RETAIL PICKUP",Food Misc.
842,175620,5938,C-153,Cedar Grove Baptist Church,478248,,FP/GNAP/USDA,FOOD PANTRY-Agency,BLUE RECEIPT-SHL,C-28-10001,121,0,0,3.63,121,MADISON,0.03,2/14/2024 8:30,2/14/2024 10:39,Price Code 1,CUSTOMER PICKUP,False,Sharing Floor Athens,01-SH,30629.0,Comer,"PRODUCE, FRESH SHL",Mixed Produce
571,173083,8834,F-122,Freedom Church of God,476713,,FP/OP/USDA,FOOD PANTRY-Agency,BLUE RECEIPT-SHL,N-03-11770,2,0,0,0.6,20,MADISON,0.03,1/19/2024 11:00,1/19/2024 11:21,Price Code 1,CUSTOMER PICKUP,False,Food Bank of Northeast Georgia,01,30530.0,Commerce,MT DEW ZERO SUGAR,Beverages
898,175738,5938,M-132,Meadow Baptist Church,478366,,FP/USDA,DIRECT ASSISTANCE-Agency,BLUE RECEIPT-SHL,C-28-10001,301,0,0,9.03,301,MADISON,0.03,2/16/2024 10:02,2/16/2024 8:43,Price Code 1,CUSTOMER PICKUP,False,Sharing Floor Athens,01-SH,30629.0,Comer,"PRODUCE, FRESH SHL",Mixed Produce
981,181206,9067,D-111,Divine Healing Ministry of Recovery Inc.,483811,,ON PREMISES (OP),REHAB-Agency,BLUE RECEIPT-SHL,N-03-11833,15,0,0,0.0,270,MADISON,0.0,5/28/2024 0:00,5/28/2024 13:03,Price Code 1,CONTACT FOR DELIVERY,False,Food Bank of Northeast Georgia,01,30633.0,Commerce,DIET DR PEPPER,Beverages
477,177662,690,W-117,Waggoners Grove Baptist Church,480282,,FP/OP/GNAP/USDA,FOOD PANTRY-Agency,BLUE RECEIPT-SHL,W-03-10013,79,0,0,0.0,79,MADISON,0.0,3/20/2024 14:38,3/20/2024 14:04,Price Code 1,CUSTOMER PICKUP,False,Sharing Floor Athens,01-SH,30628.0,Colbert,"ASSORTED BEVERAGES, SHL",Beverages
549,175587,8851,R-120,Roger's Baptist Church,478215,,FP/OP/USDA,FOOD PANTRY-Agency,PURCH,N-11-11071,6,0,0,6.48,36,MADISON,0.18,2/20/2024 13:30,2/20/2024 13:52,Price Code 1,CUSTOMER PICKUP,False,Food Bank of Northeast Georgia,01,30530.0,Commerce,"CHICKEN STUFFING, PREMIER PANTRY",Prepared Meals
799,176104,683,C-149,Colbert Methodist Church,478731,,FP/GNAP/USDA,FOOD PANTRY-Agency,BLUE RECEIPT-SHL,W-16-10001,107,0,0,19.26,107,MADISON,0.18,2/23/2024 9:56,2/23/2024 13:46,Price Code 1,CUSTOMER PICKUP,False,Sharing Floor Athens,01-SH,30628.0,Colbert,MISC. FOOD BOX SHL,Food Misc.
898,182460,5938,M-132,Meadow Baptist Church,485064,,FP/USDA,DIRECT ASSISTANCE-Agency,BLUE RECEIPT-SHL,C-28-10001,256,0,0,7.68,256,MADISON,0.03,6/21/2024 10:02,6/21/2024 8:28,Price Code 1,CUSTOMER PICKUP,False,Sharing Floor Athens,01-SH,30629.0,Comer,"PRODUCE, FRESH SHL",Mixed Produce
519,176942,688,C-140,Colbert Living Waters Holiness Church,479564,,FP/OP/USDA,FOOD PANTRY-Agency,BLUE RECEIPT-SHL,W-01-10000,37,0,0,6.66,37,MADISON,0.18,3/8/2024 14:56,3/8/2024 10:49,Price Code 1,CUSTOMER PICKUP,False,Sharing Floor Athens,01-SH,30628.0,Colbert,"ASSORTED NON-FOOD ITEMS, SHL",Non-Food Misc.
571,176364,1045,F-122,Freedom Church of God,478989,,FP/OP/USDA,FOOD PANTRY-Agency,BLUE RECEIPT-SHL,W-25-10009,6,0,0,1.08,6,MADISON,0.18,2/28/2024 14:21,2/28/2024 11:55,Price Code 1,CUSTOMER PICKUP,False,Sharing Floor Athens,01-SH,30530.0,Commerce,"ASSORTED SNACK ITEMS, SHL",Food Misc.
915,177800,8970,T-122,Tabors Chapel CME Church,FAIMPORT480419,,DIRECT ASSISTANCE,DIRECT ASSISTANCE-Agency,BLUE RECEIPT-SHL,MCW-16-10001,59,0,0,0.0,59,MADISON,0.0,3/21/2024 0:00,3/21/2024 0:00,Price Code 1,CUSTOMER PICKUP,False,Food Bank of Northeast Georgia,01,30633.0,Danielsville,"MISC. FOOD BOX, SHL RETAIL PICKUP",Food Misc.
820,175061,8915,N-122,New Bethel CH Church,477691,,FP/GNAP/USDA,FOOD PANTRY-Agency,USDA,F-50-90474,2,0,0,14.4,80,MADISON,0.18,2/9/2024 11:00,2/9/2024 13:49,Price Code 1,CUSTOMER PICKUP,False,Food Bank of Northeast Georgia,01,30662.0,Royston,USDA PACIFIC SALAD SHRIMP,Proteins
981,178844,8546,D-111,Divine Healing Ministry of Recovery Inc.,481458,,ON PREMISES (OP),REHAB-Agency,BLUE RECEIPT-SHL,N-03-10262,6,0,0,0.0,180,MADISON,0.0,4/17/2024 7:59,4/17/2024 11:59,Price Code 1,CONTACT FOR DELIVERY,False,Food Bank of Northeast Georgia,01,30633.0,Commerce,STARRY LEMON LIME SODA 16.9 OZ,Beverages
1010,179258,683,F-143,Freedom C.H. Church,481871,,FP/USDA,FOOD PANTRY-Agency,BLUE RECEIPT-SHL,W-16-10001,140,0,0,25.2,140,MADISON,0.18,4/19/2024 10:35,4/19/2024 10:38,Price Code 1,CUSTOMER PICKUP,False,Sharing Floor Athens,01-SH,30662.0,Royston,MISC. FOOD BOX SHL,Food Misc.
892,175140,842,L-114,Legacy Baptist Church,477769,,FP/USDA,FOOD PANTRY-Agency,USDA,N-50-10021,2,0,0,9.72,54,MADISON,0.18,2/13/2024 11:15,2/13/2024 11:07,Price Code 1,CUSTOMER PICKUP,False,Food Bank of Northeast Georgia,01,30646.0,Hull,USDA DICED TOMATOES NO SALT CCC,Vegetables
892,181125,170,L-114,Legacy Baptist Church,483730,,FP/USDA,FOOD PANTRY-Agency,USDA,N-50-10007,1,0,0,5.04,28,MADISON,0.18,5/24/2024 14:00,5/24/2024 14:13,Price Code 1,CUSTOMER PICKUP,False,Food Bank of Northeast Georgia,01,30646.0,Hull,"USDA CORN, WHOLE KERNEL NO SALT",Vegetables
836,180311,1674,G-122,Gordon's Chapel Methodist Church,482917,,FP/USDA,FOOD PANTRY-Agency,USDA,N-50-10073,4,0,0,19.44,108,MADISON,0.18,5/15/2024 14:15,5/15/2024 13:29,Price Code 1,CUSTOMER PICKUP,False,Food Bank of Northeast Georgia,01,30646.0,Hull,USDA TOMATO SAUCE,Vegetables
571,181537,8970,F-122,Freedom Church of God,FAIMPORT484141,,FP/OP/USDA,FOOD PANTRY-Agency,BLUE RECEIPT-SHL,MCW-16-10001,32,0,0,0.0,32,MADISON,0.0,5/23/2024 0:00,5/23/2024 0:00,Price Code 1,CUSTOMER PICKUP,False,Food Bank of Northeast Georgia,01,30530.0,Commerce,"MISC. FOOD BOX, SHL RETAIL PICKUP",Food Misc.
799,178471,8903,C-149,Colbert Methodist Church,481087,,FP/GNAP/USDA,FOOD PANTRY-Agency,YELLOW RECEIPT - SHN,N-16-10181,5,0,0,4.5,25,MADISON,0.18,4/10/2024 9:56,4/10/2024 12:52,Price Code 1,CUSTOMER PICKUP,False,Food Bank of Northeast Georgia,01,30628.0,Colbert,STOVE TOP STUFFING - TURKEY/CHICKEN/CORNBREAD,Prepared Meals
981,176317,8952,D-111,Divine Healing Ministry of Recovery Inc.,478942,,ON PREMISES (OP),REHAB-Agency,BLUE RECEIPT-SHL,N-03-11813,8,0,0,0.0,192,MADISON,0.0,3/1/2024 15:23,3/15/2024 10:00,Price Code 1,CONTACT FOR DELIVERY,False,Food Bank of Northeast Georgia,01,30633.0,Commerce,PROPEL BERRY,Beverages
799,179019,8943,C-149,Colbert Methodist Church,481633,,FP/GNAP/USDA,FOOD PANTRY-Agency,BLUE RECEIPT-SHL,C-28-90534,3,0,0,0.0,126,MADISON,0.0,4/19/2024 8:56,4/19/2024 13:30,Price Code 1,CUSTOMER PICKUP,False,Food Bank of Northeast Georgia,01,30628.0,Colbert,"SWEET POTATO, SHL",Potatoes 
477,176149,8956,W-117,Waggoners Grove Baptist Church,478776,,FP/OP/GNAP/USDA,FOOD PANTRY-Agency,BLUE RECEIPT-SHL,N-03-11817,6,0,0,0.0,84,MADISON,0.0,3/1/2024 14:38,3/1/2024 8:14,Price Code 1,CUSTOMER PICKUP,False,Food Bank of Northeast Georgia,01,30628.0,Colbert,TWISTER CHERRY BERRY BLAST,Beverages
892,175140,8714,L-114,Legacy Baptist Church,477769,,FP/USDA,FOOD PANTRY-Agency,USDA,N-50-10303,2,0,0,0.0,48,MADISON,0.0,2/13/2024 11:15,2/13/2024 11:07,Price Code 1,CUSTOMER PICKUP,False,Food Bank of Northeast Georgia,01,30646.0,Hull,USDA GREEN SPLIT PEAS,Proteins
799,175016,50,C-149,Colbert Methodist Church,477646,,FP/GNAP/USDA,FOOD PANTRY-Agency,LOCAL - LL,W-16-10002,120,0,0,21.6,120,MADISON,0.18,2/2/2024 9:56,2/2/2024 7:20,Price Code 1,CUSTOMER PICKUP,False,Sharing Floor Athens,01-SH,30628.0,Colbert,MISC. FOOD BOX LL,Food Misc.
477,172471,8885,W-117,Waggoners Grove Baptist Church,476102,,FP/OP/GNAP/USDA,FOOD PANTRY-Agency,LFB,N-19-10054,13,0,0,32.76,182,MADISON,0.18,1/11/2024 10:00,1/11/2024 12:16,Price Code 1,CUSTOMER PICKUP,False,Food Bank of Northeast Georgia,01,30628.0,Colbert,COTTONELLE TOILET PAPER 4/9,Non-Food Misc.
799,181698,696,C-149,Colbert Methodist Church,484302,,FP/GNAP/USDA,FOOD PANTRY-Agency,LOCAL - LL,W-25-10000,46,0,0,8.28,46,MADISON,0.18,5/31/2024 9:56,5/31/2024 13:54,Price Code 1,CUSTOMER PICKUP,False,Sharing Floor Athens,01-SH,30628.0,Colbert,"ASSORTED SNACK ITEMS, LL",Food Misc.
571,177198,8972,F-122,Freedom Church of God,FAIMPORT479818,,FP/OP/USDA,FOOD PANTRY-Agency,BLUE RECEIPT-SHL,MCF-15-10000,11,0,0,0.0,11,MADISON,0.0,3/8/2024 0:00,3/8/2024 0:00,Price Code 1,CUSTOMER PICKUP,False,Food Bank of Northeast Georgia,01,30530.0,Commerce,"FROZEN MEAT & SEAFOOD, SHL RETAIL PICKUP",Proteins
981,179105,5938,D-111,Divine Healing Ministry of Recovery Inc.,481719,,ON PREMISES (OP),REHAB-Agency,BLUE RECEIPT-SHL,C-28-10001,39,0,0,1.17,39,MADISON,0.03,4/17/2024 11:28,4/17/2024 11:33,Price Code 1,CONTACT FOR DELIVERY,False,Sharing Floor Athens,01-SH,30633.0,Commerce,"PRODUCE, FRESH SHL",Mixed Produce
410,173794,2960,C-110,Colbert First Baptist Church,477423,,FP/GNAP/USDA,FOOD PANTRY-Agency,USDA,N-50-10247,4,0,0,25.92,144,MADISON,0.18,2/2/2024 12:40,2/7/2024 8:03,Price Code 1,CUSTOMER PICKUP,False,Food Bank of Northeast Georgia,01,30628.0,Colbert,USDA BEEF STEW POUCHES CCC,Prepared Meals
519,180259,5407,C-140,Colbert Living Waters Holiness Church,482865,,FP/OP/USDA,FOOD PANTRY-Agency,BLUE RECEIPT-SHL,F-15-10000,122,0,0,21.96,122,MADISON,0.18,5/6/2024 14:56,5/6/2024 9:44,Price Code 1,CUSTOMER PICKUP,False,Sharing Floor Athens,01-SH,30628.0,Colbert,"MEAT & SEAFOOD, FROZEN SHL",Proteins
571,178216,8975,F-122,Freedom Church of God,FAIMPORT480834,,FP/OP/USDA,FOOD PANTRY-Agency,BLUE RECEIPT-SHL,MCC-07-10001,1,0,0,0.0,1,MADISON,0.0,3/29/2024 0:00,3/29/2024 0:00,Price Code 1,CUSTOMER PICKUP,False,Food Bank of Northeast Georgia,01,30530.0,Commerce,"DAIRY PRODUCTS, SHL RETAIL PICKUPS",Dairy
915,179296,8972,T-122,Tabors Chapel CME Church,FAIMPORT481909,,DIRECT ASSISTANCE,DIRECT ASSISTANCE-Agency,BLUE RECEIPT-SHL,MCF-15-10000,2,0,0,0.0,2,MADISON,0.0,4/15/2024 0:00,4/15/2024 0:00,Price Code 1,CUSTOMER PICKUP,False,Food Bank of Northeast Georgia,01,30633.0,Danielsville,"FROZEN MEAT & SEAFOOD, SHL RETAIL PICKUP",Proteins
892,177974,8995,L-114,Legacy Baptist Church,480593,,FP/USDA,FOOD PANTRY-Agency,BLUE RECEIPT-SHL,N-21-10067,2,0,0,1.8,10,MADISON,0.18,4/3/2024 11:15,4/3/2024 11:32,Price Code 1,CUSTOMER PICKUP,False,Food Bank of Northeast Georgia,01,30646.0,Hull,"RAMEN, MARUCHAN SHRIMP",Prepared Meals
137,177625,5681,J-100,Jubilee Partners,480245,,FP/OP/GNAP,RESIDENTIAL-Agency,LOCAL - LL,C-16-10000,53,0,0,9.54,53,MADISON,0.18,3/20/2024 13:23,3/20/2024 8:47,Price Code 1,CUSTOMER PICKUP,False,Sharing Floor Athens,01-SH,30629.0,Comer,"COOLER FOOD, MISC. LL",Food Misc.
571,181569,5407,F-122,Freedom Church of God,484173,,FP/OP/USDA,FOOD PANTRY-Agency,BLUE RECEIPT-SHL,F-15-10000,138,0,0,24.84,138,MADISON,0.18,5/29/2024 14:21,5/29/2024 11:49,Price Code 1,CUSTOMER PICKUP,False,Sharing Floor Athens,01-SH,30530.0,Commerce,"MEAT & SEAFOOD, FROZEN SHL",Proteins
981,176317,8966,D-111,Divine Healing Ministry of Recovery Inc.,478942,,ON PREMISES (OP),REHAB-Agency,YELLOW RECEIPT - SHN,N-15-10049,6,0,0,6.48,36,MADISON,0.18,3/1/2024 15:23,3/15/2024 10:00,Price Code 1,CONTACT FOR DELIVERY,False,Food Bank of Northeast Georgia,01,30633.0,Commerce,FIRE CRACKER REDHOT PICKLED SAUSAGE,Proteins
571,175585,8665,F-122,Freedom Church of God,478213,,FP/OP/USDA,FOOD PANTRY-Agency,BLUE RECEIPT-SHL,N-03-11268,5,0,0,3.45,115,MADISON,0.03,2/16/2024 14:21,2/20/2024 9:32,Price Code 1,CUSTOMER PICKUP,False,Food Bank of Northeast Georgia,01,30530.0,Commerce,PROPEL BERRY/KIWISTRAW/GRAPE,Beverages
571,182568,8976,F-122,Freedom Church of God,FAIMPORT485171,,FP/OP/USDA,FOOD PANTRY-Agency,BLUE RECEIPT-SHL,MCC-28-10001,53,0,0,0.0,53,MADISON,0.0,6/21/2024 0:00,6/21/2024 0:00,Price Code 1,CUSTOMER PICKUP,False,Food Bank of Northeast Georgia,01,30530.0,Commerce,"PRODUCE, SHL RETAIL PICKUPS",Mixed Produce
1010,182509,688,F-143,Freedom C.H. Church,485112,,FP/USDA,FOOD PANTRY-Agency,BLUE RECEIPT-SHL,W-01-10000,11,0,0,0.0,11,MADISON,0.0,6/21/2024 15:03,6/21/2024 15:09,Price Code 1,CUSTOMER PICKUP,False,Sharing Floor Athens,01-SH,30662.0,Royston,"ASSORTED NON-FOOD ITEMS, SHL",Non-Food Misc.
915,178191,8974,T-122,Tabors Chapel CME Church,FAIMPORT480809,,DIRECT ASSISTANCE,DIRECT ASSISTANCE-Agency,BLUE RECEIPT-SHL,MCW-04-10000,17,0,0,0.0,17,MADISON,0.0,4/1/2024 0:00,4/1/2024 0:00,Price Code 1,CUSTOMER PICKUP,False,Food Bank of Northeast Georgia,01,30633.0,Danielsville,"BREAD AND BAKERY, SHL RETAIL PICKUPS",Grains
137,181179,5938,J-100,Jubilee Partners,483784,,FP/OP/GNAP,RESIDENTIAL-Agency,BLUE RECEIPT-SHL,C-28-10001,140,0,0,4.2,140,MADISON,0.03,5/22/2024 13:23,5/22/2024 8:53,Price Code 1,CUSTOMER PICKUP,False,Sharing Floor Athens,01-SH,30629.0,Comer,"PRODUCE, FRESH SHL",Mixed Produce
371,181136,5407,E-111,Evangelical Methodist Church - Danielsville,483741,,FOOD PANTRY,FOOD PANTRY-Agency,BLUE RECEIPT-SHL,F-15-10000,33,0,0,5.94,33,MADISON,0.18,5/21/2024 11:00,5/21/2024 11:28,Price Code 1,CUSTOMER PICKUP,False,Sharing Floor Athens,01-SH,30633.0,Danielsville,"MEAT & SEAFOOD, FROZEN SHL",Proteins
915,181709,8975,T-122,Tabors Chapel CME Church,FAIMPORT484313,,DIRECT ASSISTANCE,DIRECT ASSISTANCE-Agency,BLUE RECEIPT-SHL,MCC-07-10001,5,0,0,0.0,5,MADISON,0.0,5/30/2024 0:00,5/30/2024 0:00,Price Code 1,CUSTOMER PICKUP,False,Food Bank of Northeast Georgia,01,30633.0,Danielsville,"DAIRY PRODUCTS, SHL RETAIL PICKUPS",Dairy
548,180773,4269,M-124,Moons Grove Baptist Church,483379,,FP/OP/USDA,FOOD PANTRY-Agency,USDA,N-50-10273,4,0,0,17.28,96,MADISON,0.18,5/17/2024 11:45,5/17/2024 12:02,Price Code 1,CUSTOMER PICKUP,False,Food Bank of Northeast Georgia,01,30628.0,Colbert,USDA DRY NAVY BEANS CCC,Proteins
571,181537,8973,F-122,Freedom Church of God,FAIMPORT484141,,FP/OP/USDA,FOOD PANTRY-Agency,BLUE RECEIPT-SHL,MCC-16-10001,44,0,0,0.0,44,MADISON,0.0,5/23/2024 0:00,5/23/2024 0:00,Price Code 1,CUSTOMER PICKUP,False,Food Bank of Northeast Georgia,01,30530.0,Commerce,"COOLER FOOD MISC., SHL RETAIL PICKUP",Food Misc.
549,176868,4448,R-120,Roger's Baptist Church,479490,,FP/OP/USDA,FOOD PANTRY-Agency,USDA,F-50-90446,3,0,0,0.0,84,MADISON,0.0,3/19/2024 13:30,3/19/2024 13:52,Price Code 1,CUSTOMER PICKUP,False,Food Bank of Northeast Georgia,01,30530.0,Commerce,USDA FROZEN STRAWBERRY FRUIT CUPS,Fruits
1010,180599,5407,F-143,Freedom C.H. Church,483205,,FP/USDA,FOOD PANTRY-Agency,BLUE RECEIPT-SHL,F-15-10000,42,0,0,7.56,42,MADISON,0.18,5/10/2024 10:27,5/10/2024 10:31,Price Code 1,CUSTOMER PICKUP,False,Sharing Floor Athens,01-SH,30662.0,Royston,"MEAT & SEAFOOD, FROZEN SHL",Proteins
842,176672,6780,C-153,Cedar Grove Baptist Church,479295,,FP/GNAP/USDA,FOOD PANTRY-Agency,USDA,C-50-10024,3,0,0,12.9,129,MADISON,0.1,3/13/2024 9:30,3/13/2024 11:03,Price Code 1,CUSTOMER PICKUP,False,Food Bank of Northeast Georgia,01,30629.0,Comer,USDA APPLES,Fruits
571,172757,696,F-122,Freedom Church of God,476388,,FP/OP/USDA,FOOD PANTRY-Agency,LOCAL - LL,W-25-10000,57,0,0,10.26,57,MADISON,0.18,1/8/2024 14:21,1/8/2024 15:15,Price Code 1,CUSTOMER PICKUP,False,Sharing Floor Athens,01-SH,30530.0,Commerce,"ASSORTED SNACK ITEMS, LL",Food Misc.
371,180347,5407,E-111,Evangelical Methodist Church - Danielsville,482953,,FOOD PANTRY,FOOD PANTRY-Agency,BLUE RECEIPT-SHL,F-15-10000,14,0,0,2.52,14,MADISON,0.18,5/7/2024 13:56,5/7/2024 11:27,Price Code 1,CUSTOMER PICKUP,False,Sharing Floor Athens,01-SH,30633.0,Danielsville,"MEAT & SEAFOOD, FROZEN SHL",Proteins
981,177365,8981,D-111,Divine Healing Ministry of Recovery Inc.,479985,,ON PREMISES (OP),REHAB-Agency,BLUE RECEIPT-SHL,F-15-90554,5,0,0,11.7,65,MADISON,0.18,3/15/2024 10:46,3/15/2024 11:01,Price Code 1,CUSTOMER PICKUP,False,Food Bank of Northeast Georgia,01,30633.0,Commerce,JENNIE-O TURKEY FRANKS,Proteins
549,181869,3712,R-120,Roger's Baptist Church,484473,,FP/OP/USDA,FOOD PANTRY-Agency,USDA,N-50-10266,6,0,0,29.16,162,MADISON,0.18,6/25/2024 13:30,6/25/2024 15:46,Price Code 1,CUSTOMER PICKUP,False,Food Bank of Northeast Georgia,01,30530.0,Commerce,USDA CANNED PINTO BEANS,Proteins
915,182559,8970,T-122,Tabors Chapel CME Church,FAIMPORT485162,,DIRECT ASSISTANCE,DIRECT ASSISTANCE-Agency,BLUE RECEIPT-SHL,MCW-16-10001,3,0,0,0.0,3,MADISON,0.0,6/20/2024 0:00,6/20/2024 0:00,Price Code 1,CUSTOMER PICKUP,False,Food Bank of Northeast Georgia,01,30633.0,Danielsville,"MISC. FOOD BOX, SHL RETAIL PICKUP",Food Misc.
799,175070,8869,C-149,Colbert Methodist Church,477700,,FP/GNAP/USDA,FOOD PANTRY-Agency,YELLOW RECEIPT - SHN,N-20-10004,2,0,0,1.08,6,MADISON,0.18,2/7/2024 9:56,2/7/2024 11:19,Price Code 1,CUSTOMER PICKUP,False,Food Bank of Northeast Georgia,01,30628.0,Colbert,PAMPERS PREEMIE SWADDLERS,Non-Food Misc.
820,181681,683,N-122,New Bethel CH Church,484285,,FP/GNAP/USDA,FOOD PANTRY-Agency,BLUE RECEIPT-SHL,W-16-10001,37,0,0,6.66,37,MADISON,0.18,5/31/2024 12:47,5/31/2024 10:29,Price Code 1,CUSTOMER PICKUP,False,Sharing Floor Athens,01-SH,30662.0,Royston,MISC. FOOD BOX SHL,Food Misc.
799,180752,170,C-149,Colbert Methodist Church,483358,,FP/GNAP/USDA,FOOD PANTRY-Agency,USDA,N-50-10007,1,0,0,5.04,28,MADISON,0.18,5/16/2024 11:00,5/16/2024 14:52,Price Code 1,CUSTOMER PICKUP,False,Food Bank of Northeast Georgia,01,30628.0,Colbert,"USDA CORN, WHOLE KERNEL NO SALT",Vegetables
981,180169,875,D-111,Divine Healing Ministry of Recovery Inc.,482775,,ON PREMISES (OP),REHAB-Agency,BLUE RECEIPT-SHL,W-04-10000,12,0,0,0.0,12,MADISON,0.0,5/3/2024 10:43,5/3/2024 10:48,Price Code 1,CONTACT FOR DELIVERY,False,Sharing Floor Athens,01-SH,30633.0,Commerce,"BREAD & BAKERY, ASSORTED SHL",Grains
571,182603,875,F-122,Freedom Church of God,485206,,FP/OP/USDA,FOOD PANTRY-Agency,BLUE RECEIPT-SHL,W-04-10000,34,0,0,0.0,34,MADISON,0.0,6/26/2024 14:21,6/26/2024 15:23,Price Code 1,CUSTOMER PICKUP,False,Sharing Floor Athens,01-SH,30530.0,Commerce,"BREAD & BAKERY, ASSORTED SHL",Grains
571,180806,4411,F-122,Freedom Church of God,483412,,FP/OP/USDA,FOOD PANTRY-Agency,USDA,F-50-90465,4,0,0,15.12,84,MADISON,0.18,5/17/2024 8:45,5/20/2024 10:34,Price Code 1,CUSTOMER PICKUP,False,Food Bank of Northeast Georgia,01,30530.0,Commerce,USDA WILD CAUGHT GULF SHRIMP,Proteins
799,181693,9086,C-149,Colbert Methodist Church,484297,,FP/GNAP/USDA,FOOD PANTRY-Agency,GNAP,N-40-10289,2,0,0,0.0,20,MADISON,0.0,6/6/2024 11:30,6/6/2024 11:41,Price Code 1,CUSTOMER PICKUP,False,Food Bank of Northeast Georgia,01,30628.0,Colbert,GNAP MEAT STICKS,Proteins
571,178397,9004,F-122,Freedom Church of God,481013,,FP/OP/USDA,FOOD PANTRY-Agency,BLUE RECEIPT-SHL,N-03-11823,1,0,0,0.0,22,MADISON,0.0,4/11/2024 14:21,4/11/2024 13:26,Price Code 1,CUSTOMER PICKUP,False,Food Bank of Northeast Georgia,01,30530.0,Commerce,PEPSI NITRO DRAFT COLA 24PK,Beverages
477,176468,8980,W-117,Waggoners Grove Baptist Church,479092,,FP/OP/GNAP/USDA,FOOD PANTRY-Agency,LOCAL - LL,N-25-11967,26,0,0,18.72,104,MADISON,0.18,3/11/2024 2:38,3/11/2024 10:53,Price Code 1,CUSTOMER PICKUP,False,Food Bank of Northeast Georgia,01,30628.0,Colbert,REESES MINIATURE CUPS W/ REESES PUFFS,Food Misc.
915,180636,8973,T-122,Tabors Chapel CME Church,FAIMPORT483242,,DIRECT ASSISTANCE,DIRECT ASSISTANCE-Agency,BLUE RECEIPT-SHL,MCC-16-10001,34,0,0,0.0,34,MADISON,0.0,5/9/2024 0:00,5/9/2024 0:00,Price Code 1,CUSTOMER PICKUP,False,Food Bank of Northeast Georgia,01,30633.0,Danielsville,"COOLER FOOD MISC., SHL RETAIL PICKUP",Food Misc.
571,182650,8973,F-122,Freedom Church of God,FAIMPORT485253,,FP/OP/USDA,FOOD PANTRY-Agency,BLUE RECEIPT-SHL,MCC-16-10001,37,0,0,0.0,37,MADISON,0.0,6/28/2024 0:00,6/28/2024 0:00,Price Code 1,CUSTOMER PICKUP,False,Food Bank of Northeast Georgia,01,30530.0,Commerce,"COOLER FOOD MISC., SHL RETAIL PICKUP",Food Misc.
915,177912,8905,T-122,Tabors Chapel CME Church,480531,,DIRECT ASSISTANCE,DIRECT ASSISTANCE-Agency,BLUE RECEIPT-SHL,N-03-11794,2,0,0,0.0,76,MADISON,0.0,4/3/2024 14:19,4/3/2024 13:44,Price Code 1,CUSTOMER PICKUP,False,Food Bank of Northeast Georgia,01,30633.0,Danielsville,"PEPSI, 12/1.25L",Beverages
799,176783,170,C-149,Colbert Methodist Church,479406,,FP/GNAP/USDA,FOOD PANTRY-Agency,USDA,N-50-10007,2,0,0,10.08,56,MADISON,0.18,3/12/2024 7:56,3/12/2024 12:44,Price Code 1,CUSTOMER PICKUP,False,Food Bank of Northeast Georgia,01,30628.0,Colbert,"USDA CORN, WHOLE KERNEL NO SALT",Vegetables
477,175633,5407,W-117,Waggoners Grove Baptist Church,478261,,FP/OP/GNAP/USDA,FOOD PANTRY-Agency,BLUE RECEIPT-SHL,F-15-10000,93,0,0,16.74,93,MADISON,0.18,2/14/2024 14:38,2/23/2024 10:28,Price Code 1,CUSTOMER PICKUP,False,Sharing Floor Athens,01-SH,30628.0,Colbert,"MEAT & SEAFOOD, FROZEN SHL",Proteins
799,179019,8903,C-149,Colbert Methodist Church,481633,,FP/GNAP/USDA,FOOD PANTRY-Agency,YELLOW RECEIPT - SHN,N-16-10181,2,0,0,1.8,10,MADISON,0.18,4/19/2024 8:56,4/19/2024 13:30,Price Code 1,CUSTOMER PICKUP,False,Food Bank of Northeast Georgia,01,30628.0,Colbert,STOVE TOP STUFFING - TURKEY/CHICKEN/CORNBREAD,Prepared Meals
571,179808,8972,F-122,Freedom Church of God,FAIMPORT482421,,FP/OP/USDA,FOOD PANTRY-Agency,BLUE RECEIPT-SHL,MCF-15-10000,5,0,0,0.0,5,MADISON,0.0,4/26/2024 0:00,4/26/2024 0:00,Price Code 1,CUSTOMER PICKUP,False,Food Bank of Northeast Georgia,01,30530.0,Commerce,"FROZEN MEAT & SEAFOOD, SHL RETAIL PICKUP",Proteins
799,178399,683,C-149,Colbert Methodist Church,481015,,FP/GNAP/USDA,FOOD PANTRY-Agency,BLUE RECEIPT-SHL,W-16-10001,106,0,0,19.08,106,MADISON,0.18,4/5/2024 9:56,4/5/2024 13:45,Price Code 1,CUSTOMER PICKUP,False,Sharing Floor Athens,01-SH,30628.0,Colbert,MISC. FOOD BOX SHL,Food Misc.
571,173083,1791,F-122,Freedom Church of God,476713,,FP/OP/USDA,FOOD PANTRY-Agency,USDA,N-50-10079,2,0,0,9.36,52,MADISON,0.18,1/19/2024 11:00,1/19/2024 11:21,Price Code 1,CUSTOMER PICKUP,False,Food Bank of Northeast Georgia,01,30530.0,Commerce,USDA WALNUT HALVES AND PIECES,Proteins
137,176343,875,J-100,Jubilee Partners,478968,,FP/OP/GNAP,RESIDENTIAL-Agency,BLUE RECEIPT-SHL,W-04-10000,23,0,0,0.0,23,MADISON,0.0,2/28/2024 13:23,2/28/2024 8:30,Price Code 1,CUSTOMER PICKUP,False,Sharing Floor Athens,01-SH,30629.0,Comer,"BREAD & BAKERY, ASSORTED SHL",Grains
549,180225,8761,R-120,Roger's Baptist Church,482831,,FP/OP/USDA,FOOD PANTRY-Agency,USDA,N-50-10306,4,0,0,18.0,100,MADISON,0.18,5/21/2024 13:45,5/21/2024 14:04,Price Code 1,CUSTOMER PICKUP,False,Food Bank of Northeast Georgia,01,30530.0,Commerce,USDA WHOLE DEGLET DATES,Fruits
842,172859,5388,C-153,Cedar Grove Baptist Church,476490,,FP/GNAP/USDA,FOOD PANTRY-Agency,BLUE RECEIPT-SHL,F-16-10001,32,0,0,0.0,32,MADISON,0.0,1/10/2024 8:30,1/10/2024 10:41,Price Code 1,CUSTOMER PICKUP,False,Sharing Floor Athens,01-SH,30629.0,Comer,"ASSORTED FROZEN FOODS, SHL",Food Misc.
371,182327,688,E-111,Evangelical Methodist Church - Danielsville,484931,,FOOD PANTRY,FOOD PANTRY-Agency,BLUE RECEIPT-SHL,W-01-10000,69,0,0,12.42,69,MADISON,0.18,6/18/2024 13:56,6/18/2024 11:37,Price Code 1,CUSTOMER PICKUP,False,Sharing Floor Athens,01-SH,30633.0,Danielsville,"ASSORTED NON-FOOD ITEMS, SHL",Non-Food Misc.
915,177186,8973,T-122,Tabors Chapel CME Church,FAIMPORT479807,,DIRECT ASSISTANCE,DIRECT ASSISTANCE-Agency,BLUE RECEIPT-SHL,MCC-16-10001,7,0,0,0.0,7,MADISON,0.0,3/11/2024 0:00,3/11/2024 0:00,Price Code 1,CUSTOMER PICKUP,False,Food Bank of Northeast Georgia,01,30633.0,Danielsville,"COOLER FOOD MISC., SHL RETAIL PICKUP",Food Misc.
477,173926,5938,W-117,Waggoners Grove Baptist Church,477555,,FP/OP/GNAP/USDA,FOOD PANTRY-Agency,BLUE RECEIPT-SHL,C-28-10001,40,0,0,1.2,40,MADISON,0.03,1/31/2024 14:38,1/31/2024 13:57,Price Code 1,CUSTOMER PICKUP,False,Sharing Floor Athens,01-SH,30628.0,Colbert,"PRODUCE, FRESH SHL",Mixed Produce
898,181004,696,M-132,Meadow Baptist Church,483609,,FP/USDA,DIRECT ASSISTANCE-Agency,LOCAL - LL,W-25-10000,16,0,0,2.88,16,MADISON,0.18,5/17/2024 10:02,5/17/2024 8:46,Price Code 1,CUSTOMER PICKUP,False,Sharing Floor Athens,01-SH,30629.0,Comer,"ASSORTED SNACK ITEMS, LL",Food Misc.
915,175672,4350,T-122,Tabors Chapel CME Church,478300,,DIRECT ASSISTANCE,DIRECT ASSISTANCE-Agency,BLUE RECEIPT-SHL,N-03-11160,15,0,0,0.0,150,MADISON,0.0,2/21/2024 14:19,2/21/2024 10:46,Price Code 1,CUSTOMER PICKUP,False,Food Bank of Northeast Georgia,01,30633.0,Danielsville,CHERRY DR PEPPER,Beverages
1010,182522,683,F-143,Freedom C.H. Church,485125,,FP/USDA,FOOD PANTRY-Agency,BLUE RECEIPT-SHL,W-16-10001,70,0,0,0.0,70,MADISON,0.0,6/24/2024 9:30,6/24/2024 9:36,Price Code 1,CUSTOMER PICKUP,False,Sharing Floor Athens,01-SH,30662.0,Royston,MISC. FOOD BOX SHL,Food Misc.
1010,176510,1045,F-143,Freedom C.H. Church,479134,,FP/USDA,FOOD PANTRY-Agency,BLUE RECEIPT-SHL,W-25-10009,5,0,0,0.9,5,MADISON,0.18,3/1/2024 10:47,3/1/2024 10:57,Price Code 1,CUSTOMER PICKUP,False,Sharing Floor Athens,01-SH,30662.0,Royston,"ASSORTED SNACK ITEMS, SHL",Food Misc.
981,172629,5958,D-111,Divine Healing Ministry of Recovery Inc.,476260,,ON PREMISES (OP),REHAB-Agency,BLUE RECEIPT-SHL,C-16-10001,52,0,0,9.36,52,MADISON,0.18,1/5/2024 14:08,1/5/2024 14:10,Price Code 1,CONTACT FOR DELIVERY,False,Sharing Floor Athens,01-SH,30633.0,Commerce,"COOLER FOOD, MISC. SHL",Food Misc.
981,178270,8837,D-111,Divine Healing Ministry of Recovery Inc.,480886,,ON PREMISES (OP),REHAB-Agency,BLUE RECEIPT-SHL,N-03-11773,12,0,0,0.0,120,MADISON,0.0,4/8/2024 16:51,4/11/2024 12:02,Price Code 1,CUSTOMER PICKUP,False,Food Bank of Northeast Georgia,01,30633.0,Commerce,MT DEW PASSSIONFRUIT PUNCH,Beverages
799,178820,1045,C-149,Colbert Methodist Church,481434,,FP/GNAP/USDA,FOOD PANTRY-Agency,BLUE RECEIPT-SHL,W-25-10009,33,0,0,5.94,33,MADISON,0.18,4/11/2024 9:56,4/11/2024 13:58,Price Code 1,CUSTOMER PICKUP,False,Sharing Floor Athens,01-SH,30628.0,Colbert,"ASSORTED SNACK ITEMS, SHL",Food Misc.
371,175211,5938,E-111,Evangelical Methodist Church - Danielsville,477840,,FOOD PANTRY,FOOD PANTRY-Agency,BLUE RECEIPT-SHL,C-28-10001,74,0,0,2.22,74,MADISON,0.03,2/6/2024 13:56,2/6/2024 11:14,Price Code 1,CUSTOMER PICKUP,False,Sharing Floor Athens,01-SH,30633.0,Danielsville,"PRODUCE, FRESH SHL",Mixed Produce
981,181020,875,D-111,Divine Healing Ministry of Recovery Inc.,483625,,ON PREMISES (OP),REHAB-Agency,BLUE RECEIPT-SHL,W-04-10000,32,0,0,0.0,32,MADISON,0.0,5/17/2024 11:38,5/17/2024 11:43,Price Code 1,CONTACT FOR DELIVERY,False,Sharing Floor Athens,01-SH,30633.0,Commerce,"BREAD & BAKERY, ASSORTED SHL",Grains
571,177546,84,F-122,Freedom Church of God,480166,,FP/OP/USDA,FOOD PANTRY-Agency,USDA,N-50-10006,13,0,0,0.0,351,MADISON,0.0,3/22/2024 14:21,3/23/2024 6:46,Price Code 1,TRUCK 1 MOBILE PANTRY,False,Food Bank of Northeast Georgia,01,30530.0,Commerce,USDA GREEN BEANS,Vegetables
915,172429,8882,T-122,Tabors Chapel CME Church,476060,,DIRECT ASSISTANCE,DIRECT ASSISTANCE-Agency,BLUE RECEIPT-SHL,F-15-90548,3,0,0,4.86,27,MADISON,0.18,1/5/2024 14:19,1/5/2024 13:18,Price Code 1,CUSTOMER PICKUP,False,Food Bank of Northeast Georgia,01,30633.0,Danielsville,"GROUND TURKEY BREAST, KIRKWOOD",Proteins
371,181884,696,E-111,Evangelical Methodist Church - Danielsville,484488,,FOOD PANTRY,FOOD PANTRY-Agency,LOCAL - LL,W-25-10000,22,0,0,1.98,22,MADISON,0.09,6/4/2024 13:56,6/4/2024 11:26,Price Code 1,CUSTOMER PICKUP,False,Sharing Floor Athens,01-SH,30633.0,Danielsville,"ASSORTED SNACK ITEMS, LL",Food Misc.
915,181051,9067,T-122,Tabors Chapel CME Church,483656,,DIRECT ASSISTANCE,DIRECT ASSISTANCE-Agency,BLUE RECEIPT-SHL,N-03-11833,3,0,0,0.0,54,MADISON,0.0,5/24/2024 13:00,5/24/2024 13:49,Price Code 1,CUSTOMER PICKUP,False,Food Bank of Northeast Georgia,01,30633.0,Danielsville,DIET DR PEPPER,Beverages
981,175646,8946,D-111,Divine Healing Ministry of Recovery Inc.,478274,,ON PREMISES (OP),REHAB-Agency,BLUE RECEIPT-SHL,N-03-11810,2,0,0,0.0,28,MADISON,0.0,2/20/2024 15:37,2/27/2024 11:28,Price Code 1,CONTACT FOR DELIVERY,False,Food Bank of Northeast Georgia,01,30633.0,Commerce,PROPEL ORANGE RASPBERRY,Beverages
777,175959,2960,TH-130,Moons Grove Baptist Church (There's Hope For the Hungry),478587,,FP/USDA,MOBILE PANTRY-Agency,USDA,N-50-10247,200,0,0,1296.0,7200,MADISON,0.18,3/1/2024 8:29,3/7/2024 14:39,Price Code 1,TRACTOR TRAILER 1,False,Food Bank of Northeast Georgia,01,30628.0,Colbert,USDA BEEF STEW POUCHES CCC,Prepared Meals
571,176836,7059,F-122,Freedom Church of God,479458,,FP/OP/USDA,FOOD PANTRY-Agency,USDA,C-50-10019,5,0,0,0.0,180,MADISON,0.0,3/7/2024 14:21,3/7/2024 10:37,Price Code 1,CUSTOMER PICKUP,False,Food Bank of Northeast Georgia,01,30530.0,Commerce,USDA 2% MILK CCC,Dairy
832,173308,4555,U-104,Union Baptist Church,476937,,FP/OP/USDA,FOOD PANTRY-Agency,USDA,F-50-90042,1,0,0,7.2,40,MADISON,0.18,1/30/2024 11:46,2/22/2024 14:24,Price Code 1,CUSTOMER PICKUP,False,Food Bank of Northeast Georgia,01,30646.0,Hull,USDA CHICKEN DRUMSTICKS CCC,Proteins
1010,178860,1045,F-143,Freedom C.H. Church,481474,,FP/USDA,FOOD PANTRY-Agency,BLUE RECEIPT-SHL,W-25-10009,21,0,0,3.78,21,MADISON,0.18,4/12/2024 10:31,4/12/2024 10:40,Price Code 1,CUSTOMER PICKUP,False,Sharing Floor Athens,01-SH,30662.0,Royston,"ASSORTED SNACK ITEMS, SHL",Food Misc.
371,179873,1045,E-111,Evangelical Methodist Church - Danielsville,482484,,FOOD PANTRY,FOOD PANTRY-Agency,BLUE RECEIPT-SHL,W-25-10009,237,0,0,42.66,237,MADISON,0.18,4/30/2024 13:56,4/30/2024 11:26,Price Code 1,CUSTOMER PICKUP,False,Sharing Floor Athens,01-SH,30633.0,Danielsville,"ASSORTED SNACK ITEMS, SHL",Food Misc.
571,173617,683,F-122,Freedom Church of God,477246,,FP/OP/USDA,FOOD PANTRY-Agency,BLUE RECEIPT-SHL,W-16-10001,73,0,0,0.0,73,MADISON,0.0,1/25/2024 14:21,1/25/2024 11:53,Price Code 1,CUSTOMER PICKUP,False,Sharing Floor Athens,01-SH,30530.0,Commerce,MISC. FOOD BOX SHL,Food Misc.
892,177974,1791,L-114,Legacy Baptist Church,480593,,FP/USDA,FOOD PANTRY-Agency,USDA,N-50-10079,1,0,0,4.68,26,MADISON,0.18,4/3/2024 11:15,4/3/2024 11:32,Price Code 1,CUSTOMER PICKUP,False,Food Bank of Northeast Georgia,01,30646.0,Hull,USDA WALNUT HALVES AND PIECES,Proteins
571,176535,8985,F-122,Freedom Church of God,479159,,FP/OP/USDA,FOOD PANTRY-Agency,BLUE RECEIPT-SHL,C-14-90150,1,0,0,1.7,34,MADISON,0.05,3/6/2024 14:21,3/7/2024 10:32,Price Code 1,CUSTOMER PICKUP,False,Food Bank of Northeast Georgia,01,30530.0,Commerce,MINUTE MAID STRAWBERRY LEMONADE,Beverages
571,173275,8720,F-122,Freedom Church of God,476904,,FP/OP/USDA,FOOD PANTRY-Agency,USDA,N-50-10305,4,0,0,10.08,56,MADISON,0.18,1/25/2024 14:21,1/31/2024 9:41,Price Code 1,CUSTOMER PICKUP,False,Food Bank of Northeast Georgia,01,30530.0,Commerce,USDA MIXED VegetablesCCC,Vegetables
549,172672,8911,R-120,Roger's Baptist Church,476303,,FP/OP/USDA,FOOD PANTRY-Agency,BLUE RECEIPT-SHL,N-03-11797,4,0,0,0.0,72,MADISON,0.0,1/16/2024 13:30,1/16/2024 14:36,Price Code 1,CUSTOMER PICKUP,False,Food Bank of Northeast Georgia,01,30530.0,Commerce,GATORADE ZERO COOL BLUE,Beverages
371,180626,8973,E-111,Evangelical Methodist Church - Danielsville,FAIMPORT483232,,FOOD PANTRY,FOOD PANTRY-Agency,BLUE RECEIPT-SHL,MCC-16-10001,54,0,0,0.0,54,MADISON,0.0,5/9/2024 0:00,5/9/2024 0:00,Price Code 1,CUSTOMER PICKUP,False,Food Bank of Northeast Georgia,01,30633.0,Danielsville,"COOLER FOOD MISC., SHL RETAIL PICKUP",Food Misc.
410,177602,842,C-110,Colbert First Baptist Church,480222,,FP/GNAP/USDA,FOOD PANTRY-Agency,USDA,N-50-10021,6,0,0,29.16,162,MADISON,0.18,3/22/2024 12:40,3/22/2024 10:49,Price Code 1,CUSTOMER PICKUP,False,Food Bank of Northeast Georgia,01,30628.0,Colbert,USDA DICED TOMATOES NO SALT CCC,Vegetables
371,178605,92,E-111,Evangelical Methodist Church - Danielsville,481221,,FOOD PANTRY,FOOD PANTRY-Agency,LOCAL - LL,W-01-10002,104,0,0,0.0,104,MADISON,0.0,4/9/2024 13:56,4/9/2024 11:36,Price Code 1,CUSTOMER PICKUP,False,Sharing Floor Athens,01-SH,30633.0,Danielsville,"ASSORTED NON-FOOD ITEMS, LL",Non-Food Misc.
799,181693,9056,C-149,Colbert Methodist Church,484297,,FP/GNAP/USDA,FOOD PANTRY-Agency,GNAP,N-40-10286,2,0,0,0.0,44,MADISON,0.0,6/6/2024 11:30,6/6/2024 11:41,Price Code 1,CUSTOMER PICKUP,False,Food Bank of Northeast Georgia,01,30628.0,Colbert,GNAP DICED PEAR CUPS,Fruits
571,179571,875,F-122,Freedom Church of God,482184,,FP/OP/USDA,FOOD PANTRY-Agency,BLUE RECEIPT-SHL,W-04-10000,21,0,0,0.0,21,MADISON,0.0,4/24/2024 14:21,4/24/2024 14:40,Price Code 1,CUSTOMER PICKUP,False,Sharing Floor Athens,01-SH,30530.0,Commerce,"BREAD & BAKERY, ASSORTED SHL",Grains
477,175633,690,W-117,Waggoners Grove Baptist Church,478261,,FP/OP/GNAP/USDA,FOOD PANTRY-Agency,BLUE RECEIPT-SHL,W-03-10013,74,0,0,0.0,74,MADISON,0.0,2/14/2024 14:38,2/23/2024 10:28,Price Code 1,CUSTOMER PICKUP,False,Sharing Floor Athens,01-SH,30628.0,Colbert,"ASSORTED BEVERAGES, SHL",Beverages
915,181907,9081,T-122,Tabors Chapel CME Church,484511,,DIRECT ASSISTANCE,DIRECT ASSISTANCE-Agency,BLUE RECEIPT-SHL,N-03-11843,10,0,0,0.0,180,MADISON,0.0,6/18/2024 13:30,6/18/2024 13:05,Price Code 1,CUSTOMER PICKUP,False,Food Bank of Northeast Georgia,01,30633.0,Danielsville,DR PEPPER ZERO SUGAR,Beverages
915,182222,8972,T-122,Tabors Chapel CME Church,FAIMPORT484826,,DIRECT ASSISTANCE,DIRECT ASSISTANCE-Agency,BLUE RECEIPT-SHL,MCF-15-10000,25,0,0,0.0,25,MADISON,0.0,6/6/2024 0:00,6/6/2024 0:00,Price Code 1,CUSTOMER PICKUP,False,Food Bank of Northeast Georgia,01,30633.0,Danielsville,"FROZEN MEAT & SEAFOOD, SHL RETAIL PICKUP",Proteins
836,173880,84,G-122,Gordon's Chapel Methodist Church,477509,,FP/USDA,FOOD PANTRY-Agency,USDA,N-50-10006,5,0,0,24.3,135,MADISON,0.18,2/7/2024 14:20,2/7/2024 13:31,Price Code 1,CUSTOMER PICKUP,False,Food Bank of Northeast Georgia,01,30646.0,Hull,USDA GREEN BEANS,Vegetables
549,176868,6780,R-120,Roger's Baptist Church,479490,,FP/OP/USDA,FOOD PANTRY-Agency,USDA,C-50-10024,6,0,0,25.8,258,MADISON,0.1,3/19/2024 13:30,3/19/2024 13:52,Price Code 1,CUSTOMER PICKUP,False,Food Bank of Northeast Georgia,01,30530.0,Commerce,USDA APPLES,Fruits
410,173554,8928,C-110,Colbert First Baptist Church,477183,,FP/GNAP/USDA,FOOD PANTRY-Agency,BLUE RECEIPT-SHL,N-03-11803,3,0,0,0.0,48,MADISON,0.0,1/29/2024 12:40,1/29/2024 14:13,Price Code 1,CUSTOMER PICKUP,False,Food Bank of Northeast Georgia,01,30628.0,Colbert,GATORADE THIRST QUENCHER VAR PACK,Beverages
981,177258,50,D-111,Divine Healing Ministry of Recovery Inc.,479878,,ON PREMISES (OP),REHAB-Agency,LOCAL - LL,W-16-10002,145,0,0,26.1,145,MADISON,0.18,3/13/2024 15:05,3/13/2024 15:09,Price Code 1,CONTACT FOR DELIVERY,False,Sharing Floor Athens,01-SH,30633.0,Commerce,MISC. FOOD BOX LL,Food Misc.
530,178314,5938,C-142,Camp Maranatha,480930,,ON PREMISES (OP),YOUTH-Agency,BLUE RECEIPT-SHL,C-28-10001,5,0,0,0.15,5,MADISON,0.03,4/4/2024 11:50,4/4/2024 11:18,Price Code 1,CUSTOMER PICKUP,False,Sharing Floor Athens,01-SH,30633.0,Danielsville,"PRODUCE, FRESH SHL",Mixed Produce
1010,180599,875,F-143,Freedom C.H. Church,483205,,FP/USDA,FOOD PANTRY-Agency,BLUE RECEIPT-SHL,W-04-10000,37,0,0,0.0,37,MADISON,0.0,5/10/2024 10:27,5/10/2024 10:31,Price Code 1,CUSTOMER PICKUP,False,Sharing Floor Athens,01-SH,30662.0,Royston,"BREAD & BAKERY, ASSORTED SHL",Grains
477,180901,9062,W-117,Waggoners Grove Baptist Church,483507,,FP/OP/GNAP/USDA,FOOD PANTRY-Agency,LOCAL - LL,N-25-11975,5,0,0,2.7,15,MADISON,0.18,6/3/2024 10:00,6/3/2024 11:49,Price Code 1,CUSTOMER PICKUP,False,Food Bank of Northeast Georgia,01,30628.0,Colbert,DOVE DARK CHOCOLATE & PEANUT BUTTER,Food Misc.
836,180311,4737,G-122,Gordon's Chapel Methodist Church,482917,,FP/USDA,FOOD PANTRY-Agency,USDA,F-50-90456,3,0,0,21.6,120,MADISON,0.18,5/15/2024 14:15,5/15/2024 13:29,Price Code 1,CUSTOMER PICKUP,False,Food Bank of Northeast Georgia,01,30646.0,Hull,USDA PORK PATTY,Proteins
549,180225,9030,R-120,Roger's Baptist Church,482831,,FP/OP/USDA,FOOD PANTRY-Agency,YELLOW RECEIPT - SHN,N-25-11972,12,0,0,6.48,36,MADISON,0.18,5/21/2024 13:45,5/21/2024 14:04,Price Code 1,CUSTOMER PICKUP,False,Food Bank of Northeast Georgia,01,30530.0,Commerce,BIGS TANGY BBQ SUNFLOWER SEEDS,Proteins
137,179538,5407,J-100,Jubilee Partners,482151,,FP/OP/GNAP,RESIDENTIAL-Agency,BLUE RECEIPT-SHL,F-15-10000,10,0,0,1.8,10,MADISON,0.18,4/24/2024 13:23,4/24/2024 8:47,Price Code 1,CUSTOMER PICKUP,False,Sharing Floor Athens,01-SH,30629.0,Comer,"MEAT & SEAFOOD, FROZEN SHL",Proteins
1010,177631,875,F-143,Freedom C.H. Church,480251,,FP/USDA,FOOD PANTRY-Agency,BLUE RECEIPT-SHL,W-04-10000,22,0,0,0.0,22,MADISON,0.0,3/20/2024 9:23,3/20/2024 9:25,Price Code 1,CUSTOMER PICKUP,False,Sharing Floor Athens,01-SH,30662.0,Royston,"BREAD & BAKERY, ASSORTED SHL",Grains
981,182469,690,D-111,Divine Healing Ministry of Recovery Inc.,485073,,ON PREMISES (OP),REHAB-Agency,BLUE RECEIPT-SHL,W-03-10013,106,0,0,0.0,106,MADISON,0.0,6/21/2024 10:58,6/21/2024 11:05,Price Code 1,CONTACT FOR DELIVERY,False,Sharing Floor Athens,01-SH,30633.0,Commerce,"ASSORTED BEVERAGES, SHL",Beverages
799,180551,1045,C-149,Colbert Methodist Church,483157,,FP/GNAP/USDA,FOOD PANTRY-Agency,BLUE RECEIPT-SHL,W-25-10009,93,0,0,0.0,93,MADISON,0.0,5/9/2024 9:56,5/9/2024 13:49,Price Code 1,CUSTOMER PICKUP,False,Sharing Floor Athens,01-SH,30628.0,Colbert,"ASSORTED SNACK ITEMS, SHL",Food Misc.
571,176269,5938,F-122,Freedom Church of God,FAIMPORT478894,,FP/OP/USDA,FOOD PANTRY-Agency,BLUE RECEIPT-SHL,C-28-10001,6,0,0,0.18,6,MADISON,0.03,2/21/2024 0:00,2/21/2024 0:00,Price Code 1,CUSTOMER PICKUP,False,Food Bank of Northeast Georgia,01,30530.0,Commerce,"PRODUCE, FRESH SHL",Mixed Produce
137,173517,696,J-100,Jubilee Partners,477146,,FP/OP/GNAP,RESIDENTIAL-Agency,LOCAL - LL,W-25-10000,20,0,0,1.8,20,MADISON,0.09,1/24/2024 13:23,1/24/2024 8:53,Price Code 1,CUSTOMER PICKUP,False,Sharing Floor Athens,01-SH,30629.0,Comer,"ASSORTED SNACK ITEMS, LL",Food Misc.
571,173275,8903,F-122,Freedom Church of God,476904,,FP/OP/USDA,FOOD PANTRY-Agency,YELLOW RECEIPT - SHN,N-16-10181,5,0,0,4.5,25,MADISON,0.18,1/25/2024 14:21,1/31/2024 9:41,Price Code 1,CUSTOMER PICKUP,False,Food Bank of Northeast Georgia,01,30530.0,Commerce,STOVE TOP STUFFING - TURKEY/CHICKEN/CORNBREAD,Prepared Meals
571,175365,5938,F-122,Freedom Church of God,477994,,FP/OP/USDA,FOOD PANTRY-Agency,BLUE RECEIPT-SHL,C-28-10001,60,0,0,0.0,60,MADISON,0.0,2/8/2024 14:21,2/8/2024 14:09,Price Code 1,CUSTOMER PICKUP,False,Food Bank of Northeast Georgia,01,30530.0,Commerce,"PRODUCE, FRESH SHL",Mixed Produce
915,176910,8975,T-122,Tabors Chapel CME Church,FAIMPORT479532,,DIRECT ASSISTANCE,DIRECT ASSISTANCE-Agency,BLUE RECEIPT-SHL,MCC-07-10001,50,0,0,0.0,50,MADISON,0.0,3/7/2024 0:00,3/7/2024 0:00,Price Code 1,CUSTOMER PICKUP,False,Food Bank of Northeast Georgia,01,30633.0,Danielsville,"DAIRY PRODUCTS, SHL RETAIL PICKUPS",Dairy
799,181693,7298,C-149,Colbert Methodist Church,484297,,FP/GNAP/USDA,FOOD PANTRY-Agency,GNAP,N-40-10248,5,0,0,0.0,70,MADISON,0.0,6/6/2024 11:30,6/6/2024 11:41,Price Code 1,CUSTOMER PICKUP,False,Food Bank of Northeast Georgia,01,30628.0,Colbert,GNAP BAKING AND BISCUIT MIX,Grains
477,173926,875,W-117,Waggoners Grove Baptist Church,477555,,FP/OP/GNAP/USDA,FOOD PANTRY-Agency,BLUE RECEIPT-SHL,W-04-10000,4,0,0,0.0,4,MADISON,0.0,1/31/2024 14:38,1/31/2024 13:57,Price Code 1,CUSTOMER PICKUP,False,Sharing Floor Athens,01-SH,30628.0,Colbert,"BREAD & BAKERY, ASSORTED SHL",Grains
799,177320,696,C-149,Colbert Methodist Church,479940,,FP/GNAP/USDA,FOOD PANTRY-Agency,LOCAL - LL,W-25-10000,44,0,0,7.92,44,MADISON,0.18,3/14/2024 9:56,3/14/2024 13:55,Price Code 1,CUSTOMER PICKUP,False,Sharing Floor Athens,01-SH,30628.0,Colbert,"ASSORTED SNACK ITEMS, LL",Food Misc.
571,178863,800,F-122,Freedom Church of God,481477,,FP/OP/USDA,FOOD PANTRY-Agency,USDA,N-50-10065,13,0,0,0.0,351,MADISON,0.0,4/16/2024 12:00,4/17/2024 7:07,Price Code 1,TRUCK 1 MOBILE PANTRY,False,Food Bank of Northeast Georgia,01,30530.0,Commerce,USDA APPLESAUCE,Fruits
137,179930,683,J-100,Jubilee Partners,482541,,FP/OP/GNAP,RESIDENTIAL-Agency,BLUE RECEIPT-SHL,W-16-10001,57,0,0,10.26,57,MADISON,0.18,5/1/2024 13:23,5/1/2024 8:38,Price Code 1,CUSTOMER PICKUP,False,Sharing Floor Athens,01-SH,30629.0,Comer,MISC. FOOD BOX SHL,Food Misc.
549,178348,4449,R-120,Roger's Baptist Church,480964,,FP/OP/USDA,FOOD PANTRY-Agency,USDA,F-50-90445,4,0,0,16.4,164,MADISON,0.1,4/16/2024 13:30,4/16/2024 14:00,Price Code 1,CUSTOMER PICKUP,False,Food Bank of Northeast Georgia,01,30530.0,Commerce,USDA FULLY COOKED PULLED PORK CCC,Proteins
477,176239,8965,W-117,Waggoners Grove Baptist Church,478865,,FP/OP/GNAP/USDA,FOOD PANTRY-Agency,YELLOW RECEIPT - SHN,N-25-11962,5,0,0,9.9,55,MADISON,0.18,3/11/2024 10:00,3/11/2024 10:53,Price Code 1,CUSTOMER PICKUP,False,Food Bank of Northeast Georgia,01,30628.0,Colbert,SNACK PACK FRUITY PEBBLES PUDDING,Food Misc.
137,178649,5938,J-100,Jubilee Partners,481265,,FP/OP/GNAP,RESIDENTIAL-Agency,BLUE RECEIPT-SHL,C-28-10001,112,0,0,3.36,112,MADISON,0.03,4/10/2024 13:23,4/10/2024 8:50,Price Code 1,CUSTOMER PICKUP,False,Sharing Floor Athens,01-SH,30629.0,Comer,"PRODUCE, FRESH SHL",Mixed Produce
571,176538,8665,F-122,Freedom Church of God,479162,,FP/OP/USDA,FOOD PANTRY-Agency,BLUE RECEIPT-SHL,N-03-11268,2,0,0,1.38,46,MADISON,0.03,3/6/2024 14:21,3/7/2024 10:33,Price Code 1,CUSTOMER PICKUP,False,Food Bank of Northeast Georgia,01,30530.0,Commerce,PROPEL BERRY/KIWISTRAW/GRAPE,Beverages
477,175014,8854,W-117,Waggoners Grove Baptist Church,477644,,FP/OP/GNAP/USDA,FOOD PANTRY-Agency,BLUE RECEIPT-SHL,N-03-11776,5,0,0,0.0,165,MADISON,0.0,2/6/2024 14:38,2/12/2024 13:25,Price Code 1,CUSTOMER PICKUP,False,Food Bank of Northeast Georgia,01,30628.0,Colbert,DR PEPPER STRAWBERRIES & CREAM,Beverages
915,179995,8970,T-122,Tabors Chapel CME Church,FAIMPORT482604,,DIRECT ASSISTANCE,DIRECT ASSISTANCE-Agency,BLUE RECEIPT-SHL,MCW-16-10001,36,0,0,0.0,36,MADISON,0.0,4/29/2024 0:00,4/29/2024 0:00,Price Code 1,CUSTOMER PICKUP,False,Food Bank of Northeast Georgia,01,30633.0,Danielsville,"MISC. FOOD BOX, SHL RETAIL PICKUP",Food Misc.
799,176859,683,C-149,Colbert Methodist Church,479481,,FP/GNAP/USDA,FOOD PANTRY-Agency,BLUE RECEIPT-SHL,W-16-10001,370,0,0,66.6,370,MADISON,0.18,3/7/2024 9:56,3/7/2024 14:57,Price Code 1,CUSTOMER PICKUP,False,Sharing Floor Athens,01-SH,30628.0,Colbert,MISC. FOOD BOX SHL,Food Misc.
799,180305,7152,C-149,Colbert Methodist Church,482911,,FP/GNAP/USDA,FOOD PANTRY-Agency,GNAP,N-40-10233,4,0,0,0.0,64,MADISON,0.0,5/10/2024 9:15,5/10/2024 12:18,Price Code 1,CUSTOMER PICKUP,False,Food Bank of Northeast Georgia,01,30628.0,Colbert,GNAP GRAPE JELLY,Food Misc.
571,181987,683,F-122,Freedom Church of God,484591,,FP/OP/USDA,FOOD PANTRY-Agency,BLUE RECEIPT-SHL,W-16-10001,16,0,0,2.88,16,MADISON,0.18,6/6/2024 14:21,6/6/2024 14:03,Price Code 1,CUSTOMER PICKUP,False,Sharing Floor Athens,01-SH,30530.0,Commerce,MISC. FOOD BOX SHL,Food Misc.
571,181223,8846,F-122,Freedom Church of God,483828,,FP/OP/USDA,FOOD PANTRY-Agency,BLUE RECEIPT-SHL,N-03-11774,2,0,0,0.0,46,MADISON,0.0,5/30/2024 11:30,6/3/2024 8:38,Price Code 1,CUSTOMER PICKUP,False,Food Bank of Northeast Georgia,01,30530.0,Commerce,PURE LEAF UNSWEETENED TEA,Beverages
137,175608,5407,J-100,Jubilee Partners,478236,,FP/OP/GNAP,RESIDENTIAL-Agency,BLUE RECEIPT-SHL,F-15-10000,7,0,0,1.26,7,MADISON,0.18,2/14/2024 13:23,2/14/2024 8:59,Price Code 1,CUSTOMER PICKUP,False,Sharing Floor Athens,01-SH,30629.0,Comer,"MEAT & SEAFOOD, FROZEN SHL",Proteins
571,176535,8966,F-122,Freedom Church of God,479159,,FP/OP/USDA,FOOD PANTRY-Agency,YELLOW RECEIPT - SHN,N-15-10049,2,0,0,2.16,12,MADISON,0.18,3/6/2024 14:21,3/7/2024 10:32,Price Code 1,CUSTOMER PICKUP,False,Food Bank of Northeast Georgia,01,30530.0,Commerce,FIRE CRACKER REDHOT PICKLED SAUSAGE,Proteins
571,172819,8676,F-122,Freedom Church of God,476450,,FP/OP/USDA,FOOD PANTRY-Agency,LOCAL - LL,C-88-10000,110,0,0,0.0,110,MADISON,0.0,1/12/2024 14:21,1/12/2024 12:55,Price Code 1,CUSTOMER PICKUP,False,Food Bank of Northeast Georgia,01,30530.0,Commerce,"LFPA PRODUCE, MISC",Mixed Produce
915,180466,8975,T-122,Tabors Chapel CME Church,FAIMPORT483072,,DIRECT ASSISTANCE,DIRECT ASSISTANCE-Agency,BLUE RECEIPT-SHL,MCC-07-10001,10,0,0,0.0,10,MADISON,0.0,5/6/2024 0:00,5/6/2024 0:00,Price Code 1,CUSTOMER PICKUP,False,Food Bank of Northeast Georgia,01,30633.0,Danielsville,"DAIRY PRODUCTS, SHL RETAIL PICKUPS",Dairy
915,175928,8959,T-122,Tabors Chapel CME Church,478556,,DIRECT ASSISTANCE,DIRECT ASSISTANCE-Agency,YELLOW RECEIPT - SHN,N-25-11958,1,0,0,1.44,8,MADISON,0.18,2/26/2024 14:19,2/26/2024 12:55,Price Code 1,CUSTOMER PICKUP,False,Food Bank of Northeast Georgia,01,30633.0,Danielsville,RITZ CRACKERS FAMILY SIZE,Grains
549,175587,1481,R-120,Roger's Baptist Church,478215,,FP/OP/USDA,FOOD PANTRY-Agency,USDA,N-50-10105,7,0,0,21.42,119,MADISON,0.18,2/20/2024 13:30,2/20/2024 13:52,Price Code 1,CUSTOMER PICKUP,False,Food Bank of Northeast Georgia,01,30530.0,Commerce,USDA DRIED CHERRIES CCC,Fruits
371,178620,9014,E-111,Evangelical Methodist Church - Danielsville,481236,,FOOD PANTRY,FOOD PANTRY-Agency,PURCH,N-27-10136,10,0,521,48.6,270,MADISON,0.18,4/12/2024 13:56,4/12/2024 10:39,Price Code 1,CUSTOMER PICKUP,False,Food Bank of Northeast Georgia,01,30633.0,Danielsville,"GREEN BEANS, HARVEST VALLEY",Vegetables
371,178605,5958,E-111,Evangelical Methodist Church - Danielsville,481221,,FOOD PANTRY,FOOD PANTRY-Agency,BLUE RECEIPT-SHL,C-16-10001,12,0,0,2.16,12,MADISON,0.18,4/9/2024 13:56,4/9/2024 11:36,Price Code 1,CUSTOMER PICKUP,False,Sharing Floor Athens,01-SH,30633.0,Danielsville,"COOLER FOOD, MISC. SHL",Food Misc.
410,177602,8783,C-110,Colbert First Baptist Church,480222,,FP/GNAP/USDA,FOOD PANTRY-Agency,USDA,N-50-10308,6,0,0,24.84,138,MADISON,0.18,3/22/2024 12:40,3/22/2024 10:49,Price Code 1,CUSTOMER PICKUP,False,Food Bank of Northeast Georgia,01,30628.0,Colbert,USDA RAISINS,Fruits
842,175620,5407,C-153,Cedar Grove Baptist Church,478248,,FP/GNAP/USDA,FOOD PANTRY-Agency,BLUE RECEIPT-SHL,F-15-10000,50,0,0,9.0,50,MADISON,0.18,2/14/2024 8:30,2/14/2024 10:39,Price Code 1,CUSTOMER PICKUP,False,Sharing Floor Athens,01-SH,30629.0,Comer,"MEAT & SEAFOOD, FROZEN SHL",Proteins
410,173554,3776,C-110,Colbert First Baptist Church,477183,,FP/GNAP/USDA,FOOD PANTRY-Agency,BLUE RECEIPT-SHL,N-03-11125,5,0,0,4.95,165,MADISON,0.03,1/29/2024 12:40,1/29/2024 14:13,Price Code 1,CUSTOMER PICKUP,False,Food Bank of Northeast Georgia,01,30628.0,Colbert,PEPSI WILD CHERRY,Beverages
549,172672,8874,R-120,Roger's Baptist Church,476303,,FP/OP/USDA,FOOD PANTRY-Agency,YELLOW RECEIPT - SHN,F-10-10002,10,0,0,0.9,30,MADISON,0.03,1/16/2024 13:30,1/16/2024 14:36,Price Code 1,CUSTOMER PICKUP,False,Food Bank of Northeast Georgia,01,30530.0,Commerce,OUTSHINE TROPICAL SMOOTHIE CUBES,Beverages
915,178888,8973,T-122,Tabors Chapel CME Church,FAIMPORT481502,,DIRECT ASSISTANCE,DIRECT ASSISTANCE-Agency,BLUE RECEIPT-SHL,MCC-16-10001,12,0,0,0.0,12,MADISON,0.0,4/11/2024 0:00,4/11/2024 0:00,Price Code 1,CUSTOMER PICKUP,False,Food Bank of Northeast Georgia,01,30633.0,Danielsville,"COOLER FOOD MISC., SHL RETAIL PICKUP",Food Misc.
571,176515,8939,F-122,Freedom Church of God,479139,,FP/OP/USDA,FOOD PANTRY-Agency,BLUE RECEIPT-SHL,C-28-90530,3,0,0,0.0,126,MADISON,0.0,3/1/2024 14:21,3/1/2024 11:16,Price Code 1,CUSTOMER PICKUP,False,Food Bank of Northeast Georgia,01,30530.0,Commerce,"APPLES, SHL",Fruits
549,175902,5407,R-120,Roger's Baptist Church,478530,,FP/OP/USDA,FOOD PANTRY-Agency,BLUE RECEIPT-SHL,F-15-10000,222,0,0,0.0,222,MADISON,0.0,2/20/2024 15:13,2/20/2024 13:59,Price Code 1,CUSTOMER PICKUP,False,Sharing Floor Athens,01-SH,30530.0,Commerce,"MEAT & SEAFOOD, FROZEN SHL",Proteins
915,181907,9090,T-122,Tabors Chapel CME Church,484511,,DIRECT ASSISTANCE,DIRECT ASSISTANCE-Agency,LOCAL - LL,F-15-90561,5,0,0,11.7,65,MADISON,0.18,6/18/2024 13:30,6/18/2024 13:05,Price Code 1,CUSTOMER PICKUP,False,Food Bank of Northeast Georgia,01,30633.0,Danielsville,TYSON BUFFALO STYLE CHICKEN STRIPS,Proteins
137,173891,696,J-100,Jubilee Partners,477520,,FP/OP/GNAP,RESIDENTIAL-Agency,LOCAL - LL,W-25-10000,35,0,0,0.0,35,MADISON,0.0,1/31/2024 13:23,1/31/2024 8:48,Price Code 1,CUSTOMER PICKUP,False,Sharing Floor Athens,01-SH,30629.0,Comer,"ASSORTED SNACK ITEMS, LL",Food Misc.
981,182469,5407,D-111,Divine Healing Ministry of Recovery Inc.,485073,,ON PREMISES (OP),REHAB-Agency,BLUE RECEIPT-SHL,F-15-10000,164,0,0,29.52,164,MADISON,0.18,6/21/2024 10:58,6/21/2024 11:05,Price Code 1,CONTACT FOR DELIVERY,False,Sharing Floor Athens,01-SH,30633.0,Commerce,"MEAT & SEAFOOD, FROZEN SHL",Proteins
477,172471,8895,W-117,Waggoners Grove Baptist Church,476102,,FP/OP/GNAP/USDA,FOOD PANTRY-Agency,LOCAL - LL,N-25-11949,10,0,0,3.6,20,MADISON,0.18,1/11/2024 10:00,1/11/2024 12:16,Price Code 1,CUSTOMER PICKUP,False,Food Bank of Northeast Georgia,01,30628.0,Colbert,THINFUL BIRTHDAY CAKE SNACK MIX,Food Misc.
1010,179258,875,F-143,Freedom C.H. Church,481871,,FP/USDA,FOOD PANTRY-Agency,BLUE RECEIPT-SHL,W-04-10000,33,0,0,0.0,33,MADISON,0.0,4/19/2024 10:35,4/19/2024 10:38,Price Code 1,CUSTOMER PICKUP,False,Sharing Floor Athens,01-SH,30662.0,Royston,"BREAD & BAKERY, ASSORTED SHL",Grains
477,181931,696,W-117,Waggoners Grove Baptist Church,484535,,FP/OP/GNAP/USDA,FOOD PANTRY-Agency,LOCAL - LL,W-25-10000,55,0,0,2.75,55,MADISON,0.05,6/5/2024 14:38,6/5/2024 14:04,Price Code 1,CUSTOMER PICKUP,False,Sharing Floor Athens,01-SH,30628.0,Colbert,"ASSORTED SNACK ITEMS, LL",Food Misc.
137,175608,690,J-100,Jubilee Partners,478236,,FP/OP/GNAP,RESIDENTIAL-Agency,BLUE RECEIPT-SHL,W-03-10013,66,0,0,0.0,66,MADISON,0.0,2/14/2024 13:23,2/14/2024 8:59,Price Code 1,CUSTOMER PICKUP,False,Sharing Floor Athens,01-SH,30629.0,Comer,"ASSORTED BEVERAGES, SHL",Beverages
842,177227,5407,C-153,Cedar Grove Baptist Church,479847,,FP/GNAP/USDA,FOOD PANTRY-Agency,BLUE RECEIPT-SHL,F-15-10000,9,0,0,1.62,9,MADISON,0.18,3/13/2024 8:30,3/13/2024 10:43,Price Code 1,CUSTOMER PICKUP,False,Sharing Floor Athens,01-SH,30629.0,Comer,"MEAT & SEAFOOD, FROZEN SHL",Proteins
915,176911,8973,T-122,Tabors Chapel CME Church,FAIMPORT479533,,DIRECT ASSISTANCE,DIRECT ASSISTANCE-Agency,BLUE RECEIPT-SHL,MCC-16-10001,13,0,0,0.0,13,MADISON,0.0,3/7/2024 0:00,3/7/2024 0:00,Price Code 1,CUSTOMER PICKUP,False,Food Bank of Northeast Georgia,01,30633.0,Danielsville,"COOLER FOOD MISC., SHL RETAIL PICKUP",Food Misc.
137,175936,690,J-100,Jubilee Partners,478564,,FP/OP/GNAP,RESIDENTIAL-Agency,BLUE RECEIPT-SHL,W-03-10013,237,0,0,0.0,237,MADISON,0.0,2/21/2024 13:23,2/21/2024 8:53,Price Code 1,CUSTOMER PICKUP,False,Sharing Floor Athens,01-SH,30629.0,Comer,"ASSORTED BEVERAGES, SHL",Beverages
477,176239,8966,W-117,Waggoners Grove Baptist Church,478865,,FP/OP/GNAP/USDA,FOOD PANTRY-Agency,YELLOW RECEIPT - SHN,N-15-10049,5,0,0,5.4,30,MADISON,0.18,3/11/2024 10:00,3/11/2024 10:53,Price Code 1,CUSTOMER PICKUP,False,Food Bank of Northeast Georgia,01,30628.0,Colbert,FIRE CRACKER REDHOT PICKLED SAUSAGE,Proteins
898,173294,683,M-132,Meadow Baptist Church,476923,,FP/USDA,DIRECT ASSISTANCE-Agency,BLUE RECEIPT-SHL,W-16-10001,238,0,0,42.84,238,MADISON,0.18,1/19/2024 10:02,1/19/2024 8:46,Price Code 1,CUSTOMER PICKUP,False,Sharing Floor Athens,01-SH,30629.0,Comer,MISC. FOOD BOX SHL,Food Misc.
836,176972,7284,G-122,Gordon's Chapel Methodist Church,479594,,FP/USDA,FOOD PANTRY-Agency,USDA,C-50-10043,4,0,0,10.4,104,MADISON,0.1,3/13/2024 14:20,3/13/2024 12:48,Price Code 1,CUSTOMER PICKUP,False,Food Bank of Northeast Georgia,01,30646.0,Hull,USDA RED FAT AMERICAN CHEESE CCC,Dairy
477,179977,5407,W-117,Waggoners Grove Baptist Church,482586,,FP/OP/GNAP/USDA,FOOD PANTRY-Agency,BLUE RECEIPT-SHL,F-15-10000,70,0,0,12.6,70,MADISON,0.18,5/1/2024 14:38,5/1/2024 13:53,Price Code 1,CUSTOMER PICKUP,False,Sharing Floor Athens,01-SH,30628.0,Colbert,"MEAT & SEAFOOD, FROZEN SHL",Proteins
832,173308,8903,U-104,Union Baptist Church,476937,,FP/OP/USDA,FOOD PANTRY-Agency,YELLOW RECEIPT - SHN,N-16-10181,2,0,0,1.8,10,MADISON,0.18,1/30/2024 11:46,2/22/2024 14:24,Price Code 1,CUSTOMER PICKUP,False,Food Bank of Northeast Georgia,01,30646.0,Hull,STOVE TOP STUFFING - TURKEY/CHICKEN/CORNBREAD,Prepared Meals
477,178281,8995,W-117,Waggoners Grove Baptist Church,480897,,FP/OP/GNAP/USDA,FOOD PANTRY-Agency,BLUE RECEIPT-SHL,N-21-10067,20,0,0,18.0,100,MADISON,0.18,4/15/2024 9:00,4/15/2024 10:21,Price Code 1,CUSTOMER PICKUP,False,Food Bank of Northeast Georgia,01,30628.0,Colbert,"RAMEN, MARUCHAN SHRIMP",Prepared Meals
799,176578,8837,C-149,Colbert Methodist Church,479202,,FP/GNAP/USDA,FOOD PANTRY-Agency,BLUE RECEIPT-SHL,N-03-11773,3,0,0,0.0,30,MADISON,0.0,3/8/2024 8:56,3/8/2024 12:16,Price Code 1,CUSTOMER PICKUP,False,Food Bank of Northeast Georgia,01,30628.0,Colbert,MT DEW PASSSIONFRUIT PUNCH,Beverages
915,175928,875,T-122,Tabors Chapel CME Church,478556,,DIRECT ASSISTANCE,DIRECT ASSISTANCE-Agency,BLUE RECEIPT-SHL,W-04-10000,100,0,0,0.0,100,MADISON,0.0,2/26/2024 14:19,2/26/2024 12:55,Price Code 1,CUSTOMER PICKUP,False,Food Bank of Northeast Georgia,01,30633.0,Danielsville,"BREAD & BAKERY, ASSORTED SHL",Grains
571,181987,235,F-122,Freedom Church of God,484591,,FP/OP/USDA,FOOD PANTRY-Agency,LOCAL - LL,W-03-10012,235,0,0,0.0,235,MADISON,0.0,6/6/2024 14:21,6/6/2024 14:03,Price Code 1,CUSTOMER PICKUP,False,Sharing Floor Athens,01-SH,30530.0,Commerce,"ASSORTED BEVERAGES, LL",Beverages
549,173129,5477,R-120,Roger's Baptist Church,476759,,FP/OP/USDA,FOOD PANTRY-Agency,LOCAL - LL,F-15-10001,166,0,0,29.88,166,MADISON,0.18,1/16/2024 15:13,1/16/2024 14:03,Price Code 1,CUSTOMER PICKUP,False,Sharing Floor Athens,01-SH,30530.0,Commerce,"MEAT & SEAFOOD, FROZEN LOCAL",Proteins
799,180305,9043,C-149,Colbert Methodist Church,482911,,FP/GNAP/USDA,FOOD PANTRY-Agency,GNAP,N-40-10277,5,0,0,0.0,40,MADISON,0.0,5/10/2024 9:15,5/10/2024 12:18,Price Code 1,CUSTOMER PICKUP,False,Food Bank of Northeast Georgia,01,30628.0,Colbert,GNAP DELUXE SHELLS & CHEESE,Prepared Meals
571,180061,683,F-122,Freedom Church of God,482669,,FP/OP/USDA,FOOD PANTRY-Agency,BLUE RECEIPT-SHL,W-16-10001,60,0,0,10.8,60,MADISON,0.18,5/2/2024 14:21,5/2/2024 9:36,Price Code 1,CUSTOMER PICKUP,False,Sharing Floor Athens,01-SH,30530.0,Commerce,MISC. FOOD BOX SHL,Food Misc.
915,182493,8975,T-122,Tabors Chapel CME Church,FAIMPORT485097,,DIRECT ASSISTANCE,DIRECT ASSISTANCE-Agency,BLUE RECEIPT-SHL,MCC-07-10001,21,0,0,0.0,21,MADISON,0.0,6/17/2024 0:00,6/17/2024 0:00,Price Code 1,CUSTOMER PICKUP,False,Food Bank of Northeast Georgia,01,30633.0,Danielsville,"DAIRY PRODUCTS, SHL RETAIL PICKUPS",Dairy
477,175014,8869,W-117,Waggoners Grove Baptist Church,477644,,FP/OP/GNAP/USDA,FOOD PANTRY-Agency,YELLOW RECEIPT - SHN,N-20-10004,40,0,0,21.6,120,MADISON,0.18,2/6/2024 14:38,2/12/2024 13:25,Price Code 1,CUSTOMER PICKUP,False,Food Bank of Northeast Georgia,01,30628.0,Colbert,PAMPERS PREEMIE SWADDLERS,Non-Food Misc.
915,179994,8972,T-122,Tabors Chapel CME Church,FAIMPORT482603,,DIRECT ASSISTANCE,DIRECT ASSISTANCE-Agency,BLUE RECEIPT-SHL,MCF-15-10000,27,0,0,0.0,27,MADISON,0.0,4/29/2024 0:00,4/29/2024 0:00,Price Code 1,CUSTOMER PICKUP,False,Food Bank of Northeast Georgia,01,30633.0,Danielsville,"FROZEN MEAT & SEAFOOD, SHL RETAIL PICKUP",Proteins
915,179295,8975,T-122,Tabors Chapel CME Church,FAIMPORT481908,,DIRECT ASSISTANCE,DIRECT ASSISTANCE-Agency,BLUE RECEIPT-SHL,MCC-07-10001,11,0,0,0.0,11,MADISON,0.0,4/15/2024 0:00,4/15/2024 0:00,Price Code 1,CUSTOMER PICKUP,False,Food Bank of Northeast Georgia,01,30633.0,Danielsville,"DAIRY PRODUCTS, SHL RETAIL PICKUPS",Dairy
477,178358,9003,W-117,Waggoners Grove Baptist Church,480974,,FP/OP/GNAP/USDA,FOOD PANTRY-Agency,BLUE RECEIPT-SHL,N-03-11822,1,0,0,0.0,30,MADISON,0.0,4/15/2024 9:00,4/15/2024 10:20,Price Code 1,CUSTOMER PICKUP,False,Food Bank of Northeast Georgia,01,30628.0,Colbert,GATORADE FIT BLACKBERRY RASPBERRY,Beverages
1010,181682,5938,F-143,Freedom C.H. Church,484286,,FP/USDA,FOOD PANTRY-Agency,BLUE RECEIPT-SHL,C-28-10001,20,0,0,0.6,20,MADISON,0.03,5/31/2024 10:31,5/31/2024 10:37,Price Code 1,CUSTOMER PICKUP,False,Sharing Floor Athens,01-SH,30662.0,Royston,"PRODUCE, FRESH SHL",Mixed Produce
892,181125,1674,L-114,Legacy Baptist Church,483730,,FP/USDA,FOOD PANTRY-Agency,USDA,N-50-10073,1,0,0,4.86,27,MADISON,0.18,5/24/2024 14:00,5/24/2024 14:13,Price Code 1,CUSTOMER PICKUP,False,Food Bank of Northeast Georgia,01,30646.0,Hull,USDA TOMATO SAUCE,Vegetables
981,175364,92,D-111,Divine Healing Ministry of Recovery Inc.,477993,,ON PREMISES (OP),REHAB-Agency,LOCAL - LL,W-01-10002,48,0,0,8.64,48,MADISON,0.18,2/8/2024 13:59,2/8/2024 14:02,Price Code 1,CONTACT FOR DELIVERY,False,Sharing Floor Athens,01-SH,30633.0,Commerce,"ASSORTED NON-FOOD ITEMS, LL",Non-Food Misc.
137,180648,7414,J-100,Jubilee Partners,483254,,FP/OP/GNAP,RESIDENTIAL-Agency,PURCH,C-28-90525,1,0,0,0.0,22,MADISON,0.0,5/15/2024 9:15,5/15/2024 8:59,Price Code 1,CUSTOMER PICKUP,False,Food Bank of Northeast Georgia,01,30629.0,Comer,BROCCOLI CROWNS,Vegetables
1010,182509,683,F-143,Freedom C.H. Church,485112,,FP/USDA,FOOD PANTRY-Agency,BLUE RECEIPT-SHL,W-16-10001,50,0,0,9.0,50,MADISON,0.18,6/21/2024 15:03,6/21/2024 15:09,Price Code 1,CUSTOMER PICKUP,False,Sharing Floor Athens,01-SH,30662.0,Royston,MISC. FOOD BOX SHL,Food Misc.
477,173274,8858,W-117,Waggoners Grove Baptist Church,476903,,FP/OP/GNAP/USDA,FOOD PANTRY-Agency,BLUE RECEIPT-SHL,N-03-11778,1,0,0,0.0,38,MADISON,0.0,1/23/2024 14:38,1/23/2024 8:45,Price Code 1,CUSTOMER PICKUP,False,Food Bank of Northeast Georgia,01,30628.0,Colbert,CRUSH PEACH SODA,Beverages
836,180311,4448,G-122,Gordon's Chapel Methodist Church,482917,,FP/USDA,FOOD PANTRY-Agency,USDA,F-50-90446,3,0,0,0.0,84,MADISON,0.0,5/15/2024 14:15,5/15/2024 13:29,Price Code 1,CUSTOMER PICKUP,False,Food Bank of Northeast Georgia,01,30646.0,Hull,USDA FROZEN STRAWBERRY FRUIT CUPS,Fruits
799,181693,3139,C-149,Colbert Methodist Church,484297,,FP/GNAP/USDA,FOOD PANTRY-Agency,USDA,N-50-10290,2,0,0,9.0,50,MADISON,0.18,6/6/2024 11:30,6/6/2024 11:41,Price Code 1,CUSTOMER PICKUP,False,Food Bank of Northeast Georgia,01,30628.0,Colbert,USDA WHOLE ALMONDS DRY ROASTED,Proteins
1010,180924,875,F-143,Freedom C.H. Church,483530,,FP/USDA,FOOD PANTRY-Agency,BLUE RECEIPT-SHL,W-04-10000,27,0,0,0.0,27,MADISON,0.0,5/16/2024 9:44,5/16/2024 9:48,Price Code 1,CUSTOMER PICKUP,False,Sharing Floor Athens,01-SH,30662.0,Royston,"BREAD & BAKERY, ASSORTED SHL",Grains
836,177995,1674,G-122,Gordon's Chapel Methodist Church,480614,,FP/USDA,FOOD PANTRY-Agency,USDA,N-50-10073,3,0,0,14.58,81,MADISON,0.18,4/10/2024 14:20,4/10/2024 12:37,Price Code 1,CUSTOMER PICKUP,False,Food Bank of Northeast Georgia,01,30646.0,Hull,USDA TOMATO SAUCE,Vegetables
1010,182020,235,F-143,Freedom C.H. Church,484624,,FP/USDA,FOOD PANTRY-Agency,LOCAL - LL,W-03-10012,111,0,0,0.0,111,MADISON,0.0,6/7/2024 10:14,6/7/2024 10:19,Price Code 1,CUSTOMER PICKUP,False,Sharing Floor Athens,01-SH,30662.0,Royston,"ASSORTED BEVERAGES, LL",Beverages
571,173973,8937,F-122,Freedom Church of God,477602,,FP/OP/USDA,FOOD PANTRY-Agency,BLUE RECEIPT-SHL,N-03-11807,2,0,0,0.0,36,MADISON,0.0,2/6/2024 11:00,2/7/2024 13:11,Price Code 1,CUSTOMER PICKUP,False,Food Bank of Northeast Georgia,01,30530.0,Commerce,GATORADE LEMON LIME ZERO SUGAR,Beverages
915,181708,8975,T-122,Tabors Chapel CME Church,FAIMPORT484312,,DIRECT ASSISTANCE,DIRECT ASSISTANCE-Agency,BLUE RECEIPT-SHL,MCC-07-10001,5,0,0,0.0,5,MADISON,0.0,5/27/2024 0:00,5/27/2024 0:00,Price Code 1,CUSTOMER PICKUP,False,Food Bank of Northeast Georgia,01,30633.0,Danielsville,"DAIRY PRODUCTS, SHL RETAIL PICKUPS",Dairy
981,176018,696,D-111,Divine Healing Ministry of Recovery Inc.,478646,,ON PREMISES (OP),REHAB-Agency,LOCAL - LL,W-25-10000,8,0,0,1.44,8,MADISON,0.18,2/22/2024 11:28,2/22/2024 11:31,Price Code 1,CONTACT FOR DELIVERY,False,Sharing Floor Athens,01-SH,30633.0,Commerce,"ASSORTED SNACK ITEMS, LL",Food Misc.
1010,180924,683,F-143,Freedom C.H. Church,483530,,FP/USDA,FOOD PANTRY-Agency,BLUE RECEIPT-SHL,W-16-10001,311,0,0,55.98,311,MADISON,0.18,5/16/2024 9:44,5/16/2024 9:48,Price Code 1,CUSTOMER PICKUP,False,Sharing Floor Athens,01-SH,30662.0,Royston,MISC. FOOD BOX SHL,Food Misc.
571,175034,92,F-122,Freedom Church of God,477664,,FP/OP/USDA,FOOD PANTRY-Agency,LOCAL - LL,W-01-10002,19,0,0,3.42,19,MADISON,0.18,2/2/2024 14:21,2/2/2024 11:46,Price Code 1,CUSTOMER PICKUP,False,Sharing Floor Athens,01-SH,30530.0,Commerce,"ASSORTED NON-FOOD ITEMS, LL",Non-Food Misc.
571,172819,8854,F-122,Freedom Church of God,476450,,FP/OP/USDA,FOOD PANTRY-Agency,BLUE RECEIPT-SHL,N-03-11776,1,0,0,0.0,33,MADISON,0.0,1/12/2024 14:21,1/12/2024 12:55,Price Code 1,CUSTOMER PICKUP,False,Food Bank of Northeast Georgia,01,30530.0,Commerce,DR PEPPER STRAWBERRIES & CREAM,Beverages
571,178397,9011,F-122,Freedom Church of God,481013,,FP/OP/USDA,FOOD PANTRY-Agency,YELLOW RECEIPT - SHN,N-03-11830,3,0,0,18.36,102,MADISON,0.18,4/11/2024 14:21,4/11/2024 13:26,Price Code 1,CUSTOMER PICKUP,False,Food Bank of Northeast Georgia,01,30530.0,Commerce,DASANI WATER,Beverages
915,176984,8954,T-122,Tabors Chapel CME Church,479606,,DIRECT ASSISTANCE,DIRECT ASSISTANCE-Agency,BLUE RECEIPT-SHL,N-03-11815,10,0,0,0.0,280,MADISON,0.0,3/13/2024 14:19,3/13/2024 12:48,Price Code 1,CUSTOMER PICKUP,False,Food Bank of Northeast Georgia,01,30633.0,Danielsville,LIPTON HALF&HALF ICED TEA LEMONADE,Beverages
777,173012,8765,TH-130,Moons Grove Baptist Church (There's Hope For the Hungry),476642,,FP/USDA,MOBILE PANTRY-Agency,USDA,N-50-10307,127,0,0,617.22,3429,MADISON,0.18,1/18/2024 8:29,1/30/2024 8:15,Price Code 1,TRACTOR TRAILER 1,False,Food Bank of Northeast Georgia,01,30628.0,Colbert,"USDA LIGHT RED KIDNEY BEANS, LOW SODIUM",Proteins
836,173072,170,G-122,Gordon's Chapel Methodist Church,476702,,FP/USDA,FOOD PANTRY-Agency,USDA,N-50-10007,6,0,0,30.24,168,MADISON,0.18,1/18/2024 14:20,1/18/2024 9:26,Price Code 1,CUSTOMER PICKUP,False,Food Bank of Northeast Georgia,01,30646.0,Hull,"USDA CORN, WHOLE KERNEL NO SALT",Vegetables
477,178358,9007,W-117,Waggoners Grove Baptist Church,480974,,FP/OP/GNAP/USDA,FOOD PANTRY-Agency,BLUE RECEIPT-SHL,N-03-11826,5,0,0,0.0,55,MADISON,0.0,4/15/2024 9:00,4/15/2024 10:20,Price Code 1,CUSTOMER PICKUP,False,Food Bank of Northeast Georgia,01,30628.0,Colbert,PEPSI NITRO DRAFT COLA 12PK,Beverages
832,173308,8921,U-104,Union Baptist Church,476937,,FP/OP/USDA,FOOD PANTRY-Agency,LOCAL - LL,N-25-11953,1,0,0,2.16,12,MADISON,0.18,1/30/2024 11:46,2/22/2024 14:24,Price Code 1,CUSTOMER PICKUP,False,Food Bank of Northeast Georgia,01,30646.0,Hull,GREAT VALUE COOKIE & CARAMEL BARS,Food Misc.
799,175070,7177,C-149,Colbert Methodist Church,477700,,FP/GNAP/USDA,FOOD PANTRY-Agency,GNAP,N-40-10237,2,0,0,9.72,54,MADISON,0.18,2/7/2024 9:56,2/7/2024 11:19,Price Code 1,CUSTOMER PICKUP,False,Food Bank of Northeast Georgia,01,30628.0,Colbert,GNAP SWEET POTATO IN LIGHT SYRUP,Potatoes 
477,179977,5938,W-117,Waggoners Grove Baptist Church,482586,,FP/OP/GNAP/USDA,FOOD PANTRY-Agency,BLUE RECEIPT-SHL,C-28-10001,28,0,0,0.84,28,MADISON,0.03,5/1/2024 14:38,5/1/2024 13:53,Price Code 1,CUSTOMER PICKUP,False,Sharing Floor Athens,01-SH,30628.0,Colbert,"PRODUCE, FRESH SHL",Mixed Produce
571,179275,9017,F-122,Freedom Church of God,481888,,FP/OP/USDA,FOOD PANTRY-Agency,YELLOW RECEIPT - SHN,N-16-10182,2,0,0,4.68,26,MADISON,0.18,4/24/2024 14:21,4/24/2024 13:37,Price Code 1,CUSTOMER PICKUP,False,Food Bank of Northeast Georgia,01,30530.0,Commerce,HEINZ APPLE CIDER VINEGAR,Food Misc.
799,177743,1791,C-149,Colbert Methodist Church,480362,,FP/GNAP/USDA,FOOD PANTRY-Agency,USDA,N-50-10079,2,0,0,9.36,52,MADISON,0.18,3/26/2024 9:56,3/26/2024 10:42,Price Code 1,CUSTOMER PICKUP,False,Food Bank of Northeast Georgia,01,30628.0,Colbert,USDA WALNUT HALVES AND PIECES,Proteins
836,176972,8720,G-122,Gordon's Chapel Methodist Church,479594,,FP/USDA,FOOD PANTRY-Agency,USDA,N-50-10305,8,0,0,20.16,112,MADISON,0.18,3/13/2024 14:20,3/13/2024 12:48,Price Code 1,CUSTOMER PICKUP,False,Food Bank of Northeast Georgia,01,30646.0,Hull,USDA MIXED VegetablesCCC,Vegetables
892,177974,1047,L-114,Legacy Baptist Church,480593,,FP/USDA,FOOD PANTRY-Agency,USDA,N-50-10041,1,0,0,8.82,49,MADISON,0.18,4/3/2024 11:15,4/3/2024 11:32,Price Code 1,CUSTOMER PICKUP,False,Food Bank of Northeast Georgia,01,30646.0,Hull,USDA RICE,Grains
519,175404,5407,C-140,Colbert Living Waters Holiness Church,478033,,FP/OP/USDA,FOOD PANTRY-Agency,BLUE RECEIPT-SHL,F-15-10000,135,0,0,24.3,135,MADISON,0.18,2/9/2024 14:56,2/9/2024 10:30,Price Code 1,CUSTOMER PICKUP,False,Sharing Floor Athens,01-SH,30628.0,Colbert,"MEAT & SEAFOOD, FROZEN SHL",Proteins
371,172804,5407,E-111,Evangelical Methodist Church - Danielsville,476435,,FOOD PANTRY,FOOD PANTRY-Agency,BLUE RECEIPT-SHL,F-15-10000,25,0,0,4.5,25,MADISON,0.18,1/9/2024 13:56,1/9/2024 11:47,Price Code 1,CUSTOMER PICKUP,False,Sharing Floor Athens,01-SH,30633.0,Danielsville,"MEAT & SEAFOOD, FROZEN SHL",Proteins
571,178397,8741,F-122,Freedom Church of God,481013,,FP/OP/USDA,FOOD PANTRY-Agency,BLUE RECEIPT-SHL,N-03-11741,3,0,0,0.0,30,MADISON,0.0,4/11/2024 14:21,4/11/2024 13:26,Price Code 1,CUSTOMER PICKUP,False,Food Bank of Northeast Georgia,01,30530.0,Commerce,DIET MT DEW,Beverages
799,179620,696,C-149,Colbert Methodist Church,482233,,FP/GNAP/USDA,FOOD PANTRY-Agency,LOCAL - LL,W-25-10000,45,0,0,8.1,45,MADISON,0.18,4/25/2024 9:56,4/25/2024 13:49,Price Code 1,CUSTOMER PICKUP,False,Sharing Floor Athens,01-SH,30628.0,Colbert,"ASSORTED SNACK ITEMS, LL",Food Misc.
832,175683,3943,U-104,Union Baptist Church,478311,,FP/OP/USDA,FOOD PANTRY-Agency,USDA,N-50-10268,2,0,0,2.28,76,MADISON,0.03,2/22/2024 11:46,2/22/2024 14:24,Price Code 1,CUSTOMER PICKUP,False,Food Bank of Northeast Georgia,01,30646.0,Hull,USDA APPLE JUICE,Beverages
836,180311,800,G-122,Gordon's Chapel Methodist Church,482917,,FP/USDA,FOOD PANTRY-Agency,USDA,N-50-10065,6,0,0,29.16,162,MADISON,0.18,5/15/2024 14:15,5/15/2024 13:29,Price Code 1,CUSTOMER PICKUP,False,Food Bank of Northeast Georgia,01,30646.0,Hull,USDA APPLESAUCE,Fruits
137,179670,9026,J-100,Jubilee Partners,482283,,FP/OP/GNAP,RESIDENTIAL-Agency,YELLOW RECEIPT - SHN,N-27-10138,1,0,0,3.96,22,MADISON,0.18,5/8/2024 9:00,5/8/2024 9:08,Price Code 1,CUSTOMER PICKUP,False,Food Bank of Northeast Georgia,01,30629.0,Comer,"HUNTS DICED TOMATOES BASIL, GARLIC, OREGANO",Vegetables
137,173168,5772,J-100,Jubilee Partners,476798,,FP/OP/GNAP,RESIDENTIAL-Agency,LOCAL - LL,C-28-10000,276,0,0,8.28,276,MADISON,0.03,1/17/2024 13:23,1/17/2024 9:04,Price Code 1,CUSTOMER PICKUP,False,Sharing Floor Athens,01-SH,30629.0,Comer,"PRODUCE, FRESH LL",Mixed Produce
799,181693,3203,C-149,Colbert Methodist Church,484297,,FP/GNAP/USDA,FOOD PANTRY-Agency,USDA,N-50-10289,3,0,0,13.5,75,MADISON,0.18,6/6/2024 11:30,6/6/2024 11:41,Price Code 1,CUSTOMER PICKUP,False,Food Bank of Northeast Georgia,01,30628.0,Colbert,USDA PECAN PIECES,Proteins
799,181691,7164,C-149,Colbert Methodist Church,484295,,FP/GNAP/USDA,FOOD PANTRY-Agency,BLUE RECEIPT-SHL,N-03-11197,10,0,0,0.0,100,MADISON,0.0,6/6/2024 14:40,6/6/2024 13:10,Price Code 1,CUSTOMER PICKUP,False,Food Bank of Northeast Georgia,01,30628.0,Colbert,MT DEW ZERO SUGAR MAJOR MELON,Beverages
915,172392,8895,T-122,Tabors Chapel CME Church,476023,,DIRECT ASSISTANCE,DIRECT ASSISTANCE-Agency,LOCAL - LL,N-25-11949,4,0,0,1.44,8,MADISON,0.18,1/5/2024 14:19,1/5/2024 13:17,Price Code 1,CUSTOMER PICKUP,False,Food Bank of Northeast Georgia,01,30633.0,Danielsville,THINFUL BIRTHDAY CAKE SNACK MIX,Food Misc.
549,172672,1230,R-120,Roger's Baptist Church,476303,,FP/OP/USDA,FOOD PANTRY-Agency,USDA,N-50-10097,4,0,0,4.56,152,MADISON,0.03,1/16/2024 13:30,1/16/2024 14:36,Price Code 1,CUSTOMER PICKUP,False,Food Bank of Northeast Georgia,01,30530.0,Commerce,USDA CHERRY APPLE JUICE,Beverages
842,175063,4715,C-153,Cedar Grove Baptist Church,477693,,FP/GNAP/USDA,FOOD PANTRY-Agency,USDA,F-50-90461,2,0,0,14.4,80,MADISON,0.18,2/14/2024 10:00,2/20/2024 14:48,Price Code 1,CUSTOMER PICKUP,False,Food Bank of Northeast Georgia,01,30629.0,Comer,USDA ALASKAN POLLACK FISH FILLETS,Proteins
799,180752,7414,C-149,Colbert Methodist Church,483358,,FP/GNAP/USDA,FOOD PANTRY-Agency,PURCH,C-28-90525,4,0,0,0.0,88,MADISON,0.0,5/16/2024 11:00,5/16/2024 14:52,Price Code 1,CUSTOMER PICKUP,False,Food Bank of Northeast Georgia,01,30628.0,Colbert,BROCCOLI CROWNS,Vegetables
137,178649,683,J-100,Jubilee Partners,481265,,FP/OP/GNAP,RESIDENTIAL-Agency,BLUE RECEIPT-SHL,W-16-10001,100,0,0,18.0,100,MADISON,0.18,4/10/2024 13:23,4/10/2024 8:50,Price Code 1,CUSTOMER PICKUP,False,Sharing Floor Athens,01-SH,30629.0,Comer,MISC. FOOD BOX SHL,Food Misc.
1010,179666,683,F-143,Freedom C.H. Church,482279,,FP/USDA,FOOD PANTRY-Agency,BLUE RECEIPT-SHL,W-16-10001,114,0,0,20.52,114,MADISON,0.18,4/26/2024 10:15,4/26/2024 10:18,Price Code 1,CUSTOMER PICKUP,False,Sharing Floor Athens,01-SH,30662.0,Royston,MISC. FOOD BOX SHL,Food Misc.
571,176364,5938,F-122,Freedom Church of God,478989,,FP/OP/USDA,FOOD PANTRY-Agency,BLUE RECEIPT-SHL,C-28-10001,36,0,0,1.08,36,MADISON,0.03,2/28/2024 14:21,2/28/2024 11:55,Price Code 1,CUSTOMER PICKUP,False,Sharing Floor Athens,01-SH,30530.0,Commerce,"PRODUCE, FRESH SHL",Mixed Produce
477,179233,9017,W-117,Waggoners Grove Baptist Church,481846,,FP/OP/GNAP/USDA,FOOD PANTRY-Agency,YELLOW RECEIPT - SHN,N-16-10182,3,0,0,7.02,39,MADISON,0.18,4/29/2024 10:00,4/29/2024 12:02,Price Code 1,CUSTOMER PICKUP,False,Food Bank of Northeast Georgia,01,30628.0,Colbert,HEINZ APPLE CIDER VINEGAR,Food Misc.
571,179275,7083,F-122,Freedom Church of God,481888,,FP/OP/USDA,FOOD PANTRY-Agency,USDA,C-50-10029,4,0,0,8.64,48,MADISON,0.18,4/24/2024 14:21,4/24/2024 13:37,Price Code 1,CUSTOMER PICKUP,False,Food Bank of Northeast Georgia,01,30530.0,Commerce,"USDA MILD CHEDDAR CHEESE, BLOCK CCC",Dairy
477,173330,4761,W-117,Waggoners Grove Baptist Church,476959,,FP/OP/GNAP/USDA,FOOD PANTRY-Agency,USDA,F-50-90454,5,0,0,0.0,155,MADISON,0.0,1/26/2024 10:00,1/26/2024 9:49,Price Code 1,CUSTOMER PICKUP,False,Food Bank of Northeast Georgia,01,30628.0,Colbert,USDA FROZEN STRAWBERRIES CCC,Fruits
571,181472,9085,F-122,Freedom Church of God,484076,,FP/OP/USDA,FOOD PANTRY-Agency,USDA,F-50-90476,10,0,0,72.0,400,MADISON,0.18,6/6/2024 11:00,6/6/2024 14:21,Price Code 1,CUSTOMER PICKUP,False,Food Bank of Northeast Georgia,01,30530.0,Commerce,USDA PORK LOIN BONELESS CHOPS CCC,Proteins
981,175364,5407,D-111,Divine Healing Ministry of Recovery Inc.,477993,,ON PREMISES (OP),REHAB-Agency,BLUE RECEIPT-SHL,F-15-10000,115,0,0,20.7,115,MADISON,0.18,2/8/2024 13:59,2/8/2024 14:02,Price Code 1,CONTACT FOR DELIVERY,False,Sharing Floor Athens,01-SH,30633.0,Commerce,"MEAT & SEAFOOD, FROZEN SHL",Proteins
549,181144,5407,R-120,Roger's Baptist Church,483749,,FP/OP/USDA,FOOD PANTRY-Agency,BLUE RECEIPT-SHL,F-15-10000,184,0,0,33.12,184,MADISON,0.18,5/21/2024 15:13,5/21/2024 14:16,Price Code 1,CUSTOMER PICKUP,False,Sharing Floor Athens,01-SH,30530.0,Commerce,"MEAT & SEAFOOD, FROZEN SHL",Proteins
519,175030,690,C-140,Colbert Living Waters Holiness Church,477660,,FP/OP/USDA,FOOD PANTRY-Agency,BLUE RECEIPT-SHL,W-03-10013,385,0,0,0.0,385,MADISON,0.0,2/2/2024 14:56,2/2/2024 10:46,Price Code 1,CUSTOMER PICKUP,False,Sharing Floor Athens,01-SH,30628.0,Colbert,"ASSORTED BEVERAGES, SHL",Beverages
981,179612,5772,D-111,Divine Healing Ministry of Recovery Inc.,482225,,ON PREMISES (OP),REHAB-Agency,LOCAL - LL,C-28-10000,54,0,0,1.62,54,MADISON,0.03,4/25/2024 11:21,4/25/2024 11:32,Price Code 1,CONTACT FOR DELIVERY,False,Sharing Floor Athens,01-SH,30633.0,Commerce,"PRODUCE, FRESH LL",Mixed Produce
915,181709,8973,T-122,Tabors Chapel CME Church,FAIMPORT484313,,DIRECT ASSISTANCE,DIRECT ASSISTANCE-Agency,BLUE RECEIPT-SHL,MCC-16-10001,38,0,0,0.0,38,MADISON,0.0,5/30/2024 0:00,5/30/2024 0:00,Price Code 1,CUSTOMER PICKUP,False,Food Bank of Northeast Georgia,01,30633.0,Danielsville,"COOLER FOOD MISC., SHL RETAIL PICKUP",Food Misc.
820,175420,690,N-122,New Bethel CH Church,478049,,FP/GNAP/USDA,FOOD PANTRY-Agency,BLUE RECEIPT-SHL,W-03-10013,520,0,0,0.0,520,MADISON,0.0,2/9/2024 12:47,2/9/2024 14:16,Price Code 1,CUSTOMER PICKUP,False,Sharing Floor Athens,01-SH,30662.0,Royston,"ASSORTED BEVERAGES, SHL",Beverages
477,172399,8878,W-117,Waggoners Grove Baptist Church,476030,,FP/OP/GNAP/USDA,FOOD PANTRY-Agency,YELLOW RECEIPT - SHN,N-03-11783,10,0,0,0.0,130,MADISON,0.0,1/5/2024 14:38,1/5/2024 8:20,Price Code 1,CUSTOMER PICKUP,False,Food Bank of Northeast Georgia,01,30628.0,Colbert,GATORADE FIT CITRUS BERRY,Beverages
549,178348,1674,R-120,Roger's Baptist Church,480964,,FP/OP/USDA,FOOD PANTRY-Agency,USDA,N-50-10073,6,0,0,29.16,162,MADISON,0.18,4/16/2024 13:30,4/16/2024 14:00,Price Code 1,CUSTOMER PICKUP,False,Food Bank of Northeast Georgia,01,30530.0,Commerce,USDA TOMATO SAUCE,Vegetables
477,178633,4448,W-117,Waggoners Grove Baptist Church,481249,,FP/OP/GNAP/USDA,FOOD PANTRY-Agency,USDA,F-50-90446,2,0,0,0.0,56,MADISON,0.0,4/29/2024 19:00,4/29/2024 12:02,Price Code 1,CUSTOMER PICKUP,False,Food Bank of Northeast Georgia,01,30628.0,Colbert,USDA FROZEN STRAWBERRY FRUIT CUPS,Fruits
477,180901,4448,W-117,Waggoners Grove Baptist Church,483507,,FP/OP/GNAP/USDA,FOOD PANTRY-Agency,USDA,F-50-90446,2,0,0,0.0,56,MADISON,0.0,6/3/2024 10:00,6/3/2024 11:49,Price Code 1,CUSTOMER PICKUP,False,Food Bank of Northeast Georgia,01,30628.0,Colbert,USDA FROZEN STRAWBERRY FRUIT CUPS,Fruits
519,176942,875,C-140,Colbert Living Waters Holiness Church,479564,,FP/OP/USDA,FOOD PANTRY-Agency,BLUE RECEIPT-SHL,W-04-10000,7,0,0,0.0,7,MADISON,0.0,3/8/2024 14:56,3/8/2024 10:49,Price Code 1,CUSTOMER PICKUP,False,Sharing Floor Athens,01-SH,30628.0,Colbert,"BREAD & BAKERY, ASSORTED SHL",Grains
571,179301,8973,F-122,Freedom Church of God,FAIMPORT481914,,FP/OP/USDA,FOOD PANTRY-Agency,BLUE RECEIPT-SHL,MCC-16-10001,38,0,0,0.0,38,MADISON,0.0,4/18/2024 0:00,4/18/2024 0:00,Price Code 1,CUSTOMER PICKUP,False,Food Bank of Northeast Georgia,01,30530.0,Commerce,"COOLER FOOD MISC., SHL RETAIL PICKUP",Food Misc.
836,173072,8903,G-122,Gordon's Chapel Methodist Church,476702,,FP/USDA,FOOD PANTRY-Agency,YELLOW RECEIPT - SHN,N-16-10181,4,0,0,3.6,20,MADISON,0.18,1/18/2024 14:20,1/18/2024 9:26,Price Code 1,CUSTOMER PICKUP,False,Food Bank of Northeast Georgia,01,30646.0,Hull,STOVE TOP STUFFING - TURKEY/CHICKEN/CORNBREAD,Prepared Meals
477,175969,683,W-117,Waggoners Grove Baptist Church,478597,,FP/OP/GNAP/USDA,FOOD PANTRY-Agency,BLUE RECEIPT-SHL,W-16-10001,50,0,0,9.0,50,MADISON,0.18,2/21/2024 14:38,2/21/2024 14:05,Price Code 1,CUSTOMER PICKUP,False,Sharing Floor Athens,01-SH,30628.0,Colbert,MISC. FOOD BOX SHL,Food Misc.
1010,182020,5388,F-143,Freedom C.H. Church,484624,,FP/USDA,FOOD PANTRY-Agency,BLUE RECEIPT-SHL,F-16-10001,161,0,0,0.0,161,MADISON,0.0,6/7/2024 10:14,6/7/2024 10:19,Price Code 1,CUSTOMER PICKUP,False,Sharing Floor Athens,01-SH,30662.0,Royston,"ASSORTED FROZEN FOODS, SHL",Food Misc.
898,177348,5772,M-132,Meadow Baptist Church,479968,,FP/USDA,DIRECT ASSISTANCE-Agency,LOCAL - LL,C-28-10000,188,0,0,5.64,188,MADISON,0.03,3/15/2024 10:02,3/15/2024 8:43,Price Code 1,CUSTOMER PICKUP,False,Sharing Floor Athens,01-SH,30629.0,Comer,"PRODUCE, FRESH LL",Mixed Produce
371,182547,696,E-111,Evangelical Methodist Church - Danielsville,485150,,FOOD PANTRY,FOOD PANTRY-Agency,LOCAL - LL,W-25-10000,14,0,0,2.52,14,MADISON,0.18,6/25/2024 13:56,6/25/2024 11:23,Price Code 1,CUSTOMER PICKUP,False,Sharing Floor Athens,01-SH,30633.0,Danielsville,"ASSORTED SNACK ITEMS, LL",Food Misc.
571,181230,9067,F-122,Freedom Church of God,483835,,FP/OP/USDA,FOOD PANTRY-Agency,BLUE RECEIPT-SHL,N-03-11833,5,0,0,0.0,90,MADISON,0.0,5/23/2024 14:21,5/23/2024 11:32,Price Code 1,CUSTOMER PICKUP,False,Food Bank of Northeast Georgia,01,30530.0,Commerce,DIET DR PEPPER,Beverages
729,173147,8719,C-164,Colbert Methodist Church INTHEMIDDLEMEALS,476777,,FP/GNAP/USDA,AT-RISK YOUTH-Agency,GNAP,N-40-10265,12,0,0,15.6,156,MADISON,0.1,1/23/2024 8:14,1/23/2024 10:06,Price Code 1,CUSTOMER PICKUP,False,Food Bank of Northeast Georgia,01,30628.0,Colbert,GNAP MINI BEEF RAVIOLI,Prepared Meals
477,180389,4411,W-117,Waggoners Grove Baptist Church,482995,,FP/OP/GNAP/USDA,FOOD PANTRY-Agency,USDA,F-50-90465,5,0,0,18.9,105,MADISON,0.18,5/17/2024 11:00,5/20/2024 10:32,Price Code 1,CUSTOMER PICKUP,False,Food Bank of Northeast Georgia,01,30628.0,Colbert,USDA WILD CAUGHT GULF SHRIMP,Proteins
799,175073,3139,C-149,Colbert Methodist Church,477703,,FP/GNAP/USDA,FOOD PANTRY-Agency,USDA,N-50-10290,4,0,0,18.0,100,MADISON,0.18,2/14/2024 9:56,2/14/2024 10:50,Price Code 1,CUSTOMER PICKUP,False,Food Bank of Northeast Georgia,01,30628.0,Colbert,USDA WHOLE ALMONDS DRY ROASTED,Proteins
898,177348,696,M-132,Meadow Baptist Church,479968,,FP/USDA,DIRECT ASSISTANCE-Agency,LOCAL - LL,W-25-10000,24,0,0,4.32,24,MADISON,0.18,3/15/2024 10:02,3/15/2024 8:43,Price Code 1,CUSTOMER PICKUP,False,Sharing Floor Athens,01-SH,30629.0,Comer,"ASSORTED SNACK ITEMS, LL",Food Misc.
571,181569,5938,F-122,Freedom Church of God,484173,,FP/OP/USDA,FOOD PANTRY-Agency,BLUE RECEIPT-SHL,C-28-10001,102,0,0,3.06,102,MADISON,0.03,5/29/2024 14:21,5/29/2024 11:49,Price Code 1,CUSTOMER PICKUP,False,Sharing Floor Athens,01-SH,30530.0,Commerce,"PRODUCE, FRESH SHL",Mixed Produce
939,177459,8991,M-140,Madison County MedLink Georgia,480079,,FP/USDA,FOOD PANTRY-Agency,USDA,N-50-10311,9,0,0,0.0,216,MADISON,0.0,3/21/2024 8:00,4/1/2024 8:07,Mobile Pantry/Feed Site Only,TRUCK 1 MOBILE PANTRY,False,Food Bank of Northeast Georgia,01,30628.0,Colbert,USDA HAZELNUTS CCC,Proteins
981,180169,688,D-111,Divine Healing Ministry of Recovery Inc.,482775,,ON PREMISES (OP),REHAB-Agency,BLUE RECEIPT-SHL,W-01-10000,12,0,0,2.16,12,MADISON,0.18,5/3/2024 10:43,5/3/2024 10:48,Price Code 1,CONTACT FOR DELIVERY,False,Sharing Floor Athens,01-SH,30633.0,Commerce,"ASSORTED NON-FOOD ITEMS, SHL",Non-Food Misc.
915,179294,8973,T-122,Tabors Chapel CME Church,FAIMPORT481907,,DIRECT ASSISTANCE,DIRECT ASSISTANCE-Agency,BLUE RECEIPT-SHL,MCC-16-10001,18,0,0,0.0,18,MADISON,0.0,4/18/2024 0:00,4/18/2024 0:00,Price Code 1,CUSTOMER PICKUP,False,Food Bank of Northeast Georgia,01,30633.0,Danielsville,"COOLER FOOD MISC., SHL RETAIL PICKUP",Food Misc.
836,176972,170,G-122,Gordon's Chapel Methodist Church,479594,,FP/USDA,FOOD PANTRY-Agency,USDA,N-50-10007,3,0,0,15.12,84,MADISON,0.18,3/13/2024 14:20,3/13/2024 12:48,Price Code 1,CUSTOMER PICKUP,False,Food Bank of Northeast Georgia,01,30646.0,Hull,"USDA CORN, WHOLE KERNEL NO SALT",Vegetables
1010,177399,5088,F-143,Freedom C.H. Church,480019,,FP/USDA,FOOD PANTRY-Agency,USDA,F-50-90023,4,0,0,0.0,100,MADISON,0.0,3/20/2024 15:56,3/20/2024 8:26,Price Code 1,CUSTOMER PICKUP,False,Food Bank of Northeast Georgia,01,30662.0,Royston,USDA FROZEN PEACHES CCC,Fruits
842,178373,6780,C-153,Cedar Grove Baptist Church,480989,,FP/GNAP/USDA,FOOD PANTRY-Agency,USDA,C-50-10024,2,0,0,8.6,86,MADISON,0.1,4/10/2024 10:00,4/10/2024 11:05,Price Code 1,CUSTOMER PICKUP,False,Food Bank of Northeast Georgia,01,30629.0,Comer,USDA APPLES,Fruits
571,181838,8971,F-122,Freedom Church of God,FAIMPORT484442,,FP/OP/USDA,FOOD PANTRY-Agency,BLUE RECEIPT-SHL,MCF-16-10001,1,0,0,0.0,1,MADISON,0.0,5/31/2024 0:00,5/31/2024 0:00,Price Code 1,CUSTOMER PICKUP,False,Food Bank of Northeast Georgia,01,30530.0,Commerce,"FROZEN FOODS, MISC SHL RETAIL PICKUP",Food Misc.
915,179791,8970,T-122,Tabors Chapel CME Church,FAIMPORT482404,,DIRECT ASSISTANCE,DIRECT ASSISTANCE-Agency,BLUE RECEIPT-SHL,MCW-16-10001,13,0,0,0.0,13,MADISON,0.0,4/25/2024 0:00,4/25/2024 0:00,Price Code 1,CUSTOMER PICKUP,False,Food Bank of Northeast Georgia,01,30633.0,Danielsville,"MISC. FOOD BOX, SHL RETAIL PICKUP",Food Misc.
519,175404,875,C-140,Colbert Living Waters Holiness Church,478033,,FP/OP/USDA,FOOD PANTRY-Agency,BLUE RECEIPT-SHL,W-04-10000,56,0,0,0.0,56,MADISON,0.0,2/9/2024 14:56,2/9/2024 10:30,Price Code 1,CUSTOMER PICKUP,False,Sharing Floor Athens,01-SH,30628.0,Colbert,"BREAD & BAKERY, ASSORTED SHL",Grains
549,178348,842,R-120,Roger's Baptist Church,480964,,FP/OP/USDA,FOOD PANTRY-Agency,USDA,N-50-10021,6,0,0,29.16,162,MADISON,0.18,4/16/2024 13:30,4/16/2024 14:00,Price Code 1,CUSTOMER PICKUP,False,Food Bank of Northeast Georgia,01,30530.0,Commerce,USDA DICED TOMATOES NO SALT CCC,Vegetables
915,178190,8975,T-122,Tabors Chapel CME Church,FAIMPORT480808,,DIRECT ASSISTANCE,DIRECT ASSISTANCE-Agency,BLUE RECEIPT-SHL,MCC-07-10001,33,0,0,0.0,33,MADISON,0.0,3/28/2024 0:00,3/28/2024 0:00,Price Code 1,CUSTOMER PICKUP,False,Food Bank of Northeast Georgia,01,30633.0,Danielsville,"DAIRY PRODUCTS, SHL RETAIL PICKUPS",Dairy
820,175061,170,N-122,New Bethel CH Church,477691,,FP/GNAP/USDA,FOOD PANTRY-Agency,USDA,N-50-10007,1,0,0,5.04,28,MADISON,0.18,2/9/2024 11:00,2/9/2024 13:49,Price Code 1,CUSTOMER PICKUP,False,Food Bank of Northeast Georgia,01,30662.0,Royston,"USDA CORN, WHOLE KERNEL NO SALT",Vegetables
477,173805,8837,W-117,Waggoners Grove Baptist Church,477434,,FP/OP/GNAP/USDA,FOOD PANTRY-Agency,BLUE RECEIPT-SHL,N-03-11773,5,0,0,0.0,50,MADISON,0.0,2/2/2024 11:00,2/2/2024 10:34,Price Code 1,CUSTOMER PICKUP,False,Food Bank of Northeast Georgia,01,30628.0,Colbert,MT DEW PASSSIONFRUIT PUNCH,Beverages
477,173199,690,W-117,Waggoners Grove Baptist Church,476829,,FP/OP/GNAP/USDA,FOOD PANTRY-Agency,BLUE RECEIPT-SHL,W-03-10013,257,0,0,0.0,257,MADISON,0.0,1/17/2024 14:38,1/17/2024 13:49,Price Code 1,CUSTOMER PICKUP,False,Sharing Floor Athens,01-SH,30628.0,Colbert,"ASSORTED BEVERAGES, SHL",Beverages
371,178694,8971,E-111,Evangelical Methodist Church - Danielsville,FAIMPORT481309,,FOOD PANTRY,FOOD PANTRY-Agency,BLUE RECEIPT-SHL,MCF-16-10001,74,0,0,0.0,74,MADISON,0.0,4/5/2024 0:00,4/5/2024 0:00,Price Code 1,CUSTOMER PICKUP,False,Food Bank of Northeast Georgia,01,30633.0,Danielsville,"FROZEN FOODS, MISC SHL RETAIL PICKUP",Food Misc.
371,177136,50,E-111,Evangelical Methodist Church - Danielsville,479757,,FOOD PANTRY,FOOD PANTRY-Agency,LOCAL - LL,W-16-10002,55,0,0,9.9,55,MADISON,0.18,3/12/2024 13:56,3/12/2024 11:22,Price Code 1,CUSTOMER PICKUP,False,Sharing Floor Athens,01-SH,30633.0,Danielsville,MISC. FOOD BOX LL,Food Misc.
915,175083,8625,T-122,Tabors Chapel CME Church,477713,,DIRECT ASSISTANCE,DIRECT ASSISTANCE-Agency,BLUE RECEIPT-SHL,N-03-11261,3,0,0,0.0,99,MADISON,0.0,2/8/2024 14:19,2/9/2024 11:41,Price Code 1,CUSTOMER PICKUP,False,Food Bank of Northeast Georgia,01,30633.0,Danielsville,STARRY ZERO SUGAR 24 X 20 FL OZ,Beverages
137,179086,5407,J-100,Jubilee Partners,481700,,FP/OP/GNAP,RESIDENTIAL-Agency,BLUE RECEIPT-SHL,F-15-10000,20,0,0,3.6,20,MADISON,0.18,4/17/2024 13:23,4/17/2024 8:37,Price Code 1,CUSTOMER PICKUP,False,Sharing Floor Athens,01-SH,30629.0,Comer,"MEAT & SEAFOOD, FROZEN SHL",Proteins
1010,176750,875,F-143,Freedom C.H. Church,479373,,FP/USDA,FOOD PANTRY-Agency,BLUE RECEIPT-SHL,W-04-10000,98,0,0,0.0,98,MADISON,0.0,3/6/2024 9:50,3/6/2024 9:56,Price Code 1,CUSTOMER PICKUP,False,Sharing Floor Athens,01-SH,30662.0,Royston,"BREAD & BAKERY, ASSORTED SHL",Grains
799,172829,2573,C-149,Colbert Methodist Church,476460,,FP/GNAP/USDA,FOOD PANTRY-Agency,GNAP,N-40-10204,3,0,0,5.7,57,MADISON,0.1,1/16/2024 9:56,1/25/2024 8:57,Price Code 1,CUSTOMER PICKUP,False,Food Bank of Northeast Georgia,01,30628.0,Colbert,GNAP CHICKEN & RICE SOUP,Prepared Meals
820,175420,5938,N-122,New Bethel CH Church,478049,,FP/GNAP/USDA,FOOD PANTRY-Agency,BLUE RECEIPT-SHL,C-28-10001,9,0,0,0.27,9,MADISON,0.03,2/9/2024 12:47,2/9/2024 14:16,Price Code 1,CUSTOMER PICKUP,False,Sharing Floor Athens,01-SH,30662.0,Royston,"PRODUCE, FRESH SHL",Mixed Produce
137,178649,690,J-100,Jubilee Partners,481265,,FP/OP/GNAP,RESIDENTIAL-Agency,BLUE RECEIPT-SHL,W-03-10013,164,0,0,0.0,164,MADISON,0.0,4/10/2024 13:23,4/10/2024 8:50,Price Code 1,CUSTOMER PICKUP,False,Sharing Floor Athens,01-SH,30629.0,Comer,"ASSORTED BEVERAGES, SHL",Beverages
799,175070,890,C-149,Colbert Methodist Church,477700,,FP/GNAP/USDA,FOOD PANTRY-Agency,GNAP,N-40-10001,2,0,0,5.4,54,MADISON,0.1,2/7/2024 9:56,2/7/2024 11:19,Price Code 1,CUSTOMER PICKUP,False,Food Bank of Northeast Georgia,01,30628.0,Colbert,GNAP APPLE SAUCE,Fruits
477,173769,8625,W-117,Waggoners Grove Baptist Church,477398,,FP/OP/GNAP/USDA,FOOD PANTRY-Agency,BLUE RECEIPT-SHL,N-03-11261,2,0,0,0.0,66,MADISON,0.0,2/2/2024 14:38,2/2/2024 12:09,Price Code 1,CUSTOMER PICKUP,False,Food Bank of Northeast Georgia,01,30628.0,Colbert,STARRY ZERO SUGAR 24 X 20 FL OZ,Beverages
915,178423,8975,T-122,Tabors Chapel CME Church,FAIMPORT481039,,DIRECT ASSISTANCE,DIRECT ASSISTANCE-Agency,BLUE RECEIPT-SHL,MCC-07-10001,338,0,0,0.0,338,MADISON,0.0,4/4/2024 0:00,4/4/2024 0:00,Price Code 1,CUSTOMER PICKUP,False,Food Bank of Northeast Georgia,01,30633.0,Danielsville,"DAIRY PRODUCTS, SHL RETAIL PICKUPS",Dairy
915,177798,8973,T-122,Tabors Chapel CME Church,FAIMPORT480417,,DIRECT ASSISTANCE,DIRECT ASSISTANCE-Agency,BLUE RECEIPT-SHL,MCC-16-10001,7,0,0,0.0,7,MADISON,0.0,3/18/2024 0:00,3/18/2024 0:00,Price Code 1,CUSTOMER PICKUP,False,Food Bank of Northeast Georgia,01,30633.0,Danielsville,"COOLER FOOD MISC., SHL RETAIL PICKUP",Food Misc.
915,181527,8975,T-122,Tabors Chapel CME Church,FAIMPORT484131,,DIRECT ASSISTANCE,DIRECT ASSISTANCE-Agency,BLUE RECEIPT-SHL,MCC-07-10001,27,0,0,0.0,27,MADISON,0.0,5/23/2024 0:00,5/23/2024 0:00,Price Code 1,CUSTOMER PICKUP,False,Food Bank of Northeast Georgia,01,30633.0,Danielsville,"DAIRY PRODUCTS, SHL RETAIL PICKUPS",Dairy
137,182585,875,J-100,Jubilee Partners,485188,,FP/OP/GNAP,RESIDENTIAL-Agency,BLUE RECEIPT-SHL,W-04-10000,59,0,0,0.0,59,MADISON,0.0,6/26/2024 13:23,6/26/2024 8:42,Price Code 1,CUSTOMER PICKUP,False,Food Bank of Northeast Georgia,01,30629.0,Comer,"BREAD & BAKERY, ASSORTED SHL",Grains
548,175792,4376,M-124,Moons Grove Baptist Church,478420,,FP/OP/USDA,FOOD PANTRY-Agency,USDA,N-50-10291,3,0,0,13.5,75,MADISON,0.18,2/21/2024 7:40,2/21/2024 10:36,Price Code 1,CUSTOMER PICKUP,False,Food Bank of Northeast Georgia,01,30628.0,Colbert,USDA GARBANZO BEANS,Proteins
892,177974,1521,L-114,Legacy Baptist Church,480593,,FP/USDA,FOOD PANTRY-Agency,USDA,N-50-10104,2,0,0,0.0,50,MADISON,0.0,4/3/2024 11:15,4/3/2024 11:32,Price Code 1,CUSTOMER PICKUP,False,Food Bank of Northeast Georgia,01,30646.0,Hull,USDA LENTIL BEANS,Proteins
519,176074,683,C-140,Colbert Living Waters Holiness Church,478701,,FP/OP/USDA,FOOD PANTRY-Agency,BLUE RECEIPT-SHL,W-16-10001,15,0,0,2.7,15,MADISON,0.18,2/23/2024 14:56,2/23/2024 8:40,Price Code 1,CUSTOMER PICKUP,False,Sharing Floor Athens,01-SH,30628.0,Colbert,MISC. FOOD BOX SHL,Food Misc.
571,176364,5958,F-122,Freedom Church of God,478989,,FP/OP/USDA,FOOD PANTRY-Agency,BLUE RECEIPT-SHL,C-16-10001,81,0,0,14.58,81,MADISON,0.18,2/28/2024 14:21,2/28/2024 11:55,Price Code 1,CUSTOMER PICKUP,False,Sharing Floor Athens,01-SH,30530.0,Commerce,"COOLER FOOD, MISC. SHL",Food Misc.
799,172496,84,C-149,Colbert Methodist Church,476127,,FP/GNAP/USDA,FOOD PANTRY-Agency,USDA,N-50-10006,2,0,0,9.72,54,MADISON,0.18,1/8/2024 9:56,1/8/2024 12:46,Price Code 1,CUSTOMER PICKUP,False,Food Bank of Northeast Georgia,01,30628.0,Colbert,USDA GREEN BEANS,Vegetables
915,179793,8972,T-122,Tabors Chapel CME Church,FAIMPORT482406,,DIRECT ASSISTANCE,DIRECT ASSISTANCE-Agency,BLUE RECEIPT-SHL,MCF-15-10000,6,0,0,0.0,6,MADISON,0.0,4/25/2024 0:00,4/25/2024 0:00,Price Code 1,CUSTOMER PICKUP,False,Food Bank of Northeast Georgia,01,30633.0,Danielsville,"FROZEN MEAT & SEAFOOD, SHL RETAIL PICKUP",Proteins
571,181230,4036,F-122,Freedom Church of God,483835,,FP/OP/USDA,FOOD PANTRY-Agency,BLUE RECEIPT-SHL,N-03-11005,22,0,0,0.0,220,MADISON,0.0,5/23/2024 14:21,5/23/2024 11:32,Price Code 1,CUSTOMER PICKUP,False,Food Bank of Northeast Georgia,01,30530.0,Commerce,DIET PEPSI,Beverages
549,173129,696,R-120,Roger's Baptist Church,476759,,FP/OP/USDA,FOOD PANTRY-Agency,LOCAL - LL,W-25-10000,91,0,0,16.38,91,MADISON,0.18,1/16/2024 15:13,1/16/2024 14:03,Price Code 1,CUSTOMER PICKUP,False,Sharing Floor Athens,01-SH,30530.0,Commerce,"ASSORTED SNACK ITEMS, LL",Food Misc.
939,177459,8903,M-140,Madison County MedLink Georgia,480079,,FP/USDA,FOOD PANTRY-Agency,YELLOW RECEIPT - SHN,N-16-10181,17,0,0,0.0,85,MADISON,0.0,3/21/2024 8:00,4/1/2024 8:07,Mobile Pantry/Feed Site Only,TRUCK 1 MOBILE PANTRY,False,Food Bank of Northeast Georgia,01,30628.0,Colbert,STOVE TOP STUFFING - TURKEY/CHICKEN/CORNBREAD,Prepared Meals
1010,177399,1047,F-143,Freedom C.H. Church,480019,,FP/USDA,FOOD PANTRY-Agency,USDA,N-50-10041,3,0,0,26.46,147,MADISON,0.18,3/20/2024 15:56,3/20/2024 8:26,Price Code 1,CUSTOMER PICKUP,False,Food Bank of Northeast Georgia,01,30662.0,Royston,USDA RICE,Grains
371,178695,8971,E-111,Evangelical Methodist Church - Danielsville,FAIMPORT481310,,FOOD PANTRY,FOOD PANTRY-Agency,BLUE RECEIPT-SHL,MCF-16-10001,45,0,0,0.0,45,MADISON,0.0,2/9/2024 0:00,2/9/2024 0:00,Price Code 1,CUSTOMER PICKUP,False,Food Bank of Northeast Georgia,01,30633.0,Danielsville,"FROZEN FOODS, MISC SHL RETAIL PICKUP",Food Misc.
477,176370,5958,W-117,Waggoners Grove Baptist Church,478995,,FP/OP/GNAP/USDA,FOOD PANTRY-Agency,BLUE RECEIPT-SHL,C-16-10001,23,0,0,4.14,23,MADISON,0.18,2/28/2024 14:38,2/28/2024 13:55,Price Code 1,CUSTOMER PICKUP,False,Sharing Floor Athens,01-SH,30628.0,Colbert,"COOLER FOOD, MISC. SHL",Food Misc.
1010,180924,688,F-143,Freedom C.H. Church,483530,,FP/USDA,FOOD PANTRY-Agency,BLUE RECEIPT-SHL,W-01-10000,30,0,0,5.4,30,MADISON,0.18,5/16/2024 9:44,5/16/2024 9:48,Price Code 1,CUSTOMER PICKUP,False,Sharing Floor Athens,01-SH,30662.0,Royston,"ASSORTED NON-FOOD ITEMS, SHL",Non-Food Misc.
571,178814,1045,F-122,Freedom Church of God,481428,,FP/OP/USDA,FOOD PANTRY-Agency,BLUE RECEIPT-SHL,W-25-10009,46,0,0,0.0,46,MADISON,0.0,4/11/2024 14:21,4/24/2024 11:30,Price Code 1,CUSTOMER PICKUP,False,Sharing Floor Athens,01-SH,30530.0,Commerce,"ASSORTED SNACK ITEMS, SHL",Food Misc.
836,177995,5088,G-122,Gordon's Chapel Methodist Church,480614,,FP/USDA,FOOD PANTRY-Agency,USDA,F-50-90023,4,0,0,0.0,100,MADISON,0.0,4/10/2024 14:20,4/10/2024 12:37,Price Code 1,CUSTOMER PICKUP,False,Food Bank of Northeast Georgia,01,30646.0,Hull,USDA FROZEN PEACHES CCC,Fruits
690,177380,5407,H-156,Huff Grove Baptist Church,480000,,FOOD PANTRY,FOOD PANTRY-Agency,BLUE RECEIPT-SHL,F-15-10000,17,0,0,3.06,17,MADISON,0.18,3/15/2024 12:04,3/15/2024 14:10,Price Code 1,CUSTOMER PICKUP,False,Sharing Floor Athens,01-SH,30656.0,Nicholson,"MEAT & SEAFOOD, FROZEN SHL",Proteins
981,175079,8665,D-111,Divine Healing Ministry of Recovery Inc.,477709,,ON PREMISES (OP),REHAB-Agency,BLUE RECEIPT-SHL,N-03-11268,6,0,0,4.14,138,MADISON,0.03,2/7/2024 0:05,2/8/2024 14:05,Price Code 1,CONTACT FOR DELIVERY,False,Food Bank of Northeast Georgia,01,30633.0,Commerce,PROPEL BERRY/KIWISTRAW/GRAPE,Beverages
898,176891,8981,M-132,Meadow Baptist Church,479513,,FP/USDA,DIRECT ASSISTANCE-Agency,BLUE RECEIPT-SHL,F-15-90554,5,0,0,11.7,65,MADISON,0.18,3/15/2024 8:02,3/15/2024 8:13,Price Code 1,CUSTOMER PICKUP,False,Food Bank of Northeast Georgia,01,30629.0,Comer,JENNIE-O TURKEY FRANKS,Proteins
820,175061,4448,N-122,New Bethel CH Church,477691,,FP/GNAP/USDA,FOOD PANTRY-Agency,USDA,F-50-90446,5,0,0,0.0,140,MADISON,0.0,2/9/2024 11:00,2/9/2024 13:49,Price Code 1,CUSTOMER PICKUP,False,Food Bank of Northeast Georgia,01,30662.0,Royston,USDA FROZEN STRAWBERRY FRUIT CUPS,Fruits
548,179057,2202,M-124,Moons Grove Baptist Church,481671,,FP/OP/USDA,FOOD PANTRY-Agency,USDA,N-50-10240,3,0,0,11.88,66,MADISON,0.18,4/19/2024 7:40,4/19/2024 10:26,Price Code 1,CUSTOMER PICKUP,False,Food Bank of Northeast Georgia,01,30628.0,Colbert,USDA SPAGHETTI,Grains
915,177799,8972,T-122,Tabors Chapel CME Church,FAIMPORT480418,,DIRECT ASSISTANCE,DIRECT ASSISTANCE-Agency,BLUE RECEIPT-SHL,MCF-15-10000,17,0,0,0.0,17,MADISON,0.0,3/21/2024 0:00,3/21/2024 0:00,Price Code 1,CUSTOMER PICKUP,False,Food Bank of Northeast Georgia,01,30633.0,Danielsville,"FROZEN MEAT & SEAFOOD, SHL RETAIL PICKUP",Proteins
477,175371,84,W-117,Waggoners Grove Baptist Church,478000,,FP/OP/GNAP/USDA,FOOD PANTRY-Agency,USDA,N-50-10006,2,0,0,9.72,54,MADISON,0.18,2/16/2024 14:38,2/16/2024 7:56,Price Code 1,CUSTOMER PICKUP,False,Food Bank of Northeast Georgia,01,30628.0,Colbert,USDA GREEN BEANS,Vegetables
915,182361,8974,T-122,Tabors Chapel CME Church,FAIMPORT484965,,DIRECT ASSISTANCE,DIRECT ASSISTANCE-Agency,BLUE RECEIPT-SHL,MCW-04-10000,30,0,0,0.0,30,MADISON,0.0,6/13/2024 0:00,6/13/2024 0:00,Price Code 1,CUSTOMER PICKUP,False,Food Bank of Northeast Georgia,01,30633.0,Danielsville,"BREAD AND BAKERY, SHL RETAIL PICKUPS",Grains
371,180462,8970,E-111,Evangelical Methodist Church - Danielsville,FAIMPORT483068,,FOOD PANTRY,FOOD PANTRY-Agency,BLUE RECEIPT-SHL,MCW-16-10001,15,0,0,0.0,15,MADISON,0.0,4/23/2024 0:00,4/23/2024 0:00,Price Code 1,CUSTOMER PICKUP,False,Food Bank of Northeast Georgia,01,30633.0,Danielsville,"MISC. FOOD BOX, SHL RETAIL PICKUP",Food Misc.
477,173769,8929,W-117,Waggoners Grove Baptist Church,477398,,FP/OP/GNAP/USDA,FOOD PANTRY-Agency,BLUE RECEIPT-SHL,N-03-11804,10,0,0,0.0,180,MADISON,0.0,2/2/2024 14:38,2/2/2024 12:09,Price Code 1,CUSTOMER PICKUP,False,Food Bank of Northeast Georgia,01,30628.0,Colbert,GATORADE GRAPE LOWER SUGAR,Beverages
1010,176713,170,F-143,Freedom C.H. Church,479336,,FP/USDA,FOOD PANTRY-Agency,USDA,N-50-10007,2,0,0,10.08,56,MADISON,0.18,3/8/2024 14:53,3/8/2024 14:48,Price Code 1,CUSTOMER PICKUP,False,Food Bank of Northeast Georgia,01,30662.0,Royston,"USDA CORN, WHOLE KERNEL NO SALT",Vegetables
799,172829,8719,C-149,Colbert Methodist Church,476460,,FP/GNAP/USDA,FOOD PANTRY-Agency,GNAP,N-40-10265,4,0,0,5.2,52,MADISON,0.1,1/16/2024 9:56,1/25/2024 8:57,Price Code 1,CUSTOMER PICKUP,False,Food Bank of Northeast Georgia,01,30628.0,Colbert,GNAP MINI BEEF RAVIOLI,Prepared Meals
799,175070,3954,C-149,Colbert Methodist Church,477700,,FP/GNAP/USDA,FOOD PANTRY-Agency,GNAP,N-40-10164,3,0,0,8.1,81,MADISON,0.1,2/7/2024 9:56,2/7/2024 11:19,Price Code 1,CUSTOMER PICKUP,False,Food Bank of Northeast Georgia,01,30628.0,Colbert,"GNAP GREEN PEAS, LOW SODIUM",Proteins
371,176692,690,E-111,Evangelical Methodist Church - Danielsville,479315,,FOOD PANTRY,FOOD PANTRY-Agency,BLUE RECEIPT-SHL,W-03-10013,34,0,0,1.02,34,MADISON,0.03,3/5/2024 13:56,3/5/2024 11:33,Price Code 1,CUSTOMER PICKUP,False,Sharing Floor Athens,01-SH,30633.0,Danielsville,"ASSORTED BEVERAGES, SHL",Beverages
548,175792,1047,M-124,Moons Grove Baptist Church,478420,,FP/OP/USDA,FOOD PANTRY-Agency,USDA,N-50-10041,2,0,0,17.64,98,MADISON,0.18,2/21/2024 7:40,2/21/2024 10:36,Price Code 1,CUSTOMER PICKUP,False,Food Bank of Northeast Georgia,01,30628.0,Colbert,USDA RICE,Grains
571,172819,8878,F-122,Freedom Church of God,476450,,FP/OP/USDA,FOOD PANTRY-Agency,YELLOW RECEIPT - SHN,N-03-11783,2,0,0,0.0,26,MADISON,0.0,1/12/2024 14:21,1/12/2024 12:55,Price Code 1,CUSTOMER PICKUP,False,Food Bank of Northeast Georgia,01,30530.0,Commerce,GATORADE FIT CITRUS BERRY,Beverages
915,182123,8973,T-122,Tabors Chapel CME Church,FAIMPORT484727,,DIRECT ASSISTANCE,DIRECT ASSISTANCE-Agency,BLUE RECEIPT-SHL,MCC-16-10001,50,0,0,0.0,50,MADISON,0.0,6/3/2024 0:00,6/3/2024 0:00,Price Code 1,CUSTOMER PICKUP,False,Food Bank of Northeast Georgia,01,30633.0,Danielsville,"COOLER FOOD MISC., SHL RETAIL PICKUP",Food Misc.
519,182529,5407,C-140,Colbert Living Waters Holiness Church,485132,,FP/OP/USDA,FOOD PANTRY-Agency,BLUE RECEIPT-SHL,F-15-10000,195,0,0,35.1,195,MADISON,0.18,6/24/2024 14:56,6/24/2024 11:47,Price Code 1,CUSTOMER PICKUP,False,Sharing Floor Athens,01-SH,30628.0,Colbert,"MEAT & SEAFOOD, FROZEN SHL",Proteins
477,179118,5938,W-117,Waggoners Grove Baptist Church,481731,,FP/OP/GNAP/USDA,FOOD PANTRY-Agency,BLUE RECEIPT-SHL,C-28-10001,23,0,0,0.69,23,MADISON,0.03,4/17/2024 14:38,4/17/2024 13:56,Price Code 1,CUSTOMER PICKUP,False,Sharing Floor Athens,01-SH,30628.0,Colbert,"PRODUCE, FRESH SHL",Mixed Produce
571,176364,1045,F-122,Freedom Church of God,478989,,FP/OP/USDA,FOOD PANTRY-Agency,BLUE RECEIPT-SHL,W-25-10009,52,0,0,9.36,52,MADISON,0.18,2/28/2024 14:21,2/28/2024 11:55,Price Code 1,CUSTOMER PICKUP,False,Sharing Floor Athens,01-SH,30530.0,Commerce,"ASSORTED SNACK ITEMS, SHL",Food Misc.
729,176128,8719,C-164,Colbert Methodist Church INTHEMIDDLEMEALS,478755,,FP/GNAP/USDA,AT-RISK YOUTH-Agency,GNAP,N-40-10265,13,0,0,0.0,169,MADISON,0.0,2/29/2024 8:14,3/19/2024 13:10,Price Code 1,CUSTOMER PICKUP,False,Food Bank of Northeast Georgia,01,30628.0,Colbert,GNAP MINI BEEF RAVIOLI,Prepared Meals
137,172454,5958,J-100,Jubilee Partners,476085,,FP/OP/GNAP,RESIDENTIAL-Agency,BLUE RECEIPT-SHL,C-16-10001,114,0,0,20.52,114,MADISON,0.18,1/3/2024 13:23,1/3/2024 8:44,Price Code 1,CUSTOMER PICKUP,False,Sharing Floor Athens,01-SH,30629.0,Comer,"COOLER FOOD, MISC. SHL",Food Misc.
137,182377,6936,J-100,Jubilee Partners,484981,,FP/OP/GNAP,RESIDENTIAL-Agency,BLUE RECEIPT-SHL,C-28-90388,3,0,0,1.8,90,MADISON,0.02,6/26/2024 14:00,6/26/2024 9:00,Price Code 1,CUSTOMER PICKUP,False,Food Bank of Northeast Georgia,01,30629.0,Comer,PEACHES,Fruits
137,182585,696,J-100,Jubilee Partners,485188,,FP/OP/GNAP,RESIDENTIAL-Agency,LOCAL - LL,W-25-10000,43,0,0,7.74,43,MADISON,0.18,6/26/2024 13:23,6/26/2024 8:42,Price Code 1,CUSTOMER PICKUP,False,Food Bank of Northeast Georgia,01,30629.0,Comer,"ASSORTED SNACK ITEMS, LL",Food Misc.
799,180752,9014,C-149,Colbert Methodist Church,483358,,FP/GNAP/USDA,FOOD PANTRY-Agency,PURCH,N-27-10136,2,0,104,9.72,54,MADISON,0.18,5/16/2024 11:00,5/16/2024 14:52,Price Code 1,CUSTOMER PICKUP,False,Food Bank of Northeast Georgia,01,30628.0,Colbert,"GREEN BEANS, HARVEST VALLEY",Vegetables
548,179057,4327,M-124,Moons Grove Baptist Church,481671,,FP/OP/USDA,FOOD PANTRY-Agency,USDA,N-50-10277,2,0,0,9.72,54,MADISON,0.18,4/19/2024 7:40,4/19/2024 10:26,Price Code 1,CUSTOMER PICKUP,False,Food Bank of Northeast Georgia,01,30628.0,Colbert,USDA GARBANZO BEANS,Proteins
842,177227,50,C-153,Cedar Grove Baptist Church,479847,,FP/GNAP/USDA,FOOD PANTRY-Agency,LOCAL - LL,W-16-10002,59,0,0,0.0,59,MADISON,0.0,3/13/2024 8:30,3/13/2024 10:43,Price Code 1,CUSTOMER PICKUP,False,Sharing Floor Athens,01-SH,30629.0,Comer,MISC. FOOD BOX LL,Food Misc.
137,182585,5621,J-100,Jubilee Partners,485188,,FP/OP/GNAP,RESIDENTIAL-Agency,LOCAL - LL,F-16-10000,82,0,0,14.76,82,MADISON,0.18,6/26/2024 13:23,6/26/2024 8:42,Price Code 1,CUSTOMER PICKUP,False,Food Bank of Northeast Georgia,01,30629.0,Comer,"ASSORTED FROZEN FOODS, LL",Food Misc.
981,181627,5407,D-111,Divine Healing Ministry of Recovery Inc.,484231,,ON PREMISES (OP),REHAB-Agency,BLUE RECEIPT-SHL,F-15-10000,190,0,0,34.2,190,MADISON,0.18,5/30/2024 11:27,5/30/2024 11:33,Price Code 1,CONTACT FOR DELIVERY,False,Sharing Floor Athens,01-SH,30633.0,Commerce,"MEAT & SEAFOOD, FROZEN SHL",Proteins
571,176815,8975,F-122,Freedom Church of God,FAIMPORT479438,,FP/OP/USDA,FOOD PANTRY-Agency,BLUE RECEIPT-SHL,MCC-07-10001,16,0,0,0.0,16,MADISON,0.0,2/23/2024 0:00,2/23/2024 0:00,Price Code 1,CUSTOMER PICKUP,False,Food Bank of Northeast Georgia,01,30530.0,Commerce,"DAIRY PRODUCTS, SHL RETAIL PICKUPS",Dairy
477,180436,683,W-117,Waggoners Grove Baptist Church,483042,,FP/OP/GNAP/USDA,FOOD PANTRY-Agency,BLUE RECEIPT-SHL,W-16-10001,40,0,0,7.2,40,MADISON,0.18,5/8/2024 14:38,5/8/2024 13:46,Price Code 1,CUSTOMER PICKUP,False,Sharing Floor Athens,01-SH,30628.0,Colbert,MISC. FOOD BOX SHL,Food Misc.
477,173562,5958,W-117,Waggoners Grove Baptist Church,477191,,FP/OP/GNAP/USDA,FOOD PANTRY-Agency,BLUE RECEIPT-SHL,C-16-10001,60,0,0,10.8,60,MADISON,0.18,1/24/2024 14:38,1/24/2024 13:58,Price Code 1,CUSTOMER PICKUP,False,Sharing Floor Athens,01-SH,30628.0,Colbert,"COOLER FOOD, MISC. SHL",Food Misc.
571,179757,3203,F-122,Freedom Church of God,482370,,FP/OP/USDA,FOOD PANTRY-Agency,USDA,N-50-10289,3,0,0,13.5,75,MADISON,0.18,5/2/2024 14:21,5/2/2024 9:09,Price Code 1,CUSTOMER PICKUP,False,Food Bank of Northeast Georgia,01,30530.0,Commerce,USDA PECAN PIECES,Proteins
915,180467,8970,T-122,Tabors Chapel CME Church,FAIMPORT483073,,DIRECT ASSISTANCE,DIRECT ASSISTANCE-Agency,BLUE RECEIPT-SHL,MCW-16-10001,12,0,0,0.0,12,MADISON,0.0,5/6/2024 0:00,5/6/2024 0:00,Price Code 1,CUSTOMER PICKUP,False,Food Bank of Northeast Georgia,01,30633.0,Danielsville,"MISC. FOOD BOX, SHL RETAIL PICKUP",Food Misc.
549,175587,8922,R-120,Roger's Baptist Church,478215,,FP/OP/USDA,FOOD PANTRY-Agency,LOCAL - LL,N-25-11954,9,0,0,8.1,45,MADISON,0.18,2/20/2024 13:30,2/20/2024 13:52,Price Code 1,CUSTOMER PICKUP,False,Food Bank of Northeast Georgia,01,30530.0,Commerce,ATKINS VAR PACK CHOC PEANUT/CARAMEL,Food Misc.
371,173472,683,E-111,Evangelical Methodist Church - Danielsville,477101,,FOOD PANTRY,FOOD PANTRY-Agency,BLUE RECEIPT-SHL,W-16-10001,17,0,0,3.06,17,MADISON,0.18,1/23/2024 13:56,1/23/2024 11:34,Price Code 1,CUSTOMER PICKUP,False,Sharing Floor Athens,01-SH,30633.0,Danielsville,MISC. FOOD BOX SHL,Food Misc.
371,180460,8986,E-111,Evangelical Methodist Church - Danielsville,FAIMPORT483066,,FOOD PANTRY,FOOD PANTRY-Agency,BLUE RECEIPT-SHL,MCW-01-10001,13,0,0,0.0,13,MADISON,0.0,4/15/2024 0:00,4/15/2024 0:00,Price Code 1,CUSTOMER PICKUP,False,Food Bank of Northeast Georgia,01,30633.0,Danielsville,"NON-FOOD ITEMS, SHL RETAIL PICKUPS",Non-Food Misc.
981,172629,5407,D-111,Divine Healing Ministry of Recovery Inc.,476260,,ON PREMISES (OP),REHAB-Agency,BLUE RECEIPT-SHL,F-15-10000,155,0,0,27.9,155,MADISON,0.18,1/5/2024 14:08,1/5/2024 14:10,Price Code 1,CONTACT FOR DELIVERY,False,Sharing Floor Athens,01-SH,30633.0,Commerce,"MEAT & SEAFOOD, FROZEN SHL",Proteins
842,172527,8720,C-153,Cedar Grove Baptist Church,476158,,FP/GNAP/USDA,FOOD PANTRY-Agency,USDA,N-50-10305,4,0,0,10.08,56,MADISON,0.18,1/10/2024 10:00,1/10/2024 11:07,Price Code 1,CUSTOMER PICKUP,False,Food Bank of Northeast Georgia,01,30629.0,Comer,USDA MIXED VegetablesCCC,Vegetables
981,177823,5407,D-111,Divine Healing Ministry of Recovery Inc.,480442,,ON PREMISES (OP),REHAB-Agency,BLUE RECEIPT-SHL,F-15-10000,85,0,0,15.3,85,MADISON,0.18,3/22/2024 14:58,3/22/2024 14:59,Price Code 1,CONTACT FOR DELIVERY,False,Sharing Floor Athens,01-SH,30633.0,Commerce,"MEAT & SEAFOOD, FROZEN SHL",Proteins
477,180826,9059,W-117,Waggoners Grove Baptist Church,483432,,FP/OP/GNAP/USDA,FOOD PANTRY-Agency,LOCAL - LL,F-16-90438,10,0,0,7.2,40,MADISON,0.18,5/20/2024 11:00,5/20/2024 14:46,Price Code 1,CUSTOMER PICKUP,False,Food Bank of Northeast Georgia,01,30628.0,Colbert,OSCAR MAYER MAPLE SAUSAGE ROLLERS,Proteins
548,181825,3203,M-124,Moons Grove Baptist Church,484429,,FP/OP/USDA,FOOD PANTRY-Agency,USDA,N-50-10289,2,0,0,9.0,50,MADISON,0.18,6/6/2024 12:50,6/6/2024 12:47,Price Code 1,CUSTOMER PICKUP,False,Food Bank of Northeast Georgia,01,30628.0,Colbert,USDA PECAN PIECES,Proteins
410,177602,3943,C-110,Colbert First Baptist Church,480222,,FP/GNAP/USDA,FOOD PANTRY-Agency,USDA,N-50-10268,4,0,0,4.56,152,MADISON,0.03,3/22/2024 12:40,3/22/2024 10:49,Price Code 1,CUSTOMER PICKUP,False,Food Bank of Northeast Georgia,01,30628.0,Colbert,USDA APPLE JUICE,Beverages
799,178469,4036,C-149,Colbert Methodist Church,481085,,FP/GNAP/USDA,FOOD PANTRY-Agency,BLUE RECEIPT-SHL,N-03-11005,10,0,0,0.0,100,MADISON,0.0,4/12/2024 8:56,4/12/2024 12:23,Price Code 1,CUSTOMER PICKUP,False,Food Bank of Northeast Georgia,01,30628.0,Colbert,DIET PEPSI,Beverages
571,182137,8973,F-122,Freedom Church of God,FAIMPORT484741,,FP/OP/USDA,FOOD PANTRY-Agency,BLUE RECEIPT-SHL,MCC-16-10001,2,0,0,0.0,2,MADISON,0.0,6/7/2024 0:00,6/7/2024 0:00,Price Code 1,CUSTOMER PICKUP,False,Food Bank of Northeast Georgia,01,30530.0,Commerce,"COOLER FOOD MISC., SHL RETAIL PICKUP",Food Misc.
571,180480,8975,F-122,Freedom Church of God,FAIMPORT483086,,FP/OP/USDA,FOOD PANTRY-Agency,BLUE RECEIPT-SHL,MCC-07-10001,256,0,0,0.0,256,MADISON,0.0,5/6/2024 0:00,5/6/2024 0:00,Price Code 1,CUSTOMER PICKUP,False,Food Bank of Northeast Georgia,01,30530.0,Commerce,"DAIRY PRODUCTS, SHL RETAIL PICKUPS",Dairy
137,181912,5958,J-100,Jubilee Partners,484516,,FP/OP/GNAP,RESIDENTIAL-Agency,BLUE RECEIPT-SHL,C-16-10001,61,0,0,10.98,61,MADISON,0.18,6/5/2024 13:23,6/5/2024 8:56,Price Code 1,CUSTOMER PICKUP,False,Sharing Floor Athens,01-SH,30629.0,Comer,"COOLER FOOD, MISC. SHL",Food Misc.
477,173769,8854,W-117,Waggoners Grove Baptist Church,477398,,FP/OP/GNAP/USDA,FOOD PANTRY-Agency,BLUE RECEIPT-SHL,N-03-11776,6,0,0,0.0,198,MADISON,0.0,2/2/2024 14:38,2/2/2024 12:09,Price Code 1,CUSTOMER PICKUP,False,Food Bank of Northeast Georgia,01,30628.0,Colbert,DR PEPPER STRAWBERRIES & CREAM,Beverages
915,179791,8976,T-122,Tabors Chapel CME Church,FAIMPORT482404,,DIRECT ASSISTANCE,DIRECT ASSISTANCE-Agency,BLUE RECEIPT-SHL,MCC-28-10001,35,0,0,0.0,35,MADISON,0.0,4/25/2024 0:00,4/25/2024 0:00,Price Code 1,CUSTOMER PICKUP,False,Food Bank of Northeast Georgia,01,30633.0,Danielsville,"PRODUCE, SHL RETAIL PICKUPS",Mixed Produce
915,181285,8973,T-122,Tabors Chapel CME Church,FAIMPORT483890,,DIRECT ASSISTANCE,DIRECT ASSISTANCE-Agency,BLUE RECEIPT-SHL,MCC-16-10001,62,0,0,0.0,62,MADISON,0.0,5/20/2024 0:00,5/20/2024 0:00,Price Code 1,CUSTOMER PICKUP,False,Food Bank of Northeast Georgia,01,30633.0,Danielsville,"COOLER FOOD MISC., SHL RETAIL PICKUP",Food Misc.
915,177185,8986,T-122,Tabors Chapel CME Church,FAIMPORT479806,,DIRECT ASSISTANCE,DIRECT ASSISTANCE-Agency,BLUE RECEIPT-SHL,MCW-01-10001,12,0,0,0.0,12,MADISON,0.0,3/11/2024 0:00,3/11/2024 0:00,Price Code 1,CUSTOMER PICKUP,False,Food Bank of Northeast Georgia,01,30633.0,Danielsville,"NON-FOOD ITEMS, SHL RETAIL PICKUPS",Non-Food Misc.
477,180755,3943,W-117,Waggoners Grove Baptist Church,483361,,FP/OP/GNAP/USDA,FOOD PANTRY-Agency,USDA,N-50-10268,5,0,0,5.7,190,MADISON,0.03,5/17/2024 11:15,5/20/2024 10:32,Price Code 1,CUSTOMER PICKUP,False,Food Bank of Northeast Georgia,01,30628.0,Colbert,USDA APPLE JUICE,Beverages
137,172312,8891,J-100,Jubilee Partners,475943,,FP/OP/GNAP,RESIDENTIAL-Agency,LFB,N-01-90133,2,0,0,3.6,20,MADISON,0.18,1/10/2024 9:00,1/10/2024 11:16,Price Code 1,CUSTOMER PICKUP,False,Food Bank of Northeast Georgia,01,30629.0,Comer,PULUPS 4T/5T,Non-Food Misc.
915,176483,8980,T-122,Tabors Chapel CME Church,479107,,DIRECT ASSISTANCE,DIRECT ASSISTANCE-Agency,LOCAL - LL,N-25-11967,6,0,0,4.32,24,MADISON,0.18,3/7/2024 14:19,3/7/2024 9:57,Price Code 1,CUSTOMER PICKUP,False,Food Bank of Northeast Georgia,01,30633.0,Danielsville,REESES MINIATURE CUPS W/ REESES PUFFS,Food Misc.
137,180840,1045,J-100,Jubilee Partners,483446,,FP/OP/GNAP,RESIDENTIAL-Agency,BLUE RECEIPT-SHL,W-25-10009,23,0,0,4.14,23,MADISON,0.18,5/15/2024 13:23,5/15/2024 8:42,Price Code 1,CUSTOMER PICKUP,False,Sharing Floor Athens,01-SH,30629.0,Comer,"ASSORTED SNACK ITEMS, SHL",Food Misc.
371,179444,5407,E-111,Evangelical Methodist Church - Danielsville,482057,,FOOD PANTRY,FOOD PANTRY-Agency,BLUE RECEIPT-SHL,F-15-10000,110,0,0,19.8,110,MADISON,0.18,4/23/2024 13:56,4/23/2024 11:19,Price Code 1,CUSTOMER PICKUP,False,Sharing Floor Athens,01-SH,30633.0,Danielsville,"MEAT & SEAFOOD, FROZEN SHL",Proteins
981,178844,7167,D-111,Divine Healing Ministry of Recovery Inc.,481458,,ON PREMISES (OP),REHAB-Agency,BLUE RECEIPT-SHL,N-03-11200,6,0,0,0.0,60,MADISON,0.0,4/17/2024 7:59,4/17/2024 11:59,Price Code 1,CONTACT FOR DELIVERY,False,Food Bank of Northeast Georgia,01,30633.0,Commerce,DR PEPPER ZERO SUGAR,Beverages
836,173880,8783,G-122,Gordon's Chapel Methodist Church,477509,,FP/USDA,FOOD PANTRY-Agency,USDA,N-50-10308,2,0,0,8.28,46,MADISON,0.18,2/7/2024 14:20,2/7/2024 13:31,Price Code 1,CUSTOMER PICKUP,False,Food Bank of Northeast Georgia,01,30646.0,Hull,USDA RAISINS,Fruits
371,177549,696,E-111,Evangelical Methodist Church - Danielsville,480169,,FOOD PANTRY,FOOD PANTRY-Agency,LOCAL - LL,W-25-10000,10,0,0,1.8,10,MADISON,0.18,3/19/2024 13:56,3/19/2024 11:26,Price Code 1,CUSTOMER PICKUP,False,Sharing Floor Athens,01-SH,30633.0,Danielsville,"ASSORTED SNACK ITEMS, LL",Food Misc.
137,179086,5938,J-100,Jubilee Partners,481700,,FP/OP/GNAP,RESIDENTIAL-Agency,BLUE RECEIPT-SHL,C-28-10001,298,0,0,8.94,298,MADISON,0.03,4/17/2024 13:23,4/17/2024 8:37,Price Code 1,CUSTOMER PICKUP,False,Sharing Floor Athens,01-SH,30629.0,Comer,"PRODUCE, FRESH SHL",Mixed Produce
371,177136,688,E-111,Evangelical Methodist Church - Danielsville,479757,,FOOD PANTRY,FOOD PANTRY-Agency,BLUE RECEIPT-SHL,W-01-10000,12,0,0,2.16,12,MADISON,0.18,3/12/2024 13:56,3/12/2024 11:22,Price Code 1,CUSTOMER PICKUP,False,Sharing Floor Athens,01-SH,30633.0,Danielsville,"ASSORTED NON-FOOD ITEMS, SHL",Non-Food Misc.
571,181838,8972,F-122,Freedom Church of God,FAIMPORT484442,,FP/OP/USDA,FOOD PANTRY-Agency,BLUE RECEIPT-SHL,MCF-15-10000,3,0,0,0.0,3,MADISON,0.0,5/31/2024 0:00,5/31/2024 0:00,Price Code 1,CUSTOMER PICKUP,False,Food Bank of Northeast Georgia,01,30530.0,Commerce,"FROZEN MEAT & SEAFOOD, SHL RETAIL PICKUP",Proteins
371,175211,690,E-111,Evangelical Methodist Church - Danielsville,477840,,FOOD PANTRY,FOOD PANTRY-Agency,BLUE RECEIPT-SHL,W-03-10013,159,0,0,0.0,159,MADISON,0.0,2/6/2024 13:56,2/6/2024 11:14,Price Code 1,CUSTOMER PICKUP,False,Sharing Floor Athens,01-SH,30633.0,Danielsville,"ASSORTED BEVERAGES, SHL",Beverages
548,177570,4376,M-124,Moons Grove Baptist Church,480190,,FP/OP/USDA,FOOD PANTRY-Agency,USDA,N-50-10291,2,0,0,9.0,50,MADISON,0.18,3/22/2024 7:40,3/22/2024 9:06,Price Code 1,CUSTOMER PICKUP,False,Food Bank of Northeast Georgia,01,30628.0,Colbert,USDA GARBANZO BEANS,Proteins
571,175585,7082,F-122,Freedom Church of God,478213,,FP/OP/USDA,FOOD PANTRY-Agency,USDA,C-50-10033,10,0,0,0.0,120,MADISON,0.0,2/16/2024 14:21,2/20/2024 9:32,Price Code 1,CUSTOMER PICKUP,False,Food Bank of Northeast Georgia,01,30530.0,Commerce,USDA SHREDDED YELLOW CHEDDAR CHEESE CCC,Dairy
137,172846,683,J-100,Jubilee Partners,476477,,FP/OP/GNAP,RESIDENTIAL-Agency,BLUE RECEIPT-SHL,W-16-10001,54,0,0,9.72,54,MADISON,0.18,1/10/2024 13:23,1/10/2024 8:59,Price Code 1,CUSTOMER PICKUP,False,Sharing Floor Athens,01-SH,30629.0,Comer,MISC. FOOD BOX SHL,Food Misc.
477,173199,696,W-117,Waggoners Grove Baptist Church,476829,,FP/OP/GNAP/USDA,FOOD PANTRY-Agency,LOCAL - LL,W-25-10000,75,0,0,13.5,75,MADISON,0.18,1/17/2024 14:38,1/17/2024 13:49,Price Code 1,CUSTOMER PICKUP,False,Sharing Floor Athens,01-SH,30628.0,Colbert,"ASSORTED SNACK ITEMS, LL",Food Misc.
981,181627,5958,D-111,Divine Healing Ministry of Recovery Inc.,484231,,ON PREMISES (OP),REHAB-Agency,BLUE RECEIPT-SHL,C-16-10001,56,0,0,10.08,56,MADISON,0.18,5/30/2024 11:27,5/30/2024 11:33,Price Code 1,CONTACT FOR DELIVERY,False,Sharing Floor Athens,01-SH,30633.0,Commerce,"COOLER FOOD, MISC. SHL",Food Misc.
939,177459,3943,M-140,Madison County MedLink Georgia,480079,,FP/USDA,FOOD PANTRY-Agency,USDA,N-50-10268,25,0,0,0.0,950,MADISON,0.0,3/21/2024 8:00,4/1/2024 8:07,Mobile Pantry/Feed Site Only,TRUCK 1 MOBILE PANTRY,False,Food Bank of Northeast Georgia,01,30628.0,Colbert,USDA APPLE JUICE,Beverages
549,176868,842,R-120,Roger's Baptist Church,479490,,FP/OP/USDA,FOOD PANTRY-Agency,USDA,N-50-10021,6,0,0,29.16,162,MADISON,0.18,3/19/2024 13:30,3/19/2024 13:52,Price Code 1,CUSTOMER PICKUP,False,Food Bank of Northeast Georgia,01,30530.0,Commerce,USDA DICED TOMATOES NO SALT CCC,Vegetables
571,177546,6780,F-122,Freedom Church of God,480166,,FP/OP/USDA,FOOD PANTRY-Agency,USDA,C-50-10024,26,0,0,0.0,1118,MADISON,0.0,3/22/2024 14:21,3/23/2024 6:46,Price Code 1,TRUCK 1 MOBILE PANTRY,False,Food Bank of Northeast Georgia,01,30530.0,Commerce,USDA APPLES,Fruits
915,178189,8976,T-122,Tabors Chapel CME Church,FAIMPORT480807,,DIRECT ASSISTANCE,DIRECT ASSISTANCE-Agency,BLUE RECEIPT-SHL,MCC-28-10001,58,0,0,0.0,58,MADISON,0.0,3/25/2024 0:00,3/25/2024 0:00,Price Code 1,CUSTOMER PICKUP,False,Food Bank of Northeast Georgia,01,30633.0,Danielsville,"PRODUCE, SHL RETAIL PICKUPS",Mixed Produce
549,175902,875,R-120,Roger's Baptist Church,478530,,FP/OP/USDA,FOOD PANTRY-Agency,BLUE RECEIPT-SHL,W-04-10000,53,0,0,0.0,53,MADISON,0.0,2/20/2024 15:13,2/20/2024 13:59,Price Code 1,CUSTOMER PICKUP,False,Sharing Floor Athens,01-SH,30530.0,Commerce,"BREAD & BAKERY, ASSORTED SHL",Grains
477,173805,7284,W-117,Waggoners Grove Baptist Church,477434,,FP/OP/GNAP/USDA,FOOD PANTRY-Agency,USDA,C-50-10043,1,0,0,4.68,26,MADISON,0.18,2/2/2024 11:00,2/2/2024 10:34,Price Code 1,CUSTOMER PICKUP,False,Food Bank of Northeast Georgia,01,30628.0,Colbert,USDA RED FAT AMERICAN CHEESE CCC,Dairy
410,176230,8587,C-110,Colbert First Baptist Church,478856,,FP/GNAP/USDA,FOOD PANTRY-Agency,BLUE RECEIPT-SHL,N-03-10269,2,0,0,0.0,56,MADISON,0.0,2/29/2024 12:40,2/29/2024 14:28,Price Code 1,CUSTOMER PICKUP,False,Food Bank of Northeast Georgia,01,30628.0,Colbert,PEPSI ZERO SUGAR,Beverages
915,182222,8970,T-122,Tabors Chapel CME Church,FAIMPORT484826,,DIRECT ASSISTANCE,DIRECT ASSISTANCE-Agency,BLUE RECEIPT-SHL,MCW-16-10001,12,0,0,0.0,12,MADISON,0.0,6/6/2024 0:00,6/6/2024 0:00,Price Code 1,CUSTOMER PICKUP,False,Food Bank of Northeast Georgia,01,30633.0,Danielsville,"MISC. FOOD BOX, SHL RETAIL PICKUP",Food Misc.
799,176783,3122,C-149,Colbert Methodist Church,479406,,FP/GNAP/USDA,FOOD PANTRY-Agency,GNAP,N-40-10174,4,0,0,0.0,56,MADISON,0.0,3/12/2024 7:56,3/12/2024 12:44,Price Code 1,CUSTOMER PICKUP,False,Food Bank of Northeast Georgia,01,30628.0,Colbert,"GNAP BLACKEYE PEAS, LOW SODIUM",Proteins
915,178422,8975,T-122,Tabors Chapel CME Church,FAIMPORT481038,,DIRECT ASSISTANCE,DIRECT ASSISTANCE-Agency,BLUE RECEIPT-SHL,MCC-07-10001,3,0,0,0.0,3,MADISON,0.0,4/4/2024 0:00,4/4/2024 0:00,Price Code 1,CUSTOMER PICKUP,False,Food Bank of Northeast Georgia,01,30633.0,Danielsville,"DAIRY PRODUCTS, SHL RETAIL PICKUPS",Dairy
799,176127,8948,C-149,Colbert Methodist Church,478754,,FP/GNAP/USDA,FOOD PANTRY-Agency,BLUE RECEIPT-SHL,N-03-11812,7,0,0,0.0,252,MADISON,0.0,3/1/2024 8:56,3/1/2024 12:32,Price Code 1,CUSTOMER PICKUP,False,Food Bank of Northeast Georgia,01,30628.0,Colbert,LIPTON DIET GREEN CITRUS TEA,Beverages
1010,176750,690,F-143,Freedom C.H. Church,479373,,FP/USDA,FOOD PANTRY-Agency,BLUE RECEIPT-SHL,W-03-10013,282,0,0,0.0,282,MADISON,0.0,3/6/2024 9:50,3/6/2024 9:56,Price Code 1,CUSTOMER PICKUP,False,Sharing Floor Athens,01-SH,30662.0,Royston,"ASSORTED BEVERAGES, SHL",Beverages
571,176159,6786,F-122,Freedom Church of God,478786,,FP/OP/USDA,FOOD PANTRY-Agency,LOCAL - LL,C-28-90215,2,0,0,0.0,100,MADISON,0.0,2/26/2024 14:21,2/26/2024 9:14,Price Code 1,CUSTOMER PICKUP,False,Food Bank of Northeast Georgia,01,30530.0,Commerce,"POTATOES, RUSSET",Potatoes 
799,178469,8834,C-149,Colbert Methodist Church,481085,,FP/GNAP/USDA,FOOD PANTRY-Agency,BLUE RECEIPT-SHL,N-03-11770,10,0,0,0.0,100,MADISON,0.0,4/12/2024 8:56,4/12/2024 12:23,Price Code 1,CUSTOMER PICKUP,False,Food Bank of Northeast Georgia,01,30628.0,Colbert,MT DEW ZERO SUGAR,Beverages
571,182136,8975,F-122,Freedom Church of God,FAIMPORT484740,,FP/OP/USDA,FOOD PANTRY-Agency,BLUE RECEIPT-SHL,MCC-07-10001,7,0,0,0.0,7,MADISON,0.0,6/10/2024 0:00,6/10/2024 0:00,Price Code 1,CUSTOMER PICKUP,False,Food Bank of Northeast Georgia,01,30530.0,Commerce,"DAIRY PRODUCTS, SHL RETAIL PICKUPS",Dairy
915,176543,8984,T-122,Tabors Chapel CME Church,479167,,DIRECT ASSISTANCE,DIRECT ASSISTANCE-Agency,BLUE RECEIPT-SHL,F-15-90557,2,0,0,2.16,12,MADISON,0.18,3/7/2024 14:19,3/7/2024 9:57,Price Code 1,CUSTOMER PICKUP,False,Food Bank of Northeast Georgia,01,30633.0,Danielsville,HORMEL PORK ROAST WITH AU JUS SAUCE,Proteins
548,175792,8914,M-124,Moons Grove Baptist Church,478420,,FP/OP/USDA,FOOD PANTRY-Agency,USDA,N-50-10310,2,0,0,9.72,54,MADISON,0.18,2/21/2024 7:40,2/21/2024 10:36,Price Code 1,CUSTOMER PICKUP,False,Food Bank of Northeast Georgia,01,30628.0,Colbert,USDA DICED POTATOES,Potatoes 
571,173275,842,F-122,Freedom Church of God,476904,,FP/OP/USDA,FOOD PANTRY-Agency,USDA,N-50-10021,2,0,0,9.72,54,MADISON,0.18,1/25/2024 14:21,1/31/2024 9:41,Price Code 1,CUSTOMER PICKUP,False,Food Bank of Northeast Georgia,01,30530.0,Commerce,USDA DICED TOMATOES NO SALT CCC,Vegetables
137,179538,683,J-100,Jubilee Partners,482151,,FP/OP/GNAP,RESIDENTIAL-Agency,BLUE RECEIPT-SHL,W-16-10001,119,0,0,21.42,119,MADISON,0.18,4/24/2024 13:23,4/24/2024 8:47,Price Code 1,CUSTOMER PICKUP,False,Sharing Floor Athens,01-SH,30629.0,Comer,MISC. FOOD BOX SHL,Food Misc.
571,178863,1674,F-122,Freedom Church of God,481477,,FP/OP/USDA,FOOD PANTRY-Agency,USDA,N-50-10073,13,0,0,0.0,351,MADISON,0.0,4/16/2024 12:00,4/17/2024 7:07,Price Code 1,TRUCK 1 MOBILE PANTRY,False,Food Bank of Northeast Georgia,01,30530.0,Commerce,USDA TOMATO SAUCE,Vegetables
137,173517,683,J-100,Jubilee Partners,477146,,FP/OP/GNAP,RESIDENTIAL-Agency,BLUE RECEIPT-SHL,W-16-10001,145,0,0,26.1,145,MADISON,0.18,1/24/2024 13:23,1/24/2024 8:53,Price Code 1,CUSTOMER PICKUP,False,Sharing Floor Athens,01-SH,30629.0,Comer,MISC. FOOD BOX SHL,Food Misc.
799,172496,8720,C-149,Colbert Methodist Church,476127,,FP/GNAP/USDA,FOOD PANTRY-Agency,USDA,N-50-10305,5,0,0,12.6,70,MADISON,0.18,1/8/2024 9:56,1/8/2024 12:46,Price Code 1,CUSTOMER PICKUP,False,Food Bank of Northeast Georgia,01,30628.0,Colbert,USDA MIXED VegetablesCCC,Vegetables
915,177798,8976,T-122,Tabors Chapel CME Church,FAIMPORT480417,,DIRECT ASSISTANCE,DIRECT ASSISTANCE-Agency,BLUE RECEIPT-SHL,MCC-28-10001,73,0,0,0.0,73,MADISON,0.0,3/18/2024 0:00,3/18/2024 0:00,Price Code 1,CUSTOMER PICKUP,False,Food Bank of Northeast Georgia,01,30633.0,Danielsville,"PRODUCE, SHL RETAIL PICKUPS",Mixed Produce
137,173891,92,J-100,Jubilee Partners,477520,,FP/OP/GNAP,RESIDENTIAL-Agency,LOCAL - LL,W-01-10002,29,0,0,5.22,29,MADISON,0.18,1/31/2024 13:23,1/31/2024 8:48,Price Code 1,CUSTOMER PICKUP,False,Sharing Floor Athens,01-SH,30629.0,Comer,"ASSORTED NON-FOOD ITEMS, LL",Non-Food Misc.
571,180806,9059,F-122,Freedom Church of God,483412,,FP/OP/USDA,FOOD PANTRY-Agency,LOCAL - LL,F-16-90438,4,0,0,2.88,16,MADISON,0.18,5/17/2024 8:45,5/20/2024 10:34,Price Code 1,CUSTOMER PICKUP,False,Food Bank of Northeast Georgia,01,30530.0,Commerce,OSCAR MAYER MAPLE SAUSAGE ROLLERS,Proteins
549,177565,5772,R-120,Roger's Baptist Church,480185,,FP/OP/USDA,FOOD PANTRY-Agency,LOCAL - LL,C-28-10000,375,0,0,11.25,375,MADISON,0.03,3/19/2024 15:13,3/19/2024 13:59,Price Code 1,CUSTOMER PICKUP,False,Sharing Floor Athens,01-SH,30530.0,Commerce,"PRODUCE, FRESH LL",Mixed Produce
1010,177631,50,F-143,Freedom C.H. Church,480251,,FP/USDA,FOOD PANTRY-Agency,LOCAL - LL,W-16-10002,30,0,0,5.4,30,MADISON,0.18,3/20/2024 9:23,3/20/2024 9:25,Price Code 1,CUSTOMER PICKUP,False,Sharing Floor Athens,01-SH,30662.0,Royston,MISC. FOOD BOX LL,Food Misc.
915,182222,8975,T-122,Tabors Chapel CME Church,FAIMPORT484826,,DIRECT ASSISTANCE,DIRECT ASSISTANCE-Agency,BLUE RECEIPT-SHL,MCC-07-10001,74,0,0,0.0,74,MADISON,0.0,6/6/2024 0:00,6/6/2024 0:00,Price Code 1,CUSTOMER PICKUP,False,Food Bank of Northeast Georgia,01,30633.0,Danielsville,"DAIRY PRODUCTS, SHL RETAIL PICKUPS",Dairy
981,180220,8834,D-111,Divine Healing Ministry of Recovery Inc.,482826,,ON PREMISES (OP),REHAB-Agency,BLUE RECEIPT-SHL,N-03-11770,12,0,0,0.0,120,MADISON,0.0,5/8/2024 0:00,5/10/2024 11:40,Price Code 1,CONTACT FOR DELIVERY,False,Food Bank of Northeast Georgia,01,30633.0,Commerce,MT DEW ZERO SUGAR,Beverages
571,178863,842,F-122,Freedom Church of God,481477,,FP/OP/USDA,FOOD PANTRY-Agency,USDA,N-50-10021,13,0,0,0.0,351,MADISON,0.0,4/16/2024 12:00,4/17/2024 7:07,Price Code 1,TRUCK 1 MOBILE PANTRY,False,Food Bank of Northeast Georgia,01,30530.0,Commerce,USDA DICED TOMATOES NO SALT CCC,Vegetables
477,181931,690,W-117,Waggoners Grove Baptist Church,484535,,FP/OP/GNAP/USDA,FOOD PANTRY-Agency,BLUE RECEIPT-SHL,W-03-10013,290,0,0,0.0,290,MADISON,0.0,6/5/2024 14:38,6/5/2024 14:04,Price Code 1,CUSTOMER PICKUP,False,Sharing Floor Athens,01-SH,30628.0,Colbert,"ASSORTED BEVERAGES, SHL",Beverages
549,176868,8546,R-120,Roger's Baptist Church,479490,,FP/OP/USDA,FOOD PANTRY-Agency,BLUE RECEIPT-SHL,N-03-10262,2,0,0,10.8,60,MADISON,0.18,3/19/2024 13:30,3/19/2024 13:52,Price Code 1,CUSTOMER PICKUP,False,Food Bank of Northeast Georgia,01,30530.0,Commerce,STARRY LEMON LIME SODA 16.9 OZ,Beverages
477,173288,8923,W-117,Waggoners Grove Baptist Church,476917,,FP/OP/GNAP/USDA,FOOD PANTRY-Agency,LOCAL - LL,N-25-11955,2,0,0,5.4,30,MADISON,0.18,1/24/2024 14:38,1/24/2024 11:34,Price Code 1,CUSTOMER PICKUP,False,Food Bank of Northeast Georgia,01,30628.0,Colbert,REESES/KIT KAT/PAYDAY CANDY BAR ASST,Food Misc.
915,179488,8975,T-122,Tabors Chapel CME Church,FAIMPORT482101,,DIRECT ASSISTANCE,DIRECT ASSISTANCE-Agency,BLUE RECEIPT-SHL,MCC-07-10001,240,0,0,0.0,240,MADISON,0.0,4/18/2024 0:00,4/18/2024 0:00,Price Code 1,CUSTOMER PICKUP,False,Food Bank of Northeast Georgia,01,30633.0,Danielsville,"DAIRY PRODUCTS, SHL RETAIL PICKUPS",Dairy
137,175936,5958,J-100,Jubilee Partners,478564,,FP/OP/GNAP,RESIDENTIAL-Agency,BLUE RECEIPT-SHL,C-16-10001,45,0,0,8.1,45,MADISON,0.18,2/21/2024 13:23,2/21/2024 8:53,Price Code 1,CUSTOMER PICKUP,False,Sharing Floor Athens,01-SH,30629.0,Comer,"COOLER FOOD, MISC. SHL",Food Misc.
477,173274,8766,W-117,Waggoners Grove Baptist Church,476903,,FP/OP/GNAP/USDA,FOOD PANTRY-Agency,LOCAL - LL,N-25-11919,4,0,0,1.44,8,MADISON,0.18,1/23/2024 14:38,1/23/2024 8:45,Price Code 1,CUSTOMER PICKUP,False,Food Bank of Northeast Georgia,01,30628.0,Colbert,GHIRARDELLI SEA SALT CARAMEL CHOCOLATE,Food Misc.
571,176515,6786,F-122,Freedom Church of God,479139,,FP/OP/USDA,FOOD PANTRY-Agency,LOCAL - LL,C-28-90215,3,0,0,0.0,150,MADISON,0.0,3/1/2024 14:21,3/1/2024 11:16,Price Code 1,CUSTOMER PICKUP,False,Food Bank of Northeast Georgia,01,30530.0,Commerce,"POTATOES, RUSSET",Potatoes 
799,173259,875,C-149,Colbert Methodist Church,476888,,FP/GNAP/USDA,FOOD PANTRY-Agency,BLUE RECEIPT-SHL,W-04-10000,6,0,0,0.0,6,MADISON,0.0,1/18/2024 9:56,1/18/2024 13:54,Price Code 1,CUSTOMER PICKUP,False,Sharing Floor Athens,01-SH,30628.0,Colbert,"BREAD & BAKERY, ASSORTED SHL",Grains
548,180773,2202,M-124,Moons Grove Baptist Church,483379,,FP/OP/USDA,FOOD PANTRY-Agency,USDA,N-50-10240,5,0,0,19.8,110,MADISON,0.18,5/17/2024 11:45,5/17/2024 12:02,Price Code 1,CUSTOMER PICKUP,False,Food Bank of Northeast Georgia,01,30628.0,Colbert,USDA SPAGHETTI,Grains
477,176239,8967,W-117,Waggoners Grove Baptist Church,478865,,FP/OP/GNAP/USDA,FOOD PANTRY-Agency,YELLOW RECEIPT - SHN,N-25-11963,5,0,0,12.6,70,MADISON,0.18,3/11/2024 10:00,3/11/2024 10:53,Price Code 1,CUSTOMER PICKUP,False,Food Bank of Northeast Georgia,01,30628.0,Colbert,BIGS SUNFLOWER SEEDS VARIETY DISPLAY PACK,Proteins
915,176543,8983,T-122,Tabors Chapel CME Church,479167,,DIRECT ASSISTANCE,DIRECT ASSISTANCE-Agency,BLUE RECEIPT-SHL,F-15-90556,2,0,0,2.16,12,MADISON,0.18,3/7/2024 14:19,3/7/2024 9:57,Price Code 1,CUSTOMER PICKUP,False,Food Bank of Northeast Georgia,01,30633.0,Danielsville,HORMEL MEAT LOAF W/ TOMATO SAUCE,Proteins
729,176786,7284,C-164,Colbert Methodist Church INTHEMIDDLEMEALS,479409,,FP/GNAP/USDA,AT-RISK YOUTH-Agency,USDA,C-50-10043,2,0,0,5.2,52,MADISON,0.1,3/14/2024 13:14,3/14/2024 13:16,Price Code 1,CUSTOMER PICKUP,False,Food Bank of Northeast Georgia,01,30628.0,Colbert,USDA RED FAT AMERICAN CHEESE CCC,Dairy
548,173318,84,M-124,Moons Grove Baptist Church,476947,,FP/OP/USDA,FOOD PANTRY-Agency,USDA,N-50-10006,3,0,0,14.58,81,MADISON,0.18,1/23/2024 7:40,2/20/2024 13:37,Price Code 1,CUSTOMER PICKUP,False,Food Bank of Northeast Georgia,01,30628.0,Colbert,USDA GREEN BEANS,Vegetables
571,180806,9062,F-122,Freedom Church of God,483412,,FP/OP/USDA,FOOD PANTRY-Agency,LOCAL - LL,N-25-11975,5,0,0,2.7,15,MADISON,0.18,5/17/2024 8:45,5/20/2024 10:34,Price Code 1,CUSTOMER PICKUP,False,Food Bank of Northeast Georgia,01,30530.0,Commerce,DOVE DARK CHOCOLATE & PEANUT BUTTER,Food Misc.
137,179538,1045,J-100,Jubilee Partners,482151,,FP/OP/GNAP,RESIDENTIAL-Agency,BLUE RECEIPT-SHL,W-25-10009,15,0,0,2.7,15,MADISON,0.18,4/24/2024 13:23,4/24/2024 8:47,Price Code 1,CUSTOMER PICKUP,False,Sharing Floor Athens,01-SH,30629.0,Comer,"ASSORTED SNACK ITEMS, SHL",Food Misc.
915,181051,9064,T-122,Tabors Chapel CME Church,483656,,DIRECT ASSISTANCE,DIRECT ASSISTANCE-Agency,LOCAL - LL,N-25-11977,2,0,0,1.08,6,MADISON,0.18,5/24/2024 13:00,5/24/2024 13:49,Price Code 1,CUSTOMER PICKUP,False,Food Bank of Northeast Georgia,01,30633.0,Danielsville,RAP SNACKS HOT CRUNCHABLES,Food Misc.
137,175608,5407,J-100,Jubilee Partners,478236,,FP/OP/GNAP,RESIDENTIAL-Agency,BLUE RECEIPT-SHL,F-15-10000,16,0,0,0.0,16,MADISON,0.0,2/14/2024 13:23,2/14/2024 8:59,Price Code 1,CUSTOMER PICKUP,False,Sharing Floor Athens,01-SH,30629.0,Comer,"MEAT & SEAFOOD, FROZEN SHL",Proteins
842,172527,3943,C-153,Cedar Grove Baptist Church,476158,,FP/GNAP/USDA,FOOD PANTRY-Agency,USDA,N-50-10268,3,0,0,3.42,114,MADISON,0.03,1/10/2024 10:00,1/10/2024 11:07,Price Code 1,CUSTOMER PICKUP,False,Food Bank of Northeast Georgia,01,30629.0,Comer,USDA APPLE JUICE,Beverages
915,178478,9007,T-122,Tabors Chapel CME Church,481094,,DIRECT ASSISTANCE,DIRECT ASSISTANCE-Agency,BLUE RECEIPT-SHL,N-03-11826,2,0,0,0.0,22,MADISON,0.0,4/10/2024 14:19,4/10/2024 10:27,Price Code 1,CUSTOMER PICKUP,False,Food Bank of Northeast Georgia,01,30633.0,Danielsville,PEPSI NITRO DRAFT COLA 12PK,Beverages
137,179930,1045,J-100,Jubilee Partners,482541,,FP/OP/GNAP,RESIDENTIAL-Agency,BLUE RECEIPT-SHL,W-25-10009,28,0,0,5.04,28,MADISON,0.18,5/1/2024 13:23,5/1/2024 8:38,Price Code 1,CUSTOMER PICKUP,False,Sharing Floor Athens,01-SH,30629.0,Comer,"ASSORTED SNACK ITEMS, SHL",Food Misc.
137,173891,5407,J-100,Jubilee Partners,477520,,FP/OP/GNAP,RESIDENTIAL-Agency,BLUE RECEIPT-SHL,F-15-10000,131,0,0,23.58,131,MADISON,0.18,1/31/2024 13:23,1/31/2024 8:48,Price Code 1,CUSTOMER PICKUP,False,Sharing Floor Athens,01-SH,30629.0,Comer,"MEAT & SEAFOOD, FROZEN SHL",Proteins
915,173504,8927,T-122,Tabors Chapel CME Church,477133,,DIRECT ASSISTANCE,DIRECT ASSISTANCE-Agency,BLUE RECEIPT-SHL,N-03-11802,10,0,0,0.0,330,MADISON,0.0,2/1/2024 14:19,2/1/2024 10:33,Price Code 1,CUSTOMER PICKUP,False,Food Bank of Northeast Georgia,01,30633.0,Danielsville,LIPTON GEORGIA STYLE PEACH ICED TEA,Beverages
477,173926,696,W-117,Waggoners Grove Baptist Church,477555,,FP/OP/GNAP/USDA,FOOD PANTRY-Agency,LOCAL - LL,W-25-10000,5,0,0,0.9,5,MADISON,0.18,1/31/2024 14:38,1/31/2024 13:57,Price Code 1,CUSTOMER PICKUP,False,Sharing Floor Athens,01-SH,30628.0,Colbert,"ASSORTED SNACK ITEMS, LL",Food Misc.
939,178840,8949,M-140,Madison County MedLink Georgia,481454,,FP/USDA,FOOD PANTRY-Agency,LOCAL - LL,C-28-90536,38,0,0,0.0,1900,MADISON,0.0,4/12/2024 7:06,4/12/2024 10:39,Mobile Pantry/Feed Site Only,CUSTOMER PICKUP,False,Food Bank of Northeast Georgia,01,30628.0,Colbert,"CARROTS, 50#",Vegetables
836,173880,5088,G-122,Gordon's Chapel Methodist Church,477509,,FP/USDA,FOOD PANTRY-Agency,USDA,F-50-90023,3,0,0,0.0,75,MADISON,0.0,2/7/2024 14:20,2/7/2024 13:31,Price Code 1,CUSTOMER PICKUP,False,Food Bank of Northeast Georgia,01,30646.0,Hull,USDA FROZEN PEACHES CCC,Fruits
571,176538,8984,F-122,Freedom Church of God,479162,,FP/OP/USDA,FOOD PANTRY-Agency,BLUE RECEIPT-SHL,F-15-90557,5,0,0,5.4,30,MADISON,0.18,3/6/2024 14:21,3/7/2024 10:33,Price Code 1,CUSTOMER PICKUP,False,Food Bank of Northeast Georgia,01,30530.0,Commerce,HORMEL PORK ROAST WITH AU JUS SAUCE,Proteins
571,177546,8714,F-122,Freedom Church of God,480166,,FP/OP/USDA,FOOD PANTRY-Agency,USDA,N-50-10303,25,0,0,0.0,600,MADISON,0.0,3/22/2024 14:21,3/23/2024 6:46,Price Code 1,TRUCK 1 MOBILE PANTRY,False,Food Bank of Northeast Georgia,01,30530.0,Commerce,USDA GREEN SPLIT PEAS,Proteins
981,181627,688,D-111,Divine Healing Ministry of Recovery Inc.,484231,,ON PREMISES (OP),REHAB-Agency,BLUE RECEIPT-SHL,W-01-10000,57,0,0,0.0,57,MADISON,0.0,5/30/2024 11:27,5/30/2024 11:33,Price Code 1,CONTACT FOR DELIVERY,False,Sharing Floor Athens,01-SH,30633.0,Commerce,"ASSORTED NON-FOOD ITEMS, SHL",Non-Food Misc.
898,172641,690,M-132,Meadow Baptist Church,476272,,FP/USDA,DIRECT ASSISTANCE-Agency,BLUE RECEIPT-SHL,W-03-10013,1200,0,0,0.0,1200,MADISON,0.0,1/19/2024 8:02,1/19/2024 9:06,Price Code 1,CUSTOMER PICKUP,False,Food Bank of Northeast Georgia,01,30629.0,Comer,"ASSORTED BEVERAGES, SHL",Beverages
842,175620,1045,C-153,Cedar Grove Baptist Church,478248,,FP/GNAP/USDA,FOOD PANTRY-Agency,BLUE RECEIPT-SHL,W-25-10009,8,0,0,1.44,8,MADISON,0.18,2/14/2024 8:30,2/14/2024 10:39,Price Code 1,CUSTOMER PICKUP,False,Sharing Floor Athens,01-SH,30629.0,Comer,"ASSORTED SNACK ITEMS, SHL",Food Misc.
549,175587,4761,R-120,Roger's Baptist Church,478215,,FP/OP/USDA,FOOD PANTRY-Agency,USDA,F-50-90454,4,0,0,0.0,124,MADISON,0.0,2/20/2024 13:30,2/20/2024 13:52,Price Code 1,CUSTOMER PICKUP,False,Food Bank of Northeast Georgia,01,30530.0,Commerce,USDA FROZEN STRAWBERRIES CCC,Fruits
898,176891,8983,M-132,Meadow Baptist Church,479513,,FP/USDA,DIRECT ASSISTANCE-Agency,BLUE RECEIPT-SHL,F-15-90556,2,0,0,2.16,12,MADISON,0.18,3/15/2024 8:02,3/15/2024 8:13,Price Code 1,CUSTOMER PICKUP,False,Food Bank of Northeast Georgia,01,30629.0,Comer,HORMEL MEAT LOAF W/ TOMATO SAUCE,Proteins
549,172672,8873,R-120,Roger's Baptist Church,476303,,FP/OP/USDA,FOOD PANTRY-Agency,YELLOW RECEIPT - SHN,F-10-10001,10,0,0,0.9,30,MADISON,0.03,1/16/2024 13:30,1/16/2024 14:36,Price Code 1,CUSTOMER PICKUP,False,Food Bank of Northeast Georgia,01,30530.0,Commerce,OUTSHINE STRAWBERRY BANANA SMOOTHIE CUBES,Beverages
915,181907,9078,T-122,Tabors Chapel CME Church,484511,,DIRECT ASSISTANCE,DIRECT ASSISTANCE-Agency,BLUE RECEIPT-SHL,N-03-11840,10,0,0,0.0,90,MADISON,0.0,6/18/2024 13:30,6/18/2024 13:05,Price Code 1,CUSTOMER PICKUP,False,Food Bank of Northeast Georgia,01,30633.0,Danielsville,PEPSI ZERO WILD CHERRY,Beverages
137,173517,875,J-100,Jubilee Partners,477146,,FP/OP/GNAP,RESIDENTIAL-Agency,BLUE RECEIPT-SHL,W-04-10000,9,0,0,0.0,9,MADISON,0.0,1/24/2024 13:23,1/24/2024 8:53,Price Code 1,CUSTOMER PICKUP,False,Sharing Floor Athens,01-SH,30629.0,Comer,"BREAD & BAKERY, ASSORTED SHL",Grains
477,180826,9063,W-117,Waggoners Grove Baptist Church,483432,,FP/OP/GNAP/USDA,FOOD PANTRY-Agency,LOCAL - LL,N-25-11976,15,0,0,37.8,210,MADISON,0.18,5/20/2024 11:00,5/20/2024 14:46,Price Code 1,CUSTOMER PICKUP,False,Food Bank of Northeast Georgia,01,30628.0,Colbert,MINI SOFT BAKED COOKIES LUCKY CHARMS,Food Misc.
549,175902,5772,R-120,Roger's Baptist Church,478530,,FP/OP/USDA,FOOD PANTRY-Agency,LOCAL - LL,C-28-10000,412,0,0,12.36,412,MADISON,0.03,2/20/2024 15:13,2/20/2024 13:59,Price Code 1,CUSTOMER PICKUP,False,Sharing Floor Athens,01-SH,30530.0,Commerce,"PRODUCE, FRESH LL",Mixed Produce
571,176535,8984,F-122,Freedom Church of God,479159,,FP/OP/USDA,FOOD PANTRY-Agency,BLUE RECEIPT-SHL,F-15-90557,5,0,0,5.4,30,MADISON,0.18,3/6/2024 14:21,3/7/2024 10:32,Price Code 1,CUSTOMER PICKUP,False,Food Bank of Northeast Georgia,01,30530.0,Commerce,HORMEL PORK ROAST WITH AU JUS SAUCE,Proteins
915,180466,8976,T-122,Tabors Chapel CME Church,FAIMPORT483072,,DIRECT ASSISTANCE,DIRECT ASSISTANCE-Agency,BLUE RECEIPT-SHL,MCC-28-10001,21,0,0,0.0,21,MADISON,0.0,5/6/2024 0:00,5/6/2024 0:00,Price Code 1,CUSTOMER PICKUP,False,Food Bank of Northeast Georgia,01,30633.0,Danielsville,"PRODUCE, SHL RETAIL PICKUPS",Mixed Produce
548,177570,8690,M-124,Moons Grove Baptist Church,480190,,FP/OP/USDA,FOOD PANTRY-Agency,USDA,N-50-10302,2,0,0,5.04,28,MADISON,0.18,3/22/2024 7:40,3/22/2024 9:06,Price Code 1,CUSTOMER PICKUP,False,Food Bank of Northeast Georgia,01,30628.0,Colbert,USDA GREEN BEANS CCC,Vegetables
571,173275,84,F-122,Freedom Church of God,476904,,FP/OP/USDA,FOOD PANTRY-Agency,USDA,N-50-10006,3,0,0,14.58,81,MADISON,0.18,1/25/2024 14:21,1/31/2024 9:41,Price Code 1,CUSTOMER PICKUP,False,Food Bank of Northeast Georgia,01,30530.0,Commerce,USDA GREEN BEANS,Vegetables
549,176868,170,R-120,Roger's Baptist Church,479490,,FP/OP/USDA,FOOD PANTRY-Agency,USDA,N-50-10007,6,0,0,30.24,168,MADISON,0.18,3/19/2024 13:30,3/19/2024 13:52,Price Code 1,CUSTOMER PICKUP,False,Food Bank of Northeast Georgia,01,30530.0,Commerce,"USDA CORN, WHOLE KERNEL NO SALT",Vegetables
571,178863,1047,F-122,Freedom Church of God,481477,,FP/OP/USDA,FOOD PANTRY-Agency,USDA,N-50-10041,25,0,0,0.0,1225,MADISON,0.0,4/16/2024 12:00,4/17/2024 7:07,Price Code 1,TRUCK 1 MOBILE PANTRY,False,Food Bank of Northeast Georgia,01,30530.0,Commerce,USDA RICE,Grains
799,172947,683,C-149,Colbert Methodist Church,476578,,FP/GNAP/USDA,FOOD PANTRY-Agency,BLUE RECEIPT-SHL,W-16-10001,146,0,0,26.28,146,MADISON,0.18,1/11/2024 9:56,1/11/2024 13:49,Price Code 1,CUSTOMER PICKUP,False,Sharing Floor Athens,01-SH,30628.0,Colbert,MISC. FOOD BOX SHL,Food Misc.
137,181912,875,J-100,Jubilee Partners,484516,,FP/OP/GNAP,RESIDENTIAL-Agency,BLUE RECEIPT-SHL,W-04-10000,22,0,0,0.0,22,MADISON,0.0,6/5/2024 13:23,6/5/2024 8:56,Price Code 1,CUSTOMER PICKUP,False,Sharing Floor Athens,01-SH,30629.0,Comer,"BREAD & BAKERY, ASSORTED SHL",Grains
410,177602,8720,C-110,Colbert First Baptist Church,480222,,FP/GNAP/USDA,FOOD PANTRY-Agency,USDA,N-50-10305,4,0,0,10.08,56,MADISON,0.18,3/22/2024 12:40,3/22/2024 10:49,Price Code 1,CUSTOMER PICKUP,False,Food Bank of Northeast Georgia,01,30628.0,Colbert,USDA MIXED VegetablesCCC,Vegetables
137,179538,875,J-100,Jubilee Partners,482151,,FP/OP/GNAP,RESIDENTIAL-Agency,BLUE RECEIPT-SHL,W-04-10000,21,0,0,0.0,21,MADISON,0.0,4/24/2024 13:23,4/24/2024 8:47,Price Code 1,CUSTOMER PICKUP,False,Sharing Floor Athens,01-SH,30629.0,Comer,"BREAD & BAKERY, ASSORTED SHL",Grains
410,173554,8834,C-110,Colbert First Baptist Church,477183,,FP/GNAP/USDA,FOOD PANTRY-Agency,BLUE RECEIPT-SHL,N-03-11770,5,0,0,1.5,50,MADISON,0.03,1/29/2024 12:40,1/29/2024 14:13,Price Code 1,CUSTOMER PICKUP,False,Food Bank of Northeast Georgia,01,30628.0,Colbert,MT DEW ZERO SUGAR,Beverages
477,176239,8964,W-117,Waggoners Grove Baptist Church,478865,,FP/OP/GNAP/USDA,FOOD PANTRY-Agency,YELLOW RECEIPT - SHN,N-25-11961,5,0,0,4.5,25,MADISON,0.18,3/11/2024 10:00,3/11/2024 10:53,Price Code 1,CUSTOMER PICKUP,False,Food Bank of Northeast Georgia,01,30628.0,Colbert,SNACK PACK CINNABON PUDDING,Food Misc.
137,175936,1045,J-100,Jubilee Partners,478564,,FP/OP/GNAP,RESIDENTIAL-Agency,BLUE RECEIPT-SHL,W-25-10009,58,0,0,10.44,58,MADISON,0.18,2/21/2024 13:23,2/21/2024 8:53,Price Code 1,CUSTOMER PICKUP,False,Sharing Floor Athens,01-SH,30629.0,Comer,"ASSORTED SNACK ITEMS, SHL",Food Misc.
477,173330,5637,W-117,Waggoners Grove Baptist Church,476959,,FP/OP/GNAP/USDA,FOOD PANTRY-Agency,USDA,F-50-90019,5,0,0,0.0,150,MADISON,0.0,1/26/2024 10:00,1/26/2024 9:49,Price Code 1,CUSTOMER PICKUP,False,Food Bank of Northeast Georgia,01,30628.0,Colbert,USDA FROZEN BLUEBERRIES CCC,Fruits
1010,178860,5407,F-143,Freedom C.H. Church,481474,,FP/USDA,FOOD PANTRY-Agency,BLUE RECEIPT-SHL,F-15-10000,85,0,0,15.3,85,MADISON,0.18,4/12/2024 10:31,4/12/2024 10:40,Price Code 1,CUSTOMER PICKUP,False,Sharing Floor Athens,01-SH,30662.0,Royston,"MEAT & SEAFOOD, FROZEN SHL",Proteins
571,180806,9063,F-122,Freedom Church of God,483412,,FP/OP/USDA,FOOD PANTRY-Agency,LOCAL - LL,N-25-11976,2,0,0,5.04,28,MADISON,0.18,5/17/2024 8:45,5/20/2024 10:34,Price Code 1,CUSTOMER PICKUP,False,Food Bank of Northeast Georgia,01,30530.0,Commerce,MINI SOFT BAKED COOKIES LUCKY CHARMS,Food Misc.
915,176911,8970,T-122,Tabors Chapel CME Church,FAIMPORT479533,,DIRECT ASSISTANCE,DIRECT ASSISTANCE-Agency,BLUE RECEIPT-SHL,MCW-16-10001,76,0,0,0.0,76,MADISON,0.0,3/7/2024 0:00,3/7/2024 0:00,Price Code 1,CUSTOMER PICKUP,False,Food Bank of Northeast Georgia,01,30633.0,Danielsville,"MISC. FOOD BOX, SHL RETAIL PICKUP",Food Misc.
1010,178860,5938,F-143,Freedom C.H. Church,481474,,FP/USDA,FOOD PANTRY-Agency,BLUE RECEIPT-SHL,C-28-10001,26,0,0,0.78,26,MADISON,0.03,4/12/2024 10:31,4/12/2024 10:40,Price Code 1,CUSTOMER PICKUP,False,Sharing Floor Athens,01-SH,30662.0,Royston,"PRODUCE, FRESH SHL",Mixed Produce
571,181223,9078,F-122,Freedom Church of God,483828,,FP/OP/USDA,FOOD PANTRY-Agency,BLUE RECEIPT-SHL,N-03-11840,2,0,0,0.0,18,MADISON,0.0,5/30/2024 11:30,6/3/2024 8:38,Price Code 1,CUSTOMER PICKUP,False,Food Bank of Northeast Georgia,01,30530.0,Commerce,PEPSI ZERO WILD CHERRY,Beverages
137,179930,5938,J-100,Jubilee Partners,482541,,FP/OP/GNAP,RESIDENTIAL-Agency,BLUE RECEIPT-SHL,C-28-10001,240,0,0,7.2,240,MADISON,0.03,5/1/2024 13:23,5/1/2024 8:38,Price Code 1,CUSTOMER PICKUP,False,Sharing Floor Athens,01-SH,30629.0,Comer,"PRODUCE, FRESH SHL",Mixed Produce
832,173308,8923,U-104,Union Baptist Church,476937,,FP/OP/USDA,FOOD PANTRY-Agency,LOCAL - LL,N-25-11955,2,0,0,5.4,30,MADISON,0.18,1/30/2024 11:46,2/22/2024 14:24,Price Code 1,CUSTOMER PICKUP,False,Food Bank of Northeast Georgia,01,30646.0,Hull,REESES/KIT KAT/PAYDAY CANDY BAR ASST,Food Misc.
571,175585,4761,F-122,Freedom Church of God,478213,,FP/OP/USDA,FOOD PANTRY-Agency,USDA,F-50-90454,5,0,0,0.0,155,MADISON,0.0,2/16/2024 14:21,2/20/2024 9:32,Price Code 1,CUSTOMER PICKUP,False,Food Bank of Northeast Georgia,01,30530.0,Commerce,USDA FROZEN STRAWBERRIES CCC,Fruits
915,175928,6786,T-122,Tabors Chapel CME Church,478556,,DIRECT ASSISTANCE,DIRECT ASSISTANCE-Agency,LOCAL - LL,C-28-90215,1,0,0,0.0,50,MADISON,0.0,2/26/2024 14:19,2/26/2024 12:55,Price Code 1,CUSTOMER PICKUP,False,Food Bank of Northeast Georgia,01,30633.0,Danielsville,"POTATOES, RUSSET",Potatoes 
371,181884,690,E-111,Evangelical Methodist Church - Danielsville,484488,,FOOD PANTRY,FOOD PANTRY-Agency,BLUE RECEIPT-SHL,W-03-10013,226,0,0,0.0,226,MADISON,0.0,6/4/2024 13:56,6/4/2024 11:26,Price Code 1,CUSTOMER PICKUP,False,Sharing Floor Athens,01-SH,30633.0,Danielsville,"ASSORTED BEVERAGES, SHL",Beverages
571,179571,5407,F-122,Freedom Church of God,482184,,FP/OP/USDA,FOOD PANTRY-Agency,BLUE RECEIPT-SHL,F-15-10000,11,0,0,1.98,11,MADISON,0.18,4/24/2024 14:21,4/24/2024 14:40,Price Code 1,CUSTOMER PICKUP,False,Sharing Floor Athens,01-SH,30530.0,Commerce,"MEAT & SEAFOOD, FROZEN SHL",Proteins
915,178888,8970,T-122,Tabors Chapel CME Church,FAIMPORT481502,,DIRECT ASSISTANCE,DIRECT ASSISTANCE-Agency,BLUE RECEIPT-SHL,MCW-16-10001,8,0,0,0.0,8,MADISON,0.0,4/11/2024 0:00,4/11/2024 0:00,Price Code 1,CUSTOMER PICKUP,False,Food Bank of Northeast Georgia,01,30633.0,Danielsville,"MISC. FOOD BOX, SHL RETAIL PICKUP",Food Misc.
842,177227,50,C-153,Cedar Grove Baptist Church,479847,,FP/GNAP/USDA,FOOD PANTRY-Agency,LOCAL - LL,W-16-10002,136,0,0,24.48,136,MADISON,0.18,3/13/2024 8:30,3/13/2024 10:43,Price Code 1,CUSTOMER PICKUP,False,Sharing Floor Athens,01-SH,30629.0,Comer,MISC. FOOD BOX LL,Food Misc.
981,178813,5407,D-111,Divine Healing Ministry of Recovery Inc.,481427,,ON PREMISES (OP),REHAB-Agency,BLUE RECEIPT-SHL,F-15-10000,117,0,0,21.06,117,MADISON,0.18,4/11/2024 11:29,4/11/2024 11:31,Price Code 1,CONTACT FOR DELIVERY,False,Sharing Floor Athens,01-SH,30633.0,Commerce,"MEAT & SEAFOOD, FROZEN SHL",Proteins
410,173554,8930,C-110,Colbert First Baptist Church,477183,,FP/GNAP/USDA,FOOD PANTRY-Agency,BLUE RECEIPT-SHL,N-03-11805,5,0,0,0.0,90,MADISON,0.0,1/29/2024 12:40,1/29/2024 14:13,Price Code 1,CUSTOMER PICKUP,False,Food Bank of Northeast Georgia,01,30628.0,Colbert,GATORADE ORANGE ZERO SUGAR,Beverages
836,173880,8914,G-122,Gordon's Chapel Methodist Church,477509,,FP/USDA,FOOD PANTRY-Agency,USDA,N-50-10310,5,0,0,24.3,135,MADISON,0.18,2/7/2024 14:20,2/7/2024 13:31,Price Code 1,CUSTOMER PICKUP,False,Food Bank of Northeast Georgia,01,30646.0,Hull,USDA DICED POTATOES,Potatoes 
477,175292,683,W-117,Waggoners Grove Baptist Church,477921,,FP/OP/GNAP/USDA,FOOD PANTRY-Agency,BLUE RECEIPT-SHL,W-16-10001,29,0,0,5.22,29,MADISON,0.18,2/7/2024 14:38,2/7/2024 13:53,Price Code 1,CUSTOMER PICKUP,False,Sharing Floor Athens,01-SH,30628.0,Colbert,MISC. FOOD BOX SHL,Food Misc.
477,172471,346,W-117,Waggoners Grove Baptist Church,476102,,FP/OP/GNAP/USDA,FOOD PANTRY-Agency,YELLOW RECEIPT - SHN,N-25-10350,5,0,0,11.7,65,MADISON,0.18,1/11/2024 10:00,1/11/2024 12:16,Price Code 1,CUSTOMER PICKUP,False,Food Bank of Northeast Georgia,01,30628.0,Colbert,"SALTINE CRACKERS, ZESTA ORIGINAL",Grains
549,181144,683,R-120,Roger's Baptist Church,483749,,FP/OP/USDA,FOOD PANTRY-Agency,BLUE RECEIPT-SHL,W-16-10001,484,0,0,87.12,484,MADISON,0.18,5/21/2024 15:13,5/21/2024 14:16,Price Code 1,CUSTOMER PICKUP,False,Sharing Floor Athens,01-SH,30530.0,Commerce,MISC. FOOD BOX SHL,Food Misc.
1010,180924,5407,F-143,Freedom C.H. Church,483530,,FP/USDA,FOOD PANTRY-Agency,BLUE RECEIPT-SHL,F-15-10000,125,0,0,22.5,125,MADISON,0.18,5/16/2024 9:44,5/16/2024 9:48,Price Code 1,CUSTOMER PICKUP,False,Sharing Floor Athens,01-SH,30662.0,Royston,"MEAT & SEAFOOD, FROZEN SHL",Proteins
571,173973,7082,F-122,Freedom Church of God,477602,,FP/OP/USDA,FOOD PANTRY-Agency,USDA,C-50-10033,12,0,0,0.0,144,MADISON,0.0,2/6/2024 11:00,2/7/2024 13:11,Price Code 1,CUSTOMER PICKUP,False,Food Bank of Northeast Georgia,01,30530.0,Commerce,USDA SHREDDED YELLOW CHEDDAR CHEESE CCC,Dairy
836,180311,8997,G-122,Gordon's Chapel Methodist Church,482917,,FP/USDA,FOOD PANTRY-Agency,USDA,N-50-10312,15,0,0,32.4,180,MADISON,0.18,5/15/2024 14:15,5/15/2024 13:29,Price Code 1,CUSTOMER PICKUP,False,Food Bank of Northeast Georgia,01,30646.0,Hull,USDA CHILI W/ BEANS CCC,Prepared Meals
836,177995,8720,G-122,Gordon's Chapel Methodist Church,480614,,FP/USDA,FOOD PANTRY-Agency,USDA,N-50-10305,10,0,0,25.2,140,MADISON,0.18,4/10/2024 14:20,4/10/2024 12:37,Price Code 1,CUSTOMER PICKUP,False,Food Bank of Northeast Georgia,01,30646.0,Hull,USDA MIXED VegetablesCCC,Vegetables
892,181125,2202,L-114,Legacy Baptist Church,483730,,FP/USDA,FOOD PANTRY-Agency,USDA,N-50-10240,2,0,0,7.92,44,MADISON,0.18,5/24/2024 14:00,5/24/2024 14:13,Price Code 1,CUSTOMER PICKUP,False,Food Bank of Northeast Georgia,01,30646.0,Hull,USDA SPAGHETTI,Grains
137,179538,5772,J-100,Jubilee Partners,482151,,FP/OP/GNAP,RESIDENTIAL-Agency,LOCAL - LL,C-28-10000,348,0,0,10.44,348,MADISON,0.03,4/24/2024 13:23,4/24/2024 8:47,Price Code 1,CUSTOMER PICKUP,False,Sharing Floor Athens,01-SH,30629.0,Comer,"PRODUCE, FRESH LL",Mixed Produce
410,177602,170,C-110,Colbert First Baptist Church,480222,,FP/GNAP/USDA,FOOD PANTRY-Agency,USDA,N-50-10007,6,0,0,30.24,168,MADISON,0.18,3/22/2024 12:40,3/22/2024 10:49,Price Code 1,CUSTOMER PICKUP,False,Food Bank of Northeast Georgia,01,30628.0,Colbert,"USDA CORN, WHOLE KERNEL NO SALT",Vegetables
836,173072,4715,G-122,Gordon's Chapel Methodist Church,476702,,FP/USDA,FOOD PANTRY-Agency,USDA,F-50-90461,3,0,0,21.6,120,MADISON,0.18,1/18/2024 14:20,1/18/2024 9:26,Price Code 1,CUSTOMER PICKUP,False,Food Bank of Northeast Georgia,01,30646.0,Hull,USDA ALASKAN POLLACK FISH FILLETS,Proteins
571,176364,5388,F-122,Freedom Church of God,478989,,FP/OP/USDA,FOOD PANTRY-Agency,BLUE RECEIPT-SHL,F-16-10001,32,0,0,0.0,32,MADISON,0.0,2/28/2024 14:21,2/28/2024 11:55,Price Code 1,CUSTOMER PICKUP,False,Sharing Floor Athens,01-SH,30530.0,Commerce,"ASSORTED FROZEN FOODS, SHL",Food Misc.
898,179244,5772,M-132,Meadow Baptist Church,481857,,FP/USDA,DIRECT ASSISTANCE-Agency,LOCAL - LL,C-28-10000,396,0,0,11.88,396,MADISON,0.03,4/19/2024 10:02,4/19/2024 8:31,Price Code 1,CUSTOMER PICKUP,False,Sharing Floor Athens,01-SH,30629.0,Comer,"PRODUCE, FRESH LL",Mixed Produce
477,173330,4448,W-117,Waggoners Grove Baptist Church,476959,,FP/OP/GNAP/USDA,FOOD PANTRY-Agency,USDA,F-50-90446,2,0,0,10.08,56,MADISON,0.18,1/26/2024 10:00,1/26/2024 9:49,Price Code 1,CUSTOMER PICKUP,False,Food Bank of Northeast Georgia,01,30628.0,Colbert,USDA FROZEN STRAWBERRY FRUIT CUPS,Fruits
519,176942,683,C-140,Colbert Living Waters Holiness Church,479564,,FP/OP/USDA,FOOD PANTRY-Agency,BLUE RECEIPT-SHL,W-16-10001,210,0,0,37.8,210,MADISON,0.18,3/8/2024 14:56,3/8/2024 10:49,Price Code 1,CUSTOMER PICKUP,False,Sharing Floor Athens,01-SH,30628.0,Colbert,MISC. FOOD BOX SHL,Food Misc.
571,179275,8997,F-122,Freedom Church of God,481888,,FP/OP/USDA,FOOD PANTRY-Agency,USDA,N-50-10312,1,0,0,2.16,12,MADISON,0.18,4/24/2024 14:21,4/24/2024 13:37,Price Code 1,CUSTOMER PICKUP,False,Food Bank of Northeast Georgia,01,30530.0,Commerce,USDA CHILI W/ BEANS CCC,Prepared Meals
898,173294,5772,M-132,Meadow Baptist Church,476923,,FP/USDA,DIRECT ASSISTANCE-Agency,LOCAL - LL,C-28-10000,170,0,0,5.1,170,MADISON,0.03,1/19/2024 10:02,1/19/2024 8:46,Price Code 1,CUSTOMER PICKUP,False,Sharing Floor Athens,01-SH,30629.0,Comer,"PRODUCE, FRESH LL",Mixed Produce
371,182547,683,E-111,Evangelical Methodist Church - Danielsville,485150,,FOOD PANTRY,FOOD PANTRY-Agency,BLUE RECEIPT-SHL,W-16-10001,71,0,0,12.78,71,MADISON,0.18,6/25/2024 13:56,6/25/2024 11:23,Price Code 1,CUSTOMER PICKUP,False,Sharing Floor Athens,01-SH,30633.0,Danielsville,MISC. FOOD BOX SHL,Food Misc.
571,177884,8497,F-122,Freedom Church of God,480503,,FP/OP/USDA,FOOD PANTRY-Agency,USDA,C-50-10048,10,0,0,0.0,320,MADISON,0.0,3/26/2024 14:21,3/26/2024 11:36,Price Code 1,CUSTOMER PICKUP,False,Food Bank of Northeast Georgia,01,30530.0,Commerce,USDA MANDARIN ORANGES,Fruits
777,173012,1047,TH-130,Moons Grove Baptist Church (There's Hope For the Hungry),476642,,FP/USDA,MOBILE PANTRY-Agency,USDA,N-50-10041,50,0,0,441.0,2450,MADISON,0.18,1/18/2024 8:29,1/30/2024 8:15,Price Code 1,TRACTOR TRAILER 1,False,Food Bank of Northeast Georgia,01,30628.0,Colbert,USDA RICE,Grains
137,178649,875,J-100,Jubilee Partners,481265,,FP/OP/GNAP,RESIDENTIAL-Agency,BLUE RECEIPT-SHL,W-04-10000,32,0,0,0.0,32,MADISON,0.0,4/10/2024 13:23,4/10/2024 8:50,Price Code 1,CUSTOMER PICKUP,False,Sharing Floor Athens,01-SH,30629.0,Comer,"BREAD & BAKERY, ASSORTED SHL",Grains
915,182493,8973,T-122,Tabors Chapel CME Church,FAIMPORT485097,,DIRECT ASSISTANCE,DIRECT ASSISTANCE-Agency,BLUE RECEIPT-SHL,MCC-16-10001,22,0,0,0.0,22,MADISON,0.0,6/17/2024 0:00,6/17/2024 0:00,Price Code 1,CUSTOMER PICKUP,False,Food Bank of Northeast Georgia,01,30633.0,Danielsville,"COOLER FOOD MISC., SHL RETAIL PICKUP",Food Misc.
571,180061,5407,F-122,Freedom Church of God,482669,,FP/OP/USDA,FOOD PANTRY-Agency,BLUE RECEIPT-SHL,F-15-10000,60,0,0,10.8,60,MADISON,0.18,5/2/2024 14:21,5/2/2024 9:36,Price Code 1,CUSTOMER PICKUP,False,Sharing Floor Athens,01-SH,30530.0,Commerce,"MEAT & SEAFOOD, FROZEN SHL",Proteins
915,179994,8973,T-122,Tabors Chapel CME Church,FAIMPORT482603,,DIRECT ASSISTANCE,DIRECT ASSISTANCE-Agency,BLUE RECEIPT-SHL,MCC-16-10001,36,0,0,0.0,36,MADISON,0.0,4/29/2024 0:00,4/29/2024 0:00,Price Code 1,CUSTOMER PICKUP,False,Food Bank of Northeast Georgia,01,30633.0,Danielsville,"COOLER FOOD MISC., SHL RETAIL PICKUP",Food Misc.
915,179338,9020,T-122,Tabors Chapel CME Church,481951,,DIRECT ASSISTANCE,DIRECT ASSISTANCE-Agency,BLUE RECEIPT-SHL,F-15-90560,3,0,0,9.72,54,MADISON,0.18,4/26/2024 14:19,4/26/2024 13:51,Price Code 1,CUSTOMER PICKUP,False,Food Bank of Northeast Georgia,01,30633.0,Danielsville,APPLETON PORK SAUSAGE,Proteins
799,181693,7083,C-149,Colbert Methodist Church,484297,,FP/GNAP/USDA,FOOD PANTRY-Agency,USDA,C-50-10029,5,0,0,10.8,60,MADISON,0.18,6/6/2024 11:30,6/6/2024 11:41,Price Code 1,CUSTOMER PICKUP,False,Food Bank of Northeast Georgia,01,30628.0,Colbert,"USDA MILD CHEDDAR CHEESE, BLOCK CCC",Dairy
799,180305,9039,C-149,Colbert Methodist Church,482911,,FP/GNAP/USDA,FOOD PANTRY-Agency,GNAP,N-40-10276,2,0,0,0.0,20,MADISON,0.0,5/10/2024 9:15,5/10/2024 12:18,Price Code 1,CUSTOMER PICKUP,False,Food Bank of Northeast Georgia,01,30628.0,Colbert,GNAP CHEESE STICKS - WHITE CHEDDAR,Dairy
799,179620,5407,C-149,Colbert Methodist Church,482233,,FP/GNAP/USDA,FOOD PANTRY-Agency,BLUE RECEIPT-SHL,F-15-10000,85,0,0,15.3,85,MADISON,0.18,4/25/2024 9:56,4/25/2024 13:49,Price Code 1,CUSTOMER PICKUP,False,Sharing Floor Athens,01-SH,30628.0,Colbert,"MEAT & SEAFOOD, FROZEN SHL",Proteins
981,175646,8945,D-111,Divine Healing Ministry of Recovery Inc.,478274,,ON PREMISES (OP),REHAB-Agency,BLUE RECEIPT-SHL,N-03-11809,2,0,0,0.0,36,MADISON,0.0,2/20/2024 15:37,2/27/2024 11:28,Price Code 1,CONTACT FOR DELIVERY,False,Food Bank of Northeast Georgia,01,30633.0,Commerce,PROPEL KIWI STRAWBERRY,Beverages
571,181223,9062,F-122,Freedom Church of God,483828,,FP/OP/USDA,FOOD PANTRY-Agency,LOCAL - LL,N-25-11975,4,0,0,2.16,12,MADISON,0.18,5/30/2024 11:30,6/3/2024 8:38,Price Code 1,CUSTOMER PICKUP,False,Food Bank of Northeast Georgia,01,30530.0,Commerce,DOVE DARK CHOCOLATE & PEANUT BUTTER,Food Misc.
477,178358,9006,W-117,Waggoners Grove Baptist Church,480974,,FP/OP/GNAP/USDA,FOOD PANTRY-Agency,BLUE RECEIPT-SHL,N-03-11825,6,0,0,0.0,66,MADISON,0.0,4/15/2024 9:00,4/15/2024 10:20,Price Code 1,CUSTOMER PICKUP,False,Food Bank of Northeast Georgia,01,30628.0,Colbert,STARBUCKS NITRO COLD BREW,Beverages
571,173617,696,F-122,Freedom Church of God,477246,,FP/OP/USDA,FOOD PANTRY-Agency,LOCAL - LL,W-25-10000,61,0,0,5.49,61,MADISON,0.09,1/25/2024 14:21,1/25/2024 11:53,Price Code 1,CUSTOMER PICKUP,False,Sharing Floor Athens,01-SH,30530.0,Commerce,"ASSORTED SNACK ITEMS, LL",Food Misc.
1010,182509,5407,F-143,Freedom C.H. Church,485112,,FP/USDA,FOOD PANTRY-Agency,BLUE RECEIPT-SHL,F-15-10000,104,0,0,18.72,104,MADISON,0.18,6/21/2024 15:03,6/21/2024 15:09,Price Code 1,CUSTOMER PICKUP,False,Sharing Floor Athens,01-SH,30662.0,Royston,"MEAT & SEAFOOD, FROZEN SHL",Proteins
799,181691,9078,C-149,Colbert Methodist Church,484295,,FP/GNAP/USDA,FOOD PANTRY-Agency,BLUE RECEIPT-SHL,N-03-11840,10,0,0,0.0,90,MADISON,0.0,6/6/2024 14:40,6/6/2024 13:10,Price Code 1,CUSTOMER PICKUP,False,Food Bank of Northeast Georgia,01,30628.0,Colbert,PEPSI ZERO WILD CHERRY,Beverages
915,181708,8973,T-122,Tabors Chapel CME Church,FAIMPORT484312,,DIRECT ASSISTANCE,DIRECT ASSISTANCE-Agency,BLUE RECEIPT-SHL,MCC-16-10001,7,0,0,0.0,7,MADISON,0.0,5/27/2024 0:00,5/27/2024 0:00,Price Code 1,CUSTOMER PICKUP,False,Food Bank of Northeast Georgia,01,30633.0,Danielsville,"COOLER FOOD MISC., SHL RETAIL PICKUP",Food Misc.
1010,178238,690,F-143,Freedom C.H. Church,480854,,FP/USDA,FOOD PANTRY-Agency,BLUE RECEIPT-SHL,W-03-10013,181,0,0,0.0,181,MADISON,0.0,4/3/2024 9:34,4/3/2024 9:37,Price Code 1,CUSTOMER PICKUP,False,Sharing Floor Athens,01-SH,30662.0,Royston,"ASSORTED BEVERAGES, SHL",Beverages
915,178887,8970,T-122,Tabors Chapel CME Church,FAIMPORT481501,,DIRECT ASSISTANCE,DIRECT ASSISTANCE-Agency,BLUE RECEIPT-SHL,MCW-16-10001,37,0,0,0.0,37,MADISON,0.0,4/11/2024 0:00,4/11/2024 0:00,Price Code 1,CUSTOMER PICKUP,False,Food Bank of Northeast Georgia,01,30633.0,Danielsville,"MISC. FOOD BOX, SHL RETAIL PICKUP",Food Misc.
915,180210,9025,T-122,Tabors Chapel CME Church,482816,,DIRECT ASSISTANCE,DIRECT ASSISTANCE-Agency,YELLOW RECEIPT - SHN,N-11-11072,1,0,0,1.62,9,MADISON,0.18,5/8/2024 13:30,5/8/2024 13:45,Price Code 1,CUSTOMER PICKUP,False,Food Bank of Northeast Georgia,01,30633.0,Danielsville,MRS BUTTERSWORTHS SMORES PANCAKE KIT,Food Misc.
571,178397,1786,F-122,Freedom Church of God,481013,,FP/OP/USDA,FOOD PANTRY-Agency,BLUE RECEIPT-SHL,N-03-10670,3,0,0,0.0,18,MADISON,0.0,4/11/2024 14:21,4/11/2024 13:26,Price Code 1,CUSTOMER PICKUP,False,Food Bank of Northeast Georgia,01,30530.0,Commerce,DIET DR PEPPER,Beverages
549,176868,8837,R-120,Roger's Baptist Church,479490,,FP/OP/USDA,FOOD PANTRY-Agency,BLUE RECEIPT-SHL,N-03-11773,4,0,0,0.0,40,MADISON,0.0,3/19/2024 13:30,3/19/2024 13:52,Price Code 1,CUSTOMER PICKUP,False,Food Bank of Northeast Georgia,01,30530.0,Commerce,MT DEW PASSSIONFRUIT PUNCH,Beverages
981,175364,690,D-111,Divine Healing Ministry of Recovery Inc.,477993,,ON PREMISES (OP),REHAB-Agency,BLUE RECEIPT-SHL,W-03-10013,80,0,0,0.0,80,MADISON,0.0,2/8/2024 13:59,2/8/2024 14:02,Price Code 1,CONTACT FOR DELIVERY,False,Sharing Floor Athens,01-SH,30633.0,Commerce,"ASSORTED BEVERAGES, SHL",Beverages
898,178637,9014,M-132,Meadow Baptist Church,481253,,FP/USDA,DIRECT ASSISTANCE-Agency,PURCH,N-27-10136,3,0,156,14.58,81,MADISON,0.18,4/19/2024 8:02,5/8/2024 7:49,Price Code 1,CUSTOMER PICKUP,False,Food Bank of Northeast Georgia,01,30629.0,Comer,"GREEN BEANS, HARVEST VALLEY",Vegetables
477,175969,5938,W-117,Waggoners Grove Baptist Church,478597,,FP/OP/GNAP/USDA,FOOD PANTRY-Agency,BLUE RECEIPT-SHL,C-28-10001,147,0,0,4.41,147,MADISON,0.03,2/21/2024 14:38,2/21/2024 14:05,Price Code 1,CUSTOMER PICKUP,False,Sharing Floor Athens,01-SH,30628.0,Colbert,"PRODUCE, FRESH SHL",Mixed Produce
549,181144,875,R-120,Roger's Baptist Church,483749,,FP/OP/USDA,FOOD PANTRY-Agency,BLUE RECEIPT-SHL,W-04-10000,29,0,0,0.0,29,MADISON,0.0,5/21/2024 15:13,5/21/2024 14:16,Price Code 1,CUSTOMER PICKUP,False,Sharing Floor Athens,01-SH,30530.0,Commerce,"BREAD & BAKERY, ASSORTED SHL",Grains
571,179275,9018,F-122,Freedom Church of God,481888,,FP/OP/USDA,FOOD PANTRY-Agency,LFB,N-12-10105,2,0,0,1.08,6,MADISON,0.18,4/24/2024 14:21,4/24/2024 13:37,Price Code 1,CUSTOMER PICKUP,False,Food Bank of Northeast Georgia,01,30530.0,Commerce,CREST WHITE TOOTHPASTE,Non-Food Misc.
477,178281,8996,W-117,Waggoners Grove Baptist Church,480897,,FP/OP/GNAP/USDA,FOOD PANTRY-Agency,LOCAL - LL,C-07-90662,11,0,0,0.0,154,MADISON,0.0,4/15/2024 9:00,4/15/2024 10:21,Price Code 1,CUSTOMER PICKUP,False,Food Bank of Northeast Georgia,01,30628.0,Colbert,DUNKIN COFFEE CREAMER,Food Misc.
820,175420,683,N-122,New Bethel CH Church,478049,,FP/GNAP/USDA,FOOD PANTRY-Agency,BLUE RECEIPT-SHL,W-16-10001,32,0,0,5.76,32,MADISON,0.18,2/9/2024 12:47,2/9/2024 14:16,Price Code 1,CUSTOMER PICKUP,False,Sharing Floor Athens,01-SH,30662.0,Royston,MISC. FOOD BOX SHL,Food Misc.
1010,182020,235,F-143,Freedom C.H. Church,484624,,FP/USDA,FOOD PANTRY-Agency,LOCAL - LL,W-03-10012,113,0,0,0.0,113,MADISON,0.0,6/7/2024 10:14,6/7/2024 10:19,Price Code 1,CUSTOMER PICKUP,False,Sharing Floor Athens,01-SH,30662.0,Royston,"ASSORTED BEVERAGES, LL",Beverages
799,181691,8740,C-149,Colbert Methodist Church,484295,,FP/GNAP/USDA,FOOD PANTRY-Agency,BLUE RECEIPT-SHL,N-03-11740,1,0,0,0.0,28,MADISON,0.0,6/6/2024 14:40,6/6/2024 13:10,Price Code 1,CUSTOMER PICKUP,False,Food Bank of Northeast Georgia,01,30628.0,Colbert,MT DEW BAJA BLAST,Beverages
477,172471,8875,W-117,Waggoners Grove Baptist Church,476102,,FP/OP/GNAP/USDA,FOOD PANTRY-Agency,BLUE RECEIPT-SHL,N-03-11780,10,0,0,0.0,350,MADISON,0.0,1/11/2024 10:00,1/11/2024 12:16,Price Code 1,CUSTOMER PICKUP,False,Food Bank of Northeast Georgia,01,30628.0,Colbert,GATORADE G2 GRAPE,Beverages
836,173072,8627,G-122,Gordon's Chapel Methodist Church,476702,,FP/USDA,FOOD PANTRY-Agency,USDA,N-50-10300,4,0,0,10.08,56,MADISON,0.18,1/18/2024 14:20,1/18/2024 9:26,Price Code 1,CUSTOMER PICKUP,False,Food Bank of Northeast Georgia,01,30646.0,Hull,USDA CANNED COLLARD GREENS CCC,Vegetables
571,179301,8975,F-122,Freedom Church of God,FAIMPORT481914,,FP/OP/USDA,FOOD PANTRY-Agency,BLUE RECEIPT-SHL,MCC-07-10001,14,0,0,0.0,14,MADISON,0.0,4/18/2024 0:00,4/18/2024 0:00,Price Code 1,CUSTOMER PICKUP,False,Food Bank of Northeast Georgia,01,30530.0,Commerce,"DAIRY PRODUCTS, SHL RETAIL PICKUPS",Dairy
137,175608,5958,J-100,Jubilee Partners,478236,,FP/OP/GNAP,RESIDENTIAL-Agency,BLUE RECEIPT-SHL,C-16-10001,20,0,0,3.6,20,MADISON,0.18,2/14/2024 13:23,2/14/2024 8:59,Price Code 1,CUSTOMER PICKUP,False,Sharing Floor Athens,01-SH,30629.0,Comer,"COOLER FOOD, MISC. SHL",Food Misc.
898,177348,5407,M-132,Meadow Baptist Church,479968,,FP/USDA,DIRECT ASSISTANCE-Agency,BLUE RECEIPT-SHL,F-15-10000,105,0,0,18.9,105,MADISON,0.18,3/15/2024 10:02,3/15/2024 8:43,Price Code 1,CUSTOMER PICKUP,False,Sharing Floor Athens,01-SH,30629.0,Comer,"MEAT & SEAFOOD, FROZEN SHL",Proteins
915,179294,8970,T-122,Tabors Chapel CME Church,FAIMPORT481907,,DIRECT ASSISTANCE,DIRECT ASSISTANCE-Agency,BLUE RECEIPT-SHL,MCW-16-10001,15,0,0,0.0,15,MADISON,0.0,4/18/2024 0:00,4/18/2024 0:00,Price Code 1,CUSTOMER PICKUP,False,Food Bank of Northeast Georgia,01,30633.0,Danielsville,"MISC. FOOD BOX, SHL RETAIL PICKUP",Food Misc.
549,180225,7083,R-120,Roger's Baptist Church,482831,,FP/OP/USDA,FOOD PANTRY-Agency,USDA,C-50-10029,8,0,0,17.28,96,MADISON,0.18,5/21/2024 13:45,5/21/2024 14:04,Price Code 1,CUSTOMER PICKUP,False,Food Bank of Northeast Georgia,01,30530.0,Commerce,"USDA MILD CHEDDAR CHEESE, BLOCK CCC",Dairy
137,179930,690,J-100,Jubilee Partners,482541,,FP/OP/GNAP,RESIDENTIAL-Agency,BLUE RECEIPT-SHL,W-03-10013,19,0,0,0.0,19,MADISON,0.0,5/1/2024 13:23,5/1/2024 8:38,Price Code 1,CUSTOMER PICKUP,False,Sharing Floor Athens,01-SH,30629.0,Comer,"ASSORTED BEVERAGES, SHL",Beverages
836,176972,84,G-122,Gordon's Chapel Methodist Church,479594,,FP/USDA,FOOD PANTRY-Agency,USDA,N-50-10006,5,0,0,24.3,135,MADISON,0.18,3/13/2024 14:20,3/13/2024 12:48,Price Code 1,CUSTOMER PICKUP,False,Food Bank of Northeast Georgia,01,30646.0,Hull,USDA GREEN BEANS,Vegetables
571,173973,8938,F-122,Freedom Church of God,477602,,FP/OP/USDA,FOOD PANTRY-Agency,YELLOW RECEIPT - SHN,N-03-11808,2,0,0,0.0,36,MADISON,0.0,2/6/2024 11:00,2/7/2024 13:11,Price Code 1,CUSTOMER PICKUP,False,Food Bank of Northeast Georgia,01,30530.0,Commerce,GATORADE COOL BLUE ZERO SUGAR,Beverages
832,173308,8919,U-104,Union Baptist Church,476937,,FP/OP/USDA,FOOD PANTRY-Agency,LOCAL - LL,N-25-11951,2,0,0,0.72,4,MADISON,0.18,1/30/2024 11:46,2/22/2024 14:24,Price Code 1,CUSTOMER PICKUP,False,Food Bank of Northeast Georgia,01,30646.0,Hull,GHIRARDELLI MILK CHOC CARAMEL,Food Misc.
915,173285,8766,T-122,Tabors Chapel CME Church,476914,,DIRECT ASSISTANCE,DIRECT ASSISTANCE-Agency,LOCAL - LL,N-25-11919,10,0,0,3.6,20,MADISON,0.18,1/23/2024 14:19,1/25/2024 9:06,Price Code 1,CUSTOMER PICKUP,False,Food Bank of Northeast Georgia,01,30633.0,Danielsville,GHIRARDELLI SEA SALT CARAMEL CHOCOLATE,Food Misc.
571,175034,50,F-122,Freedom Church of God,477664,,FP/OP/USDA,FOOD PANTRY-Agency,LOCAL - LL,W-16-10002,26,0,0,4.68,26,MADISON,0.18,2/2/2024 14:21,2/2/2024 11:46,Price Code 1,CUSTOMER PICKUP,False,Sharing Floor Athens,01-SH,30530.0,Commerce,MISC. FOOD BOX LL,Food Misc.
571,181987,688,F-122,Freedom Church of God,484591,,FP/OP/USDA,FOOD PANTRY-Agency,BLUE RECEIPT-SHL,W-01-10000,10,0,0,0.0,10,MADISON,0.0,6/6/2024 14:21,6/6/2024 14:03,Price Code 1,CUSTOMER PICKUP,False,Sharing Floor Athens,01-SH,30530.0,Commerce,"ASSORTED NON-FOOD ITEMS, SHL",Non-Food Misc.
981,175646,6420,D-111,Divine Healing Ministry of Recovery Inc.,478274,,ON PREMISES (OP),REHAB-Agency,BLUE RECEIPT-SHL,C-28-90141,1,0,0,1.0,50,MADISON,0.02,2/20/2024 15:37,2/27/2024 11:28,Price Code 1,CONTACT FOR DELIVERY,False,Food Bank of Northeast Georgia,01,30633.0,Commerce,ONIONS,Vegetables
571,173617,690,F-122,Freedom Church of God,477246,,FP/OP/USDA,FOOD PANTRY-Agency,BLUE RECEIPT-SHL,W-03-10013,62,0,0,0.0,62,MADISON,0.0,1/25/2024 14:21,1/25/2024 11:53,Price Code 1,CUSTOMER PICKUP,False,Sharing Floor Athens,01-SH,30530.0,Commerce,"ASSORTED BEVERAGES, SHL",Beverages
892,177974,8783,L-114,Legacy Baptist Church,480593,,FP/USDA,FOOD PANTRY-Agency,USDA,N-50-10308,1,0,0,4.14,23,MADISON,0.18,4/3/2024 11:15,4/3/2024 11:32,Price Code 1,CUSTOMER PICKUP,False,Food Bank of Northeast Georgia,01,30646.0,Hull,USDA RAISINS,Fruits
549,178348,6351,R-120,Roger's Baptist Church,480964,,FP/OP/USDA,FOOD PANTRY-Agency,BLUE RECEIPT-SHL,C-28-90163,3,0,0,3.0,150,MADISON,0.02,4/16/2024 13:30,4/16/2024 14:00,Price Code 1,CUSTOMER PICKUP,False,Food Bank of Northeast Georgia,01,30530.0,Commerce,YUKON GOLD POTATOES,Potatoes 
915,179237,8546,T-122,Tabors Chapel CME Church,481850,,DIRECT ASSISTANCE,DIRECT ASSISTANCE-Agency,BLUE RECEIPT-SHL,N-03-10262,5,0,0,0.0,150,MADISON,0.0,4/24/2024 14:19,4/24/2024 10:56,Price Code 1,CUSTOMER PICKUP,False,Food Bank of Northeast Georgia,01,30633.0,Danielsville,STARRY LEMON LIME SODA 16.9 OZ,Beverages
137,175262,683,J-100,Jubilee Partners,477891,,FP/OP/GNAP,RESIDENTIAL-Agency,BLUE RECEIPT-SHL,W-16-10001,59,0,0,10.62,59,MADISON,0.18,2/7/2024 13:23,2/7/2024 8:36,Price Code 1,CUSTOMER PICKUP,False,Sharing Floor Athens,01-SH,30629.0,Comer,MISC. FOOD BOX SHL,Food Misc.
799,181693,1791,C-149,Colbert Methodist Church,484297,,FP/GNAP/USDA,FOOD PANTRY-Agency,USDA,N-50-10079,2,0,0,9.36,52,MADISON,0.18,6/6/2024 11:30,6/6/2024 11:41,Price Code 1,CUSTOMER PICKUP,False,Food Bank of Northeast Georgia,01,30628.0,Colbert,USDA WALNUT HALVES AND PIECES,Proteins
477,180901,9064,W-117,Waggoners Grove Baptist Church,483507,,FP/OP/GNAP/USDA,FOOD PANTRY-Agency,LOCAL - LL,N-25-11977,10,0,0,5.4,30,MADISON,0.18,6/3/2024 10:00,6/3/2024 11:49,Price Code 1,CUSTOMER PICKUP,False,Food Bank of Northeast Georgia,01,30628.0,Colbert,RAP SNACKS HOT CRUNCHABLES,Food Misc.
571,176535,8982,F-122,Freedom Church of God,479159,,FP/OP/USDA,FOOD PANTRY-Agency,BLUE RECEIPT-SHL,F-15-90555,10,0,0,23.4,130,MADISON,0.18,3/6/2024 14:21,3/7/2024 10:32,Price Code 1,CUSTOMER PICKUP,False,Food Bank of Northeast Georgia,01,30530.0,Commerce,HORMEL BLACK LABEL BACON,Proteins
915,178887,8975,T-122,Tabors Chapel CME Church,FAIMPORT481501,,DIRECT ASSISTANCE,DIRECT ASSISTANCE-Agency,BLUE RECEIPT-SHL,MCC-07-10001,547,0,0,0.0,547,MADISON,0.0,4/11/2024 0:00,4/11/2024 0:00,Price Code 1,CUSTOMER PICKUP,False,Food Bank of Northeast Georgia,01,30633.0,Danielsville,"DAIRY PRODUCTS, SHL RETAIL PICKUPS",Dairy
799,180305,3114,C-149,Colbert Methodist Church,482911,,FP/GNAP/USDA,FOOD PANTRY-Agency,GNAP,N-40-10171,2,0,0,0.0,18,MADISON,0.0,5/10/2024 9:15,5/10/2024 12:18,Price Code 1,CUSTOMER PICKUP,False,Food Bank of Northeast Georgia,01,30628.0,Colbert,GNAP CHEESY TUNA DINNER POUCH,Prepared Meals
915,175928,8948,T-122,Tabors Chapel CME Church,478556,,DIRECT ASSISTANCE,DIRECT ASSISTANCE-Agency,BLUE RECEIPT-SHL,N-03-11812,2,0,0,0.0,72,MADISON,0.0,2/26/2024 14:19,2/26/2024 12:55,Price Code 1,CUSTOMER PICKUP,False,Food Bank of Northeast Georgia,01,30633.0,Danielsville,LIPTON DIET GREEN CITRUS TEA,Beverages
981,176018,5407,D-111,Divine Healing Ministry of Recovery Inc.,478646,,ON PREMISES (OP),REHAB-Agency,BLUE RECEIPT-SHL,F-15-10000,107,0,0,19.26,107,MADISON,0.18,2/22/2024 11:28,2/22/2024 11:31,Price Code 1,CONTACT FOR DELIVERY,False,Sharing Floor Athens,01-SH,30633.0,Commerce,"MEAT & SEAFOOD, FROZEN SHL",Proteins
915,181709,8974,T-122,Tabors Chapel CME Church,FAIMPORT484313,,DIRECT ASSISTANCE,DIRECT ASSISTANCE-Agency,BLUE RECEIPT-SHL,MCW-04-10000,18,0,0,0.0,18,MADISON,0.0,5/30/2024 0:00,5/30/2024 0:00,Price Code 1,CUSTOMER PICKUP,False,Food Bank of Northeast Georgia,01,30633.0,Danielsville,"BREAD AND BAKERY, SHL RETAIL PICKUPS",Grains
549,172672,3943,R-120,Roger's Baptist Church,476303,,FP/OP/USDA,FOOD PANTRY-Agency,USDA,N-50-10268,4,0,0,4.56,152,MADISON,0.03,1/16/2024 13:30,1/16/2024 14:36,Price Code 1,CUSTOMER PICKUP,False,Food Bank of Northeast Georgia,01,30530.0,Commerce,USDA APPLE JUICE,Beverages
137,180648,8874,J-100,Jubilee Partners,483254,,FP/OP/GNAP,RESIDENTIAL-Agency,YELLOW RECEIPT - SHN,F-10-10002,2,0,0,0.18,6,MADISON,0.03,5/15/2024 9:15,5/15/2024 8:59,Price Code 1,CUSTOMER PICKUP,False,Food Bank of Northeast Georgia,01,30629.0,Comer,OUTSHINE TROPICAL SMOOTHIE CUBES,Beverages
1010,181682,875,F-143,Freedom C.H. Church,484286,,FP/USDA,FOOD PANTRY-Agency,BLUE RECEIPT-SHL,W-04-10000,19,0,0,0.0,19,MADISON,0.0,5/31/2024 10:31,5/31/2024 10:37,Price Code 1,CUSTOMER PICKUP,False,Sharing Floor Athens,01-SH,30662.0,Royston,"BREAD & BAKERY, ASSORTED SHL",Grains
1010,179666,5407,F-143,Freedom C.H. Church,482279,,FP/USDA,FOOD PANTRY-Agency,BLUE RECEIPT-SHL,F-15-10000,66,0,0,11.88,66,MADISON,0.18,4/26/2024 10:15,4/26/2024 10:18,Price Code 1,CUSTOMER PICKUP,False,Sharing Floor Athens,01-SH,30662.0,Royston,"MEAT & SEAFOOD, FROZEN SHL",Proteins
836,180311,3943,G-122,Gordon's Chapel Methodist Church,482917,,FP/USDA,FOOD PANTRY-Agency,USDA,N-50-10268,8,0,0,9.12,304,MADISON,0.03,5/15/2024 14:15,5/15/2024 13:29,Price Code 1,CUSTOMER PICKUP,False,Food Bank of Northeast Georgia,01,30646.0,Hull,USDA APPLE JUICE,Beverages
137,172454,690,J-100,Jubilee Partners,476085,,FP/OP/GNAP,RESIDENTIAL-Agency,BLUE RECEIPT-SHL,W-03-10013,21,0,0,0.0,21,MADISON,0.0,1/3/2024 13:23,1/3/2024 8:44,Price Code 1,CUSTOMER PICKUP,False,Sharing Floor Athens,01-SH,30629.0,Comer,"ASSORTED BEVERAGES, SHL",Beverages
820,175420,875,N-122,New Bethel CH Church,478049,,FP/GNAP/USDA,FOOD PANTRY-Agency,BLUE RECEIPT-SHL,W-04-10000,107,0,0,0.0,107,MADISON,0.0,2/9/2024 12:47,2/9/2024 14:16,Price Code 1,CUSTOMER PICKUP,False,Sharing Floor Athens,01-SH,30662.0,Royston,"BREAD & BAKERY, ASSORTED SHL",Grains
571,179300,8973,F-122,Freedom Church of God,FAIMPORT481913,,FP/OP/USDA,FOOD PANTRY-Agency,BLUE RECEIPT-SHL,MCC-16-10001,7,0,0,0.0,7,MADISON,0.0,4/5/2024 0:00,4/5/2024 0:00,Price Code 1,CUSTOMER PICKUP,False,Food Bank of Northeast Georgia,01,30530.0,Commerce,"COOLER FOOD MISC., SHL RETAIL PICKUP",Food Misc.
477,173769,8938,W-117,Waggoners Grove Baptist Church,477398,,FP/OP/GNAP/USDA,FOOD PANTRY-Agency,YELLOW RECEIPT - SHN,N-03-11808,20,0,0,0.0,360,MADISON,0.0,2/2/2024 14:38,2/2/2024 12:09,Price Code 1,CUSTOMER PICKUP,False,Food Bank of Northeast Georgia,01,30628.0,Colbert,GATORADE COOL BLUE ZERO SUGAR,Beverages
981,175079,8625,D-111,Divine Healing Ministry of Recovery Inc.,477709,,ON PREMISES (OP),REHAB-Agency,BLUE RECEIPT-SHL,N-03-11261,4,0,0,0.0,132,MADISON,0.0,2/7/2024 0:05,2/8/2024 14:05,Price Code 1,CONTACT FOR DELIVERY,False,Food Bank of Northeast Georgia,01,30633.0,Commerce,STARRY ZERO SUGAR 24 X 20 FL OZ,Beverages
799,175363,683,C-149,Colbert Methodist Church,477992,,FP/GNAP/USDA,FOOD PANTRY-Agency,BLUE RECEIPT-SHL,W-16-10001,106,0,0,19.08,106,MADISON,0.18,2/8/2024 9:56,2/8/2024 13:48,Price Code 1,CUSTOMER PICKUP,False,Sharing Floor Athens,01-SH,30628.0,Colbert,MISC. FOOD BOX SHL,Food Misc.
915,172392,8899,T-122,Tabors Chapel CME Church,476023,,DIRECT ASSISTANCE,DIRECT ASSISTANCE-Agency,BLUE RECEIPT-SHL,N-03-11790,2,0,0,0.0,26,MADISON,0.0,1/5/2024 14:19,1/5/2024 13:17,Price Code 1,CUSTOMER PICKUP,False,Food Bank of Northeast Georgia,01,30633.0,Danielsville,STARBUCKS DOUBLE SHOT ENERGY,Beverages
799,180752,8939,C-149,Colbert Methodist Church,483358,,FP/GNAP/USDA,FOOD PANTRY-Agency,BLUE RECEIPT-SHL,C-28-90530,4,0,0,0.0,168,MADISON,0.0,5/16/2024 11:00,5/16/2024 14:52,Price Code 1,CUSTOMER PICKUP,False,Food Bank of Northeast Georgia,01,30628.0,Colbert,"APPLES, SHL",Fruits
137,182314,5407,J-100,Jubilee Partners,484918,,FP/OP/GNAP,RESIDENTIAL-Agency,BLUE RECEIPT-SHL,F-15-10000,44,0,0,7.92,44,MADISON,0.18,6/18/2024 13:23,6/18/2024 9:51,Price Code 1,CUSTOMER PICKUP,False,Sharing Floor Athens,01-SH,30629.0,Comer,"MEAT & SEAFOOD, FROZEN SHL",Proteins
981,176018,50,D-111,Divine Healing Ministry of Recovery Inc.,478646,,ON PREMISES (OP),REHAB-Agency,LOCAL - LL,W-16-10002,86,0,0,15.48,86,MADISON,0.18,2/22/2024 11:28,2/22/2024 11:31,Price Code 1,CONTACT FOR DELIVERY,False,Sharing Floor Athens,01-SH,30633.0,Commerce,MISC. FOOD BOX LL,Food Misc.
729,181733,123,C-164,Colbert Methodist Church INTHEMIDDLEMEALS,484337,,FP/GNAP/USDA,AT-RISK YOUTH-Agency,GNAP,N-40-10002,6,0,0,0.0,90,MADISON,0.0,6/7/2024 14:00,6/7/2024 13:53,Price Code 1,CUSTOMER PICKUP,False,Food Bank of Northeast Georgia,01,30628.0,Colbert,GNAP PEANUT BUTTER,Proteins
519,182529,690,C-140,Colbert Living Waters Holiness Church,485132,,FP/OP/USDA,FOOD PANTRY-Agency,BLUE RECEIPT-SHL,W-03-10013,207,0,0,0.0,207,MADISON,0.0,6/24/2024 14:56,6/24/2024 11:47,Price Code 1,CUSTOMER PICKUP,False,Sharing Floor Athens,01-SH,30628.0,Colbert,"ASSORTED BEVERAGES, SHL",Beverages
799,172829,3204,C-149,Colbert Methodist Church,476460,,FP/GNAP/USDA,FOOD PANTRY-Agency,GNAP,N-40-10217,7,0,0,6.3,63,MADISON,0.1,1/16/2024 9:56,1/25/2024 8:57,Price Code 1,CUSTOMER PICKUP,False,Food Bank of Northeast Georgia,01,30628.0,Colbert,GNAP CANNED HAM,Proteins
799,175070,1356,C-149,Colbert Methodist Church,477700,,FP/GNAP/USDA,FOOD PANTRY-Agency,GNAP,N-40-10131,3,0,0,3.3,33,MADISON,0.1,2/7/2024 9:56,2/7/2024 11:19,Price Code 1,CUSTOMER PICKUP,False,Food Bank of Northeast Georgia,01,30628.0,Colbert,GNAP CHUNK CHICKEN,Proteins
729,173147,1356,C-164,Colbert Methodist Church INTHEMIDDLEMEALS,476777,,FP/GNAP/USDA,AT-RISK YOUTH-Agency,GNAP,N-40-10131,6,0,0,6.6,66,MADISON,0.1,1/23/2024 8:14,1/23/2024 10:06,Price Code 1,CUSTOMER PICKUP,False,Food Bank of Northeast Georgia,01,30628.0,Colbert,GNAP CHUNK CHICKEN,Proteins
915,178422,8974,T-122,Tabors Chapel CME Church,FAIMPORT481038,,DIRECT ASSISTANCE,DIRECT ASSISTANCE-Agency,BLUE RECEIPT-SHL,MCW-04-10000,3,0,0,0.0,3,MADISON,0.0,4/4/2024 0:00,4/4/2024 0:00,Price Code 1,CUSTOMER PICKUP,False,Food Bank of Northeast Georgia,01,30633.0,Danielsville,"BREAD AND BAKERY, SHL RETAIL PICKUPS",Grains
519,175030,690,C-140,Colbert Living Waters Holiness Church,477660,,FP/OP/USDA,FOOD PANTRY-Agency,BLUE RECEIPT-SHL,W-03-10013,79,0,0,0.0,79,MADISON,0.0,2/2/2024 14:56,2/2/2024 10:46,Price Code 1,CUSTOMER PICKUP,False,Sharing Floor Athens,01-SH,30628.0,Colbert,"ASSORTED BEVERAGES, SHL",Beverages
548,175792,1521,M-124,Moons Grove Baptist Church,478420,,FP/OP/USDA,FOOD PANTRY-Agency,USDA,N-50-10104,6,0,0,0.0,150,MADISON,0.0,2/21/2024 7:40,2/21/2024 10:36,Price Code 1,CUSTOMER PICKUP,False,Food Bank of Northeast Georgia,01,30628.0,Colbert,USDA LENTIL BEANS,Proteins
898,177348,690,M-132,Meadow Baptist Church,479968,,FP/USDA,DIRECT ASSISTANCE-Agency,BLUE RECEIPT-SHL,W-03-10013,73,0,0,0.0,73,MADISON,0.0,3/15/2024 10:02,3/15/2024 8:43,Price Code 1,CUSTOMER PICKUP,False,Sharing Floor Athens,01-SH,30629.0,Comer,"ASSORTED BEVERAGES, SHL",Beverages
477,178633,8497,W-117,Waggoners Grove Baptist Church,481249,,FP/OP/GNAP/USDA,FOOD PANTRY-Agency,USDA,C-50-10048,10,0,0,0.0,320,MADISON,0.0,4/29/2024 19:00,4/29/2024 12:02,Price Code 1,CUSTOMER PICKUP,False,Food Bank of Northeast Georgia,01,30628.0,Colbert,USDA MANDARIN ORANGES,Fruits
371,175382,8874,E-111,Evangelical Methodist Church - Danielsville,478011,,FOOD PANTRY,FOOD PANTRY-Agency,YELLOW RECEIPT - SHN,F-10-10002,20,0,0,1.8,60,MADISON,0.03,2/13/2024 13:56,2/13/2024 11:58,Price Code 1,CUSTOMER PICKUP,False,Food Bank of Northeast Georgia,01,30633.0,Danielsville,OUTSHINE TROPICAL SMOOTHIE CUBES,Beverages
892,177974,8714,L-114,Legacy Baptist Church,480593,,FP/USDA,FOOD PANTRY-Agency,USDA,N-50-10303,2,0,0,0.0,48,MADISON,0.0,4/3/2024 11:15,4/3/2024 11:32,Price Code 1,CUSTOMER PICKUP,False,Food Bank of Northeast Georgia,01,30646.0,Hull,USDA GREEN SPLIT PEAS,Proteins
477,173199,92,W-117,Waggoners Grove Baptist Church,476829,,FP/OP/GNAP/USDA,FOOD PANTRY-Agency,LOCAL - LL,W-01-10002,19,0,0,3.42,19,MADISON,0.18,1/17/2024 14:38,1/17/2024 13:49,Price Code 1,CUSTOMER PICKUP,False,Sharing Floor Athens,01-SH,30628.0,Colbert,"ASSORTED NON-FOOD ITEMS, LL",Non-Food Misc.
371,181136,235,E-111,Evangelical Methodist Church - Danielsville,483741,,FOOD PANTRY,FOOD PANTRY-Agency,LOCAL - LL,W-03-10012,257,0,0,0.0,257,MADISON,0.0,5/21/2024 11:00,5/21/2024 11:28,Price Code 1,CUSTOMER PICKUP,False,Sharing Floor Athens,01-SH,30633.0,Danielsville,"ASSORTED BEVERAGES, LL",Beverages
836,176972,1230,G-122,Gordon's Chapel Methodist Church,479594,,FP/USDA,FOOD PANTRY-Agency,USDA,N-50-10097,4,0,0,4.56,152,MADISON,0.03,3/13/2024 14:20,3/13/2024 12:48,Price Code 1,CUSTOMER PICKUP,False,Food Bank of Northeast Georgia,01,30646.0,Hull,USDA CHERRY APPLE JUICE,Beverages
1010,177399,842,F-143,Freedom C.H. Church,480019,,FP/USDA,FOOD PANTRY-Agency,USDA,N-50-10021,6,0,0,29.16,162,MADISON,0.18,3/20/2024 15:56,3/20/2024 8:26,Price Code 1,CUSTOMER PICKUP,False,Food Bank of Northeast Georgia,01,30662.0,Royston,USDA DICED TOMATOES NO SALT CCC,Vegetables
799,175073,8761,C-149,Colbert Methodist Church,477703,,FP/GNAP/USDA,FOOD PANTRY-Agency,USDA,N-50-10306,2,0,0,9.0,50,MADISON,0.18,2/14/2024 9:56,2/14/2024 10:50,Price Code 1,CUSTOMER PICKUP,False,Food Bank of Northeast Georgia,01,30628.0,Colbert,USDA WHOLE DEGLET DATES,Fruits
690,177380,875,H-156,Huff Grove Baptist Church,480000,,FOOD PANTRY,FOOD PANTRY-Agency,BLUE RECEIPT-SHL,W-04-10000,2,0,0,0.0,2,MADISON,0.0,3/15/2024 12:04,3/15/2024 14:10,Price Code 1,CUSTOMER PICKUP,False,Sharing Floor Athens,01-SH,30656.0,Nicholson,"BREAD & BAKERY, ASSORTED SHL",Grains
915,179294,8976,T-122,Tabors Chapel CME Church,FAIMPORT481907,,DIRECT ASSISTANCE,DIRECT ASSISTANCE-Agency,BLUE RECEIPT-SHL,MCC-28-10001,53,0,0,0.0,53,MADISON,0.0,4/18/2024 0:00,4/18/2024 0:00,Price Code 1,CUSTOMER PICKUP,False,Food Bank of Northeast Georgia,01,30633.0,Danielsville,"PRODUCE, SHL RETAIL PICKUPS",Mixed Produce
842,178660,1045,C-153,Cedar Grove Baptist Church,481276,,FP/GNAP/USDA,FOOD PANTRY-Agency,BLUE RECEIPT-SHL,W-25-10009,2,0,0,0.0,2,MADISON,0.0,4/10/2024 8:30,4/10/2024 10:28,Price Code 1,CUSTOMER PICKUP,False,Sharing Floor Athens,01-SH,30629.0,Comer,"ASSORTED SNACK ITEMS, SHL",Food Misc.
548,179057,1047,M-124,Moons Grove Baptist Church,481671,,FP/OP/USDA,FOOD PANTRY-Agency,USDA,N-50-10041,1,0,0,8.82,49,MADISON,0.18,4/19/2024 7:40,4/19/2024 10:26,Price Code 1,CUSTOMER PICKUP,False,Food Bank of Northeast Georgia,01,30628.0,Colbert,USDA RICE,Grains
836,180311,9031,G-122,Gordon's Chapel Methodist Church,482917,,FP/USDA,FOOD PANTRY-Agency,YELLOW RECEIPT - SHN,N-25-11973,5,0,0,2.7,15,MADISON,0.18,5/15/2024 14:15,5/15/2024 13:29,Price Code 1,CUSTOMER PICKUP,False,Food Bank of Northeast Georgia,01,30646.0,Hull,BIGS TAKIS SUNFLOWER SEEDS,Proteins
519,175404,696,C-140,Colbert Living Waters Holiness Church,478033,,FP/OP/USDA,FOOD PANTRY-Agency,LOCAL - LL,W-25-10000,61,0,0,10.98,61,MADISON,0.18,2/9/2024 14:56,2/9/2024 10:30,Price Code 1,CUSTOMER PICKUP,False,Sharing Floor Athens,01-SH,30628.0,Colbert,"ASSORTED SNACK ITEMS, LL",Food Misc.
820,175061,2960,N-122,New Bethel CH Church,477691,,FP/GNAP/USDA,FOOD PANTRY-Agency,USDA,N-50-10247,2,0,0,12.96,72,MADISON,0.18,2/9/2024 11:00,2/9/2024 13:49,Price Code 1,CUSTOMER PICKUP,False,Food Bank of Northeast Georgia,01,30662.0,Royston,USDA BEEF STEW POUCHES CCC,Prepared Meals
137,181493,5938,J-100,Jubilee Partners,484097,,FP/OP/GNAP,RESIDENTIAL-Agency,BLUE RECEIPT-SHL,C-28-10001,344,0,0,10.32,344,MADISON,0.03,5/29/2024 13:23,5/29/2024 8:51,Price Code 1,CUSTOMER PICKUP,False,Sharing Floor Athens,01-SH,30629.0,Comer,"PRODUCE, FRESH SHL",Mixed Produce
820,175061,5088,N-122,New Bethel CH Church,477691,,FP/GNAP/USDA,FOOD PANTRY-Agency,USDA,F-50-90023,1,0,0,0.0,25,MADISON,0.0,2/9/2024 11:00,2/9/2024 13:49,Price Code 1,CUSTOMER PICKUP,False,Food Bank of Northeast Georgia,01,30662.0,Royston,USDA FROZEN PEACHES CCC,Fruits
915,177798,8974,T-122,Tabors Chapel CME Church,FAIMPORT480417,,DIRECT ASSISTANCE,DIRECT ASSISTANCE-Agency,BLUE RECEIPT-SHL,MCW-04-10000,27,0,0,0.0,27,MADISON,0.0,3/18/2024 0:00,3/18/2024 0:00,Price Code 1,CUSTOMER PICKUP,False,Food Bank of Northeast Georgia,01,30633.0,Danielsville,"BREAD AND BAKERY, SHL RETAIL PICKUPS",Grains
571,176364,690,F-122,Freedom Church of God,478989,,FP/OP/USDA,FOOD PANTRY-Agency,BLUE RECEIPT-SHL,W-03-10013,102,0,0,0.0,102,MADISON,0.0,2/28/2024 14:21,2/28/2024 11:55,Price Code 1,CUSTOMER PICKUP,False,Sharing Floor Athens,01-SH,30530.0,Commerce,"ASSORTED BEVERAGES, SHL",Beverages
915,181708,8970,T-122,Tabors Chapel CME Church,FAIMPORT484312,,DIRECT ASSISTANCE,DIRECT ASSISTANCE-Agency,BLUE RECEIPT-SHL,MCW-16-10001,9,0,0,0.0,9,MADISON,0.0,5/27/2024 0:00,5/27/2024 0:00,Price Code 1,CUSTOMER PICKUP,False,Food Bank of Northeast Georgia,01,30633.0,Danielsville,"MISC. FOOD BOX, SHL RETAIL PICKUP",Food Misc.
371,178695,8972,E-111,Evangelical Methodist Church - Danielsville,FAIMPORT481310,,FOOD PANTRY,FOOD PANTRY-Agency,BLUE RECEIPT-SHL,MCF-15-10000,22,0,0,0.0,22,MADISON,0.0,2/9/2024 0:00,2/9/2024 0:00,Price Code 1,CUSTOMER PICKUP,False,Food Bank of Northeast Georgia,01,30633.0,Danielsville,"FROZEN MEAT & SEAFOOD, SHL RETAIL PICKUP",Proteins
571,179323,8624,F-122,Freedom Church of God,481936,,FP/OP/USDA,FOOD PANTRY-Agency,BLUE RECEIPT-SHL,N-03-11260,4,0,0,0.0,48,MADISON,0.0,4/30/2024 14:21,5/1/2024 13:44,Price Code 1,CUSTOMER PICKUP,False,Food Bank of Northeast Georgia,01,30530.0,Commerce,STARRY ZERO SUGAR 12 X 12 FL OZ,Beverages
571,178397,4449,F-122,Freedom Church of God,481013,,FP/OP/USDA,FOOD PANTRY-Agency,USDA,F-50-90445,1,0,0,4.1,41,MADISON,0.1,4/11/2024 14:21,4/11/2024 13:26,Price Code 1,CUSTOMER PICKUP,False,Food Bank of Northeast Georgia,01,30530.0,Commerce,USDA FULLY COOKED PULLED PORK CCC,Proteins
519,175030,50,C-140,Colbert Living Waters Holiness Church,477660,,FP/OP/USDA,FOOD PANTRY-Agency,LOCAL - LL,W-16-10002,261,0,0,46.98,261,MADISON,0.18,2/2/2024 14:56,2/2/2024 10:46,Price Code 1,CUSTOMER PICKUP,False,Sharing Floor Athens,01-SH,30628.0,Colbert,MISC. FOOD BOX LL,Food Misc.
477,176056,8956,W-117,Waggoners Grove Baptist Church,478683,,FP/OP/GNAP/USDA,FOOD PANTRY-Agency,BLUE RECEIPT-SHL,N-03-11817,25,0,0,0.0,350,MADISON,0.0,3/4/2024 10:00,3/4/2024 10:13,Price Code 1,CUSTOMER PICKUP,False,Food Bank of Northeast Georgia,01,30628.0,Colbert,TWISTER CHERRY BERRY BLAST,Beverages
571,178806,5407,F-122,Freedom Church of God,481420,,FP/OP/USDA,FOOD PANTRY-Agency,BLUE RECEIPT-SHL,F-15-10000,175,0,0,0.0,175,MADISON,0.0,4/16/2024 14:21,4/16/2024 9:12,Price Code 1,CUSTOMER PICKUP,False,Food Bank of Northeast Georgia,01,30530.0,Commerce,"MEAT & SEAFOOD, FROZEN SHL",Proteins
477,175993,8957,W-117,Waggoners Grove Baptist Church,478621,,FP/OP/GNAP/USDA,FOOD PANTRY-Agency,YELLOW RECEIPT - SHN,N-25-11956,5,0,0,3.6,20,MADISON,0.18,3/4/2024 10:00,3/4/2024 10:14,Price Code 1,CUSTOMER PICKUP,False,Food Bank of Northeast Georgia,01,30628.0,Colbert,HONEYMAID GRAHAM CRACKERS,Grains
836,173072,8851,G-122,Gordon's Chapel Methodist Church,476702,,FP/USDA,FOOD PANTRY-Agency,PURCH,N-11-11071,8,0,0,8.64,48,MADISON,0.18,1/18/2024 14:20,1/18/2024 9:26,Price Code 1,CUSTOMER PICKUP,False,Food Bank of Northeast Georgia,01,30646.0,Hull,"CHICKEN STUFFING, PREMIER PANTRY",Prepared Meals
519,176942,875,C-140,Colbert Living Waters Holiness Church,479564,,FP/OP/USDA,FOOD PANTRY-Agency,BLUE RECEIPT-SHL,W-04-10000,16,0,0,0.0,16,MADISON,0.0,3/8/2024 14:56,3/8/2024 10:49,Price Code 1,CUSTOMER PICKUP,False,Sharing Floor Athens,01-SH,30628.0,Colbert,"BREAD & BAKERY, ASSORTED SHL",Grains
981,178329,690,D-111,Divine Healing Ministry of Recovery Inc.,480945,,ON PREMISES (OP),REHAB-Agency,BLUE RECEIPT-SHL,W-03-10013,219,0,0,0.0,219,MADISON,0.0,4/4/2024 14:22,4/4/2024 14:26,Price Code 1,CONTACT FOR DELIVERY,False,Sharing Floor Athens,01-SH,30633.0,Commerce,"ASSORTED BEVERAGES, SHL",Beverages
137,182377,8874,J-100,Jubilee Partners,484981,,FP/OP/GNAP,RESIDENTIAL-Agency,YELLOW RECEIPT - SHN,F-10-10002,2,0,0,0.18,6,MADISON,0.03,6/26/2024 14:00,6/26/2024 9:00,Price Code 1,CUSTOMER PICKUP,False,Food Bank of Northeast Georgia,01,30629.0,Comer,OUTSHINE TROPICAL SMOOTHIE CUBES,Beverages
137,182585,1222,J-100,Jubilee Partners,485188,,FP/OP/GNAP,RESIDENTIAL-Agency,YELLOW RECEIPT - SHN,W-16-10003,102,0,0,18.36,102,MADISON,0.18,6/26/2024 13:23,6/26/2024 8:42,Price Code 1,CUSTOMER PICKUP,False,Food Bank of Northeast Georgia,01,30629.0,Comer,ASSORTED FOOD ITEMS SHD,Food Misc.
571,179300,8976,F-122,Freedom Church of God,FAIMPORT481913,,FP/OP/USDA,FOOD PANTRY-Agency,BLUE RECEIPT-SHL,MCC-28-10001,19,0,0,0.0,19,MADISON,0.0,4/5/2024 0:00,4/5/2024 0:00,Price Code 1,CUSTOMER PICKUP,False,Food Bank of Northeast Georgia,01,30530.0,Commerce,"PRODUCE, SHL RETAIL PICKUPS",Mixed Produce
477,175371,170,W-117,Waggoners Grove Baptist Church,478000,,FP/OP/GNAP/USDA,FOOD PANTRY-Agency,USDA,N-50-10007,1,0,0,5.04,28,MADISON,0.18,2/16/2024 14:38,2/16/2024 7:56,Price Code 1,CUSTOMER PICKUP,False,Food Bank of Northeast Georgia,01,30628.0,Colbert,"USDA CORN, WHOLE KERNEL NO SALT",Vegetables
137,172454,5388,J-100,Jubilee Partners,476085,,FP/OP/GNAP,RESIDENTIAL-Agency,BLUE RECEIPT-SHL,F-16-10001,72,0,0,12.96,72,MADISON,0.18,1/3/2024 13:23,1/3/2024 8:44,Price Code 1,CUSTOMER PICKUP,False,Sharing Floor Athens,01-SH,30629.0,Comer,"ASSORTED FROZEN FOODS, SHL",Food Misc.
981,180606,5388,D-111,Divine Healing Ministry of Recovery Inc.,483212,,ON PREMISES (OP),REHAB-Agency,BLUE RECEIPT-SHL,F-16-10001,241,0,0,43.38,241,MADISON,0.18,5/10/2024 11:19,5/10/2024 11:22,Price Code 1,CONTACT FOR DELIVERY,False,Sharing Floor Athens,01-SH,30633.0,Commerce,"ASSORTED FROZEN FOODS, SHL",Food Misc.
137,176343,683,J-100,Jubilee Partners,478968,,FP/OP/GNAP,RESIDENTIAL-Agency,BLUE RECEIPT-SHL,W-16-10001,99,0,0,0.0,99,MADISON,0.0,2/28/2024 13:23,2/28/2024 8:30,Price Code 1,CUSTOMER PICKUP,False,Sharing Floor Athens,01-SH,30629.0,Comer,MISC. FOOD BOX SHL,Food Misc.
1010,177399,170,F-143,Freedom C.H. Church,480019,,FP/USDA,FOOD PANTRY-Agency,USDA,N-50-10007,6,0,0,30.24,168,MADISON,0.18,3/20/2024 15:56,3/20/2024 8:26,Price Code 1,CUSTOMER PICKUP,False,Food Bank of Northeast Georgia,01,30662.0,Royston,"USDA CORN, WHOLE KERNEL NO SALT",Vegetables
799,180305,3717,C-149,Colbert Methodist Church,482911,,FP/GNAP/USDA,FOOD PANTRY-Agency,GNAP,N-40-10154,2,0,0,0.0,40,MADISON,0.0,5/10/2024 9:15,5/10/2024 12:18,Price Code 1,CUSTOMER PICKUP,False,Food Bank of Northeast Georgia,01,30628.0,Colbert,"GNAP APPLE JUICE, SINGLE SERVE",Beverages
519,175404,5938,C-140,Colbert Living Waters Holiness Church,478033,,FP/OP/USDA,FOOD PANTRY-Agency,BLUE RECEIPT-SHL,C-28-10001,119,0,0,3.57,119,MADISON,0.03,2/9/2024 14:56,2/9/2024 10:30,Price Code 1,CUSTOMER PICKUP,False,Sharing Floor Athens,01-SH,30628.0,Colbert,"PRODUCE, FRESH SHL",Mixed Produce
519,181429,5407,C-140,Colbert Living Waters Holiness Church,484033,,FP/OP/USDA,FOOD PANTRY-Agency,BLUE RECEIPT-SHL,F-15-10000,147,0,0,26.46,147,MADISON,0.18,5/28/2024 14:56,5/28/2024 9:37,Price Code 1,CUSTOMER PICKUP,False,Sharing Floor Athens,01-SH,30628.0,Colbert,"MEAT & SEAFOOD, FROZEN SHL",Proteins
915,182123,8976,T-122,Tabors Chapel CME Church,FAIMPORT484727,,DIRECT ASSISTANCE,DIRECT ASSISTANCE-Agency,BLUE RECEIPT-SHL,MCC-28-10001,47,0,0,0.0,47,MADISON,0.0,6/3/2024 0:00,6/3/2024 0:00,Price Code 1,CUSTOMER PICKUP,False,Food Bank of Northeast Georgia,01,30633.0,Danielsville,"PRODUCE, SHL RETAIL PICKUPS",Mixed Produce
836,176972,8665,G-122,Gordon's Chapel Methodist Church,479594,,FP/USDA,FOOD PANTRY-Agency,BLUE RECEIPT-SHL,N-03-11268,6,0,0,4.14,138,MADISON,0.03,3/13/2024 14:20,3/13/2024 12:48,Price Code 1,CUSTOMER PICKUP,False,Food Bank of Northeast Georgia,01,30646.0,Hull,PROPEL BERRY/KIWISTRAW/GRAPE,Beverages
842,178373,2414,C-153,Cedar Grove Baptist Church,480989,,FP/GNAP/USDA,FOOD PANTRY-Agency,USDA,N-50-10244,2,0,0,12.96,72,MADISON,0.18,4/10/2024 10:00,4/10/2024 11:05,Price Code 1,CUSTOMER PICKUP,False,Food Bank of Northeast Georgia,01,30629.0,Comer,USDA CANNED BEEF CCC,Proteins
571,181838,8975,F-122,Freedom Church of God,FAIMPORT484442,,FP/OP/USDA,FOOD PANTRY-Agency,BLUE RECEIPT-SHL,MCC-07-10001,53,0,0,0.0,53,MADISON,0.0,5/31/2024 0:00,5/31/2024 0:00,Price Code 1,CUSTOMER PICKUP,False,Food Bank of Northeast Georgia,01,30530.0,Commerce,"DAIRY PRODUCTS, SHL RETAIL PICKUPS",Dairy
371,176692,1045,E-111,Evangelical Methodist Church - Danielsville,479315,,FOOD PANTRY,FOOD PANTRY-Agency,BLUE RECEIPT-SHL,W-25-10009,98,0,0,17.64,98,MADISON,0.18,3/5/2024 13:56,3/5/2024 11:33,Price Code 1,CUSTOMER PICKUP,False,Sharing Floor Athens,01-SH,30633.0,Danielsville,"ASSORTED SNACK ITEMS, SHL",Food Misc.
1010,176713,8627,F-143,Freedom C.H. Church,479336,,FP/USDA,FOOD PANTRY-Agency,USDA,N-50-10300,5,0,0,12.6,70,MADISON,0.18,3/8/2024 14:53,3/8/2024 14:48,Price Code 1,CUSTOMER PICKUP,False,Food Bank of Northeast Georgia,01,30662.0,Royston,USDA CANNED COLLARD GREENS CCC,Vegetables
137,182314,683,J-100,Jubilee Partners,484918,,FP/OP/GNAP,RESIDENTIAL-Agency,BLUE RECEIPT-SHL,W-16-10001,143,0,0,25.74,143,MADISON,0.18,6/18/2024 13:23,6/18/2024 9:51,Price Code 1,CUSTOMER PICKUP,False,Sharing Floor Athens,01-SH,30629.0,Comer,MISC. FOOD BOX SHL,Food Misc.
137,179086,683,J-100,Jubilee Partners,481700,,FP/OP/GNAP,RESIDENTIAL-Agency,BLUE RECEIPT-SHL,W-16-10001,90,0,0,16.2,90,MADISON,0.18,4/17/2024 13:23,4/17/2024 8:37,Price Code 1,CUSTOMER PICKUP,False,Sharing Floor Athens,01-SH,30629.0,Comer,MISC. FOOD BOX SHL,Food Misc.
799,172829,7119,C-149,Colbert Methodist Church,476460,,FP/GNAP/USDA,FOOD PANTRY-Agency,GNAP,N-40-10226,4,0,0,15.12,84,MADISON,0.18,1/16/2024 9:56,1/25/2024 8:57,Price Code 1,CUSTOMER PICKUP,False,Food Bank of Northeast Georgia,01,30628.0,Colbert,GNAP INSTANT GRITS,Grains
477,176370,5388,W-117,Waggoners Grove Baptist Church,478995,,FP/OP/GNAP/USDA,FOOD PANTRY-Agency,BLUE RECEIPT-SHL,F-16-10001,18,0,0,0.0,18,MADISON,0.0,2/28/2024 14:38,2/28/2024 13:55,Price Code 1,CUSTOMER PICKUP,False,Sharing Floor Athens,01-SH,30628.0,Colbert,"ASSORTED FROZEN FOODS, SHL",Food Misc.
549,178348,170,R-120,Roger's Baptist Church,480964,,FP/OP/USDA,FOOD PANTRY-Agency,USDA,N-50-10007,6,0,0,30.24,168,MADISON,0.18,4/16/2024 13:30,4/16/2024 14:00,Price Code 1,CUSTOMER PICKUP,False,Food Bank of Northeast Georgia,01,30530.0,Commerce,"USDA CORN, WHOLE KERNEL NO SALT",Vegetables
799,172496,7082,C-149,Colbert Methodist Church,476127,,FP/GNAP/USDA,FOOD PANTRY-Agency,USDA,C-50-10033,9,0,0,19.44,108,MADISON,0.18,1/8/2024 9:56,1/8/2024 12:46,Price Code 1,CUSTOMER PICKUP,False,Food Bank of Northeast Georgia,01,30628.0,Colbert,USDA SHREDDED YELLOW CHEDDAR CHEESE CCC,Dairy
836,177995,170,G-122,Gordon's Chapel Methodist Church,480614,,FP/USDA,FOOD PANTRY-Agency,USDA,N-50-10007,2,0,0,10.08,56,MADISON,0.18,4/10/2024 14:20,4/10/2024 12:37,Price Code 1,CUSTOMER PICKUP,False,Food Bank of Northeast Georgia,01,30646.0,Hull,"USDA CORN, WHOLE KERNEL NO SALT",Vegetables
981,175079,3776,D-111,Divine Healing Ministry of Recovery Inc.,477709,,ON PREMISES (OP),REHAB-Agency,BLUE RECEIPT-SHL,N-03-11125,6,0,0,0.0,198,MADISON,0.0,2/7/2024 0:05,2/8/2024 14:05,Price Code 1,CONTACT FOR DELIVERY,False,Food Bank of Northeast Georgia,01,30633.0,Commerce,PEPSI WILD CHERRY,Beverages
799,178469,7167,C-149,Colbert Methodist Church,481085,,FP/GNAP/USDA,FOOD PANTRY-Agency,BLUE RECEIPT-SHL,N-03-11200,10,0,0,0.0,100,MADISON,0.0,4/12/2024 8:56,4/12/2024 12:23,Price Code 1,CUSTOMER PICKUP,False,Food Bank of Northeast Georgia,01,30628.0,Colbert,DR PEPPER ZERO SUGAR,Beverages
571,182136,8973,F-122,Freedom Church of God,FAIMPORT484740,,FP/OP/USDA,FOOD PANTRY-Agency,BLUE RECEIPT-SHL,MCC-16-10001,28,0,0,0.0,28,MADISON,0.0,6/10/2024 0:00,6/10/2024 0:00,Price Code 1,CUSTOMER PICKUP,False,Food Bank of Northeast Georgia,01,30530.0,Commerce,"COOLER FOOD MISC., SHL RETAIL PICKUP",Food Misc.
477,178680,5407,W-117,Waggoners Grove Baptist Church,481296,,FP/OP/GNAP/USDA,FOOD PANTRY-Agency,BLUE RECEIPT-SHL,F-15-10000,60,0,0,10.8,60,MADISON,0.18,4/10/2024 14:38,4/10/2024 13:53,Price Code 1,CUSTOMER PICKUP,False,Sharing Floor Athens,01-SH,30628.0,Colbert,"MEAT & SEAFOOD, FROZEN SHL",Proteins
371,180460,8975,E-111,Evangelical Methodist Church - Danielsville,FAIMPORT483066,,FOOD PANTRY,FOOD PANTRY-Agency,BLUE RECEIPT-SHL,MCC-07-10001,49,0,0,0.0,49,MADISON,0.0,4/15/2024 0:00,4/15/2024 0:00,Price Code 1,CUSTOMER PICKUP,False,Food Bank of Northeast Georgia,01,30633.0,Danielsville,"DAIRY PRODUCTS, SHL RETAIL PICKUPS",Dairy
549,181869,9013,R-120,Roger's Baptist Church,484473,,FP/OP/USDA,FOOD PANTRY-Agency,USDA,N-50-10313,3,0,0,12.96,72,MADISON,0.18,6/25/2024 13:30,6/25/2024 15:46,Price Code 1,CUSTOMER PICKUP,False,Food Bank of Northeast Georgia,01,30530.0,Commerce,USDA LIGHT RED KIDNEY BEANS 24/1LB,Proteins
571,179757,7083,F-122,Freedom Church of God,482370,,FP/OP/USDA,FOOD PANTRY-Agency,USDA,C-50-10029,4,0,0,8.64,48,MADISON,0.18,5/2/2024 14:21,5/2/2024 9:09,Price Code 1,CUSTOMER PICKUP,False,Food Bank of Northeast Georgia,01,30530.0,Commerce,"USDA MILD CHEDDAR CHEESE, BLOCK CCC",Dairy
842,176672,84,C-153,Cedar Grove Baptist Church,479295,,FP/GNAP/USDA,FOOD PANTRY-Agency,USDA,N-50-10006,2,0,0,9.72,54,MADISON,0.18,3/13/2024 9:30,3/13/2024 11:03,Price Code 1,CUSTOMER PICKUP,False,Food Bank of Northeast Georgia,01,30629.0,Comer,USDA GREEN BEANS,Vegetables
137,182585,1222,J-100,Jubilee Partners,485188,,FP/OP/GNAP,RESIDENTIAL-Agency,YELLOW RECEIPT - SHN,W-16-10003,64,0,0,0.0,64,MADISON,0.0,6/26/2024 13:23,6/26/2024 8:42,Price Code 1,CUSTOMER PICKUP,False,Food Bank of Northeast Georgia,01,30629.0,Comer,ASSORTED FOOD ITEMS SHD,Food Misc.
548,175792,170,M-124,Moons Grove Baptist Church,478420,,FP/OP/USDA,FOOD PANTRY-Agency,USDA,N-50-10007,2,0,0,10.08,56,MADISON,0.18,2/21/2024 7:40,2/21/2024 10:36,Price Code 1,CUSTOMER PICKUP,False,Food Bank of Northeast Georgia,01,30628.0,Colbert,"USDA CORN, WHOLE KERNEL NO SALT",Vegetables
799,176127,8916,C-149,Colbert Methodist Church,478754,,FP/GNAP/USDA,FOOD PANTRY-Agency,BLUE RECEIPT-SHL,N-03-11799,8,0,0,0.0,96,MADISON,0.0,3/1/2024 8:56,3/1/2024 12:32,Price Code 1,CUSTOMER PICKUP,False,Food Bank of Northeast Georgia,01,30628.0,Colbert,MONSTER COLD BREW LATTE,Beverages
519,176074,5681,C-140,Colbert Living Waters Holiness Church,478701,,FP/OP/USDA,FOOD PANTRY-Agency,LOCAL - LL,C-16-10000,42,0,0,7.56,42,MADISON,0.18,2/23/2024 14:56,2/23/2024 8:40,Price Code 1,CUSTOMER PICKUP,False,Sharing Floor Athens,01-SH,30628.0,Colbert,"COOLER FOOD, MISC. LL",Food Misc.
548,181825,84,M-124,Moons Grove Baptist Church,484429,,FP/OP/USDA,FOOD PANTRY-Agency,USDA,N-50-10006,2,0,0,9.72,54,MADISON,0.18,6/6/2024 12:50,6/6/2024 12:47,Price Code 1,CUSTOMER PICKUP,False,Food Bank of Northeast Georgia,01,30628.0,Colbert,USDA GREEN BEANS,Vegetables
477,180436,875,W-117,Waggoners Grove Baptist Church,483042,,FP/OP/GNAP/USDA,FOOD PANTRY-Agency,BLUE RECEIPT-SHL,W-04-10000,7,0,0,0.0,7,MADISON,0.0,5/8/2024 14:38,5/8/2024 13:46,Price Code 1,CUSTOMER PICKUP,False,Sharing Floor Athens,01-SH,30628.0,Colbert,"BREAD & BAKERY, ASSORTED SHL",Grains
571,180479,8975,F-122,Freedom Church of God,FAIMPORT483085,,FP/OP/USDA,FOOD PANTRY-Agency,BLUE RECEIPT-SHL,MCC-07-10001,76,0,0,0.0,76,MADISON,0.0,5/3/2024 0:00,5/3/2024 0:00,Price Code 1,CUSTOMER PICKUP,False,Food Bank of Northeast Georgia,01,30530.0,Commerce,"DAIRY PRODUCTS, SHL RETAIL PICKUPS",Dairy
799,180752,9056,C-149,Colbert Methodist Church,483358,,FP/GNAP/USDA,FOOD PANTRY-Agency,GNAP,N-40-10286,1,0,0,0.0,22,MADISON,0.0,5/16/2024 11:00,5/16/2024 14:52,Price Code 1,CUSTOMER PICKUP,False,Food Bank of Northeast Georgia,01,30628.0,Colbert,GNAP DICED PEAR CUPS,Fruits
939,177459,1791,M-140,Madison County MedLink Georgia,480079,,FP/USDA,FOOD PANTRY-Agency,USDA,N-50-10079,9,0,0,0.0,234,MADISON,0.0,3/21/2024 8:00,4/1/2024 8:07,Mobile Pantry/Feed Site Only,TRUCK 1 MOBILE PANTRY,False,Food Bank of Northeast Georgia,01,30628.0,Colbert,USDA WALNUT HALVES AND PIECES,Proteins
571,181230,8600,F-122,Freedom Church of God,483835,,FP/OP/USDA,FOOD PANTRY-Agency,BLUE RECEIPT-SHL,N-03-11249,2,0,0,0.0,60,MADISON,0.0,5/23/2024 14:21,5/23/2024 11:32,Price Code 1,CUSTOMER PICKUP,False,Food Bank of Northeast Georgia,01,30530.0,Commerce,DIET PEPSI,Beverages
137,176739,5958,J-100,Jubilee Partners,479362,,FP/OP/GNAP,RESIDENTIAL-Agency,BLUE RECEIPT-SHL,C-16-10001,52,0,0,9.36,52,MADISON,0.18,3/6/2024 13:23,3/6/2024 8:52,Price Code 1,CUSTOMER PICKUP,False,Sharing Floor Athens,01-SH,30629.0,Comer,"COOLER FOOD, MISC. SHL",Food Misc.
842,178373,3122,C-153,Cedar Grove Baptist Church,480989,,FP/GNAP/USDA,FOOD PANTRY-Agency,GNAP,N-40-10174,2,0,0,0.0,28,MADISON,0.0,4/10/2024 10:00,4/10/2024 11:05,Price Code 1,CUSTOMER PICKUP,False,Food Bank of Northeast Georgia,01,30629.0,Comer,"GNAP BLACKEYE PEAS, LOW SODIUM",Proteins
915,179791,8972,T-122,Tabors Chapel CME Church,FAIMPORT482404,,DIRECT ASSISTANCE,DIRECT ASSISTANCE-Agency,BLUE RECEIPT-SHL,MCF-15-10000,2,0,0,0.0,2,MADISON,0.0,4/25/2024 0:00,4/25/2024 0:00,Price Code 1,CUSTOMER PICKUP,False,Food Bank of Northeast Georgia,01,30633.0,Danielsville,"FROZEN MEAT & SEAFOOD, SHL RETAIL PICKUP",Proteins
571,181838,8976,F-122,Freedom Church of God,FAIMPORT484442,,FP/OP/USDA,FOOD PANTRY-Agency,BLUE RECEIPT-SHL,MCC-28-10001,124,0,0,0.0,124,MADISON,0.0,5/31/2024 0:00,5/31/2024 0:00,Price Code 1,CUSTOMER PICKUP,False,Food Bank of Northeast Georgia,01,30530.0,Commerce,"PRODUCE, SHL RETAIL PICKUPS",Mixed Produce
915,177185,8975,T-122,Tabors Chapel CME Church,FAIMPORT479806,,DIRECT ASSISTANCE,DIRECT ASSISTANCE-Agency,BLUE RECEIPT-SHL,MCC-07-10001,20,0,0,0.0,20,MADISON,0.0,3/11/2024 0:00,3/11/2024 0:00,Price Code 1,CUSTOMER PICKUP,False,Food Bank of Northeast Georgia,01,30633.0,Danielsville,"DAIRY PRODUCTS, SHL RETAIL PICKUPS",Dairy
477,173805,8930,W-117,Waggoners Grove Baptist Church,477434,,FP/OP/GNAP/USDA,FOOD PANTRY-Agency,BLUE RECEIPT-SHL,N-03-11805,2,0,0,0.0,36,MADISON,0.0,2/2/2024 11:00,2/2/2024 10:34,Price Code 1,CUSTOMER PICKUP,False,Food Bank of Northeast Georgia,01,30628.0,Colbert,GATORADE ORANGE ZERO SUGAR,Beverages
371,178694,8970,E-111,Evangelical Methodist Church - Danielsville,FAIMPORT481309,,FOOD PANTRY,FOOD PANTRY-Agency,BLUE RECEIPT-SHL,MCW-16-10001,25,0,0,0.0,25,MADISON,0.0,4/5/2024 0:00,4/5/2024 0:00,Price Code 1,CUSTOMER PICKUP,False,Food Bank of Northeast Georgia,01,30633.0,Danielsville,"MISC. FOOD BOX, SHL RETAIL PICKUP",Food Misc.
477,172471,7082,W-117,Waggoners Grove Baptist Church,476102,,FP/OP/GNAP/USDA,FOOD PANTRY-Agency,USDA,C-50-10033,10,0,0,21.6,120,MADISON,0.18,1/11/2024 10:00,1/11/2024 12:16,Price Code 1,CUSTOMER PICKUP,False,Food Bank of Northeast Georgia,01,30628.0,Colbert,USDA SHREDDED YELLOW CHEDDAR CHEESE CCC,Dairy
915,178189,8974,T-122,Tabors Chapel CME Church,FAIMPORT480807,,DIRECT ASSISTANCE,DIRECT ASSISTANCE-Agency,BLUE RECEIPT-SHL,MCW-04-10000,2,0,0,0.0,2,MADISON,0.0,3/25/2024 0:00,3/25/2024 0:00,Price Code 1,CUSTOMER PICKUP,False,Food Bank of Northeast Georgia,01,30633.0,Danielsville,"BREAD AND BAKERY, SHL RETAIL PICKUPS",Grains
981,175079,8922,D-111,Divine Healing Ministry of Recovery Inc.,477709,,ON PREMISES (OP),REHAB-Agency,LOCAL - LL,N-25-11954,12,0,0,10.8,60,MADISON,0.18,2/7/2024 0:05,2/8/2024 14:05,Price Code 1,CONTACT FOR DELIVERY,False,Food Bank of Northeast Georgia,01,30633.0,Commerce,ATKINS VAR PACK CHOC PEANUT/CARAMEL,Food Misc.
571,178106,5681,F-122,Freedom Church of God,480725,,FP/OP/USDA,FOOD PANTRY-Agency,LOCAL - LL,C-16-10000,39,0,0,7.02,39,MADISON,0.18,4/2/2024 14:21,4/2/2024 10:00,Price Code 1,CUSTOMER PICKUP,False,Sharing Floor Athens,01-SH,30530.0,Commerce,"COOLER FOOD, MISC. LL",Food Misc.
1010,176750,5388,F-143,Freedom C.H. Church,479373,,FP/USDA,FOOD PANTRY-Agency,BLUE RECEIPT-SHL,F-16-10001,67,0,0,0.0,67,MADISON,0.0,3/6/2024 9:50,3/6/2024 9:56,Price Code 1,CUSTOMER PICKUP,False,Sharing Floor Athens,01-SH,30662.0,Royston,"ASSORTED FROZEN FOODS, SHL",Food Misc.
981,177823,50,D-111,Divine Healing Ministry of Recovery Inc.,480442,,ON PREMISES (OP),REHAB-Agency,LOCAL - LL,W-16-10002,105,0,0,18.9,105,MADISON,0.18,3/22/2024 14:58,3/22/2024 14:59,Price Code 1,CONTACT FOR DELIVERY,False,Sharing Floor Athens,01-SH,30633.0,Commerce,MISC. FOOD BOX LL,Food Misc.
137,180840,875,J-100,Jubilee Partners,483446,,FP/OP/GNAP,RESIDENTIAL-Agency,BLUE RECEIPT-SHL,W-04-10000,4,0,0,0.0,4,MADISON,0.0,5/15/2024 13:23,5/15/2024 8:42,Price Code 1,CUSTOMER PICKUP,False,Sharing Floor Athens,01-SH,30629.0,Comer,"BREAD & BAKERY, ASSORTED SHL",Grains
571,182137,8975,F-122,Freedom Church of God,FAIMPORT484741,,FP/OP/USDA,FOOD PANTRY-Agency,BLUE RECEIPT-SHL,MCC-07-10001,129,0,0,0.0,129,MADISON,0.0,6/7/2024 0:00,6/7/2024 0:00,Price Code 1,CUSTOMER PICKUP,False,Food Bank of Northeast Georgia,01,30530.0,Commerce,"DAIRY PRODUCTS, SHL RETAIL PICKUPS",Dairy
799,178469,8741,C-149,Colbert Methodist Church,481085,,FP/GNAP/USDA,FOOD PANTRY-Agency,BLUE RECEIPT-SHL,N-03-11741,10,0,0,0.0,100,MADISON,0.0,4/12/2024 8:56,4/12/2024 12:23,Price Code 1,CUSTOMER PICKUP,False,Food Bank of Northeast Georgia,01,30628.0,Colbert,DIET MT DEW,Beverages
549,181869,8873,R-120,Roger's Baptist Church,484473,,FP/OP/USDA,FOOD PANTRY-Agency,YELLOW RECEIPT - SHN,F-10-10001,10,0,0,0.9,30,MADISON,0.03,6/25/2024 13:30,6/25/2024 15:46,Price Code 1,CUSTOMER PICKUP,False,Food Bank of Northeast Georgia,01,30530.0,Commerce,OUTSHINE STRAWBERRY BANANA SMOOTHIE CUBES,Beverages
799,172829,8851,C-149,Colbert Methodist Church,476460,,FP/GNAP/USDA,FOOD PANTRY-Agency,PURCH,N-11-11071,5,0,0,5.4,30,MADISON,0.18,1/16/2024 9:56,1/25/2024 8:57,Price Code 1,CUSTOMER PICKUP,False,Food Bank of Northeast Georgia,01,30628.0,Colbert,"CHICKEN STUFFING, PREMIER PANTRY",Prepared Meals
477,173769,8858,W-117,Waggoners Grove Baptist Church,477398,,FP/OP/GNAP/USDA,FOOD PANTRY-Agency,BLUE RECEIPT-SHL,N-03-11778,1,0,0,0.0,38,MADISON,0.0,2/2/2024 14:38,2/2/2024 12:09,Price Code 1,CUSTOMER PICKUP,False,Food Bank of Northeast Georgia,01,30628.0,Colbert,CRUSH PEACH SODA,Beverages
915,178422,8973,T-122,Tabors Chapel CME Church,FAIMPORT481038,,DIRECT ASSISTANCE,DIRECT ASSISTANCE-Agency,BLUE RECEIPT-SHL,MCC-16-10001,96,0,0,0.0,96,MADISON,0.0,4/4/2024 0:00,4/4/2024 0:00,Price Code 1,CUSTOMER PICKUP,False,Food Bank of Northeast Georgia,01,30633.0,Danielsville,"COOLER FOOD MISC., SHL RETAIL PICKUP",Food Misc.
915,172589,8683,T-122,Tabors Chapel CME Church,476220,,DIRECT ASSISTANCE,DIRECT ASSISTANCE-Agency,BLUE RECEIPT-SHL,N-03-11728,3,0,0,2.7,54,MADISON,0.05,1/11/2024 14:19,1/11/2024 10:44,Price Code 1,CUSTOMER PICKUP,False,Food Bank of Northeast Georgia,01,30633.0,Danielsville,CRUSH ORANGE SODA,Beverages
915,181051,8854,T-122,Tabors Chapel CME Church,483656,,DIRECT ASSISTANCE,DIRECT ASSISTANCE-Agency,BLUE RECEIPT-SHL,N-03-11776,3,0,0,0.0,99,MADISON,0.0,5/24/2024 13:00,5/24/2024 13:49,Price Code 1,CUSTOMER PICKUP,False,Food Bank of Northeast Georgia,01,30633.0,Danielsville,DR PEPPER STRAWBERRIES & CREAM,Beverages
799,175070,7298,C-149,Colbert Methodist Church,477700,,FP/GNAP/USDA,FOOD PANTRY-Agency,GNAP,N-40-10248,4,0,0,5.6,56,MADISON,0.1,2/7/2024 9:56,2/7/2024 11:19,Price Code 1,CUSTOMER PICKUP,False,Food Bank of Northeast Georgia,01,30628.0,Colbert,GNAP BAKING AND BISCUIT MIX,Grains
477,180755,8512,W-117,Waggoners Grove Baptist Church,483361,,FP/OP/GNAP/USDA,FOOD PANTRY-Agency,USDA,C-50-10049,1,0,0,7.02,39,MADISON,0.18,5/17/2024 11:15,5/20/2024 10:32,Price Code 1,CUSTOMER PICKUP,False,Food Bank of Northeast Georgia,01,30628.0,Colbert,USDA GRAPEFRUIT CCC,Fruits
371,179444,1045,E-111,Evangelical Methodist Church - Danielsville,482057,,FOOD PANTRY,FOOD PANTRY-Agency,BLUE RECEIPT-SHL,W-25-10009,45,0,0,8.1,45,MADISON,0.18,4/23/2024 13:56,4/23/2024 11:19,Price Code 1,CUSTOMER PICKUP,False,Sharing Floor Athens,01-SH,30633.0,Danielsville,"ASSORTED SNACK ITEMS, SHL",Food Misc.
137,172846,5407,J-100,Jubilee Partners,476477,,FP/OP/GNAP,RESIDENTIAL-Agency,BLUE RECEIPT-SHL,F-15-10000,56,0,0,10.08,56,MADISON,0.18,1/10/2024 13:23,1/10/2024 8:59,Price Code 1,CUSTOMER PICKUP,False,Sharing Floor Athens,01-SH,30629.0,Comer,"MEAT & SEAFOOD, FROZEN SHL",Proteins
981,178844,4036,D-111,Divine Healing Ministry of Recovery Inc.,481458,,ON PREMISES (OP),REHAB-Agency,BLUE RECEIPT-SHL,N-03-11005,6,0,0,0.0,60,MADISON,0.0,4/17/2024 7:59,4/17/2024 11:59,Price Code 1,CONTACT FOR DELIVERY,False,Food Bank of Northeast Georgia,01,30633.0,Commerce,DIET PEPSI,Beverages
799,176783,890,C-149,Colbert Methodist Church,479406,,FP/GNAP/USDA,FOOD PANTRY-Agency,GNAP,N-40-10001,2,0,0,0.0,54,MADISON,0.0,3/12/2024 7:56,3/12/2024 12:44,Price Code 1,CUSTOMER PICKUP,False,Food Bank of Northeast Georgia,01,30628.0,Colbert,GNAP APPLE SAUCE,Fruits
915,178478,9009,T-122,Tabors Chapel CME Church,481094,,DIRECT ASSISTANCE,DIRECT ASSISTANCE-Agency,BLUE RECEIPT-SHL,N-03-11828,5,0,0,0.0,70,MADISON,0.0,4/10/2024 14:19,4/10/2024 10:27,Price Code 1,CUSTOMER PICKUP,False,Food Bank of Northeast Georgia,01,30633.0,Danielsville,PURE LEAF LEMON TEA,Beverages
842,172527,84,C-153,Cedar Grove Baptist Church,476158,,FP/GNAP/USDA,FOOD PANTRY-Agency,USDA,N-50-10006,2,0,0,9.72,54,MADISON,0.18,1/10/2024 10:00,1/10/2024 11:07,Price Code 1,CUSTOMER PICKUP,False,Food Bank of Northeast Georgia,01,30629.0,Comer,USDA GREEN BEANS,Vegetables
548,175792,4327,M-124,Moons Grove Baptist Church,478420,,FP/OP/USDA,FOOD PANTRY-Agency,USDA,N-50-10277,1,0,0,4.86,27,MADISON,0.18,2/21/2024 7:40,2/21/2024 10:36,Price Code 1,CUSTOMER PICKUP,False,Food Bank of Northeast Georgia,01,30628.0,Colbert,USDA GARBANZO BEANS,Proteins
1010,176713,8963,F-143,Freedom C.H. Church,479336,,FP/USDA,FOOD PANTRY-Agency,YELLOW RECEIPT - SHN,N-25-11960,3,0,0,5.94,33,MADISON,0.18,3/8/2024 14:53,3/8/2024 14:48,Price Code 1,CUSTOMER PICKUP,False,Food Bank of Northeast Georgia,01,30662.0,Royston,"TAPIOCA PUDDING, BEST CHOICE",Food Misc.
371,173472,696,E-111,Evangelical Methodist Church - Danielsville,477101,,FOOD PANTRY,FOOD PANTRY-Agency,LOCAL - LL,W-25-10000,28,0,0,5.04,28,MADISON,0.18,1/23/2024 13:56,1/23/2024 11:34,Price Code 1,CUSTOMER PICKUP,False,Sharing Floor Athens,01-SH,30633.0,Danielsville,"ASSORTED SNACK ITEMS, LL",Food Misc.
799,175073,8907,C-149,Colbert Methodist Church,477703,,FP/GNAP/USDA,FOOD PANTRY-Agency,GNAP,N-40-10267,5,0,0,6.5,65,MADISON,0.1,2/14/2024 9:56,2/14/2024 10:50,Price Code 1,CUSTOMER PICKUP,False,Food Bank of Northeast Georgia,01,30628.0,Colbert,GNAP SPAGHETTI W/ MEATBALLS,Prepared Meals
915,179791,8986,T-122,Tabors Chapel CME Church,FAIMPORT482404,,DIRECT ASSISTANCE,DIRECT ASSISTANCE-Agency,BLUE RECEIPT-SHL,MCW-01-10001,23,0,0,0.0,23,MADISON,0.0,4/25/2024 0:00,4/25/2024 0:00,Price Code 1,CUSTOMER PICKUP,False,Food Bank of Northeast Georgia,01,30633.0,Danielsville,"NON-FOOD ITEMS, SHL RETAIL PICKUPS",Non-Food Misc.
571,176815,8973,F-122,Freedom Church of God,FAIMPORT479438,,FP/OP/USDA,FOOD PANTRY-Agency,BLUE RECEIPT-SHL,MCC-16-10001,14,0,0,0.0,14,MADISON,0.0,2/23/2024 0:00,2/23/2024 0:00,Price Code 1,CUSTOMER PICKUP,False,Food Bank of Northeast Georgia,01,30530.0,Commerce,"COOLER FOOD MISC., SHL RETAIL PICKUP",Food Misc.
799,172496,1674,C-149,Colbert Methodist Church,476127,,FP/GNAP/USDA,FOOD PANTRY-Agency,USDA,N-50-10073,3,0,0,14.58,81,MADISON,0.18,1/8/2024 9:56,1/8/2024 12:46,Price Code 1,CUSTOMER PICKUP,False,Food Bank of Northeast Georgia,01,30628.0,Colbert,USDA TOMATO SAUCE,Vegetables
477,173805,8915,W-117,Waggoners Grove Baptist Church,477434,,FP/OP/GNAP/USDA,FOOD PANTRY-Agency,USDA,F-50-90474,2,0,0,14.4,80,MADISON,0.18,2/2/2024 11:00,2/2/2024 10:34,Price Code 1,CUSTOMER PICKUP,False,Food Bank of Northeast Georgia,01,30628.0,Colbert,USDA PACIFIC SALAD SHRIMP,Proteins
836,173880,8915,G-122,Gordon's Chapel Methodist Church,477509,,FP/USDA,FOOD PANTRY-Agency,USDA,F-50-90474,3,0,0,21.6,120,MADISON,0.18,2/7/2024 14:20,2/7/2024 13:31,Price Code 1,CUSTOMER PICKUP,False,Food Bank of Northeast Georgia,01,30646.0,Hull,USDA PACIFIC SALAD SHRIMP,Proteins
939,177459,8714,M-140,Madison County MedLink Georgia,480079,,FP/USDA,FOOD PANTRY-Agency,USDA,N-50-10303,17,0,0,0.0,408,MADISON,0.0,3/21/2024 8:00,4/1/2024 8:07,Mobile Pantry/Feed Site Only,TRUCK 1 MOBILE PANTRY,False,Food Bank of Northeast Georgia,01,30628.0,Colbert,USDA GREEN SPLIT PEAS,Proteins
915,176483,8957,T-122,Tabors Chapel CME Church,479107,,DIRECT ASSISTANCE,DIRECT ASSISTANCE-Agency,YELLOW RECEIPT - SHN,N-25-11956,3,0,0,2.16,12,MADISON,0.18,3/7/2024 14:19,3/7/2024 9:57,Price Code 1,CUSTOMER PICKUP,False,Food Bank of Northeast Georgia,01,30633.0,Danielsville,HONEYMAID GRAHAM CRACKERS,Grains
137,176739,688,J-100,Jubilee Partners,479362,,FP/OP/GNAP,RESIDENTIAL-Agency,BLUE RECEIPT-SHL,W-01-10000,29,0,0,5.22,29,MADISON,0.18,3/6/2024 13:23,3/6/2024 8:52,Price Code 1,CUSTOMER PICKUP,False,Sharing Floor Athens,01-SH,30629.0,Comer,"ASSORTED NON-FOOD ITEMS, SHL",Non-Food Misc.
477,175187,8834,W-117,Waggoners Grove Baptist Church,477816,,FP/OP/GNAP/USDA,FOOD PANTRY-Agency,BLUE RECEIPT-SHL,N-03-11770,5,0,0,0.0,50,MADISON,0.0,2/14/2024 10:00,2/14/2024 9:40,Price Code 1,CUSTOMER PICKUP,False,Food Bank of Northeast Georgia,01,30628.0,Colbert,MT DEW ZERO SUGAR,Beverages
690,177380,690,H-156,Huff Grove Baptist Church,480000,,FOOD PANTRY,FOOD PANTRY-Agency,BLUE RECEIPT-SHL,W-03-10013,108,0,0,0.0,108,MADISON,0.0,3/15/2024 12:04,3/15/2024 14:10,Price Code 1,CUSTOMER PICKUP,False,Sharing Floor Athens,01-SH,30656.0,Nicholson,"ASSORTED BEVERAGES, SHL",Beverages
820,175061,8918,N-122,New Bethel CH Church,477691,,FP/GNAP/USDA,FOOD PANTRY-Agency,LOCAL - LL,N-25-11950,4,0,0,1.44,8,MADISON,0.18,2/9/2024 11:00,2/9/2024 13:49,Price Code 1,CUSTOMER PICKUP,False,Food Bank of Northeast Georgia,01,30662.0,Royston,GHIRARDELLI DARK CHOCOLATE,Food Misc.
571,177546,7061,F-122,Freedom Church of God,480166,,FP/OP/USDA,FOOD PANTRY-Agency,USDA,C-50-10021,48,0,0,0.0,2016,MADISON,0.0,3/22/2024 14:21,3/23/2024 6:46,Price Code 1,TRUCK 1 MOBILE PANTRY,False,Food Bank of Northeast Georgia,01,30530.0,Commerce,USDA FRESH ORANGES,Fruits
137,173517,5407,J-100,Jubilee Partners,477146,,FP/OP/GNAP,RESIDENTIAL-Agency,BLUE RECEIPT-SHL,F-15-10000,100,0,0,18.0,100,MADISON,0.18,1/24/2024 13:23,1/24/2024 8:53,Price Code 1,CUSTOMER PICKUP,False,Sharing Floor Athens,01-SH,30629.0,Comer,"MEAT & SEAFOOD, FROZEN SHL",Proteins
477,172490,50,W-117,Waggoners Grove Baptist Church,476121,,FP/OP/GNAP/USDA,FOOD PANTRY-Agency,LOCAL - LL,W-16-10002,20,0,0,3.6,20,MADISON,0.18,1/3/2024 14:38,1/3/2024 13:59,Price Code 1,CUSTOMER PICKUP,False,Sharing Floor Athens,01-SH,30628.0,Colbert,MISC. FOOD BOX LL,Food Misc.
137,181493,688,J-100,Jubilee Partners,484097,,FP/OP/GNAP,RESIDENTIAL-Agency,BLUE RECEIPT-SHL,W-01-10000,9,0,0,1.62,9,MADISON,0.18,5/29/2024 13:23,5/29/2024 8:51,Price Code 1,CUSTOMER PICKUP,False,Sharing Floor Athens,01-SH,30629.0,Comer,"ASSORTED NON-FOOD ITEMS, SHL",Non-Food Misc.
548,179057,84,M-124,Moons Grove Baptist Church,481671,,FP/OP/USDA,FOOD PANTRY-Agency,USDA,N-50-10006,2,0,0,9.72,54,MADISON,0.18,4/19/2024 7:40,4/19/2024 10:26,Price Code 1,CUSTOMER PICKUP,False,Food Bank of Northeast Georgia,01,30628.0,Colbert,USDA GREEN BEANS,Vegetables
477,173199,5958,W-117,Waggoners Grove Baptist Church,476829,,FP/OP/GNAP/USDA,FOOD PANTRY-Agency,BLUE RECEIPT-SHL,C-16-10001,34,0,0,6.12,34,MADISON,0.18,1/17/2024 14:38,1/17/2024 13:49,Price Code 1,CUSTOMER PICKUP,False,Sharing Floor Athens,01-SH,30628.0,Colbert,"COOLER FOOD, MISC. SHL",Food Misc.
898,176891,8963,M-132,Meadow Baptist Church,479513,,FP/USDA,DIRECT ASSISTANCE-Agency,YELLOW RECEIPT - SHN,N-25-11960,3,0,0,5.94,33,MADISON,0.18,3/15/2024 8:02,3/15/2024 8:13,Price Code 1,CUSTOMER PICKUP,False,Food Bank of Northeast Georgia,01,30629.0,Comer,"TAPIOCA PUDDING, BEST CHOICE",Food Misc.
842,172859,1045,C-153,Cedar Grove Baptist Church,476490,,FP/GNAP/USDA,FOOD PANTRY-Agency,BLUE RECEIPT-SHL,W-25-10009,14,0,0,2.52,14,MADISON,0.18,1/10/2024 8:30,1/10/2024 10:41,Price Code 1,CUSTOMER PICKUP,False,Sharing Floor Athens,01-SH,30629.0,Comer,"ASSORTED SNACK ITEMS, SHL",Food Misc.
842,180134,170,C-153,Cedar Grove Baptist Church,482742,,FP/GNAP/USDA,FOOD PANTRY-Agency,USDA,N-50-10007,2,0,0,10.08,56,MADISON,0.18,5/8/2024 10:09,6/3/2024 7:54,Price Code 1,CUSTOMER PICKUP,False,Food Bank of Northeast Georgia,01,30629.0,Comer,"USDA CORN, WHOLE KERNEL NO SALT",Vegetables
915,180467,8975,T-122,Tabors Chapel CME Church,FAIMPORT483073,,DIRECT ASSISTANCE,DIRECT ASSISTANCE-Agency,BLUE RECEIPT-SHL,MCC-07-10001,3,0,0,0.0,3,MADISON,0.0,5/6/2024 0:00,5/6/2024 0:00,Price Code 1,CUSTOMER PICKUP,False,Food Bank of Northeast Georgia,01,30633.0,Danielsville,"DAIRY PRODUCTS, SHL RETAIL PICKUPS",Dairy
915,181264,8975,T-122,Tabors Chapel CME Church,FAIMPORT483869,,DIRECT ASSISTANCE,DIRECT ASSISTANCE-Agency,BLUE RECEIPT-SHL,MCC-07-10001,69,0,0,0.0,69,MADISON,0.0,5/16/2024 0:00,5/16/2024 0:00,Price Code 1,CUSTOMER PICKUP,False,Food Bank of Northeast Georgia,01,30633.0,Danielsville,"DAIRY PRODUCTS, SHL RETAIL PICKUPS",Dairy
571,177884,4715,F-122,Freedom Church of God,480503,,FP/OP/USDA,FOOD PANTRY-Agency,USDA,F-50-90461,18,0,0,0.0,720,MADISON,0.0,3/26/2024 14:21,3/26/2024 11:36,Price Code 1,CUSTOMER PICKUP,False,Food Bank of Northeast Georgia,01,30530.0,Commerce,USDA ALASKAN POLLACK FISH FILLETS,Proteins
371,181281,8975,E-111,Evangelical Methodist Church - Danielsville,FAIMPORT483886,,FOOD PANTRY,FOOD PANTRY-Agency,BLUE RECEIPT-SHL,MCC-07-10001,20,0,0,0.0,20,MADISON,0.0,5/13/2024 0:00,5/13/2024 0:00,Price Code 1,CUSTOMER PICKUP,False,Food Bank of Northeast Georgia,01,30633.0,Danielsville,"DAIRY PRODUCTS, SHL RETAIL PICKUPS",Dairy
571,173193,683,F-122,Freedom Church of God,476823,,FP/OP/USDA,FOOD PANTRY-Agency,BLUE RECEIPT-SHL,W-16-10001,22,0,0,0.0,22,MADISON,0.0,1/17/2024 14:21,1/17/2024 12:01,Price Code 1,CUSTOMER PICKUP,False,Sharing Floor Athens,01-SH,30530.0,Commerce,MISC. FOOD BOX SHL,Food Misc.
571,180806,9061,F-122,Freedom Church of God,483412,,FP/OP/USDA,FOOD PANTRY-Agency,LOCAL - LL,N-25-11974,5,0,0,2.7,15,MADISON,0.18,5/17/2024 8:45,5/20/2024 10:34,Price Code 1,CUSTOMER PICKUP,False,Food Bank of Northeast Georgia,01,30530.0,Commerce,DOVE DARK CHOCOLATE & SEA SALT CARAMEL,Food Misc.
915,173504,8683,T-122,Tabors Chapel CME Church,477133,,DIRECT ASSISTANCE,DIRECT ASSISTANCE-Agency,BLUE RECEIPT-SHL,N-03-11728,10,0,0,0.0,180,MADISON,0.0,2/1/2024 14:19,2/1/2024 10:33,Price Code 1,CUSTOMER PICKUP,False,Food Bank of Northeast Georgia,01,30633.0,Danielsville,CRUSH ORANGE SODA,Beverages
981,176430,683,D-111,Divine Healing Ministry of Recovery Inc.,479054,,ON PREMISES (OP),REHAB-Agency,BLUE RECEIPT-SHL,W-16-10001,57,0,0,0.0,57,MADISON,0.0,2/29/2024 11:42,2/29/2024 11:47,Price Code 1,CONTACT FOR DELIVERY,False,Sharing Floor Athens,01-SH,30633.0,Commerce,MISC. FOOD BOX SHL,Food Misc.
915,178194,8975,T-122,Tabors Chapel CME Church,FAIMPORT480812,,DIRECT ASSISTANCE,DIRECT ASSISTANCE-Agency,BLUE RECEIPT-SHL,MCC-07-10001,315,0,0,0.0,315,MADISON,0.0,4/1/2024 0:00,4/1/2024 0:00,Price Code 1,CUSTOMER PICKUP,False,Food Bank of Northeast Georgia,01,30633.0,Danielsville,"DAIRY PRODUCTS, SHL RETAIL PICKUPS",Dairy
799,180752,7083,C-149,Colbert Methodist Church,483358,,FP/GNAP/USDA,FOOD PANTRY-Agency,USDA,C-50-10029,4,0,0,8.64,48,MADISON,0.18,5/16/2024 11:00,5/16/2024 14:52,Price Code 1,CUSTOMER PICKUP,False,Food Bank of Northeast Georgia,01,30628.0,Colbert,"USDA MILD CHEDDAR CHEESE, BLOCK CCC",Dairy
548,181825,3712,M-124,Moons Grove Baptist Church,484429,,FP/OP/USDA,FOOD PANTRY-Agency,USDA,N-50-10266,3,0,0,14.58,81,MADISON,0.18,6/6/2024 12:50,6/6/2024 12:47,Price Code 1,CUSTOMER PICKUP,False,Food Bank of Northeast Georgia,01,30628.0,Colbert,USDA CANNED PINTO BEANS,Proteins
799,176127,8928,C-149,Colbert Methodist Church,478754,,FP/GNAP/USDA,FOOD PANTRY-Agency,BLUE RECEIPT-SHL,N-03-11803,10,0,0,0.0,160,MADISON,0.0,3/1/2024 8:56,3/1/2024 12:32,Price Code 1,CUSTOMER PICKUP,False,Food Bank of Northeast Georgia,01,30628.0,Colbert,GATORADE THIRST QUENCHER VAR PACK,Beverages
410,173794,3776,C-110,Colbert First Baptist Church,477423,,FP/GNAP/USDA,FOOD PANTRY-Agency,BLUE RECEIPT-SHL,N-03-11125,4,0,0,3.96,132,MADISON,0.03,2/2/2024 12:40,2/7/2024 8:03,Price Code 1,CUSTOMER PICKUP,False,Food Bank of Northeast Georgia,01,30628.0,Colbert,PEPSI WILD CHERRY,Beverages
477,181209,5407,W-117,Waggoners Grove Baptist Church,483814,,FP/OP/GNAP/USDA,FOOD PANTRY-Agency,BLUE RECEIPT-SHL,F-15-10000,42,0,0,7.56,42,MADISON,0.18,5/22/2024 14:38,5/22/2024 14:09,Price Code 1,CUSTOMER PICKUP,False,Sharing Floor Athens,01-SH,30628.0,Colbert,"MEAT & SEAFOOD, FROZEN SHL",Proteins
939,177459,1047,M-140,Madison County MedLink Georgia,480079,,FP/USDA,FOOD PANTRY-Agency,USDA,N-50-10041,9,0,0,0.0,441,MADISON,0.0,3/21/2024 8:00,4/1/2024 8:07,Mobile Pantry/Feed Site Only,TRUCK 1 MOBILE PANTRY,False,Food Bank of Northeast Georgia,01,30628.0,Colbert,USDA RICE,Grains
799,178471,84,C-149,Colbert Methodist Church,481087,,FP/GNAP/USDA,FOOD PANTRY-Agency,USDA,N-50-10006,2,0,0,9.72,54,MADISON,0.18,4/10/2024 9:56,4/10/2024 12:52,Price Code 1,CUSTOMER PICKUP,False,Food Bank of Northeast Georgia,01,30628.0,Colbert,USDA GREEN BEANS,Vegetables
915,179790,8973,T-122,Tabors Chapel CME Church,FAIMPORT482403,,DIRECT ASSISTANCE,DIRECT ASSISTANCE-Agency,BLUE RECEIPT-SHL,MCC-16-10001,33,0,0,0.0,33,MADISON,0.0,4/22/2024 0:00,4/22/2024 0:00,Price Code 1,CUSTOMER PICKUP,False,Food Bank of Northeast Georgia,01,30633.0,Danielsville,"COOLER FOOD MISC., SHL RETAIL PICKUP",Food Misc.
519,176074,92,C-140,Colbert Living Waters Holiness Church,478701,,FP/OP/USDA,FOOD PANTRY-Agency,LOCAL - LL,W-01-10002,39,0,0,7.02,39,MADISON,0.18,2/23/2024 14:56,2/23/2024 8:40,Price Code 1,CUSTOMER PICKUP,False,Sharing Floor Athens,01-SH,30628.0,Colbert,"ASSORTED NON-FOOD ITEMS, LL",Non-Food Misc.
915,173285,8683,T-122,Tabors Chapel CME Church,476914,,DIRECT ASSISTANCE,DIRECT ASSISTANCE-Agency,BLUE RECEIPT-SHL,N-03-11728,2,0,0,1.8,36,MADISON,0.05,1/23/2024 14:19,1/25/2024 9:06,Price Code 1,CUSTOMER PICKUP,False,Food Bank of Northeast Georgia,01,30633.0,Danielsville,CRUSH ORANGE SODA,Beverages
571,177546,8940,F-122,Freedom Church of God,480166,,FP/OP/USDA,FOOD PANTRY-Agency,BLUE RECEIPT-SHL,C-28-90531,24,0,0,0.0,1248,MADISON,0.0,3/22/2024 14:21,3/23/2024 6:46,Price Code 1,TRUCK 1 MOBILE PANTRY,False,Food Bank of Northeast Georgia,01,30530.0,Commerce,"CABBAGE, SHL 50#",Vegetables
477,182089,3203,W-117,Waggoners Grove Baptist Church,484693,,FP/OP/GNAP/USDA,FOOD PANTRY-Agency,USDA,N-50-10289,2,0,0,9.0,50,MADISON,0.18,6/18/2024 8:35,6/24/2024 9:56,Price Code 1,CUSTOMER PICKUP,False,Food Bank of Northeast Georgia,01,30628.0,Colbert,USDA PECAN PIECES,Proteins
842,172527,7094,C-153,Cedar Grove Baptist Church,476158,,FP/GNAP/USDA,FOOD PANTRY-Agency,PURCH,N-21-10056,3,0,0,6.48,36,MADISON,0.18,1/10/2024 10:00,1/10/2024 11:07,Price Code 1,CUSTOMER PICKUP,False,Food Bank of Northeast Georgia,01,30629.0,Comer,MACARONI & CHEESE,Prepared Meals
1010,178238,8974,F-143,Freedom C.H. Church,480854,,FP/USDA,FOOD PANTRY-Agency,BLUE RECEIPT-SHL,MCW-04-10000,53,0,0,0.0,53,MADISON,0.0,4/3/2024 9:34,4/3/2024 9:37,Price Code 1,CUSTOMER PICKUP,False,Sharing Floor Athens,01-SH,30662.0,Royston,"BREAD AND BAKERY, SHL RETAIL PICKUPS",Grains
842,180134,9014,C-153,Cedar Grove Baptist Church,482742,,FP/GNAP/USDA,FOOD PANTRY-Agency,PURCH,N-27-10136,2,0,104,9.72,54,MADISON,0.18,5/8/2024 10:09,6/3/2024 7:54,Price Code 1,CUSTOMER PICKUP,False,Food Bank of Northeast Georgia,01,30629.0,Comer,"GREEN BEANS, HARVEST VALLEY",Vegetables
799,178820,683,C-149,Colbert Methodist Church,481434,,FP/GNAP/USDA,FOOD PANTRY-Agency,BLUE RECEIPT-SHL,W-16-10001,67,0,0,12.06,67,MADISON,0.18,4/11/2024 9:56,4/11/2024 13:58,Price Code 1,CUSTOMER PICKUP,False,Sharing Floor Athens,01-SH,30628.0,Colbert,MISC. FOOD BOX SHL,Food Misc.
915,177104,1745,T-122,Tabors Chapel CME Church,479725,,DIRECT ASSISTANCE,DIRECT ASSISTANCE-Agency,BLUE RECEIPT-SHL,N-03-10756,5,0,0,5.55,185,MADISON,0.03,3/13/2024 14:19,3/13/2024 12:48,Price Code 1,CUSTOMER PICKUP,False,Food Bank of Northeast Georgia,01,30633.0,Danielsville,GATORADE FRUIT PUNCH,Beverages
571,178106,683,F-122,Freedom Church of God,480725,,FP/OP/USDA,FOOD PANTRY-Agency,BLUE RECEIPT-SHL,W-16-10001,62,0,0,11.16,62,MADISON,0.18,4/2/2024 14:21,4/2/2024 10:00,Price Code 1,CUSTOMER PICKUP,False,Sharing Floor Athens,01-SH,30530.0,Commerce,MISC. FOOD BOX SHL,Food Misc.
571,173193,5958,F-122,Freedom Church of God,476823,,FP/OP/USDA,FOOD PANTRY-Agency,BLUE RECEIPT-SHL,C-16-10001,39,0,0,7.02,39,MADISON,0.18,1/17/2024 14:21,1/17/2024 12:01,Price Code 1,CUSTOMER PICKUP,False,Sharing Floor Athens,01-SH,30530.0,Commerce,"COOLER FOOD, MISC. SHL",Food Misc.
799,176446,683,C-149,Colbert Methodist Church,479070,,FP/GNAP/USDA,FOOD PANTRY-Agency,BLUE RECEIPT-SHL,W-16-10001,159,0,0,28.62,159,MADISON,0.18,2/29/2024 9:56,2/29/2024 13:59,Price Code 1,CUSTOMER PICKUP,False,Sharing Floor Athens,01-SH,30628.0,Colbert,MISC. FOOD BOX SHL,Food Misc.
571,182603,5958,F-122,Freedom Church of God,485206,,FP/OP/USDA,FOOD PANTRY-Agency,BLUE RECEIPT-SHL,C-16-10001,64,0,0,11.52,64,MADISON,0.18,6/26/2024 14:21,6/26/2024 15:23,Price Code 1,CUSTOMER PICKUP,False,Sharing Floor Athens,01-SH,30530.0,Commerce,"COOLER FOOD, MISC. SHL",Food Misc.
371,181884,5407,E-111,Evangelical Methodist Church - Danielsville,484488,,FOOD PANTRY,FOOD PANTRY-Agency,BLUE RECEIPT-SHL,F-15-10000,47,0,0,8.46,47,MADISON,0.18,6/4/2024 13:56,6/4/2024 11:26,Price Code 1,CUSTOMER PICKUP,False,Sharing Floor Athens,01-SH,30633.0,Danielsville,"MEAT & SEAFOOD, FROZEN SHL",Proteins
137,176739,5407,J-100,Jubilee Partners,479362,,FP/OP/GNAP,RESIDENTIAL-Agency,BLUE RECEIPT-SHL,F-15-10000,10,0,0,0.0,10,MADISON,0.0,3/6/2024 13:23,3/6/2024 8:52,Price Code 1,CUSTOMER PICKUP,False,Sharing Floor Athens,01-SH,30629.0,Comer,"MEAT & SEAFOOD, FROZEN SHL",Proteins
571,181538,8973,F-122,Freedom Church of God,FAIMPORT484142,,FP/OP/USDA,FOOD PANTRY-Agency,BLUE RECEIPT-SHL,MCC-16-10001,112,0,0,0.0,112,MADISON,0.0,5/24/2024 0:00,5/24/2024 0:00,Price Code 1,CUSTOMER PICKUP,False,Food Bank of Northeast Georgia,01,30530.0,Commerce,"COOLER FOOD MISC., SHL RETAIL PICKUP",Food Misc.
137,172846,690,J-100,Jubilee Partners,476477,,FP/OP/GNAP,RESIDENTIAL-Agency,BLUE RECEIPT-SHL,W-03-10013,100,0,0,0.0,100,MADISON,0.0,1/10/2024 13:23,1/10/2024 8:59,Price Code 1,CUSTOMER PICKUP,False,Sharing Floor Athens,01-SH,30629.0,Comer,"ASSORTED BEVERAGES, SHL",Beverages
477,173814,2098,W-117,Waggoners Grove Baptist Church,477443,,FP/OP/GNAP/USDA,FOOD PANTRY-Agency,BLUE RECEIPT-SHL,N-03-10677,5,0,0,0.0,110,MADISON,0.0,2/2/2024 9:55,2/2/2024 12:09,Price Code 1,CUSTOMER PICKUP,False,Food Bank of Northeast Georgia,01,30628.0,Colbert,GATORADE ORANGE,Beverages
571,181538,8971,F-122,Freedom Church of God,FAIMPORT484142,,FP/OP/USDA,FOOD PANTRY-Agency,BLUE RECEIPT-SHL,MCF-16-10001,2,0,0,0.0,2,MADISON,0.0,5/24/2024 0:00,5/24/2024 0:00,Price Code 1,CUSTOMER PICKUP,False,Food Bank of Northeast Georgia,01,30530.0,Commerce,"FROZEN FOODS, MISC SHL RETAIL PICKUP",Food Misc.
915,181051,8740,T-122,Tabors Chapel CME Church,483656,,DIRECT ASSISTANCE,DIRECT ASSISTANCE-Agency,BLUE RECEIPT-SHL,N-03-11740,4,0,0,0.0,112,MADISON,0.0,5/24/2024 13:00,5/24/2024 13:49,Price Code 1,CUSTOMER PICKUP,False,Food Bank of Northeast Georgia,01,30633.0,Danielsville,MT DEW BAJA BLAST,Beverages
477,172471,3943,W-117,Waggoners Grove Baptist Church,476102,,FP/OP/GNAP/USDA,FOOD PANTRY-Agency,USDA,N-50-10268,5,0,0,5.7,190,MADISON,0.03,1/11/2024 10:00,1/11/2024 12:16,Price Code 1,CUSTOMER PICKUP,False,Food Bank of Northeast Georgia,01,30628.0,Colbert,USDA APPLE JUICE,Beverages
549,181869,9085,R-120,Roger's Baptist Church,484473,,FP/OP/USDA,FOOD PANTRY-Agency,USDA,F-50-90476,6,0,0,43.2,240,MADISON,0.18,6/25/2024 13:30,6/25/2024 15:46,Price Code 1,CUSTOMER PICKUP,False,Food Bank of Northeast Georgia,01,30530.0,Commerce,USDA PORK LOIN BONELESS CHOPS CCC,Proteins
799,180752,1791,C-149,Colbert Methodist Church,483358,,FP/GNAP/USDA,FOOD PANTRY-Agency,USDA,N-50-10079,2,0,0,9.36,52,MADISON,0.18,5/16/2024 11:00,5/16/2024 14:52,Price Code 1,CUSTOMER PICKUP,False,Food Bank of Northeast Georgia,01,30628.0,Colbert,USDA WALNUT HALVES AND PIECES,Proteins
939,178840,4422,M-140,Madison County MedLink Georgia,481454,,FP/USDA,FOOD PANTRY-Agency,USDA,F-50-90452,50,0,0,0.0,1600,MADISON,0.0,4/12/2024 7:06,4/12/2024 10:39,Mobile Pantry/Feed Site Only,CUSTOMER PICKUP,False,Food Bank of Northeast Georgia,01,30628.0,Colbert,USDA PORK LOIN BONELESS ROAST,Proteins
842,172859,50,C-153,Cedar Grove Baptist Church,476490,,FP/GNAP/USDA,FOOD PANTRY-Agency,LOCAL - LL,W-16-10002,20,0,0,0.0,20,MADISON,0.0,1/10/2024 8:30,1/10/2024 10:41,Price Code 1,CUSTOMER PICKUP,False,Sharing Floor Athens,01-SH,30629.0,Comer,MISC. FOOD BOX LL,Food Misc.
571,175776,8834,F-122,Freedom Church of God,478404,,FP/OP/USDA,FOOD PANTRY-Agency,BLUE RECEIPT-SHL,N-03-11770,2,0,0,0.0,20,MADISON,0.0,2/22/2024 14:21,2/22/2024 14:22,Price Code 1,CUSTOMER PICKUP,False,Food Bank of Northeast Georgia,01,30530.0,Commerce,MT DEW ZERO SUGAR,Beverages
137,178165,696,J-100,Jubilee Partners,480784,,FP/OP/GNAP,RESIDENTIAL-Agency,LOCAL - LL,W-25-10000,7,0,0,1.26,7,MADISON,0.18,4/3/2024 13:23,4/3/2024 8:50,Price Code 1,CUSTOMER PICKUP,False,Sharing Floor Athens,01-SH,30629.0,Comer,"ASSORTED SNACK ITEMS, LL",Food Misc.
1010,176713,4448,F-143,Freedom C.H. Church,479336,,FP/USDA,FOOD PANTRY-Agency,USDA,F-50-90446,3,0,0,0.0,84,MADISON,0.0,3/8/2024 14:53,3/8/2024 14:48,Price Code 1,CUSTOMER PICKUP,False,Food Bank of Northeast Georgia,01,30662.0,Royston,USDA FROZEN STRAWBERRY FRUIT CUPS,Fruits
571,182136,8986,F-122,Freedom Church of God,FAIMPORT484740,,FP/OP/USDA,FOOD PANTRY-Agency,BLUE RECEIPT-SHL,MCW-01-10001,2,0,0,0.0,2,MADISON,0.0,6/10/2024 0:00,6/10/2024 0:00,Price Code 1,CUSTOMER PICKUP,False,Food Bank of Northeast Georgia,01,30530.0,Commerce,"NON-FOOD ITEMS, SHL RETAIL PICKUPS",Non-Food Misc.
137,180405,690,J-100,Jubilee Partners,483011,,FP/OP/GNAP,RESIDENTIAL-Agency,BLUE RECEIPT-SHL,W-03-10013,135,0,0,4.05,135,MADISON,0.03,5/8/2024 13:23,5/8/2024 8:51,Price Code 1,CUSTOMER PICKUP,False,Sharing Floor Athens,01-SH,30629.0,Comer,"ASSORTED BEVERAGES, SHL",Beverages
939,177459,84,M-140,Madison County MedLink Georgia,480079,,FP/USDA,FOOD PANTRY-Agency,USDA,N-50-10006,9,0,0,0.0,243,MADISON,0.0,3/21/2024 8:00,4/1/2024 8:07,Mobile Pantry/Feed Site Only,TRUCK 1 MOBILE PANTRY,False,Food Bank of Northeast Georgia,01,30628.0,Colbert,USDA GREEN BEANS,Vegetables
836,173880,5637,G-122,Gordon's Chapel Methodist Church,477509,,FP/USDA,FOOD PANTRY-Agency,USDA,F-50-90019,2,0,0,0.0,60,MADISON,0.0,2/7/2024 14:20,2/7/2024 13:31,Price Code 1,CUSTOMER PICKUP,False,Food Bank of Northeast Georgia,01,30646.0,Hull,USDA FROZEN BLUEBERRIES CCC,Fruits
799,173259,683,C-149,Colbert Methodist Church,476888,,FP/GNAP/USDA,FOOD PANTRY-Agency,BLUE RECEIPT-SHL,W-16-10001,117,0,0,21.06,117,MADISON,0.18,1/18/2024 9:56,1/18/2024 13:54,Price Code 1,CUSTOMER PICKUP,False,Sharing Floor Athens,01-SH,30628.0,Colbert,MISC. FOOD BOX SHL,Food Misc.
915,178700,8976,T-122,Tabors Chapel CME Church,FAIMPORT481314,,DIRECT ASSISTANCE,DIRECT ASSISTANCE-Agency,BLUE RECEIPT-SHL,MCC-28-10001,37,0,0,0.0,37,MADISON,0.0,4/8/2024 0:00,4/8/2024 0:00,Price Code 1,CUSTOMER PICKUP,False,Food Bank of Northeast Georgia,01,30633.0,Danielsville,"PRODUCE, SHL RETAIL PICKUPS",Mixed Produce
410,173794,8720,C-110,Colbert First Baptist Church,477423,,FP/GNAP/USDA,FOOD PANTRY-Agency,USDA,N-50-10305,8,0,0,20.16,112,MADISON,0.18,2/2/2024 12:40,2/7/2024 8:03,Price Code 1,CUSTOMER PICKUP,False,Food Bank of Northeast Georgia,01,30628.0,Colbert,USDA MIXED VegetablesCCC,Vegetables
915,182559,8975,T-122,Tabors Chapel CME Church,FAIMPORT485162,,DIRECT ASSISTANCE,DIRECT ASSISTANCE-Agency,BLUE RECEIPT-SHL,MCC-07-10001,36,0,0,0.0,36,MADISON,0.0,6/20/2024 0:00,6/20/2024 0:00,Price Code 1,CUSTOMER PICKUP,False,Food Bank of Northeast Georgia,01,30633.0,Danielsville,"DAIRY PRODUCTS, SHL RETAIL PICKUPS",Dairy
477,175726,8928,W-117,Waggoners Grove Baptist Church,478354,,FP/OP/GNAP/USDA,FOOD PANTRY-Agency,BLUE RECEIPT-SHL,N-03-11803,7,0,0,0.0,112,MADISON,0.0,3/4/2024 10:00,3/4/2024 10:13,Price Code 1,CUSTOMER PICKUP,False,Food Bank of Northeast Georgia,01,30628.0,Colbert,GATORADE THIRST QUENCHER VAR PACK,Beverages
892,175140,2862,L-114,Legacy Baptist Church,477769,,FP/USDA,FOOD PANTRY-Agency,USDA,N-50-10115,1,0,0,4.86,27,MADISON,0.18,2/13/2024 11:15,2/13/2024 11:07,Price Code 1,CUSTOMER PICKUP,False,Food Bank of Northeast Georgia,01,30646.0,Hull,USDA DARK RED KIDNEY BEANS CCC,Proteins
477,173805,8937,W-117,Waggoners Grove Baptist Church,477434,,FP/OP/GNAP/USDA,FOOD PANTRY-Agency,BLUE RECEIPT-SHL,N-03-11807,2,0,0,0.0,36,MADISON,0.0,2/2/2024 11:00,2/2/2024 10:34,Price Code 1,CUSTOMER PICKUP,False,Food Bank of Northeast Georgia,01,30628.0,Colbert,GATORADE LEMON LIME ZERO SUGAR,Beverages
137,179538,5772,J-100,Jubilee Partners,482151,,FP/OP/GNAP,RESIDENTIAL-Agency,LOCAL - LL,C-28-10000,191,0,0,5.73,191,MADISON,0.03,4/24/2024 13:23,4/24/2024 8:47,Price Code 1,CUSTOMER PICKUP,False,Sharing Floor Athens,01-SH,30629.0,Comer,"PRODUCE, FRESH LL",Mixed Produce
137,173517,690,J-100,Jubilee Partners,477146,,FP/OP/GNAP,RESIDENTIAL-Agency,BLUE RECEIPT-SHL,W-03-10013,160,0,0,0.0,160,MADISON,0.0,1/24/2024 13:23,1/24/2024 8:53,Price Code 1,CUSTOMER PICKUP,False,Sharing Floor Athens,01-SH,30629.0,Comer,"ASSORTED BEVERAGES, SHL",Beverages
548,181825,4269,M-124,Moons Grove Baptist Church,484429,,FP/OP/USDA,FOOD PANTRY-Agency,USDA,N-50-10273,3,0,0,12.96,72,MADISON,0.18,6/6/2024 12:50,6/6/2024 12:47,Price Code 1,CUSTOMER PICKUP,False,Food Bank of Northeast Georgia,01,30628.0,Colbert,USDA DRY NAVY BEANS CCC,Proteins
799,178399,696,C-149,Colbert Methodist Church,481015,,FP/GNAP/USDA,FOOD PANTRY-Agency,LOCAL - LL,W-25-10000,39,0,0,0.0,39,MADISON,0.0,4/5/2024 9:56,4/5/2024 13:45,Price Code 1,CUSTOMER PICKUP,False,Sharing Floor Athens,01-SH,30628.0,Colbert,"ASSORTED SNACK ITEMS, LL",Food Misc.
915,180466,8974,T-122,Tabors Chapel CME Church,FAIMPORT483072,,DIRECT ASSISTANCE,DIRECT ASSISTANCE-Agency,BLUE RECEIPT-SHL,MCW-04-10000,18,0,0,0.0,18,MADISON,0.0,5/6/2024 0:00,5/6/2024 0:00,Price Code 1,CUSTOMER PICKUP,False,Food Bank of Northeast Georgia,01,30633.0,Danielsville,"BREAD AND BAKERY, SHL RETAIL PICKUPS",Grains
571,178106,5407,F-122,Freedom Church of God,480725,,FP/OP/USDA,FOOD PANTRY-Agency,BLUE RECEIPT-SHL,F-15-10000,67,0,0,12.06,67,MADISON,0.18,4/2/2024 14:21,4/2/2024 10:00,Price Code 1,CUSTOMER PICKUP,False,Sharing Floor Athens,01-SH,30530.0,Commerce,"MEAT & SEAFOOD, FROZEN SHL",Proteins
371,173837,92,E-111,Evangelical Methodist Church - Danielsville,477466,,FOOD PANTRY,FOOD PANTRY-Agency,LOCAL - LL,W-01-10002,27,0,0,4.86,27,MADISON,0.18,1/30/2024 13:56,1/30/2024 11:17,Price Code 1,CUSTOMER PICKUP,False,Sharing Floor Athens,01-SH,30633.0,Danielsville,"ASSORTED NON-FOOD ITEMS, LL",Non-Food Misc.
548,179057,800,M-124,Moons Grove Baptist Church,481671,,FP/OP/USDA,FOOD PANTRY-Agency,USDA,N-50-10065,2,0,0,9.72,54,MADISON,0.18,4/19/2024 7:40,4/19/2024 10:26,Price Code 1,CUSTOMER PICKUP,False,Food Bank of Northeast Georgia,01,30628.0,Colbert,USDA APPLESAUCE,Fruits
842,172859,690,C-153,Cedar Grove Baptist Church,476490,,FP/GNAP/USDA,FOOD PANTRY-Agency,BLUE RECEIPT-SHL,W-03-10013,104,0,0,3.12,104,MADISON,0.03,1/10/2024 8:30,1/10/2024 10:41,Price Code 1,CUSTOMER PICKUP,False,Sharing Floor Athens,01-SH,30629.0,Comer,"ASSORTED BEVERAGES, SHL",Beverages
571,182568,8975,F-122,Freedom Church of God,FAIMPORT485171,,FP/OP/USDA,FOOD PANTRY-Agency,BLUE RECEIPT-SHL,MCC-07-10001,2,0,0,0.0,2,MADISON,0.0,6/21/2024 0:00,6/21/2024 0:00,Price Code 1,CUSTOMER PICKUP,False,Food Bank of Northeast Georgia,01,30530.0,Commerce,"DAIRY PRODUCTS, SHL RETAIL PICKUPS",Dairy
915,179791,8973,T-122,Tabors Chapel CME Church,FAIMPORT482404,,DIRECT ASSISTANCE,DIRECT ASSISTANCE-Agency,BLUE RECEIPT-SHL,MCC-16-10001,99,0,0,0.0,99,MADISON,0.0,4/25/2024 0:00,4/25/2024 0:00,Price Code 1,CUSTOMER PICKUP,False,Food Bank of Northeast Georgia,01,30633.0,Danielsville,"COOLER FOOD MISC., SHL RETAIL PICKUP",Food Misc.
371,179444,5958,E-111,Evangelical Methodist Church - Danielsville,482057,,FOOD PANTRY,FOOD PANTRY-Agency,BLUE RECEIPT-SHL,C-16-10001,22,0,0,3.96,22,MADISON,0.18,4/23/2024 13:56,4/23/2024 11:19,Price Code 1,CUSTOMER PICKUP,False,Sharing Floor Athens,01-SH,30633.0,Danielsville,"COOLER FOOD, MISC. SHL",Food Misc.
571,182603,690,F-122,Freedom Church of God,485206,,FP/OP/USDA,FOOD PANTRY-Agency,BLUE RECEIPT-SHL,W-03-10013,82,0,0,0.0,82,MADISON,0.0,6/26/2024 14:21,6/26/2024 15:23,Price Code 1,CUSTOMER PICKUP,False,Sharing Floor Athens,01-SH,30530.0,Commerce,"ASSORTED BEVERAGES, SHL",Beverages
729,176786,1356,C-164,Colbert Methodist Church INTHEMIDDLEMEALS,479409,,FP/GNAP/USDA,AT-RISK YOUTH-Agency,GNAP,N-40-10131,3,0,0,0.0,33,MADISON,0.0,3/14/2024 13:14,3/14/2024 13:16,Price Code 1,CUSTOMER PICKUP,False,Food Bank of Northeast Georgia,01,30628.0,Colbert,GNAP CHUNK CHICKEN,Proteins
371,182327,690,E-111,Evangelical Methodist Church - Danielsville,484931,,FOOD PANTRY,FOOD PANTRY-Agency,BLUE RECEIPT-SHL,W-03-10013,61,0,0,0.0,61,MADISON,0.0,6/18/2024 13:56,6/18/2024 11:37,Price Code 1,CUSTOMER PICKUP,False,Sharing Floor Athens,01-SH,30633.0,Danielsville,"ASSORTED BEVERAGES, SHL",Beverages
549,181869,4269,R-120,Roger's Baptist Church,484473,,FP/OP/USDA,FOOD PANTRY-Agency,USDA,N-50-10273,6,0,0,25.92,144,MADISON,0.18,6/25/2024 13:30,6/25/2024 15:46,Price Code 1,CUSTOMER PICKUP,False,Food Bank of Northeast Georgia,01,30530.0,Commerce,USDA DRY NAVY BEANS CCC,Proteins
137,175262,5958,J-100,Jubilee Partners,477891,,FP/OP/GNAP,RESIDENTIAL-Agency,BLUE RECEIPT-SHL,C-16-10001,68,0,0,12.24,68,MADISON,0.18,2/7/2024 13:23,2/7/2024 8:36,Price Code 1,CUSTOMER PICKUP,False,Sharing Floor Athens,01-SH,30629.0,Comer,"COOLER FOOD, MISC. SHL",Food Misc.
137,175608,1045,J-100,Jubilee Partners,478236,,FP/OP/GNAP,RESIDENTIAL-Agency,BLUE RECEIPT-SHL,W-25-10009,25,0,0,4.5,25,MADISON,0.18,2/14/2024 13:23,2/14/2024 8:59,Price Code 1,CUSTOMER PICKUP,False,Sharing Floor Athens,01-SH,30629.0,Comer,"ASSORTED SNACK ITEMS, SHL",Food Misc.
477,181575,9085,W-117,Waggoners Grove Baptist Church,484179,,FP/OP/GNAP/USDA,FOOD PANTRY-Agency,USDA,F-50-90476,6,0,0,43.2,240,MADISON,0.18,6/24/2024 11:00,6/24/2024 9:31,Price Code 1,CUSTOMER PICKUP,False,Food Bank of Northeast Georgia,01,30628.0,Colbert,USDA PORK LOIN BONELESS CHOPS CCC,Proteins
939,178840,8497,M-140,Madison County MedLink Georgia,481454,,FP/USDA,FOOD PANTRY-Agency,USDA,C-50-10048,45,0,0,0.0,1440,MADISON,0.0,4/12/2024 7:06,4/12/2024 10:39,Mobile Pantry/Feed Site Only,CUSTOMER PICKUP,False,Food Bank of Northeast Georgia,01,30628.0,Colbert,USDA MANDARIN ORANGES,Fruits
571,181223,9075,F-122,Freedom Church of God,483828,,FP/OP/USDA,FOOD PANTRY-Agency,BLUE RECEIPT-SHL,N-03-11837,2,0,0,0.0,60,MADISON,0.0,5/30/2024 11:30,6/3/2024 8:38,Price Code 1,CUSTOMER PICKUP,False,Food Bank of Northeast Georgia,01,30530.0,Commerce,GATORADE STRAWBERRY LEMONADE,Beverages
915,178887,8973,T-122,Tabors Chapel CME Church,FAIMPORT481501,,DIRECT ASSISTANCE,DIRECT ASSISTANCE-Agency,BLUE RECEIPT-SHL,MCC-16-10001,20,0,0,0.0,20,MADISON,0.0,4/11/2024 0:00,4/11/2024 0:00,Price Code 1,CUSTOMER PICKUP,False,Food Bank of Northeast Georgia,01,30633.0,Danielsville,"COOLER FOOD MISC., SHL RETAIL PICKUP",Food Misc.
571,175585,5637,F-122,Freedom Church of God,478213,,FP/OP/USDA,FOOD PANTRY-Agency,USDA,F-50-90019,3,0,0,0.0,90,MADISON,0.0,2/16/2024 14:21,2/20/2024 9:32,Price Code 1,CUSTOMER PICKUP,False,Food Bank of Northeast Georgia,01,30530.0,Commerce,USDA FROZEN BLUEBERRIES CCC,Fruits
981,181020,235,D-111,Divine Healing Ministry of Recovery Inc.,483625,,ON PREMISES (OP),REHAB-Agency,LOCAL - LL,W-03-10012,116,0,0,0.0,116,MADISON,0.0,5/17/2024 11:38,5/17/2024 11:43,Price Code 1,CONTACT FOR DELIVERY,False,Sharing Floor Athens,01-SH,30633.0,Commerce,"ASSORTED BEVERAGES, LL",Beverages
137,178165,8974,J-100,Jubilee Partners,480784,,FP/OP/GNAP,RESIDENTIAL-Agency,BLUE RECEIPT-SHL,MCW-04-10000,76,0,0,0.0,76,MADISON,0.0,4/3/2024 13:23,4/3/2024 8:50,Price Code 1,CUSTOMER PICKUP,False,Sharing Floor Athens,01-SH,30629.0,Comer,"BREAD AND BAKERY, SHL RETAIL PICKUPS",Grains
915,178887,8972,T-122,Tabors Chapel CME Church,FAIMPORT481501,,DIRECT ASSISTANCE,DIRECT ASSISTANCE-Agency,BLUE RECEIPT-SHL,MCF-15-10000,48,0,0,0.0,48,MADISON,0.0,4/11/2024 0:00,4/11/2024 0:00,Price Code 1,CUSTOMER PICKUP,False,Food Bank of Northeast Georgia,01,30633.0,Danielsville,"FROZEN MEAT & SEAFOOD, SHL RETAIL PICKUP",Proteins
799,176783,1791,C-149,Colbert Methodist Church,479406,,FP/GNAP/USDA,FOOD PANTRY-Agency,USDA,N-50-10079,2,0,0,9.36,52,MADISON,0.18,3/12/2024 7:56,3/12/2024 12:44,Price Code 1,CUSTOMER PICKUP,False,Food Bank of Northeast Georgia,01,30628.0,Colbert,USDA WALNUT HALVES AND PIECES,Proteins
137,179930,688,J-100,Jubilee Partners,482541,,FP/OP/GNAP,RESIDENTIAL-Agency,BLUE RECEIPT-SHL,W-01-10000,53,0,0,9.54,53,MADISON,0.18,5/1/2024 13:23,5/1/2024 8:38,Price Code 1,CUSTOMER PICKUP,False,Sharing Floor Athens,01-SH,30629.0,Comer,"ASSORTED NON-FOOD ITEMS, SHL",Non-Food Misc.
371,175567,683,E-111,Evangelical Methodist Church - Danielsville,478195,,FOOD PANTRY,FOOD PANTRY-Agency,BLUE RECEIPT-SHL,W-16-10001,16,0,0,2.88,16,MADISON,0.18,2/13/2024 13:56,2/13/2024 11:38,Price Code 1,CUSTOMER PICKUP,False,Sharing Floor Athens,01-SH,30633.0,Danielsville,MISC. FOOD BOX SHL,Food Misc.
915,180465,8970,T-122,Tabors Chapel CME Church,FAIMPORT483071,,DIRECT ASSISTANCE,DIRECT ASSISTANCE-Agency,BLUE RECEIPT-SHL,MCW-16-10001,13,0,0,0.0,13,MADISON,0.0,5/2/2024 0:00,5/2/2024 0:00,Price Code 1,CUSTOMER PICKUP,False,Food Bank of Northeast Georgia,01,30633.0,Danielsville,"MISC. FOOD BOX, SHL RETAIL PICKUP",Food Misc.
549,172672,6981,R-120,Roger's Baptist Church,476303,,FP/OP/USDA,FOOD PANTRY-Agency,USDA,C-50-10018,6,0,0,0.0,114,MADISON,0.0,1/16/2024 13:30,1/16/2024 14:36,Price Code 1,CUSTOMER PICKUP,False,Food Bank of Northeast Georgia,01,30530.0,Commerce,USDA FRESH TABLE GRAPES CCC,Fruits
915,178258,5407,T-122,Tabors Chapel CME Church,480874,,DIRECT ASSISTANCE,DIRECT ASSISTANCE-Agency,BLUE RECEIPT-SHL,F-15-10000,550,0,0,0.0,550,MADISON,0.0,4/3/2024 14:19,4/3/2024 14:01,Price Code 1,CUSTOMER PICKUP,False,Food Bank of Northeast Georgia,01,30633.0,Danielsville,"MEAT & SEAFOOD, FROZEN SHL",Proteins
477,173281,8921,W-117,Waggoners Grove Baptist Church,476910,,FP/OP/GNAP/USDA,FOOD PANTRY-Agency,LOCAL - LL,N-25-11953,10,0,0,21.6,120,MADISON,0.18,1/26/2024 10:00,1/26/2024 9:49,Price Code 1,CUSTOMER PICKUP,False,Food Bank of Northeast Georgia,01,30628.0,Colbert,GREAT VALUE COOKIE & CARAMEL BARS,Food Misc.
836,173880,170,G-122,Gordon's Chapel Methodist Church,477509,,FP/USDA,FOOD PANTRY-Agency,USDA,N-50-10007,5,0,0,25.2,140,MADISON,0.18,2/7/2024 14:20,2/7/2024 13:31,Price Code 1,CUSTOMER PICKUP,False,Food Bank of Northeast Georgia,01,30646.0,Hull,"USDA CORN, WHOLE KERNEL NO SALT",Vegetables
477,179522,6780,W-117,Waggoners Grove Baptist Church,482135,,FP/OP/GNAP/USDA,FOOD PANTRY-Agency,USDA,C-50-10024,4,0,0,17.2,172,MADISON,0.1,4/26/2024 14:38,4/26/2024 10:11,Price Code 1,CUSTOMER PICKUP,False,Food Bank of Northeast Georgia,01,30628.0,Colbert,USDA APPLES,Fruits
477,172471,8900,W-117,Waggoners Grove Baptist Church,476102,,FP/OP/GNAP/USDA,FOOD PANTRY-Agency,BLUE RECEIPT-SHL,N-03-11791,10,0,0,0.0,270,MADISON,0.0,1/11/2024 10:00,1/11/2024 12:16,Price Code 1,CUSTOMER PICKUP,False,Food Bank of Northeast Georgia,01,30628.0,Colbert,GATORADE G2 GRAPE 15 COUNT,Beverages
799,179212,1045,C-149,Colbert Methodist Church,481825,,FP/GNAP/USDA,FOOD PANTRY-Agency,BLUE RECEIPT-SHL,W-25-10009,106,0,0,19.08,106,MADISON,0.18,4/18/2024 9:56,4/18/2024 13:47,Price Code 1,CUSTOMER PICKUP,False,Sharing Floor Athens,01-SH,30628.0,Colbert,"ASSORTED SNACK ITEMS, SHL",Food Misc.
571,173617,5407,F-122,Freedom Church of God,477246,,FP/OP/USDA,FOOD PANTRY-Agency,BLUE RECEIPT-SHL,F-15-10000,49,0,0,8.82,49,MADISON,0.18,1/25/2024 14:21,1/25/2024 11:53,Price Code 1,CUSTOMER PICKUP,False,Sharing Floor Athens,01-SH,30530.0,Commerce,"MEAT & SEAFOOD, FROZEN SHL",Proteins
477,177253,5681,W-117,Waggoners Grove Baptist Church,479873,,FP/OP/GNAP/USDA,FOOD PANTRY-Agency,LOCAL - LL,C-16-10000,31,0,0,5.58,31,MADISON,0.18,3/13/2024 14:38,3/13/2024 13:59,Price Code 1,CUSTOMER PICKUP,False,Sharing Floor Athens,01-SH,30628.0,Colbert,"COOLER FOOD, MISC. LL",Food Misc.
477,175292,875,W-117,Waggoners Grove Baptist Church,477921,,FP/OP/GNAP/USDA,FOOD PANTRY-Agency,BLUE RECEIPT-SHL,W-04-10000,20,0,0,0.0,20,MADISON,0.0,2/7/2024 14:38,2/7/2024 13:53,Price Code 1,CUSTOMER PICKUP,False,Sharing Floor Athens,01-SH,30628.0,Colbert,"BREAD & BAKERY, ASSORTED SHL",Grains
915,176811,8973,T-122,Tabors Chapel CME Church,FAIMPORT479434,,DIRECT ASSISTANCE,DIRECT ASSISTANCE-Agency,BLUE RECEIPT-SHL,MCC-16-10001,5,0,0,0.0,5,MADISON,0.0,3/4/2024 0:00,3/4/2024 0:00,Price Code 1,CUSTOMER PICKUP,False,Food Bank of Northeast Georgia,01,30633.0,Danielsville,"COOLER FOOD MISC., SHL RETAIL PICKUP",Food Misc.
571,177546,1674,F-122,Freedom Church of God,480166,,FP/OP/USDA,FOOD PANTRY-Agency,USDA,N-50-10073,13,0,0,0.0,351,MADISON,0.0,3/22/2024 14:21,3/23/2024 6:46,Price Code 1,TRUCK 1 MOBILE PANTRY,False,Food Bank of Northeast Georgia,01,30530.0,Commerce,USDA TOMATO SAUCE,Vegetables
981,176857,875,D-111,Divine Healing Ministry of Recovery Inc.,479479,,ON PREMISES (OP),REHAB-Agency,BLUE RECEIPT-SHL,W-04-10000,4,0,0,0.0,4,MADISON,0.0,3/7/2024 14:20,3/7/2024 14:22,Price Code 1,CONTACT FOR DELIVERY,False,Sharing Floor Athens,01-SH,30633.0,Commerce,"BREAD & BAKERY, ASSORTED SHL",Grains
915,182644,8970,T-122,Tabors Chapel CME Church,FAIMPORT485247,,DIRECT ASSISTANCE,DIRECT ASSISTANCE-Agency,BLUE RECEIPT-SHL,MCW-16-10001,13,0,0,0.0,13,MADISON,0.0,6/27/2024 0:00,6/27/2024 0:00,Price Code 1,CUSTOMER PICKUP,False,Food Bank of Northeast Georgia,01,30633.0,Danielsville,"MISC. FOOD BOX, SHL RETAIL PICKUP",Food Misc.
410,173554,8929,C-110,Colbert First Baptist Church,477183,,FP/GNAP/USDA,FOOD PANTRY-Agency,BLUE RECEIPT-SHL,N-03-11804,4,0,0,0.0,72,MADISON,0.0,1/29/2024 12:40,1/29/2024 14:13,Price Code 1,CUSTOMER PICKUP,False,Food Bank of Northeast Georgia,01,30628.0,Colbert,GATORADE GRAPE LOWER SUGAR,Beverages
371,177883,50,E-111,Evangelical Methodist Church - Danielsville,480502,,FOOD PANTRY,FOOD PANTRY-Agency,LOCAL - LL,W-16-10002,89,0,0,16.02,89,MADISON,0.18,3/26/2024 13:56,3/26/2024 11:26,Price Code 1,CUSTOMER PICKUP,False,Sharing Floor Athens,01-SH,30633.0,Danielsville,MISC. FOOD BOX LL,Food Misc.
1010,177213,50,F-143,Freedom C.H. Church,479833,,FP/USDA,FOOD PANTRY-Agency,LOCAL - LL,W-16-10002,212,0,0,38.16,212,MADISON,0.18,3/13/2024 9:19,3/13/2024 9:23,Price Code 1,CUSTOMER PICKUP,False,Sharing Floor Athens,01-SH,30662.0,Royston,MISC. FOOD BOX LL,Food Misc.
915,180210,9048,T-122,Tabors Chapel CME Church,482816,,DIRECT ASSISTANCE,DIRECT ASSISTANCE-Agency,BLUE RECEIPT-SHL,C-07-90664,1,0,0,4.68,36,MADISON,0.13,5/8/2024 13:30,5/8/2024 13:45,Price Code 1,CUSTOMER PICKUP,False,Food Bank of Northeast Georgia,01,30633.0,Danielsville,"BUTTER, GREAT VALUE SALTED",Dairy
915,179237,8624,T-122,Tabors Chapel CME Church,481850,,DIRECT ASSISTANCE,DIRECT ASSISTANCE-Agency,BLUE RECEIPT-SHL,N-03-11260,12,0,0,0.0,144,MADISON,0.0,4/24/2024 14:19,4/24/2024 10:56,Price Code 1,CUSTOMER PICKUP,False,Food Bank of Northeast Georgia,01,30633.0,Danielsville,STARRY ZERO SUGAR 12 X 12 FL OZ,Beverages
1010,178860,690,F-143,Freedom C.H. Church,481474,,FP/USDA,FOOD PANTRY-Agency,BLUE RECEIPT-SHL,W-03-10013,304,0,0,0.0,304,MADISON,0.0,4/12/2024 10:31,4/12/2024 10:40,Price Code 1,CUSTOMER PICKUP,False,Sharing Floor Athens,01-SH,30662.0,Royston,"ASSORTED BEVERAGES, SHL",Beverages
571,179808,8975,F-122,Freedom Church of God,FAIMPORT482421,,FP/OP/USDA,FOOD PANTRY-Agency,BLUE RECEIPT-SHL,MCC-07-10001,11,0,0,0.0,11,MADISON,0.0,4/26/2024 0:00,4/26/2024 0:00,Price Code 1,CUSTOMER PICKUP,False,Food Bank of Northeast Georgia,01,30530.0,Commerce,"DAIRY PRODUCTS, SHL RETAIL PICKUPS",Dairy
981,180220,9024,D-111,Divine Healing Ministry of Recovery Inc.,482826,,ON PREMISES (OP),REHAB-Agency,YELLOW RECEIPT - SHN,N-26-11582,3,0,0,3.78,21,MADISON,0.18,5/8/2024 0:00,5/10/2024 11:40,Price Code 1,CONTACT FOR DELIVERY,False,Food Bank of Northeast Georgia,01,30633.0,Commerce,DUNCAN HINES CHOCOLATE FROSTING,Food Misc.
549,176868,8665,R-120,Roger's Baptist Church,479490,,FP/OP/USDA,FOOD PANTRY-Agency,BLUE RECEIPT-SHL,N-03-11268,4,0,0,2.76,92,MADISON,0.03,3/19/2024 13:30,3/19/2024 13:52,Price Code 1,CUSTOMER PICKUP,False,Food Bank of Northeast Georgia,01,30530.0,Commerce,PROPEL BERRY/KIWISTRAW/GRAPE,Beverages
410,176230,8837,C-110,Colbert First Baptist Church,478856,,FP/GNAP/USDA,FOOD PANTRY-Agency,BLUE RECEIPT-SHL,N-03-11773,4,0,0,0.0,40,MADISON,0.0,2/29/2024 12:40,2/29/2024 14:28,Price Code 1,CUSTOMER PICKUP,False,Food Bank of Northeast Georgia,01,30628.0,Colbert,MT DEW PASSSIONFRUIT PUNCH,Beverages
571,177198,8973,F-122,Freedom Church of God,FAIMPORT479818,,FP/OP/USDA,FOOD PANTRY-Agency,BLUE RECEIPT-SHL,MCC-16-10001,16,0,0,0.0,16,MADISON,0.0,3/8/2024 0:00,3/8/2024 0:00,Price Code 1,CUSTOMER PICKUP,False,Food Bank of Northeast Georgia,01,30530.0,Commerce,"COOLER FOOD MISC., SHL RETAIL PICKUP",Food Misc.
477,173288,8919,W-117,Waggoners Grove Baptist Church,476917,,FP/OP/GNAP/USDA,FOOD PANTRY-Agency,LOCAL - LL,N-25-11951,5,0,0,1.8,10,MADISON,0.18,1/24/2024 14:38,1/24/2024 11:34,Price Code 1,CUSTOMER PICKUP,False,Food Bank of Northeast Georgia,01,30628.0,Colbert,GHIRARDELLI MILK CHOC CARAMEL,Food Misc.
981,175646,8947,D-111,Divine Healing Ministry of Recovery Inc.,478274,,ON PREMISES (OP),REHAB-Agency,BLUE RECEIPT-SHL,N-03-11811,2,0,0,0.0,36,MADISON,0.0,2/20/2024 15:37,2/27/2024 11:28,Price Code 1,CONTACT FOR DELIVERY,False,Food Bank of Northeast Georgia,01,30633.0,Commerce,PROPEL BERRY,Beverages
137,175262,5407,J-100,Jubilee Partners,477891,,FP/OP/GNAP,RESIDENTIAL-Agency,BLUE RECEIPT-SHL,F-15-10000,6,0,0,1.08,6,MADISON,0.18,2/7/2024 13:23,2/7/2024 8:36,Price Code 1,CUSTOMER PICKUP,False,Sharing Floor Athens,01-SH,30629.0,Comer,"MEAT & SEAFOOD, FROZEN SHL",Proteins
571,181223,9067,F-122,Freedom Church of God,483828,,FP/OP/USDA,FOOD PANTRY-Agency,BLUE RECEIPT-SHL,N-03-11833,4,0,0,0.0,72,MADISON,0.0,5/30/2024 11:30,6/3/2024 8:38,Price Code 1,CUSTOMER PICKUP,False,Food Bank of Northeast Georgia,01,30530.0,Commerce,DIET DR PEPPER,Beverages
915,178192,8986,T-122,Tabors Chapel CME Church,FAIMPORT480810,,DIRECT ASSISTANCE,DIRECT ASSISTANCE-Agency,BLUE RECEIPT-SHL,MCW-01-10001,4,0,0,0.0,4,MADISON,0.0,3/26/2024 0:00,3/26/2024 0:00,Price Code 1,CUSTOMER PICKUP,False,Food Bank of Northeast Georgia,01,30633.0,Danielsville,"NON-FOOD ITEMS, SHL RETAIL PICKUPS",Non-Food Misc.
477,173274,8790,W-117,Waggoners Grove Baptist Church,476903,,FP/OP/GNAP/USDA,FOOD PANTRY-Agency,BLUE RECEIPT-SHL,N-03-11758,2,0,0,0.0,26,MADISON,0.0,1/23/2024 14:38,1/23/2024 8:45,Price Code 1,CUSTOMER PICKUP,False,Food Bank of Northeast Georgia,01,30628.0,Colbert,PROPEL LEMON,Beverages
549,175587,8720,R-120,Roger's Baptist Church,478215,,FP/OP/USDA,FOOD PANTRY-Agency,USDA,N-50-10305,8,0,0,20.16,112,MADISON,0.18,2/20/2024 13:30,2/20/2024 13:52,Price Code 1,CUSTOMER PICKUP,False,Food Bank of Northeast Georgia,01,30530.0,Commerce,USDA MIXED VegetablesCCC,Vegetables
799,178471,8906,C-149,Colbert Methodist Church,481087,,FP/GNAP/USDA,FOOD PANTRY-Agency,GNAP,N-40-10266,3,0,0,0.0,60,MADISON,0.0,4/10/2024 9:56,4/10/2024 12:52,Price Code 1,CUSTOMER PICKUP,False,Food Bank of Northeast Georgia,01,30628.0,Colbert,GNAP SPAGHETTI,Grains
777,173012,8720,TH-130,Moons Grove Baptist Church (There's Hope For the Hungry),476642,,FP/USDA,MOBILE PANTRY-Agency,USDA,N-50-10305,170,0,0,428.4,2380,MADISON,0.18,1/18/2024 8:29,1/30/2024 8:15,Price Code 1,TRACTOR TRAILER 1,False,Food Bank of Northeast Georgia,01,30628.0,Colbert,USDA MIXED VegetablesCCC,Vegetables
836,173880,8665,G-122,Gordon's Chapel Methodist Church,477509,,FP/USDA,FOOD PANTRY-Agency,BLUE RECEIPT-SHL,N-03-11268,8,0,0,5.52,184,MADISON,0.03,2/7/2024 14:20,2/7/2024 13:31,Price Code 1,CUSTOMER PICKUP,False,Food Bank of Northeast Georgia,01,30646.0,Hull,PROPEL BERRY/KIWISTRAW/GRAPE,Beverages
799,178820,875,C-149,Colbert Methodist Church,481434,,FP/GNAP/USDA,FOOD PANTRY-Agency,BLUE RECEIPT-SHL,W-04-10000,60,0,0,0.0,60,MADISON,0.0,4/11/2024 9:56,4/11/2024 13:58,Price Code 1,CUSTOMER PICKUP,False,Sharing Floor Athens,01-SH,30628.0,Colbert,"BREAD & BAKERY, ASSORTED SHL",Grains
137,179134,8874,J-100,Jubilee Partners,481747,,FP/OP/GNAP,RESIDENTIAL-Agency,YELLOW RECEIPT - SHN,F-10-10002,3,0,0,0.27,9,MADISON,0.03,4/24/2024 9:00,4/24/2024 9:08,Price Code 1,CUSTOMER PICKUP,False,Food Bank of Northeast Georgia,01,30629.0,Comer,OUTSHINE TROPICAL SMOOTHIE CUBES,Beverages
477,176546,8985,W-117,Waggoners Grove Baptist Church,479170,,FP/OP/GNAP/USDA,FOOD PANTRY-Agency,BLUE RECEIPT-SHL,C-14-90150,10,0,0,17.0,340,MADISON,0.05,3/21/2024 8:00,3/21/2024 11:39,Price Code 1,CUSTOMER PICKUP,False,Food Bank of Northeast Georgia,01,30628.0,Colbert,MINUTE MAID STRAWBERRY LEMONADE,Beverages
137,179930,5407,J-100,Jubilee Partners,482541,,FP/OP/GNAP,RESIDENTIAL-Agency,BLUE RECEIPT-SHL,F-15-10000,14,0,0,2.52,14,MADISON,0.18,5/1/2024 13:23,5/1/2024 8:38,Price Code 1,CUSTOMER PICKUP,False,Sharing Floor Athens,01-SH,30629.0,Comer,"MEAT & SEAFOOD, FROZEN SHL",Proteins
915,177579,8971,T-122,Tabors Chapel CME Church,FAIMPORT480199,,DIRECT ASSISTANCE,DIRECT ASSISTANCE-Agency,BLUE RECEIPT-SHL,MCF-16-10001,8,0,0,0.0,8,MADISON,0.0,3/14/2024 0:00,3/14/2024 0:00,Price Code 1,CUSTOMER PICKUP,False,Food Bank of Northeast Georgia,01,30633.0,Danielsville,"FROZEN FOODS, MISC SHL RETAIL PICKUP",Food Misc.
571,178863,84,F-122,Freedom Church of God,481477,,FP/OP/USDA,FOOD PANTRY-Agency,USDA,N-50-10006,13,0,0,0.0,351,MADISON,0.0,4/16/2024 12:00,4/17/2024 7:07,Price Code 1,TRUCK 1 MOBILE PANTRY,False,Food Bank of Northeast Georgia,01,30530.0,Commerce,USDA GREEN BEANS,Vegetables
548,180773,84,M-124,Moons Grove Baptist Church,483379,,FP/OP/USDA,FOOD PANTRY-Agency,USDA,N-50-10006,2,0,0,9.72,54,MADISON,0.18,5/17/2024 11:45,5/17/2024 12:02,Price Code 1,CUSTOMER PICKUP,False,Food Bank of Northeast Georgia,01,30628.0,Colbert,USDA GREEN BEANS,Vegetables
981,176857,5407,D-111,Divine Healing Ministry of Recovery Inc.,479479,,ON PREMISES (OP),REHAB-Agency,BLUE RECEIPT-SHL,F-15-10000,76,0,0,13.68,76,MADISON,0.18,3/7/2024 14:20,3/7/2024 14:22,Price Code 1,CONTACT FOR DELIVERY,False,Sharing Floor Athens,01-SH,30633.0,Commerce,"MEAT & SEAFOOD, FROZEN SHL",Proteins
799,179891,1045,C-149,Colbert Methodist Church,482502,,FP/GNAP/USDA,FOOD PANTRY-Agency,BLUE RECEIPT-SHL,W-25-10009,116,0,0,20.88,116,MADISON,0.18,4/30/2024 9:56,4/30/2024 13:55,Price Code 1,CUSTOMER PICKUP,False,Sharing Floor Athens,01-SH,30628.0,Colbert,"ASSORTED SNACK ITEMS, SHL",Food Misc.
137,173891,690,J-100,Jubilee Partners,477520,,FP/OP/GNAP,RESIDENTIAL-Agency,BLUE RECEIPT-SHL,W-03-10013,34,0,0,0.0,34,MADISON,0.0,1/31/2024 13:23,1/31/2024 8:48,Price Code 1,CUSTOMER PICKUP,False,Sharing Floor Athens,01-SH,30629.0,Comer,"ASSORTED BEVERAGES, SHL",Beverages
477,177887,50,W-117,Waggoners Grove Baptist Church,480506,,FP/OP/GNAP/USDA,FOOD PANTRY-Agency,LOCAL - LL,W-16-10002,44,0,0,7.92,44,MADISON,0.18,3/26/2024 14:38,3/26/2024 13:53,Price Code 1,CUSTOMER PICKUP,False,Sharing Floor Athens,01-SH,30628.0,Colbert,MISC. FOOD BOX LL,Food Misc.
549,180225,9025,R-120,Roger's Baptist Church,482831,,FP/OP/USDA,FOOD PANTRY-Agency,YELLOW RECEIPT - SHN,N-11-11072,18,0,0,29.16,162,MADISON,0.18,5/21/2024 13:45,5/21/2024 14:04,Price Code 1,CUSTOMER PICKUP,False,Food Bank of Northeast Georgia,01,30530.0,Commerce,MRS BUTTERSWORTHS SMORES PANCAKE KIT,Food Misc.
799,178875,8990,C-149,Colbert Methodist Church,481489,,FP/GNAP/USDA,FOOD PANTRY-Agency,BLUE RECEIPT-SHL,N-03-11819,11,0,0,0.0,363,MADISON,0.0,4/12/2024 9:56,4/12/2024 12:52,Price Code 1,CUSTOMER PICKUP,False,Food Bank of Northeast Georgia,01,30628.0,Colbert,CHERRY DR PEPPER,Beverages
898,176891,8903,M-132,Meadow Baptist Church,479513,,FP/USDA,DIRECT ASSISTANCE-Agency,YELLOW RECEIPT - SHN,N-16-10181,3,0,0,2.7,15,MADISON,0.18,3/15/2024 8:02,3/15/2024 8:13,Price Code 1,CUSTOMER PICKUP,False,Food Bank of Northeast Georgia,01,30629.0,Comer,STOVE TOP STUFFING - TURKEY/CHICKEN/CORNBREAD,Prepared Meals
137,177625,690,J-100,Jubilee Partners,480245,,FP/OP/GNAP,RESIDENTIAL-Agency,BLUE RECEIPT-SHL,W-03-10013,57,0,0,1.71,57,MADISON,0.03,3/20/2024 13:23,3/20/2024 8:47,Price Code 1,CUSTOMER PICKUP,False,Sharing Floor Athens,01-SH,30629.0,Comer,"ASSORTED BEVERAGES, SHL",Beverages
842,178660,5938,C-153,Cedar Grove Baptist Church,481276,,FP/GNAP/USDA,FOOD PANTRY-Agency,BLUE RECEIPT-SHL,C-28-10001,54,0,0,1.62,54,MADISON,0.03,4/10/2024 8:30,4/10/2024 10:28,Price Code 1,CUSTOMER PICKUP,False,Sharing Floor Athens,01-SH,30629.0,Comer,"PRODUCE, FRESH SHL",Mixed Produce
519,176942,5681,C-140,Colbert Living Waters Holiness Church,479564,,FP/OP/USDA,FOOD PANTRY-Agency,LOCAL - LL,C-16-10000,10,0,0,0.0,10,MADISON,0.0,3/8/2024 14:56,3/8/2024 10:49,Price Code 1,CUSTOMER PICKUP,False,Sharing Floor Athens,01-SH,30628.0,Colbert,"COOLER FOOD, MISC. LL",Food Misc.
477,175992,4350,W-117,Waggoners Grove Baptist Church,478620,,FP/OP/GNAP/USDA,FOOD PANTRY-Agency,BLUE RECEIPT-SHL,N-03-11160,10,0,0,0.0,100,MADISON,0.0,3/11/2024 10:00,3/11/2024 10:48,Price Code 1,CUSTOMER PICKUP,False,Food Bank of Northeast Georgia,01,30628.0,Colbert,CHERRY DR PEPPER,Beverages
799,176578,3204,C-149,Colbert Methodist Church,479202,,FP/GNAP/USDA,FOOD PANTRY-Agency,GNAP,N-40-10217,7,0,0,0.0,63,MADISON,0.0,3/8/2024 8:56,3/8/2024 12:16,Price Code 1,CUSTOMER PICKUP,False,Food Bank of Northeast Georgia,01,30628.0,Colbert,GNAP CANNED HAM,Proteins
548,173318,8627,M-124,Moons Grove Baptist Church,476947,,FP/OP/USDA,FOOD PANTRY-Agency,USDA,N-50-10300,5,0,0,12.6,70,MADISON,0.18,1/23/2024 7:40,2/20/2024 13:37,Price Code 1,CUSTOMER PICKUP,False,Food Bank of Northeast Georgia,01,30628.0,Colbert,USDA CANNED COLLARD GREENS CCC,Vegetables
981,172367,8682,D-111,Divine Healing Ministry of Recovery Inc.,475998,,ON PREMISES (OP),REHAB-Agency,BLUE RECEIPT-SHL,N-03-11727,2,0,0,0.0,56,MADISON,0.0,1/5/2024 14:49,1/5/2024 14:36,Price Code 1,CONTACT FOR DELIVERY,False,Food Bank of Northeast Georgia,01,30633.0,Commerce,LIPTON DIET GREEN TEA CITRUS,Beverages
836,177995,3943,G-122,Gordon's Chapel Methodist Church,480614,,FP/USDA,FOOD PANTRY-Agency,USDA,N-50-10268,3,0,0,3.42,114,MADISON,0.03,4/10/2024 14:20,4/10/2024 12:37,Price Code 1,CUSTOMER PICKUP,False,Food Bank of Northeast Georgia,01,30646.0,Hull,USDA APPLE JUICE,Beverages
915,182644,8976,T-122,Tabors Chapel CME Church,FAIMPORT485247,,DIRECT ASSISTANCE,DIRECT ASSISTANCE-Agency,BLUE RECEIPT-SHL,MCC-28-10001,37,0,0,0.0,37,MADISON,0.0,6/27/2024 0:00,6/27/2024 0:00,Price Code 1,CUSTOMER PICKUP,False,Food Bank of Northeast Georgia,01,30633.0,Danielsville,"PRODUCE, SHL RETAIL PICKUPS",Mixed Produce
371,181136,688,E-111,Evangelical Methodist Church - Danielsville,483741,,FOOD PANTRY,FOOD PANTRY-Agency,BLUE RECEIPT-SHL,W-01-10000,2,0,0,0.36,2,MADISON,0.18,5/21/2024 11:00,5/21/2024 11:28,Price Code 1,CUSTOMER PICKUP,False,Sharing Floor Athens,01-SH,30633.0,Danielsville,"ASSORTED NON-FOOD ITEMS, SHL",Non-Food Misc.
836,180311,9014,G-122,Gordon's Chapel Methodist Church,482917,,FP/USDA,FOOD PANTRY-Agency,PURCH,N-27-10136,6,0,313,29.16,162,MADISON,0.18,5/15/2024 14:15,5/15/2024 13:29,Price Code 1,CUSTOMER PICKUP,False,Food Bank of Northeast Georgia,01,30646.0,Hull,"GREEN BEANS, HARVEST VALLEY",Vegetables
799,173629,5407,C-149,Colbert Methodist Church,477258,,FP/GNAP/USDA,FOOD PANTRY-Agency,BLUE RECEIPT-SHL,F-15-10000,87,0,0,15.66,87,MADISON,0.18,1/25/2024 9:56,1/25/2024 13:59,Price Code 1,CUSTOMER PICKUP,False,Sharing Floor Athens,01-SH,30628.0,Colbert,"MEAT & SEAFOOD, FROZEN SHL",Proteins
915,177578,8975,T-122,Tabors Chapel CME Church,FAIMPORT480198,,DIRECT ASSISTANCE,DIRECT ASSISTANCE-Agency,BLUE RECEIPT-SHL,MCC-07-10001,5,0,0,0.0,5,MADISON,0.0,3/14/2024 0:00,3/14/2024 0:00,Price Code 1,CUSTOMER PICKUP,False,Food Bank of Northeast Georgia,01,30633.0,Danielsville,"DAIRY PRODUCTS, SHL RETAIL PICKUPS",Dairy
799,181693,170,C-149,Colbert Methodist Church,484297,,FP/GNAP/USDA,FOOD PANTRY-Agency,USDA,N-50-10007,2,0,0,10.08,56,MADISON,0.18,6/6/2024 11:30,6/6/2024 11:41,Price Code 1,CUSTOMER PICKUP,False,Food Bank of Northeast Georgia,01,30628.0,Colbert,"USDA CORN, WHOLE KERNEL NO SALT",Vegetables
137,175262,690,J-100,Jubilee Partners,477891,,FP/OP/GNAP,RESIDENTIAL-Agency,BLUE RECEIPT-SHL,W-03-10013,84,0,0,0.0,84,MADISON,0.0,2/7/2024 13:23,2/7/2024 8:36,Price Code 1,CUSTOMER PICKUP,False,Sharing Floor Athens,01-SH,30629.0,Comer,"ASSORTED BEVERAGES, SHL",Beverages
690,177380,5681,H-156,Huff Grove Baptist Church,480000,,FOOD PANTRY,FOOD PANTRY-Agency,LOCAL - LL,C-16-10000,36,0,0,6.48,36,MADISON,0.18,3/15/2024 12:04,3/15/2024 14:10,Price Code 1,CUSTOMER PICKUP,False,Sharing Floor Athens,01-SH,30656.0,Nicholson,"COOLER FOOD, MISC. LL",Food Misc.
519,180259,683,C-140,Colbert Living Waters Holiness Church,482865,,FP/OP/USDA,FOOD PANTRY-Agency,BLUE RECEIPT-SHL,W-16-10001,443,0,0,79.74,443,MADISON,0.18,5/6/2024 14:56,5/6/2024 9:44,Price Code 1,CUSTOMER PICKUP,False,Sharing Floor Athens,01-SH,30628.0,Colbert,MISC. FOOD BOX SHL,Food Misc.
892,181125,4269,L-114,Legacy Baptist Church,483730,,FP/USDA,FOOD PANTRY-Agency,USDA,N-50-10273,2,0,0,8.64,48,MADISON,0.18,5/24/2024 14:00,5/24/2024 14:13,Price Code 1,CUSTOMER PICKUP,False,Food Bank of Northeast Georgia,01,30646.0,Hull,USDA DRY NAVY BEANS CCC,Proteins
898,182460,5407,M-132,Meadow Baptist Church,485064,,FP/USDA,DIRECT ASSISTANCE-Agency,BLUE RECEIPT-SHL,F-15-10000,183,0,0,32.94,183,MADISON,0.18,6/21/2024 10:02,6/21/2024 8:28,Price Code 1,CUSTOMER PICKUP,False,Sharing Floor Athens,01-SH,30629.0,Comer,"MEAT & SEAFOOD, FROZEN SHL",Proteins
549,180225,800,R-120,Roger's Baptist Church,482831,,FP/OP/USDA,FOOD PANTRY-Agency,USDA,N-50-10065,7,0,0,34.02,189,MADISON,0.18,5/21/2024 13:45,5/21/2024 14:04,Price Code 1,CUSTOMER PICKUP,False,Food Bank of Northeast Georgia,01,30530.0,Commerce,USDA APPLESAUCE,Fruits
137,182314,696,J-100,Jubilee Partners,484918,,FP/OP/GNAP,RESIDENTIAL-Agency,LOCAL - LL,W-25-10000,64,0,0,11.52,64,MADISON,0.18,6/18/2024 13:23,6/18/2024 9:51,Price Code 1,CUSTOMER PICKUP,False,Sharing Floor Athens,01-SH,30629.0,Comer,"ASSORTED SNACK ITEMS, LL",Food Misc.
477,180901,3203,W-117,Waggoners Grove Baptist Church,483507,,FP/OP/GNAP/USDA,FOOD PANTRY-Agency,USDA,N-50-10289,3,0,0,13.5,75,MADISON,0.18,6/3/2024 10:00,6/3/2024 11:49,Price Code 1,CUSTOMER PICKUP,False,Food Bank of Northeast Georgia,01,30628.0,Colbert,USDA PECAN PIECES,Proteins
519,175030,875,C-140,Colbert Living Waters Holiness Church,477660,,FP/OP/USDA,FOOD PANTRY-Agency,BLUE RECEIPT-SHL,W-04-10000,38,0,0,0.0,38,MADISON,0.0,2/2/2024 14:56,2/2/2024 10:46,Price Code 1,CUSTOMER PICKUP,False,Sharing Floor Athens,01-SH,30628.0,Colbert,"BREAD & BAKERY, ASSORTED SHL",Grains
729,181733,7202,C-164,Colbert Methodist Church INTHEMIDDLEMEALS,484337,,FP/GNAP/USDA,AT-RISK YOUTH-Agency,GNAP,N-40-10242,6,0,0,0.0,96,MADISON,0.0,6/7/2024 14:00,6/7/2024 13:53,Price Code 1,CUSTOMER PICKUP,False,Food Bank of Northeast Georgia,01,30628.0,Colbert,GNAP STRAWBERRY JELLY,Food Misc.
477,176546,8984,W-117,Waggoners Grove Baptist Church,479170,,FP/OP/GNAP/USDA,FOOD PANTRY-Agency,BLUE RECEIPT-SHL,F-15-90557,5,0,0,5.4,30,MADISON,0.18,3/21/2024 8:00,3/21/2024 11:39,Price Code 1,CUSTOMER PICKUP,False,Food Bank of Northeast Georgia,01,30628.0,Colbert,HORMEL PORK ROAST WITH AU JUS SAUCE,Proteins
799,181693,7202,C-149,Colbert Methodist Church,484297,,FP/GNAP/USDA,FOOD PANTRY-Agency,GNAP,N-40-10242,5,0,0,0.0,80,MADISON,0.0,6/6/2024 11:30,6/6/2024 11:41,Price Code 1,CUSTOMER PICKUP,False,Food Bank of Northeast Georgia,01,30628.0,Colbert,GNAP STRAWBERRY JELLY,Food Misc.
137,173891,683,J-100,Jubilee Partners,477520,,FP/OP/GNAP,RESIDENTIAL-Agency,BLUE RECEIPT-SHL,W-16-10001,105,0,0,18.9,105,MADISON,0.18,1/31/2024 13:23,1/31/2024 8:48,Price Code 1,CUSTOMER PICKUP,False,Sharing Floor Athens,01-SH,30629.0,Comer,MISC. FOOD BOX SHL,Food Misc.
137,172454,696,J-100,Jubilee Partners,476085,,FP/OP/GNAP,RESIDENTIAL-Agency,LOCAL - LL,W-25-10000,24,0,0,4.32,24,MADISON,0.18,1/3/2024 13:23,1/3/2024 8:44,Price Code 1,CUSTOMER PICKUP,False,Sharing Floor Athens,01-SH,30629.0,Comer,"ASSORTED SNACK ITEMS, LL",Food Misc.
477,180901,8854,W-117,Waggoners Grove Baptist Church,483507,,FP/OP/GNAP/USDA,FOOD PANTRY-Agency,BLUE RECEIPT-SHL,N-03-11776,7,0,0,0.0,231,MADISON,0.0,6/3/2024 10:00,6/3/2024 11:49,Price Code 1,CUSTOMER PICKUP,False,Food Bank of Northeast Georgia,01,30628.0,Colbert,DR PEPPER STRAWBERRIES & CREAM,Beverages
571,179300,8972,F-122,Freedom Church of God,FAIMPORT481913,,FP/OP/USDA,FOOD PANTRY-Agency,BLUE RECEIPT-SHL,MCF-15-10000,2,0,0,0.0,2,MADISON,0.0,4/5/2024 0:00,4/5/2024 0:00,Price Code 1,CUSTOMER PICKUP,False,Food Bank of Northeast Georgia,01,30530.0,Commerce,"FROZEN MEAT & SEAFOOD, SHL RETAIL PICKUP",Proteins
371,177929,8848,E-111,Evangelical Methodist Church - Danielsville,480548,,FOOD PANTRY,FOOD PANTRY-Agency,PURCH,N-21-10063,5,0,0,6.3,35,MADISON,0.18,4/3/2024 13:56,4/3/2024 11:32,Price Code 1,CUSTOMER PICKUP,False,Food Bank of Northeast Georgia,01,30633.0,Danielsville,ALFREDO PASTA SIDES,Prepared Meals
137,176343,1045,J-100,Jubilee Partners,478968,,FP/OP/GNAP,RESIDENTIAL-Agency,BLUE RECEIPT-SHL,W-25-10009,6,0,0,1.08,6,MADISON,0.18,2/28/2024 13:23,2/28/2024 8:30,Price Code 1,CUSTOMER PICKUP,False,Sharing Floor Athens,01-SH,30629.0,Comer,"ASSORTED SNACK ITEMS, SHL",Food Misc.
915,172392,8898,T-122,Tabors Chapel CME Church,476023,,DIRECT ASSISTANCE,DIRECT ASSISTANCE-Agency,BLUE RECEIPT-SHL,N-03-11789,2,0,0,0.0,66,MADISON,0.0,1/5/2024 14:19,1/5/2024 13:17,Price Code 1,CUSTOMER PICKUP,False,Food Bank of Northeast Georgia,01,30633.0,Danielsville,MT DEW THRASHED APPLE,Beverages
519,181429,690,C-140,Colbert Living Waters Holiness Church,484033,,FP/OP/USDA,FOOD PANTRY-Agency,BLUE RECEIPT-SHL,W-03-10013,245,0,0,0.0,245,MADISON,0.0,5/28/2024 14:56,5/28/2024 9:37,Price Code 1,CUSTOMER PICKUP,False,Sharing Floor Athens,01-SH,30628.0,Colbert,"ASSORTED BEVERAGES, SHL",Beverages
799,181691,9087,C-149,Colbert Methodist Church,484295,,FP/GNAP/USDA,FOOD PANTRY-Agency,GNAP,N-40-10290,5,0,0,0.0,130,MADISON,0.0,6/6/2024 14:40,6/6/2024 13:10,Price Code 1,CUSTOMER PICKUP,False,Food Bank of Northeast Georgia,01,30628.0,Colbert,GNAP SHELF STABLE 1% MILK,Dairy
836,173072,8882,G-122,Gordon's Chapel Methodist Church,476702,,FP/USDA,FOOD PANTRY-Agency,BLUE RECEIPT-SHL,F-15-90548,6,0,0,9.72,54,MADISON,0.18,1/18/2024 14:20,1/18/2024 9:26,Price Code 1,CUSTOMER PICKUP,False,Food Bank of Northeast Georgia,01,30646.0,Hull,"GROUND TURKEY BREAST, KIRKWOOD",Proteins
519,176942,5772,C-140,Colbert Living Waters Holiness Church,479564,,FP/OP/USDA,FOOD PANTRY-Agency,LOCAL - LL,C-28-10000,50,0,0,1.5,50,MADISON,0.03,3/8/2024 14:56,3/8/2024 10:49,Price Code 1,CUSTOMER PICKUP,False,Sharing Floor Athens,01-SH,30628.0,Colbert,"PRODUCE, FRESH LL",Mixed Produce
519,182529,5938,C-140,Colbert Living Waters Holiness Church,485132,,FP/OP/USDA,FOOD PANTRY-Agency,BLUE RECEIPT-SHL,C-28-10001,47,0,0,1.41,47,MADISON,0.03,6/24/2024 14:56,6/24/2024 11:47,Price Code 1,CUSTOMER PICKUP,False,Sharing Floor Athens,01-SH,30628.0,Colbert,"PRODUCE, FRESH SHL",Mixed Produce
915,173342,8905,T-122,Tabors Chapel CME Church,476971,,DIRECT ASSISTANCE,DIRECT ASSISTANCE-Agency,BLUE RECEIPT-SHL,N-03-11794,2,0,0,0.0,76,MADISON,0.0,1/24/2024 14:19,1/25/2024 9:10,Price Code 1,CUSTOMER PICKUP,False,Food Bank of Northeast Georgia,01,30633.0,Danielsville,"PEPSI, 12/1.25L",Beverages
477,175993,8954,W-117,Waggoners Grove Baptist Church,478621,,FP/OP/GNAP/USDA,FOOD PANTRY-Agency,BLUE RECEIPT-SHL,N-03-11815,5,0,0,0.0,140,MADISON,0.0,3/4/2024 10:00,3/4/2024 10:14,Price Code 1,CUSTOMER PICKUP,False,Food Bank of Northeast Georgia,01,30628.0,Colbert,LIPTON HALF&HALF ICED TEA LEMONADE,Beverages
137,175608,683,J-100,Jubilee Partners,478236,,FP/OP/GNAP,RESIDENTIAL-Agency,BLUE RECEIPT-SHL,W-16-10001,86,0,0,15.48,86,MADISON,0.18,2/14/2024 13:23,2/14/2024 8:59,Price Code 1,CUSTOMER PICKUP,False,Sharing Floor Athens,01-SH,30629.0,Comer,MISC. FOOD BOX SHL,Food Misc.
571,180617,4411,F-122,Freedom Church of God,483223,,FP/OP/USDA,FOOD PANTRY-Agency,USDA,F-50-90465,5,0,0,18.9,105,MADISON,0.18,5/16/2024 9:16,5/20/2024 10:34,Price Code 1,CUSTOMER PICKUP,False,Food Bank of Northeast Georgia,01,30530.0,Commerce,USDA WILD CAUGHT GULF SHRIMP,Proteins
571,178863,6979,F-122,Freedom Church of God,481477,,FP/OP/USDA,FOOD PANTRY-Agency,USDA,C-50-10017,48,0,0,0.0,1920,MADISON,0.0,4/16/2024 12:00,4/17/2024 7:07,Price Code 1,TRUCK 1 MOBILE PANTRY,False,Food Bank of Northeast Georgia,01,30530.0,Commerce,"USDA 2% MILK, FRESH CCC",Dairy
477,173302,4555,W-117,Waggoners Grove Baptist Church,476931,,FP/OP/GNAP/USDA,FOOD PANTRY-Agency,USDA,F-50-90042,5,0,0,36.0,200,MADISON,0.18,1/26/2024 10:00,1/26/2024 9:49,Price Code 1,CUSTOMER PICKUP,False,Food Bank of Northeast Georgia,01,30628.0,Colbert,USDA CHICKEN DRUMSTICKS CCC,Proteins
549,178348,8546,R-120,Roger's Baptist Church,480964,,FP/OP/USDA,FOOD PANTRY-Agency,BLUE RECEIPT-SHL,N-03-10262,2,0,0,0.0,60,MADISON,0.0,4/16/2024 13:30,4/16/2024 14:00,Price Code 1,CUSTOMER PICKUP,False,Food Bank of Northeast Georgia,01,30530.0,Commerce,STARRY LEMON LIME SODA 16.9 OZ,Beverages
1010,176510,690,F-143,Freedom C.H. Church,479134,,FP/USDA,FOOD PANTRY-Agency,BLUE RECEIPT-SHL,W-03-10013,43,0,0,0.0,43,MADISON,0.0,3/1/2024 10:47,3/1/2024 10:57,Price Code 1,CUSTOMER PICKUP,False,Sharing Floor Athens,01-SH,30662.0,Royston,"ASSORTED BEVERAGES, SHL",Beverages
477,178633,9011,W-117,Waggoners Grove Baptist Church,481249,,FP/OP/GNAP/USDA,FOOD PANTRY-Agency,YELLOW RECEIPT - SHN,N-03-11830,10,0,0,61.2,340,MADISON,0.18,4/29/2024 19:00,4/29/2024 12:02,Price Code 1,CUSTOMER PICKUP,False,Food Bank of Northeast Georgia,01,30628.0,Colbert,DASANI WATER,Beverages
519,180259,690,C-140,Colbert Living Waters Holiness Church,482865,,FP/OP/USDA,FOOD PANTRY-Agency,BLUE RECEIPT-SHL,W-03-10013,203,0,0,0.0,203,MADISON,0.0,5/6/2024 14:56,5/6/2024 9:44,Price Code 1,CUSTOMER PICKUP,False,Sharing Floor Athens,01-SH,30628.0,Colbert,"ASSORTED BEVERAGES, SHL",Beverages
571,172309,8893,F-122,Freedom Church of God,475940,,FP/OP/USDA,FOOD PANTRY-Agency,LOCAL - LL,N-25-11947,2,0,0,2.16,12,MADISON,0.18,1/5/2024 14:21,1/5/2024 11:28,Price Code 1,CUSTOMER PICKUP,False,Food Bank of Northeast Georgia,01,30530.0,Commerce,CELLAS CHOCOLATE COVERED CHERRIES,Food Misc.
836,176972,3943,G-122,Gordon's Chapel Methodist Church,479594,,FP/USDA,FOOD PANTRY-Agency,USDA,N-50-10268,4,0,0,4.56,152,MADISON,0.03,3/13/2024 14:20,3/13/2024 12:48,Price Code 1,CUSTOMER PICKUP,False,Food Bank of Northeast Georgia,01,30646.0,Hull,USDA APPLE JUICE,Beverages
1010,181682,5407,F-143,Freedom C.H. Church,484286,,FP/USDA,FOOD PANTRY-Agency,BLUE RECEIPT-SHL,F-15-10000,75,0,0,13.5,75,MADISON,0.18,5/31/2024 10:31,5/31/2024 10:37,Price Code 1,CUSTOMER PICKUP,False,Sharing Floor Athens,01-SH,30662.0,Royston,"MEAT & SEAFOOD, FROZEN SHL",Proteins
892,181125,9013,L-114,Legacy Baptist Church,483730,,FP/USDA,FOOD PANTRY-Agency,USDA,N-50-10313,1,0,0,4.32,24,MADISON,0.18,5/24/2024 14:00,5/24/2024 14:13,Price Code 1,CUSTOMER PICKUP,False,Food Bank of Northeast Georgia,01,30646.0,Hull,USDA LIGHT RED KIDNEY BEANS 24/1LB,Proteins
915,179294,8972,T-122,Tabors Chapel CME Church,FAIMPORT481907,,DIRECT ASSISTANCE,DIRECT ASSISTANCE-Agency,BLUE RECEIPT-SHL,MCF-15-10000,43,0,0,0.0,43,MADISON,0.0,4/18/2024 0:00,4/18/2024 0:00,Price Code 1,CUSTOMER PICKUP,False,Food Bank of Northeast Georgia,01,30633.0,Danielsville,"FROZEN MEAT & SEAFOOD, SHL RETAIL PICKUP",Proteins
477,179522,8497,W-117,Waggoners Grove Baptist Church,482135,,FP/OP/GNAP/USDA,FOOD PANTRY-Agency,USDA,C-50-10048,5,0,0,8.0,160,MADISON,0.05,4/26/2024 14:38,4/26/2024 10:11,Price Code 1,CUSTOMER PICKUP,False,Food Bank of Northeast Georgia,01,30628.0,Colbert,USDA MANDARIN ORANGES,Fruits
915,181708,8972,T-122,Tabors Chapel CME Church,FAIMPORT484312,,DIRECT ASSISTANCE,DIRECT ASSISTANCE-Agency,BLUE RECEIPT-SHL,MCF-15-10000,13,0,0,0.0,13,MADISON,0.0,5/27/2024 0:00,5/27/2024 0:00,Price Code 1,CUSTOMER PICKUP,False,Food Bank of Northeast Georgia,01,30633.0,Danielsville,"FROZEN MEAT & SEAFOOD, SHL RETAIL PICKUP",Proteins
571,175985,8954,F-122,Freedom Church of God,478613,,FP/OP/USDA,FOOD PANTRY-Agency,BLUE RECEIPT-SHL,N-03-11815,2,0,0,0.0,56,MADISON,0.0,2/26/2024 14:21,2/26/2024 9:08,Price Code 1,CUSTOMER PICKUP,False,Food Bank of Northeast Georgia,01,30530.0,Commerce,LIPTON HALF&HALF ICED TEA LEMONADE,Beverages
571,173644,2098,F-122,Freedom Church of God,477273,,FP/OP/USDA,FOOD PANTRY-Agency,BLUE RECEIPT-SHL,N-03-10677,4,0,0,0.0,88,MADISON,0.0,1/30/2024 14:21,2/2/2024 11:25,Price Code 1,CUSTOMER PICKUP,False,Food Bank of Northeast Georgia,01,30530.0,Commerce,GATORADE ORANGE,Beverages
477,178256,696,W-117,Waggoners Grove Baptist Church,480872,,FP/OP/GNAP/USDA,FOOD PANTRY-Agency,LOCAL - LL,W-25-10000,30,0,0,5.4,30,MADISON,0.18,4/3/2024 14:38,8/28/2024 8:07,Price Code 1,CUSTOMER PICKUP,False,Sharing Floor Athens,01-SH,30628.0,Colbert,"ASSORTED SNACK ITEMS, LL",Food Misc.
981,180606,683,D-111,Divine Healing Ministry of Recovery Inc.,483212,,ON PREMISES (OP),REHAB-Agency,BLUE RECEIPT-SHL,W-16-10001,295,0,0,53.1,295,MADISON,0.18,5/10/2024 11:19,5/10/2024 11:22,Price Code 1,CONTACT FOR DELIVERY,False,Sharing Floor Athens,01-SH,30633.0,Commerce,MISC. FOOD BOX SHL,Food Misc.
820,181681,5407,N-122,New Bethel CH Church,484285,,FP/GNAP/USDA,FOOD PANTRY-Agency,BLUE RECEIPT-SHL,F-15-10000,58,0,0,10.44,58,MADISON,0.18,5/31/2024 12:47,5/31/2024 10:29,Price Code 1,CUSTOMER PICKUP,False,Sharing Floor Athens,01-SH,30662.0,Royston,"MEAT & SEAFOOD, FROZEN SHL",Proteins
549,172672,1674,R-120,Roger's Baptist Church,476303,,FP/OP/USDA,FOOD PANTRY-Agency,USDA,N-50-10073,6,0,0,29.16,162,MADISON,0.18,1/16/2024 13:30,1/16/2024 14:36,Price Code 1,CUSTOMER PICKUP,False,Food Bank of Northeast Georgia,01,30530.0,Commerce,USDA TOMATO SAUCE,Vegetables
477,177253,688,W-117,Waggoners Grove Baptist Church,479873,,FP/OP/GNAP/USDA,FOOD PANTRY-Agency,BLUE RECEIPT-SHL,W-01-10000,34,0,0,6.12,34,MADISON,0.18,3/13/2024 14:38,3/13/2024 13:59,Price Code 1,CUSTOMER PICKUP,False,Sharing Floor Athens,01-SH,30628.0,Colbert,"ASSORTED NON-FOOD ITEMS, SHL",Non-Food Misc.
898,173294,92,M-132,Meadow Baptist Church,476923,,FP/USDA,DIRECT ASSISTANCE-Agency,LOCAL - LL,W-01-10002,7,0,0,1.26,7,MADISON,0.18,1/19/2024 10:02,1/19/2024 8:46,Price Code 1,CUSTOMER PICKUP,False,Sharing Floor Athens,01-SH,30629.0,Comer,"ASSORTED NON-FOOD ITEMS, LL",Non-Food Misc.
477,175292,690,W-117,Waggoners Grove Baptist Church,477921,,FP/OP/GNAP/USDA,FOOD PANTRY-Agency,BLUE RECEIPT-SHL,W-03-10013,103,0,0,0.0,103,MADISON,0.0,2/7/2024 14:38,2/7/2024 13:53,Price Code 1,CUSTOMER PICKUP,False,Sharing Floor Athens,01-SH,30628.0,Colbert,"ASSORTED BEVERAGES, SHL",Beverages
571,173617,5958,F-122,Freedom Church of God,477246,,FP/OP/USDA,FOOD PANTRY-Agency,BLUE RECEIPT-SHL,C-16-10001,39,0,0,7.02,39,MADISON,0.18,1/25/2024 14:21,1/25/2024 11:53,Price Code 1,CUSTOMER PICKUP,False,Sharing Floor Athens,01-SH,30530.0,Commerce,"COOLER FOOD, MISC. SHL",Food Misc.
981,179612,875,D-111,Divine Healing Ministry of Recovery Inc.,482225,,ON PREMISES (OP),REHAB-Agency,BLUE RECEIPT-SHL,W-04-10000,12,0,0,0.0,12,MADISON,0.0,4/25/2024 11:21,4/25/2024 11:32,Price Code 1,CONTACT FOR DELIVERY,False,Sharing Floor Athens,01-SH,30633.0,Commerce,"BREAD & BAKERY, ASSORTED SHL",Grains
477,172471,8887,W-117,Waggoners Grove Baptist Church,476102,,FP/OP/GNAP/USDA,FOOD PANTRY-Agency,LFB,N-19-10056,15,0,0,21.6,120,MADISON,0.18,1/11/2024 10:00,1/11/2024 12:16,Price Code 1,CUSTOMER PICKUP,False,Food Bank of Northeast Georgia,01,30628.0,Colbert,COTTONELLE TOILET PAPER 24,Non-Food Misc.
799,180305,7298,C-149,Colbert Methodist Church,482911,,FP/GNAP/USDA,FOOD PANTRY-Agency,GNAP,N-40-10248,4,0,0,0.0,56,MADISON,0.0,5/10/2024 9:15,5/10/2024 12:18,Price Code 1,CUSTOMER PICKUP,False,Food Bank of Northeast Georgia,01,30628.0,Colbert,GNAP BAKING AND BISCUIT MIX,Grains
1010,181352,683,F-143,Freedom C.H. Church,483956,,FP/USDA,FOOD PANTRY-Agency,BLUE RECEIPT-SHL,W-16-10001,127,0,0,22.86,127,MADISON,0.18,5/24/2024 10:37,5/24/2024 10:41,Price Code 1,CUSTOMER PICKUP,False,Sharing Floor Athens,01-SH,30662.0,Royston,MISC. FOOD BOX SHL,Food Misc.
571,179323,8990,F-122,Freedom Church of God,481936,,FP/OP/USDA,FOOD PANTRY-Agency,BLUE RECEIPT-SHL,N-03-11819,10,0,0,59.4,330,MADISON,0.18,4/30/2024 14:21,5/1/2024 13:44,Price Code 1,CUSTOMER PICKUP,False,Food Bank of Northeast Georgia,01,30530.0,Commerce,CHERRY DR PEPPER,Beverages
799,181691,8600,C-149,Colbert Methodist Church,484295,,FP/GNAP/USDA,FOOD PANTRY-Agency,BLUE RECEIPT-SHL,N-03-11249,7,0,0,0.0,210,MADISON,0.0,6/6/2024 14:40,6/6/2024 13:10,Price Code 1,CUSTOMER PICKUP,False,Food Bank of Northeast Georgia,01,30628.0,Colbert,DIET PEPSI,Beverages
729,181733,9086,C-164,Colbert Methodist Church INTHEMIDDLEMEALS,484337,,FP/GNAP/USDA,AT-RISK YOUTH-Agency,GNAP,N-40-10289,2,0,0,0.0,20,MADISON,0.0,6/7/2024 14:00,6/7/2024 13:53,Price Code 1,CUSTOMER PICKUP,False,Food Bank of Northeast Georgia,01,30628.0,Colbert,GNAP MEAT STICKS,Proteins
915,172429,8875,T-122,Tabors Chapel CME Church,476060,,DIRECT ASSISTANCE,DIRECT ASSISTANCE-Agency,BLUE RECEIPT-SHL,N-03-11780,10,0,0,0.0,350,MADISON,0.0,1/5/2024 14:19,1/5/2024 13:18,Price Code 1,CUSTOMER PICKUP,False,Food Bank of Northeast Georgia,01,30633.0,Danielsville,GATORADE G2 GRAPE,Beverages
477,177335,8782,W-117,Waggoners Grove Baptist Church,479955,,FP/OP/GNAP/USDA,FOOD PANTRY-Agency,BLUE RECEIPT-SHL,N-03-11754,10,0,0,8.4,280,MADISON,0.03,3/25/2024 10:00,3/25/2024 10:58,Price Code 1,CUSTOMER PICKUP,False,Food Bank of Northeast Georgia,01,30628.0,Colbert,LIPTON GREEN TEA CITRUS,Beverages
915,182560,8976,T-122,Tabors Chapel CME Church,FAIMPORT485163,,DIRECT ASSISTANCE,DIRECT ASSISTANCE-Agency,BLUE RECEIPT-SHL,MCC-28-10001,15,0,0,0.0,15,MADISON,0.0,6/24/2024 0:00,6/24/2024 0:00,Price Code 1,CUSTOMER PICKUP,False,Food Bank of Northeast Georgia,01,30633.0,Danielsville,"PRODUCE, SHL RETAIL PICKUPS",Mixed Produce
820,175061,8851,N-122,New Bethel CH Church,477691,,FP/GNAP/USDA,FOOD PANTRY-Agency,PURCH,N-11-11071,2,0,0,2.16,12,MADISON,0.18,2/9/2024 11:00,2/9/2024 13:49,Price Code 1,CUSTOMER PICKUP,False,Food Bank of Northeast Georgia,01,30662.0,Royston,"CHICKEN STUFFING, PREMIER PANTRY",Prepared Meals
477,172490,696,W-117,Waggoners Grove Baptist Church,476121,,FP/OP/GNAP/USDA,FOOD PANTRY-Agency,LOCAL - LL,W-25-10000,45,0,0,8.1,45,MADISON,0.18,1/3/2024 14:38,1/3/2024 13:59,Price Code 1,CUSTOMER PICKUP,False,Sharing Floor Athens,01-SH,30628.0,Colbert,"ASSORTED SNACK ITEMS, LL",Food Misc.
410,178627,2202,C-110,Colbert First Baptist Church,481243,,FP/GNAP/USDA,FOOD PANTRY-Agency,USDA,N-50-10240,10,0,0,39.6,220,MADISON,0.18,4/12/2024 12:40,4/12/2024 11:19,Price Code 1,CUSTOMER PICKUP,False,Food Bank of Northeast Georgia,01,30628.0,Colbert,USDA SPAGHETTI,Grains
842,172859,696,C-153,Cedar Grove Baptist Church,476490,,FP/GNAP/USDA,FOOD PANTRY-Agency,LOCAL - LL,W-25-10000,14,0,0,0.0,14,MADISON,0.0,1/10/2024 8:30,1/10/2024 10:41,Price Code 1,CUSTOMER PICKUP,False,Sharing Floor Athens,01-SH,30629.0,Comer,"ASSORTED SNACK ITEMS, LL",Food Misc.
571,175776,8837,F-122,Freedom Church of God,478404,,FP/OP/USDA,FOOD PANTRY-Agency,BLUE RECEIPT-SHL,N-03-11773,1,0,0,0.0,10,MADISON,0.0,2/22/2024 14:21,2/22/2024 14:22,Price Code 1,CUSTOMER PICKUP,False,Food Bank of Northeast Georgia,01,30530.0,Commerce,MT DEW PASSSIONFRUIT PUNCH,Beverages
137,181493,5958,J-100,Jubilee Partners,484097,,FP/OP/GNAP,RESIDENTIAL-Agency,BLUE RECEIPT-SHL,C-16-10001,37,0,0,6.66,37,MADISON,0.18,5/29/2024 13:23,5/29/2024 8:51,Price Code 1,CUSTOMER PICKUP,False,Sharing Floor Athens,01-SH,30629.0,Comer,"COOLER FOOD, MISC. SHL",Food Misc.
137,172846,696,J-100,Jubilee Partners,476477,,FP/OP/GNAP,RESIDENTIAL-Agency,LOCAL - LL,W-25-10000,15,0,0,2.7,15,MADISON,0.18,1/10/2024 13:23,1/10/2024 8:59,Price Code 1,CUSTOMER PICKUP,False,Sharing Floor Athens,01-SH,30629.0,Comer,"ASSORTED SNACK ITEMS, LL",Food Misc.
137,176343,690,J-100,Jubilee Partners,478968,,FP/OP/GNAP,RESIDENTIAL-Agency,BLUE RECEIPT-SHL,W-03-10013,151,0,0,0.0,151,MADISON,0.0,2/28/2024 13:23,2/28/2024 8:30,Price Code 1,CUSTOMER PICKUP,False,Sharing Floor Athens,01-SH,30629.0,Comer,"ASSORTED BEVERAGES, SHL",Beverages
571,178863,4449,F-122,Freedom Church of God,481477,,FP/OP/USDA,FOOD PANTRY-Agency,USDA,F-50-90445,48,0,0,0.0,1968,MADISON,0.0,4/16/2024 12:00,4/17/2024 7:07,Price Code 1,TRUCK 1 MOBILE PANTRY,False,Food Bank of Northeast Georgia,01,30530.0,Commerce,USDA FULLY COOKED PULLED PORK CCC,Proteins
477,172399,8900,W-117,Waggoners Grove Baptist Church,476030,,FP/OP/GNAP/USDA,FOOD PANTRY-Agency,BLUE RECEIPT-SHL,N-03-11791,2,0,0,0.0,54,MADISON,0.0,1/5/2024 14:38,1/5/2024 8:20,Price Code 1,CUSTOMER PICKUP,False,Food Bank of Northeast Georgia,01,30628.0,Colbert,GATORADE G2 GRAPE 15 COUNT,Beverages
137,172454,688,J-100,Jubilee Partners,476085,,FP/OP/GNAP,RESIDENTIAL-Agency,BLUE RECEIPT-SHL,W-01-10000,32,0,0,5.76,32,MADISON,0.18,1/3/2024 13:23,1/3/2024 8:44,Price Code 1,CUSTOMER PICKUP,False,Sharing Floor Athens,01-SH,30629.0,Comer,"ASSORTED NON-FOOD ITEMS, SHL",Non-Food Misc.
981,175079,8854,D-111,Divine Healing Ministry of Recovery Inc.,477709,,ON PREMISES (OP),REHAB-Agency,BLUE RECEIPT-SHL,N-03-11776,3,0,0,0.0,99,MADISON,0.0,2/7/2024 0:05,2/8/2024 14:05,Price Code 1,CONTACT FOR DELIVERY,False,Food Bank of Northeast Georgia,01,30633.0,Commerce,DR PEPPER STRAWBERRIES & CREAM,Beverages
915,179293,8976,T-122,Tabors Chapel CME Church,FAIMPORT481906,,DIRECT ASSISTANCE,DIRECT ASSISTANCE-Agency,BLUE RECEIPT-SHL,MCC-28-10001,14,0,0,0.0,14,MADISON,0.0,4/15/2024 0:00,4/15/2024 0:00,Price Code 1,CUSTOMER PICKUP,False,Food Bank of Northeast Georgia,01,30633.0,Danielsville,"PRODUCE, SHL RETAIL PICKUPS",Mixed Produce
477,175726,8720,W-117,Waggoners Grove Baptist Church,478354,,FP/OP/GNAP/USDA,FOOD PANTRY-Agency,USDA,N-50-10305,10,0,0,25.2,140,MADISON,0.18,3/4/2024 10:00,3/4/2024 10:13,Price Code 1,CUSTOMER PICKUP,False,Food Bank of Northeast Georgia,01,30628.0,Colbert,USDA MIXED VegetablesCCC,Vegetables
137,181179,696,J-100,Jubilee Partners,483784,,FP/OP/GNAP,RESIDENTIAL-Agency,LOCAL - LL,W-25-10000,83,0,0,14.94,83,MADISON,0.18,5/22/2024 13:23,5/22/2024 8:53,Price Code 1,CUSTOMER PICKUP,False,Sharing Floor Athens,01-SH,30629.0,Comer,"ASSORTED SNACK ITEMS, LL",Food Misc.
1010,182522,690,F-143,Freedom C.H. Church,485125,,FP/USDA,FOOD PANTRY-Agency,BLUE RECEIPT-SHL,W-03-10013,151,0,0,0.0,151,MADISON,0.0,6/24/2024 9:30,6/24/2024 9:36,Price Code 1,CUSTOMER PICKUP,False,Sharing Floor Athens,01-SH,30662.0,Royston,"ASSORTED BEVERAGES, SHL",Beverages
571,178397,8997,F-122,Freedom Church of God,481013,,FP/OP/USDA,FOOD PANTRY-Agency,USDA,N-50-10312,1,0,0,2.16,12,MADISON,0.18,4/11/2024 14:21,4/11/2024 13:26,Price Code 1,CUSTOMER PICKUP,False,Food Bank of Northeast Georgia,01,30530.0,Commerce,USDA CHILI W/ BEANS CCC,Prepared Meals
137,180405,5938,J-100,Jubilee Partners,483011,,FP/OP/GNAP,RESIDENTIAL-Agency,BLUE RECEIPT-SHL,C-28-10001,192,0,0,5.76,192,MADISON,0.03,5/8/2024 13:23,5/8/2024 8:51,Price Code 1,CUSTOMER PICKUP,False,Sharing Floor Athens,01-SH,30629.0,Comer,"PRODUCE, FRESH SHL",Mixed Produce
571,173083,8912,F-122,Freedom Church of God,476713,,FP/OP/USDA,FOOD PANTRY-Agency,BLUE RECEIPT-SHL,N-03-11798,2,0,0,0.0,76,MADISON,0.0,1/19/2024 11:00,1/19/2024 11:21,Price Code 1,CUSTOMER PICKUP,False,Food Bank of Northeast Georgia,01,30530.0,Commerce,MT DEW 12/1.25L,Beverages
981,176021,683,D-111,Divine Healing Ministry of Recovery Inc.,478649,,ON PREMISES (OP),REHAB-Agency,BLUE RECEIPT-SHL,W-16-10001,47,0,0,8.46,47,MADISON,0.18,2/22/2024 11:43,2/22/2024 11:51,Price Code 1,CONTACT FOR DELIVERY,False,Sharing Floor Athens,01-SH,30633.0,Commerce,MISC. FOOD BOX SHL,Food Misc.
477,172214,8887,W-117,Waggoners Grove Baptist Church,475845,,FP/OP/GNAP/USDA,FOOD PANTRY-Agency,LFB,N-19-10056,10,0,0,14.4,80,MADISON,0.18,1/11/2024 10:00,1/11/2024 12:15,Price Code 1,CUSTOMER PICKUP,False,Food Bank of Northeast Georgia,01,30628.0,Colbert,COTTONELLE TOILET PAPER 24,Non-Food Misc.
915,178478,8822,T-122,Tabors Chapel CME Church,481094,,DIRECT ASSISTANCE,DIRECT ASSISTANCE-Agency,BLUE RECEIPT-SHL,N-03-11761,4,0,0,0.0,48,MADISON,0.0,4/10/2024 14:19,4/10/2024 10:27,Price Code 1,CUSTOMER PICKUP,False,Food Bank of Northeast Georgia,01,30633.0,Danielsville,"STARBUCKS PINK DRINK, STRAW ACAI",Beverages
1010,176750,683,F-143,Freedom C.H. Church,479373,,FP/USDA,FOOD PANTRY-Agency,BLUE RECEIPT-SHL,W-16-10001,271,0,0,48.78,271,MADISON,0.18,3/6/2024 9:50,3/6/2024 9:56,Price Code 1,CUSTOMER PICKUP,False,Sharing Floor Athens,01-SH,30662.0,Royston,MISC. FOOD BOX SHL,Food Misc.
371,181452,1045,E-111,Evangelical Methodist Church - Danielsville,484056,,FOOD PANTRY,FOOD PANTRY-Agency,BLUE RECEIPT-SHL,W-25-10009,48,0,0,8.64,48,MADISON,0.18,5/28/2024 13:56,5/28/2024 11:32,Price Code 1,CUSTOMER PICKUP,False,Sharing Floor Athens,01-SH,30633.0,Danielsville,"ASSORTED SNACK ITEMS, SHL",Food Misc.
137,182314,5938,J-100,Jubilee Partners,484918,,FP/OP/GNAP,RESIDENTIAL-Agency,BLUE RECEIPT-SHL,C-28-10001,75,0,0,2.25,75,MADISON,0.03,6/18/2024 13:23,6/18/2024 9:51,Price Code 1,CUSTOMER PICKUP,False,Sharing Floor Athens,01-SH,30629.0,Comer,"PRODUCE, FRESH SHL",Mixed Produce
892,177974,2414,L-114,Legacy Baptist Church,480593,,FP/USDA,FOOD PANTRY-Agency,USDA,N-50-10244,1,0,0,6.48,36,MADISON,0.18,4/3/2024 11:15,4/3/2024 11:32,Price Code 1,CUSTOMER PICKUP,False,Food Bank of Northeast Georgia,01,30646.0,Hull,USDA CANNED BEEF CCC,Proteins
729,181733,9039,C-164,Colbert Methodist Church INTHEMIDDLEMEALS,484337,,FP/GNAP/USDA,AT-RISK YOUTH-Agency,GNAP,N-40-10276,2,0,0,0.0,20,MADISON,0.0,6/7/2024 14:00,6/7/2024 13:53,Price Code 1,CUSTOMER PICKUP,False,Food Bank of Northeast Georgia,01,30628.0,Colbert,GNAP CHEESE STICKS - WHITE CHEDDAR,Dairy
799,175071,84,C-149,Colbert Methodist Church,477701,,FP/GNAP/USDA,FOOD PANTRY-Agency,USDA,N-50-10006,2,0,0,9.72,54,MADISON,0.18,2/9/2024 9:56,2/9/2024 10:17,Price Code 1,CUSTOMER PICKUP,False,Food Bank of Northeast Georgia,01,30628.0,Colbert,USDA GREEN BEANS,Vegetables
371,181136,683,E-111,Evangelical Methodist Church - Danielsville,483741,,FOOD PANTRY,FOOD PANTRY-Agency,BLUE RECEIPT-SHL,W-16-10001,128,0,0,23.04,128,MADISON,0.18,5/21/2024 11:00,5/21/2024 11:28,Price Code 1,CUSTOMER PICKUP,False,Sharing Floor Athens,01-SH,30633.0,Danielsville,MISC. FOOD BOX SHL,Food Misc.
371,182327,5958,E-111,Evangelical Methodist Church - Danielsville,484931,,FOOD PANTRY,FOOD PANTRY-Agency,BLUE RECEIPT-SHL,C-16-10001,12,0,0,2.16,12,MADISON,0.18,6/18/2024 13:56,6/18/2024 11:37,Price Code 1,CUSTOMER PICKUP,False,Sharing Floor Athens,01-SH,30633.0,Danielsville,"COOLER FOOD, MISC. SHL",Food Misc.
799,172496,1791,C-149,Colbert Methodist Church,476127,,FP/GNAP/USDA,FOOD PANTRY-Agency,USDA,N-50-10079,2,0,0,9.36,52,MADISON,0.18,1/8/2024 9:56,1/8/2024 12:46,Price Code 1,CUSTOMER PICKUP,False,Food Bank of Northeast Georgia,01,30628.0,Colbert,USDA WALNUT HALVES AND PIECES,Proteins
981,176317,8665,D-111,Divine Healing Ministry of Recovery Inc.,478942,,ON PREMISES (OP),REHAB-Agency,BLUE RECEIPT-SHL,N-03-11268,2,0,0,1.38,46,MADISON,0.03,3/1/2024 15:23,3/15/2024 10:00,Price Code 1,CONTACT FOR DELIVERY,False,Food Bank of Northeast Georgia,01,30633.0,Commerce,PROPEL BERRY/KIWISTRAW/GRAPE,Beverages
477,172490,5407,W-117,Waggoners Grove Baptist Church,476121,,FP/OP/GNAP/USDA,FOOD PANTRY-Agency,BLUE RECEIPT-SHL,F-15-10000,50,0,0,9.0,50,MADISON,0.18,1/3/2024 14:38,1/3/2024 13:59,Price Code 1,CUSTOMER PICKUP,False,Sharing Floor Athens,01-SH,30628.0,Colbert,"MEAT & SEAFOOD, FROZEN SHL",Proteins
842,178660,5407,C-153,Cedar Grove Baptist Church,481276,,FP/GNAP/USDA,FOOD PANTRY-Agency,BLUE RECEIPT-SHL,F-15-10000,32,0,0,5.76,32,MADISON,0.18,4/10/2024 8:30,4/10/2024 10:28,Price Code 1,CUSTOMER PICKUP,False,Sharing Floor Athens,01-SH,30629.0,Comer,"MEAT & SEAFOOD, FROZEN SHL",Proteins
371,178692,8972,E-111,Evangelical Methodist Church - Danielsville,FAIMPORT481307,,FOOD PANTRY,FOOD PANTRY-Agency,BLUE RECEIPT-SHL,MCF-15-10000,11,0,0,0.0,11,MADISON,0.0,3/28/2024 0:00,3/28/2024 0:00,Price Code 1,CUSTOMER PICKUP,False,Food Bank of Northeast Georgia,01,30633.0,Danielsville,"FROZEN MEAT & SEAFOOD, SHL RETAIL PICKUP",Proteins
571,178397,8822,F-122,Freedom Church of God,481013,,FP/OP/USDA,FOOD PANTRY-Agency,BLUE RECEIPT-SHL,N-03-11761,2,0,0,0.0,24,MADISON,0.0,4/11/2024 14:21,4/11/2024 13:26,Price Code 1,CUSTOMER PICKUP,False,Food Bank of Northeast Georgia,01,30530.0,Commerce,"STARBUCKS PINK DRINK, STRAW ACAI",Beverages
477,177335,4448,W-117,Waggoners Grove Baptist Church,479955,,FP/OP/GNAP/USDA,FOOD PANTRY-Agency,USDA,F-50-90446,2,0,0,0.0,56,MADISON,0.0,3/25/2024 10:00,3/25/2024 10:58,Price Code 1,CUSTOMER PICKUP,False,Food Bank of Northeast Georgia,01,30628.0,Colbert,USDA FROZEN STRAWBERRY FRUIT CUPS,Fruits
477,172399,8835,W-117,Waggoners Grove Baptist Church,476030,,FP/OP/GNAP/USDA,FOOD PANTRY-Agency,BLUE RECEIPT-SHL,N-03-11771,2,0,0,0.0,60,MADISON,0.0,1/5/2024 14:38,1/5/2024 8:20,Price Code 1,CUSTOMER PICKUP,False,Food Bank of Northeast Georgia,01,30628.0,Colbert,GATORADE LOWER SUGAR GLACIER FREEZE,Beverages
548,179057,170,M-124,Moons Grove Baptist Church,481671,,FP/OP/USDA,FOOD PANTRY-Agency,USDA,N-50-10007,3,0,0,15.12,84,MADISON,0.18,4/19/2024 7:40,4/19/2024 10:26,Price Code 1,CUSTOMER PICKUP,False,Food Bank of Northeast Georgia,01,30628.0,Colbert,"USDA CORN, WHOLE KERNEL NO SALT",Vegetables
137,176343,5407,J-100,Jubilee Partners,478968,,FP/OP/GNAP,RESIDENTIAL-Agency,BLUE RECEIPT-SHL,F-15-10000,32,0,0,5.76,32,MADISON,0.18,2/28/2024 13:23,2/28/2024 8:30,Price Code 1,CUSTOMER PICKUP,False,Sharing Floor Athens,01-SH,30629.0,Comer,"MEAT & SEAFOOD, FROZEN SHL",Proteins
820,175061,4715,N-122,New Bethel CH Church,477691,,FP/GNAP/USDA,FOOD PANTRY-Agency,USDA,F-50-90461,1,0,0,7.2,40,MADISON,0.18,2/9/2024 11:00,2/9/2024 13:49,Price Code 1,CUSTOMER PICKUP,False,Food Bank of Northeast Georgia,01,30662.0,Royston,USDA ALASKAN POLLACK FISH FILLETS,Proteins
981,177365,8665,D-111,Divine Healing Ministry of Recovery Inc.,479985,,ON PREMISES (OP),REHAB-Agency,BLUE RECEIPT-SHL,N-03-11268,6,0,0,4.14,138,MADISON,0.03,3/15/2024 10:46,3/15/2024 11:01,Price Code 1,CUSTOMER PICKUP,False,Food Bank of Northeast Georgia,01,30633.0,Commerce,PROPEL BERRY/KIWISTRAW/GRAPE,Beverages
137,181179,683,J-100,Jubilee Partners,483784,,FP/OP/GNAP,RESIDENTIAL-Agency,BLUE RECEIPT-SHL,W-16-10001,148,0,0,26.64,148,MADISON,0.18,5/22/2024 13:23,5/22/2024 8:53,Price Code 1,CUSTOMER PICKUP,False,Sharing Floor Athens,01-SH,30629.0,Comer,MISC. FOOD BOX SHL,Food Misc.
1010,177399,8690,F-143,Freedom C.H. Church,480019,,FP/USDA,FOOD PANTRY-Agency,USDA,N-50-10302,6,0,0,15.12,84,MADISON,0.18,3/20/2024 15:56,3/20/2024 8:26,Price Code 1,CUSTOMER PICKUP,False,Food Bank of Northeast Georgia,01,30662.0,Royston,USDA GREEN BEANS CCC,Vegetables
842,180134,7083,C-153,Cedar Grove Baptist Church,482742,,FP/GNAP/USDA,FOOD PANTRY-Agency,USDA,C-50-10029,2,0,0,4.32,24,MADISON,0.18,5/8/2024 10:09,6/3/2024 7:54,Price Code 1,CUSTOMER PICKUP,False,Food Bank of Northeast Georgia,01,30629.0,Comer,"USDA MILD CHEDDAR CHEESE, BLOCK CCC",Dairy
477,175992,8955,W-117,Waggoners Grove Baptist Church,478620,,FP/OP/GNAP/USDA,FOOD PANTRY-Agency,BLUE RECEIPT-SHL,N-03-11816,6,0,0,0.0,240,MADISON,0.0,3/11/2024 10:00,3/11/2024 10:48,Price Code 1,CUSTOMER PICKUP,False,Food Bank of Northeast Georgia,01,30628.0,Colbert,SCHWEPPES RASPBERRY GINGER ALE 2L,Beverages
799,181260,683,C-149,Colbert Methodist Church,483865,,FP/GNAP/USDA,FOOD PANTRY-Agency,BLUE RECEIPT-SHL,W-16-10001,128,0,0,23.04,128,MADISON,0.18,5/23/2024 9:56,5/23/2024 13:50,Price Code 1,CUSTOMER PICKUP,False,Sharing Floor Athens,01-SH,30628.0,Colbert,MISC. FOOD BOX SHL,Food Misc.
477,181209,5958,W-117,Waggoners Grove Baptist Church,483814,,FP/OP/GNAP/USDA,FOOD PANTRY-Agency,BLUE RECEIPT-SHL,C-16-10001,56,0,0,0.0,56,MADISON,0.0,5/22/2024 14:38,5/22/2024 14:09,Price Code 1,CUSTOMER PICKUP,False,Sharing Floor Athens,01-SH,30628.0,Colbert,"COOLER FOOD, MISC. SHL",Food Misc.
690,177380,5407,H-156,Huff Grove Baptist Church,480000,,FOOD PANTRY,FOOD PANTRY-Agency,BLUE RECEIPT-SHL,F-15-10000,41,0,0,0.0,41,MADISON,0.0,3/15/2024 12:04,3/15/2024 14:10,Price Code 1,CUSTOMER PICKUP,False,Sharing Floor Athens,01-SH,30656.0,Nicholson,"MEAT & SEAFOOD, FROZEN SHL",Proteins
371,180347,688,E-111,Evangelical Methodist Church - Danielsville,482953,,FOOD PANTRY,FOOD PANTRY-Agency,BLUE RECEIPT-SHL,W-01-10000,50,0,0,9.0,50,MADISON,0.18,5/7/2024 13:56,5/7/2024 11:27,Price Code 1,CUSTOMER PICKUP,False,Sharing Floor Athens,01-SH,30633.0,Danielsville,"ASSORTED NON-FOOD ITEMS, SHL",Non-Food Misc.
799,175070,3122,C-149,Colbert Methodist Church,477700,,FP/GNAP/USDA,FOOD PANTRY-Agency,GNAP,N-40-10174,4,0,0,5.6,56,MADISON,0.1,2/7/2024 9:56,2/7/2024 11:19,Price Code 1,CUSTOMER PICKUP,False,Food Bank of Northeast Georgia,01,30628.0,Colbert,"GNAP BLACKEYE PEAS, LOW SODIUM",Proteins
799,172829,8725,C-149,Colbert Methodist Church,476460,,FP/GNAP/USDA,FOOD PANTRY-Agency,YELLOW RECEIPT - SHN,N-16-10170,7,0,0,10.08,56,MADISON,0.18,1/16/2024 9:56,1/25/2024 8:57,Price Code 1,CUSTOMER PICKUP,False,Food Bank of Northeast Georgia,01,30628.0,Colbert,DUNCAN HINES COOKIE DOUGH FROSTING,Food Misc.
371,180347,696,E-111,Evangelical Methodist Church - Danielsville,482953,,FOOD PANTRY,FOOD PANTRY-Agency,LOCAL - LL,W-25-10000,36,0,0,6.48,36,MADISON,0.18,5/7/2024 13:56,5/7/2024 11:27,Price Code 1,CUSTOMER PICKUP,False,Sharing Floor Athens,01-SH,30633.0,Danielsville,"ASSORTED SNACK ITEMS, LL",Food Misc.
519,176074,5407,C-140,Colbert Living Waters Holiness Church,478701,,FP/OP/USDA,FOOD PANTRY-Agency,BLUE RECEIPT-SHL,F-15-10000,139,0,0,25.02,139,MADISON,0.18,2/23/2024 14:56,2/23/2024 8:40,Price Code 1,CUSTOMER PICKUP,False,Sharing Floor Athens,01-SH,30628.0,Colbert,"MEAT & SEAFOOD, FROZEN SHL",Proteins
981,182023,235,D-111,Divine Healing Ministry of Recovery Inc.,484627,,ON PREMISES (OP),REHAB-Agency,LOCAL - LL,W-03-10012,69,0,0,0.0,69,MADISON,0.0,6/7/2024 10:39,6/7/2024 10:42,Price Code 1,CONTACT FOR DELIVERY,False,Sharing Floor Athens,01-SH,30633.0,Commerce,"ASSORTED BEVERAGES, LL",Beverages
892,177974,800,L-114,Legacy Baptist Church,480593,,FP/USDA,FOOD PANTRY-Agency,USDA,N-50-10065,1,0,0,4.86,27,MADISON,0.18,4/3/2024 11:15,4/3/2024 11:32,Price Code 1,CUSTOMER PICKUP,False,Food Bank of Northeast Georgia,01,30646.0,Hull,USDA APPLESAUCE,Fruits
915,178701,8973,T-122,Tabors Chapel CME Church,FAIMPORT481315,,DIRECT ASSISTANCE,DIRECT ASSISTANCE-Agency,BLUE RECEIPT-SHL,MCC-16-10001,179,0,0,0.0,179,MADISON,0.0,4/8/2024 0:00,4/8/2024 0:00,Price Code 1,CUSTOMER PICKUP,False,Food Bank of Northeast Georgia,01,30633.0,Danielsville,"COOLER FOOD MISC., SHL RETAIL PICKUP",Food Misc.
799,179019,9014,C-149,Colbert Methodist Church,481633,,FP/GNAP/USDA,FOOD PANTRY-Agency,PURCH,N-27-10136,2,0,104,9.72,54,MADISON,0.18,4/19/2024 8:56,4/19/2024 13:30,Price Code 1,CUSTOMER PICKUP,False,Food Bank of Northeast Georgia,01,30628.0,Colbert,"GREEN BEANS, HARVEST VALLEY",Vegetables
842,172527,170,C-153,Cedar Grove Baptist Church,476158,,FP/GNAP/USDA,FOOD PANTRY-Agency,USDA,N-50-10007,2,0,0,10.08,56,MADISON,0.18,1/10/2024 10:00,1/10/2024 11:07,Price Code 1,CUSTOMER PICKUP,False,Food Bank of Northeast Georgia,01,30629.0,Comer,"USDA CORN, WHOLE KERNEL NO SALT",Vegetables
137,182314,875,J-100,Jubilee Partners,484918,,FP/OP/GNAP,RESIDENTIAL-Agency,BLUE RECEIPT-SHL,W-04-10000,33,0,0,0.0,33,MADISON,0.0,6/18/2024 13:23,6/18/2024 9:51,Price Code 1,CUSTOMER PICKUP,False,Sharing Floor Athens,01-SH,30629.0,Comer,"BREAD & BAKERY, ASSORTED SHL",Grains
915,172392,8626,T-122,Tabors Chapel CME Church,476023,,DIRECT ASSISTANCE,DIRECT ASSISTANCE-Agency,BLUE RECEIPT-SHL,N-03-11262,3,0,0,0.0,126,MADISON,0.0,1/5/2024 14:19,1/5/2024 13:17,Price Code 1,CUSTOMER PICKUP,False,Food Bank of Northeast Georgia,01,30633.0,Danielsville,MOUNTAIN DEW,Beverages
799,176127,4350,C-149,Colbert Methodist Church,478754,,FP/GNAP/USDA,FOOD PANTRY-Agency,BLUE RECEIPT-SHL,N-03-11160,15,0,0,0.0,150,MADISON,0.0,3/1/2024 8:56,3/1/2024 12:32,Price Code 1,CUSTOMER PICKUP,False,Food Bank of Northeast Georgia,01,30628.0,Colbert,CHERRY DR PEPPER,Beverages
571,182603,683,F-122,Freedom Church of God,485206,,FP/OP/USDA,FOOD PANTRY-Agency,BLUE RECEIPT-SHL,W-16-10001,42,0,0,0.0,42,MADISON,0.0,6/26/2024 14:21,6/26/2024 15:23,Price Code 1,CUSTOMER PICKUP,False,Sharing Floor Athens,01-SH,30530.0,Commerce,MISC. FOOD BOX SHL,Food Misc.
981,181206,9060,D-111,Divine Healing Ministry of Recovery Inc.,483811,,ON PREMISES (OP),REHAB-Agency,LOCAL - LL,N-12-10106,6,0,0,0.0,42,MADISON,0.0,5/28/2024 0:00,5/28/2024 13:03,Price Code 1,CONTACT FOR DELIVERY,False,Food Bank of Northeast Georgia,01,30633.0,Commerce,PURCOL MOISTURIZING HAND SANITIZER,Non-Food Misc.
571,172819,8901,F-122,Freedom Church of God,476450,,FP/OP/USDA,FOOD PANTRY-Agency,BLUE RECEIPT-SHL,N-03-11792,1,0,0,0.0,20,MADISON,0.0,1/12/2024 14:21,1/12/2024 12:55,Price Code 1,CUSTOMER PICKUP,False,Food Bank of Northeast Georgia,01,30530.0,Commerce,PROPEL BLACK CHERRY ,Beverages
571,182363,8972,F-122,Freedom Church of God,FAIMPORT484967,,FP/OP/USDA,FOOD PANTRY-Agency,BLUE RECEIPT-SHL,MCF-15-10000,14,0,0,0.0,14,MADISON,0.0,6/14/2024 0:00,6/14/2024 0:00,Price Code 1,CUSTOMER PICKUP,False,Food Bank of Northeast Georgia,01,30530.0,Commerce,"FROZEN MEAT & SEAFOOD, SHL RETAIL PICKUP",Proteins
571,179808,8976,F-122,Freedom Church of God,FAIMPORT482421,,FP/OP/USDA,FOOD PANTRY-Agency,BLUE RECEIPT-SHL,MCC-28-10001,26,0,0,0.0,26,MADISON,0.0,4/26/2024 0:00,4/26/2024 0:00,Price Code 1,CUSTOMER PICKUP,False,Food Bank of Northeast Georgia,01,30530.0,Commerce,"PRODUCE, SHL RETAIL PICKUPS",Mixed Produce
571,178106,92,F-122,Freedom Church of God,480725,,FP/OP/USDA,FOOD PANTRY-Agency,LOCAL - LL,W-01-10002,14,0,0,2.52,14,MADISON,0.18,4/2/2024 14:21,4/2/2024 10:00,Price Code 1,CUSTOMER PICKUP,False,Sharing Floor Athens,01-SH,30530.0,Commerce,"ASSORTED NON-FOOD ITEMS, LL",Non-Food Misc.
981,176021,875,D-111,Divine Healing Ministry of Recovery Inc.,478649,,ON PREMISES (OP),REHAB-Agency,BLUE RECEIPT-SHL,W-04-10000,125,0,0,0.0,125,MADISON,0.0,2/22/2024 11:43,2/22/2024 11:51,Price Code 1,CONTACT FOR DELIVERY,False,Sharing Floor Athens,01-SH,30633.0,Commerce,"BREAD & BAKERY, ASSORTED SHL",Grains
571,172750,5407,F-122,Freedom Church of God,476381,,FP/OP/USDA,FOOD PANTRY-Agency,BLUE RECEIPT-SHL,F-15-10000,782,0,0,0.0,782,MADISON,0.0,1/8/2024 14:21,1/8/2024 14:18,Price Code 1,CUSTOMER PICKUP,False,Food Bank of Northeast Georgia,01,30530.0,Commerce,"MEAT & SEAFOOD, FROZEN SHL",Proteins
137,172846,5772,J-100,Jubilee Partners,476477,,FP/OP/GNAP,RESIDENTIAL-Agency,LOCAL - LL,C-28-10000,282,0,0,8.46,282,MADISON,0.03,1/10/2024 13:23,1/10/2024 8:59,Price Code 1,CUSTOMER PICKUP,False,Sharing Floor Athens,01-SH,30629.0,Comer,"PRODUCE, FRESH LL",Mixed Produce
571,173193,696,F-122,Freedom Church of God,476823,,FP/OP/USDA,FOOD PANTRY-Agency,LOCAL - LL,W-25-10000,48,0,0,8.64,48,MADISON,0.18,1/17/2024 14:21,1/17/2024 12:01,Price Code 1,CUSTOMER PICKUP,False,Sharing Floor Athens,01-SH,30530.0,Commerce,"ASSORTED SNACK ITEMS, LL",Food Misc.
137,176739,875,J-100,Jubilee Partners,479362,,FP/OP/GNAP,RESIDENTIAL-Agency,BLUE RECEIPT-SHL,W-04-10000,32,0,0,0.0,32,MADISON,0.0,3/6/2024 13:23,3/6/2024 8:52,Price Code 1,CUSTOMER PICKUP,False,Sharing Floor Athens,01-SH,30629.0,Comer,"BREAD & BAKERY, ASSORTED SHL",Grains
915,179790,8972,T-122,Tabors Chapel CME Church,FAIMPORT482403,,DIRECT ASSISTANCE,DIRECT ASSISTANCE-Agency,BLUE RECEIPT-SHL,MCF-15-10000,40,0,0,0.0,40,MADISON,0.0,4/22/2024 0:00,4/22/2024 0:00,Price Code 1,CUSTOMER PICKUP,False,Food Bank of Northeast Georgia,01,30633.0,Danielsville,"FROZEN MEAT & SEAFOOD, SHL RETAIL PICKUP",Proteins
549,178348,8995,R-120,Roger's Baptist Church,480964,,FP/OP/USDA,FOOD PANTRY-Agency,BLUE RECEIPT-SHL,N-21-10067,6,0,0,5.4,30,MADISON,0.18,4/16/2024 13:30,4/16/2024 14:00,Price Code 1,CUSTOMER PICKUP,False,Food Bank of Northeast Georgia,01,30530.0,Commerce,"RAMEN, MARUCHAN SHRIMP",Prepared Meals
371,173837,683,E-111,Evangelical Methodist Church - Danielsville,477466,,FOOD PANTRY,FOOD PANTRY-Agency,BLUE RECEIPT-SHL,W-16-10001,14,0,0,2.52,14,MADISON,0.18,1/30/2024 13:56,1/30/2024 11:17,Price Code 1,CUSTOMER PICKUP,False,Sharing Floor Athens,01-SH,30633.0,Danielsville,MISC. FOOD BOX SHL,Food Misc.
799,175071,8914,C-149,Colbert Methodist Church,477701,,FP/GNAP/USDA,FOOD PANTRY-Agency,USDA,N-50-10310,3,0,0,14.58,81,MADISON,0.18,2/9/2024 9:56,2/9/2024 10:17,Price Code 1,CUSTOMER PICKUP,False,Food Bank of Northeast Georgia,01,30628.0,Colbert,USDA DICED POTATOES,Potatoes 
571,182568,8973,F-122,Freedom Church of God,FAIMPORT485171,,FP/OP/USDA,FOOD PANTRY-Agency,BLUE RECEIPT-SHL,MCC-16-10001,30,0,0,0.0,30,MADISON,0.0,6/21/2024 0:00,6/21/2024 0:00,Price Code 1,CUSTOMER PICKUP,False,Food Bank of Northeast Georgia,01,30530.0,Commerce,"COOLER FOOD MISC., SHL RETAIL PICKUP",Food Misc.
477,172471,8880,W-117,Waggoners Grove Baptist Church,476102,,FP/OP/GNAP/USDA,FOOD PANTRY-Agency,YELLOW RECEIPT - SHN,N-03-11785,4,0,0,0.0,140,MADISON,0.0,1/11/2024 10:00,1/11/2024 12:16,Price Code 1,CUSTOMER PICKUP,False,Food Bank of Northeast Georgia,01,30628.0,Colbert,GATORADE G2 GLACIER FREEZE,Beverages
842,172859,5407,C-153,Cedar Grove Baptist Church,476490,,FP/GNAP/USDA,FOOD PANTRY-Agency,BLUE RECEIPT-SHL,F-15-10000,34,0,0,6.12,34,MADISON,0.18,1/10/2024 8:30,1/10/2024 10:41,Price Code 1,CUSTOMER PICKUP,False,Sharing Floor Athens,01-SH,30629.0,Comer,"MEAT & SEAFOOD, FROZEN SHL",Proteins
915,182559,8973,T-122,Tabors Chapel CME Church,FAIMPORT485162,,DIRECT ASSISTANCE,DIRECT ASSISTANCE-Agency,BLUE RECEIPT-SHL,MCC-16-10001,40,0,0,0.0,40,MADISON,0.0,6/20/2024 0:00,6/20/2024 0:00,Price Code 1,CUSTOMER PICKUP,False,Food Bank of Northeast Georgia,01,30633.0,Danielsville,"COOLER FOOD MISC., SHL RETAIL PICKUP",Food Misc.
137,178165,690,J-100,Jubilee Partners,480784,,FP/OP/GNAP,RESIDENTIAL-Agency,BLUE RECEIPT-SHL,W-03-10013,78,0,0,0.0,78,MADISON,0.0,4/3/2024 13:23,4/3/2024 8:50,Price Code 1,CUSTOMER PICKUP,False,Sharing Floor Athens,01-SH,30629.0,Comer,"ASSORTED BEVERAGES, SHL",Beverages
137,172846,92,J-100,Jubilee Partners,476477,,FP/OP/GNAP,RESIDENTIAL-Agency,LOCAL - LL,W-01-10002,43,0,0,0.0,43,MADISON,0.0,1/10/2024 13:23,1/10/2024 8:59,Price Code 1,CUSTOMER PICKUP,False,Sharing Floor Athens,01-SH,30629.0,Comer,"ASSORTED NON-FOOD ITEMS, LL",Non-Food Misc.
898,175738,1045,M-132,Meadow Baptist Church,478366,,FP/USDA,DIRECT ASSISTANCE-Agency,BLUE RECEIPT-SHL,W-25-10009,55,0,0,9.9,55,MADISON,0.18,2/16/2024 10:02,2/16/2024 8:43,Price Code 1,CUSTOMER PICKUP,False,Sharing Floor Athens,01-SH,30629.0,Comer,"ASSORTED SNACK ITEMS, SHL",Food Misc.
799,176446,1045,C-149,Colbert Methodist Church,479070,,FP/GNAP/USDA,FOOD PANTRY-Agency,BLUE RECEIPT-SHL,W-25-10009,66,0,0,11.88,66,MADISON,0.18,2/29/2024 9:56,2/29/2024 13:59,Price Code 1,CUSTOMER PICKUP,False,Sharing Floor Athens,01-SH,30628.0,Colbert,"ASSORTED SNACK ITEMS, SHL",Food Misc.
981,181020,5407,D-111,Divine Healing Ministry of Recovery Inc.,483625,,ON PREMISES (OP),REHAB-Agency,BLUE RECEIPT-SHL,F-15-10000,100,0,0,18.0,100,MADISON,0.18,5/17/2024 11:38,5/17/2024 11:43,Price Code 1,CONTACT FOR DELIVERY,False,Sharing Floor Athens,01-SH,30633.0,Commerce,"MEAT & SEAFOOD, FROZEN SHL",Proteins
799,177736,50,C-149,Colbert Methodist Church,480355,,FP/GNAP/USDA,FOOD PANTRY-Agency,LOCAL - LL,W-16-10002,213,0,0,38.34,213,MADISON,0.18,3/21/2024 9:56,3/21/2024 13:42,Price Code 1,CUSTOMER PICKUP,False,Sharing Floor Athens,01-SH,30628.0,Colbert,MISC. FOOD BOX LL,Food Misc.
842,180134,7152,C-153,Cedar Grove Baptist Church,482742,,FP/GNAP/USDA,FOOD PANTRY-Agency,GNAP,N-40-10233,3,0,0,0.0,48,MADISON,0.0,5/8/2024 10:09,6/3/2024 7:54,Price Code 1,CUSTOMER PICKUP,False,Food Bank of Northeast Georgia,01,30629.0,Comer,GNAP GRAPE JELLY,Food Misc.
799,178471,4448,C-149,Colbert Methodist Church,481087,,FP/GNAP/USDA,FOOD PANTRY-Agency,USDA,F-50-90446,4,0,0,0.0,112,MADISON,0.0,4/10/2024 9:56,4/10/2024 12:52,Price Code 1,CUSTOMER PICKUP,False,Food Bank of Northeast Georgia,01,30628.0,Colbert,USDA FROZEN STRAWBERRY FRUIT CUPS,Fruits
571,180734,8975,F-122,Freedom Church of God,FAIMPORT483340,,FP/OP/USDA,FOOD PANTRY-Agency,BLUE RECEIPT-SHL,MCC-07-10001,3,0,0,0.0,3,MADISON,0.0,5/10/2024 0:00,5/10/2024 0:00,Price Code 1,CUSTOMER PICKUP,False,Food Bank of Northeast Georgia,01,30530.0,Commerce,"DAIRY PRODUCTS, SHL RETAIL PICKUPS",Dairy
137,180405,683,J-100,Jubilee Partners,483011,,FP/OP/GNAP,RESIDENTIAL-Agency,BLUE RECEIPT-SHL,W-16-10001,25,0,0,0.0,25,MADISON,0.0,5/8/2024 13:23,5/8/2024 8:51,Price Code 1,CUSTOMER PICKUP,False,Sharing Floor Athens,01-SH,30629.0,Comer,MISC. FOOD BOX SHL,Food Misc.
1010,176713,8658,F-143,Freedom C.H. Church,479336,,FP/USDA,FOOD PANTRY-Agency,YELLOW RECEIPT - SHN,N-25-11893,2,0,0,6.48,36,MADISON,0.18,3/8/2024 14:53,3/8/2024 14:48,Price Code 1,CUSTOMER PICKUP,False,Food Bank of Northeast Georgia,01,30662.0,Royston,KELLOGG WHEAT CRACKER ON TRAYS,Grains
842,175063,1356,C-153,Cedar Grove Baptist Church,477693,,FP/GNAP/USDA,FOOD PANTRY-Agency,GNAP,N-40-10131,3,0,0,3.3,33,MADISON,0.1,2/14/2024 10:00,2/20/2024 14:48,Price Code 1,CUSTOMER PICKUP,False,Food Bank of Northeast Georgia,01,30629.0,Comer,GNAP CHUNK CHICKEN,Proteins
981,181206,1608,D-111,Divine Healing Ministry of Recovery Inc.,483811,,ON PREMISES (OP),REHAB-Agency,BLUE RECEIPT-SHL,N-03-10679,15,0,0,0.0,270,MADISON,0.0,5/28/2024 0:00,5/28/2024 13:03,Price Code 1,CONTACT FOR DELIVERY,False,Food Bank of Northeast Georgia,01,30633.0,Commerce,DIET PEPSI,Beverages
477,172490,688,W-117,Waggoners Grove Baptist Church,476121,,FP/OP/GNAP/USDA,FOOD PANTRY-Agency,BLUE RECEIPT-SHL,W-01-10000,52,0,0,9.36,52,MADISON,0.18,1/3/2024 14:38,1/3/2024 13:59,Price Code 1,CUSTOMER PICKUP,False,Sharing Floor Athens,01-SH,30628.0,Colbert,"ASSORTED NON-FOOD ITEMS, SHL",Non-Food Misc.
549,179053,5938,R-120,Roger's Baptist Church,481667,,FP/OP/USDA,FOOD PANTRY-Agency,BLUE RECEIPT-SHL,C-28-10001,462,0,0,13.86,462,MADISON,0.03,4/16/2024 15:13,4/16/2024 14:00,Price Code 1,CUSTOMER PICKUP,False,Sharing Floor Athens,01-SH,30530.0,Commerce,"PRODUCE, FRESH SHL",Mixed Produce
477,182089,7083,W-117,Waggoners Grove Baptist Church,484693,,FP/OP/GNAP/USDA,FOOD PANTRY-Agency,USDA,C-50-10029,5,0,0,10.8,60,MADISON,0.18,6/18/2024 8:35,6/24/2024 9:56,Price Code 1,CUSTOMER PICKUP,False,Food Bank of Northeast Georgia,01,30628.0,Colbert,"USDA MILD CHEDDAR CHEESE, BLOCK CCC",Dairy
548,180773,1047,M-124,Moons Grove Baptist Church,483379,,FP/OP/USDA,FOOD PANTRY-Agency,USDA,N-50-10041,3,0,0,26.46,147,MADISON,0.18,5/17/2024 11:45,5/17/2024 12:02,Price Code 1,CUSTOMER PICKUP,False,Food Bank of Northeast Georgia,01,30628.0,Colbert,USDA RICE,Grains
571,182603,5938,F-122,Freedom Church of God,485206,,FP/OP/USDA,FOOD PANTRY-Agency,BLUE RECEIPT-SHL,C-28-10001,131,0,0,3.93,131,MADISON,0.03,6/26/2024 14:21,6/26/2024 15:23,Price Code 1,CUSTOMER PICKUP,False,Sharing Floor Athens,01-SH,30530.0,Commerce,"PRODUCE, FRESH SHL",Mixed Produce
915,177800,8972,T-122,Tabors Chapel CME Church,FAIMPORT480419,,DIRECT ASSISTANCE,DIRECT ASSISTANCE-Agency,BLUE RECEIPT-SHL,MCF-15-10000,3,0,0,0.0,3,MADISON,0.0,3/21/2024 0:00,3/21/2024 0:00,Price Code 1,CUSTOMER PICKUP,False,Food Bank of Northeast Georgia,01,30633.0,Danielsville,"FROZEN MEAT & SEAFOOD, SHL RETAIL PICKUP",Proteins
981,176317,8956,D-111,Divine Healing Ministry of Recovery Inc.,478942,,ON PREMISES (OP),REHAB-Agency,BLUE RECEIPT-SHL,N-03-11817,6,0,0,0.0,84,MADISON,0.0,3/1/2024 15:23,3/15/2024 10:00,Price Code 1,CONTACT FOR DELIVERY,False,Food Bank of Northeast Georgia,01,30633.0,Commerce,TWISTER CHERRY BERRY BLAST,Beverages
571,178106,875,F-122,Freedom Church of God,480725,,FP/OP/USDA,FOOD PANTRY-Agency,BLUE RECEIPT-SHL,W-04-10000,77,0,0,0.0,77,MADISON,0.0,4/2/2024 14:21,4/2/2024 10:00,Price Code 1,CUSTOMER PICKUP,False,Sharing Floor Athens,01-SH,30530.0,Commerce,"BREAD & BAKERY, ASSORTED SHL",Grains
571,182568,8972,F-122,Freedom Church of God,FAIMPORT485171,,FP/OP/USDA,FOOD PANTRY-Agency,BLUE RECEIPT-SHL,MCF-15-10000,2,0,0,0.0,2,MADISON,0.0,6/21/2024 0:00,6/21/2024 0:00,Price Code 1,CUSTOMER PICKUP,False,Food Bank of Northeast Georgia,01,30530.0,Commerce,"FROZEN MEAT & SEAFOOD, SHL RETAIL PICKUP",Proteins
915,176984,8837,T-122,Tabors Chapel CME Church,479606,,DIRECT ASSISTANCE,DIRECT ASSISTANCE-Agency,BLUE RECEIPT-SHL,N-03-11773,5,0,0,0.0,50,MADISON,0.0,3/13/2024 14:19,3/13/2024 12:48,Price Code 1,CUSTOMER PICKUP,False,Food Bank of Northeast Georgia,01,30633.0,Danielsville,MT DEW PASSSIONFRUIT PUNCH,Beverages
571,175776,6920,F-122,Freedom Church of God,478404,,FP/OP/USDA,FOOD PANTRY-Agency,LOCAL - LL,C-28-90389,1,0,0,0.0,50,MADISON,0.0,2/22/2024 14:21,2/22/2024 14:22,Price Code 1,CUSTOMER PICKUP,False,Food Bank of Northeast Georgia,01,30530.0,Commerce,ONIONS 50 LB,Vegetables
898,181004,5938,M-132,Meadow Baptist Church,483609,,FP/USDA,DIRECT ASSISTANCE-Agency,BLUE RECEIPT-SHL,C-28-10001,364,0,0,10.92,364,MADISON,0.03,5/17/2024 10:02,5/17/2024 8:46,Price Code 1,CUSTOMER PICKUP,False,Sharing Floor Athens,01-SH,30629.0,Comer,"PRODUCE, FRESH SHL",Mixed Produce
571,182136,8970,F-122,Freedom Church of God,FAIMPORT484740,,FP/OP/USDA,FOOD PANTRY-Agency,BLUE RECEIPT-SHL,MCW-16-10001,8,0,0,0.0,8,MADISON,0.0,6/10/2024 0:00,6/10/2024 0:00,Price Code 1,CUSTOMER PICKUP,False,Food Bank of Northeast Georgia,01,30530.0,Commerce,"MISC. FOOD BOX, SHL RETAIL PICKUP",Food Misc.
548,181825,8997,M-124,Moons Grove Baptist Church,484429,,FP/OP/USDA,FOOD PANTRY-Agency,USDA,N-50-10312,2,0,0,4.32,24,MADISON,0.18,6/6/2024 12:50,6/6/2024 12:47,Price Code 1,CUSTOMER PICKUP,False,Food Bank of Northeast Georgia,01,30628.0,Colbert,USDA CHILI W/ BEANS CCC,Prepared Meals
915,178700,8974,T-122,Tabors Chapel CME Church,FAIMPORT481314,,DIRECT ASSISTANCE,DIRECT ASSISTANCE-Agency,BLUE RECEIPT-SHL,MCW-04-10000,28,0,0,0.0,28,MADISON,0.0,4/8/2024 0:00,4/8/2024 0:00,Price Code 1,CUSTOMER PICKUP,False,Food Bank of Northeast Georgia,01,30633.0,Danielsville,"BREAD AND BAKERY, SHL RETAIL PICKUPS",Grains
915,180636,8972,T-122,Tabors Chapel CME Church,FAIMPORT483242,,DIRECT ASSISTANCE,DIRECT ASSISTANCE-Agency,BLUE RECEIPT-SHL,MCF-15-10000,6,0,0,0.0,6,MADISON,0.0,5/9/2024 0:00,5/9/2024 0:00,Price Code 1,CUSTOMER PICKUP,False,Food Bank of Northeast Georgia,01,30633.0,Danielsville,"FROZEN MEAT & SEAFOOD, SHL RETAIL PICKUP",Proteins
571,172757,690,F-122,Freedom Church of God,476388,,FP/OP/USDA,FOOD PANTRY-Agency,BLUE RECEIPT-SHL,W-03-10013,174,0,0,0.0,174,MADISON,0.0,1/8/2024 14:21,1/8/2024 15:15,Price Code 1,CUSTOMER PICKUP,False,Sharing Floor Athens,01-SH,30530.0,Commerce,"ASSORTED BEVERAGES, SHL",Beverages
799,178399,5407,C-149,Colbert Methodist Church,481015,,FP/GNAP/USDA,FOOD PANTRY-Agency,BLUE RECEIPT-SHL,F-15-10000,95,0,0,17.1,95,MADISON,0.18,4/5/2024 9:56,4/5/2024 13:45,Price Code 1,CUSTOMER PICKUP,False,Sharing Floor Athens,01-SH,30628.0,Colbert,"MEAT & SEAFOOD, FROZEN SHL",Proteins
915,179790,8975,T-122,Tabors Chapel CME Church,FAIMPORT482403,,DIRECT ASSISTANCE,DIRECT ASSISTANCE-Agency,BLUE RECEIPT-SHL,MCC-07-10001,56,0,0,0.0,56,MADISON,0.0,4/22/2024 0:00,4/22/2024 0:00,Price Code 1,CUSTOMER PICKUP,False,Food Bank of Northeast Georgia,01,30633.0,Danielsville,"DAIRY PRODUCTS, SHL RETAIL PICKUPS",Dairy
799,172496,8761,C-149,Colbert Methodist Church,476127,,FP/GNAP/USDA,FOOD PANTRY-Agency,USDA,N-50-10306,3,0,0,13.5,75,MADISON,0.18,1/8/2024 9:56,1/8/2024 12:46,Price Code 1,CUSTOMER PICKUP,False,Food Bank of Northeast Georgia,01,30628.0,Colbert,USDA WHOLE DEGLET DATES,Fruits
137,176739,683,J-100,Jubilee Partners,479362,,FP/OP/GNAP,RESIDENTIAL-Agency,BLUE RECEIPT-SHL,W-16-10001,84,0,0,0.0,84,MADISON,0.0,3/6/2024 13:23,3/6/2024 8:52,Price Code 1,CUSTOMER PICKUP,False,Sharing Floor Athens,01-SH,30629.0,Comer,MISC. FOOD BOX SHL,Food Misc.
571,173193,5958,F-122,Freedom Church of God,476823,,FP/OP/USDA,FOOD PANTRY-Agency,BLUE RECEIPT-SHL,C-16-10001,55,0,0,0.0,55,MADISON,0.0,1/17/2024 14:21,1/17/2024 12:01,Price Code 1,CUSTOMER PICKUP,False,Sharing Floor Athens,01-SH,30530.0,Commerce,"COOLER FOOD, MISC. SHL",Food Misc.
799,177743,4449,C-149,Colbert Methodist Church,480362,,FP/GNAP/USDA,FOOD PANTRY-Agency,USDA,F-50-90445,3,0,0,12.3,123,MADISON,0.1,3/26/2024 9:56,3/26/2024 10:42,Price Code 1,CUSTOMER PICKUP,False,Food Bank of Northeast Georgia,01,30628.0,Colbert,USDA FULLY COOKED PULLED PORK CCC,Proteins
915,182559,8986,T-122,Tabors Chapel CME Church,FAIMPORT485162,,DIRECT ASSISTANCE,DIRECT ASSISTANCE-Agency,BLUE RECEIPT-SHL,MCW-01-10001,2,0,0,0.0,2,MADISON,0.0,6/20/2024 0:00,6/20/2024 0:00,Price Code 1,CUSTOMER PICKUP,False,Food Bank of Northeast Georgia,01,30633.0,Danielsville,"NON-FOOD ITEMS, SHL RETAIL PICKUPS",Non-Food Misc.
799,175016,696,C-149,Colbert Methodist Church,477646,,FP/GNAP/USDA,FOOD PANTRY-Agency,LOCAL - LL,W-25-10000,82,0,0,14.76,82,MADISON,0.18,2/2/2024 9:56,2/2/2024 7:20,Price Code 1,CUSTOMER PICKUP,False,Sharing Floor Athens,01-SH,30628.0,Colbert,"ASSORTED SNACK ITEMS, LL",Food Misc.
799,180752,4737,C-149,Colbert Methodist Church,483358,,FP/GNAP/USDA,FOOD PANTRY-Agency,USDA,F-50-90456,3,0,0,21.6,120,MADISON,0.18,5/16/2024 11:00,5/16/2024 14:52,Price Code 1,CUSTOMER PICKUP,False,Food Bank of Northeast Georgia,01,30628.0,Colbert,USDA PORK PATTY,Proteins
137,180405,5958,J-100,Jubilee Partners,483011,,FP/OP/GNAP,RESIDENTIAL-Agency,BLUE RECEIPT-SHL,C-16-10001,20,0,0,3.6,20,MADISON,0.18,5/8/2024 13:23,5/8/2024 8:51,Price Code 1,CUSTOMER PICKUP,False,Sharing Floor Athens,01-SH,30629.0,Comer,"COOLER FOOD, MISC. SHL",Food Misc.
981,179105,1045,D-111,Divine Healing Ministry of Recovery Inc.,481719,,ON PREMISES (OP),REHAB-Agency,BLUE RECEIPT-SHL,W-25-10009,83,0,0,14.94,83,MADISON,0.18,4/17/2024 11:28,4/17/2024 11:33,Price Code 1,CONTACT FOR DELIVERY,False,Sharing Floor Athens,01-SH,30633.0,Commerce,"ASSORTED SNACK ITEMS, SHL",Food Misc.
939,177459,842,M-140,Madison County MedLink Georgia,480079,,FP/USDA,FOOD PANTRY-Agency,USDA,N-50-10021,9,0,0,0.0,243,MADISON,0.0,3/21/2024 8:00,4/1/2024 8:07,Mobile Pantry/Feed Site Only,TRUCK 1 MOBILE PANTRY,False,Food Bank of Northeast Georgia,01,30628.0,Colbert,USDA DICED TOMATOES NO SALT CCC,Vegetables
915,178193,8975,T-122,Tabors Chapel CME Church,FAIMPORT480811,,DIRECT ASSISTANCE,DIRECT ASSISTANCE-Agency,BLUE RECEIPT-SHL,MCC-07-10001,17,0,0,0.0,17,MADISON,0.0,3/28/2024 0:00,3/28/2024 0:00,Price Code 1,CUSTOMER PICKUP,False,Food Bank of Northeast Georgia,01,30633.0,Danielsville,"DAIRY PRODUCTS, SHL RETAIL PICKUPS",Dairy
571,181538,8976,F-122,Freedom Church of God,FAIMPORT484142,,FP/OP/USDA,FOOD PANTRY-Agency,BLUE RECEIPT-SHL,MCC-28-10001,46,0,0,0.0,46,MADISON,0.0,5/24/2024 0:00,5/24/2024 0:00,Price Code 1,CUSTOMER PICKUP,False,Food Bank of Northeast Georgia,01,30530.0,Commerce,"PRODUCE, SHL RETAIL PICKUPS",Mixed Produce
410,173794,8914,C-110,Colbert First Baptist Church,477423,,FP/GNAP/USDA,FOOD PANTRY-Agency,USDA,N-50-10310,4,0,0,19.44,108,MADISON,0.18,2/2/2024 12:40,2/7/2024 8:03,Price Code 1,CUSTOMER PICKUP,False,Food Bank of Northeast Georgia,01,30628.0,Colbert,USDA DICED POTATOES,Potatoes 
371,179046,5407,E-111,Evangelical Methodist Church - Danielsville,481660,,FOOD PANTRY,FOOD PANTRY-Agency,BLUE RECEIPT-SHL,F-15-10000,194,0,0,34.92,194,MADISON,0.18,4/16/2024 13:56,4/16/2024 11:33,Price Code 1,CUSTOMER PICKUP,False,Sharing Floor Athens,01-SH,30633.0,Danielsville,"MEAT & SEAFOOD, FROZEN SHL",Proteins
571,172819,8625,F-122,Freedom Church of God,476450,,FP/OP/USDA,FOOD PANTRY-Agency,BLUE RECEIPT-SHL,N-03-11261,2,0,0,0.0,66,MADISON,0.0,1/12/2024 14:21,1/12/2024 12:55,Price Code 1,CUSTOMER PICKUP,False,Food Bank of Northeast Georgia,01,30530.0,Commerce,STARRY ZERO SUGAR 24 X 20 FL OZ,Beverages
477,177335,8497,W-117,Waggoners Grove Baptist Church,479955,,FP/OP/GNAP/USDA,FOOD PANTRY-Agency,USDA,C-50-10048,6,0,0,9.6,192,MADISON,0.05,3/25/2024 10:00,3/25/2024 10:58,Price Code 1,CUSTOMER PICKUP,False,Food Bank of Northeast Georgia,01,30628.0,Colbert,USDA MANDARIN ORANGES,Fruits
371,180347,683,E-111,Evangelical Methodist Church - Danielsville,482953,,FOOD PANTRY,FOOD PANTRY-Agency,BLUE RECEIPT-SHL,W-16-10001,56,0,0,10.08,56,MADISON,0.18,5/7/2024 13:56,5/7/2024 11:27,Price Code 1,CUSTOMER PICKUP,False,Sharing Floor Athens,01-SH,30633.0,Danielsville,MISC. FOOD BOX SHL,Food Misc.
477,173805,8938,W-117,Waggoners Grove Baptist Church,477434,,FP/OP/GNAP/USDA,FOOD PANTRY-Agency,YELLOW RECEIPT - SHN,N-03-11808,2,0,0,0.0,36,MADISON,0.0,2/2/2024 11:00,2/2/2024 10:34,Price Code 1,CUSTOMER PICKUP,False,Food Bank of Northeast Georgia,01,30628.0,Colbert,GATORADE COOL BLUE ZERO SUGAR,Beverages
477,177887,875,W-117,Waggoners Grove Baptist Church,480506,,FP/OP/GNAP/USDA,FOOD PANTRY-Agency,BLUE RECEIPT-SHL,W-04-10000,11,0,0,0.0,11,MADISON,0.0,3/26/2024 14:38,3/26/2024 13:53,Price Code 1,CUSTOMER PICKUP,False,Sharing Floor Athens,01-SH,30628.0,Colbert,"BREAD & BAKERY, ASSORTED SHL",Grains
915,177799,8975,T-122,Tabors Chapel CME Church,FAIMPORT480418,,DIRECT ASSISTANCE,DIRECT ASSISTANCE-Agency,BLUE RECEIPT-SHL,MCC-07-10001,14,0,0,0.0,14,MADISON,0.0,3/21/2024 0:00,3/21/2024 0:00,Price Code 1,CUSTOMER PICKUP,False,Food Bank of Northeast Georgia,01,30633.0,Danielsville,"DAIRY PRODUCTS, SHL RETAIL PICKUPS",Dairy
981,176430,5772,D-111,Divine Healing Ministry of Recovery Inc.,479054,,ON PREMISES (OP),REHAB-Agency,LOCAL - LL,C-28-10000,35,0,0,1.05,35,MADISON,0.03,2/29/2024 11:42,2/29/2024 11:47,Price Code 1,CONTACT FOR DELIVERY,False,Sharing Floor Athens,01-SH,30633.0,Commerce,"PRODUCE, FRESH LL",Mixed Produce
915,180465,8976,T-122,Tabors Chapel CME Church,FAIMPORT483071,,DIRECT ASSISTANCE,DIRECT ASSISTANCE-Agency,BLUE RECEIPT-SHL,MCC-28-10001,11,0,0,0.0,11,MADISON,0.0,5/2/2024 0:00,5/2/2024 0:00,Price Code 1,CUSTOMER PICKUP,False,Food Bank of Northeast Georgia,01,30633.0,Danielsville,"PRODUCE, SHL RETAIL PICKUPS",Mixed Produce
571,181271,8970,F-122,Freedom Church of God,FAIMPORT483876,,FP/OP/USDA,FOOD PANTRY-Agency,BLUE RECEIPT-SHL,MCW-16-10001,5,0,0,0.0,5,MADISON,0.0,5/16/2024 0:00,5/16/2024 0:00,Price Code 1,CUSTOMER PICKUP,False,Food Bank of Northeast Georgia,01,30530.0,Commerce,"MISC. FOOD BOX, SHL RETAIL PICKUP",Food Misc.
549,180225,842,R-120,Roger's Baptist Church,482831,,FP/OP/USDA,FOOD PANTRY-Agency,USDA,N-50-10021,7,0,0,34.02,189,MADISON,0.18,5/21/2024 13:45,5/21/2024 14:04,Price Code 1,CUSTOMER PICKUP,False,Food Bank of Northeast Georgia,01,30530.0,Commerce,USDA DICED TOMATOES NO SALT CCC,Vegetables
571,177546,8783,F-122,Freedom Church of God,480166,,FP/OP/USDA,FOOD PANTRY-Agency,USDA,N-50-10308,13,0,0,0.0,299,MADISON,0.0,3/22/2024 14:21,3/23/2024 6:46,Price Code 1,TRUCK 1 MOBILE PANTRY,False,Food Bank of Northeast Georgia,01,30530.0,Commerce,USDA RAISINS,Fruits
137,175608,875,J-100,Jubilee Partners,478236,,FP/OP/GNAP,RESIDENTIAL-Agency,BLUE RECEIPT-SHL,W-04-10000,21,0,0,0.0,21,MADISON,0.0,2/14/2024 13:23,2/14/2024 8:59,Price Code 1,CUSTOMER PICKUP,False,Sharing Floor Athens,01-SH,30629.0,Comer,"BREAD & BAKERY, ASSORTED SHL",Grains
571,181537,8972,F-122,Freedom Church of God,FAIMPORT484141,,FP/OP/USDA,FOOD PANTRY-Agency,BLUE RECEIPT-SHL,MCF-15-10000,19,0,0,0.0,19,MADISON,0.0,5/23/2024 0:00,5/23/2024 0:00,Price Code 1,CUSTOMER PICKUP,False,Food Bank of Northeast Georgia,01,30530.0,Commerce,"FROZEN MEAT & SEAFOOD, SHL RETAIL PICKUP",Proteins
799,176783,84,C-149,Colbert Methodist Church,479406,,FP/GNAP/USDA,FOOD PANTRY-Agency,USDA,N-50-10006,2,0,0,9.72,54,MADISON,0.18,3/12/2024 7:56,3/12/2024 12:44,Price Code 1,CUSTOMER PICKUP,False,Food Bank of Northeast Georgia,01,30628.0,Colbert,USDA GREEN BEANS,Vegetables
548,180773,4327,M-124,Moons Grove Baptist Church,483379,,FP/OP/USDA,FOOD PANTRY-Agency,USDA,N-50-10277,3,0,0,14.58,81,MADISON,0.18,5/17/2024 11:45,5/17/2024 12:02,Price Code 1,CUSTOMER PICKUP,False,Food Bank of Northeast Georgia,01,30628.0,Colbert,USDA GARBANZO BEANS,Proteins
915,173285,8922,T-122,Tabors Chapel CME Church,476914,,DIRECT ASSISTANCE,DIRECT ASSISTANCE-Agency,LOCAL - LL,N-25-11954,2,0,0,1.8,10,MADISON,0.18,1/23/2024 14:19,1/25/2024 9:06,Price Code 1,CUSTOMER PICKUP,False,Food Bank of Northeast Georgia,01,30633.0,Danielsville,ATKINS VAR PACK CHOC PEANUT/CARAMEL,Food Misc.
137,175262,696,J-100,Jubilee Partners,477891,,FP/OP/GNAP,RESIDENTIAL-Agency,LOCAL - LL,W-25-10000,4,0,0,0.72,4,MADISON,0.18,2/7/2024 13:23,2/7/2024 8:36,Price Code 1,CUSTOMER PICKUP,False,Sharing Floor Athens,01-SH,30629.0,Comer,"ASSORTED SNACK ITEMS, LL",Food Misc.
371,181281,8972,E-111,Evangelical Methodist Church - Danielsville,FAIMPORT483886,,FOOD PANTRY,FOOD PANTRY-Agency,BLUE RECEIPT-SHL,MCF-15-10000,4,0,0,0.0,4,MADISON,0.0,5/13/2024 0:00,5/13/2024 0:00,Price Code 1,CUSTOMER PICKUP,False,Food Bank of Northeast Georgia,01,30633.0,Danielsville,"FROZEN MEAT & SEAFOOD, SHL RETAIL PICKUP",Proteins
799,179891,688,C-149,Colbert Methodist Church,482502,,FP/GNAP/USDA,FOOD PANTRY-Agency,BLUE RECEIPT-SHL,W-01-10000,2,0,0,0.0,2,MADISON,0.0,4/30/2024 9:56,4/30/2024 13:55,Price Code 1,CUSTOMER PICKUP,False,Sharing Floor Athens,01-SH,30628.0,Colbert,"ASSORTED NON-FOOD ITEMS, SHL",Non-Food Misc.
571,181537,8976,F-122,Freedom Church of God,FAIMPORT484141,,FP/OP/USDA,FOOD PANTRY-Agency,BLUE RECEIPT-SHL,MCC-28-10001,46,0,0,0.0,46,MADISON,0.0,5/23/2024 0:00,5/23/2024 0:00,Price Code 1,CUSTOMER PICKUP,False,Food Bank of Northeast Georgia,01,30530.0,Commerce,"PRODUCE, SHL RETAIL PICKUPS",Mixed Produce
981,176857,696,D-111,Divine Healing Ministry of Recovery Inc.,479479,,ON PREMISES (OP),REHAB-Agency,LOCAL - LL,W-25-10000,89,0,0,16.02,89,MADISON,0.18,3/7/2024 14:20,3/7/2024 14:22,Price Code 1,CONTACT FOR DELIVERY,False,Sharing Floor Athens,01-SH,30633.0,Commerce,"ASSORTED SNACK ITEMS, LL",Food Misc.
477,172879,683,W-117,Waggoners Grove Baptist Church,476510,,FP/OP/GNAP/USDA,FOOD PANTRY-Agency,BLUE RECEIPT-SHL,W-16-10001,24,0,0,4.32,24,MADISON,0.18,1/10/2024 14:38,1/10/2024 14:26,Price Code 1,CUSTOMER PICKUP,False,Sharing Floor Athens,01-SH,30628.0,Colbert,MISC. FOOD BOX SHL,Food Misc.
1010,178860,875,F-143,Freedom C.H. Church,481474,,FP/USDA,FOOD PANTRY-Agency,BLUE RECEIPT-SHL,W-04-10000,68,0,0,0.0,68,MADISON,0.0,4/12/2024 10:31,4/12/2024 10:40,Price Code 1,CUSTOMER PICKUP,False,Sharing Floor Athens,01-SH,30662.0,Royston,"BREAD & BAKERY, ASSORTED SHL",Grains
981,179105,5407,D-111,Divine Healing Ministry of Recovery Inc.,481719,,ON PREMISES (OP),REHAB-Agency,BLUE RECEIPT-SHL,F-15-10000,56,0,0,10.08,56,MADISON,0.18,4/17/2024 11:28,4/17/2024 11:33,Price Code 1,CONTACT FOR DELIVERY,False,Sharing Floor Athens,01-SH,30633.0,Commerce,"MEAT & SEAFOOD, FROZEN SHL",Proteins
477,181575,9059,W-117,Waggoners Grove Baptist Church,484179,,FP/OP/GNAP/USDA,FOOD PANTRY-Agency,LOCAL - LL,F-16-90438,10,0,0,7.2,40,MADISON,0.18,6/24/2024 11:00,6/24/2024 9:31,Price Code 1,CUSTOMER PICKUP,False,Food Bank of Northeast Georgia,01,30628.0,Colbert,OSCAR MAYER MAPLE SAUSAGE ROLLERS,Proteins
477,178256,5407,W-117,Waggoners Grove Baptist Church,480872,,FP/OP/GNAP/USDA,FOOD PANTRY-Agency,BLUE RECEIPT-SHL,F-15-10000,36,0,0,6.48,36,MADISON,0.18,4/3/2024 14:38,8/28/2024 8:07,Price Code 1,CUSTOMER PICKUP,False,Sharing Floor Athens,01-SH,30628.0,Colbert,"MEAT & SEAFOOD, FROZEN SHL",Proteins
549,181869,7083,R-120,Roger's Baptist Church,484473,,FP/OP/USDA,FOOD PANTRY-Agency,USDA,C-50-10029,4,0,0,8.64,48,MADISON,0.18,6/25/2024 13:30,6/25/2024 15:46,Price Code 1,CUSTOMER PICKUP,False,Food Bank of Northeast Georgia,01,30530.0,Commerce,"USDA MILD CHEDDAR CHEESE, BLOCK CCC",Dairy
571,175585,1481,F-122,Freedom Church of God,478213,,FP/OP/USDA,FOOD PANTRY-Agency,USDA,N-50-10105,1,0,0,3.06,17,MADISON,0.18,2/16/2024 14:21,2/20/2024 9:32,Price Code 1,CUSTOMER PICKUP,False,Food Bank of Northeast Georgia,01,30530.0,Commerce,USDA DRIED CHERRIES CCC,Fruits
981,181020,696,D-111,Divine Healing Ministry of Recovery Inc.,483625,,ON PREMISES (OP),REHAB-Agency,LOCAL - LL,W-25-10000,92,0,0,16.56,92,MADISON,0.18,5/17/2024 11:38,5/17/2024 11:43,Price Code 1,CONTACT FOR DELIVERY,False,Sharing Floor Athens,01-SH,30633.0,Commerce,"ASSORTED SNACK ITEMS, LL",Food Misc.
410,173794,8834,C-110,Colbert First Baptist Church,477423,,FP/GNAP/USDA,FOOD PANTRY-Agency,BLUE RECEIPT-SHL,N-03-11770,2,0,0,0.6,20,MADISON,0.03,2/2/2024 12:40,2/7/2024 8:03,Price Code 1,CUSTOMER PICKUP,False,Food Bank of Northeast Georgia,01,30628.0,Colbert,MT DEW ZERO SUGAR,Beverages
477,173288,8921,W-117,Waggoners Grove Baptist Church,476917,,FP/OP/GNAP/USDA,FOOD PANTRY-Agency,LOCAL - LL,N-25-11953,2,0,0,4.32,24,MADISON,0.18,1/24/2024 14:38,1/24/2024 11:34,Price Code 1,CUSTOMER PICKUP,False,Food Bank of Northeast Georgia,01,30628.0,Colbert,GREAT VALUE COOKIE & CARAMEL BARS,Food Misc.
915,178191,8976,T-122,Tabors Chapel CME Church,FAIMPORT480809,,DIRECT ASSISTANCE,DIRECT ASSISTANCE-Agency,BLUE RECEIPT-SHL,MCC-28-10001,66,0,0,0.0,66,MADISON,0.0,4/1/2024 0:00,4/1/2024 0:00,Price Code 1,CUSTOMER PICKUP,False,Food Bank of Northeast Georgia,01,30633.0,Danielsville,"PRODUCE, SHL RETAIL PICKUPS",Mixed Produce
371,175567,5407,E-111,Evangelical Methodist Church - Danielsville,478195,,FOOD PANTRY,FOOD PANTRY-Agency,BLUE RECEIPT-SHL,F-15-10000,123,0,0,22.14,123,MADISON,0.18,2/13/2024 13:56,2/13/2024 11:38,Price Code 1,CUSTOMER PICKUP,False,Sharing Floor Athens,01-SH,30633.0,Danielsville,"MEAT & SEAFOOD, FROZEN SHL",Proteins
836,173880,2960,G-122,Gordon's Chapel Methodist Church,477509,,FP/USDA,FOOD PANTRY-Agency,USDA,N-50-10247,5,0,0,32.4,180,MADISON,0.18,2/7/2024 14:20,2/7/2024 13:31,Price Code 1,CUSTOMER PICKUP,False,Food Bank of Northeast Georgia,01,30646.0,Hull,USDA BEEF STEW POUCHES CCC,Prepared Meals
410,173554,8910,C-110,Colbert First Baptist Church,477183,,FP/GNAP/USDA,FOOD PANTRY-Agency,BLUE RECEIPT-SHL,N-03-11796,4,0,0,0.0,40,MADISON,0.0,1/29/2024 12:40,1/29/2024 14:13,Price Code 1,CUSTOMER PICKUP,False,Food Bank of Northeast Georgia,01,30628.0,Colbert,DR PEPPER STRAWBERRIES AND CREAM 12 FL OZ,Beverages
799,172625,696,C-149,Colbert Methodist Church,476256,,FP/GNAP/USDA,FOOD PANTRY-Agency,LOCAL - LL,W-25-10000,61,0,0,10.98,61,MADISON,0.18,1/5/2024 9:56,1/5/2024 13:54,Price Code 1,CUSTOMER PICKUP,False,Sharing Floor Athens,01-SH,30628.0,Colbert,"ASSORTED SNACK ITEMS, LL",Food Misc.
915,177579,8974,T-122,Tabors Chapel CME Church,FAIMPORT480199,,DIRECT ASSISTANCE,DIRECT ASSISTANCE-Agency,BLUE RECEIPT-SHL,MCW-04-10000,7,0,0,0.0,7,MADISON,0.0,3/14/2024 0:00,3/14/2024 0:00,Price Code 1,CUSTOMER PICKUP,False,Food Bank of Northeast Georgia,01,30633.0,Danielsville,"BREAD AND BAKERY, SHL RETAIL PICKUPS",Grains
571,182363,8975,F-122,Freedom Church of God,FAIMPORT484967,,FP/OP/USDA,FOOD PANTRY-Agency,BLUE RECEIPT-SHL,MCC-07-10001,93,0,0,0.0,93,MADISON,0.0,6/14/2024 0:00,6/14/2024 0:00,Price Code 1,CUSTOMER PICKUP,False,Food Bank of Northeast Georgia,01,30530.0,Commerce,"DAIRY PRODUCTS, SHL RETAIL PICKUPS",Dairy
799,178471,8963,C-149,Colbert Methodist Church,481087,,FP/GNAP/USDA,FOOD PANTRY-Agency,YELLOW RECEIPT - SHN,N-25-11960,5,0,0,9.9,55,MADISON,0.18,4/10/2024 9:56,4/10/2024 12:52,Price Code 1,CUSTOMER PICKUP,False,Food Bank of Northeast Georgia,01,30628.0,Colbert,"TAPIOCA PUDDING, BEST CHOICE",Food Misc.
571,178806,8869,F-122,Freedom Church of God,481420,,FP/OP/USDA,FOOD PANTRY-Agency,YELLOW RECEIPT - SHN,N-20-10004,2,0,0,1.08,6,MADISON,0.18,4/16/2024 14:21,4/16/2024 9:12,Price Code 1,CUSTOMER PICKUP,False,Food Bank of Northeast Georgia,01,30530.0,Commerce,PAMPERS PREEMIE SWADDLERS,Non-Food Misc.
1010,181352,5938,F-143,Freedom C.H. Church,483956,,FP/USDA,FOOD PANTRY-Agency,BLUE RECEIPT-SHL,C-28-10001,110,0,0,3.3,110,MADISON,0.03,5/24/2024 10:37,5/24/2024 10:41,Price Code 1,CUSTOMER PICKUP,False,Sharing Floor Athens,01-SH,30662.0,Royston,"PRODUCE, FRESH SHL",Mixed Produce
571,179808,8973,F-122,Freedom Church of God,FAIMPORT482421,,FP/OP/USDA,FOOD PANTRY-Agency,BLUE RECEIPT-SHL,MCC-16-10001,77,0,0,0.0,77,MADISON,0.0,4/26/2024 0:00,4/26/2024 0:00,Price Code 1,CUSTOMER PICKUP,False,Food Bank of Northeast Georgia,01,30530.0,Commerce,"COOLER FOOD MISC., SHL RETAIL PICKUP",Food Misc.
477,172399,8858,W-117,Waggoners Grove Baptist Church,476030,,FP/OP/GNAP/USDA,FOOD PANTRY-Agency,BLUE RECEIPT-SHL,N-03-11778,4,0,0,0.0,152,MADISON,0.0,1/5/2024 14:38,1/5/2024 8:20,Price Code 1,CUSTOMER PICKUP,False,Food Bank of Northeast Georgia,01,30628.0,Colbert,CRUSH PEACH SODA,Beverages
981,180220,9048,D-111,Divine Healing Ministry of Recovery Inc.,482826,,ON PREMISES (OP),REHAB-Agency,BLUE RECEIPT-SHL,C-07-90664,4,0,0,18.72,144,MADISON,0.13,5/8/2024 0:00,5/10/2024 11:40,Price Code 1,CONTACT FOR DELIVERY,False,Food Bank of Northeast Georgia,01,30633.0,Commerce,"BUTTER, GREAT VALUE SALTED",Dairy
477,179522,2202,W-117,Waggoners Grove Baptist Church,482135,,FP/OP/GNAP/USDA,FOOD PANTRY-Agency,USDA,N-50-10240,3,0,0,11.88,66,MADISON,0.18,4/26/2024 14:38,4/26/2024 10:11,Price Code 1,CUSTOMER PICKUP,False,Food Bank of Northeast Georgia,01,30628.0,Colbert,USDA SPAGHETTI,Grains
571,181271,8976,F-122,Freedom Church of God,FAIMPORT483876,,FP/OP/USDA,FOOD PANTRY-Agency,BLUE RECEIPT-SHL,MCC-28-10001,16,0,0,0.0,16,MADISON,0.0,5/16/2024 0:00,5/16/2024 0:00,Price Code 1,CUSTOMER PICKUP,False,Food Bank of Northeast Georgia,01,30530.0,Commerce,"PRODUCE, SHL RETAIL PICKUPS",Mixed Produce
571,182603,690,F-122,Freedom Church of God,485206,,FP/OP/USDA,FOOD PANTRY-Agency,BLUE RECEIPT-SHL,W-03-10013,48,0,0,0.0,48,MADISON,0.0,6/26/2024 14:21,6/26/2024 15:23,Price Code 1,CUSTOMER PICKUP,False,Sharing Floor Athens,01-SH,30530.0,Commerce,"ASSORTED BEVERAGES, SHL",Beverages
898,173294,696,M-132,Meadow Baptist Church,476923,,FP/USDA,DIRECT ASSISTANCE-Agency,LOCAL - LL,W-25-10000,81,0,0,14.58,81,MADISON,0.18,1/19/2024 10:02,1/19/2024 8:46,Price Code 1,CUSTOMER PICKUP,False,Sharing Floor Athens,01-SH,30629.0,Comer,"ASSORTED SNACK ITEMS, LL",Food Misc.
477,177253,5407,W-117,Waggoners Grove Baptist Church,479873,,FP/OP/GNAP/USDA,FOOD PANTRY-Agency,BLUE RECEIPT-SHL,F-15-10000,179,0,0,32.22,179,MADISON,0.18,3/13/2024 14:38,3/13/2024 13:59,Price Code 1,CUSTOMER PICKUP,False,Sharing Floor Athens,01-SH,30628.0,Colbert,"MEAT & SEAFOOD, FROZEN SHL",Proteins
371,175874,683,E-111,Evangelical Methodist Church - Danielsville,478502,,FOOD PANTRY,FOOD PANTRY-Agency,BLUE RECEIPT-SHL,W-16-10001,12,0,0,2.16,12,MADISON,0.18,2/20/2024 13:56,2/20/2024 11:19,Price Code 1,CUSTOMER PICKUP,False,Sharing Floor Athens,01-SH,30633.0,Danielsville,MISC. FOOD BOX SHL,Food Misc.
571,181569,1045,F-122,Freedom Church of God,484173,,FP/OP/USDA,FOOD PANTRY-Agency,BLUE RECEIPT-SHL,W-25-10009,129,0,0,23.22,129,MADISON,0.18,5/29/2024 14:21,5/29/2024 11:49,Price Code 1,CUSTOMER PICKUP,False,Sharing Floor Athens,01-SH,30530.0,Commerce,"ASSORTED SNACK ITEMS, SHL",Food Misc.
1010,177213,5407,F-143,Freedom C.H. Church,479833,,FP/USDA,FOOD PANTRY-Agency,BLUE RECEIPT-SHL,F-15-10000,82,0,0,14.76,82,MADISON,0.18,3/13/2024 9:19,3/13/2024 9:23,Price Code 1,CUSTOMER PICKUP,False,Sharing Floor Athens,01-SH,30662.0,Royston,"MEAT & SEAFOOD, FROZEN SHL",Proteins
799,180752,800,C-149,Colbert Methodist Church,483358,,FP/GNAP/USDA,FOOD PANTRY-Agency,USDA,N-50-10065,2,0,0,9.72,54,MADISON,0.18,5/16/2024 11:00,5/16/2024 14:52,Price Code 1,CUSTOMER PICKUP,False,Food Bank of Northeast Georgia,01,30628.0,Colbert,USDA APPLESAUCE,Fruits
477,181575,9073,W-117,Waggoners Grove Baptist Church,484179,,FP/OP/GNAP/USDA,FOOD PANTRY-Agency,USDA,C-50-10051,10,0,0,21.6,120,MADISON,0.18,6/24/2024 11:00,6/24/2024 9:31,Price Code 1,CUSTOMER PICKUP,False,Food Bank of Northeast Georgia,01,30628.0,Colbert,USDA SHREDDED MOZZARELLA CHEESE CCC,Dairy
477,172879,690,W-117,Waggoners Grove Baptist Church,476510,,FP/OP/GNAP/USDA,FOOD PANTRY-Agency,BLUE RECEIPT-SHL,W-03-10013,291,0,0,0.0,291,MADISON,0.0,1/10/2024 14:38,1/10/2024 14:26,Price Code 1,CUSTOMER PICKUP,False,Sharing Floor Athens,01-SH,30628.0,Colbert,"ASSORTED BEVERAGES, SHL",Beverages
571,173265,8915,F-122,Freedom Church of God,476894,,FP/OP/USDA,FOOD PANTRY-Agency,USDA,F-50-90474,3,0,0,21.6,120,MADISON,0.18,1/25/2024 14:21,1/31/2024 9:41,Price Code 1,CUSTOMER PICKUP,False,Food Bank of Northeast Georgia,01,30530.0,Commerce,USDA PACIFIC SALAD SHRIMP,Proteins
571,177546,8991,F-122,Freedom Church of God,480166,,FP/OP/USDA,FOOD PANTRY-Agency,USDA,N-50-10311,13,0,0,0.0,312,MADISON,0.0,3/22/2024 14:21,3/23/2024 6:46,Price Code 1,TRUCK 1 MOBILE PANTRY,False,Food Bank of Northeast Georgia,01,30530.0,Commerce,USDA HAZELNUTS CCC,Proteins
371,177883,5388,E-111,Evangelical Methodist Church - Danielsville,480502,,FOOD PANTRY,FOOD PANTRY-Agency,BLUE RECEIPT-SHL,F-16-10001,74,0,0,13.32,74,MADISON,0.18,3/26/2024 13:56,3/26/2024 11:26,Price Code 1,CUSTOMER PICKUP,False,Sharing Floor Athens,01-SH,30633.0,Danielsville,"ASSORTED FROZEN FOODS, SHL",Food Misc.
571,177198,8975,F-122,Freedom Church of God,FAIMPORT479818,,FP/OP/USDA,FOOD PANTRY-Agency,BLUE RECEIPT-SHL,MCC-07-10001,5,0,0,0.0,5,MADISON,0.0,3/8/2024 0:00,3/8/2024 0:00,Price Code 1,CUSTOMER PICKUP,False,Food Bank of Northeast Georgia,01,30530.0,Commerce,"DAIRY PRODUCTS, SHL RETAIL PICKUPS",Dairy
571,177877,5407,F-122,Freedom Church of God,480496,,FP/OP/USDA,FOOD PANTRY-Agency,BLUE RECEIPT-SHL,F-15-10000,690,0,0,0.0,690,MADISON,0.0,3/26/2024 14:21,3/26/2024 10:10,Price Code 1,CUSTOMER PICKUP,False,Food Bank of Northeast Georgia,01,30530.0,Commerce,"MEAT & SEAFOOD, FROZEN SHL",Proteins
549,176868,8988,R-120,Roger's Baptist Church,479490,,FP/OP/USDA,FOOD PANTRY-Agency,BLUE RECEIPT-SHL,F-15-90559,7,0,0,6.3,35,MADISON,0.18,3/19/2024 13:30,3/19/2024 13:52,Price Code 1,CUSTOMER PICKUP,False,Food Bank of Northeast Georgia,01,30530.0,Commerce,"BLACK PEPPER TURKEY BREAST, HILLSHIRE FARMS",Proteins
137,180405,696,J-100,Jubilee Partners,483011,,FP/OP/GNAP,RESIDENTIAL-Agency,LOCAL - LL,W-25-10000,118,0,0,21.24,118,MADISON,0.18,5/8/2024 13:23,5/8/2024 8:51,Price Code 1,CUSTOMER PICKUP,False,Sharing Floor Athens,01-SH,30629.0,Comer,"ASSORTED SNACK ITEMS, LL",Food Misc.
915,178647,875,T-122,Tabors Chapel CME Church,481263,,DIRECT ASSISTANCE,DIRECT ASSISTANCE-Agency,BLUE RECEIPT-SHL,W-04-10000,30,0,0,0.0,30,MADISON,0.0,4/15/2024 14:19,4/17/2024 12:29,Price Code 1,CUSTOMER PICKUP,False,Food Bank of Northeast Georgia,01,30633.0,Danielsville,"BREAD & BAKERY, ASSORTED SHL",Grains
915,180466,8970,T-122,Tabors Chapel CME Church,FAIMPORT483072,,DIRECT ASSISTANCE,DIRECT ASSISTANCE-Agency,BLUE RECEIPT-SHL,MCW-16-10001,2,0,0,0.0,2,MADISON,0.0,5/6/2024 0:00,5/6/2024 0:00,Price Code 1,CUSTOMER PICKUP,False,Food Bank of Northeast Georgia,01,30633.0,Danielsville,"MISC. FOOD BOX, SHL RETAIL PICKUP",Food Misc.
549,181869,6780,R-120,Roger's Baptist Church,484473,,FP/OP/USDA,FOOD PANTRY-Agency,USDA,C-50-10024,6,0,0,25.8,258,MADISON,0.1,6/25/2024 13:30,6/25/2024 15:46,Price Code 1,CUSTOMER PICKUP,False,Food Bank of Northeast Georgia,01,30530.0,Commerce,USDA APPLES,Fruits
981,181020,5938,D-111,Divine Healing Ministry of Recovery Inc.,483625,,ON PREMISES (OP),REHAB-Agency,BLUE RECEIPT-SHL,C-28-10001,2,0,0,0.06,2,MADISON,0.03,5/17/2024 11:38,5/17/2024 11:43,Price Code 1,CONTACT FOR DELIVERY,False,Sharing Floor Athens,01-SH,30633.0,Commerce,"PRODUCE, FRESH SHL",Mixed Produce
981,173490,875,D-111,Divine Healing Ministry of Recovery Inc.,477119,,ON PREMISES (OP),REHAB-Agency,BLUE RECEIPT-SHL,W-04-10000,20,0,0,0.0,20,MADISON,0.0,1/23/2024 14:24,1/23/2024 14:29,Price Code 1,CONTACT FOR DELIVERY,False,Sharing Floor Athens,01-SH,30633.0,Commerce,"BREAD & BAKERY, ASSORTED SHL",Grains
477,173274,8923,W-117,Waggoners Grove Baptist Church,476903,,FP/OP/GNAP/USDA,FOOD PANTRY-Agency,LOCAL - LL,N-25-11955,3,0,0,8.1,45,MADISON,0.18,1/23/2024 14:38,1/23/2024 8:45,Price Code 1,CUSTOMER PICKUP,False,Food Bank of Northeast Georgia,01,30628.0,Colbert,REESES/KIT KAT/PAYDAY CANDY BAR ASST,Food Misc.
137,178165,5938,J-100,Jubilee Partners,480784,,FP/OP/GNAP,RESIDENTIAL-Agency,BLUE RECEIPT-SHL,C-28-10001,424,0,0,12.72,424,MADISON,0.03,4/3/2024 13:23,4/3/2024 8:50,Price Code 1,CUSTOMER PICKUP,False,Sharing Floor Athens,01-SH,30629.0,Comer,"PRODUCE, FRESH SHL",Mixed Produce
915,182644,8973,T-122,Tabors Chapel CME Church,FAIMPORT485247,,DIRECT ASSISTANCE,DIRECT ASSISTANCE-Agency,BLUE RECEIPT-SHL,MCC-16-10001,46,0,0,0.0,46,MADISON,0.0,6/27/2024 0:00,6/27/2024 0:00,Price Code 1,CUSTOMER PICKUP,False,Food Bank of Northeast Georgia,01,30633.0,Danielsville,"COOLER FOOD MISC., SHL RETAIL PICKUP",Food Misc.
892,175140,1047,L-114,Legacy Baptist Church,477769,,FP/USDA,FOOD PANTRY-Agency,USDA,N-50-10041,1,0,0,8.82,49,MADISON,0.18,2/13/2024 11:15,2/13/2024 11:07,Price Code 1,CUSTOMER PICKUP,False,Food Bank of Northeast Georgia,01,30646.0,Hull,USDA RICE,Grains
137,173168,5958,J-100,Jubilee Partners,476798,,FP/OP/GNAP,RESIDENTIAL-Agency,BLUE RECEIPT-SHL,C-16-10001,28,0,0,0.0,28,MADISON,0.0,1/17/2024 13:23,1/17/2024 9:04,Price Code 1,CUSTOMER PICKUP,False,Sharing Floor Athens,01-SH,30629.0,Comer,"COOLER FOOD, MISC. SHL",Food Misc.
549,175587,84,R-120,Roger's Baptist Church,478215,,FP/OP/USDA,FOOD PANTRY-Agency,USDA,N-50-10006,5,0,0,24.3,135,MADISON,0.18,2/20/2024 13:30,2/20/2024 13:52,Price Code 1,CUSTOMER PICKUP,False,Food Bank of Northeast Georgia,01,30530.0,Commerce,USDA GREEN BEANS,Vegetables
799,178471,5088,C-149,Colbert Methodist Church,481087,,FP/GNAP/USDA,FOOD PANTRY-Agency,USDA,F-50-90023,4,0,0,0.0,100,MADISON,0.0,4/10/2024 9:56,4/10/2024 12:52,Price Code 1,CUSTOMER PICKUP,False,Food Bank of Northeast Georgia,01,30628.0,Colbert,USDA FROZEN PEACHES CCC,Fruits
519,180259,5938,C-140,Colbert Living Waters Holiness Church,482865,,FP/OP/USDA,FOOD PANTRY-Agency,BLUE RECEIPT-SHL,C-28-10001,286,0,0,8.58,286,MADISON,0.03,5/6/2024 14:56,5/6/2024 9:44,Price Code 1,CUSTOMER PICKUP,False,Sharing Floor Athens,01-SH,30628.0,Colbert,"PRODUCE, FRESH SHL",Mixed Produce
898,172650,690,M-132,Meadow Baptist Church,476281,,FP/USDA,DIRECT ASSISTANCE-Agency,BLUE RECEIPT-SHL,W-03-10013,150,0,0,0.0,150,MADISON,0.0,1/19/2024 8:30,1/19/2024 9:06,Price Code 1,CUSTOMER PICKUP,False,Food Bank of Northeast Georgia,01,30629.0,Comer,"ASSORTED BEVERAGES, SHL",Beverages
549,180225,2202,R-120,Roger's Baptist Church,482831,,FP/OP/USDA,FOOD PANTRY-Agency,USDA,N-50-10240,5,0,0,19.8,110,MADISON,0.18,5/21/2024 13:45,5/21/2024 14:04,Price Code 1,CUSTOMER PICKUP,False,Food Bank of Northeast Georgia,01,30530.0,Commerce,USDA SPAGHETTI,Grains
137,177197,5772,J-100,Jubilee Partners,479818,,FP/OP/GNAP,RESIDENTIAL-Agency,LOCAL - LL,C-28-10000,146,0,0,4.38,146,MADISON,0.03,3/13/2024 13:23,3/13/2024 8:48,Price Code 1,CUSTOMER PICKUP,False,Sharing Floor Athens,01-SH,30629.0,Comer,"PRODUCE, FRESH LL",Mixed Produce
898,182460,683,M-132,Meadow Baptist Church,485064,,FP/USDA,DIRECT ASSISTANCE-Agency,BLUE RECEIPT-SHL,W-16-10001,119,0,0,21.42,119,MADISON,0.18,6/21/2024 10:02,6/21/2024 8:28,Price Code 1,CUSTOMER PICKUP,False,Sharing Floor Athens,01-SH,30629.0,Comer,MISC. FOOD BOX SHL,Food Misc.
477,179522,9025,W-117,Waggoners Grove Baptist Church,482135,,FP/OP/GNAP/USDA,FOOD PANTRY-Agency,YELLOW RECEIPT - SHN,N-11-11072,10,0,0,16.2,90,MADISON,0.18,4/26/2024 14:38,4/26/2024 10:11,Price Code 1,CUSTOMER PICKUP,False,Food Bank of Northeast Georgia,01,30628.0,Colbert,MRS BUTTERSWORTHS SMORES PANCAKE KIT,Food Misc.
915,177578,8974,T-122,Tabors Chapel CME Church,FAIMPORT480198,,DIRECT ASSISTANCE,DIRECT ASSISTANCE-Agency,BLUE RECEIPT-SHL,MCW-04-10000,3,0,0,0.0,3,MADISON,0.0,3/14/2024 0:00,3/14/2024 0:00,Price Code 1,CUSTOMER PICKUP,False,Food Bank of Northeast Georgia,01,30633.0,Danielsville,"BREAD AND BAKERY, SHL RETAIL PICKUPS",Grains
1010,181352,690,F-143,Freedom C.H. Church,483956,,FP/USDA,FOOD PANTRY-Agency,BLUE RECEIPT-SHL,W-03-10013,81,0,0,0.0,81,MADISON,0.0,5/24/2024 10:37,5/24/2024 10:41,Price Code 1,CUSTOMER PICKUP,False,Sharing Floor Athens,01-SH,30662.0,Royston,"ASSORTED BEVERAGES, SHL",Beverages
915,173342,875,T-122,Tabors Chapel CME Church,476971,,DIRECT ASSISTANCE,DIRECT ASSISTANCE-Agency,BLUE RECEIPT-SHL,W-04-10000,50,0,0,0.0,50,MADISON,0.0,1/24/2024 14:19,1/25/2024 9:10,Price Code 1,CUSTOMER PICKUP,False,Food Bank of Northeast Georgia,01,30633.0,Danielsville,"BREAD & BAKERY, ASSORTED SHL",Grains
981,172367,8878,D-111,Divine Healing Ministry of Recovery Inc.,475998,,ON PREMISES (OP),REHAB-Agency,YELLOW RECEIPT - SHN,N-03-11783,3,0,0,0.0,39,MADISON,0.0,1/5/2024 14:49,1/5/2024 14:36,Price Code 1,CONTACT FOR DELIVERY,False,Food Bank of Northeast Georgia,01,30633.0,Commerce,GATORADE FIT CITRUS BERRY,Beverages
549,176868,8966,R-120,Roger's Baptist Church,479490,,FP/OP/USDA,FOOD PANTRY-Agency,YELLOW RECEIPT - SHN,N-15-10049,2,0,0,2.16,12,MADISON,0.18,3/19/2024 13:30,3/19/2024 13:52,Price Code 1,CUSTOMER PICKUP,False,Food Bank of Northeast Georgia,01,30530.0,Commerce,FIRE CRACKER REDHOT PICKLED SAUSAGE,Proteins
371,175211,5407,E-111,Evangelical Methodist Church - Danielsville,477840,,FOOD PANTRY,FOOD PANTRY-Agency,BLUE RECEIPT-SHL,F-15-10000,44,0,0,7.92,44,MADISON,0.18,2/6/2024 13:56,2/6/2024 11:14,Price Code 1,CUSTOMER PICKUP,False,Sharing Floor Athens,01-SH,30633.0,Danielsville,"MEAT & SEAFOOD, FROZEN SHL",Proteins
571,175985,8600,F-122,Freedom Church of God,478613,,FP/OP/USDA,FOOD PANTRY-Agency,BLUE RECEIPT-SHL,N-03-11249,10,0,0,0.0,300,MADISON,0.0,2/26/2024 14:21,2/26/2024 9:08,Price Code 1,CUSTOMER PICKUP,False,Food Bank of Northeast Georgia,01,30530.0,Commerce,DIET PEPSI,Beverages
549,172672,4555,R-120,Roger's Baptist Church,476303,,FP/OP/USDA,FOOD PANTRY-Agency,USDA,F-50-90042,8,0,0,57.6,320,MADISON,0.18,1/16/2024 13:30,1/16/2024 14:36,Price Code 1,CUSTOMER PICKUP,False,Food Bank of Northeast Georgia,01,30530.0,Commerce,USDA CHICKEN DRUMSTICKS CCC,Proteins
410,176230,8956,C-110,Colbert First Baptist Church,478856,,FP/GNAP/USDA,FOOD PANTRY-Agency,BLUE RECEIPT-SHL,N-03-11817,3,0,0,0.0,42,MADISON,0.0,2/29/2024 12:40,2/29/2024 14:28,Price Code 1,CUSTOMER PICKUP,False,Food Bank of Northeast Georgia,01,30628.0,Colbert,TWISTER CHERRY BERRY BLAST,Beverages
571,178216,8976,F-122,Freedom Church of God,FAIMPORT480834,,FP/OP/USDA,FOOD PANTRY-Agency,BLUE RECEIPT-SHL,MCC-28-10001,3,0,0,0.0,3,MADISON,0.0,3/29/2024 0:00,3/29/2024 0:00,Price Code 1,CUSTOMER PICKUP,False,Food Bank of Northeast Georgia,01,30530.0,Commerce,"PRODUCE, SHL RETAIL PICKUPS",Mixed Produce
820,181681,696,N-122,New Bethel CH Church,484285,,FP/GNAP/USDA,FOOD PANTRY-Agency,LOCAL - LL,W-25-10000,66,0,0,11.88,66,MADISON,0.18,5/31/2024 12:47,5/31/2024 10:29,Price Code 1,CUSTOMER PICKUP,False,Sharing Floor Athens,01-SH,30662.0,Royston,"ASSORTED SNACK ITEMS, LL",Food Misc.
549,172672,84,R-120,Roger's Baptist Church,476303,,FP/OP/USDA,FOOD PANTRY-Agency,USDA,N-50-10006,6,0,0,29.16,162,MADISON,0.18,1/16/2024 13:30,1/16/2024 14:36,Price Code 1,CUSTOMER PICKUP,False,Food Bank of Northeast Georgia,01,30530.0,Commerce,USDA GREEN BEANS,Vegetables
477,173281,8766,W-117,Waggoners Grove Baptist Church,476910,,FP/OP/GNAP/USDA,FOOD PANTRY-Agency,LOCAL - LL,N-25-11919,10,0,0,3.6,20,MADISON,0.18,1/26/2024 10:00,1/26/2024 9:49,Price Code 1,CUSTOMER PICKUP,False,Food Bank of Northeast Georgia,01,30628.0,Colbert,GHIRARDELLI SEA SALT CARAMEL CHOCOLATE,Food Misc.
137,177197,50,J-100,Jubilee Partners,479818,,FP/OP/GNAP,RESIDENTIAL-Agency,LOCAL - LL,W-16-10002,118,0,0,0.0,118,MADISON,0.0,3/13/2024 13:23,3/13/2024 8:48,Price Code 1,CUSTOMER PICKUP,False,Sharing Floor Athens,01-SH,30629.0,Comer,MISC. FOOD BOX LL,Food Misc.
799,181691,9067,C-149,Colbert Methodist Church,484295,,FP/GNAP/USDA,FOOD PANTRY-Agency,BLUE RECEIPT-SHL,N-03-11833,10,0,0,0.0,180,MADISON,0.0,6/6/2024 14:40,6/6/2024 13:10,Price Code 1,CUSTOMER PICKUP,False,Food Bank of Northeast Georgia,01,30628.0,Colbert,DIET DR PEPPER,Beverages
549,172672,1791,R-120,Roger's Baptist Church,476303,,FP/OP/USDA,FOOD PANTRY-Agency,USDA,N-50-10079,4,0,0,18.72,104,MADISON,0.18,1/16/2024 13:30,1/16/2024 14:36,Price Code 1,CUSTOMER PICKUP,False,Food Bank of Northeast Georgia,01,30530.0,Commerce,USDA WALNUT HALVES AND PIECES,Proteins
549,175587,8869,R-120,Roger's Baptist Church,478215,,FP/OP/USDA,FOOD PANTRY-Agency,YELLOW RECEIPT - SHN,N-20-10004,4,0,0,2.16,12,MADISON,0.18,2/20/2024 13:30,2/20/2024 13:52,Price Code 1,CUSTOMER PICKUP,False,Food Bank of Northeast Georgia,01,30530.0,Commerce,PAMPERS PREEMIE SWADDLERS,Non-Food Misc.
915,180465,8975,T-122,Tabors Chapel CME Church,FAIMPORT483071,,DIRECT ASSISTANCE,DIRECT ASSISTANCE-Agency,BLUE RECEIPT-SHL,MCC-07-10001,27,0,0,0.0,27,MADISON,0.0,5/2/2024 0:00,5/2/2024 0:00,Price Code 1,CUSTOMER PICKUP,False,Food Bank of Northeast Georgia,01,30633.0,Danielsville,"DAIRY PRODUCTS, SHL RETAIL PICKUPS",Dairy
981,179612,690,D-111,Divine Healing Ministry of Recovery Inc.,482225,,ON PREMISES (OP),REHAB-Agency,BLUE RECEIPT-SHL,W-03-10013,89,0,0,0.0,89,MADISON,0.0,4/25/2024 11:21,4/25/2024 11:32,Price Code 1,CONTACT FOR DELIVERY,False,Sharing Floor Athens,01-SH,30633.0,Commerce,"ASSORTED BEVERAGES, SHL",Beverages
519,182529,683,C-140,Colbert Living Waters Holiness Church,485132,,FP/OP/USDA,FOOD PANTRY-Agency,BLUE RECEIPT-SHL,W-16-10001,175,0,0,31.5,175,MADISON,0.18,6/24/2024 14:56,6/24/2024 11:47,Price Code 1,CUSTOMER PICKUP,False,Sharing Floor Athens,01-SH,30628.0,Colbert,MISC. FOOD BOX SHL,Food Misc.
799,179212,683,C-149,Colbert Methodist Church,481825,,FP/GNAP/USDA,FOOD PANTRY-Agency,BLUE RECEIPT-SHL,W-16-10001,142,0,0,25.56,142,MADISON,0.18,4/18/2024 9:56,4/18/2024 13:47,Price Code 1,CUSTOMER PICKUP,False,Sharing Floor Athens,01-SH,30628.0,Colbert,MISC. FOOD BOX SHL,Food Misc.
892,181125,1521,L-114,Legacy Baptist Church,483730,,FP/USDA,FOOD PANTRY-Agency,USDA,N-50-10104,2,0,0,0.0,50,MADISON,0.0,5/24/2024 14:00,5/24/2024 14:13,Price Code 1,CUSTOMER PICKUP,False,Food Bank of Northeast Georgia,01,30646.0,Hull,USDA LENTIL BEANS,Proteins
915,172392,7267,T-122,Tabors Chapel CME Church,476023,,DIRECT ASSISTANCE,DIRECT ASSISTANCE-Agency,BLUE RECEIPT-SHL,N-03-11207,2,0,0,0.0,64,MADISON,0.0,1/5/2024 14:19,1/5/2024 13:17,Price Code 1,CUSTOMER PICKUP,False,Food Bank of Northeast Georgia,01,30633.0,Danielsville,"MT DEW RASPBERRY LEMONADE, SPARK",Beverages
477,176546,8982,W-117,Waggoners Grove Baptist Church,479170,,FP/OP/GNAP/USDA,FOOD PANTRY-Agency,BLUE RECEIPT-SHL,F-15-90555,10,0,0,23.4,130,MADISON,0.18,3/21/2024 8:00,3/21/2024 11:39,Price Code 1,CUSTOMER PICKUP,False,Food Bank of Northeast Georgia,01,30628.0,Colbert,HORMEL BLACK LABEL BACON,Proteins
571,173265,8921,F-122,Freedom Church of God,476894,,FP/OP/USDA,FOOD PANTRY-Agency,LOCAL - LL,N-25-11953,2,0,0,4.32,24,MADISON,0.18,1/25/2024 14:21,1/31/2024 9:41,Price Code 1,CUSTOMER PICKUP,False,Food Bank of Northeast Georgia,01,30530.0,Commerce,GREAT VALUE COOKIE & CARAMEL BARS,Food Misc.
519,181429,1045,C-140,Colbert Living Waters Holiness Church,484033,,FP/OP/USDA,FOOD PANTRY-Agency,BLUE RECEIPT-SHL,W-25-10009,109,0,0,19.62,109,MADISON,0.18,5/28/2024 14:56,5/28/2024 9:37,Price Code 1,CUSTOMER PICKUP,False,Sharing Floor Athens,01-SH,30628.0,Colbert,"ASSORTED SNACK ITEMS, SHL",Food Misc.
898,182460,688,M-132,Meadow Baptist Church,485064,,FP/USDA,DIRECT ASSISTANCE-Agency,BLUE RECEIPT-SHL,W-01-10000,32,0,0,0.0,32,MADISON,0.0,6/21/2024 10:02,6/21/2024 8:28,Price Code 1,CUSTOMER PICKUP,False,Sharing Floor Athens,01-SH,30629.0,Comer,"ASSORTED NON-FOOD ITEMS, SHL",Non-Food Misc.
410,178627,8851,C-110,Colbert First Baptist Church,481243,,FP/GNAP/USDA,FOOD PANTRY-Agency,PURCH,N-11-11071,6,0,0,6.48,36,MADISON,0.18,4/12/2024 12:40,4/12/2024 11:19,Price Code 1,CUSTOMER PICKUP,False,Food Bank of Northeast Georgia,01,30628.0,Colbert,"CHICKEN STUFFING, PREMIER PANTRY",Prepared Meals
981,172367,8881,D-111,Divine Healing Ministry of Recovery Inc.,475998,,ON PREMISES (OP),REHAB-Agency,YELLOW RECEIPT - SHN,N-03-11786,3,0,0,0.0,39,MADISON,0.0,1/5/2024 14:49,1/5/2024 14:36,Price Code 1,CONTACT FOR DELIVERY,False,Food Bank of Northeast Georgia,01,30633.0,Commerce,GATORADE ZERO FRUIT PUNCH,Beverages
477,177887,5407,W-117,Waggoners Grove Baptist Church,480506,,FP/OP/GNAP/USDA,FOOD PANTRY-Agency,BLUE RECEIPT-SHL,F-15-10000,43,0,0,0.0,43,MADISON,0.0,3/26/2024 14:38,3/26/2024 13:53,Price Code 1,CUSTOMER PICKUP,False,Sharing Floor Athens,01-SH,30628.0,Colbert,"MEAT & SEAFOOD, FROZEN SHL",Proteins
549,180225,170,R-120,Roger's Baptist Church,482831,,FP/OP/USDA,FOOD PANTRY-Agency,USDA,N-50-10007,7,0,0,35.28,196,MADISON,0.18,5/21/2024 13:45,5/21/2024 14:04,Price Code 1,CUSTOMER PICKUP,False,Food Bank of Northeast Georgia,01,30530.0,Commerce,"USDA CORN, WHOLE KERNEL NO SALT",Vegetables
571,177546,800,F-122,Freedom Church of God,480166,,FP/OP/USDA,FOOD PANTRY-Agency,USDA,N-50-10065,13,0,0,0.0,351,MADISON,0.0,3/22/2024 14:21,3/23/2024 6:46,Price Code 1,TRUCK 1 MOBILE PANTRY,False,Food Bank of Northeast Georgia,01,30530.0,Commerce,USDA APPLESAUCE,Fruits
548,180773,170,M-124,Moons Grove Baptist Church,483379,,FP/OP/USDA,FOOD PANTRY-Agency,USDA,N-50-10007,3,0,0,15.12,84,MADISON,0.18,5/17/2024 11:45,5/17/2024 12:02,Price Code 1,CUSTOMER PICKUP,False,Food Bank of Northeast Georgia,01,30628.0,Colbert,"USDA CORN, WHOLE KERNEL NO SALT",Vegetables
410,173554,8683,C-110,Colbert First Baptist Church,477183,,FP/GNAP/USDA,FOOD PANTRY-Agency,BLUE RECEIPT-SHL,N-03-11728,3,0,0,0.0,54,MADISON,0.0,1/29/2024 12:40,1/29/2024 14:13,Price Code 1,CUSTOMER PICKUP,False,Food Bank of Northeast Georgia,01,30628.0,Colbert,CRUSH ORANGE SODA,Beverages
832,173308,8720,U-104,Union Baptist Church,476937,,FP/OP/USDA,FOOD PANTRY-Agency,USDA,N-50-10305,2,0,0,5.04,28,MADISON,0.18,1/30/2024 11:46,2/22/2024 14:24,Price Code 1,CUSTOMER PICKUP,False,Food Bank of Northeast Georgia,01,30646.0,Hull,USDA MIXED VegetablesCCC,Vegetables
371,181136,5958,E-111,Evangelical Methodist Church - Danielsville,483741,,FOOD PANTRY,FOOD PANTRY-Agency,BLUE RECEIPT-SHL,C-16-10001,58,0,0,10.44,58,MADISON,0.18,5/21/2024 11:00,5/21/2024 11:28,Price Code 1,CUSTOMER PICKUP,False,Sharing Floor Athens,01-SH,30633.0,Danielsville,"COOLER FOOD, MISC. SHL",Food Misc.
371,177929,8995,E-111,Evangelical Methodist Church - Danielsville,480548,,FOOD PANTRY,FOOD PANTRY-Agency,BLUE RECEIPT-SHL,N-21-10067,15,0,0,13.5,75,MADISON,0.18,4/3/2024 13:56,4/3/2024 11:32,Price Code 1,CUSTOMER PICKUP,False,Food Bank of Northeast Georgia,01,30633.0,Danielsville,"RAMEN, MARUCHAN SHRIMP",Prepared Meals
571,173617,5772,F-122,Freedom Church of God,477246,,FP/OP/USDA,FOOD PANTRY-Agency,LOCAL - LL,C-28-10000,40,0,0,1.2,40,MADISON,0.03,1/25/2024 14:21,1/25/2024 11:53,Price Code 1,CUSTOMER PICKUP,False,Sharing Floor Athens,01-SH,30530.0,Commerce,"PRODUCE, FRESH LL",Mixed Produce
477,175992,8958,W-117,Waggoners Grove Baptist Church,478620,,FP/OP/GNAP/USDA,FOOD PANTRY-Agency,YELLOW RECEIPT - SHN,N-25-11957,20,0,0,10.8,60,MADISON,0.18,3/11/2024 10:00,3/11/2024 10:48,Price Code 1,CUSTOMER PICKUP,False,Food Bank of Northeast Georgia,01,30628.0,Colbert,WHEAT THINS BIG,Grains
571,172309,8626,F-122,Freedom Church of God,475940,,FP/OP/USDA,FOOD PANTRY-Agency,BLUE RECEIPT-SHL,N-03-11262,2,0,0,0.0,84,MADISON,0.0,1/5/2024 14:21,1/5/2024 11:28,Price Code 1,CUSTOMER PICKUP,False,Food Bank of Northeast Georgia,01,30530.0,Commerce,MOUNTAIN DEW,Beverages
571,178814,690,F-122,Freedom Church of God,481428,,FP/OP/USDA,FOOD PANTRY-Agency,BLUE RECEIPT-SHL,W-03-10013,20,0,0,0.0,20,MADISON,0.0,4/11/2024 14:21,4/24/2024 11:30,Price Code 1,CUSTOMER PICKUP,False,Sharing Floor Athens,01-SH,30530.0,Commerce,"ASSORTED BEVERAGES, SHL",Beverages
915,178191,8975,T-122,Tabors Chapel CME Church,FAIMPORT480809,,DIRECT ASSISTANCE,DIRECT ASSISTANCE-Agency,BLUE RECEIPT-SHL,MCC-07-10001,8,0,0,0.0,8,MADISON,0.0,4/1/2024 0:00,4/1/2024 0:00,Price Code 1,CUSTOMER PICKUP,False,Food Bank of Northeast Georgia,01,30633.0,Danielsville,"DAIRY PRODUCTS, SHL RETAIL PICKUPS",Dairy
477,173302,3943,W-117,Waggoners Grove Baptist Church,476931,,FP/OP/GNAP/USDA,FOOD PANTRY-Agency,USDA,N-50-10268,5,0,0,5.7,190,MADISON,0.03,1/26/2024 10:00,1/26/2024 9:49,Price Code 1,CUSTOMER PICKUP,False,Food Bank of Northeast Georgia,01,30628.0,Colbert,USDA APPLE JUICE,Beverages
836,173880,8766,G-122,Gordon's Chapel Methodist Church,477509,,FP/USDA,FOOD PANTRY-Agency,LOCAL - LL,N-25-11919,10,0,0,3.6,20,MADISON,0.18,2/7/2024 14:20,2/7/2024 13:31,Price Code 1,CUSTOMER PICKUP,False,Food Bank of Northeast Georgia,01,30646.0,Hull,GHIRARDELLI SEA SALT CARAMEL CHOCOLATE,Food Misc.
892,181125,842,L-114,Legacy Baptist Church,483730,,FP/USDA,FOOD PANTRY-Agency,USDA,N-50-10021,1,0,0,4.86,27,MADISON,0.18,5/24/2024 14:00,5/24/2024 14:13,Price Code 1,CUSTOMER PICKUP,False,Food Bank of Northeast Georgia,01,30646.0,Hull,USDA DICED TOMATOES NO SALT CCC,Vegetables
820,181681,875,N-122,New Bethel CH Church,484285,,FP/GNAP/USDA,FOOD PANTRY-Agency,BLUE RECEIPT-SHL,W-04-10000,6,0,0,0.0,6,MADISON,0.0,5/31/2024 12:47,5/31/2024 10:29,Price Code 1,CUSTOMER PICKUP,False,Sharing Floor Athens,01-SH,30662.0,Royston,"BREAD & BAKERY, ASSORTED SHL",Grains
477,173562,5407,W-117,Waggoners Grove Baptist Church,477191,,FP/OP/GNAP/USDA,FOOD PANTRY-Agency,BLUE RECEIPT-SHL,F-15-10000,82,0,0,14.76,82,MADISON,0.18,1/24/2024 14:38,1/24/2024 13:58,Price Code 1,CUSTOMER PICKUP,False,Sharing Floor Athens,01-SH,30628.0,Colbert,"MEAT & SEAFOOD, FROZEN SHL",Proteins
519,180259,1045,C-140,Colbert Living Waters Holiness Church,482865,,FP/OP/USDA,FOOD PANTRY-Agency,BLUE RECEIPT-SHL,W-25-10009,159,0,0,28.62,159,MADISON,0.18,5/6/2024 14:56,5/6/2024 9:44,Price Code 1,CUSTOMER PICKUP,False,Sharing Floor Athens,01-SH,30628.0,Colbert,"ASSORTED SNACK ITEMS, SHL",Food Misc.
548,173318,2960,M-124,Moons Grove Baptist Church,476947,,FP/OP/USDA,FOOD PANTRY-Agency,USDA,N-50-10247,3,0,0,19.44,108,MADISON,0.18,1/23/2024 7:40,2/20/2024 13:37,Price Code 1,CUSTOMER PICKUP,False,Food Bank of Northeast Georgia,01,30628.0,Colbert,USDA BEEF STEW POUCHES CCC,Prepared Meals
137,177625,50,J-100,Jubilee Partners,480245,,FP/OP/GNAP,RESIDENTIAL-Agency,LOCAL - LL,W-16-10002,41,0,0,7.38,41,MADISON,0.18,3/20/2024 13:23,3/20/2024 8:47,Price Code 1,CUSTOMER PICKUP,False,Sharing Floor Athens,01-SH,30629.0,Comer,MISC. FOOD BOX LL,Food Misc.
1010,176510,875,F-143,Freedom C.H. Church,479134,,FP/USDA,FOOD PANTRY-Agency,BLUE RECEIPT-SHL,W-04-10000,107,0,0,0.0,107,MADISON,0.0,3/1/2024 10:47,3/1/2024 10:57,Price Code 1,CUSTOMER PICKUP,False,Sharing Floor Athens,01-SH,30662.0,Royston,"BREAD & BAKERY, ASSORTED SHL",Grains
799,181693,9014,C-149,Colbert Methodist Church,484297,,FP/GNAP/USDA,FOOD PANTRY-Agency,PURCH,N-27-10136,2,0,104,9.72,54,MADISON,0.18,6/6/2024 11:30,6/6/2024 11:41,Price Code 1,CUSTOMER PICKUP,False,Food Bank of Northeast Georgia,01,30628.0,Colbert,"GREEN BEANS, HARVEST VALLEY",Vegetables
729,181733,7169,C-164,Colbert Methodist Church INTHEMIDDLEMEALS,484337,,FP/GNAP/USDA,AT-RISK YOUTH-Agency,GNAP,N-40-10236,5,0,0,0.0,70,MADISON,0.0,6/7/2024 14:00,6/7/2024 13:53,Price Code 1,CUSTOMER PICKUP,False,Food Bank of Northeast Georgia,01,30628.0,Colbert,GNAP BEEF LASAGNA,Prepared Meals
915,178700,8972,T-122,Tabors Chapel CME Church,FAIMPORT481314,,DIRECT ASSISTANCE,DIRECT ASSISTANCE-Agency,BLUE RECEIPT-SHL,MCF-15-10000,43,0,0,0.0,43,MADISON,0.0,4/8/2024 0:00,4/8/2024 0:00,Price Code 1,CUSTOMER PICKUP,False,Food Bank of Northeast Georgia,01,30633.0,Danielsville,"FROZEN MEAT & SEAFOOD, SHL RETAIL PICKUP",Proteins
1010,180926,5938,F-143,Freedom C.H. Church,483532,,FP/USDA,FOOD PANTRY-Agency,BLUE RECEIPT-SHL,C-28-10001,106,0,0,3.18,106,MADISON,0.03,5/16/2024 9:54,5/16/2024 9:54,Price Code 1,CUSTOMER PICKUP,False,Sharing Floor Athens,01-SH,30662.0,Royston,"PRODUCE, FRESH SHL",Mixed Produce
915,172392,8682,T-122,Tabors Chapel CME Church,476023,,DIRECT ASSISTANCE,DIRECT ASSISTANCE-Agency,BLUE RECEIPT-SHL,N-03-11727,4,0,0,0.0,112,MADISON,0.0,1/5/2024 14:19,1/5/2024 13:17,Price Code 1,CUSTOMER PICKUP,False,Food Bank of Northeast Georgia,01,30633.0,Danielsville,LIPTON DIET GREEN TEA CITRUS,Beverages
477,180901,8512,W-117,Waggoners Grove Baptist Church,483507,,FP/OP/GNAP/USDA,FOOD PANTRY-Agency,USDA,C-50-10049,3,0,0,21.06,117,MADISON,0.18,6/3/2024 10:00,6/3/2024 11:49,Price Code 1,CUSTOMER PICKUP,False,Food Bank of Northeast Georgia,01,30628.0,Colbert,USDA GRAPEFRUIT CCC,Fruits
981,182023,5407,D-111,Divine Healing Ministry of Recovery Inc.,484627,,ON PREMISES (OP),REHAB-Agency,BLUE RECEIPT-SHL,F-15-10000,30,0,0,0.0,30,MADISON,0.0,6/7/2024 10:39,6/7/2024 10:42,Price Code 1,CONTACT FOR DELIVERY,False,Sharing Floor Athens,01-SH,30633.0,Commerce,"MEAT & SEAFOOD, FROZEN SHL",Proteins
371,182327,683,E-111,Evangelical Methodist Church - Danielsville,484931,,FOOD PANTRY,FOOD PANTRY-Agency,BLUE RECEIPT-SHL,W-16-10001,39,0,0,7.02,39,MADISON,0.18,6/18/2024 13:56,6/18/2024 11:37,Price Code 1,CUSTOMER PICKUP,False,Sharing Floor Athens,01-SH,30633.0,Danielsville,MISC. FOOD BOX SHL,Food Misc.
981,176317,8946,D-111,Divine Healing Ministry of Recovery Inc.,478942,,ON PREMISES (OP),REHAB-Agency,BLUE RECEIPT-SHL,N-03-11810,8,0,0,0.0,112,MADISON,0.0,3/1/2024 15:23,3/15/2024 10:00,Price Code 1,CONTACT FOR DELIVERY,False,Food Bank of Northeast Georgia,01,30633.0,Commerce,PROPEL ORANGE RASPBERRY,Beverages
477,175726,8690,W-117,Waggoners Grove Baptist Church,478354,,FP/OP/GNAP/USDA,FOOD PANTRY-Agency,USDA,N-50-10302,10,0,0,25.2,140,MADISON,0.18,3/4/2024 10:00,3/4/2024 10:13,Price Code 1,CUSTOMER PICKUP,False,Food Bank of Northeast Georgia,01,30628.0,Colbert,USDA GREEN BEANS CCC,Vegetables
410,178627,8783,C-110,Colbert First Baptist Church,481243,,FP/GNAP/USDA,FOOD PANTRY-Agency,USDA,N-50-10308,4,0,0,16.56,92,MADISON,0.18,4/12/2024 12:40,4/12/2024 11:19,Price Code 1,CUSTOMER PICKUP,False,Food Bank of Northeast Georgia,01,30628.0,Colbert,USDA RAISINS,Fruits
892,177974,3943,L-114,Legacy Baptist Church,480593,,FP/USDA,FOOD PANTRY-Agency,USDA,N-50-10268,2,0,0,2.28,76,MADISON,0.03,4/3/2024 11:15,4/3/2024 11:32,Price Code 1,CUSTOMER PICKUP,False,Food Bank of Northeast Georgia,01,30646.0,Hull,USDA APPLE JUICE,Beverages
915,178478,8546,T-122,Tabors Chapel CME Church,481094,,DIRECT ASSISTANCE,DIRECT ASSISTANCE-Agency,BLUE RECEIPT-SHL,N-03-10262,10,0,0,0.0,300,MADISON,0.0,4/10/2024 14:19,4/10/2024 10:27,Price Code 1,CUSTOMER PICKUP,False,Food Bank of Northeast Georgia,01,30633.0,Danielsville,STARRY LEMON LIME SODA 16.9 OZ,Beverages
137,176343,5958,J-100,Jubilee Partners,478968,,FP/OP/GNAP,RESIDENTIAL-Agency,BLUE RECEIPT-SHL,C-16-10001,28,0,0,5.04,28,MADISON,0.18,2/28/2024 13:23,2/28/2024 8:30,Price Code 1,CUSTOMER PICKUP,False,Sharing Floor Athens,01-SH,30629.0,Comer,"COOLER FOOD, MISC. SHL",Food Misc.
477,172399,8875,W-117,Waggoners Grove Baptist Church,476030,,FP/OP/GNAP/USDA,FOOD PANTRY-Agency,BLUE RECEIPT-SHL,N-03-11780,20,0,0,0.0,700,MADISON,0.0,1/5/2024 14:38,1/5/2024 8:20,Price Code 1,CUSTOMER PICKUP,False,Food Bank of Northeast Georgia,01,30628.0,Colbert,GATORADE G2 GRAPE,Beverages
477,172214,8888,W-117,Waggoners Grove Baptist Church,475845,,FP/OP/GNAP/USDA,FOOD PANTRY-Agency,LFB,N-19-10057,25,0,0,27.0,150,MADISON,0.18,1/11/2024 10:00,1/11/2024 12:15,Price Code 1,CUSTOMER PICKUP,False,Food Bank of Northeast Georgia,01,30628.0,Colbert,COTTONELLE TOILET PAPER 18,Non-Food Misc.
571,181472,5938,F-122,Freedom Church of God,484076,,FP/OP/USDA,FOOD PANTRY-Agency,BLUE RECEIPT-SHL,C-28-10001,25,0,0,0.0,25,MADISON,0.0,6/6/2024 11:00,6/6/2024 14:21,Price Code 1,CUSTOMER PICKUP,False,Food Bank of Northeast Georgia,01,30530.0,Commerce,"PRODUCE, FRESH SHL",Mixed Produce
799,176578,8946,C-149,Colbert Methodist Church,479202,,FP/GNAP/USDA,FOOD PANTRY-Agency,BLUE RECEIPT-SHL,N-03-11810,2,0,0,0.0,28,MADISON,0.0,3/8/2024 8:56,3/8/2024 12:16,Price Code 1,CUSTOMER PICKUP,False,Food Bank of Northeast Georgia,01,30628.0,Colbert,PROPEL ORANGE RASPBERRY,Beverages
477,175992,8957,W-117,Waggoners Grove Baptist Church,478620,,FP/OP/GNAP/USDA,FOOD PANTRY-Agency,YELLOW RECEIPT - SHN,N-25-11956,20,0,0,14.4,80,MADISON,0.18,3/11/2024 10:00,3/11/2024 10:48,Price Code 1,CUSTOMER PICKUP,False,Food Bank of Northeast Georgia,01,30628.0,Colbert,HONEYMAID GRAHAM CRACKERS,Grains
898,179239,50,M-132,Meadow Baptist Church,481852,,FP/USDA,DIRECT ASSISTANCE-Agency,LOCAL - LL,W-16-10002,48,0,0,0.0,48,MADISON,0.0,4/19/2024 10:02,4/19/2024 8:21,Price Code 1,CUSTOMER PICKUP,False,Sharing Floor Athens,01-SH,30629.0,Comer,MISC. FOOD BOX LL,Food Misc.
548,179057,8997,M-124,Moons Grove Baptist Church,481671,,FP/OP/USDA,FOOD PANTRY-Agency,USDA,N-50-10312,6,0,0,12.96,72,MADISON,0.18,4/19/2024 7:40,4/19/2024 10:26,Price Code 1,CUSTOMER PICKUP,False,Food Bank of Northeast Georgia,01,30628.0,Colbert,USDA CHILI W/ BEANS CCC,Prepared Meals
549,178348,8822,R-120,Roger's Baptist Church,480964,,FP/OP/USDA,FOOD PANTRY-Agency,BLUE RECEIPT-SHL,N-03-11761,3,0,0,0.0,36,MADISON,0.0,4/16/2024 13:30,4/16/2024 14:00,Price Code 1,CUSTOMER PICKUP,False,Food Bank of Northeast Georgia,01,30530.0,Commerce,"STARBUCKS PINK DRINK, STRAW ACAI",Beverages
981,177365,8837,D-111,Divine Healing Ministry of Recovery Inc.,479985,,ON PREMISES (OP),REHAB-Agency,BLUE RECEIPT-SHL,N-03-11773,10,0,0,0.0,100,MADISON,0.0,3/15/2024 10:46,3/15/2024 11:01,Price Code 1,CUSTOMER PICKUP,False,Food Bank of Northeast Georgia,01,30633.0,Commerce,MT DEW PASSSIONFRUIT PUNCH,Beverages
519,176942,690,C-140,Colbert Living Waters Holiness Church,479564,,FP/OP/USDA,FOOD PANTRY-Agency,BLUE RECEIPT-SHL,W-03-10013,272,0,0,0.0,272,MADISON,0.0,3/8/2024 14:56,3/8/2024 10:49,Price Code 1,CUSTOMER PICKUP,False,Sharing Floor Athens,01-SH,30628.0,Colbert,"ASSORTED BEVERAGES, SHL",Beverages
915,172429,8898,T-122,Tabors Chapel CME Church,476060,,DIRECT ASSISTANCE,DIRECT ASSISTANCE-Agency,BLUE RECEIPT-SHL,N-03-11789,10,0,0,0.0,330,MADISON,0.0,1/5/2024 14:19,1/5/2024 13:18,Price Code 1,CUSTOMER PICKUP,False,Food Bank of Northeast Georgia,01,30633.0,Danielsville,MT DEW THRASHED APPLE,Beverages
915,182560,8973,T-122,Tabors Chapel CME Church,FAIMPORT485163,,DIRECT ASSISTANCE,DIRECT ASSISTANCE-Agency,BLUE RECEIPT-SHL,MCC-16-10001,106,0,0,0.0,106,MADISON,0.0,6/24/2024 0:00,6/24/2024 0:00,Price Code 1,CUSTOMER PICKUP,False,Food Bank of Northeast Georgia,01,30633.0,Danielsville,"COOLER FOOD MISC., SHL RETAIL PICKUP",Food Misc.
915,177912,8854,T-122,Tabors Chapel CME Church,480531,,DIRECT ASSISTANCE,DIRECT ASSISTANCE-Agency,BLUE RECEIPT-SHL,N-03-11776,2,0,0,0.0,66,MADISON,0.0,4/3/2024 14:19,4/3/2024 13:44,Price Code 1,CUSTOMER PICKUP,False,Food Bank of Northeast Georgia,01,30633.0,Danielsville,DR PEPPER STRAWBERRIES & CREAM,Beverages
799,181693,123,C-149,Colbert Methodist Church,484297,,FP/GNAP/USDA,FOOD PANTRY-Agency,GNAP,N-40-10002,5,0,0,0.0,75,MADISON,0.0,6/6/2024 11:30,6/6/2024 11:41,Price Code 1,CUSTOMER PICKUP,False,Food Bank of Northeast Georgia,01,30628.0,Colbert,GNAP PEANUT BUTTER,Proteins
915,178647,3280,T-122,Tabors Chapel CME Church,481263,,DIRECT ASSISTANCE,DIRECT ASSISTANCE-Agency,YELLOW RECEIPT - SHN,N-03-10833,4,0,0,0.0,72,MADISON,0.0,4/15/2024 14:19,4/17/2024 12:29,Price Code 1,CUSTOMER PICKUP,False,Food Bank of Northeast Georgia,01,30633.0,Danielsville,GATORADE GLACIER FREEZE,Beverages
1010,182522,683,F-143,Freedom C.H. Church,485125,,FP/USDA,FOOD PANTRY-Agency,BLUE RECEIPT-SHL,W-16-10001,83,0,0,14.94,83,MADISON,0.18,6/24/2024 9:30,6/24/2024 9:36,Price Code 1,CUSTOMER PICKUP,False,Sharing Floor Athens,01-SH,30662.0,Royston,MISC. FOOD BOX SHL,Food Misc.
820,175061,8922,N-122,New Bethel CH Church,477691,,FP/GNAP/USDA,FOOD PANTRY-Agency,LOCAL - LL,N-25-11954,8,0,0,7.2,40,MADISON,0.18,2/9/2024 11:00,2/9/2024 13:49,Price Code 1,CUSTOMER PICKUP,False,Food Bank of Northeast Georgia,01,30662.0,Royston,ATKINS VAR PACK CHOC PEANUT/CARAMEL,Food Misc.
836,177995,8995,G-122,Gordon's Chapel Methodist Church,480614,,FP/USDA,FOOD PANTRY-Agency,BLUE RECEIPT-SHL,N-21-10067,10,0,0,9.0,50,MADISON,0.18,4/10/2024 14:20,4/10/2024 12:37,Price Code 1,CUSTOMER PICKUP,False,Food Bank of Northeast Georgia,01,30646.0,Hull,"RAMEN, MARUCHAN SHRIMP",Prepared Meals
477,175633,5958,W-117,Waggoners Grove Baptist Church,478261,,FP/OP/GNAP/USDA,FOOD PANTRY-Agency,BLUE RECEIPT-SHL,C-16-10001,58,0,0,10.44,58,MADISON,0.18,2/14/2024 14:38,2/23/2024 10:28,Price Code 1,CUSTOMER PICKUP,False,Sharing Floor Athens,01-SH,30628.0,Colbert,"COOLER FOOD, MISC. SHL",Food Misc.
915,177379,875,T-122,Tabors Chapel CME Church,479999,,DIRECT ASSISTANCE,DIRECT ASSISTANCE-Agency,BLUE RECEIPT-SHL,W-04-10000,200,0,0,0.0,200,MADISON,0.0,3/15/2024 14:19,3/15/2024 13:26,Price Code 1,CUSTOMER PICKUP,False,Food Bank of Northeast Georgia,01,30633.0,Danielsville,"BREAD & BAKERY, ASSORTED SHL",Grains
799,179019,7083,C-149,Colbert Methodist Church,481633,,FP/GNAP/USDA,FOOD PANTRY-Agency,USDA,C-50-10029,4,0,0,8.64,48,MADISON,0.18,4/19/2024 8:56,4/19/2024 13:30,Price Code 1,CUSTOMER PICKUP,False,Food Bank of Northeast Georgia,01,30628.0,Colbert,"USDA MILD CHEDDAR CHEESE, BLOCK CCC",Dairy
571,173083,4761,F-122,Freedom Church of God,476713,,FP/OP/USDA,FOOD PANTRY-Agency,USDA,F-50-90454,5,0,0,0.0,155,MADISON,0.0,1/19/2024 11:00,1/19/2024 11:21,Price Code 1,CUSTOMER PICKUP,False,Food Bank of Northeast Georgia,01,30530.0,Commerce,USDA FROZEN STRAWBERRIES CCC,Fruits
892,181125,3712,L-114,Legacy Baptist Church,483730,,FP/USDA,FOOD PANTRY-Agency,USDA,N-50-10266,1,0,0,4.86,27,MADISON,0.18,5/24/2024 14:00,5/24/2024 14:13,Price Code 1,CUSTOMER PICKUP,False,Food Bank of Northeast Georgia,01,30646.0,Hull,USDA CANNED PINTO BEANS,Proteins
915,179293,8974,T-122,Tabors Chapel CME Church,FAIMPORT481906,,DIRECT ASSISTANCE,DIRECT ASSISTANCE-Agency,BLUE RECEIPT-SHL,MCW-04-10000,23,0,0,0.0,23,MADISON,0.0,4/15/2024 0:00,4/15/2024 0:00,Price Code 1,CUSTOMER PICKUP,False,Food Bank of Northeast Georgia,01,30633.0,Danielsville,"BREAD AND BAKERY, SHL RETAIL PICKUPS",Grains
571,175776,8916,F-122,Freedom Church of God,478404,,FP/OP/USDA,FOOD PANTRY-Agency,BLUE RECEIPT-SHL,N-03-11799,2,0,0,0.0,24,MADISON,0.0,2/22/2024 14:21,2/22/2024 14:22,Price Code 1,CUSTOMER PICKUP,False,Food Bank of Northeast Georgia,01,30530.0,Commerce,MONSTER COLD BREW LATTE,Beverages
371,176294,683,E-111,Evangelical Methodist Church - Danielsville,478919,,FOOD PANTRY,FOOD PANTRY-Agency,BLUE RECEIPT-SHL,W-16-10001,198,0,0,35.64,198,MADISON,0.18,2/27/2024 13:56,2/27/2024 11:28,Price Code 1,CUSTOMER PICKUP,False,Sharing Floor Athens,01-SH,30633.0,Danielsville,MISC. FOOD BOX SHL,Food Misc.
981,178329,5407,D-111,Divine Healing Ministry of Recovery Inc.,480945,,ON PREMISES (OP),REHAB-Agency,BLUE RECEIPT-SHL,F-15-10000,118,0,0,21.24,118,MADISON,0.18,4/4/2024 14:22,4/4/2024 14:26,Price Code 1,CONTACT FOR DELIVERY,False,Sharing Floor Athens,01-SH,30633.0,Commerce,"MEAT & SEAFOOD, FROZEN SHL",Proteins
137,182314,5958,J-100,Jubilee Partners,484918,,FP/OP/GNAP,RESIDENTIAL-Agency,BLUE RECEIPT-SHL,C-16-10001,113,0,0,20.34,113,MADISON,0.18,6/18/2024 13:23,6/18/2024 9:51,Price Code 1,CUSTOMER PICKUP,False,Sharing Floor Athens,01-SH,30629.0,Comer,"COOLER FOOD, MISC. SHL",Food Misc.
799,179019,8962,C-149,Colbert Methodist Church,481633,,FP/GNAP/USDA,FOOD PANTRY-Agency,BLUE RECEIPT-SHL,C-28-90539,1,0,0,0.0,52,MADISON,0.0,4/19/2024 8:56,4/19/2024 13:30,Price Code 1,CUSTOMER PICKUP,False,Food Bank of Northeast Georgia,01,30628.0,Colbert,"TURNIPS, SHL",Vegetables
477,181209,690,W-117,Waggoners Grove Baptist Church,483814,,FP/OP/GNAP/USDA,FOOD PANTRY-Agency,BLUE RECEIPT-SHL,W-03-10013,220,0,0,0.0,220,MADISON,0.0,5/22/2024 14:38,5/22/2024 14:09,Price Code 1,CUSTOMER PICKUP,False,Sharing Floor Athens,01-SH,30628.0,Colbert,"ASSORTED BEVERAGES, SHL",Beverages
477,179569,5407,W-117,Waggoners Grove Baptist Church,482182,,FP/OP/GNAP/USDA,FOOD PANTRY-Agency,BLUE RECEIPT-SHL,F-15-10000,30,0,0,5.4,30,MADISON,0.18,4/24/2024 14:38,6/3/2024 11:29,Price Code 1,CUSTOMER PICKUP,False,Sharing Floor Athens,01-SH,30628.0,Colbert,"MEAT & SEAFOOD, FROZEN SHL",Proteins
1010,181352,875,F-143,Freedom C.H. Church,483956,,FP/USDA,FOOD PANTRY-Agency,BLUE RECEIPT-SHL,W-04-10000,95,0,0,0.0,95,MADISON,0.0,5/24/2024 10:37,5/24/2024 10:41,Price Code 1,CUSTOMER PICKUP,False,Sharing Floor Athens,01-SH,30662.0,Royston,"BREAD & BAKERY, ASSORTED SHL",Grains
371,181452,690,E-111,Evangelical Methodist Church - Danielsville,484056,,FOOD PANTRY,FOOD PANTRY-Agency,BLUE RECEIPT-SHL,W-03-10013,121,0,0,0.0,121,MADISON,0.0,5/28/2024 13:56,5/28/2024 11:32,Price Code 1,CUSTOMER PICKUP,False,Sharing Floor Athens,01-SH,30633.0,Danielsville,"ASSORTED BEVERAGES, SHL",Beverages
729,181733,9035,C-164,Colbert Methodist Church INTHEMIDDLEMEALS,484337,,FP/GNAP/USDA,AT-RISK YOUTH-Agency,GNAP,N-40-10272,5,0,0,0.0,70,MADISON,0.0,6/7/2024 14:00,6/7/2024 13:53,Price Code 1,CUSTOMER PICKUP,False,Food Bank of Northeast Georgia,01,30628.0,Colbert,GNAP MACARONI O'S W/ BEEF - EZ OPEN,Prepared Meals
799,181693,9034,C-149,Colbert Methodist Church,484297,,FP/GNAP/USDA,FOOD PANTRY-Agency,GNAP,N-40-10271,3,0,0,0.0,36,MADISON,0.0,6/6/2024 11:30,6/6/2024 11:41,Price Code 1,CUSTOMER PICKUP,False,Food Bank of Northeast Georgia,01,30628.0,Colbert,"GNAP MIX BERRY YOGURT, SHELF STABLE BACKPACK",Dairy
137,181179,5407,J-100,Jubilee Partners,483784,,FP/OP/GNAP,RESIDENTIAL-Agency,BLUE RECEIPT-SHL,F-15-10000,10,0,0,1.8,10,MADISON,0.18,5/22/2024 13:23,5/22/2024 8:53,Price Code 1,CUSTOMER PICKUP,False,Sharing Floor Athens,01-SH,30629.0,Comer,"MEAT & SEAFOOD, FROZEN SHL",Proteins
571,175985,8834,F-122,Freedom Church of God,478613,,FP/OP/USDA,FOOD PANTRY-Agency,BLUE RECEIPT-SHL,N-03-11770,2,0,0,0.6,20,MADISON,0.03,2/26/2024 14:21,2/26/2024 9:08,Price Code 1,CUSTOMER PICKUP,False,Food Bank of Northeast Georgia,01,30530.0,Commerce,MT DEW ZERO SUGAR,Beverages
1010,180599,5388,F-143,Freedom C.H. Church,483205,,FP/USDA,FOOD PANTRY-Agency,BLUE RECEIPT-SHL,F-16-10001,29,0,0,5.22,29,MADISON,0.18,5/10/2024 10:27,5/10/2024 10:31,Price Code 1,CUSTOMER PICKUP,False,Sharing Floor Athens,01-SH,30662.0,Royston,"ASSORTED FROZEN FOODS, SHL",Food Misc.
137,176343,1045,J-100,Jubilee Partners,478968,,FP/OP/GNAP,RESIDENTIAL-Agency,BLUE RECEIPT-SHL,W-25-10009,73,0,0,13.14,73,MADISON,0.18,2/28/2024 13:23,2/28/2024 8:30,Price Code 1,CUSTOMER PICKUP,False,Sharing Floor Athens,01-SH,30629.0,Comer,"ASSORTED SNACK ITEMS, SHL",Food Misc.
519,176074,696,C-140,Colbert Living Waters Holiness Church,478701,,FP/OP/USDA,FOOD PANTRY-Agency,LOCAL - LL,W-25-10000,78,0,0,14.04,78,MADISON,0.18,2/23/2024 14:56,2/23/2024 8:40,Price Code 1,CUSTOMER PICKUP,False,Sharing Floor Athens,01-SH,30628.0,Colbert,"ASSORTED SNACK ITEMS, LL",Food Misc.
799,180752,6420,C-149,Colbert Methodist Church,483358,,FP/GNAP/USDA,FOOD PANTRY-Agency,BLUE RECEIPT-SHL,C-28-90141,2,0,0,0.0,100,MADISON,0.0,5/16/2024 11:00,5/16/2024 14:52,Price Code 1,CUSTOMER PICKUP,False,Food Bank of Northeast Georgia,01,30628.0,Colbert,ONIONS,Vegetables
832,173308,4448,U-104,Union Baptist Church,476937,,FP/OP/USDA,FOOD PANTRY-Agency,USDA,F-50-90446,1,0,0,5.04,28,MADISON,0.18,1/30/2024 11:46,2/22/2024 14:24,Price Code 1,CUSTOMER PICKUP,False,Food Bank of Northeast Georgia,01,30646.0,Hull,USDA FROZEN STRAWBERRY FRUIT CUPS,Fruits
799,175071,4761,C-149,Colbert Methodist Church,477701,,FP/GNAP/USDA,FOOD PANTRY-Agency,USDA,F-50-90454,4,0,0,0.0,124,MADISON,0.0,2/9/2024 9:56,2/9/2024 10:17,Price Code 1,CUSTOMER PICKUP,False,Food Bank of Northeast Georgia,01,30628.0,Colbert,USDA FROZEN STRAWBERRIES CCC,Fruits
915,179293,8970,T-122,Tabors Chapel CME Church,FAIMPORT481906,,DIRECT ASSISTANCE,DIRECT ASSISTANCE-Agency,BLUE RECEIPT-SHL,MCW-16-10001,6,0,0,0.0,6,MADISON,0.0,4/15/2024 0:00,4/15/2024 0:00,Price Code 1,CUSTOMER PICKUP,False,Food Bank of Northeast Georgia,01,30633.0,Danielsville,"MISC. FOOD BOX, SHL RETAIL PICKUP",Food Misc.
915,179995,8973,T-122,Tabors Chapel CME Church,FAIMPORT482604,,DIRECT ASSISTANCE,DIRECT ASSISTANCE-Agency,BLUE RECEIPT-SHL,MCC-16-10001,51,0,0,0.0,51,MADISON,0.0,4/29/2024 0:00,4/29/2024 0:00,Price Code 1,CUSTOMER PICKUP,False,Food Bank of Northeast Georgia,01,30633.0,Danielsville,"COOLER FOOD MISC., SHL RETAIL PICKUP",Food Misc.
799,173629,696,C-149,Colbert Methodist Church,477258,,FP/GNAP/USDA,FOOD PANTRY-Agency,LOCAL - LL,W-25-10000,29,0,0,2.61,29,MADISON,0.09,1/25/2024 9:56,1/25/2024 13:59,Price Code 1,CUSTOMER PICKUP,False,Sharing Floor Athens,01-SH,30628.0,Colbert,"ASSORTED SNACK ITEMS, LL",Food Misc.
549,178348,8854,R-120,Roger's Baptist Church,480964,,FP/OP/USDA,FOOD PANTRY-Agency,BLUE RECEIPT-SHL,N-03-11776,1,0,0,0.0,33,MADISON,0.0,4/16/2024 13:30,4/16/2024 14:00,Price Code 1,CUSTOMER PICKUP,False,Food Bank of Northeast Georgia,01,30530.0,Commerce,DR PEPPER STRAWBERRIES & CREAM,Beverages
410,178627,2414,C-110,Colbert First Baptist Church,481243,,FP/GNAP/USDA,FOOD PANTRY-Agency,USDA,N-50-10244,6,0,0,38.88,216,MADISON,0.18,4/12/2024 12:40,4/12/2024 11:19,Price Code 1,CUSTOMER PICKUP,False,Food Bank of Northeast Georgia,01,30628.0,Colbert,USDA CANNED BEEF CCC,Proteins
1010,182522,5388,F-143,Freedom C.H. Church,485125,,FP/USDA,FOOD PANTRY-Agency,BLUE RECEIPT-SHL,F-16-10001,299,0,0,53.82,299,MADISON,0.18,6/24/2024 9:30,6/24/2024 9:36,Price Code 1,CUSTOMER PICKUP,False,Sharing Floor Athens,01-SH,30662.0,Royston,"ASSORTED FROZEN FOODS, SHL",Food Misc.
915,173342,8912,T-122,Tabors Chapel CME Church,476971,,DIRECT ASSISTANCE,DIRECT ASSISTANCE-Agency,BLUE RECEIPT-SHL,N-03-11798,2,0,0,0.0,76,MADISON,0.0,1/24/2024 14:19,1/25/2024 9:10,Price Code 1,CUSTOMER PICKUP,False,Food Bank of Northeast Georgia,01,30633.0,Danielsville,MT DEW 12/1.25L,Beverages
799,181698,683,C-149,Colbert Methodist Church,484302,,FP/GNAP/USDA,FOOD PANTRY-Agency,BLUE RECEIPT-SHL,W-16-10001,173,0,0,31.14,173,MADISON,0.18,5/31/2024 9:56,5/31/2024 13:54,Price Code 1,CUSTOMER PICKUP,False,Sharing Floor Athens,01-SH,30628.0,Colbert,MISC. FOOD BOX SHL,Food Misc.
477,177335,6780,W-117,Waggoners Grove Baptist Church,479955,,FP/OP/GNAP/USDA,FOOD PANTRY-Agency,USDA,C-50-10024,2,0,0,8.6,86,MADISON,0.1,3/25/2024 10:00,3/25/2024 10:58,Price Code 1,CUSTOMER PICKUP,False,Food Bank of Northeast Georgia,01,30628.0,Colbert,USDA APPLES,Fruits
549,172672,8901,R-120,Roger's Baptist Church,476303,,FP/OP/USDA,FOOD PANTRY-Agency,BLUE RECEIPT-SHL,N-03-11792,2,0,0,0.0,40,MADISON,0.0,1/16/2024 13:30,1/16/2024 14:36,Price Code 1,CUSTOMER PICKUP,False,Food Bank of Northeast Georgia,01,30530.0,Commerce,PROPEL BLACK CHERRY ,Beverages
571,173347,8625,F-122,Freedom Church of God,476976,,FP/OP/USDA,FOOD PANTRY-Agency,BLUE RECEIPT-SHL,N-03-11261,3,0,0,0.0,99,MADISON,0.0,1/25/2024 11:00,2/2/2024 11:25,Price Code 1,CUSTOMER PICKUP,False,Food Bank of Northeast Georgia,01,30530.0,Commerce,STARRY ZERO SUGAR 24 X 20 FL OZ,Beverages
137,181179,5958,J-100,Jubilee Partners,483784,,FP/OP/GNAP,RESIDENTIAL-Agency,BLUE RECEIPT-SHL,C-16-10001,298,0,0,53.64,298,MADISON,0.18,5/22/2024 13:23,5/22/2024 8:53,Price Code 1,CUSTOMER PICKUP,False,Sharing Floor Athens,01-SH,30629.0,Comer,"COOLER FOOD, MISC. SHL",Food Misc.
371,178692,8970,E-111,Evangelical Methodist Church - Danielsville,FAIMPORT481307,,FOOD PANTRY,FOOD PANTRY-Agency,BLUE RECEIPT-SHL,MCW-16-10001,15,0,0,0.0,15,MADISON,0.0,3/28/2024 0:00,3/28/2024 0:00,Price Code 1,CUSTOMER PICKUP,False,Food Bank of Northeast Georgia,01,30633.0,Danielsville,"MISC. FOOD BOX, SHL RETAIL PICKUP",Food Misc.
836,180311,2202,G-122,Gordon's Chapel Methodist Church,482917,,FP/USDA,FOOD PANTRY-Agency,USDA,N-50-10240,4,0,0,15.84,88,MADISON,0.18,5/15/2024 14:15,5/15/2024 13:29,Price Code 1,CUSTOMER PICKUP,False,Food Bank of Northeast Georgia,01,30646.0,Hull,USDA SPAGHETTI,Grains
842,178660,875,C-153,Cedar Grove Baptist Church,481276,,FP/GNAP/USDA,FOOD PANTRY-Agency,BLUE RECEIPT-SHL,W-04-10000,44,0,0,0.0,44,MADISON,0.0,4/10/2024 8:30,4/10/2024 10:28,Price Code 1,CUSTOMER PICKUP,False,Sharing Floor Athens,01-SH,30629.0,Comer,"BREAD & BAKERY, ASSORTED SHL",Grains
799,176446,5407,C-149,Colbert Methodist Church,479070,,FP/GNAP/USDA,FOOD PANTRY-Agency,BLUE RECEIPT-SHL,F-15-10000,85,0,0,15.3,85,MADISON,0.18,2/29/2024 9:56,2/29/2024 13:59,Price Code 1,CUSTOMER PICKUP,False,Sharing Floor Athens,01-SH,30628.0,Colbert,"MEAT & SEAFOOD, FROZEN SHL",Proteins
477,172490,5772,W-117,Waggoners Grove Baptist Church,476121,,FP/OP/GNAP/USDA,FOOD PANTRY-Agency,LOCAL - LL,C-28-10000,71,0,0,2.13,71,MADISON,0.03,1/3/2024 14:38,1/3/2024 13:59,Price Code 1,CUSTOMER PICKUP,False,Sharing Floor Athens,01-SH,30628.0,Colbert,"PRODUCE, FRESH LL",Mixed Produce
799,175071,8915,C-149,Colbert Methodist Church,477701,,FP/GNAP/USDA,FOOD PANTRY-Agency,USDA,F-50-90474,3,0,0,21.6,120,MADISON,0.18,2/9/2024 9:56,2/9/2024 10:17,Price Code 1,CUSTOMER PICKUP,False,Food Bank of Northeast Georgia,01,30628.0,Colbert,USDA PACIFIC SALAD SHRIMP,Proteins
892,177974,842,L-114,Legacy Baptist Church,480593,,FP/USDA,FOOD PANTRY-Agency,USDA,N-50-10021,1,0,0,4.86,27,MADISON,0.18,4/3/2024 11:15,4/3/2024 11:32,Price Code 1,CUSTOMER PICKUP,False,Food Bank of Northeast Georgia,01,30646.0,Hull,USDA DICED TOMATOES NO SALT CCC,Vegetables
519,176074,5407,C-140,Colbert Living Waters Holiness Church,478701,,FP/OP/USDA,FOOD PANTRY-Agency,BLUE RECEIPT-SHL,F-15-10000,87,0,0,0.0,87,MADISON,0.0,2/23/2024 14:56,2/23/2024 8:40,Price Code 1,CUSTOMER PICKUP,False,Sharing Floor Athens,01-SH,30628.0,Colbert,"MEAT & SEAFOOD, FROZEN SHL",Proteins
915,179293,8975,T-122,Tabors Chapel CME Church,FAIMPORT481906,,DIRECT ASSISTANCE,DIRECT ASSISTANCE-Agency,BLUE RECEIPT-SHL,MCC-07-10001,4,0,0,0.0,4,MADISON,0.0,4/15/2024 0:00,4/15/2024 0:00,Price Code 1,CUSTOMER PICKUP,False,Food Bank of Northeast Georgia,01,30633.0,Danielsville,"DAIRY PRODUCTS, SHL RETAIL PICKUPS",Dairy
477,173805,4448,W-117,Waggoners Grove Baptist Church,477434,,FP/OP/GNAP/USDA,FOOD PANTRY-Agency,USDA,F-50-90446,3,0,0,0.0,84,MADISON,0.0,2/2/2024 11:00,2/2/2024 10:34,Price Code 1,CUSTOMER PICKUP,False,Food Bank of Northeast Georgia,01,30628.0,Colbert,USDA FROZEN STRAWBERRY FRUIT CUPS,Fruits
915,179791,8974,T-122,Tabors Chapel CME Church,FAIMPORT482404,,DIRECT ASSISTANCE,DIRECT ASSISTANCE-Agency,BLUE RECEIPT-SHL,MCW-04-10000,8,0,0,0.0,8,MADISON,0.0,4/25/2024 0:00,4/25/2024 0:00,Price Code 1,CUSTOMER PICKUP,False,Food Bank of Northeast Georgia,01,30633.0,Danielsville,"BREAD AND BAKERY, SHL RETAIL PICKUPS",Grains
799,172496,3139,C-149,Colbert Methodist Church,476127,,FP/GNAP/USDA,FOOD PANTRY-Agency,USDA,N-50-10290,1,0,0,4.5,25,MADISON,0.18,1/8/2024 9:56,1/8/2024 12:46,Price Code 1,CUSTOMER PICKUP,False,Food Bank of Northeast Georgia,01,30628.0,Colbert,USDA WHOLE ALMONDS DRY ROASTED,Proteins
915,179294,8974,T-122,Tabors Chapel CME Church,FAIMPORT481907,,DIRECT ASSISTANCE,DIRECT ASSISTANCE-Agency,BLUE RECEIPT-SHL,MCW-04-10000,5,0,0,0.0,5,MADISON,0.0,4/18/2024 0:00,4/18/2024 0:00,Price Code 1,CUSTOMER PICKUP,False,Food Bank of Northeast Georgia,01,30633.0,Danielsville,"BREAD AND BAKERY, SHL RETAIL PICKUPS",Grains
137,176739,683,J-100,Jubilee Partners,479362,,FP/OP/GNAP,RESIDENTIAL-Agency,BLUE RECEIPT-SHL,W-16-10001,109,0,0,19.62,109,MADISON,0.18,3/6/2024 13:23,3/6/2024 8:52,Price Code 1,CUSTOMER PICKUP,False,Sharing Floor Athens,01-SH,30629.0,Comer,MISC. FOOD BOX SHL,Food Misc.
1010,177399,8903,F-143,Freedom C.H. Church,480019,,FP/USDA,FOOD PANTRY-Agency,YELLOW RECEIPT - SHN,N-16-10181,6,0,0,5.4,30,MADISON,0.18,3/20/2024 15:56,3/20/2024 8:26,Price Code 1,CUSTOMER PICKUP,False,Food Bank of Northeast Georgia,01,30662.0,Royston,STOVE TOP STUFFING - TURKEY/CHICKEN/CORNBREAD,Prepared Meals
820,175420,5958,N-122,New Bethel CH Church,478049,,FP/GNAP/USDA,FOOD PANTRY-Agency,BLUE RECEIPT-SHL,C-16-10001,139,0,0,25.02,139,MADISON,0.18,2/9/2024 12:47,2/9/2024 14:16,Price Code 1,CUSTOMER PICKUP,False,Sharing Floor Athens,01-SH,30662.0,Royston,"COOLER FOOD, MISC. SHL",Food Misc.
477,172399,3943,W-117,Waggoners Grove Baptist Church,476030,,FP/OP/GNAP/USDA,FOOD PANTRY-Agency,USDA,N-50-10268,5,0,0,5.7,190,MADISON,0.03,1/5/2024 14:38,1/5/2024 8:20,Price Code 1,CUSTOMER PICKUP,False,Food Bank of Northeast Georgia,01,30628.0,Colbert,USDA APPLE JUICE,Beverages
571,178397,7083,F-122,Freedom Church of God,481013,,FP/OP/USDA,FOOD PANTRY-Agency,USDA,C-50-10029,4,0,0,8.64,48,MADISON,0.18,4/11/2024 14:21,4/11/2024 13:26,Price Code 1,CUSTOMER PICKUP,False,Food Bank of Northeast Georgia,01,30530.0,Commerce,"USDA MILD CHEDDAR CHEESE, BLOCK CCC",Dairy
898,177348,92,M-132,Meadow Baptist Church,479968,,FP/USDA,DIRECT ASSISTANCE-Agency,LOCAL - LL,W-01-10002,54,0,0,0.0,54,MADISON,0.0,3/15/2024 10:02,3/15/2024 8:43,Price Code 1,CUSTOMER PICKUP,False,Sharing Floor Athens,01-SH,30629.0,Comer,"ASSORTED NON-FOOD ITEMS, LL",Non-Food Misc.
981,172367,8588,D-111,Divine Healing Ministry of Recovery Inc.,475998,,ON PREMISES (OP),REHAB-Agency,LOCAL - LL,N-01-10051,3,0,0,17.28,96,MADISON,0.18,1/5/2024 14:49,1/5/2024 14:36,Price Code 1,CONTACT FOR DELIVERY,False,Food Bank of Northeast Georgia,01,30633.0,Commerce,NATURALLY MOISTURIZING HAND SANITIZER,Non-Food Misc.
371,181452,683,E-111,Evangelical Methodist Church - Danielsville,484056,,FOOD PANTRY,FOOD PANTRY-Agency,BLUE RECEIPT-SHL,W-16-10001,113,0,0,20.34,113,MADISON,0.18,5/28/2024 13:56,5/28/2024 11:32,Price Code 1,CUSTOMER PICKUP,False,Sharing Floor Athens,01-SH,30633.0,Danielsville,MISC. FOOD BOX SHL,Food Misc.
571,179300,8974,F-122,Freedom Church of God,FAIMPORT481913,,FP/OP/USDA,FOOD PANTRY-Agency,BLUE RECEIPT-SHL,MCW-04-10000,3,0,0,0.0,3,MADISON,0.0,4/5/2024 0:00,4/5/2024 0:00,Price Code 1,CUSTOMER PICKUP,False,Food Bank of Northeast Georgia,01,30530.0,Commerce,"BREAD AND BAKERY, SHL RETAIL PICKUPS",Grains
571,179275,9020,F-122,Freedom Church of God,481888,,FP/OP/USDA,FOOD PANTRY-Agency,BLUE RECEIPT-SHL,F-15-90560,5,0,0,16.2,90,MADISON,0.18,4/24/2024 14:21,4/24/2024 13:37,Price Code 1,CUSTOMER PICKUP,False,Food Bank of Northeast Georgia,01,30530.0,Commerce,APPLETON PORK SAUSAGE,Proteins
571,176364,1045,F-122,Freedom Church of God,478989,,FP/OP/USDA,FOOD PANTRY-Agency,BLUE RECEIPT-SHL,W-25-10009,20,0,0,3.6,20,MADISON,0.18,2/28/2024 14:21,2/28/2024 11:55,Price Code 1,CUSTOMER PICKUP,False,Sharing Floor Athens,01-SH,30530.0,Commerce,"ASSORTED SNACK ITEMS, SHL",Food Misc.
571,178863,8497,F-122,Freedom Church of God,481477,,FP/OP/USDA,FOOD PANTRY-Agency,USDA,C-50-10048,50,0,0,0.0,1600,MADISON,0.0,4/16/2024 12:00,4/17/2024 7:07,Price Code 1,TRUCK 1 MOBILE PANTRY,False,Food Bank of Northeast Georgia,01,30530.0,Commerce,USDA MANDARIN ORANGES,Fruits
820,175061,8914,N-122,New Bethel CH Church,477691,,FP/GNAP/USDA,FOOD PANTRY-Agency,USDA,N-50-10310,3,0,0,14.58,81,MADISON,0.18,2/9/2024 11:00,2/9/2024 13:49,Price Code 1,CUSTOMER PICKUP,False,Food Bank of Northeast Georgia,01,30662.0,Royston,USDA DICED POTATOES,Potatoes 
519,176942,5407,C-140,Colbert Living Waters Holiness Church,479564,,FP/OP/USDA,FOOD PANTRY-Agency,BLUE RECEIPT-SHL,F-15-10000,105,0,0,18.9,105,MADISON,0.18,3/8/2024 14:56,3/8/2024 10:49,Price Code 1,CUSTOMER PICKUP,False,Sharing Floor Athens,01-SH,30628.0,Colbert,"MEAT & SEAFOOD, FROZEN SHL",Proteins
898,180213,9049,M-132,Meadow Baptist Church,482819,,FP/USDA,DIRECT ASSISTANCE-Agency,BLUE RECEIPT-SHL,C-07-90665,1,0,0,4.68,36,MADISON,0.13,5/17/2024 8:00,5/17/2024 9:13,Price Code 1,CUSTOMER PICKUP,False,Food Bank of Northeast Georgia,01,30629.0,Comer,GREAT VALUE UNSALTED BUTTER,Dairy
836,180311,6780,G-122,Gordon's Chapel Methodist Church,482917,,FP/USDA,FOOD PANTRY-Agency,USDA,C-50-10024,4,0,0,17.2,172,MADISON,0.1,5/15/2024 14:15,5/15/2024 13:29,Price Code 1,CUSTOMER PICKUP,False,Food Bank of Northeast Georgia,01,30646.0,Hull,USDA APPLES,Fruits
371,178694,8973,E-111,Evangelical Methodist Church - Danielsville,FAIMPORT481309,,FOOD PANTRY,FOOD PANTRY-Agency,BLUE RECEIPT-SHL,MCC-16-10001,11,0,0,0.0,11,MADISON,0.0,4/5/2024 0:00,4/5/2024 0:00,Price Code 1,CUSTOMER PICKUP,False,Food Bank of Northeast Georgia,01,30633.0,Danielsville,"COOLER FOOD MISC., SHL RETAIL PICKUP",Food Misc.
799,175363,1045,C-149,Colbert Methodist Church,477992,,FP/GNAP/USDA,FOOD PANTRY-Agency,BLUE RECEIPT-SHL,W-25-10009,100,0,0,18.0,100,MADISON,0.18,2/8/2024 9:56,2/8/2024 13:48,Price Code 1,CUSTOMER PICKUP,False,Sharing Floor Athens,01-SH,30628.0,Colbert,"ASSORTED SNACK ITEMS, SHL",Food Misc.
410,178627,8903,C-110,Colbert First Baptist Church,481243,,FP/GNAP/USDA,FOOD PANTRY-Agency,YELLOW RECEIPT - SHN,N-16-10181,6,0,0,5.4,30,MADISON,0.18,4/12/2024 12:40,4/12/2024 11:19,Price Code 1,CUSTOMER PICKUP,False,Food Bank of Northeast Georgia,01,30628.0,Colbert,STOVE TOP STUFFING - TURKEY/CHICKEN/CORNBREAD,Prepared Meals
137,182585,5772,J-100,Jubilee Partners,485188,,FP/OP/GNAP,RESIDENTIAL-Agency,LOCAL - LL,C-28-10000,323,0,0,9.69,323,MADISON,0.03,6/26/2024 13:23,6/26/2024 8:42,Price Code 1,CUSTOMER PICKUP,False,Food Bank of Northeast Georgia,01,30629.0,Comer,"PRODUCE, FRESH LL",Mixed Produce
836,177995,800,G-122,Gordon's Chapel Methodist Church,480614,,FP/USDA,FOOD PANTRY-Agency,USDA,N-50-10065,6,0,0,29.16,162,MADISON,0.18,4/10/2024 14:20,4/10/2024 12:37,Price Code 1,CUSTOMER PICKUP,False,Food Bank of Northeast Georgia,01,30646.0,Hull,USDA APPLESAUCE,Fruits
137,182314,688,J-100,Jubilee Partners,484918,,FP/OP/GNAP,RESIDENTIAL-Agency,BLUE RECEIPT-SHL,W-01-10000,35,0,0,6.3,35,MADISON,0.18,6/18/2024 13:23,6/18/2024 9:51,Price Code 1,CUSTOMER PICKUP,False,Sharing Floor Athens,01-SH,30629.0,Comer,"ASSORTED NON-FOOD ITEMS, SHL",Non-Food Misc.
892,177974,84,L-114,Legacy Baptist Church,480593,,FP/USDA,FOOD PANTRY-Agency,USDA,N-50-10006,1,0,0,4.86,27,MADISON,0.18,4/3/2024 11:15,4/3/2024 11:32,Price Code 1,CUSTOMER PICKUP,False,Food Bank of Northeast Georgia,01,30646.0,Hull,USDA GREEN BEANS,Vegetables
1010,181352,5388,F-143,Freedom C.H. Church,483956,,FP/USDA,FOOD PANTRY-Agency,BLUE RECEIPT-SHL,F-16-10001,47,0,0,8.46,47,MADISON,0.18,5/24/2024 10:37,5/24/2024 10:41,Price Code 1,CUSTOMER PICKUP,False,Sharing Floor Athens,01-SH,30662.0,Royston,"ASSORTED FROZEN FOODS, SHL",Food Misc.
1010,179666,5772,F-143,Freedom C.H. Church,482279,,FP/USDA,FOOD PANTRY-Agency,LOCAL - LL,C-28-10000,119,0,0,3.57,119,MADISON,0.03,4/26/2024 10:15,4/26/2024 10:18,Price Code 1,CUSTOMER PICKUP,False,Sharing Floor Athens,01-SH,30662.0,Royston,"PRODUCE, FRESH LL",Mixed Produce
915,172392,8897,T-122,Tabors Chapel CME Church,476023,,DIRECT ASSISTANCE,DIRECT ASSISTANCE-Agency,BLUE RECEIPT-SHL,N-03-11788,2,0,0,0.0,66,MADISON,0.0,1/5/2024 14:19,1/5/2024 13:17,Price Code 1,CUSTOMER PICKUP,False,Food Bank of Northeast Georgia,01,30633.0,Danielsville,MT DEW FROST BITE,Beverages
915,181708,8986,T-122,Tabors Chapel CME Church,FAIMPORT484312,,DIRECT ASSISTANCE,DIRECT ASSISTANCE-Agency,BLUE RECEIPT-SHL,MCW-01-10001,5,0,0,0.0,5,MADISON,0.0,5/27/2024 0:00,5/27/2024 0:00,Price Code 1,CUSTOMER PICKUP,False,Food Bank of Northeast Georgia,01,30633.0,Danielsville,"NON-FOOD ITEMS, SHL RETAIL PICKUPS",Non-Food Misc.
571,179323,7167,F-122,Freedom Church of God,481936,,FP/OP/USDA,FOOD PANTRY-Agency,BLUE RECEIPT-SHL,N-03-11200,6,0,0,0.0,60,MADISON,0.0,4/30/2024 14:21,5/1/2024 13:44,Price Code 1,CUSTOMER PICKUP,False,Food Bank of Northeast Georgia,01,30530.0,Commerce,DR PEPPER ZERO SUGAR,Beverages
799,175073,1047,C-149,Colbert Methodist Church,477703,,FP/GNAP/USDA,FOOD PANTRY-Agency,USDA,N-50-10041,2,0,0,17.64,98,MADISON,0.18,2/14/2024 9:56,2/14/2024 10:50,Price Code 1,CUSTOMER PICKUP,False,Food Bank of Northeast Georgia,01,30628.0,Colbert,USDA RICE,Grains
549,178348,8963,R-120,Roger's Baptist Church,480964,,FP/OP/USDA,FOOD PANTRY-Agency,YELLOW RECEIPT - SHN,N-25-11960,6,0,0,11.88,66,MADISON,0.18,4/16/2024 13:30,4/16/2024 14:00,Price Code 1,CUSTOMER PICKUP,False,Food Bank of Northeast Georgia,01,30530.0,Commerce,"TAPIOCA PUDDING, BEST CHOICE",Food Misc.
477,175371,3943,W-117,Waggoners Grove Baptist Church,478000,,FP/OP/GNAP/USDA,FOOD PANTRY-Agency,USDA,N-50-10268,2,0,0,2.28,76,MADISON,0.03,2/16/2024 14:38,2/16/2024 7:56,Price Code 1,CUSTOMER PICKUP,False,Food Bank of Northeast Georgia,01,30628.0,Colbert,USDA APPLE JUICE,Beverages
477,177253,5772,W-117,Waggoners Grove Baptist Church,479873,,FP/OP/GNAP/USDA,FOOD PANTRY-Agency,LOCAL - LL,C-28-10000,28,0,0,0.84,28,MADISON,0.03,3/13/2024 14:38,3/13/2024 13:59,Price Code 1,CUSTOMER PICKUP,False,Sharing Floor Athens,01-SH,30628.0,Colbert,"PRODUCE, FRESH LL",Mixed Produce
981,180606,875,D-111,Divine Healing Ministry of Recovery Inc.,483212,,ON PREMISES (OP),REHAB-Agency,BLUE RECEIPT-SHL,W-04-10000,60,0,0,0.0,60,MADISON,0.0,5/10/2024 11:19,5/10/2024 11:22,Price Code 1,CONTACT FOR DELIVERY,False,Sharing Floor Athens,01-SH,30633.0,Commerce,"BREAD & BAKERY, ASSORTED SHL",Grains
571,173617,92,F-122,Freedom Church of God,477246,,FP/OP/USDA,FOOD PANTRY-Agency,LOCAL - LL,W-01-10002,40,0,0,0.0,40,MADISON,0.0,1/25/2024 14:21,1/25/2024 11:53,Price Code 1,CUSTOMER PICKUP,False,Sharing Floor Athens,01-SH,30530.0,Commerce,"ASSORTED NON-FOOD ITEMS, LL",Non-Food Misc.
799,181693,9051,C-149,Colbert Methodist Church,484297,,FP/GNAP/USDA,FOOD PANTRY-Agency,GNAP,N-40-10282,5,0,0,0.0,80,MADISON,0.0,6/6/2024 11:30,6/6/2024 11:41,Price Code 1,CUSTOMER PICKUP,False,Food Bank of Northeast Georgia,01,30628.0,Colbert,GNAP WHITE GRITS,Grains
729,173147,2573,C-164,Colbert Methodist Church INTHEMIDDLEMEALS,476777,,FP/GNAP/USDA,AT-RISK YOUTH-Agency,GNAP,N-40-10204,4,0,0,7.6,76,MADISON,0.1,1/23/2024 8:14,1/23/2024 10:06,Price Code 1,CUSTOMER PICKUP,False,Food Bank of Northeast Georgia,01,30628.0,Colbert,GNAP CHICKEN & RICE SOUP,Prepared Meals
836,176972,8627,G-122,Gordon's Chapel Methodist Church,479594,,FP/USDA,FOOD PANTRY-Agency,USDA,N-50-10300,8,0,0,20.16,112,MADISON,0.18,3/13/2024 14:20,3/13/2024 12:48,Price Code 1,CUSTOMER PICKUP,False,Food Bank of Northeast Georgia,01,30646.0,Hull,USDA CANNED COLLARD GREENS CCC,Vegetables
477,175993,8600,W-117,Waggoners Grove Baptist Church,478621,,FP/OP/GNAP/USDA,FOOD PANTRY-Agency,BLUE RECEIPT-SHL,N-03-11249,10,0,0,0.0,300,MADISON,0.0,3/4/2024 10:00,3/4/2024 10:14,Price Code 1,CUSTOMER PICKUP,False,Food Bank of Northeast Georgia,01,30628.0,Colbert,DIET PEPSI,Beverages
519,175030,5407,C-140,Colbert Living Waters Holiness Church,477660,,FP/OP/USDA,FOOD PANTRY-Agency,BLUE RECEIPT-SHL,F-15-10000,256,0,0,46.08,256,MADISON,0.18,2/2/2024 14:56,2/2/2024 10:46,Price Code 1,CUSTOMER PICKUP,False,Sharing Floor Athens,01-SH,30628.0,Colbert,"MEAT & SEAFOOD, FROZEN SHL",Proteins
571,180375,4411,F-122,Freedom Church of God,482981,,FP/OP/USDA,FOOD PANTRY-Agency,USDA,F-50-90465,5,0,0,18.9,105,MADISON,0.18,5/10/2024 10:33,5/10/2024 11:21,Price Code 1,CUSTOMER PICKUP,False,Food Bank of Northeast Georgia,01,30530.0,Commerce,USDA WILD CAUGHT GULF SHRIMP,Proteins
799,175070,2573,C-149,Colbert Methodist Church,477700,,FP/GNAP/USDA,FOOD PANTRY-Agency,GNAP,N-40-10204,3,0,0,5.7,57,MADISON,0.1,2/7/2024 9:56,2/7/2024 11:19,Price Code 1,CUSTOMER PICKUP,False,Food Bank of Northeast Georgia,01,30628.0,Colbert,GNAP CHICKEN & RICE SOUP,Prepared Meals
1010,182522,5407,F-143,Freedom C.H. Church,485125,,FP/USDA,FOOD PANTRY-Agency,BLUE RECEIPT-SHL,F-15-10000,49,0,0,8.82,49,MADISON,0.18,6/24/2024 9:30,6/24/2024 9:36,Price Code 1,CUSTOMER PICKUP,False,Sharing Floor Athens,01-SH,30662.0,Royston,"MEAT & SEAFOOD, FROZEN SHL",Proteins
915,179294,8975,T-122,Tabors Chapel CME Church,FAIMPORT481907,,DIRECT ASSISTANCE,DIRECT ASSISTANCE-Agency,BLUE RECEIPT-SHL,MCC-07-10001,7,0,0,0.0,7,MADISON,0.0,4/18/2024 0:00,4/18/2024 0:00,Price Code 1,CUSTOMER PICKUP,False,Food Bank of Northeast Georgia,01,30633.0,Danielsville,"DAIRY PRODUCTS, SHL RETAIL PICKUPS",Dairy
548,179057,1521,M-124,Moons Grove Baptist Church,481671,,FP/OP/USDA,FOOD PANTRY-Agency,USDA,N-50-10104,3,0,0,0.0,75,MADISON,0.0,4/19/2024 7:40,4/19/2024 10:26,Price Code 1,CUSTOMER PICKUP,False,Food Bank of Northeast Georgia,01,30628.0,Colbert,USDA LENTIL BEANS,Proteins
898,180213,9025,M-132,Meadow Baptist Church,482819,,FP/USDA,DIRECT ASSISTANCE-Agency,YELLOW RECEIPT - SHN,N-11-11072,4,0,0,6.48,36,MADISON,0.18,5/17/2024 8:00,5/17/2024 9:13,Price Code 1,CUSTOMER PICKUP,False,Food Bank of Northeast Georgia,01,30629.0,Comer,MRS BUTTERSWORTHS SMORES PANCAKE KIT,Food Misc.
836,177995,4761,G-122,Gordon's Chapel Methodist Church,480614,,FP/USDA,FOOD PANTRY-Agency,USDA,F-50-90454,2,0,0,0.0,62,MADISON,0.0,4/10/2024 14:20,4/10/2024 12:37,Price Code 1,CUSTOMER PICKUP,False,Food Bank of Northeast Georgia,01,30646.0,Hull,USDA FROZEN STRAWBERRIES CCC,Fruits
898,177348,50,M-132,Meadow Baptist Church,479968,,FP/USDA,DIRECT ASSISTANCE-Agency,LOCAL - LL,W-16-10002,281,0,0,50.58,281,MADISON,0.18,3/15/2024 10:02,3/15/2024 8:43,Price Code 1,CUSTOMER PICKUP,False,Sharing Floor Athens,01-SH,30629.0,Comer,MISC. FOOD BOX LL,Food Misc.
842,178660,1045,C-153,Cedar Grove Baptist Church,481276,,FP/GNAP/USDA,FOOD PANTRY-Agency,BLUE RECEIPT-SHL,W-25-10009,20,0,0,3.6,20,MADISON,0.18,4/10/2024 8:30,4/10/2024 10:28,Price Code 1,CUSTOMER PICKUP,False,Sharing Floor Athens,01-SH,30629.0,Comer,"ASSORTED SNACK ITEMS, SHL",Food Misc.
548,173318,8914,M-124,Moons Grove Baptist Church,476947,,FP/OP/USDA,FOOD PANTRY-Agency,USDA,N-50-10310,3,0,0,14.58,81,MADISON,0.18,1/23/2024 7:40,2/20/2024 13:37,Price Code 1,CUSTOMER PICKUP,False,Food Bank of Northeast Georgia,01,30628.0,Colbert,USDA DICED POTATOES,Potatoes 
137,172454,50,J-100,Jubilee Partners,476085,,FP/OP/GNAP,RESIDENTIAL-Agency,LOCAL - LL,W-16-10002,92,0,0,16.56,92,MADISON,0.18,1/3/2024 13:23,1/3/2024 8:44,Price Code 1,CUSTOMER PICKUP,False,Sharing Floor Athens,01-SH,30629.0,Comer,MISC. FOOD BOX LL,Food Misc.
571,179300,8975,F-122,Freedom Church of God,FAIMPORT481913,,FP/OP/USDA,FOOD PANTRY-Agency,BLUE RECEIPT-SHL,MCC-07-10001,8,0,0,0.0,8,MADISON,0.0,4/5/2024 0:00,4/5/2024 0:00,Price Code 1,CUSTOMER PICKUP,False,Food Bank of Northeast Georgia,01,30530.0,Commerce,"DAIRY PRODUCTS, SHL RETAIL PICKUPS",Dairy
477,178633,6780,W-117,Waggoners Grove Baptist Church,481249,,FP/OP/GNAP/USDA,FOOD PANTRY-Agency,USDA,C-50-10024,2,0,0,8.6,86,MADISON,0.1,4/29/2024 19:00,4/29/2024 12:02,Price Code 1,CUSTOMER PICKUP,False,Food Bank of Northeast Georgia,01,30628.0,Colbert,USDA APPLES,Fruits
820,175061,3943,N-122,New Bethel CH Church,477691,,FP/GNAP/USDA,FOOD PANTRY-Agency,USDA,N-50-10268,2,0,0,2.28,76,MADISON,0.03,2/9/2024 11:00,2/9/2024 13:49,Price Code 1,CUSTOMER PICKUP,False,Food Bank of Northeast Georgia,01,30662.0,Royston,USDA APPLE JUICE,Beverages
892,181125,84,L-114,Legacy Baptist Church,483730,,FP/USDA,FOOD PANTRY-Agency,USDA,N-50-10006,1,0,0,4.86,27,MADISON,0.18,5/24/2024 14:00,5/24/2024 14:13,Price Code 1,CUSTOMER PICKUP,False,Food Bank of Northeast Georgia,01,30646.0,Hull,USDA GREEN BEANS,Vegetables
519,182529,696,C-140,Colbert Living Waters Holiness Church,485132,,FP/OP/USDA,FOOD PANTRY-Agency,LOCAL - LL,W-25-10000,100,0,0,18.0,100,MADISON,0.18,6/24/2024 14:56,6/24/2024 11:47,Price Code 1,CUSTOMER PICKUP,False,Sharing Floor Athens,01-SH,30628.0,Colbert,"ASSORTED SNACK ITEMS, LL",Food Misc.
571,178397,1481,F-122,Freedom Church of God,481013,,FP/OP/USDA,FOOD PANTRY-Agency,USDA,N-50-10105,2,0,0,6.12,34,MADISON,0.18,4/11/2024 14:21,4/11/2024 13:26,Price Code 1,CUSTOMER PICKUP,False,Food Bank of Northeast Georgia,01,30530.0,Commerce,USDA DRIED CHERRIES CCC,Fruits
842,178373,7083,C-153,Cedar Grove Baptist Church,480989,,FP/GNAP/USDA,FOOD PANTRY-Agency,USDA,C-50-10029,2,0,0,4.32,24,MADISON,0.18,4/10/2024 10:00,4/10/2024 11:05,Price Code 1,CUSTOMER PICKUP,False,Food Bank of Northeast Georgia,01,30629.0,Comer,"USDA MILD CHEDDAR CHEESE, BLOCK CCC",Dairy
371,175382,8873,E-111,Evangelical Methodist Church - Danielsville,478011,,FOOD PANTRY,FOOD PANTRY-Agency,YELLOW RECEIPT - SHN,F-10-10001,20,0,0,1.8,60,MADISON,0.03,2/13/2024 13:56,2/13/2024 11:58,Price Code 1,CUSTOMER PICKUP,False,Food Bank of Northeast Georgia,01,30633.0,Danielsville,OUTSHINE STRAWBERRY BANANA SMOOTHIE CUBES,Beverages
915,181708,8974,T-122,Tabors Chapel CME Church,FAIMPORT484312,,DIRECT ASSISTANCE,DIRECT ASSISTANCE-Agency,BLUE RECEIPT-SHL,MCW-04-10000,27,0,0,0.0,27,MADISON,0.0,5/27/2024 0:00,5/27/2024 0:00,Price Code 1,CUSTOMER PICKUP,False,Food Bank of Northeast Georgia,01,30633.0,Danielsville,"BREAD AND BAKERY, SHL RETAIL PICKUPS",Grains
371,181136,696,E-111,Evangelical Methodist Church - Danielsville,483741,,FOOD PANTRY,FOOD PANTRY-Agency,LOCAL - LL,W-25-10000,8,0,0,1.44,8,MADISON,0.18,5/21/2024 11:00,5/21/2024 11:28,Price Code 1,CUSTOMER PICKUP,False,Sharing Floor Athens,01-SH,30633.0,Danielsville,"ASSORTED SNACK ITEMS, LL",Food Misc.
571,175985,8587,F-122,Freedom Church of God,478613,,FP/OP/USDA,FOOD PANTRY-Agency,BLUE RECEIPT-SHL,N-03-10269,12,0,0,0.0,336,MADISON,0.0,2/26/2024 14:21,2/26/2024 9:08,Price Code 1,CUSTOMER PICKUP,False,Food Bank of Northeast Georgia,01,30530.0,Commerce,PEPSI ZERO SUGAR,Beverages
729,181733,9055,C-164,Colbert Methodist Church INTHEMIDDLEMEALS,484337,,FP/GNAP/USDA,AT-RISK YOUTH-Agency,GNAP,N-40-10285,2,0,0,0.0,44,MADISON,0.0,6/7/2024 14:00,6/7/2024 13:53,Price Code 1,CUSTOMER PICKUP,False,Food Bank of Northeast Georgia,01,30628.0,Colbert,GNAP MIXED FRUIT CUPS,Fruits
981,176018,5958,D-111,Divine Healing Ministry of Recovery Inc.,478646,,ON PREMISES (OP),REHAB-Agency,BLUE RECEIPT-SHL,C-16-10001,42,0,0,7.56,42,MADISON,0.18,2/22/2024 11:28,2/22/2024 11:31,Price Code 1,CONTACT FOR DELIVERY,False,Sharing Floor Athens,01-SH,30633.0,Commerce,"COOLER FOOD, MISC. SHL",Food Misc.
549,178348,84,R-120,Roger's Baptist Church,480964,,FP/OP/USDA,FOOD PANTRY-Agency,USDA,N-50-10006,6,0,0,29.16,162,MADISON,0.18,4/16/2024 13:30,4/16/2024 14:00,Price Code 1,CUSTOMER PICKUP,False,Food Bank of Northeast Georgia,01,30530.0,Commerce,USDA GREEN BEANS,Vegetables
549,172672,8720,R-120,Roger's Baptist Church,476303,,FP/OP/USDA,FOOD PANTRY-Agency,USDA,N-50-10305,10,0,0,25.2,140,MADISON,0.18,1/16/2024 13:30,1/16/2024 14:36,Price Code 1,CUSTOMER PICKUP,False,Food Bank of Northeast Georgia,01,30530.0,Commerce,USDA MIXED VegetablesCCC,Vegetables
519,175404,683,C-140,Colbert Living Waters Holiness Church,478033,,FP/OP/USDA,FOOD PANTRY-Agency,BLUE RECEIPT-SHL,W-16-10001,86,0,0,15.48,86,MADISON,0.18,2/9/2024 14:56,2/9/2024 10:30,Price Code 1,CUSTOMER PICKUP,False,Sharing Floor Athens,01-SH,30628.0,Colbert,MISC. FOOD BOX SHL,Food Misc.
799,181691,8854,C-149,Colbert Methodist Church,484295,,FP/GNAP/USDA,FOOD PANTRY-Agency,BLUE RECEIPT-SHL,N-03-11776,3,0,0,0.0,99,MADISON,0.0,6/6/2024 14:40,6/6/2024 13:10,Price Code 1,CUSTOMER PICKUP,False,Food Bank of Northeast Georgia,01,30628.0,Colbert,DR PEPPER STRAWBERRIES & CREAM,Beverages
915,172392,8846,T-122,Tabors Chapel CME Church,476023,,DIRECT ASSISTANCE,DIRECT ASSISTANCE-Agency,BLUE RECEIPT-SHL,N-03-11774,2,0,0,0.0,46,MADISON,0.0,1/5/2024 14:19,1/5/2024 13:17,Price Code 1,CUSTOMER PICKUP,False,Food Bank of Northeast Georgia,01,30633.0,Danielsville,PURE LEAF UNSWEETENED TEA,Beverages
915,182644,8975,T-122,Tabors Chapel CME Church,FAIMPORT485247,,DIRECT ASSISTANCE,DIRECT ASSISTANCE-Agency,BLUE RECEIPT-SHL,MCC-07-10001,5,0,0,0.0,5,MADISON,0.0,6/27/2024 0:00,6/27/2024 0:00,Price Code 1,CUSTOMER PICKUP,False,Food Bank of Northeast Georgia,01,30633.0,Danielsville,"DAIRY PRODUCTS, SHL RETAIL PICKUPS",Dairy
799,181693,84,C-149,Colbert Methodist Church,484297,,FP/GNAP/USDA,FOOD PANTRY-Agency,USDA,N-50-10006,2,0,0,9.72,54,MADISON,0.18,6/6/2024 11:30,6/6/2024 11:41,Price Code 1,CUSTOMER PICKUP,False,Food Bank of Northeast Georgia,01,30628.0,Colbert,USDA GREEN BEANS,Vegetables
820,181681,690,N-122,New Bethel CH Church,484285,,FP/GNAP/USDA,FOOD PANTRY-Agency,BLUE RECEIPT-SHL,W-03-10013,54,0,0,0.0,54,MADISON,0.0,5/31/2024 12:47,5/31/2024 10:29,Price Code 1,CUSTOMER PICKUP,False,Sharing Floor Athens,01-SH,30662.0,Royston,"ASSORTED BEVERAGES, SHL",Beverages
690,177380,50,H-156,Huff Grove Baptist Church,480000,,FOOD PANTRY,FOOD PANTRY-Agency,LOCAL - LL,W-16-10002,4,0,0,0.72,4,MADISON,0.18,3/15/2024 12:04,3/15/2024 14:10,Price Code 1,CUSTOMER PICKUP,False,Sharing Floor Athens,01-SH,30656.0,Nicholson,MISC. FOOD BOX LL,Food Misc.
137,182314,690,J-100,Jubilee Partners,484918,,FP/OP/GNAP,RESIDENTIAL-Agency,BLUE RECEIPT-SHL,W-03-10013,157,0,0,0.0,157,MADISON,0.0,6/18/2024 13:23,6/18/2024 9:51,Price Code 1,CUSTOMER PICKUP,False,Sharing Floor Athens,01-SH,30629.0,Comer,"ASSORTED BEVERAGES, SHL",Beverages
477,180901,9063,W-117,Waggoners Grove Baptist Church,483507,,FP/OP/GNAP/USDA,FOOD PANTRY-Agency,LOCAL - LL,N-25-11976,13,0,0,32.76,182,MADISON,0.18,6/3/2024 10:00,6/3/2024 11:49,Price Code 1,CUSTOMER PICKUP,False,Food Bank of Northeast Georgia,01,30628.0,Colbert,MINI SOFT BAKED COOKIES LUCKY CHARMS,Food Misc.
519,181429,683,C-140,Colbert Living Waters Holiness Church,484033,,FP/OP/USDA,FOOD PANTRY-Agency,BLUE RECEIPT-SHL,W-16-10001,206,0,0,37.08,206,MADISON,0.18,5/28/2024 14:56,5/28/2024 9:37,Price Code 1,CUSTOMER PICKUP,False,Sharing Floor Athens,01-SH,30628.0,Colbert,MISC. FOOD BOX SHL,Food Misc.
477,176370,683,W-117,Waggoners Grove Baptist Church,478995,,FP/OP/GNAP/USDA,FOOD PANTRY-Agency,BLUE RECEIPT-SHL,W-16-10001,24,0,0,4.32,24,MADISON,0.18,2/28/2024 14:38,2/28/2024 13:55,Price Code 1,CUSTOMER PICKUP,False,Sharing Floor Athens,01-SH,30628.0,Colbert,MISC. FOOD BOX SHL,Food Misc.
777,173012,8783,TH-130,Moons Grove Baptist Church (There's Hope For the Hungry),476642,,FP/USDA,MOBILE PANTRY-Agency,USDA,N-50-10308,160,0,0,662.4,3680,MADISON,0.18,1/18/2024 8:29,1/30/2024 8:15,Price Code 1,TRACTOR TRAILER 1,False,Food Bank of Northeast Georgia,01,30628.0,Colbert,USDA RAISINS,Fruits
1010,178860,5388,F-143,Freedom C.H. Church,481474,,FP/USDA,FOOD PANTRY-Agency,BLUE RECEIPT-SHL,F-16-10001,148,0,0,0.0,148,MADISON,0.0,4/12/2024 10:31,4/12/2024 10:40,Price Code 1,CUSTOMER PICKUP,False,Sharing Floor Athens,01-SH,30662.0,Royston,"ASSORTED FROZEN FOODS, SHL",Food Misc.
915,173285,8919,T-122,Tabors Chapel CME Church,476914,,DIRECT ASSISTANCE,DIRECT ASSISTANCE-Agency,LOCAL - LL,N-25-11951,10,0,0,3.6,20,MADISON,0.18,1/23/2024 14:19,1/25/2024 9:06,Price Code 1,CUSTOMER PICKUP,False,Food Bank of Northeast Georgia,01,30633.0,Danielsville,GHIRARDELLI MILK CHOC CARAMEL,Food Misc.
548,173318,842,M-124,Moons Grove Baptist Church,476947,,FP/OP/USDA,FOOD PANTRY-Agency,USDA,N-50-10021,3,0,0,14.58,81,MADISON,0.18,1/23/2024 7:40,2/20/2024 13:37,Price Code 1,CUSTOMER PICKUP,False,Food Bank of Northeast Georgia,01,30628.0,Colbert,USDA DICED TOMATOES NO SALT CCC,Vegetables
137,175262,875,J-100,Jubilee Partners,477891,,FP/OP/GNAP,RESIDENTIAL-Agency,BLUE RECEIPT-SHL,W-04-10000,8,0,0,0.0,8,MADISON,0.0,2/7/2024 13:23,2/7/2024 8:36,Price Code 1,CUSTOMER PICKUP,False,Sharing Floor Athens,01-SH,30629.0,Comer,"BREAD & BAKERY, ASSORTED SHL",Grains
799,181693,9085,C-149,Colbert Methodist Church,484297,,FP/GNAP/USDA,FOOD PANTRY-Agency,USDA,F-50-90476,3,0,0,21.6,120,MADISON,0.18,6/6/2024 11:30,6/6/2024 11:41,Price Code 1,CUSTOMER PICKUP,False,Food Bank of Northeast Georgia,01,30628.0,Colbert,USDA PORK LOIN BONELESS CHOPS CCC,Proteins
410,173554,2098,C-110,Colbert First Baptist Church,477183,,FP/GNAP/USDA,FOOD PANTRY-Agency,BLUE RECEIPT-SHL,N-03-10677,5,0,0,0.0,110,MADISON,0.0,1/29/2024 12:40,1/29/2024 14:13,Price Code 1,CUSTOMER PICKUP,False,Food Bank of Northeast Georgia,01,30628.0,Colbert,GATORADE ORANGE,Beverages
137,173891,696,J-100,Jubilee Partners,477520,,FP/OP/GNAP,RESIDENTIAL-Agency,LOCAL - LL,W-25-10000,11,0,0,1.98,11,MADISON,0.18,1/31/2024 13:23,1/31/2024 8:48,Price Code 1,CUSTOMER PICKUP,False,Sharing Floor Athens,01-SH,30629.0,Comer,"ASSORTED SNACK ITEMS, LL",Food Misc.
548,180773,3203,M-124,Moons Grove Baptist Church,483379,,FP/OP/USDA,FOOD PANTRY-Agency,USDA,N-50-10289,3,0,0,13.5,75,MADISON,0.18,5/17/2024 11:45,5/17/2024 12:02,Price Code 1,CUSTOMER PICKUP,False,Food Bank of Northeast Georgia,01,30628.0,Colbert,USDA PECAN PIECES,Proteins
898,178637,8995,M-132,Meadow Baptist Church,481253,,FP/USDA,DIRECT ASSISTANCE-Agency,BLUE RECEIPT-SHL,N-21-10067,7,0,0,6.3,35,MADISON,0.18,4/19/2024 8:02,5/8/2024 7:49,Price Code 1,CUSTOMER PICKUP,False,Food Bank of Northeast Georgia,01,30629.0,Comer,"RAMEN, MARUCHAN SHRIMP",Prepared Meals
477,175292,5407,W-117,Waggoners Grove Baptist Church,477921,,FP/OP/GNAP/USDA,FOOD PANTRY-Agency,BLUE RECEIPT-SHL,F-15-10000,50,0,0,9.0,50,MADISON,0.18,2/7/2024 14:38,2/7/2024 13:53,Price Code 1,CUSTOMER PICKUP,False,Sharing Floor Athens,01-SH,30628.0,Colbert,"MEAT & SEAFOOD, FROZEN SHL",Proteins
137,175608,5938,J-100,Jubilee Partners,478236,,FP/OP/GNAP,RESIDENTIAL-Agency,BLUE RECEIPT-SHL,C-28-10001,86,0,0,2.58,86,MADISON,0.03,2/14/2024 13:23,2/14/2024 8:59,Price Code 1,CUSTOMER PICKUP,False,Sharing Floor Athens,01-SH,30629.0,Comer,"PRODUCE, FRESH SHL",Mixed Produce
410,177602,800,C-110,Colbert First Baptist Church,480222,,FP/GNAP/USDA,FOOD PANTRY-Agency,USDA,N-50-10065,6,0,0,29.16,162,MADISON,0.18,3/22/2024 12:40,3/22/2024 10:49,Price Code 1,CUSTOMER PICKUP,False,Food Bank of Northeast Georgia,01,30628.0,Colbert,USDA APPLESAUCE,Fruits
477,172471,1199,W-117,Waggoners Grove Baptist Church,476102,,FP/OP/GNAP/USDA,FOOD PANTRY-Agency,BLUE RECEIPT-SHL,N-03-10612,11,0,0,0.0,385,MADISON,0.0,1/11/2024 10:00,1/11/2024 12:16,Price Code 1,CUSTOMER PICKUP,False,Food Bank of Northeast Georgia,01,30628.0,Colbert,GATORADE G2 FRUIT PUNCH,Beverages
892,181125,1047,L-114,Legacy Baptist Church,483730,,FP/USDA,FOOD PANTRY-Agency,USDA,N-50-10041,1,0,0,8.82,49,MADISON,0.18,5/24/2024 14:00,5/24/2024 14:13,Price Code 1,CUSTOMER PICKUP,False,Food Bank of Northeast Georgia,01,30646.0,Hull,USDA RICE,Grains
981,179612,683,D-111,Divine Healing Ministry of Recovery Inc.,482225,,ON PREMISES (OP),REHAB-Agency,BLUE RECEIPT-SHL,W-16-10001,187,0,0,33.66,187,MADISON,0.18,4/25/2024 11:21,4/25/2024 11:32,Price Code 1,CONTACT FOR DELIVERY,False,Sharing Floor Athens,01-SH,30633.0,Commerce,MISC. FOOD BOX SHL,Food Misc.
571,173617,683,F-122,Freedom Church of God,477246,,FP/OP/USDA,FOOD PANTRY-Agency,BLUE RECEIPT-SHL,W-16-10001,75,0,0,13.5,75,MADISON,0.18,1/25/2024 14:21,1/25/2024 11:53,Price Code 1,CUSTOMER PICKUP,False,Sharing Floor Athens,01-SH,30530.0,Commerce,MISC. FOOD BOX SHL,Food Misc.
915,180466,8972,T-122,Tabors Chapel CME Church,FAIMPORT483072,,DIRECT ASSISTANCE,DIRECT ASSISTANCE-Agency,BLUE RECEIPT-SHL,MCF-15-10000,25,0,0,0.0,25,MADISON,0.0,5/6/2024 0:00,5/6/2024 0:00,Price Code 1,CUSTOMER PICKUP,False,Food Bank of Northeast Georgia,01,30633.0,Danielsville,"FROZEN MEAT & SEAFOOD, SHL RETAIL PICKUP",Proteins
799,180305,7169,C-149,Colbert Methodist Church,482911,,FP/GNAP/USDA,FOOD PANTRY-Agency,GNAP,N-40-10236,4,0,0,0.0,56,MADISON,0.0,5/10/2024 9:15,5/10/2024 12:18,Price Code 1,CUSTOMER PICKUP,False,Food Bank of Northeast Georgia,01,30628.0,Colbert,GNAP BEEF LASAGNA,Prepared Meals
1010,177213,235,F-143,Freedom C.H. Church,479833,,FP/USDA,FOOD PANTRY-Agency,LOCAL - LL,W-03-10012,146,0,0,0.0,146,MADISON,0.0,3/13/2024 9:19,3/13/2024 9:23,Price Code 1,CUSTOMER PICKUP,False,Sharing Floor Athens,01-SH,30662.0,Royston,"ASSORTED BEVERAGES, LL",Beverages
915,180210,9049,T-122,Tabors Chapel CME Church,482816,,DIRECT ASSISTANCE,DIRECT ASSISTANCE-Agency,BLUE RECEIPT-SHL,C-07-90665,1,0,0,4.68,36,MADISON,0.13,5/8/2024 13:30,5/8/2024 13:45,Price Code 1,CUSTOMER PICKUP,False,Food Bank of Northeast Georgia,01,30633.0,Danielsville,GREAT VALUE UNSALTED BUTTER,Dairy
549,172672,170,R-120,Roger's Baptist Church,476303,,FP/OP/USDA,FOOD PANTRY-Agency,USDA,N-50-10007,6,0,0,30.24,168,MADISON,0.18,1/16/2024 13:30,1/16/2024 14:36,Price Code 1,CUSTOMER PICKUP,False,Food Bank of Northeast Georgia,01,30530.0,Commerce,"USDA CORN, WHOLE KERNEL NO SALT",Vegetables
1010,181682,690,F-143,Freedom C.H. Church,484286,,FP/USDA,FOOD PANTRY-Agency,BLUE RECEIPT-SHL,W-03-10013,100,0,0,0.0,100,MADISON,0.0,5/31/2024 10:31,5/31/2024 10:37,Price Code 1,CUSTOMER PICKUP,False,Sharing Floor Athens,01-SH,30662.0,Royston,"ASSORTED BEVERAGES, SHL",Beverages
549,175587,7284,R-120,Roger's Baptist Church,478215,,FP/OP/USDA,FOOD PANTRY-Agency,USDA,C-50-10043,5,0,0,13.0,130,MADISON,0.1,2/20/2024 13:30,2/20/2024 13:52,Price Code 1,CUSTOMER PICKUP,False,Food Bank of Northeast Georgia,01,30530.0,Commerce,USDA RED FAT AMERICAN CHEESE CCC,Dairy
915,175928,8957,T-122,Tabors Chapel CME Church,478556,,DIRECT ASSISTANCE,DIRECT ASSISTANCE-Agency,YELLOW RECEIPT - SHN,N-25-11956,5,0,0,3.6,20,MADISON,0.18,2/26/2024 14:19,2/26/2024 12:55,Price Code 1,CUSTOMER PICKUP,False,Food Bank of Northeast Georgia,01,30633.0,Danielsville,HONEYMAID GRAHAM CRACKERS,Grains
915,178887,8976,T-122,Tabors Chapel CME Church,FAIMPORT481501,,DIRECT ASSISTANCE,DIRECT ASSISTANCE-Agency,BLUE RECEIPT-SHL,MCC-28-10001,10,0,0,0.0,10,MADISON,0.0,4/11/2024 0:00,4/11/2024 0:00,Price Code 1,CUSTOMER PICKUP,False,Food Bank of Northeast Georgia,01,30633.0,Danielsville,"PRODUCE, SHL RETAIL PICKUPS",Mixed Produce
571,181223,8600,F-122,Freedom Church of God,483828,,FP/OP/USDA,FOOD PANTRY-Agency,BLUE RECEIPT-SHL,N-03-11249,5,0,0,0.0,150,MADISON,0.0,5/30/2024 11:30,6/3/2024 8:38,Price Code 1,CUSTOMER PICKUP,False,Food Bank of Northeast Georgia,01,30530.0,Commerce,DIET PEPSI,Beverages
915,178192,8970,T-122,Tabors Chapel CME Church,FAIMPORT480810,,DIRECT ASSISTANCE,DIRECT ASSISTANCE-Agency,BLUE RECEIPT-SHL,MCW-16-10001,19,0,0,0.0,19,MADISON,0.0,3/26/2024 0:00,3/26/2024 0:00,Price Code 1,CUSTOMER PICKUP,False,Food Bank of Northeast Georgia,01,30633.0,Danielsville,"MISC. FOOD BOX, SHL RETAIL PICKUP",Food Misc.
836,173880,3943,G-122,Gordon's Chapel Methodist Church,477509,,FP/USDA,FOOD PANTRY-Agency,USDA,N-50-10268,4,0,0,4.56,152,MADISON,0.03,2/7/2024 14:20,2/7/2024 13:31,Price Code 1,CUSTOMER PICKUP,False,Food Bank of Northeast Georgia,01,30646.0,Hull,USDA APPLE JUICE,Beverages
549,180225,1674,R-120,Roger's Baptist Church,482831,,FP/OP/USDA,FOOD PANTRY-Agency,USDA,N-50-10073,7,0,0,34.02,189,MADISON,0.18,5/21/2024 13:45,5/21/2024 14:04,Price Code 1,CUSTOMER PICKUP,False,Food Bank of Northeast Georgia,01,30530.0,Commerce,USDA TOMATO SAUCE,Vegetables
571,179571,683,F-122,Freedom Church of God,482184,,FP/OP/USDA,FOOD PANTRY-Agency,BLUE RECEIPT-SHL,W-16-10001,45,0,0,8.1,45,MADISON,0.18,4/24/2024 14:21,4/24/2024 14:40,Price Code 1,CUSTOMER PICKUP,False,Sharing Floor Athens,01-SH,30530.0,Commerce,MISC. FOOD BOX SHL,Food Misc.
477,176546,8980,W-117,Waggoners Grove Baptist Church,479170,,FP/OP/GNAP/USDA,FOOD PANTRY-Agency,LOCAL - LL,N-25-11967,10,0,0,7.2,40,MADISON,0.18,3/21/2024 8:00,3/21/2024 11:39,Price Code 1,CUSTOMER PICKUP,False,Food Bank of Northeast Georgia,01,30628.0,Colbert,REESES MINIATURE CUPS W/ REESES PUFFS,Food Misc.
981,180220,9014,D-111,Divine Healing Ministry of Recovery Inc.,482826,,ON PREMISES (OP),REHAB-Agency,PURCH,N-27-10136,6,0,313,29.16,162,MADISON,0.18,5/8/2024 0:00,5/10/2024 11:40,Price Code 1,CONTACT FOR DELIVERY,False,Food Bank of Northeast Georgia,01,30633.0,Commerce,"GREEN BEANS, HARVEST VALLEY",Vegetables
571,177884,6780,F-122,Freedom Church of God,480503,,FP/OP/USDA,FOOD PANTRY-Agency,USDA,C-50-10024,14,0,0,0.0,602,MADISON,0.0,3/26/2024 14:21,3/26/2024 11:36,Price Code 1,CUSTOMER PICKUP,False,Food Bank of Northeast Georgia,01,30530.0,Commerce,USDA APPLES,Fruits
898,182008,9014,M-132,Meadow Baptist Church,484612,,FP/USDA,DIRECT ASSISTANCE-Agency,PURCH,N-27-10136,3,0,156,14.58,81,MADISON,0.18,6/21/2024 11:00,6/21/2024 8:11,Price Code 1,CUSTOMER PICKUP,False,Food Bank of Northeast Georgia,01,30629.0,Comer,"GREEN BEANS, HARVEST VALLEY",Vegetables
137,175262,5938,J-100,Jubilee Partners,477891,,FP/OP/GNAP,RESIDENTIAL-Agency,BLUE RECEIPT-SHL,C-28-10001,325,0,0,9.75,325,MADISON,0.03,2/7/2024 13:23,2/7/2024 8:36,Price Code 1,CUSTOMER PICKUP,False,Sharing Floor Athens,01-SH,30629.0,Comer,"PRODUCE, FRESH SHL",Mixed Produce
137,175608,5407,J-100,Jubilee Partners,478236,,FP/OP/GNAP,RESIDENTIAL-Agency,BLUE RECEIPT-SHL,F-15-10000,63,0,0,11.34,63,MADISON,0.18,2/14/2024 13:23,2/14/2024 8:59,Price Code 1,CUSTOMER PICKUP,False,Sharing Floor Athens,01-SH,30629.0,Comer,"MEAT & SEAFOOD, FROZEN SHL",Proteins
137,179930,683,J-100,Jubilee Partners,482541,,FP/OP/GNAP,RESIDENTIAL-Agency,BLUE RECEIPT-SHL,W-16-10001,25,0,0,0.0,25,MADISON,0.0,5/1/2024 13:23,5/1/2024 8:38,Price Code 1,CUSTOMER PICKUP,False,Sharing Floor Athens,01-SH,30629.0,Comer,MISC. FOOD BOX SHL,Food Misc.
915,177579,8970,T-122,Tabors Chapel CME Church,FAIMPORT480199,,DIRECT ASSISTANCE,DIRECT ASSISTANCE-Agency,BLUE RECEIPT-SHL,MCW-16-10001,23,0,0,0.0,23,MADISON,0.0,3/14/2024 0:00,3/14/2024 0:00,Price Code 1,CUSTOMER PICKUP,False,Food Bank of Northeast Georgia,01,30633.0,Danielsville,"MISC. FOOD BOX, SHL RETAIL PICKUP",Food Misc.
981,175364,683,D-111,Divine Healing Ministry of Recovery Inc.,477993,,ON PREMISES (OP),REHAB-Agency,BLUE RECEIPT-SHL,W-16-10001,35,0,0,6.3,35,MADISON,0.18,2/8/2024 13:59,2/8/2024 14:02,Price Code 1,CONTACT FOR DELIVERY,False,Sharing Floor Athens,01-SH,30633.0,Commerce,MISC. FOOD BOX SHL,Food Misc.
477,173330,8915,W-117,Waggoners Grove Baptist Church,476959,,FP/OP/GNAP/USDA,FOOD PANTRY-Agency,USDA,F-50-90474,4,0,0,28.8,160,MADISON,0.18,1/26/2024 10:00,1/26/2024 9:49,Price Code 1,CUSTOMER PICKUP,False,Food Bank of Northeast Georgia,01,30628.0,Colbert,USDA PACIFIC SALAD SHRIMP,Proteins
137,178649,5407,J-100,Jubilee Partners,481265,,FP/OP/GNAP,RESIDENTIAL-Agency,BLUE RECEIPT-SHL,F-15-10000,42,0,0,7.56,42,MADISON,0.18,4/10/2024 13:23,4/10/2024 8:50,Price Code 1,CUSTOMER PICKUP,False,Sharing Floor Athens,01-SH,30629.0,Comer,"MEAT & SEAFOOD, FROZEN SHL",Proteins
981,175646,8665,D-111,Divine Healing Ministry of Recovery Inc.,478274,,ON PREMISES (OP),REHAB-Agency,BLUE RECEIPT-SHL,N-03-11268,2,0,0,1.38,46,MADISON,0.03,2/20/2024 15:37,2/27/2024 11:28,Price Code 1,CONTACT FOR DELIVERY,False,Food Bank of Northeast Georgia,01,30633.0,Commerce,PROPEL BERRY/KIWISTRAW/GRAPE,Beverages
137,179538,5958,J-100,Jubilee Partners,482151,,FP/OP/GNAP,RESIDENTIAL-Agency,BLUE RECEIPT-SHL,C-16-10001,11,0,0,1.98,11,MADISON,0.18,4/24/2024 13:23,4/24/2024 8:47,Price Code 1,CUSTOMER PICKUP,False,Sharing Floor Athens,01-SH,30629.0,Comer,"COOLER FOOD, MISC. SHL",Food Misc.
915,182493,8972,T-122,Tabors Chapel CME Church,FAIMPORT485097,,DIRECT ASSISTANCE,DIRECT ASSISTANCE-Agency,BLUE RECEIPT-SHL,MCF-15-10000,10,0,0,0.0,10,MADISON,0.0,6/17/2024 0:00,6/17/2024 0:00,Price Code 1,CUSTOMER PICKUP,False,Food Bank of Northeast Georgia,01,30633.0,Danielsville,"FROZEN MEAT & SEAFOOD, SHL RETAIL PICKUP",Proteins
477,175292,5938,W-117,Waggoners Grove Baptist Church,477921,,FP/OP/GNAP/USDA,FOOD PANTRY-Agency,BLUE RECEIPT-SHL,C-28-10001,16,0,0,0.48,16,MADISON,0.03,2/7/2024 14:38,2/7/2024 13:53,Price Code 1,CUSTOMER PICKUP,False,Sharing Floor Athens,01-SH,30628.0,Colbert,"PRODUCE, FRESH SHL",Mixed Produce
915,182644,8972,T-122,Tabors Chapel CME Church,FAIMPORT485247,,DIRECT ASSISTANCE,DIRECT ASSISTANCE-Agency,BLUE RECEIPT-SHL,MCF-15-10000,22,0,0,0.0,22,MADISON,0.0,6/27/2024 0:00,6/27/2024 0:00,Price Code 1,CUSTOMER PICKUP,False,Food Bank of Northeast Georgia,01,30633.0,Danielsville,"FROZEN MEAT & SEAFOOD, SHL RETAIL PICKUP",Proteins
477,175969,875,W-117,Waggoners Grove Baptist Church,478597,,FP/OP/GNAP/USDA,FOOD PANTRY-Agency,BLUE RECEIPT-SHL,W-04-10000,31,0,0,0.0,31,MADISON,0.0,2/21/2024 14:38,2/21/2024 14:05,Price Code 1,CUSTOMER PICKUP,False,Sharing Floor Athens,01-SH,30628.0,Colbert,"BREAD & BAKERY, ASSORTED SHL",Grains
1010,180924,1045,F-143,Freedom C.H. Church,483530,,FP/USDA,FOOD PANTRY-Agency,BLUE RECEIPT-SHL,W-25-10009,37,0,0,6.66,37,MADISON,0.18,5/16/2024 9:44,5/16/2024 9:48,Price Code 1,CUSTOMER PICKUP,False,Sharing Floor Athens,01-SH,30662.0,Royston,"ASSORTED SNACK ITEMS, SHL",Food Misc.
836,173072,8852,G-122,Gordon's Chapel Methodist Church,476702,,FP/USDA,FOOD PANTRY-Agency,PURCH,N-23-10010,3,0,0,7.02,39,MADISON,0.18,1/18/2024 14:20,1/18/2024 9:26,Price Code 1,CUSTOMER PICKUP,False,Food Bank of Northeast Georgia,01,30646.0,Hull,NUT'N BETTER CREAMY PEANUT BUTTER - RED SUGAR & SODIUM,Proteins
981,172926,8909,D-111,Divine Healing Ministry of Recovery Inc.,476557,,ON PREMISES (OP),REHAB-Agency,BLUE RECEIPT-SHL,N-03-11795,4,0,0,12.24,68,MADISON,0.18,1/17/2024 10:20,2/20/2024 13:40,Price Code 1,CONTACT FOR DELIVERY,False,Food Bank of Northeast Georgia,01,30633.0,Commerce,STARBUCKS VANILLA FRAPPUCCINO,Beverages
571,177198,8976,F-122,Freedom Church of God,FAIMPORT479818,,FP/OP/USDA,FOOD PANTRY-Agency,BLUE RECEIPT-SHL,MCC-28-10001,15,0,0,0.0,15,MADISON,0.0,3/8/2024 0:00,3/8/2024 0:00,Price Code 1,CUSTOMER PICKUP,False,Food Bank of Northeast Georgia,01,30530.0,Commerce,"PRODUCE, SHL RETAIL PICKUPS",Mixed Produce
519,176942,5681,C-140,Colbert Living Waters Holiness Church,479564,,FP/OP/USDA,FOOD PANTRY-Agency,LOCAL - LL,C-16-10000,23,0,0,4.14,23,MADISON,0.18,3/8/2024 14:56,3/8/2024 10:49,Price Code 1,CUSTOMER PICKUP,False,Sharing Floor Athens,01-SH,30628.0,Colbert,"COOLER FOOD, MISC. LL",Food Misc.
477,173288,8766,W-117,Waggoners Grove Baptist Church,476917,,FP/OP/GNAP/USDA,FOOD PANTRY-Agency,LOCAL - LL,N-25-11919,5,0,0,1.8,10,MADISON,0.18,1/24/2024 14:38,1/24/2024 11:34,Price Code 1,CUSTOMER PICKUP,False,Food Bank of Northeast Georgia,01,30628.0,Colbert,GHIRARDELLI SEA SALT CARAMEL CHOCOLATE,Food Misc.
549,176868,8981,R-120,Roger's Baptist Church,479490,,FP/OP/USDA,FOOD PANTRY-Agency,BLUE RECEIPT-SHL,F-15-90554,10,0,0,23.4,130,MADISON,0.18,3/19/2024 13:30,3/19/2024 13:52,Price Code 1,CUSTOMER PICKUP,False,Food Bank of Northeast Georgia,01,30530.0,Commerce,JENNIE-O TURKEY FRANKS,Proteins
477,172471,650,W-117,Waggoners Grove Baptist Church,476102,,FP/OP/GNAP/USDA,FOOD PANTRY-Agency,BLUE RECEIPT-SHL,N-03-10583,20,0,0,0.0,840,MADISON,0.0,1/11/2024 10:00,1/11/2024 12:16,Price Code 1,CUSTOMER PICKUP,False,Food Bank of Northeast Georgia,01,30628.0,Colbert,PEPSI SODA,Beverages
799,181691,9079,C-149,Colbert Methodist Church,484295,,FP/GNAP/USDA,FOOD PANTRY-Agency,BLUE RECEIPT-SHL,N-03-11841,10,0,0,0.0,170,MADISON,0.0,6/6/2024 14:40,6/6/2024 13:10,Price Code 1,CUSTOMER PICKUP,False,Food Bank of Northeast Georgia,01,30628.0,Colbert,MTN DEW ZERO 24 X 12 FL OZ,Beverages
1010,178238,5407,F-143,Freedom C.H. Church,480854,,FP/USDA,FOOD PANTRY-Agency,BLUE RECEIPT-SHL,F-15-10000,80,0,0,14.4,80,MADISON,0.18,4/3/2024 9:34,4/3/2024 9:37,Price Code 1,CUSTOMER PICKUP,False,Sharing Floor Athens,01-SH,30662.0,Royston,"MEAT & SEAFOOD, FROZEN SHL",Proteins
549,181869,9084,R-120,Roger's Baptist Church,484473,,FP/OP/USDA,FOOD PANTRY-Agency,USDA,N-50-10315,6,0,0,29.16,162,MADISON,0.18,6/25/2024 13:30,6/25/2024 15:46,Price Code 1,CUSTOMER PICKUP,False,Food Bank of Northeast Georgia,01,30530.0,Commerce,USDA CANNED SALMON,Proteins
477,178256,8974,W-117,Waggoners Grove Baptist Church,480872,,FP/OP/GNAP/USDA,FOOD PANTRY-Agency,BLUE RECEIPT-SHL,MCW-04-10000,2,0,0,0.0,2,MADISON,0.0,4/3/2024 14:38,8/28/2024 8:07,Price Code 1,CUSTOMER PICKUP,False,Sharing Floor Athens,01-SH,30628.0,Colbert,"BREAD AND BAKERY, SHL RETAIL PICKUPS",Grains
571,173617,875,F-122,Freedom Church of God,477246,,FP/OP/USDA,FOOD PANTRY-Agency,BLUE RECEIPT-SHL,W-04-10000,20,0,0,0.0,20,MADISON,0.0,1/25/2024 14:21,1/25/2024 11:53,Price Code 1,CUSTOMER PICKUP,False,Sharing Floor Athens,01-SH,30530.0,Commerce,"BREAD & BAKERY, ASSORTED SHL",Grains
477,175969,5407,W-117,Waggoners Grove Baptist Church,478597,,FP/OP/GNAP/USDA,FOOD PANTRY-Agency,BLUE RECEIPT-SHL,F-15-10000,98,0,0,17.64,98,MADISON,0.18,2/21/2024 14:38,2/21/2024 14:05,Price Code 1,CUSTOMER PICKUP,False,Sharing Floor Athens,01-SH,30628.0,Colbert,"MEAT & SEAFOOD, FROZEN SHL",Proteins
477,179233,9018,W-117,Waggoners Grove Baptist Church,481846,,FP/OP/GNAP/USDA,FOOD PANTRY-Agency,LFB,N-12-10105,20,0,0,10.8,60,MADISON,0.18,4/29/2024 10:00,4/29/2024 12:02,Price Code 1,CUSTOMER PICKUP,False,Food Bank of Northeast Georgia,01,30628.0,Colbert,CREST WHITE TOOTHPASTE,Non-Food Misc.
477,177253,690,W-117,Waggoners Grove Baptist Church,479873,,FP/OP/GNAP/USDA,FOOD PANTRY-Agency,BLUE RECEIPT-SHL,W-03-10013,62,0,0,0.0,62,MADISON,0.0,3/13/2024 14:38,3/13/2024 13:59,Price Code 1,CUSTOMER PICKUP,False,Sharing Floor Athens,01-SH,30628.0,Colbert,"ASSORTED BEVERAGES, SHL",Beverages
981,176857,688,D-111,Divine Healing Ministry of Recovery Inc.,479479,,ON PREMISES (OP),REHAB-Agency,BLUE RECEIPT-SHL,W-01-10000,55,0,0,9.9,55,MADISON,0.18,3/7/2024 14:20,3/7/2024 14:22,Price Code 1,CONTACT FOR DELIVERY,False,Sharing Floor Athens,01-SH,30633.0,Commerce,"ASSORTED NON-FOOD ITEMS, SHL",Non-Food Misc.
892,177974,8720,L-114,Legacy Baptist Church,480593,,FP/USDA,FOOD PANTRY-Agency,USDA,N-50-10305,2,0,0,5.04,28,MADISON,0.18,4/3/2024 11:15,4/3/2024 11:32,Price Code 1,CUSTOMER PICKUP,False,Food Bank of Northeast Georgia,01,30646.0,Hull,USDA MIXED VegetablesCCC,Vegetables
410,173554,8854,C-110,Colbert First Baptist Church,477183,,FP/GNAP/USDA,FOOD PANTRY-Agency,BLUE RECEIPT-SHL,N-03-11776,5,0,0,0.0,165,MADISON,0.0,1/29/2024 12:40,1/29/2024 14:13,Price Code 1,CUSTOMER PICKUP,False,Food Bank of Northeast Georgia,01,30628.0,Colbert,DR PEPPER STRAWBERRIES & CREAM,Beverages
799,179891,683,C-149,Colbert Methodist Church,482502,,FP/GNAP/USDA,FOOD PANTRY-Agency,BLUE RECEIPT-SHL,W-16-10001,128,0,0,23.04,128,MADISON,0.18,4/30/2024 9:56,4/30/2024 13:55,Price Code 1,CUSTOMER PICKUP,False,Sharing Floor Athens,01-SH,30628.0,Colbert,MISC. FOOD BOX SHL,Food Misc.
477,175371,8854,W-117,Waggoners Grove Baptist Church,478000,,FP/OP/GNAP/USDA,FOOD PANTRY-Agency,BLUE RECEIPT-SHL,N-03-11776,1,0,0,0.0,33,MADISON,0.0,2/16/2024 14:38,2/16/2024 7:56,Price Code 1,CUSTOMER PICKUP,False,Food Bank of Northeast Georgia,01,30628.0,Colbert,DR PEPPER STRAWBERRIES & CREAM,Beverages
915,178887,8974,T-122,Tabors Chapel CME Church,FAIMPORT481501,,DIRECT ASSISTANCE,DIRECT ASSISTANCE-Agency,BLUE RECEIPT-SHL,MCW-04-10000,7,0,0,0.0,7,MADISON,0.0,4/11/2024 0:00,4/11/2024 0:00,Price Code 1,CUSTOMER PICKUP,False,Food Bank of Northeast Georgia,01,30633.0,Danielsville,"BREAD AND BAKERY, SHL RETAIL PICKUPS",Grains
477,176546,7284,W-117,Waggoners Grove Baptist Church,479170,,FP/OP/GNAP/USDA,FOOD PANTRY-Agency,USDA,C-50-10043,6,0,0,15.6,156,MADISON,0.1,3/21/2024 8:00,3/21/2024 11:39,Price Code 1,CUSTOMER PICKUP,False,Food Bank of Northeast Georgia,01,30628.0,Colbert,USDA RED FAT AMERICAN CHEESE CCC,Dairy
898,173294,5477,M-132,Meadow Baptist Church,476923,,FP/USDA,DIRECT ASSISTANCE-Agency,LOCAL - LL,F-15-10001,117,0,0,21.06,117,MADISON,0.18,1/19/2024 10:02,1/19/2024 8:46,Price Code 1,CUSTOMER PICKUP,False,Sharing Floor Athens,01-SH,30629.0,Comer,"MEAT & SEAFOOD, FROZEN LOCAL",Proteins
371,175567,690,E-111,Evangelical Methodist Church - Danielsville,478195,,FOOD PANTRY,FOOD PANTRY-Agency,BLUE RECEIPT-SHL,W-03-10013,402,0,0,0.0,402,MADISON,0.0,2/13/2024 13:56,2/13/2024 11:38,Price Code 1,CUSTOMER PICKUP,False,Sharing Floor Athens,01-SH,30633.0,Danielsville,"ASSORTED BEVERAGES, SHL",Beverages
549,180225,7061,R-120,Roger's Baptist Church,482831,,FP/OP/USDA,FOOD PANTRY-Agency,USDA,C-50-10021,3,0,0,3.78,126,MADISON,0.03,5/21/2024 13:45,5/21/2024 14:04,Price Code 1,CUSTOMER PICKUP,False,Food Bank of Northeast Georgia,01,30530.0,Commerce,USDA FRESH ORANGES,Fruits
137,179930,875,J-100,Jubilee Partners,482541,,FP/OP/GNAP,RESIDENTIAL-Agency,BLUE RECEIPT-SHL,W-04-10000,9,0,0,0.0,9,MADISON,0.0,5/1/2024 13:23,5/1/2024 8:38,Price Code 1,CUSTOMER PICKUP,False,Sharing Floor Athens,01-SH,30629.0,Comer,"BREAD & BAKERY, ASSORTED SHL",Grains
477,179522,9017,W-117,Waggoners Grove Baptist Church,482135,,FP/OP/GNAP/USDA,FOOD PANTRY-Agency,YELLOW RECEIPT - SHN,N-16-10182,1,0,0,2.34,13,MADISON,0.18,4/26/2024 14:38,4/26/2024 10:11,Price Code 1,CUSTOMER PICKUP,False,Food Bank of Northeast Georgia,01,30628.0,Colbert,HEINZ APPLE CIDER VINEGAR,Food Misc.
836,173880,2862,G-122,Gordon's Chapel Methodist Church,477509,,FP/USDA,FOOD PANTRY-Agency,USDA,N-50-10115,5,0,0,24.3,135,MADISON,0.18,2/7/2024 14:20,2/7/2024 13:31,Price Code 1,CUSTOMER PICKUP,False,Food Bank of Northeast Georgia,01,30646.0,Hull,USDA DARK RED KIDNEY BEANS CCC,Proteins
898,176891,8957,M-132,Meadow Baptist Church,479513,,FP/USDA,DIRECT ASSISTANCE-Agency,YELLOW RECEIPT - SHN,N-25-11956,5,0,0,3.6,20,MADISON,0.18,3/15/2024 8:02,3/15/2024 8:13,Price Code 1,CUSTOMER PICKUP,False,Food Bank of Northeast Georgia,01,30629.0,Comer,HONEYMAID GRAHAM CRACKERS,Grains
549,172672,8852,R-120,Roger's Baptist Church,476303,,FP/OP/USDA,FOOD PANTRY-Agency,PURCH,N-23-10010,6,0,0,14.04,78,MADISON,0.18,1/16/2024 13:30,1/16/2024 14:36,Price Code 1,CUSTOMER PICKUP,False,Food Bank of Northeast Georgia,01,30530.0,Commerce,NUT'N BETTER CREAMY PEANUT BUTTER - RED SUGAR & SODIUM,Proteins
1010,181682,683,F-143,Freedom C.H. Church,484286,,FP/USDA,FOOD PANTRY-Agency,BLUE RECEIPT-SHL,W-16-10001,110,0,0,19.8,110,MADISON,0.18,5/31/2024 10:31,5/31/2024 10:37,Price Code 1,CUSTOMER PICKUP,False,Sharing Floor Athens,01-SH,30662.0,Royston,MISC. FOOD BOX SHL,Food Misc.
799,179620,683,C-149,Colbert Methodist Church,482233,,FP/GNAP/USDA,FOOD PANTRY-Agency,BLUE RECEIPT-SHL,W-16-10001,100,0,0,18.0,100,MADISON,0.18,4/25/2024 9:56,4/25/2024 13:49,Price Code 1,CUSTOMER PICKUP,False,Sharing Floor Athens,01-SH,30628.0,Colbert,MISC. FOOD BOX SHL,Food Misc.
981,180606,690,D-111,Divine Healing Ministry of Recovery Inc.,483212,,ON PREMISES (OP),REHAB-Agency,BLUE RECEIPT-SHL,W-03-10013,68,0,0,0.0,68,MADISON,0.0,5/10/2024 11:19,5/10/2024 11:22,Price Code 1,CONTACT FOR DELIVERY,False,Sharing Floor Athens,01-SH,30633.0,Commerce,"ASSORTED BEVERAGES, SHL",Beverages
799,180752,3203,C-149,Colbert Methodist Church,483358,,FP/GNAP/USDA,FOOD PANTRY-Agency,USDA,N-50-10289,3,0,0,13.5,75,MADISON,0.18,5/16/2024 11:00,5/16/2024 14:52,Price Code 1,CUSTOMER PICKUP,False,Food Bank of Northeast Georgia,01,30628.0,Colbert,USDA PECAN PIECES,Proteins
571,181223,9077,F-122,Freedom Church of God,483828,,FP/OP/USDA,FOOD PANTRY-Agency,BLUE RECEIPT-SHL,N-03-11839,4,0,0,0.0,108,MADISON,0.0,5/30/2024 11:30,6/3/2024 8:38,Price Code 1,CUSTOMER PICKUP,False,Food Bank of Northeast Georgia,01,30530.0,Commerce,MTN DEW 36 X 12 FL OZ,Beverages
137,178165,683,J-100,Jubilee Partners,480784,,FP/OP/GNAP,RESIDENTIAL-Agency,BLUE RECEIPT-SHL,W-16-10001,142,0,0,25.56,142,MADISON,0.18,4/3/2024 13:23,4/3/2024 8:50,Price Code 1,CUSTOMER PICKUP,False,Sharing Floor Athens,01-SH,30629.0,Comer,MISC. FOOD BOX SHL,Food Misc.
571,173275,8914,F-122,Freedom Church of God,476904,,FP/OP/USDA,FOOD PANTRY-Agency,USDA,N-50-10310,3,0,0,14.58,81,MADISON,0.18,1/25/2024 14:21,1/31/2024 9:41,Price Code 1,CUSTOMER PICKUP,False,Food Bank of Northeast Georgia,01,30530.0,Commerce,USDA DICED POTATOES,Potatoes 
137,172846,5958,J-100,Jubilee Partners,476477,,FP/OP/GNAP,RESIDENTIAL-Agency,BLUE RECEIPT-SHL,C-16-10001,75,0,0,13.5,75,MADISON,0.18,1/10/2024 13:23,1/10/2024 8:59,Price Code 1,CUSTOMER PICKUP,False,Sharing Floor Athens,01-SH,30629.0,Comer,"COOLER FOOD, MISC. SHL",Food Misc.
137,179538,690,J-100,Jubilee Partners,482151,,FP/OP/GNAP,RESIDENTIAL-Agency,BLUE RECEIPT-SHL,W-03-10013,21,0,0,0.0,21,MADISON,0.0,4/24/2024 13:23,4/24/2024 8:47,Price Code 1,CUSTOMER PICKUP,False,Sharing Floor Athens,01-SH,30629.0,Comer,"ASSORTED BEVERAGES, SHL",Beverages
371,181281,8974,E-111,Evangelical Methodist Church - Danielsville,FAIMPORT483886,,FOOD PANTRY,FOOD PANTRY-Agency,BLUE RECEIPT-SHL,MCW-04-10000,15,0,0,0.0,15,MADISON,0.0,5/13/2024 0:00,5/13/2024 0:00,Price Code 1,CUSTOMER PICKUP,False,Food Bank of Northeast Georgia,01,30633.0,Danielsville,"BREAD AND BAKERY, SHL RETAIL PICKUPS",Grains
549,176868,8963,R-120,Roger's Baptist Church,479490,,FP/OP/USDA,FOOD PANTRY-Agency,YELLOW RECEIPT - SHN,N-25-11960,6,0,0,11.88,66,MADISON,0.18,3/19/2024 13:30,3/19/2024 13:52,Price Code 1,CUSTOMER PICKUP,False,Food Bank of Northeast Georgia,01,30530.0,Commerce,"TAPIOCA PUDDING, BEST CHOICE",Food Misc.
571,182603,688,F-122,Freedom Church of God,485206,,FP/OP/USDA,FOOD PANTRY-Agency,BLUE RECEIPT-SHL,W-01-10000,26,0,0,4.68,26,MADISON,0.18,6/26/2024 14:21,6/26/2024 15:23,Price Code 1,CUSTOMER PICKUP,False,Sharing Floor Athens,01-SH,30530.0,Commerce,"ASSORTED NON-FOOD ITEMS, SHL",Non-Food Misc.
571,173193,690,F-122,Freedom Church of God,476823,,FP/OP/USDA,FOOD PANTRY-Agency,BLUE RECEIPT-SHL,W-03-10013,139,0,0,0.0,139,MADISON,0.0,1/17/2024 14:21,1/17/2024 12:01,Price Code 1,CUSTOMER PICKUP,False,Sharing Floor Athens,01-SH,30530.0,Commerce,"ASSORTED BEVERAGES, SHL",Beverages
571,182136,8971,F-122,Freedom Church of God,FAIMPORT484740,,FP/OP/USDA,FOOD PANTRY-Agency,BLUE RECEIPT-SHL,MCF-16-10001,28,0,0,0.0,28,MADISON,0.0,6/10/2024 0:00,6/10/2024 0:00,Price Code 1,CUSTOMER PICKUP,False,Food Bank of Northeast Georgia,01,30530.0,Commerce,"FROZEN FOODS, MISC SHL RETAIL PICKUP",Food Misc.
549,181869,9073,R-120,Roger's Baptist Church,484473,,FP/OP/USDA,FOOD PANTRY-Agency,USDA,C-50-10051,10,0,0,21.6,120,MADISON,0.18,6/25/2024 13:30,6/25/2024 15:46,Price Code 1,CUSTOMER PICKUP,False,Food Bank of Northeast Georgia,01,30530.0,Commerce,USDA SHREDDED MOZZARELLA CHEESE CCC,Dairy
571,181538,8972,F-122,Freedom Church of God,FAIMPORT484142,,FP/OP/USDA,FOOD PANTRY-Agency,BLUE RECEIPT-SHL,MCF-15-10000,5,0,0,0.0,5,MADISON,0.0,5/24/2024 0:00,5/24/2024 0:00,Price Code 1,CUSTOMER PICKUP,False,Food Bank of Northeast Georgia,01,30530.0,Commerce,"FROZEN MEAT & SEAFOOD, SHL RETAIL PICKUP",Proteins
571,178106,690,F-122,Freedom Church of God,480725,,FP/OP/USDA,FOOD PANTRY-Agency,BLUE RECEIPT-SHL,W-03-10013,34,0,0,0.0,34,MADISON,0.0,4/2/2024 14:21,4/2/2024 10:00,Price Code 1,CUSTOMER PICKUP,False,Sharing Floor Athens,01-SH,30530.0,Commerce,"ASSORTED BEVERAGES, SHL",Beverages
898,176891,8987,M-132,Meadow Baptist Church,479513,,FP/USDA,DIRECT ASSISTANCE-Agency,BLUE RECEIPT-SHL,F-15-90558,2,0,0,9.0,50,MADISON,0.18,3/15/2024 8:02,3/15/2024 8:13,Price Code 1,CUSTOMER PICKUP,False,Food Bank of Northeast Georgia,01,30629.0,Comer,PERDUE CHICKEN DRUMSTICKS,Proteins
799,178469,1786,C-149,Colbert Methodist Church,481085,,FP/GNAP/USDA,FOOD PANTRY-Agency,BLUE RECEIPT-SHL,N-03-10670,10,0,0,0.0,60,MADISON,0.0,4/12/2024 8:56,4/12/2024 12:23,Price Code 1,CUSTOMER PICKUP,False,Food Bank of Northeast Georgia,01,30628.0,Colbert,DIET DR PEPPER,Beverages
137,173517,683,J-100,Jubilee Partners,477146,,FP/OP/GNAP,RESIDENTIAL-Agency,BLUE RECEIPT-SHL,W-16-10001,46,0,0,0.0,46,MADISON,0.0,1/24/2024 13:23,1/24/2024 8:53,Price Code 1,CUSTOMER PICKUP,False,Sharing Floor Athens,01-SH,30629.0,Comer,MISC. FOOD BOX SHL,Food Misc.
842,172859,683,C-153,Cedar Grove Baptist Church,476490,,FP/GNAP/USDA,FOOD PANTRY-Agency,BLUE RECEIPT-SHL,W-16-10001,98,0,0,17.64,98,MADISON,0.18,1/10/2024 8:30,1/10/2024 10:41,Price Code 1,CUSTOMER PICKUP,False,Sharing Floor Athens,01-SH,30629.0,Comer,MISC. FOOD BOX SHL,Food Misc.
371,181884,683,E-111,Evangelical Methodist Church - Danielsville,484488,,FOOD PANTRY,FOOD PANTRY-Agency,BLUE RECEIPT-SHL,W-16-10001,60,0,0,10.8,60,MADISON,0.18,6/4/2024 13:56,6/4/2024 11:26,Price Code 1,CUSTOMER PICKUP,False,Sharing Floor Athens,01-SH,30633.0,Danielsville,MISC. FOOD BOX SHL,Food Misc.
939,177459,170,M-140,Madison County MedLink Georgia,480079,,FP/USDA,FOOD PANTRY-Agency,USDA,N-50-10007,9,0,0,0.0,252,MADISON,0.0,3/21/2024 8:00,4/1/2024 8:07,Mobile Pantry/Feed Site Only,TRUCK 1 MOBILE PANTRY,False,Food Bank of Northeast Georgia,01,30628.0,Colbert,"USDA CORN, WHOLE KERNEL NO SALT",Vegetables
836,173880,4761,G-122,Gordon's Chapel Methodist Church,477509,,FP/USDA,FOOD PANTRY-Agency,USDA,F-50-90454,3,0,0,0.0,93,MADISON,0.0,2/7/2024 14:20,2/7/2024 13:31,Price Code 1,CUSTOMER PICKUP,False,Food Bank of Northeast Georgia,01,30646.0,Hull,USDA FROZEN STRAWBERRIES CCC,Fruits
799,178471,170,C-149,Colbert Methodist Church,481087,,FP/GNAP/USDA,FOOD PANTRY-Agency,USDA,N-50-10007,2,0,0,10.08,56,MADISON,0.18,4/10/2024 9:56,4/10/2024 12:52,Price Code 1,CUSTOMER PICKUP,False,Food Bank of Northeast Georgia,01,30628.0,Colbert,"USDA CORN, WHOLE KERNEL NO SALT",Vegetables
915,179790,8974,T-122,Tabors Chapel CME Church,FAIMPORT482403,,DIRECT ASSISTANCE,DIRECT ASSISTANCE-Agency,BLUE RECEIPT-SHL,MCW-04-10000,8,0,0,0.0,8,MADISON,0.0,4/22/2024 0:00,4/22/2024 0:00,Price Code 1,CUSTOMER PICKUP,False,Food Bank of Northeast Georgia,01,30633.0,Danielsville,"BREAD AND BAKERY, SHL RETAIL PICKUPS",Grains
137,180405,875,J-100,Jubilee Partners,483011,,FP/OP/GNAP,RESIDENTIAL-Agency,BLUE RECEIPT-SHL,W-04-10000,21,0,0,0.0,21,MADISON,0.0,5/8/2024 13:23,5/8/2024 8:51,Price Code 1,CUSTOMER PICKUP,False,Sharing Floor Athens,01-SH,30629.0,Comer,"BREAD & BAKERY, ASSORTED SHL",Grains
549,175587,5088,R-120,Roger's Baptist Church,478215,,FP/OP/USDA,FOOD PANTRY-Agency,USDA,F-50-90023,3,0,0,0.0,75,MADISON,0.0,2/20/2024 13:30,2/20/2024 13:52,Price Code 1,CUSTOMER PICKUP,False,Food Bank of Northeast Georgia,01,30530.0,Commerce,USDA FROZEN PEACHES CCC,Fruits
799,175071,5088,C-149,Colbert Methodist Church,477701,,FP/GNAP/USDA,FOOD PANTRY-Agency,USDA,F-50-90023,4,0,0,0.0,100,MADISON,0.0,2/9/2024 9:56,2/9/2024 10:17,Price Code 1,CUSTOMER PICKUP,False,Food Bank of Northeast Georgia,01,30628.0,Colbert,USDA FROZEN PEACHES CCC,Fruits
915,180467,8973,T-122,Tabors Chapel CME Church,FAIMPORT483073,,DIRECT ASSISTANCE,DIRECT ASSISTANCE-Agency,BLUE RECEIPT-SHL,MCC-16-10001,35,0,0,0.0,35,MADISON,0.0,5/6/2024 0:00,5/6/2024 0:00,Price Code 1,CUSTOMER PICKUP,False,Food Bank of Northeast Georgia,01,30633.0,Danielsville,"COOLER FOOD MISC., SHL RETAIL PICKUP",Food Misc.
1010,178238,50,F-143,Freedom C.H. Church,480854,,FP/USDA,FOOD PANTRY-Agency,LOCAL - LL,W-16-10002,192,0,0,34.56,192,MADISON,0.18,4/3/2024 9:34,4/3/2024 9:37,Price Code 1,CUSTOMER PICKUP,False,Sharing Floor Athens,01-SH,30662.0,Royston,MISC. FOOD BOX LL,Food Misc.
939,178840,6979,M-140,Madison County MedLink Georgia,481454,,FP/USDA,FOOD PANTRY-Agency,USDA,C-50-10017,48,0,0,0.0,1920,MADISON,0.0,4/12/2024 7:06,4/12/2024 10:39,Mobile Pantry/Feed Site Only,CUSTOMER PICKUP,False,Food Bank of Northeast Georgia,01,30628.0,Colbert,"USDA 2% MILK, FRESH CCC",Dairy
410,173794,8879,C-110,Colbert First Baptist Church,477423,,FP/GNAP/USDA,FOOD PANTRY-Agency,BLUE RECEIPT-SHL,N-03-11784,2,0,0,0.0,54,MADISON,0.0,2/2/2024 12:40,2/7/2024 8:03,Price Code 1,CUSTOMER PICKUP,False,Food Bank of Northeast Georgia,01,30628.0,Colbert,GATORADE RIPTIDE RUSH,Beverages
477,173814,8879,W-117,Waggoners Grove Baptist Church,477443,,FP/OP/GNAP/USDA,FOOD PANTRY-Agency,BLUE RECEIPT-SHL,N-03-11784,5,0,0,0.0,135,MADISON,0.0,2/2/2024 9:55,2/2/2024 12:09,Price Code 1,CUSTOMER PICKUP,False,Food Bank of Northeast Georgia,01,30628.0,Colbert,GATORADE RIPTIDE RUSH,Beverages
571,182136,8976,F-122,Freedom Church of God,FAIMPORT484740,,FP/OP/USDA,FOOD PANTRY-Agency,BLUE RECEIPT-SHL,MCC-28-10001,28,0,0,0.0,28,MADISON,0.0,6/10/2024 0:00,6/10/2024 0:00,Price Code 1,CUSTOMER PICKUP,False,Food Bank of Northeast Georgia,01,30530.0,Commerce,"PRODUCE, SHL RETAIL PICKUPS",Mixed Produce
915,181051,9061,T-122,Tabors Chapel CME Church,483656,,DIRECT ASSISTANCE,DIRECT ASSISTANCE-Agency,LOCAL - LL,N-25-11974,3,0,0,1.62,9,MADISON,0.18,5/24/2024 13:00,5/24/2024 13:49,Price Code 1,CUSTOMER PICKUP,False,Food Bank of Northeast Georgia,01,30633.0,Danielsville,DOVE DARK CHOCOLATE & SEA SALT CARAMEL,Food Misc.
799,180752,1674,C-149,Colbert Methodist Church,483358,,FP/GNAP/USDA,FOOD PANTRY-Agency,USDA,N-50-10073,2,0,0,9.72,54,MADISON,0.18,5/16/2024 11:00,5/16/2024 14:52,Price Code 1,CUSTOMER PICKUP,False,Food Bank of Northeast Georgia,01,30628.0,Colbert,USDA TOMATO SAUCE,Vegetables
842,172527,346,C-153,Cedar Grove Baptist Church,476158,,FP/GNAP/USDA,FOOD PANTRY-Agency,YELLOW RECEIPT - SHN,N-25-10350,3,0,0,7.02,39,MADISON,0.18,1/10/2024 10:00,1/10/2024 11:07,Price Code 1,CUSTOMER PICKUP,False,Food Bank of Northeast Georgia,01,30629.0,Comer,"SALTINE CRACKERS, ZESTA ORIGINAL",Grains
799,176127,8600,C-149,Colbert Methodist Church,478754,,FP/GNAP/USDA,FOOD PANTRY-Agency,BLUE RECEIPT-SHL,N-03-11249,4,0,0,0.0,120,MADISON,0.0,3/1/2024 8:56,3/1/2024 12:32,Price Code 1,CUSTOMER PICKUP,False,Food Bank of Northeast Georgia,01,30628.0,Colbert,DIET PEPSI,Beverages
548,181825,9084,M-124,Moons Grove Baptist Church,484429,,FP/OP/USDA,FOOD PANTRY-Agency,USDA,N-50-10315,3,0,0,14.58,81,MADISON,0.18,6/6/2024 12:50,6/6/2024 12:47,Price Code 1,CUSTOMER PICKUP,False,Food Bank of Northeast Georgia,01,30628.0,Colbert,USDA CANNED SALMON,Proteins
549,181869,8874,R-120,Roger's Baptist Church,484473,,FP/OP/USDA,FOOD PANTRY-Agency,YELLOW RECEIPT - SHN,F-10-10002,10,0,0,0.9,30,MADISON,0.03,6/25/2024 13:30,6/25/2024 15:46,Price Code 1,CUSTOMER PICKUP,False,Food Bank of Northeast Georgia,01,30530.0,Commerce,OUTSHINE TROPICAL SMOOTHIE CUBES,Beverages
799,172947,696,C-149,Colbert Methodist Church,476578,,FP/GNAP/USDA,FOOD PANTRY-Agency,LOCAL - LL,W-25-10000,37,0,0,6.66,37,MADISON,0.18,1/11/2024 9:56,1/11/2024 13:49,Price Code 1,CUSTOMER PICKUP,False,Sharing Floor Athens,01-SH,30628.0,Colbert,"ASSORTED SNACK ITEMS, LL",Food Misc.
1010,178860,683,F-143,Freedom C.H. Church,481474,,FP/USDA,FOOD PANTRY-Agency,BLUE RECEIPT-SHL,W-16-10001,55,0,0,9.9,55,MADISON,0.18,4/12/2024 10:31,4/12/2024 10:40,Price Code 1,CUSTOMER PICKUP,False,Sharing Floor Athens,01-SH,30662.0,Royston,MISC. FOOD BOX SHL,Food Misc.
571,175776,8922,F-122,Freedom Church of God,478404,,FP/OP/USDA,FOOD PANTRY-Agency,LOCAL - LL,N-25-11954,2,0,0,1.8,10,MADISON,0.18,2/22/2024 14:21,2/22/2024 14:22,Price Code 1,CUSTOMER PICKUP,False,Food Bank of Northeast Georgia,01,30530.0,Commerce,ATKINS VAR PACK CHOC PEANUT/CARAMEL,Food Misc.
915,177104,8981,T-122,Tabors Chapel CME Church,479725,,DIRECT ASSISTANCE,DIRECT ASSISTANCE-Agency,BLUE RECEIPT-SHL,F-15-90554,1,0,0,2.34,13,MADISON,0.18,3/13/2024 14:19,3/13/2024 12:48,Price Code 1,CUSTOMER PICKUP,False,Food Bank of Northeast Georgia,01,30633.0,Danielsville,JENNIE-O TURKEY FRANKS,Proteins
571,173193,683,F-122,Freedom Church of God,476823,,FP/OP/USDA,FOOD PANTRY-Agency,BLUE RECEIPT-SHL,W-16-10001,82,0,0,14.76,82,MADISON,0.18,1/17/2024 14:21,1/17/2024 12:01,Price Code 1,CUSTOMER PICKUP,False,Sharing Floor Athens,01-SH,30530.0,Commerce,MISC. FOOD BOX SHL,Food Misc.
410,173554,8837,C-110,Colbert First Baptist Church,477183,,FP/GNAP/USDA,FOOD PANTRY-Agency,BLUE RECEIPT-SHL,N-03-11773,4,0,0,0.0,40,MADISON,0.0,1/29/2024 12:40,1/29/2024 14:13,Price Code 1,CUSTOMER PICKUP,False,Food Bank of Northeast Georgia,01,30628.0,Colbert,MT DEW PASSSIONFRUIT PUNCH,Beverages
799,173259,696,C-149,Colbert Methodist Church,476888,,FP/GNAP/USDA,FOOD PANTRY-Agency,LOCAL - LL,W-25-10000,159,0,0,28.62,159,MADISON,0.18,1/18/2024 9:56,1/18/2024 13:54,Price Code 1,CUSTOMER PICKUP,False,Sharing Floor Athens,01-SH,30628.0,Colbert,"ASSORTED SNACK ITEMS, LL",Food Misc.
410,177602,84,C-110,Colbert First Baptist Church,480222,,FP/GNAP/USDA,FOOD PANTRY-Agency,USDA,N-50-10006,6,0,0,29.16,162,MADISON,0.18,3/22/2024 12:40,3/22/2024 10:49,Price Code 1,CUSTOMER PICKUP,False,Food Bank of Northeast Georgia,01,30628.0,Colbert,USDA GREEN BEANS,Vegetables
571,177546,4327,F-122,Freedom Church of God,480166,,FP/OP/USDA,FOOD PANTRY-Agency,USDA,N-50-10277,13,0,0,0.0,351,MADISON,0.0,3/22/2024 14:21,3/23/2024 6:46,Price Code 1,TRUCK 1 MOBILE PANTRY,False,Food Bank of Northeast Georgia,01,30530.0,Commerce,USDA GARBANZO BEANS,Proteins
571,176535,8983,F-122,Freedom Church of God,479159,,FP/OP/USDA,FOOD PANTRY-Agency,BLUE RECEIPT-SHL,F-15-90556,2,0,0,2.16,12,MADISON,0.18,3/6/2024 14:21,3/7/2024 10:32,Price Code 1,CUSTOMER PICKUP,False,Food Bank of Northeast Georgia,01,30530.0,Commerce,HORMEL MEAT LOAF W/ TOMATO SAUCE,Proteins
137,175608,5958,J-100,Jubilee Partners,478236,,FP/OP/GNAP,RESIDENTIAL-Agency,BLUE RECEIPT-SHL,C-16-10001,5,0,0,0.0,5,MADISON,0.0,2/14/2024 13:23,2/14/2024 8:59,Price Code 1,CUSTOMER PICKUP,False,Sharing Floor Athens,01-SH,30629.0,Comer,"COOLER FOOD, MISC. SHL",Food Misc.
477,173274,8919,W-117,Waggoners Grove Baptist Church,476903,,FP/OP/GNAP/USDA,FOOD PANTRY-Agency,LOCAL - LL,N-25-11951,4,0,0,1.44,8,MADISON,0.18,1/23/2024 14:38,1/23/2024 8:45,Price Code 1,CUSTOMER PICKUP,False,Food Bank of Northeast Georgia,01,30628.0,Colbert,GHIRARDELLI MILK CHOC CARAMEL,Food Misc.
571,178863,170,F-122,Freedom Church of God,481477,,FP/OP/USDA,FOOD PANTRY-Agency,USDA,N-50-10007,13,0,0,0.0,364,MADISON,0.0,4/16/2024 12:00,4/17/2024 7:07,Price Code 1,TRUCK 1 MOBILE PANTRY,False,Food Bank of Northeast Georgia,01,30530.0,Commerce,"USDA CORN, WHOLE KERNEL NO SALT",Vegetables
137,173517,5772,J-100,Jubilee Partners,477146,,FP/OP/GNAP,RESIDENTIAL-Agency,LOCAL - LL,C-28-10000,130,0,0,3.9,130,MADISON,0.03,1/24/2024 13:23,1/24/2024 8:53,Price Code 1,CUSTOMER PICKUP,False,Sharing Floor Athens,01-SH,30629.0,Comer,"PRODUCE, FRESH LL",Mixed Produce
571,181538,8975,F-122,Freedom Church of God,FAIMPORT484142,,FP/OP/USDA,FOOD PANTRY-Agency,BLUE RECEIPT-SHL,MCC-07-10001,10,0,0,0.0,10,MADISON,0.0,5/24/2024 0:00,5/24/2024 0:00,Price Code 1,CUSTOMER PICKUP,False,Food Bank of Northeast Georgia,01,30530.0,Commerce,"DAIRY PRODUCTS, SHL RETAIL PICKUPS",Dairy
571,177546,8943,F-122,Freedom Church of God,480166,,FP/OP/USDA,FOOD PANTRY-Agency,BLUE RECEIPT-SHL,C-28-90534,32,0,0,0.0,1344,MADISON,0.0,3/22/2024 14:21,3/23/2024 6:46,Price Code 1,TRUCK 1 MOBILE PANTRY,False,Food Bank of Northeast Georgia,01,30530.0,Commerce,"SWEET POTATO, SHL",Potatoes 
832,173308,8852,U-104,Union Baptist Church,476937,,FP/OP/USDA,FOOD PANTRY-Agency,PURCH,N-23-10010,2,0,0,4.68,26,MADISON,0.18,1/30/2024 11:46,2/22/2024 14:24,Price Code 1,CUSTOMER PICKUP,False,Food Bank of Northeast Georgia,01,30646.0,Hull,NUT'N BETTER CREAMY PEANUT BUTTER - RED SUGAR & SODIUM,Proteins
137,176739,690,J-100,Jubilee Partners,479362,,FP/OP/GNAP,RESIDENTIAL-Agency,BLUE RECEIPT-SHL,W-03-10013,144,0,0,0.0,144,MADISON,0.0,3/6/2024 13:23,3/6/2024 8:52,Price Code 1,CUSTOMER PICKUP,False,Sharing Floor Athens,01-SH,30629.0,Comer,"ASSORTED BEVERAGES, SHL",Beverages
549,175902,5681,R-120,Roger's Baptist Church,478530,,FP/OP/USDA,FOOD PANTRY-Agency,LOCAL - LL,C-16-10000,40,0,0,7.2,40,MADISON,0.18,2/20/2024 15:13,2/20/2024 13:59,Price Code 1,CUSTOMER PICKUP,False,Sharing Floor Athens,01-SH,30530.0,Commerce,"COOLER FOOD, MISC. LL",Food Misc.
915,173504,2098,T-122,Tabors Chapel CME Church,477133,,DIRECT ASSISTANCE,DIRECT ASSISTANCE-Agency,BLUE RECEIPT-SHL,N-03-10677,10,0,0,0.0,220,MADISON,0.0,2/1/2024 14:19,2/1/2024 10:33,Price Code 1,CUSTOMER PICKUP,False,Food Bank of Northeast Georgia,01,30633.0,Danielsville,GATORADE ORANGE,Beverages
981,181020,683,D-111,Divine Healing Ministry of Recovery Inc.,483625,,ON PREMISES (OP),REHAB-Agency,BLUE RECEIPT-SHL,W-16-10001,45,0,0,8.1,45,MADISON,0.18,5/17/2024 11:38,5/17/2024 11:43,Price Code 1,CONTACT FOR DELIVERY,False,Sharing Floor Athens,01-SH,30633.0,Commerce,MISC. FOOD BOX SHL,Food Misc.
842,180134,3943,C-153,Cedar Grove Baptist Church,482742,,FP/GNAP/USDA,FOOD PANTRY-Agency,USDA,N-50-10268,3,0,0,3.42,114,MADISON,0.03,5/8/2024 10:09,6/3/2024 7:54,Price Code 1,CUSTOMER PICKUP,False,Food Bank of Northeast Georgia,01,30629.0,Comer,USDA APPLE JUICE,Beverages
137,179134,9017,J-100,Jubilee Partners,481747,,FP/OP/GNAP,RESIDENTIAL-Agency,YELLOW RECEIPT - SHN,N-16-10182,2,0,0,4.68,26,MADISON,0.18,4/24/2024 9:00,4/24/2024 9:08,Price Code 1,CUSTOMER PICKUP,False,Food Bank of Northeast Georgia,01,30629.0,Comer,HEINZ APPLE CIDER VINEGAR,Food Misc.
729,176786,1822,C-164,Colbert Methodist Church INTHEMIDDLEMEALS,479409,,FP/GNAP/USDA,AT-RISK YOUTH-Agency,GNAP,N-40-10140,2,0,0,0.0,36,MADISON,0.0,3/14/2024 13:14,3/14/2024 13:16,Price Code 1,CUSTOMER PICKUP,False,Food Bank of Northeast Georgia,01,30628.0,Colbert,GNAP TUNA LIGHT CHUNK,Proteins
842,177227,5772,C-153,Cedar Grove Baptist Church,479847,,FP/GNAP/USDA,FOOD PANTRY-Agency,LOCAL - LL,C-28-10000,50,0,0,1.5,50,MADISON,0.03,3/13/2024 8:30,3/13/2024 10:43,Price Code 1,CUSTOMER PICKUP,False,Sharing Floor Athens,01-SH,30629.0,Comer,"PRODUCE, FRESH LL",Mixed Produce
842,176672,8914,C-153,Cedar Grove Baptist Church,479295,,FP/GNAP/USDA,FOOD PANTRY-Agency,USDA,N-50-10310,2,0,0,9.72,54,MADISON,0.18,3/13/2024 9:30,3/13/2024 11:03,Price Code 1,CUSTOMER PICKUP,False,Food Bank of Northeast Georgia,01,30629.0,Comer,USDA DICED POTATOES,Potatoes 
571,178863,8962,F-122,Freedom Church of God,481477,,FP/OP/USDA,FOOD PANTRY-Agency,BLUE RECEIPT-SHL,C-28-90539,35,0,0,0.0,1820,MADISON,0.0,4/16/2024 12:00,4/17/2024 7:07,Price Code 1,TRUCK 1 MOBILE PANTRY,False,Food Bank of Northeast Georgia,01,30530.0,Commerce,"TURNIPS, SHL",Vegetables
137,179086,5958,J-100,Jubilee Partners,481700,,FP/OP/GNAP,RESIDENTIAL-Agency,BLUE RECEIPT-SHL,C-16-10001,15,0,0,2.7,15,MADISON,0.18,4/17/2024 13:23,4/17/2024 8:37,Price Code 1,CUSTOMER PICKUP,False,Sharing Floor Athens,01-SH,30629.0,Comer,"COOLER FOOD, MISC. SHL",Food Misc.
571,178106,5938,F-122,Freedom Church of God,480725,,FP/OP/USDA,FOOD PANTRY-Agency,BLUE RECEIPT-SHL,C-28-10001,56,0,0,1.68,56,MADISON,0.03,4/2/2024 14:21,4/2/2024 10:00,Price Code 1,CUSTOMER PICKUP,False,Sharing Floor Athens,01-SH,30530.0,Commerce,"PRODUCE, FRESH SHL",Mixed Produce
799,178469,8854,C-149,Colbert Methodist Church,481085,,FP/GNAP/USDA,FOOD PANTRY-Agency,BLUE RECEIPT-SHL,N-03-11776,5,0,0,0.0,165,MADISON,0.0,4/12/2024 8:56,4/12/2024 12:23,Price Code 1,CUSTOMER PICKUP,False,Food Bank of Northeast Georgia,01,30628.0,Colbert,DR PEPPER STRAWBERRIES & CREAM,Beverages
549,175587,4715,R-120,Roger's Baptist Church,478215,,FP/OP/USDA,FOOD PANTRY-Agency,USDA,F-50-90461,3,0,0,12.0,120,MADISON,0.1,2/20/2024 13:30,2/20/2024 13:52,Price Code 1,CUSTOMER PICKUP,False,Food Bank of Northeast Georgia,01,30530.0,Commerce,USDA ALASKAN POLLACK FISH FILLETS,Proteins
915,180466,8973,T-122,Tabors Chapel CME Church,FAIMPORT483072,,DIRECT ASSISTANCE,DIRECT ASSISTANCE-Agency,BLUE RECEIPT-SHL,MCC-16-10001,18,0,0,0.0,18,MADISON,0.0,5/6/2024 0:00,5/6/2024 0:00,Price Code 1,CUSTOMER PICKUP,False,Food Bank of Northeast Georgia,01,30633.0,Danielsville,"COOLER FOOD MISC., SHL RETAIL PICKUP",Food Misc.
137,178165,5407,J-100,Jubilee Partners,480784,,FP/OP/GNAP,RESIDENTIAL-Agency,BLUE RECEIPT-SHL,F-15-10000,30,0,0,5.4,30,MADISON,0.18,4/3/2024 13:23,4/3/2024 8:50,Price Code 1,CUSTOMER PICKUP,False,Sharing Floor Athens,01-SH,30629.0,Comer,"MEAT & SEAFOOD, FROZEN SHL",Proteins
799,178399,696,C-149,Colbert Methodist Church,481015,,FP/GNAP/USDA,FOOD PANTRY-Agency,LOCAL - LL,W-25-10000,42,0,0,7.56,42,MADISON,0.18,4/5/2024 9:56,4/5/2024 13:45,Price Code 1,CUSTOMER PICKUP,False,Sharing Floor Athens,01-SH,30628.0,Colbert,"ASSORTED SNACK ITEMS, LL",Food Misc.
571,182606,688,F-122,Freedom Church of God,485209,,FP/OP/USDA,FOOD PANTRY-Agency,BLUE RECEIPT-SHL,W-01-10000,26,0,0,4.68,26,MADISON,0.18,6/27/2024 14:21,6/27/2024 10:11,Price Code 1,CUSTOMER PICKUP,False,Sharing Floor Athens,01-SH,30530.0,Commerce,"ASSORTED NON-FOOD ITEMS, SHL",Non-Food Misc.
571,182603,5407,F-122,Freedom Church of God,485206,,FP/OP/USDA,FOOD PANTRY-Agency,BLUE RECEIPT-SHL,F-15-10000,63,0,0,11.34,63,MADISON,0.18,6/26/2024 14:21,6/26/2024 15:23,Price Code 1,CUSTOMER PICKUP,False,Sharing Floor Athens,01-SH,30530.0,Commerce,"MEAT & SEAFOOD, FROZEN SHL",Proteins
371,181884,688,E-111,Evangelical Methodist Church - Danielsville,484488,,FOOD PANTRY,FOOD PANTRY-Agency,BLUE RECEIPT-SHL,W-01-10000,44,0,0,7.92,44,MADISON,0.18,6/4/2024 13:56,6/4/2024 11:26,Price Code 1,CUSTOMER PICKUP,False,Sharing Floor Athens,01-SH,30633.0,Danielsville,"ASSORTED NON-FOOD ITEMS, SHL",Non-Food Misc.
549,178348,9002,R-120,Roger's Baptist Church,480964,,FP/OP/USDA,FOOD PANTRY-Agency,BLUE RECEIPT-SHL,N-03-11821,2,0,0,0.0,20,MADISON,0.0,4/16/2024 13:30,4/16/2024 14:00,Price Code 1,CUSTOMER PICKUP,False,Food Bank of Northeast Georgia,01,30530.0,Commerce,MUG ROOT BEER,Beverages
799,172829,7298,C-149,Colbert Methodist Church,476460,,FP/GNAP/USDA,FOOD PANTRY-Agency,GNAP,N-40-10248,5,0,0,7.0,70,MADISON,0.1,1/16/2024 9:56,1/25/2024 8:57,Price Code 1,CUSTOMER PICKUP,False,Food Bank of Northeast Georgia,01,30628.0,Colbert,GNAP BAKING AND BISCUIT MIX,Grains
477,173769,8936,W-117,Waggoners Grove Baptist Church,477398,,FP/OP/GNAP/USDA,FOOD PANTRY-Agency,YELLOW RECEIPT - SHN,N-03-11806,9,0,0,0.0,297,MADISON,0.0,2/2/2024 14:38,2/2/2024 12:09,Price Code 1,CUSTOMER PICKUP,False,Food Bank of Northeast Georgia,01,30628.0,Colbert,GATORADE GLACIER FREEZE,Beverages
548,179057,2414,M-124,Moons Grove Baptist Church,481671,,FP/OP/USDA,FOOD PANTRY-Agency,USDA,N-50-10244,3,0,0,19.44,108,MADISON,0.18,4/19/2024 7:40,4/19/2024 10:26,Price Code 1,CUSTOMER PICKUP,False,Food Bank of Northeast Georgia,01,30628.0,Colbert,USDA CANNED BEEF CCC,Proteins
729,176128,1356,C-164,Colbert Methodist Church INTHEMIDDLEMEALS,478755,,FP/GNAP/USDA,AT-RISK YOUTH-Agency,GNAP,N-40-10131,4,0,0,0.0,44,MADISON,0.0,2/29/2024 8:14,3/19/2024 13:10,Price Code 1,CUSTOMER PICKUP,False,Food Bank of Northeast Georgia,01,30628.0,Colbert,GNAP CHUNK CHICKEN,Proteins
137,172846,875,J-100,Jubilee Partners,476477,,FP/OP/GNAP,RESIDENTIAL-Agency,BLUE RECEIPT-SHL,W-04-10000,9,0,0,0.0,9,MADISON,0.0,1/10/2024 13:23,1/10/2024 8:59,Price Code 1,CUSTOMER PICKUP,False,Sharing Floor Athens,01-SH,30629.0,Comer,"BREAD & BAKERY, ASSORTED SHL",Grains
915,175083,875,T-122,Tabors Chapel CME Church,477713,,DIRECT ASSISTANCE,DIRECT ASSISTANCE-Agency,BLUE RECEIPT-SHL,W-04-10000,50,0,0,0.0,50,MADISON,0.0,2/8/2024 14:19,2/9/2024 11:41,Price Code 1,CUSTOMER PICKUP,False,Food Bank of Northeast Georgia,01,30633.0,Danielsville,"BREAD & BAKERY, ASSORTED SHL",Grains
137,181179,690,J-100,Jubilee Partners,483784,,FP/OP/GNAP,RESIDENTIAL-Agency,BLUE RECEIPT-SHL,W-03-10013,70,0,0,0.0,70,MADISON,0.0,5/22/2024 13:23,5/22/2024 8:53,Price Code 1,CUSTOMER PICKUP,False,Sharing Floor Athens,01-SH,30629.0,Comer,"ASSORTED BEVERAGES, SHL",Beverages
371,178693,8972,E-111,Evangelical Methodist Church - Danielsville,FAIMPORT481308,,FOOD PANTRY,FOOD PANTRY-Agency,BLUE RECEIPT-SHL,MCF-15-10000,7,0,0,0.0,7,MADISON,0.0,4/1/2024 0:00,4/1/2024 0:00,Price Code 1,CUSTOMER PICKUP,False,Food Bank of Northeast Georgia,01,30633.0,Danielsville,"FROZEN MEAT & SEAFOOD, SHL RETAIL PICKUP",Proteins
1010,176713,8914,F-143,Freedom C.H. Church,479336,,FP/USDA,FOOD PANTRY-Agency,USDA,N-50-10310,3,0,0,14.58,81,MADISON,0.18,3/8/2024 14:53,3/8/2024 14:48,Price Code 1,CUSTOMER PICKUP,False,Food Bank of Northeast Georgia,01,30662.0,Royston,USDA DICED POTATOES,Potatoes 
915,182560,8974,T-122,Tabors Chapel CME Church,FAIMPORT485163,,DIRECT ASSISTANCE,DIRECT ASSISTANCE-Agency,BLUE RECEIPT-SHL,MCW-04-10000,46,0,0,0.0,46,MADISON,0.0,6/24/2024 0:00,6/24/2024 0:00,Price Code 1,CUSTOMER PICKUP,False,Food Bank of Northeast Georgia,01,30633.0,Danielsville,"BREAD AND BAKERY, SHL RETAIL PICKUPS",Grains
371,173472,92,E-111,Evangelical Methodist Church - Danielsville,477101,,FOOD PANTRY,FOOD PANTRY-Agency,LOCAL - LL,W-01-10002,20,0,0,0.0,20,MADISON,0.0,1/23/2024 13:56,1/23/2024 11:34,Price Code 1,CUSTOMER PICKUP,False,Sharing Floor Athens,01-SH,30633.0,Danielsville,"ASSORTED NON-FOOD ITEMS, LL",Non-Food Misc.
915,178422,8976,T-122,Tabors Chapel CME Church,FAIMPORT481038,,DIRECT ASSISTANCE,DIRECT ASSISTANCE-Agency,BLUE RECEIPT-SHL,MCC-28-10001,44,0,0,0.0,44,MADISON,0.0,4/4/2024 0:00,4/4/2024 0:00,Price Code 1,CUSTOMER PICKUP,False,Food Bank of Northeast Georgia,01,30633.0,Danielsville,"PRODUCE, SHL RETAIL PICKUPS",Mixed Produce
477,181209,683,W-117,Waggoners Grove Baptist Church,483814,,FP/OP/GNAP/USDA,FOOD PANTRY-Agency,BLUE RECEIPT-SHL,W-16-10001,38,0,0,6.84,38,MADISON,0.18,5/22/2024 14:38,5/22/2024 14:09,Price Code 1,CUSTOMER PICKUP,False,Sharing Floor Athens,01-SH,30628.0,Colbert,MISC. FOOD BOX SHL,Food Misc.
939,177459,800,M-140,Madison County MedLink Georgia,480079,,FP/USDA,FOOD PANTRY-Agency,USDA,N-50-10065,9,0,0,0.0,243,MADISON,0.0,3/21/2024 8:00,4/1/2024 8:07,Mobile Pantry/Feed Site Only,TRUCK 1 MOBILE PANTRY,False,Food Bank of Northeast Georgia,01,30628.0,Colbert,USDA APPLESAUCE,Fruits
1010,176750,5407,F-143,Freedom C.H. Church,479373,,FP/USDA,FOOD PANTRY-Agency,BLUE RECEIPT-SHL,F-15-10000,123,0,0,22.14,123,MADISON,0.18,3/6/2024 9:50,3/6/2024 9:56,Price Code 1,CUSTOMER PICKUP,False,Sharing Floor Athens,01-SH,30662.0,Royston,"MEAT & SEAFOOD, FROZEN SHL",Proteins
477,178680,690,W-117,Waggoners Grove Baptist Church,481296,,FP/OP/GNAP/USDA,FOOD PANTRY-Agency,BLUE RECEIPT-SHL,W-03-10013,269,0,0,0.0,269,MADISON,0.0,4/10/2024 14:38,4/10/2024 13:53,Price Code 1,CUSTOMER PICKUP,False,Sharing Floor Athens,01-SH,30628.0,Colbert,"ASSORTED BEVERAGES, SHL",Beverages
548,175792,2960,M-124,Moons Grove Baptist Church,478420,,FP/OP/USDA,FOOD PANTRY-Agency,USDA,N-50-10247,2,0,0,12.96,72,MADISON,0.18,2/21/2024 7:40,2/21/2024 10:36,Price Code 1,CUSTOMER PICKUP,False,Food Bank of Northeast Georgia,01,30628.0,Colbert,USDA BEEF STEW POUCHES CCC,Prepared Meals
799,181260,696,C-149,Colbert Methodist Church,483865,,FP/GNAP/USDA,FOOD PANTRY-Agency,LOCAL - LL,W-25-10000,124,0,0,22.32,124,MADISON,0.18,5/23/2024 9:56,5/23/2024 13:50,Price Code 1,CUSTOMER PICKUP,False,Sharing Floor Athens,01-SH,30628.0,Colbert,"ASSORTED SNACK ITEMS, LL",Food Misc.
690,177380,5772,H-156,Huff Grove Baptist Church,480000,,FOOD PANTRY,FOOD PANTRY-Agency,LOCAL - LL,C-28-10000,63,0,0,1.89,63,MADISON,0.03,3/15/2024 12:04,3/15/2024 14:10,Price Code 1,CUSTOMER PICKUP,False,Sharing Floor Athens,01-SH,30656.0,Nicholson,"PRODUCE, FRESH LL",Mixed Produce
915,178478,8781,T-122,Tabors Chapel CME Church,481094,,DIRECT ASSISTANCE,DIRECT ASSISTANCE-Agency,BLUE RECEIPT-SHL,N-03-11753,10,0,0,0.0,230,MADISON,0.0,4/10/2024 14:19,4/10/2024 10:27,Price Code 1,CUSTOMER PICKUP,False,Food Bank of Northeast Georgia,01,30633.0,Danielsville,PURE LEAF SWEET TEA,Beverages
137,176739,5407,J-100,Jubilee Partners,479362,,FP/OP/GNAP,RESIDENTIAL-Agency,BLUE RECEIPT-SHL,F-15-10000,32,0,0,5.76,32,MADISON,0.18,3/6/2024 13:23,3/6/2024 8:52,Price Code 1,CUSTOMER PICKUP,False,Sharing Floor Athens,01-SH,30629.0,Comer,"MEAT & SEAFOOD, FROZEN SHL",Proteins
548,175792,842,M-124,Moons Grove Baptist Church,478420,,FP/OP/USDA,FOOD PANTRY-Agency,USDA,N-50-10021,2,0,0,9.72,54,MADISON,0.18,2/21/2024 7:40,2/21/2024 10:36,Price Code 1,CUSTOMER PICKUP,False,Food Bank of Northeast Georgia,01,30628.0,Colbert,USDA DICED TOMATOES NO SALT CCC,Vegetables
548,181825,1047,M-124,Moons Grove Baptist Church,484429,,FP/OP/USDA,FOOD PANTRY-Agency,USDA,N-50-10041,2,0,0,17.64,98,MADISON,0.18,6/6/2024 12:50,6/6/2024 12:47,Price Code 1,CUSTOMER PICKUP,False,Food Bank of Northeast Georgia,01,30628.0,Colbert,USDA RICE,Grains
571,178806,8698,F-122,Freedom Church of God,481420,,FP/OP/USDA,FOOD PANTRY-Agency,LOCAL - LL,F-88-10000,1045,0,0,0.0,1045,MADISON,0.0,4/16/2024 14:21,4/16/2024 9:12,Price Code 1,CUSTOMER PICKUP,False,Food Bank of Northeast Georgia,01,30530.0,Commerce,LFPA GROUND BEEF CHUBS,Proteins
1010,176713,5088,F-143,Freedom C.H. Church,479336,,FP/USDA,FOOD PANTRY-Agency,USDA,F-50-90023,5,0,0,0.0,125,MADISON,0.0,3/8/2024 14:53,3/8/2024 14:48,Price Code 1,CUSTOMER PICKUP,False,Food Bank of Northeast Georgia,01,30662.0,Royston,USDA FROZEN PEACHES CCC,Fruits
519,176074,696,C-140,Colbert Living Waters Holiness Church,478701,,FP/OP/USDA,FOOD PANTRY-Agency,LOCAL - LL,W-25-10000,73,0,0,0.0,73,MADISON,0.0,2/23/2024 14:56,2/23/2024 8:40,Price Code 1,CUSTOMER PICKUP,False,Sharing Floor Athens,01-SH,30628.0,Colbert,"ASSORTED SNACK ITEMS, LL",Food Misc.
477,173805,8929,W-117,Waggoners Grove Baptist Church,477434,,FP/OP/GNAP/USDA,FOOD PANTRY-Agency,BLUE RECEIPT-SHL,N-03-11804,2,0,0,0.0,36,MADISON,0.0,2/2/2024 11:00,2/2/2024 10:34,Price Code 1,CUSTOMER PICKUP,False,Food Bank of Northeast Georgia,01,30628.0,Colbert,GATORADE GRAPE LOWER SUGAR,Beverages
477,175187,7356,W-117,Waggoners Grove Baptist Church,477816,,FP/OP/GNAP/USDA,FOOD PANTRY-Agency,BLUE RECEIPT-SHL,N-03-11217,10,0,0,0.0,330,MADISON,0.0,2/14/2024 10:00,2/14/2024 9:40,Price Code 1,CUSTOMER PICKUP,False,Food Bank of Northeast Georgia,01,30628.0,Colbert,MT DEW MAUI BURST,Beverages
842,180134,1791,C-153,Cedar Grove Baptist Church,482742,,FP/GNAP/USDA,FOOD PANTRY-Agency,USDA,N-50-10079,2,0,0,9.36,52,MADISON,0.18,5/8/2024 10:09,6/3/2024 7:54,Price Code 1,CUSTOMER PICKUP,False,Food Bank of Northeast Georgia,01,30629.0,Comer,USDA WALNUT HALVES AND PIECES,Proteins
371,179444,683,E-111,Evangelical Methodist Church - Danielsville,482057,,FOOD PANTRY,FOOD PANTRY-Agency,BLUE RECEIPT-SHL,W-16-10001,10,0,0,1.8,10,MADISON,0.18,4/23/2024 13:56,4/23/2024 11:19,Price Code 1,CUSTOMER PICKUP,False,Sharing Floor Athens,01-SH,30633.0,Danielsville,MISC. FOOD BOX SHL,Food Misc.
477,172214,8869,W-117,Waggoners Grove Baptist Church,475845,,FP/OP/GNAP/USDA,FOOD PANTRY-Agency,YELLOW RECEIPT - SHN,N-20-10004,30,0,0,16.2,90,MADISON,0.18,1/11/2024 10:00,1/11/2024 12:15,Price Code 1,CUSTOMER PICKUP,False,Food Bank of Northeast Georgia,01,30628.0,Colbert,PAMPERS PREEMIE SWADDLERS,Non-Food Misc.
548,179057,842,M-124,Moons Grove Baptist Church,481671,,FP/OP/USDA,FOOD PANTRY-Agency,USDA,N-50-10021,3,0,0,14.58,81,MADISON,0.18,4/19/2024 7:40,4/19/2024 10:26,Price Code 1,CUSTOMER PICKUP,False,Food Bank of Northeast Georgia,01,30628.0,Colbert,USDA DICED TOMATOES NO SALT CCC,Vegetables
571,181230,1898,F-122,Freedom Church of God,483835,,FP/OP/USDA,FOOD PANTRY-Agency,BLUE RECEIPT-SHL,N-03-10626,5,0,0,0.0,170,MADISON,0.0,5/23/2024 14:21,5/23/2024 11:32,Price Code 1,CUSTOMER PICKUP,False,Food Bank of Northeast Georgia,01,30530.0,Commerce,"GREEN TEA W/ CITRUS, DIET LIPTON",Beverages
371,182327,690,E-111,Evangelical Methodist Church - Danielsville,484931,,FOOD PANTRY,FOOD PANTRY-Agency,BLUE RECEIPT-SHL,W-03-10013,197,0,0,0.0,197,MADISON,0.0,6/18/2024 13:56,6/18/2024 11:37,Price Code 1,CUSTOMER PICKUP,False,Sharing Floor Athens,01-SH,30633.0,Danielsville,"ASSORTED BEVERAGES, SHL",Beverages
836,177995,8851,G-122,Gordon's Chapel Methodist Church,480614,,FP/USDA,FOOD PANTRY-Agency,PURCH,N-11-11071,3,0,0,3.24,18,MADISON,0.18,4/10/2024 14:20,4/10/2024 12:37,Price Code 1,CUSTOMER PICKUP,False,Food Bank of Northeast Georgia,01,30646.0,Hull,"CHICKEN STUFFING, PREMIER PANTRY",Prepared Meals
799,172496,1047,C-149,Colbert Methodist Church,476127,,FP/GNAP/USDA,FOOD PANTRY-Agency,USDA,N-50-10041,1,0,0,8.82,49,MADISON,0.18,1/8/2024 9:56,1/8/2024 12:46,Price Code 1,CUSTOMER PICKUP,False,Food Bank of Northeast Georgia,01,30628.0,Colbert,USDA RICE,Grains
842,178373,3943,C-153,Cedar Grove Baptist Church,480989,,FP/GNAP/USDA,FOOD PANTRY-Agency,USDA,N-50-10268,3,0,0,3.42,114,MADISON,0.03,4/10/2024 10:00,4/10/2024 11:05,Price Code 1,CUSTOMER PICKUP,False,Food Bank of Northeast Georgia,01,30629.0,Comer,USDA APPLE JUICE,Beverages
915,179791,8975,T-122,Tabors Chapel CME Church,FAIMPORT482404,,DIRECT ASSISTANCE,DIRECT ASSISTANCE-Agency,BLUE RECEIPT-SHL,MCC-07-10001,22,0,0,0.0,22,MADISON,0.0,4/25/2024 0:00,4/25/2024 0:00,Price Code 1,CUSTOMER PICKUP,False,Food Bank of Northeast Georgia,01,30633.0,Danielsville,"DAIRY PRODUCTS, SHL RETAIL PICKUPS",Dairy
1010,176713,8690,F-143,Freedom C.H. Church,479336,,FP/USDA,FOOD PANTRY-Agency,USDA,N-50-10302,5,0,0,12.6,70,MADISON,0.18,3/8/2024 14:53,3/8/2024 14:48,Price Code 1,CUSTOMER PICKUP,False,Food Bank of Northeast Georgia,01,30662.0,Royston,USDA GREEN BEANS CCC,Vegetables
915,177798,8970,T-122,Tabors Chapel CME Church,FAIMPORT480417,,DIRECT ASSISTANCE,DIRECT ASSISTANCE-Agency,BLUE RECEIPT-SHL,MCW-16-10001,14,0,0,0.0,14,MADISON,0.0,3/18/2024 0:00,3/18/2024 0:00,Price Code 1,CUSTOMER PICKUP,False,Food Bank of Northeast Georgia,01,30633.0,Danielsville,"MISC. FOOD BOX, SHL RETAIL PICKUP",Food Misc.
981,178813,5938,D-111,Divine Healing Ministry of Recovery Inc.,481427,,ON PREMISES (OP),REHAB-Agency,BLUE RECEIPT-SHL,C-28-10001,30,0,0,0.9,30,MADISON,0.03,4/11/2024 11:29,4/11/2024 11:31,Price Code 1,CONTACT FOR DELIVERY,False,Sharing Floor Athens,01-SH,30633.0,Commerce,"PRODUCE, FRESH SHL",Mixed Produce
137,176343,683,J-100,Jubilee Partners,478968,,FP/OP/GNAP,RESIDENTIAL-Agency,BLUE RECEIPT-SHL,W-16-10001,96,0,0,17.28,96,MADISON,0.18,2/28/2024 13:23,2/28/2024 8:30,Price Code 1,CUSTOMER PICKUP,False,Sharing Floor Athens,01-SH,30629.0,Comer,MISC. FOOD BOX SHL,Food Misc.
571,179757,8834,F-122,Freedom Church of God,482370,,FP/OP/USDA,FOOD PANTRY-Agency,BLUE RECEIPT-SHL,N-03-11770,3,0,0,0.0,30,MADISON,0.0,5/2/2024 14:21,5/2/2024 9:09,Price Code 1,CUSTOMER PICKUP,False,Food Bank of Northeast Georgia,01,30530.0,Commerce,MT DEW ZERO SUGAR,Beverages
137,172454,875,J-100,Jubilee Partners,476085,,FP/OP/GNAP,RESIDENTIAL-Agency,BLUE RECEIPT-SHL,W-04-10000,11,0,0,0.0,11,MADISON,0.0,1/3/2024 13:23,1/3/2024 8:44,Price Code 1,CUSTOMER PICKUP,False,Sharing Floor Athens,01-SH,30629.0,Comer,"BREAD & BAKERY, ASSORTED SHL",Grains
137,172846,683,J-100,Jubilee Partners,476477,,FP/OP/GNAP,RESIDENTIAL-Agency,BLUE RECEIPT-SHL,W-16-10001,147,0,0,0.0,147,MADISON,0.0,1/10/2024 13:23,1/10/2024 8:59,Price Code 1,CUSTOMER PICKUP,False,Sharing Floor Athens,01-SH,30629.0,Comer,MISC. FOOD BOX SHL,Food Misc.
981,175079,8916,D-111,Divine Healing Ministry of Recovery Inc.,477709,,ON PREMISES (OP),REHAB-Agency,BLUE RECEIPT-SHL,N-03-11799,6,0,0,0.0,72,MADISON,0.0,2/7/2024 0:05,2/8/2024 14:05,Price Code 1,CONTACT FOR DELIVERY,False,Food Bank of Northeast Georgia,01,30633.0,Commerce,MONSTER COLD BREW LATTE,Beverages
477,180755,7061,W-117,Waggoners Grove Baptist Church,483361,,FP/OP/GNAP/USDA,FOOD PANTRY-Agency,USDA,C-50-10021,6,0,0,7.56,252,MADISON,0.03,5/17/2024 11:15,5/20/2024 10:32,Price Code 1,CUSTOMER PICKUP,False,Food Bank of Northeast Georgia,01,30628.0,Colbert,USDA FRESH ORANGES,Fruits
137,179086,92,J-100,Jubilee Partners,481700,,FP/OP/GNAP,RESIDENTIAL-Agency,LOCAL - LL,W-01-10002,12,0,0,2.16,12,MADISON,0.18,4/17/2024 13:23,4/17/2024 8:37,Price Code 1,CUSTOMER PICKUP,False,Sharing Floor Athens,01-SH,30629.0,Comer,"ASSORTED NON-FOOD ITEMS, LL",Non-Food Misc.
939,177459,4327,M-140,Madison County MedLink Georgia,480079,,FP/USDA,FOOD PANTRY-Agency,USDA,N-50-10277,9,0,0,0.0,243,MADISON,0.0,3/21/2024 8:00,4/1/2024 8:07,Mobile Pantry/Feed Site Only,TRUCK 1 MOBILE PANTRY,False,Food Bank of Northeast Georgia,01,30628.0,Colbert,USDA GARBANZO BEANS,Proteins
915,178701,8975,T-122,Tabors Chapel CME Church,FAIMPORT481315,,DIRECT ASSISTANCE,DIRECT ASSISTANCE-Agency,BLUE RECEIPT-SHL,MCC-07-10001,182,0,0,0.0,182,MADISON,0.0,4/8/2024 0:00,4/8/2024 0:00,Price Code 1,CUSTOMER PICKUP,False,Food Bank of Northeast Georgia,01,30633.0,Danielsville,"DAIRY PRODUCTS, SHL RETAIL PICKUPS",Dairy
981,177365,8948,D-111,Divine Healing Ministry of Recovery Inc.,479985,,ON PREMISES (OP),REHAB-Agency,BLUE RECEIPT-SHL,N-03-11812,1,0,0,0.0,36,MADISON,0.0,3/15/2024 10:46,3/15/2024 11:01,Price Code 1,CUSTOMER PICKUP,False,Food Bank of Northeast Georgia,01,30633.0,Commerce,LIPTON DIET GREEN CITRUS TEA,Beverages
842,172527,6981,C-153,Cedar Grove Baptist Church,476158,,FP/GNAP/USDA,FOOD PANTRY-Agency,USDA,C-50-10018,4,0,0,0.0,76,MADISON,0.0,1/10/2024 10:00,1/10/2024 11:07,Price Code 1,CUSTOMER PICKUP,False,Food Bank of Northeast Georgia,01,30629.0,Comer,USDA FRESH TABLE GRAPES CCC,Fruits
915,172589,8908,T-122,Tabors Chapel CME Church,476220,,DIRECT ASSISTANCE,DIRECT ASSISTANCE-Agency,YELLOW RECEIPT - SHN,F-16-90437,2,0,0,14.76,82,MADISON,0.18,1/11/2024 14:19,1/11/2024 10:44,Price Code 1,CUSTOMER PICKUP,False,Food Bank of Northeast Georgia,01,30633.0,Danielsville,"JIMMY DEAN CROISSANT, SAUSAGE, EGG & CHEESE",Prepared Meals
799,180752,8512,C-149,Colbert Methodist Church,483358,,FP/GNAP/USDA,FOOD PANTRY-Agency,USDA,C-50-10049,4,0,0,0.0,156,MADISON,0.0,5/16/2024 11:00,5/16/2024 14:52,Price Code 1,CUSTOMER PICKUP,False,Food Bank of Northeast Georgia,01,30628.0,Colbert,USDA GRAPEFRUIT CCC,Fruits
915,182560,8975,T-122,Tabors Chapel CME Church,FAIMPORT485163,,DIRECT ASSISTANCE,DIRECT ASSISTANCE-Agency,BLUE RECEIPT-SHL,MCC-07-10001,25,0,0,0.0,25,MADISON,0.0,6/24/2024 0:00,6/24/2024 0:00,Price Code 1,CUSTOMER PICKUP,False,Food Bank of Northeast Georgia,01,30633.0,Danielsville,"DAIRY PRODUCTS, SHL RETAIL PICKUPS",Dairy
799,175070,3204,C-149,Colbert Methodist Church,477700,,FP/GNAP/USDA,FOOD PANTRY-Agency,GNAP,N-40-10217,6,0,0,5.4,54,MADISON,0.1,2/7/2024 9:56,2/7/2024 11:19,Price Code 1,CUSTOMER PICKUP,False,Food Bank of Northeast Georgia,01,30628.0,Colbert,GNAP CANNED HAM,Proteins
799,176127,8837,C-149,Colbert Methodist Church,478754,,FP/GNAP/USDA,FOOD PANTRY-Agency,BLUE RECEIPT-SHL,N-03-11773,12,0,0,0.0,120,MADISON,0.0,3/1/2024 8:56,3/1/2024 12:32,Price Code 1,CUSTOMER PICKUP,False,Food Bank of Northeast Georgia,01,30628.0,Colbert,MT DEW PASSSIONFRUIT PUNCH,Beverages
548,181825,4327,M-124,Moons Grove Baptist Church,484429,,FP/OP/USDA,FOOD PANTRY-Agency,USDA,N-50-10277,2,0,0,9.72,54,MADISON,0.18,6/6/2024 12:50,6/6/2024 12:47,Price Code 1,CUSTOMER PICKUP,False,Food Bank of Northeast Georgia,01,30628.0,Colbert,USDA GARBANZO BEANS,Proteins
571,182136,8974,F-122,Freedom Church of God,FAIMPORT484740,,FP/OP/USDA,FOOD PANTRY-Agency,BLUE RECEIPT-SHL,MCW-04-10000,15,0,0,0.0,15,MADISON,0.0,6/10/2024 0:00,6/10/2024 0:00,Price Code 1,CUSTOMER PICKUP,False,Food Bank of Northeast Georgia,01,30530.0,Commerce,"BREAD AND BAKERY, SHL RETAIL PICKUPS",Grains
137,181912,5938,J-100,Jubilee Partners,484516,,FP/OP/GNAP,RESIDENTIAL-Agency,BLUE RECEIPT-SHL,C-28-10001,303,0,0,9.09,303,MADISON,0.03,6/5/2024 13:23,6/5/2024 8:56,Price Code 1,CUSTOMER PICKUP,False,Sharing Floor Athens,01-SH,30629.0,Comer,"PRODUCE, FRESH SHL",Mixed Produce
832,173308,8914,U-104,Union Baptist Church,476937,,FP/OP/USDA,FOOD PANTRY-Agency,USDA,N-50-10310,2,0,0,9.72,54,MADISON,0.18,1/30/2024 11:46,2/22/2024 14:24,Price Code 1,CUSTOMER PICKUP,False,Food Bank of Northeast Georgia,01,30646.0,Hull,USDA DICED POTATOES,Potatoes 
137,180840,688,J-100,Jubilee Partners,483446,,FP/OP/GNAP,RESIDENTIAL-Agency,BLUE RECEIPT-SHL,W-01-10000,3,0,0,0.54,3,MADISON,0.18,5/15/2024 13:23,5/15/2024 8:42,Price Code 1,CUSTOMER PICKUP,False,Sharing Floor Athens,01-SH,30629.0,Comer,"ASSORTED NON-FOOD ITEMS, SHL",Non-Food Misc.
371,179873,683,E-111,Evangelical Methodist Church - Danielsville,482484,,FOOD PANTRY,FOOD PANTRY-Agency,BLUE RECEIPT-SHL,W-16-10001,105,0,0,0.0,105,MADISON,0.0,4/30/2024 13:56,4/30/2024 11:26,Price Code 1,CUSTOMER PICKUP,False,Sharing Floor Athens,01-SH,30633.0,Danielsville,MISC. FOOD BOX SHL,Food Misc.
137,175936,683,J-100,Jubilee Partners,478564,,FP/OP/GNAP,RESIDENTIAL-Agency,BLUE RECEIPT-SHL,W-16-10001,64,0,0,11.52,64,MADISON,0.18,2/21/2024 13:23,2/21/2024 8:53,Price Code 1,CUSTOMER PICKUP,False,Sharing Floor Athens,01-SH,30629.0,Comer,MISC. FOOD BOX SHL,Food Misc.
477,175633,1045,W-117,Waggoners Grove Baptist Church,478261,,FP/OP/GNAP/USDA,FOOD PANTRY-Agency,BLUE RECEIPT-SHL,W-25-10009,9,0,0,1.62,9,MADISON,0.18,2/14/2024 14:38,2/23/2024 10:28,Price Code 1,CUSTOMER PICKUP,False,Sharing Floor Athens,01-SH,30628.0,Colbert,"ASSORTED SNACK ITEMS, SHL",Food Misc.
915,178189,8973,T-122,Tabors Chapel CME Church,FAIMPORT480807,,DIRECT ASSISTANCE,DIRECT ASSISTANCE-Agency,BLUE RECEIPT-SHL,MCC-16-10001,57,0,0,0.0,57,MADISON,0.0,3/25/2024 0:00,3/25/2024 0:00,Price Code 1,CUSTOMER PICKUP,False,Food Bank of Northeast Georgia,01,30633.0,Danielsville,"COOLER FOOD MISC., SHL RETAIL PICKUP",Food Misc.
915,180467,8974,T-122,Tabors Chapel CME Church,FAIMPORT483073,,DIRECT ASSISTANCE,DIRECT ASSISTANCE-Agency,BLUE RECEIPT-SHL,MCW-04-10000,2,0,0,0.0,2,MADISON,0.0,5/6/2024 0:00,5/6/2024 0:00,Price Code 1,CUSTOMER PICKUP,False,Food Bank of Northeast Georgia,01,30633.0,Danielsville,"BREAD AND BAKERY, SHL RETAIL PICKUPS",Grains
842,172527,7082,C-153,Cedar Grove Baptist Church,476158,,FP/GNAP/USDA,FOOD PANTRY-Agency,USDA,C-50-10033,5,0,0,10.8,60,MADISON,0.18,1/10/2024 10:00,1/10/2024 11:07,Price Code 1,CUSTOMER PICKUP,False,Food Bank of Northeast Georgia,01,30629.0,Comer,USDA SHREDDED YELLOW CHEDDAR CHEESE CCC,Dairy
477,180826,9060,W-117,Waggoners Grove Baptist Church,483432,,FP/OP/GNAP/USDA,FOOD PANTRY-Agency,LOCAL - LL,N-12-10106,10,0,0,0.0,70,MADISON,0.0,5/20/2024 11:00,5/20/2024 14:46,Price Code 1,CUSTOMER PICKUP,False,Food Bank of Northeast Georgia,01,30628.0,Colbert,PURCOL MOISTURIZING HAND SANITIZER,Non-Food Misc.
137,177197,5388,J-100,Jubilee Partners,479818,,FP/OP/GNAP,RESIDENTIAL-Agency,BLUE RECEIPT-SHL,F-16-10001,15,0,0,2.7,15,MADISON,0.18,3/13/2024 13:23,3/13/2024 8:48,Price Code 1,CUSTOMER PICKUP,False,Sharing Floor Athens,01-SH,30629.0,Comer,"ASSORTED FROZEN FOODS, SHL",Food Misc.
915,182123,8972,T-122,Tabors Chapel CME Church,FAIMPORT484727,,DIRECT ASSISTANCE,DIRECT ASSISTANCE-Agency,BLUE RECEIPT-SHL,MCF-15-10000,15,0,0,0.0,15,MADISON,0.0,6/3/2024 0:00,6/3/2024 0:00,Price Code 1,CUSTOMER PICKUP,False,Food Bank of Northeast Georgia,01,30633.0,Danielsville,"FROZEN MEAT & SEAFOOD, SHL RETAIL PICKUP",Proteins
549,177565,875,R-120,Roger's Baptist Church,480185,,FP/OP/USDA,FOOD PANTRY-Agency,BLUE RECEIPT-SHL,W-04-10000,17,0,0,0.0,17,MADISON,0.0,3/19/2024 15:13,3/19/2024 13:59,Price Code 1,CUSTOMER PICKUP,False,Sharing Floor Athens,01-SH,30530.0,Commerce,"BREAD & BAKERY, ASSORTED SHL",Grains
571,176159,8939,F-122,Freedom Church of God,478786,,FP/OP/USDA,FOOD PANTRY-Agency,BLUE RECEIPT-SHL,C-28-90530,1,0,0,0.0,42,MADISON,0.0,2/26/2024 14:21,2/26/2024 9:14,Price Code 1,CUSTOMER PICKUP,False,Food Bank of Northeast Georgia,01,30530.0,Commerce,"APPLES, SHL",Fruits
548,173318,4376,M-124,Moons Grove Baptist Church,476947,,FP/OP/USDA,FOOD PANTRY-Agency,USDA,N-50-10291,2,0,0,9.0,50,MADISON,0.18,1/23/2024 7:40,2/20/2024 13:37,Price Code 1,CUSTOMER PICKUP,False,Food Bank of Northeast Georgia,01,30628.0,Colbert,USDA GARBANZO BEANS,Proteins
915,176483,8854,T-122,Tabors Chapel CME Church,479107,,DIRECT ASSISTANCE,DIRECT ASSISTANCE-Agency,BLUE RECEIPT-SHL,N-03-11776,1,0,0,0.0,33,MADISON,0.0,3/7/2024 14:19,3/7/2024 9:57,Price Code 1,CUSTOMER PICKUP,False,Food Bank of Northeast Georgia,01,30633.0,Danielsville,DR PEPPER STRAWBERRIES & CREAM,Beverages
915,178422,8970,T-122,Tabors Chapel CME Church,FAIMPORT481038,,DIRECT ASSISTANCE,DIRECT ASSISTANCE-Agency,BLUE RECEIPT-SHL,MCW-16-10001,2,0,0,0.0,2,MADISON,0.0,4/4/2024 0:00,4/4/2024 0:00,Price Code 1,CUSTOMER PICKUP,False,Food Bank of Northeast Georgia,01,30633.0,Danielsville,"MISC. FOOD BOX, SHL RETAIL PICKUP",Food Misc.
981,180169,1045,D-111,Divine Healing Ministry of Recovery Inc.,482775,,ON PREMISES (OP),REHAB-Agency,BLUE RECEIPT-SHL,W-25-10009,59,0,0,10.62,59,MADISON,0.18,5/3/2024 10:43,5/3/2024 10:48,Price Code 1,CONTACT FOR DELIVERY,False,Sharing Floor Athens,01-SH,30633.0,Commerce,"ASSORTED SNACK ITEMS, SHL",Food Misc.
729,173147,8852,C-164,Colbert Methodist Church INTHEMIDDLEMEALS,476777,,FP/GNAP/USDA,AT-RISK YOUTH-Agency,PURCH,N-23-10010,4,0,0,9.36,52,MADISON,0.18,1/23/2024 8:14,1/23/2024 10:06,Price Code 1,CUSTOMER PICKUP,False,Food Bank of Northeast Georgia,01,30628.0,Colbert,NUT'N BETTER CREAMY PEANUT BUTTER - RED SUGAR & SODIUM,Proteins
571,178215,8972,F-122,Freedom Church of God,FAIMPORT480833,,FP/OP/USDA,FOOD PANTRY-Agency,BLUE RECEIPT-SHL,MCF-15-10000,2,0,0,0.0,2,MADISON,0.0,3/22/2024 0:00,3/22/2024 0:00,Price Code 1,CUSTOMER PICKUP,False,Food Bank of Northeast Georgia,01,30530.0,Commerce,"FROZEN MEAT & SEAFOOD, SHL RETAIL PICKUP",Proteins
477,173199,5477,W-117,Waggoners Grove Baptist Church,476829,,FP/OP/GNAP/USDA,FOOD PANTRY-Agency,LOCAL - LL,F-15-10001,111,0,0,19.98,111,MADISON,0.18,1/17/2024 14:38,1/17/2024 13:49,Price Code 1,CUSTOMER PICKUP,False,Sharing Floor Athens,01-SH,30628.0,Colbert,"MEAT & SEAFOOD, FROZEN LOCAL",Proteins
915,179793,8975,T-122,Tabors Chapel CME Church,FAIMPORT482406,,DIRECT ASSISTANCE,DIRECT ASSISTANCE-Agency,BLUE RECEIPT-SHL,MCC-07-10001,56,0,0,0.0,56,MADISON,0.0,4/25/2024 0:00,4/25/2024 0:00,Price Code 1,CUSTOMER PICKUP,False,Food Bank of Northeast Georgia,01,30633.0,Danielsville,"DAIRY PRODUCTS, SHL RETAIL PICKUPS",Dairy
571,176817,8971,F-122,Freedom Church of God,FAIMPORT479439,,FP/OP/USDA,FOOD PANTRY-Agency,BLUE RECEIPT-SHL,MCF-16-10001,6,0,0,0.0,6,MADISON,0.0,3/1/2024 0:00,3/1/2024 0:00,Price Code 1,CUSTOMER PICKUP,False,Food Bank of Northeast Georgia,01,30530.0,Commerce,"FROZEN FOODS, MISC SHL RETAIL PICKUP",Food Misc.
571,172819,8880,F-122,Freedom Church of God,476450,,FP/OP/USDA,FOOD PANTRY-Agency,YELLOW RECEIPT - SHN,N-03-11785,2,0,0,0.0,70,MADISON,0.0,1/12/2024 14:21,1/12/2024 12:55,Price Code 1,CUSTOMER PICKUP,False,Food Bank of Northeast Georgia,01,30530.0,Commerce,GATORADE G2 GLACIER FREEZE,Beverages
548,179057,1674,M-124,Moons Grove Baptist Church,481671,,FP/OP/USDA,FOOD PANTRY-Agency,USDA,N-50-10073,3,0,0,14.58,81,MADISON,0.18,4/19/2024 7:40,4/19/2024 10:26,Price Code 1,CUSTOMER PICKUP,False,Food Bank of Northeast Georgia,01,30628.0,Colbert,USDA TOMATO SAUCE,Vegetables
137,181493,1045,J-100,Jubilee Partners,484097,,FP/OP/GNAP,RESIDENTIAL-Agency,BLUE RECEIPT-SHL,W-25-10009,92,0,0,16.56,92,MADISON,0.18,5/29/2024 13:23,5/29/2024 8:51,Price Code 1,CUSTOMER PICKUP,False,Sharing Floor Athens,01-SH,30629.0,Comer,"ASSORTED SNACK ITEMS, SHL",Food Misc.
799,172829,3954,C-149,Colbert Methodist Church,476460,,FP/GNAP/USDA,FOOD PANTRY-Agency,GNAP,N-40-10164,3,0,0,8.1,81,MADISON,0.1,1/16/2024 9:56,1/25/2024 8:57,Price Code 1,CUSTOMER PICKUP,False,Food Bank of Northeast Georgia,01,30628.0,Colbert,"GNAP GREEN PEAS, LOW SODIUM",Proteins
915,182123,8975,T-122,Tabors Chapel CME Church,FAIMPORT484727,,DIRECT ASSISTANCE,DIRECT ASSISTANCE-Agency,BLUE RECEIPT-SHL,MCC-07-10001,11,0,0,0.0,11,MADISON,0.0,6/3/2024 0:00,6/3/2024 0:00,Price Code 1,CUSTOMER PICKUP,False,Food Bank of Northeast Georgia,01,30633.0,Danielsville,"DAIRY PRODUCTS, SHL RETAIL PICKUPS",Dairy
915,181285,8976,T-122,Tabors Chapel CME Church,FAIMPORT483890,,DIRECT ASSISTANCE,DIRECT ASSISTANCE-Agency,BLUE RECEIPT-SHL,MCC-28-10001,65,0,0,0.0,65,MADISON,0.0,5/20/2024 0:00,5/20/2024 0:00,Price Code 1,CUSTOMER PICKUP,False,Food Bank of Northeast Georgia,01,30633.0,Danielsville,"PRODUCE, SHL RETAIL PICKUPS",Mixed Produce
477,173156,8915,W-117,Waggoners Grove Baptist Church,476786,,FP/OP/GNAP/USDA,FOOD PANTRY-Agency,USDA,F-50-90474,3,0,0,21.6,120,MADISON,0.18,1/19/2024 14:38,1/19/2024 14:01,Price Code 1,CUSTOMER PICKUP,False,Food Bank of Northeast Georgia,01,30628.0,Colbert,USDA PACIFIC SALAD SHRIMP,Proteins
137,181493,690,J-100,Jubilee Partners,484097,,FP/OP/GNAP,RESIDENTIAL-Agency,BLUE RECEIPT-SHL,W-03-10013,86,0,0,0.0,86,MADISON,0.0,5/29/2024 13:23,5/29/2024 8:51,Price Code 1,CUSTOMER PICKUP,False,Sharing Floor Athens,01-SH,30629.0,Comer,"ASSORTED BEVERAGES, SHL",Beverages
915,182361,8976,T-122,Tabors Chapel CME Church,FAIMPORT484965,,DIRECT ASSISTANCE,DIRECT ASSISTANCE-Agency,BLUE RECEIPT-SHL,MCC-28-10001,44,0,0,0.0,44,MADISON,0.0,6/13/2024 0:00,6/13/2024 0:00,Price Code 1,CUSTOMER PICKUP,False,Food Bank of Northeast Georgia,01,30633.0,Danielsville,"PRODUCE, SHL RETAIL PICKUPS",Mixed Produce
477,173769,8937,W-117,Waggoners Grove Baptist Church,477398,,FP/OP/GNAP/USDA,FOOD PANTRY-Agency,BLUE RECEIPT-SHL,N-03-11807,15,0,0,0.0,270,MADISON,0.0,2/2/2024 14:38,2/2/2024 12:09,Price Code 1,CUSTOMER PICKUP,False,Food Bank of Northeast Georgia,01,30628.0,Colbert,GATORADE LEMON LIME ZERO SUGAR,Beverages
137,172454,5772,J-100,Jubilee Partners,476085,,FP/OP/GNAP,RESIDENTIAL-Agency,LOCAL - LL,C-28-10000,210,0,0,6.3,210,MADISON,0.03,1/3/2024 13:23,1/3/2024 8:44,Price Code 1,CUSTOMER PICKUP,False,Sharing Floor Athens,01-SH,30629.0,Comer,"PRODUCE, FRESH LL",Mixed Produce
915,177186,8971,T-122,Tabors Chapel CME Church,FAIMPORT479807,,DIRECT ASSISTANCE,DIRECT ASSISTANCE-Agency,BLUE RECEIPT-SHL,MCF-16-10001,6,0,0,0.0,6,MADISON,0.0,3/11/2024 0:00,3/11/2024 0:00,Price Code 1,CUSTOMER PICKUP,False,Food Bank of Northeast Georgia,01,30633.0,Danielsville,"FROZEN FOODS, MISC SHL RETAIL PICKUP",Food Misc.
477,175187,8625,W-117,Waggoners Grove Baptist Church,477816,,FP/OP/GNAP/USDA,FOOD PANTRY-Agency,BLUE RECEIPT-SHL,N-03-11261,5,0,0,0.0,165,MADISON,0.0,2/14/2024 10:00,2/14/2024 9:40,Price Code 1,CUSTOMER PICKUP,False,Food Bank of Northeast Georgia,01,30628.0,Colbert,STARRY ZERO SUGAR 24 X 20 FL OZ,Beverages
477,173274,5772,W-117,Waggoners Grove Baptist Church,476903,,FP/OP/GNAP/USDA,FOOD PANTRY-Agency,LOCAL - LL,C-28-10000,50,0,0,0.0,50,MADISON,0.0,1/23/2024 14:38,1/23/2024 8:45,Price Code 1,CUSTOMER PICKUP,False,Food Bank of Northeast Georgia,01,30628.0,Colbert,"PRODUCE, FRESH LL",Mixed Produce
477,176370,5938,W-117,Waggoners Grove Baptist Church,478995,,FP/OP/GNAP/USDA,FOOD PANTRY-Agency,BLUE RECEIPT-SHL,C-28-10001,55,0,0,1.65,55,MADISON,0.03,2/28/2024 14:38,2/28/2024 13:55,Price Code 1,CUSTOMER PICKUP,False,Sharing Floor Athens,01-SH,30628.0,Colbert,"PRODUCE, FRESH SHL",Mixed Produce
799,175070,8719,C-149,Colbert Methodist Church,477700,,FP/GNAP/USDA,FOOD PANTRY-Agency,GNAP,N-40-10265,5,0,0,6.5,65,MADISON,0.1,2/7/2024 9:56,2/7/2024 11:19,Price Code 1,CUSTOMER PICKUP,False,Food Bank of Northeast Georgia,01,30628.0,Colbert,GNAP MINI BEEF RAVIOLI,Prepared Meals
477,173805,7082,W-117,Waggoners Grove Baptist Church,477434,,FP/OP/GNAP/USDA,FOOD PANTRY-Agency,USDA,C-50-10033,2,0,0,0.0,24,MADISON,0.0,2/2/2024 11:00,2/2/2024 10:34,Price Code 1,CUSTOMER PICKUP,False,Food Bank of Northeast Georgia,01,30628.0,Colbert,USDA SHREDDED YELLOW CHEDDAR CHEESE CCC,Dairy
799,176783,123,C-149,Colbert Methodist Church,479406,,FP/GNAP/USDA,FOOD PANTRY-Agency,GNAP,N-40-10002,3,0,0,0.0,45,MADISON,0.0,3/12/2024 7:56,3/12/2024 12:44,Price Code 1,CUSTOMER PICKUP,False,Food Bank of Northeast Georgia,01,30628.0,Colbert,GNAP PEANUT BUTTER,Proteins
915,178190,8970,T-122,Tabors Chapel CME Church,FAIMPORT480808,,DIRECT ASSISTANCE,DIRECT ASSISTANCE-Agency,BLUE RECEIPT-SHL,MCW-16-10001,4,0,0,0.0,4,MADISON,0.0,3/28/2024 0:00,3/28/2024 0:00,Price Code 1,CUSTOMER PICKUP,False,Food Bank of Northeast Georgia,01,30633.0,Danielsville,"MISC. FOOD BOX, SHL RETAIL PICKUP",Food Misc.
1010,177399,8720,F-143,Freedom C.H. Church,480019,,FP/USDA,FOOD PANTRY-Agency,USDA,N-50-10305,6,0,0,15.12,84,MADISON,0.18,3/20/2024 15:56,3/20/2024 8:26,Price Code 1,CUSTOMER PICKUP,False,Food Bank of Northeast Georgia,01,30662.0,Royston,USDA MIXED VegetablesCCC,Vegetables
939,177459,3139,M-140,Madison County MedLink Georgia,480079,,FP/USDA,FOOD PANTRY-Agency,USDA,N-50-10290,17,0,0,0.0,425,MADISON,0.0,3/21/2024 8:00,4/1/2024 8:07,Mobile Pantry/Feed Site Only,TRUCK 1 MOBILE PANTRY,False,Food Bank of Northeast Georgia,01,30628.0,Colbert,USDA WHOLE ALMONDS DRY ROASTED,Proteins
571,177546,4715,F-122,Freedom Church of God,480166,,FP/OP/USDA,FOOD PANTRY-Agency,USDA,F-50-90461,18,0,0,0.0,720,MADISON,0.0,3/22/2024 14:21,3/23/2024 6:46,Price Code 1,TRUCK 1 MOBILE PANTRY,False,Food Bank of Northeast Georgia,01,30530.0,Commerce,USDA ALASKAN POLLACK FISH FILLETS,Proteins
1010,176510,5407,F-143,Freedom C.H. Church,479134,,FP/USDA,FOOD PANTRY-Agency,BLUE RECEIPT-SHL,F-15-10000,61,0,0,10.98,61,MADISON,0.18,3/1/2024 10:47,3/1/2024 10:57,Price Code 1,CUSTOMER PICKUP,False,Sharing Floor Athens,01-SH,30662.0,Royston,"MEAT & SEAFOOD, FROZEN SHL",Proteins
571,181303,8973,F-122,Freedom Church of God,FAIMPORT483907,,FP/OP/USDA,FOOD PANTRY-Agency,BLUE RECEIPT-SHL,MCC-16-10001,27,0,0,0.0,27,MADISON,0.0,5/17/2024 0:00,5/17/2024 0:00,Price Code 1,CUSTOMER PICKUP,False,Food Bank of Northeast Georgia,01,30530.0,Commerce,"COOLER FOOD MISC., SHL RETAIL PICKUP",Food Misc.
549,173129,92,R-120,Roger's Baptist Church,476759,,FP/OP/USDA,FOOD PANTRY-Agency,LOCAL - LL,W-01-10002,20,0,0,3.6,20,MADISON,0.18,1/16/2024 15:13,1/16/2024 14:03,Price Code 1,CUSTOMER PICKUP,False,Sharing Floor Athens,01-SH,30530.0,Commerce,"ASSORTED NON-FOOD ITEMS, LL",Non-Food Misc.
799,172496,5088,C-149,Colbert Methodist Church,476127,,FP/GNAP/USDA,FOOD PANTRY-Agency,USDA,F-50-90023,5,0,0,20.0,125,MADISON,0.16,1/8/2024 9:56,1/8/2024 12:46,Price Code 1,CUSTOMER PICKUP,False,Food Bank of Northeast Georgia,01,30628.0,Colbert,USDA FROZEN PEACHES CCC,Fruits
371,182547,5407,E-111,Evangelical Methodist Church - Danielsville,485150,,FOOD PANTRY,FOOD PANTRY-Agency,BLUE RECEIPT-SHL,F-15-10000,101,0,0,18.18,101,MADISON,0.18,6/25/2024 13:56,6/25/2024 11:23,Price Code 1,CUSTOMER PICKUP,False,Sharing Floor Athens,01-SH,30633.0,Danielsville,"MEAT & SEAFOOD, FROZEN SHL",Proteins
477,176149,8918,W-117,Waggoners Grove Baptist Church,478776,,FP/OP/GNAP/USDA,FOOD PANTRY-Agency,LOCAL - LL,N-25-11950,4,0,0,1.44,8,MADISON,0.18,3/1/2024 14:38,3/1/2024 8:14,Price Code 1,CUSTOMER PICKUP,False,Food Bank of Northeast Georgia,01,30628.0,Colbert,GHIRARDELLI DARK CHOCOLATE,Food Misc.
571,178814,1045,F-122,Freedom Church of God,481428,,FP/OP/USDA,FOOD PANTRY-Agency,BLUE RECEIPT-SHL,W-25-10009,33,0,0,5.94,33,MADISON,0.18,4/11/2024 14:21,4/24/2024 11:30,Price Code 1,CUSTOMER PICKUP,False,Sharing Floor Athens,01-SH,30530.0,Commerce,"ASSORTED SNACK ITEMS, SHL",Food Misc.
137,179086,683,J-100,Jubilee Partners,481700,,FP/OP/GNAP,RESIDENTIAL-Agency,BLUE RECEIPT-SHL,W-16-10001,109,0,0,0.0,109,MADISON,0.0,4/17/2024 13:23,4/17/2024 8:37,Price Code 1,CUSTOMER PICKUP,False,Sharing Floor Athens,01-SH,30629.0,Comer,MISC. FOOD BOX SHL,Food Misc.
477,181908,4715,W-117,Waggoners Grove Baptist Church,484512,,FP/OP/GNAP/USDA,FOOD PANTRY-Agency,USDA,F-50-90461,2,0,0,8.0,80,MADISON,0.1,6/18/2024 8:33,6/24/2024 9:56,Price Code 1,CUSTOMER PICKUP,False,Food Bank of Northeast Georgia,01,30628.0,Colbert,USDA ALASKAN POLLACK FISH FILLETS,Proteins
477,180755,7414,W-117,Waggoners Grove Baptist Church,483361,,FP/OP/GNAP/USDA,FOOD PANTRY-Agency,PURCH,C-28-90525,1,0,0,0.0,22,MADISON,0.0,5/17/2024 11:15,5/20/2024 10:32,Price Code 1,CUSTOMER PICKUP,False,Food Bank of Northeast Georgia,01,30628.0,Colbert,BROCCOLI CROWNS,Vegetables
477,180436,5407,W-117,Waggoners Grove Baptist Church,483042,,FP/OP/GNAP/USDA,FOOD PANTRY-Agency,BLUE RECEIPT-SHL,F-15-10000,75,0,0,13.5,75,MADISON,0.18,5/8/2024 14:38,5/8/2024 13:46,Price Code 1,CUSTOMER PICKUP,False,Sharing Floor Athens,01-SH,30628.0,Colbert,"MEAT & SEAFOOD, FROZEN SHL",Proteins
571,173265,8920,F-122,Freedom Church of God,476894,,FP/OP/USDA,FOOD PANTRY-Agency,LOCAL - LL,N-25-11952,4,0,0,2.16,12,MADISON,0.18,1/25/2024 14:21,1/31/2024 9:41,Price Code 1,CUSTOMER PICKUP,False,Food Bank of Northeast Georgia,01,30530.0,Commerce,FAMOUS AMOS COCONUT BITE SIZE COOKIES,Food Misc.
799,175073,7082,C-149,Colbert Methodist Church,477703,,FP/GNAP/USDA,FOOD PANTRY-Agency,USDA,C-50-10033,8,0,0,0.0,96,MADISON,0.0,2/14/2024 9:56,2/14/2024 10:50,Price Code 1,CUSTOMER PICKUP,False,Food Bank of Northeast Georgia,01,30628.0,Colbert,USDA SHREDDED YELLOW CHEDDAR CHEESE CCC,Dairy
571,181569,683,F-122,Freedom Church of God,484173,,FP/OP/USDA,FOOD PANTRY-Agency,BLUE RECEIPT-SHL,W-16-10001,98,0,0,17.64,98,MADISON,0.18,5/29/2024 14:21,5/29/2024 11:49,Price Code 1,CUSTOMER PICKUP,False,Sharing Floor Athens,01-SH,30530.0,Commerce,MISC. FOOD BOX SHL,Food Misc.
571,181230,8833,F-122,Freedom Church of God,483835,,FP/OP/USDA,FOOD PANTRY-Agency,BLUE RECEIPT-SHL,N-03-11769,6,0,0,0.0,168,MADISON,0.0,5/23/2024 14:21,5/23/2024 11:32,Price Code 1,CUSTOMER PICKUP,False,Food Bank of Northeast Georgia,01,30530.0,Commerce,PEPSI COLA,Beverages
915,181285,8972,T-122,Tabors Chapel CME Church,FAIMPORT483890,,DIRECT ASSISTANCE,DIRECT ASSISTANCE-Agency,BLUE RECEIPT-SHL,MCF-15-10000,5,0,0,0.0,5,MADISON,0.0,5/20/2024 0:00,5/20/2024 0:00,Price Code 1,CUSTOMER PICKUP,False,Food Bank of Northeast Georgia,01,30633.0,Danielsville,"FROZEN MEAT & SEAFOOD, SHL RETAIL PICKUP",Proteins
915,177798,8986,T-122,Tabors Chapel CME Church,FAIMPORT480417,,DIRECT ASSISTANCE,DIRECT ASSISTANCE-Agency,BLUE RECEIPT-SHL,MCW-01-10001,2,0,0,0.0,2,MADISON,0.0,3/18/2024 0:00,3/18/2024 0:00,Price Code 1,CUSTOMER PICKUP,False,Food Bank of Northeast Georgia,01,30633.0,Danielsville,"NON-FOOD ITEMS, SHL RETAIL PICKUPS",Non-Food Misc.
915,179792,8975,T-122,Tabors Chapel CME Church,FAIMPORT482405,,DIRECT ASSISTANCE,DIRECT ASSISTANCE-Agency,BLUE RECEIPT-SHL,MCC-07-10001,100,0,0,0.0,100,MADISON,0.0,4/22/2024 0:00,4/22/2024 0:00,Price Code 1,CUSTOMER PICKUP,False,Food Bank of Northeast Georgia,01,30633.0,Danielsville,"DAIRY PRODUCTS, SHL RETAIL PICKUPS",Dairy
571,176364,5407,F-122,Freedom Church of God,478989,,FP/OP/USDA,FOOD PANTRY-Agency,BLUE RECEIPT-SHL,F-15-10000,59,0,0,10.62,59,MADISON,0.18,2/28/2024 14:21,2/28/2024 11:55,Price Code 1,CUSTOMER PICKUP,False,Sharing Floor Athens,01-SH,30530.0,Commerce,"MEAT & SEAFOOD, FROZEN SHL",Proteins
548,180773,9014,M-124,Moons Grove Baptist Church,483379,,FP/OP/USDA,FOOD PANTRY-Agency,PURCH,N-27-10136,2,0,104,9.72,54,MADISON,0.18,5/17/2024 11:45,5/17/2024 12:02,Price Code 1,CUSTOMER PICKUP,False,Food Bank of Northeast Georgia,01,30628.0,Colbert,"GREEN BEANS, HARVEST VALLEY",Vegetables
892,175140,3943,L-114,Legacy Baptist Church,477769,,FP/USDA,FOOD PANTRY-Agency,USDA,N-50-10268,2,0,0,2.28,76,MADISON,0.03,2/13/2024 11:15,2/13/2024 11:07,Price Code 1,CUSTOMER PICKUP,False,Food Bank of Northeast Georgia,01,30646.0,Hull,USDA APPLE JUICE,Beverages
477,179118,875,W-117,Waggoners Grove Baptist Church,481731,,FP/OP/GNAP/USDA,FOOD PANTRY-Agency,BLUE RECEIPT-SHL,W-04-10000,7,0,0,0.0,7,MADISON,0.0,4/17/2024 14:38,4/17/2024 13:56,Price Code 1,CUSTOMER PICKUP,False,Sharing Floor Athens,01-SH,30628.0,Colbert,"BREAD & BAKERY, ASSORTED SHL",Grains
477,173281,8919,W-117,Waggoners Grove Baptist Church,476910,,FP/OP/GNAP/USDA,FOOD PANTRY-Agency,LOCAL - LL,N-25-11951,10,0,0,3.6,20,MADISON,0.18,1/26/2024 10:00,1/26/2024 9:49,Price Code 1,CUSTOMER PICKUP,False,Food Bank of Northeast Georgia,01,30628.0,Colbert,GHIRARDELLI MILK CHOC CARAMEL,Food Misc.
799,176783,1356,C-149,Colbert Methodist Church,479406,,FP/GNAP/USDA,FOOD PANTRY-Agency,GNAP,N-40-10131,3,0,0,0.0,33,MADISON,0.0,3/12/2024 7:56,3/12/2024 12:44,Price Code 1,CUSTOMER PICKUP,False,Food Bank of Northeast Georgia,01,30628.0,Colbert,GNAP CHUNK CHICKEN,Proteins
842,180416,875,C-153,Cedar Grove Baptist Church,483022,,FP/GNAP/USDA,FOOD PANTRY-Agency,BLUE RECEIPT-SHL,W-04-10000,24,0,0,0.0,24,MADISON,0.0,5/8/2024 8:30,5/8/2024 10:27,Price Code 1,CUSTOMER PICKUP,False,Sharing Floor Athens,01-SH,30629.0,Comer,"BREAD & BAKERY, ASSORTED SHL",Grains
137,173168,5388,J-100,Jubilee Partners,476798,,FP/OP/GNAP,RESIDENTIAL-Agency,BLUE RECEIPT-SHL,F-16-10001,38,0,0,6.84,38,MADISON,0.18,1/17/2024 13:23,1/17/2024 9:04,Price Code 1,CUSTOMER PICKUP,False,Sharing Floor Athens,01-SH,30629.0,Comer,"ASSORTED FROZEN FOODS, SHL",Food Misc.
981,173490,690,D-111,Divine Healing Ministry of Recovery Inc.,477119,,ON PREMISES (OP),REHAB-Agency,BLUE RECEIPT-SHL,W-03-10013,173,0,0,0.0,173,MADISON,0.0,1/23/2024 14:24,1/23/2024 14:29,Price Code 1,CONTACT FOR DELIVERY,False,Sharing Floor Athens,01-SH,30633.0,Commerce,"ASSORTED BEVERAGES, SHL",Beverages
799,178471,3122,C-149,Colbert Methodist Church,481087,,FP/GNAP/USDA,FOOD PANTRY-Agency,GNAP,N-40-10174,5,0,0,0.0,70,MADISON,0.0,4/10/2024 9:56,4/10/2024 12:52,Price Code 1,CUSTOMER PICKUP,False,Food Bank of Northeast Georgia,01,30628.0,Colbert,"GNAP BLACKEYE PEAS, LOW SODIUM",Proteins
799,172829,8907,C-149,Colbert Methodist Church,476460,,FP/GNAP/USDA,FOOD PANTRY-Agency,GNAP,N-40-10267,4,0,0,5.2,52,MADISON,0.1,1/16/2024 9:56,1/25/2024 8:57,Price Code 1,CUSTOMER PICKUP,False,Food Bank of Northeast Georgia,01,30628.0,Colbert,GNAP SPAGHETTI W/ MEATBALLS,Prepared Meals
477,178358,8822,W-117,Waggoners Grove Baptist Church,480974,,FP/OP/GNAP/USDA,FOOD PANTRY-Agency,BLUE RECEIPT-SHL,N-03-11761,4,0,0,0.0,48,MADISON,0.0,4/15/2024 9:00,4/15/2024 10:20,Price Code 1,CUSTOMER PICKUP,False,Food Bank of Northeast Georgia,01,30628.0,Colbert,"STARBUCKS PINK DRINK, STRAW ACAI",Beverages
571,177546,170,F-122,Freedom Church of God,480166,,FP/OP/USDA,FOOD PANTRY-Agency,USDA,N-50-10007,13,0,0,0.0,364,MADISON,0.0,3/22/2024 14:21,3/23/2024 6:46,Price Code 1,TRUCK 1 MOBILE PANTRY,False,Food Bank of Northeast Georgia,01,30530.0,Commerce,"USDA CORN, WHOLE KERNEL NO SALT",Vegetables
371,180462,8975,E-111,Evangelical Methodist Church - Danielsville,FAIMPORT483068,,FOOD PANTRY,FOOD PANTRY-Agency,BLUE RECEIPT-SHL,MCC-07-10001,30,0,0,0.0,30,MADISON,0.0,4/23/2024 0:00,4/23/2024 0:00,Price Code 1,CUSTOMER PICKUP,False,Food Bank of Northeast Georgia,01,30633.0,Danielsville,"DAIRY PRODUCTS, SHL RETAIL PICKUPS",Dairy
571,175585,4715,F-122,Freedom Church of God,478213,,FP/OP/USDA,FOOD PANTRY-Agency,USDA,F-50-90461,2,0,0,8.0,80,MADISON,0.1,2/16/2024 14:21,2/20/2024 9:32,Price Code 1,CUSTOMER PICKUP,False,Food Bank of Northeast Georgia,01,30530.0,Commerce,USDA ALASKAN POLLACK FISH FILLETS,Proteins
548,175792,84,M-124,Moons Grove Baptist Church,478420,,FP/OP/USDA,FOOD PANTRY-Agency,USDA,N-50-10006,2,0,0,9.72,54,MADISON,0.18,2/21/2024 7:40,2/21/2024 10:36,Price Code 1,CUSTOMER PICKUP,False,Food Bank of Northeast Georgia,01,30628.0,Colbert,USDA GREEN BEANS,Vegetables
1010,176713,4376,F-143,Freedom C.H. Church,479336,,FP/USDA,FOOD PANTRY-Agency,USDA,N-50-10291,2,0,0,9.0,50,MADISON,0.18,3/8/2024 14:53,3/8/2024 14:48,Price Code 1,CUSTOMER PICKUP,False,Food Bank of Northeast Georgia,01,30662.0,Royston,USDA GARBANZO BEANS,Proteins
371,172804,5958,E-111,Evangelical Methodist Church - Danielsville,476435,,FOOD PANTRY,FOOD PANTRY-Agency,BLUE RECEIPT-SHL,C-16-10001,101,0,0,18.18,101,MADISON,0.18,1/9/2024 13:56,1/9/2024 11:47,Price Code 1,CUSTOMER PICKUP,False,Sharing Floor Athens,01-SH,30633.0,Danielsville,"COOLER FOOD, MISC. SHL",Food Misc.
477,173330,5088,W-117,Waggoners Grove Baptist Church,476959,,FP/OP/GNAP/USDA,FOOD PANTRY-Agency,USDA,F-50-90023,5,0,0,0.0,125,MADISON,0.0,1/26/2024 10:00,1/26/2024 9:49,Price Code 1,CUSTOMER PICKUP,False,Food Bank of Northeast Georgia,01,30628.0,Colbert,USDA FROZEN PEACHES CCC,Fruits
842,175063,2573,C-153,Cedar Grove Baptist Church,477693,,FP/GNAP/USDA,FOOD PANTRY-Agency,GNAP,N-40-10204,2,0,0,3.8,38,MADISON,0.1,2/14/2024 10:00,2/20/2024 14:48,Price Code 1,CUSTOMER PICKUP,False,Food Bank of Northeast Georgia,01,30629.0,Comer,GNAP CHICKEN & RICE SOUP,Prepared Meals
799,180752,8943,C-149,Colbert Methodist Church,483358,,FP/GNAP/USDA,FOOD PANTRY-Agency,BLUE RECEIPT-SHL,C-28-90534,4,0,0,0.0,168,MADISON,0.0,5/16/2024 11:00,5/16/2024 14:52,Price Code 1,CUSTOMER PICKUP,False,Food Bank of Northeast Georgia,01,30628.0,Colbert,"SWEET POTATO, SHL",Potatoes 
842,180416,688,C-153,Cedar Grove Baptist Church,483022,,FP/GNAP/USDA,FOOD PANTRY-Agency,BLUE RECEIPT-SHL,W-01-10000,1,0,0,0.18,1,MADISON,0.18,5/8/2024 8:30,5/8/2024 10:27,Price Code 1,CUSTOMER PICKUP,False,Sharing Floor Athens,01-SH,30629.0,Comer,"ASSORTED NON-FOOD ITEMS, SHL",Non-Food Misc.
549,181144,5938,R-120,Roger's Baptist Church,483749,,FP/OP/USDA,FOOD PANTRY-Agency,BLUE RECEIPT-SHL,C-28-10001,500,0,0,15.0,500,MADISON,0.03,5/21/2024 15:13,5/21/2024 14:16,Price Code 1,CUSTOMER PICKUP,False,Sharing Floor Athens,01-SH,30530.0,Commerce,"PRODUCE, FRESH SHL",Mixed Produce
836,177995,84,G-122,Gordon's Chapel Methodist Church,480614,,FP/USDA,FOOD PANTRY-Agency,USDA,N-50-10006,2,0,0,9.72,54,MADISON,0.18,4/10/2024 14:20,4/10/2024 12:37,Price Code 1,CUSTOMER PICKUP,False,Food Bank of Northeast Georgia,01,30646.0,Hull,USDA GREEN BEANS,Vegetables
1010,180924,5407,F-143,Freedom C.H. Church,483530,,FP/USDA,FOOD PANTRY-Agency,BLUE RECEIPT-SHL,F-15-10000,37,0,0,0.0,37,MADISON,0.0,5/16/2024 9:44,5/16/2024 9:48,Price Code 1,CUSTOMER PICKUP,False,Sharing Floor Athens,01-SH,30662.0,Royston,"MEAT & SEAFOOD, FROZEN SHL",Proteins
571,181987,5938,F-122,Freedom Church of God,484591,,FP/OP/USDA,FOOD PANTRY-Agency,BLUE RECEIPT-SHL,C-28-10001,145,0,0,4.35,145,MADISON,0.03,6/6/2024 14:21,6/6/2024 14:03,Price Code 1,CUSTOMER PICKUP,False,Sharing Floor Athens,01-SH,30530.0,Commerce,"PRODUCE, FRESH SHL",Mixed Produce
981,176430,696,D-111,Divine Healing Ministry of Recovery Inc.,479054,,ON PREMISES (OP),REHAB-Agency,LOCAL - LL,W-25-10000,62,0,0,11.16,62,MADISON,0.18,2/29/2024 11:42,2/29/2024 11:47,Price Code 1,CONTACT FOR DELIVERY,False,Sharing Floor Athens,01-SH,30633.0,Commerce,"ASSORTED SNACK ITEMS, LL",Food Misc.
981,175364,5958,D-111,Divine Healing Ministry of Recovery Inc.,477993,,ON PREMISES (OP),REHAB-Agency,BLUE RECEIPT-SHL,C-16-10001,28,0,0,5.04,28,MADISON,0.18,2/8/2024 13:59,2/8/2024 14:02,Price Code 1,CONTACT FOR DELIVERY,False,Sharing Floor Athens,01-SH,30633.0,Commerce,"COOLER FOOD, MISC. SHL",Food Misc.
410,173794,8938,C-110,Colbert First Baptist Church,477423,,FP/GNAP/USDA,FOOD PANTRY-Agency,YELLOW RECEIPT - SHN,N-03-11808,3,0,0,0.0,54,MADISON,0.0,2/2/2024 12:40,2/7/2024 8:03,Price Code 1,CUSTOMER PICKUP,False,Food Bank of Northeast Georgia,01,30628.0,Colbert,GATORADE COOL BLUE ZERO SUGAR,Beverages
1010,177399,5637,F-143,Freedom C.H. Church,480019,,FP/USDA,FOOD PANTRY-Agency,USDA,F-50-90019,4,0,0,0.0,120,MADISON,0.0,3/20/2024 15:56,3/20/2024 8:26,Price Code 1,CUSTOMER PICKUP,False,Food Bank of Northeast Georgia,01,30662.0,Royston,USDA FROZEN BLUEBERRIES CCC,Fruits
915,175083,3776,T-122,Tabors Chapel CME Church,477713,,DIRECT ASSISTANCE,DIRECT ASSISTANCE-Agency,BLUE RECEIPT-SHL,N-03-11125,8,0,0,0.0,264,MADISON,0.0,2/8/2024 14:19,2/9/2024 11:41,Price Code 1,CUSTOMER PICKUP,False,Food Bank of Northeast Georgia,01,30633.0,Danielsville,PEPSI WILD CHERRY,Beverages
571,180061,688,F-122,Freedom Church of God,482669,,FP/OP/USDA,FOOD PANTRY-Agency,BLUE RECEIPT-SHL,W-01-10000,18,0,0,3.24,18,MADISON,0.18,5/2/2024 14:21,5/2/2024 9:36,Price Code 1,CUSTOMER PICKUP,False,Sharing Floor Athens,01-SH,30530.0,Commerce,"ASSORTED NON-FOOD ITEMS, SHL",Non-Food Misc.
836,176972,4448,G-122,Gordon's Chapel Methodist Church,479594,,FP/USDA,FOOD PANTRY-Agency,USDA,F-50-90446,3,0,0,0.0,84,MADISON,0.0,3/13/2024 14:20,3/13/2024 12:48,Price Code 1,CUSTOMER PICKUP,False,Food Bank of Northeast Georgia,01,30646.0,Hull,USDA FROZEN STRAWBERRY FRUIT CUPS,Fruits
981,181206,7164,D-111,Divine Healing Ministry of Recovery Inc.,483811,,ON PREMISES (OP),REHAB-Agency,BLUE RECEIPT-SHL,N-03-11197,15,0,0,0.0,150,MADISON,0.0,5/28/2024 0:00,5/28/2024 13:03,Price Code 1,CONTACT FOR DELIVERY,False,Food Bank of Northeast Georgia,01,30633.0,Commerce,MT DEW ZERO SUGAR MAJOR MELON,Beverages
799,177743,8915,C-149,Colbert Methodist Church,480362,,FP/GNAP/USDA,FOOD PANTRY-Agency,USDA,F-50-90474,3,0,0,12.0,120,MADISON,0.1,3/26/2024 9:56,3/26/2024 10:42,Price Code 1,CUSTOMER PICKUP,False,Food Bank of Northeast Georgia,01,30628.0,Colbert,USDA PACIFIC SALAD SHRIMP,Proteins
915,179994,8974,T-122,Tabors Chapel CME Church,FAIMPORT482603,,DIRECT ASSISTANCE,DIRECT ASSISTANCE-Agency,BLUE RECEIPT-SHL,MCW-04-10000,13,0,0,0.0,13,MADISON,0.0,4/29/2024 0:00,4/29/2024 0:00,Price Code 1,CUSTOMER PICKUP,False,Food Bank of Northeast Georgia,01,30633.0,Danielsville,"BREAD AND BAKERY, SHL RETAIL PICKUPS",Grains
898,175738,5407,M-132,Meadow Baptist Church,478366,,FP/USDA,DIRECT ASSISTANCE-Agency,BLUE RECEIPT-SHL,F-15-10000,163,0,0,29.34,163,MADISON,0.18,2/16/2024 10:02,2/16/2024 8:43,Price Code 1,CUSTOMER PICKUP,False,Sharing Floor Athens,01-SH,30629.0,Comer,"MEAT & SEAFOOD, FROZEN SHL",Proteins
842,176672,3943,C-153,Cedar Grove Baptist Church,479295,,FP/GNAP/USDA,FOOD PANTRY-Agency,USDA,N-50-10268,3,0,0,3.42,114,MADISON,0.03,3/13/2024 9:30,3/13/2024 11:03,Price Code 1,CUSTOMER PICKUP,False,Food Bank of Northeast Georgia,01,30629.0,Comer,USDA APPLE JUICE,Beverages
549,173129,5477,R-120,Roger's Baptist Church,476759,,FP/OP/USDA,FOOD PANTRY-Agency,LOCAL - LL,F-15-10001,82,0,0,14.76,82,MADISON,0.18,1/16/2024 15:13,1/16/2024 14:03,Price Code 1,CUSTOMER PICKUP,False,Sharing Floor Athens,01-SH,30530.0,Commerce,"MEAT & SEAFOOD, FROZEN LOCAL",Proteins
519,175404,690,C-140,Colbert Living Waters Holiness Church,478033,,FP/OP/USDA,FOOD PANTRY-Agency,BLUE RECEIPT-SHL,W-03-10013,362,0,0,0.0,362,MADISON,0.0,2/9/2024 14:56,2/9/2024 10:30,Price Code 1,CUSTOMER PICKUP,False,Sharing Floor Athens,01-SH,30628.0,Colbert,"ASSORTED BEVERAGES, SHL",Beverages
371,178124,696,E-111,Evangelical Methodist Church - Danielsville,480743,,FOOD PANTRY,FOOD PANTRY-Agency,LOCAL - LL,W-25-10000,18,0,0,3.24,18,MADISON,0.18,4/2/2024 13:56,4/2/2024 11:25,Price Code 1,CUSTOMER PICKUP,False,Sharing Floor Athens,01-SH,30633.0,Danielsville,"ASSORTED SNACK ITEMS, LL",Food Misc.
477,182597,5407,W-117,Waggoners Grove Baptist Church,485200,,FP/OP/GNAP/USDA,FOOD PANTRY-Agency,BLUE RECEIPT-SHL,F-15-10000,13,0,0,2.34,13,MADISON,0.18,6/26/2024 14:38,6/26/2024 13:34,Price Code 1,CUSTOMER PICKUP,False,Sharing Floor Athens,01-SH,30628.0,Colbert,"MEAT & SEAFOOD, FROZEN SHL",Proteins
836,173072,3943,G-122,Gordon's Chapel Methodist Church,476702,,FP/USDA,FOOD PANTRY-Agency,USDA,N-50-10268,5,0,0,5.7,190,MADISON,0.03,1/18/2024 14:20,1/18/2024 9:26,Price Code 1,CUSTOMER PICKUP,False,Food Bank of Northeast Georgia,01,30646.0,Hull,USDA APPLE JUICE,Beverages
477,180389,8873,W-117,Waggoners Grove Baptist Church,482995,,FP/OP/GNAP/USDA,FOOD PANTRY-Agency,YELLOW RECEIPT - SHN,F-10-10001,1,0,0,0.09,3,MADISON,0.03,5/17/2024 11:00,5/20/2024 10:32,Price Code 1,CUSTOMER PICKUP,False,Food Bank of Northeast Georgia,01,30628.0,Colbert,OUTSHINE STRAWBERRY BANANA SMOOTHIE CUBES,Beverages
915,181708,8976,T-122,Tabors Chapel CME Church,FAIMPORT484312,,DIRECT ASSISTANCE,DIRECT ASSISTANCE-Agency,BLUE RECEIPT-SHL,MCC-28-10001,32,0,0,0.0,32,MADISON,0.0,5/27/2024 0:00,5/27/2024 0:00,Price Code 1,CUSTOMER PICKUP,False,Food Bank of Northeast Georgia,01,30633.0,Danielsville,"PRODUCE, SHL RETAIL PICKUPS",Mixed Produce
981,176018,875,D-111,Divine Healing Ministry of Recovery Inc.,478646,,ON PREMISES (OP),REHAB-Agency,BLUE RECEIPT-SHL,W-04-10000,30,0,0,0.0,30,MADISON,0.0,2/22/2024 11:28,2/22/2024 11:31,Price Code 1,CONTACT FOR DELIVERY,False,Sharing Floor Athens,01-SH,30633.0,Commerce,"BREAD & BAKERY, ASSORTED SHL",Grains
799,179019,6351,C-149,Colbert Methodist Church,481633,,FP/GNAP/USDA,FOOD PANTRY-Agency,BLUE RECEIPT-SHL,C-28-90163,2,0,0,0.0,100,MADISON,0.0,4/19/2024 8:56,4/19/2024 13:30,Price Code 1,CUSTOMER PICKUP,False,Food Bank of Northeast Georgia,01,30628.0,Colbert,YUKON GOLD POTATOES,Potatoes 
892,177974,1674,L-114,Legacy Baptist Church,480593,,FP/USDA,FOOD PANTRY-Agency,USDA,N-50-10073,1,0,0,4.86,27,MADISON,0.18,4/3/2024 11:15,4/3/2024 11:32,Price Code 1,CUSTOMER PICKUP,False,Food Bank of Northeast Georgia,01,30646.0,Hull,USDA TOMATO SAUCE,Vegetables
571,176364,683,F-122,Freedom Church of God,478989,,FP/OP/USDA,FOOD PANTRY-Agency,BLUE RECEIPT-SHL,W-16-10001,54,0,0,9.72,54,MADISON,0.18,2/28/2024 14:21,2/28/2024 11:55,Price Code 1,CUSTOMER PICKUP,False,Sharing Floor Athens,01-SH,30530.0,Commerce,MISC. FOOD BOX SHL,Food Misc.
477,178358,9004,W-117,Waggoners Grove Baptist Church,480974,,FP/OP/GNAP/USDA,FOOD PANTRY-Agency,BLUE RECEIPT-SHL,N-03-11823,5,0,0,0.0,110,MADISON,0.0,4/15/2024 9:00,4/15/2024 10:20,Price Code 1,CUSTOMER PICKUP,False,Food Bank of Northeast Georgia,01,30628.0,Colbert,PEPSI NITRO DRAFT COLA 24PK,Beverages
1010,182020,5388,F-143,Freedom C.H. Church,484624,,FP/USDA,FOOD PANTRY-Agency,BLUE RECEIPT-SHL,F-16-10001,85,0,0,0.0,85,MADISON,0.0,6/7/2024 10:14,6/7/2024 10:19,Price Code 1,CUSTOMER PICKUP,False,Sharing Floor Athens,01-SH,30662.0,Royston,"ASSORTED FROZEN FOODS, SHL",Food Misc.
571,179301,8976,F-122,Freedom Church of God,FAIMPORT481914,,FP/OP/USDA,FOOD PANTRY-Agency,BLUE RECEIPT-SHL,MCC-28-10001,17,0,0,0.0,17,MADISON,0.0,4/18/2024 0:00,4/18/2024 0:00,Price Code 1,CUSTOMER PICKUP,False,Food Bank of Northeast Georgia,01,30530.0,Commerce,"PRODUCE, SHL RETAIL PICKUPS",Mixed Produce
898,175738,683,M-132,Meadow Baptist Church,478366,,FP/USDA,DIRECT ASSISTANCE-Agency,BLUE RECEIPT-SHL,W-16-10001,54,0,0,9.72,54,MADISON,0.18,2/16/2024 10:02,2/16/2024 8:43,Price Code 1,CUSTOMER PICKUP,False,Sharing Floor Athens,01-SH,30629.0,Comer,MISC. FOOD BOX SHL,Food Misc.
137,178649,1045,J-100,Jubilee Partners,481265,,FP/OP/GNAP,RESIDENTIAL-Agency,BLUE RECEIPT-SHL,W-25-10009,18,0,0,3.24,18,MADISON,0.18,4/10/2024 13:23,4/10/2024 8:50,Price Code 1,CUSTOMER PICKUP,False,Sharing Floor Athens,01-SH,30629.0,Comer,"ASSORTED SNACK ITEMS, SHL",Food Misc.
915,177799,8986,T-122,Tabors Chapel CME Church,FAIMPORT480418,,DIRECT ASSISTANCE,DIRECT ASSISTANCE-Agency,BLUE RECEIPT-SHL,MCW-01-10001,4,0,0,0.0,4,MADISON,0.0,3/21/2024 0:00,3/21/2024 0:00,Price Code 1,CUSTOMER PICKUP,False,Food Bank of Northeast Georgia,01,30633.0,Danielsville,"NON-FOOD ITEMS, SHL RETAIL PICKUPS",Non-Food Misc.
571,178397,7167,F-122,Freedom Church of God,481013,,FP/OP/USDA,FOOD PANTRY-Agency,BLUE RECEIPT-SHL,N-03-11200,4,0,0,0.0,40,MADISON,0.0,4/11/2024 14:21,4/11/2024 13:26,Price Code 1,CUSTOMER PICKUP,False,Food Bank of Northeast Georgia,01,30530.0,Commerce,DR PEPPER ZERO SUGAR,Beverages
549,182552,690,R-120,Roger's Baptist Church,485155,,FP/OP/USDA,FOOD PANTRY-Agency,BLUE RECEIPT-SHL,W-03-10013,53,0,0,0.0,53,MADISON,0.0,6/25/2024 15:13,6/25/2024 15:46,Price Code 1,CUSTOMER PICKUP,False,Sharing Floor Athens,01-SH,30530.0,Commerce,"ASSORTED BEVERAGES, SHL",Beverages
842,176672,1356,C-153,Cedar Grove Baptist Church,479295,,FP/GNAP/USDA,FOOD PANTRY-Agency,GNAP,N-40-10131,3,0,0,0.0,33,MADISON,0.0,3/13/2024 9:30,3/13/2024 11:03,Price Code 1,CUSTOMER PICKUP,False,Food Bank of Northeast Georgia,01,30629.0,Comer,GNAP CHUNK CHICKEN,Proteins
799,175746,683,C-149,Colbert Methodist Church,478374,,FP/GNAP/USDA,FOOD PANTRY-Agency,BLUE RECEIPT-SHL,W-16-10001,94,0,0,16.92,94,MADISON,0.18,2/16/2024 9:56,2/16/2024 11:12,Price Code 1,CUSTOMER PICKUP,False,Sharing Floor Athens,01-SH,30628.0,Colbert,MISC. FOOD BOX SHL,Food Misc.
571,180972,8976,F-122,Freedom Church of God,FAIMPORT483578,,FP/OP/USDA,FOOD PANTRY-Agency,BLUE RECEIPT-SHL,MCC-28-10001,121,0,0,0.0,121,MADISON,0.0,5/14/2024 0:00,5/14/2024 0:00,Price Code 1,CUSTOMER PICKUP,False,Food Bank of Northeast Georgia,01,30530.0,Commerce,"PRODUCE, SHL RETAIL PICKUPS",Mixed Produce
820,175420,5407,N-122,New Bethel CH Church,478049,,FP/GNAP/USDA,FOOD PANTRY-Agency,BLUE RECEIPT-SHL,F-15-10000,22,0,0,3.96,22,MADISON,0.18,2/9/2024 12:47,2/9/2024 14:16,Price Code 1,CUSTOMER PICKUP,False,Sharing Floor Athens,01-SH,30662.0,Royston,"MEAT & SEAFOOD, FROZEN SHL",Proteins
571,180972,8970,F-122,Freedom Church of God,FAIMPORT483578,,FP/OP/USDA,FOOD PANTRY-Agency,BLUE RECEIPT-SHL,MCW-16-10001,17,0,0,0.0,17,MADISON,0.0,5/14/2024 0:00,5/14/2024 0:00,Price Code 1,CUSTOMER PICKUP,False,Food Bank of Northeast Georgia,01,30530.0,Commerce,"MISC. FOOD BOX, SHL RETAIL PICKUP",Food Misc.
530,181751,9059,C-142,Camp Maranatha,484355,,ON PREMISES (OP),YOUTH-Agency,LOCAL - LL,F-16-90438,1,0,0,0.72,4,MADISON,0.18,6/7/2024 11:00,6/7/2024 9:27,Price Code 1,CUSTOMER PICKUP,False,Food Bank of Northeast Georgia,01,30633.0,Danielsville,OSCAR MAYER MAPLE SAUSAGE ROLLERS,Proteins
571,180061,875,F-122,Freedom Church of God,482669,,FP/OP/USDA,FOOD PANTRY-Agency,BLUE RECEIPT-SHL,W-04-10000,22,0,0,0.0,22,MADISON,0.0,5/2/2024 14:21,5/2/2024 9:36,Price Code 1,CUSTOMER PICKUP,False,Sharing Floor Athens,01-SH,30530.0,Commerce,"BREAD & BAKERY, ASSORTED SHL",Grains
137,173168,92,J-100,Jubilee Partners,476798,,FP/OP/GNAP,RESIDENTIAL-Agency,LOCAL - LL,W-01-10002,8,0,0,1.44,8,MADISON,0.18,1/17/2024 13:23,1/17/2024 9:04,Price Code 1,CUSTOMER PICKUP,False,Sharing Floor Athens,01-SH,30629.0,Comer,"ASSORTED NON-FOOD ITEMS, LL",Non-Food Misc.
820,175061,7082,N-122,New Bethel CH Church,477691,,FP/GNAP/USDA,FOOD PANTRY-Agency,USDA,C-50-10033,1,0,0,0.0,12,MADISON,0.0,2/9/2024 11:00,2/9/2024 13:49,Price Code 1,CUSTOMER PICKUP,False,Food Bank of Northeast Georgia,01,30662.0,Royston,USDA SHREDDED YELLOW CHEDDAR CHEESE CCC,Dairy
836,180311,170,G-122,Gordon's Chapel Methodist Church,482917,,FP/USDA,FOOD PANTRY-Agency,USDA,N-50-10007,3,0,0,15.12,84,MADISON,0.18,5/15/2024 14:15,5/15/2024 13:29,Price Code 1,CUSTOMER PICKUP,False,Food Bank of Northeast Georgia,01,30646.0,Hull,"USDA CORN, WHOLE KERNEL NO SALT",Vegetables
477,180389,3203,W-117,Waggoners Grove Baptist Church,482995,,FP/OP/GNAP/USDA,FOOD PANTRY-Agency,USDA,N-50-10289,1,0,0,4.5,25,MADISON,0.18,5/17/2024 11:00,5/20/2024 10:32,Price Code 1,CUSTOMER PICKUP,False,Food Bank of Northeast Georgia,01,30628.0,Colbert,USDA PECAN PIECES,Proteins
836,176972,8783,G-122,Gordon's Chapel Methodist Church,479594,,FP/USDA,FOOD PANTRY-Agency,USDA,N-50-10308,2,0,0,8.28,46,MADISON,0.18,3/13/2024 14:20,3/13/2024 12:48,Price Code 1,CUSTOMER PICKUP,False,Food Bank of Northeast Georgia,01,30646.0,Hull,USDA RAISINS,Fruits
915,179295,8970,T-122,Tabors Chapel CME Church,FAIMPORT481908,,DIRECT ASSISTANCE,DIRECT ASSISTANCE-Agency,BLUE RECEIPT-SHL,MCW-16-10001,38,0,0,0.0,38,MADISON,0.0,4/15/2024 0:00,4/15/2024 0:00,Price Code 1,CUSTOMER PICKUP,False,Food Bank of Northeast Georgia,01,30633.0,Danielsville,"MISC. FOOD BOX, SHL RETAIL PICKUP",Food Misc.
799,177743,8761,C-149,Colbert Methodist Church,480362,,FP/GNAP/USDA,FOOD PANTRY-Agency,USDA,N-50-10306,2,0,0,9.0,50,MADISON,0.18,3/26/2024 9:56,3/26/2024 10:42,Price Code 1,CUSTOMER PICKUP,False,Food Bank of Northeast Georgia,01,30628.0,Colbert,USDA WHOLE DEGLET DATES,Fruits
530,182015,875,C-142,Camp Maranatha,484619,,ON PREMISES (OP),YOUTH-Agency,BLUE RECEIPT-SHL,W-04-10000,182,0,0,0.0,182,MADISON,0.0,6/7/2024 11:50,6/7/2024 9:33,Price Code 1,CUSTOMER PICKUP,False,Sharing Floor Athens,01-SH,30633.0,Danielsville,"BREAD & BAKERY, ASSORTED SHL",Grains
477,175014,3776,W-117,Waggoners Grove Baptist Church,477644,,FP/OP/GNAP/USDA,FOOD PANTRY-Agency,BLUE RECEIPT-SHL,N-03-11125,12,0,0,0.0,396,MADISON,0.0,2/6/2024 14:38,2/12/2024 13:25,Price Code 1,CUSTOMER PICKUP,False,Food Bank of Northeast Georgia,01,30628.0,Colbert,PEPSI WILD CHERRY,Beverages
549,173129,5772,R-120,Roger's Baptist Church,476759,,FP/OP/USDA,FOOD PANTRY-Agency,LOCAL - LL,C-28-10000,294,0,0,8.82,294,MADISON,0.03,1/16/2024 15:13,1/16/2024 14:03,Price Code 1,CUSTOMER PICKUP,False,Sharing Floor Athens,01-SH,30530.0,Commerce,"PRODUCE, FRESH LL",Mixed Produce
915,182361,8970,T-122,Tabors Chapel CME Church,FAIMPORT484965,,DIRECT ASSISTANCE,DIRECT ASSISTANCE-Agency,BLUE RECEIPT-SHL,MCW-16-10001,3,0,0,0.0,3,MADISON,0.0,6/13/2024 0:00,6/13/2024 0:00,Price Code 1,CUSTOMER PICKUP,False,Food Bank of Northeast Georgia,01,30633.0,Danielsville,"MISC. FOOD BOX, SHL RETAIL PICKUP",Food Misc.
1010,182020,696,F-143,Freedom C.H. Church,484624,,FP/USDA,FOOD PANTRY-Agency,LOCAL - LL,W-25-10000,35,0,0,0.0,35,MADISON,0.0,6/7/2024 10:14,6/7/2024 10:19,Price Code 1,CUSTOMER PICKUP,False,Sharing Floor Athens,01-SH,30662.0,Royston,"ASSORTED SNACK ITEMS, LL",Food Misc.
477,173156,8548,W-117,Waggoners Grove Baptist Church,476786,,FP/OP/GNAP/USDA,FOOD PANTRY-Agency,BLUE RECEIPT-SHL,N-03-10264,4,0,0,14.4,80,MADISON,0.18,1/19/2024 14:38,1/19/2024 14:01,Price Code 1,CUSTOMER PICKUP,False,Food Bank of Northeast Georgia,01,30628.0,Colbert,"PEPSI, 12 FLOZ",Beverages
799,180305,7118,C-149,Colbert Methodist Church,482911,,FP/GNAP/USDA,FOOD PANTRY-Agency,GNAP,N-40-10225,3,0,0,0.0,30,MADISON,0.0,5/10/2024 9:15,5/10/2024 12:18,Price Code 1,CUSTOMER PICKUP,False,Food Bank of Northeast Georgia,01,30628.0,Colbert,GNAP CRISPY RICE CEREAL,Grains
549,178348,2202,R-120,Roger's Baptist Church,480964,,FP/OP/USDA,FOOD PANTRY-Agency,USDA,N-50-10240,4,0,0,15.84,88,MADISON,0.18,4/16/2024 13:30,4/16/2024 14:00,Price Code 1,CUSTOMER PICKUP,False,Food Bank of Northeast Georgia,01,30530.0,Commerce,USDA SPAGHETTI,Grains
981,179612,5407,D-111,Divine Healing Ministry of Recovery Inc.,482225,,ON PREMISES (OP),REHAB-Agency,BLUE RECEIPT-SHL,F-15-10000,118,0,0,21.24,118,MADISON,0.18,4/25/2024 11:21,4/25/2024 11:32,Price Code 1,CONTACT FOR DELIVERY,False,Sharing Floor Athens,01-SH,30633.0,Commerce,"MEAT & SEAFOOD, FROZEN SHL",Proteins
571,179275,2414,F-122,Freedom Church of God,481888,,FP/OP/USDA,FOOD PANTRY-Agency,USDA,N-50-10244,1,0,0,6.48,36,MADISON,0.18,4/24/2024 14:21,4/24/2024 13:37,Price Code 1,CUSTOMER PICKUP,False,Food Bank of Northeast Georgia,01,30530.0,Commerce,USDA CANNED BEEF CCC,Proteins
477,173769,3943,W-117,Waggoners Grove Baptist Church,477398,,FP/OP/GNAP/USDA,FOOD PANTRY-Agency,USDA,N-50-10268,60,0,0,68.4,2280,MADISON,0.03,2/2/2024 14:38,2/2/2024 12:09,Price Code 1,CUSTOMER PICKUP,False,Food Bank of Northeast Georgia,01,30628.0,Colbert,USDA APPLE JUICE,Beverages
915,176984,8781,T-122,Tabors Chapel CME Church,479606,,DIRECT ASSISTANCE,DIRECT ASSISTANCE-Agency,BLUE RECEIPT-SHL,N-03-11753,2,0,0,1.38,46,MADISON,0.03,3/13/2024 14:19,3/13/2024 12:48,Price Code 1,CUSTOMER PICKUP,False,Food Bank of Northeast Georgia,01,30633.0,Danielsville,PURE LEAF SWEET TEA,Beverages
799,175070,8873,C-149,Colbert Methodist Church,477700,,FP/GNAP/USDA,FOOD PANTRY-Agency,YELLOW RECEIPT - SHN,F-10-10001,10,0,0,0.9,30,MADISON,0.03,2/7/2024 9:56,2/7/2024 11:19,Price Code 1,CUSTOMER PICKUP,False,Food Bank of Northeast Georgia,01,30628.0,Colbert,OUTSHINE STRAWBERRY BANANA SMOOTHIE CUBES,Beverages
915,181527,8970,T-122,Tabors Chapel CME Church,FAIMPORT484131,,DIRECT ASSISTANCE,DIRECT ASSISTANCE-Agency,BLUE RECEIPT-SHL,MCW-16-10001,43,0,0,0.0,43,MADISON,0.0,5/23/2024 0:00,5/23/2024 0:00,Price Code 1,CUSTOMER PICKUP,False,Food Bank of Northeast Georgia,01,30633.0,Danielsville,"MISC. FOOD BOX, SHL RETAIL PICKUP",Food Misc.
549,182552,5407,R-120,Roger's Baptist Church,485155,,FP/OP/USDA,FOOD PANTRY-Agency,BLUE RECEIPT-SHL,F-15-10000,185,0,0,33.3,185,MADISON,0.18,6/25/2024 15:13,6/25/2024 15:46,Price Code 1,CUSTOMER PICKUP,False,Sharing Floor Athens,01-SH,30530.0,Commerce,"MEAT & SEAFOOD, FROZEN SHL",Proteins
371,176692,683,E-111,Evangelical Methodist Church - Danielsville,479315,,FOOD PANTRY,FOOD PANTRY-Agency,BLUE RECEIPT-SHL,W-16-10001,221,0,0,39.78,221,MADISON,0.18,3/5/2024 13:56,3/5/2024 11:33,Price Code 1,CUSTOMER PICKUP,False,Sharing Floor Athens,01-SH,30633.0,Danielsville,MISC. FOOD BOX SHL,Food Misc.
1010,179666,683,F-143,Freedom C.H. Church,482279,,FP/USDA,FOOD PANTRY-Agency,BLUE RECEIPT-SHL,W-16-10001,94,0,0,0.0,94,MADISON,0.0,4/26/2024 10:15,4/26/2024 10:18,Price Code 1,CUSTOMER PICKUP,False,Sharing Floor Athens,01-SH,30662.0,Royston,MISC. FOOD BOX SHL,Food Misc.
571,175034,5958,F-122,Freedom Church of God,477664,,FP/OP/USDA,FOOD PANTRY-Agency,BLUE RECEIPT-SHL,C-16-10001,106,0,0,19.08,106,MADISON,0.18,2/2/2024 14:21,2/2/2024 11:46,Price Code 1,CUSTOMER PICKUP,False,Sharing Floor Athens,01-SH,30530.0,Commerce,"COOLER FOOD, MISC. SHL",Food Misc.
892,175140,84,L-114,Legacy Baptist Church,477769,,FP/USDA,FOOD PANTRY-Agency,USDA,N-50-10006,1,0,0,4.86,27,MADISON,0.18,2/13/2024 11:15,2/13/2024 11:07,Price Code 1,CUSTOMER PICKUP,False,Food Bank of Northeast Georgia,01,30646.0,Hull,USDA GREEN BEANS,Vegetables
799,176104,696,C-149,Colbert Methodist Church,478731,,FP/GNAP/USDA,FOOD PANTRY-Agency,LOCAL - LL,W-25-10000,54,0,0,9.72,54,MADISON,0.18,2/23/2024 9:56,2/23/2024 13:46,Price Code 1,CUSTOMER PICKUP,False,Sharing Floor Athens,01-SH,30628.0,Colbert,"ASSORTED SNACK ITEMS, LL",Food Misc.
1010,182509,696,F-143,Freedom C.H. Church,485112,,FP/USDA,FOOD PANTRY-Agency,LOCAL - LL,W-25-10000,14,0,0,2.52,14,MADISON,0.18,6/21/2024 15:03,6/21/2024 15:09,Price Code 1,CUSTOMER PICKUP,False,Sharing Floor Athens,01-SH,30662.0,Royston,"ASSORTED SNACK ITEMS, LL",Food Misc.
410,177602,1674,C-110,Colbert First Baptist Church,480222,,FP/GNAP/USDA,FOOD PANTRY-Agency,USDA,N-50-10073,6,0,0,29.16,162,MADISON,0.18,3/22/2024 12:40,3/22/2024 10:49,Price Code 1,CUSTOMER PICKUP,False,Food Bank of Northeast Georgia,01,30628.0,Colbert,USDA TOMATO SAUCE,Vegetables
571,176515,5938,F-122,Freedom Church of God,479139,,FP/OP/USDA,FOOD PANTRY-Agency,BLUE RECEIPT-SHL,C-28-10001,80,0,0,0.0,80,MADISON,0.0,3/1/2024 14:21,3/1/2024 11:16,Price Code 1,CUSTOMER PICKUP,False,Food Bank of Northeast Georgia,01,30530.0,Commerce,"PRODUCE, FRESH SHL",Mixed Produce
571,179757,8943,F-122,Freedom Church of God,482370,,FP/OP/USDA,FOOD PANTRY-Agency,BLUE RECEIPT-SHL,C-28-90534,1,0,0,0.0,42,MADISON,0.0,5/2/2024 14:21,5/2/2024 9:09,Price Code 1,CUSTOMER PICKUP,False,Food Bank of Northeast Georgia,01,30530.0,Commerce,"SWEET POTATO, SHL",Potatoes 
477,178281,7083,W-117,Waggoners Grove Baptist Church,480897,,FP/OP/GNAP/USDA,FOOD PANTRY-Agency,USDA,C-50-10029,5,0,0,6.0,60,MADISON,0.1,4/15/2024 9:00,4/15/2024 10:21,Price Code 1,CUSTOMER PICKUP,False,Food Bank of Northeast Georgia,01,30628.0,Colbert,"USDA MILD CHEDDAR CHEESE, BLOCK CCC",Dairy
981,182469,5958,D-111,Divine Healing Ministry of Recovery Inc.,485073,,ON PREMISES (OP),REHAB-Agency,BLUE RECEIPT-SHL,C-16-10001,79,0,0,14.22,79,MADISON,0.18,6/21/2024 10:58,6/21/2024 11:05,Price Code 1,CONTACT FOR DELIVERY,False,Sharing Floor Athens,01-SH,30633.0,Commerce,"COOLER FOOD, MISC. SHL",Food Misc.
981,177258,696,D-111,Divine Healing Ministry of Recovery Inc.,479878,,ON PREMISES (OP),REHAB-Agency,LOCAL - LL,W-25-10000,33,0,0,5.94,33,MADISON,0.18,3/13/2024 15:05,3/13/2024 15:09,Price Code 1,CONTACT FOR DELIVERY,False,Sharing Floor Athens,01-SH,30633.0,Commerce,"ASSORTED SNACK ITEMS, LL",Food Misc.
836,180311,9013,G-122,Gordon's Chapel Methodist Church,482917,,FP/USDA,FOOD PANTRY-Agency,USDA,N-50-10313,4,0,0,17.28,96,MADISON,0.18,5/15/2024 14:15,5/15/2024 13:29,Price Code 1,CUSTOMER PICKUP,False,Food Bank of Northeast Georgia,01,30646.0,Hull,USDA LIGHT RED KIDNEY BEANS 24/1LB,Proteins
836,173880,8720,G-122,Gordon's Chapel Methodist Church,477509,,FP/USDA,FOOD PANTRY-Agency,USDA,N-50-10305,8,0,0,20.16,112,MADISON,0.18,2/7/2024 14:20,2/7/2024 13:31,Price Code 1,CUSTOMER PICKUP,False,Food Bank of Northeast Georgia,01,30646.0,Hull,USDA MIXED VegetablesCCC,Vegetables
915,182222,8974,T-122,Tabors Chapel CME Church,FAIMPORT484826,,DIRECT ASSISTANCE,DIRECT ASSISTANCE-Agency,BLUE RECEIPT-SHL,MCW-04-10000,18,0,0,0.0,18,MADISON,0.0,6/6/2024 0:00,6/6/2024 0:00,Price Code 1,CUSTOMER PICKUP,False,Food Bank of Northeast Georgia,01,30633.0,Danielsville,"BREAD AND BAKERY, SHL RETAIL PICKUPS",Grains
836,176972,1674,G-122,Gordon's Chapel Methodist Church,479594,,FP/USDA,FOOD PANTRY-Agency,USDA,N-50-10073,5,0,0,24.3,135,MADISON,0.18,3/13/2024 14:20,3/13/2024 12:48,Price Code 1,CUSTOMER PICKUP,False,Food Bank of Northeast Georgia,01,30646.0,Hull,USDA TOMATO SAUCE,Vegetables
137,180840,683,J-100,Jubilee Partners,483446,,FP/OP/GNAP,RESIDENTIAL-Agency,BLUE RECEIPT-SHL,W-16-10001,25,0,0,0.0,25,MADISON,0.0,5/15/2024 13:23,5/15/2024 8:42,Price Code 1,CUSTOMER PICKUP,False,Sharing Floor Athens,01-SH,30629.0,Comer,MISC. FOOD BOX SHL,Food Misc.
915,182493,8976,T-122,Tabors Chapel CME Church,FAIMPORT485097,,DIRECT ASSISTANCE,DIRECT ASSISTANCE-Agency,BLUE RECEIPT-SHL,MCC-28-10001,45,0,0,0.0,45,MADISON,0.0,6/17/2024 0:00,6/17/2024 0:00,Price Code 1,CUSTOMER PICKUP,False,Food Bank of Northeast Georgia,01,30633.0,Danielsville,"PRODUCE, SHL RETAIL PICKUPS",Mixed Produce
137,175608,1045,J-100,Jubilee Partners,478236,,FP/OP/GNAP,RESIDENTIAL-Agency,BLUE RECEIPT-SHL,W-25-10009,6,0,0,0.0,6,MADISON,0.0,2/14/2024 13:23,2/14/2024 8:59,Price Code 1,CUSTOMER PICKUP,False,Sharing Floor Athens,01-SH,30629.0,Comer,"ASSORTED SNACK ITEMS, SHL",Food Misc.
799,176578,8952,C-149,Colbert Methodist Church,479202,,FP/GNAP/USDA,FOOD PANTRY-Agency,BLUE RECEIPT-SHL,N-03-11813,3,0,0,0.0,72,MADISON,0.0,3/8/2024 8:56,3/8/2024 12:16,Price Code 1,CUSTOMER PICKUP,False,Food Bank of Northeast Georgia,01,30628.0,Colbert,PROPEL BERRY,Beverages
410,173554,8790,C-110,Colbert First Baptist Church,477183,,FP/GNAP/USDA,FOOD PANTRY-Agency,BLUE RECEIPT-SHL,N-03-11758,10,0,0,0.0,130,MADISON,0.0,1/29/2024 12:40,1/29/2024 14:13,Price Code 1,CUSTOMER PICKUP,False,Food Bank of Northeast Georgia,01,30628.0,Colbert,PROPEL LEMON,Beverages
915,172429,8874,T-122,Tabors Chapel CME Church,476060,,DIRECT ASSISTANCE,DIRECT ASSISTANCE-Agency,YELLOW RECEIPT - SHN,F-10-10002,10,0,0,0.9,30,MADISON,0.03,1/5/2024 14:19,1/5/2024 13:18,Price Code 1,CUSTOMER PICKUP,False,Food Bank of Northeast Georgia,01,30633.0,Danielsville,OUTSHINE TROPICAL SMOOTHIE CUBES,Beverages
915,179295,8973,T-122,Tabors Chapel CME Church,FAIMPORT481908,,DIRECT ASSISTANCE,DIRECT ASSISTANCE-Agency,BLUE RECEIPT-SHL,MCC-16-10001,14,0,0,0.0,14,MADISON,0.0,4/15/2024 0:00,4/15/2024 0:00,Price Code 1,CUSTOMER PICKUP,False,Food Bank of Northeast Georgia,01,30633.0,Danielsville,"COOLER FOOD MISC., SHL RETAIL PICKUP",Food Misc.
571,181472,6780,F-122,Freedom Church of God,484076,,FP/OP/USDA,FOOD PANTRY-Agency,USDA,C-50-10024,2,0,0,0.0,86,MADISON,0.0,6/6/2024 11:00,6/6/2024 14:21,Price Code 1,CUSTOMER PICKUP,False,Food Bank of Northeast Georgia,01,30530.0,Commerce,USDA APPLES,Fruits
799,180307,7202,C-149,Colbert Methodist Church,482913,,FP/GNAP/USDA,FOOD PANTRY-Agency,GNAP,N-40-10242,10,0,0,0.0,160,MADISON,0.0,5/9/2024 9:45,5/10/2024 12:38,Price Code 1,CUSTOMER PICKUP,False,Food Bank of Northeast Georgia,01,30628.0,Colbert,GNAP STRAWBERRY JELLY,Food Misc.
477,176239,8969,W-117,Waggoners Grove Baptist Church,478865,,FP/OP/GNAP/USDA,FOOD PANTRY-Agency,YELLOW RECEIPT - SHN,N-27-10135,5,0,0,1.35,135,MADISON,0.01,3/11/2024 10:00,3/11/2024 10:53,Price Code 1,CUSTOMER PICKUP,False,Food Bank of Northeast Georgia,01,30628.0,Colbert,"HUNTS TOMATO SAUCE, BAG AND BOX",Vegetables
477,173926,5407,W-117,Waggoners Grove Baptist Church,477555,,FP/OP/GNAP/USDA,FOOD PANTRY-Agency,BLUE RECEIPT-SHL,F-15-10000,47,0,0,8.46,47,MADISON,0.18,1/31/2024 14:38,1/31/2024 13:57,Price Code 1,CUSTOMER PICKUP,False,Sharing Floor Athens,01-SH,30628.0,Colbert,"MEAT & SEAFOOD, FROZEN SHL",Proteins
799,180305,123,C-149,Colbert Methodist Church,482911,,FP/GNAP/USDA,FOOD PANTRY-Agency,GNAP,N-40-10002,5,0,0,0.0,75,MADISON,0.0,5/10/2024 9:15,5/10/2024 12:18,Price Code 1,CUSTOMER PICKUP,False,Food Bank of Northeast Georgia,01,30628.0,Colbert,GNAP PEANUT BUTTER,Proteins
571,178863,2202,F-122,Freedom Church of God,481477,,FP/OP/USDA,FOOD PANTRY-Agency,USDA,N-50-10240,15,0,0,0.0,330,MADISON,0.0,4/16/2024 12:00,4/17/2024 7:07,Price Code 1,TRUCK 1 MOBILE PANTRY,False,Food Bank of Northeast Georgia,01,30530.0,Commerce,USDA SPAGHETTI,Grains
549,178348,800,R-120,Roger's Baptist Church,480964,,FP/OP/USDA,FOOD PANTRY-Agency,USDA,N-50-10065,6,0,0,29.16,162,MADISON,0.18,4/16/2024 13:30,4/16/2024 14:00,Price Code 1,CUSTOMER PICKUP,False,Food Bank of Northeast Georgia,01,30530.0,Commerce,USDA APPLESAUCE,Fruits
799,176859,696,C-149,Colbert Methodist Church,479481,,FP/GNAP/USDA,FOOD PANTRY-Agency,LOCAL - LL,W-25-10000,76,0,0,13.68,76,MADISON,0.18,3/7/2024 9:56,3/7/2024 14:57,Price Code 1,CUSTOMER PICKUP,False,Sharing Floor Athens,01-SH,30628.0,Colbert,"ASSORTED SNACK ITEMS, LL",Food Misc.
477,175014,8937,W-117,Waggoners Grove Baptist Church,477644,,FP/OP/GNAP/USDA,FOOD PANTRY-Agency,BLUE RECEIPT-SHL,N-03-11807,10,0,0,0.0,180,MADISON,0.0,2/6/2024 14:38,2/12/2024 13:25,Price Code 1,CUSTOMER PICKUP,False,Food Bank of Northeast Georgia,01,30628.0,Colbert,GATORADE LEMON LIME ZERO SUGAR,Beverages
842,177227,875,C-153,Cedar Grove Baptist Church,479847,,FP/GNAP/USDA,FOOD PANTRY-Agency,BLUE RECEIPT-SHL,W-04-10000,8,0,0,0.0,8,MADISON,0.0,3/13/2024 8:30,3/13/2024 10:43,Price Code 1,CUSTOMER PICKUP,False,Sharing Floor Athens,01-SH,30629.0,Comer,"BREAD & BAKERY, ASSORTED SHL",Grains
477,180901,9061,W-117,Waggoners Grove Baptist Church,483507,,FP/OP/GNAP/USDA,FOOD PANTRY-Agency,LOCAL - LL,N-25-11974,10,0,0,5.4,30,MADISON,0.18,6/3/2024 10:00,6/3/2024 11:49,Price Code 1,CUSTOMER PICKUP,False,Food Bank of Northeast Georgia,01,30628.0,Colbert,DOVE DARK CHOCOLATE & SEA SALT CARAMEL,Food Misc.
836,173072,1047,G-122,Gordon's Chapel Methodist Church,476702,,FP/USDA,FOOD PANTRY-Agency,USDA,N-50-10041,2,0,0,17.64,98,MADISON,0.18,1/18/2024 14:20,1/18/2024 9:26,Price Code 1,CUSTOMER PICKUP,False,Food Bank of Northeast Georgia,01,30646.0,Hull,USDA RICE,Grains
832,173308,3943,U-104,Union Baptist Church,476937,,FP/OP/USDA,FOOD PANTRY-Agency,USDA,N-50-10268,2,0,0,2.28,76,MADISON,0.03,1/30/2024 11:46,2/22/2024 14:24,Price Code 1,CUSTOMER PICKUP,False,Food Bank of Northeast Georgia,01,30646.0,Hull,USDA APPLE JUICE,Beverages
1010,179258,683,F-143,Freedom C.H. Church,481871,,FP/USDA,FOOD PANTRY-Agency,BLUE RECEIPT-SHL,W-16-10001,132,0,0,0.0,132,MADISON,0.0,4/19/2024 10:35,4/19/2024 10:38,Price Code 1,CUSTOMER PICKUP,False,Sharing Floor Athens,01-SH,30662.0,Royston,MISC. FOOD BOX SHL,Food Misc.
477,179233,6780,W-117,Waggoners Grove Baptist Church,481846,,FP/OP/GNAP/USDA,FOOD PANTRY-Agency,USDA,C-50-10024,3,0,0,12.9,129,MADISON,0.1,4/29/2024 10:00,4/29/2024 12:02,Price Code 1,CUSTOMER PICKUP,False,Food Bank of Northeast Georgia,01,30628.0,Colbert,USDA APPLES,Fruits
571,176538,8982,F-122,Freedom Church of God,479162,,FP/OP/USDA,FOOD PANTRY-Agency,BLUE RECEIPT-SHL,F-15-90555,8,0,0,18.72,104,MADISON,0.18,3/6/2024 14:21,3/7/2024 10:33,Price Code 1,CUSTOMER PICKUP,False,Food Bank of Northeast Georgia,01,30530.0,Commerce,HORMEL BLACK LABEL BACON,Proteins
799,180948,696,C-149,Colbert Methodist Church,483554,,FP/GNAP/USDA,FOOD PANTRY-Agency,LOCAL - LL,W-25-10000,36,0,0,6.48,36,MADISON,0.18,5/16/2024 9:56,5/16/2024 13:47,Price Code 1,CUSTOMER PICKUP,False,Sharing Floor Athens,01-SH,30628.0,Colbert,"ASSORTED SNACK ITEMS, LL",Food Misc.
137,179930,5958,J-100,Jubilee Partners,482541,,FP/OP/GNAP,RESIDENTIAL-Agency,BLUE RECEIPT-SHL,C-16-10001,9,0,0,1.62,9,MADISON,0.18,5/1/2024 13:23,5/1/2024 8:38,Price Code 1,CUSTOMER PICKUP,False,Sharing Floor Athens,01-SH,30629.0,Comer,"COOLER FOOD, MISC. SHL",Food Misc.
981,178329,5938,D-111,Divine Healing Ministry of Recovery Inc.,480945,,ON PREMISES (OP),REHAB-Agency,BLUE RECEIPT-SHL,C-28-10001,64,0,0,1.92,64,MADISON,0.03,4/4/2024 14:22,4/4/2024 14:26,Price Code 1,CONTACT FOR DELIVERY,False,Sharing Floor Athens,01-SH,30633.0,Commerce,"PRODUCE, FRESH SHL",Mixed Produce
477,179977,875,W-117,Waggoners Grove Baptist Church,482586,,FP/OP/GNAP/USDA,FOOD PANTRY-Agency,BLUE RECEIPT-SHL,W-04-10000,5,0,0,0.0,5,MADISON,0.0,5/1/2024 14:38,5/1/2024 13:53,Price Code 1,CUSTOMER PICKUP,False,Sharing Floor Athens,01-SH,30628.0,Colbert,"BREAD & BAKERY, ASSORTED SHL",Grains
915,181907,9091,T-122,Tabors Chapel CME Church,484511,,DIRECT ASSISTANCE,DIRECT ASSISTANCE-Agency,LOCAL - LL,F-15-90562,5,0,0,9.9,55,MADISON,0.18,6/18/2024 13:30,6/18/2024 13:05,Price Code 1,CUSTOMER PICKUP,False,Food Bank of Northeast Georgia,01,30633.0,Danielsville,TYSON CHICKEN BREAST STRIPS,Proteins
371,178620,8995,E-111,Evangelical Methodist Church - Danielsville,481236,,FOOD PANTRY,FOOD PANTRY-Agency,BLUE RECEIPT-SHL,N-21-10067,15,0,0,13.5,75,MADISON,0.18,4/12/2024 13:56,4/12/2024 10:39,Price Code 1,CUSTOMER PICKUP,False,Food Bank of Northeast Georgia,01,30633.0,Danielsville,"RAMEN, MARUCHAN SHRIMP",Prepared Meals
799,181693,7169,C-149,Colbert Methodist Church,484297,,FP/GNAP/USDA,FOOD PANTRY-Agency,GNAP,N-40-10236,5,0,0,0.0,70,MADISON,0.0,6/6/2024 11:30,6/6/2024 11:41,Price Code 1,CUSTOMER PICKUP,False,Food Bank of Northeast Georgia,01,30628.0,Colbert,GNAP BEEF LASAGNA,Prepared Meals
832,175683,8914,U-104,Union Baptist Church,478311,,FP/OP/USDA,FOOD PANTRY-Agency,USDA,N-50-10310,2,0,0,9.72,54,MADISON,0.18,2/22/2024 11:46,2/22/2024 14:24,Price Code 1,CUSTOMER PICKUP,False,Food Bank of Northeast Georgia,01,30646.0,Hull,USDA DICED POTATOES,Potatoes 
981,176021,5407,D-111,Divine Healing Ministry of Recovery Inc.,478649,,ON PREMISES (OP),REHAB-Agency,BLUE RECEIPT-SHL,F-15-10000,119,0,0,21.42,119,MADISON,0.18,2/22/2024 11:43,2/22/2024 11:51,Price Code 1,CONTACT FOR DELIVERY,False,Sharing Floor Athens,01-SH,30633.0,Commerce,"MEAT & SEAFOOD, FROZEN SHL",Proteins
915,181710,8975,T-122,Tabors Chapel CME Church,FAIMPORT484314,,DIRECT ASSISTANCE,DIRECT ASSISTANCE-Agency,BLUE RECEIPT-SHL,MCC-07-10001,8,0,0,0.0,8,MADISON,0.0,5/30/2024 0:00,5/30/2024 0:00,Price Code 1,CUSTOMER PICKUP,False,Food Bank of Northeast Georgia,01,30633.0,Danielsville,"DAIRY PRODUCTS, SHL RETAIL PICKUPS",Dairy
549,172672,8891,R-120,Roger's Baptist Church,476303,,FP/OP/USDA,FOOD PANTRY-Agency,LFB,N-01-90133,1,0,0,1.8,10,MADISON,0.18,1/16/2024 13:30,1/16/2024 14:36,Price Code 1,CUSTOMER PICKUP,False,Food Bank of Northeast Georgia,01,30530.0,Commerce,PULUPS 4T/5T,Non-Food Misc.
915,178888,8975,T-122,Tabors Chapel CME Church,FAIMPORT481502,,DIRECT ASSISTANCE,DIRECT ASSISTANCE-Agency,BLUE RECEIPT-SHL,MCC-07-10001,1,0,0,0.0,1,MADISON,0.0,4/11/2024 0:00,4/11/2024 0:00,Price Code 1,CUSTOMER PICKUP,False,Food Bank of Northeast Georgia,01,30633.0,Danielsville,"DAIRY PRODUCTS, SHL RETAIL PICKUPS",Dairy
548,173318,1047,M-124,Moons Grove Baptist Church,476947,,FP/OP/USDA,FOOD PANTRY-Agency,USDA,N-50-10041,1,0,0,8.82,49,MADISON,0.18,1/23/2024 7:40,2/20/2024 13:37,Price Code 1,CUSTOMER PICKUP,False,Food Bank of Northeast Georgia,01,30628.0,Colbert,USDA RICE,Grains
915,176910,8976,T-122,Tabors Chapel CME Church,FAIMPORT479532,,DIRECT ASSISTANCE,DIRECT ASSISTANCE-Agency,BLUE RECEIPT-SHL,MCC-28-10001,14,0,0,0.0,14,MADISON,0.0,3/7/2024 0:00,3/7/2024 0:00,Price Code 1,CUSTOMER PICKUP,False,Food Bank of Northeast Georgia,01,30633.0,Danielsville,"PRODUCE, SHL RETAIL PICKUPS",Mixed Produce
915,176543,8982,T-122,Tabors Chapel CME Church,479167,,DIRECT ASSISTANCE,DIRECT ASSISTANCE-Agency,BLUE RECEIPT-SHL,F-15-90555,10,0,0,23.4,130,MADISON,0.18,3/7/2024 14:19,3/7/2024 9:57,Price Code 1,CUSTOMER PICKUP,False,Food Bank of Northeast Georgia,01,30633.0,Danielsville,HORMEL BLACK LABEL BACON,Proteins
549,172672,8882,R-120,Roger's Baptist Church,476303,,FP/OP/USDA,FOOD PANTRY-Agency,BLUE RECEIPT-SHL,F-15-90548,8,0,0,12.96,72,MADISON,0.18,1/16/2024 13:30,1/16/2024 14:36,Price Code 1,CUSTOMER PICKUP,False,Food Bank of Northeast Georgia,01,30530.0,Commerce,"GROUND TURKEY BREAST, KIRKWOOD",Proteins
571,179571,5772,F-122,Freedom Church of God,482184,,FP/OP/USDA,FOOD PANTRY-Agency,LOCAL - LL,C-28-10000,33,0,0,0.99,33,MADISON,0.03,4/24/2024 14:21,4/24/2024 14:40,Price Code 1,CUSTOMER PICKUP,False,Sharing Floor Athens,01-SH,30530.0,Commerce,"PRODUCE, FRESH LL",Mixed Produce
137,179538,683,J-100,Jubilee Partners,482151,,FP/OP/GNAP,RESIDENTIAL-Agency,BLUE RECEIPT-SHL,W-16-10001,40,0,0,0.0,40,MADISON,0.0,4/24/2024 13:23,4/24/2024 8:47,Price Code 1,CUSTOMER PICKUP,False,Sharing Floor Athens,01-SH,30629.0,Comer,MISC. FOOD BOX SHL,Food Misc.
477,177662,50,W-117,Waggoners Grove Baptist Church,480282,,FP/OP/GNAP/USDA,FOOD PANTRY-Agency,LOCAL - LL,W-16-10002,18,0,0,3.24,18,MADISON,0.18,3/20/2024 14:38,3/20/2024 14:04,Price Code 1,CUSTOMER PICKUP,False,Sharing Floor Athens,01-SH,30628.0,Colbert,MISC. FOOD BOX LL,Food Misc.
836,180311,8783,G-122,Gordon's Chapel Methodist Church,482917,,FP/USDA,FOOD PANTRY-Agency,USDA,N-50-10308,2,0,0,8.28,46,MADISON,0.18,5/15/2024 14:15,5/15/2024 13:29,Price Code 1,CUSTOMER PICKUP,False,Food Bank of Northeast Georgia,01,30646.0,Hull,USDA RAISINS,Fruits
1010,182509,875,F-143,Freedom C.H. Church,485112,,FP/USDA,FOOD PANTRY-Agency,BLUE RECEIPT-SHL,W-04-10000,41,0,0,0.0,41,MADISON,0.0,6/21/2024 15:03,6/21/2024 15:09,Price Code 1,CUSTOMER PICKUP,False,Sharing Floor Athens,01-SH,30662.0,Royston,"BREAD & BAKERY, ASSORTED SHL",Grains
1010,180599,1045,F-143,Freedom C.H. Church,483205,,FP/USDA,FOOD PANTRY-Agency,BLUE RECEIPT-SHL,W-25-10009,37,0,0,6.66,37,MADISON,0.18,5/10/2024 10:27,5/10/2024 10:31,Price Code 1,CUSTOMER PICKUP,False,Sharing Floor Athens,01-SH,30662.0,Royston,"ASSORTED SNACK ITEMS, SHL",Food Misc.
1010,177631,5407,F-143,Freedom C.H. Church,480251,,FP/USDA,FOOD PANTRY-Agency,BLUE RECEIPT-SHL,F-15-10000,99,0,0,17.82,99,MADISON,0.18,3/20/2024 9:23,3/20/2024 9:25,Price Code 1,CUSTOMER PICKUP,False,Sharing Floor Athens,01-SH,30662.0,Royston,"MEAT & SEAFOOD, FROZEN SHL",Proteins
571,173347,8912,F-122,Freedom Church of God,476976,,FP/OP/USDA,FOOD PANTRY-Agency,BLUE RECEIPT-SHL,N-03-11798,9,0,0,0.0,342,MADISON,0.0,1/25/2024 11:00,2/2/2024 11:25,Price Code 1,CUSTOMER PICKUP,False,Food Bank of Northeast Georgia,01,30530.0,Commerce,MT DEW 12/1.25L,Beverages
799,181693,8761,C-149,Colbert Methodist Church,484297,,FP/GNAP/USDA,FOOD PANTRY-Agency,USDA,N-50-10306,2,0,0,9.0,50,MADISON,0.18,6/6/2024 11:30,6/6/2024 11:41,Price Code 1,CUSTOMER PICKUP,False,Food Bank of Northeast Georgia,01,30628.0,Colbert,USDA WHOLE DEGLET DATES,Fruits
799,180551,683,C-149,Colbert Methodist Church,483157,,FP/GNAP/USDA,FOOD PANTRY-Agency,BLUE RECEIPT-SHL,W-16-10001,122,0,0,21.96,122,MADISON,0.18,5/9/2024 9:56,5/9/2024 13:49,Price Code 1,CUSTOMER PICKUP,False,Sharing Floor Athens,01-SH,30628.0,Colbert,MISC. FOOD BOX SHL,Food Misc.
571,181223,9074,F-122,Freedom Church of God,483828,,FP/OP/USDA,FOOD PANTRY-Agency,BLUE RECEIPT-SHL,N-03-11836,1,0,0,0.0,9,MADISON,0.0,5/30/2024 11:30,6/3/2024 8:38,Price Code 1,CUSTOMER PICKUP,False,Food Bank of Northeast Georgia,01,30530.0,Commerce,STARBUCKS CARAMEL FRAPPUCINO,Beverages
842,175620,683,C-153,Cedar Grove Baptist Church,478248,,FP/GNAP/USDA,FOOD PANTRY-Agency,BLUE RECEIPT-SHL,W-16-10001,75,0,0,13.5,75,MADISON,0.18,2/14/2024 8:30,2/14/2024 10:39,Price Code 1,CUSTOMER PICKUP,False,Sharing Floor Athens,01-SH,30629.0,Comer,MISC. FOOD BOX SHL,Food Misc.
981,177258,5407,D-111,Divine Healing Ministry of Recovery Inc.,479878,,ON PREMISES (OP),REHAB-Agency,BLUE RECEIPT-SHL,F-15-10000,67,0,0,12.06,67,MADISON,0.18,3/13/2024 15:05,3/13/2024 15:09,Price Code 1,CONTACT FOR DELIVERY,False,Sharing Floor Athens,01-SH,30633.0,Commerce,"MEAT & SEAFOOD, FROZEN SHL",Proteins
571,181987,5388,F-122,Freedom Church of God,484591,,FP/OP/USDA,FOOD PANTRY-Agency,BLUE RECEIPT-SHL,F-16-10001,232,0,0,41.76,232,MADISON,0.18,6/6/2024 14:21,6/6/2024 14:03,Price Code 1,CUSTOMER PICKUP,False,Sharing Floor Athens,01-SH,30530.0,Commerce,"ASSORTED FROZEN FOODS, SHL",Food Misc.
915,179296,8971,T-122,Tabors Chapel CME Church,FAIMPORT481909,,DIRECT ASSISTANCE,DIRECT ASSISTANCE-Agency,BLUE RECEIPT-SHL,MCF-16-10001,4,0,0,0.0,4,MADISON,0.0,4/15/2024 0:00,4/15/2024 0:00,Price Code 1,CUSTOMER PICKUP,False,Food Bank of Northeast Georgia,01,30633.0,Danielsville,"FROZEN FOODS, MISC SHL RETAIL PICKUP",Food Misc.
915,179995,8974,T-122,Tabors Chapel CME Church,FAIMPORT482604,,DIRECT ASSISTANCE,DIRECT ASSISTANCE-Agency,BLUE RECEIPT-SHL,MCW-04-10000,9,0,0,0.0,9,MADISON,0.0,4/29/2024 0:00,4/29/2024 0:00,Price Code 1,CUSTOMER PICKUP,False,Food Bank of Northeast Georgia,01,30633.0,Danielsville,"BREAD AND BAKERY, SHL RETAIL PICKUPS",Grains
371,180626,8975,E-111,Evangelical Methodist Church - Danielsville,FAIMPORT483232,,FOOD PANTRY,FOOD PANTRY-Agency,BLUE RECEIPT-SHL,MCC-07-10001,38,0,0,0.0,38,MADISON,0.0,5/9/2024 0:00,5/9/2024 0:00,Price Code 1,CUSTOMER PICKUP,False,Food Bank of Northeast Georgia,01,30633.0,Danielsville,"DAIRY PRODUCTS, SHL RETAIL PICKUPS",Dairy
777,175959,8914,TH-130,Moons Grove Baptist Church (There's Hope For the Hungry),478587,,FP/USDA,MOBILE PANTRY-Agency,USDA,N-50-10310,306,0,0,1487.16,8262,MADISON,0.18,3/1/2024 8:29,3/7/2024 14:39,Price Code 1,TRACTOR TRAILER 1,False,Food Bank of Northeast Georgia,01,30628.0,Colbert,USDA DICED POTATOES,Potatoes 
137,173891,5938,J-100,Jubilee Partners,477520,,FP/OP/GNAP,RESIDENTIAL-Agency,BLUE RECEIPT-SHL,C-28-10001,140,0,0,4.2,140,MADISON,0.03,1/31/2024 13:23,1/31/2024 8:48,Price Code 1,CUSTOMER PICKUP,False,Sharing Floor Athens,01-SH,30629.0,Comer,"PRODUCE, FRESH SHL",Mixed Produce
915,173936,8837,T-122,Tabors Chapel CME Church,477565,,DIRECT ASSISTANCE,DIRECT ASSISTANCE-Agency,BLUE RECEIPT-SHL,N-03-11773,10,0,0,0.0,100,MADISON,0.0,2/5/2024 14:19,2/5/2024 11:44,Price Code 1,CUSTOMER PICKUP,False,Food Bank of Northeast Georgia,01,30633.0,Danielsville,MT DEW PASSSIONFRUIT PUNCH,Beverages
477,172399,8885,W-117,Waggoners Grove Baptist Church,476030,,FP/OP/GNAP/USDA,FOOD PANTRY-Agency,LFB,N-19-10054,35,0,0,88.2,490,MADISON,0.18,1/5/2024 14:38,1/5/2024 8:20,Price Code 1,CUSTOMER PICKUP,False,Food Bank of Northeast Georgia,01,30628.0,Colbert,COTTONELLE TOILET PAPER 4/9,Non-Food Misc.
571,178397,8834,F-122,Freedom Church of God,481013,,FP/OP/USDA,FOOD PANTRY-Agency,BLUE RECEIPT-SHL,N-03-11770,1,0,0,0.0,10,MADISON,0.0,4/11/2024 14:21,4/11/2024 13:26,Price Code 1,CUSTOMER PICKUP,False,Food Bank of Northeast Georgia,01,30530.0,Commerce,MT DEW ZERO SUGAR,Beverages
137,175936,92,J-100,Jubilee Partners,478564,,FP/OP/GNAP,RESIDENTIAL-Agency,LOCAL - LL,W-01-10002,87,0,0,15.66,87,MADISON,0.18,2/21/2024 13:23,2/21/2024 8:53,Price Code 1,CUSTOMER PICKUP,False,Sharing Floor Athens,01-SH,30629.0,Comer,"ASSORTED NON-FOOD ITEMS, LL",Non-Food Misc.
477,173926,683,W-117,Waggoners Grove Baptist Church,477555,,FP/OP/GNAP/USDA,FOOD PANTRY-Agency,BLUE RECEIPT-SHL,W-16-10001,35,0,0,6.3,35,MADISON,0.18,1/31/2024 14:38,1/31/2024 13:57,Price Code 1,CUSTOMER PICKUP,False,Sharing Floor Athens,01-SH,30628.0,Colbert,MISC. FOOD BOX SHL,Food Misc.
1010,179258,8677,F-143,Freedom C.H. Church,481871,,FP/USDA,FOOD PANTRY-Agency,LOCAL - LL,C-88-20000,56,0,0,0.0,56,MADISON,0.0,4/19/2024 10:35,4/19/2024 10:38,Price Code 1,CUSTOMER PICKUP,False,Sharing Floor Athens,01-SH,30662.0,Royston,"LFPA DAIRY, MISC",Dairy
571,176538,1481,F-122,Freedom Church of God,479162,,FP/OP/USDA,FOOD PANTRY-Agency,USDA,N-50-10105,2,0,0,6.12,34,MADISON,0.18,3/6/2024 14:21,3/7/2024 10:33,Price Code 1,CUSTOMER PICKUP,False,Food Bank of Northeast Georgia,01,30530.0,Commerce,USDA DRIED CHERRIES CCC,Fruits
836,173072,5088,G-122,Gordon's Chapel Methodist Church,476702,,FP/USDA,FOOD PANTRY-Agency,USDA,F-50-90023,5,0,0,0.0,125,MADISON,0.0,1/18/2024 14:20,1/18/2024 9:26,Price Code 1,CUSTOMER PICKUP,False,Food Bank of Northeast Georgia,01,30646.0,Hull,USDA FROZEN PEACHES CCC,Fruits
981,176317,8969,D-111,Divine Healing Ministry of Recovery Inc.,478942,,ON PREMISES (OP),REHAB-Agency,YELLOW RECEIPT - SHN,N-27-10135,3,0,0,0.81,81,MADISON,0.01,3/1/2024 15:23,3/15/2024 10:00,Price Code 1,CONTACT FOR DELIVERY,False,Food Bank of Northeast Georgia,01,30633.0,Commerce,"HUNTS TOMATO SAUCE, BAG AND BOX",Vegetables
799,179019,8949,C-149,Colbert Methodist Church,481633,,FP/GNAP/USDA,FOOD PANTRY-Agency,LOCAL - LL,C-28-90536,1,0,0,0.0,50,MADISON,0.0,4/19/2024 8:56,4/19/2024 13:30,Price Code 1,CUSTOMER PICKUP,False,Food Bank of Northeast Georgia,01,30628.0,Colbert,"CARROTS, 50#",Vegetables
548,177570,800,M-124,Moons Grove Baptist Church,480190,,FP/OP/USDA,FOOD PANTRY-Agency,USDA,N-50-10065,3,0,0,14.58,81,MADISON,0.18,3/22/2024 7:40,3/22/2024 9:06,Price Code 1,CUSTOMER PICKUP,False,Food Bank of Northeast Georgia,01,30628.0,Colbert,USDA APPLESAUCE,Fruits
832,175683,84,U-104,Union Baptist Church,478311,,FP/OP/USDA,FOOD PANTRY-Agency,USDA,N-50-10006,2,0,0,9.72,54,MADISON,0.18,2/22/2024 11:46,2/22/2024 14:24,Price Code 1,CUSTOMER PICKUP,False,Food Bank of Northeast Georgia,01,30646.0,Hull,USDA GREEN BEANS,Vegetables
915,176911,8975,T-122,Tabors Chapel CME Church,FAIMPORT479533,,DIRECT ASSISTANCE,DIRECT ASSISTANCE-Agency,BLUE RECEIPT-SHL,MCC-07-10001,13,0,0,0.0,13,MADISON,0.0,3/7/2024 0:00,3/7/2024 0:00,Price Code 1,CUSTOMER PICKUP,False,Food Bank of Northeast Georgia,01,30633.0,Danielsville,"DAIRY PRODUCTS, SHL RETAIL PICKUPS",Dairy
477,178358,1898,W-117,Waggoners Grove Baptist Church,480974,,FP/OP/GNAP/USDA,FOOD PANTRY-Agency,BLUE RECEIPT-SHL,N-03-10626,5,0,0,0.0,170,MADISON,0.0,4/15/2024 9:00,4/15/2024 10:20,Price Code 1,CUSTOMER PICKUP,False,Food Bank of Northeast Georgia,01,30628.0,Colbert,"GREEN TEA W/ CITRUS, DIET LIPTON",Beverages
799,181693,8994,C-149,Colbert Methodist Church,484297,,FP/GNAP/USDA,FOOD PANTRY-Agency,GNAP,N-40-10269,3,0,0,0.0,81,MADISON,0.0,6/6/2024 11:30,6/6/2024 11:41,Price Code 1,CUSTOMER PICKUP,False,Food Bank of Northeast Georgia,01,30628.0,Colbert,"GNAP GREEN BEANS, WHOLE",Vegetables
477,177662,5407,W-117,Waggoners Grove Baptist Church,480282,,FP/OP/GNAP/USDA,FOOD PANTRY-Agency,BLUE RECEIPT-SHL,F-15-10000,126,0,0,22.68,126,MADISON,0.18,3/20/2024 14:38,3/20/2024 14:04,Price Code 1,CUSTOMER PICKUP,False,Sharing Floor Athens,01-SH,30628.0,Colbert,"MEAT & SEAFOOD, FROZEN SHL",Proteins
915,181709,8972,T-122,Tabors Chapel CME Church,FAIMPORT484313,,DIRECT ASSISTANCE,DIRECT ASSISTANCE-Agency,BLUE RECEIPT-SHL,MCF-15-10000,14,0,0,0.0,14,MADISON,0.0,5/30/2024 0:00,5/30/2024 0:00,Price Code 1,CUSTOMER PICKUP,False,Food Bank of Northeast Georgia,01,30633.0,Danielsville,"FROZEN MEAT & SEAFOOD, SHL RETAIL PICKUP",Proteins
799,177320,50,C-149,Colbert Methodist Church,479940,,FP/GNAP/USDA,FOOD PANTRY-Agency,LOCAL - LL,W-16-10002,186,0,0,33.48,186,MADISON,0.18,3/14/2024 9:56,3/14/2024 13:55,Price Code 1,CUSTOMER PICKUP,False,Sharing Floor Athens,01-SH,30628.0,Colbert,MISC. FOOD BOX LL,Food Misc.
571,173083,7082,F-122,Freedom Church of God,476713,,FP/OP/USDA,FOOD PANTRY-Agency,USDA,C-50-10033,20,0,0,0.0,240,MADISON,0.0,1/19/2024 11:00,1/19/2024 11:21,Price Code 1,CUSTOMER PICKUP,False,Food Bank of Northeast Georgia,01,30530.0,Commerce,USDA SHREDDED YELLOW CHEDDAR CHEESE CCC,Dairy
571,172757,5407,F-122,Freedom Church of God,476388,,FP/OP/USDA,FOOD PANTRY-Agency,BLUE RECEIPT-SHL,F-15-10000,46,0,0,8.28,46,MADISON,0.18,1/8/2024 14:21,1/8/2024 15:15,Price Code 1,CUSTOMER PICKUP,False,Sharing Floor Athens,01-SH,30530.0,Commerce,"MEAT & SEAFOOD, FROZEN SHL",Proteins
371,178605,683,E-111,Evangelical Methodist Church - Danielsville,481221,,FOOD PANTRY,FOOD PANTRY-Agency,BLUE RECEIPT-SHL,W-16-10001,26,0,0,4.68,26,MADISON,0.18,4/9/2024 13:56,4/9/2024 11:36,Price Code 1,CUSTOMER PICKUP,False,Sharing Floor Athens,01-SH,30633.0,Danielsville,MISC. FOOD BOX SHL,Food Misc.
571,178863,4327,F-122,Freedom Church of God,481477,,FP/OP/USDA,FOOD PANTRY-Agency,USDA,N-50-10277,13,0,0,0.0,351,MADISON,0.0,4/16/2024 12:00,4/17/2024 7:07,Price Code 1,TRUCK 1 MOBILE PANTRY,False,Food Bank of Northeast Georgia,01,30530.0,Commerce,USDA GARBANZO BEANS,Proteins
477,180901,8740,W-117,Waggoners Grove Baptist Church,483507,,FP/OP/GNAP/USDA,FOOD PANTRY-Agency,BLUE RECEIPT-SHL,N-03-11740,14,0,0,0.0,392,MADISON,0.0,6/3/2024 10:00,6/3/2024 11:49,Price Code 1,CUSTOMER PICKUP,False,Food Bank of Northeast Georgia,01,30628.0,Colbert,MT DEW BAJA BLAST,Beverages
915,175928,8960,T-122,Tabors Chapel CME Church,478556,,DIRECT ASSISTANCE,DIRECT ASSISTANCE-Agency,YELLOW RECEIPT - SHN,N-25-11959,1,0,0,1.62,9,MADISON,0.18,2/26/2024 14:19,2/26/2024 12:55,Price Code 1,CUSTOMER PICKUP,False,Food Bank of Northeast Georgia,01,30633.0,Danielsville,"NILLA WAFERS, NABISCO",Food Misc.
571,176836,5938,F-122,Freedom Church of God,479458,,FP/OP/USDA,FOOD PANTRY-Agency,BLUE RECEIPT-SHL,C-28-10001,30,0,0,0.0,30,MADISON,0.0,3/7/2024 14:21,3/7/2024 10:37,Price Code 1,CUSTOMER PICKUP,False,Food Bank of Northeast Georgia,01,30530.0,Commerce,"PRODUCE, FRESH SHL",Mixed Produce
915,177185,8974,T-122,Tabors Chapel CME Church,FAIMPORT479806,,DIRECT ASSISTANCE,DIRECT ASSISTANCE-Agency,BLUE RECEIPT-SHL,MCW-04-10000,27,0,0,0.0,27,MADISON,0.0,3/11/2024 0:00,3/11/2024 0:00,Price Code 1,CUSTOMER PICKUP,False,Food Bank of Northeast Georgia,01,30633.0,Danielsville,"BREAD AND BAKERY, SHL RETAIL PICKUPS",Grains
799,176578,5637,C-149,Colbert Methodist Church,479202,,FP/GNAP/USDA,FOOD PANTRY-Agency,USDA,F-50-90019,2,0,0,0.0,60,MADISON,0.0,3/8/2024 8:56,3/8/2024 12:16,Price Code 1,CUSTOMER PICKUP,False,Food Bank of Northeast Georgia,01,30628.0,Colbert,USDA FROZEN BLUEBERRIES CCC,Fruits
137,177625,5772,J-100,Jubilee Partners,480245,,FP/OP/GNAP,RESIDENTIAL-Agency,LOCAL - LL,C-28-10000,316,0,0,9.48,316,MADISON,0.03,3/20/2024 13:23,3/20/2024 8:47,Price Code 1,CUSTOMER PICKUP,False,Sharing Floor Athens,01-SH,30629.0,Comer,"PRODUCE, FRESH LL",Mixed Produce
137,172312,8874,J-100,Jubilee Partners,475943,,FP/OP/GNAP,RESIDENTIAL-Agency,YELLOW RECEIPT - SHN,F-10-10002,1,0,0,0.09,3,MADISON,0.03,1/10/2024 9:00,1/10/2024 11:16,Price Code 1,CUSTOMER PICKUP,False,Food Bank of Northeast Georgia,01,30629.0,Comer,OUTSHINE TROPICAL SMOOTHIE CUBES,Beverages
477,173302,8856,W-117,Waggoners Grove Baptist Church,476931,,FP/OP/GNAP/USDA,FOOD PANTRY-Agency,LOCAL - LL,N-25-11936,10,0,0,7.2,40,MADISON,0.18,1/26/2024 10:00,1/26/2024 9:49,Price Code 1,CUSTOMER PICKUP,False,Food Bank of Northeast Georgia,01,30628.0,Colbert,"CHUM FRUIT BITES, STRAWBERRY/MANGO",Fruits
571,180480,8973,F-122,Freedom Church of God,FAIMPORT483086,,FP/OP/USDA,FOOD PANTRY-Agency,BLUE RECEIPT-SHL,MCC-16-10001,20,0,0,0.0,20,MADISON,0.0,5/6/2024 0:00,5/6/2024 0:00,Price Code 1,CUSTOMER PICKUP,False,Food Bank of Northeast Georgia,01,30530.0,Commerce,"COOLER FOOD MISC., SHL RETAIL PICKUP",Food Misc.
371,177136,235,E-111,Evangelical Methodist Church - Danielsville,479757,,FOOD PANTRY,FOOD PANTRY-Agency,LOCAL - LL,W-03-10012,75,0,0,0.0,75,MADISON,0.0,3/12/2024 13:56,3/12/2024 11:22,Price Code 1,CUSTOMER PICKUP,False,Sharing Floor Athens,01-SH,30633.0,Danielsville,"ASSORTED BEVERAGES, LL",Beverages
898,172641,8882,M-132,Meadow Baptist Church,476272,,FP/USDA,DIRECT ASSISTANCE-Agency,BLUE RECEIPT-SHL,F-15-90548,20,0,0,32.4,180,MADISON,0.18,1/19/2024 8:02,1/19/2024 9:06,Price Code 1,CUSTOMER PICKUP,False,Food Bank of Northeast Georgia,01,30629.0,Comer,"GROUND TURKEY BREAST, KIRKWOOD",Proteins
981,178270,8995,D-111,Divine Healing Ministry of Recovery Inc.,480886,,ON PREMISES (OP),REHAB-Agency,BLUE RECEIPT-SHL,N-21-10067,4,0,0,3.6,20,MADISON,0.18,4/8/2024 16:51,4/11/2024 12:02,Price Code 1,CUSTOMER PICKUP,False,Food Bank of Northeast Georgia,01,30633.0,Commerce,"RAMEN, MARUCHAN SHRIMP",Prepared Meals
571,182650,8976,F-122,Freedom Church of God,FAIMPORT485253,,FP/OP/USDA,FOOD PANTRY-Agency,BLUE RECEIPT-SHL,MCC-28-10001,38,0,0,0.0,38,MADISON,0.0,6/28/2024 0:00,6/28/2024 0:00,Price Code 1,CUSTOMER PICKUP,False,Food Bank of Northeast Georgia,01,30530.0,Commerce,"PRODUCE, SHL RETAIL PICKUPS",Mixed Produce
571,173275,170,F-122,Freedom Church of God,476904,,FP/OP/USDA,FOOD PANTRY-Agency,USDA,N-50-10007,3,0,0,15.12,84,MADISON,0.18,1/25/2024 14:21,1/31/2024 9:41,Price Code 1,CUSTOMER PICKUP,False,Food Bank of Northeast Georgia,01,30530.0,Commerce,"USDA CORN, WHOLE KERNEL NO SALT",Vegetables
981,181627,1045,D-111,Divine Healing Ministry of Recovery Inc.,484231,,ON PREMISES (OP),REHAB-Agency,BLUE RECEIPT-SHL,W-25-10009,37,0,0,6.66,37,MADISON,0.18,5/30/2024 11:27,5/30/2024 11:33,Price Code 1,CONTACT FOR DELIVERY,False,Sharing Floor Athens,01-SH,30633.0,Commerce,"ASSORTED SNACK ITEMS, SHL",Food Misc.
549,175587,8874,R-120,Roger's Baptist Church,478215,,FP/OP/USDA,FOOD PANTRY-Agency,YELLOW RECEIPT - SHN,F-10-10002,6,0,0,0.54,18,MADISON,0.03,2/20/2024 13:30,2/20/2024 13:52,Price Code 1,CUSTOMER PICKUP,False,Food Bank of Northeast Georgia,01,30530.0,Commerce,OUTSHINE TROPICAL SMOOTHIE CUBES,Beverages
915,182222,8976,T-122,Tabors Chapel CME Church,FAIMPORT484826,,DIRECT ASSISTANCE,DIRECT ASSISTANCE-Agency,BLUE RECEIPT-SHL,MCC-28-10001,24,0,0,0.0,24,MADISON,0.0,6/6/2024 0:00,6/6/2024 0:00,Price Code 1,CUSTOMER PICKUP,False,Food Bank of Northeast Georgia,01,30633.0,Danielsville,"PRODUCE, SHL RETAIL PICKUPS",Mixed Produce
571,182137,8976,F-122,Freedom Church of God,FAIMPORT484741,,FP/OP/USDA,FOOD PANTRY-Agency,BLUE RECEIPT-SHL,MCC-28-10001,12,0,0,0.0,12,MADISON,0.0,6/7/2024 0:00,6/7/2024 0:00,Price Code 1,CUSTOMER PICKUP,False,Food Bank of Northeast Georgia,01,30530.0,Commerce,"PRODUCE, SHL RETAIL PICKUPS",Mixed Produce
836,173880,1047,G-122,Gordon's Chapel Methodist Church,477509,,FP/USDA,FOOD PANTRY-Agency,USDA,N-50-10041,3,0,0,26.46,147,MADISON,0.18,2/7/2024 14:20,2/7/2024 13:31,Price Code 1,CUSTOMER PICKUP,False,Food Bank of Northeast Georgia,01,30646.0,Hull,USDA RICE,Grains
477,173562,5772,W-117,Waggoners Grove Baptist Church,477191,,FP/OP/GNAP/USDA,FOOD PANTRY-Agency,LOCAL - LL,C-28-10000,119,0,0,3.57,119,MADISON,0.03,1/24/2024 14:38,1/24/2024 13:58,Price Code 1,CUSTOMER PICKUP,False,Sharing Floor Athens,01-SH,30628.0,Colbert,"PRODUCE, FRESH LL",Mixed Produce
549,176868,7284,R-120,Roger's Baptist Church,479490,,FP/OP/USDA,FOOD PANTRY-Agency,USDA,C-50-10043,6,0,0,15.6,156,MADISON,0.1,3/19/2024 13:30,3/19/2024 13:52,Price Code 1,CUSTOMER PICKUP,False,Food Bank of Northeast Georgia,01,30530.0,Commerce,USDA RED FAT AMERICAN CHEESE CCC,Dairy
477,180880,683,W-117,Waggoners Grove Baptist Church,483486,,FP/OP/GNAP/USDA,FOOD PANTRY-Agency,BLUE RECEIPT-SHL,W-16-10001,45,0,0,8.1,45,MADISON,0.18,5/15/2024 14:38,5/15/2024 13:47,Price Code 1,CUSTOMER PICKUP,False,Sharing Floor Athens,01-SH,30628.0,Colbert,MISC. FOOD BOX SHL,Food Misc.
915,175928,8958,T-122,Tabors Chapel CME Church,478556,,DIRECT ASSISTANCE,DIRECT ASSISTANCE-Agency,YELLOW RECEIPT - SHN,N-25-11957,2,0,0,1.08,6,MADISON,0.18,2/26/2024 14:19,2/26/2024 12:55,Price Code 1,CUSTOMER PICKUP,False,Food Bank of Northeast Georgia,01,30633.0,Danielsville,WHEAT THINS BIG,Grains
981,172629,696,D-111,Divine Healing Ministry of Recovery Inc.,476260,,ON PREMISES (OP),REHAB-Agency,LOCAL - LL,W-25-10000,17,0,0,3.06,17,MADISON,0.18,1/5/2024 14:08,1/5/2024 14:10,Price Code 1,CONTACT FOR DELIVERY,False,Sharing Floor Athens,01-SH,30633.0,Commerce,"ASSORTED SNACK ITEMS, LL",Food Misc.
915,177185,8973,T-122,Tabors Chapel CME Church,FAIMPORT479806,,DIRECT ASSISTANCE,DIRECT ASSISTANCE-Agency,BLUE RECEIPT-SHL,MCC-16-10001,55,0,0,0.0,55,MADISON,0.0,3/11/2024 0:00,3/11/2024 0:00,Price Code 1,CUSTOMER PICKUP,False,Food Bank of Northeast Georgia,01,30633.0,Danielsville,"COOLER FOOD MISC., SHL RETAIL PICKUP",Food Misc.
915,176543,8981,T-122,Tabors Chapel CME Church,479167,,DIRECT ASSISTANCE,DIRECT ASSISTANCE-Agency,BLUE RECEIPT-SHL,F-15-90554,1,0,0,2.34,13,MADISON,0.18,3/7/2024 14:19,3/7/2024 9:57,Price Code 1,CUSTOMER PICKUP,False,Food Bank of Northeast Georgia,01,30633.0,Danielsville,JENNIE-O TURKEY FRANKS,Proteins
981,182469,696,D-111,Divine Healing Ministry of Recovery Inc.,485073,,ON PREMISES (OP),REHAB-Agency,LOCAL - LL,W-25-10000,62,0,0,11.16,62,MADISON,0.18,6/21/2024 10:58,6/21/2024 11:05,Price Code 1,CONTACT FOR DELIVERY,False,Sharing Floor Athens,01-SH,30633.0,Commerce,"ASSORTED SNACK ITEMS, LL",Food Misc.
915,178190,8973,T-122,Tabors Chapel CME Church,FAIMPORT480808,,DIRECT ASSISTANCE,DIRECT ASSISTANCE-Agency,BLUE RECEIPT-SHL,MCC-16-10001,96,0,0,0.0,96,MADISON,0.0,3/28/2024 0:00,3/28/2024 0:00,Price Code 1,CUSTOMER PICKUP,False,Food Bank of Northeast Georgia,01,30633.0,Danielsville,"COOLER FOOD MISC., SHL RETAIL PICKUP",Food Misc.
477,180901,8873,W-117,Waggoners Grove Baptist Church,483507,,FP/OP/GNAP/USDA,FOOD PANTRY-Agency,YELLOW RECEIPT - SHN,F-10-10001,4,0,0,0.36,12,MADISON,0.03,6/3/2024 10:00,6/3/2024 11:49,Price Code 1,CUSTOMER PICKUP,False,Food Bank of Northeast Georgia,01,30628.0,Colbert,OUTSHINE STRAWBERRY BANANA SMOOTHIE CUBES,Beverages
549,175902,683,R-120,Roger's Baptist Church,478530,,FP/OP/USDA,FOOD PANTRY-Agency,BLUE RECEIPT-SHL,W-16-10001,40,0,0,7.2,40,MADISON,0.18,2/20/2024 15:13,2/20/2024 13:59,Price Code 1,CUSTOMER PICKUP,False,Sharing Floor Athens,01-SH,30530.0,Commerce,MISC. FOOD BOX SHL,Food Misc.
571,178863,8997,F-122,Freedom Church of God,481477,,FP/OP/USDA,FOOD PANTRY-Agency,USDA,N-50-10312,25,0,0,0.0,300,MADISON,0.0,4/16/2024 12:00,4/17/2024 7:07,Price Code 1,TRUCK 1 MOBILE PANTRY,False,Food Bank of Northeast Georgia,01,30530.0,Commerce,USDA CHILI W/ BEANS CCC,Prepared Meals
571,175585,8915,F-122,Freedom Church of God,478213,,FP/OP/USDA,FOOD PANTRY-Agency,USDA,F-50-90474,7,0,0,28.0,280,MADISON,0.1,2/16/2024 14:21,2/20/2024 9:32,Price Code 1,CUSTOMER PICKUP,False,Food Bank of Northeast Georgia,01,30530.0,Commerce,USDA PACIFIC SALAD SHRIMP,Proteins
549,180225,6780,R-120,Roger's Baptist Church,482831,,FP/OP/USDA,FOOD PANTRY-Agency,USDA,C-50-10024,8,0,0,34.4,344,MADISON,0.1,5/21/2024 13:45,5/21/2024 14:04,Price Code 1,CUSTOMER PICKUP,False,Food Bank of Northeast Georgia,01,30530.0,Commerce,USDA APPLES,Fruits
137,182377,9111,J-100,Jubilee Partners,484981,,FP/OP/GNAP,RESIDENTIAL-Agency,LOCAL - LL,N-25-11979,4,0,0,3.6648,20,MADISON,0.18,6/26/2024 14:00,6/26/2024 9:00,Price Code 1,CUSTOMER PICKUP,False,Food Bank of Northeast Georgia,01,30629.0,Comer,GEORGIA PEANUTS,Proteins
371,178605,5407,E-111,Evangelical Methodist Church - Danielsville,481221,,FOOD PANTRY,FOOD PANTRY-Agency,BLUE RECEIPT-SHL,F-15-10000,45,0,0,8.1,45,MADISON,0.18,4/9/2024 13:56,4/9/2024 11:36,Price Code 1,CUSTOMER PICKUP,False,Sharing Floor Athens,01-SH,30633.0,Danielsville,"MEAT & SEAFOOD, FROZEN SHL",Proteins
477,173199,5958,W-117,Waggoners Grove Baptist Church,476829,,FP/OP/GNAP/USDA,FOOD PANTRY-Agency,BLUE RECEIPT-SHL,C-16-10001,28,0,0,0.0,28,MADISON,0.0,1/17/2024 14:38,1/17/2024 13:49,Price Code 1,CUSTOMER PICKUP,False,Sharing Floor Athens,01-SH,30628.0,Colbert,"COOLER FOOD, MISC. SHL",Food Misc.
799,178469,8739,C-149,Colbert Methodist Church,481085,,FP/GNAP/USDA,FOOD PANTRY-Agency,BLUE RECEIPT-SHL,N-03-11739,10,0,0,3.0,100,MADISON,0.03,4/12/2024 8:56,4/12/2024 12:23,Price Code 1,CUSTOMER PICKUP,False,Food Bank of Northeast Georgia,01,30628.0,Colbert,MT DEW ZERO SUGAR BAJA BLAST,Beverages
477,173926,5958,W-117,Waggoners Grove Baptist Church,477555,,FP/OP/GNAP/USDA,FOOD PANTRY-Agency,BLUE RECEIPT-SHL,C-16-10001,35,0,0,6.3,35,MADISON,0.18,1/31/2024 14:38,1/31/2024 13:57,Price Code 1,CUSTOMER PICKUP,False,Sharing Floor Athens,01-SH,30628.0,Colbert,"COOLER FOOD, MISC. SHL",Food Misc.
571,180806,1481,F-122,Freedom Church of God,483412,,FP/OP/USDA,FOOD PANTRY-Agency,USDA,N-50-10105,2,0,0,6.12,34,MADISON,0.18,5/17/2024 8:45,5/20/2024 10:34,Price Code 1,CUSTOMER PICKUP,False,Food Bank of Northeast Georgia,01,30530.0,Commerce,USDA DRIED CHERRIES CCC,Fruits
548,177570,1047,M-124,Moons Grove Baptist Church,480190,,FP/OP/USDA,FOOD PANTRY-Agency,USDA,N-50-10041,2,0,0,17.64,98,MADISON,0.18,3/22/2024 7:40,3/22/2024 9:06,Price Code 1,CUSTOMER PICKUP,False,Food Bank of Northeast Georgia,01,30628.0,Colbert,USDA RICE,Grains
137,175936,5938,J-100,Jubilee Partners,478564,,FP/OP/GNAP,RESIDENTIAL-Agency,BLUE RECEIPT-SHL,C-28-10001,67,0,0,2.01,67,MADISON,0.03,2/21/2024 13:23,2/21/2024 8:53,Price Code 1,CUSTOMER PICKUP,False,Sharing Floor Athens,01-SH,30629.0,Comer,"PRODUCE, FRESH SHL",Mixed Produce
137,181912,5407,J-100,Jubilee Partners,484516,,FP/OP/GNAP,RESIDENTIAL-Agency,BLUE RECEIPT-SHL,F-15-10000,37,0,0,6.66,37,MADISON,0.18,6/5/2024 13:23,6/5/2024 8:56,Price Code 1,CUSTOMER PICKUP,False,Sharing Floor Athens,01-SH,30629.0,Comer,"MEAT & SEAFOOD, FROZEN SHL",Proteins
477,181931,5407,W-117,Waggoners Grove Baptist Church,484535,,FP/OP/GNAP/USDA,FOOD PANTRY-Agency,BLUE RECEIPT-SHL,F-15-10000,55,0,0,9.9,55,MADISON,0.18,6/5/2024 14:38,6/5/2024 14:04,Price Code 1,CUSTOMER PICKUP,False,Sharing Floor Athens,01-SH,30628.0,Colbert,"MEAT & SEAFOOD, FROZEN SHL",Proteins
137,180840,690,J-100,Jubilee Partners,483446,,FP/OP/GNAP,RESIDENTIAL-Agency,BLUE RECEIPT-SHL,W-03-10013,112,0,0,3.36,112,MADISON,0.03,5/15/2024 13:23,5/15/2024 8:42,Price Code 1,CUSTOMER PICKUP,False,Sharing Floor Athens,01-SH,30629.0,Comer,"ASSORTED BEVERAGES, SHL",Beverages
371,180461,8970,E-111,Evangelical Methodist Church - Danielsville,FAIMPORT483067,,FOOD PANTRY,FOOD PANTRY-Agency,BLUE RECEIPT-SHL,MCW-16-10001,25,0,0,0.0,25,MADISON,0.0,4/18/2024 0:00,4/18/2024 0:00,Price Code 1,CUSTOMER PICKUP,False,Food Bank of Northeast Georgia,01,30633.0,Danielsville,"MISC. FOOD BOX, SHL RETAIL PICKUP",Food Misc.
571,181838,8973,F-122,Freedom Church of God,FAIMPORT484442,,FP/OP/USDA,FOOD PANTRY-Agency,BLUE RECEIPT-SHL,MCC-16-10001,8,0,0,0.0,8,MADISON,0.0,5/31/2024 0:00,5/31/2024 0:00,Price Code 1,CUSTOMER PICKUP,False,Food Bank of Northeast Georgia,01,30530.0,Commerce,"COOLER FOOD MISC., SHL RETAIL PICKUP",Food Misc.
137,172312,8628,J-100,Jubilee Partners,475943,,FP/OP/GNAP,RESIDENTIAL-Agency,YELLOW RECEIPT - SHN,N-27-10129,1,0,0,1.44,8,MADISON,0.18,1/10/2024 9:00,1/10/2024 11:16,Price Code 1,CUSTOMER PICKUP,False,Food Bank of Northeast Georgia,01,30629.0,Comer,HUNTS DICED TOMATOES,Vegetables
892,181125,9040,L-114,Legacy Baptist Church,483730,,FP/USDA,FOOD PANTRY-Agency,LOCAL - LL,N-11-11073,1,0,0,2.5,25,MADISON,0.1,5/24/2024 14:00,5/24/2024 14:13,Price Code 1,CUSTOMER PICKUP,False,Food Bank of Northeast Georgia,01,30646.0,Hull,COUSCOUS,Grains
571,180479,8976,F-122,Freedom Church of God,FAIMPORT483085,,FP/OP/USDA,FOOD PANTRY-Agency,BLUE RECEIPT-SHL,MCC-28-10001,113,0,0,0.0,113,MADISON,0.0,5/3/2024 0:00,5/3/2024 0:00,Price Code 1,CUSTOMER PICKUP,False,Food Bank of Northeast Georgia,01,30530.0,Commerce,"PRODUCE, SHL RETAIL PICKUPS",Mixed Produce
371,175211,1045,E-111,Evangelical Methodist Church - Danielsville,477840,,FOOD PANTRY,FOOD PANTRY-Agency,BLUE RECEIPT-SHL,W-25-10009,4,0,0,0.72,4,MADISON,0.18,2/6/2024 13:56,2/6/2024 11:14,Price Code 1,CUSTOMER PICKUP,False,Sharing Floor Athens,01-SH,30633.0,Danielsville,"ASSORTED SNACK ITEMS, SHL",Food Misc.
915,177912,8918,T-122,Tabors Chapel CME Church,480531,,DIRECT ASSISTANCE,DIRECT ASSISTANCE-Agency,LOCAL - LL,N-25-11950,3,0,0,1.08,6,MADISON,0.18,4/3/2024 14:19,4/3/2024 13:44,Price Code 1,CUSTOMER PICKUP,False,Food Bank of Northeast Georgia,01,30633.0,Danielsville,GHIRARDELLI DARK CHOCOLATE,Food Misc.
981,178844,8837,D-111,Divine Healing Ministry of Recovery Inc.,481458,,ON PREMISES (OP),REHAB-Agency,BLUE RECEIPT-SHL,N-03-11773,4,0,0,0.0,40,MADISON,0.0,4/17/2024 7:59,4/17/2024 11:59,Price Code 1,CONTACT FOR DELIVERY,False,Food Bank of Northeast Georgia,01,30633.0,Commerce,MT DEW PASSSIONFRUIT PUNCH,Beverages
137,173891,690,J-100,Jubilee Partners,477520,,FP/OP/GNAP,RESIDENTIAL-Agency,BLUE RECEIPT-SHL,W-03-10013,80,0,0,0.0,80,MADISON,0.0,1/31/2024 13:23,1/31/2024 8:48,Price Code 1,CUSTOMER PICKUP,False,Sharing Floor Athens,01-SH,30629.0,Comer,"ASSORTED BEVERAGES, SHL",Beverages
371,177549,50,E-111,Evangelical Methodist Church - Danielsville,480169,,FOOD PANTRY,FOOD PANTRY-Agency,LOCAL - LL,W-16-10002,49,0,0,8.82,49,MADISON,0.18,3/19/2024 13:56,3/19/2024 11:26,Price Code 1,CUSTOMER PICKUP,False,Sharing Floor Athens,01-SH,30633.0,Danielsville,MISC. FOOD BOX LL,Food Misc.
898,179239,5407,M-132,Meadow Baptist Church,481852,,FP/USDA,DIRECT ASSISTANCE-Agency,BLUE RECEIPT-SHL,F-15-10000,163,0,0,29.34,163,MADISON,0.18,4/19/2024 10:02,4/19/2024 8:21,Price Code 1,CUSTOMER PICKUP,False,Sharing Floor Athens,01-SH,30629.0,Comer,"MEAT & SEAFOOD, FROZEN SHL",Proteins
549,176868,84,R-120,Roger's Baptist Church,479490,,FP/OP/USDA,FOOD PANTRY-Agency,USDA,N-50-10006,6,0,0,29.16,162,MADISON,0.18,3/19/2024 13:30,3/19/2024 13:52,Price Code 1,CUSTOMER PICKUP,False,Food Bank of Northeast Georgia,01,30530.0,Commerce,USDA GREEN BEANS,Vegetables
549,181869,1481,R-120,Roger's Baptist Church,484473,,FP/OP/USDA,FOOD PANTRY-Agency,USDA,N-50-10105,8,0,0,24.48,136,MADISON,0.18,6/25/2024 13:30,6/25/2024 15:46,Price Code 1,CUSTOMER PICKUP,False,Food Bank of Northeast Georgia,01,30530.0,Commerce,USDA DRIED CHERRIES CCC,Fruits
981,181627,5938,D-111,Divine Healing Ministry of Recovery Inc.,484231,,ON PREMISES (OP),REHAB-Agency,BLUE RECEIPT-SHL,C-28-10001,56,0,0,1.68,56,MADISON,0.03,5/30/2024 11:27,5/30/2024 11:33,Price Code 1,CONTACT FOR DELIVERY,False,Sharing Floor Athens,01-SH,30633.0,Commerce,"PRODUCE, FRESH SHL",Mixed Produce
898,172650,8852,M-132,Meadow Baptist Church,476281,,FP/USDA,DIRECT ASSISTANCE-Agency,PURCH,N-23-10010,2,0,0,4.68,26,MADISON,0.18,1/19/2024 8:30,1/19/2024 9:06,Price Code 1,CUSTOMER PICKUP,False,Food Bank of Northeast Georgia,01,30629.0,Comer,NUT'N BETTER CREAMY PEANUT BUTTER - RED SUGAR & SODIUM,Proteins
549,175587,6816,R-120,Roger's Baptist Church,478215,,FP/OP/USDA,FOOD PANTRY-Agency,BLUE RECEIPT-SHL,C-28-90345,1,0,0,1.0,50,MADISON,0.02,2/20/2024 13:30,2/20/2024 13:52,Price Code 1,CUSTOMER PICKUP,False,Food Bank of Northeast Georgia,01,30530.0,Commerce,CARROTS,Vegetables
981,176031,875,D-111,Divine Healing Ministry of Recovery Inc.,CR442090,,ON PREMISES (OP),REHAB-Agency,BLUE RECEIPT-SHL,W-04-10000,-125,0,0,0.0,-125,MADISON,0.0,2/22/2024 13:36,2/22/2024 13:40,Price Code 1,CONTACT FOR DELIVERY,False,Sharing Floor Athens,01-SH,30633.0,Commerce,"BREAD & BAKERY, ASSORTED SHL",Grains
981,176031,683,D-111,Divine Healing Ministry of Recovery Inc.,CR442090,,ON PREMISES (OP),REHAB-Agency,BLUE RECEIPT-SHL,W-16-10001,-8,0,0,-1.44,-8,MADISON,0.18,2/22/2024 13:36,2/22/2024 13:40,Price Code 1,CONTACT FOR DELIVERY,False,Sharing Floor Athens,01-SH,30633.0,Commerce,MISC. FOOD BOX SHL,Food Misc.
981,176031,5681,D-111,Divine Healing Ministry of Recovery Inc.,CR442090,,ON PREMISES (OP),REHAB-Agency,LOCAL - LL,C-16-10000,-62,0,0,-11.16,-62,MADISON,0.18,2/22/2024 13:36,2/22/2024 13:40,Price Code 1,CONTACT FOR DELIVERY,False,Sharing Floor Athens,01-SH,30633.0,Commerce,"COOLER FOOD, MISC. LL",Food Misc.
981,176031,5772,D-111,Divine Healing Ministry of Recovery Inc.,CR442090,,ON PREMISES (OP),REHAB-Agency,LOCAL - LL,C-28-10000,-7,0,0,-0.21,-7,MADISON,0.03,2/22/2024 13:36,2/22/2024 13:40,Price Code 1,CONTACT FOR DELIVERY,False,Sharing Floor Athens,01-SH,30633.0,Commerce,"PRODUCE, FRESH LL",Mixed Produce
981,176031,5407,D-111,Divine Healing Ministry of Recovery Inc.,CR442090,,ON PREMISES (OP),REHAB-Agency,BLUE RECEIPT-SHL,F-15-10000,-119,0,0,-21.42,-119,MADISON,0.18,2/22/2024 13:36,2/22/2024 13:40,Price Code 1,CONTACT FOR DELIVERY,False,Sharing Floor Athens,01-SH,30633.0,Commerce,"MEAT & SEAFOOD, FROZEN SHL",Proteins
981,176031,696,D-111,Divine Healing Ministry of Recovery Inc.,CR442090,,ON PREMISES (OP),REHAB-Agency,LOCAL - LL,W-25-10000,-89,0,0,-16.02,-89,MADISON,0.18,2/22/2024 13:36,2/22/2024 13:40,Price Code 1,CONTACT FOR DELIVERY,False,Sharing Floor Athens,01-SH,30633.0,Commerce,"ASSORTED SNACK ITEMS, LL",Food Misc.
981,176031,5772,D-111,Divine Healing Ministry of Recovery Inc.,CR442090,,ON PREMISES (OP),REHAB-Agency,LOCAL - LL,C-28-10000,-145,0,0,-4.35,-145,MADISON,0.03,2/22/2024 13:36,2/22/2024 13:40,Price Code 1,CONTACT FOR DELIVERY,False,Sharing Floor Athens,01-SH,30633.0,Commerce,"PRODUCE, FRESH LL",Mixed Produce
981,176031,690,D-111,Divine Healing Ministry of Recovery Inc.,CR442090,,ON PREMISES (OP),REHAB-Agency,BLUE RECEIPT-SHL,W-03-10013,-45,0,0,0.0,-45,MADISON,0.0,2/22/2024 13:36,2/22/2024 13:40,Price Code 1,CONTACT FOR DELIVERY,False,Sharing Floor Athens,01-SH,30633.0,Commerce,"ASSORTED BEVERAGES, SHL",Beverages
981,176031,683,D-111,Divine Healing Ministry of Recovery Inc.,CR442090,,ON PREMISES (OP),REHAB-Agency,BLUE RECEIPT-SHL,W-16-10001,-39,0,0,-7.02,-39,MADISON,0.18,2/22/2024 13:36,2/22/2024 13:40,Price Code 1,CONTACT FOR DELIVERY,False,Sharing Floor Athens,01-SH,30633.0,Commerce,MISC. FOOD BOX SHL,Food Misc.
