Agency Id,Order Id,Product Id,Agency Ref,Agency Name,Order Ref,Agency Activity,Agency Group,Agency Type,Product Category,Product Ref,Quantity,Total Purchased,Total Cost,Total Service Fee,Weight,County,Service Fee,Pickup Delivery Date,Confirmed Date,Service Fee Name,Shipping Method,Is Non Food,Warehouse Name,Warehouse Ref,Agency Postal Code,Agency City,Product Name,Food Category
577,173969,8914,S-133,Sharing and Caring - Clayton,477598,,FP/GNAP/USDA,FOOD PANTRY-Agency,USDA,N-50-10310,1,0,0,4.86,27,RABUN,0.18,2/6/2024 9:50,2/6/2024 13:04,Price Code 1,CUSTOMER PICKUP,False,Rabun Warehouse,02,30525.0,Clayton,USDA DICED POTATOES,Dry Dry Dry Dry Potatoes
731,180785,690,F-138,Freedom Ministries Lighthouse,483391,,ON PREMISES (OP),REHAB-Agency,BLUE RECEIPT-SHL,W-03-10013,242,0,0,7.26,242,RABUN,0.03,5/14/2024 10:11,5/14/2024 11:11,Price Code 1,CUSTOMER PICKUP,False,Sharing Floor Rabun,02-SH,30552.0,Lakemont,"ASSORTED BEVERAGES, SHL",Dry Dry Dry Dry Beverages
577,178056,3122,S-133,Sharing and Caring - Clayton,480675,,FP/GNAP/USDA,FOOD PANTRY-Agency,GNAP,N-40-10174,2,0,0,0.0,28,RABUN,0.0,4/2/2024 9:50,4/2/2024 13:35,Price Code 1,CUSTOMER PICKUP,False,Rabun Warehouse,02,30525.0,Clayton,"GNAP BLACKEYE PEAS, LOW SODIUM",Dry Dry Dry Dry Proteins
364,178102,696,M-110,Mountain Grove Baptist Church,480721,,FOOD PANTRY,FOOD PANTRY-Agency,LOCAL - LL,W-25-10000,81,0,0,14.58,81,RABUN,0.18,4/2/2024 13:32,4/2/2024 9:40,Price Code 1,CUSTOMER PICKUP,False,Rabun Warehouse,02,30525.0,Clayton,"ASSORTED SNACK ITEMS, LL",Dry Dry Dry Dry Food Misc.
602,182057,170,10-NGAR,Food Bank of Northeast Georgia Rabun,484661,,FOOD BANK,EMERGENCY-Agency,USDA,N-50-10007,14,0,0,0.0,392,RABUN,0.0,6/10/2024 8:55,6/10/2024 7:40,Price Code 1,CUSTOMER PICKUP,False,Rabun Warehouse,02,30525.0,Clayton,"USDA CORN, WHOLE KERNEL NO SALT",Dry Dry Dry Dry Vegetables
577,182434,683,S-133,Sharing and Caring - Clayton,485038,,FP/GNAP/USDA,FOOD PANTRY-Agency,BLUE RECEIPT-SHL,W-16-10001,29,0,0,5.22,29,RABUN,0.18,6/20/2024 9:50,6/20/2024 13:48,Price Code 1,CUSTOMER PICKUP,False,Sharing Floor Rabun,02-SH,30525.0,Clayton,MISC. FOOD BOX SHL,Dry Dry Dry Dry Food Misc.
577,181142,690,S-133,Sharing and Caring - Clayton,483747,,FP/GNAP/USDA,FOOD PANTRY-Agency,BLUE RECEIPT-SHL,W-03-10013,32,0,0,0.96,32,RABUN,0.03,5/21/2024 9:50,5/21/2024 13:33,Price Code 1,CUSTOMER PICKUP,False,Sharing Floor Rabun,02-SH,30525.0,Clayton,"ASSORTED BEVERAGES, SHL",Dry Dry Dry Dry Beverages
773,180687,688,P-122,Persimmon Baptist Church,483293,,FOOD PANTRY,FOOD PANTRY-Agency,BLUE RECEIPT-SHL,W-01-10000,38,0,0,6.84,38,RABUN,0.18,5/13/2024 11:44,5/13/2024 8:06,Price Code 1,CUSTOMER PICKUP,False,Sharing Floor Rabun,02-SH,30525.0,Clayton,"ASSORTED NON-FOOD ITEMS, SHL",Dry Dry Dry Dry Non-Food Misc.
602,182521,5960,10-NGAR,Food Bank of Northeast Georgia Rabun,485124,,FOOD BANK,EMERGENCY-Agency,BLUE RECEIPT-SHL,C-07-10001,664,0,0,0.0,664,RABUN,0.0,6/24/2024 8:55,6/24/2024 9:34,Price Code 1,CUSTOMER PICKUP,False,Sharing Floor Rabun,02-SH,30525.0,Clayton,"DAIRY PRODUCT, ASSORTED SHL",Cooled Cooled Cooled Cooled Dairy
364,172535,5388,M-110,Mountain Grove Baptist Church,476166,,FOOD PANTRY,FOOD PANTRY-Agency,BLUE RECEIPT-SHL,F-16-10001,159,0,0,28.62,159,RABUN,0.18,1/4/2024 13:32,1/4/2024 10:36,Price Code 1,CUSTOMER PICKUP,False,Sharing Floor Rabun,02-SH,30525.0,Clayton,"ASSORTED FROZEN FOODS, SHL",Frozen Frozen Frozen Frozen Food Misc.
577,178611,875,S-133,Sharing and Caring - Clayton,481227,,FP/GNAP/USDA,FOOD PANTRY-Agency,BLUE RECEIPT-SHL,W-04-10000,10,0,0,0.0,10,RABUN,0.0,4/9/2024 9:50,4/9/2024 13:22,Price Code 1,CUSTOMER PICKUP,False,Sharing Floor Rabun,02-SH,30525.0,Clayton,"BREAD & BAKERY, ASSORTED SHL",Dry Dry Dry Dry Grains
602,173845,4676,10-NGAR,Food Bank of Northeast Georgia Rabun,477474,,FOOD BANK,EMERGENCY-Agency,USDA,F-50-90031,50,0,0,0.0,1200,RABUN,0.0,1/30/2024 8:55,1/30/2024 13:41,Price Code 1,CUSTOMER PICKUP,False,Rabun Warehouse,02,30525.0,Clayton,USDA FROZEN BLUEBERRIES CCC,Frozen Frozen Frozen Frozen Fruits
731,178593,690,F-138,Freedom Ministries Lighthouse,481209,,ON PREMISES (OP),REHAB-Agency,BLUE RECEIPT-SHL,W-03-10013,150,0,0,4.5,150,RABUN,0.03,4/9/2024 10:11,4/9/2024 11:10,Price Code 1,CUSTOMER PICKUP,False,Sharing Floor Rabun,02-SH,30552.0,Lakemont,"ASSORTED BEVERAGES, SHL",Dry Dry Dry Dry Beverages
602,179920,170,10-NGAR,Food Bank of Northeast Georgia Rabun,482531,,FOOD BANK,EMERGENCY-Agency,USDA,N-50-10007,13,0,0,0.0,364,RABUN,0.0,5/1/2024 8:55,5/1/2024 7:09,Price Code 1,CUSTOMER PICKUP,False,Rabun Warehouse,02,30525.0,Clayton,"USDA CORN, WHOLE KERNEL NO SALT",Dry Dry Dry Dry Vegetables
905,172424,8714,R-127,Rabun Christian Food Ministry,476055,,FP/USDA,FOOD PANTRY-Agency,USDA,N-50-10303,12,0,0,51.84,288,RABUN,0.18,1/12/2024 11:38,1/16/2024 10:54,Price Code 1,CUSTOMER PICKUP,False,Rabun Warehouse,02,30525.0,Clayton,USDA GREEN SPLIT PEAS,Dry Dry Dry Dry Proteins
602,176587,4449,10-NGAR,Food Bank of Northeast Georgia Rabun,479211,,FOOD BANK,EMERGENCY-Agency,USDA,F-50-90445,48,0,0,0.0,1968,RABUN,0.0,3/4/2024 8:55,3/4/2024 7:40,Price Code 1,CUSTOMER PICKUP,False,Rabun Warehouse,02,30525.0,Clayton,USDA FULLY COOKED PULLED PORK CCC,Frozen Frozen Frozen Frozen Proteins
824,180711,8690,R-124,Rabun Gap Presbyterian Church,483317,,FP/USDA,MOBILE PANTRY-Agency,USDA,N-50-10302,170,0,0,0.0,2380,RABUN,0.0,5/17/2024 8:57,5/17/2024 7:19,Price Code 1,CUSTOMER PICKUP,False,Rabun Warehouse,02,30568.0,Rabun Gap,USDA GREEN BEANS CCC,Dry Dry Dry Dry Vegetables
602,177832,5938,10-NGAR,Food Bank of Northeast Georgia Rabun,480451,,FOOD BANK,EMERGENCY-Agency,BLUE RECEIPT-SHL,C-28-10001,653,0,0,0.0,653,RABUN,0.0,3/25/2024 8:55,3/27/2024 8:07,Price Code 1,CUSTOMER PICKUP,False,Sharing Floor Rabun,02-SH,30525.0,Clayton,"PRODUCE, FRESH SHL",Cooled Cooled Cooled Cooled Mixed Produce
824,182066,3203,R-124,Rabun Gap Presbyterian Church,484670,,FP/USDA,MOBILE PANTRY-Agency,USDA,N-50-10289,66,0,0,0.0,1650,RABUN,0.0,6/14/2024 8:57,6/20/2024 15:30,Price Code 1,CUSTOMER PICKUP,False,Rabun Warehouse,02,30568.0,Rabun Gap,USDA PECAN PIECES,Dry Dry Dry Dry Proteins
824,179084,1521,R-124,Rabun Gap Presbyterian Church,481698,,FP/USDA,MOBILE PANTRY-Agency,USDA,N-50-10104,80,0,0,0.0,2000,RABUN,0.0,4/17/2024 8:57,4/22/2024 8:49,Price Code 1,CUSTOMER PICKUP,False,Rabun Warehouse,02,30568.0,Rabun Gap,USDA LENTIL BEANS,Dry Dry Dry Dry Proteins
824,177996,8991,R-124,Rabun Gap Presbyterian Church,480615,,FP/USDA,MOBILE PANTRY-Agency,USDA,N-50-10311,1,0,0,4.32,24,RABUN,0.18,3/31/2024 8:57,3/31/2024 21:27,Price Code 1,CUSTOMER PICKUP,False,Rabun Warehouse,02,30568.0,Rabun Gap,USDA HAZELNUTS CCC,Dry Dry Dry Dry Proteins
731,181824,683,F-138,Freedom Ministries Lighthouse,484428,,ON PREMISES (OP),REHAB-Agency,BLUE RECEIPT-SHL,W-16-10001,79,0,0,14.22,79,RABUN,0.18,6/3/2024 10:11,6/3/2024 14:41,Price Code 1,CUSTOMER PICKUP,False,Sharing Floor Rabun,02-SH,30552.0,Lakemont,MISC. FOOD BOX SHL,Dry Dry Dry Dry Food Misc.
658,178807,8497,W-130,Wolf Creek Baptist Church,481421,,FP/GNAP/USDA,FOOD PANTRY-Agency,USDA,C-50-10048,2,0,0,3.2,64,RABUN,0.05,4/11/2024 16:14,4/11/2024 10:50,Price Code 1,CUSTOMER PICKUP,False,Rabun Warehouse,02,30576.0,Tiger,USDA MANDARIN ORANGES,Cooled Cooled Cooled Cooled Fruits
658,178671,8995,W-130,Wolf Creek Baptist Church,481287,,FP/GNAP/USDA,FOOD PANTRY-Agency,BLUE RECEIPT-SHL,N-21-10067,1,0,0,0.9,5,RABUN,0.18,4/11/2024 16:14,4/11/2024 11:02,Price Code 1,CUSTOMER PICKUP,False,Rabun Warehouse,02,30576.0,Tiger,"RAMEN, MARUCHAN SHRIMP",Dry Dry Dry Dry Prepared Meals
824,172872,875,R-124,Rabun Gap Presbyterian Church,476503,,FP/USDA,MOBILE PANTRY-Agency,BLUE RECEIPT-SHL,W-04-10000,2000,0,0,0.0,2000,RABUN,0.0,1/10/2024 8:57,1/10/2024 13:17,Price Code 1,CUSTOMER PICKUP,False,Sharing Floor Rabun,02-SH,30568.0,Rabun Gap,"BREAD & BAKERY, ASSORTED SHL",Dry Dry Dry Dry Grains
310,180742,170,C-121,Rabun County Family Connection,483348,,FP/OP/GNAP/USDA,COMMUNITY ACTION PROGRAM-Agency,USDA,N-50-10007,8,0,0,40.32,224,RABUN,0.18,5/17/2024 8:30,5/20/2024 10:43,Price Code 1,CUSTOMER PICKUP,False,Rabun Warehouse,02,30525.0,Clayton,"USDA CORN, WHOLE KERNEL NO SALT",Dry Dry Dry Dry Vegetables
658,173119,2573,W-130,Wolf Creek Baptist Church,476749,,FP/GNAP/USDA,FOOD PANTRY-Agency,GNAP,N-40-10204,2,0,0,3.8,38,RABUN,0.1,1/19/2024 12:29,1/19/2024 8:34,Price Code 1,CUSTOMER PICKUP,False,Rabun Warehouse,02,30576.0,Tiger,GNAP CHICKEN & RICE SOUP,Dry Dry Dry Dry Prepared Meals
602,180071,2573,10-NGAR,Food Bank of Northeast Georgia Rabun,482679,,FOOD BANK,EMERGENCY-Agency,GNAP,N-40-10204,57,0,0,0.0,1083,RABUN,0.0,5/2/2024 8:55,5/2/2024 11:07,Price Code 1,CUSTOMER PICKUP,False,Rabun Warehouse,02,30525.0,Clayton,GNAP CHICKEN & RICE SOUP,Dry Dry Dry Dry Prepared Meals
919,179472,8973,F-132,Fight Abuse in the Home (FAITH),FAIMPORT482085,,ON PREMISES (OP),SHELTER-Agency,BLUE RECEIPT-SHL,MCC-16-10001,10,0,0,0.0,10,RABUN,0.0,4/22/2024 0:00,4/22/2024 0:00,Price Code 1,CUSTOMER PICKUP,False,Food Bank of Northeast Georgia,01,30525.0,Clayton,"COOLER FOOD MISC., SHL RETAIL PICKUP",Dry Dry Dry Dry Food Misc.
577,177145,5388,S-133,Sharing and Caring - Clayton,479766,,FP/GNAP/USDA,FOOD PANTRY-Agency,BLUE RECEIPT-SHL,F-16-10001,67,0,0,12.06,67,RABUN,0.18,3/12/2024 13:00,3/12/2024 13:24,Price Code 1,CUSTOMER PICKUP,False,Sharing Floor Rabun,02-SH,30525.0,Clayton,"ASSORTED FROZEN FOODS, SHL",Frozen Frozen Frozen Frozen Food Misc.
602,177706,7059,10-NGAR,Food Bank of Northeast Georgia Rabun,480326,,FOOD BANK,EMERGENCY-Agency,USDA,C-50-10019,45,0,0,0.0,1620,RABUN,0.0,3/21/2024 8:55,3/21/2024 9:45,Price Code 1,CUSTOMER PICKUP,False,Rabun Warehouse,02,30525.0,Clayton,USDA 2% MILK CCC,Cooled Cooled Cooled Cooled Dairy
824,173135,3139,R-124,Rabun Gap Presbyterian Church,476765,,FP/USDA,MOBILE PANTRY-Agency,USDA,N-50-10290,70,0,0,0.0,1750,RABUN,0.0,1/19/2024 8:57,1/22/2024 13:02,Price Code 1,CUSTOMER PICKUP,False,Rabun Warehouse,02,30568.0,Rabun Gap,USDA WHOLE ALMONDS DRY ROASTED,Dry Dry Dry Dry Proteins
773,177454,688,P-122,Persimmon Baptist Church,480074,,FOOD PANTRY,FOOD PANTRY-Agency,BLUE RECEIPT-SHL,W-01-10000,10,0,0,1.8,10,RABUN,0.18,3/18/2024 11:44,3/18/2024 8:34,Price Code 1,CUSTOMER PICKUP,False,Sharing Floor Rabun,02-SH,30525.0,Clayton,"ASSORTED NON-FOOD ITEMS, SHL",Dry Dry Dry Dry Non-Food Misc.
824,177064,7082,R-124,Rabun Gap Presbyterian Church,479686,,FP/USDA,MOBILE PANTRY-Agency,USDA,C-50-10033,102,0,0,0.0,1224,RABUN,0.0,3/15/2024 8:57,3/18/2024 11:03,Price Code 1,CUSTOMER PICKUP,False,Rabun Warehouse,02,30568.0,Rabun Gap,USDA SHREDDED YELLOW CHEDDAR CHEESE CCC,Cooled Cooled Cooled Cooled Dairy
731,178973,683,F-138,Freedom Ministries Lighthouse,481587,,ON PREMISES (OP),REHAB-Agency,BLUE RECEIPT-SHL,W-16-10001,155,0,0,27.9,155,RABUN,0.18,4/15/2024 10:11,4/15/2024 11:52,Price Code 1,CUSTOMER PICKUP,False,Sharing Floor Rabun,02-SH,30552.0,Lakemont,MISC. FOOD BOX SHL,Dry Dry Dry Dry Food Misc.
824,179084,1791,R-124,Rabun Gap Presbyterian Church,481698,,FP/USDA,MOBILE PANTRY-Agency,USDA,N-50-10079,72,0,0,0.0,1872,RABUN,0.0,4/17/2024 8:57,4/22/2024 8:49,Price Code 1,CUSTOMER PICKUP,False,Rabun Warehouse,02,30568.0,Rabun Gap,USDA WALNUT HALVES AND PIECES,Dry Dry Dry Dry Proteins
364,181871,683,M-110,Mountain Grove Baptist Church,484475,,FOOD PANTRY,FOOD PANTRY-Agency,BLUE RECEIPT-SHL,W-16-10001,48,0,0,8.64,48,RABUN,0.18,6/4/2024 13:32,6/4/2024 9:10,Price Code 1,CUSTOMER PICKUP,False,Sharing Floor Rabun,02-SH,30525.0,Clayton,MISC. FOOD BOX SHL,Dry Dry Dry Dry Food Misc.
346,182467,8783,F-114,Flat Creek Baptist Church,485071,,FP/GNAP/USDA,FOOD PANTRY-Agency,USDA,N-50-10308,2,0,0,8.28,46,RABUN,0.18,6/26/2024 14:00,6/26/2024 13:46,Price Code 1,CUSTOMER PICKUP,False,Rabun Warehouse,02,30552.0,Lakemont,USDA RAISINS,Dry Dry Dry Dry Fruits
824,172532,690,R-124,Rabun Gap Presbyterian Church,476163,,FP/USDA,MOBILE PANTRY-Agency,BLUE RECEIPT-SHL,W-03-10013,200,0,0,0.0,200,RABUN,0.0,1/4/2024 8:57,1/4/2024 9:56,Price Code 1,CUSTOMER PICKUP,False,Sharing Floor Rabun,02-SH,30568.0,Rabun Gap,"ASSORTED BEVERAGES, SHL",Dry Dry Dry Dry Beverages
919,180964,8973,F-132,Fight Abuse in the Home (FAITH),FAIMPORT483570,,ON PREMISES (OP),SHELTER-Agency,BLUE RECEIPT-SHL,MCC-16-10001,4,0,0,0.0,4,RABUN,0.0,5/13/2024 0:00,5/13/2024 0:00,Price Code 1,CUSTOMER PICKUP,False,Food Bank of Northeast Georgia,01,30525.0,Clayton,"COOLER FOOD MISC., SHL RETAIL PICKUP",Dry Dry Dry Dry Food Misc.
602,176389,8714,10-NGAR,Food Bank of Northeast Georgia Rabun,479014,,FOOD BANK,EMERGENCY-Agency,USDA,N-50-10303,13,0,0,0.0,312,RABUN,0.0,2/29/2024 8:55,2/29/2024 7:08,Price Code 1,CUSTOMER PICKUP,False,Rabun Warehouse,02,30525.0,Clayton,USDA GREEN SPLIT PEAS,Dry Dry Dry Dry Proteins
731,176166,1045,F-138,Freedom Ministries Lighthouse,478792,,ON PREMISES (OP),REHAB-Agency,BLUE RECEIPT-SHL,W-25-10009,113,0,0,20.34,113,RABUN,0.18,2/26/2024 10:11,2/26/2024 10:18,Price Code 1,CUSTOMER PICKUP,False,Sharing Floor Rabun,02-SH,30552.0,Lakemont,"ASSORTED SNACK ITEMS, SHL",Dry Dry Dry Dry Food Misc.
824,173336,6692,R-124,Rabun Gap Presbyterian Church,476965,,FP/USDA,MOBILE PANTRY-Agency,LOCAL - LL,C-28-90422,42,0,0,0.0,2100,RABUN,0.0,2/16/2024 8:57,2/20/2024 15:52,Price Code 1,CUSTOMER PICKUP,False,Rabun Warehouse,02,30568.0,Rabun Gap,"APPLES, LL",Cooled Cooled Cooled Cooled Fruits
577,180947,1045,S-133,Sharing and Caring - Clayton,483553,,FP/GNAP/USDA,FOOD PANTRY-Agency,BLUE RECEIPT-SHL,W-25-10009,41,0,0,7.38,41,RABUN,0.18,5/16/2024 9:50,5/16/2024 13:29,Price Code 1,CUSTOMER PICKUP,False,Sharing Floor Rabun,02-SH,30525.0,Clayton,"ASSORTED SNACK ITEMS, SHL",Dry Dry Dry Dry Food Misc.
602,173090,7082,10-NGAR,Food Bank of Northeast Georgia Rabun,476720,,FOOD BANK,EMERGENCY-Agency,USDA,C-50-10033,16,0,0,0.0,192,RABUN,0.0,1/16/2024 8:55,1/16/2024 7:24,Price Code 1,CUSTOMER PICKUP,False,Rabun Warehouse,02,30525.0,Clayton,USDA SHREDDED YELLOW CHEDDAR CHEESE CCC,Cooled Cooled Cooled Cooled Dairy
824,173135,690,R-124,Rabun Gap Presbyterian Church,476765,,FP/USDA,MOBILE PANTRY-Agency,BLUE RECEIPT-SHL,W-03-10013,5000,0,0,0.0,5000,RABUN,0.0,1/19/2024 8:57,1/22/2024 13:02,Price Code 1,CUSTOMER PICKUP,False,Rabun Warehouse,02,30568.0,Rabun Gap,"ASSORTED BEVERAGES, SHL",Dry Dry Dry Dry Beverages
577,172544,50,S-133,Sharing and Caring - Clayton,476175,,FP/GNAP/USDA,FOOD PANTRY-Agency,LOCAL - LL,W-16-10002,120,0,0,21.6,120,RABUN,0.18,1/4/2024 9:50,1/4/2024 11:33,Price Code 1,CUSTOMER PICKUP,False,Sharing Floor Rabun,02-SH,30525.0,Clayton,MISC. FOOD BOX LL,Dry Dry Dry Dry Food Misc.
905,173910,1791,R-127,Rabun Christian Food Ministry,477539,,FP/USDA,FOOD PANTRY-Agency,USDA,N-50-10079,6,0,0,28.08,156,RABUN,0.18,2/16/2024 11:38,2/20/2024 10:48,Price Code 1,CUSTOMER PICKUP,False,Rabun Warehouse,02,30525.0,Clayton,USDA WALNUT HALVES AND PIECES,Dry Dry Dry Dry Proteins
731,180261,50,F-138,Freedom Ministries Lighthouse,482867,,ON PREMISES (OP),REHAB-Agency,LOCAL - LL,W-16-10002,80,0,0,14.4,80,RABUN,0.18,5/6/2024 10:11,5/6/2024 10:55,Price Code 1,CUSTOMER PICKUP,False,Sharing Floor Rabun,02-SH,30552.0,Lakemont,MISC. FOOD BOX LL,Dry Dry Dry Dry Food Misc.
919,181278,8970,F-132,Fight Abuse in the Home (FAITH),FAIMPORT483883,,ON PREMISES (OP),SHELTER-Agency,BLUE RECEIPT-SHL,MCW-16-10001,36,0,0,0.0,36,RABUN,0.0,5/20/2024 0:00,5/20/2024 0:00,Price Code 1,CUSTOMER PICKUP,False,Food Bank of Northeast Georgia,01,30525.0,Clayton,"MISC. FOOD BOX, SHL RETAIL PICKUP",Dry Dry Dry Dry Food Misc.
658,182325,875,W-130,Wolf Creek Baptist Church,484929,,FP/GNAP/USDA,FOOD PANTRY-Agency,BLUE RECEIPT-SHL,W-04-10000,23,0,0,0.0,23,RABUN,0.0,6/18/2024 16:14,6/18/2024 11:26,Price Code 1,CUSTOMER PICKUP,False,Sharing Floor Rabun,02-SH,30576.0,Tiger,"BREAD & BAKERY, ASSORTED SHL",Dry Dry Dry Dry Grains
919,178170,8971,F-132,Fight Abuse in the Home (FAITH),FAIMPORT480789,,ON PREMISES (OP),SHELTER-Agency,BLUE RECEIPT-SHL,MCF-16-10001,43,0,0,0.0,43,RABUN,0.0,4/1/2024 0:00,4/1/2024 0:00,Price Code 1,CUSTOMER PICKUP,False,Food Bank of Northeast Georgia,01,30525.0,Clayton,"FROZEN FOODS, MISC SHL RETAIL PICKUP",Dry Dry Dry Dry Food Misc.
577,172925,1045,S-133,Sharing and Caring - Clayton,476556,,FP/GNAP/USDA,FOOD PANTRY-Agency,BLUE RECEIPT-SHL,W-25-10009,13,0,0,2.34,13,RABUN,0.18,1/11/2024 9:50,1/11/2024 10:19,Price Code 1,CUSTOMER PICKUP,False,Sharing Floor Rabun,02-SH,30525.0,Clayton,"ASSORTED SNACK ITEMS, SHL",Dry Dry Dry Dry Food Misc.
602,181496,84,10-NGAR,Food Bank of Northeast Georgia Rabun,484100,,FOOD BANK,EMERGENCY-Agency,USDA,N-50-10006,13,0,0,0.0,351,RABUN,0.0,5/29/2024 8:55,5/29/2024 8:59,Price Code 1,CUSTOMER PICKUP,False,Rabun Warehouse,02,30525.0,Clayton,USDA GREEN BEANS,Dry Dry Dry Dry Vegetables
602,176389,84,10-NGAR,Food Bank of Northeast Georgia Rabun,479014,,FOOD BANK,EMERGENCY-Agency,USDA,N-50-10006,13,0,0,0.0,351,RABUN,0.0,2/29/2024 8:55,2/29/2024 7:08,Price Code 1,CUSTOMER PICKUP,False,Rabun Warehouse,02,30525.0,Clayton,USDA GREEN BEANS,Dry Dry Dry Dry Vegetables
824,173135,4788,R-124,Rabun Gap Presbyterian Church,476765,,FP/USDA,MOBILE PANTRY-Agency,USDA,F-50-90039,40,0,0,0.0,1600,RABUN,0.0,1/19/2024 8:57,1/22/2024 13:02,Price Code 1,CUSTOMER PICKUP,False,Rabun Warehouse,02,30568.0,Rabun Gap,USDA CATFISH FILLETS CCC,Frozen Frozen Frozen Frozen Proteins
731,176166,683,F-138,Freedom Ministries Lighthouse,478792,,ON PREMISES (OP),REHAB-Agency,BLUE RECEIPT-SHL,W-16-10001,39,0,0,7.02,39,RABUN,0.18,2/26/2024 10:11,2/26/2024 10:18,Price Code 1,CUSTOMER PICKUP,False,Sharing Floor Rabun,02-SH,30552.0,Lakemont,MISC. FOOD BOX SHL,Dry Dry Dry Dry Food Misc.
577,179887,690,S-133,Sharing and Caring - Clayton,482498,,FP/GNAP/USDA,FOOD PANTRY-Agency,BLUE RECEIPT-SHL,W-03-10013,112,0,0,3.36,112,RABUN,0.03,4/30/2024 9:50,4/30/2024 13:25,Price Code 1,CUSTOMER PICKUP,False,Sharing Floor Rabun,02-SH,30525.0,Clayton,"ASSORTED BEVERAGES, SHL",Dry Dry Dry Dry Beverages
602,182057,8991,10-NGAR,Food Bank of Northeast Georgia Rabun,484661,,FOOD BANK,EMERGENCY-Agency,USDA,N-50-10311,6,0,0,0.0,144,RABUN,0.0,6/10/2024 8:55,6/10/2024 7:40,Price Code 1,CUSTOMER PICKUP,False,Rabun Warehouse,02,30525.0,Clayton,USDA HAZELNUTS CCC,Dry Dry Dry Dry Proteins
577,173483,5407,S-133,Sharing and Caring - Clayton,477112,,FP/GNAP/USDA,FOOD PANTRY-Agency,BLUE RECEIPT-SHL,F-15-10000,47,0,0,8.46,47,RABUN,0.18,1/23/2024 9:50,1/23/2024 13:28,Price Code 1,CUSTOMER PICKUP,False,Sharing Floor Rabun,02-SH,30525.0,Clayton,"MEAT & SEAFOOD, FROZEN SHL",Frozen Frozen Frozen Frozen Proteins
824,179084,4449,R-124,Rabun Gap Presbyterian Church,481698,,FP/USDA,MOBILE PANTRY-Agency,USDA,F-50-90445,36,0,0,0.0,1476,RABUN,0.0,4/17/2024 8:57,4/22/2024 8:49,Price Code 1,CUSTOMER PICKUP,False,Rabun Warehouse,02,30568.0,Rabun Gap,USDA FULLY COOKED PULLED PORK CCC,Frozen Frozen Frozen Frozen Proteins
773,179730,688,P-122,Persimmon Baptist Church,482343,,FOOD PANTRY,FOOD PANTRY-Agency,BLUE RECEIPT-SHL,W-01-10000,6,0,0,1.08,6,RABUN,0.18,4/29/2024 11:44,4/29/2024 8:06,Price Code 1,CUSTOMER PICKUP,False,Sharing Floor Rabun,02-SH,30525.0,Clayton,"ASSORTED NON-FOOD ITEMS, SHL",Dry Dry Dry Dry Non-Food Misc.
346,173681,1481,F-114,Flat Creek Baptist Church,477310,,FP/GNAP/USDA,FOOD PANTRY-Agency,USDA,N-50-10105,3,0,0,9.18,51,RABUN,0.18,1/29/2024 12:44,1/29/2024 10:17,Price Code 1,CUSTOMER PICKUP,False,Rabun Warehouse,02,30552.0,Lakemont,USDA DRIED CHERRIES CCC,Dry Dry Dry Dry Fruits
602,172908,8765,10-NGAR,Food Bank of Northeast Georgia Rabun,476539,,FOOD BANK,EMERGENCY-Agency,USDA,N-50-10307,13,0,0,0.0,351,RABUN,0.0,1/11/2024 8:55,1/11/2024 8:10,Price Code 1,CUSTOMER PICKUP,False,Rabun Warehouse,02,30525.0,Clayton,"USDA LIGHT RED KIDNEY BEANS, LOW SODIUM",Dry Dry Dry Dry Proteins
364,178585,5388,M-110,Mountain Grove Baptist Church,481201,,FOOD PANTRY,FOOD PANTRY-Agency,BLUE RECEIPT-SHL,F-16-10001,78,0,0,14.04,78,RABUN,0.18,4/9/2024 13:32,4/9/2024 9:24,Price Code 1,CUSTOMER PICKUP,False,Sharing Floor Rabun,02-SH,30525.0,Clayton,"ASSORTED FROZEN FOODS, SHL",Frozen Frozen Frozen Frozen Food Misc.
577,175896,1045,S-133,Sharing and Caring - Clayton,478524,,FP/GNAP/USDA,FOOD PANTRY-Agency,BLUE RECEIPT-SHL,W-25-10009,8,0,0,1.44,8,RABUN,0.18,2/20/2024 9:50,2/20/2024 13:19,Price Code 1,CUSTOMER PICKUP,False,Sharing Floor Rabun,02-SH,30525.0,Clayton,"ASSORTED SNACK ITEMS, SHL",Dry Dry Dry Dry Food Misc.
602,178818,1047,10-NGAR,Food Bank of Northeast Georgia Rabun,481432,,FOOD BANK,EMERGENCY-Agency,USDA,N-50-10041,13,0,0,0.0,637,RABUN,0.0,4/11/2024 8:55,4/11/2024 12:47,Price Code 1,CUSTOMER PICKUP,False,Rabun Warehouse,02,30525.0,Clayton,USDA RICE,Dry Dry Dry Dry Grains
773,180687,50,P-122,Persimmon Baptist Church,483293,,FOOD PANTRY,FOOD PANTRY-Agency,LOCAL - LL,W-16-10002,11,0,0,1.98,11,RABUN,0.18,5/13/2024 11:44,5/13/2024 8:06,Price Code 1,CUSTOMER PICKUP,False,Sharing Floor Rabun,02-SH,30525.0,Clayton,MISC. FOOD BOX LL,Dry Dry Dry Dry Food Misc.
905,182050,1791,R-127,Rabun Christian Food Ministry,484654,,FP/USDA,FOOD PANTRY-Agency,USDA,N-50-10079,6,0,0,28.08,156,RABUN,0.18,6/21/2024 8:30,6/21/2024 9:12,Price Code 1,CUSTOMER PICKUP,False,Rabun Warehouse,02,30525.0,Clayton,USDA WALNUT HALVES AND PIECES,Dry Dry Dry Dry Proteins
577,182207,9046,S-133,Sharing and Caring - Clayton,484811,,FP/GNAP/USDA,FOOD PANTRY-Agency,GNAP,N-40-10280,1,0,0,0.0,10,RABUN,0.0,6/21/2024 13:00,6/21/2024 9:13,Price Code 1,CUSTOMER PICKUP,False,Rabun Warehouse,02,30525.0,Clayton,GNAP CHEESEBURGER DINNER,Dry Dry Dry Dry Prepared Meals
919,180451,8973,F-132,Fight Abuse in the Home (FAITH),FAIMPORT483057,,ON PREMISES (OP),SHELTER-Agency,BLUE RECEIPT-SHL,MCC-16-10001,2,0,0,0.0,2,RABUN,0.0,5/6/2024 0:00,5/6/2024 0:00,Price Code 1,CUSTOMER PICKUP,False,Food Bank of Northeast Georgia,01,30525.0,Clayton,"COOLER FOOD MISC., SHL RETAIL PICKUP",Dry Dry Dry Dry Food Misc.
346,182467,4715,F-114,Flat Creek Baptist Church,485071,,FP/GNAP/USDA,FOOD PANTRY-Agency,USDA,F-50-90461,2,0,0,8.0,80,RABUN,0.1,6/26/2024 14:00,6/26/2024 13:46,Price Code 1,CUSTOMER PICKUP,False,Rabun Warehouse,02,30552.0,Lakemont,USDA ALASKAN POLLACK FISH FILLETS,Frozen Frozen Frozen Frozen Proteins
824,180043,5938,R-124,Rabun Gap Presbyterian Church,482651,,FP/USDA,MOBILE PANTRY-Agency,BLUE RECEIPT-SHL,C-28-10001,2500,0,0,0.0,2500,RABUN,0.0,5/2/2024 8:57,5/2/2024 7:28,Price Code 1,CUSTOMER PICKUP,False,Sharing Floor Rabun,02-SH,30568.0,Rabun Gap,"PRODUCE, FRESH SHL",Cooled Cooled Cooled Cooled Mixed Produce
905,177059,4788,R-127,Rabun Christian Food Ministry,479681,,FP/USDA,FOOD PANTRY-Agency,USDA,F-50-90039,7,0,0,50.4,280,RABUN,0.18,3/14/2024 11:38,3/18/2024 7:22,Price Code 1,CUSTOMER PICKUP,False,Rabun Warehouse,02,30525.0,Clayton,USDA CATFISH FILLETS CCC,Frozen Frozen Frozen Frozen Proteins
577,179887,688,S-133,Sharing and Caring - Clayton,482498,,FP/GNAP/USDA,FOOD PANTRY-Agency,BLUE RECEIPT-SHL,W-01-10000,5,0,0,0.9,5,RABUN,0.18,4/30/2024 9:50,4/30/2024 13:25,Price Code 1,CUSTOMER PICKUP,False,Sharing Floor Rabun,02-SH,30525.0,Clayton,"ASSORTED NON-FOOD ITEMS, SHL",Dry Dry Dry Dry Non-Food Misc.
577,175896,683,S-133,Sharing and Caring - Clayton,478524,,FP/GNAP/USDA,FOOD PANTRY-Agency,BLUE RECEIPT-SHL,W-16-10001,94,0,0,16.92,94,RABUN,0.18,2/20/2024 9:50,2/20/2024 13:19,Price Code 1,CUSTOMER PICKUP,False,Sharing Floor Rabun,02-SH,30525.0,Clayton,MISC. FOOD BOX SHL,Dry Dry Dry Dry Food Misc.
975,173978,683,P-128,Place of Hope NGA,477607,,ON PREMISES (OP),FOOD PANTRY-Agency,BLUE RECEIPT-SHL,W-16-10001,71,0,0,12.78,71,RABUN,0.18,2/1/2024 11:20,2/1/2024 11:21,Price Code 1,CUSTOMER PICKUP,False,Sharing Floor Rabun,02-SH,30525.0,Clayton,MISC. FOOD BOX SHL,Dry Dry Dry Dry Food Misc.
824,182066,1674,R-124,Rabun Gap Presbyterian Church,484670,,FP/USDA,MOBILE PANTRY-Agency,USDA,N-50-10073,102,0,0,0.0,2754,RABUN,0.0,6/14/2024 8:57,6/20/2024 15:30,Price Code 1,CUSTOMER PICKUP,False,Rabun Warehouse,02,30568.0,Rabun Gap,USDA TOMATO SAUCE,Dry Dry Dry Dry Vegetables
364,179855,50,M-110,Mountain Grove Baptist Church,482466,,FOOD PANTRY,FOOD PANTRY-Agency,LOCAL - LL,W-16-10002,109,0,0,19.62,109,RABUN,0.18,4/30/2024 13:32,4/30/2024 9:33,Price Code 1,CUSTOMER PICKUP,False,Sharing Floor Rabun,02-SH,30525.0,Clayton,MISC. FOOD BOX LL,Dry Dry Dry Dry Food Misc.
905,178497,6831,R-127,Rabun Christian Food Ministry,481113,,FP/USDA,FOOD PANTRY-Agency,USDA,C-50-10025,6,0,0,25.2,252,RABUN,0.1,4/11/2024 11:38,4/16/2024 13:22,Price Code 1,CUSTOMER PICKUP,False,Rabun Warehouse,02,30525.0,Clayton,USDA APPLES,Cooled Cooled Cooled Cooled Fruits
919,178170,8986,F-132,Fight Abuse in the Home (FAITH),FAIMPORT480789,,ON PREMISES (OP),SHELTER-Agency,BLUE RECEIPT-SHL,MCW-01-10001,2,0,0,0.0,2,RABUN,0.0,4/1/2024 0:00,4/1/2024 0:00,Price Code 1,CUSTOMER PICKUP,False,Food Bank of Northeast Georgia,01,30525.0,Clayton,"NON-FOOD ITEMS, SHL RETAIL PICKUPS",Dry Dry Dry Dry Non-Food Misc.
919,178686,8986,F-132,Fight Abuse in the Home (FAITH),FAIMPORT481301,,ON PREMISES (OP),SHELTER-Agency,BLUE RECEIPT-SHL,MCW-01-10001,9,0,0,0.0,9,RABUN,0.0,4/8/2024 0:00,4/8/2024 0:00,Price Code 1,CUSTOMER PICKUP,False,Food Bank of Northeast Georgia,01,30525.0,Clayton,"NON-FOOD ITEMS, SHL RETAIL PICKUPS",Dry Dry Dry Dry Non-Food Misc.
824,173135,8720,R-124,Rabun Gap Presbyterian Church,476765,,FP/USDA,MOBILE PANTRY-Agency,USDA,N-50-10305,170,0,0,0.0,2380,RABUN,0.0,1/19/2024 8:57,1/22/2024 13:02,Price Code 1,CUSTOMER PICKUP,False,Rabun Warehouse,02,30568.0,Rabun Gap,USDA MIXED VegetablesCCC,Dry Dry Dry Dry Vegetables
824,177064,170,R-124,Rabun Gap Presbyterian Church,479686,,FP/USDA,MOBILE PANTRY-Agency,USDA,N-50-10007,85,0,0,0.0,2380,RABUN,0.0,3/15/2024 8:57,3/18/2024 11:03,Price Code 1,CUSTOMER PICKUP,False,Rabun Warehouse,02,30568.0,Rabun Gap,"USDA CORN, WHOLE KERNEL NO SALT",Dry Dry Dry Dry Vegetables
824,180711,9013,R-124,Rabun Gap Presbyterian Church,483317,,FP/USDA,MOBILE PANTRY-Agency,USDA,N-50-10313,80,0,0,0.0,1920,RABUN,0.0,5/17/2024 8:57,5/17/2024 7:19,Price Code 1,CUSTOMER PICKUP,False,Rabun Warehouse,02,30568.0,Rabun Gap,USDA LIGHT RED KIDNEY BEANS 24/1LB,Dry Dry Dry Dry Proteins
658,178784,683,W-130,Wolf Creek Baptist Church,481398,,FP/GNAP/USDA,FOOD PANTRY-Agency,BLUE RECEIPT-SHL,W-16-10001,115,0,0,20.7,115,RABUN,0.18,4/11/2024 16:14,4/11/2024 8:18,Price Code 1,CUSTOMER PICKUP,False,Sharing Floor Rabun,02-SH,30576.0,Tiger,MISC. FOOD BOX SHL,Dry Dry Dry Dry Food Misc.
602,181176,2202,10-NGAR,Food Bank of Northeast Georgia Rabun,483781,,FOOD BANK,EMERGENCY-Agency,USDA,N-50-10240,15,0,0,0.0,330,RABUN,0.0,5/22/2024 8:55,5/22/2024 8:28,Price Code 1,CUSTOMER PICKUP,False,Rabun Warehouse,02,30525.0,Clayton,USDA SPAGHETTI,Dry Dry Dry Dry Grains
364,180334,50,M-110,Mountain Grove Baptist Church,482940,,FOOD PANTRY,FOOD PANTRY-Agency,LOCAL - LL,W-16-10002,56,0,0,10.08,56,RABUN,0.18,5/7/2024 13:32,5/7/2024 9:21,Price Code 1,CUSTOMER PICKUP,False,Sharing Floor Rabun,02-SH,30525.0,Clayton,MISC. FOOD BOX LL,Dry Dry Dry Dry Food Misc.
577,176080,3943,S-133,Sharing and Caring - Clayton,478707,,FP/GNAP/USDA,FOOD PANTRY-Agency,USDA,N-50-10268,3,0,0,3.42,114,RABUN,0.03,2/27/2024 9:50,2/27/2024 13:43,Price Code 1,CUSTOMER PICKUP,False,Rabun Warehouse,02,30525.0,Clayton,USDA APPLE JUICE,Dry Dry Dry Dry Beverages
773,175101,688,P-122,Persimmon Baptist Church,477731,,FOOD PANTRY,FOOD PANTRY-Agency,BLUE RECEIPT-SHL,W-01-10000,61,0,0,10.98,61,RABUN,0.18,2/5/2024 11:44,2/5/2024 8:54,Price Code 1,CUSTOMER PICKUP,False,Sharing Floor Rabun,02-SH,30525.0,Clayton,"ASSORTED NON-FOOD ITEMS, SHL",Dry Dry Dry Dry Non-Food Misc.
602,182609,1047,10-NGAR,Food Bank of Northeast Georgia Rabun,485212,,FOOD BANK,EMERGENCY-Agency,USDA,N-50-10041,13,0,0,0.0,637,RABUN,0.0,6/28/2024 8:55,6/28/2024 7:25,Price Code 1,CUSTOMER PICKUP,False,Rabun Warehouse,02,30525.0,Clayton,USDA RICE,Dry Dry Dry Dry Grains
310,180742,2202,C-121,Rabun County Family Connection,483348,,FP/OP/GNAP/USDA,COMMUNITY ACTION PROGRAM-Agency,USDA,N-50-10240,1,0,0,3.96,22,RABUN,0.18,5/17/2024 8:30,5/20/2024 10:43,Price Code 1,CUSTOMER PICKUP,False,Rabun Warehouse,02,30525.0,Clayton,USDA SPAGHETTI,Dry Dry Dry Dry Grains
824,177996,1481,R-124,Rabun Gap Presbyterian Church,480615,,FP/USDA,MOBILE PANTRY-Agency,USDA,N-50-10105,1,0,0,3.06,17,RABUN,0.18,3/31/2024 8:57,3/31/2024 21:27,Price Code 1,CUSTOMER PICKUP,False,Rabun Warehouse,02,30568.0,Rabun Gap,USDA DRIED CHERRIES CCC,Dry Dry Dry Dry Fruits
731,181624,683,F-138,Freedom Ministries Lighthouse,484228,,ON PREMISES (OP),REHAB-Agency,BLUE RECEIPT-SHL,W-16-10001,196,0,0,35.28,196,RABUN,0.18,5/30/2024 10:11,5/30/2024 11:11,Price Code 1,CUSTOMER PICKUP,False,Sharing Floor Rabun,02-SH,30552.0,Lakemont,MISC. FOOD BOX SHL,Dry Dry Dry Dry Food Misc.
824,173606,7059,R-124,Rabun Gap Presbyterian Church,477235,,FP/USDA,MOBILE PANTRY-Agency,USDA,C-50-10019,45,0,0,0.0,1620,RABUN,0.0,1/25/2024 8:57,1/25/2024 10:21,Price Code 1,CUSTOMER PICKUP,False,Rabun Warehouse,02,30568.0,Rabun Gap,USDA 2% MILK CCC,Cooled Cooled Cooled Cooled Dairy
602,173845,8853,10-NGAR,Food Bank of Northeast Georgia Rabun,477474,,FOOD BANK,EMERGENCY-Agency,PURCH,N-23-10011,1,0,0,0.0,13,RABUN,0.0,1/30/2024 8:55,1/30/2024 13:41,Price Code 1,CUSTOMER PICKUP,False,Rabun Warehouse,02,30525.0,Clayton,"CRUNCHY PEANUT BUTTER, MEIJER",Dry Dry Dry Dry Proteins
824,173135,7082,R-124,Rabun Gap Presbyterian Church,476765,,FP/USDA,MOBILE PANTRY-Agency,USDA,C-50-10033,104,0,0,0.0,1248,RABUN,0.0,1/19/2024 8:57,1/22/2024 13:02,Price Code 1,CUSTOMER PICKUP,False,Rabun Warehouse,02,30568.0,Rabun Gap,USDA SHREDDED YELLOW CHEDDAR CHEESE CCC,Cooled Cooled Cooled Cooled Dairy
602,177709,6831,10-NGAR,Food Bank of Northeast Georgia Rabun,480329,,FOOD BANK,EMERGENCY-Agency,USDA,C-50-10025,49,0,0,0.0,2058,RABUN,0.0,3/21/2024 8:55,3/21/2024 9:49,Price Code 1,CUSTOMER PICKUP,False,Rabun Warehouse,02,30525.0,Clayton,USDA APPLES,Cooled Cooled Cooled Cooled Fruits
773,175849,5388,P-122,Persimmon Baptist Church,478477,,FOOD PANTRY,FOOD PANTRY-Agency,BLUE RECEIPT-SHL,F-16-10001,23,0,0,4.14,23,RABUN,0.18,2/20/2024 11:44,2/20/2024 8:15,Price Code 1,CUSTOMER PICKUP,False,Sharing Floor Rabun,02-SH,30525.0,Clayton,"ASSORTED FROZEN FOODS, SHL",Frozen Frozen Frozen Frozen Food Misc.
824,179084,8991,R-124,Rabun Gap Presbyterian Church,481698,,FP/USDA,MOBILE PANTRY-Agency,USDA,N-50-10311,60,0,0,0.0,1440,RABUN,0.0,4/17/2024 8:57,4/22/2024 8:49,Price Code 1,CUSTOMER PICKUP,False,Rabun Warehouse,02,30568.0,Rabun Gap,USDA HAZELNUTS CCC,Dry Dry Dry Dry Proteins
731,178093,50,F-138,Freedom Ministries Lighthouse,480712,,ON PREMISES (OP),REHAB-Agency,LOCAL - LL,W-16-10002,300,0,0,54.0,300,RABUN,0.18,4/1/2024 10:11,4/2/2024 9:16,Price Code 1,CUSTOMER PICKUP,False,Rabun Warehouse,02,30552.0,Lakemont,MISC. FOOD BOX LL,Dry Dry Dry Dry Food Misc.
824,177996,6831,R-124,Rabun Gap Presbyterian Church,480615,,FP/USDA,MOBILE PANTRY-Agency,USDA,C-50-10025,1,0,0,4.2,42,RABUN,0.1,3/31/2024 8:57,3/31/2024 21:27,Price Code 1,CUSTOMER PICKUP,False,Rabun Warehouse,02,30568.0,Rabun Gap,USDA APPLES,Cooled Cooled Cooled Cooled Fruits
577,178056,8969,S-133,Sharing and Caring - Clayton,480675,,FP/GNAP/USDA,FOOD PANTRY-Agency,YELLOW RECEIPT - SHN,N-27-10135,1,0,0,0.27,27,RABUN,0.01,4/2/2024 9:50,4/2/2024 13:35,Price Code 1,CUSTOMER PICKUP,False,Rabun Warehouse,02,30525.0,Clayton,"HUNTS TOMATO SAUCE, BAG AND BOX",Dry Dry Dry Dry Vegetables
577,182434,688,S-133,Sharing and Caring - Clayton,485038,,FP/GNAP/USDA,FOOD PANTRY-Agency,BLUE RECEIPT-SHL,W-01-10000,51,0,0,9.18,51,RABUN,0.18,6/20/2024 9:50,6/20/2024 13:48,Price Code 1,CUSTOMER PICKUP,False,Sharing Floor Rabun,02-SH,30525.0,Clayton,"ASSORTED NON-FOOD ITEMS, SHL",Dry Dry Dry Dry Non-Food Misc.
602,179920,800,10-NGAR,Food Bank of Northeast Georgia Rabun,482531,,FOOD BANK,EMERGENCY-Agency,USDA,N-50-10065,13,0,0,0.0,351,RABUN,0.0,5/1/2024 8:55,5/1/2024 7:09,Price Code 1,CUSTOMER PICKUP,False,Rabun Warehouse,02,30525.0,Clayton,USDA APPLESAUCE,Dry Dry Dry Dry Fruits
602,175274,8903,10-NGAR,Food Bank of Northeast Georgia Rabun,477903,,FOOD BANK,EMERGENCY-Agency,YELLOW RECEIPT - SHN,N-16-10181,27,0,0,0.0,135,RABUN,0.0,2/7/2024 8:55,2/7/2024 9:46,Price Code 1,CUSTOMER PICKUP,False,Rabun Warehouse,02,30525.0,Clayton,STOVE TOP STUFFING - TURKEY/CHICKEN/CORNBREAD,Dry Dry Dry Dry Prepared Meals
364,178102,5388,M-110,Mountain Grove Baptist Church,480721,,FOOD PANTRY,FOOD PANTRY-Agency,BLUE RECEIPT-SHL,F-16-10001,99,0,0,17.82,99,RABUN,0.18,4/2/2024 13:32,4/2/2024 9:40,Price Code 1,CUSTOMER PICKUP,False,Rabun Warehouse,02,30525.0,Clayton,"ASSORTED FROZEN FOODS, SHL",Frozen Frozen Frozen Frozen Food Misc.
731,178593,5938,F-138,Freedom Ministries Lighthouse,481209,,ON PREMISES (OP),REHAB-Agency,BLUE RECEIPT-SHL,C-28-10001,95,0,0,2.85,95,RABUN,0.03,4/9/2024 10:11,4/9/2024 11:10,Price Code 1,CUSTOMER PICKUP,False,Sharing Floor Rabun,02-SH,30552.0,Lakemont,"PRODUCE, FRESH SHL",Cooled Cooled Cooled Cooled Mixed Produce
824,173336,1791,R-124,Rabun Gap Presbyterian Church,476965,,FP/USDA,MOBILE PANTRY-Agency,USDA,N-50-10079,72,0,0,0.0,1872,RABUN,0.0,2/16/2024 8:57,2/20/2024 15:52,Price Code 1,CUSTOMER PICKUP,False,Rabun Warehouse,02,30568.0,Rabun Gap,USDA WALNUT HALVES AND PIECES,Dry Dry Dry Dry Proteins
731,182337,875,F-138,Freedom Ministries Lighthouse,484941,,ON PREMISES (OP),REHAB-Agency,BLUE RECEIPT-SHL,W-04-10000,116,0,0,0.0,116,RABUN,0.0,6/18/2024 10:11,6/18/2024 13:33,Price Code 1,CUSTOMER PICKUP,False,Sharing Floor Rabun,02-SH,30552.0,Lakemont,"BREAD & BAKERY, ASSORTED SHL",Dry Dry Dry Dry Grains
577,178056,8720,S-133,Sharing and Caring - Clayton,480675,,FP/GNAP/USDA,FOOD PANTRY-Agency,USDA,N-50-10305,2,0,0,5.04,28,RABUN,0.18,4/2/2024 9:50,4/2/2024 13:35,Price Code 1,CUSTOMER PICKUP,False,Rabun Warehouse,02,30525.0,Clayton,USDA MIXED VegetablesCCC,Dry Dry Dry Dry Vegetables
577,182207,1481,S-133,Sharing and Caring - Clayton,484811,,FP/GNAP/USDA,FOOD PANTRY-Agency,USDA,N-50-10105,1,0,0,3.06,17,RABUN,0.18,6/21/2024 13:00,6/21/2024 9:13,Price Code 1,CUSTOMER PICKUP,False,Rabun Warehouse,02,30525.0,Clayton,USDA DRIED CHERRIES CCC,Dry Dry Dry Dry Fruits
919,177789,8973,F-132,Fight Abuse in the Home (FAITH),FAIMPORT480408,,ON PREMISES (OP),SHELTER-Agency,BLUE RECEIPT-SHL,MCC-16-10001,14,0,0,0.0,14,RABUN,0.0,3/19/2024 0:00,3/19/2024 0:00,Price Code 1,CUSTOMER PICKUP,False,Food Bank of Northeast Georgia,01,30525.0,Clayton,"COOLER FOOD MISC., SHL RETAIL PICKUP",Dry Dry Dry Dry Food Misc.
577,178611,683,S-133,Sharing and Caring - Clayton,481227,,FP/GNAP/USDA,FOOD PANTRY-Agency,BLUE RECEIPT-SHL,W-16-10001,56,0,0,10.08,56,RABUN,0.18,4/9/2024 9:50,4/9/2024 13:22,Price Code 1,CUSTOMER PICKUP,False,Sharing Floor Rabun,02-SH,30525.0,Clayton,MISC. FOOD BOX SHL,Dry Dry Dry Dry Food Misc.
364,175859,1045,M-110,Mountain Grove Baptist Church,478487,,FOOD PANTRY,FOOD PANTRY-Agency,BLUE RECEIPT-SHL,W-25-10009,13,0,0,2.34,13,RABUN,0.18,2/20/2024 13:32,2/20/2024 9:30,Price Code 1,CUSTOMER PICKUP,False,Sharing Floor Rabun,02-SH,30525.0,Clayton,"ASSORTED SNACK ITEMS, SHL",Dry Dry Dry Dry Food Misc.
905,173910,1047,R-127,Rabun Christian Food Ministry,477539,,FP/USDA,FOOD PANTRY-Agency,USDA,N-50-10041,12,0,0,105.84,588,RABUN,0.18,2/16/2024 11:38,2/20/2024 10:48,Price Code 1,CUSTOMER PICKUP,False,Rabun Warehouse,02,30525.0,Clayton,USDA RICE,Dry Dry Dry Dry Grains
364,179418,50,M-110,Mountain Grove Baptist Church,482031,,FOOD PANTRY,FOOD PANTRY-Agency,LOCAL - LL,W-16-10002,153,0,0,27.54,153,RABUN,0.18,4/23/2024 13:32,4/23/2024 9:22,Price Code 1,CUSTOMER PICKUP,False,Sharing Floor Rabun,02-SH,30525.0,Clayton,MISC. FOOD BOX LL,Dry Dry Dry Dry Food Misc.
824,180711,3139,R-124,Rabun Gap Presbyterian Church,483317,,FP/USDA,MOBILE PANTRY-Agency,USDA,N-50-10290,60,0,0,0.0,1500,RABUN,0.0,5/17/2024 8:57,5/17/2024 7:19,Price Code 1,CUSTOMER PICKUP,False,Rabun Warehouse,02,30568.0,Rabun Gap,USDA WHOLE ALMONDS DRY ROASTED,Dry Dry Dry Dry Proteins
602,175274,170,10-NGAR,Food Bank of Northeast Georgia Rabun,477903,,FOOD BANK,EMERGENCY-Agency,USDA,N-50-10007,14,0,0,0.0,392,RABUN,0.0,2/7/2024 8:55,2/7/2024 9:46,Price Code 1,CUSTOMER PICKUP,False,Rabun Warehouse,02,30525.0,Clayton,"USDA CORN, WHOLE KERNEL NO SALT",Dry Dry Dry Dry Vegetables
905,182050,4715,R-127,Rabun Christian Food Ministry,484654,,FP/USDA,FOOD PANTRY-Agency,USDA,F-50-90461,14,0,0,56.0,560,RABUN,0.1,6/21/2024 8:30,6/21/2024 9:12,Price Code 1,CUSTOMER PICKUP,False,Rabun Warehouse,02,30525.0,Clayton,USDA ALASKAN POLLACK FISH FILLETS,Frozen Frozen Frozen Frozen Proteins
577,173316,7082,S-133,Sharing and Caring - Clayton,476945,,FP/GNAP/USDA,FOOD PANTRY-Agency,USDA,C-50-10033,3,0,0,0.0,36,RABUN,0.0,1/23/2024 9:50,1/23/2024 13:19,Price Code 1,CUSTOMER PICKUP,False,Rabun Warehouse,02,30525.0,Clayton,USDA SHREDDED YELLOW CHEDDAR CHEESE CCC,Cooled Cooled Cooled Cooled Dairy
346,173681,84,F-114,Flat Creek Baptist Church,477310,,FP/GNAP/USDA,FOOD PANTRY-Agency,USDA,N-50-10006,2,0,0,9.72,54,RABUN,0.18,1/29/2024 12:44,1/29/2024 10:17,Price Code 1,CUSTOMER PICKUP,False,Rabun Warehouse,02,30552.0,Lakemont,USDA GREEN BEANS,Dry Dry Dry Dry Vegetables
824,182066,170,R-124,Rabun Gap Presbyterian Church,484670,,FP/USDA,MOBILE PANTRY-Agency,USDA,N-50-10007,85,0,0,0.0,2380,RABUN,0.0,6/14/2024 8:57,6/20/2024 15:30,Price Code 1,CUSTOMER PICKUP,False,Rabun Warehouse,02,30568.0,Rabun Gap,"USDA CORN, WHOLE KERNEL NO SALT",Dry Dry Dry Dry Vegetables
905,178497,170,R-127,Rabun Christian Food Ministry,481113,,FP/USDA,FOOD PANTRY-Agency,USDA,N-50-10007,11,0,0,55.44,308,RABUN,0.18,4/11/2024 11:38,4/16/2024 13:22,Price Code 1,CUSTOMER PICKUP,False,Rabun Warehouse,02,30525.0,Clayton,"USDA CORN, WHOLE KERNEL NO SALT",Dry Dry Dry Dry Vegetables
602,178818,170,10-NGAR,Food Bank of Northeast Georgia Rabun,481432,,FOOD BANK,EMERGENCY-Agency,USDA,N-50-10007,13,0,0,0.0,364,RABUN,0.0,4/11/2024 8:55,4/11/2024 12:47,Price Code 1,CUSTOMER PICKUP,False,Rabun Warehouse,02,30525.0,Clayton,"USDA CORN, WHOLE KERNEL NO SALT",Dry Dry Dry Dry Vegetables
602,182609,4449,10-NGAR,Food Bank of Northeast Georgia Rabun,485212,,FOOD BANK,EMERGENCY-Agency,USDA,F-50-90445,36,0,0,0.0,1476,RABUN,0.0,6/28/2024 8:55,6/28/2024 7:25,Price Code 1,CUSTOMER PICKUP,False,Rabun Warehouse,02,30525.0,Clayton,USDA FULLY COOKED PULLED PORK CCC,Frozen Frozen Frozen Frozen Proteins
346,182467,1791,F-114,Flat Creek Baptist Church,485071,,FP/GNAP/USDA,FOOD PANTRY-Agency,USDA,N-50-10079,4,0,0,18.72,104,RABUN,0.18,6/26/2024 14:00,6/26/2024 13:46,Price Code 1,CUSTOMER PICKUP,False,Rabun Warehouse,02,30552.0,Lakemont,USDA WALNUT HALVES AND PIECES,Dry Dry Dry Dry Proteins
658,180492,3717,W-130,Wolf Creek Baptist Church,483098,,FP/GNAP/USDA,FOOD PANTRY-Agency,GNAP,N-40-10154,2,0,0,0.0,40,RABUN,0.0,5/13/2024 8:00,5/13/2024 7:13,Price Code 1,CUSTOMER PICKUP,False,Rabun Warehouse,02,30576.0,Tiger,"GNAP APPLE JUICE, SINGLE SERVE",Dry Dry Dry Dry Beverages
602,176389,8720,10-NGAR,Food Bank of Northeast Georgia Rabun,479014,,FOOD BANK,EMERGENCY-Agency,USDA,N-50-10305,26,0,0,0.0,364,RABUN,0.0,2/29/2024 8:55,2/29/2024 7:08,Price Code 1,CUSTOMER PICKUP,False,Rabun Warehouse,02,30525.0,Clayton,USDA MIXED VegetablesCCC,Dry Dry Dry Dry Vegetables
731,178973,5938,F-138,Freedom Ministries Lighthouse,481587,,ON PREMISES (OP),REHAB-Agency,BLUE RECEIPT-SHL,C-28-10001,58,0,0,1.74,58,RABUN,0.03,4/15/2024 10:11,4/15/2024 11:52,Price Code 1,CUSTOMER PICKUP,False,Sharing Floor Rabun,02-SH,30552.0,Lakemont,"PRODUCE, FRESH SHL",Cooled Cooled Cooled Cooled Mixed Produce
577,173843,1045,S-133,Sharing and Caring - Clayton,477472,,FP/GNAP/USDA,FOOD PANTRY-Agency,BLUE RECEIPT-SHL,W-25-10009,183,0,0,32.94,183,RABUN,0.18,1/30/2024 9:50,1/30/2024 13:30,Price Code 1,CUSTOMER PICKUP,False,Sharing Floor Rabun,02-SH,30525.0,Clayton,"ASSORTED SNACK ITEMS, SHL",Dry Dry Dry Dry Food Misc.
824,177064,8761,R-124,Rabun Gap Presbyterian Church,479686,,FP/USDA,MOBILE PANTRY-Agency,USDA,N-50-10306,66,0,0,0.0,1650,RABUN,0.0,3/15/2024 8:57,3/18/2024 11:03,Price Code 1,CUSTOMER PICKUP,False,Rabun Warehouse,02,30568.0,Rabun Gap,USDA WHOLE DEGLET DATES,Dry Dry Dry Dry Fruits
577,182104,5388,S-133,Sharing and Caring - Clayton,484708,,FP/GNAP/USDA,FOOD PANTRY-Agency,BLUE RECEIPT-SHL,F-16-10001,68,0,0,12.24,68,RABUN,0.18,6/11/2024 9:50,6/11/2024 13:14,Price Code 1,CUSTOMER PICKUP,False,Sharing Floor Rabun,02-SH,30525.0,Clayton,"ASSORTED FROZEN FOODS, SHL",Frozen Frozen Frozen Frozen Food Misc.
731,179366,50,F-138,Freedom Ministries Lighthouse,481979,,ON PREMISES (OP),REHAB-Agency,LOCAL - LL,W-16-10002,142,0,0,25.56,142,RABUN,0.18,4/22/2024 10:11,4/22/2024 10:45,Price Code 1,CUSTOMER PICKUP,False,Sharing Floor Rabun,02-SH,30552.0,Lakemont,MISC. FOOD BOX LL,Dry Dry Dry Dry Food Misc.
919,181518,8975,F-132,Fight Abuse in the Home (FAITH),FAIMPORT484122,,ON PREMISES (OP),SHELTER-Agency,BLUE RECEIPT-SHL,MCC-07-10001,34,0,0,0.0,34,RABUN,0.0,5/28/2024 0:00,5/28/2024 0:00,Price Code 1,CUSTOMER PICKUP,False,Food Bank of Northeast Georgia,01,30525.0,Clayton,"DAIRY PRODUCTS, SHL RETAIL PICKUPS",Dry Dry Dry Dry Dairy
602,177895,7059,10-NGAR,Food Bank of Northeast Georgia Rabun,480514,,FOOD BANK,EMERGENCY-Agency,USDA,C-50-10019,26,0,0,0.0,936,RABUN,0.0,3/26/2024 8:55,3/27/2024 9:30,Price Code 1,CUSTOMER PICKUP,False,Rabun Warehouse,02,30525.0,Clayton,USDA 2% MILK CCC,Cooled Cooled Cooled Cooled Dairy
905,178497,4449,R-127,Rabun Christian Food Ministry,481113,,FP/USDA,FOOD PANTRY-Agency,USDA,F-50-90445,7,0,0,28.7,287,RABUN,0.1,4/11/2024 11:38,4/16/2024 13:22,Price Code 1,CUSTOMER PICKUP,False,Rabun Warehouse,02,30525.0,Clayton,USDA FULLY COOKED PULLED PORK CCC,Frozen Frozen Frozen Frozen Proteins
577,172544,5407,S-133,Sharing and Caring - Clayton,476175,,FP/GNAP/USDA,FOOD PANTRY-Agency,BLUE RECEIPT-SHL,F-15-10000,60,0,0,10.8,60,RABUN,0.18,1/4/2024 9:50,1/4/2024 11:33,Price Code 1,CUSTOMER PICKUP,False,Sharing Floor Rabun,02-SH,30525.0,Clayton,"MEAT & SEAFOOD, FROZEN SHL",Frozen Frozen Frozen Frozen Proteins
602,181496,170,10-NGAR,Food Bank of Northeast Georgia Rabun,484100,,FOOD BANK,EMERGENCY-Agency,USDA,N-50-10007,13,0,0,0.0,364,RABUN,0.0,5/29/2024 8:55,5/29/2024 8:59,Price Code 1,CUSTOMER PICKUP,False,Rabun Warehouse,02,30525.0,Clayton,"USDA CORN, WHOLE KERNEL NO SALT",Dry Dry Dry Dry Vegetables
602,173845,4715,10-NGAR,Food Bank of Northeast Georgia Rabun,477474,,FOOD BANK,EMERGENCY-Agency,USDA,F-50-90461,18,0,0,0.0,720,RABUN,0.0,1/30/2024 8:55,1/30/2024 13:41,Price Code 1,CUSTOMER PICKUP,False,Rabun Warehouse,02,30525.0,Clayton,USDA ALASKAN POLLACK FISH FILLETS,Frozen Frozen Frozen Frozen Proteins
577,182104,690,S-133,Sharing and Caring - Clayton,484708,,FP/GNAP/USDA,FOOD PANTRY-Agency,BLUE RECEIPT-SHL,W-03-10013,24,0,0,0.72,24,RABUN,0.03,6/11/2024 9:50,6/11/2024 13:14,Price Code 1,CUSTOMER PICKUP,False,Sharing Floor Rabun,02-SH,30525.0,Clayton,"ASSORTED BEVERAGES, SHL",Dry Dry Dry Dry Beverages
602,179920,1674,10-NGAR,Food Bank of Northeast Georgia Rabun,482531,,FOOD BANK,EMERGENCY-Agency,USDA,N-50-10073,13,0,0,0.0,351,RABUN,0.0,5/1/2024 8:55,5/1/2024 7:09,Price Code 1,CUSTOMER PICKUP,False,Rabun Warehouse,02,30525.0,Clayton,USDA TOMATO SAUCE,Dry Dry Dry Dry Vegetables
905,177059,8690,R-127,Rabun Christian Food Ministry,479681,,FP/USDA,FOOD PANTRY-Agency,USDA,N-50-10302,12,0,0,30.24,168,RABUN,0.18,3/14/2024 11:38,3/18/2024 7:22,Price Code 1,CUSTOMER PICKUP,False,Rabun Warehouse,02,30525.0,Clayton,USDA GREEN BEANS CCC,Dry Dry Dry Dry Vegetables
824,179084,8995,R-124,Rabun Gap Presbyterian Church,481698,,FP/USDA,MOBILE PANTRY-Agency,BLUE RECEIPT-SHL,N-21-10067,240,0,0,0.0,1200,RABUN,0.0,4/17/2024 8:57,4/22/2024 8:49,Price Code 1,CUSTOMER PICKUP,False,Rabun Warehouse,02,30568.0,Rabun Gap,"RAMEN, MARUCHAN SHRIMP",Dry Dry Dry Dry Prepared Meals
658,180492,7153,W-130,Wolf Creek Baptist Church,483098,,FP/GNAP/USDA,FOOD PANTRY-Agency,GNAP,N-40-10234,2,0,0,0.0,26,RABUN,0.0,5/13/2024 8:00,5/13/2024 7:13,Price Code 1,CUSTOMER PICKUP,False,Rabun Warehouse,02,30576.0,Tiger,GNAP BAKED BEANS,Dry Dry Dry Dry Proteins
577,176103,4788,S-133,Sharing and Caring - Clayton,478730,,FP/GNAP/USDA,FOOD PANTRY-Agency,USDA,F-50-90039,2,0,0,14.4,80,RABUN,0.18,2/27/2024 9:50,2/27/2024 13:42,Price Code 1,CUSTOMER PICKUP,False,Rabun Warehouse,02,30525.0,Clayton,USDA CATFISH FILLETS CCC,Frozen Frozen Frozen Frozen Proteins
577,175220,690,S-133,Sharing and Caring - Clayton,477849,,FP/GNAP/USDA,FOOD PANTRY-Agency,BLUE RECEIPT-SHL,W-03-10013,16,0,0,0.48,16,RABUN,0.03,2/6/2024 9:50,2/6/2024 13:16,Price Code 1,CUSTOMER PICKUP,False,Sharing Floor Rabun,02-SH,30525.0,Clayton,"ASSORTED BEVERAGES, SHL",Dry Dry Dry Dry Beverages
773,178951,5407,P-122,Persimmon Baptist Church,481565,,FOOD PANTRY,FOOD PANTRY-Agency,BLUE RECEIPT-SHL,F-15-10000,60,0,0,10.8,60,RABUN,0.18,4/15/2024 11:44,4/15/2024 8:41,Price Code 1,CUSTOMER PICKUP,False,Sharing Floor Rabun,02-SH,30525.0,Clayton,"MEAT & SEAFOOD, FROZEN SHL",Frozen Frozen Frozen Frozen Proteins
773,179730,5388,P-122,Persimmon Baptist Church,482343,,FOOD PANTRY,FOOD PANTRY-Agency,BLUE RECEIPT-SHL,F-16-10001,36,0,0,6.48,36,RABUN,0.18,4/29/2024 11:44,4/29/2024 8:06,Price Code 1,CUSTOMER PICKUP,False,Sharing Floor Rabun,02-SH,30525.0,Clayton,"ASSORTED FROZEN FOODS, SHL",Frozen Frozen Frozen Frozen Food Misc.
602,176389,8914,10-NGAR,Food Bank of Northeast Georgia Rabun,479014,,FOOD BANK,EMERGENCY-Agency,USDA,N-50-10310,13,0,0,0.0,351,RABUN,0.0,2/29/2024 8:55,2/29/2024 7:08,Price Code 1,CUSTOMER PICKUP,False,Rabun Warehouse,02,30525.0,Clayton,USDA DICED POTATOES,Dry Dry Dry Dry Potatoes
731,181824,690,F-138,Freedom Ministries Lighthouse,484428,,ON PREMISES (OP),REHAB-Agency,BLUE RECEIPT-SHL,W-03-10013,462,0,0,13.86,462,RABUN,0.03,6/3/2024 10:11,6/3/2024 14:41,Price Code 1,CUSTOMER PICKUP,False,Sharing Floor Rabun,02-SH,30552.0,Lakemont,"ASSORTED BEVERAGES, SHL",Dry Dry Dry Dry Beverages
602,182609,3712,10-NGAR,Food Bank of Northeast Georgia Rabun,485212,,FOOD BANK,EMERGENCY-Agency,USDA,N-50-10266,13,0,0,0.0,351,RABUN,0.0,6/28/2024 8:55,6/28/2024 7:25,Price Code 1,CUSTOMER PICKUP,False,Rabun Warehouse,02,30525.0,Clayton,USDA CANNED PINTO BEANS,Dry Dry Dry Dry Proteins
658,178807,6831,W-130,Wolf Creek Baptist Church,481421,,FP/GNAP/USDA,FOOD PANTRY-Agency,USDA,C-50-10025,2,0,0,8.4,84,RABUN,0.1,4/11/2024 16:14,4/11/2024 10:50,Price Code 1,CUSTOMER PICKUP,False,Rabun Warehouse,02,30576.0,Tiger,USDA APPLES,Cooled Cooled Cooled Cooled Fruits
919,178408,8975,F-132,Fight Abuse in the Home (FAITH),FAIMPORT481024,,ON PREMISES (OP),SHELTER-Agency,BLUE RECEIPT-SHL,MCC-07-10001,119,0,0,0.0,119,RABUN,0.0,4/4/2024 0:00,4/4/2024 0:00,Price Code 1,CUSTOMER PICKUP,False,Food Bank of Northeast Georgia,01,30525.0,Clayton,"DAIRY PRODUCTS, SHL RETAIL PICKUPS",Dry Dry Dry Dry Dairy
824,173135,1791,R-124,Rabun Gap Presbyterian Church,476765,,FP/USDA,MOBILE PANTRY-Agency,USDA,N-50-10079,72,0,0,0.0,1872,RABUN,0.0,1/19/2024 8:57,1/22/2024 13:02,Price Code 1,CUSTOMER PICKUP,False,Rabun Warehouse,02,30568.0,Rabun Gap,USDA WALNUT HALVES AND PIECES,Dry Dry Dry Dry Proteins
824,172872,5938,R-124,Rabun Gap Presbyterian Church,476503,,FP/USDA,MOBILE PANTRY-Agency,BLUE RECEIPT-SHL,C-28-10001,4000,0,0,0.0,4000,RABUN,0.0,1/10/2024 8:57,1/10/2024 13:17,Price Code 1,CUSTOMER PICKUP,False,Sharing Floor Rabun,02-SH,30568.0,Rabun Gap,"PRODUCE, FRESH SHL",Cooled Cooled Cooled Cooled Mixed Produce
602,180071,2856,10-NGAR,Food Bank of Northeast Georgia Rabun,482679,,FOOD BANK,EMERGENCY-Agency,GNAP,N-40-10206,54,0,0,0.0,1080,RABUN,0.0,5/2/2024 8:55,5/2/2024 11:07,Price Code 1,CUSTOMER PICKUP,False,Rabun Warehouse,02,30525.0,Clayton,GNAP CHICKEN NOODLE SOUP,Dry Dry Dry Dry Prepared Meals
824,179084,1481,R-124,Rabun Gap Presbyterian Church,481698,,FP/USDA,MOBILE PANTRY-Agency,USDA,N-50-10105,84,0,0,0.0,1428,RABUN,0.0,4/17/2024 8:57,4/22/2024 8:49,Price Code 1,CUSTOMER PICKUP,False,Rabun Warehouse,02,30568.0,Rabun Gap,USDA DRIED CHERRIES CCC,Dry Dry Dry Dry Fruits
364,175859,5388,M-110,Mountain Grove Baptist Church,478487,,FOOD PANTRY,FOOD PANTRY-Agency,BLUE RECEIPT-SHL,F-16-10001,91,0,0,16.38,91,RABUN,0.18,2/20/2024 13:32,2/20/2024 9:30,Price Code 1,CUSTOMER PICKUP,False,Sharing Floor Rabun,02-SH,30525.0,Clayton,"ASSORTED FROZEN FOODS, SHL",Frozen Frozen Frozen Frozen Food Misc.
577,178056,3139,S-133,Sharing and Caring - Clayton,480675,,FP/GNAP/USDA,FOOD PANTRY-Agency,USDA,N-50-10290,1,0,0,4.5,25,RABUN,0.18,4/2/2024 9:50,4/2/2024 13:35,Price Code 1,CUSTOMER PICKUP,False,Rabun Warehouse,02,30525.0,Clayton,USDA WHOLE ALMONDS DRY ROASTED,Dry Dry Dry Dry Proteins
310,179360,4715,C-121,Rabun County Family Connection,481973,,FP/OP/GNAP/USDA,COMMUNITY ACTION PROGRAM-Agency,USDA,F-50-90461,6,0,0,24.0,240,RABUN,0.1,5/10/2024 16:09,5/20/2024 10:44,Price Code 1,CUSTOMER PICKUP,False,Rabun Warehouse,02,30525.0,Clayton,USDA ALASKAN POLLACK FISH FILLETS,Frozen Frozen Frozen Frozen Proteins
731,176607,5388,F-138,Freedom Ministries Lighthouse,479231,,ON PREMISES (OP),REHAB-Agency,BLUE RECEIPT-SHL,F-16-10001,77,0,0,13.86,77,RABUN,0.18,3/4/2024 10:11,3/4/2024 10:44,Price Code 1,CUSTOMER PICKUP,False,Sharing Floor Rabun,02-SH,30552.0,Lakemont,"ASSORTED FROZEN FOODS, SHL",Frozen Frozen Frozen Frozen Food Misc.
602,177709,1047,10-NGAR,Food Bank of Northeast Georgia Rabun,480329,,FOOD BANK,EMERGENCY-Agency,USDA,N-50-10041,13,0,0,0.0,637,RABUN,0.0,3/21/2024 8:55,3/21/2024 9:49,Price Code 1,CUSTOMER PICKUP,False,Rabun Warehouse,02,30525.0,Clayton,USDA RICE,Dry Dry Dry Dry Grains
577,181142,50,S-133,Sharing and Caring - Clayton,483747,,FP/GNAP/USDA,FOOD PANTRY-Agency,LOCAL - LL,W-16-10002,97,0,0,17.46,97,RABUN,0.18,5/21/2024 9:50,5/21/2024 13:33,Price Code 1,CUSTOMER PICKUP,False,Sharing Floor Rabun,02-SH,30525.0,Clayton,MISC. FOOD BOX LL,Dry Dry Dry Dry Food Misc.
919,180964,8970,F-132,Fight Abuse in the Home (FAITH),FAIMPORT483570,,ON PREMISES (OP),SHELTER-Agency,BLUE RECEIPT-SHL,MCW-16-10001,2,0,0,0.0,2,RABUN,0.0,5/13/2024 0:00,5/13/2024 0:00,Price Code 1,CUSTOMER PICKUP,False,Food Bank of Northeast Georgia,01,30525.0,Clayton,"MISC. FOOD BOX, SHL RETAIL PICKUP",Dry Dry Dry Dry Food Misc.
824,173135,4555,R-124,Rabun Gap Presbyterian Church,476765,,FP/USDA,MOBILE PANTRY-Agency,USDA,F-50-90042,28,0,0,0.0,1120,RABUN,0.0,1/19/2024 8:57,1/22/2024 13:02,Price Code 1,CUSTOMER PICKUP,False,Rabun Warehouse,02,30568.0,Rabun Gap,USDA CHICKEN DRUMSTICKS CCC,Frozen Frozen Frozen Frozen Proteins
731,175873,683,F-138,Freedom Ministries Lighthouse,478501,,ON PREMISES (OP),REHAB-Agency,BLUE RECEIPT-SHL,W-16-10001,95,0,0,17.1,95,RABUN,0.18,2/20/2024 10:11,2/20/2024 11:45,Price Code 1,CUSTOMER PICKUP,False,Sharing Floor Rabun,02-SH,30552.0,Lakemont,MISC. FOOD BOX SHL,Dry Dry Dry Dry Food Misc.
602,172534,4852,10-NGAR,Food Bank of Northeast Georgia Rabun,476165,,FOOD BANK,EMERGENCY-Agency,USDA,F-50-90035,40,0,0,0.0,1280,RABUN,0.0,1/4/2024 8:55,1/5/2024 14:44,Price Code 1,CUSTOMER PICKUP,False,Rabun Warehouse,02,30525.0,Clayton,USDA FROZEN CHERRIES CCC,Frozen Frozen Frozen Frozen Fruits
919,177299,5388,F-132,Fight Abuse in the Home (FAITH),479919,,ON PREMISES (OP),SHELTER-Agency,BLUE RECEIPT-SHL,F-16-10001,12,0,0,2.16,12,RABUN,0.18,3/14/2024 18:41,3/14/2024 10:09,Price Code 1,CUSTOMER PICKUP,False,Sharing Floor Rabun,02-SH,30525.0,Clayton,"ASSORTED FROZEN FOODS, SHL",Frozen Frozen Frozen Frozen Food Misc.
577,175896,5960,S-133,Sharing and Caring - Clayton,478524,,FP/GNAP/USDA,FOOD PANTRY-Agency,BLUE RECEIPT-SHL,C-07-10001,16,0,0,2.88,16,RABUN,0.18,2/20/2024 9:50,2/20/2024 13:19,Price Code 1,CUSTOMER PICKUP,False,Sharing Floor Rabun,02-SH,30525.0,Clayton,"DAIRY PRODUCT, ASSORTED SHL",Cooled Cooled Cooled Cooled Dairy
773,175101,5388,P-122,Persimmon Baptist Church,477731,,FOOD PANTRY,FOOD PANTRY-Agency,BLUE RECEIPT-SHL,F-16-10001,41,0,0,7.38,41,RABUN,0.18,2/5/2024 11:44,2/5/2024 8:54,Price Code 1,CUSTOMER PICKUP,False,Sharing Floor Rabun,02-SH,30525.0,Clayton,"ASSORTED FROZEN FOODS, SHL",Frozen Frozen Frozen Frozen Food Misc.
310,181618,3943,C-121,Rabun County Family Connection,484222,,FP/OP/GNAP/USDA,COMMUNITY ACTION PROGRAM-Agency,USDA,N-50-10268,4,0,0,4.56,152,RABUN,0.03,6/4/2024 9:30,6/4/2024 8:18,Price Code 1,CUSTOMER PICKUP,False,Rabun Warehouse,02,30525.0,Clayton,USDA APPLE JUICE,Dry Dry Dry Dry Beverages
602,177709,4788,10-NGAR,Food Bank of Northeast Georgia Rabun,480329,,FOOD BANK,EMERGENCY-Agency,USDA,F-50-90039,40,0,0,0.0,1600,RABUN,0.0,3/21/2024 8:55,3/21/2024 9:49,Price Code 1,CUSTOMER PICKUP,False,Rabun Warehouse,02,30525.0,Clayton,USDA CATFISH FILLETS CCC,Frozen Frozen Frozen Frozen Proteins
731,182337,5938,F-138,Freedom Ministries Lighthouse,484941,,ON PREMISES (OP),REHAB-Agency,BLUE RECEIPT-SHL,C-28-10001,112,0,0,3.36,112,RABUN,0.03,6/18/2024 10:11,6/18/2024 13:33,Price Code 1,CUSTOMER PICKUP,False,Sharing Floor Rabun,02-SH,30552.0,Lakemont,"PRODUCE, FRESH SHL",Cooled Cooled Cooled Cooled Mixed Produce
577,176935,8720,S-133,Sharing and Caring - Clayton,479557,,FP/GNAP/USDA,FOOD PANTRY-Agency,USDA,N-50-10305,2,0,0,5.04,28,RABUN,0.18,3/12/2024 9:50,3/12/2024 13:08,Price Code 1,CUSTOMER PICKUP,False,Rabun Warehouse,02,30525.0,Clayton,USDA MIXED VegetablesCCC,Dry Dry Dry Dry Vegetables
577,178611,1045,S-133,Sharing and Caring - Clayton,481227,,FP/GNAP/USDA,FOOD PANTRY-Agency,BLUE RECEIPT-SHL,W-25-10009,41,0,0,7.38,41,RABUN,0.18,4/9/2024 9:50,4/9/2024 13:22,Price Code 1,CUSTOMER PICKUP,False,Sharing Floor Rabun,02-SH,30525.0,Clayton,"ASSORTED SNACK ITEMS, SHL",Dry Dry Dry Dry Food Misc.
346,173681,8914,F-114,Flat Creek Baptist Church,477310,,FP/GNAP/USDA,FOOD PANTRY-Agency,USDA,N-50-10310,2,0,0,9.72,54,RABUN,0.18,1/29/2024 12:44,1/29/2024 10:17,Price Code 1,CUSTOMER PICKUP,False,Rabun Warehouse,02,30552.0,Lakemont,USDA DICED POTATOES,Dry Dry Dry Dry Potatoes
602,175199,7061,10-NGAR,Food Bank of Northeast Georgia Rabun,477828,,FOOD BANK,EMERGENCY-Agency,USDA,C-50-10021,54,0,0,0.0,2268,RABUN,0.0,2/6/2024 8:55,2/6/2024 10:00,Price Code 1,CUSTOMER PICKUP,False,Rabun Warehouse,02,30525.0,Clayton,USDA FRESH ORANGES,Cooled Cooled Cooled Cooled Fruits
577,179272,4449,S-133,Sharing and Caring - Clayton,481885,,FP/GNAP/USDA,FOOD PANTRY-Agency,USDA,F-50-90445,1,0,0,4.1,41,RABUN,0.1,4/23/2024 9:50,4/23/2024 13:09,Price Code 1,CUSTOMER PICKUP,False,Rabun Warehouse,02,30525.0,Clayton,USDA FULLY COOKED PULLED PORK CCC,Frozen Frozen Frozen Frozen Proteins
773,180413,1045,P-122,Persimmon Baptist Church,483019,,FOOD PANTRY,FOOD PANTRY-Agency,BLUE RECEIPT-SHL,W-25-10009,33,0,0,5.94,33,RABUN,0.18,5/8/2024 11:44,5/8/2024 10:11,Price Code 1,CUSTOMER PICKUP,False,Sharing Floor Athens,01-SH,30525.0,Clayton,"ASSORTED SNACK ITEMS, SHL",Dry Dry Dry Dry Food Misc.
824,182066,8783,R-124,Rabun Gap Presbyterian Church,484670,,FP/USDA,MOBILE PANTRY-Agency,USDA,N-50-10308,72,0,0,0.0,1656,RABUN,0.0,6/14/2024 8:57,6/20/2024 15:30,Price Code 1,CUSTOMER PICKUP,False,Rabun Warehouse,02,30568.0,Rabun Gap,USDA RAISINS,Dry Dry Dry Dry Fruits
310,180742,8690,C-121,Rabun County Family Connection,483348,,FP/OP/GNAP/USDA,COMMUNITY ACTION PROGRAM-Agency,USDA,N-50-10302,5,0,0,12.6,70,RABUN,0.18,5/17/2024 8:30,5/20/2024 10:43,Price Code 1,CUSTOMER PICKUP,False,Rabun Warehouse,02,30525.0,Clayton,USDA GREEN BEANS CCC,Dry Dry Dry Dry Vegetables
824,180043,875,R-124,Rabun Gap Presbyterian Church,482651,,FP/USDA,MOBILE PANTRY-Agency,BLUE RECEIPT-SHL,W-04-10000,2000,0,0,0.0,2000,RABUN,0.0,5/2/2024 8:57,5/2/2024 7:28,Price Code 1,CUSTOMER PICKUP,False,Sharing Floor Rabun,02-SH,30568.0,Rabun Gap,"BREAD & BAKERY, ASSORTED SHL",Dry Dry Dry Dry Grains
658,178671,4715,W-130,Wolf Creek Baptist Church,481287,,FP/GNAP/USDA,FOOD PANTRY-Agency,USDA,F-50-90461,2,0,0,8.0,80,RABUN,0.1,4/11/2024 16:14,4/11/2024 11:02,Price Code 1,CUSTOMER PICKUP,False,Rabun Warehouse,02,30576.0,Tiger,USDA ALASKAN POLLACK FISH FILLETS,Frozen Frozen Frozen Frozen Proteins
577,176080,8720,S-133,Sharing and Caring - Clayton,478707,,FP/GNAP/USDA,FOOD PANTRY-Agency,USDA,N-50-10305,1,0,0,2.52,14,RABUN,0.18,2/27/2024 9:50,2/27/2024 13:43,Price Code 1,CUSTOMER PICKUP,False,Rabun Warehouse,02,30525.0,Clayton,USDA MIXED VegetablesCCC,Dry Dry Dry Dry Vegetables
658,180096,3114,W-130,Wolf Creek Baptist Church,482704,,FP/GNAP/USDA,FOOD PANTRY-Agency,GNAP,N-40-10171,2,0,0,0.0,18,RABUN,0.0,5/7/2024 8:15,5/7/2024 9:11,Price Code 1,CUSTOMER PICKUP,False,Rabun Warehouse,02,30576.0,Tiger,GNAP CHEESY TUNA DINNER POUCH,Dry Dry Dry Dry Prepared Meals
658,173119,2856,W-130,Wolf Creek Baptist Church,476749,,FP/GNAP/USDA,FOOD PANTRY-Agency,GNAP,N-40-10206,2,0,0,7.2,40,RABUN,0.18,1/19/2024 12:29,1/19/2024 8:34,Price Code 1,CUSTOMER PICKUP,False,Rabun Warehouse,02,30576.0,Tiger,GNAP CHICKEN NOODLE SOUP,Dry Dry Dry Dry Prepared Meals
658,180492,9042,W-130,Wolf Creek Baptist Church,483098,,FP/GNAP/USDA,FOOD PANTRY-Agency,GNAP,F-40-90059,1,0,0,0.0,24,RABUN,0.0,5/13/2024 8:00,5/13/2024 7:13,Price Code 1,CUSTOMER PICKUP,False,Rabun Warehouse,02,30576.0,Tiger,GNAP GROUND TURKEY CHUB 85/15,Frozen Frozen Frozen Frozen Proteins
975,173978,5388,P-128,Place of Hope NGA,477607,,ON PREMISES (OP),FOOD PANTRY-Agency,BLUE RECEIPT-SHL,F-16-10001,9,0,0,1.62,9,RABUN,0.18,2/1/2024 11:20,2/1/2024 11:21,Price Code 1,CUSTOMER PICKUP,False,Sharing Floor Rabun,02-SH,30525.0,Clayton,"ASSORTED FROZEN FOODS, SHL",Frozen Frozen Frozen Frozen Food Misc.
905,177059,170,R-127,Rabun Christian Food Ministry,479681,,FP/USDA,FOOD PANTRY-Agency,USDA,N-50-10007,12,0,0,60.48,336,RABUN,0.18,3/14/2024 11:38,3/18/2024 7:22,Price Code 1,CUSTOMER PICKUP,False,Rabun Warehouse,02,30525.0,Clayton,"USDA CORN, WHOLE KERNEL NO SALT",Dry Dry Dry Dry Vegetables
824,172532,5388,R-124,Rabun Gap Presbyterian Church,476163,,FP/USDA,MOBILE PANTRY-Agency,BLUE RECEIPT-SHL,F-16-10001,1000,0,0,0.0,1000,RABUN,0.0,1/4/2024 8:57,1/4/2024 9:56,Price Code 1,CUSTOMER PICKUP,False,Sharing Floor Rabun,02-SH,30568.0,Rabun Gap,"ASSORTED FROZEN FOODS, SHL",Frozen Frozen Frozen Frozen Food Misc.
602,176389,1791,10-NGAR,Food Bank of Northeast Georgia Rabun,479014,,FOOD BANK,EMERGENCY-Agency,USDA,N-50-10079,13,0,0,0.0,338,RABUN,0.0,2/29/2024 8:55,2/29/2024 7:08,Price Code 1,CUSTOMER PICKUP,False,Rabun Warehouse,02,30525.0,Clayton,USDA WALNUT HALVES AND PIECES,Dry Dry Dry Dry Proteins
577,177145,696,S-133,Sharing and Caring - Clayton,479766,,FP/GNAP/USDA,FOOD PANTRY-Agency,LOCAL - LL,W-25-10000,23,0,0,4.14,23,RABUN,0.18,3/12/2024 13:00,3/12/2024 13:24,Price Code 1,CUSTOMER PICKUP,False,Sharing Floor Rabun,02-SH,30525.0,Clayton,"ASSORTED SNACK ITEMS, LL",Dry Dry Dry Dry Food Misc.
602,173845,7059,10-NGAR,Food Bank of Northeast Georgia Rabun,477474,,FOOD BANK,EMERGENCY-Agency,USDA,C-50-10019,90,0,0,0.0,3240,RABUN,0.0,1/30/2024 8:55,1/30/2024 13:41,Price Code 1,CUSTOMER PICKUP,False,Rabun Warehouse,02,30525.0,Clayton,USDA 2% MILK CCC,Cooled Cooled Cooled Cooled Dairy
824,180522,5388,R-124,Rabun Gap Presbyterian Church,483128,,FP/USDA,MOBILE PANTRY-Agency,BLUE RECEIPT-SHL,F-16-10001,2000,0,0,0.0,2000,RABUN,0.0,5/9/2024 8:57,5/9/2024 9:57,Price Code 1,CUSTOMER PICKUP,False,Sharing Floor Rabun,02-SH,30568.0,Rabun Gap,"ASSORTED FROZEN FOODS, SHL",Frozen Frozen Frozen Frozen Food Misc.
602,182609,1674,10-NGAR,Food Bank of Northeast Georgia Rabun,485212,,FOOD BANK,EMERGENCY-Agency,USDA,N-50-10073,13,0,0,0.0,351,RABUN,0.0,6/28/2024 8:55,6/28/2024 7:25,Price Code 1,CUSTOMER PICKUP,False,Rabun Warehouse,02,30525.0,Clayton,USDA TOMATO SAUCE,Dry Dry Dry Dry Vegetables
824,177064,1791,R-124,Rabun Gap Presbyterian Church,479686,,FP/USDA,MOBILE PANTRY-Agency,USDA,N-50-10079,72,0,0,0.0,1872,RABUN,0.0,3/15/2024 8:57,3/18/2024 11:03,Price Code 1,CUSTOMER PICKUP,False,Rabun Warehouse,02,30568.0,Rabun Gap,USDA WALNUT HALVES AND PIECES,Dry Dry Dry Dry Proteins
577,182207,9043,S-133,Sharing and Caring - Clayton,484811,,FP/GNAP/USDA,FOOD PANTRY-Agency,GNAP,N-40-10277,1,0,0,0.0,8,RABUN,0.0,6/21/2024 13:00,6/21/2024 9:13,Price Code 1,CUSTOMER PICKUP,False,Rabun Warehouse,02,30525.0,Clayton,GNAP DELUXE SHELLS & CHEESE,Dry Dry Dry Dry Prepared Meals
577,178056,8995,S-133,Sharing and Caring - Clayton,480675,,FP/GNAP/USDA,FOOD PANTRY-Agency,BLUE RECEIPT-SHL,N-21-10067,1,0,0,0.9,5,RABUN,0.18,4/2/2024 9:50,4/2/2024 13:35,Price Code 1,CUSTOMER PICKUP,False,Rabun Warehouse,02,30525.0,Clayton,"RAMEN, MARUCHAN SHRIMP",Dry Dry Dry Dry Prepared Meals
919,180451,8970,F-132,Fight Abuse in the Home (FAITH),FAIMPORT483057,,ON PREMISES (OP),SHELTER-Agency,BLUE RECEIPT-SHL,MCW-16-10001,29,0,0,0.0,29,RABUN,0.0,5/6/2024 0:00,5/6/2024 0:00,Price Code 1,CUSTOMER PICKUP,False,Food Bank of Northeast Georgia,01,30525.0,Clayton,"MISC. FOOD BOX, SHL RETAIL PICKUP",Dry Dry Dry Dry Food Misc.
773,175849,683,P-122,Persimmon Baptist Church,478477,,FOOD PANTRY,FOOD PANTRY-Agency,BLUE RECEIPT-SHL,W-16-10001,93,0,0,16.74,93,RABUN,0.18,2/20/2024 11:44,2/20/2024 8:15,Price Code 1,CUSTOMER PICKUP,False,Sharing Floor Rabun,02-SH,30525.0,Clayton,MISC. FOOD BOX SHL,Dry Dry Dry Dry Food Misc.
824,173336,2960,R-124,Rabun Gap Presbyterian Church,476965,,FP/USDA,MOBILE PANTRY-Agency,USDA,N-50-10247,40,0,0,0.0,1440,RABUN,0.0,2/16/2024 8:57,2/20/2024 15:52,Price Code 1,CUSTOMER PICKUP,False,Rabun Warehouse,02,30568.0,Rabun Gap,USDA BEEF STEW POUCHES CCC,Dry Dry Dry Dry Prepared Meals
602,182057,8783,10-NGAR,Food Bank of Northeast Georgia Rabun,484661,,FOOD BANK,EMERGENCY-Agency,USDA,N-50-10308,6,0,0,0.0,138,RABUN,0.0,6/10/2024 8:55,6/10/2024 7:40,Price Code 1,CUSTOMER PICKUP,False,Rabun Warehouse,02,30525.0,Clayton,USDA RAISINS,Dry Dry Dry Dry Fruits
824,173135,7059,R-124,Rabun Gap Presbyterian Church,476765,,FP/USDA,MOBILE PANTRY-Agency,USDA,C-50-10019,90,0,0,0.0,3240,RABUN,0.0,1/19/2024 8:57,1/22/2024 13:02,Price Code 1,CUSTOMER PICKUP,False,Rabun Warehouse,02,30568.0,Rabun Gap,USDA 2% MILK CCC,Cooled Cooled Cooled Cooled Dairy
824,179084,8783,R-124,Rabun Gap Presbyterian Church,481698,,FP/USDA,MOBILE PANTRY-Agency,USDA,N-50-10308,80,0,0,0.0,1840,RABUN,0.0,4/17/2024 8:57,4/22/2024 8:49,Price Code 1,CUSTOMER PICKUP,False,Rabun Warehouse,02,30568.0,Rabun Gap,USDA RAISINS,Dry Dry Dry Dry Fruits
577,173483,683,S-133,Sharing and Caring - Clayton,477112,,FP/GNAP/USDA,FOOD PANTRY-Agency,BLUE RECEIPT-SHL,W-16-10001,85,0,0,15.3,85,RABUN,0.18,1/23/2024 9:50,1/23/2024 13:28,Price Code 1,CUSTOMER PICKUP,False,Sharing Floor Rabun,02-SH,30525.0,Clayton,MISC. FOOD BOX SHL,Dry Dry Dry Dry Food Misc.
824,177996,1521,R-124,Rabun Gap Presbyterian Church,480615,,FP/USDA,MOBILE PANTRY-Agency,USDA,N-50-10104,1,0,0,0.0,25,RABUN,0.0,3/31/2024 8:57,3/31/2024 21:27,Price Code 1,CUSTOMER PICKUP,False,Rabun Warehouse,02,30568.0,Rabun Gap,USDA LENTIL BEANS,Dry Dry Dry Dry Proteins
602,179920,2202,10-NGAR,Food Bank of Northeast Georgia Rabun,482531,,FOOD BANK,EMERGENCY-Agency,USDA,N-50-10240,15,0,0,0.0,330,RABUN,0.0,5/1/2024 8:55,5/1/2024 7:09,Price Code 1,CUSTOMER PICKUP,False,Rabun Warehouse,02,30525.0,Clayton,USDA SPAGHETTI,Dry Dry Dry Dry Grains
824,177300,5938,R-124,Rabun Gap Presbyterian Church,479920,,FP/USDA,MOBILE PANTRY-Agency,BLUE RECEIPT-SHL,C-28-10001,4000,0,0,0.0,4000,RABUN,0.0,3/14/2024 8:57,3/14/2024 10:12,Price Code 1,CUSTOMER PICKUP,False,Sharing Floor Rabun,02-SH,30568.0,Rabun Gap,"PRODUCE, FRESH SHL",Cooled Cooled Cooled Cooled Mixed Produce
919,181705,8986,F-132,Fight Abuse in the Home (FAITH),FAIMPORT484309,,ON PREMISES (OP),SHELTER-Agency,BLUE RECEIPT-SHL,MCW-01-10001,27,0,0,0.0,27,RABUN,0.0,5/30/2024 0:00,5/30/2024 0:00,Price Code 1,CUSTOMER PICKUP,False,Food Bank of Northeast Georgia,01,30525.0,Clayton,"NON-FOOD ITEMS, SHL RETAIL PICKUPS",Dry Dry Dry Dry Non-Food Misc.
364,175859,683,M-110,Mountain Grove Baptist Church,478487,,FOOD PANTRY,FOOD PANTRY-Agency,BLUE RECEIPT-SHL,W-16-10001,88,0,0,15.84,88,RABUN,0.18,2/20/2024 13:32,2/20/2024 9:30,Price Code 1,CUSTOMER PICKUP,False,Sharing Floor Rabun,02-SH,30525.0,Clayton,MISC. FOOD BOX SHL,Dry Dry Dry Dry Food Misc.
364,178585,683,M-110,Mountain Grove Baptist Church,481201,,FOOD PANTRY,FOOD PANTRY-Agency,BLUE RECEIPT-SHL,W-16-10001,47,0,0,8.46,47,RABUN,0.18,4/9/2024 13:32,4/9/2024 9:24,Price Code 1,CUSTOMER PICKUP,False,Sharing Floor Rabun,02-SH,30525.0,Clayton,MISC. FOOD BOX SHL,Dry Dry Dry Dry Food Misc.
919,181518,8973,F-132,Fight Abuse in the Home (FAITH),FAIMPORT484122,,ON PREMISES (OP),SHELTER-Agency,BLUE RECEIPT-SHL,MCC-16-10001,8,0,0,0.0,8,RABUN,0.0,5/28/2024 0:00,5/28/2024 0:00,Price Code 1,CUSTOMER PICKUP,False,Food Bank of Northeast Georgia,01,30525.0,Clayton,"COOLER FOOD MISC., SHL RETAIL PICKUP",Dry Dry Dry Dry Food Misc.
602,181496,6676,10-NGAR,Food Bank of Northeast Georgia Rabun,484100,,FOOD BANK,EMERGENCY-Agency,USDA,C-50-10009,49,0,0,0.0,2205,RABUN,0.0,5/29/2024 8:55,5/29/2024 8:59,Price Code 1,CUSTOMER PICKUP,False,Rabun Warehouse,02,30525.0,Clayton,"USDA APPLES, FRESH",Cooled Cooled Cooled Cooled Fruits
824,182066,3712,R-124,Rabun Gap Presbyterian Church,484670,,FP/USDA,MOBILE PANTRY-Agency,USDA,N-50-10266,85,0,0,0.0,2295,RABUN,0.0,6/14/2024 8:57,6/20/2024 15:30,Price Code 1,CUSTOMER PICKUP,False,Rabun Warehouse,02,30568.0,Rabun Gap,USDA CANNED PINTO BEANS,Dry Dry Dry Dry Proteins
905,180676,8690,R-127,Rabun Christian Food Ministry,483282,,FP/USDA,FOOD PANTRY-Agency,USDA,N-50-10302,13,0,0,32.76,182,RABUN,0.18,5/15/2024 8:00,5/20/2024 10:42,Price Code 1,CUSTOMER PICKUP,False,Rabun Warehouse,02,30525.0,Clayton,USDA GREEN BEANS CCC,Dry Dry Dry Dry Vegetables
602,181176,1521,10-NGAR,Food Bank of Northeast Georgia Rabun,483781,,FOOD BANK,EMERGENCY-Agency,USDA,N-50-10104,13,0,0,0.0,325,RABUN,0.0,5/22/2024 8:55,5/22/2024 8:28,Price Code 1,CUSTOMER PICKUP,False,Rabun Warehouse,02,30525.0,Clayton,USDA LENTIL BEANS,Dry Dry Dry Dry Proteins
824,180711,8997,R-124,Rabun Gap Presbyterian Church,483317,,FP/USDA,MOBILE PANTRY-Agency,USDA,N-50-10312,126,0,0,0.0,1512,RABUN,0.0,5/17/2024 8:57,5/17/2024 7:19,Price Code 1,CUSTOMER PICKUP,False,Rabun Warehouse,02,30568.0,Rabun Gap,USDA CHILI W/ BEANS CCC,Dry Dry Dry Dry Prepared Meals
602,176682,170,10-NGAR,Food Bank of Northeast Georgia Rabun,479305,,FOOD BANK,EMERGENCY-Agency,USDA,N-50-10007,13,0,0,0.0,364,RABUN,0.0,3/5/2024 8:55,3/5/2024 10:31,Price Code 1,CUSTOMER PICKUP,False,Rabun Warehouse,02,30525.0,Clayton,"USDA CORN, WHOLE KERNEL NO SALT",Dry Dry Dry Dry Vegetables
919,178406,8970,F-132,Fight Abuse in the Home (FAITH),FAIMPORT481022,,ON PREMISES (OP),SHELTER-Agency,BLUE RECEIPT-SHL,MCW-16-10001,31,0,0,0.0,31,RABUN,0.0,4/4/2024 0:00,4/4/2024 0:00,Price Code 1,CUSTOMER PICKUP,False,Food Bank of Northeast Georgia,01,30525.0,Clayton,"MISC. FOOD BOX, SHL RETAIL PICKUP",Dry Dry Dry Dry Food Misc.
602,178818,1674,10-NGAR,Food Bank of Northeast Georgia Rabun,481432,,FOOD BANK,EMERGENCY-Agency,USDA,N-50-10073,13,0,0,0.0,351,RABUN,0.0,4/11/2024 8:55,4/11/2024 12:47,Price Code 1,CUSTOMER PICKUP,False,Rabun Warehouse,02,30525.0,Clayton,USDA TOMATO SAUCE,Dry Dry Dry Dry Vegetables
346,173681,4327,F-114,Flat Creek Baptist Church,477310,,FP/GNAP/USDA,FOOD PANTRY-Agency,USDA,N-50-10277,1,0,0,4.86,27,RABUN,0.18,1/29/2024 12:44,1/29/2024 10:17,Price Code 1,CUSTOMER PICKUP,False,Rabun Warehouse,02,30552.0,Lakemont,USDA GARBANZO BEANS,Dry Dry Dry Dry Proteins
602,182609,84,10-NGAR,Food Bank of Northeast Georgia Rabun,485212,,FOOD BANK,EMERGENCY-Agency,USDA,N-50-10006,13,0,0,0.0,351,RABUN,0.0,6/28/2024 8:55,6/28/2024 7:25,Price Code 1,CUSTOMER PICKUP,False,Rabun Warehouse,02,30525.0,Clayton,USDA GREEN BEANS,Dry Dry Dry Dry Vegetables
658,180096,3217,W-130,Wolf Creek Baptist Church,482704,,FP/GNAP/USDA,FOOD PANTRY-Agency,GNAP,N-40-10222,2,0,0,0.0,20,RABUN,0.0,5/7/2024 8:15,5/7/2024 9:11,Price Code 1,CUSTOMER PICKUP,False,Rabun Warehouse,02,30576.0,Tiger,GNAP BEEF PASTA DINNER POUCH,Dry Dry Dry Dry Prepared Meals
346,182467,3139,F-114,Flat Creek Baptist Church,485071,,FP/GNAP/USDA,FOOD PANTRY-Agency,USDA,N-50-10290,3,0,0,13.5,75,RABUN,0.18,6/26/2024 14:00,6/26/2024 13:46,Price Code 1,CUSTOMER PICKUP,False,Rabun Warehouse,02,30552.0,Lakemont,USDA WHOLE ALMONDS DRY ROASTED,Dry Dry Dry Dry Proteins
731,176607,690,F-138,Freedom Ministries Lighthouse,479231,,ON PREMISES (OP),REHAB-Agency,BLUE RECEIPT-SHL,W-03-10013,150,0,0,4.5,150,RABUN,0.03,3/4/2024 10:11,3/4/2024 10:44,Price Code 1,CUSTOMER PICKUP,False,Sharing Floor Rabun,02-SH,30552.0,Lakemont,"ASSORTED BEVERAGES, SHL",Dry Dry Dry Dry Beverages
773,176590,5388,P-122,Persimmon Baptist Church,479214,,FOOD PANTRY,FOOD PANTRY-Agency,BLUE RECEIPT-SHL,F-16-10001,48,0,0,8.64,48,RABUN,0.18,3/4/2024 11:44,3/4/2024 8:29,Price Code 1,CUSTOMER PICKUP,False,Sharing Floor Rabun,02-SH,30525.0,Clayton,"ASSORTED FROZEN FOODS, SHL",Frozen Frozen Frozen Frozen Food Misc.
577,173843,690,S-133,Sharing and Caring - Clayton,477472,,FP/GNAP/USDA,FOOD PANTRY-Agency,BLUE RECEIPT-SHL,W-03-10013,38,0,0,1.14,38,RABUN,0.03,1/30/2024 9:50,1/30/2024 13:30,Price Code 1,CUSTOMER PICKUP,False,Sharing Floor Rabun,02-SH,30525.0,Clayton,"ASSORTED BEVERAGES, SHL",Dry Dry Dry Dry Beverages
602,181494,170,10-NGAR,Food Bank of Northeast Georgia Rabun,484098,,FOOD BANK,EMERGENCY-Agency,USDA,N-50-10007,4,0,0,0.0,112,RABUN,0.0,5/29/2024 8:55,5/29/2024 8:45,Price Code 1,CUSTOMER PICKUP,False,Rabun Warehouse,02,30525.0,Clayton,"USDA CORN, WHOLE KERNEL NO SALT",Dry Dry Dry Dry Vegetables
919,179472,8975,F-132,Fight Abuse in the Home (FAITH),FAIMPORT482085,,ON PREMISES (OP),SHELTER-Agency,BLUE RECEIPT-SHL,MCC-07-10001,205,0,0,0.0,205,RABUN,0.0,4/22/2024 0:00,4/22/2024 0:00,Price Code 1,CUSTOMER PICKUP,False,Food Bank of Northeast Georgia,01,30525.0,Clayton,"DAIRY PRODUCTS, SHL RETAIL PICKUPS",Dry Dry Dry Dry Dairy
346,173757,1045,F-114,Flat Creek Baptist Church,477386,,FP/GNAP/USDA,FOOD PANTRY-Agency,BLUE RECEIPT-SHL,W-25-10009,23,0,0,4.14,23,RABUN,0.18,1/29/2024 12:44,1/29/2024 10:27,Price Code 1,CUSTOMER PICKUP,False,Sharing Floor Rabun,02-SH,30552.0,Lakemont,"ASSORTED SNACK ITEMS, SHL",Dry Dry Dry Dry Food Misc.
602,180071,1354,10-NGAR,Food Bank of Northeast Georgia Rabun,482679,,FOOD BANK,EMERGENCY-Agency,GNAP,N-40-10096,47,0,0,0.0,893,RABUN,0.0,5/2/2024 8:55,5/2/2024 11:07,Price Code 1,CUSTOMER PICKUP,False,Rabun Warehouse,02,30525.0,Clayton,GNAP VEGETABLE SOUP,Dry Dry Dry Dry Prepared Meals
731,182337,683,F-138,Freedom Ministries Lighthouse,484941,,ON PREMISES (OP),REHAB-Agency,BLUE RECEIPT-SHL,W-16-10001,215,0,0,38.7,215,RABUN,0.18,6/18/2024 10:11,6/18/2024 13:33,Price Code 1,CUSTOMER PICKUP,False,Sharing Floor Rabun,02-SH,30552.0,Lakemont,MISC. FOOD BOX SHL,Dry Dry Dry Dry Food Misc.
602,177706,8943,10-NGAR,Food Bank of Northeast Georgia Rabun,480326,,FOOD BANK,EMERGENCY-Agency,BLUE RECEIPT-SHL,C-28-90534,50,0,0,0.0,2100,RABUN,0.0,3/21/2024 8:55,3/21/2024 9:45,Price Code 1,CUSTOMER PICKUP,False,Rabun Warehouse,02,30525.0,Clayton,"SWEET POTATO, SHL",Cooled Cooled Cooled Cooled Potatoes
577,176935,3943,S-133,Sharing and Caring - Clayton,479557,,FP/GNAP/USDA,FOOD PANTRY-Agency,USDA,N-50-10268,1,0,0,1.14,38,RABUN,0.03,3/12/2024 9:50,3/12/2024 13:08,Price Code 1,CUSTOMER PICKUP,False,Rabun Warehouse,02,30525.0,Clayton,USDA APPLE JUICE,Dry Dry Dry Dry Beverages
577,178611,9014,S-133,Sharing and Caring - Clayton,481227,,FP/GNAP/USDA,FOOD PANTRY-Agency,PURCH,N-27-10136,2,0,104,9.72,54,RABUN,0.18,4/9/2024 9:50,4/9/2024 13:22,Price Code 1,CUSTOMER PICKUP,False,Sharing Floor Rabun,02-SH,30525.0,Clayton,"GREEN BEANS, HARVEST VALLEY",Dry Dry Dry Dry Vegetables
975,179089,9014,P-128,Place of Hope NGA,481703,,ON PREMISES (OP),FOOD PANTRY-Agency,PURCH,N-27-10136,2,0,104,9.72,54,RABUN,0.18,4/17/2024 9:17,4/17/2024 9:19,Price Code 1,CUSTOMER PICKUP,False,Sharing Floor Rabun,02-SH,30525.0,Clayton,"GREEN BEANS, HARVEST VALLEY",Dry Dry Dry Dry Vegetables
310,181986,1045,C-121,Rabun County Family Connection,484590,,FP/OP/GNAP/USDA,COMMUNITY ACTION PROGRAM-Agency,BLUE RECEIPT-SHL,W-25-10009,76,0,0,13.68,76,RABUN,0.18,6/6/2024 16:09,6/6/2024 14:05,Price Code 1,CUSTOMER PICKUP,False,Sharing Floor Rabun,02-SH,30525.0,Clayton,"ASSORTED SNACK ITEMS, SHL",Dry Dry Dry Dry Food Misc.
577,173316,4788,S-133,Sharing and Caring - Clayton,476945,,FP/GNAP/USDA,FOOD PANTRY-Agency,USDA,F-50-90039,2,0,0,14.4,80,RABUN,0.18,1/23/2024 9:50,1/23/2024 13:19,Price Code 1,CUSTOMER PICKUP,False,Rabun Warehouse,02,30525.0,Clayton,USDA CATFISH FILLETS CCC,Frozen Frozen Frozen Frozen Proteins
577,182207,8997,S-133,Sharing and Caring - Clayton,484811,,FP/GNAP/USDA,FOOD PANTRY-Agency,USDA,N-50-10312,1,0,0,2.16,12,RABUN,0.18,6/21/2024 13:00,6/21/2024 9:13,Price Code 1,CUSTOMER PICKUP,False,Rabun Warehouse,02,30525.0,Clayton,USDA CHILI W/ BEANS CCC,Dry Dry Dry Dry Prepared Meals
602,172908,170,10-NGAR,Food Bank of Northeast Georgia Rabun,476539,,FOOD BANK,EMERGENCY-Agency,USDA,N-50-10007,13,0,0,0.0,364,RABUN,0.0,1/11/2024 8:55,1/11/2024 8:10,Price Code 1,CUSTOMER PICKUP,False,Rabun Warehouse,02,30525.0,Clayton,"USDA CORN, WHOLE KERNEL NO SALT",Dry Dry Dry Dry Vegetables
364,179855,5388,M-110,Mountain Grove Baptist Church,482466,,FOOD PANTRY,FOOD PANTRY-Agency,BLUE RECEIPT-SHL,F-16-10001,93,0,0,16.74,93,RABUN,0.18,4/30/2024 13:32,4/30/2024 9:33,Price Code 1,CUSTOMER PICKUP,False,Sharing Floor Rabun,02-SH,30525.0,Clayton,"ASSORTED FROZEN FOODS, SHL",Frozen Frozen Frozen Frozen Food Misc.
773,180413,5407,P-122,Persimmon Baptist Church,483019,,FOOD PANTRY,FOOD PANTRY-Agency,BLUE RECEIPT-SHL,F-15-10000,24,0,0,4.32,24,RABUN,0.18,5/8/2024 11:44,5/8/2024 10:11,Price Code 1,CUSTOMER PICKUP,False,Sharing Floor Athens,01-SH,30525.0,Clayton,"MEAT & SEAFOOD, FROZEN SHL",Frozen Frozen Frozen Frozen Proteins
577,178056,5388,S-133,Sharing and Caring - Clayton,480675,,FP/GNAP/USDA,FOOD PANTRY-Agency,BLUE RECEIPT-SHL,F-16-10001,45,0,0,8.1,45,RABUN,0.18,4/2/2024 9:50,4/2/2024 13:35,Price Code 1,CUSTOMER PICKUP,False,Rabun Warehouse,02,30525.0,Clayton,"ASSORTED FROZEN FOODS, SHL",Frozen Frozen Frozen Frozen Food Misc.
731,172459,5388,F-138,Freedom Ministries Lighthouse,476090,,ON PREMISES (OP),REHAB-Agency,BLUE RECEIPT-SHL,F-16-10001,89,0,0,16.02,89,RABUN,0.18,1/3/2024 10:11,1/3/2024 9:38,Price Code 1,CUSTOMER PICKUP,False,Sharing Floor Rabun,02-SH,30552.0,Lakemont,"ASSORTED FROZEN FOODS, SHL",Frozen Frozen Frozen Frozen Food Misc.
919,178168,8975,F-132,Fight Abuse in the Home (FAITH),FAIMPORT480787,,ON PREMISES (OP),SHELTER-Agency,BLUE RECEIPT-SHL,MCC-07-10001,26,0,0,0.0,26,RABUN,0.0,4/1/2024 0:00,4/1/2024 0:00,Price Code 1,CUSTOMER PICKUP,False,Food Bank of Northeast Georgia,01,30525.0,Clayton,"DAIRY PRODUCTS, SHL RETAIL PICKUPS",Dry Dry Dry Dry Dairy
346,182467,7083,F-114,Flat Creek Baptist Church,485071,,FP/GNAP/USDA,FOOD PANTRY-Agency,USDA,C-50-10029,4,0,0,8.64,48,RABUN,0.18,6/26/2024 14:00,6/26/2024 13:46,Price Code 1,CUSTOMER PICKUP,False,Rabun Warehouse,02,30552.0,Lakemont,"USDA MILD CHEDDAR CHEESE, BLOCK CCC",Cooled Cooled Cooled Cooled Dairy
919,181277,8973,F-132,Fight Abuse in the Home (FAITH),FAIMPORT483882,,ON PREMISES (OP),SHELTER-Agency,BLUE RECEIPT-SHL,MCC-16-10001,16,0,0,0.0,16,RABUN,0.0,5/16/2024 0:00,5/16/2024 0:00,Price Code 1,CUSTOMER PICKUP,False,Food Bank of Northeast Georgia,01,30525.0,Clayton,"COOLER FOOD MISC., SHL RETAIL PICKUP",Dry Dry Dry Dry Food Misc.
905,173910,84,R-127,Rabun Christian Food Ministry,477539,,FP/USDA,FOOD PANTRY-Agency,USDA,N-50-10006,12,0,0,58.32,324,RABUN,0.18,2/16/2024 11:38,2/20/2024 10:48,Price Code 1,CUSTOMER PICKUP,False,Rabun Warehouse,02,30525.0,Clayton,USDA GREEN BEANS,Dry Dry Dry Dry Vegetables
602,179849,8497,10-NGAR,Food Bank of Northeast Georgia Rabun,482460,,FOOD BANK,EMERGENCY-Agency,USDA,C-50-10048,3,0,0,0.0,96,RABUN,0.0,4/30/2024 8:55,4/30/2024 8:43,Price Code 1,CUSTOMER PICKUP,False,Rabun Warehouse,02,30525.0,Clayton,USDA MANDARIN ORANGES,Cooled Cooled Cooled Cooled Fruits
602,172994,8903,10-NGAR,Food Bank of Northeast Georgia Rabun,476624,,FOOD BANK,EMERGENCY-Agency,YELLOW RECEIPT - SHN,N-16-10181,64,0,0,0.0,320,RABUN,0.0,1/12/2024 8:55,1/12/2024 9:58,Price Code 1,CUSTOMER PICKUP,False,Rabun Warehouse,02,30525.0,Clayton,STOVE TOP STUFFING - TURKEY/CHICKEN/CORNBREAD,Dry Dry Dry Dry Prepared Meals
919,179183,8972,F-132,Fight Abuse in the Home (FAITH),FAIMPORT481796,,ON PREMISES (OP),SHELTER-Agency,BLUE RECEIPT-SHL,MCF-15-10000,22,0,0,0.0,22,RABUN,0.0,4/15/2024 0:00,4/15/2024 0:00,Price Code 1,CUSTOMER PICKUP,False,Food Bank of Northeast Georgia,01,30525.0,Clayton,"FROZEN MEAT & SEAFOOD, SHL RETAIL PICKUP",Dry Dry Dry Dry Proteins
731,178973,690,F-138,Freedom Ministries Lighthouse,481587,,ON PREMISES (OP),REHAB-Agency,BLUE RECEIPT-SHL,W-03-10013,134,0,0,4.02,134,RABUN,0.03,4/15/2024 10:11,4/15/2024 11:52,Price Code 1,CUSTOMER PICKUP,False,Sharing Floor Rabun,02-SH,30552.0,Lakemont,"ASSORTED BEVERAGES, SHL",Dry Dry Dry Dry Beverages
919,177844,8986,F-132,Fight Abuse in the Home (FAITH),FAIMPORT480463,,ON PREMISES (OP),SHELTER-Agency,BLUE RECEIPT-SHL,MCW-01-10001,35,0,0,0.0,35,RABUN,0.0,3/25/2024 0:00,3/25/2024 0:00,Price Code 1,CUSTOMER PICKUP,False,Food Bank of Northeast Georgia,01,30525.0,Clayton,"NON-FOOD ITEMS, SHL RETAIL PICKUPS",Dry Dry Dry Dry Non-Food Misc.
731,178593,688,F-138,Freedom Ministries Lighthouse,481209,,ON PREMISES (OP),REHAB-Agency,BLUE RECEIPT-SHL,W-01-10000,66,0,0,11.88,66,RABUN,0.18,4/9/2024 10:11,4/9/2024 11:10,Price Code 1,CUSTOMER PICKUP,False,Sharing Floor Rabun,02-SH,30552.0,Lakemont,"ASSORTED NON-FOOD ITEMS, SHL",Dry Dry Dry Dry Non-Food Misc.
824,173605,875,R-124,Rabun Gap Presbyterian Church,477234,,FP/USDA,MOBILE PANTRY-Agency,BLUE RECEIPT-SHL,W-04-10000,500,0,0,0.0,500,RABUN,0.0,1/25/2024 8:57,1/25/2024 10:19,Price Code 1,CUSTOMER PICKUP,False,Sharing Floor Rabun,02-SH,30568.0,Rabun Gap,"BREAD & BAKERY, ASSORTED SHL",Dry Dry Dry Dry Grains
919,177573,8971,F-132,Fight Abuse in the Home (FAITH),FAIMPORT480193,,ON PREMISES (OP),SHELTER-Agency,BLUE RECEIPT-SHL,MCF-16-10001,25,0,0,0.0,25,RABUN,0.0,3/18/2024 0:00,3/18/2024 0:00,Price Code 1,CUSTOMER PICKUP,False,Food Bank of Northeast Georgia,01,30525.0,Clayton,"FROZEN FOODS, MISC SHL RETAIL PICKUP",Dry Dry Dry Dry Food Misc.
577,176505,8906,S-133,Sharing and Caring - Clayton,479129,,FP/GNAP/USDA,FOOD PANTRY-Agency,GNAP,N-40-10266,2,0,0,0.0,40,RABUN,0.0,3/5/2024 9:50,3/5/2024 14:50,Price Code 1,CUSTOMER PICKUP,False,Rabun Warehouse,02,30525.0,Clayton,GNAP SPAGHETTI,Dry Dry Dry Dry Grains
658,182238,875,W-130,Wolf Creek Baptist Church,484842,,FP/GNAP/USDA,FOOD PANTRY-Agency,BLUE RECEIPT-SHL,W-04-10000,33,0,0,0.0,33,RABUN,0.0,6/14/2024 16:14,6/14/2024 14:03,Price Code 1,CUSTOMER PICKUP,False,Sharing Floor Rabun,02-SH,30576.0,Tiger,"BREAD & BAKERY, ASSORTED SHL",Dry Dry Dry Dry Grains
824,173336,6477,R-124,Rabun Gap Presbyterian Church,476965,,FP/USDA,MOBILE PANTRY-Agency,LOCAL - LL,C-28-90151,1500,0,0,0.0,1500,RABUN,0.0,2/16/2024 8:57,2/20/2024 15:52,Price Code 1,CUSTOMER PICKUP,False,Rabun Warehouse,02,30568.0,Rabun Gap,GNAP WATERMELONS,Cooled Cooled Cooled Cooled Fruits
731,181126,5388,F-138,Freedom Ministries Lighthouse,483731,,ON PREMISES (OP),REHAB-Agency,BLUE RECEIPT-SHL,F-16-10001,43,0,0,7.74,43,RABUN,0.18,5/21/2024 10:11,5/21/2024 10:52,Price Code 1,CUSTOMER PICKUP,False,Sharing Floor Rabun,02-SH,30552.0,Lakemont,"ASSORTED FROZEN FOODS, SHL",Frozen Frozen Frozen Frozen Food Misc.
577,175576,5388,S-133,Sharing and Caring - Clayton,478204,,FP/GNAP/USDA,FOOD PANTRY-Agency,BLUE RECEIPT-SHL,F-16-10001,23,0,0,4.14,23,RABUN,0.18,2/13/2024 9:50,2/13/2024 13:30,Price Code 1,CUSTOMER PICKUP,False,Sharing Floor Rabun,02-SH,30525.0,Clayton,"ASSORTED FROZEN FOODS, SHL",Frozen Frozen Frozen Frozen Food Misc.
773,172689,5388,P-122,Persimmon Baptist Church,476320,,FOOD PANTRY,FOOD PANTRY-Agency,BLUE RECEIPT-SHL,F-16-10001,45,0,0,8.1,45,RABUN,0.18,1/8/2024 11:44,1/8/2024 8:42,Price Code 1,CUSTOMER PICKUP,False,Sharing Floor Rabun,02-SH,30525.0,Clayton,"ASSORTED FROZEN FOODS, SHL",Frozen Frozen Frozen Frozen Food Misc.
824,177064,4788,R-124,Rabun Gap Presbyterian Church,479686,,FP/USDA,MOBILE PANTRY-Agency,USDA,F-50-90039,40,0,0,0.0,1600,RABUN,0.0,3/15/2024 8:57,3/18/2024 11:03,Price Code 1,CUSTOMER PICKUP,False,Rabun Warehouse,02,30568.0,Rabun Gap,USDA CATFISH FILLETS CCC,Frozen Frozen Frozen Frozen Proteins
602,173090,4555,10-NGAR,Food Bank of Northeast Georgia Rabun,476720,,FOOD BANK,EMERGENCY-Agency,USDA,F-50-90042,12,0,0,0.0,480,RABUN,0.0,1/16/2024 8:55,1/16/2024 7:24,Price Code 1,CUSTOMER PICKUP,False,Rabun Warehouse,02,30525.0,Clayton,USDA CHICKEN DRUMSTICKS CCC,Frozen Frozen Frozen Frozen Proteins
602,180323,4327,10-NGAR,Food Bank of Northeast Georgia Rabun,482929,,FOOD BANK,EMERGENCY-Agency,USDA,N-50-10277,13,0,0,0.0,351,RABUN,0.0,5/7/2024 8:55,5/7/2024 8:21,Price Code 1,CUSTOMER PICKUP,False,Rabun Warehouse,02,30525.0,Clayton,USDA GARBANZO BEANS,Dry Dry Dry Dry Proteins
824,179084,4327,R-124,Rabun Gap Presbyterian Church,481698,,FP/USDA,MOBILE PANTRY-Agency,USDA,N-50-10277,90,0,0,0.0,2430,RABUN,0.0,4/17/2024 8:57,4/22/2024 8:49,Price Code 1,CUSTOMER PICKUP,False,Rabun Warehouse,02,30568.0,Rabun Gap,USDA GARBANZO BEANS,Dry Dry Dry Dry Proteins
919,180963,8971,F-132,Fight Abuse in the Home (FAITH),FAIMPORT483569,,ON PREMISES (OP),SHELTER-Agency,BLUE RECEIPT-SHL,MCF-16-10001,19,0,0,0.0,19,RABUN,0.0,5/15/2024 0:00,5/15/2024 0:00,Price Code 1,CUSTOMER PICKUP,False,Food Bank of Northeast Georgia,01,30525.0,Clayton,"FROZEN FOODS, MISC SHL RETAIL PICKUP",Dry Dry Dry Dry Food Misc.
919,179288,8970,F-132,Fight Abuse in the Home (FAITH),FAIMPORT481901,,ON PREMISES (OP),SHELTER-Agency,BLUE RECEIPT-SHL,MCW-16-10001,93,0,0,0.0,93,RABUN,0.0,4/18/2024 0:00,4/18/2024 0:00,Price Code 1,CUSTOMER PICKUP,False,Food Bank of Northeast Georgia,01,30525.0,Clayton,"MISC. FOOD BOX, SHL RETAIL PICKUP",Dry Dry Dry Dry Food Misc.
824,177705,875,R-124,Rabun Gap Presbyterian Church,480325,,FP/USDA,MOBILE PANTRY-Agency,BLUE RECEIPT-SHL,W-04-10000,5000,0,0,0.0,5000,RABUN,0.0,3/21/2024 8:57,3/21/2024 9:43,Price Code 1,CUSTOMER PICKUP,False,Sharing Floor Rabun,02-SH,30568.0,Rabun Gap,"BREAD & BAKERY, ASSORTED SHL",Dry Dry Dry Dry Grains
824,181961,5388,R-124,Rabun Gap Presbyterian Church,484565,,FP/USDA,MOBILE PANTRY-Agency,BLUE RECEIPT-SHL,F-16-10001,2000,0,0,0.0,2000,RABUN,0.0,6/6/2024 8:57,6/6/2024 9:55,Price Code 1,CUSTOMER PICKUP,False,Sharing Floor Rabun,02-SH,30568.0,Rabun Gap,"ASSORTED FROZEN FOODS, SHL",Frozen Frozen Frozen Frozen Food Misc.
919,179987,8970,F-132,Fight Abuse in the Home (FAITH),FAIMPORT482596,,ON PREMISES (OP),SHELTER-Agency,BLUE RECEIPT-SHL,MCW-16-10001,163,0,0,0.0,163,RABUN,0.0,4/29/2024 0:00,4/29/2024 0:00,Price Code 1,CUSTOMER PICKUP,False,Food Bank of Northeast Georgia,01,30525.0,Clayton,"MISC. FOOD BOX, SHL RETAIL PICKUP",Dry Dry Dry Dry Food Misc.
824,173336,6979,R-124,Rabun Gap Presbyterian Church,476965,,FP/USDA,MOBILE PANTRY-Agency,USDA,C-50-10017,100,0,0,0.0,4000,RABUN,0.0,2/16/2024 8:57,2/20/2024 15:52,Price Code 1,CUSTOMER PICKUP,False,Rabun Warehouse,02,30568.0,Rabun Gap,"USDA 2% MILK, FRESH CCC",Cooled Cooled Cooled Cooled Dairy
824,180711,3203,R-124,Rabun Gap Presbyterian Church,483317,,FP/USDA,MOBILE PANTRY-Agency,USDA,N-50-10289,66,0,0,0.0,1650,RABUN,0.0,5/17/2024 8:57,5/17/2024 7:19,Price Code 1,CUSTOMER PICKUP,False,Rabun Warehouse,02,30568.0,Rabun Gap,USDA PECAN PIECES,Dry Dry Dry Dry Proteins
602,182057,4327,10-NGAR,Food Bank of Northeast Georgia Rabun,484661,,FOOD BANK,EMERGENCY-Agency,USDA,N-50-10277,14,0,0,0.0,378,RABUN,0.0,6/10/2024 8:55,6/10/2024 7:40,Price Code 1,CUSTOMER PICKUP,False,Rabun Warehouse,02,30525.0,Clayton,USDA GARBANZO BEANS,Dry Dry Dry Dry Proteins
919,178881,8970,F-132,Fight Abuse in the Home (FAITH),FAIMPORT481495,,ON PREMISES (OP),SHELTER-Agency,BLUE RECEIPT-SHL,MCW-16-10001,189,0,0,0.0,189,RABUN,0.0,4/11/2024 0:00,4/11/2024 0:00,Price Code 1,CUSTOMER PICKUP,False,Food Bank of Northeast Georgia,01,30525.0,Clayton,"MISC. FOOD BOX, SHL RETAIL PICKUP",Dry Dry Dry Dry Food Misc.
824,182066,3139,R-124,Rabun Gap Presbyterian Church,484670,,FP/USDA,MOBILE PANTRY-Agency,USDA,N-50-10290,60,0,0,0.0,1500,RABUN,0.0,6/14/2024 8:57,6/20/2024 15:30,Price Code 1,CUSTOMER PICKUP,False,Rabun Warehouse,02,30568.0,Rabun Gap,USDA WHOLE ALMONDS DRY ROASTED,Dry Dry Dry Dry Proteins
602,176389,170,10-NGAR,Food Bank of Northeast Georgia Rabun,479014,,FOOD BANK,EMERGENCY-Agency,USDA,N-50-10007,13,0,0,0.0,364,RABUN,0.0,2/29/2024 8:55,2/29/2024 7:08,Price Code 1,CUSTOMER PICKUP,False,Rabun Warehouse,02,30525.0,Clayton,"USDA CORN, WHOLE KERNEL NO SALT",Dry Dry Dry Dry Vegetables
577,180947,683,S-133,Sharing and Caring - Clayton,483553,,FP/GNAP/USDA,FOOD PANTRY-Agency,BLUE RECEIPT-SHL,W-16-10001,109,0,0,19.62,109,RABUN,0.18,5/16/2024 9:50,5/16/2024 13:29,Price Code 1,CUSTOMER PICKUP,False,Sharing Floor Rabun,02-SH,30525.0,Clayton,MISC. FOOD BOX SHL,Dry Dry Dry Dry Food Misc.
577,173004,4555,S-133,Sharing and Caring - Clayton,476634,,FP/GNAP/USDA,FOOD PANTRY-Agency,USDA,F-50-90042,1,0,0,7.2,40,RABUN,0.18,1/16/2024 9:50,1/16/2024 13:11,Price Code 1,CUSTOMER PICKUP,False,Rabun Warehouse,02,30525.0,Clayton,USDA CHICKEN DRUMSTICKS CCC,Frozen Frozen Frozen Frozen Proteins
364,182308,5388,M-110,Mountain Grove Baptist Church,484912,,FOOD PANTRY,FOOD PANTRY-Agency,BLUE RECEIPT-SHL,F-16-10001,131,0,0,23.58,131,RABUN,0.18,6/18/2024 13:32,6/18/2024 9:29,Price Code 1,CUSTOMER PICKUP,False,Sharing Floor Rabun,02-SH,30525.0,Clayton,"ASSORTED FROZEN FOODS, SHL",Frozen Frozen Frozen Frozen Food Misc.
658,180587,5388,W-130,Wolf Creek Baptist Church,483193,,FP/GNAP/USDA,FOOD PANTRY-Agency,BLUE RECEIPT-SHL,F-16-10001,139,0,0,25.02,139,RABUN,0.18,5/10/2024 16:14,5/10/2024 9:35,Price Code 1,CUSTOMER PICKUP,False,Sharing Floor Rabun,02-SH,30576.0,Tiger,"ASSORTED FROZEN FOODS, SHL",Frozen Frozen Frozen Frozen Food Misc.
602,180323,2202,10-NGAR,Food Bank of Northeast Georgia Rabun,482929,,FOOD BANK,EMERGENCY-Agency,USDA,N-50-10240,15,0,0,0.0,330,RABUN,0.0,5/7/2024 8:55,5/7/2024 8:21,Price Code 1,CUSTOMER PICKUP,False,Rabun Warehouse,02,30525.0,Clayton,USDA SPAGHETTI,Dry Dry Dry Dry Grains
905,173910,170,R-127,Rabun Christian Food Ministry,477539,,FP/USDA,FOOD PANTRY-Agency,USDA,N-50-10007,12,0,0,60.48,336,RABUN,0.18,2/16/2024 11:38,2/20/2024 10:48,Price Code 1,CUSTOMER PICKUP,False,Rabun Warehouse,02,30525.0,Clayton,"USDA CORN, WHOLE KERNEL NO SALT",Dry Dry Dry Dry Vegetables
364,181123,688,M-110,Mountain Grove Baptist Church,483728,,FOOD PANTRY,FOOD PANTRY-Agency,BLUE RECEIPT-SHL,W-01-10000,11,0,0,1.98,11,RABUN,0.18,5/21/2024 13:32,5/21/2024 9:23,Price Code 1,CUSTOMER PICKUP,False,Sharing Floor Rabun,02-SH,30525.0,Clayton,"ASSORTED NON-FOOD ITEMS, SHL",Dry Dry Dry Dry Non-Food Misc.
919,178686,8973,F-132,Fight Abuse in the Home (FAITH),FAIMPORT481301,,ON PREMISES (OP),SHELTER-Agency,BLUE RECEIPT-SHL,MCC-16-10001,8,0,0,0.0,8,RABUN,0.0,4/8/2024 0:00,4/8/2024 0:00,Price Code 1,CUSTOMER PICKUP,False,Food Bank of Northeast Georgia,01,30525.0,Clayton,"COOLER FOOD MISC., SHL RETAIL PICKUP",Dry Dry Dry Dry Food Misc.
346,182467,84,F-114,Flat Creek Baptist Church,485071,,FP/GNAP/USDA,FOOD PANTRY-Agency,USDA,N-50-10006,4,0,0,19.44,108,RABUN,0.18,6/26/2024 14:00,6/26/2024 13:46,Price Code 1,CUSTOMER PICKUP,False,Rabun Warehouse,02,30552.0,Lakemont,USDA GREEN BEANS,Dry Dry Dry Dry Vegetables
905,182050,7083,R-127,Rabun Christian Food Ministry,484654,,FP/USDA,FOOD PANTRY-Agency,USDA,C-50-10029,12,0,0,25.92,144,RABUN,0.18,6/21/2024 8:30,6/21/2024 9:12,Price Code 1,CUSTOMER PICKUP,False,Rabun Warehouse,02,30525.0,Clayton,"USDA MILD CHEDDAR CHEESE, BLOCK CCC",Cooled Cooled Cooled Cooled Dairy
919,181967,8975,F-132,Fight Abuse in the Home (FAITH),FAIMPORT484571,,ON PREMISES (OP),SHELTER-Agency,BLUE RECEIPT-SHL,MCC-07-10001,86,0,0,0.0,86,RABUN,0.0,6/3/2024 0:00,6/3/2024 0:00,Price Code 1,CUSTOMER PICKUP,False,Food Bank of Northeast Georgia,01,30525.0,Clayton,"DAIRY PRODUCTS, SHL RETAIL PICKUPS",Dry Dry Dry Dry Dairy
658,178671,1354,W-130,Wolf Creek Baptist Church,481287,,FP/GNAP/USDA,FOOD PANTRY-Agency,GNAP,N-40-10096,2,0,0,0.0,38,RABUN,0.0,4/11/2024 16:14,4/11/2024 11:02,Price Code 1,CUSTOMER PICKUP,False,Rabun Warehouse,02,30576.0,Tiger,GNAP VEGETABLE SOUP,Dry Dry Dry Dry Prepared Meals
919,179987,8986,F-132,Fight Abuse in the Home (FAITH),FAIMPORT482596,,ON PREMISES (OP),SHELTER-Agency,BLUE RECEIPT-SHL,MCW-01-10001,3,0,0,0.0,3,RABUN,0.0,4/29/2024 0:00,4/29/2024 0:00,Price Code 1,CUSTOMER PICKUP,False,Food Bank of Northeast Georgia,01,30525.0,Clayton,"NON-FOOD ITEMS, SHL RETAIL PICKUPS",Dry Dry Dry Dry Non-Food Misc.
824,177996,8783,R-124,Rabun Gap Presbyterian Church,480615,,FP/USDA,MOBILE PANTRY-Agency,USDA,N-50-10308,1,0,0,4.14,23,RABUN,0.18,3/31/2024 8:57,3/31/2024 21:27,Price Code 1,CUSTOMER PICKUP,False,Rabun Warehouse,02,30568.0,Rabun Gap,USDA RAISINS,Dry Dry Dry Dry Fruits
577,173123,50,S-133,Sharing and Caring - Clayton,476753,,FP/GNAP/USDA,FOOD PANTRY-Agency,LOCAL - LL,W-16-10002,54,0,0,9.72,54,RABUN,0.18,1/16/2024 9:50,1/16/2024 13:15,Price Code 1,CUSTOMER PICKUP,False,Sharing Floor Rabun,02-SH,30525.0,Clayton,MISC. FOOD BOX LL,Dry Dry Dry Dry Food Misc.
824,173135,84,R-124,Rabun Gap Presbyterian Church,476765,,FP/USDA,MOBILE PANTRY-Agency,USDA,N-50-10006,102,0,0,0.0,2754,RABUN,0.0,1/19/2024 8:57,1/22/2024 13:02,Price Code 1,CUSTOMER PICKUP,False,Rabun Warehouse,02,30568.0,Rabun Gap,USDA GREEN BEANS,Dry Dry Dry Dry Vegetables
346,173681,1047,F-114,Flat Creek Baptist Church,477310,,FP/GNAP/USDA,FOOD PANTRY-Agency,USDA,N-50-10041,1,0,0,8.82,49,RABUN,0.18,1/29/2024 12:44,1/29/2024 10:17,Price Code 1,CUSTOMER PICKUP,False,Rabun Warehouse,02,30552.0,Lakemont,USDA RICE,Dry Dry Dry Dry Grains
905,172424,170,R-127,Rabun Christian Food Ministry,476055,,FP/USDA,FOOD PANTRY-Agency,USDA,N-50-10007,11,0,0,55.44,308,RABUN,0.18,1/12/2024 11:38,1/16/2024 10:54,Price Code 1,CUSTOMER PICKUP,False,Rabun Warehouse,02,30525.0,Clayton,"USDA CORN, WHOLE KERNEL NO SALT",Dry Dry Dry Dry Vegetables
773,180687,5388,P-122,Persimmon Baptist Church,483293,,FOOD PANTRY,FOOD PANTRY-Agency,BLUE RECEIPT-SHL,F-16-10001,63,0,0,11.34,63,RABUN,0.18,5/13/2024 11:44,5/13/2024 8:06,Price Code 1,CUSTOMER PICKUP,False,Sharing Floor Rabun,02-SH,30525.0,Clayton,"ASSORTED FROZEN FOODS, SHL",Frozen Frozen Frozen Frozen Food Misc.
577,175399,3122,S-133,Sharing and Caring - Clayton,478028,,FP/GNAP/USDA,FOOD PANTRY-Agency,GNAP,N-40-10174,1,0,0,1.4,14,RABUN,0.1,2/13/2024 9:50,2/13/2024 13:26,Price Code 1,CUSTOMER PICKUP,False,Rabun Warehouse,02,30525.0,Clayton,"GNAP BLACKEYE PEAS, LOW SODIUM",Dry Dry Dry Dry Proteins
905,182050,3203,R-127,Rabun Christian Food Ministry,484654,,FP/USDA,FOOD PANTRY-Agency,USDA,N-50-10289,6,0,0,27.0,150,RABUN,0.18,6/21/2024 8:30,6/21/2024 9:12,Price Code 1,CUSTOMER PICKUP,False,Rabun Warehouse,02,30525.0,Clayton,USDA PECAN PIECES,Dry Dry Dry Dry Proteins
577,178056,2573,S-133,Sharing and Caring - Clayton,480675,,FP/GNAP/USDA,FOOD PANTRY-Agency,GNAP,N-40-10204,1,0,0,0.0,19,RABUN,0.0,4/2/2024 9:50,4/2/2024 13:35,Price Code 1,CUSTOMER PICKUP,False,Rabun Warehouse,02,30525.0,Clayton,GNAP CHICKEN & RICE SOUP,Dry Dry Dry Dry Prepared Meals
577,182098,3712,S-133,Sharing and Caring - Clayton,484702,,FP/GNAP/USDA,FOOD PANTRY-Agency,USDA,N-50-10266,2,0,0,9.72,54,RABUN,0.18,6/21/2024 12:30,6/21/2024 9:12,Price Code 1,CUSTOMER PICKUP,False,Rabun Warehouse,02,30525.0,Clayton,USDA CANNED PINTO BEANS,Dry Dry Dry Dry Proteins
919,182354,8973,F-132,Fight Abuse in the Home (FAITH),FAIMPORT484958,,ON PREMISES (OP),SHELTER-Agency,BLUE RECEIPT-SHL,MCC-16-10001,1,0,0,0.0,1,RABUN,0.0,6/17/2024 0:00,6/17/2024 0:00,Price Code 1,CUSTOMER PICKUP,False,Food Bank of Northeast Georgia,01,30525.0,Clayton,"COOLER FOOD MISC., SHL RETAIL PICKUP",Dry Dry Dry Dry Food Misc.
919,178170,8975,F-132,Fight Abuse in the Home (FAITH),FAIMPORT480789,,ON PREMISES (OP),SHELTER-Agency,BLUE RECEIPT-SHL,MCC-07-10001,20,0,0,0.0,20,RABUN,0.0,4/1/2024 0:00,4/1/2024 0:00,Price Code 1,CUSTOMER PICKUP,False,Food Bank of Northeast Georgia,01,30525.0,Clayton,"DAIRY PRODUCTS, SHL RETAIL PICKUPS",Dry Dry Dry Dry Dairy
919,181278,8975,F-132,Fight Abuse in the Home (FAITH),FAIMPORT483883,,ON PREMISES (OP),SHELTER-Agency,BLUE RECEIPT-SHL,MCC-07-10001,36,0,0,0.0,36,RABUN,0.0,5/20/2024 0:00,5/20/2024 0:00,Price Code 1,CUSTOMER PICKUP,False,Food Bank of Northeast Georgia,01,30525.0,Clayton,"DAIRY PRODUCTS, SHL RETAIL PICKUPS",Dry Dry Dry Dry Dairy
310,180742,9042,C-121,Rabun County Family Connection,483348,,FP/OP/GNAP/USDA,COMMUNITY ACTION PROGRAM-Agency,GNAP,F-40-90059,1,0,0,0.0,24,RABUN,0.0,5/17/2024 8:30,5/20/2024 10:43,Price Code 1,CUSTOMER PICKUP,False,Rabun Warehouse,02,30525.0,Clayton,GNAP GROUND TURKEY CHUB 85/15,Frozen Frozen Frozen Frozen Proteins
905,182050,6676,R-127,Rabun Christian Food Ministry,484654,,FP/USDA,FOOD PANTRY-Agency,USDA,C-50-10009,8,0,0,64.8,360,RABUN,0.18,6/21/2024 8:30,6/21/2024 9:12,Price Code 1,CUSTOMER PICKUP,False,Rabun Warehouse,02,30525.0,Clayton,"USDA APPLES, FRESH",Cooled Cooled Cooled Cooled Fruits
919,181515,8970,F-132,Fight Abuse in the Home (FAITH),FAIMPORT484119,,ON PREMISES (OP),SHELTER-Agency,BLUE RECEIPT-SHL,MCW-16-10001,174,0,0,0.0,174,RABUN,0.0,5/23/2024 0:00,5/23/2024 0:00,Price Code 1,CUSTOMER PICKUP,False,Food Bank of Northeast Georgia,01,30525.0,Clayton,"MISC. FOOD BOX, SHL RETAIL PICKUP",Dry Dry Dry Dry Food Misc.
919,178686,8971,F-132,Fight Abuse in the Home (FAITH),FAIMPORT481301,,ON PREMISES (OP),SHELTER-Agency,BLUE RECEIPT-SHL,MCF-16-10001,8,0,0,0.0,8,RABUN,0.0,4/8/2024 0:00,4/8/2024 0:00,Price Code 1,CUSTOMER PICKUP,False,Food Bank of Northeast Georgia,01,30525.0,Clayton,"FROZEN FOODS, MISC SHL RETAIL PICKUP",Dry Dry Dry Dry Food Misc.
602,177030,4449,10-NGAR,Food Bank of Northeast Georgia Rabun,479652,,FOOD BANK,EMERGENCY-Agency,USDA,F-50-90445,24,0,0,0.0,984,RABUN,0.0,3/11/2024 8:55,3/11/2024 7:57,Price Code 1,CUSTOMER PICKUP,False,Rabun Warehouse,02,30525.0,Clayton,USDA FULLY COOKED PULLED PORK CCC,Frozen Frozen Frozen Frozen Proteins
773,177454,683,P-122,Persimmon Baptist Church,480074,,FOOD PANTRY,FOOD PANTRY-Agency,BLUE RECEIPT-SHL,W-16-10001,159,0,0,28.62,159,RABUN,0.18,3/18/2024 11:44,3/18/2024 8:34,Price Code 1,CUSTOMER PICKUP,False,Sharing Floor Rabun,02-SH,30525.0,Clayton,MISC. FOOD BOX SHL,Dry Dry Dry Dry Food Misc.
658,178671,2573,W-130,Wolf Creek Baptist Church,481287,,FP/GNAP/USDA,FOOD PANTRY-Agency,GNAP,N-40-10204,2,0,0,0.0,38,RABUN,0.0,4/11/2024 16:14,4/11/2024 11:02,Price Code 1,CUSTOMER PICKUP,False,Rabun Warehouse,02,30576.0,Tiger,GNAP CHICKEN & RICE SOUP,Dry Dry Dry Dry Prepared Meals
731,173661,5388,F-138,Freedom Ministries Lighthouse,477290,,ON PREMISES (OP),REHAB-Agency,BLUE RECEIPT-SHL,F-16-10001,75,0,0,13.5,75,RABUN,0.18,1/26/2024 10:11,1/26/2024 9:16,Price Code 1,CUSTOMER PICKUP,False,Sharing Floor Rabun,02-SH,30552.0,Lakemont,"ASSORTED FROZEN FOODS, SHL",Frozen Frozen Frozen Frozen Food Misc.
577,179681,9025,S-133,Sharing and Caring - Clayton,482294,,FP/GNAP/USDA,FOOD PANTRY-Agency,YELLOW RECEIPT - SHN,N-11-11072,2,0,0,3.24,18,RABUN,0.18,4/30/2024 9:50,4/30/2024 13:20,Price Code 1,CUSTOMER PICKUP,False,Rabun Warehouse,02,30525.0,Clayton,MRS BUTTERSWORTHS SMORES PANCAKE KIT,Dry Dry Dry Dry Food Misc.
346,173681,7082,F-114,Flat Creek Baptist Church,477310,,FP/GNAP/USDA,FOOD PANTRY-Agency,USDA,C-50-10033,5,0,0,0.0,60,RABUN,0.0,1/29/2024 12:44,1/29/2024 10:17,Price Code 1,CUSTOMER PICKUP,False,Rabun Warehouse,02,30552.0,Lakemont,USDA SHREDDED YELLOW CHEDDAR CHEESE CCC,Cooled Cooled Cooled Cooled Dairy
824,180711,1791,R-124,Rabun Gap Presbyterian Church,483317,,FP/USDA,MOBILE PANTRY-Agency,USDA,N-50-10079,72,0,0,0.0,1872,RABUN,0.0,5/17/2024 8:57,5/17/2024 7:19,Price Code 1,CUSTOMER PICKUP,False,Rabun Warehouse,02,30568.0,Rabun Gap,USDA WALNUT HALVES AND PIECES,Dry Dry Dry Dry Proteins
577,175399,890,S-133,Sharing and Caring - Clayton,478028,,FP/GNAP/USDA,FOOD PANTRY-Agency,GNAP,N-40-10001,1,0,0,2.7,27,RABUN,0.1,2/13/2024 9:50,2/13/2024 13:26,Price Code 1,CUSTOMER PICKUP,False,Rabun Warehouse,02,30525.0,Clayton,GNAP APPLE SAUCE,Dry Dry Dry Dry Fruits
824,173135,8714,R-124,Rabun Gap Presbyterian Church,476765,,FP/USDA,MOBILE PANTRY-Agency,USDA,N-50-10303,80,0,0,0.0,1920,RABUN,0.0,1/19/2024 8:57,1/22/2024 13:02,Price Code 1,CUSTOMER PICKUP,False,Rabun Warehouse,02,30568.0,Rabun Gap,USDA GREEN SPLIT PEAS,Dry Dry Dry Dry Proteins
602,180323,842,10-NGAR,Food Bank of Northeast Georgia Rabun,482929,,FOOD BANK,EMERGENCY-Agency,USDA,N-50-10021,13,0,0,0.0,351,RABUN,0.0,5/7/2024 8:55,5/7/2024 8:21,Price Code 1,CUSTOMER PICKUP,False,Rabun Warehouse,02,30525.0,Clayton,USDA DICED TOMATOES NO SALT CCC,Dry Dry Dry Dry Vegetables
602,182057,9018,10-NGAR,Food Bank of Northeast Georgia Rabun,484661,,FOOD BANK,EMERGENCY-Agency,LFB,N-12-10105,198,0,0,0.0,594,RABUN,0.0,6/10/2024 8:55,6/10/2024 7:40,Price Code 1,CUSTOMER PICKUP,False,Rabun Warehouse,02,30525.0,Clayton,CREST WHITE TOOTHPASTE,Dry Dry Dry Dry Non-Food Misc.
364,172535,696,M-110,Mountain Grove Baptist Church,476166,,FOOD PANTRY,FOOD PANTRY-Agency,LOCAL - LL,W-25-10000,18,0,0,3.24,18,RABUN,0.18,1/4/2024 13:32,1/4/2024 10:36,Price Code 1,CUSTOMER PICKUP,False,Sharing Floor Rabun,02-SH,30525.0,Clayton,"ASSORTED SNACK ITEMS, LL",Dry Dry Dry Dry Food Misc.
602,172908,4327,10-NGAR,Food Bank of Northeast Georgia Rabun,476539,,FOOD BANK,EMERGENCY-Agency,USDA,N-50-10277,13,0,0,0.0,351,RABUN,0.0,1/11/2024 8:55,1/11/2024 8:10,Price Code 1,CUSTOMER PICKUP,False,Rabun Warehouse,02,30525.0,Clayton,USDA GARBANZO BEANS,Dry Dry Dry Dry Proteins
731,173755,5388,F-138,Freedom Ministries Lighthouse,477384,,ON PREMISES (OP),REHAB-Agency,BLUE RECEIPT-SHL,F-16-10001,109,0,0,19.62,109,RABUN,0.18,1/29/2024 10:11,1/29/2024 10:16,Price Code 1,CUSTOMER PICKUP,False,Sharing Floor Rabun,02-SH,30552.0,Lakemont,"ASSORTED FROZEN FOODS, SHL",Frozen Frozen Frozen Frozen Food Misc.
824,179084,3139,R-124,Rabun Gap Presbyterian Church,481698,,FP/USDA,MOBILE PANTRY-Agency,USDA,N-50-10290,70,0,0,0.0,1750,RABUN,0.0,4/17/2024 8:57,4/22/2024 8:49,Price Code 1,CUSTOMER PICKUP,False,Rabun Warehouse,02,30568.0,Rabun Gap,USDA WHOLE ALMONDS DRY ROASTED,Dry Dry Dry Dry Proteins
919,181517,8970,F-132,Fight Abuse in the Home (FAITH),FAIMPORT484121,,ON PREMISES (OP),SHELTER-Agency,BLUE RECEIPT-SHL,MCW-16-10001,7,0,0,0.0,7,RABUN,0.0,5/23/2024 0:00,5/23/2024 0:00,Price Code 1,CUSTOMER PICKUP,False,Food Bank of Northeast Georgia,01,30525.0,Clayton,"MISC. FOOD BOX, SHL RETAIL PICKUP",Dry Dry Dry Dry Food Misc.
310,180700,3717,C-121,Rabun County Family Connection,483306,,FP/OP/GNAP/USDA,COMMUNITY ACTION PROGRAM-Agency,GNAP,N-40-10154,64,0,0,0.0,1280,RABUN,0.0,5/22/2024 8:00,5/23/2024 10:45,Price Code 1,CUSTOMER PICKUP,False,Rabun Warehouse,02,30525.0,Clayton,"GNAP APPLE JUICE, SINGLE SERVE",Dry Dry Dry Dry Beverages
824,177064,7059,R-124,Rabun Gap Presbyterian Church,479686,,FP/USDA,MOBILE PANTRY-Agency,USDA,C-50-10019,90,0,0,0.0,3240,RABUN,0.0,3/15/2024 8:57,3/18/2024 11:03,Price Code 1,CUSTOMER PICKUP,False,Rabun Warehouse,02,30568.0,Rabun Gap,USDA 2% MILK CCC,Cooled Cooled Cooled Cooled Dairy
602,176682,6831,10-NGAR,Food Bank of Northeast Georgia Rabun,479305,,FOOD BANK,EMERGENCY-Agency,USDA,C-50-10025,49,0,0,0.0,2058,RABUN,0.0,3/5/2024 8:55,3/5/2024 10:31,Price Code 1,CUSTOMER PICKUP,False,Rabun Warehouse,02,30525.0,Clayton,USDA APPLES,Cooled Cooled Cooled Cooled Fruits
602,182057,84,10-NGAR,Food Bank of Northeast Georgia Rabun,484661,,FOOD BANK,EMERGENCY-Agency,USDA,N-50-10006,14,0,0,0.0,378,RABUN,0.0,6/10/2024 8:55,6/10/2024 7:40,Price Code 1,CUSTOMER PICKUP,False,Rabun Warehouse,02,30525.0,Clayton,USDA GREEN BEANS,Dry Dry Dry Dry Vegetables
905,178497,800,R-127,Rabun Christian Food Ministry,481113,,FP/USDA,FOOD PANTRY-Agency,USDA,N-50-10065,11,0,0,53.46,297,RABUN,0.18,4/11/2024 11:38,4/16/2024 13:22,Price Code 1,CUSTOMER PICKUP,False,Rabun Warehouse,02,30525.0,Clayton,USDA APPLESAUCE,Dry Dry Dry Dry Fruits
658,173119,1354,W-130,Wolf Creek Baptist Church,476749,,FP/GNAP/USDA,FOOD PANTRY-Agency,GNAP,N-40-10096,2,0,0,0.0,38,RABUN,0.0,1/19/2024 12:29,1/19/2024 8:34,Price Code 1,CUSTOMER PICKUP,False,Rabun Warehouse,02,30576.0,Tiger,GNAP VEGETABLE SOUP,Dry Dry Dry Dry Prepared Meals
577,180750,9051,S-133,Sharing and Caring - Clayton,483356,,FP/GNAP/USDA,FOOD PANTRY-Agency,GNAP,N-40-10282,1,0,0,0.0,16,RABUN,0.0,5/16/2024 13:00,5/16/2024 13:27,Price Code 1,CUSTOMER PICKUP,False,Rabun Warehouse,02,30525.0,Clayton,GNAP WHITE GRITS,Dry Dry Dry Dry Grains
658,180096,8497,W-130,Wolf Creek Baptist Church,482704,,FP/GNAP/USDA,FOOD PANTRY-Agency,USDA,C-50-10048,2,0,0,3.2,64,RABUN,0.05,5/7/2024 8:15,5/7/2024 9:11,Price Code 1,CUSTOMER PICKUP,False,Rabun Warehouse,02,30576.0,Tiger,USDA MANDARIN ORANGES,Cooled Cooled Cooled Cooled Fruits
824,180711,8783,R-124,Rabun Gap Presbyterian Church,483317,,FP/USDA,MOBILE PANTRY-Agency,USDA,N-50-10308,80,0,0,0.0,1840,RABUN,0.0,5/17/2024 8:57,5/17/2024 7:19,Price Code 1,CUSTOMER PICKUP,False,Rabun Warehouse,02,30568.0,Rabun Gap,USDA RAISINS,Dry Dry Dry Dry Fruits
577,178393,8995,S-133,Sharing and Caring - Clayton,481009,,FP/GNAP/USDA,FOOD PANTRY-Agency,BLUE RECEIPT-SHL,N-21-10067,2,0,0,1.8,10,RABUN,0.18,4/9/2024 9:50,4/9/2024 13:19,Price Code 1,CUSTOMER PICKUP,False,Rabun Warehouse,02,30525.0,Clayton,"RAMEN, MARUCHAN SHRIMP",Dry Dry Dry Dry Prepared Meals
364,178102,875,M-110,Mountain Grove Baptist Church,480721,,FOOD PANTRY,FOOD PANTRY-Agency,BLUE RECEIPT-SHL,W-04-10000,44,0,0,0.0,44,RABUN,0.0,4/2/2024 13:32,4/2/2024 9:40,Price Code 1,CUSTOMER PICKUP,False,Rabun Warehouse,02,30525.0,Clayton,"BREAD & BAKERY, ASSORTED SHL",Dry Dry Dry Dry Grains
919,177788,8970,F-132,Fight Abuse in the Home (FAITH),FAIMPORT480407,,ON PREMISES (OP),SHELTER-Agency,BLUE RECEIPT-SHL,MCW-16-10001,67,0,0,0.0,67,RABUN,0.0,3/21/2024 0:00,3/21/2024 0:00,Price Code 1,CUSTOMER PICKUP,False,Food Bank of Northeast Georgia,01,30525.0,Clayton,"MISC. FOOD BOX, SHL RETAIL PICKUP",Dry Dry Dry Dry Food Misc.
824,177064,4449,R-124,Rabun Gap Presbyterian Church,479686,,FP/USDA,MOBILE PANTRY-Agency,USDA,F-50-90445,36,0,0,0.0,1476,RABUN,0.0,3/15/2024 8:57,3/18/2024 11:03,Price Code 1,CUSTOMER PICKUP,False,Rabun Warehouse,02,30568.0,Rabun Gap,USDA FULLY COOKED PULLED PORK CCC,Frozen Frozen Frozen Frozen Proteins
602,176389,7061,10-NGAR,Food Bank of Northeast Georgia Rabun,479014,,FOOD BANK,EMERGENCY-Agency,USDA,C-50-10021,54,0,0,0.0,2268,RABUN,0.0,2/29/2024 8:55,2/29/2024 7:08,Price Code 1,CUSTOMER PICKUP,False,Rabun Warehouse,02,30525.0,Clayton,USDA FRESH ORANGES,Cooled Cooled Cooled Cooled Fruits
919,179773,8970,F-132,Fight Abuse in the Home (FAITH),FAIMPORT482386,,ON PREMISES (OP),SHELTER-Agency,BLUE RECEIPT-SHL,MCW-16-10001,70,0,0,0.0,70,RABUN,0.0,4/25/2024 0:00,4/25/2024 0:00,Price Code 1,CUSTOMER PICKUP,False,Food Bank of Northeast Georgia,01,30525.0,Clayton,"MISC. FOOD BOX, SHL RETAIL PICKUP",Dry Dry Dry Dry Food Misc.
824,178792,875,R-124,Rabun Gap Presbyterian Church,481406,,FP/USDA,MOBILE PANTRY-Agency,BLUE RECEIPT-SHL,W-04-10000,3000,0,0,0.0,3000,RABUN,0.0,4/11/2024 8:57,4/11/2024 9:05,Price Code 1,CUSTOMER PICKUP,False,Sharing Floor Rabun,02-SH,30568.0,Rabun Gap,"BREAD & BAKERY, ASSORTED SHL",Dry Dry Dry Dry Grains
824,177064,8993,R-124,Rabun Gap Presbyterian Church,479686,,FP/USDA,MOBILE PANTRY-Agency,LOCAL - LL,C-28-90540,1600,0,0,0.0,1600,RABUN,0.0,3/15/2024 8:57,3/18/2024 11:03,Price Code 1,CUSTOMER PICKUP,False,Rabun Warehouse,02,30568.0,Rabun Gap,WATERMELONS SEEDLESS,Cooled Cooled Cooled Cooled Fruits
602,182607,1674,10-NGAR,Food Bank of Northeast Georgia Rabun,485210,,FOOD BANK,EMERGENCY-Agency,USDA,N-50-10073,1,0,0,0.0,27,RABUN,0.0,6/28/2024 8:01,6/28/2024 7:26,Price Code 1,CUSTOMER PICKUP,False,Rabun Warehouse,02,30525.0,Clayton,USDA TOMATO SAUCE,Dry Dry Dry Dry Vegetables
602,181496,4269,10-NGAR,Food Bank of Northeast Georgia Rabun,484100,,FOOD BANK,EMERGENCY-Agency,USDA,N-50-10273,13,0,0,0.0,312,RABUN,0.0,5/29/2024 8:55,5/29/2024 8:59,Price Code 1,CUSTOMER PICKUP,False,Rabun Warehouse,02,30525.0,Clayton,USDA DRY NAVY BEANS CCC,Dry Dry Dry Dry Proteins
905,178497,1047,R-127,Rabun Christian Food Ministry,481113,,FP/USDA,FOOD PANTRY-Agency,USDA,N-50-10041,11,0,0,97.02,539,RABUN,0.18,4/11/2024 11:38,4/16/2024 13:22,Price Code 1,CUSTOMER PICKUP,False,Rabun Warehouse,02,30525.0,Clayton,USDA RICE,Dry Dry Dry Dry Grains
602,175274,1047,10-NGAR,Food Bank of Northeast Georgia Rabun,477903,,FOOD BANK,EMERGENCY-Agency,USDA,N-50-10041,7,0,0,0.0,343,RABUN,0.0,2/7/2024 8:55,2/7/2024 9:46,Price Code 1,CUSTOMER PICKUP,False,Rabun Warehouse,02,30525.0,Clayton,USDA RICE,Dry Dry Dry Dry Grains
602,182609,9013,10-NGAR,Food Bank of Northeast Georgia Rabun,485212,,FOOD BANK,EMERGENCY-Agency,USDA,N-50-10313,13,0,0,0.0,312,RABUN,0.0,6/28/2024 8:55,6/28/2024 7:25,Price Code 1,CUSTOMER PICKUP,False,Rabun Warehouse,02,30525.0,Clayton,USDA LIGHT RED KIDNEY BEANS 24/1LB,Dry Dry Dry Dry Proteins
577,177145,683,S-133,Sharing and Caring - Clayton,479766,,FP/GNAP/USDA,FOOD PANTRY-Agency,BLUE RECEIPT-SHL,W-16-10001,63,0,0,11.34,63,RABUN,0.18,3/12/2024 13:00,3/12/2024 13:24,Price Code 1,CUSTOMER PICKUP,False,Sharing Floor Rabun,02-SH,30525.0,Clayton,MISC. FOOD BOX SHL,Dry Dry Dry Dry Food Misc.
577,176101,7082,S-133,Sharing and Caring - Clayton,478728,,FP/GNAP/USDA,FOOD PANTRY-Agency,USDA,C-50-10033,3,0,0,0.0,36,RABUN,0.0,2/27/2024 9:50,2/27/2024 13:42,Price Code 1,CUSTOMER PICKUP,False,Rabun Warehouse,02,30525.0,Clayton,USDA SHREDDED YELLOW CHEDDAR CHEESE CCC,Cooled Cooled Cooled Cooled Dairy
577,180750,9044,S-133,Sharing and Caring - Clayton,483356,,FP/GNAP/USDA,FOOD PANTRY-Agency,GNAP,N-40-10278,1,0,0,0.0,8,RABUN,0.0,5/16/2024 13:00,5/16/2024 13:27,Price Code 1,CUSTOMER PICKUP,False,Rabun Warehouse,02,30525.0,Clayton,"GNAP PASTA SIDE, ALFREDO ",Dry Dry Dry Dry Prepared Meals
602,177869,8957,10-NGAR,Food Bank of Northeast Georgia Rabun,480488,,FOOD BANK,EMERGENCY-Agency,YELLOW RECEIPT - SHN,N-25-11956,155,0,0,0.0,620,RABUN,0.0,3/26/2024 8:55,3/26/2024 7:37,Price Code 1,CUSTOMER PICKUP,False,Rabun Warehouse,02,30525.0,Clayton,HONEYMAID GRAHAM CRACKERS,Dry Dry Dry Dry Grains
919,179471,8970,F-132,Fight Abuse in the Home (FAITH),FAIMPORT482084,,ON PREMISES (OP),SHELTER-Agency,BLUE RECEIPT-SHL,MCW-16-10001,19,0,0,0.0,19,RABUN,0.0,4/22/2024 0:00,4/22/2024 0:00,Price Code 1,CUSTOMER PICKUP,False,Food Bank of Northeast Georgia,01,30525.0,Clayton,"MISC. FOOD BOX, SHL RETAIL PICKUP",Dry Dry Dry Dry Food Misc.
577,179887,50,S-133,Sharing and Caring - Clayton,482498,,FP/GNAP/USDA,FOOD PANTRY-Agency,LOCAL - LL,W-16-10002,27,0,0,4.86,27,RABUN,0.18,4/30/2024 9:50,4/30/2024 13:25,Price Code 1,CUSTOMER PICKUP,False,Sharing Floor Rabun,02-SH,30525.0,Clayton,MISC. FOOD BOX LL,Dry Dry Dry Dry Food Misc.
824,177064,4327,R-124,Rabun Gap Presbyterian Church,479686,,FP/USDA,MOBILE PANTRY-Agency,USDA,N-50-10277,90,0,0,0.0,2430,RABUN,0.0,3/15/2024 8:57,3/18/2024 11:03,Price Code 1,CUSTOMER PICKUP,False,Rabun Warehouse,02,30568.0,Rabun Gap,USDA GARBANZO BEANS,Dry Dry Dry Dry Proteins
919,178169,8970,F-132,Fight Abuse in the Home (FAITH),FAIMPORT480788,,ON PREMISES (OP),SHELTER-Agency,BLUE RECEIPT-SHL,MCW-16-10001,22,0,0,0.0,22,RABUN,0.0,3/28/2024 0:00,3/28/2024 0:00,Price Code 1,CUSTOMER PICKUP,False,Food Bank of Northeast Georgia,01,30525.0,Clayton,"MISC. FOOD BOX, SHL RETAIL PICKUP",Dry Dry Dry Dry Food Misc.
919,180450,8970,F-132,Fight Abuse in the Home (FAITH),FAIMPORT483056,,ON PREMISES (OP),SHELTER-Agency,BLUE RECEIPT-SHL,MCW-16-10001,4,0,0,0.0,4,RABUN,0.0,5/6/2024 0:00,5/6/2024 0:00,Price Code 1,CUSTOMER PICKUP,False,Food Bank of Northeast Georgia,01,30525.0,Clayton,"MISC. FOOD BOX, SHL RETAIL PICKUP",Dry Dry Dry Dry Food Misc.
919,181277,8972,F-132,Fight Abuse in the Home (FAITH),FAIMPORT483882,,ON PREMISES (OP),SHELTER-Agency,BLUE RECEIPT-SHL,MCF-15-10000,7,0,0,0.0,7,RABUN,0.0,5/16/2024 0:00,5/16/2024 0:00,Price Code 1,CUSTOMER PICKUP,False,Food Bank of Northeast Georgia,01,30525.0,Clayton,"FROZEN MEAT & SEAFOOD, SHL RETAIL PICKUP",Dry Dry Dry Dry Proteins
346,182467,1047,F-114,Flat Creek Baptist Church,485071,,FP/GNAP/USDA,FOOD PANTRY-Agency,USDA,N-50-10041,3,0,0,26.46,147,RABUN,0.18,6/26/2024 14:00,6/26/2024 13:46,Price Code 1,CUSTOMER PICKUP,False,Rabun Warehouse,02,30552.0,Lakemont,USDA RICE,Dry Dry Dry Dry Grains
577,182434,1045,S-133,Sharing and Caring - Clayton,485038,,FP/GNAP/USDA,FOOD PANTRY-Agency,BLUE RECEIPT-SHL,W-25-10009,42,0,0,7.56,42,RABUN,0.18,6/20/2024 9:50,6/20/2024 13:48,Price Code 1,CUSTOMER PICKUP,False,Sharing Floor Rabun,02-SH,30525.0,Clayton,"ASSORTED SNACK ITEMS, SHL",Dry Dry Dry Dry Food Misc.
602,182607,3203,10-NGAR,Food Bank of Northeast Georgia Rabun,485210,,FOOD BANK,EMERGENCY-Agency,USDA,N-50-10289,1,0,0,0.0,25,RABUN,0.0,6/28/2024 8:01,6/28/2024 7:26,Price Code 1,CUSTOMER PICKUP,False,Rabun Warehouse,02,30525.0,Clayton,USDA PECAN PIECES,Dry Dry Dry Dry Proteins
824,176789,5388,R-124,Rabun Gap Presbyterian Church,479412,,FP/USDA,MOBILE PANTRY-Agency,BLUE RECEIPT-SHL,F-16-10001,1495,0,0,0.0,1495,RABUN,0.0,3/7/2024 8:57,3/8/2024 6:57,Price Code 1,CUSTOMER PICKUP,False,Sharing Floor Rabun,02-SH,30568.0,Rabun Gap,"ASSORTED FROZEN FOODS, SHL",Frozen Frozen Frozen Frozen Food Misc.
773,178100,5388,P-122,Persimmon Baptist Church,480719,,FOOD PANTRY,FOOD PANTRY-Agency,BLUE RECEIPT-SHL,F-16-10001,84,0,0,15.12,84,RABUN,0.18,4/1/2024 11:44,4/2/2024 15:07,Price Code 1,CUSTOMER PICKUP,False,Rabun Warehouse,02,30525.0,Clayton,"ASSORTED FROZEN FOODS, SHL",Frozen Frozen Frozen Frozen Food Misc.
602,179920,8497,10-NGAR,Food Bank of Northeast Georgia Rabun,482531,,FOOD BANK,EMERGENCY-Agency,USDA,C-50-10048,60,0,0,0.0,1920,RABUN,0.0,5/1/2024 8:55,5/1/2024 7:09,Price Code 1,CUSTOMER PICKUP,False,Rabun Warehouse,02,30525.0,Clayton,USDA MANDARIN ORANGES,Cooled Cooled Cooled Cooled Fruits
602,182609,3203,10-NGAR,Food Bank of Northeast Georgia Rabun,485212,,FOOD BANK,EMERGENCY-Agency,USDA,N-50-10289,13,0,0,0.0,325,RABUN,0.0,6/28/2024 8:55,6/28/2024 7:25,Price Code 1,CUSTOMER PICKUP,False,Rabun Warehouse,02,30525.0,Clayton,USDA PECAN PIECES,Dry Dry Dry Dry Proteins
919,179183,8970,F-132,Fight Abuse in the Home (FAITH),FAIMPORT481796,,ON PREMISES (OP),SHELTER-Agency,BLUE RECEIPT-SHL,MCW-16-10001,160,0,0,0.0,160,RABUN,0.0,4/15/2024 0:00,4/15/2024 0:00,Price Code 1,CUSTOMER PICKUP,False,Food Bank of Northeast Georgia,01,30525.0,Clayton,"MISC. FOOD BOX, SHL RETAIL PICKUP",Dry Dry Dry Dry Food Misc.
577,180750,9034,S-133,Sharing and Caring - Clayton,483356,,FP/GNAP/USDA,FOOD PANTRY-Agency,GNAP,N-40-10271,2,0,0,0.0,24,RABUN,0.0,5/16/2024 13:00,5/16/2024 13:27,Price Code 1,CUSTOMER PICKUP,False,Rabun Warehouse,02,30525.0,Clayton,"GNAP MIX BERRY YOGURT, SHELF STABLE BACKPACK",Dry Dry Dry Dry Dairy
577,175576,875,S-133,Sharing and Caring - Clayton,478204,,FP/GNAP/USDA,FOOD PANTRY-Agency,BLUE RECEIPT-SHL,W-04-10000,20,0,0,0.0,20,RABUN,0.0,2/13/2024 9:50,2/13/2024 13:30,Price Code 1,CUSTOMER PICKUP,False,Sharing Floor Rabun,02-SH,30525.0,Clayton,"BREAD & BAKERY, ASSORTED SHL",Dry Dry Dry Dry Grains
602,172994,8853,10-NGAR,Food Bank of Northeast Georgia Rabun,476624,,FOOD BANK,EMERGENCY-Agency,PURCH,N-23-10011,31,0,0,0.0,403,RABUN,0.0,1/12/2024 8:55,1/12/2024 9:58,Price Code 1,CUSTOMER PICKUP,False,Rabun Warehouse,02,30525.0,Clayton,"CRUNCHY PEANUT BUTTER, MEIJER",Dry Dry Dry Dry Proteins
602,182607,1047,10-NGAR,Food Bank of Northeast Georgia Rabun,485210,,FOOD BANK,EMERGENCY-Agency,USDA,N-50-10041,28,0,0,0.0,1372,RABUN,0.0,6/28/2024 8:01,6/28/2024 7:26,Price Code 1,CUSTOMER PICKUP,False,Rabun Warehouse,02,30525.0,Clayton,USDA RICE,Dry Dry Dry Dry Grains
919,181277,8970,F-132,Fight Abuse in the Home (FAITH),FAIMPORT483882,,ON PREMISES (OP),SHELTER-Agency,BLUE RECEIPT-SHL,MCW-16-10001,41,0,0,0.0,41,RABUN,0.0,5/16/2024 0:00,5/16/2024 0:00,Price Code 1,CUSTOMER PICKUP,False,Food Bank of Northeast Georgia,01,30525.0,Clayton,"MISC. FOOD BOX, SHL RETAIL PICKUP",Dry Dry Dry Dry Food Misc.
824,178792,5938,R-124,Rabun Gap Presbyterian Church,481406,,FP/USDA,MOBILE PANTRY-Agency,BLUE RECEIPT-SHL,C-28-10001,6000,0,0,0.0,6000,RABUN,0.0,4/11/2024 8:57,4/11/2024 9:05,Price Code 1,CUSTOMER PICKUP,False,Sharing Floor Rabun,02-SH,30568.0,Rabun Gap,"PRODUCE, FRESH SHL",Cooled Cooled Cooled Cooled Mixed Produce
731,179870,690,F-138,Freedom Ministries Lighthouse,482481,,ON PREMISES (OP),REHAB-Agency,BLUE RECEIPT-SHL,W-03-10013,322,0,0,9.66,322,RABUN,0.03,4/30/2024 10:11,4/30/2024 11:40,Price Code 1,CUSTOMER PICKUP,False,Sharing Floor Rabun,02-SH,30552.0,Lakemont,"ASSORTED BEVERAGES, SHL",Dry Dry Dry Dry Beverages
364,177122,5388,M-110,Mountain Grove Baptist Church,479743,,FOOD PANTRY,FOOD PANTRY-Agency,BLUE RECEIPT-SHL,F-16-10001,90,0,0,16.2,90,RABUN,0.18,3/12/2024 13:32,3/12/2024 9:37,Price Code 1,CUSTOMER PICKUP,False,Sharing Floor Rabun,02-SH,30525.0,Clayton,"ASSORTED FROZEN FOODS, SHL",Frozen Frozen Frozen Frozen Food Misc.
919,177573,8973,F-132,Fight Abuse in the Home (FAITH),FAIMPORT480193,,ON PREMISES (OP),SHELTER-Agency,BLUE RECEIPT-SHL,MCC-16-10001,30,0,0,0.0,30,RABUN,0.0,3/18/2024 0:00,3/18/2024 0:00,Price Code 1,CUSTOMER PICKUP,False,Food Bank of Northeast Georgia,01,30525.0,Clayton,"COOLER FOOD MISC., SHL RETAIL PICKUP",Dry Dry Dry Dry Food Misc.
731,177231,5938,F-138,Freedom Ministries Lighthouse,479851,,ON PREMISES (OP),REHAB-Agency,BLUE RECEIPT-SHL,C-28-10001,91,0,0,2.73,91,RABUN,0.03,3/13/2024 10:11,3/13/2024 11:17,Price Code 1,CUSTOMER PICKUP,False,Sharing Floor Rabun,02-SH,30552.0,Lakemont,"PRODUCE, FRESH SHL",Cooled Cooled Cooled Cooled Mixed Produce
824,173605,5938,R-124,Rabun Gap Presbyterian Church,477234,,FP/USDA,MOBILE PANTRY-Agency,BLUE RECEIPT-SHL,C-28-10001,2000,0,0,0.0,2000,RABUN,0.0,1/25/2024 8:57,1/25/2024 10:19,Price Code 1,CUSTOMER PICKUP,False,Sharing Floor Rabun,02-SH,30568.0,Rabun Gap,"PRODUCE, FRESH SHL",Cooled Cooled Cooled Cooled Mixed Produce
824,177064,1047,R-124,Rabun Gap Presbyterian Church,479686,,FP/USDA,MOBILE PANTRY-Agency,USDA,N-50-10041,46,0,0,0.0,2254,RABUN,0.0,3/15/2024 8:57,3/18/2024 11:03,Price Code 1,CUSTOMER PICKUP,False,Rabun Warehouse,02,30568.0,Rabun Gap,USDA RICE,Dry Dry Dry Dry Grains
919,177844,8971,F-132,Fight Abuse in the Home (FAITH),FAIMPORT480463,,ON PREMISES (OP),SHELTER-Agency,BLUE RECEIPT-SHL,MCF-16-10001,28,0,0,0.0,28,RABUN,0.0,3/25/2024 0:00,3/25/2024 0:00,Price Code 1,CUSTOMER PICKUP,False,Food Bank of Northeast Georgia,01,30525.0,Clayton,"FROZEN FOODS, MISC SHL RETAIL PICKUP",Dry Dry Dry Dry Food Misc.
919,179183,8986,F-132,Fight Abuse in the Home (FAITH),FAIMPORT481796,,ON PREMISES (OP),SHELTER-Agency,BLUE RECEIPT-SHL,MCW-01-10001,4,0,0,0.0,4,RABUN,0.0,4/15/2024 0:00,4/15/2024 0:00,Price Code 1,CUSTOMER PICKUP,False,Food Bank of Northeast Georgia,01,30525.0,Clayton,"NON-FOOD ITEMS, SHL RETAIL PICKUPS",Dry Dry Dry Dry Non-Food Misc.
577,172322,4555,S-133,Sharing and Caring - Clayton,475953,,FP/GNAP/USDA,FOOD PANTRY-Agency,USDA,F-50-90042,1,0,0,7.2,40,RABUN,0.18,1/4/2024 9:50,1/4/2024 11:06,Price Code 1,CUSTOMER PICKUP,False,Rabun Warehouse,02,30525.0,Clayton,USDA CHICKEN DRUMSTICKS CCC,Frozen Frozen Frozen Frozen Proteins
577,175576,690,S-133,Sharing and Caring - Clayton,478204,,FP/GNAP/USDA,FOOD PANTRY-Agency,BLUE RECEIPT-SHL,W-03-10013,28,0,0,0.84,28,RABUN,0.03,2/13/2024 9:50,2/13/2024 13:30,Price Code 1,CUSTOMER PICKUP,False,Sharing Floor Rabun,02-SH,30525.0,Clayton,"ASSORTED BEVERAGES, SHL",Dry Dry Dry Dry Beverages
731,179870,50,F-138,Freedom Ministries Lighthouse,482481,,ON PREMISES (OP),REHAB-Agency,LOCAL - LL,W-16-10002,47,0,0,8.46,47,RABUN,0.18,4/30/2024 10:11,4/30/2024 11:40,Price Code 1,CUSTOMER PICKUP,False,Sharing Floor Rabun,02-SH,30552.0,Lakemont,MISC. FOOD BOX LL,Dry Dry Dry Dry Food Misc.
824,176789,5407,R-124,Rabun Gap Presbyterian Church,479412,,FP/USDA,MOBILE PANTRY-Agency,BLUE RECEIPT-SHL,F-15-10000,5,0,0,0.0,5,RABUN,0.0,3/7/2024 8:57,3/8/2024 6:57,Price Code 1,CUSTOMER PICKUP,False,Sharing Floor Rabun,02-SH,30568.0,Rabun Gap,"MEAT & SEAFOOD, FROZEN SHL",Frozen Frozen Frozen Frozen Proteins
658,173296,7059,W-130,Wolf Creek Baptist Church,476925,,FP/GNAP/USDA,FOOD PANTRY-Agency,USDA,C-50-10019,3,0,0,5.4,108,RABUN,0.05,1/19/2024 16:14,1/19/2024 9:19,Price Code 1,CUSTOMER PICKUP,False,Rabun Warehouse,02,30576.0,Tiger,USDA 2% MILK CCC,Cooled Cooled Cooled Cooled Dairy
364,175190,683,M-110,Mountain Grove Baptist Church,477819,,FOOD PANTRY,FOOD PANTRY-Agency,BLUE RECEIPT-SHL,W-16-10001,78,0,0,14.04,78,RABUN,0.18,2/6/2024 13:32,2/6/2024 9:37,Price Code 1,CUSTOMER PICKUP,False,Sharing Floor Rabun,02-SH,30525.0,Clayton,MISC. FOOD BOX SHL,Dry Dry Dry Dry Food Misc.
824,173336,7082,R-124,Rabun Gap Presbyterian Church,476965,,FP/USDA,MOBILE PANTRY-Agency,USDA,C-50-10033,104,0,0,0.0,1248,RABUN,0.0,2/16/2024 8:57,2/20/2024 15:52,Price Code 1,CUSTOMER PICKUP,False,Rabun Warehouse,02,30568.0,Rabun Gap,USDA SHREDDED YELLOW CHEDDAR CHEESE CCC,Cooled Cooled Cooled Cooled Dairy
346,182467,9013,F-114,Flat Creek Baptist Church,485071,,FP/GNAP/USDA,FOOD PANTRY-Agency,USDA,N-50-10313,3,0,0,12.96,72,RABUN,0.18,6/26/2024 14:00,6/26/2024 13:46,Price Code 1,CUSTOMER PICKUP,False,Rabun Warehouse,02,30552.0,Lakemont,USDA LIGHT RED KIDNEY BEANS 24/1LB,Dry Dry Dry Dry Proteins
658,182238,5388,W-130,Wolf Creek Baptist Church,484842,,FP/GNAP/USDA,FOOD PANTRY-Agency,BLUE RECEIPT-SHL,F-16-10001,48,0,0,8.64,48,RABUN,0.18,6/14/2024 16:14,6/14/2024 14:03,Price Code 1,CUSTOMER PICKUP,False,Sharing Floor Rabun,02-SH,30576.0,Tiger,"ASSORTED FROZEN FOODS, SHL",Frozen Frozen Frozen Frozen Food Misc.
364,181425,5388,M-110,Mountain Grove Baptist Church,484029,,FOOD PANTRY,FOOD PANTRY-Agency,BLUE RECEIPT-SHL,F-16-10001,67,0,0,12.06,67,RABUN,0.18,5/28/2024 13:32,5/28/2024 9:10,Price Code 1,CUSTOMER PICKUP,False,Sharing Floor Rabun,02-SH,30525.0,Clayton,"ASSORTED FROZEN FOODS, SHL",Frozen Frozen Frozen Frozen Food Misc.
731,176607,683,F-138,Freedom Ministries Lighthouse,479231,,ON PREMISES (OP),REHAB-Agency,BLUE RECEIPT-SHL,W-16-10001,131,0,0,23.58,131,RABUN,0.18,3/4/2024 10:11,3/4/2024 10:44,Price Code 1,CUSTOMER PICKUP,False,Sharing Floor Rabun,02-SH,30552.0,Lakemont,MISC. FOOD BOX SHL,Dry Dry Dry Dry Food Misc.
731,178593,5388,F-138,Freedom Ministries Lighthouse,481209,,ON PREMISES (OP),REHAB-Agency,BLUE RECEIPT-SHL,F-16-10001,58,0,0,10.44,58,RABUN,0.18,4/9/2024 10:11,4/9/2024 11:10,Price Code 1,CUSTOMER PICKUP,False,Sharing Floor Rabun,02-SH,30552.0,Lakemont,"ASSORTED FROZEN FOODS, SHL",Frozen Frozen Frozen Frozen Food Misc.
346,182467,4327,F-114,Flat Creek Baptist Church,485071,,FP/GNAP/USDA,FOOD PANTRY-Agency,USDA,N-50-10277,2,0,0,9.72,54,RABUN,0.18,6/26/2024 14:00,6/26/2024 13:46,Price Code 1,CUSTOMER PICKUP,False,Rabun Warehouse,02,30552.0,Lakemont,USDA GARBANZO BEANS,Dry Dry Dry Dry Proteins
824,181961,875,R-124,Rabun Gap Presbyterian Church,484565,,FP/USDA,MOBILE PANTRY-Agency,BLUE RECEIPT-SHL,W-04-10000,3000,0,0,0.0,3000,RABUN,0.0,6/6/2024 8:57,6/6/2024 9:55,Price Code 1,CUSTOMER PICKUP,False,Sharing Floor Rabun,02-SH,30568.0,Rabun Gap,"BREAD & BAKERY, ASSORTED SHL",Dry Dry Dry Dry Grains
602,180323,8690,10-NGAR,Food Bank of Northeast Georgia Rabun,482929,,FOOD BANK,EMERGENCY-Agency,USDA,N-50-10302,26,0,0,0.0,364,RABUN,0.0,5/7/2024 8:55,5/7/2024 8:21,Price Code 1,CUSTOMER PICKUP,False,Rabun Warehouse,02,30525.0,Clayton,USDA GREEN BEANS CCC,Dry Dry Dry Dry Vegetables
824,173336,8714,R-124,Rabun Gap Presbyterian Church,476965,,FP/USDA,MOBILE PANTRY-Agency,USDA,N-50-10303,80,0,0,0.0,1920,RABUN,0.0,2/16/2024 8:57,2/20/2024 15:52,Price Code 1,CUSTOMER PICKUP,False,Rabun Warehouse,02,30568.0,Rabun Gap,USDA GREEN SPLIT PEAS,Dry Dry Dry Dry Proteins
919,182219,8970,F-132,Fight Abuse in the Home (FAITH),FAIMPORT484823,,ON PREMISES (OP),SHELTER-Agency,BLUE RECEIPT-SHL,MCW-16-10001,5,0,0,0.0,5,RABUN,0.0,6/13/2024 0:00,6/13/2024 0:00,Price Code 1,CUSTOMER PICKUP,False,Food Bank of Northeast Georgia,01,30525.0,Clayton,"MISC. FOOD BOX, SHL RETAIL PICKUP",Dry Dry Dry Dry Food Misc.
919,179986,8970,F-132,Fight Abuse in the Home (FAITH),FAIMPORT482595,,ON PREMISES (OP),SHELTER-Agency,BLUE RECEIPT-SHL,MCW-16-10001,32,0,0,0.0,32,RABUN,0.0,4/29/2024 0:00,4/29/2024 0:00,Price Code 1,CUSTOMER PICKUP,False,Food Bank of Northeast Georgia,01,30525.0,Clayton,"MISC. FOOD BOX, SHL RETAIL PICKUP",Dry Dry Dry Dry Food Misc.
364,181123,1045,M-110,Mountain Grove Baptist Church,483728,,FOOD PANTRY,FOOD PANTRY-Agency,BLUE RECEIPT-SHL,W-25-10009,26,0,0,4.68,26,RABUN,0.18,5/21/2024 13:32,5/21/2024 9:23,Price Code 1,CUSTOMER PICKUP,False,Sharing Floor Rabun,02-SH,30525.0,Clayton,"ASSORTED SNACK ITEMS, SHL",Dry Dry Dry Dry Food Misc.
731,181126,50,F-138,Freedom Ministries Lighthouse,483731,,ON PREMISES (OP),REHAB-Agency,LOCAL - LL,W-16-10002,98,0,0,17.64,98,RABUN,0.18,5/21/2024 10:11,5/21/2024 10:52,Price Code 1,CUSTOMER PICKUP,False,Sharing Floor Rabun,02-SH,30552.0,Lakemont,MISC. FOOD BOX LL,Dry Dry Dry Dry Food Misc.
731,173661,5938,F-138,Freedom Ministries Lighthouse,477290,,ON PREMISES (OP),REHAB-Agency,BLUE RECEIPT-SHL,C-28-10001,27,0,0,0.81,27,RABUN,0.03,1/26/2024 10:11,1/26/2024 9:16,Price Code 1,CUSTOMER PICKUP,False,Sharing Floor Rabun,02-SH,30552.0,Lakemont,"PRODUCE, FRESH SHL",Cooled Cooled Cooled Cooled Mixed Produce
658,178671,8620,W-130,Wolf Creek Baptist Church,481287,,FP/GNAP/USDA,FOOD PANTRY-Agency,GNAP,N-40-10260,1,0,0,0.0,18,RABUN,0.0,4/11/2024 16:14,4/11/2024 11:02,Price Code 1,CUSTOMER PICKUP,False,Rabun Warehouse,02,30576.0,Tiger,GNAP CREAM OF CHICKEN SOUP,Dry Dry Dry Dry Prepared Meals
364,182308,690,M-110,Mountain Grove Baptist Church,484912,,FOOD PANTRY,FOOD PANTRY-Agency,BLUE RECEIPT-SHL,W-03-10013,26,0,0,0.78,26,RABUN,0.03,6/18/2024 13:32,6/18/2024 9:29,Price Code 1,CUSTOMER PICKUP,False,Sharing Floor Rabun,02-SH,30525.0,Clayton,"ASSORTED BEVERAGES, SHL",Dry Dry Dry Dry Beverages
310,182013,6676,C-121,Rabun County Family Connection,484617,,FP/OP/GNAP/USDA,COMMUNITY ACTION PROGRAM-Agency,USDA,C-50-10009,3,0,0,24.3,135,RABUN,0.18,6/21/2024 8:00,6/21/2024 9:11,Price Code 1,CUSTOMER PICKUP,False,Rabun Warehouse,02,30525.0,Clayton,"USDA APPLES, FRESH",Cooled Cooled Cooled Cooled Fruits
919,181967,8974,F-132,Fight Abuse in the Home (FAITH),FAIMPORT484571,,ON PREMISES (OP),SHELTER-Agency,BLUE RECEIPT-SHL,MCW-04-10000,6,0,0,0.0,6,RABUN,0.0,6/3/2024 0:00,6/3/2024 0:00,Price Code 1,CUSTOMER PICKUP,False,Food Bank of Northeast Georgia,01,30525.0,Clayton,"BREAD AND BAKERY, SHL RETAIL PICKUPS",Dry Dry Dry Dry Grains
602,180323,3139,10-NGAR,Food Bank of Northeast Georgia Rabun,482929,,FOOD BANK,EMERGENCY-Agency,USDA,N-50-10290,13,0,0,0.0,325,RABUN,0.0,5/7/2024 8:55,5/7/2024 8:21,Price Code 1,CUSTOMER PICKUP,False,Rabun Warehouse,02,30525.0,Clayton,USDA WHOLE ALMONDS DRY ROASTED,Dry Dry Dry Dry Proteins
346,182467,170,F-114,Flat Creek Baptist Church,485071,,FP/GNAP/USDA,FOOD PANTRY-Agency,USDA,N-50-10007,3,0,0,15.12,84,RABUN,0.18,6/26/2024 14:00,6/26/2024 13:46,Price Code 1,CUSTOMER PICKUP,False,Rabun Warehouse,02,30552.0,Lakemont,"USDA CORN, WHOLE KERNEL NO SALT",Dry Dry Dry Dry Vegetables
919,179987,8975,F-132,Fight Abuse in the Home (FAITH),FAIMPORT482596,,ON PREMISES (OP),SHELTER-Agency,BLUE RECEIPT-SHL,MCC-07-10001,34,0,0,0.0,34,RABUN,0.0,4/29/2024 0:00,4/29/2024 0:00,Price Code 1,CUSTOMER PICKUP,False,Food Bank of Northeast Georgia,01,30525.0,Clayton,"DAIRY PRODUCTS, SHL RETAIL PICKUPS",Dry Dry Dry Dry Dairy
905,172424,4555,R-127,Rabun Christian Food Ministry,476055,,FP/USDA,FOOD PANTRY-Agency,USDA,F-50-90042,17,0,0,122.4,680,RABUN,0.18,1/12/2024 11:38,1/16/2024 10:54,Price Code 1,CUSTOMER PICKUP,False,Rabun Warehouse,02,30525.0,Clayton,USDA CHICKEN DRUMSTICKS CCC,Frozen Frozen Frozen Frozen Proteins
824,173336,170,R-124,Rabun Gap Presbyterian Church,476965,,FP/USDA,MOBILE PANTRY-Agency,USDA,N-50-10007,85,0,0,0.0,2380,RABUN,0.0,2/16/2024 8:57,2/20/2024 15:52,Price Code 1,CUSTOMER PICKUP,False,Rabun Warehouse,02,30568.0,Rabun Gap,"USDA CORN, WHOLE KERNEL NO SALT",Dry Dry Dry Dry Vegetables
731,177231,683,F-138,Freedom Ministries Lighthouse,479851,,ON PREMISES (OP),REHAB-Agency,BLUE RECEIPT-SHL,W-16-10001,201,0,0,36.18,201,RABUN,0.18,3/13/2024 10:11,3/13/2024 11:17,Price Code 1,CUSTOMER PICKUP,False,Sharing Floor Rabun,02-SH,30552.0,Lakemont,MISC. FOOD BOX SHL,Dry Dry Dry Dry Food Misc.
577,173123,5388,S-133,Sharing and Caring - Clayton,476753,,FP/GNAP/USDA,FOOD PANTRY-Agency,BLUE RECEIPT-SHL,F-16-10001,14,0,0,2.52,14,RABUN,0.18,1/16/2024 9:50,1/16/2024 13:15,Price Code 1,CUSTOMER PICKUP,False,Sharing Floor Rabun,02-SH,30525.0,Clayton,"ASSORTED FROZEN FOODS, SHL",Frozen Frozen Frozen Frozen Food Misc.
824,177705,5938,R-124,Rabun Gap Presbyterian Church,480325,,FP/USDA,MOBILE PANTRY-Agency,BLUE RECEIPT-SHL,C-28-10001,7000,0,0,0.0,7000,RABUN,0.0,3/21/2024 8:57,3/21/2024 9:43,Price Code 1,CUSTOMER PICKUP,False,Sharing Floor Rabun,02-SH,30568.0,Rabun Gap,"PRODUCE, FRESH SHL",Cooled Cooled Cooled Cooled Mixed Produce
905,173910,4788,R-127,Rabun Christian Food Ministry,477539,,FP/USDA,FOOD PANTRY-Agency,USDA,F-50-90039,15,0,0,108.0,600,RABUN,0.18,2/16/2024 11:38,2/20/2024 10:48,Price Code 1,CUSTOMER PICKUP,False,Rabun Warehouse,02,30525.0,Clayton,USDA CATFISH FILLETS CCC,Frozen Frozen Frozen Frozen Proteins
824,180711,1481,R-124,Rabun Gap Presbyterian Church,483317,,FP/USDA,MOBILE PANTRY-Agency,USDA,N-50-10105,84,0,0,0.0,1428,RABUN,0.0,5/17/2024 8:57,5/17/2024 7:19,Price Code 1,CUSTOMER PICKUP,False,Rabun Warehouse,02,30568.0,Rabun Gap,USDA DRIED CHERRIES CCC,Dry Dry Dry Dry Fruits
731,182080,690,F-138,Freedom Ministries Lighthouse,484684,,ON PREMISES (OP),REHAB-Agency,BLUE RECEIPT-SHL,W-03-10013,391,0,0,11.73,391,RABUN,0.03,6/10/2024 10:11,6/10/2024 15:17,Price Code 1,CUSTOMER PICKUP,False,Sharing Floor Rabun,02-SH,30552.0,Lakemont,"ASSORTED BEVERAGES, SHL",Dry Dry Dry Dry Beverages
658,178671,3122,W-130,Wolf Creek Baptist Church,481287,,FP/GNAP/USDA,FOOD PANTRY-Agency,GNAP,N-40-10174,1,0,0,0.0,14,RABUN,0.0,4/11/2024 16:14,4/11/2024 11:02,Price Code 1,CUSTOMER PICKUP,False,Rabun Warehouse,02,30576.0,Tiger,"GNAP BLACKEYE PEAS, LOW SODIUM",Dry Dry Dry Dry Proteins
658,180096,9027,W-130,Wolf Creek Baptist Church,482704,,FP/GNAP/USDA,FOOD PANTRY-Agency,YELLOW RECEIPT - SHN,N-25-11970,1,0,0,1.8,10,RABUN,0.18,5/7/2024 8:15,5/7/2024 9:11,Price Code 1,CUSTOMER PICKUP,False,Rabun Warehouse,02,30576.0,Tiger,"SNACK PACK BLUE RASP, SOUR PATCH KIDS",Dry Dry Dry Dry Food Misc.
602,182057,3712,10-NGAR,Food Bank of Northeast Georgia Rabun,484661,,FOOD BANK,EMERGENCY-Agency,USDA,N-50-10266,14,0,0,0.0,378,RABUN,0.0,6/10/2024 8:55,6/10/2024 7:40,Price Code 1,CUSTOMER PICKUP,False,Rabun Warehouse,02,30525.0,Clayton,USDA CANNED PINTO BEANS,Dry Dry Dry Dry Proteins
346,173681,3139,F-114,Flat Creek Baptist Church,477310,,FP/GNAP/USDA,FOOD PANTRY-Agency,USDA,N-50-10290,1,0,0,4.5,25,RABUN,0.18,1/29/2024 12:44,1/29/2024 10:17,Price Code 1,CUSTOMER PICKUP,False,Rabun Warehouse,02,30552.0,Lakemont,USDA WHOLE ALMONDS DRY ROASTED,Dry Dry Dry Dry Proteins
602,176389,7059,10-NGAR,Food Bank of Northeast Georgia Rabun,479014,,FOOD BANK,EMERGENCY-Agency,USDA,C-50-10019,132,0,0,0.0,4752,RABUN,0.0,2/29/2024 8:55,2/29/2024 7:08,Price Code 1,CUSTOMER PICKUP,False,Rabun Warehouse,02,30525.0,Clayton,USDA 2% MILK CCC,Cooled Cooled Cooled Cooled Dairy
577,179272,2856,S-133,Sharing and Caring - Clayton,481885,,FP/GNAP/USDA,FOOD PANTRY-Agency,GNAP,N-40-10206,1,0,0,0.0,20,RABUN,0.0,4/23/2024 9:50,4/23/2024 13:09,Price Code 1,CUSTOMER PICKUP,False,Rabun Warehouse,02,30525.0,Clayton,GNAP CHICKEN NOODLE SOUP,Dry Dry Dry Dry Prepared Meals
602,182511,8714,10-NGAR,Food Bank of Northeast Georgia Rabun,485114,,FOOD BANK,EMERGENCY-Agency,USDA,N-50-10303,2,0,0,0.0,48,RABUN,0.0,6/24/2024 8:55,6/24/2024 8:18,Price Code 1,CUSTOMER PICKUP,False,Rabun Warehouse,02,30525.0,Clayton,USDA GREEN SPLIT PEAS,Dry Dry Dry Dry Proteins
919,178684,8970,F-132,Fight Abuse in the Home (FAITH),FAIMPORT481300,,ON PREMISES (OP),SHELTER-Agency,BLUE RECEIPT-SHL,MCW-16-10001,37,0,0,0.0,37,RABUN,0.0,4/8/2024 0:00,4/8/2024 0:00,Price Code 1,CUSTOMER PICKUP,False,Food Bank of Northeast Georgia,01,30525.0,Clayton,"MISC. FOOD BOX, SHL RETAIL PICKUP",Dry Dry Dry Dry Food Misc.
602,180323,1047,10-NGAR,Food Bank of Northeast Georgia Rabun,482929,,FOOD BANK,EMERGENCY-Agency,USDA,N-50-10041,13,0,0,0.0,637,RABUN,0.0,5/7/2024 8:55,5/7/2024 8:21,Price Code 1,CUSTOMER PICKUP,False,Rabun Warehouse,02,30525.0,Clayton,USDA RICE,Dry Dry Dry Dry Grains
824,175331,875,R-124,Rabun Gap Presbyterian Church,477960,,FP/USDA,MOBILE PANTRY-Agency,BLUE RECEIPT-SHL,W-04-10000,2500,0,0,0.0,2500,RABUN,0.0,2/8/2024 8:57,2/8/2024 9:16,Price Code 1,CUSTOMER PICKUP,False,Sharing Floor Rabun,02-SH,30568.0,Rabun Gap,"BREAD & BAKERY, ASSORTED SHL",Dry Dry Dry Dry Grains
919,181967,8970,F-132,Fight Abuse in the Home (FAITH),FAIMPORT484571,,ON PREMISES (OP),SHELTER-Agency,BLUE RECEIPT-SHL,MCW-16-10001,15,0,0,0.0,15,RABUN,0.0,6/3/2024 0:00,6/3/2024 0:00,Price Code 1,CUSTOMER PICKUP,False,Food Bank of Northeast Georgia,01,30525.0,Clayton,"MISC. FOOD BOX, SHL RETAIL PICKUP",Dry Dry Dry Dry Food Misc.
577,179681,8497,S-133,Sharing and Caring - Clayton,482294,,FP/GNAP/USDA,FOOD PANTRY-Agency,USDA,C-50-10048,2,0,0,3.2,64,RABUN,0.05,4/30/2024 9:50,4/30/2024 13:20,Price Code 1,CUSTOMER PICKUP,False,Rabun Warehouse,02,30525.0,Clayton,USDA MANDARIN ORANGES,Cooled Cooled Cooled Cooled Fruits
975,176065,683,P-128,Place of Hope NGA,478692,,ON PREMISES (OP),FOOD PANTRY-Agency,BLUE RECEIPT-SHL,W-16-10001,48,0,0,8.64,48,RABUN,0.18,2/23/2024 7:26,2/23/2024 7:27,Price Code 1,CUSTOMER PICKUP,False,Sharing Floor Rabun,02-SH,30525.0,Clayton,MISC. FOOD BOX SHL,Dry Dry Dry Dry Food Misc.
905,180676,4715,R-127,Rabun Christian Food Ministry,483282,,FP/USDA,FOOD PANTRY-Agency,USDA,F-50-90461,14,0,0,56.0,560,RABUN,0.1,5/15/2024 8:00,5/20/2024 10:42,Price Code 1,CUSTOMER PICKUP,False,Rabun Warehouse,02,30525.0,Clayton,USDA ALASKAN POLLACK FISH FILLETS,Frozen Frozen Frozen Frozen Proteins
577,182098,6676,S-133,Sharing and Caring - Clayton,484702,,FP/GNAP/USDA,FOOD PANTRY-Agency,USDA,C-50-10009,1,0,0,8.1,45,RABUN,0.18,6/21/2024 12:30,6/21/2024 9:12,Price Code 1,CUSTOMER PICKUP,False,Rabun Warehouse,02,30525.0,Clayton,"USDA APPLES, FRESH",Cooled Cooled Cooled Cooled Fruits
773,173375,683,P-122,Persimmon Baptist Church,477004,,FOOD PANTRY,FOOD PANTRY-Agency,BLUE RECEIPT-SHL,W-16-10001,196,0,0,35.28,196,RABUN,0.18,1/22/2024 11:44,1/22/2024 8:44,Price Code 1,CUSTOMER PICKUP,False,Sharing Floor Rabun,02-SH,30525.0,Clayton,MISC. FOOD BOX SHL,Dry Dry Dry Dry Food Misc.
310,182083,9088,C-121,Rabun County Family Connection,484687,,FP/OP/GNAP/USDA,COMMUNITY ACTION PROGRAM-Agency,GNAP,N-40-10291,6,0,0,0.0,84,RABUN,0.0,6/21/2024 10:00,6/21/2024 9:12,Price Code 1,CUSTOMER PICKUP,False,Rabun Warehouse,02,30525.0,Clayton,GNAP MOUNTAIN DRIED FRUIT BLEND,Dry Dry Dry Dry Fruits
364,176676,683,M-110,Mountain Grove Baptist Church,479299,,FOOD PANTRY,FOOD PANTRY-Agency,BLUE RECEIPT-SHL,W-16-10001,159,0,0,28.62,159,RABUN,0.18,3/5/2024 13:32,3/5/2024 9:29,Price Code 1,CUSTOMER PICKUP,False,Sharing Floor Rabun,02-SH,30525.0,Clayton,MISC. FOOD BOX SHL,Dry Dry Dry Dry Food Misc.
577,178393,890,S-133,Sharing and Caring - Clayton,481009,,FP/GNAP/USDA,FOOD PANTRY-Agency,GNAP,N-40-10001,1,0,0,0.0,27,RABUN,0.0,4/9/2024 9:50,4/9/2024 13:19,Price Code 1,CUSTOMER PICKUP,False,Rabun Warehouse,02,30525.0,Clayton,GNAP APPLE SAUCE,Dry Dry Dry Dry Fruits
919,182354,8975,F-132,Fight Abuse in the Home (FAITH),FAIMPORT484958,,ON PREMISES (OP),SHELTER-Agency,BLUE RECEIPT-SHL,MCC-07-10001,93,0,0,0.0,93,RABUN,0.0,6/17/2024 0:00,6/17/2024 0:00,Price Code 1,CUSTOMER PICKUP,False,Food Bank of Northeast Georgia,01,30525.0,Clayton,"DAIRY PRODUCTS, SHL RETAIL PICKUPS",Dry Dry Dry Dry Dairy
905,182050,84,R-127,Rabun Christian Food Ministry,484654,,FP/USDA,FOOD PANTRY-Agency,USDA,N-50-10006,12,0,0,58.32,324,RABUN,0.18,6/21/2024 8:30,6/21/2024 9:12,Price Code 1,CUSTOMER PICKUP,False,Rabun Warehouse,02,30525.0,Clayton,USDA GREEN BEANS,Dry Dry Dry Dry Vegetables
577,179681,9019,S-133,Sharing and Caring - Clayton,482294,,FP/GNAP/USDA,FOOD PANTRY-Agency,BLUE RECEIPT-SHL,N-27-10137,1,0,0,4.32,24,RABUN,0.18,4/30/2024 9:50,4/30/2024 13:20,Price Code 1,CUSTOMER PICKUP,False,Rabun Warehouse,02,30525.0,Clayton,"BLACK BEANS, PEUBLO LINDO (MISLABELED)",Dry Dry Dry Dry Vegetables
731,173110,5388,F-138,Freedom Ministries Lighthouse,476740,,ON PREMISES (OP),REHAB-Agency,BLUE RECEIPT-SHL,F-16-10001,124,0,0,22.32,124,RABUN,0.18,1/16/2024 10:11,1/16/2024 10:45,Price Code 1,CUSTOMER PICKUP,False,Sharing Floor Rabun,02-SH,30552.0,Lakemont,"ASSORTED FROZEN FOODS, SHL",Frozen Frozen Frozen Frozen Food Misc.
310,180700,9053,C-121,Rabun County Family Connection,483306,,FP/OP/GNAP/USDA,COMMUNITY ACTION PROGRAM-Agency,GNAP,N-40-10284,64,0,0,0.0,1280,RABUN,0.0,5/22/2024 8:00,5/23/2024 10:45,Price Code 1,CUSTOMER PICKUP,False,Rabun Warehouse,02,30525.0,Clayton,"GNAP 100% VERY BERRY JUICE, SINGLE SERVE",Dry Dry Dry Dry Beverages
577,180750,9036,S-133,Sharing and Caring - Clayton,483356,,FP/GNAP/USDA,FOOD PANTRY-Agency,GNAP,N-40-10273,1,0,0,0.0,14,RABUN,0.0,5/16/2024 13:00,5/16/2024 13:27,Price Code 1,CUSTOMER PICKUP,False,Rabun Warehouse,02,30525.0,Clayton,GNAP PASTA O'S IN TOMATO SAUCE,Dry Dry Dry Dry Prepared Meals
658,173119,7082,W-130,Wolf Creek Baptist Church,476749,,FP/GNAP/USDA,FOOD PANTRY-Agency,USDA,C-50-10033,1,0,0,0.0,12,RABUN,0.0,1/19/2024 12:29,1/19/2024 8:34,Price Code 1,CUSTOMER PICKUP,False,Rabun Warehouse,02,30576.0,Tiger,USDA SHREDDED YELLOW CHEDDAR CHEESE CCC,Cooled Cooled Cooled Cooled Dairy
602,173106,170,10-NGAR,Food Bank of Northeast Georgia Rabun,476736,,FOOD BANK,EMERGENCY-Agency,USDA,N-50-10007,2,0,0,0.0,56,RABUN,0.0,1/16/2024 8:55,1/16/2024 10:03,Price Code 1,CUSTOMER PICKUP,False,Rabun Warehouse,02,30525.0,Clayton,"USDA CORN, WHOLE KERNEL NO SALT",Dry Dry Dry Dry Vegetables
919,181517,8986,F-132,Fight Abuse in the Home (FAITH),FAIMPORT484121,,ON PREMISES (OP),SHELTER-Agency,BLUE RECEIPT-SHL,MCW-01-10001,13,0,0,0.0,13,RABUN,0.0,5/23/2024 0:00,5/23/2024 0:00,Price Code 1,CUSTOMER PICKUP,False,Food Bank of Northeast Georgia,01,30525.0,Clayton,"NON-FOOD ITEMS, SHL RETAIL PICKUPS",Dry Dry Dry Dry Non-Food Misc.
577,176101,4449,S-133,Sharing and Caring - Clayton,478728,,FP/GNAP/USDA,FOOD PANTRY-Agency,USDA,F-50-90445,2,0,0,8.2,82,RABUN,0.1,2/27/2024 9:50,2/27/2024 13:42,Price Code 1,CUSTOMER PICKUP,False,Rabun Warehouse,02,30525.0,Clayton,USDA FULLY COOKED PULLED PORK CCC,Frozen Frozen Frozen Frozen Proteins
602,181496,4327,10-NGAR,Food Bank of Northeast Georgia Rabun,484100,,FOOD BANK,EMERGENCY-Agency,USDA,N-50-10277,13,0,0,0.0,351,RABUN,0.0,5/29/2024 8:55,5/29/2024 8:59,Price Code 1,CUSTOMER PICKUP,False,Rabun Warehouse,02,30525.0,Clayton,USDA GARBANZO BEANS,Dry Dry Dry Dry Proteins
824,177064,8943,R-124,Rabun Gap Presbyterian Church,479686,,FP/USDA,MOBILE PANTRY-Agency,BLUE RECEIPT-SHL,C-28-90534,50,0,0,0.0,2100,RABUN,0.0,3/15/2024 8:57,3/18/2024 11:03,Price Code 1,CUSTOMER PICKUP,False,Rabun Warehouse,02,30568.0,Rabun Gap,"SWEET POTATO, SHL",Cooled Cooled Cooled Cooled Potatoes
824,182066,9073,R-124,Rabun Gap Presbyterian Church,484670,,FP/USDA,MOBILE PANTRY-Agency,USDA,C-50-10051,120,0,0,0.0,1440,RABUN,0.0,6/14/2024 8:57,6/20/2024 15:30,Price Code 1,CUSTOMER PICKUP,False,Rabun Warehouse,02,30568.0,Rabun Gap,USDA SHREDDED MOZZARELLA CHEESE CCC,Cooled Cooled Cooled Cooled Dairy
577,176505,3139,S-133,Sharing and Caring - Clayton,479129,,FP/GNAP/USDA,FOOD PANTRY-Agency,USDA,N-50-10290,1,0,0,4.5,25,RABUN,0.18,3/5/2024 9:50,3/5/2024 14:50,Price Code 1,CUSTOMER PICKUP,False,Rabun Warehouse,02,30525.0,Clayton,USDA WHOLE ALMONDS DRY ROASTED,Dry Dry Dry Dry Proteins
577,179050,683,S-133,Sharing and Caring - Clayton,481664,,FP/GNAP/USDA,FOOD PANTRY-Agency,BLUE RECEIPT-SHL,W-16-10001,24,0,0,4.32,24,RABUN,0.18,4/16/2024 9:50,4/16/2024 13:21,Price Code 1,CUSTOMER PICKUP,False,Sharing Floor Rabun,02-SH,30525.0,Clayton,MISC. FOOD BOX SHL,Dry Dry Dry Dry Food Misc.
577,176712,690,S-133,Sharing and Caring - Clayton,479335,,FP/GNAP/USDA,FOOD PANTRY-Agency,BLUE RECEIPT-SHL,W-03-10013,39,0,0,1.17,39,RABUN,0.03,3/5/2024 9:50,3/5/2024 14:52,Price Code 1,CUSTOMER PICKUP,False,Sharing Floor Rabun,02-SH,30525.0,Clayton,"ASSORTED BEVERAGES, SHL",Dry Dry Dry Dry Beverages
602,176682,4327,10-NGAR,Food Bank of Northeast Georgia Rabun,479305,,FOOD BANK,EMERGENCY-Agency,USDA,N-50-10277,13,0,0,0.0,351,RABUN,0.0,3/5/2024 8:55,3/5/2024 10:31,Price Code 1,CUSTOMER PICKUP,False,Rabun Warehouse,02,30525.0,Clayton,USDA GARBANZO BEANS,Dry Dry Dry Dry Proteins
919,178168,8971,F-132,Fight Abuse in the Home (FAITH),FAIMPORT480787,,ON PREMISES (OP),SHELTER-Agency,BLUE RECEIPT-SHL,MCF-16-10001,1,0,0,0.0,1,RABUN,0.0,4/1/2024 0:00,4/1/2024 0:00,Price Code 1,CUSTOMER PICKUP,False,Food Bank of Northeast Georgia,01,30525.0,Clayton,"FROZEN FOODS, MISC SHL RETAIL PICKUP",Dry Dry Dry Dry Food Misc.
919,182351,8986,F-132,Fight Abuse in the Home (FAITH),FAIMPORT484955,,ON PREMISES (OP),SHELTER-Agency,BLUE RECEIPT-SHL,MCW-01-10001,13,0,0,0.0,13,RABUN,0.0,6/6/2024 0:00,6/6/2024 0:00,Price Code 1,CUSTOMER PICKUP,False,Food Bank of Northeast Georgia,01,30525.0,Clayton,"NON-FOOD ITEMS, SHL RETAIL PICKUPS",Dry Dry Dry Dry Non-Food Misc.
773,178100,5960,P-122,Persimmon Baptist Church,480719,,FOOD PANTRY,FOOD PANTRY-Agency,BLUE RECEIPT-SHL,C-07-10001,4,0,0,0.72,4,RABUN,0.18,4/1/2024 11:44,4/2/2024 15:07,Price Code 1,CUSTOMER PICKUP,False,Rabun Warehouse,02,30525.0,Clayton,"DAIRY PRODUCT, ASSORTED SHL",Cooled Cooled Cooled Cooled Dairy
731,175480,5388,F-138,Freedom Ministries Lighthouse,478109,,ON PREMISES (OP),REHAB-Agency,BLUE RECEIPT-SHL,F-16-10001,70,0,0,12.6,70,RABUN,0.18,2/12/2024 10:11,2/12/2024 11:46,Price Code 1,CUSTOMER PICKUP,False,Sharing Floor Rabun,02-SH,30552.0,Lakemont,"ASSORTED FROZEN FOODS, SHL",Frozen Frozen Frozen Frozen Food Misc.
824,179084,84,R-124,Rabun Gap Presbyterian Church,481698,,FP/USDA,MOBILE PANTRY-Agency,USDA,N-50-10006,102,0,0,0.0,2754,RABUN,0.0,4/17/2024 8:57,4/22/2024 8:49,Price Code 1,CUSTOMER PICKUP,False,Rabun Warehouse,02,30568.0,Rabun Gap,USDA GREEN BEANS,Dry Dry Dry Dry Vegetables
905,178497,8690,R-127,Rabun Christian Food Ministry,481113,,FP/USDA,FOOD PANTRY-Agency,USDA,N-50-10302,22,0,0,55.44,308,RABUN,0.18,4/11/2024 11:38,4/16/2024 13:22,Price Code 1,CUSTOMER PICKUP,False,Rabun Warehouse,02,30525.0,Clayton,USDA GREEN BEANS CCC,Dry Dry Dry Dry Vegetables
577,177145,875,S-133,Sharing and Caring - Clayton,479766,,FP/GNAP/USDA,FOOD PANTRY-Agency,BLUE RECEIPT-SHL,W-04-10000,16,0,0,0.0,16,RABUN,0.0,3/12/2024 13:00,3/12/2024 13:24,Price Code 1,CUSTOMER PICKUP,False,Sharing Floor Rabun,02-SH,30525.0,Clayton,"BREAD & BAKERY, ASSORTED SHL",Dry Dry Dry Dry Grains
577,180750,3717,S-133,Sharing and Caring - Clayton,483356,,FP/GNAP/USDA,FOOD PANTRY-Agency,GNAP,N-40-10154,1,0,0,0.0,20,RABUN,0.0,5/16/2024 13:00,5/16/2024 13:27,Price Code 1,CUSTOMER PICKUP,False,Rabun Warehouse,02,30525.0,Clayton,"GNAP APPLE JUICE, SINGLE SERVE",Dry Dry Dry Dry Beverages
658,180096,9036,W-130,Wolf Creek Baptist Church,482704,,FP/GNAP/USDA,FOOD PANTRY-Agency,GNAP,N-40-10273,2,0,0,0.0,28,RABUN,0.0,5/7/2024 8:15,5/7/2024 9:11,Price Code 1,CUSTOMER PICKUP,False,Rabun Warehouse,02,30576.0,Tiger,GNAP PASTA O'S IN TOMATO SAUCE,Dry Dry Dry Dry Prepared Meals
824,180711,6676,R-124,Rabun Gap Presbyterian Church,483317,,FP/USDA,MOBILE PANTRY-Agency,USDA,C-50-10009,49,0,0,0.0,2205,RABUN,0.0,5/17/2024 8:57,5/17/2024 7:19,Price Code 1,CUSTOMER PICKUP,False,Rabun Warehouse,02,30568.0,Rabun Gap,"USDA APPLES, FRESH",Cooled Cooled Cooled Cooled Fruits
731,182080,688,F-138,Freedom Ministries Lighthouse,484684,,ON PREMISES (OP),REHAB-Agency,BLUE RECEIPT-SHL,W-01-10000,101,0,0,18.18,101,RABUN,0.18,6/10/2024 10:11,6/10/2024 15:17,Price Code 1,CUSTOMER PICKUP,False,Sharing Floor Rabun,02-SH,30552.0,Lakemont,"ASSORTED NON-FOOD ITEMS, SHL",Dry Dry Dry Dry Non-Food Misc.
602,182609,8991,10-NGAR,Food Bank of Northeast Georgia Rabun,485212,,FOOD BANK,EMERGENCY-Agency,USDA,N-50-10311,12,0,0,0.0,288,RABUN,0.0,6/28/2024 8:55,6/28/2024 7:25,Price Code 1,CUSTOMER PICKUP,False,Rabun Warehouse,02,30525.0,Clayton,USDA HAZELNUTS CCC,Dry Dry Dry Dry Proteins
824,177064,8714,R-124,Rabun Gap Presbyterian Church,479686,,FP/USDA,MOBILE PANTRY-Agency,USDA,N-50-10303,80,0,0,0.0,1920,RABUN,0.0,3/15/2024 8:57,3/18/2024 11:03,Price Code 1,CUSTOMER PICKUP,False,Rabun Warehouse,02,30568.0,Rabun Gap,USDA GREEN SPLIT PEAS,Dry Dry Dry Dry Proteins
773,178100,688,P-122,Persimmon Baptist Church,480719,,FOOD PANTRY,FOOD PANTRY-Agency,BLUE RECEIPT-SHL,W-01-10000,6,0,0,1.08,6,RABUN,0.18,4/1/2024 11:44,4/2/2024 15:07,Price Code 1,CUSTOMER PICKUP,False,Rabun Warehouse,02,30525.0,Clayton,"ASSORTED NON-FOOD ITEMS, SHL",Dry Dry Dry Dry Non-Food Misc.
602,177869,8903,10-NGAR,Food Bank of Northeast Georgia Rabun,480488,,FOOD BANK,EMERGENCY-Agency,YELLOW RECEIPT - SHN,N-16-10181,128,0,0,0.0,640,RABUN,0.0,3/26/2024 8:55,3/26/2024 7:37,Price Code 1,CUSTOMER PICKUP,False,Rabun Warehouse,02,30525.0,Clayton,STOVE TOP STUFFING - TURKEY/CHICKEN/CORNBREAD,Dry Dry Dry Dry Prepared Meals
602,177832,688,10-NGAR,Food Bank of Northeast Georgia Rabun,480451,,FOOD BANK,EMERGENCY-Agency,BLUE RECEIPT-SHL,W-01-10000,10,0,0,0.0,10,RABUN,0.0,3/25/2024 8:55,3/27/2024 8:07,Price Code 1,CUSTOMER PICKUP,False,Sharing Floor Rabun,02-SH,30525.0,Clayton,"ASSORTED NON-FOOD ITEMS, SHL",Dry Dry Dry Dry Non-Food Misc.
731,173755,5938,F-138,Freedom Ministries Lighthouse,477384,,ON PREMISES (OP),REHAB-Agency,BLUE RECEIPT-SHL,C-28-10001,18,0,0,0.54,18,RABUN,0.03,1/29/2024 10:11,1/29/2024 10:16,Price Code 1,CUSTOMER PICKUP,False,Sharing Floor Rabun,02-SH,30552.0,Lakemont,"PRODUCE, FRESH SHL",Cooled Cooled Cooled Cooled Mixed Produce
919,181277,8986,F-132,Fight Abuse in the Home (FAITH),FAIMPORT483882,,ON PREMISES (OP),SHELTER-Agency,BLUE RECEIPT-SHL,MCW-01-10001,9,0,0,0.0,9,RABUN,0.0,5/16/2024 0:00,5/16/2024 0:00,Price Code 1,CUSTOMER PICKUP,False,Food Bank of Northeast Georgia,01,30525.0,Clayton,"NON-FOOD ITEMS, SHL RETAIL PICKUPS",Dry Dry Dry Dry Non-Food Misc.
602,182607,4327,10-NGAR,Food Bank of Northeast Georgia Rabun,485210,,FOOD BANK,EMERGENCY-Agency,USDA,N-50-10277,13,0,0,0.0,351,RABUN,0.0,6/28/2024 8:01,6/28/2024 7:26,Price Code 1,CUSTOMER PICKUP,False,Rabun Warehouse,02,30525.0,Clayton,USDA GARBANZO BEANS,Dry Dry Dry Dry Proteins
919,179772,8986,F-132,Fight Abuse in the Home (FAITH),FAIMPORT482385,,ON PREMISES (OP),SHELTER-Agency,BLUE RECEIPT-SHL,MCW-01-10001,1,0,0,0.0,1,RABUN,0.0,4/25/2024 0:00,4/25/2024 0:00,Price Code 1,CUSTOMER PICKUP,False,Food Bank of Northeast Georgia,01,30525.0,Clayton,"NON-FOOD ITEMS, SHL RETAIL PICKUPS",Dry Dry Dry Dry Non-Food Misc.
731,177481,5938,F-138,Freedom Ministries Lighthouse,480101,,ON PREMISES (OP),REHAB-Agency,BLUE RECEIPT-SHL,C-28-10001,50,0,0,1.5,50,RABUN,0.03,3/18/2024 10:11,3/18/2024 11:30,Price Code 1,CUSTOMER PICKUP,False,Sharing Floor Rabun,02-SH,30552.0,Lakemont,"PRODUCE, FRESH SHL",Cooled Cooled Cooled Cooled Mixed Produce
919,182353,8973,F-132,Fight Abuse in the Home (FAITH),FAIMPORT484957,,ON PREMISES (OP),SHELTER-Agency,BLUE RECEIPT-SHL,MCC-16-10001,11,0,0,0.0,11,RABUN,0.0,6/6/2024 0:00,6/6/2024 0:00,Price Code 1,CUSTOMER PICKUP,False,Food Bank of Northeast Georgia,01,30525.0,Clayton,"COOLER FOOD MISC., SHL RETAIL PICKUP",Dry Dry Dry Dry Food Misc.
602,180716,890,10-NGAR,Food Bank of Northeast Georgia Rabun,483322,,FOOD BANK,EMERGENCY-Agency,GNAP,N-40-10001,7,0,0,0.0,189,RABUN,0.0,5/13/2024 8:55,5/13/2024 11:41,Price Code 1,CUSTOMER PICKUP,False,Rabun Warehouse,02,30525.0,Clayton,GNAP APPLE SAUCE,Dry Dry Dry Dry Fruits
577,172925,690,S-133,Sharing and Caring - Clayton,476556,,FP/GNAP/USDA,FOOD PANTRY-Agency,BLUE RECEIPT-SHL,W-03-10013,67,0,0,2.01,67,RABUN,0.03,1/11/2024 9:50,1/11/2024 10:19,Price Code 1,CUSTOMER PICKUP,False,Sharing Floor Rabun,02-SH,30525.0,Clayton,"ASSORTED BEVERAGES, SHL",Dry Dry Dry Dry Beverages
602,173845,8914,10-NGAR,Food Bank of Northeast Georgia Rabun,477474,,FOOD BANK,EMERGENCY-Agency,USDA,N-50-10310,13,0,0,0.0,351,RABUN,0.0,1/30/2024 8:55,1/30/2024 13:41,Price Code 1,CUSTOMER PICKUP,False,Rabun Warehouse,02,30525.0,Clayton,USDA DICED POTATOES,Dry Dry Dry Dry Potatoes
919,177843,8986,F-132,Fight Abuse in the Home (FAITH),FAIMPORT480462,,ON PREMISES (OP),SHELTER-Agency,BLUE RECEIPT-SHL,MCW-01-10001,1,0,0,0.0,1,RABUN,0.0,3/21/2024 0:00,3/21/2024 0:00,Price Code 1,CUSTOMER PICKUP,False,Food Bank of Northeast Georgia,01,30525.0,Clayton,"NON-FOOD ITEMS, SHL RETAIL PICKUPS",Dry Dry Dry Dry Non-Food Misc.
602,176682,1047,10-NGAR,Food Bank of Northeast Georgia Rabun,479305,,FOOD BANK,EMERGENCY-Agency,USDA,N-50-10041,13,0,0,0.0,637,RABUN,0.0,3/5/2024 8:55,3/5/2024 10:31,Price Code 1,CUSTOMER PICKUP,False,Rabun Warehouse,02,30525.0,Clayton,USDA RICE,Dry Dry Dry Dry Grains
577,178056,688,S-133,Sharing and Caring - Clayton,480675,,FP/GNAP/USDA,FOOD PANTRY-Agency,BLUE RECEIPT-SHL,W-01-10000,142,0,0,25.56,142,RABUN,0.18,4/2/2024 9:50,4/2/2024 13:35,Price Code 1,CUSTOMER PICKUP,False,Rabun Warehouse,02,30525.0,Clayton,"ASSORTED NON-FOOD ITEMS, SHL",Dry Dry Dry Dry Non-Food Misc.
602,181496,1674,10-NGAR,Food Bank of Northeast Georgia Rabun,484100,,FOOD BANK,EMERGENCY-Agency,USDA,N-50-10073,13,0,0,0.0,351,RABUN,0.0,5/29/2024 8:55,5/29/2024 8:59,Price Code 1,CUSTOMER PICKUP,False,Rabun Warehouse,02,30525.0,Clayton,USDA TOMATO SAUCE,Dry Dry Dry Dry Vegetables
731,177481,683,F-138,Freedom Ministries Lighthouse,480101,,ON PREMISES (OP),REHAB-Agency,BLUE RECEIPT-SHL,W-16-10001,156,0,0,28.08,156,RABUN,0.18,3/18/2024 10:11,3/18/2024 11:30,Price Code 1,CUSTOMER PICKUP,False,Sharing Floor Rabun,02-SH,30552.0,Lakemont,MISC. FOOD BOX SHL,Dry Dry Dry Dry Food Misc.
905,177059,7082,R-127,Rabun Christian Food Ministry,479681,,FP/USDA,FOOD PANTRY-Agency,USDA,C-50-10033,24,0,0,0.0,288,RABUN,0.0,3/14/2024 11:38,3/18/2024 7:22,Price Code 1,CUSTOMER PICKUP,False,Rabun Warehouse,02,30525.0,Clayton,USDA SHREDDED YELLOW CHEDDAR CHEESE CCC,Cooled Cooled Cooled Cooled Dairy
731,179870,5388,F-138,Freedom Ministries Lighthouse,482481,,ON PREMISES (OP),REHAB-Agency,BLUE RECEIPT-SHL,F-16-10001,30,0,0,5.4,30,RABUN,0.18,4/30/2024 10:11,4/30/2024 11:40,Price Code 1,CUSTOMER PICKUP,False,Sharing Floor Rabun,02-SH,30552.0,Lakemont,"ASSORTED FROZEN FOODS, SHL",Frozen Frozen Frozen Frozen Food Misc.
602,182609,4327,10-NGAR,Food Bank of Northeast Georgia Rabun,485212,,FOOD BANK,EMERGENCY-Agency,USDA,N-50-10277,13,0,0,0.0,351,RABUN,0.0,6/28/2024 8:55,6/28/2024 7:25,Price Code 1,CUSTOMER PICKUP,False,Rabun Warehouse,02,30525.0,Clayton,USDA GARBANZO BEANS,Dry Dry Dry Dry Proteins
577,180750,7298,S-133,Sharing and Caring - Clayton,483356,,FP/GNAP/USDA,FOOD PANTRY-Agency,GNAP,N-40-10248,2,0,0,0.0,28,RABUN,0.0,5/16/2024 13:00,5/16/2024 13:27,Price Code 1,CUSTOMER PICKUP,False,Rabun Warehouse,02,30525.0,Clayton,GNAP BAKING AND BISCUIT MIX,Dry Dry Dry Dry Grains
824,176789,5938,R-124,Rabun Gap Presbyterian Church,479412,,FP/USDA,MOBILE PANTRY-Agency,BLUE RECEIPT-SHL,C-28-10001,7000,0,0,0.0,7000,RABUN,0.0,3/7/2024 8:57,3/8/2024 6:57,Price Code 1,CUSTOMER PICKUP,False,Sharing Floor Rabun,02-SH,30568.0,Rabun Gap,"PRODUCE, FRESH SHL",Cooled Cooled Cooled Cooled Mixed Produce
602,181494,3943,10-NGAR,Food Bank of Northeast Georgia Rabun,484098,,FOOD BANK,EMERGENCY-Agency,USDA,N-50-10268,8,0,0,0.0,304,RABUN,0.0,5/29/2024 8:55,5/29/2024 8:45,Price Code 1,CUSTOMER PICKUP,False,Rabun Warehouse,02,30525.0,Clayton,USDA APPLE JUICE,Dry Dry Dry Dry Beverages
919,178407,8973,F-132,Fight Abuse in the Home (FAITH),FAIMPORT481023,,ON PREMISES (OP),SHELTER-Agency,BLUE RECEIPT-SHL,MCC-16-10001,70,0,0,0.0,70,RABUN,0.0,4/4/2024 0:00,4/4/2024 0:00,Price Code 1,CUSTOMER PICKUP,False,Food Bank of Northeast Georgia,01,30525.0,Clayton,"COOLER FOOD MISC., SHL RETAIL PICKUP",Dry Dry Dry Dry Food Misc.
731,175873,5938,F-138,Freedom Ministries Lighthouse,478501,,ON PREMISES (OP),REHAB-Agency,BLUE RECEIPT-SHL,C-28-10001,177,0,0,5.31,177,RABUN,0.03,2/20/2024 10:11,2/20/2024 11:45,Price Code 1,CUSTOMER PICKUP,False,Sharing Floor Rabun,02-SH,30552.0,Lakemont,"PRODUCE, FRESH SHL",Cooled Cooled Cooled Cooled Mixed Produce
364,177122,690,M-110,Mountain Grove Baptist Church,479743,,FOOD PANTRY,FOOD PANTRY-Agency,BLUE RECEIPT-SHL,W-03-10013,2,0,0,0.06,2,RABUN,0.03,3/12/2024 13:32,3/12/2024 9:37,Price Code 1,CUSTOMER PICKUP,False,Sharing Floor Rabun,02-SH,30525.0,Clayton,"ASSORTED BEVERAGES, SHL",Dry Dry Dry Dry Beverages
577,175576,683,S-133,Sharing and Caring - Clayton,478204,,FP/GNAP/USDA,FOOD PANTRY-Agency,BLUE RECEIPT-SHL,W-16-10001,104,0,0,18.72,104,RABUN,0.18,2/13/2024 9:50,2/13/2024 13:30,Price Code 1,CUSTOMER PICKUP,False,Sharing Floor Rabun,02-SH,30525.0,Clayton,MISC. FOOD BOX SHL,Dry Dry Dry Dry Food Misc.
658,180096,9046,W-130,Wolf Creek Baptist Church,482704,,FP/GNAP/USDA,FOOD PANTRY-Agency,GNAP,N-40-10280,2,0,0,0.0,20,RABUN,0.0,5/7/2024 8:15,5/7/2024 9:11,Price Code 1,CUSTOMER PICKUP,False,Rabun Warehouse,02,30576.0,Tiger,GNAP CHEESEBURGER DINNER,Dry Dry Dry Dry Prepared Meals
824,179084,842,R-124,Rabun Gap Presbyterian Church,481698,,FP/USDA,MOBILE PANTRY-Agency,USDA,N-50-10021,102,0,0,0.0,2754,RABUN,0.0,4/17/2024 8:57,4/22/2024 8:49,Price Code 1,CUSTOMER PICKUP,False,Rabun Warehouse,02,30568.0,Rabun Gap,USDA DICED TOMATOES NO SALT CCC,Dry Dry Dry Dry Vegetables
731,178093,5388,F-138,Freedom Ministries Lighthouse,480712,,ON PREMISES (OP),REHAB-Agency,BLUE RECEIPT-SHL,F-16-10001,138,0,0,24.84,138,RABUN,0.18,4/1/2024 10:11,4/2/2024 9:16,Price Code 1,CUSTOMER PICKUP,False,Rabun Warehouse,02,30552.0,Lakemont,"ASSORTED FROZEN FOODS, SHL",Frozen Frozen Frozen Frozen Food Misc.
364,175190,5388,M-110,Mountain Grove Baptist Church,477819,,FOOD PANTRY,FOOD PANTRY-Agency,BLUE RECEIPT-SHL,F-16-10001,110,0,0,19.8,110,RABUN,0.18,2/6/2024 13:32,2/6/2024 9:37,Price Code 1,CUSTOMER PICKUP,False,Sharing Floor Rabun,02-SH,30525.0,Clayton,"ASSORTED FROZEN FOODS, SHL",Frozen Frozen Frozen Frozen Food Misc.
577,176101,8720,S-133,Sharing and Caring - Clayton,478728,,FP/GNAP/USDA,FOOD PANTRY-Agency,USDA,N-50-10305,1,0,0,2.52,14,RABUN,0.18,2/27/2024 9:50,2/27/2024 13:42,Price Code 1,CUSTOMER PICKUP,False,Rabun Warehouse,02,30525.0,Clayton,USDA MIXED VegetablesCCC,Dry Dry Dry Dry Vegetables
602,182607,84,10-NGAR,Food Bank of Northeast Georgia Rabun,485210,,FOOD BANK,EMERGENCY-Agency,USDA,N-50-10006,36,0,0,0.0,972,RABUN,0.0,6/28/2024 8:01,6/28/2024 7:26,Price Code 1,CUSTOMER PICKUP,False,Rabun Warehouse,02,30525.0,Clayton,USDA GREEN BEANS,Dry Dry Dry Dry Vegetables
824,177064,6816,R-124,Rabun Gap Presbyterian Church,479686,,FP/USDA,MOBILE PANTRY-Agency,BLUE RECEIPT-SHL,C-28-90345,42,0,0,0.0,2100,RABUN,0.0,3/15/2024 8:57,3/18/2024 11:03,Price Code 1,CUSTOMER PICKUP,False,Rabun Warehouse,02,30568.0,Rabun Gap,CARROTS,Cooled Cooled Cooled Cooled Vegetables
919,181276,8986,F-132,Fight Abuse in the Home (FAITH),FAIMPORT483881,,ON PREMISES (OP),SHELTER-Agency,BLUE RECEIPT-SHL,MCW-01-10001,345,0,0,0.0,345,RABUN,0.0,5/20/2024 0:00,5/20/2024 0:00,Price Code 1,CUSTOMER PICKUP,False,Food Bank of Northeast Georgia,01,30525.0,Clayton,"NON-FOOD ITEMS, SHL RETAIL PICKUPS",Dry Dry Dry Dry Non-Food Misc.
824,177064,8690,R-124,Rabun Gap Presbyterian Church,479686,,FP/USDA,MOBILE PANTRY-Agency,USDA,N-50-10302,170,0,0,0.0,2380,RABUN,0.0,3/15/2024 8:57,3/18/2024 11:03,Price Code 1,CUSTOMER PICKUP,False,Rabun Warehouse,02,30568.0,Rabun Gap,USDA GREEN BEANS CCC,Dry Dry Dry Dry Vegetables
602,182609,3139,10-NGAR,Food Bank of Northeast Georgia Rabun,485212,,FOOD BANK,EMERGENCY-Agency,USDA,N-50-10290,13,0,0,0.0,325,RABUN,0.0,6/28/2024 8:55,6/28/2024 7:25,Price Code 1,CUSTOMER PICKUP,False,Rabun Warehouse,02,30525.0,Clayton,USDA WHOLE ALMONDS DRY ROASTED,Dry Dry Dry Dry Proteins
905,177059,4327,R-127,Rabun Christian Food Ministry,479681,,FP/USDA,FOOD PANTRY-Agency,USDA,N-50-10277,12,0,0,58.32,324,RABUN,0.18,3/14/2024 11:38,3/18/2024 7:22,Price Code 1,CUSTOMER PICKUP,False,Rabun Warehouse,02,30525.0,Clayton,USDA GARBANZO BEANS,Dry Dry Dry Dry Proteins
824,180711,170,R-124,Rabun Gap Presbyterian Church,483317,,FP/USDA,MOBILE PANTRY-Agency,USDA,N-50-10007,85,0,0,0.0,2380,RABUN,0.0,5/17/2024 8:57,5/17/2024 7:19,Price Code 1,CUSTOMER PICKUP,False,Rabun Warehouse,02,30568.0,Rabun Gap,"USDA CORN, WHOLE KERNEL NO SALT",Dry Dry Dry Dry Vegetables
773,180413,683,P-122,Persimmon Baptist Church,483019,,FOOD PANTRY,FOOD PANTRY-Agency,BLUE RECEIPT-SHL,W-16-10001,31,0,0,5.58,31,RABUN,0.18,5/8/2024 11:44,5/8/2024 10:11,Price Code 1,CUSTOMER PICKUP,False,Sharing Floor Athens,01-SH,30525.0,Clayton,MISC. FOOD BOX SHL,Dry Dry Dry Dry Food Misc.
602,172534,8853,10-NGAR,Food Bank of Northeast Georgia Rabun,476165,,FOOD BANK,EMERGENCY-Agency,PURCH,N-23-10011,45,0,0,0.0,585,RABUN,0.0,1/4/2024 8:55,1/5/2024 14:44,Price Code 1,CUSTOMER PICKUP,False,Rabun Warehouse,02,30525.0,Clayton,"CRUNCHY PEANUT BUTTER, MEIJER",Dry Dry Dry Dry Proteins
346,182467,4269,F-114,Flat Creek Baptist Church,485071,,FP/GNAP/USDA,FOOD PANTRY-Agency,USDA,N-50-10273,3,0,0,12.96,72,RABUN,0.18,6/26/2024 14:00,6/26/2024 13:46,Price Code 1,CUSTOMER PICKUP,False,Rabun Warehouse,02,30552.0,Lakemont,USDA DRY NAVY BEANS CCC,Dry Dry Dry Dry Proteins
919,177573,8986,F-132,Fight Abuse in the Home (FAITH),FAIMPORT480193,,ON PREMISES (OP),SHELTER-Agency,BLUE RECEIPT-SHL,MCW-01-10001,12,0,0,0.0,12,RABUN,0.0,3/18/2024 0:00,3/18/2024 0:00,Price Code 1,CUSTOMER PICKUP,False,Food Bank of Northeast Georgia,01,30525.0,Clayton,"NON-FOOD ITEMS, SHL RETAIL PICKUPS",Dry Dry Dry Dry Non-Food Misc.
824,182424,5938,R-124,Rabun Gap Presbyterian Church,485028,,FP/USDA,MOBILE PANTRY-Agency,BLUE RECEIPT-SHL,C-28-10001,3000,0,0,0.0,3000,RABUN,0.0,6/20/2024 8:57,6/20/2024 10:18,Price Code 1,CUSTOMER PICKUP,False,Sharing Floor Rabun,02-SH,30568.0,Rabun Gap,"PRODUCE, FRESH SHL",Cooled Cooled Cooled Cooled Mixed Produce
364,181123,690,M-110,Mountain Grove Baptist Church,483728,,FOOD PANTRY,FOOD PANTRY-Agency,BLUE RECEIPT-SHL,W-03-10013,73,0,0,2.19,73,RABUN,0.03,5/21/2024 13:32,5/21/2024 9:23,Price Code 1,CUSTOMER PICKUP,False,Sharing Floor Rabun,02-SH,30525.0,Clayton,"ASSORTED BEVERAGES, SHL",Dry Dry Dry Dry Beverages
919,181967,8973,F-132,Fight Abuse in the Home (FAITH),FAIMPORT484571,,ON PREMISES (OP),SHELTER-Agency,BLUE RECEIPT-SHL,MCC-16-10001,84,0,0,0.0,84,RABUN,0.0,6/3/2024 0:00,6/3/2024 0:00,Price Code 1,CUSTOMER PICKUP,False,Food Bank of Northeast Georgia,01,30525.0,Clayton,"COOLER FOOD MISC., SHL RETAIL PICKUP",Dry Dry Dry Dry Food Misc.
577,179460,5388,S-133,Sharing and Caring - Clayton,482073,,FP/GNAP/USDA,FOOD PANTRY-Agency,BLUE RECEIPT-SHL,F-16-10001,25,0,0,4.5,25,RABUN,0.18,4/23/2024 9:50,4/23/2024 13:12,Price Code 1,CUSTOMER PICKUP,False,Sharing Floor Rabun,02-SH,30525.0,Clayton,"ASSORTED FROZEN FOODS, SHL",Frozen Frozen Frozen Frozen Food Misc.
364,173830,5388,M-110,Mountain Grove Baptist Church,477459,,FOOD PANTRY,FOOD PANTRY-Agency,BLUE RECEIPT-SHL,F-16-10001,140,0,0,25.2,140,RABUN,0.18,1/30/2024 13:32,1/30/2024 9:44,Price Code 1,CUSTOMER PICKUP,False,Sharing Floor Rabun,02-SH,30525.0,Clayton,"ASSORTED FROZEN FOODS, SHL",Frozen Frozen Frozen Frozen Food Misc.
824,173336,8761,R-124,Rabun Gap Presbyterian Church,476965,,FP/USDA,MOBILE PANTRY-Agency,USDA,N-50-10306,72,0,0,0.0,1800,RABUN,0.0,2/16/2024 8:57,2/20/2024 15:52,Price Code 1,CUSTOMER PICKUP,False,Rabun Warehouse,02,30568.0,Rabun Gap,USDA WHOLE DEGLET DATES,Dry Dry Dry Dry Fruits
824,175331,5388,R-124,Rabun Gap Presbyterian Church,477960,,FP/USDA,MOBILE PANTRY-Agency,BLUE RECEIPT-SHL,F-16-10001,1500,0,0,0.0,1500,RABUN,0.0,2/8/2024 8:57,2/8/2024 9:16,Price Code 1,CUSTOMER PICKUP,False,Sharing Floor Rabun,02-SH,30568.0,Rabun Gap,"ASSORTED FROZEN FOODS, SHL",Frozen Frozen Frozen Frozen Food Misc.
919,177572,8973,F-132,Fight Abuse in the Home (FAITH),FAIMPORT480192,,ON PREMISES (OP),SHELTER-Agency,BLUE RECEIPT-SHL,MCC-16-10001,5,0,0,0.0,5,RABUN,0.0,3/18/2024 0:00,3/18/2024 0:00,Price Code 1,CUSTOMER PICKUP,False,Food Bank of Northeast Georgia,01,30525.0,Clayton,"COOLER FOOD MISC., SHL RETAIL PICKUP",Dry Dry Dry Dry Food Misc.
602,173845,170,10-NGAR,Food Bank of Northeast Georgia Rabun,477474,,FOOD BANK,EMERGENCY-Agency,USDA,N-50-10007,13,0,0,0.0,364,RABUN,0.0,1/30/2024 8:55,1/30/2024 13:41,Price Code 1,CUSTOMER PICKUP,False,Rabun Warehouse,02,30525.0,Clayton,"USDA CORN, WHOLE KERNEL NO SALT",Dry Dry Dry Dry Vegetables
602,182609,2202,10-NGAR,Food Bank of Northeast Georgia Rabun,485212,,FOOD BANK,EMERGENCY-Agency,USDA,N-50-10240,15,0,0,0.0,330,RABUN,0.0,6/28/2024 8:55,6/28/2024 7:25,Price Code 1,CUSTOMER PICKUP,False,Rabun Warehouse,02,30525.0,Clayton,USDA SPAGHETTI,Dry Dry Dry Dry Grains
602,179920,1481,10-NGAR,Food Bank of Northeast Georgia Rabun,482531,,FOOD BANK,EMERGENCY-Agency,USDA,N-50-10105,13,0,0,0.0,221,RABUN,0.0,5/1/2024 8:55,5/1/2024 7:09,Price Code 1,CUSTOMER PICKUP,False,Rabun Warehouse,02,30525.0,Clayton,USDA DRIED CHERRIES CCC,Dry Dry Dry Dry Fruits
658,180492,7083,W-130,Wolf Creek Baptist Church,483098,,FP/GNAP/USDA,FOOD PANTRY-Agency,USDA,C-50-10029,2,0,0,4.32,24,RABUN,0.18,5/13/2024 8:00,5/13/2024 7:13,Price Code 1,CUSTOMER PICKUP,False,Rabun Warehouse,02,30576.0,Tiger,"USDA MILD CHEDDAR CHEESE, BLOCK CCC",Cooled Cooled Cooled Cooled Dairy
577,173603,8720,S-133,Sharing and Caring - Clayton,477232,,FP/GNAP/USDA,FOOD PANTRY-Agency,USDA,N-50-10305,2,0,0,5.04,28,RABUN,0.18,1/30/2024 9:50,1/30/2024 13:26,Price Code 1,CUSTOMER PICKUP,False,Rabun Warehouse,02,30525.0,Clayton,USDA MIXED VegetablesCCC,Dry Dry Dry Dry Vegetables
346,182479,688,F-114,Flat Creek Baptist Church,485083,,FP/GNAP/USDA,FOOD PANTRY-Agency,BLUE RECEIPT-SHL,W-01-10000,8,0,0,1.44,8,RABUN,0.18,6/21/2024 12:44,6/21/2024 13:29,Price Code 1,CUSTOMER PICKUP,False,Sharing Floor Rabun,02-SH,30552.0,Lakemont,"ASSORTED NON-FOOD ITEMS, SHL",Dry Dry Dry Dry Non-Food Misc.
731,172704,5388,F-138,Freedom Ministries Lighthouse,476335,,ON PREMISES (OP),REHAB-Agency,BLUE RECEIPT-SHL,F-16-10001,53,0,0,9.54,53,RABUN,0.18,1/8/2024 10:11,1/8/2024 9:51,Price Code 1,CUSTOMER PICKUP,False,Sharing Floor Rabun,02-SH,30552.0,Lakemont,"ASSORTED FROZEN FOODS, SHL",Frozen Frozen Frozen Frozen Food Misc.
577,176307,683,S-133,Sharing and Caring - Clayton,478932,,FP/GNAP/USDA,FOOD PANTRY-Agency,BLUE RECEIPT-SHL,W-16-10001,84,0,0,15.12,84,RABUN,0.18,2/27/2024 9:50,2/27/2024 13:58,Price Code 1,CUSTOMER PICKUP,False,Sharing Floor Rabun,02-SH,30525.0,Clayton,MISC. FOOD BOX SHL,Dry Dry Dry Dry Food Misc.
824,173336,4788,R-124,Rabun Gap Presbyterian Church,476965,,FP/USDA,MOBILE PANTRY-Agency,USDA,F-50-90039,35,0,0,0.0,1400,RABUN,0.0,2/16/2024 8:57,2/20/2024 15:52,Price Code 1,CUSTOMER PICKUP,False,Rabun Warehouse,02,30568.0,Rabun Gap,USDA CATFISH FILLETS CCC,Frozen Frozen Frozen Frozen Proteins
602,179920,8720,10-NGAR,Food Bank of Northeast Georgia Rabun,482531,,FOOD BANK,EMERGENCY-Agency,USDA,N-50-10305,26,0,0,0.0,364,RABUN,0.0,5/1/2024 8:55,5/1/2024 7:09,Price Code 1,CUSTOMER PICKUP,False,Rabun Warehouse,02,30525.0,Clayton,USDA MIXED VegetablesCCC,Dry Dry Dry Dry Vegetables
658,180492,9043,W-130,Wolf Creek Baptist Church,483098,,FP/GNAP/USDA,FOOD PANTRY-Agency,GNAP,N-40-10277,3,0,0,0.0,24,RABUN,0.0,5/13/2024 8:00,5/13/2024 7:13,Price Code 1,CUSTOMER PICKUP,False,Rabun Warehouse,02,30576.0,Tiger,GNAP DELUXE SHELLS & CHEESE,Dry Dry Dry Dry Prepared Meals
773,176590,688,P-122,Persimmon Baptist Church,479214,,FOOD PANTRY,FOOD PANTRY-Agency,BLUE RECEIPT-SHL,W-01-10000,15,0,0,2.7,15,RABUN,0.18,3/4/2024 11:44,3/4/2024 8:29,Price Code 1,CUSTOMER PICKUP,False,Sharing Floor Rabun,02-SH,30525.0,Clayton,"ASSORTED NON-FOOD ITEMS, SHL",Dry Dry Dry Dry Non-Food Misc.
919,182218,8970,F-132,Fight Abuse in the Home (FAITH),FAIMPORT484822,,ON PREMISES (OP),SHELTER-Agency,BLUE RECEIPT-SHL,MCW-16-10001,1,0,0,0.0,1,RABUN,0.0,6/13/2024 0:00,6/13/2024 0:00,Price Code 1,CUSTOMER PICKUP,False,Food Bank of Northeast Georgia,01,30525.0,Clayton,"MISC. FOOD BOX, SHL RETAIL PICKUP",Dry Dry Dry Dry Food Misc.
577,179272,8497,S-133,Sharing and Caring - Clayton,481885,,FP/GNAP/USDA,FOOD PANTRY-Agency,USDA,C-50-10048,1,0,0,1.6,32,RABUN,0.05,4/23/2024 9:50,4/23/2024 13:09,Price Code 1,CUSTOMER PICKUP,False,Rabun Warehouse,02,30525.0,Clayton,USDA MANDARIN ORANGES,Cooled Cooled Cooled Cooled Fruits
773,173375,5938,P-122,Persimmon Baptist Church,477004,,FOOD PANTRY,FOOD PANTRY-Agency,BLUE RECEIPT-SHL,C-28-10001,6,0,0,0.18,6,RABUN,0.03,1/22/2024 11:44,1/22/2024 8:44,Price Code 1,CUSTOMER PICKUP,False,Sharing Floor Rabun,02-SH,30525.0,Clayton,"PRODUCE, FRESH SHL",Cooled Cooled Cooled Cooled Mixed Produce
905,180676,1674,R-127,Rabun Christian Food Ministry,483282,,FP/USDA,FOOD PANTRY-Agency,USDA,N-50-10073,12,0,0,58.32,324,RABUN,0.18,5/15/2024 8:00,5/20/2024 10:42,Price Code 1,CUSTOMER PICKUP,False,Rabun Warehouse,02,30525.0,Clayton,USDA TOMATO SAUCE,Dry Dry Dry Dry Vegetables
824,180522,875,R-124,Rabun Gap Presbyterian Church,483128,,FP/USDA,MOBILE PANTRY-Agency,BLUE RECEIPT-SHL,W-04-10000,3000,0,0,0.0,3000,RABUN,0.0,5/9/2024 8:57,5/9/2024 9:57,Price Code 1,CUSTOMER PICKUP,False,Sharing Floor Rabun,02-SH,30568.0,Rabun Gap,"BREAD & BAKERY, ASSORTED SHL",Dry Dry Dry Dry Grains
731,172704,5938,F-138,Freedom Ministries Lighthouse,476335,,ON PREMISES (OP),REHAB-Agency,BLUE RECEIPT-SHL,C-28-10001,133,0,0,3.99,133,RABUN,0.03,1/8/2024 10:11,1/8/2024 9:51,Price Code 1,CUSTOMER PICKUP,False,Sharing Floor Rabun,02-SH,30552.0,Lakemont,"PRODUCE, FRESH SHL",Cooled Cooled Cooled Cooled Mixed Produce
824,175687,5938,R-124,Rabun Gap Presbyterian Church,478315,,FP/USDA,MOBILE PANTRY-Agency,BLUE RECEIPT-SHL,C-28-10001,5000,0,0,0.0,5000,RABUN,0.0,2/15/2024 8:57,2/15/2024 10:29,Price Code 1,CUSTOMER PICKUP,False,Sharing Floor Rabun,02-SH,30568.0,Rabun Gap,"PRODUCE, FRESH SHL",Cooled Cooled Cooled Cooled Mixed Produce
731,173110,50,F-138,Freedom Ministries Lighthouse,476740,,ON PREMISES (OP),REHAB-Agency,LOCAL - LL,W-16-10002,109,0,0,19.62,109,RABUN,0.18,1/16/2024 10:11,1/16/2024 10:45,Price Code 1,CUSTOMER PICKUP,False,Sharing Floor Rabun,02-SH,30552.0,Lakemont,MISC. FOOD BOX LL,Dry Dry Dry Dry Food Misc.
602,177709,3139,10-NGAR,Food Bank of Northeast Georgia Rabun,480329,,FOOD BANK,EMERGENCY-Agency,USDA,N-50-10290,13,0,0,0.0,325,RABUN,0.0,3/21/2024 8:55,3/21/2024 9:49,Price Code 1,CUSTOMER PICKUP,False,Rabun Warehouse,02,30525.0,Clayton,USDA WHOLE ALMONDS DRY ROASTED,Dry Dry Dry Dry Proteins
602,172534,4555,10-NGAR,Food Bank of Northeast Georgia Rabun,476165,,FOOD BANK,EMERGENCY-Agency,USDA,F-50-90042,28,0,0,0.0,1120,RABUN,0.0,1/4/2024 8:55,1/5/2024 14:44,Price Code 1,CUSTOMER PICKUP,False,Rabun Warehouse,02,30525.0,Clayton,USDA CHICKEN DRUMSTICKS CCC,Frozen Frozen Frozen Frozen Proteins
905,172424,8853,R-127,Rabun Christian Food Ministry,476055,,FP/USDA,FOOD PANTRY-Agency,PURCH,N-23-10011,12,0,0,28.08,156,RABUN,0.18,1/12/2024 11:38,1/16/2024 10:54,Price Code 1,CUSTOMER PICKUP,False,Rabun Warehouse,02,30525.0,Clayton,"CRUNCHY PEANUT BUTTER, MEIJER",Dry Dry Dry Dry Proteins
602,179984,4327,10-NGAR,Food Bank of Northeast Georgia Rabun,482593,,FOOD BANK,EMERGENCY-Agency,USDA,N-50-10277,13,0,0,0.0,351,RABUN,0.0,5/1/2024 8:55,5/1/2024 14:45,Price Code 1,CUSTOMER PICKUP,False,Rabun Warehouse,02,30525.0,Clayton,USDA GARBANZO BEANS,Dry Dry Dry Dry Proteins
364,178585,690,M-110,Mountain Grove Baptist Church,481201,,FOOD PANTRY,FOOD PANTRY-Agency,BLUE RECEIPT-SHL,W-03-10013,89,0,0,2.67,89,RABUN,0.03,4/9/2024 13:32,4/9/2024 9:24,Price Code 1,CUSTOMER PICKUP,False,Sharing Floor Rabun,02-SH,30525.0,Clayton,"ASSORTED BEVERAGES, SHL",Dry Dry Dry Dry Beverages
577,182207,9044,S-133,Sharing and Caring - Clayton,484811,,FP/GNAP/USDA,FOOD PANTRY-Agency,GNAP,N-40-10278,1,0,0,0.0,8,RABUN,0.0,6/21/2024 13:00,6/21/2024 9:13,Price Code 1,CUSTOMER PICKUP,False,Rabun Warehouse,02,30525.0,Clayton,"GNAP PASTA SIDE, ALFREDO ",Dry Dry Dry Dry Prepared Meals
602,175612,8903,10-NGAR,Food Bank of Northeast Georgia Rabun,478240,,FOOD BANK,EMERGENCY-Agency,YELLOW RECEIPT - SHN,N-16-10181,101,0,0,0.0,505,RABUN,0.0,2/14/2024 8:55,2/14/2024 9:31,Price Code 1,CUSTOMER PICKUP,False,Rabun Warehouse,02,30525.0,Clayton,STOVE TOP STUFFING - TURKEY/CHICKEN/CORNBREAD,Dry Dry Dry Dry Prepared Meals
824,177300,5388,R-124,Rabun Gap Presbyterian Church,479920,,FP/USDA,MOBILE PANTRY-Agency,BLUE RECEIPT-SHL,F-16-10001,1000,0,0,0.0,1000,RABUN,0.0,3/14/2024 8:57,3/14/2024 10:12,Price Code 1,CUSTOMER PICKUP,False,Sharing Floor Rabun,02-SH,30568.0,Rabun Gap,"ASSORTED FROZEN FOODS, SHL",Frozen Frozen Frozen Frozen Food Misc.
905,180676,1047,R-127,Rabun Christian Food Ministry,483282,,FP/USDA,FOOD PANTRY-Agency,USDA,N-50-10041,6,0,0,52.92,294,RABUN,0.18,5/15/2024 8:00,5/20/2024 10:42,Price Code 1,CUSTOMER PICKUP,False,Rabun Warehouse,02,30525.0,Clayton,USDA RICE,Dry Dry Dry Dry Grains
577,179272,8997,S-133,Sharing and Caring - Clayton,481885,,FP/GNAP/USDA,FOOD PANTRY-Agency,USDA,N-50-10312,2,0,0,4.32,24,RABUN,0.18,4/23/2024 9:50,4/23/2024 13:09,Price Code 1,CUSTOMER PICKUP,False,Rabun Warehouse,02,30525.0,Clayton,USDA CHILI W/ BEANS CCC,Dry Dry Dry Dry Prepared Meals
824,179084,4788,R-124,Rabun Gap Presbyterian Church,481698,,FP/USDA,MOBILE PANTRY-Agency,USDA,F-50-90039,40,0,0,0.0,1600,RABUN,0.0,4/17/2024 8:57,4/22/2024 8:49,Price Code 1,CUSTOMER PICKUP,False,Rabun Warehouse,02,30568.0,Rabun Gap,USDA CATFISH FILLETS CCC,Frozen Frozen Frozen Frozen Proteins
602,181700,9085,10-NGAR,Food Bank of Northeast Georgia Rabun,484304,,FOOD BANK,EMERGENCY-Agency,USDA,F-50-90476,40,0,0,0.0,1600,RABUN,0.0,5/31/2024 8:55,5/31/2024 14:01,Price Code 1,CUSTOMER PICKUP,False,Rabun Warehouse,02,30525.0,Clayton,USDA PORK LOIN BONELESS CHOPS CCC,Frozen Frozen Frozen Frozen Proteins
824,177064,1521,R-124,Rabun Gap Presbyterian Church,479686,,FP/USDA,MOBILE PANTRY-Agency,USDA,N-50-10104,80,0,0,0.0,2000,RABUN,0.0,3/15/2024 8:57,3/18/2024 11:03,Price Code 1,CUSTOMER PICKUP,False,Rabun Warehouse,02,30568.0,Rabun Gap,USDA LENTIL BEANS,Dry Dry Dry Dry Proteins
602,182063,1521,10-NGAR,Food Bank of Northeast Georgia Rabun,484667,,FOOD BANK,EMERGENCY-Agency,USDA,N-50-10104,18,0,0,0.0,450,RABUN,0.0,6/10/2024 8:55,6/10/2024 8:49,Price Code 1,CUSTOMER PICKUP,False,Rabun Warehouse,02,30525.0,Clayton,USDA LENTIL BEANS,Dry Dry Dry Dry Proteins
364,182096,690,M-110,Mountain Grove Baptist Church,484700,,FOOD PANTRY,FOOD PANTRY-Agency,BLUE RECEIPT-SHL,W-03-10013,10,0,0,0.3,10,RABUN,0.03,6/11/2024 13:32,6/11/2024 9:54,Price Code 1,CUSTOMER PICKUP,False,Sharing Floor Rabun,02-SH,30525.0,Clayton,"ASSORTED BEVERAGES, SHL",Dry Dry Dry Dry Beverages
602,177709,4327,10-NGAR,Food Bank of Northeast Georgia Rabun,480329,,FOOD BANK,EMERGENCY-Agency,USDA,N-50-10277,13,0,0,0.0,351,RABUN,0.0,3/21/2024 8:55,3/21/2024 9:49,Price Code 1,CUSTOMER PICKUP,False,Rabun Warehouse,02,30525.0,Clayton,USDA GARBANZO BEANS,Dry Dry Dry Dry Proteins
577,179050,5407,S-133,Sharing and Caring - Clayton,481664,,FP/GNAP/USDA,FOOD PANTRY-Agency,BLUE RECEIPT-SHL,F-15-10000,113,0,0,20.34,113,RABUN,0.18,4/16/2024 9:50,4/16/2024 13:21,Price Code 1,CUSTOMER PICKUP,False,Sharing Floor Rabun,02-SH,30525.0,Clayton,"MEAT & SEAFOOD, FROZEN SHL",Frozen Frozen Frozen Frozen Proteins
310,173460,84,C-121,Rabun County Family Connection,477089,,FP/OP/GNAP/USDA,COMMUNITY ACTION PROGRAM-Agency,USDA,N-50-10006,12,0,0,58.32,324,RABUN,0.18,3/20/2024 16:09,3/25/2024 8:33,Price Code 1,CUSTOMER PICKUP,False,Rabun Warehouse,02,30525.0,Clayton,USDA GREEN BEANS,Dry Dry Dry Dry Vegetables
346,173681,842,F-114,Flat Creek Baptist Church,477310,,FP/GNAP/USDA,FOOD PANTRY-Agency,USDA,N-50-10021,1,0,0,4.86,27,RABUN,0.18,1/29/2024 12:44,1/29/2024 10:17,Price Code 1,CUSTOMER PICKUP,False,Rabun Warehouse,02,30552.0,Lakemont,USDA DICED TOMATOES NO SALT CCC,Dry Dry Dry Dry Vegetables
577,176712,5388,S-133,Sharing and Caring - Clayton,479335,,FP/GNAP/USDA,FOOD PANTRY-Agency,BLUE RECEIPT-SHL,F-16-10001,54,0,0,9.72,54,RABUN,0.18,3/5/2024 9:50,3/5/2024 14:52,Price Code 1,CUSTOMER PICKUP,False,Sharing Floor Rabun,02-SH,30525.0,Clayton,"ASSORTED FROZEN FOODS, SHL",Frozen Frozen Frozen Frozen Food Misc.
919,177299,683,F-132,Fight Abuse in the Home (FAITH),479919,,ON PREMISES (OP),SHELTER-Agency,BLUE RECEIPT-SHL,W-16-10001,12,0,0,2.16,12,RABUN,0.18,3/14/2024 18:41,3/14/2024 10:09,Price Code 1,CUSTOMER PICKUP,False,Sharing Floor Rabun,02-SH,30525.0,Clayton,MISC. FOOD BOX SHL,Dry Dry Dry Dry Food Misc.
658,173119,84,W-130,Wolf Creek Baptist Church,476749,,FP/GNAP/USDA,FOOD PANTRY-Agency,USDA,N-50-10006,1,0,0,4.86,27,RABUN,0.18,1/19/2024 12:29,1/19/2024 8:34,Price Code 1,CUSTOMER PICKUP,False,Rabun Warehouse,02,30576.0,Tiger,USDA GREEN BEANS,Dry Dry Dry Dry Vegetables
602,181176,170,10-NGAR,Food Bank of Northeast Georgia Rabun,483781,,FOOD BANK,EMERGENCY-Agency,USDA,N-50-10007,13,0,0,65.52,364,RABUN,0.18,5/22/2024 8:55,5/22/2024 8:28,Price Code 1,CUSTOMER PICKUP,False,Rabun Warehouse,02,30525.0,Clayton,"USDA CORN, WHOLE KERNEL NO SALT",Dry Dry Dry Dry Vegetables
824,173336,3139,R-124,Rabun Gap Presbyterian Church,476965,,FP/USDA,MOBILE PANTRY-Agency,USDA,N-50-10290,70,0,0,0.0,1750,RABUN,0.0,2/16/2024 8:57,2/20/2024 15:52,Price Code 1,CUSTOMER PICKUP,False,Rabun Warehouse,02,30568.0,Rabun Gap,USDA WHOLE ALMONDS DRY ROASTED,Dry Dry Dry Dry Proteins
824,182066,4449,R-124,Rabun Gap Presbyterian Church,484670,,FP/USDA,MOBILE PANTRY-Agency,USDA,F-50-90445,48,0,0,0.0,1968,RABUN,0.0,6/14/2024 8:57,6/20/2024 15:30,Price Code 1,CUSTOMER PICKUP,False,Rabun Warehouse,02,30568.0,Rabun Gap,USDA FULLY COOKED PULLED PORK CCC,Frozen Frozen Frozen Frozen Proteins
602,172443,7094,10-NGAR,Food Bank of Northeast Georgia Rabun,476074,,FOOD BANK,EMERGENCY-Agency,PURCH,N-21-10056,117,0,0,0.0,1404,RABUN,0.0,1/3/2024 8:55,1/3/2024 7:13,Price Code 1,CUSTOMER PICKUP,False,Rabun Warehouse,02,30525.0,Clayton,MACARONI & CHEESE,Dry Dry Dry Dry Prepared Meals
658,180096,7151,W-130,Wolf Creek Baptist Church,482704,,FP/GNAP/USDA,FOOD PANTRY-Agency,GNAP,N-40-10232,2,0,0,0.0,20,RABUN,0.0,5/7/2024 8:15,5/7/2024 9:11,Price Code 1,CUSTOMER PICKUP,False,Rabun Warehouse,02,30576.0,Tiger,GNAP STROGANOFF DINNER POUCH,Dry Dry Dry Dry Prepared Meals
577,176935,3122,S-133,Sharing and Caring - Clayton,479557,,FP/GNAP/USDA,FOOD PANTRY-Agency,GNAP,N-40-10174,1,0,0,0.0,14,RABUN,0.0,3/12/2024 9:50,3/12/2024 13:08,Price Code 1,CUSTOMER PICKUP,False,Rabun Warehouse,02,30525.0,Clayton,"GNAP BLACKEYE PEAS, LOW SODIUM",Dry Dry Dry Dry Proteins
602,176682,8690,10-NGAR,Food Bank of Northeast Georgia Rabun,479305,,FOOD BANK,EMERGENCY-Agency,USDA,N-50-10302,13,0,0,0.0,182,RABUN,0.0,3/5/2024 8:55,3/5/2024 10:31,Price Code 1,CUSTOMER PICKUP,False,Rabun Warehouse,02,30525.0,Clayton,USDA GREEN BEANS CCC,Dry Dry Dry Dry Vegetables
602,177709,842,10-NGAR,Food Bank of Northeast Georgia Rabun,480329,,FOOD BANK,EMERGENCY-Agency,USDA,N-50-10021,13,0,0,0.0,351,RABUN,0.0,3/21/2024 8:55,3/21/2024 9:49,Price Code 1,CUSTOMER PICKUP,False,Rabun Warehouse,02,30525.0,Clayton,USDA DICED TOMATOES NO SALT CCC,Dry Dry Dry Dry Vegetables
602,181496,3712,10-NGAR,Food Bank of Northeast Georgia Rabun,484100,,FOOD BANK,EMERGENCY-Agency,USDA,N-50-10266,13,0,0,0.0,351,RABUN,0.0,5/29/2024 8:55,5/29/2024 8:59,Price Code 1,CUSTOMER PICKUP,False,Rabun Warehouse,02,30525.0,Clayton,USDA CANNED PINTO BEANS,Dry Dry Dry Dry Proteins
602,181419,842,10-NGAR,Food Bank of Northeast Georgia Rabun,484023,,FOOD BANK,EMERGENCY-Agency,USDA,N-50-10021,9,0,0,0.0,243,RABUN,0.0,5/28/2024 8:55,5/28/2024 8:17,Price Code 1,CUSTOMER PICKUP,False,Rabun Warehouse,02,30525.0,Clayton,USDA DICED TOMATOES NO SALT CCC,Dry Dry Dry Dry Vegetables
919,182555,8973,F-132,Fight Abuse in the Home (FAITH),FAIMPORT485158,,ON PREMISES (OP),SHELTER-Agency,BLUE RECEIPT-SHL,MCC-16-10001,13,0,0,0.0,13,RABUN,0.0,6/24/2024 0:00,6/24/2024 0:00,Price Code 1,CUSTOMER PICKUP,False,Food Bank of Northeast Georgia,01,30525.0,Clayton,"COOLER FOOD MISC., SHL RETAIL PICKUP",Dry Dry Dry Dry Food Misc.
731,182080,683,F-138,Freedom Ministries Lighthouse,484684,,ON PREMISES (OP),REHAB-Agency,BLUE RECEIPT-SHL,W-16-10001,211,0,0,37.98,211,RABUN,0.18,6/10/2024 10:11,6/10/2024 15:17,Price Code 1,CUSTOMER PICKUP,False,Sharing Floor Rabun,02-SH,30552.0,Lakemont,MISC. FOOD BOX SHL,Dry Dry Dry Dry Food Misc.
577,179050,1045,S-133,Sharing and Caring - Clayton,481664,,FP/GNAP/USDA,FOOD PANTRY-Agency,BLUE RECEIPT-SHL,W-25-10009,28,0,0,5.04,28,RABUN,0.18,4/16/2024 9:50,4/16/2024 13:21,Price Code 1,CUSTOMER PICKUP,False,Sharing Floor Rabun,02-SH,30525.0,Clayton,"ASSORTED SNACK ITEMS, SHL",Dry Dry Dry Dry Food Misc.
919,182352,8970,F-132,Fight Abuse in the Home (FAITH),FAIMPORT484956,,ON PREMISES (OP),SHELTER-Agency,BLUE RECEIPT-SHL,MCW-16-10001,9,0,0,0.0,9,RABUN,0.0,6/17/2024 0:00,6/17/2024 0:00,Price Code 1,CUSTOMER PICKUP,False,Food Bank of Northeast Georgia,01,30525.0,Clayton,"MISC. FOOD BOX, SHL RETAIL PICKUP",Dry Dry Dry Dry Food Misc.
602,180716,8969,10-NGAR,Food Bank of Northeast Georgia Rabun,483322,,FOOD BANK,EMERGENCY-Agency,YELLOW RECEIPT - SHN,N-27-10135,49,0,0,0.0,1323,RABUN,0.0,5/13/2024 8:55,5/13/2024 11:41,Price Code 1,CUSTOMER PICKUP,False,Rabun Warehouse,02,30525.0,Clayton,"HUNTS TOMATO SAUCE, BAG AND BOX",Dry Dry Dry Dry Vegetables
731,172459,683,F-138,Freedom Ministries Lighthouse,476090,,ON PREMISES (OP),REHAB-Agency,BLUE RECEIPT-SHL,W-16-10001,82,0,0,14.76,82,RABUN,0.18,1/3/2024 10:11,1/3/2024 9:38,Price Code 1,CUSTOMER PICKUP,False,Sharing Floor Rabun,02-SH,30552.0,Lakemont,MISC. FOOD BOX SHL,Dry Dry Dry Dry Food Misc.
346,173681,4715,F-114,Flat Creek Baptist Church,477310,,FP/GNAP/USDA,FOOD PANTRY-Agency,USDA,F-50-90461,2,0,0,14.4,80,RABUN,0.18,1/29/2024 12:44,1/29/2024 10:17,Price Code 1,CUSTOMER PICKUP,False,Rabun Warehouse,02,30552.0,Lakemont,USDA ALASKAN POLLACK FISH FILLETS,Frozen Frozen Frozen Frozen Proteins
602,181495,8995,10-NGAR,Food Bank of Northeast Georgia Rabun,484099,,FOOD BANK,EMERGENCY-Agency,BLUE RECEIPT-SHL,N-21-10067,54,0,0,0.0,270,RABUN,0.0,5/29/2024 8:55,5/29/2024 8:46,Price Code 1,CUSTOMER PICKUP,False,Rabun Warehouse,02,30525.0,Clayton,"RAMEN, MARUCHAN SHRIMP",Dry Dry Dry Dry Prepared Meals
824,182066,84,R-124,Rabun Gap Presbyterian Church,484670,,FP/USDA,MOBILE PANTRY-Agency,USDA,N-50-10006,102,0,0,0.0,2754,RABUN,0.0,6/14/2024 8:57,6/20/2024 15:30,Price Code 1,CUSTOMER PICKUP,False,Rabun Warehouse,02,30568.0,Rabun Gap,USDA GREEN BEANS,Dry Dry Dry Dry Vegetables
658,180096,9035,W-130,Wolf Creek Baptist Church,482704,,FP/GNAP/USDA,FOOD PANTRY-Agency,GNAP,N-40-10272,2,0,0,0.0,28,RABUN,0.0,5/7/2024 8:15,5/7/2024 9:11,Price Code 1,CUSTOMER PICKUP,False,Rabun Warehouse,02,30576.0,Tiger,GNAP MACARONI O'S W/ BEEF - EZ OPEN,Dry Dry Dry Dry Prepared Meals
658,173119,3954,W-130,Wolf Creek Baptist Church,476749,,FP/GNAP/USDA,FOOD PANTRY-Agency,GNAP,N-40-10164,1,0,0,2.7,27,RABUN,0.1,1/19/2024 12:29,1/19/2024 8:34,Price Code 1,CUSTOMER PICKUP,False,Rabun Warehouse,02,30576.0,Tiger,"GNAP GREEN PEAS, LOW SODIUM",Dry Dry Dry Dry Proteins
577,180750,9043,S-133,Sharing and Caring - Clayton,483356,,FP/GNAP/USDA,FOOD PANTRY-Agency,GNAP,N-40-10277,1,0,0,0.0,8,RABUN,0.0,5/16/2024 13:00,5/16/2024 13:27,Price Code 1,CUSTOMER PICKUP,False,Rabun Warehouse,02,30525.0,Clayton,GNAP DELUXE SHELLS & CHEESE,Dry Dry Dry Dry Prepared Meals
824,180711,4449,R-124,Rabun Gap Presbyterian Church,483317,,FP/USDA,MOBILE PANTRY-Agency,USDA,F-50-90445,72,0,0,0.0,2952,RABUN,0.0,5/17/2024 8:57,5/17/2024 7:19,Price Code 1,CUSTOMER PICKUP,False,Rabun Warehouse,02,30568.0,Rabun Gap,USDA FULLY COOKED PULLED PORK CCC,Frozen Frozen Frozen Frozen Proteins
577,176712,683,S-133,Sharing and Caring - Clayton,479335,,FP/GNAP/USDA,FOOD PANTRY-Agency,BLUE RECEIPT-SHL,W-16-10001,168,0,0,30.24,168,RABUN,0.18,3/5/2024 9:50,3/5/2024 14:52,Price Code 1,CUSTOMER PICKUP,False,Sharing Floor Rabun,02-SH,30525.0,Clayton,MISC. FOOD BOX SHL,Dry Dry Dry Dry Food Misc.
731,181824,5938,F-138,Freedom Ministries Lighthouse,484428,,ON PREMISES (OP),REHAB-Agency,BLUE RECEIPT-SHL,C-28-10001,75,0,0,2.25,75,RABUN,0.03,6/3/2024 10:11,6/3/2024 14:41,Price Code 1,CUSTOMER PICKUP,False,Sharing Floor Rabun,02-SH,30552.0,Lakemont,"PRODUCE, FRESH SHL",Cooled Cooled Cooled Cooled Mixed Produce
824,180711,1047,R-124,Rabun Gap Presbyterian Church,483317,,FP/USDA,MOBILE PANTRY-Agency,USDA,N-50-10041,50,0,0,0.0,2450,RABUN,0.0,5/17/2024 8:57,5/17/2024 7:19,Price Code 1,CUSTOMER PICKUP,False,Rabun Warehouse,02,30568.0,Rabun Gap,USDA RICE,Dry Dry Dry Dry Grains
824,173135,1481,R-124,Rabun Gap Presbyterian Church,476765,,FP/USDA,MOBILE PANTRY-Agency,USDA,N-50-10105,84,0,0,0.0,1428,RABUN,0.0,1/19/2024 8:57,1/22/2024 13:02,Price Code 1,CUSTOMER PICKUP,False,Rabun Warehouse,02,30568.0,Rabun Gap,USDA DRIED CHERRIES CCC,Dry Dry Dry Dry Fruits
602,180071,3122,10-NGAR,Food Bank of Northeast Georgia Rabun,482679,,FOOD BANK,EMERGENCY-Agency,GNAP,N-40-10174,184,0,0,0.0,2576,RABUN,0.0,5/2/2024 8:55,5/2/2024 11:07,Price Code 1,CUSTOMER PICKUP,False,Rabun Warehouse,02,30525.0,Clayton,"GNAP BLACKEYE PEAS, LOW SODIUM",Dry Dry Dry Dry Proteins
310,179360,4449,C-121,Rabun County Family Connection,481973,,FP/OP/GNAP/USDA,COMMUNITY ACTION PROGRAM-Agency,USDA,F-50-90445,6,0,0,24.6,246,RABUN,0.1,5/10/2024 16:09,5/20/2024 10:44,Price Code 1,CUSTOMER PICKUP,False,Rabun Warehouse,02,30525.0,Clayton,USDA FULLY COOKED PULLED PORK CCC,Frozen Frozen Frozen Frozen Proteins
905,177059,4449,R-127,Rabun Christian Food Ministry,479681,,FP/USDA,FOOD PANTRY-Agency,USDA,F-50-90445,7,0,0,28.7,287,RABUN,0.1,3/14/2024 11:38,3/18/2024 7:22,Price Code 1,CUSTOMER PICKUP,False,Rabun Warehouse,02,30525.0,Clayton,USDA FULLY COOKED PULLED PORK CCC,Frozen Frozen Frozen Frozen Proteins
773,180413,875,P-122,Persimmon Baptist Church,483019,,FOOD PANTRY,FOOD PANTRY-Agency,BLUE RECEIPT-SHL,W-04-10000,11,0,0,0.0,11,RABUN,0.0,5/8/2024 11:44,5/8/2024 10:11,Price Code 1,CUSTOMER PICKUP,False,Sharing Floor Athens,01-SH,30525.0,Clayton,"BREAD & BAKERY, ASSORTED SHL",Dry Dry Dry Dry Grains
658,173119,8620,W-130,Wolf Creek Baptist Church,476749,,FP/GNAP/USDA,FOOD PANTRY-Agency,GNAP,N-40-10260,2,0,0,3.6,36,RABUN,0.1,1/19/2024 12:29,1/19/2024 8:34,Price Code 1,CUSTOMER PICKUP,False,Rabun Warehouse,02,30576.0,Tiger,GNAP CREAM OF CHICKEN SOUP,Dry Dry Dry Dry Prepared Meals
602,176389,1481,10-NGAR,Food Bank of Northeast Georgia Rabun,479014,,FOOD BANK,EMERGENCY-Agency,USDA,N-50-10105,13,0,0,0.0,221,RABUN,0.0,2/29/2024 8:55,2/29/2024 7:08,Price Code 1,CUSTOMER PICKUP,False,Rabun Warehouse,02,30525.0,Clayton,USDA DRIED CHERRIES CCC,Dry Dry Dry Dry Fruits
577,178056,3943,S-133,Sharing and Caring - Clayton,480675,,FP/GNAP/USDA,FOOD PANTRY-Agency,USDA,N-50-10268,2,0,0,2.28,76,RABUN,0.03,4/2/2024 9:50,4/2/2024 13:35,Price Code 1,CUSTOMER PICKUP,False,Rabun Warehouse,02,30525.0,Clayton,USDA APPLE JUICE,Dry Dry Dry Dry Beverages
346,173757,688,F-114,Flat Creek Baptist Church,477386,,FP/GNAP/USDA,FOOD PANTRY-Agency,BLUE RECEIPT-SHL,W-01-10000,59,0,0,10.62,59,RABUN,0.18,1/29/2024 12:44,1/29/2024 10:27,Price Code 1,CUSTOMER PICKUP,False,Sharing Floor Rabun,02-SH,30552.0,Lakemont,"ASSORTED NON-FOOD ITEMS, SHL",Dry Dry Dry Dry Non-Food Misc.
824,182066,1047,R-124,Rabun Gap Presbyterian Church,484670,,FP/USDA,MOBILE PANTRY-Agency,USDA,N-50-10041,50,0,0,0.0,2450,RABUN,0.0,6/14/2024 8:57,6/20/2024 15:30,Price Code 1,CUSTOMER PICKUP,False,Rabun Warehouse,02,30568.0,Rabun Gap,USDA RICE,Dry Dry Dry Dry Grains
577,178056,683,S-133,Sharing and Caring - Clayton,480675,,FP/GNAP/USDA,FOOD PANTRY-Agency,BLUE RECEIPT-SHL,W-16-10001,104,0,0,18.72,104,RABUN,0.18,4/2/2024 9:50,4/2/2024 13:35,Price Code 1,CUSTOMER PICKUP,False,Rabun Warehouse,02,30525.0,Clayton,MISC. FOOD BOX SHL,Dry Dry Dry Dry Food Misc.
824,179084,8997,R-124,Rabun Gap Presbyterian Church,481698,,FP/USDA,MOBILE PANTRY-Agency,USDA,N-50-10312,114,0,0,0.0,1368,RABUN,0.0,4/17/2024 8:57,4/22/2024 8:49,Price Code 1,CUSTOMER PICKUP,False,Rabun Warehouse,02,30568.0,Rabun Gap,USDA CHILI W/ BEANS CCC,Dry Dry Dry Dry Prepared Meals
773,179730,690,P-122,Persimmon Baptist Church,482343,,FOOD PANTRY,FOOD PANTRY-Agency,BLUE RECEIPT-SHL,W-03-10013,46,0,0,1.38,46,RABUN,0.03,4/29/2024 11:44,4/29/2024 8:06,Price Code 1,CUSTOMER PICKUP,False,Sharing Floor Rabun,02-SH,30525.0,Clayton,"ASSORTED BEVERAGES, SHL",Dry Dry Dry Dry Beverages
919,178407,8970,F-132,Fight Abuse in the Home (FAITH),FAIMPORT481023,,ON PREMISES (OP),SHELTER-Agency,BLUE RECEIPT-SHL,MCW-16-10001,46,0,0,0.0,46,RABUN,0.0,4/4/2024 0:00,4/4/2024 0:00,Price Code 1,CUSTOMER PICKUP,False,Food Bank of Northeast Georgia,01,30525.0,Clayton,"MISC. FOOD BOX, SHL RETAIL PICKUP",Dry Dry Dry Dry Food Misc.
919,177843,8972,F-132,Fight Abuse in the Home (FAITH),FAIMPORT480462,,ON PREMISES (OP),SHELTER-Agency,BLUE RECEIPT-SHL,MCF-15-10000,10,0,0,0.0,10,RABUN,0.0,3/21/2024 0:00,3/21/2024 0:00,Price Code 1,CUSTOMER PICKUP,False,Food Bank of Northeast Georgia,01,30525.0,Clayton,"FROZEN MEAT & SEAFOOD, SHL RETAIL PICKUP",Dry Dry Dry Dry Proteins
602,173845,8720,10-NGAR,Food Bank of Northeast Georgia Rabun,477474,,FOOD BANK,EMERGENCY-Agency,USDA,N-50-10305,26,0,0,0.0,364,RABUN,0.0,1/30/2024 8:55,1/30/2024 13:41,Price Code 1,CUSTOMER PICKUP,False,Rabun Warehouse,02,30525.0,Clayton,USDA MIXED VegetablesCCC,Dry Dry Dry Dry Vegetables
824,177064,842,R-124,Rabun Gap Presbyterian Church,479686,,FP/USDA,MOBILE PANTRY-Agency,USDA,N-50-10021,102,0,0,0.0,2754,RABUN,0.0,3/15/2024 8:57,3/18/2024 11:03,Price Code 1,CUSTOMER PICKUP,False,Rabun Warehouse,02,30568.0,Rabun Gap,USDA DICED TOMATOES NO SALT CCC,Dry Dry Dry Dry Vegetables
905,177059,1047,R-127,Rabun Christian Food Ministry,479681,,FP/USDA,FOOD PANTRY-Agency,USDA,N-50-10041,6,0,0,52.92,294,RABUN,0.18,3/14/2024 11:38,3/18/2024 7:22,Price Code 1,CUSTOMER PICKUP,False,Rabun Warehouse,02,30525.0,Clayton,USDA RICE,Dry Dry Dry Dry Grains
602,177709,170,10-NGAR,Food Bank of Northeast Georgia Rabun,480329,,FOOD BANK,EMERGENCY-Agency,USDA,N-50-10007,13,0,0,0.0,364,RABUN,0.0,3/21/2024 8:55,3/21/2024 9:49,Price Code 1,CUSTOMER PICKUP,False,Rabun Warehouse,02,30525.0,Clayton,"USDA CORN, WHOLE KERNEL NO SALT",Dry Dry Dry Dry Vegetables
602,181496,1047,10-NGAR,Food Bank of Northeast Georgia Rabun,484100,,FOOD BANK,EMERGENCY-Agency,USDA,N-50-10041,13,0,0,0.0,637,RABUN,0.0,5/29/2024 8:55,5/29/2024 8:59,Price Code 1,CUSTOMER PICKUP,False,Rabun Warehouse,02,30525.0,Clayton,USDA RICE,Dry Dry Dry Dry Grains
602,172443,8852,10-NGAR,Food Bank of Northeast Georgia Rabun,476074,,FOOD BANK,EMERGENCY-Agency,PURCH,N-23-10010,46,0,0,0.0,598,RABUN,0.0,1/3/2024 8:55,1/3/2024 7:13,Price Code 1,CUSTOMER PICKUP,False,Rabun Warehouse,02,30525.0,Clayton,NUT'N BETTER CREAMY PEANUT BUTTER - RED SUGAR & SODIUM,Dry Dry Dry Dry Proteins
346,173681,4852,F-114,Flat Creek Baptist Church,477310,,FP/GNAP/USDA,FOOD PANTRY-Agency,USDA,F-50-90035,3,0,0,0.0,96,RABUN,0.0,1/29/2024 12:44,1/29/2024 10:17,Price Code 1,CUSTOMER PICKUP,False,Rabun Warehouse,02,30552.0,Lakemont,USDA FROZEN CHERRIES CCC,Frozen Frozen Frozen Frozen Fruits
824,180043,5388,R-124,Rabun Gap Presbyterian Church,482651,,FP/USDA,MOBILE PANTRY-Agency,BLUE RECEIPT-SHL,F-16-10001,2000,0,0,0.0,2000,RABUN,0.0,5/2/2024 8:57,5/2/2024 7:28,Price Code 1,CUSTOMER PICKUP,False,Sharing Floor Rabun,02-SH,30568.0,Rabun Gap,"ASSORTED FROZEN FOODS, SHL",Frozen Frozen Frozen Frozen Food Misc.
658,173119,3204,W-130,Wolf Creek Baptist Church,476749,,FP/GNAP/USDA,FOOD PANTRY-Agency,GNAP,N-40-10217,4,0,0,3.6,36,RABUN,0.1,1/19/2024 12:29,1/19/2024 8:34,Price Code 1,CUSTOMER PICKUP,False,Rabun Warehouse,02,30576.0,Tiger,GNAP CANNED HAM,Dry Dry Dry Dry Proteins
658,180096,7153,W-130,Wolf Creek Baptist Church,482704,,FP/GNAP/USDA,FOOD PANTRY-Agency,GNAP,N-40-10234,2,0,0,0.0,26,RABUN,0.0,5/7/2024 8:15,5/7/2024 9:11,Price Code 1,CUSTOMER PICKUP,False,Rabun Warehouse,02,30576.0,Tiger,GNAP BAKED BEANS,Dry Dry Dry Dry Proteins
602,181494,8997,10-NGAR,Food Bank of Northeast Georgia Rabun,484098,,FOOD BANK,EMERGENCY-Agency,USDA,N-50-10312,8,0,0,0.0,96,RABUN,0.0,5/29/2024 8:55,5/29/2024 8:45,Price Code 1,CUSTOMER PICKUP,False,Rabun Warehouse,02,30525.0,Clayton,USDA CHILI W/ BEANS CCC,Dry Dry Dry Dry Prepared Meals
824,182066,1791,R-124,Rabun Gap Presbyterian Church,484670,,FP/USDA,MOBILE PANTRY-Agency,USDA,N-50-10079,60,0,0,0.0,1560,RABUN,0.0,6/14/2024 8:57,6/20/2024 15:30,Price Code 1,CUSTOMER PICKUP,False,Rabun Warehouse,02,30568.0,Rabun Gap,USDA WALNUT HALVES AND PIECES,Dry Dry Dry Dry Proteins
364,180334,5388,M-110,Mountain Grove Baptist Church,482940,,FOOD PANTRY,FOOD PANTRY-Agency,BLUE RECEIPT-SHL,F-16-10001,83,0,0,14.94,83,RABUN,0.18,5/7/2024 13:32,5/7/2024 9:21,Price Code 1,CUSTOMER PICKUP,False,Sharing Floor Rabun,02-SH,30525.0,Clayton,"ASSORTED FROZEN FOODS, SHL",Frozen Frozen Frozen Frozen Food Misc.
602,176682,842,10-NGAR,Food Bank of Northeast Georgia Rabun,479305,,FOOD BANK,EMERGENCY-Agency,USDA,N-50-10021,13,0,0,0.0,351,RABUN,0.0,3/5/2024 8:55,3/5/2024 10:31,Price Code 1,CUSTOMER PICKUP,False,Rabun Warehouse,02,30525.0,Clayton,USDA DICED TOMATOES NO SALT CCC,Dry Dry Dry Dry Vegetables
577,177364,683,S-133,Sharing and Caring - Clayton,479984,,FP/GNAP/USDA,FOOD PANTRY-Agency,BLUE RECEIPT-SHL,W-16-10001,101,0,0,18.18,101,RABUN,0.18,3/15/2024 9:50,3/15/2024 10:45,Price Code 1,CUSTOMER PICKUP,False,Sharing Floor Rabun,02-SH,30525.0,Clayton,MISC. FOOD BOX SHL,Dry Dry Dry Dry Food Misc.
773,179730,50,P-122,Persimmon Baptist Church,482343,,FOOD PANTRY,FOOD PANTRY-Agency,LOCAL - LL,W-16-10002,150,0,0,27.0,150,RABUN,0.18,4/29/2024 11:44,4/29/2024 8:06,Price Code 1,CUSTOMER PICKUP,False,Sharing Floor Rabun,02-SH,30525.0,Clayton,MISC. FOOD BOX LL,Dry Dry Dry Dry Food Misc.
602,181494,8690,10-NGAR,Food Bank of Northeast Georgia Rabun,484098,,FOOD BANK,EMERGENCY-Agency,USDA,N-50-10302,8,0,0,0.0,112,RABUN,0.0,5/29/2024 8:55,5/29/2024 8:45,Price Code 1,CUSTOMER PICKUP,False,Rabun Warehouse,02,30525.0,Clayton,USDA GREEN BEANS CCC,Dry Dry Dry Dry Vegetables
364,173830,1045,M-110,Mountain Grove Baptist Church,477459,,FOOD PANTRY,FOOD PANTRY-Agency,BLUE RECEIPT-SHL,W-25-10009,7,0,0,0.0,7,RABUN,0.0,1/30/2024 13:32,1/30/2024 9:44,Price Code 1,CUSTOMER PICKUP,False,Sharing Floor Rabun,02-SH,30525.0,Clayton,"ASSORTED SNACK ITEMS, SHL",Dry Dry Dry Dry Food Misc.
602,181496,4449,10-NGAR,Food Bank of Northeast Georgia Rabun,484100,,FOOD BANK,EMERGENCY-Agency,USDA,F-50-90445,36,0,0,0.0,1476,RABUN,0.0,5/29/2024 8:55,5/29/2024 8:59,Price Code 1,CUSTOMER PICKUP,False,Rabun Warehouse,02,30525.0,Clayton,USDA FULLY COOKED PULLED PORK CCC,Frozen Frozen Frozen Frozen Proteins
919,181276,8970,F-132,Fight Abuse in the Home (FAITH),FAIMPORT483881,,ON PREMISES (OP),SHELTER-Agency,BLUE RECEIPT-SHL,MCW-16-10001,54,0,0,0.0,54,RABUN,0.0,5/20/2024 0:00,5/20/2024 0:00,Price Code 1,CUSTOMER PICKUP,False,Food Bank of Northeast Georgia,01,30525.0,Clayton,"MISC. FOOD BOX, SHL RETAIL PICKUP",Dry Dry Dry Dry Food Misc.
824,177996,3139,R-124,Rabun Gap Presbyterian Church,480615,,FP/USDA,MOBILE PANTRY-Agency,USDA,N-50-10290,1,0,0,4.5,25,RABUN,0.18,3/31/2024 8:57,3/31/2024 21:27,Price Code 1,CUSTOMER PICKUP,False,Rabun Warehouse,02,30568.0,Rabun Gap,USDA WHOLE ALMONDS DRY ROASTED,Dry Dry Dry Dry Proteins
731,177481,5388,F-138,Freedom Ministries Lighthouse,480101,,ON PREMISES (OP),REHAB-Agency,BLUE RECEIPT-SHL,F-16-10001,72,0,0,12.96,72,RABUN,0.18,3/18/2024 10:11,3/18/2024 11:30,Price Code 1,CUSTOMER PICKUP,False,Sharing Floor Rabun,02-SH,30552.0,Lakemont,"ASSORTED FROZEN FOODS, SHL",Frozen Frozen Frozen Frozen Food Misc.
602,182607,7083,10-NGAR,Food Bank of Northeast Georgia Rabun,485210,,FOOD BANK,EMERGENCY-Agency,USDA,C-50-10029,15,0,0,0.0,180,RABUN,0.0,6/28/2024 8:01,6/28/2024 7:26,Price Code 1,CUSTOMER PICKUP,False,Rabun Warehouse,02,30525.0,Clayton,"USDA MILD CHEDDAR CHEESE, BLOCK CCC",Cooled Cooled Cooled Cooled Dairy
824,172872,5388,R-124,Rabun Gap Presbyterian Church,476503,,FP/USDA,MOBILE PANTRY-Agency,BLUE RECEIPT-SHL,F-16-10001,1000,0,0,0.0,1000,RABUN,0.0,1/10/2024 8:57,1/10/2024 13:17,Price Code 1,CUSTOMER PICKUP,False,Sharing Floor Rabun,02-SH,30568.0,Rabun Gap,"ASSORTED FROZEN FOODS, SHL",Frozen Frozen Frozen Frozen Food Misc.
602,180421,4788,10-NGAR,Food Bank of Northeast Georgia Rabun,483027,,FOOD BANK,EMERGENCY-Agency,USDA,F-50-90039,10,0,0,0.0,400,RABUN,0.0,5/8/2024 8:55,5/8/2024 11:17,Price Code 1,CUSTOMER PICKUP,False,Rabun Warehouse,02,30525.0,Clayton,USDA CATFISH FILLETS CCC,Frozen Frozen Frozen Frozen Proteins
773,175101,683,P-122,Persimmon Baptist Church,477731,,FOOD PANTRY,FOOD PANTRY-Agency,BLUE RECEIPT-SHL,W-16-10001,211,0,0,37.98,211,RABUN,0.18,2/5/2024 11:44,2/5/2024 8:54,Price Code 1,CUSTOMER PICKUP,False,Sharing Floor Rabun,02-SH,30525.0,Clayton,MISC. FOOD BOX SHL,Dry Dry Dry Dry Food Misc.
602,182609,1791,10-NGAR,Food Bank of Northeast Georgia Rabun,485212,,FOOD BANK,EMERGENCY-Agency,USDA,N-50-10079,13,0,0,0.0,338,RABUN,0.0,6/28/2024 8:55,6/28/2024 7:25,Price Code 1,CUSTOMER PICKUP,False,Rabun Warehouse,02,30525.0,Clayton,USDA WALNUT HALVES AND PIECES,Dry Dry Dry Dry Proteins
364,173830,688,M-110,Mountain Grove Baptist Church,477459,,FOOD PANTRY,FOOD PANTRY-Agency,BLUE RECEIPT-SHL,W-01-10000,33,0,0,5.94,33,RABUN,0.18,1/30/2024 13:32,1/30/2024 9:44,Price Code 1,CUSTOMER PICKUP,False,Sharing Floor Rabun,02-SH,30525.0,Clayton,"ASSORTED NON-FOOD ITEMS, SHL",Dry Dry Dry Dry Non-Food Misc.
975,179089,683,P-128,Place of Hope NGA,481703,,ON PREMISES (OP),FOOD PANTRY-Agency,BLUE RECEIPT-SHL,W-16-10001,80,0,0,14.4,80,RABUN,0.18,4/17/2024 9:17,4/17/2024 9:19,Price Code 1,CUSTOMER PICKUP,False,Sharing Floor Rabun,02-SH,30525.0,Clayton,MISC. FOOD BOX SHL,Dry Dry Dry Dry Food Misc.
731,181824,5388,F-138,Freedom Ministries Lighthouse,484428,,ON PREMISES (OP),REHAB-Agency,BLUE RECEIPT-SHL,F-16-10001,78,0,0,14.04,78,RABUN,0.18,6/3/2024 10:11,6/3/2024 14:41,Price Code 1,CUSTOMER PICKUP,False,Sharing Floor Rabun,02-SH,30552.0,Lakemont,"ASSORTED FROZEN FOODS, SHL",Frozen Frozen Frozen Frozen Food Misc.
824,177064,1481,R-124,Rabun Gap Presbyterian Church,479686,,FP/USDA,MOBILE PANTRY-Agency,USDA,N-50-10105,84,0,0,0.0,1428,RABUN,0.0,3/15/2024 8:57,3/18/2024 11:03,Price Code 1,CUSTOMER PICKUP,False,Rabun Warehouse,02,30568.0,Rabun Gap,USDA DRIED CHERRIES CCC,Dry Dry Dry Dry Fruits
577,172544,690,S-133,Sharing and Caring - Clayton,476175,,FP/GNAP/USDA,FOOD PANTRY-Agency,BLUE RECEIPT-SHL,W-03-10013,94,0,0,2.82,94,RABUN,0.03,1/4/2024 9:50,1/4/2024 11:33,Price Code 1,CUSTOMER PICKUP,False,Sharing Floor Rabun,02-SH,30525.0,Clayton,"ASSORTED BEVERAGES, SHL",Dry Dry Dry Dry Beverages
602,182609,4269,10-NGAR,Food Bank of Northeast Georgia Rabun,485212,,FOOD BANK,EMERGENCY-Agency,USDA,N-50-10273,13,0,0,0.0,312,RABUN,0.0,6/28/2024 8:55,6/28/2024 7:25,Price Code 1,CUSTOMER PICKUP,False,Rabun Warehouse,02,30525.0,Clayton,USDA DRY NAVY BEANS CCC,Dry Dry Dry Dry Proteins
773,180413,5958,P-122,Persimmon Baptist Church,483019,,FOOD PANTRY,FOOD PANTRY-Agency,BLUE RECEIPT-SHL,C-16-10001,8,0,0,1.44,8,RABUN,0.18,5/8/2024 11:44,5/8/2024 10:11,Price Code 1,CUSTOMER PICKUP,False,Sharing Floor Athens,01-SH,30525.0,Clayton,"COOLER FOOD, MISC. SHL",Cooled Cooled Cooled Cooled Food Misc.
824,180711,4327,R-124,Rabun Gap Presbyterian Church,483317,,FP/USDA,MOBILE PANTRY-Agency,USDA,N-50-10277,90,0,0,0.0,2430,RABUN,0.0,5/17/2024 8:57,5/17/2024 7:19,Price Code 1,CUSTOMER PICKUP,False,Rabun Warehouse,02,30568.0,Rabun Gap,USDA GARBANZO BEANS,Dry Dry Dry Dry Proteins
577,182104,688,S-133,Sharing and Caring - Clayton,484708,,FP/GNAP/USDA,FOOD PANTRY-Agency,BLUE RECEIPT-SHL,W-01-10000,63,0,0,11.34,63,RABUN,0.18,6/11/2024 9:50,6/11/2024 13:14,Price Code 1,CUSTOMER PICKUP,False,Sharing Floor Rabun,02-SH,30525.0,Clayton,"ASSORTED NON-FOOD ITEMS, SHL",Dry Dry Dry Dry Non-Food Misc.
602,172977,8784,10-NGAR,Food Bank of Northeast Georgia Rabun,476607,,FOOD BANK,EMERGENCY-Agency,USDA,N-50-10309,12,0,0,0.0,324,RABUN,0.0,1/12/2024 8:55,1/12/2024 7:33,Price Code 1,CUSTOMER PICKUP,False,Rabun Warehouse,02,30525.0,Clayton,USDA CANNED SALMON CCC,Dry Dry Dry Dry Proteins
658,180492,9051,W-130,Wolf Creek Baptist Church,483098,,FP/GNAP/USDA,FOOD PANTRY-Agency,GNAP,N-40-10282,2,0,0,0.0,32,RABUN,0.0,5/13/2024 8:00,5/13/2024 7:13,Price Code 1,CUSTOMER PICKUP,False,Rabun Warehouse,02,30576.0,Tiger,GNAP WHITE GRITS,Dry Dry Dry Dry Grains
731,182184,688,F-138,Freedom Ministries Lighthouse,484788,,ON PREMISES (OP),REHAB-Agency,BLUE RECEIPT-SHL,W-01-10000,125,0,0,22.5,125,RABUN,0.18,6/13/2024 10:11,6/13/2024 13:26,Price Code 1,CUSTOMER PICKUP,False,Sharing Floor Rabun,02-SH,30552.0,Lakemont,"ASSORTED NON-FOOD ITEMS, SHL",Dry Dry Dry Dry Non-Food Misc.
824,172532,2081,R-124,Rabun Gap Presbyterian Church,476163,,FP/USDA,MOBILE PANTRY-Agency,BLUE RECEIPT-SHL,W-30-10002,4000,0,0,0.0,4000,RABUN,0.0,1/4/2024 8:57,1/4/2024 9:56,Price Code 1,CUSTOMER PICKUP,False,Sharing Floor Rabun,02-SH,30568.0,Rabun Gap,"UNSORTED SALVAGE, SHL",Dry Dry Dry Dry Unsorted Salvage
602,176389,8783,10-NGAR,Food Bank of Northeast Georgia Rabun,479014,,FOOD BANK,EMERGENCY-Agency,USDA,N-50-10308,13,0,0,0.0,299,RABUN,0.0,2/29/2024 8:55,2/29/2024 7:08,Price Code 1,CUSTOMER PICKUP,False,Rabun Warehouse,02,30525.0,Clayton,USDA RAISINS,Dry Dry Dry Dry Fruits
602,179920,9013,10-NGAR,Food Bank of Northeast Georgia Rabun,482531,,FOOD BANK,EMERGENCY-Agency,USDA,N-50-10313,13,0,0,0.0,312,RABUN,0.0,5/1/2024 8:55,5/1/2024 7:09,Price Code 1,CUSTOMER PICKUP,False,Rabun Warehouse,02,30525.0,Clayton,USDA LIGHT RED KIDNEY BEANS 24/1LB,Dry Dry Dry Dry Proteins
602,173845,84,10-NGAR,Food Bank of Northeast Georgia Rabun,477474,,FOOD BANK,EMERGENCY-Agency,USDA,N-50-10006,13,0,0,0.0,351,RABUN,0.0,1/30/2024 8:55,1/30/2024 13:41,Price Code 1,CUSTOMER PICKUP,False,Rabun Warehouse,02,30525.0,Clayton,USDA GREEN BEANS,Dry Dry Dry Dry Vegetables
577,172544,696,S-133,Sharing and Caring - Clayton,476175,,FP/GNAP/USDA,FOOD PANTRY-Agency,LOCAL - LL,W-25-10000,56,0,0,10.08,56,RABUN,0.18,1/4/2024 9:50,1/4/2024 11:33,Price Code 1,CUSTOMER PICKUP,False,Sharing Floor Rabun,02-SH,30525.0,Clayton,"ASSORTED SNACK ITEMS, LL",Dry Dry Dry Dry Food Misc.
658,181950,1045,W-130,Wolf Creek Baptist Church,484554,,FP/GNAP/USDA,FOOD PANTRY-Agency,BLUE RECEIPT-SHL,W-25-10009,184,0,0,33.12,184,RABUN,0.18,6/6/2024 16:14,6/6/2024 7:27,Price Code 1,CUSTOMER PICKUP,False,Sharing Floor Rabun,02-SH,30576.0,Tiger,"ASSORTED SNACK ITEMS, SHL",Dry Dry Dry Dry Food Misc.
824,179084,1674,R-124,Rabun Gap Presbyterian Church,481698,,FP/USDA,MOBILE PANTRY-Agency,USDA,N-50-10073,102,0,0,0.0,2754,RABUN,0.0,4/17/2024 8:57,4/22/2024 8:49,Price Code 1,CUSTOMER PICKUP,False,Rabun Warehouse,02,30568.0,Rabun Gap,USDA TOMATO SAUCE,Dry Dry Dry Dry Vegetables
824,182424,875,R-124,Rabun Gap Presbyterian Church,485028,,FP/USDA,MOBILE PANTRY-Agency,BLUE RECEIPT-SHL,W-04-10000,3000,0,0,0.0,3000,RABUN,0.0,6/20/2024 8:57,6/20/2024 10:18,Price Code 1,CUSTOMER PICKUP,False,Sharing Floor Rabun,02-SH,30568.0,Rabun Gap,"BREAD & BAKERY, ASSORTED SHL",Dry Dry Dry Dry Grains
919,177572,8970,F-132,Fight Abuse in the Home (FAITH),FAIMPORT480192,,ON PREMISES (OP),SHELTER-Agency,BLUE RECEIPT-SHL,MCW-16-10001,3,0,0,0.0,3,RABUN,0.0,3/18/2024 0:00,3/18/2024 0:00,Price Code 1,CUSTOMER PICKUP,False,Food Bank of Northeast Georgia,01,30525.0,Clayton,"MISC. FOOD BOX, SHL RETAIL PICKUP",Dry Dry Dry Dry Food Misc.
905,178497,8783,R-127,Rabun Christian Food Ministry,481113,,FP/USDA,FOOD PANTRY-Agency,USDA,N-50-10308,6,0,0,24.84,138,RABUN,0.18,4/11/2024 11:38,4/16/2024 13:22,Price Code 1,CUSTOMER PICKUP,False,Rabun Warehouse,02,30525.0,Clayton,USDA RAISINS,Dry Dry Dry Dry Fruits
824,173336,3943,R-124,Rabun Gap Presbyterian Church,476965,,FP/USDA,MOBILE PANTRY-Agency,USDA,N-50-10268,60,0,0,0.0,2280,RABUN,0.0,2/16/2024 8:57,2/20/2024 15:52,Price Code 1,CUSTOMER PICKUP,False,Rabun Warehouse,02,30568.0,Rabun Gap,USDA APPLE JUICE,Dry Dry Dry Dry Beverages
731,181624,5388,F-138,Freedom Ministries Lighthouse,484228,,ON PREMISES (OP),REHAB-Agency,BLUE RECEIPT-SHL,F-16-10001,140,0,0,25.2,140,RABUN,0.18,5/30/2024 10:11,5/30/2024 11:11,Price Code 1,CUSTOMER PICKUP,False,Sharing Floor Rabun,02-SH,30552.0,Lakemont,"ASSORTED FROZEN FOODS, SHL",Frozen Frozen Frozen Frozen Food Misc.
577,175896,690,S-133,Sharing and Caring - Clayton,478524,,FP/GNAP/USDA,FOOD PANTRY-Agency,BLUE RECEIPT-SHL,W-03-10013,53,0,0,1.59,53,RABUN,0.03,2/20/2024 9:50,2/20/2024 13:19,Price Code 1,CUSTOMER PICKUP,False,Sharing Floor Rabun,02-SH,30525.0,Clayton,"ASSORTED BEVERAGES, SHL",Dry Dry Dry Dry Beverages
773,176590,683,P-122,Persimmon Baptist Church,479214,,FOOD PANTRY,FOOD PANTRY-Agency,BLUE RECEIPT-SHL,W-16-10001,313,0,0,56.34,313,RABUN,0.18,3/4/2024 11:44,3/4/2024 8:29,Price Code 1,CUSTOMER PICKUP,False,Sharing Floor Rabun,02-SH,30525.0,Clayton,MISC. FOOD BOX SHL,Dry Dry Dry Dry Food Misc.
577,182207,123,S-133,Sharing and Caring - Clayton,484811,,FP/GNAP/USDA,FOOD PANTRY-Agency,GNAP,N-40-10002,1,0,0,0.0,15,RABUN,0.0,6/21/2024 13:00,6/21/2024 9:13,Price Code 1,CUSTOMER PICKUP,False,Rabun Warehouse,02,30525.0,Clayton,GNAP PEANUT BUTTER,Dry Dry Dry Dry Proteins
658,180492,7298,W-130,Wolf Creek Baptist Church,483098,,FP/GNAP/USDA,FOOD PANTRY-Agency,GNAP,N-40-10248,3,0,0,0.0,42,RABUN,0.0,5/13/2024 8:00,5/13/2024 7:13,Price Code 1,CUSTOMER PICKUP,False,Rabun Warehouse,02,30576.0,Tiger,GNAP BAKING AND BISCUIT MIX,Dry Dry Dry Dry Grains
602,175612,8930,10-NGAR,Food Bank of Northeast Georgia Rabun,478240,,FOOD BANK,EMERGENCY-Agency,BLUE RECEIPT-SHL,N-03-11805,226,0,0,0.0,4068,RABUN,0.0,2/14/2024 8:55,2/14/2024 9:31,Price Code 1,CUSTOMER PICKUP,False,Rabun Warehouse,02,30525.0,Clayton,GATORADE ORANGE ZERO SUGAR,Dry Dry Dry Dry Beverages
602,179920,8690,10-NGAR,Food Bank of Northeast Georgia Rabun,482531,,FOOD BANK,EMERGENCY-Agency,USDA,N-50-10302,26,0,0,0.0,364,RABUN,0.0,5/1/2024 8:55,5/1/2024 7:09,Price Code 1,CUSTOMER PICKUP,False,Rabun Warehouse,02,30525.0,Clayton,USDA GREEN BEANS CCC,Dry Dry Dry Dry Vegetables
824,177300,875,R-124,Rabun Gap Presbyterian Church,479920,,FP/USDA,MOBILE PANTRY-Agency,BLUE RECEIPT-SHL,W-04-10000,2500,0,0,0.0,2500,RABUN,0.0,3/14/2024 8:57,3/14/2024 10:12,Price Code 1,CUSTOMER PICKUP,False,Sharing Floor Rabun,02-SH,30568.0,Rabun Gap,"BREAD & BAKERY, ASSORTED SHL",Dry Dry Dry Dry Grains
824,175687,5388,R-124,Rabun Gap Presbyterian Church,478315,,FP/USDA,MOBILE PANTRY-Agency,BLUE RECEIPT-SHL,F-16-10001,1000,0,0,0.0,1000,RABUN,0.0,2/15/2024 8:57,2/15/2024 10:29,Price Code 1,CUSTOMER PICKUP,False,Sharing Floor Rabun,02-SH,30568.0,Rabun Gap,"ASSORTED FROZEN FOODS, SHL",Frozen Frozen Frozen Frozen Food Misc.
824,180522,5938,R-124,Rabun Gap Presbyterian Church,483128,,FP/USDA,MOBILE PANTRY-Agency,BLUE RECEIPT-SHL,C-28-10001,5000,0,0,0.0,5000,RABUN,0.0,5/9/2024 8:57,5/9/2024 9:57,Price Code 1,CUSTOMER PICKUP,False,Sharing Floor Rabun,02-SH,30568.0,Rabun Gap,"PRODUCE, FRESH SHL",Cooled Cooled Cooled Cooled Mixed Produce
346,182467,3712,F-114,Flat Creek Baptist Church,485071,,FP/GNAP/USDA,FOOD PANTRY-Agency,USDA,N-50-10266,4,0,0,19.44,108,RABUN,0.18,6/26/2024 14:00,6/26/2024 13:46,Price Code 1,CUSTOMER PICKUP,False,Rabun Warehouse,02,30552.0,Lakemont,USDA CANNED PINTO BEANS,Dry Dry Dry Dry Proteins
602,173845,7082,10-NGAR,Food Bank of Northeast Georgia Rabun,477474,,FOOD BANK,EMERGENCY-Agency,USDA,C-50-10033,52,0,0,0.0,624,RABUN,0.0,1/30/2024 8:55,1/30/2024 13:41,Price Code 1,CUSTOMER PICKUP,False,Rabun Warehouse,02,30525.0,Clayton,USDA SHREDDED YELLOW CHEDDAR CHEESE CCC,Cooled Cooled Cooled Cooled Dairy
731,177231,1045,F-138,Freedom Ministries Lighthouse,479851,,ON PREMISES (OP),REHAB-Agency,BLUE RECEIPT-SHL,W-25-10009,66,0,0,11.88,66,RABUN,0.18,3/13/2024 10:11,3/13/2024 11:17,Price Code 1,CUSTOMER PICKUP,False,Sharing Floor Rabun,02-SH,30552.0,Lakemont,"ASSORTED SNACK ITEMS, SHL",Dry Dry Dry Dry Food Misc.
824,173135,4676,R-124,Rabun Gap Presbyterian Church,476765,,FP/USDA,MOBILE PANTRY-Agency,USDA,F-50-90031,60,0,0,0.0,1440,RABUN,0.0,1/19/2024 8:57,1/22/2024 13:02,Price Code 1,CUSTOMER PICKUP,False,Rabun Warehouse,02,30568.0,Rabun Gap,USDA FROZEN BLUEBERRIES CCC,Frozen Frozen Frozen Frozen Fruits
919,177572,8986,F-132,Fight Abuse in the Home (FAITH),FAIMPORT480192,,ON PREMISES (OP),SHELTER-Agency,BLUE RECEIPT-SHL,MCW-01-10001,1,0,0,0.0,1,RABUN,0.0,3/18/2024 0:00,3/18/2024 0:00,Price Code 1,CUSTOMER PICKUP,False,Food Bank of Northeast Georgia,01,30525.0,Clayton,"NON-FOOD ITEMS, SHL RETAIL PICKUPS",Dry Dry Dry Dry Non-Food Misc.
577,173316,8720,S-133,Sharing and Caring - Clayton,476945,,FP/GNAP/USDA,FOOD PANTRY-Agency,USDA,N-50-10305,1,0,0,2.52,14,RABUN,0.18,1/23/2024 9:50,1/23/2024 13:19,Price Code 1,CUSTOMER PICKUP,False,Rabun Warehouse,02,30525.0,Clayton,USDA MIXED VegetablesCCC,Dry Dry Dry Dry Vegetables
577,175220,688,S-133,Sharing and Caring - Clayton,477849,,FP/GNAP/USDA,FOOD PANTRY-Agency,BLUE RECEIPT-SHL,W-01-10000,59,0,0,10.62,59,RABUN,0.18,2/6/2024 9:50,2/6/2024 13:16,Price Code 1,CUSTOMER PICKUP,False,Sharing Floor Rabun,02-SH,30525.0,Clayton,"ASSORTED NON-FOOD ITEMS, SHL",Dry Dry Dry Dry Non-Food Misc.
824,173336,4327,R-124,Rabun Gap Presbyterian Church,476965,,FP/USDA,MOBILE PANTRY-Agency,USDA,N-50-10277,90,0,0,0.0,2430,RABUN,0.0,2/16/2024 8:57,2/20/2024 15:52,Price Code 1,CUSTOMER PICKUP,False,Rabun Warehouse,02,30568.0,Rabun Gap,USDA GARBANZO BEANS,Dry Dry Dry Dry Proteins
602,179920,1047,10-NGAR,Food Bank of Northeast Georgia Rabun,482531,,FOOD BANK,EMERGENCY-Agency,USDA,N-50-10041,13,0,0,0.0,637,RABUN,0.0,5/1/2024 8:55,5/1/2024 7:09,Price Code 1,CUSTOMER PICKUP,False,Rabun Warehouse,02,30525.0,Clayton,USDA RICE,Dry Dry Dry Dry Grains
602,180323,6676,10-NGAR,Food Bank of Northeast Georgia Rabun,482929,,FOOD BANK,EMERGENCY-Agency,USDA,C-50-10009,49,0,0,0.0,2205,RABUN,0.0,5/7/2024 8:55,5/7/2024 8:21,Price Code 1,CUSTOMER PICKUP,False,Rabun Warehouse,02,30525.0,Clayton,"USDA APPLES, FRESH",Cooled Cooled Cooled Cooled Fruits
346,182479,1045,F-114,Flat Creek Baptist Church,485083,,FP/GNAP/USDA,FOOD PANTRY-Agency,BLUE RECEIPT-SHL,W-25-10009,42,0,0,7.56,42,RABUN,0.18,6/21/2024 12:44,6/21/2024 13:29,Price Code 1,CUSTOMER PICKUP,False,Sharing Floor Rabun,02-SH,30552.0,Lakemont,"ASSORTED SNACK ITEMS, SHL",Dry Dry Dry Dry Food Misc.
824,173135,8903,R-124,Rabun Gap Presbyterian Church,476765,,FP/USDA,MOBILE PANTRY-Agency,YELLOW RECEIPT - SHN,N-16-10181,96,0,0,0.0,480,RABUN,0.0,1/19/2024 8:57,1/22/2024 13:02,Price Code 1,CUSTOMER PICKUP,False,Rabun Warehouse,02,30568.0,Rabun Gap,STOVE TOP STUFFING - TURKEY/CHICKEN/CORNBREAD,Dry Dry Dry Dry Prepared Meals
364,178585,1045,M-110,Mountain Grove Baptist Church,481201,,FOOD PANTRY,FOOD PANTRY-Agency,BLUE RECEIPT-SHL,W-25-10009,49,0,0,8.82,49,RABUN,0.18,4/9/2024 13:32,4/9/2024 9:24,Price Code 1,CUSTOMER PICKUP,False,Sharing Floor Rabun,02-SH,30525.0,Clayton,"ASSORTED SNACK ITEMS, SHL",Dry Dry Dry Dry Food Misc.
577,173603,7082,S-133,Sharing and Caring - Clayton,477232,,FP/GNAP/USDA,FOOD PANTRY-Agency,USDA,C-50-10033,2,0,0,0.0,24,RABUN,0.0,1/30/2024 9:50,1/30/2024 13:26,Price Code 1,CUSTOMER PICKUP,False,Rabun Warehouse,02,30525.0,Clayton,USDA SHREDDED YELLOW CHEDDAR CHEESE CCC,Cooled Cooled Cooled Cooled Dairy
577,178611,5388,S-133,Sharing and Caring - Clayton,481227,,FP/GNAP/USDA,FOOD PANTRY-Agency,BLUE RECEIPT-SHL,F-16-10001,70,0,0,12.6,70,RABUN,0.18,4/9/2024 9:50,4/9/2024 13:22,Price Code 1,CUSTOMER PICKUP,False,Sharing Floor Rabun,02-SH,30525.0,Clayton,"ASSORTED FROZEN FOODS, SHL",Frozen Frozen Frozen Frozen Food Misc.
824,177996,4327,R-124,Rabun Gap Presbyterian Church,480615,,FP/USDA,MOBILE PANTRY-Agency,USDA,N-50-10277,1,0,0,4.86,27,RABUN,0.18,3/31/2024 8:57,3/31/2024 21:27,Price Code 1,CUSTOMER PICKUP,False,Rabun Warehouse,02,30568.0,Rabun Gap,USDA GARBANZO BEANS,Dry Dry Dry Dry Proteins
346,173681,2862,F-114,Flat Creek Baptist Church,477310,,FP/GNAP/USDA,FOOD PANTRY-Agency,USDA,N-50-10115,1,0,0,4.86,27,RABUN,0.18,1/29/2024 12:44,1/29/2024 10:17,Price Code 1,CUSTOMER PICKUP,False,Rabun Warehouse,02,30552.0,Lakemont,USDA DARK RED KIDNEY BEANS CCC,Dry Dry Dry Dry Proteins
824,179084,4715,R-124,Rabun Gap Presbyterian Church,481698,,FP/USDA,MOBILE PANTRY-Agency,USDA,F-50-90461,18,0,0,0.0,720,RABUN,0.0,4/17/2024 8:57,4/22/2024 8:49,Price Code 1,CUSTOMER PICKUP,False,Rabun Warehouse,02,30568.0,Rabun Gap,USDA ALASKAN POLLACK FISH FILLETS,Frozen Frozen Frozen Frozen Proteins
773,178951,683,P-122,Persimmon Baptist Church,481565,,FOOD PANTRY,FOOD PANTRY-Agency,BLUE RECEIPT-SHL,W-16-10001,176,0,0,31.68,176,RABUN,0.18,4/15/2024 11:44,4/15/2024 8:41,Price Code 1,CUSTOMER PICKUP,False,Sharing Floor Rabun,02-SH,30525.0,Clayton,MISC. FOOD BOX SHL,Dry Dry Dry Dry Food Misc.
824,180711,7414,R-124,Rabun Gap Presbyterian Church,483317,,FP/USDA,MOBILE PANTRY-Agency,PURCH,C-28-90525,56,0,0,0.0,1232,RABUN,0.0,5/17/2024 8:57,5/17/2024 7:19,Price Code 1,CUSTOMER PICKUP,False,Rabun Warehouse,02,30568.0,Rabun Gap,BROCCOLI CROWNS,Cooled Cooled Cooled Cooled Vegetables
731,180261,690,F-138,Freedom Ministries Lighthouse,482867,,ON PREMISES (OP),REHAB-Agency,BLUE RECEIPT-SHL,W-03-10013,326,0,0,9.78,326,RABUN,0.03,5/6/2024 10:11,5/6/2024 10:55,Price Code 1,CUSTOMER PICKUP,False,Sharing Floor Rabun,02-SH,30552.0,Lakemont,"ASSORTED BEVERAGES, SHL",Dry Dry Dry Dry Beverages
658,180096,9043,W-130,Wolf Creek Baptist Church,482704,,FP/GNAP/USDA,FOOD PANTRY-Agency,GNAP,N-40-10277,1,0,0,0.0,8,RABUN,0.0,5/7/2024 8:15,5/7/2024 9:11,Price Code 1,CUSTOMER PICKUP,False,Rabun Warehouse,02,30576.0,Tiger,GNAP DELUXE SHELLS & CHEESE,Dry Dry Dry Dry Prepared Meals
658,180335,50,W-130,Wolf Creek Baptist Church,482941,,FP/GNAP/USDA,FOOD PANTRY-Agency,LOCAL - LL,W-16-10002,102,0,0,18.36,102,RABUN,0.18,5/7/2024 16:14,5/7/2024 9:29,Price Code 1,CUSTOMER PICKUP,False,Sharing Floor Rabun,02-SH,30576.0,Tiger,MISC. FOOD BOX LL,Dry Dry Dry Dry Food Misc.
364,182096,5388,M-110,Mountain Grove Baptist Church,484700,,FOOD PANTRY,FOOD PANTRY-Agency,BLUE RECEIPT-SHL,F-16-10001,92,0,0,16.56,92,RABUN,0.18,6/11/2024 13:32,6/11/2024 9:54,Price Code 1,CUSTOMER PICKUP,False,Sharing Floor Rabun,02-SH,30525.0,Clayton,"ASSORTED FROZEN FOODS, SHL",Frozen Frozen Frozen Frozen Food Misc.
577,176307,690,S-133,Sharing and Caring - Clayton,478932,,FP/GNAP/USDA,FOOD PANTRY-Agency,BLUE RECEIPT-SHL,W-03-10013,38,0,0,1.14,38,RABUN,0.03,2/27/2024 9:50,2/27/2024 13:58,Price Code 1,CUSTOMER PICKUP,False,Sharing Floor Rabun,02-SH,30525.0,Clayton,"ASSORTED BEVERAGES, SHL",Dry Dry Dry Dry Beverages
602,181176,4327,10-NGAR,Food Bank of Northeast Georgia Rabun,483781,,FOOD BANK,EMERGENCY-Agency,USDA,N-50-10277,13,0,0,0.0,351,RABUN,0.0,5/22/2024 8:55,5/22/2024 8:28,Price Code 1,CUSTOMER PICKUP,False,Rabun Warehouse,02,30525.0,Clayton,USDA GARBANZO BEANS,Dry Dry Dry Dry Proteins
577,176935,890,S-133,Sharing and Caring - Clayton,479557,,FP/GNAP/USDA,FOOD PANTRY-Agency,GNAP,N-40-10001,2,0,0,0.0,54,RABUN,0.0,3/12/2024 9:50,3/12/2024 13:08,Price Code 1,CUSTOMER PICKUP,False,Rabun Warehouse,02,30525.0,Clayton,GNAP APPLE SAUCE,Dry Dry Dry Dry Fruits
824,180711,4269,R-124,Rabun Gap Presbyterian Church,483317,,FP/USDA,MOBILE PANTRY-Agency,USDA,N-50-10273,80,0,0,0.0,1920,RABUN,0.0,5/17/2024 8:57,5/17/2024 7:19,Price Code 1,CUSTOMER PICKUP,False,Rabun Warehouse,02,30568.0,Rabun Gap,USDA DRY NAVY BEANS CCC,Dry Dry Dry Dry Proteins
824,182066,6676,R-124,Rabun Gap Presbyterian Church,484670,,FP/USDA,MOBILE PANTRY-Agency,USDA,C-50-10009,98,0,0,0.0,4410,RABUN,0.0,6/14/2024 8:57,6/20/2024 15:30,Price Code 1,CUSTOMER PICKUP,False,Rabun Warehouse,02,30568.0,Rabun Gap,"USDA APPLES, FRESH",Cooled Cooled Cooled Cooled Fruits
602,177709,8720,10-NGAR,Food Bank of Northeast Georgia Rabun,480329,,FOOD BANK,EMERGENCY-Agency,USDA,N-50-10305,26,0,0,0.0,364,RABUN,0.0,3/21/2024 8:55,3/21/2024 9:49,Price Code 1,CUSTOMER PICKUP,False,Rabun Warehouse,02,30525.0,Clayton,USDA MIXED VegetablesCCC,Dry Dry Dry Dry Vegetables
602,178600,7059,10-NGAR,Food Bank of Northeast Georgia Rabun,481216,,FOOD BANK,EMERGENCY-Agency,USDA,C-50-10019,364,0,0,0.0,13104,RABUN,0.0,4/9/2024 8:55,4/9/2024 11:09,Price Code 1,CUSTOMER PICKUP,False,Rabun Warehouse,02,30525.0,Clayton,USDA 2% MILK CCC,Cooled Cooled Cooled Cooled Dairy
602,180071,8620,10-NGAR,Food Bank of Northeast Georgia Rabun,482679,,FOOD BANK,EMERGENCY-Agency,GNAP,N-40-10260,3,0,0,0.0,54,RABUN,0.0,5/2/2024 8:55,5/2/2024 11:07,Price Code 1,CUSTOMER PICKUP,False,Rabun Warehouse,02,30525.0,Clayton,GNAP CREAM OF CHICKEN SOUP,Dry Dry Dry Dry Prepared Meals
658,173119,170,W-130,Wolf Creek Baptist Church,476749,,FP/GNAP/USDA,FOOD PANTRY-Agency,USDA,N-50-10007,1,0,0,5.04,28,RABUN,0.18,1/19/2024 12:29,1/19/2024 8:34,Price Code 1,CUSTOMER PICKUP,False,Rabun Warehouse,02,30576.0,Tiger,"USDA CORN, WHOLE KERNEL NO SALT",Dry Dry Dry Dry Vegetables
731,182337,5388,F-138,Freedom Ministries Lighthouse,484941,,ON PREMISES (OP),REHAB-Agency,BLUE RECEIPT-SHL,F-16-10001,73,0,0,13.14,73,RABUN,0.18,6/18/2024 10:11,6/18/2024 13:33,Price Code 1,CUSTOMER PICKUP,False,Sharing Floor Rabun,02-SH,30552.0,Lakemont,"ASSORTED FROZEN FOODS, SHL",Frozen Frozen Frozen Frozen Food Misc.
577,179272,8720,S-133,Sharing and Caring - Clayton,481885,,FP/GNAP/USDA,FOOD PANTRY-Agency,USDA,N-50-10305,2,0,0,5.04,28,RABUN,0.18,4/23/2024 9:50,4/23/2024 13:09,Price Code 1,CUSTOMER PICKUP,False,Rabun Warehouse,02,30525.0,Clayton,USDA MIXED VegetablesCCC,Dry Dry Dry Dry Vegetables
919,177299,1045,F-132,Fight Abuse in the Home (FAITH),479919,,ON PREMISES (OP),SHELTER-Agency,BLUE RECEIPT-SHL,W-25-10009,7,0,0,1.26,7,RABUN,0.18,3/14/2024 18:41,3/14/2024 10:09,Price Code 1,CUSTOMER PICKUP,False,Sharing Floor Rabun,02-SH,30525.0,Clayton,"ASSORTED SNACK ITEMS, SHL",Dry Dry Dry Dry Food Misc.
602,176682,1481,10-NGAR,Food Bank of Northeast Georgia Rabun,479305,,FOOD BANK,EMERGENCY-Agency,USDA,N-50-10105,13,0,0,0.0,221,RABUN,0.0,3/5/2024 8:55,3/5/2024 10:31,Price Code 1,CUSTOMER PICKUP,False,Rabun Warehouse,02,30525.0,Clayton,USDA DRIED CHERRIES CCC,Dry Dry Dry Dry Fruits
346,173681,4788,F-114,Flat Creek Baptist Church,477310,,FP/GNAP/USDA,FOOD PANTRY-Agency,USDA,F-50-90039,3,0,0,21.6,120,RABUN,0.18,1/29/2024 12:44,1/29/2024 10:17,Price Code 1,CUSTOMER PICKUP,False,Rabun Warehouse,02,30552.0,Lakemont,USDA CATFISH FILLETS CCC,Frozen Frozen Frozen Frozen Proteins
773,176590,875,P-122,Persimmon Baptist Church,479214,,FOOD PANTRY,FOOD PANTRY-Agency,BLUE RECEIPT-SHL,W-04-10000,14,0,0,0.0,14,RABUN,0.0,3/4/2024 11:44,3/4/2024 8:29,Price Code 1,CUSTOMER PICKUP,False,Sharing Floor Rabun,02-SH,30525.0,Clayton,"BREAD & BAKERY, ASSORTED SHL",Dry Dry Dry Dry Grains
824,173336,8783,R-124,Rabun Gap Presbyterian Church,476965,,FP/USDA,MOBILE PANTRY-Agency,USDA,N-50-10308,80,0,0,0.0,1840,RABUN,0.0,2/16/2024 8:57,2/20/2024 15:52,Price Code 1,CUSTOMER PICKUP,False,Rabun Warehouse,02,30568.0,Rabun Gap,USDA RAISINS,Dry Dry Dry Dry Fruits
919,181705,8970,F-132,Fight Abuse in the Home (FAITH),FAIMPORT484309,,ON PREMISES (OP),SHELTER-Agency,BLUE RECEIPT-SHL,MCW-16-10001,49,0,0,0.0,49,RABUN,0.0,5/30/2024 0:00,5/30/2024 0:00,Price Code 1,CUSTOMER PICKUP,False,Food Bank of Northeast Georgia,01,30525.0,Clayton,"MISC. FOOD BOX, SHL RETAIL PICKUP",Dry Dry Dry Dry Food Misc.
905,180676,7083,R-127,Rabun Christian Food Ministry,483282,,FP/USDA,FOOD PANTRY-Agency,USDA,C-50-10029,12,0,0,25.92,144,RABUN,0.18,5/15/2024 8:00,5/20/2024 10:42,Price Code 1,CUSTOMER PICKUP,False,Rabun Warehouse,02,30525.0,Clayton,"USDA MILD CHEDDAR CHEESE, BLOCK CCC",Cooled Cooled Cooled Cooled Dairy
602,177709,1521,10-NGAR,Food Bank of Northeast Georgia Rabun,480329,,FOOD BANK,EMERGENCY-Agency,USDA,N-50-10104,13,0,0,0.0,325,RABUN,0.0,3/21/2024 8:55,3/21/2024 9:49,Price Code 1,CUSTOMER PICKUP,False,Rabun Warehouse,02,30525.0,Clayton,USDA LENTIL BEANS,Dry Dry Dry Dry Proteins
602,181496,2202,10-NGAR,Food Bank of Northeast Georgia Rabun,484100,,FOOD BANK,EMERGENCY-Agency,USDA,N-50-10240,15,0,0,0.0,330,RABUN,0.0,5/29/2024 8:55,5/29/2024 8:59,Price Code 1,CUSTOMER PICKUP,False,Rabun Warehouse,02,30525.0,Clayton,USDA SPAGHETTI,Dry Dry Dry Dry Grains
824,179084,8497,R-124,Rabun Gap Presbyterian Church,481698,,FP/USDA,MOBILE PANTRY-Agency,USDA,C-50-10048,60,0,0,0.0,1920,RABUN,0.0,4/17/2024 8:57,4/22/2024 8:49,Price Code 1,CUSTOMER PICKUP,False,Rabun Warehouse,02,30568.0,Rabun Gap,USDA MANDARIN ORANGES,Cooled Cooled Cooled Cooled Fruits
919,182554,8970,F-132,Fight Abuse in the Home (FAITH),FAIMPORT485157,,ON PREMISES (OP),SHELTER-Agency,BLUE RECEIPT-SHL,MCW-16-10001,10,0,0,0.0,10,RABUN,0.0,6/24/2024 0:00,6/24/2024 0:00,Price Code 1,CUSTOMER PICKUP,False,Food Bank of Northeast Georgia,01,30525.0,Clayton,"MISC. FOOD BOX, SHL RETAIL PICKUP",Dry Dry Dry Dry Food Misc.
731,175480,688,F-138,Freedom Ministries Lighthouse,478109,,ON PREMISES (OP),REHAB-Agency,BLUE RECEIPT-SHL,W-01-10000,63,0,0,11.34,63,RABUN,0.18,2/12/2024 10:11,2/12/2024 11:46,Price Code 1,CUSTOMER PICKUP,False,Sharing Floor Rabun,02-SH,30552.0,Lakemont,"ASSORTED NON-FOOD ITEMS, SHL",Dry Dry Dry Dry Non-Food Misc.
602,182609,9073,10-NGAR,Food Bank of Northeast Georgia Rabun,485212,,FOOD BANK,EMERGENCY-Agency,USDA,C-50-10051,50,0,0,0.0,600,RABUN,0.0,6/28/2024 8:55,6/28/2024 7:25,Price Code 1,CUSTOMER PICKUP,False,Rabun Warehouse,02,30525.0,Clayton,USDA SHREDDED MOZZARELLA CHEESE CCC,Cooled Cooled Cooled Cooled Dairy
824,178792,5388,R-124,Rabun Gap Presbyterian Church,481406,,FP/USDA,MOBILE PANTRY-Agency,BLUE RECEIPT-SHL,F-16-10001,1500,0,0,0.0,1500,RABUN,0.0,4/11/2024 8:57,4/11/2024 9:05,Price Code 1,CUSTOMER PICKUP,False,Sharing Floor Rabun,02-SH,30568.0,Rabun Gap,"ASSORTED FROZEN FOODS, SHL",Frozen Frozen Frozen Frozen Food Misc.
824,182066,4715,R-124,Rabun Gap Presbyterian Church,484670,,FP/USDA,MOBILE PANTRY-Agency,USDA,F-50-90461,36,0,0,0.0,1440,RABUN,0.0,6/14/2024 8:57,6/20/2024 15:30,Price Code 1,CUSTOMER PICKUP,False,Rabun Warehouse,02,30568.0,Rabun Gap,USDA ALASKAN POLLACK FISH FILLETS,Frozen Frozen Frozen Frozen Proteins
658,173119,8720,W-130,Wolf Creek Baptist Church,476749,,FP/GNAP/USDA,FOOD PANTRY-Agency,USDA,N-50-10305,2,0,0,5.04,28,RABUN,0.18,1/19/2024 12:29,1/19/2024 8:34,Price Code 1,CUSTOMER PICKUP,False,Rabun Warehouse,02,30576.0,Tiger,USDA MIXED VegetablesCCC,Dry Dry Dry Dry Vegetables
731,172704,683,F-138,Freedom Ministries Lighthouse,476335,,ON PREMISES (OP),REHAB-Agency,BLUE RECEIPT-SHL,W-16-10001,94,0,0,16.92,94,RABUN,0.18,1/8/2024 10:11,1/8/2024 9:51,Price Code 1,CUSTOMER PICKUP,False,Sharing Floor Rabun,02-SH,30552.0,Lakemont,MISC. FOOD BOX SHL,Dry Dry Dry Dry Food Misc.
905,182050,170,R-127,Rabun Christian Food Ministry,484654,,FP/USDA,FOOD PANTRY-Agency,USDA,N-50-10007,12,0,0,60.48,336,RABUN,0.18,6/21/2024 8:30,6/21/2024 9:12,Price Code 1,CUSTOMER PICKUP,False,Rabun Warehouse,02,30525.0,Clayton,"USDA CORN, WHOLE KERNEL NO SALT",Dry Dry Dry Dry Vegetables
905,180676,2202,R-127,Rabun Christian Food Ministry,483282,,FP/USDA,FOOD PANTRY-Agency,USDA,N-50-10240,13,0,0,51.48,286,RABUN,0.18,5/15/2024 8:00,5/20/2024 10:42,Price Code 1,CUSTOMER PICKUP,False,Rabun Warehouse,02,30525.0,Clayton,USDA SPAGHETTI,Dry Dry Dry Dry Grains
824,173336,8914,R-124,Rabun Gap Presbyterian Church,476965,,FP/USDA,MOBILE PANTRY-Agency,USDA,N-50-10310,102,0,0,0.0,2754,RABUN,0.0,2/16/2024 8:57,2/20/2024 15:52,Price Code 1,CUSTOMER PICKUP,False,Rabun Warehouse,02,30568.0,Rabun Gap,USDA DICED POTATOES,Dry Dry Dry Dry Potatoes
364,176676,688,M-110,Mountain Grove Baptist Church,479299,,FOOD PANTRY,FOOD PANTRY-Agency,BLUE RECEIPT-SHL,W-01-10000,14,0,0,2.52,14,RABUN,0.18,3/5/2024 13:32,3/5/2024 9:29,Price Code 1,CUSTOMER PICKUP,False,Sharing Floor Rabun,02-SH,30525.0,Clayton,"ASSORTED NON-FOOD ITEMS, SHL",Dry Dry Dry Dry Non-Food Misc.
824,175687,875,R-124,Rabun Gap Presbyterian Church,478315,,FP/USDA,MOBILE PANTRY-Agency,BLUE RECEIPT-SHL,W-04-10000,3000,0,0,0.0,3000,RABUN,0.0,2/15/2024 8:57,2/15/2024 10:29,Price Code 1,CUSTOMER PICKUP,False,Sharing Floor Rabun,02-SH,30568.0,Rabun Gap,"BREAD & BAKERY, ASSORTED SHL",Dry Dry Dry Dry Grains
577,179681,9029,S-133,Sharing and Caring - Clayton,482294,,FP/GNAP/USDA,FOOD PANTRY-Agency,YELLOW RECEIPT - SHN,N-25-11971,2,0,0,2.88,16,RABUN,0.18,4/30/2024 9:50,4/30/2024 13:20,Price Code 1,CUSTOMER PICKUP,False,Rabun Warehouse,02,30525.0,Clayton,BIGS JUMBO SUNFLOWER KERNELS,Dry Dry Dry Dry Proteins
577,175399,8914,S-133,Sharing and Caring - Clayton,478028,,FP/GNAP/USDA,FOOD PANTRY-Agency,USDA,N-50-10310,2,0,0,9.72,54,RABUN,0.18,2/13/2024 9:50,2/13/2024 13:26,Price Code 1,CUSTOMER PICKUP,False,Rabun Warehouse,02,30525.0,Clayton,USDA DICED POTATOES,Dry Dry Dry Dry Potatoes
577,178393,8720,S-133,Sharing and Caring - Clayton,481009,,FP/GNAP/USDA,FOOD PANTRY-Agency,USDA,N-50-10305,4,0,0,10.08,56,RABUN,0.18,4/9/2024 9:50,4/9/2024 13:19,Price Code 1,CUSTOMER PICKUP,False,Rabun Warehouse,02,30525.0,Clayton,USDA MIXED VegetablesCCC,Dry Dry Dry Dry Vegetables
731,173110,1045,F-138,Freedom Ministries Lighthouse,476740,,ON PREMISES (OP),REHAB-Agency,BLUE RECEIPT-SHL,W-25-10009,22,0,0,3.96,22,RABUN,0.18,1/16/2024 10:11,1/16/2024 10:45,Price Code 1,CUSTOMER PICKUP,False,Sharing Floor Rabun,02-SH,30552.0,Lakemont,"ASSORTED SNACK ITEMS, SHL",Dry Dry Dry Dry Food Misc.
731,173755,688,F-138,Freedom Ministries Lighthouse,477384,,ON PREMISES (OP),REHAB-Agency,BLUE RECEIPT-SHL,W-01-10000,66,0,0,11.88,66,RABUN,0.18,1/29/2024 10:11,1/29/2024 10:16,Price Code 1,CUSTOMER PICKUP,False,Sharing Floor Rabun,02-SH,30552.0,Lakemont,"ASSORTED NON-FOOD ITEMS, SHL",Dry Dry Dry Dry Non-Food Misc.
602,182511,8690,10-NGAR,Food Bank of Northeast Georgia Rabun,485114,,FOOD BANK,EMERGENCY-Agency,USDA,N-50-10302,38,0,0,0.0,532,RABUN,0.0,6/24/2024 8:55,6/24/2024 8:18,Price Code 1,CUSTOMER PICKUP,False,Rabun Warehouse,02,30525.0,Clayton,USDA GREEN BEANS CCC,Dry Dry Dry Dry Vegetables
577,179681,8997,S-133,Sharing and Caring - Clayton,482294,,FP/GNAP/USDA,FOOD PANTRY-Agency,USDA,N-50-10312,1,0,0,2.16,12,RABUN,0.18,4/30/2024 9:50,4/30/2024 13:20,Price Code 1,CUSTOMER PICKUP,False,Rabun Warehouse,02,30525.0,Clayton,USDA CHILI W/ BEANS CCC,Dry Dry Dry Dry Prepared Meals
577,179272,1481,S-133,Sharing and Caring - Clayton,481885,,FP/GNAP/USDA,FOOD PANTRY-Agency,USDA,N-50-10105,1,0,0,3.06,17,RABUN,0.18,4/23/2024 9:50,4/23/2024 13:09,Price Code 1,CUSTOMER PICKUP,False,Rabun Warehouse,02,30525.0,Clayton,USDA DRIED CHERRIES CCC,Dry Dry Dry Dry Fruits
773,173375,5388,P-122,Persimmon Baptist Church,477004,,FOOD PANTRY,FOOD PANTRY-Agency,BLUE RECEIPT-SHL,F-16-10001,19,0,0,3.42,19,RABUN,0.18,1/22/2024 11:44,1/22/2024 8:44,Price Code 1,CUSTOMER PICKUP,False,Sharing Floor Rabun,02-SH,30525.0,Clayton,"ASSORTED FROZEN FOODS, SHL",Frozen Frozen Frozen Frozen Food Misc.
824,180711,8991,R-124,Rabun Gap Presbyterian Church,483317,,FP/USDA,MOBILE PANTRY-Agency,USDA,N-50-10311,60,0,0,0.0,1440,RABUN,0.0,5/17/2024 8:57,5/17/2024 7:19,Price Code 1,CUSTOMER PICKUP,False,Rabun Warehouse,02,30568.0,Rabun Gap,USDA HAZELNUTS CCC,Dry Dry Dry Dry Proteins
602,182057,6676,10-NGAR,Food Bank of Northeast Georgia Rabun,484661,,FOOD BANK,EMERGENCY-Agency,USDA,C-50-10009,2,0,0,0.0,90,RABUN,0.0,6/10/2024 8:55,6/10/2024 7:40,Price Code 1,CUSTOMER PICKUP,False,Rabun Warehouse,02,30525.0,Clayton,"USDA APPLES, FRESH",Cooled Cooled Cooled Cooled Fruits
602,180323,170,10-NGAR,Food Bank of Northeast Georgia Rabun,482929,,FOOD BANK,EMERGENCY-Agency,USDA,N-50-10007,13,0,0,0.0,364,RABUN,0.0,5/7/2024 8:55,5/7/2024 8:21,Price Code 1,CUSTOMER PICKUP,False,Rabun Warehouse,02,30525.0,Clayton,"USDA CORN, WHOLE KERNEL NO SALT",Dry Dry Dry Dry Vegetables
346,182479,683,F-114,Flat Creek Baptist Church,485083,,FP/GNAP/USDA,FOOD PANTRY-Agency,BLUE RECEIPT-SHL,W-16-10001,100,0,0,18.0,100,RABUN,0.18,6/21/2024 12:44,6/21/2024 13:29,Price Code 1,CUSTOMER PICKUP,False,Sharing Floor Rabun,02-SH,30552.0,Lakemont,MISC. FOOD BOX SHL,Dry Dry Dry Dry Food Misc.
577,176307,5388,S-133,Sharing and Caring - Clayton,478932,,FP/GNAP/USDA,FOOD PANTRY-Agency,BLUE RECEIPT-SHL,F-16-10001,27,0,0,4.86,27,RABUN,0.18,2/27/2024 9:50,2/27/2024 13:58,Price Code 1,CUSTOMER PICKUP,False,Sharing Floor Rabun,02-SH,30525.0,Clayton,"ASSORTED FROZEN FOODS, SHL",Frozen Frozen Frozen Frozen Food Misc.
824,173336,1481,R-124,Rabun Gap Presbyterian Church,476965,,FP/USDA,MOBILE PANTRY-Agency,USDA,N-50-10105,86,0,0,0.0,1462,RABUN,0.0,2/16/2024 8:57,2/20/2024 15:52,Price Code 1,CUSTOMER PICKUP,False,Rabun Warehouse,02,30568.0,Rabun Gap,USDA DRIED CHERRIES CCC,Dry Dry Dry Dry Fruits
824,175331,5938,R-124,Rabun Gap Presbyterian Church,477960,,FP/USDA,MOBILE PANTRY-Agency,BLUE RECEIPT-SHL,C-28-10001,2000,0,0,0.0,2000,RABUN,0.0,2/8/2024 8:57,2/8/2024 9:16,Price Code 1,CUSTOMER PICKUP,False,Sharing Floor Rabun,02-SH,30568.0,Rabun Gap,"PRODUCE, FRESH SHL",Cooled Cooled Cooled Cooled Mixed Produce
346,173681,4555,F-114,Flat Creek Baptist Church,477310,,FP/GNAP/USDA,FOOD PANTRY-Agency,USDA,F-50-90042,3,0,0,21.6,120,RABUN,0.18,1/29/2024 12:44,1/29/2024 10:17,Price Code 1,CUSTOMER PICKUP,False,Rabun Warehouse,02,30552.0,Lakemont,USDA CHICKEN DRUMSTICKS CCC,Frozen Frozen Frozen Frozen Proteins
919,181967,8971,F-132,Fight Abuse in the Home (FAITH),FAIMPORT484571,,ON PREMISES (OP),SHELTER-Agency,BLUE RECEIPT-SHL,MCF-16-10001,17,0,0,0.0,17,RABUN,0.0,6/3/2024 0:00,6/3/2024 0:00,Price Code 1,CUSTOMER PICKUP,False,Food Bank of Northeast Georgia,01,30525.0,Clayton,"FROZEN FOODS, MISC SHL RETAIL PICKUP",Dry Dry Dry Dry Food Misc.
905,177209,6831,R-127,Rabun Christian Food Ministry,479829,,FP/USDA,FOOD PANTRY-Agency,USDA,C-50-10025,5,0,0,21.0,210,RABUN,0.1,3/18/2024 11:38,3/18/2024 7:21,Price Code 1,CUSTOMER PICKUP,False,Rabun Warehouse,02,30525.0,Clayton,USDA APPLES,Cooled Cooled Cooled Cooled Fruits
919,177572,8975,F-132,Fight Abuse in the Home (FAITH),FAIMPORT480192,,ON PREMISES (OP),SHELTER-Agency,BLUE RECEIPT-SHL,MCC-07-10001,45,0,0,0.0,45,RABUN,0.0,3/18/2024 0:00,3/18/2024 0:00,Price Code 1,CUSTOMER PICKUP,False,Food Bank of Northeast Georgia,01,30525.0,Clayton,"DAIRY PRODUCTS, SHL RETAIL PICKUPS",Dry Dry Dry Dry Dairy
731,176607,5938,F-138,Freedom Ministries Lighthouse,479231,,ON PREMISES (OP),REHAB-Agency,BLUE RECEIPT-SHL,C-28-10001,15,0,0,0.45,15,RABUN,0.03,3/4/2024 10:11,3/4/2024 10:44,Price Code 1,CUSTOMER PICKUP,False,Sharing Floor Rabun,02-SH,30552.0,Lakemont,"PRODUCE, FRESH SHL",Cooled Cooled Cooled Cooled Mixed Produce
919,182219,8971,F-132,Fight Abuse in the Home (FAITH),FAIMPORT484823,,ON PREMISES (OP),SHELTER-Agency,BLUE RECEIPT-SHL,MCF-16-10001,53,0,0,0.0,53,RABUN,0.0,6/13/2024 0:00,6/13/2024 0:00,Price Code 1,CUSTOMER PICKUP,False,Food Bank of Northeast Georgia,01,30525.0,Clayton,"FROZEN FOODS, MISC SHL RETAIL PICKUP",Dry Dry Dry Dry Food Misc.
346,182467,6676,F-114,Flat Creek Baptist Church,485071,,FP/GNAP/USDA,FOOD PANTRY-Agency,USDA,C-50-10009,2,0,0,16.2,90,RABUN,0.18,6/26/2024 14:00,6/26/2024 13:46,Price Code 1,CUSTOMER PICKUP,False,Rabun Warehouse,02,30552.0,Lakemont,"USDA APPLES, FRESH",Cooled Cooled Cooled Cooled Fruits
602,179984,8720,10-NGAR,Food Bank of Northeast Georgia Rabun,482593,,FOOD BANK,EMERGENCY-Agency,USDA,N-50-10305,1,0,0,0.0,14,RABUN,0.0,5/1/2024 8:55,5/1/2024 14:45,Price Code 1,CUSTOMER PICKUP,False,Rabun Warehouse,02,30525.0,Clayton,USDA MIXED VegetablesCCC,Dry Dry Dry Dry Vegetables
602,179920,8783,10-NGAR,Food Bank of Northeast Georgia Rabun,482531,,FOOD BANK,EMERGENCY-Agency,USDA,N-50-10308,13,0,0,0.0,299,RABUN,0.0,5/1/2024 8:55,5/1/2024 7:09,Price Code 1,CUSTOMER PICKUP,False,Rabun Warehouse,02,30525.0,Clayton,USDA RAISINS,Dry Dry Dry Dry Fruits
824,181961,5938,R-124,Rabun Gap Presbyterian Church,484565,,FP/USDA,MOBILE PANTRY-Agency,BLUE RECEIPT-SHL,C-28-10001,5000,0,0,0.0,5000,RABUN,0.0,6/6/2024 8:57,6/6/2024 9:55,Price Code 1,CUSTOMER PICKUP,False,Sharing Floor Rabun,02-SH,30568.0,Rabun Gap,"PRODUCE, FRESH SHL",Cooled Cooled Cooled Cooled Mixed Produce
824,173336,84,R-124,Rabun Gap Presbyterian Church,476965,,FP/USDA,MOBILE PANTRY-Agency,USDA,N-50-10006,102,0,0,0.0,2754,RABUN,0.0,2/16/2024 8:57,2/20/2024 15:52,Price Code 1,CUSTOMER PICKUP,False,Rabun Warehouse,02,30568.0,Rabun Gap,USDA GREEN BEANS,Dry Dry Dry Dry Vegetables
824,182424,5388,R-124,Rabun Gap Presbyterian Church,485028,,FP/USDA,MOBILE PANTRY-Agency,BLUE RECEIPT-SHL,F-16-10001,1500,0,0,0.0,1500,RABUN,0.0,6/20/2024 8:57,6/20/2024 10:18,Price Code 1,CUSTOMER PICKUP,False,Sharing Floor Rabun,02-SH,30568.0,Rabun Gap,"ASSORTED FROZEN FOODS, SHL",Frozen Frozen Frozen Frozen Food Misc.
602,173845,842,10-NGAR,Food Bank of Northeast Georgia Rabun,477474,,FOOD BANK,EMERGENCY-Agency,USDA,N-50-10021,13,0,0,0.0,351,RABUN,0.0,1/30/2024 8:55,1/30/2024 13:41,Price Code 1,CUSTOMER PICKUP,False,Rabun Warehouse,02,30525.0,Clayton,USDA DICED TOMATOES NO SALT CCC,Dry Dry Dry Dry Vegetables
919,177573,8975,F-132,Fight Abuse in the Home (FAITH),FAIMPORT480193,,ON PREMISES (OP),SHELTER-Agency,BLUE RECEIPT-SHL,MCC-07-10001,7,0,0,0.0,7,RABUN,0.0,3/18/2024 0:00,3/18/2024 0:00,Price Code 1,CUSTOMER PICKUP,False,Food Bank of Northeast Georgia,01,30525.0,Clayton,"DAIRY PRODUCTS, SHL RETAIL PICKUPS",Dry Dry Dry Dry Dairy
731,173661,683,F-138,Freedom Ministries Lighthouse,477290,,ON PREMISES (OP),REHAB-Agency,BLUE RECEIPT-SHL,W-16-10001,189,0,0,34.02,189,RABUN,0.18,1/26/2024 10:11,1/26/2024 9:16,Price Code 1,CUSTOMER PICKUP,False,Sharing Floor Rabun,02-SH,30552.0,Lakemont,MISC. FOOD BOX SHL,Dry Dry Dry Dry Food Misc.
731,177231,5388,F-138,Freedom Ministries Lighthouse,479851,,ON PREMISES (OP),REHAB-Agency,BLUE RECEIPT-SHL,F-16-10001,54,0,0,9.72,54,RABUN,0.18,3/13/2024 10:11,3/13/2024 11:17,Price Code 1,CUSTOMER PICKUP,False,Sharing Floor Rabun,02-SH,30552.0,Lakemont,"ASSORTED FROZEN FOODS, SHL",Frozen Frozen Frozen Frozen Food Misc.
824,173336,7061,R-124,Rabun Gap Presbyterian Church,476965,,FP/USDA,MOBILE PANTRY-Agency,USDA,C-50-10021,54,0,0,0.0,2268,RABUN,0.0,2/16/2024 8:57,2/20/2024 15:52,Price Code 1,CUSTOMER PICKUP,False,Rabun Warehouse,02,30568.0,Rabun Gap,USDA FRESH ORANGES,Cooled Cooled Cooled Cooled Fruits
824,173336,1047,R-124,Rabun Gap Presbyterian Church,476965,,FP/USDA,MOBILE PANTRY-Agency,USDA,N-50-10041,50,0,0,0.0,2450,RABUN,0.0,2/16/2024 8:57,2/20/2024 15:52,Price Code 1,CUSTOMER PICKUP,False,Rabun Warehouse,02,30568.0,Rabun Gap,USDA RICE,Dry Dry Dry Dry Grains
346,182467,4449,F-114,Flat Creek Baptist Church,485071,,FP/GNAP/USDA,FOOD PANTRY-Agency,USDA,F-50-90445,2,0,0,8.2,82,RABUN,0.1,6/26/2024 14:00,6/26/2024 13:46,Price Code 1,CUSTOMER PICKUP,False,Rabun Warehouse,02,30552.0,Lakemont,USDA FULLY COOKED PULLED PORK CCC,Frozen Frozen Frozen Frozen Proteins
364,181123,50,M-110,Mountain Grove Baptist Church,483728,,FOOD PANTRY,FOOD PANTRY-Agency,LOCAL - LL,W-16-10002,16,0,0,2.88,16,RABUN,0.18,5/21/2024 13:32,5/21/2024 9:23,Price Code 1,CUSTOMER PICKUP,False,Sharing Floor Rabun,02-SH,30525.0,Clayton,MISC. FOOD BOX LL,Dry Dry Dry Dry Food Misc.
364,181425,688,M-110,Mountain Grove Baptist Church,484029,,FOOD PANTRY,FOOD PANTRY-Agency,BLUE RECEIPT-SHL,W-01-10000,52,0,0,9.36,52,RABUN,0.18,5/28/2024 13:32,5/28/2024 9:10,Price Code 1,CUSTOMER PICKUP,False,Sharing Floor Rabun,02-SH,30525.0,Clayton,"ASSORTED NON-FOOD ITEMS, SHL",Dry Dry Dry Dry Non-Food Misc.
731,181624,690,F-138,Freedom Ministries Lighthouse,484228,,ON PREMISES (OP),REHAB-Agency,BLUE RECEIPT-SHL,W-03-10013,201,0,0,6.03,201,RABUN,0.03,5/30/2024 10:11,5/30/2024 11:11,Price Code 1,CUSTOMER PICKUP,False,Sharing Floor Rabun,02-SH,30552.0,Lakemont,"ASSORTED BEVERAGES, SHL",Dry Dry Dry Dry Beverages
731,181126,690,F-138,Freedom Ministries Lighthouse,483731,,ON PREMISES (OP),REHAB-Agency,BLUE RECEIPT-SHL,W-03-10013,284,0,0,8.52,284,RABUN,0.03,5/21/2024 10:11,5/21/2024 10:52,Price Code 1,CUSTOMER PICKUP,False,Sharing Floor Rabun,02-SH,30552.0,Lakemont,"ASSORTED BEVERAGES, SHL",Dry Dry Dry Dry Beverages
905,172424,4715,R-127,Rabun Christian Food Ministry,476055,,FP/USDA,FOOD PANTRY-Agency,USDA,F-50-90461,7,0,0,50.4,280,RABUN,0.18,1/12/2024 11:38,1/16/2024 10:54,Price Code 1,CUSTOMER PICKUP,False,Rabun Warehouse,02,30525.0,Clayton,USDA ALASKAN POLLACK FISH FILLETS,Frozen Frozen Frozen Frozen Proteins
658,180492,4411,W-130,Wolf Creek Baptist Church,483098,,FP/GNAP/USDA,FOOD PANTRY-Agency,USDA,F-50-90465,4,0,0,15.12,84,RABUN,0.18,5/13/2024 8:00,5/13/2024 7:13,Price Code 1,CUSTOMER PICKUP,False,Rabun Warehouse,02,30576.0,Tiger,USDA WILD CAUGHT GULF SHRIMP,Frozen Frozen Frozen Frozen Proteins
919,177844,8970,F-132,Fight Abuse in the Home (FAITH),FAIMPORT480463,,ON PREMISES (OP),SHELTER-Agency,BLUE RECEIPT-SHL,MCW-16-10001,13,0,0,0.0,13,RABUN,0.0,3/25/2024 0:00,3/25/2024 0:00,Price Code 1,CUSTOMER PICKUP,False,Food Bank of Northeast Georgia,01,30525.0,Clayton,"MISC. FOOD BOX, SHL RETAIL PICKUP",Dry Dry Dry Dry Food Misc.
364,175190,1045,M-110,Mountain Grove Baptist Church,477819,,FOOD PANTRY,FOOD PANTRY-Agency,BLUE RECEIPT-SHL,W-25-10009,53,0,0,9.54,53,RABUN,0.18,2/6/2024 13:32,2/6/2024 9:37,Price Code 1,CUSTOMER PICKUP,False,Sharing Floor Rabun,02-SH,30525.0,Clayton,"ASSORTED SNACK ITEMS, SHL",Dry Dry Dry Dry Food Misc.
364,173830,690,M-110,Mountain Grove Baptist Church,477459,,FOOD PANTRY,FOOD PANTRY-Agency,BLUE RECEIPT-SHL,W-03-10013,23,0,0,0.0,23,RABUN,0.0,1/30/2024 13:32,1/30/2024 9:44,Price Code 1,CUSTOMER PICKUP,False,Sharing Floor Rabun,02-SH,30525.0,Clayton,"ASSORTED BEVERAGES, SHL",Dry Dry Dry Dry Beverages
577,172925,683,S-133,Sharing and Caring - Clayton,476556,,FP/GNAP/USDA,FOOD PANTRY-Agency,BLUE RECEIPT-SHL,W-16-10001,39,0,0,7.02,39,RABUN,0.18,1/11/2024 9:50,1/11/2024 10:19,Price Code 1,CUSTOMER PICKUP,False,Sharing Floor Rabun,02-SH,30525.0,Clayton,MISC. FOOD BOX SHL,Dry Dry Dry Dry Food Misc.
919,179183,8975,F-132,Fight Abuse in the Home (FAITH),FAIMPORT481796,,ON PREMISES (OP),SHELTER-Agency,BLUE RECEIPT-SHL,MCC-07-10001,27,0,0,0.0,27,RABUN,0.0,4/15/2024 0:00,4/15/2024 0:00,Price Code 1,CUSTOMER PICKUP,False,Food Bank of Northeast Georgia,01,30525.0,Clayton,"DAIRY PRODUCTS, SHL RETAIL PICKUPS",Dry Dry Dry Dry Dairy
577,179460,50,S-133,Sharing and Caring - Clayton,482073,,FP/GNAP/USDA,FOOD PANTRY-Agency,LOCAL - LL,W-16-10002,64,0,0,11.52,64,RABUN,0.18,4/23/2024 9:50,4/23/2024 13:12,Price Code 1,CUSTOMER PICKUP,False,Sharing Floor Rabun,02-SH,30525.0,Clayton,MISC. FOOD BOX LL,Dry Dry Dry Dry Food Misc.
824,177064,3943,R-124,Rabun Gap Presbyterian Church,479686,,FP/USDA,MOBILE PANTRY-Agency,USDA,N-50-10268,60,0,0,0.0,2280,RABUN,0.0,3/15/2024 8:57,3/18/2024 11:03,Price Code 1,CUSTOMER PICKUP,False,Rabun Warehouse,02,30568.0,Rabun Gap,USDA APPLE JUICE,Dry Dry Dry Dry Beverages
364,182096,683,M-110,Mountain Grove Baptist Church,484700,,FOOD PANTRY,FOOD PANTRY-Agency,BLUE RECEIPT-SHL,W-16-10001,36,0,0,6.48,36,RABUN,0.18,6/11/2024 13:32,6/11/2024 9:54,Price Code 1,CUSTOMER PICKUP,False,Sharing Floor Rabun,02-SH,30525.0,Clayton,MISC. FOOD BOX SHL,Dry Dry Dry Dry Food Misc.
919,177573,8970,F-132,Fight Abuse in the Home (FAITH),FAIMPORT480193,,ON PREMISES (OP),SHELTER-Agency,BLUE RECEIPT-SHL,MCW-16-10001,144,0,0,0.0,144,RABUN,0.0,3/18/2024 0:00,3/18/2024 0:00,Price Code 1,CUSTOMER PICKUP,False,Food Bank of Northeast Georgia,01,30525.0,Clayton,"MISC. FOOD BOX, SHL RETAIL PICKUP",Dry Dry Dry Dry Food Misc.
919,178881,8973,F-132,Fight Abuse in the Home (FAITH),FAIMPORT481495,,ON PREMISES (OP),SHELTER-Agency,BLUE RECEIPT-SHL,MCC-16-10001,4,0,0,0.0,4,RABUN,0.0,4/11/2024 0:00,4/11/2024 0:00,Price Code 1,CUSTOMER PICKUP,False,Food Bank of Northeast Georgia,01,30525.0,Clayton,"COOLER FOOD MISC., SHL RETAIL PICKUP",Dry Dry Dry Dry Food Misc.
577,173004,7082,S-133,Sharing and Caring - Clayton,476634,,FP/GNAP/USDA,FOOD PANTRY-Agency,USDA,C-50-10033,2,0,0,4.32,24,RABUN,0.18,1/16/2024 9:50,1/16/2024 13:11,Price Code 1,CUSTOMER PICKUP,False,Rabun Warehouse,02,30525.0,Clayton,USDA SHREDDED YELLOW CHEDDAR CHEESE CCC,Cooled Cooled Cooled Cooled Dairy
602,182609,8783,10-NGAR,Food Bank of Northeast Georgia Rabun,485212,,FOOD BANK,EMERGENCY-Agency,USDA,N-50-10308,13,0,0,0.0,299,RABUN,0.0,6/28/2024 8:55,6/28/2024 7:25,Price Code 1,CUSTOMER PICKUP,False,Rabun Warehouse,02,30525.0,Clayton,USDA RAISINS,Dry Dry Dry Dry Fruits
824,179084,6831,R-124,Rabun Gap Presbyterian Church,481698,,FP/USDA,MOBILE PANTRY-Agency,USDA,C-50-10025,49,0,0,0.0,2058,RABUN,0.0,4/17/2024 8:57,4/22/2024 8:49,Price Code 1,CUSTOMER PICKUP,False,Rabun Warehouse,02,30568.0,Rabun Gap,USDA APPLES,Cooled Cooled Cooled Cooled Fruits
602,182607,170,10-NGAR,Food Bank of Northeast Georgia Rabun,485210,,FOOD BANK,EMERGENCY-Agency,USDA,N-50-10007,26,0,0,0.0,728,RABUN,0.0,6/28/2024 8:01,6/28/2024 7:26,Price Code 1,CUSTOMER PICKUP,False,Rabun Warehouse,02,30525.0,Clayton,"USDA CORN, WHOLE KERNEL NO SALT",Dry Dry Dry Dry Vegetables
602,172534,8628,10-NGAR,Food Bank of Northeast Georgia Rabun,476165,,FOOD BANK,EMERGENCY-Agency,YELLOW RECEIPT - SHN,N-27-10129,73,0,0,0.0,584,RABUN,0.0,1/4/2024 8:55,1/5/2024 14:44,Price Code 1,CUSTOMER PICKUP,False,Rabun Warehouse,02,30525.0,Clayton,HUNTS DICED TOMATOES,Dry Dry Dry Dry Vegetables
919,181276,8971,F-132,Fight Abuse in the Home (FAITH),FAIMPORT483881,,ON PREMISES (OP),SHELTER-Agency,BLUE RECEIPT-SHL,MCF-16-10001,210,0,0,0.0,210,RABUN,0.0,5/20/2024 0:00,5/20/2024 0:00,Price Code 1,CUSTOMER PICKUP,False,Food Bank of Northeast Georgia,01,30525.0,Clayton,"FROZEN FOODS, MISC SHL RETAIL PICKUP",Dry Dry Dry Dry Food Misc.
824,176789,875,R-124,Rabun Gap Presbyterian Church,479412,,FP/USDA,MOBILE PANTRY-Agency,BLUE RECEIPT-SHL,W-04-10000,6000,0,0,0.0,6000,RABUN,0.0,3/7/2024 8:57,3/8/2024 6:57,Price Code 1,CUSTOMER PICKUP,False,Sharing Floor Rabun,02-SH,30568.0,Rabun Gap,"BREAD & BAKERY, ASSORTED SHL",Dry Dry Dry Dry Grains
602,181070,8497,10-NGAR,Food Bank of Northeast Georgia Rabun,483675,,FOOD BANK,EMERGENCY-Agency,USDA,C-50-10048,247,0,0,0.0,7904,RABUN,0.0,5/20/2024 8:55,5/20/2024 8:25,Price Code 1,CUSTOMER PICKUP,False,Rabun Warehouse,02,30525.0,Clayton,USDA MANDARIN ORANGES,Cooled Cooled Cooled Cooled Fruits
824,177064,6786,R-124,Rabun Gap Presbyterian Church,479686,,FP/USDA,MOBILE PANTRY-Agency,LOCAL - LL,C-28-90215,40,0,0,0.0,2000,RABUN,0.0,3/15/2024 8:57,3/18/2024 11:03,Price Code 1,CUSTOMER PICKUP,False,Rabun Warehouse,02,30568.0,Rabun Gap,"POTATOES, RUSSET",Cooled Cooled Cooled Cooled Potatoes
658,173292,683,W-130,Wolf Creek Baptist Church,476921,,FP/GNAP/USDA,FOOD PANTRY-Agency,BLUE RECEIPT-SHL,W-16-10001,103,0,0,18.54,103,RABUN,0.18,1/19/2024 16:14,1/19/2024 9:05,Price Code 1,CUSTOMER PICKUP,False,Sharing Floor Rabun,02-SH,30576.0,Tiger,MISC. FOOD BOX SHL,Dry Dry Dry Dry Food Misc.
364,177122,683,M-110,Mountain Grove Baptist Church,479743,,FOOD PANTRY,FOOD PANTRY-Agency,BLUE RECEIPT-SHL,W-16-10001,57,0,0,10.26,57,RABUN,0.18,3/12/2024 13:32,3/12/2024 9:37,Price Code 1,CUSTOMER PICKUP,False,Sharing Floor Rabun,02-SH,30525.0,Clayton,MISC. FOOD BOX SHL,Dry Dry Dry Dry Food Misc.
919,177843,8971,F-132,Fight Abuse in the Home (FAITH),FAIMPORT480462,,ON PREMISES (OP),SHELTER-Agency,BLUE RECEIPT-SHL,MCF-16-10001,22,0,0,0.0,22,RABUN,0.0,3/21/2024 0:00,3/21/2024 0:00,Price Code 1,CUSTOMER PICKUP,False,Food Bank of Northeast Georgia,01,30525.0,Clayton,"FROZEN FOODS, MISC SHL RETAIL PICKUP",Dry Dry Dry Dry Food Misc.
577,175576,1045,S-133,Sharing and Caring - Clayton,478204,,FP/GNAP/USDA,FOOD PANTRY-Agency,BLUE RECEIPT-SHL,W-25-10009,31,0,0,5.58,31,RABUN,0.18,2/13/2024 9:50,2/13/2024 13:30,Price Code 1,CUSTOMER PICKUP,False,Sharing Floor Rabun,02-SH,30525.0,Clayton,"ASSORTED SNACK ITEMS, SHL",Dry Dry Dry Dry Food Misc.
905,173910,8914,R-127,Rabun Christian Food Ministry,477539,,FP/USDA,FOOD PANTRY-Agency,USDA,N-50-10310,12,0,0,58.32,324,RABUN,0.18,2/16/2024 11:38,2/20/2024 10:48,Price Code 1,CUSTOMER PICKUP,False,Rabun Warehouse,02,30525.0,Clayton,USDA DICED POTATOES,Dry Dry Dry Dry Potatoes
577,178056,50,S-133,Sharing and Caring - Clayton,480675,,FP/GNAP/USDA,FOOD PANTRY-Agency,LOCAL - LL,W-16-10002,30,0,0,5.4,30,RABUN,0.18,4/2/2024 9:50,4/2/2024 13:35,Price Code 1,CUSTOMER PICKUP,False,Rabun Warehouse,02,30525.0,Clayton,MISC. FOOD BOX LL,Dry Dry Dry Dry Food Misc.
577,180750,9046,S-133,Sharing and Caring - Clayton,483356,,FP/GNAP/USDA,FOOD PANTRY-Agency,GNAP,N-40-10280,1,0,0,0.0,10,RABUN,0.0,5/16/2024 13:00,5/16/2024 13:27,Price Code 1,CUSTOMER PICKUP,False,Rabun Warehouse,02,30525.0,Clayton,GNAP CHEESEBURGER DINNER,Dry Dry Dry Dry Prepared Meals
602,182609,4406,10-NGAR,Food Bank of Northeast Georgia Rabun,485212,,FOOD BANK,EMERGENCY-Agency,USDA,N-50-10288,13,0,0,0.0,299,RABUN,0.0,6/28/2024 8:55,6/28/2024 7:25,Price Code 1,CUSTOMER PICKUP,False,Rabun Warehouse,02,30525.0,Clayton,USDA PREMIUM WHITE CHICKEN IN POUCHES,Dry Dry Dry Dry Proteins
731,182184,5388,F-138,Freedom Ministries Lighthouse,484788,,ON PREMISES (OP),REHAB-Agency,BLUE RECEIPT-SHL,F-16-10001,19,0,0,3.42,19,RABUN,0.18,6/13/2024 10:11,6/13/2024 13:26,Price Code 1,CUSTOMER PICKUP,False,Sharing Floor Rabun,02-SH,30552.0,Lakemont,"ASSORTED FROZEN FOODS, SHL",Frozen Frozen Frozen Frozen Food Misc.
658,180096,9025,W-130,Wolf Creek Baptist Church,482704,,FP/GNAP/USDA,FOOD PANTRY-Agency,YELLOW RECEIPT - SHN,N-11-11072,1,0,0,1.62,9,RABUN,0.18,5/7/2024 8:15,5/7/2024 9:11,Price Code 1,CUSTOMER PICKUP,False,Rabun Warehouse,02,30576.0,Tiger,MRS BUTTERSWORTHS SMORES PANCAKE KIT,Dry Dry Dry Dry Food Misc.
577,176712,5938,S-133,Sharing and Caring - Clayton,479335,,FP/GNAP/USDA,FOOD PANTRY-Agency,BLUE RECEIPT-SHL,C-28-10001,39,0,0,1.17,39,RABUN,0.03,3/5/2024 9:50,3/5/2024 14:52,Price Code 1,CUSTOMER PICKUP,False,Sharing Floor Rabun,02-SH,30525.0,Clayton,"PRODUCE, FRESH SHL",Cooled Cooled Cooled Cooled Mixed Produce
905,180676,4411,R-127,Rabun Christian Food Ministry,483282,,FP/USDA,FOOD PANTRY-Agency,USDA,F-50-90465,13,0,0,49.14,273,RABUN,0.18,5/15/2024 8:00,5/20/2024 10:42,Price Code 1,CUSTOMER PICKUP,False,Rabun Warehouse,02,30525.0,Clayton,USDA WILD CAUGHT GULF SHRIMP,Frozen Frozen Frozen Frozen Proteins
905,177059,1791,R-127,Rabun Christian Food Ministry,479681,,FP/USDA,FOOD PANTRY-Agency,USDA,N-50-10079,6,0,0,28.08,156,RABUN,0.18,3/14/2024 11:38,3/18/2024 7:22,Price Code 1,CUSTOMER PICKUP,False,Rabun Warehouse,02,30525.0,Clayton,USDA WALNUT HALVES AND PIECES,Dry Dry Dry Dry Proteins
731,173759,1045,F-138,Freedom Ministries Lighthouse,477388,,ON PREMISES (OP),REHAB-Agency,BLUE RECEIPT-SHL,W-25-10009,65,0,0,11.7,65,RABUN,0.18,1/29/2024 10:11,1/29/2024 10:41,Price Code 1,CUSTOMER PICKUP,False,Sharing Floor Rabun,02-SH,30552.0,Lakemont,"ASSORTED SNACK ITEMS, SHL",Dry Dry Dry Dry Food Misc.
602,179849,6831,10-NGAR,Food Bank of Northeast Georgia Rabun,482460,,FOOD BANK,EMERGENCY-Agency,USDA,C-50-10025,93,0,0,0.0,3906,RABUN,0.0,4/30/2024 8:55,4/30/2024 8:43,Price Code 1,CUSTOMER PICKUP,False,Rabun Warehouse,02,30525.0,Clayton,USDA APPLES,Cooled Cooled Cooled Cooled Fruits
824,180711,6845,R-124,Rabun Gap Presbyterian Church,483317,,FP/USDA,MOBILE PANTRY-Agency,BLUE RECEIPT-SHL,C-28-90349,1589,0,0,0.0,1589,RABUN,0.0,5/17/2024 8:57,5/17/2024 7:19,Price Code 1,CUSTOMER PICKUP,False,Rabun Warehouse,02,30568.0,Rabun Gap,STRAWBERRIES,Cooled Cooled Cooled Cooled Fruits
602,177709,8690,10-NGAR,Food Bank of Northeast Georgia Rabun,480329,,FOOD BANK,EMERGENCY-Agency,USDA,N-50-10302,26,0,0,0.0,364,RABUN,0.0,3/21/2024 8:55,3/21/2024 9:49,Price Code 1,CUSTOMER PICKUP,False,Rabun Warehouse,02,30525.0,Clayton,USDA GREEN BEANS CCC,Dry Dry Dry Dry Vegetables
602,181496,3943,10-NGAR,Food Bank of Northeast Georgia Rabun,484100,,FOOD BANK,EMERGENCY-Agency,USDA,N-50-10268,38,0,0,0.0,1444,RABUN,0.0,5/29/2024 8:55,5/29/2024 8:59,Price Code 1,CUSTOMER PICKUP,False,Rabun Warehouse,02,30525.0,Clayton,USDA APPLE JUICE,Dry Dry Dry Dry Beverages
919,182351,8970,F-132,Fight Abuse in the Home (FAITH),FAIMPORT484955,,ON PREMISES (OP),SHELTER-Agency,BLUE RECEIPT-SHL,MCW-16-10001,53,0,0,0.0,53,RABUN,0.0,6/6/2024 0:00,6/6/2024 0:00,Price Code 1,CUSTOMER PICKUP,False,Food Bank of Northeast Georgia,01,30525.0,Clayton,"MISC. FOOD BOX, SHL RETAIL PICKUP",Dry Dry Dry Dry Food Misc.
919,178168,8973,F-132,Fight Abuse in the Home (FAITH),FAIMPORT480787,,ON PREMISES (OP),SHELTER-Agency,BLUE RECEIPT-SHL,MCC-16-10001,14,0,0,0.0,14,RABUN,0.0,4/1/2024 0:00,4/1/2024 0:00,Price Code 1,CUSTOMER PICKUP,False,Food Bank of Northeast Georgia,01,30525.0,Clayton,"COOLER FOOD MISC., SHL RETAIL PICKUP",Dry Dry Dry Dry Food Misc.
602,176682,1791,10-NGAR,Food Bank of Northeast Georgia Rabun,479305,,FOOD BANK,EMERGENCY-Agency,USDA,N-50-10079,13,0,0,0.0,338,RABUN,0.0,3/5/2024 8:55,3/5/2024 10:31,Price Code 1,CUSTOMER PICKUP,False,Rabun Warehouse,02,30525.0,Clayton,USDA WALNUT HALVES AND PIECES,Dry Dry Dry Dry Proteins
824,177064,8783,R-124,Rabun Gap Presbyterian Church,479686,,FP/USDA,MOBILE PANTRY-Agency,USDA,N-50-10308,80,0,0,0.0,1840,RABUN,0.0,3/15/2024 8:57,3/18/2024 11:03,Price Code 1,CUSTOMER PICKUP,False,Rabun Warehouse,02,30568.0,Rabun Gap,USDA RAISINS,Dry Dry Dry Dry Fruits
346,173681,170,F-114,Flat Creek Baptist Church,477310,,FP/GNAP/USDA,FOOD PANTRY-Agency,USDA,N-50-10007,2,0,0,10.08,56,RABUN,0.18,1/29/2024 12:44,1/29/2024 10:17,Price Code 1,CUSTOMER PICKUP,False,Rabun Warehouse,02,30552.0,Lakemont,"USDA CORN, WHOLE KERNEL NO SALT",Dry Dry Dry Dry Vegetables
731,182080,5388,F-138,Freedom Ministries Lighthouse,484684,,ON PREMISES (OP),REHAB-Agency,BLUE RECEIPT-SHL,F-16-10001,43,0,0,7.74,43,RABUN,0.18,6/10/2024 10:11,6/10/2024 15:17,Price Code 1,CUSTOMER PICKUP,False,Sharing Floor Rabun,02-SH,30552.0,Lakemont,"ASSORTED FROZEN FOODS, SHL",Frozen Frozen Frozen Frozen Food Misc.
919,182555,8975,F-132,Fight Abuse in the Home (FAITH),FAIMPORT485158,,ON PREMISES (OP),SHELTER-Agency,BLUE RECEIPT-SHL,MCC-07-10001,20,0,0,0.0,20,RABUN,0.0,6/24/2024 0:00,6/24/2024 0:00,Price Code 1,CUSTOMER PICKUP,False,Food Bank of Northeast Georgia,01,30525.0,Clayton,"DAIRY PRODUCTS, SHL RETAIL PICKUPS",Dry Dry Dry Dry Dairy
577,182098,123,S-133,Sharing and Caring - Clayton,484702,,FP/GNAP/USDA,FOOD PANTRY-Agency,GNAP,N-40-10002,2,0,0,0.0,30,RABUN,0.0,6/21/2024 12:30,6/21/2024 9:12,Price Code 1,CUSTOMER PICKUP,False,Rabun Warehouse,02,30525.0,Clayton,GNAP PEANUT BUTTER,Dry Dry Dry Dry Proteins
602,181495,9019,10-NGAR,Food Bank of Northeast Georgia Rabun,484099,,FOOD BANK,EMERGENCY-Agency,BLUE RECEIPT-SHL,N-27-10137,57,0,0,0.0,1368,RABUN,0.0,5/29/2024 8:55,5/29/2024 8:46,Price Code 1,CUSTOMER PICKUP,False,Rabun Warehouse,02,30525.0,Clayton,"BLACK BEANS, PEUBLO LINDO (MISLABELED)",Dry Dry Dry Dry Vegetables
577,180750,9053,S-133,Sharing and Caring - Clayton,483356,,FP/GNAP/USDA,FOOD PANTRY-Agency,GNAP,N-40-10284,1,0,0,0.0,20,RABUN,0.0,5/16/2024 13:00,5/16/2024 13:27,Price Code 1,CUSTOMER PICKUP,False,Rabun Warehouse,02,30525.0,Clayton,"GNAP 100% VERY BERRY JUICE, SINGLE SERVE",Dry Dry Dry Dry Beverages
602,181176,842,10-NGAR,Food Bank of Northeast Georgia Rabun,483781,,FOOD BANK,EMERGENCY-Agency,USDA,N-50-10021,13,0,0,0.0,351,RABUN,0.0,5/22/2024 8:55,5/22/2024 8:28,Price Code 1,CUSTOMER PICKUP,False,Rabun Warehouse,02,30525.0,Clayton,USDA DICED TOMATOES NO SALT CCC,Dry Dry Dry Dry Vegetables
824,180711,8497,R-124,Rabun Gap Presbyterian Church,483317,,FP/USDA,MOBILE PANTRY-Agency,USDA,C-50-10048,60,0,0,0.0,1920,RABUN,0.0,5/17/2024 8:57,5/17/2024 7:19,Price Code 1,CUSTOMER PICKUP,False,Rabun Warehouse,02,30568.0,Rabun Gap,USDA MANDARIN ORANGES,Cooled Cooled Cooled Cooled Fruits
602,181496,1521,10-NGAR,Food Bank of Northeast Georgia Rabun,484100,,FOOD BANK,EMERGENCY-Agency,USDA,N-50-10104,13,0,0,0.0,325,RABUN,0.0,5/29/2024 8:55,5/29/2024 8:59,Price Code 1,CUSTOMER PICKUP,False,Rabun Warehouse,02,30525.0,Clayton,USDA LENTIL BEANS,Dry Dry Dry Dry Proteins
577,179050,690,S-133,Sharing and Caring - Clayton,481664,,FP/GNAP/USDA,FOOD PANTRY-Agency,BLUE RECEIPT-SHL,W-03-10013,33,0,0,0.99,33,RABUN,0.03,4/16/2024 9:50,4/16/2024 13:21,Price Code 1,CUSTOMER PICKUP,False,Sharing Floor Rabun,02-SH,30525.0,Clayton,"ASSORTED BEVERAGES, SHL",Dry Dry Dry Dry Beverages
773,178100,50,P-122,Persimmon Baptist Church,480719,,FOOD PANTRY,FOOD PANTRY-Agency,LOCAL - LL,W-16-10002,104,0,0,18.72,104,RABUN,0.18,4/1/2024 11:44,4/2/2024 15:07,Price Code 1,CUSTOMER PICKUP,False,Rabun Warehouse,02,30525.0,Clayton,MISC. FOOD BOX LL,Dry Dry Dry Dry Food Misc.
602,177832,5960,10-NGAR,Food Bank of Northeast Georgia Rabun,480451,,FOOD BANK,EMERGENCY-Agency,BLUE RECEIPT-SHL,C-07-10001,306,0,0,0.0,306,RABUN,0.0,3/25/2024 8:55,3/27/2024 8:07,Price Code 1,CUSTOMER PICKUP,False,Sharing Floor Rabun,02-SH,30525.0,Clayton,"DAIRY PRODUCT, ASSORTED SHL",Cooled Cooled Cooled Cooled Dairy
658,180096,9034,W-130,Wolf Creek Baptist Church,482704,,FP/GNAP/USDA,FOOD PANTRY-Agency,GNAP,N-40-10271,2,0,0,0.0,24,RABUN,0.0,5/7/2024 8:15,5/7/2024 9:11,Price Code 1,CUSTOMER PICKUP,False,Rabun Warehouse,02,30576.0,Tiger,"GNAP MIX BERRY YOGURT, SHELF STABLE BACKPACK",Dry Dry Dry Dry Dairy
824,182066,8991,R-124,Rabun Gap Presbyterian Church,484670,,FP/USDA,MOBILE PANTRY-Agency,USDA,N-50-10311,60,0,0,0.0,1440,RABUN,0.0,6/14/2024 8:57,6/20/2024 15:30,Price Code 1,CUSTOMER PICKUP,False,Rabun Warehouse,02,30568.0,Rabun Gap,USDA HAZELNUTS CCC,Dry Dry Dry Dry Proteins
731,173759,683,F-138,Freedom Ministries Lighthouse,477388,,ON PREMISES (OP),REHAB-Agency,BLUE RECEIPT-SHL,W-16-10001,116,0,0,20.88,116,RABUN,0.18,1/29/2024 10:11,1/29/2024 10:41,Price Code 1,CUSTOMER PICKUP,False,Sharing Floor Rabun,02-SH,30552.0,Lakemont,MISC. FOOD BOX SHL,Dry Dry Dry Dry Food Misc.
602,182607,1791,10-NGAR,Food Bank of Northeast Georgia Rabun,485210,,FOOD BANK,EMERGENCY-Agency,USDA,N-50-10079,2,0,0,0.0,52,RABUN,0.0,6/28/2024 8:01,6/28/2024 7:26,Price Code 1,CUSTOMER PICKUP,False,Rabun Warehouse,02,30525.0,Clayton,USDA WALNUT HALVES AND PIECES,Dry Dry Dry Dry Proteins
919,179772,8970,F-132,Fight Abuse in the Home (FAITH),FAIMPORT482385,,ON PREMISES (OP),SHELTER-Agency,BLUE RECEIPT-SHL,MCW-16-10001,104,0,0,0.0,104,RABUN,0.0,4/25/2024 0:00,4/25/2024 0:00,Price Code 1,CUSTOMER PICKUP,False,Food Bank of Northeast Georgia,01,30525.0,Clayton,"MISC. FOOD BOX, SHL RETAIL PICKUP",Dry Dry Dry Dry Food Misc.
919,182353,8970,F-132,Fight Abuse in the Home (FAITH),FAIMPORT484957,,ON PREMISES (OP),SHELTER-Agency,BLUE RECEIPT-SHL,MCW-16-10001,48,0,0,0.0,48,RABUN,0.0,6/6/2024 0:00,6/6/2024 0:00,Price Code 1,CUSTOMER PICKUP,False,Food Bank of Northeast Georgia,01,30525.0,Clayton,"MISC. FOOD BOX, SHL RETAIL PICKUP",Dry Dry Dry Dry Food Misc.
577,176101,8914,S-133,Sharing and Caring - Clayton,478728,,FP/GNAP/USDA,FOOD PANTRY-Agency,USDA,N-50-10310,2,0,0,9.72,54,RABUN,0.18,2/27/2024 9:50,2/27/2024 13:42,Price Code 1,CUSTOMER PICKUP,False,Rabun Warehouse,02,30525.0,Clayton,USDA DICED POTATOES,Dry Dry Dry Dry Potatoes
602,176682,8720,10-NGAR,Food Bank of Northeast Georgia Rabun,479305,,FOOD BANK,EMERGENCY-Agency,USDA,N-50-10305,26,0,0,0.0,364,RABUN,0.0,3/5/2024 8:55,3/5/2024 10:31,Price Code 1,CUSTOMER PICKUP,False,Rabun Warehouse,02,30525.0,Clayton,USDA MIXED VegetablesCCC,Dry Dry Dry Dry Vegetables
919,181277,8971,F-132,Fight Abuse in the Home (FAITH),FAIMPORT483882,,ON PREMISES (OP),SHELTER-Agency,BLUE RECEIPT-SHL,MCF-16-10001,222,0,0,0.0,222,RABUN,0.0,5/16/2024 0:00,5/16/2024 0:00,Price Code 1,CUSTOMER PICKUP,False,Food Bank of Northeast Georgia,01,30525.0,Clayton,"FROZEN FOODS, MISC SHL RETAIL PICKUP",Dry Dry Dry Dry Food Misc.
602,172908,84,10-NGAR,Food Bank of Northeast Georgia Rabun,476539,,FOOD BANK,EMERGENCY-Agency,USDA,N-50-10006,13,0,0,0.0,351,RABUN,0.0,1/11/2024 8:55,1/11/2024 8:10,Price Code 1,CUSTOMER PICKUP,False,Rabun Warehouse,02,30525.0,Clayton,USDA GREEN BEANS,Dry Dry Dry Dry Vegetables
577,180750,123,S-133,Sharing and Caring - Clayton,483356,,FP/GNAP/USDA,FOOD PANTRY-Agency,GNAP,N-40-10002,2,0,0,0.0,30,RABUN,0.0,5/16/2024 13:00,5/16/2024 13:27,Price Code 1,CUSTOMER PICKUP,False,Rabun Warehouse,02,30525.0,Clayton,GNAP PEANUT BUTTER,Dry Dry Dry Dry Proteins
905,178497,1791,R-127,Rabun Christian Food Ministry,481113,,FP/USDA,FOOD PANTRY-Agency,USDA,N-50-10079,6,0,0,28.08,156,RABUN,0.18,4/11/2024 11:38,4/16/2024 13:22,Price Code 1,CUSTOMER PICKUP,False,Rabun Warehouse,02,30525.0,Clayton,USDA WALNUT HALVES AND PIECES,Dry Dry Dry Dry Proteins
577,182207,7298,S-133,Sharing and Caring - Clayton,484811,,FP/GNAP/USDA,FOOD PANTRY-Agency,GNAP,N-40-10248,2,0,0,0.0,28,RABUN,0.0,6/21/2024 13:00,6/21/2024 9:13,Price Code 1,CUSTOMER PICKUP,False,Rabun Warehouse,02,30525.0,Clayton,GNAP BAKING AND BISCUIT MIX,Dry Dry Dry Dry Grains
602,178818,8690,10-NGAR,Food Bank of Northeast Georgia Rabun,481432,,FOOD BANK,EMERGENCY-Agency,USDA,N-50-10302,26,0,0,0.0,364,RABUN,0.0,4/11/2024 8:55,4/11/2024 12:47,Price Code 1,CUSTOMER PICKUP,False,Rabun Warehouse,02,30525.0,Clayton,USDA GREEN BEANS CCC,Dry Dry Dry Dry Vegetables
577,173843,688,S-133,Sharing and Caring - Clayton,477472,,FP/GNAP/USDA,FOOD PANTRY-Agency,BLUE RECEIPT-SHL,W-01-10000,78,0,0,14.04,78,RABUN,0.18,1/30/2024 9:50,1/30/2024 13:30,Price Code 1,CUSTOMER PICKUP,False,Sharing Floor Rabun,02-SH,30525.0,Clayton,"ASSORTED NON-FOOD ITEMS, SHL",Dry Dry Dry Dry Non-Food Misc.
364,181871,5388,M-110,Mountain Grove Baptist Church,484475,,FOOD PANTRY,FOOD PANTRY-Agency,BLUE RECEIPT-SHL,F-16-10001,79,0,0,14.22,79,RABUN,0.18,6/4/2024 13:32,6/4/2024 9:10,Price Code 1,CUSTOMER PICKUP,False,Sharing Floor Rabun,02-SH,30525.0,Clayton,"ASSORTED FROZEN FOODS, SHL",Frozen Frozen Frozen Frozen Food Misc.
310,180742,800,C-121,Rabun County Family Connection,483348,,FP/OP/GNAP/USDA,COMMUNITY ACTION PROGRAM-Agency,USDA,N-50-10065,8,0,0,38.88,216,RABUN,0.18,5/17/2024 8:30,5/20/2024 10:43,Price Code 1,CUSTOMER PICKUP,False,Rabun Warehouse,02,30525.0,Clayton,USDA APPLESAUCE,Dry Dry Dry Dry Fruits
577,182098,4449,S-133,Sharing and Caring - Clayton,484702,,FP/GNAP/USDA,FOOD PANTRY-Agency,USDA,F-50-90445,1,0,0,4.1,41,RABUN,0.1,6/21/2024 12:30,6/21/2024 9:12,Price Code 1,CUSTOMER PICKUP,False,Rabun Warehouse,02,30525.0,Clayton,USDA FULLY COOKED PULLED PORK CCC,Frozen Frozen Frozen Frozen Proteins
919,181516,8970,F-132,Fight Abuse in the Home (FAITH),FAIMPORT484120,,ON PREMISES (OP),SHELTER-Agency,BLUE RECEIPT-SHL,MCW-16-10001,14,0,0,0.0,14,RABUN,0.0,5/28/2024 0:00,5/28/2024 0:00,Price Code 1,CUSTOMER PICKUP,False,Food Bank of Northeast Georgia,01,30525.0,Clayton,"MISC. FOOD BOX, SHL RETAIL PICKUP",Dry Dry Dry Dry Food Misc.
919,177789,8975,F-132,Fight Abuse in the Home (FAITH),FAIMPORT480408,,ON PREMISES (OP),SHELTER-Agency,BLUE RECEIPT-SHL,MCC-07-10001,24,0,0,0.0,24,RABUN,0.0,3/19/2024 0:00,3/19/2024 0:00,Price Code 1,CUSTOMER PICKUP,False,Food Bank of Northeast Georgia,01,30525.0,Clayton,"DAIRY PRODUCTS, SHL RETAIL PICKUPS",Dry Dry Dry Dry Dairy
364,178102,688,M-110,Mountain Grove Baptist Church,480721,,FOOD PANTRY,FOOD PANTRY-Agency,BLUE RECEIPT-SHL,W-01-10000,82,0,0,14.76,82,RABUN,0.18,4/2/2024 13:32,4/2/2024 9:40,Price Code 1,CUSTOMER PICKUP,False,Rabun Warehouse,02,30525.0,Clayton,"ASSORTED NON-FOOD ITEMS, SHL",Dry Dry Dry Dry Non-Food Misc.
658,180492,9053,W-130,Wolf Creek Baptist Church,483098,,FP/GNAP/USDA,FOOD PANTRY-Agency,GNAP,N-40-10284,2,0,0,0.0,40,RABUN,0.0,5/13/2024 8:00,5/13/2024 7:13,Price Code 1,CUSTOMER PICKUP,False,Rabun Warehouse,02,30576.0,Tiger,"GNAP 100% VERY BERRY JUICE, SINGLE SERVE",Dry Dry Dry Dry Beverages
658,180096,2202,W-130,Wolf Creek Baptist Church,482704,,FP/GNAP/USDA,FOOD PANTRY-Agency,USDA,N-50-10240,2,0,0,7.92,44,RABUN,0.18,5/7/2024 8:15,5/7/2024 9:11,Price Code 1,CUSTOMER PICKUP,False,Rabun Warehouse,02,30576.0,Tiger,USDA SPAGHETTI,Dry Dry Dry Dry Grains
919,179472,8970,F-132,Fight Abuse in the Home (FAITH),FAIMPORT482085,,ON PREMISES (OP),SHELTER-Agency,BLUE RECEIPT-SHL,MCW-16-10001,54,0,0,0.0,54,RABUN,0.0,4/22/2024 0:00,4/22/2024 0:00,Price Code 1,CUSTOMER PICKUP,False,Food Bank of Northeast Georgia,01,30525.0,Clayton,"MISC. FOOD BOX, SHL RETAIL PICKUP",Dry Dry Dry Dry Food Misc.
602,182609,170,10-NGAR,Food Bank of Northeast Georgia Rabun,485212,,FOOD BANK,EMERGENCY-Agency,USDA,N-50-10007,13,0,0,0.0,364,RABUN,0.0,6/28/2024 8:55,6/28/2024 7:25,Price Code 1,CUSTOMER PICKUP,False,Rabun Warehouse,02,30525.0,Clayton,"USDA CORN, WHOLE KERNEL NO SALT",Dry Dry Dry Dry Vegetables
824,180711,1521,R-124,Rabun Gap Presbyterian Church,483317,,FP/USDA,MOBILE PANTRY-Agency,USDA,N-50-10104,80,0,0,0.0,2000,RABUN,0.0,5/17/2024 8:57,5/17/2024 7:19,Price Code 1,CUSTOMER PICKUP,False,Rabun Warehouse,02,30568.0,Rabun Gap,USDA LENTIL BEANS,Dry Dry Dry Dry Proteins
602,172908,8853,10-NGAR,Food Bank of Northeast Georgia Rabun,476539,,FOOD BANK,EMERGENCY-Agency,PURCH,N-23-10011,26,0,0,0.0,338,RABUN,0.0,1/11/2024 8:55,1/11/2024 8:10,Price Code 1,CUSTOMER PICKUP,False,Rabun Warehouse,02,30525.0,Clayton,"CRUNCHY PEANUT BUTTER, MEIJER",Dry Dry Dry Dry Proteins
577,175896,5388,S-133,Sharing and Caring - Clayton,478524,,FP/GNAP/USDA,FOOD PANTRY-Agency,BLUE RECEIPT-SHL,F-16-10001,14,0,0,2.52,14,RABUN,0.18,2/20/2024 9:50,2/20/2024 13:19,Price Code 1,CUSTOMER PICKUP,False,Sharing Floor Rabun,02-SH,30525.0,Clayton,"ASSORTED FROZEN FOODS, SHL",Frozen Frozen Frozen Frozen Food Misc.
824,179084,1047,R-124,Rabun Gap Presbyterian Church,481698,,FP/USDA,MOBILE PANTRY-Agency,USDA,N-50-10041,50,0,0,0.0,2450,RABUN,0.0,4/17/2024 8:57,4/22/2024 8:49,Price Code 1,CUSTOMER PICKUP,False,Rabun Warehouse,02,30568.0,Rabun Gap,USDA RICE,Dry Dry Dry Dry Grains
905,178497,4788,R-127,Rabun Christian Food Ministry,481113,,FP/USDA,FOOD PANTRY-Agency,USDA,F-50-90039,7,0,0,50.4,280,RABUN,0.18,4/11/2024 11:38,4/16/2024 13:22,Price Code 1,CUSTOMER PICKUP,False,Rabun Warehouse,02,30525.0,Clayton,USDA CATFISH FILLETS CCC,Frozen Frozen Frozen Frozen Proteins
602,176389,7082,10-NGAR,Food Bank of Northeast Georgia Rabun,479014,,FOOD BANK,EMERGENCY-Agency,USDA,C-50-10033,52,0,0,0.0,624,RABUN,0.0,2/29/2024 8:55,2/29/2024 7:08,Price Code 1,CUSTOMER PICKUP,False,Rabun Warehouse,02,30525.0,Clayton,USDA SHREDDED YELLOW CHEDDAR CHEESE CCC,Cooled Cooled Cooled Cooled Dairy
310,180742,7153,C-121,Rabun County Family Connection,483348,,FP/OP/GNAP/USDA,COMMUNITY ACTION PROGRAM-Agency,GNAP,N-40-10234,12,0,0,0.0,156,RABUN,0.0,5/17/2024 8:30,5/20/2024 10:43,Price Code 1,CUSTOMER PICKUP,False,Rabun Warehouse,02,30525.0,Clayton,GNAP BAKED BEANS,Dry Dry Dry Dry Proteins
824,177064,6831,R-124,Rabun Gap Presbyterian Church,479686,,FP/USDA,MOBILE PANTRY-Agency,USDA,C-50-10025,49,0,0,0.0,2058,RABUN,0.0,3/15/2024 8:57,3/18/2024 11:03,Price Code 1,CUSTOMER PICKUP,False,Rabun Warehouse,02,30568.0,Rabun Gap,USDA APPLES,Cooled Cooled Cooled Cooled Fruits
364,179418,5388,M-110,Mountain Grove Baptist Church,482031,,FOOD PANTRY,FOOD PANTRY-Agency,BLUE RECEIPT-SHL,F-16-10001,175,0,0,31.5,175,RABUN,0.18,4/23/2024 13:32,4/23/2024 9:22,Price Code 1,CUSTOMER PICKUP,False,Sharing Floor Rabun,02-SH,30525.0,Clayton,"ASSORTED FROZEN FOODS, SHL",Frozen Frozen Frozen Frozen Food Misc.
731,179870,5938,F-138,Freedom Ministries Lighthouse,482481,,ON PREMISES (OP),REHAB-Agency,BLUE RECEIPT-SHL,C-28-10001,117,0,0,3.51,117,RABUN,0.03,4/30/2024 10:11,4/30/2024 11:40,Price Code 1,CUSTOMER PICKUP,False,Sharing Floor Rabun,02-SH,30552.0,Lakemont,"PRODUCE, FRESH SHL",Cooled Cooled Cooled Cooled Mixed Produce
364,175859,690,M-110,Mountain Grove Baptist Church,478487,,FOOD PANTRY,FOOD PANTRY-Agency,BLUE RECEIPT-SHL,W-03-10013,3,0,0,0.09,3,RABUN,0.03,2/20/2024 13:32,2/20/2024 9:30,Price Code 1,CUSTOMER PICKUP,False,Sharing Floor Rabun,02-SH,30525.0,Clayton,"ASSORTED BEVERAGES, SHL",Dry Dry Dry Dry Beverages
364,172535,683,M-110,Mountain Grove Baptist Church,476166,,FOOD PANTRY,FOOD PANTRY-Agency,BLUE RECEIPT-SHL,W-16-10001,123,0,0,22.14,123,RABUN,0.18,1/4/2024 13:32,1/4/2024 10:36,Price Code 1,CUSTOMER PICKUP,False,Sharing Floor Rabun,02-SH,30525.0,Clayton,MISC. FOOD BOX SHL,Dry Dry Dry Dry Food Misc.
919,181518,8970,F-132,Fight Abuse in the Home (FAITH),FAIMPORT484122,,ON PREMISES (OP),SHELTER-Agency,BLUE RECEIPT-SHL,MCW-16-10001,9,0,0,0.0,9,RABUN,0.0,5/28/2024 0:00,5/28/2024 0:00,Price Code 1,CUSTOMER PICKUP,False,Food Bank of Northeast Georgia,01,30525.0,Clayton,"MISC. FOOD BOX, SHL RETAIL PICKUP",Dry Dry Dry Dry Food Misc.
919,178170,8973,F-132,Fight Abuse in the Home (FAITH),FAIMPORT480789,,ON PREMISES (OP),SHELTER-Agency,BLUE RECEIPT-SHL,MCC-16-10001,52,0,0,0.0,52,RABUN,0.0,4/1/2024 0:00,4/1/2024 0:00,Price Code 1,CUSTOMER PICKUP,False,Food Bank of Northeast Georgia,01,30525.0,Clayton,"COOLER FOOD MISC., SHL RETAIL PICKUP",Dry Dry Dry Dry Food Misc.
975,176065,690,P-128,Place of Hope NGA,478692,,ON PREMISES (OP),FOOD PANTRY-Agency,BLUE RECEIPT-SHL,W-03-10013,29,0,0,0.87,29,RABUN,0.03,2/23/2024 7:26,2/23/2024 7:27,Price Code 1,CUSTOMER PICKUP,False,Sharing Floor Rabun,02-SH,30525.0,Clayton,"ASSORTED BEVERAGES, SHL",Dry Dry Dry Dry Beverages
731,175480,683,F-138,Freedom Ministries Lighthouse,478109,,ON PREMISES (OP),REHAB-Agency,BLUE RECEIPT-SHL,W-16-10001,287,0,0,51.66,287,RABUN,0.18,2/12/2024 10:11,2/12/2024 11:46,Price Code 1,CUSTOMER PICKUP,False,Sharing Floor Rabun,02-SH,30552.0,Lakemont,MISC. FOOD BOX SHL,Dry Dry Dry Dry Food Misc.
731,176166,5388,F-138,Freedom Ministries Lighthouse,478792,,ON PREMISES (OP),REHAB-Agency,BLUE RECEIPT-SHL,F-16-10001,82,0,0,14.76,82,RABUN,0.18,2/26/2024 10:11,2/26/2024 10:18,Price Code 1,CUSTOMER PICKUP,False,Sharing Floor Rabun,02-SH,30552.0,Lakemont,"ASSORTED FROZEN FOODS, SHL",Frozen Frozen Frozen Frozen Food Misc.
577,175220,683,S-133,Sharing and Caring - Clayton,477849,,FP/GNAP/USDA,FOOD PANTRY-Agency,BLUE RECEIPT-SHL,W-16-10001,29,0,0,5.22,29,RABUN,0.18,2/6/2024 9:50,2/6/2024 13:16,Price Code 1,CUSTOMER PICKUP,False,Sharing Floor Rabun,02-SH,30525.0,Clayton,MISC. FOOD BOX SHL,Dry Dry Dry Dry Food Misc.
602,181789,842,10-NGAR,Food Bank of Northeast Georgia Rabun,484393,,FOOD BANK,EMERGENCY-Agency,USDA,N-50-10021,6,0,0,0.0,162,RABUN,0.0,6/3/2024 8:55,6/3/2024 10:00,Price Code 1,CUSTOMER PICKUP,False,Rabun Warehouse,02,30525.0,Clayton,USDA DICED TOMATOES NO SALT CCC,Dry Dry Dry Dry Vegetables
364,176676,5388,M-110,Mountain Grove Baptist Church,479299,,FOOD PANTRY,FOOD PANTRY-Agency,BLUE RECEIPT-SHL,F-16-10001,75,0,0,13.5,75,RABUN,0.18,3/5/2024 13:32,3/5/2024 9:29,Price Code 1,CUSTOMER PICKUP,False,Sharing Floor Rabun,02-SH,30525.0,Clayton,"ASSORTED FROZEN FOODS, SHL",Frozen Frozen Frozen Frozen Food Misc.
577,173483,690,S-133,Sharing and Caring - Clayton,477112,,FP/GNAP/USDA,FOOD PANTRY-Agency,BLUE RECEIPT-SHL,W-03-10013,50,0,0,1.5,50,RABUN,0.03,1/23/2024 9:50,1/23/2024 13:28,Price Code 1,CUSTOMER PICKUP,False,Sharing Floor Rabun,02-SH,30525.0,Clayton,"ASSORTED BEVERAGES, SHL",Dry Dry Dry Dry Beverages
731,175873,5388,F-138,Freedom Ministries Lighthouse,478501,,ON PREMISES (OP),REHAB-Agency,BLUE RECEIPT-SHL,F-16-10001,88,0,0,15.84,88,RABUN,0.18,2/20/2024 10:11,2/20/2024 11:45,Price Code 1,CUSTOMER PICKUP,False,Sharing Floor Rabun,02-SH,30552.0,Lakemont,"ASSORTED FROZEN FOODS, SHL",Frozen Frozen Frozen Frozen Food Misc.
919,179472,8986,F-132,Fight Abuse in the Home (FAITH),FAIMPORT482085,,ON PREMISES (OP),SHELTER-Agency,BLUE RECEIPT-SHL,MCW-01-10001,1,0,0,0.0,1,RABUN,0.0,4/22/2024 0:00,4/22/2024 0:00,Price Code 1,CUSTOMER PICKUP,False,Food Bank of Northeast Georgia,01,30525.0,Clayton,"NON-FOOD ITEMS, SHL RETAIL PICKUPS",Dry Dry Dry Dry Non-Food Misc.
602,178818,2202,10-NGAR,Food Bank of Northeast Georgia Rabun,481432,,FOOD BANK,EMERGENCY-Agency,USDA,N-50-10240,15,0,0,0.0,330,RABUN,0.0,4/11/2024 8:55,4/11/2024 12:47,Price Code 1,CUSTOMER PICKUP,False,Rabun Warehouse,02,30525.0,Clayton,USDA SPAGHETTI,Dry Dry Dry Dry Grains
577,178393,8997,S-133,Sharing and Caring - Clayton,481009,,FP/GNAP/USDA,FOOD PANTRY-Agency,USDA,N-50-10312,2,0,0,4.32,24,RABUN,0.18,4/9/2024 9:50,4/9/2024 13:19,Price Code 1,CUSTOMER PICKUP,False,Rabun Warehouse,02,30525.0,Clayton,USDA CHILI W/ BEANS CCC,Dry Dry Dry Dry Prepared Meals
364,181123,5388,M-110,Mountain Grove Baptist Church,483728,,FOOD PANTRY,FOOD PANTRY-Agency,BLUE RECEIPT-SHL,F-16-10001,63,0,0,11.34,63,RABUN,0.18,5/21/2024 13:32,5/21/2024 9:23,Price Code 1,CUSTOMER PICKUP,False,Sharing Floor Rabun,02-SH,30525.0,Clayton,"ASSORTED FROZEN FOODS, SHL",Frozen Frozen Frozen Frozen Food Misc.
905,182050,8783,R-127,Rabun Christian Food Ministry,484654,,FP/USDA,FOOD PANTRY-Agency,USDA,N-50-10308,6,0,0,24.84,138,RABUN,0.18,6/21/2024 8:30,6/21/2024 9:12,Price Code 1,CUSTOMER PICKUP,False,Rabun Warehouse,02,30525.0,Clayton,USDA RAISINS,Dry Dry Dry Dry Fruits
602,173090,4715,10-NGAR,Food Bank of Northeast Georgia Rabun,476720,,FOOD BANK,EMERGENCY-Agency,USDA,F-50-90461,12,0,0,0.0,480,RABUN,0.0,1/16/2024 8:55,1/16/2024 7:24,Price Code 1,CUSTOMER PICKUP,False,Rabun Warehouse,02,30525.0,Clayton,USDA ALASKAN POLLACK FISH FILLETS,Frozen Frozen Frozen Frozen Proteins
824,182066,4327,R-124,Rabun Gap Presbyterian Church,484670,,FP/USDA,MOBILE PANTRY-Agency,USDA,N-50-10277,90,0,0,0.0,2430,RABUN,0.0,6/14/2024 8:57,6/20/2024 15:30,Price Code 1,CUSTOMER PICKUP,False,Rabun Warehouse,02,30568.0,Rabun Gap,USDA GARBANZO BEANS,Dry Dry Dry Dry Proteins
919,180964,8975,F-132,Fight Abuse in the Home (FAITH),FAIMPORT483570,,ON PREMISES (OP),SHELTER-Agency,BLUE RECEIPT-SHL,MCC-07-10001,54,0,0,0.0,54,RABUN,0.0,5/13/2024 0:00,5/13/2024 0:00,Price Code 1,CUSTOMER PICKUP,False,Food Bank of Northeast Georgia,01,30525.0,Clayton,"DAIRY PRODUCTS, SHL RETAIL PICKUPS",Dry Dry Dry Dry Dairy
602,182057,1674,10-NGAR,Food Bank of Northeast Georgia Rabun,484661,,FOOD BANK,EMERGENCY-Agency,USDA,N-50-10073,14,0,0,0.0,378,RABUN,0.0,6/10/2024 8:55,6/10/2024 7:40,Price Code 1,CUSTOMER PICKUP,False,Rabun Warehouse,02,30525.0,Clayton,USDA TOMATO SAUCE,Dry Dry Dry Dry Vegetables
824,173135,8783,R-124,Rabun Gap Presbyterian Church,476765,,FP/USDA,MOBILE PANTRY-Agency,USDA,N-50-10308,80,0,0,0.0,1840,RABUN,0.0,1/19/2024 8:57,1/22/2024 13:02,Price Code 1,CUSTOMER PICKUP,False,Rabun Warehouse,02,30568.0,Rabun Gap,USDA RAISINS,Dry Dry Dry Dry Fruits
602,180323,1521,10-NGAR,Food Bank of Northeast Georgia Rabun,482929,,FOOD BANK,EMERGENCY-Agency,USDA,N-50-10104,13,0,0,0.0,325,RABUN,0.0,5/7/2024 8:55,5/7/2024 8:21,Price Code 1,CUSTOMER PICKUP,False,Rabun Warehouse,02,30525.0,Clayton,USDA LENTIL BEANS,Dry Dry Dry Dry Proteins
577,178056,8620,S-133,Sharing and Caring - Clayton,480675,,FP/GNAP/USDA,FOOD PANTRY-Agency,GNAP,N-40-10260,1,0,0,0.0,18,RABUN,0.0,4/2/2024 9:50,4/2/2024 13:35,Price Code 1,CUSTOMER PICKUP,False,Rabun Warehouse,02,30525.0,Clayton,GNAP CREAM OF CHICKEN SOUP,Dry Dry Dry Dry Prepared Meals
602,173106,84,10-NGAR,Food Bank of Northeast Georgia Rabun,476736,,FOOD BANK,EMERGENCY-Agency,USDA,N-50-10006,2,0,0,0.0,54,RABUN,0.0,1/16/2024 8:55,1/16/2024 10:03,Price Code 1,CUSTOMER PICKUP,False,Rabun Warehouse,02,30525.0,Clayton,USDA GREEN BEANS,Dry Dry Dry Dry Vegetables
364,179418,9014,M-110,Mountain Grove Baptist Church,482031,,FOOD PANTRY,FOOD PANTRY-Agency,PURCH,N-27-10136,2,0,104,9.72,54,RABUN,0.18,4/23/2024 13:32,4/23/2024 9:22,Price Code 1,CUSTOMER PICKUP,False,Sharing Floor Rabun,02-SH,30525.0,Clayton,"GREEN BEANS, HARVEST VALLEY",Dry Dry Dry Dry Vegetables
773,180687,5938,P-122,Persimmon Baptist Church,483293,,FOOD PANTRY,FOOD PANTRY-Agency,BLUE RECEIPT-SHL,C-28-10001,8,0,0,0.24,8,RABUN,0.03,5/13/2024 11:44,5/13/2024 8:06,Price Code 1,CUSTOMER PICKUP,False,Sharing Floor Rabun,02-SH,30525.0,Clayton,"PRODUCE, FRESH SHL",Cooled Cooled Cooled Cooled Mixed Produce
905,172424,84,R-127,Rabun Christian Food Ministry,476055,,FP/USDA,FOOD PANTRY-Agency,USDA,N-50-10006,11,0,0,53.46,297,RABUN,0.18,1/12/2024 11:38,1/16/2024 10:54,Price Code 1,CUSTOMER PICKUP,False,Rabun Warehouse,02,30525.0,Clayton,USDA GREEN BEANS,Dry Dry Dry Dry Vegetables
658,178671,8682,W-130,Wolf Creek Baptist Church,481287,,FP/GNAP/USDA,FOOD PANTRY-Agency,BLUE RECEIPT-SHL,N-03-11727,1,0,0,0.0,28,RABUN,0.0,4/11/2024 16:14,4/11/2024 11:02,Price Code 1,CUSTOMER PICKUP,False,Rabun Warehouse,02,30576.0,Tiger,LIPTON DIET GREEN TEA CITRUS,Dry Dry Dry Dry Beverages
310,180742,7083,C-121,Rabun County Family Connection,483348,,FP/OP/GNAP/USDA,COMMUNITY ACTION PROGRAM-Agency,USDA,C-50-10029,1,0,0,2.16,12,RABUN,0.18,5/17/2024 8:30,5/20/2024 10:43,Price Code 1,CUSTOMER PICKUP,False,Rabun Warehouse,02,30525.0,Clayton,"USDA MILD CHEDDAR CHEESE, BLOCK CCC",Cooled Cooled Cooled Cooled Dairy
919,178686,8975,F-132,Fight Abuse in the Home (FAITH),FAIMPORT481301,,ON PREMISES (OP),SHELTER-Agency,BLUE RECEIPT-SHL,MCC-07-10001,89,0,0,0.0,89,RABUN,0.0,4/8/2024 0:00,4/8/2024 0:00,Price Code 1,CUSTOMER PICKUP,False,Food Bank of Northeast Georgia,01,30525.0,Clayton,"DAIRY PRODUCTS, SHL RETAIL PICKUPS",Dry Dry Dry Dry Dairy
731,179366,5407,F-138,Freedom Ministries Lighthouse,481979,,ON PREMISES (OP),REHAB-Agency,BLUE RECEIPT-SHL,F-15-10000,75,0,0,13.5,75,RABUN,0.18,4/22/2024 10:11,4/22/2024 10:45,Price Code 1,CUSTOMER PICKUP,False,Sharing Floor Rabun,02-SH,30552.0,Lakemont,"MEAT & SEAFOOD, FROZEN SHL",Frozen Frozen Frozen Frozen Proteins
602,182511,6676,10-NGAR,Food Bank of Northeast Georgia Rabun,485114,,FOOD BANK,EMERGENCY-Agency,USDA,C-50-10009,120,0,0,0.0,5400,RABUN,0.0,6/24/2024 8:55,6/24/2024 8:18,Price Code 1,CUSTOMER PICKUP,False,Rabun Warehouse,02,30525.0,Clayton,"USDA APPLES, FRESH",Cooled Cooled Cooled Cooled Fruits
824,177705,5388,R-124,Rabun Gap Presbyterian Church,480325,,FP/USDA,MOBILE PANTRY-Agency,BLUE RECEIPT-SHL,F-16-10001,1500,0,0,0.0,1500,RABUN,0.0,3/21/2024 8:57,3/21/2024 9:43,Price Code 1,CUSTOMER PICKUP,False,Sharing Floor Rabun,02-SH,30568.0,Rabun Gap,"ASSORTED FROZEN FOODS, SHL",Frozen Frozen Frozen Frozen Food Misc.
364,182308,683,M-110,Mountain Grove Baptist Church,484912,,FOOD PANTRY,FOOD PANTRY-Agency,BLUE RECEIPT-SHL,W-16-10001,13,0,0,2.34,13,RABUN,0.18,6/18/2024 13:32,6/18/2024 9:29,Price Code 1,CUSTOMER PICKUP,False,Sharing Floor Rabun,02-SH,30525.0,Clayton,MISC. FOOD BOX SHL,Dry Dry Dry Dry Food Misc.
905,182050,1047,R-127,Rabun Christian Food Ministry,484654,,FP/USDA,FOOD PANTRY-Agency,USDA,N-50-10041,12,0,0,105.84,588,RABUN,0.18,6/21/2024 8:30,6/21/2024 9:12,Price Code 1,CUSTOMER PICKUP,False,Rabun Warehouse,02,30525.0,Clayton,USDA RICE,Dry Dry Dry Dry Grains
364,178102,683,M-110,Mountain Grove Baptist Church,480721,,FOOD PANTRY,FOOD PANTRY-Agency,BLUE RECEIPT-SHL,W-16-10001,77,0,0,13.86,77,RABUN,0.18,4/2/2024 13:32,4/2/2024 9:40,Price Code 1,CUSTOMER PICKUP,False,Rabun Warehouse,02,30525.0,Clayton,MISC. FOOD BOX SHL,Dry Dry Dry Dry Food Misc.
602,177472,7082,10-NGAR,Food Bank of Northeast Georgia Rabun,480092,,FOOD BANK,EMERGENCY-Agency,USDA,C-50-10033,97,0,0,0.0,1164,RABUN,0.0,3/18/2024 8:55,3/18/2024 10:01,Price Code 1,CUSTOMER PICKUP,False,Rabun Warehouse,02,30525.0,Clayton,USDA SHREDDED YELLOW CHEDDAR CHEESE CCC,Cooled Cooled Cooled Cooled Dairy
919,178686,8970,F-132,Fight Abuse in the Home (FAITH),FAIMPORT481301,,ON PREMISES (OP),SHELTER-Agency,BLUE RECEIPT-SHL,MCW-16-10001,23,0,0,0.0,23,RABUN,0.0,4/8/2024 0:00,4/8/2024 0:00,Price Code 1,CUSTOMER PICKUP,False,Food Bank of Northeast Georgia,01,30525.0,Clayton,"MISC. FOOD BOX, SHL RETAIL PICKUP",Dry Dry Dry Dry Food Misc.
824,179084,170,R-124,Rabun Gap Presbyterian Church,481698,,FP/USDA,MOBILE PANTRY-Agency,USDA,N-50-10007,85,0,0,0.0,2380,RABUN,0.0,4/17/2024 8:57,4/22/2024 8:49,Price Code 1,CUSTOMER PICKUP,False,Rabun Warehouse,02,30568.0,Rabun Gap,"USDA CORN, WHOLE KERNEL NO SALT",Dry Dry Dry Dry Vegetables
824,182066,2202,R-124,Rabun Gap Presbyterian Church,484670,,FP/USDA,MOBILE PANTRY-Agency,USDA,N-50-10240,70,0,0,0.0,1540,RABUN,0.0,6/14/2024 8:57,6/20/2024 15:30,Price Code 1,CUSTOMER PICKUP,False,Rabun Warehouse,02,30568.0,Rabun Gap,USDA SPAGHETTI,Dry Dry Dry Dry Grains
824,173135,170,R-124,Rabun Gap Presbyterian Church,476765,,FP/USDA,MOBILE PANTRY-Agency,USDA,N-50-10007,85,0,0,0.0,2380,RABUN,0.0,1/19/2024 8:57,1/22/2024 13:02,Price Code 1,CUSTOMER PICKUP,False,Rabun Warehouse,02,30568.0,Rabun Gap,"USDA CORN, WHOLE KERNEL NO SALT",Dry Dry Dry Dry Vegetables
577,180947,5388,S-133,Sharing and Caring - Clayton,483553,,FP/GNAP/USDA,FOOD PANTRY-Agency,BLUE RECEIPT-SHL,F-16-10001,59,0,0,10.62,59,RABUN,0.18,5/16/2024 9:50,5/16/2024 13:29,Price Code 1,CUSTOMER PICKUP,False,Sharing Floor Rabun,02-SH,30525.0,Clayton,"ASSORTED FROZEN FOODS, SHL",Frozen Frozen Frozen Frozen Food Misc.
824,180711,2202,R-124,Rabun Gap Presbyterian Church,483317,,FP/USDA,MOBILE PANTRY-Agency,USDA,N-50-10240,70,0,0,0.0,1540,RABUN,0.0,5/17/2024 8:57,5/17/2024 7:19,Price Code 1,CUSTOMER PICKUP,False,Rabun Warehouse,02,30568.0,Rabun Gap,USDA SPAGHETTI,Dry Dry Dry Dry Grains
773,177454,5388,P-122,Persimmon Baptist Church,480074,,FOOD PANTRY,FOOD PANTRY-Agency,BLUE RECEIPT-SHL,F-16-10001,50,0,0,9.0,50,RABUN,0.18,3/18/2024 11:44,3/18/2024 8:34,Price Code 1,CUSTOMER PICKUP,False,Sharing Floor Rabun,02-SH,30525.0,Clayton,"ASSORTED FROZEN FOODS, SHL",Frozen Frozen Frozen Frozen Food Misc.
919,179987,8973,F-132,Fight Abuse in the Home (FAITH),FAIMPORT482596,,ON PREMISES (OP),SHELTER-Agency,BLUE RECEIPT-SHL,MCC-16-10001,21,0,0,0.0,21,RABUN,0.0,4/29/2024 0:00,4/29/2024 0:00,Price Code 1,CUSTOMER PICKUP,False,Food Bank of Northeast Georgia,01,30525.0,Clayton,"COOLER FOOD MISC., SHL RETAIL PICKUP",Dry Dry Dry Dry Food Misc.
577,175399,3954,S-133,Sharing and Caring - Clayton,478028,,FP/GNAP/USDA,FOOD PANTRY-Agency,GNAP,N-40-10164,1,0,0,2.7,27,RABUN,0.1,2/13/2024 9:50,2/13/2024 13:26,Price Code 1,CUSTOMER PICKUP,False,Rabun Warehouse,02,30525.0,Clayton,"GNAP GREEN PEAS, LOW SODIUM",Dry Dry Dry Dry Proteins
602,176389,1674,10-NGAR,Food Bank of Northeast Georgia Rabun,479014,,FOOD BANK,EMERGENCY-Agency,USDA,N-50-10073,13,0,0,0.0,351,RABUN,0.0,2/29/2024 8:55,2/29/2024 7:08,Price Code 1,CUSTOMER PICKUP,False,Rabun Warehouse,02,30525.0,Clayton,USDA TOMATO SAUCE,Dry Dry Dry Dry Vegetables
602,173106,8765,10-NGAR,Food Bank of Northeast Georgia Rabun,476736,,FOOD BANK,EMERGENCY-Agency,USDA,N-50-10307,2,0,0,0.0,54,RABUN,0.0,1/16/2024 8:55,1/16/2024 10:03,Price Code 1,CUSTOMER PICKUP,False,Rabun Warehouse,02,30525.0,Clayton,"USDA LIGHT RED KIDNEY BEANS, LOW SODIUM",Dry Dry Dry Dry Proteins
824,173605,5388,R-124,Rabun Gap Presbyterian Church,477234,,FP/USDA,MOBILE PANTRY-Agency,BLUE RECEIPT-SHL,F-16-10001,1000,0,0,0.0,1000,RABUN,0.0,1/25/2024 8:57,1/25/2024 10:19,Price Code 1,CUSTOMER PICKUP,False,Sharing Floor Rabun,02-SH,30568.0,Rabun Gap,"ASSORTED FROZEN FOODS, SHL",Frozen Frozen Frozen Frozen Food Misc.
602,182057,2202,10-NGAR,Food Bank of Northeast Georgia Rabun,484661,,FOOD BANK,EMERGENCY-Agency,USDA,N-50-10240,16,0,0,0.0,352,RABUN,0.0,6/10/2024 8:55,6/10/2024 7:40,Price Code 1,CUSTOMER PICKUP,False,Rabun Warehouse,02,30525.0,Clayton,USDA SPAGHETTI,Dry Dry Dry Dry Grains
346,173681,8720,F-114,Flat Creek Baptist Church,477310,,FP/GNAP/USDA,FOOD PANTRY-Agency,USDA,N-50-10305,2,0,0,5.04,28,RABUN,0.18,1/29/2024 12:44,1/29/2024 10:17,Price Code 1,CUSTOMER PICKUP,False,Rabun Warehouse,02,30552.0,Lakemont,USDA MIXED VegetablesCCC,Dry Dry Dry Dry Vegetables
731,178973,5388,F-138,Freedom Ministries Lighthouse,481587,,ON PREMISES (OP),REHAB-Agency,BLUE RECEIPT-SHL,F-16-10001,33,0,0,5.94,33,RABUN,0.18,4/15/2024 10:11,4/15/2024 11:52,Price Code 1,CUSTOMER PICKUP,False,Sharing Floor Rabun,02-SH,30552.0,Lakemont,"ASSORTED FROZEN FOODS, SHL",Frozen Frozen Frozen Frozen Food Misc.
658,178671,8997,W-130,Wolf Creek Baptist Church,481287,,FP/GNAP/USDA,FOOD PANTRY-Agency,USDA,N-50-10312,1,0,0,2.16,12,RABUN,0.18,4/11/2024 16:14,4/11/2024 11:02,Price Code 1,CUSTOMER PICKUP,False,Rabun Warehouse,02,30576.0,Tiger,USDA CHILI W/ BEANS CCC,Dry Dry Dry Dry Prepared Meals
602,177709,7059,10-NGAR,Food Bank of Northeast Georgia Rabun,480329,,FOOD BANK,EMERGENCY-Agency,USDA,C-50-10019,45,0,0,0.0,1620,RABUN,0.0,3/21/2024 8:55,3/21/2024 9:49,Price Code 1,CUSTOMER PICKUP,False,Rabun Warehouse,02,30525.0,Clayton,USDA 2% MILK CCC,Cooled Cooled Cooled Cooled Dairy
577,181142,5388,S-133,Sharing and Caring - Clayton,483747,,FP/GNAP/USDA,FOOD PANTRY-Agency,BLUE RECEIPT-SHL,F-16-10001,86,0,0,15.48,86,RABUN,0.18,5/21/2024 9:50,5/21/2024 13:33,Price Code 1,CUSTOMER PICKUP,False,Sharing Floor Rabun,02-SH,30525.0,Clayton,"ASSORTED FROZEN FOODS, SHL",Frozen Frozen Frozen Frozen Food Misc.
577,173969,3204,S-133,Sharing and Caring - Clayton,477598,,FP/GNAP/USDA,FOOD PANTRY-Agency,GNAP,N-40-10217,3,0,0,2.7,27,RABUN,0.1,2/6/2024 9:50,2/6/2024 13:04,Price Code 1,CUSTOMER PICKUP,False,Rabun Warehouse,02,30525.0,Clayton,GNAP CANNED HAM,Dry Dry Dry Dry Proteins
602,180323,800,10-NGAR,Food Bank of Northeast Georgia Rabun,482929,,FOOD BANK,EMERGENCY-Agency,USDA,N-50-10065,13,0,0,0.0,351,RABUN,0.0,5/7/2024 8:55,5/7/2024 8:21,Price Code 1,CUSTOMER PICKUP,False,Rabun Warehouse,02,30525.0,Clayton,USDA APPLESAUCE,Dry Dry Dry Dry Fruits
602,180611,3203,10-NGAR,Food Bank of Northeast Georgia Rabun,483217,,FOOD BANK,EMERGENCY-Agency,USDA,N-50-10289,1,0,0,0.0,25,RABUN,0.0,5/10/2024 8:55,5/10/2024 13:22,Price Code 1,CUSTOMER PICKUP,False,Rabun Warehouse,02,30525.0,Clayton,USDA PECAN PIECES,Dry Dry Dry Dry Proteins
731,178593,683,F-138,Freedom Ministries Lighthouse,481209,,ON PREMISES (OP),REHAB-Agency,BLUE RECEIPT-SHL,W-16-10001,90,0,0,16.2,90,RABUN,0.18,4/9/2024 10:11,4/9/2024 11:10,Price Code 1,CUSTOMER PICKUP,False,Sharing Floor Rabun,02-SH,30552.0,Lakemont,MISC. FOOD BOX SHL,Dry Dry Dry Dry Food Misc.
577,176505,8783,S-133,Sharing and Caring - Clayton,479129,,FP/GNAP/USDA,FOOD PANTRY-Agency,USDA,N-50-10308,1,0,0,4.14,23,RABUN,0.18,3/5/2024 9:50,3/5/2024 14:50,Price Code 1,CUSTOMER PICKUP,False,Rabun Warehouse,02,30525.0,Clayton,USDA RAISINS,Dry Dry Dry Dry Fruits
824,177996,1791,R-124,Rabun Gap Presbyterian Church,480615,,FP/USDA,MOBILE PANTRY-Agency,USDA,N-50-10079,1,0,0,4.68,26,RABUN,0.18,3/31/2024 8:57,3/31/2024 21:27,Price Code 1,CUSTOMER PICKUP,False,Rabun Warehouse,02,30568.0,Rabun Gap,USDA WALNUT HALVES AND PIECES,Dry Dry Dry Dry Proteins
364,180334,1045,M-110,Mountain Grove Baptist Church,482940,,FOOD PANTRY,FOOD PANTRY-Agency,BLUE RECEIPT-SHL,W-25-10009,14,0,0,2.52,14,RABUN,0.18,5/7/2024 13:32,5/7/2024 9:21,Price Code 1,CUSTOMER PICKUP,False,Sharing Floor Rabun,02-SH,30525.0,Clayton,"ASSORTED SNACK ITEMS, SHL",Dry Dry Dry Dry Food Misc.
773,172689,50,P-122,Persimmon Baptist Church,476320,,FOOD PANTRY,FOOD PANTRY-Agency,LOCAL - LL,W-16-10002,132,0,0,23.76,132,RABUN,0.18,1/8/2024 11:44,1/8/2024 8:42,Price Code 1,CUSTOMER PICKUP,False,Sharing Floor Rabun,02-SH,30525.0,Clayton,MISC. FOOD BOX LL,Dry Dry Dry Dry Food Misc.
602,180323,4449,10-NGAR,Food Bank of Northeast Georgia Rabun,482929,,FOOD BANK,EMERGENCY-Agency,USDA,F-50-90445,18,0,0,0.0,738,RABUN,0.0,5/7/2024 8:55,5/7/2024 8:21,Price Code 1,CUSTOMER PICKUP,False,Rabun Warehouse,02,30525.0,Clayton,USDA FULLY COOKED PULLED PORK CCC,Frozen Frozen Frozen Frozen Proteins
346,182467,3203,F-114,Flat Creek Baptist Church,485071,,FP/GNAP/USDA,FOOD PANTRY-Agency,USDA,N-50-10289,8,0,0,36.0,200,RABUN,0.18,6/26/2024 14:00,6/26/2024 13:46,Price Code 1,CUSTOMER PICKUP,False,Rabun Warehouse,02,30552.0,Lakemont,USDA PECAN PIECES,Dry Dry Dry Dry Proteins
919,179183,8973,F-132,Fight Abuse in the Home (FAITH),FAIMPORT481796,,ON PREMISES (OP),SHELTER-Agency,BLUE RECEIPT-SHL,MCC-16-10001,7,0,0,0.0,7,RABUN,0.0,4/15/2024 0:00,4/15/2024 0:00,Price Code 1,CUSTOMER PICKUP,False,Food Bank of Northeast Georgia,01,30525.0,Clayton,"COOLER FOOD MISC., SHL RETAIL PICKUP",Dry Dry Dry Dry Food Misc.
602,175274,84,10-NGAR,Food Bank of Northeast Georgia Rabun,477903,,FOOD BANK,EMERGENCY-Agency,USDA,N-50-10006,13,0,0,0.0,351,RABUN,0.0,2/7/2024 8:55,2/7/2024 9:46,Price Code 1,CUSTOMER PICKUP,False,Rabun Warehouse,02,30525.0,Clayton,USDA GREEN BEANS,Dry Dry Dry Dry Vegetables
731,180261,875,F-138,Freedom Ministries Lighthouse,482867,,ON PREMISES (OP),REHAB-Agency,BLUE RECEIPT-SHL,W-04-10000,85,0,0,0.0,85,RABUN,0.0,5/6/2024 10:11,5/6/2024 10:55,Price Code 1,CUSTOMER PICKUP,False,Sharing Floor Rabun,02-SH,30552.0,Lakemont,"BREAD & BAKERY, ASSORTED SHL",Dry Dry Dry Dry Grains
824,173336,8720,R-124,Rabun Gap Presbyterian Church,476965,,FP/USDA,MOBILE PANTRY-Agency,USDA,N-50-10305,170,0,0,0.0,2380,RABUN,0.0,2/16/2024 8:57,2/20/2024 15:52,Price Code 1,CUSTOMER PICKUP,False,Rabun Warehouse,02,30568.0,Rabun Gap,USDA MIXED VegetablesCCC,Dry Dry Dry Dry Vegetables
773,180687,683,P-122,Persimmon Baptist Church,483293,,FOOD PANTRY,FOOD PANTRY-Agency,BLUE RECEIPT-SHL,W-16-10001,80,0,0,14.4,80,RABUN,0.18,5/13/2024 11:44,5/13/2024 8:06,Price Code 1,CUSTOMER PICKUP,False,Sharing Floor Rabun,02-SH,30525.0,Clayton,MISC. FOOD BOX SHL,Dry Dry Dry Dry Food Misc.
602,179920,4788,10-NGAR,Food Bank of Northeast Georgia Rabun,482531,,FOOD BANK,EMERGENCY-Agency,USDA,F-50-90039,40,0,0,0.0,1600,RABUN,0.0,5/1/2024 8:55,5/1/2024 7:09,Price Code 1,CUSTOMER PICKUP,False,Rabun Warehouse,02,30525.0,Clayton,USDA CATFISH FILLETS CCC,Frozen Frozen Frozen Frozen Proteins
905,173910,7082,R-127,Rabun Christian Food Ministry,477539,,FP/USDA,FOOD PANTRY-Agency,USDA,C-50-10033,25,0,0,0.0,300,RABUN,0.0,2/16/2024 11:38,2/20/2024 10:48,Price Code 1,CUSTOMER PICKUP,False,Rabun Warehouse,02,30525.0,Clayton,USDA SHREDDED YELLOW CHEDDAR CHEESE CCC,Cooled Cooled Cooled Cooled Dairy
577,172925,5388,S-133,Sharing and Caring - Clayton,476556,,FP/GNAP/USDA,FOOD PANTRY-Agency,BLUE RECEIPT-SHL,F-16-10001,47,0,0,8.46,47,RABUN,0.18,1/11/2024 9:50,1/11/2024 10:19,Price Code 1,CUSTOMER PICKUP,False,Sharing Floor Rabun,02-SH,30525.0,Clayton,"ASSORTED FROZEN FOODS, SHL",Frozen Frozen Frozen Frozen Food Misc.
602,177869,8969,10-NGAR,Food Bank of Northeast Georgia Rabun,480488,,FOOD BANK,EMERGENCY-Agency,YELLOW RECEIPT - SHN,N-27-10135,12,0,0,0.0,324,RABUN,0.0,3/26/2024 8:55,3/26/2024 7:37,Price Code 1,CUSTOMER PICKUP,False,Rabun Warehouse,02,30525.0,Clayton,"HUNTS TOMATO SAUCE, BAG AND BOX",Dry Dry Dry Dry Vegetables
577,173843,5388,S-133,Sharing and Caring - Clayton,477472,,FP/GNAP/USDA,FOOD PANTRY-Agency,BLUE RECEIPT-SHL,F-16-10001,55,0,0,9.9,55,RABUN,0.18,1/30/2024 9:50,1/30/2024 13:30,Price Code 1,CUSTOMER PICKUP,False,Sharing Floor Rabun,02-SH,30525.0,Clayton,"ASSORTED FROZEN FOODS, SHL",Frozen Frozen Frozen Frozen Food Misc.
731,180785,1045,F-138,Freedom Ministries Lighthouse,483391,,ON PREMISES (OP),REHAB-Agency,BLUE RECEIPT-SHL,W-25-10009,140,0,0,0.0,140,RABUN,0.0,5/14/2024 10:11,5/14/2024 11:11,Price Code 1,CUSTOMER PICKUP,False,Sharing Floor Rabun,02-SH,30552.0,Lakemont,"ASSORTED SNACK ITEMS, SHL",Dry Dry Dry Dry Food Misc.
310,181663,6676,C-121,Rabun County Family Connection,484267,,FP/OP/GNAP/USDA,COMMUNITY ACTION PROGRAM-Agency,USDA,C-50-10009,3,0,0,24.3,135,RABUN,0.18,6/4/2024 11:00,6/4/2024 8:17,Price Code 1,CUSTOMER PICKUP,False,Rabun Warehouse,02,30525.0,Clayton,"USDA APPLES, FRESH",Cooled Cooled Cooled Cooled Fruits
602,182607,8991,10-NGAR,Food Bank of Northeast Georgia Rabun,485210,,FOOD BANK,EMERGENCY-Agency,USDA,N-50-10311,2,0,0,0.0,48,RABUN,0.0,6/28/2024 8:01,6/28/2024 7:26,Price Code 1,CUSTOMER PICKUP,False,Rabun Warehouse,02,30525.0,Clayton,USDA HAZELNUTS CCC,Dry Dry Dry Dry Proteins
577,179887,5388,S-133,Sharing and Caring - Clayton,482498,,FP/GNAP/USDA,FOOD PANTRY-Agency,BLUE RECEIPT-SHL,F-16-10001,23,0,0,4.14,23,RABUN,0.18,4/30/2024 9:50,4/30/2024 13:25,Price Code 1,CUSTOMER PICKUP,False,Sharing Floor Rabun,02-SH,30525.0,Clayton,"ASSORTED FROZEN FOODS, SHL",Frozen Frozen Frozen Frozen Food Misc.
602,175274,8930,10-NGAR,Food Bank of Northeast Georgia Rabun,477903,,FOOD BANK,EMERGENCY-Agency,BLUE RECEIPT-SHL,N-03-11805,14,0,0,0.0,252,RABUN,0.0,2/7/2024 8:55,2/7/2024 9:46,Price Code 1,CUSTOMER PICKUP,False,Rabun Warehouse,02,30525.0,Clayton,GATORADE ORANGE ZERO SUGAR,Dry Dry Dry Dry Beverages
602,177832,696,10-NGAR,Food Bank of Northeast Georgia Rabun,480451,,FOOD BANK,EMERGENCY-Agency,LOCAL - LL,W-25-10000,1399,0,0,0.0,1399,RABUN,0.0,3/25/2024 8:55,3/27/2024 8:07,Price Code 1,CUSTOMER PICKUP,False,Sharing Floor Rabun,02-SH,30525.0,Clayton,"ASSORTED SNACK ITEMS, LL",Dry Dry Dry Dry Food Misc.
577,178611,690,S-133,Sharing and Caring - Clayton,481227,,FP/GNAP/USDA,FOOD PANTRY-Agency,BLUE RECEIPT-SHL,W-03-10013,65,0,0,1.95,65,RABUN,0.03,4/9/2024 9:50,4/9/2024 13:22,Price Code 1,CUSTOMER PICKUP,False,Sharing Floor Rabun,02-SH,30525.0,Clayton,"ASSORTED BEVERAGES, SHL",Dry Dry Dry Dry Beverages
731,180261,5407,F-138,Freedom Ministries Lighthouse,482867,,ON PREMISES (OP),REHAB-Agency,BLUE RECEIPT-SHL,F-15-10000,64,0,0,11.52,64,RABUN,0.18,5/6/2024 10:11,5/6/2024 10:55,Price Code 1,CUSTOMER PICKUP,False,Sharing Floor Rabun,02-SH,30552.0,Lakemont,"MEAT & SEAFOOD, FROZEN SHL",Frozen Frozen Frozen Frozen Proteins
919,180451,8971,F-132,Fight Abuse in the Home (FAITH),FAIMPORT483057,,ON PREMISES (OP),SHELTER-Agency,BLUE RECEIPT-SHL,MCF-16-10001,3,0,0,0.0,3,RABUN,0.0,5/6/2024 0:00,5/6/2024 0:00,Price Code 1,CUSTOMER PICKUP,False,Food Bank of Northeast Georgia,01,30525.0,Clayton,"FROZEN FOODS, MISC SHL RETAIL PICKUP",Dry Dry Dry Dry Food Misc.
731,175578,5938,F-138,Freedom Ministries Lighthouse,478206,,ON PREMISES (OP),REHAB-Agency,BLUE RECEIPT-SHL,C-28-10001,80,0,0,2.4,80,RABUN,0.03,2/13/2024 10:11,2/13/2024 13:48,Price Code 1,CUSTOMER PICKUP,False,Sharing Floor Rabun,02-SH,30552.0,Lakemont,"PRODUCE, FRESH SHL",Cooled Cooled Cooled Cooled Mixed Produce
577,182434,690,S-133,Sharing and Caring - Clayton,485038,,FP/GNAP/USDA,FOOD PANTRY-Agency,BLUE RECEIPT-SHL,W-03-10013,70,0,0,2.1,70,RABUN,0.03,6/20/2024 9:50,6/20/2024 13:48,Price Code 1,CUSTOMER PICKUP,False,Sharing Floor Rabun,02-SH,30525.0,Clayton,"ASSORTED BEVERAGES, SHL",Dry Dry Dry Dry Beverages
346,182467,2202,F-114,Flat Creek Baptist Church,485071,,FP/GNAP/USDA,FOOD PANTRY-Agency,USDA,N-50-10240,4,0,0,15.84,88,RABUN,0.18,6/26/2024 14:00,6/26/2024 13:46,Price Code 1,CUSTOMER PICKUP,False,Rabun Warehouse,02,30552.0,Lakemont,USDA SPAGHETTI,Dry Dry Dry Dry Grains
919,178169,8973,F-132,Fight Abuse in the Home (FAITH),FAIMPORT480788,,ON PREMISES (OP),SHELTER-Agency,BLUE RECEIPT-SHL,MCC-16-10001,36,0,0,0.0,36,RABUN,0.0,3/28/2024 0:00,3/28/2024 0:00,Price Code 1,CUSTOMER PICKUP,False,Food Bank of Northeast Georgia,01,30525.0,Clayton,"COOLER FOOD MISC., SHL RETAIL PICKUP",Dry Dry Dry Dry Food Misc.
824,177064,6709,R-124,Rabun Gap Presbyterian Church,479686,,FP/USDA,MOBILE PANTRY-Agency,LOCAL - LL,C-28-90438,1598,0,0,0.0,1598,RABUN,0.0,3/15/2024 8:57,3/18/2024 11:03,Price Code 1,CUSTOMER PICKUP,False,Rabun Warehouse,02,30568.0,Rabun Gap,CANTALOUPES,Cooled Cooled Cooled Cooled Fruits
731,180785,5388,F-138,Freedom Ministries Lighthouse,483391,,ON PREMISES (OP),REHAB-Agency,BLUE RECEIPT-SHL,F-16-10001,79,0,0,14.22,79,RABUN,0.18,5/14/2024 10:11,5/14/2024 11:11,Price Code 1,CUSTOMER PICKUP,False,Sharing Floor Rabun,02-SH,30552.0,Lakemont,"ASSORTED FROZEN FOODS, SHL",Frozen Frozen Frozen Frozen Food Misc.
