Agency Id,Order Id,Product Id,Agency Ref,Agency Name,Order Ref,Agency Activity,Agency Group,Agency Type,Product Category,Product Ref,Quantity,Total Purchased,Total Cost,Total Service Fee,Weight,County,Service Fee,Pickup Delivery Date,Confirmed Date,Service Fee Name,Shipping Method,Is Non Food,Warehouse Name,Warehouse Ref,Agency Postal Code,Agency City,Product Name,Food Category
555,182061,3712,H-151,Helen First Baptist Church,484665,,FP/USDA,MOBILE PANTRY-Agency,USDA,N-50-10266,13,0,0,0.0,351,WHITE,0.0,6/14/2024 9:00,6/20/2024 16:12,Price Code 1,CUSTOMER PICKUP,False,Rabun Warehouse,02,30545.0,Helen,USDA CANNED PINTO BEANS,Dry Dry Dry Dry Proteins
440,178721,8974,W-115,White County Food Pantry,FAIMPORT481335,,FP/GNAP/USDA,FOOD PANTRY-Agency,BLUE RECEIPT-SHL,MCW-04-10000,32,0,0,0.0,32,WHITE,0.0,4/8/2024 0:00,4/8/2024 0:00,Price Code 1,CUSTOMER PICKUP,False,Food Bank of Northeast Georgia,01,30528.0,Cleveland,"BREAD AND BAKERY, SHL RETAIL PICKUPS",Dry Dry Dry Dry Grains
587,176312,2960,S-139,Shoal Creek Baptist Church,478937,,FP/USDA,FOOD PANTRY-Agency,USDA,N-50-10247,3,0,0,19.44,108,WHITE,0.18,3/12/2024 9:57,3/12/2024 11:35,Price Code 1,CUSTOMER PICKUP,False,Rabun Warehouse,02,30528.0,Cleveland,USDA BEEF STEW POUCHES CCC,Dry Dry Dry Dry Prepared Meals
440,178350,8783,W-115,White County Food Pantry,480966,,FP/GNAP/USDA,FOOD PANTRY-Agency,USDA,N-50-10308,4,0,0,16.56,92,WHITE,0.18,4/9/2024 15:37,4/9/2024 7:44,Price Code 1,CUSTOMER PICKUP,False,Rabun Warehouse,02,30528.0,Cleveland,USDA RAISINS,Dry Dry Dry Dry Fruits
440,175848,875,W-115,White County Food Pantry,478476,,FP/GNAP/USDA,FOOD PANTRY-Agency,BLUE RECEIPT-SHL,W-04-10000,63,0,0,0.0,63,WHITE,0.0,2/20/2024 15:37,2/20/2024 8:13,Price Code 1,CUSTOMER PICKUP,False,Sharing Floor Rabun,02-SH,30528.0,Cleveland,"BREAD & BAKERY, ASSORTED SHL",Dry Dry Dry Dry Grains
655,177031,170,H-153,His Hands and Feet Ministries,479653,,FP/USDA,FOOD PANTRY-Agency,USDA,N-50-10007,13,0,0,0.0,364,WHITE,0.0,3/14/2024 11:38,3/15/2024 9:06,Price Code 1,CUSTOMER PICKUP,False,Rabun Warehouse,02,30528.0,Cleveland,"USDA CORN, WHOLE KERNEL NO SALT",Dry Dry Dry Dry Vegetables
655,175268,84,H-153,His Hands and Feet Ministries,477897,,FP/USDA,FOOD PANTRY-Agency,USDA,N-50-10006,13,0,0,0.0,351,WHITE,0.0,2/7/2024 11:38,2/8/2024 15:45,Price Code 1,TRUCK 2 MOBILE PANTRY,False,Rabun Warehouse,02,30528.0,Cleveland,USDA GREEN BEANS,Dry Dry Dry Dry Vegetables
440,178834,9013,W-115,White County Food Pantry,481448,,FP/GNAP/USDA,FOOD PANTRY-Agency,USDA,N-50-10313,12,0,0,51.84,288,WHITE,0.18,4/16/2024 15:37,4/16/2024 8:02,Price Code 1,CUSTOMER PICKUP,False,Rabun Warehouse,02,30528.0,Cleveland,USDA LIGHT RED KIDNEY BEANS 24/1LB,Dry Dry Dry Dry Proteins
440,175005,3122,W-115,White County Food Pantry,477635,,FP/GNAP/USDA,FOOD PANTRY-Agency,GNAP,N-40-10174,10,0,0,14.0,140,WHITE,0.1,2/6/2024 15:37,2/6/2024 8:12,Price Code 1,CUSTOMER PICKUP,False,Rabun Warehouse,02,30528.0,Cleveland,"GNAP BLACKEYE PEAS, LOW SODIUM",Dry Dry Dry Dry Proteins
587,180496,9029,S-139,Shoal Creek Baptist Church,483102,,FP/USDA,FOOD PANTRY-Agency,YELLOW RECEIPT - SHN,N-25-11971,12,0,0,17.28,96,WHITE,0.18,5/14/2024 11:00,5/14/2024 11:03,Price Code 1,CUSTOMER PICKUP,False,Rabun Warehouse,02,30528.0,Cleveland,BIGS JUMBO SUNFLOWER KERNELS,Dry Dry Dry Dry Proteins
655,178320,170,H-153,His Hands and Feet Ministries,480936,,FP/USDA,FOOD PANTRY-Agency,USDA,N-50-10007,13,0,0,0.0,364,WHITE,0.0,4/11/2024 11:38,4/11/2024 11:05,Price Code 1,CUSTOMER PICKUP,False,Rabun Warehouse,02,30528.0,Cleveland,"USDA CORN, WHOLE KERNEL NO SALT",Dry Dry Dry Dry Vegetables
440,173867,8720,W-115,White County Food Pantry,477496,,FP/GNAP/USDA,FOOD PANTRY-Agency,USDA,N-50-10305,10,0,0,25.2,140,WHITE,0.18,2/6/2024 15:37,2/6/2024 8:11,Price Code 1,CUSTOMER PICKUP,False,Rabun Warehouse,02,30528.0,Cleveland,USDA MIXED VegetablesCCC,Dry Dry Dry Dry Vegetables
555,180698,4327,H-151,Helen First Baptist Church,483304,,FP/USDA,MOBILE PANTRY-Agency,USDA,N-50-10277,13,0,0,0.0,351,WHITE,0.0,5/17/2024 9:00,5/17/2024 7:20,Price Code 1,CUSTOMER PICKUP,False,Rabun Warehouse,02,30545.0,Helen,USDA GARBANZO BEANS,Dry Dry Dry Dry Proteins
440,180029,7169,W-115,White County Food Pantry,482637,,FP/GNAP/USDA,FOOD PANTRY-Agency,GNAP,N-40-10236,40,0,0,0.0,560,WHITE,0.0,5/7/2024 8:00,5/7/2024 7:41,Price Code 1,CUSTOMER PICKUP,False,Rabun Warehouse,02,30528.0,Cleveland,GNAP BEEF LASAGNA,Dry Dry Dry Dry Prepared Meals
655,180320,1047,H-153,His Hands and Feet Ministries,482926,,FP/USDA,FOOD PANTRY-Agency,USDA,N-50-10041,13,0,0,0.0,637,WHITE,0.0,5/9/2024 11:38,5/9/2024 14:11,Price Code 1,CUSTOMER PICKUP,False,Rabun Warehouse,02,30528.0,Cleveland,USDA RICE,Dry Dry Dry Dry Grains
440,177679,1674,W-115,White County Food Pantry,480299,,FP/GNAP/USDA,FOOD PANTRY-Agency,USDA,N-50-10073,10,0,0,48.6,270,WHITE,0.18,3/26/2024 15:37,3/26/2024 8:10,Price Code 1,CUSTOMER PICKUP,False,Rabun Warehouse,02,30528.0,Cleveland,USDA TOMATO SAUCE,Dry Dry Dry Dry Vegetables
655,172733,1791,H-153,His Hands and Feet Ministries,476364,,FP/USDA,FOOD PANTRY-Agency,USDA,N-50-10079,13,0,0,0.0,338,WHITE,0.0,1/11/2024 11:38,1/16/2024 9:29,Price Code 1,CUSTOMER PICKUP,False,Rabun Warehouse,02,30528.0,Cleveland,USDA WALNUT HALVES AND PIECES,Dry Dry Dry Dry Proteins
813,175145,875,J-111,The Jericho House,477774,,ON PREMISES (OP),REHAB-Agency,BLUE RECEIPT-SHL,W-04-10000,71,0,0,0.0,71,WHITE,0.0,2/5/2024 11:09,2/5/2024 14:34,Price Code 1,CUSTOMER PICKUP,False,Sharing Floor Athens,01-SH,30571.0,Sautee - Nacoochee,"BREAD & BAKERY, ASSORTED SHL",Dry Dry Dry Dry Grains
813,179768,688,J-111,The Jericho House,482381,,ON PREMISES (OP),REHAB-Agency,BLUE RECEIPT-SHL,W-01-10000,2,0,0,0.0,2,WHITE,0.0,4/29/2024 11:09,4/29/2024 14:12,Price Code 1,CUSTOMER PICKUP,False,Sharing Floor Athens,01-SH,30571.0,Sautee - Nacoochee,"ASSORTED NON-FOOD ITEMS, SHL",Dry Dry Dry Dry Non-Food Misc.
440,178903,8973,W-115,White County Food Pantry,FAIMPORT481517,,FP/GNAP/USDA,FOOD PANTRY-Agency,BLUE RECEIPT-SHL,MCC-16-10001,9,0,0,0.0,9,WHITE,0.0,4/11/2024 0:00,4/11/2024 0:00,Price Code 1,CUSTOMER PICKUP,False,Food Bank of Northeast Georgia,01,30528.0,Cleveland,"COOLER FOOD MISC., SHL RETAIL PICKUP",Dry Dry Dry Dry Food Misc.
655,172733,4676,H-153,His Hands and Feet Ministries,476364,,FP/USDA,FOOD PANTRY-Agency,USDA,F-50-90031,40,0,0,0.0,960,WHITE,0.0,1/11/2024 11:38,1/16/2024 9:29,Price Code 1,CUSTOMER PICKUP,False,Rabun Warehouse,02,30528.0,Cleveland,USDA FROZEN BLUEBERRIES CCC,Frozen Frozen Frozen Frozen Fruits
440,173867,1047,W-115,White County Food Pantry,477496,,FP/GNAP/USDA,FOOD PANTRY-Agency,USDA,N-50-10041,10,0,0,88.2,490,WHITE,0.18,2/6/2024 15:37,2/6/2024 8:11,Price Code 1,CUSTOMER PICKUP,False,Rabun Warehouse,02,30528.0,Cleveland,USDA RICE,Dry Dry Dry Dry Grains
813,176639,690,J-111,The Jericho House,479262,,ON PREMISES (OP),REHAB-Agency,BLUE RECEIPT-SHL,W-03-10013,483,0,0,0.0,483,WHITE,0.0,3/4/2024 11:09,3/4/2024 14:28,Price Code 1,CUSTOMER PICKUP,False,Sharing Floor Athens,01-SH,30571.0,Sautee - Nacoochee,"ASSORTED BEVERAGES, SHL",Dry Dry Dry Dry Beverages
655,172733,4327,H-153,His Hands and Feet Ministries,476364,,FP/USDA,FOOD PANTRY-Agency,USDA,N-50-10277,13,0,0,0.0,351,WHITE,0.0,1/11/2024 11:38,1/16/2024 9:29,Price Code 1,CUSTOMER PICKUP,False,Rabun Warehouse,02,30528.0,Cleveland,USDA GARBANZO BEANS,Dry Dry Dry Dry Proteins
440,182109,4449,W-115,White County Food Pantry,484713,,FP/GNAP/USDA,FOOD PANTRY-Agency,USDA,F-50-90445,6,0,0,24.6,246,WHITE,0.1,6/21/2024 9:00,6/21/2024 9:14,Price Code 1,CUSTOMER PICKUP,False,Rabun Warehouse,02,30528.0,Cleveland,USDA FULLY COOKED PULLED PORK CCC,Frozen Frozen Frozen Frozen Proteins
440,172511,8783,W-115,White County Food Pantry,476142,,FP/GNAP/USDA,FOOD PANTRY-Agency,USDA,N-50-10308,8,0,0,33.12,184,WHITE,0.18,1/9/2024 15:37,1/11/2024 8:03,Price Code 1,CUSTOMER PICKUP,False,Rabun Warehouse,02,30528.0,Cleveland,USDA RAISINS,Dry Dry Dry Dry Fruits
440,181310,8970,W-115,White County Food Pantry,FAIMPORT483914,,FP/GNAP/USDA,FOOD PANTRY-Agency,BLUE RECEIPT-SHL,MCW-16-10001,40,0,0,0.0,40,WHITE,0.0,5/20/2024 0:00,5/20/2024 0:00,Price Code 1,CUSTOMER PICKUP,False,Food Bank of Northeast Georgia,01,30528.0,Cleveland,"MISC. FOOD BOX, SHL RETAIL PICKUP",Dry Dry Dry Dry Food Misc.
440,173026,4555,W-115,White County Food Pantry,476656,,FP/GNAP/USDA,FOOD PANTRY-Agency,USDA,F-50-90042,10,0,0,72.0,400,WHITE,0.18,1/22/2024 0:00,1/22/2024 9:09,Price Code 1,CUSTOMER PICKUP,False,Rabun Warehouse,02,30528.0,Cleveland,USDA CHICKEN DRUMSTICKS CCC,Frozen Frozen Frozen Frozen Proteins
985,179187,8970,R-133,Revivalist International Ministries,FAIMPORT481800,,FOOD PANTRY,FOOD PANTRY-Agency,BLUE RECEIPT-SHL,MCW-16-10001,42,0,0,0.0,42,WHITE,0.0,4/16/2024 0:00,4/16/2024 0:00,Price Code 1,CONTACT FOR DELIVERY,False,Food Bank of Northeast Georgia,01,30528.0,Cleveland,"MISC. FOOD BOX, SHL RETAIL PICKUP",Dry Dry Dry Dry Food Misc.
440,175653,7061,W-115,White County Food Pantry,478281,,FP/GNAP/USDA,FOOD PANTRY-Agency,USDA,C-50-10021,4,0,0,16.8,168,WHITE,0.1,2/20/2024 15:37,2/20/2024 8:09,Price Code 1,CUSTOMER PICKUP,False,Rabun Warehouse,02,30528.0,Cleveland,USDA FRESH ORANGES,Cooled Cooled Cooled Cooled Fruits
587,176312,4449,S-139,Shoal Creek Baptist Church,478937,,FP/USDA,FOOD PANTRY-Agency,USDA,F-50-90445,10,0,0,41.0,410,WHITE,0.1,3/12/2024 9:57,3/12/2024 11:35,Price Code 1,CUSTOMER PICKUP,False,Rabun Warehouse,02,30528.0,Cleveland,USDA FULLY COOKED PULLED PORK CCC,Frozen Frozen Frozen Frozen Proteins
555,177033,1521,H-151,Helen First Baptist Church,479655,,FP/USDA,MOBILE PANTRY-Agency,USDA,N-50-10104,13,0,0,0.0,325,WHITE,0.0,3/15/2024 9:00,3/18/2024 11:04,Price Code 1,CUSTOMER PICKUP,False,Rabun Warehouse,02,30545.0,Helen,USDA LENTIL BEANS,Dry Dry Dry Dry Proteins
555,175675,8720,H-151,Helen First Baptist Church,478303,,FP/USDA,MOBILE PANTRY-Agency,USDA,N-50-10305,26,0,0,0.0,364,WHITE,0.0,2/16/2024 9:00,2/20/2024 15:54,Price Code 1,TRUCK 2 MOBILE PANTRY,False,Rabun Warehouse,02,30545.0,Helen,USDA MIXED VegetablesCCC,Dry Dry Dry Dry Vegetables
985,182356,8975,R-133,Revivalist International Ministries,FAIMPORT484960,,FOOD PANTRY,FOOD PANTRY-Agency,BLUE RECEIPT-SHL,MCC-07-10001,96,0,0,0.0,96,WHITE,0.0,6/13/2024 0:00,6/13/2024 0:00,Price Code 1,CONTACT FOR DELIVERY,False,Food Bank of Northeast Georgia,01,30528.0,Cleveland,"DAIRY PRODUCTS, SHL RETAIL PICKUPS",Dry Dry Dry Dry Dairy
985,180627,8970,R-133,Revivalist International Ministries,FAIMPORT483233,,FOOD PANTRY,FOOD PANTRY-Agency,BLUE RECEIPT-SHL,MCW-16-10001,15,0,0,0.0,15,WHITE,0.0,5/9/2024 0:00,5/9/2024 0:00,Price Code 1,CONTACT FOR DELIVERY,False,Food Bank of Northeast Georgia,01,30528.0,Cleveland,"MISC. FOOD BOX, SHL RETAIL PICKUP",Dry Dry Dry Dry Food Misc.
564,181775,9087,F2KWHITE,Food 2 Kids White County,484379,,FEED SITE,DIRECT ASSISTANCE-Agency,GNAP,N-40-10290,5,0,0,0.0,130,WHITE,0.0,6/6/2024 9:00,6/27/2024 10:02,Price Code 1,CONTACT FOR DELIVERY,False,Food Bank of Northeast Georgia,01,30607.0,Athens,GNAP SHELF STABLE 1% MILK,Dry Dry Dry Dry Dairy
655,175268,7061,H-153,His Hands and Feet Ministries,477897,,FP/USDA,FOOD PANTRY-Agency,USDA,C-50-10021,54,0,0,0.0,2268,WHITE,0.0,2/7/2024 11:38,2/8/2024 15:45,Price Code 1,TRUCK 2 MOBILE PANTRY,False,Rabun Warehouse,02,30528.0,Cleveland,USDA FRESH ORANGES,Cooled Cooled Cooled Cooled Fruits
655,178320,1791,H-153,His Hands and Feet Ministries,480936,,FP/USDA,FOOD PANTRY-Agency,USDA,N-50-10079,13,0,0,0.0,338,WHITE,0.0,4/11/2024 11:38,4/11/2024 11:05,Price Code 1,CUSTOMER PICKUP,False,Rabun Warehouse,02,30528.0,Cleveland,USDA WALNUT HALVES AND PIECES,Dry Dry Dry Dry Proteins
587,180496,4411,S-139,Shoal Creek Baptist Church,483102,,FP/USDA,FOOD PANTRY-Agency,USDA,F-50-90465,20,0,0,75.6,420,WHITE,0.18,5/14/2024 11:00,5/14/2024 11:03,Price Code 1,CUSTOMER PICKUP,False,Rabun Warehouse,02,30528.0,Cleveland,USDA WILD CAUGHT GULF SHRIMP,Frozen Frozen Frozen Frozen Proteins
555,173159,4788,H-151,Helen First Baptist Church,476789,,FP/USDA,MOBILE PANTRY-Agency,USDA,F-50-90039,30,0,0,0.0,1200,WHITE,0.0,1/19/2024 9:00,1/22/2024 9:23,Price Code 1,CUSTOMER PICKUP,False,Rabun Warehouse,02,30545.0,Helen,USDA CATFISH FILLETS CCC,Frozen Frozen Frozen Frozen Proteins
440,173867,8914,W-115,White County Food Pantry,477496,,FP/GNAP/USDA,FOOD PANTRY-Agency,USDA,N-50-10310,20,0,0,97.2,540,WHITE,0.18,2/6/2024 15:37,2/6/2024 8:11,Price Code 1,CUSTOMER PICKUP,False,Rabun Warehouse,02,30528.0,Cleveland,USDA DICED POTATOES,Dry Dry Dry Dry Potatoes
587,172124,170,S-139,Shoal Creek Baptist Church,475755,,FP/USDA,FOOD PANTRY-Agency,USDA,N-50-10007,10,0,0,50.4,280,WHITE,0.18,1/16/2024 11:00,1/16/2024 10:51,Price Code 1,CUSTOMER PICKUP,False,Rabun Warehouse,02,30528.0,Cleveland,"USDA CORN, WHOLE KERNEL NO SALT",Dry Dry Dry Dry Vegetables
655,180320,8690,H-153,His Hands and Feet Ministries,482926,,FP/USDA,FOOD PANTRY-Agency,USDA,N-50-10302,26,0,0,0.0,364,WHITE,0.0,5/9/2024 11:38,5/9/2024 14:11,Price Code 1,CUSTOMER PICKUP,False,Rabun Warehouse,02,30528.0,Cleveland,USDA GREEN BEANS CCC,Dry Dry Dry Dry Vegetables
440,173026,7082,W-115,White County Food Pantry,476656,,FP/GNAP/USDA,FOOD PANTRY-Agency,USDA,C-50-10033,15,0,0,0.0,180,WHITE,0.0,1/22/2024 0:00,1/22/2024 9:09,Price Code 1,CUSTOMER PICKUP,False,Rabun Warehouse,02,30528.0,Cleveland,USDA SHREDDED YELLOW CHEDDAR CHEESE CCC,Cooled Cooled Cooled Cooled Dairy
440,180029,9035,W-115,White County Food Pantry,482637,,FP/GNAP/USDA,FOOD PANTRY-Agency,GNAP,N-40-10272,40,0,0,0.0,560,WHITE,0.0,5/7/2024 8:00,5/7/2024 7:41,Price Code 1,CUSTOMER PICKUP,False,Rabun Warehouse,02,30528.0,Cleveland,GNAP MACARONI O'S W/ BEEF - EZ OPEN,Dry Dry Dry Dry Prepared Meals
587,178766,800,S-139,Shoal Creek Baptist Church,481380,,FP/USDA,FOOD PANTRY-Agency,USDA,N-50-10065,10,0,0,48.6,270,WHITE,0.18,4/15/2024 9:57,4/16/2024 11:11,Price Code 1,CUSTOMER PICKUP,False,Rabun Warehouse,02,30528.0,Cleveland,USDA APPLESAUCE,Dry Dry Dry Dry Fruits
813,178259,50,J-111,The Jericho House,480875,,ON PREMISES (OP),REHAB-Agency,LOCAL - LL,W-16-10002,75,0,0,13.5,75,WHITE,0.18,4/3/2024 11:09,4/3/2024 14:40,Price Code 1,CUSTOMER PICKUP,False,Sharing Floor Athens,01-SH,30571.0,Sautee - Nacoochee,MISC. FOOD BOX LL,Dry Dry Dry Dry Food Misc.
813,178991,690,J-111,The Jericho House,481605,,ON PREMISES (OP),REHAB-Agency,BLUE RECEIPT-SHL,W-03-10013,347,0,0,0.0,347,WHITE,0.0,4/15/2024 11:09,4/15/2024 14:09,Price Code 1,CUSTOMER PICKUP,False,Sharing Floor Athens,01-SH,30571.0,Sautee - Nacoochee,"ASSORTED BEVERAGES, SHL",Dry Dry Dry Dry Beverages
440,177679,8690,W-115,White County Food Pantry,480299,,FP/GNAP/USDA,FOOD PANTRY-Agency,USDA,N-50-10302,20,0,0,50.4,280,WHITE,0.18,3/26/2024 15:37,3/26/2024 8:10,Price Code 1,CUSTOMER PICKUP,False,Rabun Warehouse,02,30528.0,Cleveland,USDA GREEN BEANS CCC,Dry Dry Dry Dry Vegetables
555,182061,1674,H-151,Helen First Baptist Church,484665,,FP/USDA,MOBILE PANTRY-Agency,USDA,N-50-10073,13,0,0,0.0,351,WHITE,0.0,6/14/2024 9:00,6/20/2024 16:12,Price Code 1,CUSTOMER PICKUP,False,Rabun Warehouse,02,30545.0,Helen,USDA TOMATO SAUCE,Dry Dry Dry Dry Vegetables
440,182109,2202,W-115,White County Food Pantry,484713,,FP/GNAP/USDA,FOOD PANTRY-Agency,USDA,N-50-10240,6,0,0,23.76,132,WHITE,0.18,6/21/2024 9:00,6/21/2024 9:14,Price Code 1,CUSTOMER PICKUP,False,Rabun Warehouse,02,30528.0,Cleveland,USDA SPAGHETTI,Dry Dry Dry Dry Grains
655,177031,1521,H-153,His Hands and Feet Ministries,479653,,FP/USDA,FOOD PANTRY-Agency,USDA,N-50-10104,13,0,0,0.0,325,WHITE,0.0,3/14/2024 11:38,3/15/2024 9:06,Price Code 1,CUSTOMER PICKUP,False,Rabun Warehouse,02,30528.0,Cleveland,USDA LENTIL BEANS,Dry Dry Dry Dry Proteins
813,182534,690,J-111,The Jericho House,485137,,ON PREMISES (OP),REHAB-Agency,BLUE RECEIPT-SHL,W-03-10013,311,0,0,0.0,311,WHITE,0.0,6/24/2024 11:09,6/24/2024 14:33,Price Code 1,CUSTOMER PICKUP,False,Sharing Floor Athens,01-SH,30571.0,Sautee - Nacoochee,"ASSORTED BEVERAGES, SHL",Dry Dry Dry Dry Beverages
813,176639,5407,J-111,The Jericho House,479262,,ON PREMISES (OP),REHAB-Agency,BLUE RECEIPT-SHL,F-15-10000,242,0,0,43.56,242,WHITE,0.18,3/4/2024 11:09,3/4/2024 14:28,Price Code 1,CUSTOMER PICKUP,False,Sharing Floor Athens,01-SH,30571.0,Sautee - Nacoochee,"MEAT & SEAFOOD, FROZEN SHL",Frozen Frozen Frozen Frozen Proteins
440,180308,3217,W-115,White County Food Pantry,482914,,FP/GNAP/USDA,FOOD PANTRY-Agency,GNAP,N-40-10222,20,0,0,0.0,200,WHITE,0.0,5/14/2024 8:00,5/14/2024 7:33,Price Code 1,CUSTOMER PICKUP,False,Rabun Warehouse,02,30528.0,Cleveland,GNAP BEEF PASTA DINNER POUCH,Dry Dry Dry Dry Prepared Meals
655,182060,6676,H-153,His Hands and Feet Ministries,484664,,FP/USDA,FOOD PANTRY-Agency,USDA,C-50-10009,49,0,0,0.0,2205,WHITE,0.0,6/13/2024 11:38,6/13/2024 9:06,Price Code 1,CUSTOMER PICKUP,False,Rabun Warehouse,02,30528.0,Cleveland,"USDA APPLES, FRESH",Cooled Cooled Cooled Cooled Fruits
555,180698,1521,H-151,Helen First Baptist Church,483304,,FP/USDA,MOBILE PANTRY-Agency,USDA,N-50-10104,13,0,0,0.0,325,WHITE,0.0,5/17/2024 9:00,5/17/2024 7:20,Price Code 1,CUSTOMER PICKUP,False,Rabun Warehouse,02,30545.0,Helen,USDA LENTIL BEANS,Dry Dry Dry Dry Proteins
440,182109,4327,W-115,White County Food Pantry,484713,,FP/GNAP/USDA,FOOD PANTRY-Agency,USDA,N-50-10277,6,0,0,29.16,162,WHITE,0.18,6/21/2024 9:00,6/21/2024 9:14,Price Code 1,CUSTOMER PICKUP,False,Rabun Warehouse,02,30528.0,Cleveland,USDA GARBANZO BEANS,Dry Dry Dry Dry Proteins
587,173871,8783,S-139,Shoal Creek Baptist Church,477500,,FP/USDA,FOOD PANTRY-Agency,USDA,N-50-10308,5,0,0,20.7,115,WHITE,0.18,2/2/2024 9:57,2/13/2024 11:41,Price Code 1,CUSTOMER PICKUP,False,Rabun Warehouse,02,30528.0,Cleveland,USDA RAISINS,Dry Dry Dry Dry Fruits
587,177139,683,S-139,Shoal Creek Baptist Church,479760,,FP/USDA,FOOD PANTRY-Agency,BLUE RECEIPT-SHL,W-16-10001,73,0,0,13.14,73,WHITE,0.18,3/12/2024 9:57,3/12/2024 11:48,Price Code 1,CUSTOMER PICKUP,False,Sharing Floor Rabun,02-SH,30528.0,Cleveland,MISC. FOOD BOX SHL,Dry Dry Dry Dry Food Misc.
564,181775,9088,F2KWHITE,Food 2 Kids White County,484379,,FEED SITE,DIRECT ASSISTANCE-Agency,GNAP,N-40-10291,2,0,0,0.0,28,WHITE,0.0,6/6/2024 9:00,6/27/2024 10:02,Price Code 1,CONTACT FOR DELIVERY,False,Food Bank of Northeast Georgia,01,30607.0,Athens,GNAP MOUNTAIN DRIED FRUIT BLEND,Dry Dry Dry Dry Fruits
655,180320,4715,H-153,His Hands and Feet Ministries,482926,,FP/USDA,FOOD PANTRY-Agency,USDA,F-50-90461,18,0,0,0.0,720,WHITE,0.0,5/9/2024 11:38,5/9/2024 14:11,Price Code 1,CUSTOMER PICKUP,False,Rabun Warehouse,02,30528.0,Cleveland,USDA ALASKAN POLLACK FISH FILLETS,Frozen Frozen Frozen Frozen Proteins
813,179768,235,J-111,The Jericho House,482381,,ON PREMISES (OP),REHAB-Agency,LOCAL - LL,W-03-10012,198,0,0,0.0,198,WHITE,0.0,4/29/2024 11:09,4/29/2024 14:12,Price Code 1,CUSTOMER PICKUP,False,Sharing Floor Athens,01-SH,30571.0,Sautee - Nacoochee,"ASSORTED BEVERAGES, LL",Dry Dry Dry Dry Beverages
555,175675,6786,H-151,Helen First Baptist Church,478303,,FP/USDA,MOBILE PANTRY-Agency,LOCAL - LL,C-28-90215,40,0,0,0.0,2000,WHITE,0.0,2/16/2024 9:00,2/20/2024 15:54,Price Code 1,TRUCK 2 MOBILE PANTRY,False,Rabun Warehouse,02,30545.0,Helen,"POTATOES, RUSSET",Cooled Cooled Cooled Cooled Potatoes
440,177865,8986,W-115,White County Food Pantry,FAIMPORT480484,,FP/GNAP/USDA,FOOD PANTRY-Agency,BLUE RECEIPT-SHL,MCW-01-10001,18,0,0,0.0,18,WHITE,0.0,3/25/2024 0:00,3/25/2024 0:00,Price Code 1,CUSTOMER PICKUP,False,Food Bank of Northeast Georgia,01,30528.0,Cleveland,"NON-FOOD ITEMS, SHL RETAIL PICKUPS",Dry Dry Dry Dry Non-Food Misc.
555,179124,800,H-151,Helen First Baptist Church,481737,,FP/USDA,MOBILE PANTRY-Agency,USDA,N-50-10065,13,0,0,0.0,351,WHITE,0.0,4/19/2024 9:00,4/22/2024 8:50,Price Code 1,CUSTOMER PICKUP,False,Rabun Warehouse,02,30545.0,Helen,USDA APPLESAUCE,Dry Dry Dry Dry Fruits
440,179582,84,W-115,White County Food Pantry,482195,,FP/GNAP/USDA,FOOD PANTRY-Agency,USDA,N-50-10006,6,0,0,29.16,162,WHITE,0.18,4/30/2024 15:37,4/30/2024 8:30,Price Code 1,CUSTOMER PICKUP,False,Rabun Warehouse,02,30528.0,Cleveland,USDA GREEN BEANS,Dry Dry Dry Dry Vegetables
440,175537,4422,W-115,White County Food Pantry,478166,,FP/GNAP/USDA,FOOD PANTRY-Agency,USDA,F-50-90452,42,0,0,80.64,1344,WHITE,0.06,2/13/2024 15:37,2/13/2024 8:32,Price Code 1,CUSTOMER PICKUP,False,Food Bank of Northeast Georgia,01,30528.0,Cleveland,USDA PORK LOIN BONELESS ROAST,Frozen Frozen Frozen Frozen Proteins
813,176639,5938,J-111,The Jericho House,479262,,ON PREMISES (OP),REHAB-Agency,BLUE RECEIPT-SHL,C-28-10001,4,0,0,0.12,4,WHITE,0.03,3/4/2024 11:09,3/4/2024 14:28,Price Code 1,CUSTOMER PICKUP,False,Sharing Floor Athens,01-SH,30571.0,Sautee - Nacoochee,"PRODUCE, FRESH SHL",Cooled Cooled Cooled Cooled Mixed Produce
440,173026,8906,W-115,White County Food Pantry,476656,,FP/GNAP/USDA,FOOD PANTRY-Agency,GNAP,N-40-10266,12,0,0,24.0,240,WHITE,0.1,1/22/2024 0:00,1/22/2024 9:09,Price Code 1,CUSTOMER PICKUP,False,Rabun Warehouse,02,30528.0,Cleveland,GNAP SPAGHETTI,Dry Dry Dry Dry Grains
587,178766,2202,S-139,Shoal Creek Baptist Church,481380,,FP/USDA,FOOD PANTRY-Agency,USDA,N-50-10240,20,0,0,79.2,440,WHITE,0.18,4/15/2024 9:57,4/16/2024 11:11,Price Code 1,CUSTOMER PICKUP,False,Rabun Warehouse,02,30528.0,Cleveland,USDA SPAGHETTI,Dry Dry Dry Dry Grains
440,176231,84,W-115,White County Food Pantry,478857,,FP/GNAP/USDA,FOOD PANTRY-Agency,USDA,N-50-10006,12,0,0,58.32,324,WHITE,0.18,3/5/2024 15:37,3/5/2024 7:06,Price Code 1,CUSTOMER PICKUP,False,Rabun Warehouse,02,30528.0,Cleveland,USDA GREEN BEANS,Dry Dry Dry Dry Vegetables
813,178991,5938,J-111,The Jericho House,481605,,ON PREMISES (OP),REHAB-Agency,BLUE RECEIPT-SHL,C-28-10001,238,0,0,7.14,238,WHITE,0.03,4/15/2024 11:09,4/15/2024 14:09,Price Code 1,CUSTOMER PICKUP,False,Sharing Floor Athens,01-SH,30571.0,Sautee - Nacoochee,"PRODUCE, FRESH SHL",Cooled Cooled Cooled Cooled Mixed Produce
985,181520,8970,R-133,Revivalist International Ministries,FAIMPORT484124,,FOOD PANTRY,FOOD PANTRY-Agency,BLUE RECEIPT-SHL,MCW-16-10001,7,0,0,0.0,7,WHITE,0.0,5/23/2024 0:00,5/23/2024 0:00,Price Code 1,CONTACT FOR DELIVERY,False,Food Bank of Northeast Georgia,01,30528.0,Cleveland,"MISC. FOOD BOX, SHL RETAIL PICKUP",Dry Dry Dry Dry Food Misc.
555,177033,7059,H-151,Helen First Baptist Church,479655,,FP/USDA,MOBILE PANTRY-Agency,USDA,C-50-10019,45,0,0,0.0,1620,WHITE,0.0,3/15/2024 9:00,3/18/2024 11:04,Price Code 1,CUSTOMER PICKUP,False,Rabun Warehouse,02,30545.0,Helen,USDA 2% MILK CCC,Cooled Cooled Cooled Cooled Dairy
440,173867,8783,W-115,White County Food Pantry,477496,,FP/GNAP/USDA,FOOD PANTRY-Agency,USDA,N-50-10308,6,0,0,24.84,138,WHITE,0.18,2/6/2024 15:37,2/6/2024 8:11,Price Code 1,CUSTOMER PICKUP,False,Rabun Warehouse,02,30528.0,Cleveland,USDA RAISINS,Dry Dry Dry Dry Fruits
555,182061,4269,H-151,Helen First Baptist Church,484665,,FP/USDA,MOBILE PANTRY-Agency,USDA,N-50-10273,13,0,0,0.0,312,WHITE,0.0,6/14/2024 9:00,6/20/2024 16:12,Price Code 1,CUSTOMER PICKUP,False,Rabun Warehouse,02,30545.0,Helen,USDA DRY NAVY BEANS CCC,Dry Dry Dry Dry Proteins
440,175653,3943,W-115,White County Food Pantry,478281,,FP/GNAP/USDA,FOOD PANTRY-Agency,USDA,N-50-10268,20,0,0,22.8,760,WHITE,0.03,2/20/2024 15:37,2/20/2024 8:09,Price Code 1,CUSTOMER PICKUP,False,Rabun Warehouse,02,30528.0,Cleveland,USDA APPLE JUICE,Dry Dry Dry Dry Beverages
440,180029,7153,W-115,White County Food Pantry,482637,,FP/GNAP/USDA,FOOD PANTRY-Agency,GNAP,N-40-10234,40,0,0,0.0,520,WHITE,0.0,5/7/2024 8:00,5/7/2024 7:41,Price Code 1,CUSTOMER PICKUP,False,Rabun Warehouse,02,30528.0,Cleveland,GNAP BAKED BEANS,Dry Dry Dry Dry Proteins
555,175675,8783,H-151,Helen First Baptist Church,478303,,FP/USDA,MOBILE PANTRY-Agency,USDA,N-50-10308,13,0,0,0.0,299,WHITE,0.0,2/16/2024 9:00,2/20/2024 15:54,Price Code 1,TRUCK 2 MOBILE PANTRY,False,Rabun Warehouse,02,30545.0,Helen,USDA RAISINS,Dry Dry Dry Dry Fruits
813,175145,683,J-111,The Jericho House,477774,,ON PREMISES (OP),REHAB-Agency,BLUE RECEIPT-SHL,W-16-10001,166,0,0,29.88,166,WHITE,0.18,2/5/2024 11:09,2/5/2024 14:34,Price Code 1,CUSTOMER PICKUP,False,Sharing Floor Athens,01-SH,30571.0,Sautee - Nacoochee,MISC. FOOD BOX SHL,Dry Dry Dry Dry Food Misc.
440,177679,170,W-115,White County Food Pantry,480299,,FP/GNAP/USDA,FOOD PANTRY-Agency,USDA,N-50-10007,10,0,0,50.4,280,WHITE,0.18,3/26/2024 15:37,3/26/2024 8:10,Price Code 1,CUSTOMER PICKUP,False,Rabun Warehouse,02,30528.0,Cleveland,"USDA CORN, WHOLE KERNEL NO SALT",Dry Dry Dry Dry Vegetables
555,182061,4327,H-151,Helen First Baptist Church,484665,,FP/USDA,MOBILE PANTRY-Agency,USDA,N-50-10277,13,0,0,0.0,351,WHITE,0.0,6/14/2024 9:00,6/20/2024 16:12,Price Code 1,CUSTOMER PICKUP,False,Rabun Warehouse,02,30545.0,Helen,USDA GARBANZO BEANS,Dry Dry Dry Dry Proteins
985,180627,8975,R-133,Revivalist International Ministries,FAIMPORT483233,,FOOD PANTRY,FOOD PANTRY-Agency,BLUE RECEIPT-SHL,MCC-07-10001,69,0,0,0.0,69,WHITE,0.0,5/9/2024 0:00,5/9/2024 0:00,Price Code 1,CONTACT FOR DELIVERY,False,Food Bank of Northeast Georgia,01,30528.0,Cleveland,"DAIRY PRODUCTS, SHL RETAIL PICKUPS",Dry Dry Dry Dry Dairy
555,173159,170,H-151,Helen First Baptist Church,476789,,FP/USDA,MOBILE PANTRY-Agency,USDA,N-50-10007,13,0,0,0.0,364,WHITE,0.0,1/19/2024 9:00,1/22/2024 9:23,Price Code 1,CUSTOMER PICKUP,False,Rabun Warehouse,02,30545.0,Helen,"USDA CORN, WHOLE KERNEL NO SALT",Dry Dry Dry Dry Vegetables
587,172973,3868,S-139,Shoal Creek Baptist Church,476603,,FP/USDA,FOOD PANTRY-Agency,USDA,N-50-10267,10,0,0,72.0,400,WHITE,0.18,1/16/2024 9:57,1/16/2024 10:53,Price Code 1,CUSTOMER PICKUP,False,Rabun Warehouse,02,30528.0,Cleveland,USDA ALL PURPOSE FLOUR,Dry Dry Dry Dry Grains
813,175145,683,J-111,The Jericho House,477774,,ON PREMISES (OP),REHAB-Agency,BLUE RECEIPT-SHL,W-16-10001,15,0,0,0.0,15,WHITE,0.0,2/5/2024 11:09,2/5/2024 14:34,Price Code 1,CUSTOMER PICKUP,False,Sharing Floor Athens,01-SH,30571.0,Sautee - Nacoochee,MISC. FOOD BOX SHL,Dry Dry Dry Dry Food Misc.
985,181706,8971,R-133,Revivalist International Ministries,FAIMPORT484310,,FOOD PANTRY,FOOD PANTRY-Agency,BLUE RECEIPT-SHL,MCF-16-10001,4,0,0,0.0,4,WHITE,0.0,5/30/2024 0:00,5/30/2024 0:00,Price Code 1,CONTACT FOR DELIVERY,False,Food Bank of Northeast Georgia,01,30528.0,Cleveland,"FROZEN FOODS, MISC SHL RETAIL PICKUP",Dry Dry Dry Dry Food Misc.
440,178069,1047,W-115,White County Food Pantry,480688,,FP/GNAP/USDA,FOOD PANTRY-Agency,USDA,N-50-10041,10,0,0,88.2,490,WHITE,0.18,4/9/2024 15:37,4/9/2024 7:44,Price Code 1,CUSTOMER PICKUP,False,Rabun Warehouse,02,30528.0,Cleveland,USDA RICE,Dry Dry Dry Dry Grains
813,179768,5407,J-111,The Jericho House,482381,,ON PREMISES (OP),REHAB-Agency,BLUE RECEIPT-SHL,F-15-10000,108,0,0,19.44,108,WHITE,0.18,4/29/2024 11:09,4/29/2024 14:12,Price Code 1,CUSTOMER PICKUP,False,Sharing Floor Athens,01-SH,30571.0,Sautee - Nacoochee,"MEAT & SEAFOOD, FROZEN SHL",Frozen Frozen Frozen Frozen Proteins
655,175268,170,H-153,His Hands and Feet Ministries,477897,,FP/USDA,FOOD PANTRY-Agency,USDA,N-50-10007,13,0,0,0.0,364,WHITE,0.0,2/7/2024 11:38,2/8/2024 15:45,Price Code 1,TRUCK 2 MOBILE PANTRY,False,Rabun Warehouse,02,30528.0,Cleveland,"USDA CORN, WHOLE KERNEL NO SALT",Dry Dry Dry Dry Vegetables
655,178320,4327,H-153,His Hands and Feet Ministries,480936,,FP/USDA,FOOD PANTRY-Agency,USDA,N-50-10277,13,0,0,0.0,351,WHITE,0.0,4/11/2024 11:38,4/11/2024 11:05,Price Code 1,CUSTOMER PICKUP,False,Rabun Warehouse,02,30528.0,Cleveland,USDA GARBANZO BEANS,Dry Dry Dry Dry Proteins
813,182534,5938,J-111,The Jericho House,485137,,ON PREMISES (OP),REHAB-Agency,BLUE RECEIPT-SHL,C-28-10001,60,0,0,1.8,60,WHITE,0.03,6/24/2024 11:09,6/24/2024 14:33,Price Code 1,CUSTOMER PICKUP,False,Sharing Floor Athens,01-SH,30571.0,Sautee - Nacoochee,"PRODUCE, FRESH SHL",Cooled Cooled Cooled Cooled Mixed Produce
564,181775,9042,F2KWHITE,Food 2 Kids White County,484379,,FEED SITE,DIRECT ASSISTANCE-Agency,GNAP,F-40-90059,5,0,0,0.0,120,WHITE,0.0,6/6/2024 9:00,6/27/2024 10:02,Price Code 1,CONTACT FOR DELIVERY,False,Food Bank of Northeast Georgia,01,30607.0,Athens,GNAP GROUND TURKEY CHUB 85/15,Frozen Frozen Frozen Frozen Proteins
655,178320,842,H-153,His Hands and Feet Ministries,480936,,FP/USDA,FOOD PANTRY-Agency,USDA,N-50-10021,13,0,0,0.0,351,WHITE,0.0,4/11/2024 11:38,4/11/2024 11:05,Price Code 1,CUSTOMER PICKUP,False,Rabun Warehouse,02,30528.0,Cleveland,USDA DICED TOMATOES NO SALT CCC,Dry Dry Dry Dry Vegetables
440,173026,1481,W-115,White County Food Pantry,476656,,FP/GNAP/USDA,FOOD PANTRY-Agency,USDA,N-50-10105,10,0,0,30.6,170,WHITE,0.18,1/22/2024 0:00,1/22/2024 9:09,Price Code 1,CUSTOMER PICKUP,False,Rabun Warehouse,02,30528.0,Cleveland,USDA DRIED CHERRIES CCC,Dry Dry Dry Dry Fruits
985,182209,5388,R-133,Revivalist International Ministries,484813,,FOOD PANTRY,FOOD PANTRY-Agency,BLUE RECEIPT-SHL,F-16-10001,50,0,0,9.0,50,WHITE,0.18,6/14/2024 9:58,6/14/2024 10:00,Price Code 1,CONTACT FOR DELIVERY,False,Sharing Floor Rabun,02-SH,30528.0,Cleveland,"ASSORTED FROZEN FOODS, SHL",Frozen Frozen Frozen Frozen Food Misc.
655,180320,800,H-153,His Hands and Feet Ministries,482926,,FP/USDA,FOOD PANTRY-Agency,USDA,N-50-10065,13,0,0,0.0,351,WHITE,0.0,5/9/2024 11:38,5/9/2024 14:11,Price Code 1,CUSTOMER PICKUP,False,Rabun Warehouse,02,30528.0,Cleveland,USDA APPLESAUCE,Dry Dry Dry Dry Fruits
655,175268,7082,H-153,His Hands and Feet Ministries,477897,,FP/USDA,FOOD PANTRY-Agency,USDA,C-50-10033,52,0,0,0.0,624,WHITE,0.0,2/7/2024 11:38,2/8/2024 15:45,Price Code 1,TRUCK 2 MOBILE PANTRY,False,Rabun Warehouse,02,30528.0,Cleveland,USDA SHREDDED YELLOW CHEDDAR CHEESE CCC,Cooled Cooled Cooled Cooled Dairy
587,177139,688,S-139,Shoal Creek Baptist Church,479760,,FP/USDA,FOOD PANTRY-Agency,BLUE RECEIPT-SHL,W-01-10000,3,0,0,0.54,3,WHITE,0.18,3/12/2024 9:57,3/12/2024 11:48,Price Code 1,CUSTOMER PICKUP,False,Sharing Floor Rabun,02-SH,30528.0,Cleveland,"ASSORTED NON-FOOD ITEMS, SHL",Dry Dry Dry Dry Non-Food Misc.
813,178259,6786,J-111,The Jericho House,480875,,ON PREMISES (OP),REHAB-Agency,LOCAL - LL,C-28-90215,1,0,0,2.5,50,WHITE,0.05,4/3/2024 11:09,4/3/2024 14:40,Price Code 1,CUSTOMER PICKUP,False,Sharing Floor Athens,01-SH,30571.0,Sautee - Nacoochee,"POTATOES, RUSSET",Cooled Cooled Cooled Cooled Potatoes
440,181311,8986,W-115,White County Food Pantry,FAIMPORT483915,,FP/GNAP/USDA,FOOD PANTRY-Agency,BLUE RECEIPT-SHL,MCW-01-10001,36,0,0,0.0,36,WHITE,0.0,5/20/2024 0:00,5/20/2024 0:00,Price Code 1,CUSTOMER PICKUP,False,Food Bank of Northeast Georgia,01,30528.0,Cleveland,"NON-FOOD ITEMS, SHL RETAIL PICKUPS",Dry Dry Dry Dry Non-Food Misc.
587,172124,84,S-139,Shoal Creek Baptist Church,475755,,FP/USDA,FOOD PANTRY-Agency,USDA,N-50-10006,5,0,0,24.3,135,WHITE,0.18,1/16/2024 11:00,1/16/2024 10:51,Price Code 1,CUSTOMER PICKUP,False,Rabun Warehouse,02,30528.0,Cleveland,USDA GREEN BEANS,Dry Dry Dry Dry Vegetables
985,172995,683,R-133,Revivalist International Ministries,476625,,FOOD PANTRY,FOOD PANTRY-Agency,BLUE RECEIPT-SHL,W-16-10001,117,0,0,21.06,117,WHITE,0.18,1/12/2024 10:07,1/12/2024 10:26,Price Code 1,CONTACT FOR DELIVERY,False,Sharing Floor Rabun,02-SH,30528.0,Cleveland,MISC. FOOD BOX SHL,Dry Dry Dry Dry Food Misc.
440,173867,842,W-115,White County Food Pantry,477496,,FP/GNAP/USDA,FOOD PANTRY-Agency,USDA,N-50-10021,20,0,0,97.2,540,WHITE,0.18,2/6/2024 15:37,2/6/2024 8:11,Price Code 1,CUSTOMER PICKUP,False,Rabun Warehouse,02,30528.0,Cleveland,USDA DICED TOMATOES NO SALT CCC,Dry Dry Dry Dry Vegetables
555,179124,8497,H-151,Helen First Baptist Church,481737,,FP/USDA,MOBILE PANTRY-Agency,USDA,C-50-10048,60,0,0,0.0,1920,WHITE,0.0,4/19/2024 9:00,4/22/2024 8:50,Price Code 1,CUSTOMER PICKUP,False,Rabun Warehouse,02,30545.0,Helen,USDA MANDARIN ORANGES,Cooled Cooled Cooled Cooled Fruits
587,178766,1481,S-139,Shoal Creek Baptist Church,481380,,FP/USDA,FOOD PANTRY-Agency,USDA,N-50-10105,10,0,0,30.6,170,WHITE,0.18,4/15/2024 9:57,4/16/2024 11:11,Price Code 1,CUSTOMER PICKUP,False,Rabun Warehouse,02,30528.0,Cleveland,USDA DRIED CHERRIES CCC,Dry Dry Dry Dry Fruits
440,182109,7083,W-115,White County Food Pantry,484713,,FP/GNAP/USDA,FOOD PANTRY-Agency,USDA,C-50-10029,10,0,0,21.6,120,WHITE,0.18,6/21/2024 9:00,6/21/2024 9:14,Price Code 1,CUSTOMER PICKUP,False,Rabun Warehouse,02,30528.0,Cleveland,"USDA MILD CHEDDAR CHEESE, BLOCK CCC",Cooled Cooled Cooled Cooled Dairy
813,176639,683,J-111,The Jericho House,479262,,ON PREMISES (OP),REHAB-Agency,BLUE RECEIPT-SHL,W-16-10001,111,0,0,19.98,111,WHITE,0.18,3/4/2024 11:09,3/4/2024 14:28,Price Code 1,CUSTOMER PICKUP,False,Sharing Floor Athens,01-SH,30571.0,Sautee - Nacoochee,MISC. FOOD BOX SHL,Dry Dry Dry Dry Food Misc.
813,178991,5407,J-111,The Jericho House,481605,,ON PREMISES (OP),REHAB-Agency,BLUE RECEIPT-SHL,F-15-10000,183,0,0,32.94,183,WHITE,0.18,4/15/2024 11:09,4/15/2024 14:09,Price Code 1,CUSTOMER PICKUP,False,Sharing Floor Athens,01-SH,30571.0,Sautee - Nacoochee,"MEAT & SEAFOOD, FROZEN SHL",Frozen Frozen Frozen Frozen Proteins
440,172511,1791,W-115,White County Food Pantry,476142,,FP/GNAP/USDA,FOOD PANTRY-Agency,USDA,N-50-10079,6,0,0,28.08,156,WHITE,0.18,1/9/2024 15:37,1/11/2024 8:03,Price Code 1,CUSTOMER PICKUP,False,Rabun Warehouse,02,30528.0,Cleveland,USDA WALNUT HALVES AND PIECES,Dry Dry Dry Dry Proteins
655,182060,1047,H-153,His Hands and Feet Ministries,484664,,FP/USDA,FOOD PANTRY-Agency,USDA,N-50-10041,13,0,0,0.0,637,WHITE,0.0,6/13/2024 11:38,6/13/2024 9:06,Price Code 1,CUSTOMER PICKUP,False,Rabun Warehouse,02,30528.0,Cleveland,USDA RICE,Dry Dry Dry Dry Grains
440,180308,9047,W-115,White County Food Pantry,482914,,FP/GNAP/USDA,FOOD PANTRY-Agency,GNAP,N-40-10281,20,0,0,0.0,200,WHITE,0.0,5/14/2024 8:00,5/14/2024 7:33,Price Code 1,CUSTOMER PICKUP,False,Rabun Warehouse,02,30528.0,Cleveland,GNAP LASAGNA DINNER ,Dry Dry Dry Dry Prepared Meals
813,175145,1045,J-111,The Jericho House,477774,,ON PREMISES (OP),REHAB-Agency,BLUE RECEIPT-SHL,W-25-10009,16,0,0,2.88,16,WHITE,0.18,2/5/2024 11:09,2/5/2024 14:34,Price Code 1,CUSTOMER PICKUP,False,Sharing Floor Athens,01-SH,30571.0,Sautee - Nacoochee,"ASSORTED SNACK ITEMS, SHL",Dry Dry Dry Dry Food Misc.
440,179582,8690,W-115,White County Food Pantry,482195,,FP/GNAP/USDA,FOOD PANTRY-Agency,USDA,N-50-10302,22,0,0,55.44,308,WHITE,0.18,4/30/2024 15:37,4/30/2024 8:30,Price Code 1,CUSTOMER PICKUP,False,Rabun Warehouse,02,30528.0,Cleveland,USDA GREEN BEANS CCC,Dry Dry Dry Dry Vegetables
655,175268,1481,H-153,His Hands and Feet Ministries,477897,,FP/USDA,FOOD PANTRY-Agency,USDA,N-50-10105,13,0,0,0.0,221,WHITE,0.0,2/7/2024 11:38,2/8/2024 15:45,Price Code 1,TRUCK 2 MOBILE PANTRY,False,Rabun Warehouse,02,30528.0,Cleveland,USDA DRIED CHERRIES CCC,Dry Dry Dry Dry Fruits
655,177031,1481,H-153,His Hands and Feet Ministries,479653,,FP/USDA,FOOD PANTRY-Agency,USDA,N-50-10105,13,0,0,0.0,221,WHITE,0.0,3/14/2024 11:38,3/15/2024 9:06,Price Code 1,CUSTOMER PICKUP,False,Rabun Warehouse,02,30528.0,Cleveland,USDA DRIED CHERRIES CCC,Dry Dry Dry Dry Fruits
440,178834,800,W-115,White County Food Pantry,481448,,FP/GNAP/USDA,FOOD PANTRY-Agency,USDA,N-50-10065,12,0,0,58.32,324,WHITE,0.18,4/16/2024 15:37,4/16/2024 8:02,Price Code 1,CUSTOMER PICKUP,False,Rabun Warehouse,02,30528.0,Cleveland,USDA APPLESAUCE,Dry Dry Dry Dry Fruits
985,182356,8970,R-133,Revivalist International Ministries,FAIMPORT484960,,FOOD PANTRY,FOOD PANTRY-Agency,BLUE RECEIPT-SHL,MCW-16-10001,11,0,0,0.0,11,WHITE,0.0,6/13/2024 0:00,6/13/2024 0:00,Price Code 1,CONTACT FOR DELIVERY,False,Food Bank of Northeast Georgia,01,30528.0,Cleveland,"MISC. FOOD BOX, SHL RETAIL PICKUP",Dry Dry Dry Dry Food Misc.
440,175537,4449,W-115,White County Food Pantry,478166,,FP/GNAP/USDA,FOOD PANTRY-Agency,USDA,F-50-90445,48,0,0,98.4,1968,WHITE,0.05,2/13/2024 15:37,2/13/2024 8:32,Price Code 1,CUSTOMER PICKUP,False,Food Bank of Northeast Georgia,01,30528.0,Cleveland,USDA FULLY COOKED PULLED PORK CCC,Frozen Frozen Frozen Frozen Proteins
587,180496,9025,S-139,Shoal Creek Baptist Church,483102,,FP/USDA,FOOD PANTRY-Agency,YELLOW RECEIPT - SHN,N-11-11072,12,0,0,19.44,108,WHITE,0.18,5/14/2024 11:00,5/14/2024 11:03,Price Code 1,CUSTOMER PICKUP,False,Rabun Warehouse,02,30528.0,Cleveland,MRS BUTTERSWORTHS SMORES PANCAKE KIT,Dry Dry Dry Dry Food Misc.
655,178320,1521,H-153,His Hands and Feet Ministries,480936,,FP/USDA,FOOD PANTRY-Agency,USDA,N-50-10104,13,0,0,0.0,325,WHITE,0.0,4/11/2024 11:38,4/11/2024 11:05,Price Code 1,CUSTOMER PICKUP,False,Rabun Warehouse,02,30528.0,Cleveland,USDA LENTIL BEANS,Dry Dry Dry Dry Proteins
655,172733,4715,H-153,His Hands and Feet Ministries,476364,,FP/USDA,FOOD PANTRY-Agency,USDA,F-50-90461,32,0,0,0.0,1280,WHITE,0.0,1/11/2024 11:38,1/16/2024 9:29,Price Code 1,CUSTOMER PICKUP,False,Rabun Warehouse,02,30528.0,Cleveland,USDA ALASKAN POLLACK FISH FILLETS,Frozen Frozen Frozen Frozen Proteins
655,180320,1521,H-153,His Hands and Feet Ministries,482926,,FP/USDA,FOOD PANTRY-Agency,USDA,N-50-10104,13,0,0,0.0,325,WHITE,0.0,5/9/2024 11:38,5/9/2024 14:11,Price Code 1,CUSTOMER PICKUP,False,Rabun Warehouse,02,30528.0,Cleveland,USDA LENTIL BEANS,Dry Dry Dry Dry Proteins
655,172733,8714,H-153,His Hands and Feet Ministries,476364,,FP/USDA,FOOD PANTRY-Agency,USDA,N-50-10303,13,0,0,0.0,312,WHITE,0.0,1/11/2024 11:38,1/16/2024 9:29,Price Code 1,CUSTOMER PICKUP,False,Rabun Warehouse,02,30528.0,Cleveland,USDA GREEN SPLIT PEAS,Dry Dry Dry Dry Proteins
587,173875,2960,S-139,Shoal Creek Baptist Church,477504,,FP/USDA,FOOD PANTRY-Agency,USDA,N-50-10247,10,0,0,64.8,360,WHITE,0.18,2/13/2024 9:57,2/13/2024 11:42,Price Code 1,CUSTOMER PICKUP,False,Rabun Warehouse,02,30528.0,Cleveland,USDA BEEF STEW POUCHES CCC,Dry Dry Dry Dry Prepared Meals
813,178259,5681,J-111,The Jericho House,480875,,ON PREMISES (OP),REHAB-Agency,LOCAL - LL,C-16-10000,41,0,0,7.38,41,WHITE,0.18,4/3/2024 11:09,4/3/2024 14:40,Price Code 1,CUSTOMER PICKUP,False,Sharing Floor Athens,01-SH,30571.0,Sautee - Nacoochee,"COOLER FOOD, MISC. LL",Cooled Cooled Cooled Cooled Food Misc.
555,182061,2202,H-151,Helen First Baptist Church,484665,,FP/USDA,MOBILE PANTRY-Agency,USDA,N-50-10240,15,0,0,0.0,330,WHITE,0.0,6/14/2024 9:00,6/20/2024 16:12,Price Code 1,CUSTOMER PICKUP,False,Rabun Warehouse,02,30545.0,Helen,USDA SPAGHETTI,Dry Dry Dry Dry Grains
587,177139,5388,S-139,Shoal Creek Baptist Church,479760,,FP/USDA,FOOD PANTRY-Agency,BLUE RECEIPT-SHL,F-16-10001,20,0,0,3.6,20,WHITE,0.18,3/12/2024 9:57,3/12/2024 11:48,Price Code 1,CUSTOMER PICKUP,False,Sharing Floor Rabun,02-SH,30528.0,Cleveland,"ASSORTED FROZEN FOODS, SHL",Frozen Frozen Frozen Frozen Food Misc.
440,177679,4327,W-115,White County Food Pantry,480299,,FP/GNAP/USDA,FOOD PANTRY-Agency,USDA,N-50-10277,10,0,0,48.6,270,WHITE,0.18,3/26/2024 15:37,3/26/2024 8:10,Price Code 1,CUSTOMER PICKUP,False,Rabun Warehouse,02,30528.0,Cleveland,USDA GARBANZO BEANS,Dry Dry Dry Dry Proteins
555,179124,4788,H-151,Helen First Baptist Church,481737,,FP/USDA,MOBILE PANTRY-Agency,USDA,F-50-90039,40,0,0,0.0,1600,WHITE,0.0,4/19/2024 9:00,4/22/2024 8:50,Price Code 1,CUSTOMER PICKUP,False,Rabun Warehouse,02,30545.0,Helen,USDA CATFISH FILLETS CCC,Frozen Frozen Frozen Frozen Proteins
440,181655,3712,W-115,White County Food Pantry,484259,,FP/GNAP/USDA,FOOD PANTRY-Agency,USDA,N-50-10266,10,0,0,48.6,270,WHITE,0.18,6/4/2024 9:00,6/4/2024 8:14,Price Code 1,CUSTOMER PICKUP,False,Rabun Warehouse,02,30528.0,Cleveland,USDA CANNED PINTO BEANS,Dry Dry Dry Dry Proteins
440,177865,8970,W-115,White County Food Pantry,FAIMPORT480484,,FP/GNAP/USDA,FOOD PANTRY-Agency,BLUE RECEIPT-SHL,MCW-16-10001,202,0,0,0.0,202,WHITE,0.0,3/25/2024 0:00,3/25/2024 0:00,Price Code 1,CUSTOMER PICKUP,False,Food Bank of Northeast Georgia,01,30528.0,Cleveland,"MISC. FOOD BOX, SHL RETAIL PICKUP",Dry Dry Dry Dry Food Misc.
440,172511,4555,W-115,White County Food Pantry,476142,,FP/GNAP/USDA,FOOD PANTRY-Agency,USDA,F-50-90042,20,0,0,144.0,800,WHITE,0.18,1/9/2024 15:37,1/11/2024 8:03,Price Code 1,CUSTOMER PICKUP,False,Rabun Warehouse,02,30528.0,Cleveland,USDA CHICKEN DRUMSTICKS CCC,Frozen Frozen Frozen Frozen Proteins
440,176231,8783,W-115,White County Food Pantry,478857,,FP/GNAP/USDA,FOOD PANTRY-Agency,USDA,N-50-10308,6,0,0,24.84,138,WHITE,0.18,3/5/2024 15:37,3/5/2024 7:06,Price Code 1,CUSTOMER PICKUP,False,Rabun Warehouse,02,30528.0,Cleveland,USDA RAISINS,Dry Dry Dry Dry Fruits
440,177679,8720,W-115,White County Food Pantry,480299,,FP/GNAP/USDA,FOOD PANTRY-Agency,USDA,N-50-10305,20,0,0,50.4,280,WHITE,0.18,3/26/2024 15:37,3/26/2024 8:10,Price Code 1,CUSTOMER PICKUP,False,Rabun Warehouse,02,30528.0,Cleveland,USDA MIXED VegetablesCCC,Dry Dry Dry Dry Vegetables
587,178766,9013,S-139,Shoal Creek Baptist Church,481380,,FP/USDA,FOOD PANTRY-Agency,USDA,N-50-10313,10,0,0,43.2,240,WHITE,0.18,4/15/2024 9:57,4/16/2024 11:11,Price Code 1,CUSTOMER PICKUP,False,Rabun Warehouse,02,30528.0,Cleveland,USDA LIGHT RED KIDNEY BEANS 24/1LB,Dry Dry Dry Dry Proteins
813,176639,1045,J-111,The Jericho House,479262,,ON PREMISES (OP),REHAB-Agency,BLUE RECEIPT-SHL,W-25-10009,27,0,0,4.86,27,WHITE,0.18,3/4/2024 11:09,3/4/2024 14:28,Price Code 1,CUSTOMER PICKUP,False,Sharing Floor Athens,01-SH,30571.0,Sautee - Nacoochee,"ASSORTED SNACK ITEMS, SHL",Dry Dry Dry Dry Food Misc.
813,178991,5958,J-111,The Jericho House,481605,,ON PREMISES (OP),REHAB-Agency,BLUE RECEIPT-SHL,C-16-10001,14,0,0,1.4,14,WHITE,0.1,4/15/2024 11:09,4/15/2024 14:09,Price Code 1,CUSTOMER PICKUP,False,Sharing Floor Athens,01-SH,30571.0,Sautee - Nacoochee,"COOLER FOOD, MISC. SHL",Cooled Cooled Cooled Cooled Food Misc.
440,182109,1674,W-115,White County Food Pantry,484713,,FP/GNAP/USDA,FOOD PANTRY-Agency,USDA,N-50-10073,6,0,0,29.16,162,WHITE,0.18,6/21/2024 9:00,6/21/2024 9:14,Price Code 1,CUSTOMER PICKUP,False,Rabun Warehouse,02,30528.0,Cleveland,USDA TOMATO SAUCE,Dry Dry Dry Dry Vegetables
440,178721,8986,W-115,White County Food Pantry,FAIMPORT481335,,FP/GNAP/USDA,FOOD PANTRY-Agency,BLUE RECEIPT-SHL,MCW-01-10001,2,0,0,0.0,2,WHITE,0.0,4/8/2024 0:00,4/8/2024 0:00,Price Code 1,CUSTOMER PICKUP,False,Food Bank of Northeast Georgia,01,30528.0,Cleveland,"NON-FOOD ITEMS, SHL RETAIL PICKUPS",Dry Dry Dry Dry Non-Food Misc.
440,173028,890,W-115,White County Food Pantry,476658,,FP/GNAP/USDA,FOOD PANTRY-Agency,GNAP,N-40-10001,20,0,0,54.0,540,WHITE,0.1,1/22/2024 9:00,1/22/2024 9:09,Price Code 1,CUSTOMER PICKUP,False,Rabun Warehouse,02,30528.0,Cleveland,GNAP APPLE SAUCE,Dry Dry Dry Dry Fruits
440,180308,9046,W-115,White County Food Pantry,482914,,FP/GNAP/USDA,FOOD PANTRY-Agency,GNAP,N-40-10280,20,0,0,0.0,200,WHITE,0.0,5/14/2024 8:00,5/14/2024 7:33,Price Code 1,CUSTOMER PICKUP,False,Rabun Warehouse,02,30528.0,Cleveland,GNAP CHEESEBURGER DINNER,Dry Dry Dry Dry Prepared Meals
440,182573,8970,W-115,White County Food Pantry,FAIMPORT485176,,FP/GNAP/USDA,FOOD PANTRY-Agency,BLUE RECEIPT-SHL,MCW-16-10001,153,0,0,0.0,153,WHITE,0.0,6/24/2024 0:00,6/24/2024 0:00,Price Code 1,CUSTOMER PICKUP,False,Food Bank of Northeast Georgia,01,30528.0,Cleveland,"MISC. FOOD BOX, SHL RETAIL PICKUP",Dry Dry Dry Dry Food Misc.
655,182060,9085,H-153,His Hands and Feet Ministries,484664,,FP/USDA,FOOD PANTRY-Agency,USDA,F-50-90476,40,0,0,0.0,1600,WHITE,0.0,6/13/2024 11:38,6/13/2024 9:06,Price Code 1,CUSTOMER PICKUP,False,Rabun Warehouse,02,30528.0,Cleveland,USDA PORK LOIN BONELESS CHOPS CCC,Frozen Frozen Frozen Frozen Proteins
655,177031,842,H-153,His Hands and Feet Ministries,479653,,FP/USDA,FOOD PANTRY-Agency,USDA,N-50-10021,13,0,0,0.0,351,WHITE,0.0,3/14/2024 11:38,3/15/2024 9:06,Price Code 1,CUSTOMER PICKUP,False,Rabun Warehouse,02,30528.0,Cleveland,USDA DICED TOMATOES NO SALT CCC,Dry Dry Dry Dry Vegetables
440,178834,8497,W-115,White County Food Pantry,481448,,FP/GNAP/USDA,FOOD PANTRY-Agency,USDA,C-50-10048,10,0,0,16.0,320,WHITE,0.05,4/16/2024 15:37,4/16/2024 8:02,Price Code 1,CUSTOMER PICKUP,False,Rabun Warehouse,02,30528.0,Cleveland,USDA MANDARIN ORANGES,Cooled Cooled Cooled Cooled Fruits
440,180029,9042,W-115,White County Food Pantry,482637,,FP/GNAP/USDA,FOOD PANTRY-Agency,GNAP,F-40-90059,20,0,0,0.0,480,WHITE,0.0,5/7/2024 8:00,5/7/2024 7:41,Price Code 1,CUSTOMER PICKUP,False,Rabun Warehouse,02,30528.0,Cleveland,GNAP GROUND TURKEY CHUB 85/15,Frozen Frozen Frozen Frozen Proteins
440,180493,9051,W-115,White County Food Pantry,483099,,FP/GNAP/USDA,FOOD PANTRY-Agency,GNAP,N-40-10282,20,0,0,0.0,320,WHITE,0.0,5/14/2024 8:15,5/14/2024 7:32,Price Code 1,CUSTOMER PICKUP,False,Rabun Warehouse,02,30528.0,Cleveland,GNAP WHITE GRITS,Dry Dry Dry Dry Grains
440,179202,8973,W-115,White County Food Pantry,FAIMPORT481815,,FP/GNAP/USDA,FOOD PANTRY-Agency,BLUE RECEIPT-SHL,MCC-16-10001,21,0,0,0.0,21,WHITE,0.0,4/15/2024 0:00,4/15/2024 0:00,Price Code 1,CUSTOMER PICKUP,False,Food Bank of Northeast Georgia,01,30528.0,Cleveland,"COOLER FOOD MISC., SHL RETAIL PICKUP",Dry Dry Dry Dry Food Misc.
440,173026,2856,W-115,White County Food Pantry,476656,,FP/GNAP/USDA,FOOD PANTRY-Agency,GNAP,N-40-10206,30,0,0,108.0,600,WHITE,0.18,1/22/2024 0:00,1/22/2024 9:09,Price Code 1,CUSTOMER PICKUP,False,Rabun Warehouse,02,30528.0,Cleveland,GNAP CHICKEN NOODLE SOUP,Dry Dry Dry Dry Prepared Meals
587,172585,8765,S-139,Shoal Creek Baptist Church,476216,,FP/USDA,FOOD PANTRY-Agency,USDA,N-50-10307,5,0,0,24.3,135,WHITE,0.18,1/16/2024 11:00,1/16/2024 10:52,Price Code 1,CUSTOMER PICKUP,False,Rabun Warehouse,02,30528.0,Cleveland,"USDA LIGHT RED KIDNEY BEANS, LOW SODIUM",Dry Dry Dry Dry Proteins
440,176231,8914,W-115,White County Food Pantry,478857,,FP/GNAP/USDA,FOOD PANTRY-Agency,USDA,N-50-10310,12,0,0,58.32,324,WHITE,0.18,3/5/2024 15:37,3/5/2024 7:06,Price Code 1,CUSTOMER PICKUP,False,Rabun Warehouse,02,30528.0,Cleveland,USDA DICED POTATOES,Dry Dry Dry Dry Potatoes
655,178320,6831,H-153,His Hands and Feet Ministries,480936,,FP/USDA,FOOD PANTRY-Agency,USDA,C-50-10025,49,0,0,0.0,2058,WHITE,0.0,4/11/2024 11:38,4/11/2024 11:05,Price Code 1,CUSTOMER PICKUP,False,Rabun Warehouse,02,30528.0,Cleveland,USDA APPLES,Cooled Cooled Cooled Cooled Fruits
555,175675,4327,H-151,Helen First Baptist Church,478303,,FP/USDA,MOBILE PANTRY-Agency,USDA,N-50-10277,13,0,0,0.0,351,WHITE,0.0,2/16/2024 9:00,2/20/2024 15:54,Price Code 1,TRUCK 2 MOBILE PANTRY,False,Rabun Warehouse,02,30545.0,Helen,USDA GARBANZO BEANS,Dry Dry Dry Dry Proteins
440,179582,6831,W-115,White County Food Pantry,482195,,FP/GNAP/USDA,FOOD PANTRY-Agency,USDA,C-50-10025,4,0,0,16.8,168,WHITE,0.1,4/30/2024 15:37,4/30/2024 8:30,Price Code 1,CUSTOMER PICKUP,False,Rabun Warehouse,02,30528.0,Cleveland,USDA APPLES,Cooled Cooled Cooled Cooled Fruits
440,175653,3139,W-115,White County Food Pantry,478281,,FP/GNAP/USDA,FOOD PANTRY-Agency,USDA,N-50-10290,6,0,0,27.0,150,WHITE,0.18,2/20/2024 15:37,2/20/2024 8:09,Price Code 1,CUSTOMER PICKUP,False,Rabun Warehouse,02,30528.0,Cleveland,USDA WHOLE ALMONDS DRY ROASTED,Dry Dry Dry Dry Proteins
813,175975,696,J-111,The Jericho House,478603,,ON PREMISES (OP),REHAB-Agency,LOCAL - LL,W-25-10000,52,0,0,9.36,52,WHITE,0.18,2/21/2024 11:09,2/21/2024 15:03,Price Code 1,CUSTOMER PICKUP,False,Sharing Floor Athens,01-SH,30571.0,Sautee - Nacoochee,"ASSORTED SNACK ITEMS, LL",Dry Dry Dry Dry Food Misc.
440,182401,8714,W-115,White County Food Pantry,485005,,FP/GNAP/USDA,FOOD PANTRY-Agency,USDA,N-50-10303,10,0,0,0.0,240,WHITE,0.0,6/25/2024 8:00,7/2/2024 7:09,Price Code 1,CUSTOMER PICKUP,False,Rabun Warehouse,02,30528.0,Cleveland,USDA GREEN SPLIT PEAS,Dry Dry Dry Dry Proteins
440,173026,1354,W-115,White County Food Pantry,476656,,FP/GNAP/USDA,FOOD PANTRY-Agency,GNAP,N-40-10096,20,0,0,0.0,380,WHITE,0.0,1/22/2024 0:00,1/22/2024 9:09,Price Code 1,CUSTOMER PICKUP,False,Rabun Warehouse,02,30528.0,Cleveland,GNAP VEGETABLE SOUP,Dry Dry Dry Dry Prepared Meals
440,176879,4788,W-115,White County Food Pantry,479501,,FP/GNAP/USDA,FOOD PANTRY-Agency,USDA,F-50-90039,4,0,0,28.8,160,WHITE,0.18,3/12/2024 15:37,3/12/2024 8:24,Price Code 1,CUSTOMER PICKUP,False,Rabun Warehouse,02,30528.0,Cleveland,USDA CATFISH FILLETS CCC,Frozen Frozen Frozen Frozen Proteins
655,180320,170,H-153,His Hands and Feet Ministries,482926,,FP/USDA,FOOD PANTRY-Agency,USDA,N-50-10007,13,0,0,0.0,364,WHITE,0.0,5/9/2024 11:38,5/9/2024 14:11,Price Code 1,CUSTOMER PICKUP,False,Rabun Warehouse,02,30528.0,Cleveland,"USDA CORN, WHOLE KERNEL NO SALT",Dry Dry Dry Dry Vegetables
587,175381,1791,S-139,Shoal Creek Baptist Church,478010,,FP/USDA,FOOD PANTRY-Agency,USDA,N-50-10079,10,0,0,46.8,260,WHITE,0.18,2/13/2024 9:57,2/13/2024 11:41,Price Code 1,CUSTOMER PICKUP,False,Rabun Warehouse,02,30528.0,Cleveland,USDA WALNUT HALVES AND PIECES,Dry Dry Dry Dry Proteins
440,179582,9025,W-115,White County Food Pantry,482195,,FP/GNAP/USDA,FOOD PANTRY-Agency,YELLOW RECEIPT - SHN,N-11-11072,20,0,0,32.4,180,WHITE,0.18,4/30/2024 15:37,4/30/2024 8:30,Price Code 1,CUSTOMER PICKUP,False,Rabun Warehouse,02,30528.0,Cleveland,MRS BUTTERSWORTHS SMORES PANCAKE KIT,Dry Dry Dry Dry Food Misc.
813,175975,5681,J-111,The Jericho House,478603,,ON PREMISES (OP),REHAB-Agency,LOCAL - LL,C-16-10000,13,0,0,2.34,13,WHITE,0.18,2/21/2024 11:09,2/21/2024 15:03,Price Code 1,CUSTOMER PICKUP,False,Sharing Floor Athens,01-SH,30571.0,Sautee - Nacoochee,"COOLER FOOD, MISC. LL",Cooled Cooled Cooled Cooled Food Misc.
440,178350,2856,W-115,White County Food Pantry,480966,,FP/GNAP/USDA,FOOD PANTRY-Agency,GNAP,N-40-10206,2,0,0,0.0,40,WHITE,0.0,4/9/2024 15:37,4/9/2024 7:44,Price Code 1,CUSTOMER PICKUP,False,Rabun Warehouse,02,30528.0,Cleveland,GNAP CHICKEN NOODLE SOUP,Dry Dry Dry Dry Prepared Meals
655,172733,1481,H-153,His Hands and Feet Ministries,476364,,FP/USDA,FOOD PANTRY-Agency,USDA,N-50-10105,13,0,0,0.0,221,WHITE,0.0,1/11/2024 11:38,1/16/2024 9:29,Price Code 1,CUSTOMER PICKUP,False,Rabun Warehouse,02,30528.0,Cleveland,USDA DRIED CHERRIES CCC,Dry Dry Dry Dry Fruits
440,182538,5407,W-115,White County Food Pantry,485141,,FP/GNAP/USDA,FOOD PANTRY-Agency,BLUE RECEIPT-SHL,F-15-10000,1517,0,0,0.0,1517,WHITE,0.0,6/25/2024 0:00,6/25/2024 8:33,Price Code 1,CUSTOMER PICKUP,False,Food Bank of Northeast Georgia,01,30528.0,Cleveland,"MEAT & SEAFOOD, FROZEN SHL",Frozen Frozen Frozen Frozen Proteins
440,178350,1481,W-115,White County Food Pantry,480966,,FP/GNAP/USDA,FOOD PANTRY-Agency,USDA,N-50-10105,10,0,0,30.6,170,WHITE,0.18,4/9/2024 15:37,4/9/2024 7:44,Price Code 1,CUSTOMER PICKUP,False,Rabun Warehouse,02,30528.0,Cleveland,USDA DRIED CHERRIES CCC,Dry Dry Dry Dry Fruits
655,180320,8497,H-153,His Hands and Feet Ministries,482926,,FP/USDA,FOOD PANTRY-Agency,USDA,C-50-10048,60,0,0,0.0,1920,WHITE,0.0,5/9/2024 11:38,5/9/2024 14:11,Price Code 1,CUSTOMER PICKUP,False,Rabun Warehouse,02,30528.0,Cleveland,USDA MANDARIN ORANGES,Cooled Cooled Cooled Cooled Fruits
655,177031,4788,H-153,His Hands and Feet Ministries,479653,,FP/USDA,FOOD PANTRY-Agency,USDA,F-50-90039,40,0,0,0.0,1600,WHITE,0.0,3/14/2024 11:38,3/15/2024 9:06,Price Code 1,CUSTOMER PICKUP,False,Rabun Warehouse,02,30528.0,Cleveland,USDA CATFISH FILLETS CCC,Frozen Frozen Frozen Frozen Proteins
440,173026,890,W-115,White County Food Pantry,476656,,FP/GNAP/USDA,FOOD PANTRY-Agency,GNAP,N-40-10001,30,0,0,81.0,810,WHITE,0.1,1/22/2024 0:00,1/22/2024 9:09,Price Code 1,CUSTOMER PICKUP,False,Rabun Warehouse,02,30528.0,Cleveland,GNAP APPLE SAUCE,Dry Dry Dry Dry Fruits
587,179041,1045,S-139,Shoal Creek Baptist Church,481655,,FP/USDA,FOOD PANTRY-Agency,BLUE RECEIPT-SHL,W-25-10009,132,0,0,23.76,132,WHITE,0.18,4/16/2024 9:57,4/16/2024 11:12,Price Code 1,CUSTOMER PICKUP,False,Sharing Floor Rabun,02-SH,30528.0,Cleveland,"ASSORTED SNACK ITEMS, SHL",Dry Dry Dry Dry Food Misc.
555,182061,6676,H-151,Helen First Baptist Church,484665,,FP/USDA,MOBILE PANTRY-Agency,USDA,C-50-10009,35,0,0,0.0,1575,WHITE,0.0,6/14/2024 9:00,6/20/2024 16:12,Price Code 1,CUSTOMER PICKUP,False,Rabun Warehouse,02,30545.0,Helen,"USDA APPLES, FRESH",Cooled Cooled Cooled Cooled Fruits
813,176639,5388,J-111,The Jericho House,479262,,ON PREMISES (OP),REHAB-Agency,BLUE RECEIPT-SHL,F-16-10001,19,0,0,0.0,19,WHITE,0.0,3/4/2024 11:09,3/4/2024 14:28,Price Code 1,CUSTOMER PICKUP,False,Sharing Floor Athens,01-SH,30571.0,Sautee - Nacoochee,"ASSORTED FROZEN FOODS, SHL",Frozen Frozen Frozen Frozen Food Misc.
555,180698,800,H-151,Helen First Baptist Church,483304,,FP/USDA,MOBILE PANTRY-Agency,USDA,N-50-10065,13,0,0,0.0,351,WHITE,0.0,5/17/2024 9:00,5/17/2024 7:20,Price Code 1,CUSTOMER PICKUP,False,Rabun Warehouse,02,30545.0,Helen,USDA APPLESAUCE,Dry Dry Dry Dry Fruits
655,172733,84,H-153,His Hands and Feet Ministries,476364,,FP/USDA,FOOD PANTRY-Agency,USDA,N-50-10006,13,0,0,0.0,351,WHITE,0.0,1/11/2024 11:38,1/16/2024 9:29,Price Code 1,CUSTOMER PICKUP,False,Rabun Warehouse,02,30528.0,Cleveland,USDA GREEN BEANS,Dry Dry Dry Dry Vegetables
587,176981,1481,S-139,Shoal Creek Baptist Church,479603,,FP/USDA,FOOD PANTRY-Agency,USDA,N-50-10105,10,0,0,30.6,170,WHITE,0.18,3/12/2024 9:57,3/12/2024 11:36,Price Code 1,CUSTOMER PICKUP,False,Rabun Warehouse,02,30528.0,Cleveland,USDA DRIED CHERRIES CCC,Dry Dry Dry Dry Fruits
587,173113,5388,S-139,Shoal Creek Baptist Church,476743,,FP/USDA,FOOD PANTRY-Agency,BLUE RECEIPT-SHL,F-16-10001,53,0,0,9.54,53,WHITE,0.18,1/16/2024 9:57,1/16/2024 11:17,Price Code 1,CUSTOMER PICKUP,False,Sharing Floor Rabun,02-SH,30528.0,Cleveland,"ASSORTED FROZEN FOODS, SHL",Frozen Frozen Frozen Frozen Food Misc.
555,175675,1481,H-151,Helen First Baptist Church,478303,,FP/USDA,MOBILE PANTRY-Agency,USDA,N-50-10105,13,0,0,0.0,221,WHITE,0.0,2/16/2024 9:00,2/20/2024 15:54,Price Code 1,TRUCK 2 MOBILE PANTRY,False,Rabun Warehouse,02,30545.0,Helen,USDA DRIED CHERRIES CCC,Dry Dry Dry Dry Fruits
813,180959,5938,J-111,The Jericho House,483565,,ON PREMISES (OP),REHAB-Agency,BLUE RECEIPT-SHL,C-28-10001,54,0,0,1.62,54,WHITE,0.03,5/16/2024 11:09,5/16/2024 15:03,Price Code 1,CUSTOMER PICKUP,False,Sharing Floor Athens,01-SH,30571.0,Sautee - Nacoochee,"PRODUCE, FRESH SHL",Cooled Cooled Cooled Cooled Mixed Produce
813,182534,683,J-111,The Jericho House,485137,,ON PREMISES (OP),REHAB-Agency,BLUE RECEIPT-SHL,W-16-10001,40,0,0,0.0,40,WHITE,0.0,6/24/2024 11:09,6/24/2024 14:33,Price Code 1,CUSTOMER PICKUP,False,Sharing Floor Athens,01-SH,30571.0,Sautee - Nacoochee,MISC. FOOD BOX SHL,Dry Dry Dry Dry Food Misc.
440,182145,8970,W-115,White County Food Pantry,FAIMPORT484749,,FP/GNAP/USDA,FOOD PANTRY-Agency,BLUE RECEIPT-SHL,MCW-16-10001,194,0,0,0.0,194,WHITE,0.0,6/10/2024 0:00,6/10/2024 0:00,Price Code 1,CUSTOMER PICKUP,False,Food Bank of Northeast Georgia,01,30528.0,Cleveland,"MISC. FOOD BOX, SHL RETAIL PICKUP",Dry Dry Dry Dry Food Misc.
555,180698,6676,H-151,Helen First Baptist Church,483304,,FP/USDA,MOBILE PANTRY-Agency,USDA,C-50-10009,49,0,0,0.0,2205,WHITE,0.0,5/17/2024 9:00,5/17/2024 7:20,Price Code 1,CUSTOMER PICKUP,False,Rabun Warehouse,02,30545.0,Helen,"USDA APPLES, FRESH",Cooled Cooled Cooled Cooled Fruits
813,173414,683,J-111,The Jericho House,477043,,ON PREMISES (OP),REHAB-Agency,BLUE RECEIPT-SHL,W-16-10001,3,0,0,0.54,3,WHITE,0.18,1/22/2024 11:09,1/22/2024 14:12,Price Code 1,CUSTOMER PICKUP,False,Sharing Floor Athens,01-SH,30571.0,Sautee - Nacoochee,MISC. FOOD BOX SHL,Dry Dry Dry Dry Food Misc.
813,179768,5938,J-111,The Jericho House,482381,,ON PREMISES (OP),REHAB-Agency,BLUE RECEIPT-SHL,C-28-10001,97,0,0,2.91,97,WHITE,0.03,4/29/2024 11:09,4/29/2024 14:12,Price Code 1,CUSTOMER PICKUP,False,Sharing Floor Athens,01-SH,30571.0,Sautee - Nacoochee,"PRODUCE, FRESH SHL",Cooled Cooled Cooled Cooled Mixed Produce
655,182060,8991,H-153,His Hands and Feet Ministries,484664,,FP/USDA,FOOD PANTRY-Agency,USDA,N-50-10311,13,0,0,0.0,312,WHITE,0.0,6/13/2024 11:38,6/13/2024 9:06,Price Code 1,CUSTOMER PICKUP,False,Rabun Warehouse,02,30528.0,Cleveland,USDA HAZELNUTS CCC,Dry Dry Dry Dry Proteins
440,182109,1481,W-115,White County Food Pantry,484713,,FP/GNAP/USDA,FOOD PANTRY-Agency,USDA,N-50-10105,10,0,0,30.6,170,WHITE,0.18,6/21/2024 9:00,6/21/2024 9:14,Price Code 1,CUSTOMER PICKUP,False,Rabun Warehouse,02,30528.0,Cleveland,USDA DRIED CHERRIES CCC,Dry Dry Dry Dry Fruits
985,179785,8972,R-133,Revivalist International Ministries,FAIMPORT482398,,FOOD PANTRY,FOOD PANTRY-Agency,BLUE RECEIPT-SHL,MCF-15-10000,145,0,0,0.0,145,WHITE,0.0,4/26/2024 0:00,4/26/2024 0:00,Price Code 1,CONTACT FOR DELIVERY,False,Food Bank of Northeast Georgia,01,30528.0,Cleveland,"FROZEN MEAT & SEAFOOD, SHL RETAIL PICKUP",Dry Dry Dry Dry Proteins
555,177033,842,H-151,Helen First Baptist Church,479655,,FP/USDA,MOBILE PANTRY-Agency,USDA,N-50-10021,13,0,0,0.0,351,WHITE,0.0,3/15/2024 9:00,3/18/2024 11:04,Price Code 1,CUSTOMER PICKUP,False,Rabun Warehouse,02,30545.0,Helen,USDA DICED TOMATOES NO SALT CCC,Dry Dry Dry Dry Vegetables
440,173154,84,W-115,White County Food Pantry,476784,,FP/GNAP/USDA,FOOD PANTRY-Agency,USDA,N-50-10006,20,0,0,97.2,540,WHITE,0.18,1/22/2024 15:37,1/22/2024 9:08,Price Code 1,CUSTOMER PICKUP,False,Rabun Warehouse,02,30528.0,Cleveland,USDA GREEN BEANS,Dry Dry Dry Dry Vegetables
440,182109,8997,W-115,White County Food Pantry,484713,,FP/GNAP/USDA,FOOD PANTRY-Agency,USDA,N-50-10312,20,0,0,43.2,240,WHITE,0.18,6/21/2024 9:00,6/21/2024 9:14,Price Code 1,CUSTOMER PICKUP,False,Rabun Warehouse,02,30528.0,Cleveland,USDA CHILI W/ BEANS CCC,Dry Dry Dry Dry Prepared Meals
813,180959,5407,J-111,The Jericho House,483565,,ON PREMISES (OP),REHAB-Agency,BLUE RECEIPT-SHL,F-15-10000,63,0,0,11.34,63,WHITE,0.18,5/16/2024 11:09,5/16/2024 15:03,Price Code 1,CUSTOMER PICKUP,False,Sharing Floor Athens,01-SH,30571.0,Sautee - Nacoochee,"MEAT & SEAFOOD, FROZEN SHL",Frozen Frozen Frozen Frozen Proteins
555,180698,170,H-151,Helen First Baptist Church,483304,,FP/USDA,MOBILE PANTRY-Agency,USDA,N-50-10007,13,0,0,0.0,364,WHITE,0.0,5/17/2024 9:00,5/17/2024 7:20,Price Code 1,CUSTOMER PICKUP,False,Rabun Warehouse,02,30545.0,Helen,"USDA CORN, WHOLE KERNEL NO SALT",Dry Dry Dry Dry Vegetables
440,180990,3139,W-115,White County Food Pantry,483595,,FP/GNAP/USDA,FOOD PANTRY-Agency,USDA,N-50-10290,10,0,0,45.0,250,WHITE,0.18,5/21/2024 9:00,5/21/2024 8:06,Price Code 1,CUSTOMER PICKUP,False,Rabun Warehouse,02,30528.0,Cleveland,USDA WHOLE ALMONDS DRY ROASTED,Dry Dry Dry Dry Proteins
440,173154,1791,W-115,White County Food Pantry,476784,,FP/GNAP/USDA,FOOD PANTRY-Agency,USDA,N-50-10079,6,0,0,28.08,156,WHITE,0.18,1/22/2024 15:37,1/22/2024 9:08,Price Code 1,CUSTOMER PICKUP,False,Rabun Warehouse,02,30528.0,Cleveland,USDA WALNUT HALVES AND PIECES,Dry Dry Dry Dry Proteins
555,177033,8690,H-151,Helen First Baptist Church,479655,,FP/USDA,MOBILE PANTRY-Agency,USDA,N-50-10302,26,0,0,0.0,364,WHITE,0.0,3/15/2024 9:00,3/18/2024 11:04,Price Code 1,CUSTOMER PICKUP,False,Rabun Warehouse,02,30545.0,Helen,USDA GREEN BEANS CCC,Dry Dry Dry Dry Vegetables
440,179639,8783,W-115,White County Food Pantry,482252,,FP/GNAP/USDA,FOOD PANTRY-Agency,USDA,N-50-10308,6,0,0,24.84,138,WHITE,0.18,4/30/2024 15:37,4/30/2024 8:30,Price Code 1,CUSTOMER PICKUP,False,Rabun Warehouse,02,30528.0,Cleveland,USDA RAISINS,Dry Dry Dry Dry Fruits
564,181775,9081,F2KWHITE,Food 2 Kids White County,484379,,FEED SITE,DIRECT ASSISTANCE-Agency,BLUE RECEIPT-SHL,N-03-11843,25,0,0,0.0,450,WHITE,0.0,6/6/2024 9:00,6/27/2024 10:02,Price Code 1,CONTACT FOR DELIVERY,False,Food Bank of Northeast Georgia,01,30607.0,Athens,DR PEPPER ZERO SUGAR,Dry Dry Dry Dry Beverages
813,172751,5407,J-111,The Jericho House,476382,,ON PREMISES (OP),REHAB-Agency,BLUE RECEIPT-SHL,F-15-10000,180,0,0,32.4,180,WHITE,0.18,1/8/2024 11:09,1/8/2024 14:37,Price Code 1,CUSTOMER PICKUP,False,Sharing Floor Athens,01-SH,30571.0,Sautee - Nacoochee,"MEAT & SEAFOOD, FROZEN SHL",Frozen Frozen Frozen Frozen Proteins
587,180496,3203,S-139,Shoal Creek Baptist Church,483102,,FP/USDA,FOOD PANTRY-Agency,USDA,N-50-10289,15,0,0,67.5,375,WHITE,0.18,5/14/2024 11:00,5/14/2024 11:03,Price Code 1,CUSTOMER PICKUP,False,Rabun Warehouse,02,30528.0,Cleveland,USDA PECAN PIECES,Dry Dry Dry Dry Proteins
440,182109,9043,W-115,White County Food Pantry,484713,,FP/GNAP/USDA,FOOD PANTRY-Agency,GNAP,N-40-10277,10,0,0,0.0,80,WHITE,0.0,6/21/2024 9:00,6/21/2024 9:14,Price Code 1,CUSTOMER PICKUP,False,Rabun Warehouse,02,30528.0,Cleveland,GNAP DELUXE SHELLS & CHEESE,Dry Dry Dry Dry Prepared Meals
587,180787,1045,S-139,Shoal Creek Baptist Church,483393,,FP/USDA,FOOD PANTRY-Agency,BLUE RECEIPT-SHL,W-25-10009,85,0,0,15.3,85,WHITE,0.18,5/14/2024 9:57,5/14/2024 11:07,Price Code 1,CUSTOMER PICKUP,False,Sharing Floor Rabun,02-SH,30528.0,Cleveland,"ASSORTED SNACK ITEMS, SHL",Dry Dry Dry Dry Food Misc.
985,180136,8970,R-133,Revivalist International Ministries,FAIMPORT482744,,FOOD PANTRY,FOOD PANTRY-Agency,BLUE RECEIPT-SHL,MCW-16-10001,15,0,0,0.0,15,WHITE,0.0,5/2/2024 0:00,5/2/2024 0:00,Price Code 1,CONTACT FOR DELIVERY,False,Food Bank of Northeast Georgia,01,30528.0,Cleveland,"MISC. FOOD BOX, SHL RETAIL PICKUP",Dry Dry Dry Dry Food Misc.
985,178392,5407,R-133,Revivalist International Ministries,481008,,FOOD PANTRY,FOOD PANTRY-Agency,BLUE RECEIPT-SHL,F-15-10000,27,0,0,4.86,27,WHITE,0.18,4/5/2024 11:36,4/5/2024 11:39,Price Code 1,CONTACT FOR DELIVERY,False,Sharing Floor Athens,01-SH,30528.0,Cleveland,"MEAT & SEAFOOD, FROZEN SHL",Frozen Frozen Frozen Frozen Proteins
985,179784,8976,R-133,Revivalist International Ministries,FAIMPORT482397,,FOOD PANTRY,FOOD PANTRY-Agency,BLUE RECEIPT-SHL,MCC-28-10001,3,0,0,0.0,3,WHITE,0.0,4/25/2024 0:00,4/25/2024 0:00,Price Code 1,CONTACT FOR DELIVERY,False,Food Bank of Northeast Georgia,01,30528.0,Cleveland,"PRODUCE, SHL RETAIL PICKUPS",Dry Dry Dry Dry Mixed Produce
555,173159,7059,H-151,Helen First Baptist Church,476789,,FP/USDA,MOBILE PANTRY-Agency,USDA,C-50-10019,45,0,0,0.0,1620,WHITE,0.0,1/19/2024 9:00,1/22/2024 9:23,Price Code 1,CUSTOMER PICKUP,False,Rabun Warehouse,02,30545.0,Helen,USDA 2% MILK CCC,Cooled Cooled Cooled Cooled Dairy
587,172585,8853,S-139,Shoal Creek Baptist Church,476216,,FP/USDA,FOOD PANTRY-Agency,PURCH,N-23-10011,10,0,0,23.4,130,WHITE,0.18,1/16/2024 11:00,1/16/2024 10:52,Price Code 1,CUSTOMER PICKUP,False,Rabun Warehouse,02,30528.0,Cleveland,"CRUNCHY PEANUT BUTTER, MEIJER",Dry Dry Dry Dry Proteins
985,176431,696,R-133,Revivalist International Ministries,479055,,FOOD PANTRY,FOOD PANTRY-Agency,LOCAL - LL,W-25-10000,26,0,0,4.68,26,WHITE,0.18,2/29/2024 11:47,2/29/2024 11:50,Price Code 1,CONTACT FOR DELIVERY,False,Sharing Floor Athens,01-SH,30528.0,Cleveland,"ASSORTED SNACK ITEMS, LL",Dry Dry Dry Dry Food Misc.
985,182639,8970,R-133,Revivalist International Ministries,FAIMPORT485242,,FOOD PANTRY,FOOD PANTRY-Agency,BLUE RECEIPT-SHL,MCW-16-10001,29,0,0,0.0,29,WHITE,0.0,6/27/2024 0:00,6/27/2024 0:00,Price Code 1,CONTACT FOR DELIVERY,False,Food Bank of Northeast Georgia,01,30528.0,Cleveland,"MISC. FOOD BOX, SHL RETAIL PICKUP",Dry Dry Dry Dry Food Misc.
813,175975,683,J-111,The Jericho House,478603,,ON PREMISES (OP),REHAB-Agency,BLUE RECEIPT-SHL,W-16-10001,6,0,0,1.08,6,WHITE,0.18,2/21/2024 11:09,2/21/2024 15:03,Price Code 1,CUSTOMER PICKUP,False,Sharing Floor Athens,01-SH,30571.0,Sautee - Nacoochee,MISC. FOOD BOX SHL,Dry Dry Dry Dry Food Misc.
440,179817,8974,W-115,White County Food Pantry,FAIMPORT482428,,FP/GNAP/USDA,FOOD PANTRY-Agency,BLUE RECEIPT-SHL,MCW-04-10000,10,0,0,0.0,10,WHITE,0.0,4/29/2024 0:00,4/29/2024 0:00,Price Code 1,CUSTOMER PICKUP,False,Food Bank of Northeast Georgia,01,30528.0,Cleveland,"BREAD AND BAKERY, SHL RETAIL PICKUPS",Dry Dry Dry Dry Grains
813,177500,50,J-111,The Jericho House,480120,,ON PREMISES (OP),REHAB-Agency,LOCAL - LL,W-16-10002,39,0,0,7.02,39,WHITE,0.18,3/18/2024 11:09,3/18/2024 14:26,Price Code 1,CUSTOMER PICKUP,False,Sharing Floor Athens,01-SH,30571.0,Sautee - Nacoochee,MISC. FOOD BOX LL,Dry Dry Dry Dry Food Misc.
440,176231,170,W-115,White County Food Pantry,478857,,FP/GNAP/USDA,FOOD PANTRY-Agency,USDA,N-50-10007,12,0,0,60.48,336,WHITE,0.18,3/5/2024 15:37,3/5/2024 7:06,Price Code 1,CUSTOMER PICKUP,False,Rabun Warehouse,02,30528.0,Cleveland,"USDA CORN, WHOLE KERNEL NO SALT",Dry Dry Dry Dry Vegetables
440,180493,1047,W-115,White County Food Pantry,483099,,FP/GNAP/USDA,FOOD PANTRY-Agency,USDA,N-50-10041,6,0,0,52.92,294,WHITE,0.18,5/14/2024 8:15,5/14/2024 7:32,Price Code 1,CUSTOMER PICKUP,False,Rabun Warehouse,02,30528.0,Cleveland,USDA RICE,Dry Dry Dry Dry Grains
440,176879,8761,W-115,White County Food Pantry,479501,,FP/GNAP/USDA,FOOD PANTRY-Agency,USDA,N-50-10306,6,0,0,27.0,150,WHITE,0.18,3/12/2024 15:37,3/12/2024 8:24,Price Code 1,CUSTOMER PICKUP,False,Rabun Warehouse,02,30528.0,Cleveland,USDA WHOLE DEGLET DATES,Dry Dry Dry Dry Fruits
985,178177,8970,R-133,Revivalist International Ministries,FAIMPORT480795,,FOOD PANTRY,FOOD PANTRY-Agency,BLUE RECEIPT-SHL,MCW-16-10001,29,0,0,0.0,29,WHITE,0.0,4/2/2024 0:00,4/2/2024 0:00,Price Code 1,CONTACT FOR DELIVERY,False,Food Bank of Northeast Georgia,01,30528.0,Cleveland,"MISC. FOOD BOX, SHL RETAIL PICKUP",Dry Dry Dry Dry Food Misc.
440,182401,8690,W-115,White County Food Pantry,485005,,FP/GNAP/USDA,FOOD PANTRY-Agency,USDA,N-50-10302,10,0,0,25.2,140,WHITE,0.18,6/25/2024 8:00,7/2/2024 7:09,Price Code 1,CUSTOMER PICKUP,False,Rabun Warehouse,02,30528.0,Cleveland,USDA GREEN BEANS CCC,Dry Dry Dry Dry Vegetables
440,173014,8720,W-115,White County Food Pantry,476644,,FP/GNAP/USDA,FOOD PANTRY-Agency,USDA,N-50-10305,30,0,0,75.6,420,WHITE,0.18,1/22/2024 0:00,1/22/2024 9:08,Price Code 1,CUSTOMER PICKUP,False,Rabun Warehouse,02,30528.0,Cleveland,USDA MIXED VegetablesCCC,Dry Dry Dry Dry Vegetables
440,180493,123,W-115,White County Food Pantry,483099,,FP/GNAP/USDA,FOOD PANTRY-Agency,GNAP,N-40-10002,20,0,0,0.0,300,WHITE,0.0,5/14/2024 8:15,5/14/2024 7:32,Price Code 1,CUSTOMER PICKUP,False,Rabun Warehouse,02,30528.0,Cleveland,GNAP PEANUT BUTTER,Dry Dry Dry Dry Proteins
555,179124,2202,H-151,Helen First Baptist Church,481737,,FP/USDA,MOBILE PANTRY-Agency,USDA,N-50-10240,12,0,0,0.0,264,WHITE,0.0,4/19/2024 9:00,4/22/2024 8:50,Price Code 1,CUSTOMER PICKUP,False,Rabun Warehouse,02,30545.0,Helen,USDA SPAGHETTI,Dry Dry Dry Dry Grains
440,172586,8784,W-115,White County Food Pantry,476217,,FP/GNAP/USDA,FOOD PANTRY-Agency,USDA,N-50-10309,12,0,0,58.32,324,WHITE,0.18,1/9/2024 15:37,1/11/2024 8:05,Price Code 1,CUSTOMER PICKUP,False,Rabun Warehouse,02,30528.0,Cleveland,USDA CANNED SALMON CCC,Dry Dry Dry Dry Proteins
440,173026,2573,W-115,White County Food Pantry,476656,,FP/GNAP/USDA,FOOD PANTRY-Agency,GNAP,N-40-10204,30,0,0,57.0,570,WHITE,0.1,1/22/2024 0:00,1/22/2024 9:09,Price Code 1,CUSTOMER PICKUP,False,Rabun Warehouse,02,30528.0,Cleveland,GNAP CHICKEN & RICE SOUP,Dry Dry Dry Dry Prepared Meals
440,176879,3943,W-115,White County Food Pantry,479501,,FP/GNAP/USDA,FOOD PANTRY-Agency,USDA,N-50-10268,20,0,0,22.8,760,WHITE,0.03,3/12/2024 15:37,3/12/2024 8:24,Price Code 1,CUSTOMER PICKUP,False,Rabun Warehouse,02,30528.0,Cleveland,USDA APPLE JUICE,Dry Dry Dry Dry Beverages
587,176981,7082,S-139,Shoal Creek Baptist Church,479603,,FP/USDA,FOOD PANTRY-Agency,USDA,C-50-10033,10,0,0,0.0,120,WHITE,0.0,3/12/2024 9:57,3/12/2024 11:36,Price Code 1,CUSTOMER PICKUP,False,Rabun Warehouse,02,30528.0,Cleveland,USDA SHREDDED YELLOW CHEDDAR CHEESE CCC,Cooled Cooled Cooled Cooled Dairy
985,180604,5388,R-133,Revivalist International Ministries,483210,,FOOD PANTRY,FOOD PANTRY-Agency,BLUE RECEIPT-SHL,F-16-10001,37,0,0,6.66,37,WHITE,0.18,5/10/2024 11:01,5/10/2024 11:25,Price Code 1,CONTACT FOR DELIVERY,False,Sharing Floor Rabun,02-SH,30528.0,Cleveland,"ASSORTED FROZEN FOODS, SHL",Frozen Frozen Frozen Frozen Food Misc.
440,179582,9026,W-115,White County Food Pantry,482195,,FP/GNAP/USDA,FOOD PANTRY-Agency,YELLOW RECEIPT - SHN,N-27-10138,6,0,0,23.76,132,WHITE,0.18,4/30/2024 15:37,4/30/2024 8:30,Price Code 1,CUSTOMER PICKUP,False,Rabun Warehouse,02,30528.0,Cleveland,"HUNTS DICED TOMATOES BASIL, GARLIC, OREGANO",Dry Dry Dry Dry Vegetables
555,175675,1791,H-151,Helen First Baptist Church,478303,,FP/USDA,MOBILE PANTRY-Agency,USDA,N-50-10079,13,0,0,0.0,338,WHITE,0.0,2/16/2024 9:00,2/20/2024 15:54,Price Code 1,TRUCK 2 MOBILE PANTRY,False,Rabun Warehouse,02,30545.0,Helen,USDA WALNUT HALVES AND PIECES,Dry Dry Dry Dry Proteins
440,179202,8971,W-115,White County Food Pantry,FAIMPORT481815,,FP/GNAP/USDA,FOOD PANTRY-Agency,BLUE RECEIPT-SHL,MCF-16-10001,183,0,0,0.0,183,WHITE,0.0,4/15/2024 0:00,4/15/2024 0:00,Price Code 1,CUSTOMER PICKUP,False,Food Bank of Northeast Georgia,01,30528.0,Cleveland,"FROZEN FOODS, MISC SHL RETAIL PICKUP",Dry Dry Dry Dry Food Misc.
440,180493,9053,W-115,White County Food Pantry,483099,,FP/GNAP/USDA,FOOD PANTRY-Agency,GNAP,N-40-10284,12,0,0,0.0,240,WHITE,0.0,5/14/2024 8:15,5/14/2024 7:32,Price Code 1,CUSTOMER PICKUP,False,Rabun Warehouse,02,30528.0,Cleveland,"GNAP 100% VERY BERRY JUICE, SINGLE SERVE",Dry Dry Dry Dry Beverages
440,181655,6676,W-115,White County Food Pantry,484259,,FP/GNAP/USDA,FOOD PANTRY-Agency,USDA,C-50-10009,4,0,0,32.4,180,WHITE,0.18,6/4/2024 9:00,6/4/2024 8:14,Price Code 1,CUSTOMER PICKUP,False,Rabun Warehouse,02,30528.0,Cleveland,"USDA APPLES, FRESH",Cooled Cooled Cooled Cooled Fruits
440,179582,8995,W-115,White County Food Pantry,482195,,FP/GNAP/USDA,FOOD PANTRY-Agency,BLUE RECEIPT-SHL,N-21-10067,10,0,0,9.0,50,WHITE,0.18,4/30/2024 15:37,4/30/2024 8:30,Price Code 1,CUSTOMER PICKUP,False,Rabun Warehouse,02,30528.0,Cleveland,"RAMEN, MARUCHAN SHRIMP",Dry Dry Dry Dry Prepared Meals
655,175268,8783,H-153,His Hands and Feet Ministries,477897,,FP/USDA,FOOD PANTRY-Agency,USDA,N-50-10308,13,0,0,0.0,299,WHITE,0.0,2/7/2024 11:38,2/8/2024 15:45,Price Code 1,TRUCK 2 MOBILE PANTRY,False,Rabun Warehouse,02,30528.0,Cleveland,USDA RAISINS,Dry Dry Dry Dry Fruits
985,180604,683,R-133,Revivalist International Ministries,483210,,FOOD PANTRY,FOOD PANTRY-Agency,BLUE RECEIPT-SHL,W-16-10001,239,0,0,43.02,239,WHITE,0.18,5/10/2024 11:01,5/10/2024 11:25,Price Code 1,CONTACT FOR DELIVERY,False,Sharing Floor Rabun,02-SH,30528.0,Cleveland,MISC. FOOD BOX SHL,Dry Dry Dry Dry Food Misc.
555,182061,170,H-151,Helen First Baptist Church,484665,,FP/USDA,MOBILE PANTRY-Agency,USDA,N-50-10007,13,0,0,0.0,364,WHITE,0.0,6/14/2024 9:00,6/20/2024 16:12,Price Code 1,CUSTOMER PICKUP,False,Rabun Warehouse,02,30545.0,Helen,"USDA CORN, WHOLE KERNEL NO SALT",Dry Dry Dry Dry Vegetables
587,175381,8720,S-139,Shoal Creek Baptist Church,478010,,FP/USDA,FOOD PANTRY-Agency,USDA,N-50-10305,10,0,0,25.2,140,WHITE,0.18,2/13/2024 9:57,2/13/2024 11:41,Price Code 1,CUSTOMER PICKUP,False,Rabun Warehouse,02,30528.0,Cleveland,USDA MIXED VegetablesCCC,Dry Dry Dry Dry Vegetables
813,175975,5938,J-111,The Jericho House,478603,,ON PREMISES (OP),REHAB-Agency,BLUE RECEIPT-SHL,C-28-10001,86,0,0,2.58,86,WHITE,0.03,2/21/2024 11:09,2/21/2024 15:03,Price Code 1,CUSTOMER PICKUP,False,Sharing Floor Athens,01-SH,30571.0,Sautee - Nacoochee,"PRODUCE, FRESH SHL",Cooled Cooled Cooled Cooled Mixed Produce
555,180698,1047,H-151,Helen First Baptist Church,483304,,FP/USDA,MOBILE PANTRY-Agency,USDA,N-50-10041,13,0,0,0.0,637,WHITE,0.0,5/17/2024 9:00,5/17/2024 7:20,Price Code 1,CUSTOMER PICKUP,False,Rabun Warehouse,02,30545.0,Helen,USDA RICE,Dry Dry Dry Dry Grains
440,178350,170,W-115,White County Food Pantry,480966,,FP/GNAP/USDA,FOOD PANTRY-Agency,USDA,N-50-10007,6,0,0,30.24,168,WHITE,0.18,4/9/2024 15:37,4/9/2024 7:44,Price Code 1,CUSTOMER PICKUP,False,Rabun Warehouse,02,30528.0,Cleveland,"USDA CORN, WHOLE KERNEL NO SALT",Dry Dry Dry Dry Vegetables
555,177033,1481,H-151,Helen First Baptist Church,479655,,FP/USDA,MOBILE PANTRY-Agency,USDA,N-50-10105,13,0,0,0.0,221,WHITE,0.0,3/15/2024 9:00,3/18/2024 11:04,Price Code 1,CUSTOMER PICKUP,False,Rabun Warehouse,02,30545.0,Helen,USDA DRIED CHERRIES CCC,Dry Dry Dry Dry Fruits
587,173113,5938,S-139,Shoal Creek Baptist Church,476743,,FP/USDA,FOOD PANTRY-Agency,BLUE RECEIPT-SHL,C-28-10001,33,0,0,0.99,33,WHITE,0.03,1/16/2024 9:57,1/16/2024 11:17,Price Code 1,CUSTOMER PICKUP,False,Sharing Floor Rabun,02-SH,30528.0,Cleveland,"PRODUCE, FRESH SHL",Cooled Cooled Cooled Cooled Mixed Produce
440,173154,8765,W-115,White County Food Pantry,476784,,FP/GNAP/USDA,FOOD PANTRY-Agency,USDA,N-50-10307,20,0,0,97.2,540,WHITE,0.18,1/22/2024 15:37,1/22/2024 9:08,Price Code 1,CUSTOMER PICKUP,False,Rabun Warehouse,02,30528.0,Cleveland,"USDA LIGHT RED KIDNEY BEANS, LOW SODIUM",Dry Dry Dry Dry Proteins
587,182048,8690,S-139,Shoal Creek Baptist Church,484652,,FP/USDA,FOOD PANTRY-Agency,USDA,N-50-10302,5,0,0,12.6,70,WHITE,0.18,6/21/2024 11:30,6/21/2024 9:12,Price Code 1,CUSTOMER PICKUP,False,Rabun Warehouse,02,30528.0,Cleveland,USDA GREEN BEANS CCC,Dry Dry Dry Dry Vegetables
985,179785,8971,R-133,Revivalist International Ministries,FAIMPORT482398,,FOOD PANTRY,FOOD PANTRY-Agency,BLUE RECEIPT-SHL,MCF-16-10001,172,0,0,0.0,172,WHITE,0.0,4/26/2024 0:00,4/26/2024 0:00,Price Code 1,CONTACT FOR DELIVERY,False,Food Bank of Northeast Georgia,01,30528.0,Cleveland,"FROZEN FOODS, MISC SHL RETAIL PICKUP",Dry Dry Dry Dry Food Misc.
813,182534,683,J-111,The Jericho House,485137,,ON PREMISES (OP),REHAB-Agency,BLUE RECEIPT-SHL,W-16-10001,97,0,0,17.46,97,WHITE,0.18,6/24/2024 11:09,6/24/2024 14:33,Price Code 1,CUSTOMER PICKUP,False,Sharing Floor Athens,01-SH,30571.0,Sautee - Nacoochee,MISC. FOOD BOX SHL,Dry Dry Dry Dry Food Misc.
655,182060,9013,H-153,His Hands and Feet Ministries,484664,,FP/USDA,FOOD PANTRY-Agency,USDA,N-50-10313,13,0,0,0.0,312,WHITE,0.0,6/13/2024 11:38,6/13/2024 9:06,Price Code 1,CUSTOMER PICKUP,False,Rabun Warehouse,02,30528.0,Cleveland,USDA LIGHT RED KIDNEY BEANS 24/1LB,Dry Dry Dry Dry Proteins
813,173414,875,J-111,The Jericho House,477043,,ON PREMISES (OP),REHAB-Agency,BLUE RECEIPT-SHL,W-04-10000,19,0,0,0.0,19,WHITE,0.0,1/22/2024 11:09,1/22/2024 14:12,Price Code 1,CUSTOMER PICKUP,False,Sharing Floor Athens,01-SH,30571.0,Sautee - Nacoochee,"BREAD & BAKERY, ASSORTED SHL",Dry Dry Dry Dry Grains
813,181464,683,J-111,The Jericho House,484068,,ON PREMISES (OP),REHAB-Agency,BLUE RECEIPT-SHL,W-16-10001,16,0,0,2.88,16,WHITE,0.18,5/28/2024 11:09,5/28/2024 13:39,Price Code 1,CUSTOMER PICKUP,False,Sharing Floor Athens,01-SH,30571.0,Sautee - Nacoochee,MISC. FOOD BOX SHL,Dry Dry Dry Dry Food Misc.
555,180698,4715,H-151,Helen First Baptist Church,483304,,FP/USDA,MOBILE PANTRY-Agency,USDA,F-50-90461,18,0,0,0.0,720,WHITE,0.0,5/17/2024 9:00,5/17/2024 7:20,Price Code 1,CUSTOMER PICKUP,False,Rabun Warehouse,02,30545.0,Helen,USDA ALASKAN POLLACK FISH FILLETS,Frozen Frozen Frozen Frozen Proteins
440,179025,875,W-115,White County Food Pantry,481639,,FP/GNAP/USDA,FOOD PANTRY-Agency,BLUE RECEIPT-SHL,W-04-10000,29,0,0,0.0,29,WHITE,0.0,4/16/2024 15:37,4/16/2024 8:03,Price Code 1,CUSTOMER PICKUP,False,Sharing Floor Rabun,02-SH,30528.0,Cleveland,"BREAD & BAKERY, ASSORTED SHL",Dry Dry Dry Dry Grains
440,173154,170,W-115,White County Food Pantry,476784,,FP/GNAP/USDA,FOOD PANTRY-Agency,USDA,N-50-10007,20,0,0,100.8,560,WHITE,0.18,1/22/2024 15:37,1/22/2024 9:08,Price Code 1,CUSTOMER PICKUP,False,Rabun Warehouse,02,30528.0,Cleveland,"USDA CORN, WHOLE KERNEL NO SALT",Dry Dry Dry Dry Vegetables
555,177033,170,H-151,Helen First Baptist Church,479655,,FP/USDA,MOBILE PANTRY-Agency,USDA,N-50-10007,13,0,0,0.0,364,WHITE,0.0,3/15/2024 9:00,3/18/2024 11:04,Price Code 1,CUSTOMER PICKUP,False,Rabun Warehouse,02,30545.0,Helen,"USDA CORN, WHOLE KERNEL NO SALT",Dry Dry Dry Dry Vegetables
813,181464,5407,J-111,The Jericho House,484068,,ON PREMISES (OP),REHAB-Agency,BLUE RECEIPT-SHL,F-15-10000,96,0,0,17.28,96,WHITE,0.18,5/28/2024 11:09,5/28/2024 13:39,Price Code 1,CUSTOMER PICKUP,False,Sharing Floor Athens,01-SH,30571.0,Sautee - Nacoochee,"MEAT & SEAFOOD, FROZEN SHL",Frozen Frozen Frozen Frozen Proteins
813,172751,5958,J-111,The Jericho House,476382,,ON PREMISES (OP),REHAB-Agency,BLUE RECEIPT-SHL,C-16-10001,444,0,0,79.92,444,WHITE,0.18,1/8/2024 11:09,1/8/2024 14:37,Price Code 1,CUSTOMER PICKUP,False,Sharing Floor Athens,01-SH,30571.0,Sautee - Nacoochee,"COOLER FOOD, MISC. SHL",Cooled Cooled Cooled Cooled Food Misc.
655,177031,6831,H-153,His Hands and Feet Ministries,479653,,FP/USDA,FOOD PANTRY-Agency,USDA,C-50-10025,49,0,0,0.0,2058,WHITE,0.0,3/14/2024 11:38,3/15/2024 9:06,Price Code 1,CUSTOMER PICKUP,False,Rabun Warehouse,02,30528.0,Cleveland,USDA APPLES,Cooled Cooled Cooled Cooled Fruits
555,175675,84,H-151,Helen First Baptist Church,478303,,FP/USDA,MOBILE PANTRY-Agency,USDA,N-50-10006,13,0,0,0.0,351,WHITE,0.0,2/16/2024 9:00,2/20/2024 15:54,Price Code 1,TRUCK 2 MOBILE PANTRY,False,Rabun Warehouse,02,30545.0,Helen,USDA GREEN BEANS,Dry Dry Dry Dry Vegetables
813,182534,696,J-111,The Jericho House,485137,,ON PREMISES (OP),REHAB-Agency,LOCAL - LL,W-25-10000,68,0,0,12.24,68,WHITE,0.18,6/24/2024 11:09,6/24/2024 14:33,Price Code 1,CUSTOMER PICKUP,False,Sharing Floor Athens,01-SH,30571.0,Sautee - Nacoochee,"ASSORTED SNACK ITEMS, LL",Dry Dry Dry Dry Food Misc.
813,173414,696,J-111,The Jericho House,477043,,ON PREMISES (OP),REHAB-Agency,LOCAL - LL,W-25-10000,66,0,0,5.94,66,WHITE,0.09,1/22/2024 11:09,1/22/2024 14:12,Price Code 1,CUSTOMER PICKUP,False,Sharing Floor Athens,01-SH,30571.0,Sautee - Nacoochee,"ASSORTED SNACK ITEMS, LL",Dry Dry Dry Dry Food Misc.
813,180959,875,J-111,The Jericho House,483565,,ON PREMISES (OP),REHAB-Agency,BLUE RECEIPT-SHL,W-04-10000,5,0,0,0.0,5,WHITE,0.0,5/16/2024 11:09,5/16/2024 15:03,Price Code 1,CUSTOMER PICKUP,False,Sharing Floor Athens,01-SH,30571.0,Sautee - Nacoochee,"BREAD & BAKERY, ASSORTED SHL",Dry Dry Dry Dry Grains
440,180990,3203,W-115,White County Food Pantry,483595,,FP/GNAP/USDA,FOOD PANTRY-Agency,USDA,N-50-10289,6,0,0,27.0,150,WHITE,0.18,5/21/2024 9:00,5/21/2024 8:06,Price Code 1,CUSTOMER PICKUP,False,Rabun Warehouse,02,30528.0,Cleveland,USDA PECAN PIECES,Dry Dry Dry Dry Proteins
985,178392,235,R-133,Revivalist International Ministries,481008,,FOOD PANTRY,FOOD PANTRY-Agency,LOCAL - LL,W-03-10012,52,0,0,0.0,52,WHITE,0.0,4/5/2024 11:36,4/5/2024 11:39,Price Code 1,CONTACT FOR DELIVERY,False,Sharing Floor Athens,01-SH,30528.0,Cleveland,"ASSORTED BEVERAGES, LL",Dry Dry Dry Dry Beverages
555,177033,4788,H-151,Helen First Baptist Church,479655,,FP/USDA,MOBILE PANTRY-Agency,USDA,F-50-90039,40,0,0,0.0,1600,WHITE,0.0,3/15/2024 9:00,3/18/2024 11:04,Price Code 1,CUSTOMER PICKUP,False,Rabun Warehouse,02,30545.0,Helen,USDA CATFISH FILLETS CCC,Frozen Frozen Frozen Frozen Proteins
440,181862,5388,W-115,White County Food Pantry,484466,,FP/GNAP/USDA,FOOD PANTRY-Agency,BLUE RECEIPT-SHL,F-16-10001,37,0,0,6.66,37,WHITE,0.18,6/4/2024 15:37,6/4/2024 8:17,Price Code 1,CUSTOMER PICKUP,False,Sharing Floor Rabun,02-SH,30528.0,Cleveland,"ASSORTED FROZEN FOODS, SHL",Frozen Frozen Frozen Frozen Food Misc.
985,180136,8975,R-133,Revivalist International Ministries,FAIMPORT482744,,FOOD PANTRY,FOOD PANTRY-Agency,BLUE RECEIPT-SHL,MCC-07-10001,87,0,0,0.0,87,WHITE,0.0,5/2/2024 0:00,5/2/2024 0:00,Price Code 1,CONTACT FOR DELIVERY,False,Food Bank of Northeast Georgia,01,30528.0,Cleveland,"DAIRY PRODUCTS, SHL RETAIL PICKUPS",Dry Dry Dry Dry Dairy
813,180959,696,J-111,The Jericho House,483565,,ON PREMISES (OP),REHAB-Agency,LOCAL - LL,W-25-10000,38,0,0,6.84,38,WHITE,0.18,5/16/2024 11:09,5/16/2024 15:03,Price Code 1,CUSTOMER PICKUP,False,Sharing Floor Athens,01-SH,30571.0,Sautee - Nacoochee,"ASSORTED SNACK ITEMS, LL",Dry Dry Dry Dry Food Misc.
555,182061,3203,H-151,Helen First Baptist Church,484665,,FP/USDA,MOBILE PANTRY-Agency,USDA,N-50-10289,13,0,0,0.0,325,WHITE,0.0,6/14/2024 9:00,6/20/2024 16:12,Price Code 1,CUSTOMER PICKUP,False,Rabun Warehouse,02,30545.0,Helen,USDA PECAN PIECES,Dry Dry Dry Dry Proteins
813,173414,690,J-111,The Jericho House,477043,,ON PREMISES (OP),REHAB-Agency,BLUE RECEIPT-SHL,W-03-10013,222,0,0,0.0,222,WHITE,0.0,1/22/2024 11:09,1/22/2024 14:12,Price Code 1,CUSTOMER PICKUP,False,Sharing Floor Athens,01-SH,30571.0,Sautee - Nacoochee,"ASSORTED BEVERAGES, SHL",Dry Dry Dry Dry Beverages
440,182109,9042,W-115,White County Food Pantry,484713,,FP/GNAP/USDA,FOOD PANTRY-Agency,GNAP,F-40-90059,6,0,0,0.0,144,WHITE,0.0,6/21/2024 9:00,6/21/2024 9:14,Price Code 1,CUSTOMER PICKUP,False,Rabun Warehouse,02,30528.0,Cleveland,GNAP GROUND TURKEY CHUB 85/15,Frozen Frozen Frozen Frozen Proteins
440,180990,8783,W-115,White County Food Pantry,483595,,FP/GNAP/USDA,FOOD PANTRY-Agency,USDA,N-50-10308,10,0,0,41.4,230,WHITE,0.18,5/21/2024 9:00,5/21/2024 8:06,Price Code 1,CUSTOMER PICKUP,False,Rabun Warehouse,02,30528.0,Cleveland,USDA RAISINS,Dry Dry Dry Dry Fruits
440,172512,84,W-115,White County Food Pantry,476143,,FP/GNAP/USDA,FOOD PANTRY-Agency,USDA,N-50-10006,10,0,0,48.6,270,WHITE,0.18,1/9/2024 15:37,1/11/2024 8:06,Price Code 1,CUSTOMER PICKUP,False,Rabun Warehouse,02,30528.0,Cleveland,USDA GREEN BEANS,Dry Dry Dry Dry Vegetables
985,176431,683,R-133,Revivalist International Ministries,479055,,FOOD PANTRY,FOOD PANTRY-Agency,BLUE RECEIPT-SHL,W-16-10001,263,0,0,47.34,263,WHITE,0.18,2/29/2024 11:47,2/29/2024 11:50,Price Code 1,CONTACT FOR DELIVERY,False,Sharing Floor Athens,01-SH,30528.0,Cleveland,MISC. FOOD BOX SHL,Dry Dry Dry Dry Food Misc.
985,179784,8975,R-133,Revivalist International Ministries,FAIMPORT482397,,FOOD PANTRY,FOOD PANTRY-Agency,BLUE RECEIPT-SHL,MCC-07-10001,143,0,0,0.0,143,WHITE,0.0,4/25/2024 0:00,4/25/2024 0:00,Price Code 1,CONTACT FOR DELIVERY,False,Food Bank of Northeast Georgia,01,30528.0,Cleveland,"DAIRY PRODUCTS, SHL RETAIL PICKUPS",Dry Dry Dry Dry Dairy
440,182109,123,W-115,White County Food Pantry,484713,,FP/GNAP/USDA,FOOD PANTRY-Agency,GNAP,N-40-10002,10,0,0,0.0,150,WHITE,0.0,6/21/2024 9:00,6/21/2024 9:14,Price Code 1,CUSTOMER PICKUP,False,Rabun Warehouse,02,30528.0,Cleveland,GNAP PEANUT BUTTER,Dry Dry Dry Dry Proteins
564,181775,9071,F2KWHITE,Food 2 Kids White County,484379,,FEED SITE,DIRECT ASSISTANCE-Agency,GNAP,F-40-90060,25,0,0,0.0,1000,WHITE,0.0,6/6/2024 9:00,6/27/2024 10:02,Price Code 1,CONTACT FOR DELIVERY,False,Food Bank of Northeast Georgia,01,30607.0,Athens,GNAP LEG QUARTERS,Frozen Frozen Frozen Frozen Proteins
655,182060,4269,H-153,His Hands and Feet Ministries,484664,,FP/USDA,FOOD PANTRY-Agency,USDA,N-50-10273,13,0,0,0.0,312,WHITE,0.0,6/13/2024 11:38,6/13/2024 9:06,Price Code 1,CUSTOMER PICKUP,False,Rabun Warehouse,02,30528.0,Cleveland,USDA DRY NAVY BEANS CCC,Dry Dry Dry Dry Proteins
813,177500,5407,J-111,The Jericho House,480120,,ON PREMISES (OP),REHAB-Agency,BLUE RECEIPT-SHL,F-15-10000,286,0,0,51.48,286,WHITE,0.18,3/18/2024 11:09,3/18/2024 14:26,Price Code 1,CUSTOMER PICKUP,False,Sharing Floor Athens,01-SH,30571.0,Sautee - Nacoochee,"MEAT & SEAFOOD, FROZEN SHL",Frozen Frozen Frozen Frozen Proteins
555,173159,8783,H-151,Helen First Baptist Church,476789,,FP/USDA,MOBILE PANTRY-Agency,USDA,N-50-10308,13,0,0,0.0,299,WHITE,0.0,1/19/2024 9:00,1/22/2024 9:23,Price Code 1,CUSTOMER PICKUP,False,Rabun Warehouse,02,30545.0,Helen,USDA RAISINS,Dry Dry Dry Dry Fruits
555,179124,1674,H-151,Helen First Baptist Church,481737,,FP/USDA,MOBILE PANTRY-Agency,USDA,N-50-10073,13,0,0,0.0,351,WHITE,0.0,4/19/2024 9:00,4/22/2024 8:50,Price Code 1,CUSTOMER PICKUP,False,Rabun Warehouse,02,30545.0,Helen,USDA TOMATO SAUCE,Dry Dry Dry Dry Vegetables
813,175145,690,J-111,The Jericho House,477774,,ON PREMISES (OP),REHAB-Agency,BLUE RECEIPT-SHL,W-03-10013,477,0,0,0.0,477,WHITE,0.0,2/5/2024 11:09,2/5/2024 14:34,Price Code 1,CUSTOMER PICKUP,False,Sharing Floor Athens,01-SH,30571.0,Sautee - Nacoochee,"ASSORTED BEVERAGES, SHL",Dry Dry Dry Dry Beverages
440,180990,8997,W-115,White County Food Pantry,483595,,FP/GNAP/USDA,FOOD PANTRY-Agency,USDA,N-50-10312,10,0,0,21.6,120,WHITE,0.18,5/21/2024 9:00,5/21/2024 8:06,Price Code 1,CUSTOMER PICKUP,False,Rabun Warehouse,02,30528.0,Cleveland,USDA CHILI W/ BEANS CCC,Dry Dry Dry Dry Prepared Meals
655,177031,8720,H-153,His Hands and Feet Ministries,479653,,FP/USDA,FOOD PANTRY-Agency,USDA,N-50-10305,26,0,0,0.0,364,WHITE,0.0,3/14/2024 11:38,3/15/2024 9:06,Price Code 1,CUSTOMER PICKUP,False,Rabun Warehouse,02,30528.0,Cleveland,USDA MIXED VegetablesCCC,Dry Dry Dry Dry Vegetables
440,172512,2862,W-115,White County Food Pantry,476143,,FP/GNAP/USDA,FOOD PANTRY-Agency,USDA,N-50-10115,10,0,0,48.6,270,WHITE,0.18,1/9/2024 15:37,1/11/2024 8:06,Price Code 1,CUSTOMER PICKUP,False,Rabun Warehouse,02,30528.0,Cleveland,USDA DARK RED KIDNEY BEANS CCC,Dry Dry Dry Dry Proteins
985,178392,683,R-133,Revivalist International Ministries,481008,,FOOD PANTRY,FOOD PANTRY-Agency,BLUE RECEIPT-SHL,W-16-10001,111,0,0,19.98,111,WHITE,0.18,4/5/2024 11:36,4/5/2024 11:39,Price Code 1,CONTACT FOR DELIVERY,False,Sharing Floor Athens,01-SH,30528.0,Cleveland,MISC. FOOD BOX SHL,Dry Dry Dry Dry Food Misc.
555,182061,1047,H-151,Helen First Baptist Church,484665,,FP/USDA,MOBILE PANTRY-Agency,USDA,N-50-10041,13,0,0,0.0,637,WHITE,0.0,6/14/2024 9:00,6/20/2024 16:12,Price Code 1,CUSTOMER PICKUP,False,Rabun Warehouse,02,30545.0,Helen,USDA RICE,Dry Dry Dry Dry Grains
813,177500,696,J-111,The Jericho House,480120,,ON PREMISES (OP),REHAB-Agency,LOCAL - LL,W-25-10000,30,0,0,5.4,30,WHITE,0.18,3/18/2024 11:09,3/18/2024 14:26,Price Code 1,CUSTOMER PICKUP,False,Sharing Floor Athens,01-SH,30571.0,Sautee - Nacoochee,"ASSORTED SNACK ITEMS, LL",Dry Dry Dry Dry Food Misc.
440,182401,170,W-115,White County Food Pantry,485005,,FP/GNAP/USDA,FOOD PANTRY-Agency,USDA,N-50-10007,10,0,0,50.4,280,WHITE,0.18,6/25/2024 8:00,7/2/2024 7:09,Price Code 1,CUSTOMER PICKUP,False,Rabun Warehouse,02,30528.0,Cleveland,"USDA CORN, WHOLE KERNEL NO SALT",Dry Dry Dry Dry Vegetables
985,176431,5407,R-133,Revivalist International Ministries,479055,,FOOD PANTRY,FOOD PANTRY-Agency,BLUE RECEIPT-SHL,F-15-10000,75,0,0,13.5,75,WHITE,0.18,2/29/2024 11:47,2/29/2024 11:50,Price Code 1,CONTACT FOR DELIVERY,False,Sharing Floor Athens,01-SH,30528.0,Cleveland,"MEAT & SEAFOOD, FROZEN SHL",Frozen Frozen Frozen Frozen Proteins
440,180493,3717,W-115,White County Food Pantry,483099,,FP/GNAP/USDA,FOOD PANTRY-Agency,GNAP,N-40-10154,12,0,0,0.0,240,WHITE,0.0,5/14/2024 8:15,5/14/2024 7:32,Price Code 1,CUSTOMER PICKUP,False,Rabun Warehouse,02,30528.0,Cleveland,"GNAP APPLE JUICE, SINGLE SERVE",Dry Dry Dry Dry Beverages
555,173159,84,H-151,Helen First Baptist Church,476789,,FP/USDA,MOBILE PANTRY-Agency,USDA,N-50-10006,13,0,0,0.0,351,WHITE,0.0,1/19/2024 9:00,1/22/2024 9:23,Price Code 1,CUSTOMER PICKUP,False,Rabun Warehouse,02,30545.0,Helen,USDA GREEN BEANS,Dry Dry Dry Dry Vegetables
555,179124,8783,H-151,Helen First Baptist Church,481737,,FP/USDA,MOBILE PANTRY-Agency,USDA,N-50-10308,13,0,0,0.0,299,WHITE,0.0,4/19/2024 9:00,4/22/2024 8:50,Price Code 1,CUSTOMER PICKUP,False,Rabun Warehouse,02,30545.0,Helen,USDA RAISINS,Dry Dry Dry Dry Fruits
440,178069,3943,W-115,White County Food Pantry,480688,,FP/GNAP/USDA,FOOD PANTRY-Agency,USDA,N-50-10268,20,0,0,22.8,760,WHITE,0.03,4/9/2024 15:37,4/9/2024 7:44,Price Code 1,CUSTOMER PICKUP,False,Rabun Warehouse,02,30528.0,Cleveland,USDA APPLE JUICE,Dry Dry Dry Dry Beverages
587,172585,170,S-139,Shoal Creek Baptist Church,476216,,FP/USDA,FOOD PANTRY-Agency,USDA,N-50-10007,5,0,0,25.2,140,WHITE,0.18,1/16/2024 11:00,1/16/2024 10:52,Price Code 1,CUSTOMER PICKUP,False,Rabun Warehouse,02,30528.0,Cleveland,"USDA CORN, WHOLE KERNEL NO SALT",Dry Dry Dry Dry Vegetables
440,172511,8627,W-115,White County Food Pantry,476142,,FP/GNAP/USDA,FOOD PANTRY-Agency,USDA,N-50-10300,20,0,0,50.4,280,WHITE,0.18,1/9/2024 15:37,1/11/2024 8:03,Price Code 1,CUSTOMER PICKUP,False,Rabun Warehouse,02,30528.0,Cleveland,USDA CANNED COLLARD GREENS CCC,Dry Dry Dry Dry Vegetables
587,182101,5388,S-139,Shoal Creek Baptist Church,484705,,FP/USDA,FOOD PANTRY-Agency,BLUE RECEIPT-SHL,F-16-10001,30,0,0,5.4,30,WHITE,0.18,6/11/2024 9:57,6/11/2024 11:04,Price Code 1,CUSTOMER PICKUP,False,Sharing Floor Rabun,02-SH,30528.0,Cleveland,"ASSORTED FROZEN FOODS, SHL",Frozen Frozen Frozen Frozen Food Misc.
440,182109,3203,W-115,White County Food Pantry,484713,,FP/GNAP/USDA,FOOD PANTRY-Agency,USDA,N-50-10289,6,0,0,27.0,150,WHITE,0.18,6/21/2024 9:00,6/21/2024 9:14,Price Code 1,CUSTOMER PICKUP,False,Rabun Warehouse,02,30528.0,Cleveland,USDA PECAN PIECES,Dry Dry Dry Dry Proteins
813,177500,5958,J-111,The Jericho House,480120,,ON PREMISES (OP),REHAB-Agency,BLUE RECEIPT-SHL,C-16-10001,87,0,0,15.66,87,WHITE,0.18,3/18/2024 11:09,3/18/2024 14:26,Price Code 1,CUSTOMER PICKUP,False,Sharing Floor Athens,01-SH,30571.0,Sautee - Nacoochee,"COOLER FOOD, MISC. SHL",Cooled Cooled Cooled Cooled Food Misc.
587,175568,5938,S-139,Shoal Creek Baptist Church,478196,,FP/USDA,FOOD PANTRY-Agency,BLUE RECEIPT-SHL,C-28-10001,8,0,0,0.24,8,WHITE,0.03,2/13/2024 9:57,2/13/2024 11:45,Price Code 1,CUSTOMER PICKUP,False,Sharing Floor Rabun,02-SH,30528.0,Cleveland,"PRODUCE, FRESH SHL",Cooled Cooled Cooled Cooled Mixed Produce
655,182060,170,H-153,His Hands and Feet Ministries,484664,,FP/USDA,FOOD PANTRY-Agency,USDA,N-50-10007,13,0,0,0.0,364,WHITE,0.0,6/13/2024 11:38,6/13/2024 9:06,Price Code 1,CUSTOMER PICKUP,False,Rabun Warehouse,02,30528.0,Cleveland,"USDA CORN, WHOLE KERNEL NO SALT",Dry Dry Dry Dry Vegetables
555,173159,1481,H-151,Helen First Baptist Church,476789,,FP/USDA,MOBILE PANTRY-Agency,USDA,N-50-10105,13,0,0,0.0,221,WHITE,0.0,1/19/2024 9:00,1/22/2024 9:23,Price Code 1,CUSTOMER PICKUP,False,Rabun Warehouse,02,30545.0,Helen,USDA DRIED CHERRIES CCC,Dry Dry Dry Dry Fruits
440,179816,8970,W-115,White County Food Pantry,FAIMPORT482427,,FP/GNAP/USDA,FOOD PANTRY-Agency,BLUE RECEIPT-SHL,MCW-16-10001,106,0,0,0.0,106,WHITE,0.0,4/29/2024 0:00,4/29/2024 0:00,Price Code 1,CUSTOMER PICKUP,False,Food Bank of Northeast Georgia,01,30528.0,Cleveland,"MISC. FOOD BOX, SHL RETAIL PICKUP",Dry Dry Dry Dry Food Misc.
555,179124,84,H-151,Helen First Baptist Church,481737,,FP/USDA,MOBILE PANTRY-Agency,USDA,N-50-10006,13,0,0,0.0,351,WHITE,0.0,4/19/2024 9:00,4/22/2024 8:50,Price Code 1,CUSTOMER PICKUP,False,Rabun Warehouse,02,30545.0,Helen,USDA GREEN BEANS,Dry Dry Dry Dry Vegetables
655,175268,8672,H-153,His Hands and Feet Ministries,477897,,FP/USDA,FOOD PANTRY-Agency,USDA,N-50-10301,13,0,0,0.0,312,WHITE,0.0,2/7/2024 11:38,2/8/2024 15:45,Price Code 1,TRUCK 2 MOBILE PANTRY,False,Rabun Warehouse,02,30528.0,Cleveland,USDA YELLOW SPLIT PEAS,Dry Dry Dry Dry Proteins
587,172973,8783,S-139,Shoal Creek Baptist Church,476603,,FP/USDA,FOOD PANTRY-Agency,USDA,N-50-10308,5,0,0,20.7,115,WHITE,0.18,1/16/2024 9:57,1/16/2024 10:53,Price Code 1,CUSTOMER PICKUP,False,Rabun Warehouse,02,30528.0,Cleveland,USDA RAISINS,Dry Dry Dry Dry Fruits
440,176879,1047,W-115,White County Food Pantry,479501,,FP/GNAP/USDA,FOOD PANTRY-Agency,USDA,N-50-10041,10,0,0,88.2,490,WHITE,0.18,3/12/2024 15:37,3/12/2024 8:24,Price Code 1,CUSTOMER PICKUP,False,Rabun Warehouse,02,30528.0,Cleveland,USDA RICE,Dry Dry Dry Dry Grains
555,175675,170,H-151,Helen First Baptist Church,478303,,FP/USDA,MOBILE PANTRY-Agency,USDA,N-50-10007,13,0,0,0.0,364,WHITE,0.0,2/16/2024 9:00,2/20/2024 15:54,Price Code 1,TRUCK 2 MOBILE PANTRY,False,Rabun Warehouse,02,30545.0,Helen,"USDA CORN, WHOLE KERNEL NO SALT",Dry Dry Dry Dry Vegetables
985,182209,683,R-133,Revivalist International Ministries,484813,,FOOD PANTRY,FOOD PANTRY-Agency,BLUE RECEIPT-SHL,W-16-10001,223,0,0,40.14,223,WHITE,0.18,6/14/2024 9:58,6/14/2024 10:00,Price Code 1,CONTACT FOR DELIVERY,False,Sharing Floor Rabun,02-SH,30528.0,Cleveland,MISC. FOOD BOX SHL,Dry Dry Dry Dry Food Misc.
587,177139,690,S-139,Shoal Creek Baptist Church,479760,,FP/USDA,FOOD PANTRY-Agency,BLUE RECEIPT-SHL,W-03-10013,57,0,0,1.71,57,WHITE,0.03,3/12/2024 9:57,3/12/2024 11:48,Price Code 1,CUSTOMER PICKUP,False,Sharing Floor Rabun,02-SH,30528.0,Cleveland,"ASSORTED BEVERAGES, SHL",Dry Dry Dry Dry Beverages
813,175145,5407,J-111,The Jericho House,477774,,ON PREMISES (OP),REHAB-Agency,BLUE RECEIPT-SHL,F-15-10000,31,0,0,0.0,31,WHITE,0.0,2/5/2024 11:09,2/5/2024 14:34,Price Code 1,CUSTOMER PICKUP,False,Sharing Floor Athens,01-SH,30571.0,Sautee - Nacoochee,"MEAT & SEAFOOD, FROZEN SHL",Frozen Frozen Frozen Frozen Proteins
813,175975,690,J-111,The Jericho House,478603,,ON PREMISES (OP),REHAB-Agency,BLUE RECEIPT-SHL,W-03-10013,832,0,0,0.0,832,WHITE,0.0,2/21/2024 11:09,2/21/2024 15:03,Price Code 1,CUSTOMER PICKUP,False,Sharing Floor Athens,01-SH,30571.0,Sautee - Nacoochee,"ASSORTED BEVERAGES, SHL",Dry Dry Dry Dry Beverages
440,178834,8997,W-115,White County Food Pantry,481448,,FP/GNAP/USDA,FOOD PANTRY-Agency,USDA,N-50-10312,30,0,0,64.8,360,WHITE,0.18,4/16/2024 15:37,4/16/2024 8:02,Price Code 1,CUSTOMER PICKUP,False,Rabun Warehouse,02,30528.0,Cleveland,USDA CHILI W/ BEANS CCC,Dry Dry Dry Dry Prepared Meals
440,179201,8974,W-115,White County Food Pantry,FAIMPORT481814,,FP/GNAP/USDA,FOOD PANTRY-Agency,BLUE RECEIPT-SHL,MCW-04-10000,20,0,0,0.0,20,WHITE,0.0,4/15/2024 0:00,4/15/2024 0:00,Price Code 1,CUSTOMER PICKUP,False,Food Bank of Northeast Georgia,01,30528.0,Cleveland,"BREAD AND BAKERY, SHL RETAIL PICKUPS",Dry Dry Dry Dry Grains
440,181655,4449,W-115,White County Food Pantry,484259,,FP/GNAP/USDA,FOOD PANTRY-Agency,USDA,F-50-90445,6,0,0,24.6,246,WHITE,0.1,6/4/2024 9:00,6/4/2024 8:14,Price Code 1,CUSTOMER PICKUP,False,Rabun Warehouse,02,30528.0,Cleveland,USDA FULLY COOKED PULLED PORK CCC,Frozen Frozen Frozen Frozen Proteins
985,181360,5407,R-133,Revivalist International Ministries,483964,,FOOD PANTRY,FOOD PANTRY-Agency,BLUE RECEIPT-SHL,F-15-10000,48,0,0,8.64,48,WHITE,0.18,5/24/2024 11:59,5/24/2024 12:03,Price Code 1,CONTACT FOR DELIVERY,False,Sharing Floor Athens,01-SH,30528.0,Cleveland,"MEAT & SEAFOOD, FROZEN SHL",Frozen Frozen Frozen Frozen Proteins
440,178575,4422,W-115,White County Food Pantry,481191,,FP/GNAP/USDA,FOOD PANTRY-Agency,USDA,F-50-90452,50,0,0,160.0,1600,WHITE,0.1,4/9/2024 15:37,4/9/2024 8:36,Price Code 1,CUSTOMER PICKUP,False,Food Bank of Northeast Georgia,01,30528.0,Cleveland,USDA PORK LOIN BONELESS ROAST,Frozen Frozen Frozen Frozen Proteins
440,181655,1047,W-115,White County Food Pantry,484259,,FP/GNAP/USDA,FOOD PANTRY-Agency,USDA,N-50-10041,10,0,0,88.2,490,WHITE,0.18,6/4/2024 9:00,6/4/2024 8:14,Price Code 1,CUSTOMER PICKUP,False,Rabun Warehouse,02,30528.0,Cleveland,USDA RICE,Dry Dry Dry Dry Grains
655,175268,8914,H-153,His Hands and Feet Ministries,477897,,FP/USDA,FOOD PANTRY-Agency,USDA,N-50-10310,13,0,0,0.0,351,WHITE,0.0,2/7/2024 11:38,2/8/2024 15:45,Price Code 1,TRUCK 2 MOBILE PANTRY,False,Rabun Warehouse,02,30528.0,Cleveland,USDA DICED POTATOES,Dry Dry Dry Dry Potatoes
555,175675,7082,H-151,Helen First Baptist Church,478303,,FP/USDA,MOBILE PANTRY-Agency,USDA,C-50-10033,52,0,0,0.0,624,WHITE,0.0,2/16/2024 9:00,2/20/2024 15:54,Price Code 1,TRUCK 2 MOBILE PANTRY,False,Rabun Warehouse,02,30545.0,Helen,USDA SHREDDED YELLOW CHEDDAR CHEESE CCC,Cooled Cooled Cooled Cooled Dairy
440,179582,4327,W-115,White County Food Pantry,482195,,FP/GNAP/USDA,FOOD PANTRY-Agency,USDA,N-50-10277,10,0,0,48.6,270,WHITE,0.18,4/30/2024 15:37,4/30/2024 8:30,Price Code 1,CUSTOMER PICKUP,False,Rabun Warehouse,02,30528.0,Cleveland,USDA GARBANZO BEANS,Dry Dry Dry Dry Proteins
985,181360,683,R-133,Revivalist International Ministries,483964,,FOOD PANTRY,FOOD PANTRY-Agency,BLUE RECEIPT-SHL,W-16-10001,89,0,0,16.02,89,WHITE,0.18,5/24/2024 11:59,5/24/2024 12:03,Price Code 1,CONTACT FOR DELIVERY,False,Sharing Floor Athens,01-SH,30528.0,Cleveland,MISC. FOOD BOX SHL,Dry Dry Dry Dry Food Misc.
813,181464,690,J-111,The Jericho House,484068,,ON PREMISES (OP),REHAB-Agency,BLUE RECEIPT-SHL,W-03-10013,159,0,0,0.0,159,WHITE,0.0,5/28/2024 11:09,5/28/2024 13:39,Price Code 1,CUSTOMER PICKUP,False,Sharing Floor Athens,01-SH,30571.0,Sautee - Nacoochee,"ASSORTED BEVERAGES, SHL",Dry Dry Dry Dry Beverages
440,176231,1674,W-115,White County Food Pantry,478857,,FP/GNAP/USDA,FOOD PANTRY-Agency,USDA,N-50-10073,20,0,0,97.2,540,WHITE,0.18,3/5/2024 15:37,3/5/2024 7:06,Price Code 1,CUSTOMER PICKUP,False,Rabun Warehouse,02,30528.0,Cleveland,USDA TOMATO SAUCE,Dry Dry Dry Dry Vegetables
440,181655,3943,W-115,White County Food Pantry,484259,,FP/GNAP/USDA,FOOD PANTRY-Agency,USDA,N-50-10268,20,0,0,22.8,760,WHITE,0.03,6/4/2024 9:00,6/4/2024 8:14,Price Code 1,CUSTOMER PICKUP,False,Rabun Warehouse,02,30528.0,Cleveland,USDA APPLE JUICE,Dry Dry Dry Dry Beverages
813,172751,690,J-111,The Jericho House,476382,,ON PREMISES (OP),REHAB-Agency,BLUE RECEIPT-SHL,W-03-10013,1083,0,0,0.0,1083,WHITE,0.0,1/8/2024 11:09,1/8/2024 14:37,Price Code 1,CUSTOMER PICKUP,False,Sharing Floor Athens,01-SH,30571.0,Sautee - Nacoochee,"ASSORTED BEVERAGES, SHL",Dry Dry Dry Dry Beverages
440,180308,7151,W-115,White County Food Pantry,482914,,FP/GNAP/USDA,FOOD PANTRY-Agency,GNAP,N-40-10232,20,0,0,0.0,200,WHITE,0.0,5/14/2024 8:00,5/14/2024 7:33,Price Code 1,CUSTOMER PICKUP,False,Rabun Warehouse,02,30528.0,Cleveland,GNAP STROGANOFF DINNER POUCH,Dry Dry Dry Dry Prepared Meals
587,175381,8783,S-139,Shoal Creek Baptist Church,478010,,FP/USDA,FOOD PANTRY-Agency,USDA,N-50-10308,10,0,0,41.4,230,WHITE,0.18,2/13/2024 9:57,2/13/2024 11:41,Price Code 1,CUSTOMER PICKUP,False,Rabun Warehouse,02,30528.0,Cleveland,USDA RAISINS,Dry Dry Dry Dry Fruits
655,175268,1047,H-153,His Hands and Feet Ministries,477897,,FP/USDA,FOOD PANTRY-Agency,USDA,N-50-10041,13,0,0,0.0,637,WHITE,0.0,2/7/2024 11:38,2/8/2024 15:45,Price Code 1,TRUCK 2 MOBILE PANTRY,False,Rabun Warehouse,02,30528.0,Cleveland,USDA RICE,Dry Dry Dry Dry Grains
440,179582,9029,W-115,White County Food Pantry,482195,,FP/GNAP/USDA,FOOD PANTRY-Agency,YELLOW RECEIPT - SHN,N-25-11971,10,0,0,14.4,80,WHITE,0.18,4/30/2024 15:37,4/30/2024 8:30,Price Code 1,CUSTOMER PICKUP,False,Rabun Warehouse,02,30528.0,Cleveland,BIGS JUMBO SUNFLOWER KERNELS,Dry Dry Dry Dry Proteins
655,182060,4327,H-153,His Hands and Feet Ministries,484664,,FP/USDA,FOOD PANTRY-Agency,USDA,N-50-10277,13,0,0,0.0,351,WHITE,0.0,6/13/2024 11:38,6/13/2024 9:06,Price Code 1,CUSTOMER PICKUP,False,Rabun Warehouse,02,30528.0,Cleveland,USDA GARBANZO BEANS,Dry Dry Dry Dry Proteins
440,178350,4327,W-115,White County Food Pantry,480966,,FP/GNAP/USDA,FOOD PANTRY-Agency,USDA,N-50-10277,6,0,0,29.16,162,WHITE,0.18,4/9/2024 15:37,4/9/2024 7:44,Price Code 1,CUSTOMER PICKUP,False,Rabun Warehouse,02,30528.0,Cleveland,USDA GARBANZO BEANS,Dry Dry Dry Dry Proteins
813,178259,5407,J-111,The Jericho House,480875,,ON PREMISES (OP),REHAB-Agency,BLUE RECEIPT-SHL,F-15-10000,213,0,0,38.34,213,WHITE,0.18,4/3/2024 11:09,4/3/2024 14:40,Price Code 1,CUSTOMER PICKUP,False,Sharing Floor Athens,01-SH,30571.0,Sautee - Nacoochee,"MEAT & SEAFOOD, FROZEN SHL",Frozen Frozen Frozen Frozen Proteins
813,173414,5772,J-111,The Jericho House,477043,,ON PREMISES (OP),REHAB-Agency,LOCAL - LL,C-28-10000,62,0,0,1.86,62,WHITE,0.03,1/22/2024 11:09,1/22/2024 14:12,Price Code 1,CUSTOMER PICKUP,False,Sharing Floor Athens,01-SH,30571.0,Sautee - Nacoochee,"PRODUCE, FRESH LL",Cooled Cooled Cooled Cooled Mixed Produce
985,173983,50,R-133,Revivalist International Ministries,477612,,FOOD PANTRY,FOOD PANTRY-Agency,LOCAL - LL,W-16-10002,173,0,0,31.14,173,WHITE,0.18,2/1/2024 12:01,2/1/2024 12:03,Price Code 1,CONTACT FOR DELIVERY,False,Sharing Floor Athens,01-SH,30528.0,Cleveland,MISC. FOOD BOX LL,Dry Dry Dry Dry Food Misc.
440,180308,9043,W-115,White County Food Pantry,482914,,FP/GNAP/USDA,FOOD PANTRY-Agency,GNAP,N-40-10277,40,0,0,0.0,320,WHITE,0.0,5/14/2024 8:00,5/14/2024 7:33,Price Code 1,CUSTOMER PICKUP,False,Rabun Warehouse,02,30528.0,Cleveland,GNAP DELUXE SHELLS & CHEESE,Dry Dry Dry Dry Prepared Meals
587,176312,1674,S-139,Shoal Creek Baptist Church,478937,,FP/USDA,FOOD PANTRY-Agency,USDA,N-50-10073,10,0,0,48.6,270,WHITE,0.18,3/12/2024 9:57,3/12/2024 11:35,Price Code 1,CUSTOMER PICKUP,False,Rabun Warehouse,02,30528.0,Cleveland,USDA TOMATO SAUCE,Dry Dry Dry Dry Vegetables
985,180967,8970,R-133,Revivalist International Ministries,FAIMPORT483573,,FOOD PANTRY,FOOD PANTRY-Agency,BLUE RECEIPT-SHL,MCW-16-10001,89,0,0,0.0,89,WHITE,0.0,5/14/2024 0:00,5/14/2024 0:00,Price Code 1,CONTACT FOR DELIVERY,False,Food Bank of Northeast Georgia,01,30528.0,Cleveland,"MISC. FOOD BOX, SHL RETAIL PICKUP",Dry Dry Dry Dry Food Misc.
587,182048,4269,S-139,Shoal Creek Baptist Church,484652,,FP/USDA,FOOD PANTRY-Agency,USDA,N-50-10273,10,0,0,43.2,240,WHITE,0.18,6/21/2024 11:30,6/21/2024 9:12,Price Code 1,CUSTOMER PICKUP,False,Rabun Warehouse,02,30528.0,Cleveland,USDA DRY NAVY BEANS CCC,Dry Dry Dry Dry Proteins
985,173983,696,R-133,Revivalist International Ministries,477612,,FOOD PANTRY,FOOD PANTRY-Agency,LOCAL - LL,W-25-10000,22,0,0,3.96,22,WHITE,0.18,2/1/2024 12:01,2/1/2024 12:03,Price Code 1,CONTACT FOR DELIVERY,False,Sharing Floor Athens,01-SH,30528.0,Cleveland,"ASSORTED SNACK ITEMS, LL",Dry Dry Dry Dry Food Misc.
440,180990,2202,W-115,White County Food Pantry,483595,,FP/GNAP/USDA,FOOD PANTRY-Agency,USDA,N-50-10240,10,0,0,39.6,220,WHITE,0.18,5/21/2024 9:00,5/21/2024 8:06,Price Code 1,CUSTOMER PICKUP,False,Rabun Warehouse,02,30528.0,Cleveland,USDA SPAGHETTI,Dry Dry Dry Dry Grains
440,172512,170,W-115,White County Food Pantry,476143,,FP/GNAP/USDA,FOOD PANTRY-Agency,USDA,N-50-10007,10,0,0,50.4,280,WHITE,0.18,1/9/2024 15:37,1/11/2024 8:06,Price Code 1,CUSTOMER PICKUP,False,Rabun Warehouse,02,30528.0,Cleveland,"USDA CORN, WHOLE KERNEL NO SALT",Dry Dry Dry Dry Vegetables
655,182060,2202,H-153,His Hands and Feet Ministries,484664,,FP/USDA,FOOD PANTRY-Agency,USDA,N-50-10240,15,0,0,0.0,330,WHITE,0.0,6/13/2024 11:38,6/13/2024 9:06,Price Code 1,CUSTOMER PICKUP,False,Rabun Warehouse,02,30528.0,Cleveland,USDA SPAGHETTI,Dry Dry Dry Dry Grains
555,173159,8720,H-151,Helen First Baptist Church,476789,,FP/USDA,MOBILE PANTRY-Agency,USDA,N-50-10305,26,0,0,0.0,364,WHITE,0.0,1/19/2024 9:00,1/22/2024 9:23,Price Code 1,CUSTOMER PICKUP,False,Rabun Warehouse,02,30545.0,Helen,USDA MIXED VegetablesCCC,Dry Dry Dry Dry Vegetables
655,180320,3139,H-153,His Hands and Feet Ministries,482926,,FP/USDA,FOOD PANTRY-Agency,USDA,N-50-10290,13,0,0,0.0,325,WHITE,0.0,5/9/2024 11:38,5/9/2024 14:11,Price Code 1,CUSTOMER PICKUP,False,Rabun Warehouse,02,30528.0,Cleveland,USDA WHOLE ALMONDS DRY ROASTED,Dry Dry Dry Dry Proteins
440,177679,6831,W-115,White County Food Pantry,480299,,FP/GNAP/USDA,FOOD PANTRY-Agency,USDA,C-50-10025,4,0,0,16.8,168,WHITE,0.1,3/26/2024 15:37,3/26/2024 8:10,Price Code 1,CUSTOMER PICKUP,False,Rabun Warehouse,02,30528.0,Cleveland,USDA APPLES,Cooled Cooled Cooled Cooled Fruits
555,177033,6831,H-151,Helen First Baptist Church,479655,,FP/USDA,MOBILE PANTRY-Agency,USDA,C-50-10025,49,0,0,0.0,2058,WHITE,0.0,3/15/2024 9:00,3/18/2024 11:04,Price Code 1,CUSTOMER PICKUP,False,Rabun Warehouse,02,30545.0,Helen,USDA APPLES,Cooled Cooled Cooled Cooled Fruits
587,182048,7083,S-139,Shoal Creek Baptist Church,484652,,FP/USDA,FOOD PANTRY-Agency,USDA,C-50-10029,5,0,0,10.8,60,WHITE,0.18,6/21/2024 11:30,6/21/2024 9:12,Price Code 1,CUSTOMER PICKUP,False,Rabun Warehouse,02,30528.0,Cleveland,"USDA MILD CHEDDAR CHEESE, BLOCK CCC",Cooled Cooled Cooled Cooled Dairy
985,176399,8974,R-133,Revivalist International Ministries,FAIMPORT479024,,FOOD PANTRY,FOOD PANTRY-Agency,BLUE RECEIPT-SHL,MCW-04-10000,44,0,0,0.0,44,WHITE,0.0,2/27/2024 0:00,2/27/2024 0:00,Price Code 1,CONTACT FOR DELIVERY,False,Food Bank of Northeast Georgia,01,30528.0,Cleveland,"BREAD AND BAKERY, SHL RETAIL PICKUPS",Dry Dry Dry Dry Grains
440,180990,4327,W-115,White County Food Pantry,483595,,FP/GNAP/USDA,FOOD PANTRY-Agency,USDA,N-50-10277,6,0,0,29.16,162,WHITE,0.18,5/21/2024 9:00,5/21/2024 8:06,Price Code 1,CUSTOMER PICKUP,False,Rabun Warehouse,02,30528.0,Cleveland,USDA GARBANZO BEANS,Dry Dry Dry Dry Proteins
555,182061,9013,H-151,Helen First Baptist Church,484665,,FP/USDA,MOBILE PANTRY-Agency,USDA,N-50-10313,13,0,0,0.0,312,WHITE,0.0,6/14/2024 9:00,6/20/2024 16:12,Price Code 1,CUSTOMER PICKUP,False,Rabun Warehouse,02,30545.0,Helen,USDA LIGHT RED KIDNEY BEANS 24/1LB,Dry Dry Dry Dry Proteins
813,173414,92,J-111,The Jericho House,477043,,ON PREMISES (OP),REHAB-Agency,LOCAL - LL,W-01-10002,13,0,0,2.34,13,WHITE,0.18,1/22/2024 11:09,1/22/2024 14:12,Price Code 1,CUSTOMER PICKUP,False,Sharing Floor Athens,01-SH,30571.0,Sautee - Nacoochee,"ASSORTED NON-FOOD ITEMS, LL",Dry Dry Dry Dry Non-Food Misc.
985,176431,5388,R-133,Revivalist International Ministries,479055,,FOOD PANTRY,FOOD PANTRY-Agency,BLUE RECEIPT-SHL,F-16-10001,47,0,0,0.0,47,WHITE,0.0,2/29/2024 11:47,2/29/2024 11:50,Price Code 1,CONTACT FOR DELIVERY,False,Sharing Floor Athens,01-SH,30528.0,Cleveland,"ASSORTED FROZEN FOODS, SHL",Frozen Frozen Frozen Frozen Food Misc.
440,180738,8970,W-115,White County Food Pantry,FAIMPORT483344,,FP/GNAP/USDA,FOOD PANTRY-Agency,BLUE RECEIPT-SHL,MCW-16-10001,81,0,0,0.0,81,WHITE,0.0,5/13/2024 0:00,5/13/2024 0:00,Price Code 1,CUSTOMER PICKUP,False,Food Bank of Northeast Georgia,01,30528.0,Cleveland,"MISC. FOOD BOX, SHL RETAIL PICKUP",Dry Dry Dry Dry Food Misc.
985,181706,8970,R-133,Revivalist International Ministries,FAIMPORT484310,,FOOD PANTRY,FOOD PANTRY-Agency,BLUE RECEIPT-SHL,MCW-16-10001,47,0,0,0.0,47,WHITE,0.0,5/30/2024 0:00,5/30/2024 0:00,Price Code 1,CONTACT FOR DELIVERY,False,Food Bank of Northeast Georgia,01,30528.0,Cleveland,"MISC. FOOD BOX, SHL RETAIL PICKUP",Dry Dry Dry Dry Food Misc.
655,178320,8720,H-153,His Hands and Feet Ministries,480936,,FP/USDA,FOOD PANTRY-Agency,USDA,N-50-10305,26,0,0,0.0,364,WHITE,0.0,4/11/2024 11:38,4/11/2024 11:05,Price Code 1,CUSTOMER PICKUP,False,Rabun Warehouse,02,30528.0,Cleveland,USDA MIXED VegetablesCCC,Dry Dry Dry Dry Vegetables
440,182401,8997,W-115,White County Food Pantry,485005,,FP/GNAP/USDA,FOOD PANTRY-Agency,USDA,N-50-10312,10,0,0,21.6,120,WHITE,0.18,6/25/2024 8:00,7/2/2024 7:09,Price Code 1,CUSTOMER PICKUP,False,Rabun Warehouse,02,30528.0,Cleveland,USDA CHILI W/ BEANS CCC,Dry Dry Dry Dry Prepared Meals
440,172511,4715,W-115,White County Food Pantry,476142,,FP/GNAP/USDA,FOOD PANTRY-Agency,USDA,F-50-90461,6,0,0,43.2,240,WHITE,0.18,1/9/2024 15:37,1/11/2024 8:03,Price Code 1,CUSTOMER PICKUP,False,Rabun Warehouse,02,30528.0,Cleveland,USDA ALASKAN POLLACK FISH FILLETS,Frozen Frozen Frozen Frozen Proteins
440,182109,9013,W-115,White County Food Pantry,484713,,FP/GNAP/USDA,FOOD PANTRY-Agency,USDA,N-50-10313,6,0,0,25.92,144,WHITE,0.18,6/21/2024 9:00,6/21/2024 9:14,Price Code 1,CUSTOMER PICKUP,False,Rabun Warehouse,02,30528.0,Cleveland,USDA LIGHT RED KIDNEY BEANS 24/1LB,Dry Dry Dry Dry Proteins
555,173159,1791,H-151,Helen First Baptist Church,476789,,FP/USDA,MOBILE PANTRY-Agency,USDA,N-50-10079,13,0,0,0.0,338,WHITE,0.0,1/19/2024 9:00,1/22/2024 9:23,Price Code 1,CUSTOMER PICKUP,False,Rabun Warehouse,02,30545.0,Helen,USDA WALNUT HALVES AND PIECES,Dry Dry Dry Dry Proteins
655,182060,84,H-153,His Hands and Feet Ministries,484664,,FP/USDA,FOOD PANTRY-Agency,USDA,N-50-10006,13,0,0,0.0,351,WHITE,0.0,6/13/2024 11:38,6/13/2024 9:06,Price Code 1,CUSTOMER PICKUP,False,Rabun Warehouse,02,30528.0,Cleveland,USDA GREEN BEANS,Dry Dry Dry Dry Vegetables
655,180320,2202,H-153,His Hands and Feet Ministries,482926,,FP/USDA,FOOD PANTRY-Agency,USDA,N-50-10240,15,0,0,0.0,330,WHITE,0.0,5/9/2024 11:38,5/9/2024 14:11,Price Code 1,CUSTOMER PICKUP,False,Rabun Warehouse,02,30528.0,Cleveland,USDA SPAGHETTI,Dry Dry Dry Dry Grains
655,177031,8690,H-153,His Hands and Feet Ministries,479653,,FP/USDA,FOOD PANTRY-Agency,USDA,N-50-10302,26,0,0,0.0,364,WHITE,0.0,3/14/2024 11:38,3/15/2024 9:06,Price Code 1,CUSTOMER PICKUP,False,Rabun Warehouse,02,30528.0,Cleveland,USDA GREEN BEANS CCC,Dry Dry Dry Dry Vegetables
564,181775,9025,F2KWHITE,Food 2 Kids White County,484379,,FEED SITE,DIRECT ASSISTANCE-Agency,YELLOW RECEIPT - SHN,N-11-11072,10,0,0,0.0,90,WHITE,0.0,6/6/2024 9:00,6/27/2024 10:02,Price Code 1,CONTACT FOR DELIVERY,False,Food Bank of Northeast Georgia,01,30607.0,Athens,MRS BUTTERSWORTHS SMORES PANCAKE KIT,Dry Dry Dry Dry Food Misc.
555,182061,1791,H-151,Helen First Baptist Church,484665,,FP/USDA,MOBILE PANTRY-Agency,USDA,N-50-10079,13,0,0,0.0,338,WHITE,0.0,6/14/2024 9:00,6/20/2024 16:12,Price Code 1,CUSTOMER PICKUP,False,Rabun Warehouse,02,30545.0,Helen,USDA WALNUT HALVES AND PIECES,Dry Dry Dry Dry Proteins
555,179124,8720,H-151,Helen First Baptist Church,481737,,FP/USDA,MOBILE PANTRY-Agency,USDA,N-50-10305,26,0,0,0.0,364,WHITE,0.0,4/19/2024 9:00,4/22/2024 8:50,Price Code 1,CUSTOMER PICKUP,False,Rabun Warehouse,02,30545.0,Helen,USDA MIXED VegetablesCCC,Dry Dry Dry Dry Vegetables
564,181775,7454,F2KWHITE,Food 2 Kids White County,484379,,FEED SITE,DIRECT ASSISTANCE-Agency,PURCH,N-11-11062,8,0,0,0.0,96,WHITE,0.0,6/6/2024 9:00,6/27/2024 10:02,Price Code 1,CONTACT FOR DELIVERY,False,Food Bank of Northeast Georgia,01,30607.0,Athens,SBB BAKING AND BISCUIT MIX,Dry Dry Dry Dry Grains
440,180990,8995,W-115,White County Food Pantry,483595,,FP/GNAP/USDA,FOOD PANTRY-Agency,BLUE RECEIPT-SHL,N-21-10067,10,0,0,9.0,50,WHITE,0.18,5/21/2024 9:00,5/21/2024 8:06,Price Code 1,CUSTOMER PICKUP,False,Rabun Warehouse,02,30528.0,Cleveland,"RAMEN, MARUCHAN SHRIMP",Dry Dry Dry Dry Prepared Meals
440,182109,9071,W-115,White County Food Pantry,484713,,FP/GNAP/USDA,FOOD PANTRY-Agency,GNAP,F-40-90060,1,0,0,0.0,40,WHITE,0.0,6/21/2024 9:00,6/21/2024 9:14,Price Code 1,CUSTOMER PICKUP,False,Rabun Warehouse,02,30528.0,Cleveland,GNAP LEG QUARTERS,Frozen Frozen Frozen Frozen Proteins
555,173159,7082,H-151,Helen First Baptist Church,476789,,FP/USDA,MOBILE PANTRY-Agency,USDA,C-50-10033,52,0,0,0.0,624,WHITE,0.0,1/19/2024 9:00,1/22/2024 9:23,Price Code 1,CUSTOMER PICKUP,False,Rabun Warehouse,02,30545.0,Helen,USDA SHREDDED YELLOW CHEDDAR CHEESE CCC,Cooled Cooled Cooled Cooled Dairy
813,176639,875,J-111,The Jericho House,479262,,ON PREMISES (OP),REHAB-Agency,BLUE RECEIPT-SHL,W-04-10000,10,0,0,0.0,10,WHITE,0.0,3/4/2024 11:09,3/4/2024 14:28,Price Code 1,CUSTOMER PICKUP,False,Sharing Floor Athens,01-SH,30571.0,Sautee - Nacoochee,"BREAD & BAKERY, ASSORTED SHL",Dry Dry Dry Dry Grains
555,180698,8690,H-151,Helen First Baptist Church,483304,,FP/USDA,MOBILE PANTRY-Agency,USDA,N-50-10302,26,0,0,0.0,364,WHITE,0.0,5/17/2024 9:00,5/17/2024 7:20,Price Code 1,CUSTOMER PICKUP,False,Rabun Warehouse,02,30545.0,Helen,USDA GREEN BEANS CCC,Dry Dry Dry Dry Vegetables
985,176431,875,R-133,Revivalist International Ministries,479055,,FOOD PANTRY,FOOD PANTRY-Agency,BLUE RECEIPT-SHL,W-04-10000,20,0,0,0.0,20,WHITE,0.0,2/29/2024 11:47,2/29/2024 11:50,Price Code 1,CONTACT FOR DELIVERY,False,Sharing Floor Athens,01-SH,30528.0,Cleveland,"BREAD & BAKERY, ASSORTED SHL",Dry Dry Dry Dry Grains
813,177500,5772,J-111,The Jericho House,480120,,ON PREMISES (OP),REHAB-Agency,LOCAL - LL,C-28-10000,135,0,0,4.05,135,WHITE,0.03,3/18/2024 11:09,3/18/2024 14:26,Price Code 1,CUSTOMER PICKUP,False,Sharing Floor Athens,01-SH,30571.0,Sautee - Nacoochee,"PRODUCE, FRESH LL",Cooled Cooled Cooled Cooled Mixed Produce
564,181775,8873,F2KWHITE,Food 2 Kids White County,484379,,FEED SITE,DIRECT ASSISTANCE-Agency,YELLOW RECEIPT - SHN,F-10-10001,6,0,0,0.0,18,WHITE,0.0,6/6/2024 9:00,6/27/2024 10:02,Price Code 1,CONTACT FOR DELIVERY,False,Food Bank of Northeast Georgia,01,30607.0,Athens,OUTSHINE STRAWBERRY BANANA SMOOTHIE CUBES,Frozen Frozen Frozen Frozen Beverages
813,182534,5407,J-111,The Jericho House,485137,,ON PREMISES (OP),REHAB-Agency,BLUE RECEIPT-SHL,F-15-10000,194,0,0,34.92,194,WHITE,0.18,6/24/2024 11:09,6/24/2024 14:33,Price Code 1,CUSTOMER PICKUP,False,Sharing Floor Athens,01-SH,30571.0,Sautee - Nacoochee,"MEAT & SEAFOOD, FROZEN SHL",Frozen Frozen Frozen Frozen Proteins
440,178069,8995,W-115,White County Food Pantry,480688,,FP/GNAP/USDA,FOOD PANTRY-Agency,BLUE RECEIPT-SHL,N-21-10067,20,0,0,18.0,100,WHITE,0.18,4/9/2024 15:37,4/9/2024 7:44,Price Code 1,CUSTOMER PICKUP,False,Rabun Warehouse,02,30528.0,Cleveland,"RAMEN, MARUCHAN SHRIMP",Dry Dry Dry Dry Prepared Meals
440,182109,1791,W-115,White County Food Pantry,484713,,FP/GNAP/USDA,FOOD PANTRY-Agency,USDA,N-50-10079,6,0,0,28.08,156,WHITE,0.18,6/21/2024 9:00,6/21/2024 9:14,Price Code 1,CUSTOMER PICKUP,False,Rabun Warehouse,02,30528.0,Cleveland,USDA WALNUT HALVES AND PIECES,Dry Dry Dry Dry Proteins
440,180990,1481,W-115,White County Food Pantry,483595,,FP/GNAP/USDA,FOOD PANTRY-Agency,USDA,N-50-10105,10,0,0,30.6,170,WHITE,0.18,5/21/2024 9:00,5/21/2024 8:06,Price Code 1,CUSTOMER PICKUP,False,Rabun Warehouse,02,30528.0,Cleveland,USDA DRIED CHERRIES CCC,Dry Dry Dry Dry Fruits
440,180737,8974,W-115,White County Food Pantry,FAIMPORT483343,,FP/GNAP/USDA,FOOD PANTRY-Agency,BLUE RECEIPT-SHL,MCW-04-10000,124,0,0,0.0,124,WHITE,0.0,5/13/2024 0:00,5/13/2024 0:00,Price Code 1,CUSTOMER PICKUP,False,Food Bank of Northeast Georgia,01,30528.0,Cleveland,"BREAD AND BAKERY, SHL RETAIL PICKUPS",Dry Dry Dry Dry Grains
813,175145,5958,J-111,The Jericho House,477774,,ON PREMISES (OP),REHAB-Agency,BLUE RECEIPT-SHL,C-16-10001,49,0,0,8.82,49,WHITE,0.18,2/5/2024 11:09,2/5/2024 14:34,Price Code 1,CUSTOMER PICKUP,False,Sharing Floor Athens,01-SH,30571.0,Sautee - Nacoochee,"COOLER FOOD, MISC. SHL",Cooled Cooled Cooled Cooled Food Misc.
440,178834,2202,W-115,White County Food Pantry,481448,,FP/GNAP/USDA,FOOD PANTRY-Agency,USDA,N-50-10240,14,0,0,55.44,308,WHITE,0.18,4/16/2024 15:37,4/16/2024 8:02,Price Code 1,CUSTOMER PICKUP,False,Rabun Warehouse,02,30528.0,Cleveland,USDA SPAGHETTI,Dry Dry Dry Dry Grains
440,182109,8783,W-115,White County Food Pantry,484713,,FP/GNAP/USDA,FOOD PANTRY-Agency,USDA,N-50-10308,6,0,0,24.84,138,WHITE,0.18,6/21/2024 9:00,6/21/2024 9:14,Price Code 1,CUSTOMER PICKUP,False,Rabun Warehouse,02,30528.0,Cleveland,USDA RAISINS,Dry Dry Dry Dry Fruits
440,176476,4852,W-115,White County Food Pantry,479100,,FP/GNAP/USDA,FOOD PANTRY-Agency,USDA,F-50-90035,10,0,0,0.0,320,WHITE,0.0,3/5/2024 15:37,3/5/2024 7:06,Price Code 1,CUSTOMER PICKUP,False,Rabun Warehouse,02,30528.0,Cleveland,USDA FROZEN CHERRIES CCC,Frozen Frozen Frozen Frozen Fruits
440,172511,8853,W-115,White County Food Pantry,476142,,FP/GNAP/USDA,FOOD PANTRY-Agency,PURCH,N-23-10011,20,0,0,46.8,260,WHITE,0.18,1/9/2024 15:37,1/11/2024 8:03,Price Code 1,CUSTOMER PICKUP,False,Rabun Warehouse,02,30528.0,Cleveland,"CRUNCHY PEANUT BUTTER, MEIJER",Dry Dry Dry Dry Proteins
440,173867,4555,W-115,White County Food Pantry,477496,,FP/GNAP/USDA,FOOD PANTRY-Agency,USDA,F-50-90042,10,0,0,0.0,400,WHITE,0.0,2/6/2024 15:37,2/6/2024 8:11,Price Code 1,CUSTOMER PICKUP,False,Rabun Warehouse,02,30528.0,Cleveland,USDA CHICKEN DRUMSTICKS CCC,Frozen Frozen Frozen Frozen Proteins
985,182209,690,R-133,Revivalist International Ministries,484813,,FOOD PANTRY,FOOD PANTRY-Agency,BLUE RECEIPT-SHL,W-03-10013,24,0,0,0.72,24,WHITE,0.03,6/14/2024 9:58,6/14/2024 10:00,Price Code 1,CONTACT FOR DELIVERY,False,Sharing Floor Rabun,02-SH,30528.0,Cleveland,"ASSORTED BEVERAGES, SHL",Dry Dry Dry Dry Beverages
587,178766,8997,S-139,Shoal Creek Baptist Church,481380,,FP/USDA,FOOD PANTRY-Agency,USDA,N-50-10312,10,0,0,21.6,120,WHITE,0.18,4/15/2024 9:57,4/16/2024 11:11,Price Code 1,CUSTOMER PICKUP,False,Rabun Warehouse,02,30528.0,Cleveland,USDA CHILI W/ BEANS CCC,Dry Dry Dry Dry Prepared Meals
555,179124,170,H-151,Helen First Baptist Church,481737,,FP/USDA,MOBILE PANTRY-Agency,USDA,N-50-10007,13,0,0,0.0,364,WHITE,0.0,4/19/2024 9:00,4/22/2024 8:50,Price Code 1,CUSTOMER PICKUP,False,Rabun Warehouse,02,30545.0,Helen,"USDA CORN, WHOLE KERNEL NO SALT",Dry Dry Dry Dry Vegetables
440,175537,5388,W-115,White County Food Pantry,478166,,FP/GNAP/USDA,FOOD PANTRY-Agency,BLUE RECEIPT-SHL,F-16-10001,580,0,0,0.0,580,WHITE,0.0,2/13/2024 15:37,2/13/2024 8:32,Price Code 1,CUSTOMER PICKUP,False,Food Bank of Northeast Georgia,01,30528.0,Cleveland,"ASSORTED FROZEN FOODS, SHL",Frozen Frozen Frozen Frozen Food Misc.
440,179201,8986,W-115,White County Food Pantry,FAIMPORT481814,,FP/GNAP/USDA,FOOD PANTRY-Agency,BLUE RECEIPT-SHL,MCW-01-10001,1,0,0,0.0,1,WHITE,0.0,4/15/2024 0:00,4/15/2024 0:00,Price Code 1,CUSTOMER PICKUP,False,Food Bank of Northeast Georgia,01,30528.0,Cleveland,"NON-FOOD ITEMS, SHL RETAIL PICKUPS",Dry Dry Dry Dry Non-Food Misc.
440,176231,1481,W-115,White County Food Pantry,478857,,FP/GNAP/USDA,FOOD PANTRY-Agency,USDA,N-50-10105,12,0,0,36.72,204,WHITE,0.18,3/5/2024 15:37,3/5/2024 7:06,Price Code 1,CUSTOMER PICKUP,False,Rabun Warehouse,02,30528.0,Cleveland,USDA DRIED CHERRIES CCC,Dry Dry Dry Dry Fruits
587,175568,5388,S-139,Shoal Creek Baptist Church,478196,,FP/USDA,FOOD PANTRY-Agency,BLUE RECEIPT-SHL,F-16-10001,23,0,0,4.14,23,WHITE,0.18,2/13/2024 9:57,2/13/2024 11:45,Price Code 1,CUSTOMER PICKUP,False,Sharing Floor Rabun,02-SH,30528.0,Cleveland,"ASSORTED FROZEN FOODS, SHL",Frozen Frozen Frozen Frozen Food Misc.
587,177139,1045,S-139,Shoal Creek Baptist Church,479760,,FP/USDA,FOOD PANTRY-Agency,BLUE RECEIPT-SHL,W-25-10009,46,0,0,8.28,46,WHITE,0.18,3/12/2024 9:57,3/12/2024 11:48,Price Code 1,CUSTOMER PICKUP,False,Sharing Floor Rabun,02-SH,30528.0,Cleveland,"ASSORTED SNACK ITEMS, SHL",Dry Dry Dry Dry Food Misc.
587,172973,8720,S-139,Shoal Creek Baptist Church,476603,,FP/USDA,FOOD PANTRY-Agency,USDA,N-50-10305,10,0,0,25.2,140,WHITE,0.18,1/16/2024 9:57,1/16/2024 10:53,Price Code 1,CUSTOMER PICKUP,False,Rabun Warehouse,02,30528.0,Cleveland,USDA MIXED VegetablesCCC,Dry Dry Dry Dry Vegetables
555,175675,7061,H-151,Helen First Baptist Church,478303,,FP/USDA,MOBILE PANTRY-Agency,USDA,C-50-10021,54,0,0,0.0,2268,WHITE,0.0,2/16/2024 9:00,2/20/2024 15:54,Price Code 1,TRUCK 2 MOBILE PANTRY,False,Rabun Warehouse,02,30545.0,Helen,USDA FRESH ORANGES,Cooled Cooled Cooled Cooled Fruits
985,173983,5938,R-133,Revivalist International Ministries,477612,,FOOD PANTRY,FOOD PANTRY-Agency,BLUE RECEIPT-SHL,C-28-10001,17,0,0,0.51,17,WHITE,0.03,2/1/2024 12:01,2/1/2024 12:03,Price Code 1,CONTACT FOR DELIVERY,False,Sharing Floor Athens,01-SH,30528.0,Cleveland,"PRODUCE, FRESH SHL",Cooled Cooled Cooled Cooled Mixed Produce
440,173867,4676,W-115,White County Food Pantry,477496,,FP/GNAP/USDA,FOOD PANTRY-Agency,USDA,F-50-90031,12,0,0,0.0,288,WHITE,0.0,2/6/2024 15:37,2/6/2024 8:11,Price Code 1,CUSTOMER PICKUP,False,Rabun Warehouse,02,30528.0,Cleveland,USDA FROZEN BLUEBERRIES CCC,Frozen Frozen Frozen Frozen Fruits
655,175268,4327,H-153,His Hands and Feet Ministries,477897,,FP/USDA,FOOD PANTRY-Agency,USDA,N-50-10277,13,0,0,0.0,351,WHITE,0.0,2/7/2024 11:38,2/8/2024 15:45,Price Code 1,TRUCK 2 MOBILE PANTRY,False,Rabun Warehouse,02,30528.0,Cleveland,USDA GARBANZO BEANS,Dry Dry Dry Dry Proteins
440,178226,8970,W-115,White County Food Pantry,FAIMPORT480842,,FP/GNAP/USDA,FOOD PANTRY-Agency,BLUE RECEIPT-SHL,MCW-16-10001,30,0,0,0.0,30,WHITE,0.0,4/1/2024 0:00,4/1/2024 0:00,Price Code 1,CUSTOMER PICKUP,False,Food Bank of Northeast Georgia,01,30528.0,Cleveland,"MISC. FOOD BOX, SHL RETAIL PICKUP",Dry Dry Dry Dry Food Misc.
813,178259,690,J-111,The Jericho House,480875,,ON PREMISES (OP),REHAB-Agency,BLUE RECEIPT-SHL,W-03-10013,786,0,0,0.0,786,WHITE,0.0,4/3/2024 11:09,4/3/2024 14:40,Price Code 1,CUSTOMER PICKUP,False,Sharing Floor Athens,01-SH,30571.0,Sautee - Nacoochee,"ASSORTED BEVERAGES, SHL",Dry Dry Dry Dry Beverages
440,179582,800,W-115,White County Food Pantry,482195,,FP/GNAP/USDA,FOOD PANTRY-Agency,USDA,N-50-10065,10,0,0,48.6,270,WHITE,0.18,4/30/2024 15:37,4/30/2024 8:30,Price Code 1,CUSTOMER PICKUP,False,Rabun Warehouse,02,30528.0,Cleveland,USDA APPLESAUCE,Dry Dry Dry Dry Fruits
985,181360,690,R-133,Revivalist International Ministries,483964,,FOOD PANTRY,FOOD PANTRY-Agency,BLUE RECEIPT-SHL,W-03-10013,156,0,0,0.0,156,WHITE,0.0,5/24/2024 11:59,5/24/2024 12:03,Price Code 1,CONTACT FOR DELIVERY,False,Sharing Floor Athens,01-SH,30528.0,Cleveland,"ASSORTED BEVERAGES, SHL",Dry Dry Dry Dry Beverages
655,175268,842,H-153,His Hands and Feet Ministries,477897,,FP/USDA,FOOD PANTRY-Agency,USDA,N-50-10021,13,0,0,0.0,351,WHITE,0.0,2/7/2024 11:38,2/8/2024 15:45,Price Code 1,TRUCK 2 MOBILE PANTRY,False,Rabun Warehouse,02,30528.0,Cleveland,USDA DICED TOMATOES NO SALT CCC,Dry Dry Dry Dry Vegetables
985,181360,5938,R-133,Revivalist International Ministries,483964,,FOOD PANTRY,FOOD PANTRY-Agency,BLUE RECEIPT-SHL,C-28-10001,81,0,0,2.43,81,WHITE,0.03,5/24/2024 11:59,5/24/2024 12:03,Price Code 1,CONTACT FOR DELIVERY,False,Sharing Floor Athens,01-SH,30528.0,Cleveland,"PRODUCE, FRESH SHL",Cooled Cooled Cooled Cooled Mixed Produce
440,179582,8720,W-115,White County Food Pantry,482195,,FP/GNAP/USDA,FOOD PANTRY-Agency,USDA,N-50-10305,22,0,0,55.44,308,WHITE,0.18,4/30/2024 15:37,4/30/2024 8:30,Price Code 1,CUSTOMER PICKUP,False,Rabun Warehouse,02,30528.0,Cleveland,USDA MIXED VegetablesCCC,Dry Dry Dry Dry Vegetables
440,176231,8720,W-115,White County Food Pantry,478857,,FP/GNAP/USDA,FOOD PANTRY-Agency,USDA,N-50-10305,12,0,0,30.24,168,WHITE,0.18,3/5/2024 15:37,3/5/2024 7:06,Price Code 1,CUSTOMER PICKUP,False,Rabun Warehouse,02,30528.0,Cleveland,USDA MIXED VegetablesCCC,Dry Dry Dry Dry Vegetables
440,181655,7083,W-115,White County Food Pantry,484259,,FP/GNAP/USDA,FOOD PANTRY-Agency,USDA,C-50-10029,10,0,0,21.6,120,WHITE,0.18,6/4/2024 9:00,6/4/2024 8:14,Price Code 1,CUSTOMER PICKUP,False,Rabun Warehouse,02,30528.0,Cleveland,"USDA MILD CHEDDAR CHEESE, BLOCK CCC",Cooled Cooled Cooled Cooled Dairy
440,173028,3204,W-115,White County Food Pantry,476658,,FP/GNAP/USDA,FOOD PANTRY-Agency,GNAP,N-40-10217,40,0,0,36.0,360,WHITE,0.1,1/22/2024 9:00,1/22/2024 9:09,Price Code 1,CUSTOMER PICKUP,False,Rabun Warehouse,02,30528.0,Cleveland,GNAP CANNED HAM,Dry Dry Dry Dry Proteins
440,173014,3868,W-115,White County Food Pantry,476644,,FP/GNAP/USDA,FOOD PANTRY-Agency,USDA,N-50-10267,20,0,0,144.0,800,WHITE,0.18,1/22/2024 0:00,1/22/2024 9:08,Price Code 1,CUSTOMER PICKUP,False,Rabun Warehouse,02,30528.0,Cleveland,USDA ALL PURPOSE FLOUR,Dry Dry Dry Dry Grains
440,177679,8682,W-115,White County Food Pantry,480299,,FP/GNAP/USDA,FOOD PANTRY-Agency,BLUE RECEIPT-SHL,N-03-11727,10,0,0,0.0,280,WHITE,0.0,3/26/2024 15:37,3/26/2024 8:10,Price Code 1,CUSTOMER PICKUP,False,Rabun Warehouse,02,30528.0,Cleveland,LIPTON DIET GREEN TEA CITRUS,Dry Dry Dry Dry Beverages
440,178903,8975,W-115,White County Food Pantry,FAIMPORT481517,,FP/GNAP/USDA,FOOD PANTRY-Agency,BLUE RECEIPT-SHL,MCC-07-10001,231,0,0,0.0,231,WHITE,0.0,4/11/2024 0:00,4/11/2024 0:00,Price Code 1,CUSTOMER PICKUP,False,Food Bank of Northeast Georgia,01,30528.0,Cleveland,"DAIRY PRODUCTS, SHL RETAIL PICKUPS",Dry Dry Dry Dry Dairy
440,180308,3114,W-115,White County Food Pantry,482914,,FP/GNAP/USDA,FOOD PANTRY-Agency,GNAP,N-40-10171,20,0,0,0.0,180,WHITE,0.0,5/14/2024 8:00,5/14/2024 7:33,Price Code 1,CUSTOMER PICKUP,False,Rabun Warehouse,02,30528.0,Cleveland,GNAP CHEESY TUNA DINNER POUCH,Dry Dry Dry Dry Prepared Meals
587,176312,8914,S-139,Shoal Creek Baptist Church,478937,,FP/USDA,FOOD PANTRY-Agency,USDA,N-50-10310,10,0,0,48.6,270,WHITE,0.18,3/12/2024 9:57,3/12/2024 11:35,Price Code 1,CUSTOMER PICKUP,False,Rabun Warehouse,02,30528.0,Cleveland,USDA DICED POTATOES,Dry Dry Dry Dry Potatoes
440,179582,170,W-115,White County Food Pantry,482195,,FP/GNAP/USDA,FOOD PANTRY-Agency,USDA,N-50-10007,12,0,0,60.48,336,WHITE,0.18,4/30/2024 15:37,4/30/2024 8:30,Price Code 1,CUSTOMER PICKUP,False,Rabun Warehouse,02,30528.0,Cleveland,"USDA CORN, WHOLE KERNEL NO SALT",Dry Dry Dry Dry Vegetables
655,182060,1674,H-153,His Hands and Feet Ministries,484664,,FP/USDA,FOOD PANTRY-Agency,USDA,N-50-10073,13,0,0,0.0,351,WHITE,0.0,6/13/2024 11:38,6/13/2024 9:06,Price Code 1,CUSTOMER PICKUP,False,Rabun Warehouse,02,30528.0,Cleveland,USDA TOMATO SAUCE,Dry Dry Dry Dry Vegetables
555,173159,8714,H-151,Helen First Baptist Church,476789,,FP/USDA,MOBILE PANTRY-Agency,USDA,N-50-10303,13,0,0,0.0,312,WHITE,0.0,1/19/2024 9:00,1/22/2024 9:23,Price Code 1,CUSTOMER PICKUP,False,Rabun Warehouse,02,30545.0,Helen,USDA GREEN SPLIT PEAS,Dry Dry Dry Dry Proteins
985,180967,8971,R-133,Revivalist International Ministries,FAIMPORT483573,,FOOD PANTRY,FOOD PANTRY-Agency,BLUE RECEIPT-SHL,MCF-16-10001,5,0,0,0.0,5,WHITE,0.0,5/14/2024 0:00,5/14/2024 0:00,Price Code 1,CONTACT FOR DELIVERY,False,Food Bank of Northeast Georgia,01,30528.0,Cleveland,"FROZEN FOODS, MISC SHL RETAIL PICKUP",Dry Dry Dry Dry Food Misc.
564,181775,9083,F2KWHITE,Food 2 Kids White County,484379,,FEED SITE,DIRECT ASSISTANCE-Agency,GNAP,N-40-10288,2,0,0,0.0,24,WHITE,0.0,6/6/2024 9:00,6/27/2024 10:02,Price Code 1,CONTACT FOR DELIVERY,False,Food Bank of Northeast Georgia,01,30607.0,Athens,GNAP HONEY ROASTED SUNFLOWER SEED KERNALS,Dry Dry Dry Dry Proteins
440,178350,8720,W-115,White County Food Pantry,480966,,FP/GNAP/USDA,FOOD PANTRY-Agency,USDA,N-50-10305,10,0,0,25.2,140,WHITE,0.18,4/9/2024 15:37,4/9/2024 7:44,Price Code 1,CUSTOMER PICKUP,False,Rabun Warehouse,02,30528.0,Cleveland,USDA MIXED VegetablesCCC,Dry Dry Dry Dry Vegetables
440,173026,2862,W-115,White County Food Pantry,476656,,FP/GNAP/USDA,FOOD PANTRY-Agency,USDA,N-50-10115,10,0,0,48.6,270,WHITE,0.18,1/22/2024 0:00,1/22/2024 9:09,Price Code 1,CUSTOMER PICKUP,False,Rabun Warehouse,02,30528.0,Cleveland,USDA DARK RED KIDNEY BEANS CCC,Dry Dry Dry Dry Proteins
985,178392,875,R-133,Revivalist International Ministries,481008,,FOOD PANTRY,FOOD PANTRY-Agency,BLUE RECEIPT-SHL,W-04-10000,36,0,0,0.0,36,WHITE,0.0,4/5/2024 11:36,4/5/2024 11:39,Price Code 1,CONTACT FOR DELIVERY,False,Sharing Floor Athens,01-SH,30528.0,Cleveland,"BREAD & BAKERY, ASSORTED SHL",Dry Dry Dry Dry Grains
655,178320,8690,H-153,His Hands and Feet Ministries,480936,,FP/USDA,FOOD PANTRY-Agency,USDA,N-50-10302,26,0,0,0.0,364,WHITE,0.0,4/11/2024 11:38,4/11/2024 11:05,Price Code 1,CUSTOMER PICKUP,False,Rabun Warehouse,02,30528.0,Cleveland,USDA GREEN BEANS CCC,Dry Dry Dry Dry Vegetables
655,180320,4327,H-153,His Hands and Feet Ministries,482926,,FP/USDA,FOOD PANTRY-Agency,USDA,N-50-10277,13,0,0,0.0,351,WHITE,0.0,5/9/2024 11:38,5/9/2024 14:11,Price Code 1,CUSTOMER PICKUP,False,Rabun Warehouse,02,30528.0,Cleveland,USDA GARBANZO BEANS,Dry Dry Dry Dry Proteins
985,173983,5958,R-133,Revivalist International Ministries,477612,,FOOD PANTRY,FOOD PANTRY-Agency,BLUE RECEIPT-SHL,C-16-10001,26,0,0,4.68,26,WHITE,0.18,2/1/2024 12:01,2/1/2024 12:03,Price Code 1,CONTACT FOR DELIVERY,False,Sharing Floor Athens,01-SH,30528.0,Cleveland,"COOLER FOOD, MISC. SHL",Cooled Cooled Cooled Cooled Food Misc.
813,178991,92,J-111,The Jericho House,481605,,ON PREMISES (OP),REHAB-Agency,LOCAL - LL,W-01-10002,70,0,0,12.6,70,WHITE,0.18,4/15/2024 11:09,4/15/2024 14:09,Price Code 1,CUSTOMER PICKUP,False,Sharing Floor Athens,01-SH,30571.0,Sautee - Nacoochee,"ASSORTED NON-FOOD ITEMS, LL",Dry Dry Dry Dry Non-Food Misc.
440,177679,842,W-115,White County Food Pantry,480299,,FP/GNAP/USDA,FOOD PANTRY-Agency,USDA,N-50-10021,10,0,0,48.6,270,WHITE,0.18,3/26/2024 15:37,3/26/2024 8:10,Price Code 1,CUSTOMER PICKUP,False,Rabun Warehouse,02,30528.0,Cleveland,USDA DICED TOMATOES NO SALT CCC,Dry Dry Dry Dry Vegetables
555,182061,8783,H-151,Helen First Baptist Church,484665,,FP/USDA,MOBILE PANTRY-Agency,USDA,N-50-10308,13,0,0,0.0,299,WHITE,0.0,6/14/2024 9:00,6/20/2024 16:12,Price Code 1,CUSTOMER PICKUP,False,Rabun Warehouse,02,30545.0,Helen,USDA RAISINS,Dry Dry Dry Dry Fruits
587,182048,3712,S-139,Shoal Creek Baptist Church,484652,,FP/USDA,FOOD PANTRY-Agency,USDA,N-50-10266,10,0,0,48.6,270,WHITE,0.18,6/21/2024 11:30,6/21/2024 9:12,Price Code 1,CUSTOMER PICKUP,False,Rabun Warehouse,02,30528.0,Cleveland,USDA CANNED PINTO BEANS,Dry Dry Dry Dry Proteins
440,180308,9034,W-115,White County Food Pantry,482914,,FP/GNAP/USDA,FOOD PANTRY-Agency,GNAP,N-40-10271,10,0,0,0.0,120,WHITE,0.0,5/14/2024 8:00,5/14/2024 7:33,Price Code 1,CUSTOMER PICKUP,False,Rabun Warehouse,02,30528.0,Cleveland,"GNAP MIX BERRY YOGURT, SHELF STABLE BACKPACK",Dry Dry Dry Dry Dairy
985,180627,8973,R-133,Revivalist International Ministries,FAIMPORT483233,,FOOD PANTRY,FOOD PANTRY-Agency,BLUE RECEIPT-SHL,MCC-16-10001,32,0,0,0.0,32,WHITE,0.0,5/9/2024 0:00,5/9/2024 0:00,Price Code 1,CONTACT FOR DELIVERY,False,Food Bank of Northeast Georgia,01,30528.0,Cleveland,"COOLER FOOD MISC., SHL RETAIL PICKUP",Dry Dry Dry Dry Food Misc.
440,176665,875,W-115,White County Food Pantry,479288,,FP/GNAP/USDA,FOOD PANTRY-Agency,BLUE RECEIPT-SHL,W-04-10000,68,0,0,0.0,68,WHITE,0.0,3/5/2024 15:37,3/5/2024 8:12,Price Code 1,CUSTOMER PICKUP,False,Sharing Floor Rabun,02-SH,30528.0,Cleveland,"BREAD & BAKERY, ASSORTED SHL",Dry Dry Dry Dry Grains
440,178350,1791,W-115,White County Food Pantry,480966,,FP/GNAP/USDA,FOOD PANTRY-Agency,USDA,N-50-10079,4,0,0,18.72,104,WHITE,0.18,4/9/2024 15:37,4/9/2024 7:44,Price Code 1,CUSTOMER PICKUP,False,Rabun Warehouse,02,30528.0,Cleveland,USDA WALNUT HALVES AND PIECES,Dry Dry Dry Dry Proteins
813,178259,5938,J-111,The Jericho House,480875,,ON PREMISES (OP),REHAB-Agency,BLUE RECEIPT-SHL,C-28-10001,49,0,0,1.47,49,WHITE,0.03,4/3/2024 11:09,4/3/2024 14:40,Price Code 1,CUSTOMER PICKUP,False,Sharing Floor Athens,01-SH,30571.0,Sautee - Nacoochee,"PRODUCE, FRESH SHL",Cooled Cooled Cooled Cooled Mixed Produce
555,180698,8783,H-151,Helen First Baptist Church,483304,,FP/USDA,MOBILE PANTRY-Agency,USDA,N-50-10308,13,0,0,0.0,299,WHITE,0.0,5/17/2024 9:00,5/17/2024 7:20,Price Code 1,CUSTOMER PICKUP,False,Rabun Warehouse,02,30545.0,Helen,USDA RAISINS,Dry Dry Dry Dry Fruits
564,181775,8874,F2KWHITE,Food 2 Kids White County,484379,,FEED SITE,DIRECT ASSISTANCE-Agency,YELLOW RECEIPT - SHN,F-10-10002,6,0,0,0.0,18,WHITE,0.0,6/6/2024 9:00,6/27/2024 10:02,Price Code 1,CONTACT FOR DELIVERY,False,Food Bank of Northeast Georgia,01,30607.0,Athens,OUTSHINE TROPICAL SMOOTHIE CUBES,Frozen Frozen Frozen Frozen Beverages
813,173414,683,J-111,The Jericho House,477043,,ON PREMISES (OP),REHAB-Agency,BLUE RECEIPT-SHL,W-16-10001,57,0,0,0.0,57,WHITE,0.0,1/22/2024 11:09,1/22/2024 14:12,Price Code 1,CUSTOMER PICKUP,False,Sharing Floor Athens,01-SH,30571.0,Sautee - Nacoochee,MISC. FOOD BOX SHL,Dry Dry Dry Dry Food Misc.
555,173159,8765,H-151,Helen First Baptist Church,476789,,FP/USDA,MOBILE PANTRY-Agency,USDA,N-50-10307,12,0,0,0.0,324,WHITE,0.0,1/19/2024 9:00,1/22/2024 9:23,Price Code 1,CUSTOMER PICKUP,False,Rabun Warehouse,02,30545.0,Helen,"USDA LIGHT RED KIDNEY BEANS, LOW SODIUM",Dry Dry Dry Dry Proteins
655,182060,3712,H-153,His Hands and Feet Ministries,484664,,FP/USDA,FOOD PANTRY-Agency,USDA,N-50-10266,13,0,0,0.0,351,WHITE,0.0,6/13/2024 11:38,6/13/2024 9:06,Price Code 1,CUSTOMER PICKUP,False,Rabun Warehouse,02,30528.0,Cleveland,USDA CANNED PINTO BEANS,Dry Dry Dry Dry Proteins
564,181775,9079,F2KWHITE,Food 2 Kids White County,484379,,FEED SITE,DIRECT ASSISTANCE-Agency,BLUE RECEIPT-SHL,N-03-11841,24,0,0,0.0,408,WHITE,0.0,6/6/2024 9:00,6/27/2024 10:02,Price Code 1,CONTACT FOR DELIVERY,False,Food Bank of Northeast Georgia,01,30607.0,Athens,MTN DEW ZERO 24 X 12 FL OZ,Dry Dry Dry Dry Beverages
555,175675,4788,H-151,Helen First Baptist Church,478303,,FP/USDA,MOBILE PANTRY-Agency,USDA,F-50-90039,19,0,0,0.0,760,WHITE,0.0,2/16/2024 9:00,2/20/2024 15:54,Price Code 1,TRUCK 2 MOBILE PANTRY,False,Rabun Warehouse,02,30545.0,Helen,USDA CATFISH FILLETS CCC,Frozen Frozen Frozen Frozen Proteins
813,181464,1045,J-111,The Jericho House,484068,,ON PREMISES (OP),REHAB-Agency,BLUE RECEIPT-SHL,W-25-10009,50,0,0,9.0,50,WHITE,0.18,5/28/2024 11:09,5/28/2024 13:39,Price Code 1,CUSTOMER PICKUP,False,Sharing Floor Athens,01-SH,30571.0,Sautee - Nacoochee,"ASSORTED SNACK ITEMS, SHL",Dry Dry Dry Dry Food Misc.
813,172751,696,J-111,The Jericho House,476382,,ON PREMISES (OP),REHAB-Agency,LOCAL - LL,W-25-10000,99,0,0,17.82,99,WHITE,0.18,1/8/2024 11:09,1/8/2024 14:37,Price Code 1,CUSTOMER PICKUP,False,Sharing Floor Athens,01-SH,30571.0,Sautee - Nacoochee,"ASSORTED SNACK ITEMS, LL",Dry Dry Dry Dry Food Misc.
587,175381,7082,S-139,Shoal Creek Baptist Church,478010,,FP/USDA,FOOD PANTRY-Agency,USDA,C-50-10033,10,0,0,0.0,120,WHITE,0.0,2/13/2024 9:57,2/13/2024 11:41,Price Code 1,CUSTOMER PICKUP,False,Rabun Warehouse,02,30528.0,Cleveland,USDA SHREDDED YELLOW CHEDDAR CHEESE CCC,Cooled Cooled Cooled Cooled Dairy
655,182060,8783,H-153,His Hands and Feet Ministries,484664,,FP/USDA,FOOD PANTRY-Agency,USDA,N-50-10308,13,0,0,0.0,299,WHITE,0.0,6/13/2024 11:38,6/13/2024 9:06,Price Code 1,CUSTOMER PICKUP,False,Rabun Warehouse,02,30528.0,Cleveland,USDA RAISINS,Dry Dry Dry Dry Fruits
813,173414,5958,J-111,The Jericho House,477043,,ON PREMISES (OP),REHAB-Agency,BLUE RECEIPT-SHL,C-16-10001,31,0,0,5.58,31,WHITE,0.18,1/22/2024 11:09,1/22/2024 14:12,Price Code 1,CUSTOMER PICKUP,False,Sharing Floor Athens,01-SH,30571.0,Sautee - Nacoochee,"COOLER FOOD, MISC. SHL",Cooled Cooled Cooled Cooled Food Misc.
440,179582,8997,W-115,White County Food Pantry,482195,,FP/GNAP/USDA,FOOD PANTRY-Agency,USDA,N-50-10312,10,0,0,21.6,120,WHITE,0.18,4/30/2024 15:37,4/30/2024 8:30,Price Code 1,CUSTOMER PICKUP,False,Rabun Warehouse,02,30528.0,Cleveland,USDA CHILI W/ BEANS CCC,Dry Dry Dry Dry Prepared Meals
587,182048,170,S-139,Shoal Creek Baptist Church,484652,,FP/USDA,FOOD PANTRY-Agency,USDA,N-50-10007,5,0,0,25.2,140,WHITE,0.18,6/21/2024 11:30,6/21/2024 9:12,Price Code 1,CUSTOMER PICKUP,False,Rabun Warehouse,02,30528.0,Cleveland,"USDA CORN, WHOLE KERNEL NO SALT",Dry Dry Dry Dry Vegetables
555,180698,8497,H-151,Helen First Baptist Church,483304,,FP/USDA,MOBILE PANTRY-Agency,USDA,C-50-10048,60,0,0,0.0,1920,WHITE,0.0,5/17/2024 9:00,5/17/2024 7:20,Price Code 1,CUSTOMER PICKUP,False,Rabun Warehouse,02,30545.0,Helen,USDA MANDARIN ORANGES,Cooled Cooled Cooled Cooled Fruits
587,176981,1047,S-139,Shoal Creek Baptist Church,479603,,FP/USDA,FOOD PANTRY-Agency,USDA,N-50-10041,10,0,0,88.2,490,WHITE,0.18,3/12/2024 9:57,3/12/2024 11:36,Price Code 1,CUSTOMER PICKUP,False,Rabun Warehouse,02,30528.0,Cleveland,USDA RICE,Dry Dry Dry Dry Grains
440,180308,1674,W-115,White County Food Pantry,482914,,FP/GNAP/USDA,FOOD PANTRY-Agency,USDA,N-50-10073,10,0,0,48.6,270,WHITE,0.18,5/14/2024 8:00,5/14/2024 7:33,Price Code 1,CUSTOMER PICKUP,False,Rabun Warehouse,02,30528.0,Cleveland,USDA TOMATO SAUCE,Dry Dry Dry Dry Vegetables
813,180959,688,J-111,The Jericho House,483565,,ON PREMISES (OP),REHAB-Agency,BLUE RECEIPT-SHL,W-01-10000,3,0,0,0.54,3,WHITE,0.18,5/16/2024 11:09,5/16/2024 15:03,Price Code 1,CUSTOMER PICKUP,False,Sharing Floor Athens,01-SH,30571.0,Sautee - Nacoochee,"ASSORTED NON-FOOD ITEMS, SHL",Dry Dry Dry Dry Non-Food Misc.
813,172751,5772,J-111,The Jericho House,476382,,ON PREMISES (OP),REHAB-Agency,LOCAL - LL,C-28-10000,512,0,0,15.36,512,WHITE,0.03,1/8/2024 11:09,1/8/2024 14:37,Price Code 1,CUSTOMER PICKUP,False,Sharing Floor Athens,01-SH,30571.0,Sautee - Nacoochee,"PRODUCE, FRESH LL",Cooled Cooled Cooled Cooled Mixed Produce
985,181360,875,R-133,Revivalist International Ministries,483964,,FOOD PANTRY,FOOD PANTRY-Agency,BLUE RECEIPT-SHL,W-04-10000,21,0,0,0.0,21,WHITE,0.0,5/24/2024 11:59,5/24/2024 12:03,Price Code 1,CONTACT FOR DELIVERY,False,Sharing Floor Athens,01-SH,30528.0,Cleveland,"BREAD & BAKERY, ASSORTED SHL",Dry Dry Dry Dry Grains
985,173983,5407,R-133,Revivalist International Ministries,477612,,FOOD PANTRY,FOOD PANTRY-Agency,BLUE RECEIPT-SHL,F-15-10000,46,0,0,8.28,46,WHITE,0.18,2/1/2024 12:01,2/1/2024 12:03,Price Code 1,CONTACT FOR DELIVERY,False,Sharing Floor Athens,01-SH,30528.0,Cleveland,"MEAT & SEAFOOD, FROZEN SHL",Frozen Frozen Frozen Frozen Proteins
440,176231,4327,W-115,White County Food Pantry,478857,,FP/GNAP/USDA,FOOD PANTRY-Agency,USDA,N-50-10277,10,0,0,48.6,270,WHITE,0.18,3/5/2024 15:37,3/5/2024 7:06,Price Code 1,CUSTOMER PICKUP,False,Rabun Warehouse,02,30528.0,Cleveland,USDA GARBANZO BEANS,Dry Dry Dry Dry Proteins
440,182401,3712,W-115,White County Food Pantry,485005,,FP/GNAP/USDA,FOOD PANTRY-Agency,USDA,N-50-10266,10,0,0,48.6,270,WHITE,0.18,6/25/2024 8:00,7/2/2024 7:09,Price Code 1,CUSTOMER PICKUP,False,Rabun Warehouse,02,30528.0,Cleveland,USDA CANNED PINTO BEANS,Dry Dry Dry Dry Proteins
440,179582,9019,W-115,White County Food Pantry,482195,,FP/GNAP/USDA,FOOD PANTRY-Agency,BLUE RECEIPT-SHL,N-27-10137,6,0,0,25.92,144,WHITE,0.18,4/30/2024 15:37,4/30/2024 8:30,Price Code 1,CUSTOMER PICKUP,False,Rabun Warehouse,02,30528.0,Cleveland,"BLACK BEANS, PEUBLO LINDO (MISLABELED)",Dry Dry Dry Dry Vegetables
440,173026,3204,W-115,White County Food Pantry,476656,,FP/GNAP/USDA,FOOD PANTRY-Agency,GNAP,N-40-10217,30,0,0,27.0,270,WHITE,0.1,1/22/2024 0:00,1/22/2024 9:09,Price Code 1,CUSTOMER PICKUP,False,Rabun Warehouse,02,30528.0,Cleveland,GNAP CANNED HAM,Dry Dry Dry Dry Proteins
440,172586,8853,W-115,White County Food Pantry,476217,,FP/GNAP/USDA,FOOD PANTRY-Agency,PURCH,N-23-10011,12,0,0,28.08,156,WHITE,0.18,1/9/2024 15:37,1/11/2024 8:05,Price Code 1,CUSTOMER PICKUP,False,Rabun Warehouse,02,30528.0,Cleveland,"CRUNCHY PEANUT BUTTER, MEIJER",Dry Dry Dry Dry Proteins
440,178575,5407,W-115,White County Food Pantry,481191,,FP/GNAP/USDA,FOOD PANTRY-Agency,BLUE RECEIPT-SHL,F-15-10000,1074,0,0,193.32,1074,WHITE,0.18,4/9/2024 15:37,4/9/2024 8:36,Price Code 1,CUSTOMER PICKUP,False,Food Bank of Northeast Georgia,01,30528.0,Cleveland,"MEAT & SEAFOOD, FROZEN SHL",Frozen Frozen Frozen Frozen Proteins
813,177500,690,J-111,The Jericho House,480120,,ON PREMISES (OP),REHAB-Agency,BLUE RECEIPT-SHL,W-03-10013,571,0,0,0.0,571,WHITE,0.0,3/18/2024 11:09,3/18/2024 14:26,Price Code 1,CUSTOMER PICKUP,False,Sharing Floor Athens,01-SH,30571.0,Sautee - Nacoochee,"ASSORTED BEVERAGES, SHL",Dry Dry Dry Dry Beverages
813,175975,5407,J-111,The Jericho House,478603,,ON PREMISES (OP),REHAB-Agency,BLUE RECEIPT-SHL,F-15-10000,242,0,0,43.56,242,WHITE,0.18,2/21/2024 11:09,2/21/2024 15:03,Price Code 1,CUSTOMER PICKUP,False,Sharing Floor Athens,01-SH,30571.0,Sautee - Nacoochee,"MEAT & SEAFOOD, FROZEN SHL",Frozen Frozen Frozen Frozen Proteins
440,179202,8975,W-115,White County Food Pantry,FAIMPORT481815,,FP/GNAP/USDA,FOOD PANTRY-Agency,BLUE RECEIPT-SHL,MCC-07-10001,119,0,0,0.0,119,WHITE,0.0,4/15/2024 0:00,4/15/2024 0:00,Price Code 1,CUSTOMER PICKUP,False,Food Bank of Northeast Georgia,01,30528.0,Cleveland,"DAIRY PRODUCTS, SHL RETAIL PICKUPS",Dry Dry Dry Dry Dairy
655,172733,7082,H-153,His Hands and Feet Ministries,476364,,FP/USDA,FOOD PANTRY-Agency,USDA,C-50-10033,52,0,0,0.0,624,WHITE,0.0,1/11/2024 11:38,1/16/2024 9:29,Price Code 1,CUSTOMER PICKUP,False,Rabun Warehouse,02,30528.0,Cleveland,USDA SHREDDED YELLOW CHEDDAR CHEESE CCC,Cooled Cooled Cooled Cooled Dairy
440,176879,7082,W-115,White County Food Pantry,479501,,FP/GNAP/USDA,FOOD PANTRY-Agency,USDA,C-50-10033,20,0,0,0.0,240,WHITE,0.0,3/12/2024 15:37,3/12/2024 8:24,Price Code 1,CUSTOMER PICKUP,False,Rabun Warehouse,02,30528.0,Cleveland,USDA SHREDDED YELLOW CHEDDAR CHEESE CCC,Cooled Cooled Cooled Cooled Dairy
587,172973,3139,S-139,Shoal Creek Baptist Church,476603,,FP/USDA,FOOD PANTRY-Agency,USDA,N-50-10290,1,0,0,4.5,25,WHITE,0.18,1/16/2024 9:57,1/16/2024 10:53,Price Code 1,CUSTOMER PICKUP,False,Rabun Warehouse,02,30528.0,Cleveland,USDA WHOLE ALMONDS DRY ROASTED,Dry Dry Dry Dry Proteins
440,179582,9027,W-115,White County Food Pantry,482195,,FP/GNAP/USDA,FOOD PANTRY-Agency,YELLOW RECEIPT - SHN,N-25-11970,12,0,0,21.6,120,WHITE,0.18,4/30/2024 15:37,4/30/2024 8:30,Price Code 1,CUSTOMER PICKUP,False,Rabun Warehouse,02,30528.0,Cleveland,"SNACK PACK BLUE RASP, SOUR PATCH KIDS",Dry Dry Dry Dry Food Misc.
555,175675,842,H-151,Helen First Baptist Church,478303,,FP/USDA,MOBILE PANTRY-Agency,USDA,N-50-10021,13,0,0,0.0,351,WHITE,0.0,2/16/2024 9:00,2/20/2024 15:54,Price Code 1,TRUCK 2 MOBILE PANTRY,False,Rabun Warehouse,02,30545.0,Helen,USDA DICED TOMATOES NO SALT CCC,Dry Dry Dry Dry Vegetables
655,175268,8720,H-153,His Hands and Feet Ministries,477897,,FP/USDA,FOOD PANTRY-Agency,USDA,N-50-10305,26,0,0,0.0,364,WHITE,0.0,2/7/2024 11:38,2/8/2024 15:45,Price Code 1,TRUCK 2 MOBILE PANTRY,False,Rabun Warehouse,02,30528.0,Cleveland,USDA MIXED VegetablesCCC,Dry Dry Dry Dry Vegetables
440,179639,842,W-115,White County Food Pantry,482252,,FP/GNAP/USDA,FOOD PANTRY-Agency,USDA,N-50-10021,10,0,0,48.6,270,WHITE,0.18,4/30/2024 15:37,4/30/2024 8:30,Price Code 1,CUSTOMER PICKUP,False,Rabun Warehouse,02,30528.0,Cleveland,USDA DICED TOMATOES NO SALT CCC,Dry Dry Dry Dry Vegetables
440,181655,1674,W-115,White County Food Pantry,484259,,FP/GNAP/USDA,FOOD PANTRY-Agency,USDA,N-50-10073,12,0,0,58.32,324,WHITE,0.18,6/4/2024 9:00,6/4/2024 8:14,Price Code 1,CUSTOMER PICKUP,False,Rabun Warehouse,02,30528.0,Cleveland,USDA TOMATO SAUCE,Dry Dry Dry Dry Vegetables
440,179201,8970,W-115,White County Food Pantry,FAIMPORT481814,,FP/GNAP/USDA,FOOD PANTRY-Agency,BLUE RECEIPT-SHL,MCW-16-10001,52,0,0,0.0,52,WHITE,0.0,4/15/2024 0:00,4/15/2024 0:00,Price Code 1,CUSTOMER PICKUP,False,Food Bank of Northeast Georgia,01,30528.0,Cleveland,"MISC. FOOD BOX, SHL RETAIL PICKUP",Dry Dry Dry Dry Food Misc.
985,182209,9014,R-133,Revivalist International Ministries,484813,,FOOD PANTRY,FOOD PANTRY-Agency,PURCH,N-27-10136,4,0,208,19.44,108,WHITE,0.18,6/14/2024 9:58,6/14/2024 10:00,Price Code 1,CONTACT FOR DELIVERY,False,Sharing Floor Rabun,02-SH,30528.0,Cleveland,"GREEN BEANS, HARVEST VALLEY",Dry Dry Dry Dry Vegetables
440,172512,4676,W-115,White County Food Pantry,476143,,FP/GNAP/USDA,FOOD PANTRY-Agency,USDA,F-50-90031,10,0,0,7.2,240,WHITE,0.03,1/9/2024 15:37,1/11/2024 8:06,Price Code 1,CUSTOMER PICKUP,False,Rabun Warehouse,02,30528.0,Cleveland,USDA FROZEN BLUEBERRIES CCC,Frozen Frozen Frozen Frozen Fruits
440,180990,170,W-115,White County Food Pantry,483595,,FP/GNAP/USDA,FOOD PANTRY-Agency,USDA,N-50-10007,10,0,0,50.4,280,WHITE,0.18,5/21/2024 9:00,5/21/2024 8:06,Price Code 1,CUSTOMER PICKUP,False,Rabun Warehouse,02,30528.0,Cleveland,"USDA CORN, WHOLE KERNEL NO SALT",Dry Dry Dry Dry Vegetables
440,180493,7298,W-115,White County Food Pantry,483099,,FP/GNAP/USDA,FOOD PANTRY-Agency,GNAP,N-40-10248,20,0,0,0.0,280,WHITE,0.0,5/14/2024 8:15,5/14/2024 7:32,Price Code 1,CUSTOMER PICKUP,False,Rabun Warehouse,02,30528.0,Cleveland,GNAP BAKING AND BISCUIT MIX,Dry Dry Dry Dry Grains
555,179124,1047,H-151,Helen First Baptist Church,481737,,FP/USDA,MOBILE PANTRY-Agency,USDA,N-50-10041,13,0,0,0.0,637,WHITE,0.0,4/19/2024 9:00,4/22/2024 8:50,Price Code 1,CUSTOMER PICKUP,False,Rabun Warehouse,02,30545.0,Helen,USDA RICE,Dry Dry Dry Dry Grains
587,175568,683,S-139,Shoal Creek Baptist Church,478196,,FP/USDA,FOOD PANTRY-Agency,BLUE RECEIPT-SHL,W-16-10001,115,0,0,20.7,115,WHITE,0.18,2/13/2024 9:57,2/13/2024 11:45,Price Code 1,CUSTOMER PICKUP,False,Sharing Floor Rabun,02-SH,30528.0,Cleveland,MISC. FOOD BOX SHL,Dry Dry Dry Dry Food Misc.
440,182401,4327,W-115,White County Food Pantry,485005,,FP/GNAP/USDA,FOOD PANTRY-Agency,USDA,N-50-10277,8,0,0,38.88,216,WHITE,0.18,6/25/2024 8:00,7/2/2024 7:09,Price Code 1,CUSTOMER PICKUP,False,Rabun Warehouse,02,30528.0,Cleveland,USDA GARBANZO BEANS,Dry Dry Dry Dry Proteins
985,176431,690,R-133,Revivalist International Ministries,479055,,FOOD PANTRY,FOOD PANTRY-Agency,BLUE RECEIPT-SHL,W-03-10013,52,0,0,0.0,52,WHITE,0.0,2/29/2024 11:47,2/29/2024 11:50,Price Code 1,CONTACT FOR DELIVERY,False,Sharing Floor Athens,01-SH,30528.0,Cleveland,"ASSORTED BEVERAGES, SHL",Dry Dry Dry Dry Beverages
587,172585,84,S-139,Shoal Creek Baptist Church,476216,,FP/USDA,FOOD PANTRY-Agency,USDA,N-50-10006,10,0,0,48.6,270,WHITE,0.18,1/16/2024 11:00,1/16/2024 10:52,Price Code 1,CUSTOMER PICKUP,False,Rabun Warehouse,02,30528.0,Cleveland,USDA GREEN BEANS,Dry Dry Dry Dry Vegetables
440,182109,3712,W-115,White County Food Pantry,484713,,FP/GNAP/USDA,FOOD PANTRY-Agency,USDA,N-50-10266,6,0,0,29.16,162,WHITE,0.18,6/21/2024 9:00,6/21/2024 9:14,Price Code 1,CUSTOMER PICKUP,False,Rabun Warehouse,02,30528.0,Cleveland,USDA CANNED PINTO BEANS,Dry Dry Dry Dry Proteins
813,177500,50,J-111,The Jericho House,480120,,ON PREMISES (OP),REHAB-Agency,LOCAL - LL,W-16-10002,95,0,0,0.0,95,WHITE,0.0,3/18/2024 11:09,3/18/2024 14:26,Price Code 1,CUSTOMER PICKUP,False,Sharing Floor Athens,01-SH,30571.0,Sautee - Nacoochee,MISC. FOOD BOX LL,Dry Dry Dry Dry Food Misc.
440,180493,7083,W-115,White County Food Pantry,483099,,FP/GNAP/USDA,FOOD PANTRY-Agency,USDA,C-50-10029,10,0,0,21.6,120,WHITE,0.18,5/14/2024 8:15,5/14/2024 7:32,Price Code 1,CUSTOMER PICKUP,False,Rabun Warehouse,02,30528.0,Cleveland,"USDA MILD CHEDDAR CHEESE, BLOCK CCC",Cooled Cooled Cooled Cooled Dairy
440,182401,1047,W-115,White County Food Pantry,485005,,FP/GNAP/USDA,FOOD PANTRY-Agency,USDA,N-50-10041,6,0,0,52.92,294,WHITE,0.18,6/25/2024 8:00,7/2/2024 7:09,Price Code 1,CUSTOMER PICKUP,False,Rabun Warehouse,02,30528.0,Cleveland,USDA RICE,Dry Dry Dry Dry Grains
440,180990,8690,W-115,White County Food Pantry,483595,,FP/GNAP/USDA,FOOD PANTRY-Agency,USDA,N-50-10302,10,0,0,25.2,140,WHITE,0.18,5/21/2024 9:00,5/21/2024 8:06,Price Code 1,CUSTOMER PICKUP,False,Rabun Warehouse,02,30528.0,Cleveland,USDA GREEN BEANS CCC,Dry Dry Dry Dry Vegetables
587,182101,683,S-139,Shoal Creek Baptist Church,484705,,FP/USDA,FOOD PANTRY-Agency,BLUE RECEIPT-SHL,W-16-10001,29,0,0,5.22,29,WHITE,0.18,6/11/2024 9:57,6/11/2024 11:04,Price Code 1,CUSTOMER PICKUP,False,Sharing Floor Rabun,02-SH,30528.0,Cleveland,MISC. FOOD BOX SHL,Dry Dry Dry Dry Food Misc.
985,178392,5938,R-133,Revivalist International Ministries,481008,,FOOD PANTRY,FOOD PANTRY-Agency,BLUE RECEIPT-SHL,C-28-10001,107,0,0,3.21,107,WHITE,0.03,4/5/2024 11:36,4/5/2024 11:39,Price Code 1,CONTACT FOR DELIVERY,False,Sharing Floor Athens,01-SH,30528.0,Cleveland,"PRODUCE, FRESH SHL",Cooled Cooled Cooled Cooled Mixed Produce
555,177033,7082,H-151,Helen First Baptist Church,479655,,FP/USDA,MOBILE PANTRY-Agency,USDA,C-50-10033,104,0,0,0.0,1248,WHITE,0.0,3/15/2024 9:00,3/18/2024 11:04,Price Code 1,CUSTOMER PICKUP,False,Rabun Warehouse,02,30545.0,Helen,USDA SHREDDED YELLOW CHEDDAR CHEESE CCC,Cooled Cooled Cooled Cooled Dairy
555,182061,8991,H-151,Helen First Baptist Church,484665,,FP/USDA,MOBILE PANTRY-Agency,USDA,N-50-10311,13,0,0,0.0,312,WHITE,0.0,6/14/2024 9:00,6/20/2024 16:12,Price Code 1,CUSTOMER PICKUP,False,Rabun Warehouse,02,30545.0,Helen,USDA HAZELNUTS CCC,Dry Dry Dry Dry Proteins
985,179783,8970,R-133,Revivalist International Ministries,FAIMPORT482396,,FOOD PANTRY,FOOD PANTRY-Agency,BLUE RECEIPT-SHL,MCW-16-10001,43,0,0,0.0,43,WHITE,0.0,4/23/2024 0:00,4/23/2024 0:00,Price Code 1,CONTACT FOR DELIVERY,False,Food Bank of Northeast Georgia,01,30528.0,Cleveland,"MISC. FOOD BOX, SHL RETAIL PICKUP",Dry Dry Dry Dry Food Misc.
564,181775,9062,F2KWHITE,Food 2 Kids White County,484379,,FEED SITE,DIRECT ASSISTANCE-Agency,LOCAL - LL,N-25-11975,8,0,0,0.0,24,WHITE,0.0,6/6/2024 9:00,6/27/2024 10:02,Price Code 1,CONTACT FOR DELIVERY,False,Food Bank of Northeast Georgia,01,30607.0,Athens,DOVE DARK CHOCOLATE & PEANUT BUTTER,Dry Dry Dry Dry Food Misc.
813,177500,875,J-111,The Jericho House,480120,,ON PREMISES (OP),REHAB-Agency,BLUE RECEIPT-SHL,W-04-10000,39,0,0,0.0,39,WHITE,0.0,3/18/2024 11:09,3/18/2024 14:26,Price Code 1,CUSTOMER PICKUP,False,Sharing Floor Athens,01-SH,30571.0,Sautee - Nacoochee,"BREAD & BAKERY, ASSORTED SHL",Dry Dry Dry Dry Grains
985,176431,5772,R-133,Revivalist International Ministries,479055,,FOOD PANTRY,FOOD PANTRY-Agency,LOCAL - LL,C-28-10000,30,0,0,0.9,30,WHITE,0.03,2/29/2024 11:47,2/29/2024 11:50,Price Code 1,CONTACT FOR DELIVERY,False,Sharing Floor Athens,01-SH,30528.0,Cleveland,"PRODUCE, FRESH LL",Cooled Cooled Cooled Cooled Mixed Produce
440,180738,8986,W-115,White County Food Pantry,FAIMPORT483344,,FP/GNAP/USDA,FOOD PANTRY-Agency,BLUE RECEIPT-SHL,MCW-01-10001,3,0,0,0.0,3,WHITE,0.0,5/13/2024 0:00,5/13/2024 0:00,Price Code 1,CUSTOMER PICKUP,False,Food Bank of Northeast Georgia,01,30528.0,Cleveland,"NON-FOOD ITEMS, SHL RETAIL PICKUPS",Dry Dry Dry Dry Non-Food Misc.
440,180990,1791,W-115,White County Food Pantry,483595,,FP/GNAP/USDA,FOOD PANTRY-Agency,USDA,N-50-10079,6,0,0,28.08,156,WHITE,0.18,5/21/2024 9:00,5/21/2024 8:06,Price Code 1,CUSTOMER PICKUP,False,Rabun Warehouse,02,30528.0,Cleveland,USDA WALNUT HALVES AND PIECES,Dry Dry Dry Dry Proteins
813,180959,683,J-111,The Jericho House,483565,,ON PREMISES (OP),REHAB-Agency,BLUE RECEIPT-SHL,W-16-10001,100,0,0,18.0,100,WHITE,0.18,5/16/2024 11:09,5/16/2024 15:03,Price Code 1,CUSTOMER PICKUP,False,Sharing Floor Athens,01-SH,30571.0,Sautee - Nacoochee,MISC. FOOD BOX SHL,Dry Dry Dry Dry Food Misc.
440,182109,7298,W-115,White County Food Pantry,484713,,FP/GNAP/USDA,FOOD PANTRY-Agency,GNAP,N-40-10248,10,0,0,0.0,140,WHITE,0.0,6/21/2024 9:00,6/21/2024 9:14,Price Code 1,CUSTOMER PICKUP,False,Rabun Warehouse,02,30528.0,Cleveland,GNAP BAKING AND BISCUIT MIX,Dry Dry Dry Dry Grains
555,173159,4327,H-151,Helen First Baptist Church,476789,,FP/USDA,MOBILE PANTRY-Agency,USDA,N-50-10277,13,0,0,0.0,351,WHITE,0.0,1/19/2024 9:00,1/22/2024 9:23,Price Code 1,CUSTOMER PICKUP,False,Rabun Warehouse,02,30545.0,Helen,USDA GARBANZO BEANS,Dry Dry Dry Dry Proteins
985,180968,8970,R-133,Revivalist International Ministries,FAIMPORT483574,,FOOD PANTRY,FOOD PANTRY-Agency,BLUE RECEIPT-SHL,MCW-16-10001,8,0,0,0.0,8,WHITE,0.0,5/16/2024 0:00,5/16/2024 0:00,Price Code 1,CONTACT FOR DELIVERY,False,Food Bank of Northeast Georgia,01,30528.0,Cleveland,"MISC. FOOD BOX, SHL RETAIL PICKUP",Dry Dry Dry Dry Food Misc.
440,182109,9088,W-115,White County Food Pantry,484713,,FP/GNAP/USDA,FOOD PANTRY-Agency,GNAP,N-40-10291,6,0,0,0.0,84,WHITE,0.0,6/21/2024 9:00,6/21/2024 9:14,Price Code 1,CUSTOMER PICKUP,False,Rabun Warehouse,02,30528.0,Cleveland,GNAP MOUNTAIN DRIED FRUIT BLEND,Dry Dry Dry Dry Fruits
985,178392,696,R-133,Revivalist International Ministries,481008,,FOOD PANTRY,FOOD PANTRY-Agency,LOCAL - LL,W-25-10000,31,0,0,0.0,31,WHITE,0.0,4/5/2024 11:36,4/5/2024 11:39,Price Code 1,CONTACT FOR DELIVERY,False,Sharing Floor Athens,01-SH,30528.0,Cleveland,"ASSORTED SNACK ITEMS, LL",Dry Dry Dry Dry Food Misc.
587,182048,3203,S-139,Shoal Creek Baptist Church,484652,,FP/USDA,FOOD PANTRY-Agency,USDA,N-50-10289,8,0,0,36.0,200,WHITE,0.18,6/21/2024 11:30,6/21/2024 9:12,Price Code 1,CUSTOMER PICKUP,False,Rabun Warehouse,02,30528.0,Cleveland,USDA PECAN PIECES,Dry Dry Dry Dry Proteins
985,172995,5388,R-133,Revivalist International Ministries,476625,,FOOD PANTRY,FOOD PANTRY-Agency,BLUE RECEIPT-SHL,F-16-10001,38,0,0,6.84,38,WHITE,0.18,1/12/2024 10:07,1/12/2024 10:26,Price Code 1,CONTACT FOR DELIVERY,False,Sharing Floor Rabun,02-SH,30528.0,Cleveland,"ASSORTED FROZEN FOODS, SHL",Frozen Frozen Frozen Frozen Food Misc.
587,173871,8914,S-139,Shoal Creek Baptist Church,477500,,FP/USDA,FOOD PANTRY-Agency,USDA,N-50-10310,20,0,0,97.2,540,WHITE,0.18,2/2/2024 9:57,2/13/2024 11:41,Price Code 1,CUSTOMER PICKUP,False,Rabun Warehouse,02,30528.0,Cleveland,USDA DICED POTATOES,Dry Dry Dry Dry Potatoes
555,180698,842,H-151,Helen First Baptist Church,483304,,FP/USDA,MOBILE PANTRY-Agency,USDA,N-50-10021,13,0,0,0.0,351,WHITE,0.0,5/17/2024 9:00,5/17/2024 7:20,Price Code 1,CUSTOMER PICKUP,False,Rabun Warehouse,02,30545.0,Helen,USDA DICED TOMATOES NO SALT CCC,Dry Dry Dry Dry Vegetables
564,181775,9086,F2KWHITE,Food 2 Kids White County,484379,,FEED SITE,DIRECT ASSISTANCE-Agency,GNAP,N-40-10289,2,0,0,0.0,20,WHITE,0.0,6/6/2024 9:00,6/27/2024 10:02,Price Code 1,CONTACT FOR DELIVERY,False,Food Bank of Northeast Georgia,01,30607.0,Athens,GNAP MEAT STICKS,Dry Dry Dry Dry Proteins
440,182109,4715,W-115,White County Food Pantry,484713,,FP/GNAP/USDA,FOOD PANTRY-Agency,USDA,F-50-90461,6,0,0,24.0,240,WHITE,0.1,6/21/2024 9:00,6/21/2024 9:14,Price Code 1,CUSTOMER PICKUP,False,Rabun Warehouse,02,30528.0,Cleveland,USDA ALASKAN POLLACK FISH FILLETS,Frozen Frozen Frozen Frozen Proteins
655,177031,7059,H-153,His Hands and Feet Ministries,479653,,FP/USDA,FOOD PANTRY-Agency,USDA,C-50-10019,45,0,0,0.0,1620,WHITE,0.0,3/14/2024 11:38,3/15/2024 9:06,Price Code 1,CUSTOMER PICKUP,False,Rabun Warehouse,02,30528.0,Cleveland,USDA 2% MILK CCC,Cooled Cooled Cooled Cooled Dairy
440,173867,2960,W-115,White County Food Pantry,477496,,FP/GNAP/USDA,FOOD PANTRY-Agency,USDA,N-50-10247,20,0,0,129.6,720,WHITE,0.18,2/6/2024 15:37,2/6/2024 8:11,Price Code 1,CUSTOMER PICKUP,False,Rabun Warehouse,02,30528.0,Cleveland,USDA BEEF STEW POUCHES CCC,Dry Dry Dry Dry Prepared Meals
813,179768,683,J-111,The Jericho House,482381,,ON PREMISES (OP),REHAB-Agency,BLUE RECEIPT-SHL,W-16-10001,140,0,0,0.0,140,WHITE,0.0,4/29/2024 11:09,4/29/2024 14:12,Price Code 1,CUSTOMER PICKUP,False,Sharing Floor Athens,01-SH,30571.0,Sautee - Nacoochee,MISC. FOOD BOX SHL,Dry Dry Dry Dry Food Misc.
813,173414,5407,J-111,The Jericho House,477043,,ON PREMISES (OP),REHAB-Agency,BLUE RECEIPT-SHL,F-15-10000,173,0,0,31.14,173,WHITE,0.18,1/22/2024 11:09,1/22/2024 14:12,Price Code 1,CUSTOMER PICKUP,False,Sharing Floor Athens,01-SH,30571.0,Sautee - Nacoochee,"MEAT & SEAFOOD, FROZEN SHL",Frozen Frozen Frozen Frozen Proteins
440,177865,8974,W-115,White County Food Pantry,FAIMPORT480484,,FP/GNAP/USDA,FOOD PANTRY-Agency,BLUE RECEIPT-SHL,MCW-04-10000,181,0,0,0.0,181,WHITE,0.0,3/25/2024 0:00,3/25/2024 0:00,Price Code 1,CUSTOMER PICKUP,False,Food Bank of Northeast Georgia,01,30528.0,Cleveland,"BREAD AND BAKERY, SHL RETAIL PICKUPS",Dry Dry Dry Dry Grains
440,182109,84,W-115,White County Food Pantry,484713,,FP/GNAP/USDA,FOOD PANTRY-Agency,USDA,N-50-10006,10,0,0,48.6,270,WHITE,0.18,6/21/2024 9:00,6/21/2024 9:14,Price Code 1,CUSTOMER PICKUP,False,Rabun Warehouse,02,30528.0,Cleveland,USDA GREEN BEANS,Dry Dry Dry Dry Vegetables
813,180959,690,J-111,The Jericho House,483565,,ON PREMISES (OP),REHAB-Agency,BLUE RECEIPT-SHL,W-03-10013,15,0,0,0.0,15,WHITE,0.0,5/16/2024 11:09,5/16/2024 15:03,Price Code 1,CUSTOMER PICKUP,False,Sharing Floor Athens,01-SH,30571.0,Sautee - Nacoochee,"ASSORTED BEVERAGES, SHL",Dry Dry Dry Dry Beverages
440,173154,4327,W-115,White County Food Pantry,476784,,FP/GNAP/USDA,FOOD PANTRY-Agency,USDA,N-50-10277,10,0,0,48.6,270,WHITE,0.18,1/22/2024 15:37,1/22/2024 9:08,Price Code 1,CUSTOMER PICKUP,False,Rabun Warehouse,02,30528.0,Cleveland,USDA GARBANZO BEANS,Dry Dry Dry Dry Proteins
555,177033,1791,H-151,Helen First Baptist Church,479655,,FP/USDA,MOBILE PANTRY-Agency,USDA,N-50-10079,13,0,0,0.0,338,WHITE,0.0,3/15/2024 9:00,3/18/2024 11:04,Price Code 1,CUSTOMER PICKUP,False,Rabun Warehouse,02,30545.0,Helen,USDA WALNUT HALVES AND PIECES,Dry Dry Dry Dry Proteins
440,182145,8974,W-115,White County Food Pantry,FAIMPORT484749,,FP/GNAP/USDA,FOOD PANTRY-Agency,BLUE RECEIPT-SHL,MCW-04-10000,97,0,0,0.0,97,WHITE,0.0,6/10/2024 0:00,6/10/2024 0:00,Price Code 1,CUSTOMER PICKUP,False,Food Bank of Northeast Georgia,01,30528.0,Cleveland,"BREAD AND BAKERY, SHL RETAIL PICKUPS",Dry Dry Dry Dry Grains
813,179768,875,J-111,The Jericho House,482381,,ON PREMISES (OP),REHAB-Agency,BLUE RECEIPT-SHL,W-04-10000,26,0,0,0.0,26,WHITE,0.0,4/29/2024 11:09,4/29/2024 14:12,Price Code 1,CUSTOMER PICKUP,False,Sharing Floor Athens,01-SH,30571.0,Sautee - Nacoochee,"BREAD & BAKERY, ASSORTED SHL",Dry Dry Dry Dry Grains
655,182060,1791,H-153,His Hands and Feet Ministries,484664,,FP/USDA,FOOD PANTRY-Agency,USDA,N-50-10079,13,0,0,0.0,338,WHITE,0.0,6/13/2024 11:38,6/13/2024 9:06,Price Code 1,CUSTOMER PICKUP,False,Rabun Warehouse,02,30528.0,Cleveland,USDA WALNUT HALVES AND PIECES,Dry Dry Dry Dry Proteins
985,182116,8970,R-133,Revivalist International Ministries,FAIMPORT484720,,FOOD PANTRY,FOOD PANTRY-Agency,BLUE RECEIPT-SHL,MCW-16-10001,26,0,0,0.0,26,WHITE,0.0,6/11/2024 0:00,6/11/2024 0:00,Price Code 1,CONTACT FOR DELIVERY,False,Food Bank of Northeast Georgia,01,30528.0,Cleveland,"MISC. FOOD BOX, SHL RETAIL PICKUP",Dry Dry Dry Dry Food Misc.
555,182061,84,H-151,Helen First Baptist Church,484665,,FP/USDA,MOBILE PANTRY-Agency,USDA,N-50-10006,13,0,0,0.0,351,WHITE,0.0,6/14/2024 9:00,6/20/2024 16:12,Price Code 1,CUSTOMER PICKUP,False,Rabun Warehouse,02,30545.0,Helen,USDA GREEN BEANS,Dry Dry Dry Dry Vegetables
813,179768,683,J-111,The Jericho House,482381,,ON PREMISES (OP),REHAB-Agency,BLUE RECEIPT-SHL,W-16-10001,47,0,0,8.46,47,WHITE,0.18,4/29/2024 11:09,4/29/2024 14:12,Price Code 1,CUSTOMER PICKUP,False,Sharing Floor Athens,01-SH,30571.0,Sautee - Nacoochee,MISC. FOOD BOX SHL,Dry Dry Dry Dry Food Misc.
440,182305,5388,W-115,White County Food Pantry,484909,,FP/GNAP/USDA,FOOD PANTRY-Agency,BLUE RECEIPT-SHL,F-16-10001,94,0,0,16.92,94,WHITE,0.18,6/18/2024 15:37,6/18/2024 8:33,Price Code 1,CUSTOMER PICKUP,False,Sharing Floor Rabun,02-SH,30528.0,Cleveland,"ASSORTED FROZEN FOODS, SHL",Frozen Frozen Frozen Frozen Food Misc.
813,175145,5407,J-111,The Jericho House,477774,,ON PREMISES (OP),REHAB-Agency,BLUE RECEIPT-SHL,F-15-10000,171,0,0,30.78,171,WHITE,0.18,2/5/2024 11:09,2/5/2024 14:34,Price Code 1,CUSTOMER PICKUP,False,Sharing Floor Athens,01-SH,30571.0,Sautee - Nacoochee,"MEAT & SEAFOOD, FROZEN SHL",Frozen Frozen Frozen Frozen Proteins
655,177031,1791,H-153,His Hands and Feet Ministries,479653,,FP/USDA,FOOD PANTRY-Agency,USDA,N-50-10079,13,0,0,0.0,338,WHITE,0.0,3/14/2024 11:38,3/15/2024 9:06,Price Code 1,CUSTOMER PICKUP,False,Rabun Warehouse,02,30528.0,Cleveland,USDA WALNUT HALVES AND PIECES,Dry Dry Dry Dry Proteins
587,176981,4327,S-139,Shoal Creek Baptist Church,479603,,FP/USDA,FOOD PANTRY-Agency,USDA,N-50-10277,5,0,0,24.3,135,WHITE,0.18,3/12/2024 9:57,3/12/2024 11:36,Price Code 1,CUSTOMER PICKUP,False,Rabun Warehouse,02,30528.0,Cleveland,USDA GARBANZO BEANS,Dry Dry Dry Dry Proteins
587,173113,683,S-139,Shoal Creek Baptist Church,476743,,FP/USDA,FOOD PANTRY-Agency,BLUE RECEIPT-SHL,W-16-10001,79,0,0,14.22,79,WHITE,0.18,1/16/2024 9:57,1/16/2024 11:17,Price Code 1,CUSTOMER PICKUP,False,Sharing Floor Rabun,02-SH,30528.0,Cleveland,MISC. FOOD BOX SHL,Dry Dry Dry Dry Food Misc.
555,177033,8720,H-151,Helen First Baptist Church,479655,,FP/USDA,MOBILE PANTRY-Agency,USDA,N-50-10305,26,0,0,0.0,364,WHITE,0.0,3/15/2024 9:00,3/18/2024 11:04,Price Code 1,CUSTOMER PICKUP,False,Rabun Warehouse,02,30545.0,Helen,USDA MIXED VegetablesCCC,Dry Dry Dry Dry Vegetables
813,176639,5958,J-111,The Jericho House,479262,,ON PREMISES (OP),REHAB-Agency,BLUE RECEIPT-SHL,C-16-10001,113,0,0,20.34,113,WHITE,0.18,3/4/2024 11:09,3/4/2024 14:28,Price Code 1,CUSTOMER PICKUP,False,Sharing Floor Athens,01-SH,30571.0,Sautee - Nacoochee,"COOLER FOOD, MISC. SHL",Cooled Cooled Cooled Cooled Food Misc.
555,180698,1791,H-151,Helen First Baptist Church,483304,,FP/USDA,MOBILE PANTRY-Agency,USDA,N-50-10079,13,0,0,0.0,338,WHITE,0.0,5/17/2024 9:00,5/17/2024 7:20,Price Code 1,CUSTOMER PICKUP,False,Rabun Warehouse,02,30545.0,Helen,USDA WALNUT HALVES AND PIECES,Dry Dry Dry Dry Proteins
985,180604,690,R-133,Revivalist International Ministries,483210,,FOOD PANTRY,FOOD PANTRY-Agency,BLUE RECEIPT-SHL,W-03-10013,31,0,0,0.93,31,WHITE,0.03,5/10/2024 11:01,5/10/2024 11:25,Price Code 1,CONTACT FOR DELIVERY,False,Sharing Floor Rabun,02-SH,30528.0,Cleveland,"ASSORTED BEVERAGES, SHL",Dry Dry Dry Dry Beverages
587,179045,9014,S-139,Shoal Creek Baptist Church,481659,,FP/USDA,FOOD PANTRY-Agency,PURCH,N-27-10136,4,0,208,19.44,108,WHITE,0.18,4/16/2024 9:57,4/16/2024 11:26,Price Code 1,CUSTOMER PICKUP,False,Sharing Floor Rabun,02-SH,30528.0,Cleveland,"GREEN BEANS, HARVEST VALLEY",Dry Dry Dry Dry Vegetables
440,178721,8970,W-115,White County Food Pantry,FAIMPORT481335,,FP/GNAP/USDA,FOOD PANTRY-Agency,BLUE RECEIPT-SHL,MCW-16-10001,59,0,0,0.0,59,WHITE,0.0,4/8/2024 0:00,4/8/2024 0:00,Price Code 1,CUSTOMER PICKUP,False,Food Bank of Northeast Georgia,01,30528.0,Cleveland,"MISC. FOOD BOX, SHL RETAIL PICKUP",Dry Dry Dry Dry Food Misc.
555,182061,4715,H-151,Helen First Baptist Church,484665,,FP/USDA,MOBILE PANTRY-Agency,USDA,F-50-90461,18,0,0,0.0,720,WHITE,0.0,6/14/2024 9:00,6/20/2024 16:12,Price Code 1,CUSTOMER PICKUP,False,Rabun Warehouse,02,30545.0,Helen,USDA ALASKAN POLLACK FISH FILLETS,Frozen Frozen Frozen Frozen Proteins
587,175381,4555,S-139,Shoal Creek Baptist Church,478010,,FP/USDA,FOOD PANTRY-Agency,USDA,F-50-90042,8,0,0,57.6,320,WHITE,0.18,2/13/2024 9:57,2/13/2024 11:41,Price Code 1,CUSTOMER PICKUP,False,Rabun Warehouse,02,30528.0,Cleveland,USDA CHICKEN DRUMSTICKS CCC,Frozen Frozen Frozen Frozen Proteins
555,179124,6831,H-151,Helen First Baptist Church,481737,,FP/USDA,MOBILE PANTRY-Agency,USDA,C-50-10025,49,0,0,0.0,2058,WHITE,0.0,4/19/2024 9:00,4/22/2024 8:50,Price Code 1,CUSTOMER PICKUP,False,Rabun Warehouse,02,30545.0,Helen,USDA APPLES,Cooled Cooled Cooled Cooled Fruits
813,182534,875,J-111,The Jericho House,485137,,ON PREMISES (OP),REHAB-Agency,BLUE RECEIPT-SHL,W-04-10000,14,0,0,0.0,14,WHITE,0.0,6/24/2024 11:09,6/24/2024 14:33,Price Code 1,CUSTOMER PICKUP,False,Sharing Floor Athens,01-SH,30571.0,Sautee - Nacoochee,"BREAD & BAKERY, ASSORTED SHL",Dry Dry Dry Dry Grains
655,177031,7082,H-153,His Hands and Feet Ministries,479653,,FP/USDA,FOOD PANTRY-Agency,USDA,C-50-10033,102,0,0,0.0,1224,WHITE,0.0,3/14/2024 11:38,3/15/2024 9:06,Price Code 1,CUSTOMER PICKUP,False,Rabun Warehouse,02,30528.0,Cleveland,USDA SHREDDED YELLOW CHEDDAR CHEESE CCC,Cooled Cooled Cooled Cooled Dairy
655,172733,170,H-153,His Hands and Feet Ministries,476364,,FP/USDA,FOOD PANTRY-Agency,USDA,N-50-10007,13,0,0,0.0,364,WHITE,0.0,1/11/2024 11:38,1/16/2024 9:29,Price Code 1,CUSTOMER PICKUP,False,Rabun Warehouse,02,30528.0,Cleveland,"USDA CORN, WHOLE KERNEL NO SALT",Dry Dry Dry Dry Vegetables
440,182573,8986,W-115,White County Food Pantry,FAIMPORT485176,,FP/GNAP/USDA,FOOD PANTRY-Agency,BLUE RECEIPT-SHL,MCW-01-10001,15,0,0,0.0,15,WHITE,0.0,6/24/2024 0:00,6/24/2024 0:00,Price Code 1,CUSTOMER PICKUP,False,Food Bank of Northeast Georgia,01,30528.0,Cleveland,"NON-FOOD ITEMS, SHL RETAIL PICKUPS",Dry Dry Dry Dry Non-Food Misc.
655,180320,6676,H-153,His Hands and Feet Ministries,482926,,FP/USDA,FOOD PANTRY-Agency,USDA,C-50-10009,49,0,0,0.0,2205,WHITE,0.0,5/9/2024 11:38,5/9/2024 14:11,Price Code 1,CUSTOMER PICKUP,False,Rabun Warehouse,02,30528.0,Cleveland,"USDA APPLES, FRESH",Cooled Cooled Cooled Cooled Fruits
440,173026,3868,W-115,White County Food Pantry,476656,,FP/GNAP/USDA,FOOD PANTRY-Agency,USDA,N-50-10267,20,0,0,144.0,800,WHITE,0.18,1/22/2024 0:00,1/22/2024 9:09,Price Code 1,CUSTOMER PICKUP,False,Rabun Warehouse,02,30528.0,Cleveland,USDA ALL PURPOSE FLOUR,Dry Dry Dry Dry Grains
440,180029,9036,W-115,White County Food Pantry,482637,,FP/GNAP/USDA,FOOD PANTRY-Agency,GNAP,N-40-10273,40,0,0,0.0,560,WHITE,0.0,5/7/2024 8:00,5/7/2024 7:41,Price Code 1,CUSTOMER PICKUP,False,Rabun Warehouse,02,30528.0,Cleveland,GNAP PASTA O'S IN TOMATO SAUCE,Dry Dry Dry Dry Prepared Meals
555,175675,8914,H-151,Helen First Baptist Church,478303,,FP/USDA,MOBILE PANTRY-Agency,USDA,N-50-10310,13,0,0,0.0,351,WHITE,0.0,2/16/2024 9:00,2/20/2024 15:54,Price Code 1,TRUCK 2 MOBILE PANTRY,False,Rabun Warehouse,02,30545.0,Helen,USDA DICED POTATOES,Dry Dry Dry Dry Potatoes
655,178320,4788,H-153,His Hands and Feet Ministries,480936,,FP/USDA,FOOD PANTRY-Agency,USDA,F-50-90039,40,0,0,0.0,1600,WHITE,0.0,4/11/2024 11:38,4/11/2024 11:05,Price Code 1,CUSTOMER PICKUP,False,Rabun Warehouse,02,30528.0,Cleveland,USDA CATFISH FILLETS CCC,Frozen Frozen Frozen Frozen Proteins
440,177679,8783,W-115,White County Food Pantry,480299,,FP/GNAP/USDA,FOOD PANTRY-Agency,USDA,N-50-10308,6,0,0,24.84,138,WHITE,0.18,3/26/2024 15:37,3/26/2024 8:10,Price Code 1,CUSTOMER PICKUP,False,Rabun Warehouse,02,30528.0,Cleveland,USDA RAISINS,Dry Dry Dry Dry Fruits
655,180320,842,H-153,His Hands and Feet Ministries,482926,,FP/USDA,FOOD PANTRY-Agency,USDA,N-50-10021,13,0,0,0.0,351,WHITE,0.0,5/9/2024 11:38,5/9/2024 14:11,Price Code 1,CUSTOMER PICKUP,False,Rabun Warehouse,02,30528.0,Cleveland,USDA DICED TOMATOES NO SALT CCC,Dry Dry Dry Dry Vegetables
655,172733,2862,H-153,His Hands and Feet Ministries,476364,,FP/USDA,FOOD PANTRY-Agency,USDA,N-50-10115,13,0,0,0.0,351,WHITE,0.0,1/11/2024 11:38,1/16/2024 9:29,Price Code 1,CUSTOMER PICKUP,False,Rabun Warehouse,02,30528.0,Cleveland,USDA DARK RED KIDNEY BEANS CCC,Dry Dry Dry Dry Proteins
440,175653,7082,W-115,White County Food Pantry,478281,,FP/GNAP/USDA,FOOD PANTRY-Agency,USDA,C-50-10033,20,0,0,0.0,240,WHITE,0.0,2/20/2024 15:37,2/20/2024 8:09,Price Code 1,CUSTOMER PICKUP,False,Rabun Warehouse,02,30528.0,Cleveland,USDA SHREDDED YELLOW CHEDDAR CHEESE CCC,Cooled Cooled Cooled Cooled Dairy
440,173026,3954,W-115,White County Food Pantry,476656,,FP/GNAP/USDA,FOOD PANTRY-Agency,GNAP,N-40-10164,30,0,0,81.0,810,WHITE,0.1,1/22/2024 0:00,1/22/2024 9:09,Price Code 1,CUSTOMER PICKUP,False,Rabun Warehouse,02,30528.0,Cleveland,"GNAP GREEN PEAS, LOW SODIUM",Dry Dry Dry Dry Proteins
555,175675,8672,H-151,Helen First Baptist Church,478303,,FP/USDA,MOBILE PANTRY-Agency,USDA,N-50-10301,13,0,0,0.0,312,WHITE,0.0,2/16/2024 9:00,2/20/2024 15:54,Price Code 1,TRUCK 2 MOBILE PANTRY,False,Rabun Warehouse,02,30545.0,Helen,USDA YELLOW SPLIT PEAS,Dry Dry Dry Dry Proteins
813,178991,50,J-111,The Jericho House,481605,,ON PREMISES (OP),REHAB-Agency,LOCAL - LL,W-16-10002,25,0,0,4.5,25,WHITE,0.18,4/15/2024 11:09,4/15/2024 14:09,Price Code 1,CUSTOMER PICKUP,False,Sharing Floor Athens,01-SH,30571.0,Sautee - Nacoochee,MISC. FOOD BOX LL,Dry Dry Dry Dry Food Misc.
813,176639,690,J-111,The Jericho House,479262,,ON PREMISES (OP),REHAB-Agency,BLUE RECEIPT-SHL,W-03-10013,216,0,0,0.0,216,WHITE,0.0,3/4/2024 11:09,3/4/2024 14:28,Price Code 1,CUSTOMER PICKUP,False,Sharing Floor Athens,01-SH,30571.0,Sautee - Nacoochee,"ASSORTED BEVERAGES, SHL",Dry Dry Dry Dry Beverages
440,176231,842,W-115,White County Food Pantry,478857,,FP/GNAP/USDA,FOOD PANTRY-Agency,USDA,N-50-10021,12,0,0,58.32,324,WHITE,0.18,3/5/2024 15:37,3/5/2024 7:06,Price Code 1,CUSTOMER PICKUP,False,Rabun Warehouse,02,30528.0,Cleveland,USDA DICED TOMATOES NO SALT CCC,Dry Dry Dry Dry Vegetables
440,173014,3204,W-115,White County Food Pantry,476644,,FP/GNAP/USDA,FOOD PANTRY-Agency,GNAP,N-40-10217,40,0,0,36.0,360,WHITE,0.1,1/22/2024 0:00,1/22/2024 9:08,Price Code 1,CUSTOMER PICKUP,False,Rabun Warehouse,02,30528.0,Cleveland,GNAP CANNED HAM,Dry Dry Dry Dry Proteins
555,180698,2202,H-151,Helen First Baptist Church,483304,,FP/USDA,MOBILE PANTRY-Agency,USDA,N-50-10240,15,0,0,0.0,330,WHITE,0.0,5/17/2024 9:00,5/17/2024 7:20,Price Code 1,CUSTOMER PICKUP,False,Rabun Warehouse,02,30545.0,Helen,USDA SPAGHETTI,Dry Dry Dry Dry Grains
813,175975,875,J-111,The Jericho House,478603,,ON PREMISES (OP),REHAB-Agency,BLUE RECEIPT-SHL,W-04-10000,46,0,0,0.0,46,WHITE,0.0,2/21/2024 11:09,2/21/2024 15:03,Price Code 1,CUSTOMER PICKUP,False,Sharing Floor Athens,01-SH,30571.0,Sautee - Nacoochee,"BREAD & BAKERY, ASSORTED SHL",Dry Dry Dry Dry Grains
655,178320,1047,H-153,His Hands and Feet Ministries,480936,,FP/USDA,FOOD PANTRY-Agency,USDA,N-50-10041,13,0,0,0.0,637,WHITE,0.0,4/11/2024 11:38,4/11/2024 11:05,Price Code 1,CUSTOMER PICKUP,False,Rabun Warehouse,02,30528.0,Cleveland,USDA RICE,Dry Dry Dry Dry Grains
655,178320,8497,H-153,His Hands and Feet Ministries,480936,,FP/USDA,FOOD PANTRY-Agency,USDA,C-50-10048,60,0,0,0.0,1920,WHITE,0.0,4/11/2024 11:38,4/11/2024 11:05,Price Code 1,CUSTOMER PICKUP,False,Rabun Warehouse,02,30528.0,Cleveland,USDA MANDARIN ORANGES,Cooled Cooled Cooled Cooled Fruits
587,180496,7083,S-139,Shoal Creek Baptist Church,483102,,FP/USDA,FOOD PANTRY-Agency,USDA,C-50-10029,10,0,0,21.6,120,WHITE,0.18,5/14/2024 11:00,5/14/2024 11:03,Price Code 1,CUSTOMER PICKUP,False,Rabun Warehouse,02,30528.0,Cleveland,"USDA MILD CHEDDAR CHEESE, BLOCK CCC",Cooled Cooled Cooled Cooled Dairy
555,173159,4676,H-151,Helen First Baptist Church,476789,,FP/USDA,MOBILE PANTRY-Agency,USDA,F-50-90031,50,0,0,0.0,1200,WHITE,0.0,1/19/2024 9:00,1/22/2024 9:23,Price Code 1,CUSTOMER PICKUP,False,Rabun Warehouse,02,30545.0,Helen,USDA FROZEN BLUEBERRIES CCC,Frozen Frozen Frozen Frozen Fruits
440,175653,8720,W-115,White County Food Pantry,478281,,FP/GNAP/USDA,FOOD PANTRY-Agency,USDA,N-50-10305,10,0,0,25.2,140,WHITE,0.18,2/20/2024 15:37,2/20/2024 8:09,Price Code 1,CUSTOMER PICKUP,False,Rabun Warehouse,02,30528.0,Cleveland,USDA MIXED VegetablesCCC,Dry Dry Dry Dry Vegetables
655,175268,4715,H-153,His Hands and Feet Ministries,477897,,FP/USDA,FOOD PANTRY-Agency,USDA,F-50-90461,18,0,0,0.0,720,WHITE,0.0,2/7/2024 11:38,2/8/2024 15:45,Price Code 1,TRUCK 2 MOBILE PANTRY,False,Rabun Warehouse,02,30528.0,Cleveland,USDA ALASKAN POLLACK FISH FILLETS,Frozen Frozen Frozen Frozen Proteins
440,180493,2202,W-115,White County Food Pantry,483099,,FP/GNAP/USDA,FOOD PANTRY-Agency,USDA,N-50-10240,4,0,0,15.84,88,WHITE,0.18,5/14/2024 8:15,5/14/2024 7:32,Price Code 1,CUSTOMER PICKUP,False,Rabun Warehouse,02,30528.0,Cleveland,USDA SPAGHETTI,Dry Dry Dry Dry Grains
985,180136,8976,R-133,Revivalist International Ministries,FAIMPORT482744,,FOOD PANTRY,FOOD PANTRY-Agency,BLUE RECEIPT-SHL,MCC-28-10001,21,0,0,0.0,21,WHITE,0.0,5/2/2024 0:00,5/2/2024 0:00,Price Code 1,CONTACT FOR DELIVERY,False,Food Bank of Northeast Georgia,01,30528.0,Cleveland,"PRODUCE, SHL RETAIL PICKUPS",Dry Dry Dry Dry Mixed Produce
985,179784,8970,R-133,Revivalist International Ministries,FAIMPORT482397,,FOOD PANTRY,FOOD PANTRY-Agency,BLUE RECEIPT-SHL,MCW-16-10001,18,0,0,0.0,18,WHITE,0.0,4/25/2024 0:00,4/25/2024 0:00,Price Code 1,CONTACT FOR DELIVERY,False,Food Bank of Northeast Georgia,01,30528.0,Cleveland,"MISC. FOOD BOX, SHL RETAIL PICKUP",Dry Dry Dry Dry Food Misc.
440,172951,8784,W-115,White County Food Pantry,CR442088,,FP/GNAP/USDA,FOOD PANTRY-Agency,USDA,N-50-10309,-12,0,0,-58.32,-324,WHITE,0.18,1/11/2024 14:37,1/11/2024 14:40,Price Code 1,CUSTOMER PICKUP,False,Rabun Warehouse,02,30528.0,Cleveland,USDA CANNED SALMON CCC,Dry Dry Dry Dry Proteins
