Agency,Time,dist_volume,delta,pct_change
1st Step Program,2022-07,0.0,0.0,
1st Step Program,2022-08,0.0,0.0,0.0
1st Step Program,2022-09,0.0,0.0,0.0
1st Step Program,2022-10,0.0,0.0,0.0
1st Step Program,2022-11,0.0,0.0,0.0
1st Step Program,2022-12,0.0,0.0,0.0
1st Step Program,2023-01,0.0,0.0,0.0
1st Step Program,2023-02,51.0,51.0,inf
1st Step Program,2023-03,0.0,-51.0,-1.0
1st Step Program,2023-04,0.0,0.0,0.0
1st Step Program,2023-05,580.0,580.0,inf
1st Step Program,2023-06,670.0,90.0,0.15517241379310345
1st Step Program,2023-07,0.0,-670.0,-1.0
1st Step Program,2023-08,0.0,0.0,0.0
1st Step Program,2023-09,0.0,0.0,0.0
1st Step Program,2023-10,2031.0,2031.0,inf
1st Step Program,2023-11,0.0,-2031.0,-1.0
1st Step Program,2023-12,0.0,0.0,0.0
1st Step Program,2024-01,0.0,0.0,0.0
1st Step Program,2024-02,0.0,0.0,0.0
1st Step Program,2024-03,0.0,0.0,0.0
1st Step Program,2024-04,0.0,0.0,0.0
1st Step Program,2024-05,0.0,0.0,0.0
1st Step Program,2024-06,0.0,0.0,0.0
1st Step Program,2024-07,0.0,0.0,0.0
1st Step Program,2024-08,0.0,0.0,0.0
1st Step Program,2024-09,0.0,0.0,0.0
1st Step Program,2024-10,0.0,0.0,0.0
1st Step Program,2024-11,0.0,0.0,0.0
1st Step Program,2024-12,0.0,0.0,0.0
1st Step Program,2025-01,0.0,0.0,0.0
1st Step Program,2025-02,0.0,0.0,0.0
1st Step Program,2025-03,0.0,0.0,0.0
1st Step Program,2025-04,0.0,0.0,0.0
1st Step Program,2025-05,0.0,0.0,0.0
1st Step Program,2025-06,0.0,0.0,0.0
AIDS Athens (Live Forward),2022-07,480.0,0.0,
AIDS Athens (Live Forward),2022-08,0.0,-480.0,-1.0
AIDS Athens (Live Forward),2022-09,0.0,0.0,0.0
AIDS Athens (Live Forward),2022-10,0.0,0.0,0.0
AIDS Athens (Live Forward),2022-11,0.0,0.0,0.0
AIDS Athens (Live Forward),2022-12,545.0,545.0,inf
AIDS Athens (Live Forward),2023-01,687.0,142.0,0.26055045871559634
AIDS Athens (Live Forward),2023-02,399.0,-288.0,-0.4192139737991266
AIDS Athens (Live Forward),2023-03,320.0,-79.0,-0.19799498746867167
AIDS Athens (Live Forward),2023-04,319.0,-1.0,-0.003125
AIDS Athens (Live Forward),2023-05,389.0,70.0,0.219435736677116
AIDS Athens (Live Forward),2023-06,0.0,-389.0,-1.0
AIDS Athens (Live Forward),2023-07,391.0,391.0,inf
AIDS Athens (Live Forward),2023-08,0.0,-391.0,-1.0
AIDS Athens (Live Forward),2023-09,616.0,616.0,inf
AIDS Athens (Live Forward),2023-10,540.0,-76.0,-0.12337662337662338
AIDS Athens (Live Forward),2023-11,520.0,-20.0,-0.037037037037037035
AIDS Athens (Live Forward),2023-12,393.0,-127.0,-0.24423076923076922
AIDS Athens (Live Forward),2024-01,0.0,-393.0,-1.0
AIDS Athens (Live Forward),2024-02,0.0,0.0,0.0
AIDS Athens (Live Forward),2024-03,0.0,0.0,0.0
AIDS Athens (Live Forward),2024-04,0.0,0.0,0.0
AIDS Athens (Live Forward),2024-05,0.0,0.0,0.0
AIDS Athens (Live Forward),2024-06,708.0,708.0,inf
AIDS Athens (Live Forward),2024-07,0.0,-708.0,-1.0
AIDS Athens (Live Forward),2024-08,524.0,524.0,inf
AIDS Athens (Live Forward),2024-09,481.0,-43.0,-0.08206106870229007
AIDS Athens (Live Forward),2024-10,376.0,-105.0,-0.2182952182952183
AIDS Athens (Live Forward),2024-11,0.0,-376.0,-1.0
AIDS Athens (Live Forward),2024-12,756.0,756.0,inf
AIDS Athens (Live Forward),2025-01,0.0,-756.0,-1.0
AIDS Athens (Live Forward),2025-02,699.0,699.0,inf
AIDS Athens (Live Forward),2025-03,485.0,-214.0,-0.3061516452074392
AIDS Athens (Live Forward),2025-04,411.0,-74.0,-0.15257731958762888
AIDS Athens (Live Forward),2025-05,0.0,-411.0,-1.0
AIDS Athens (Live Forward),2025-06,0.0,0.0,0.0
Acceptance Recovery Center Inc.,2022-07,1761.0,0.0,
Acceptance Recovery Center Inc.,2022-08,3304.0,1543.0,0.8762067007382169
Acceptance Recovery Center Inc.,2022-09,1329.0,-1975.0,-0.5977602905569007
Acceptance Recovery Center Inc.,2022-10,1878.0,549.0,0.41309255079006774
Acceptance Recovery Center Inc.,2022-11,1259.0,-619.0,-0.32960596379126733
Acceptance Recovery Center Inc.,2022-12,1352.0,93.0,0.07386814932486101
Acceptance Recovery Center Inc.,2023-01,2257.0,905.0,0.6693786982248521
Acceptance Recovery Center Inc.,2023-02,1603.0,-654.0,-0.2897651750110766
Acceptance Recovery Center Inc.,2023-03,2328.0,725.0,0.45227698066126015
Acceptance Recovery Center Inc.,2023-04,2066.0,-262.0,-0.11254295532646048
Acceptance Recovery Center Inc.,2023-05,2035.0,-31.0,-0.015004840271055178
Acceptance Recovery Center Inc.,2023-06,2051.0,16.0,0.007862407862407862
Acceptance Recovery Center Inc.,2023-07,1516.0,-535.0,-0.26084836665041444
Acceptance Recovery Center Inc.,2023-08,2063.0,547.0,0.3608179419525066
Acceptance Recovery Center Inc.,2023-09,1119.0,-944.0,-0.4575860397479399
Acceptance Recovery Center Inc.,2023-10,1716.0,597.0,0.5335120643431636
Acceptance Recovery Center Inc.,2023-11,2419.0,703.0,0.40967365967365965
Acceptance Recovery Center Inc.,2023-12,1457.0,-962.0,-0.39768499379909056
Acceptance Recovery Center Inc.,2024-01,1937.0,480.0,0.32944406314344543
Acceptance Recovery Center Inc.,2024-02,4228.0,2291.0,1.1827568404749613
Acceptance Recovery Center Inc.,2024-03,1617.0,-2611.0,-0.6175496688741722
Acceptance Recovery Center Inc.,2024-04,2605.0,988.0,0.6110080395794681
Acceptance Recovery Center Inc.,2024-05,2184.0,-421.0,-0.1616122840690979
Acceptance Recovery Center Inc.,2024-06,1304.0,-880.0,-0.40293040293040294
Acceptance Recovery Center Inc.,2024-07,1875.0,571.0,0.4378834355828221
Acceptance Recovery Center Inc.,2024-08,3872.0,1997.0,1.0650666666666666
Acceptance Recovery Center Inc.,2024-09,3149.0,-723.0,-0.18672520661157024
Acceptance Recovery Center Inc.,2024-10,3075.0,-74.0,-0.023499523658304225
Acceptance Recovery Center Inc.,2024-11,2043.0,-1032.0,-0.335609756097561
Acceptance Recovery Center Inc.,2024-12,1967.0,-76.0,-0.03720019579050416
Acceptance Recovery Center Inc.,2025-01,3807.0,1840.0,0.9354346720894764
Acceptance Recovery Center Inc.,2025-02,2023.0,-1784.0,-0.46861045442605725
Acceptance Recovery Center Inc.,2025-03,3354.0,1331.0,0.6579337617399901
Acceptance Recovery Center Inc.,2025-04,4328.0,974.0,0.29039952295766247
Acceptance Recovery Center Inc.,2025-05,3604.0,-724.0,-0.16728280961182995
Acceptance Recovery Center Inc.,2025-06,2729.4,-874.5999999999999,-0.24267480577136513
Acceptance Recovery Inc. Men's,2022-07,0.0,0.0,
Acceptance Recovery Inc. Men's,2022-08,0.0,0.0,0.0
Acceptance Recovery Inc. Men's,2022-09,0.0,0.0,0.0
Acceptance Recovery Inc. Men's,2022-10,0.0,0.0,0.0
Acceptance Recovery Inc. Men's,2022-11,0.0,0.0,0.0
Acceptance Recovery Inc. Men's,2022-12,0.0,0.0,0.0
Acceptance Recovery Inc. Men's,2023-01,0.0,0.0,0.0
Acceptance Recovery Inc. Men's,2023-02,0.0,0.0,0.0
Acceptance Recovery Inc. Men's,2023-03,0.0,0.0,0.0
Acceptance Recovery Inc. Men's,2023-04,0.0,0.0,0.0
Acceptance Recovery Inc. Men's,2023-05,0.0,0.0,0.0
Acceptance Recovery Inc. Men's,2023-06,0.0,0.0,0.0
Acceptance Recovery Inc. Men's,2023-07,0.0,0.0,0.0
Acceptance Recovery Inc. Men's,2023-08,0.0,0.0,0.0
Acceptance Recovery Inc. Men's,2023-09,0.0,0.0,0.0
Acceptance Recovery Inc. Men's,2023-10,0.0,0.0,0.0
Acceptance Recovery Inc. Men's,2023-11,0.0,0.0,0.0
Acceptance Recovery Inc. Men's,2023-12,0.0,0.0,0.0
Acceptance Recovery Inc. Men's,2024-01,0.0,0.0,0.0
Acceptance Recovery Inc. Men's,2024-02,0.0,0.0,0.0
Acceptance Recovery Inc. Men's,2024-03,0.0,0.0,0.0
Acceptance Recovery Inc. Men's,2024-04,0.0,0.0,0.0
Acceptance Recovery Inc. Men's,2024-05,0.0,0.0,0.0
Acceptance Recovery Inc. Men's,2024-06,0.0,0.0,0.0
Acceptance Recovery Inc. Men's,2024-07,0.0,0.0,0.0
Acceptance Recovery Inc. Men's,2024-08,0.0,0.0,0.0
Acceptance Recovery Inc. Men's,2024-09,0.0,0.0,0.0
Acceptance Recovery Inc. Men's,2024-10,0.0,0.0,0.0
Acceptance Recovery Inc. Men's,2024-11,0.0,0.0,0.0
Acceptance Recovery Inc. Men's,2024-12,0.0,0.0,0.0
Acceptance Recovery Inc. Men's,2025-01,0.0,0.0,0.0
Acceptance Recovery Inc. Men's,2025-02,0.0,0.0,0.0
Acceptance Recovery Inc. Men's,2025-03,0.0,0.0,0.0
Acceptance Recovery Inc. Men's,2025-04,0.0,0.0,0.0
Acceptance Recovery Inc. Men's,2025-05,0.0,0.0,0.0
Acceptance Recovery Inc. Men's,2025-06,1934.0,1934.0,inf
Advantage Behavioral Health System - Homeless Day Center,2022-07,0.0,0.0,
Advantage Behavioral Health System - Homeless Day Center,2022-08,0.0,0.0,0.0
Advantage Behavioral Health System - Homeless Day Center,2022-09,0.0,0.0,0.0
Advantage Behavioral Health System - Homeless Day Center,2022-10,0.0,0.0,0.0
Advantage Behavioral Health System - Homeless Day Center,2022-11,0.0,0.0,0.0
Advantage Behavioral Health System - Homeless Day Center,2022-12,0.0,0.0,0.0
Advantage Behavioral Health System - Homeless Day Center,2023-01,0.0,0.0,0.0
Advantage Behavioral Health System - Homeless Day Center,2023-02,0.0,0.0,0.0
Advantage Behavioral Health System - Homeless Day Center,2023-03,0.0,0.0,0.0
Advantage Behavioral Health System - Homeless Day Center,2023-04,0.0,0.0,0.0
Advantage Behavioral Health System - Homeless Day Center,2023-05,0.0,0.0,0.0
Advantage Behavioral Health System - Homeless Day Center,2023-06,0.0,0.0,0.0
Advantage Behavioral Health System - Homeless Day Center,2023-07,0.0,0.0,0.0
Advantage Behavioral Health System - Homeless Day Center,2023-08,0.0,0.0,0.0
Advantage Behavioral Health System - Homeless Day Center,2023-09,0.0,0.0,0.0
Advantage Behavioral Health System - Homeless Day Center,2023-10,0.0,0.0,0.0
Advantage Behavioral Health System - Homeless Day Center,2023-11,0.0,0.0,0.0
Advantage Behavioral Health System - Homeless Day Center,2023-12,0.0,0.0,0.0
Advantage Behavioral Health System - Homeless Day Center,2024-01,0.0,0.0,0.0
Advantage Behavioral Health System - Homeless Day Center,2024-02,685.0,685.0,inf
Advantage Behavioral Health System - Homeless Day Center,2024-03,0.0,-685.0,-1.0
Advantage Behavioral Health System - Homeless Day Center,2024-04,651.0,651.0,inf
Advantage Behavioral Health System - Homeless Day Center,2024-05,0.0,-651.0,-1.0
Advantage Behavioral Health System - Homeless Day Center,2024-06,0.0,0.0,0.0
Advantage Behavioral Health System - Homeless Day Center,2024-07,0.0,0.0,0.0
Advantage Behavioral Health System - Homeless Day Center,2024-08,0.0,0.0,0.0
Advantage Behavioral Health System - Homeless Day Center,2024-09,0.0,0.0,0.0
Advantage Behavioral Health System - Homeless Day Center,2024-10,0.0,0.0,0.0
Advantage Behavioral Health System - Homeless Day Center,2024-11,0.0,0.0,0.0
Advantage Behavioral Health System - Homeless Day Center,2024-12,0.0,0.0,0.0
Advantage Behavioral Health System - Homeless Day Center,2025-01,0.0,0.0,0.0
Advantage Behavioral Health System - Homeless Day Center,2025-02,0.0,0.0,0.0
Advantage Behavioral Health System - Homeless Day Center,2025-03,0.0,0.0,0.0
Advantage Behavioral Health System - Homeless Day Center,2025-04,0.0,0.0,0.0
Advantage Behavioral Health System - Homeless Day Center,2025-05,0.0,0.0,0.0
Advantage Behavioral Health System - Homeless Day Center,2025-06,0.0,0.0,0.0
Advantage Behavioral Health System - Women's Services,2022-07,0.0,0.0,
Advantage Behavioral Health System - Women's Services,2022-08,0.0,0.0,0.0
Advantage Behavioral Health System - Women's Services,2022-09,0.0,0.0,0.0
Advantage Behavioral Health System - Women's Services,2022-10,582.0,582.0,inf
Advantage Behavioral Health System - Women's Services,2022-11,0.0,-582.0,-1.0
Advantage Behavioral Health System - Women's Services,2022-12,0.0,0.0,0.0
Advantage Behavioral Health System - Women's Services,2023-01,0.0,0.0,0.0
Advantage Behavioral Health System - Women's Services,2023-02,259.0,259.0,inf
Advantage Behavioral Health System - Women's Services,2023-03,391.0,132.0,0.5096525096525096
Advantage Behavioral Health System - Women's Services,2023-04,0.0,-391.0,-1.0
Advantage Behavioral Health System - Women's Services,2023-05,0.0,0.0,0.0
Advantage Behavioral Health System - Women's Services,2023-06,0.0,0.0,0.0
Advantage Behavioral Health System - Women's Services,2023-07,263.0,263.0,inf
Advantage Behavioral Health System - Women's Services,2023-08,500.0,237.0,0.9011406844106464
Advantage Behavioral Health System - Women's Services,2023-09,277.0,-223.0,-0.446
Advantage Behavioral Health System - Women's Services,2023-10,0.0,-277.0,-1.0
Advantage Behavioral Health System - Women's Services,2023-11,0.0,0.0,0.0
Advantage Behavioral Health System - Women's Services,2023-12,0.0,0.0,0.0
Advantage Behavioral Health System - Women's Services,2024-01,0.0,0.0,0.0
Advantage Behavioral Health System - Women's Services,2024-02,0.0,0.0,0.0
Advantage Behavioral Health System - Women's Services,2024-03,0.0,0.0,0.0
Advantage Behavioral Health System - Women's Services,2024-04,0.0,0.0,0.0
Advantage Behavioral Health System - Women's Services,2024-05,0.0,0.0,0.0
Advantage Behavioral Health System - Women's Services,2024-06,0.0,0.0,0.0
Advantage Behavioral Health System - Women's Services,2024-07,1138.0,1138.0,inf
Advantage Behavioral Health System - Women's Services,2024-08,654.0,-484.0,-0.4253075571177504
Advantage Behavioral Health System - Women's Services,2024-09,537.0,-117.0,-0.17889908256880735
Advantage Behavioral Health System - Women's Services,2024-10,432.0,-105.0,-0.19553072625698323
Advantage Behavioral Health System - Women's Services,2024-11,796.0,364.0,0.8425925925925926
Advantage Behavioral Health System - Women's Services,2024-12,594.0,-202.0,-0.2537688442211055
Advantage Behavioral Health System - Women's Services,2025-01,414.0,-180.0,-0.30303030303030304
Advantage Behavioral Health System - Women's Services,2025-02,2846.0,2432.0,5.874396135265701
Advantage Behavioral Health System - Women's Services,2025-03,6330.0,3484.0,1.2241742796907942
Advantage Behavioral Health System - Women's Services,2025-04,2035.0,-4295.0,-0.6785150078988942
Advantage Behavioral Health System - Women's Services,2025-05,6508.0,4473.0,2.198034398034398
Advantage Behavioral Health System - Women's Services,2025-06,2938.2,-3569.8,-0.5485248924400737
Angels in Motion Learning Center,2022-07,0.0,0.0,
Angels in Motion Learning Center,2022-08,0.0,0.0,0.0
Angels in Motion Learning Center,2022-09,0.0,0.0,0.0
Angels in Motion Learning Center,2022-10,0.0,0.0,0.0
Angels in Motion Learning Center,2022-11,0.0,0.0,0.0
Angels in Motion Learning Center,2022-12,0.0,0.0,0.0
Angels in Motion Learning Center,2023-01,0.0,0.0,0.0
Angels in Motion Learning Center,2023-02,0.0,0.0,0.0
Angels in Motion Learning Center,2023-03,0.0,0.0,0.0
Angels in Motion Learning Center,2023-04,0.0,0.0,0.0
Angels in Motion Learning Center,2023-05,0.0,0.0,0.0
Angels in Motion Learning Center,2023-06,0.0,0.0,0.0
Angels in Motion Learning Center,2023-07,0.0,0.0,0.0
Angels in Motion Learning Center,2023-08,0.0,0.0,0.0
Angels in Motion Learning Center,2023-09,0.0,0.0,0.0
Angels in Motion Learning Center,2023-10,0.0,0.0,0.0
Angels in Motion Learning Center,2023-11,0.0,0.0,0.0
Angels in Motion Learning Center,2023-12,0.0,0.0,0.0
Angels in Motion Learning Center,2024-01,0.0,0.0,0.0
Angels in Motion Learning Center,2024-02,0.0,0.0,0.0
Angels in Motion Learning Center,2024-03,0.0,0.0,0.0
Angels in Motion Learning Center,2024-04,0.0,0.0,0.0
Angels in Motion Learning Center,2024-05,0.0,0.0,0.0
Angels in Motion Learning Center,2024-06,0.0,0.0,0.0
Angels in Motion Learning Center,2024-07,0.0,0.0,0.0
Angels in Motion Learning Center,2024-08,0.0,0.0,0.0
Angels in Motion Learning Center,2024-09,0.0,0.0,0.0
Angels in Motion Learning Center,2024-10,0.0,0.0,0.0
Angels in Motion Learning Center,2024-11,0.0,0.0,0.0
Angels in Motion Learning Center,2024-12,0.0,0.0,0.0
Angels in Motion Learning Center,2025-01,0.0,0.0,0.0
Angels in Motion Learning Center,2025-02,0.0,0.0,0.0
Angels in Motion Learning Center,2025-03,0.0,0.0,0.0
Angels in Motion Learning Center,2025-04,0.0,0.0,0.0
Angels in Motion Learning Center,2025-05,5270.0,5270.0,inf
Angels in Motion Learning Center,2025-06,11926.0,6656.0,1.2629981024667931
Athena Athletic F.K.A Gladiator Football Foundation,2022-07,574.0,0.0,
Athena Athletic F.K.A Gladiator Football Foundation,2022-08,4634.0,4060.0,7.073170731707317
Athena Athletic F.K.A Gladiator Football Foundation,2022-09,1083.0,-3551.0,-0.76629261976694
Athena Athletic F.K.A Gladiator Football Foundation,2022-10,877.0,-206.0,-0.1902123730378578
Athena Athletic F.K.A Gladiator Football Foundation,2022-11,1873.0,996.0,1.1356898517673888
Athena Athletic F.K.A Gladiator Football Foundation,2022-12,202.0,-1671.0,-0.8921516284036305
Athena Athletic F.K.A Gladiator Football Foundation,2023-01,2150.0,1948.0,9.643564356435643
Athena Athletic F.K.A Gladiator Football Foundation,2023-02,1209.0,-941.0,-0.43767441860465117
Athena Athletic F.K.A Gladiator Football Foundation,2023-03,329.0,-880.0,-0.727874276261373
Athena Athletic F.K.A Gladiator Football Foundation,2023-04,1212.0,883.0,2.683890577507599
Athena Athletic F.K.A Gladiator Football Foundation,2023-05,364.0,-848.0,-0.6996699669966997
Athena Athletic F.K.A Gladiator Football Foundation,2023-06,650.0,286.0,0.7857142857142857
Athena Athletic F.K.A Gladiator Football Foundation,2023-07,420.0,-230.0,-0.35384615384615387
Athena Athletic F.K.A Gladiator Football Foundation,2023-08,3163.0,2743.0,6.530952380952381
Athena Athletic F.K.A Gladiator Football Foundation,2023-09,596.0,-2567.0,-0.8115712930761935
Athena Athletic F.K.A Gladiator Football Foundation,2023-10,1060.0,464.0,0.7785234899328859
Athena Athletic F.K.A Gladiator Football Foundation,2023-11,1586.0,526.0,0.4962264150943396
Athena Athletic F.K.A Gladiator Football Foundation,2023-12,1329.0,-257.0,-0.16204287515762925
Athena Athletic F.K.A Gladiator Football Foundation,2024-01,2675.0,1346.0,1.0127915726109857
Athena Athletic F.K.A Gladiator Football Foundation,2024-02,3354.0,679.0,0.25383177570093457
Athena Athletic F.K.A Gladiator Football Foundation,2024-03,209.0,-3145.0,-0.9376863446630889
Athena Athletic F.K.A Gladiator Football Foundation,2024-04,321.0,112.0,0.5358851674641149
Athena Athletic F.K.A Gladiator Football Foundation,2024-05,0.0,-321.0,-1.0
Athena Athletic F.K.A Gladiator Football Foundation,2024-06,0.0,0.0,0.0
Athena Athletic F.K.A Gladiator Football Foundation,2024-07,0.0,0.0,0.0
Athena Athletic F.K.A Gladiator Football Foundation,2024-08,1422.0,1422.0,inf
Athena Athletic F.K.A Gladiator Football Foundation,2024-09,1053.0,-369.0,-0.25949367088607594
Athena Athletic F.K.A Gladiator Football Foundation,2024-10,2506.0,1453.0,1.3798670465337133
Athena Athletic F.K.A Gladiator Football Foundation,2024-11,3190.0,684.0,0.27294493216280924
Athena Athletic F.K.A Gladiator Football Foundation,2024-12,2890.0,-300.0,-0.09404388714733543
Athena Athletic F.K.A Gladiator Football Foundation,2025-01,1910.0,-980.0,-0.3391003460207612
Athena Athletic F.K.A Gladiator Football Foundation,2025-02,2515.0,605.0,0.31675392670157065
Athena Athletic F.K.A Gladiator Football Foundation,2025-03,2384.0,-131.0,-0.05208747514910537
Athena Athletic F.K.A Gladiator Football Foundation,2025-04,605.0,-1779.0,-0.7462248322147651
Athena Athletic F.K.A Gladiator Football Foundation,2025-05,488.0,-117.0,-0.1933884297520661
Athena Athletic F.K.A Gladiator Football Foundation,2025-06,163.0,-325.0,-0.6659836065573771
Athens Area Asa Philip Randolph Institute,2022-07,1723.0,0.0,
Athens Area Asa Philip Randolph Institute,2022-08,2292.0,569.0,0.3302379570516541
Athens Area Asa Philip Randolph Institute,2022-09,2992.0,700.0,0.3054101221640489
Athens Area Asa Philip Randolph Institute,2022-10,2010.0,-982.0,-0.3282085561497326
Athens Area Asa Philip Randolph Institute,2022-11,1693.0,-317.0,-0.15771144278606966
Athens Area Asa Philip Randolph Institute,2022-12,1603.0,-90.0,-0.05316007088009451
Athens Area Asa Philip Randolph Institute,2023-01,2263.0,660.0,0.4117280099812851
Athens Area Asa Philip Randolph Institute,2023-02,916.0,-1347.0,-0.5952275740167918
Athens Area Asa Philip Randolph Institute,2023-03,805.0,-111.0,-0.12117903930131005
Athens Area Asa Philip Randolph Institute,2023-04,2600.0,1795.0,2.229813664596273
Athens Area Asa Philip Randolph Institute,2023-05,3431.0,831.0,0.31961538461538463
Athens Area Asa Philip Randolph Institute,2023-06,1072.0,-2359.0,-0.6875546487904401
Athens Area Asa Philip Randolph Institute,2023-07,4191.0,3119.0,2.9095149253731343
Athens Area Asa Philip Randolph Institute,2023-08,1984.0,-2207.0,-0.5266046289668337
Athens Area Asa Philip Randolph Institute,2023-09,1021.0,-963.0,-0.48538306451612906
Athens Area Asa Philip Randolph Institute,2023-10,2936.0,1915.0,1.8756121449559255
Athens Area Asa Philip Randolph Institute,2023-11,4134.0,1198.0,0.4080381471389646
Athens Area Asa Philip Randolph Institute,2023-12,5678.0,1544.0,0.3734881470730527
Athens Area Asa Philip Randolph Institute,2024-01,1948.0,-3730.0,-0.6569214512152166
Athens Area Asa Philip Randolph Institute,2024-02,1479.0,-469.0,-0.24075975359342916
Athens Area Asa Philip Randolph Institute,2024-03,759.0,-720.0,-0.486815415821501
Athens Area Asa Philip Randolph Institute,2024-04,869.0,110.0,0.14492753623188406
Athens Area Asa Philip Randolph Institute,2024-05,1364.0,495.0,0.569620253164557
Athens Area Asa Philip Randolph Institute,2024-06,242.0,-1122.0,-0.8225806451612904
Athens Area Asa Philip Randolph Institute,2024-07,2162.0,1920.0,7.933884297520661
Athens Area Asa Philip Randolph Institute,2024-08,2244.0,82.0,0.037927844588344126
Athens Area Asa Philip Randolph Institute,2024-09,3806.0,1562.0,0.696078431372549
Athens Area Asa Philip Randolph Institute,2024-10,35472.0,31666.0,8.320021019442985
Athens Area Asa Philip Randolph Institute,2024-11,3676.0,-31796.0,-0.8963689670726207
Athens Area Asa Philip Randolph Institute,2024-12,1753.0,-1923.0,-0.5231229597388466
Athens Area Asa Philip Randolph Institute,2025-01,1057.0,-696.0,-0.3970336565887051
Athens Area Asa Philip Randolph Institute,2025-02,993.0,-64.0,-0.06054872280037843
Athens Area Asa Philip Randolph Institute,2025-03,1113.0,120.0,0.12084592145015106
Athens Area Asa Philip Randolph Institute,2025-04,2101.0,988.0,0.8876909254267745
Athens Area Asa Philip Randolph Institute,2025-05,1915.0,-186.0,-0.08852927177534507
Athens Area Asa Philip Randolph Institute,2025-06,2418.0,503.0,0.26266318537859007
Athens Area Homeless Shelter,2022-07,0.0,0.0,
Athens Area Homeless Shelter,2022-08,0.0,0.0,0.0
Athens Area Homeless Shelter,2022-09,0.0,0.0,0.0
Athens Area Homeless Shelter,2022-10,0.0,0.0,0.0
Athens Area Homeless Shelter,2022-11,0.0,0.0,0.0
Athens Area Homeless Shelter,2022-12,0.0,0.0,0.0
Athens Area Homeless Shelter,2023-01,0.0,0.0,0.0
Athens Area Homeless Shelter,2023-02,0.0,0.0,0.0
Athens Area Homeless Shelter,2023-03,0.0,0.0,0.0
Athens Area Homeless Shelter,2023-04,0.0,0.0,0.0
Athens Area Homeless Shelter,2023-05,0.0,0.0,0.0
Athens Area Homeless Shelter,2023-06,0.0,0.0,0.0
Athens Area Homeless Shelter,2023-07,0.0,0.0,0.0
Athens Area Homeless Shelter,2023-08,783.0,783.0,inf
Athens Area Homeless Shelter,2023-09,0.0,-783.0,-1.0
Athens Area Homeless Shelter,2023-10,0.0,0.0,0.0
Athens Area Homeless Shelter,2023-11,0.0,0.0,0.0
Athens Area Homeless Shelter,2023-12,0.0,0.0,0.0
Athens Area Homeless Shelter,2024-01,0.0,0.0,0.0
Athens Area Homeless Shelter,2024-02,150.0,150.0,inf
Athens Area Homeless Shelter,2024-03,0.0,-150.0,-1.0
Athens Area Homeless Shelter,2024-04,0.0,0.0,0.0
Athens Area Homeless Shelter,2024-05,72.0,72.0,inf
Athens Area Homeless Shelter,2024-06,105.0,33.0,0.4583333333333333
Athens Area Homeless Shelter,2024-07,53.0,-52.0,-0.49523809523809526
Athens Area Homeless Shelter,2024-08,181.0,128.0,2.4150943396226414
Athens Area Homeless Shelter,2024-09,0.0,-181.0,-1.0
Athens Area Homeless Shelter,2024-10,0.0,0.0,0.0
Athens Area Homeless Shelter,2024-11,0.0,0.0,0.0
Athens Area Homeless Shelter,2024-12,0.0,0.0,0.0
Athens Area Homeless Shelter,2025-01,0.0,0.0,0.0
Athens Area Homeless Shelter,2025-02,0.0,0.0,0.0
Athens Area Homeless Shelter,2025-03,0.0,0.0,0.0
Athens Area Homeless Shelter,2025-04,118.0,118.0,inf
Athens Area Homeless Shelter,2025-05,0.0,-118.0,-1.0
Athens Area Homeless Shelter,2025-06,0.0,0.0,0.0
Athens Area Humane Society,2022-07,0.0,0.0,
Athens Area Humane Society,2022-08,0.0,0.0,0.0
Athens Area Humane Society,2022-09,0.0,0.0,0.0
Athens Area Humane Society,2022-10,0.0,0.0,0.0
Athens Area Humane Society,2022-11,0.0,0.0,0.0
Athens Area Humane Society,2022-12,0.0,0.0,0.0
Athens Area Humane Society,2023-01,0.0,0.0,0.0
Athens Area Humane Society,2023-02,0.0,0.0,0.0
Athens Area Humane Society,2023-03,0.0,0.0,0.0
Athens Area Humane Society,2023-04,0.0,0.0,0.0
Athens Area Humane Society,2023-05,0.0,0.0,0.0
Athens Area Humane Society,2023-06,0.0,0.0,0.0
Athens Area Humane Society,2023-07,0.0,0.0,0.0
Athens Area Humane Society,2023-08,0.0,0.0,0.0
Athens Area Humane Society,2023-09,0.0,0.0,0.0
Athens Area Humane Society,2023-10,0.0,0.0,0.0
Athens Area Humane Society,2023-11,0.0,0.0,0.0
Athens Area Humane Society,2023-12,0.0,0.0,0.0
Athens Area Humane Society,2024-01,1009.0,1009.0,inf
Athens Area Humane Society,2024-02,1014.0,5.0,0.004955401387512388
Athens Area Humane Society,2024-03,0.0,-1014.0,-1.0
Athens Area Humane Society,2024-04,1098.0,1098.0,inf
Athens Area Humane Society,2024-05,0.0,-1098.0,-1.0
Athens Area Humane Society,2024-06,0.0,0.0,0.0
Athens Area Humane Society,2024-07,0.0,0.0,0.0
Athens Area Humane Society,2024-08,12488.0,12488.0,inf
Athens Area Humane Society,2024-09,0.0,-12488.0,-1.0
Athens Area Humane Society,2024-10,15399.0,15399.0,inf
Athens Area Humane Society,2024-11,0.0,-15399.0,-1.0
Athens Area Humane Society,2024-12,0.0,0.0,0.0
Athens Area Humane Society,2025-01,0.0,0.0,0.0
Athens Area Humane Society,2025-02,228.0,228.0,inf
Athens Area Humane Society,2025-03,1358.0,1130.0,4.956140350877193
Athens Area Humane Society,2025-04,648.0,-710.0,-0.5228276877761414
Athens Area Humane Society,2025-05,0.0,-648.0,-1.0
Athens Area Humane Society,2025-06,0.0,0.0,0.0
Athens Community Council on Aging,2022-07,1420.0,0.0,
Athens Community Council on Aging,2022-08,10929.0,9509.0,6.696478873239436
Athens Community Council on Aging,2022-09,1963.0,-8966.0,-0.8203861286485498
Athens Community Council on Aging,2022-10,13132.0,11169.0,5.689760570555273
Athens Community Council on Aging,2022-11,576.0,-12556.0,-0.9561376789521779
Athens Community Council on Aging,2022-12,0.0,-576.0,-1.0
Athens Community Council on Aging,2023-01,12608.0,12608.0,inf
Athens Community Council on Aging,2023-02,11561.0,-1047.0,-0.08304251269035533
Athens Community Council on Aging,2023-03,608.0,-10953.0,-0.9474093936510682
Athens Community Council on Aging,2023-04,8750.0,8142.0,13.391447368421053
Athens Community Council on Aging,2023-05,1965.0,-6785.0,-0.7754285714285715
Athens Community Council on Aging,2023-06,7416.0,5451.0,2.7740458015267175
Athens Community Council on Aging,2023-07,2570.0,-4846.0,-0.6534519956850054
Athens Community Council on Aging,2023-08,5894.0,3324.0,1.2933852140077822
Athens Community Council on Aging,2023-09,670.0,-5224.0,-0.8863250763488293
Athens Community Council on Aging,2023-10,4207.0,3537.0,5.2791044776119405
Athens Community Council on Aging,2023-11,1391.0,-2816.0,-0.6693605894937009
Athens Community Council on Aging,2023-12,827.0,-564.0,-0.40546369518332137
Athens Community Council on Aging,2024-01,12508.0,11681.0,14.124546553808948
Athens Community Council on Aging,2024-02,11442.0,-1066.0,-0.08522545570834666
Athens Community Council on Aging,2024-03,4250.0,-7192.0,-0.6285614403076385
Athens Community Council on Aging,2024-04,12423.0,8173.0,1.9230588235294117
Athens Community Council on Aging,2024-05,1964.0,-10459.0,-0.8419061418336956
Athens Community Council on Aging,2024-06,14435.0,12471.0,6.34979633401222
Athens Community Council on Aging,2024-07,5860.0,-8575.0,-0.5940422583997229
Athens Community Council on Aging,2024-08,14145.0,8285.0,1.4138225255972696
Athens Community Council on Aging,2024-09,0.0,-14145.0,-1.0
Athens Community Council on Aging,2024-10,13489.0,13489.0,inf
Athens Community Council on Aging,2024-11,4033.0,-9456.0,-0.7010156423752687
Athens Community Council on Aging,2024-12,4039.0,6.0,0.0014877262583684603
Athens Community Council on Aging,2025-01,16289.0,12250.0,3.032928942807626
Athens Community Council on Aging,2025-02,17773.0,1484.0,0.09110442629995702
Athens Community Council on Aging,2025-03,4996.0,-12777.0,-0.7188994542283239
Athens Community Council on Aging,2025-04,15483.0,10487.0,2.0990792634107285
Athens Community Council on Aging,2025-05,6791.0,-8692.0,-0.5613899115158562
Athens Community Council on Aging,2025-06,19269.2,12478.2,1.8374613458989841
Athens Emergency Food Bank,2022-07,532.0,0.0,
Athens Emergency Food Bank,2022-08,1121.0,589.0,1.1071428571428572
Athens Emergency Food Bank,2022-09,1238.0,117.0,0.10437109723461195
Athens Emergency Food Bank,2022-10,176.0,-1062.0,-0.8578352180936996
Athens Emergency Food Bank,2022-11,1329.0,1153.0,6.551136363636363
Athens Emergency Food Bank,2022-12,577.0,-752.0,-0.5658389766741911
Athens Emergency Food Bank,2023-01,775.0,198.0,0.3431542461005199
Athens Emergency Food Bank,2023-02,800.0,25.0,0.03225806451612903
Athens Emergency Food Bank,2023-03,1142.0,342.0,0.4275
Athens Emergency Food Bank,2023-04,564.0,-578.0,-0.5061295971978984
Athens Emergency Food Bank,2023-05,848.0,284.0,0.5035460992907801
Athens Emergency Food Bank,2023-06,542.0,-306.0,-0.3608490566037736
Athens Emergency Food Bank,2023-07,1123.0,581.0,1.0719557195571956
Athens Emergency Food Bank,2023-08,1415.0,292.0,0.26001780943900266
Athens Emergency Food Bank,2023-09,1008.0,-407.0,-0.2876325088339223
Athens Emergency Food Bank,2023-10,1391.0,383.0,0.37996031746031744
Athens Emergency Food Bank,2023-11,1830.0,439.0,0.31560028756290437
Athens Emergency Food Bank,2023-12,670.0,-1160.0,-0.6338797814207651
Athens Emergency Food Bank,2024-01,1896.0,1226.0,1.8298507462686566
Athens Emergency Food Bank,2024-02,542.0,-1354.0,-0.7141350210970464
Athens Emergency Food Bank,2024-03,628.0,86.0,0.15867158671586715
Athens Emergency Food Bank,2024-04,489.0,-139.0,-0.2213375796178344
Athens Emergency Food Bank,2024-05,752.0,263.0,0.5378323108384458
Athens Emergency Food Bank,2024-06,429.0,-323.0,-0.4295212765957447
Athens Emergency Food Bank,2024-07,1540.0,1111.0,2.58974358974359
Athens Emergency Food Bank,2024-08,945.0,-595.0,-0.38636363636363635
Athens Emergency Food Bank,2024-09,391.0,-554.0,-0.5862433862433862
Athens Emergency Food Bank,2024-10,333.0,-58.0,-0.1483375959079284
Athens Emergency Food Bank,2024-11,1483.0,1150.0,3.4534534534534536
Athens Emergency Food Bank,2024-12,200.0,-1283.0,-0.8651382333108564
Athens Emergency Food Bank,2025-01,588.0,388.0,1.94
Athens Emergency Food Bank,2025-02,763.0,175.0,0.2976190476190476
Athens Emergency Food Bank,2025-03,921.0,158.0,0.20707732634338138
Athens Emergency Food Bank,2025-04,744.0,-177.0,-0.19218241042345277
Athens Emergency Food Bank,2025-05,1043.0,299.0,0.4018817204301075
Athens Emergency Food Bank,2025-06,1028.0,-15.0,-0.014381591562799617
"Athens Parent Wellbeing, Inc.",2022-07,0.0,0.0,
"Athens Parent Wellbeing, Inc.",2022-08,0.0,0.0,0.0
"Athens Parent Wellbeing, Inc.",2022-09,0.0,0.0,0.0
"Athens Parent Wellbeing, Inc.",2022-10,0.0,0.0,0.0
"Athens Parent Wellbeing, Inc.",2022-11,0.0,0.0,0.0
"Athens Parent Wellbeing, Inc.",2022-12,0.0,0.0,0.0
"Athens Parent Wellbeing, Inc.",2023-01,0.0,0.0,0.0
"Athens Parent Wellbeing, Inc.",2023-02,0.0,0.0,0.0
"Athens Parent Wellbeing, Inc.",2023-03,0.0,0.0,0.0
"Athens Parent Wellbeing, Inc.",2023-04,0.0,0.0,0.0
"Athens Parent Wellbeing, Inc.",2023-05,0.0,0.0,0.0
"Athens Parent Wellbeing, Inc.",2023-06,0.0,0.0,0.0
"Athens Parent Wellbeing, Inc.",2023-07,0.0,0.0,0.0
"Athens Parent Wellbeing, Inc.",2023-08,0.0,0.0,0.0
"Athens Parent Wellbeing, Inc.",2023-09,0.0,0.0,0.0
"Athens Parent Wellbeing, Inc.",2023-10,0.0,0.0,0.0
"Athens Parent Wellbeing, Inc.",2023-11,0.0,0.0,0.0
"Athens Parent Wellbeing, Inc.",2023-12,0.0,0.0,0.0
"Athens Parent Wellbeing, Inc.",2024-01,0.0,0.0,0.0
"Athens Parent Wellbeing, Inc.",2024-02,0.0,0.0,0.0
"Athens Parent Wellbeing, Inc.",2024-03,0.0,0.0,0.0
"Athens Parent Wellbeing, Inc.",2024-04,0.0,0.0,0.0
"Athens Parent Wellbeing, Inc.",2024-05,0.0,0.0,0.0
"Athens Parent Wellbeing, Inc.",2024-06,0.0,0.0,0.0
"Athens Parent Wellbeing, Inc.",2024-07,0.0,0.0,0.0
"Athens Parent Wellbeing, Inc.",2024-08,0.0,0.0,0.0
"Athens Parent Wellbeing, Inc.",2024-09,0.0,0.0,0.0
"Athens Parent Wellbeing, Inc.",2024-10,0.0,0.0,0.0
"Athens Parent Wellbeing, Inc.",2024-11,0.0,0.0,0.0
"Athens Parent Wellbeing, Inc.",2024-12,0.0,0.0,0.0
"Athens Parent Wellbeing, Inc.",2025-01,0.0,0.0,0.0
"Athens Parent Wellbeing, Inc.",2025-02,0.0,0.0,0.0
"Athens Parent Wellbeing, Inc.",2025-03,0.0,0.0,0.0
"Athens Parent Wellbeing, Inc.",2025-04,0.0,0.0,0.0
"Athens Parent Wellbeing, Inc.",2025-05,0.0,0.0,0.0
"Athens Parent Wellbeing, Inc.",2025-06,7.0,7.0,inf
"Athens Pride, INC",2022-07,0.0,0.0,
"Athens Pride, INC",2022-08,0.0,0.0,0.0
"Athens Pride, INC",2022-09,0.0,0.0,0.0
"Athens Pride, INC",2022-10,0.0,0.0,0.0
"Athens Pride, INC",2022-11,0.0,0.0,0.0
"Athens Pride, INC",2022-12,0.0,0.0,0.0
"Athens Pride, INC",2023-01,0.0,0.0,0.0
"Athens Pride, INC",2023-02,0.0,0.0,0.0
"Athens Pride, INC",2023-03,0.0,0.0,0.0
"Athens Pride, INC",2023-04,0.0,0.0,0.0
"Athens Pride, INC",2023-05,0.0,0.0,0.0
"Athens Pride, INC",2023-06,0.0,0.0,0.0
"Athens Pride, INC",2023-07,0.0,0.0,0.0
"Athens Pride, INC",2023-08,0.0,0.0,0.0
"Athens Pride, INC",2023-09,0.0,0.0,0.0
"Athens Pride, INC",2023-10,0.0,0.0,0.0
"Athens Pride, INC",2023-11,0.0,0.0,0.0
"Athens Pride, INC",2023-12,0.0,0.0,0.0
"Athens Pride, INC",2024-01,11921.0,11921.0,inf
"Athens Pride, INC",2024-02,13394.0,1473.0,0.12356345944132203
"Athens Pride, INC",2024-03,11711.0,-1683.0,-0.12565327758697925
"Athens Pride, INC",2024-04,13992.0,2281.0,0.19477414396721032
"Athens Pride, INC",2024-05,11014.0,-2978.0,-0.21283590623213264
"Athens Pride, INC",2024-06,16096.0,5082.0,0.46141274741238425
"Athens Pride, INC",2024-07,11691.0,-4405.0,-0.27367047713717696
"Athens Pride, INC",2024-08,11688.0,-3.0,-0.00025660764690787786
"Athens Pride, INC",2024-09,12182.0,494.0,0.04226557152635181
"Athens Pride, INC",2024-10,12267.0,85.0,0.0069775077983910685
"Athens Pride, INC",2024-11,14749.0,2482.0,0.20233145838428304
"Athens Pride, INC",2024-12,0.0,-14749.0,-1.0
"Athens Pride, INC",2025-01,0.0,0.0,0.0
"Athens Pride, INC",2025-02,0.0,0.0,0.0
"Athens Pride, INC",2025-03,0.0,0.0,0.0
"Athens Pride, INC",2025-04,0.0,0.0,0.0
"Athens Pride, INC",2025-05,0.0,0.0,0.0
"Athens Pride, INC",2025-06,0.0,0.0,0.0
Beech Haven Baptist Church,2022-07,0.0,0.0,
Beech Haven Baptist Church,2022-08,0.0,0.0,0.0
Beech Haven Baptist Church,2022-09,0.0,0.0,0.0
Beech Haven Baptist Church,2022-10,0.0,0.0,0.0
Beech Haven Baptist Church,2022-11,0.0,0.0,0.0
Beech Haven Baptist Church,2022-12,0.0,0.0,0.0
Beech Haven Baptist Church,2023-01,0.0,0.0,0.0
Beech Haven Baptist Church,2023-02,0.0,0.0,0.0
Beech Haven Baptist Church,2023-03,0.0,0.0,0.0
Beech Haven Baptist Church,2023-04,0.0,0.0,0.0
Beech Haven Baptist Church,2023-05,99.0,99.0,inf
Beech Haven Baptist Church,2023-06,669.0,570.0,5.757575757575758
Beech Haven Baptist Church,2023-07,2302.0,1633.0,2.4409566517189836
Beech Haven Baptist Church,2023-08,186.0,-2116.0,-0.9192006950477846
Beech Haven Baptist Church,2023-09,90.0,-96.0,-0.5161290322580645
Beech Haven Baptist Church,2023-10,566.0,476.0,5.288888888888889
Beech Haven Baptist Church,2023-11,115.0,-451.0,-0.7968197879858657
Beech Haven Baptist Church,2023-12,446.0,331.0,2.878260869565217
Beech Haven Baptist Church,2024-01,0.0,-446.0,-1.0
Beech Haven Baptist Church,2024-02,76.0,76.0,inf
Beech Haven Baptist Church,2024-03,0.0,-76.0,-1.0
Beech Haven Baptist Church,2024-04,185.0,185.0,inf
Beech Haven Baptist Church,2024-05,324.0,139.0,0.7513513513513513
Beech Haven Baptist Church,2024-06,872.36,548.36,1.6924691358024693
Beech Haven Baptist Church,2024-07,1006.0,133.64,0.1531936356550048
Beech Haven Baptist Church,2024-08,462.0,-544.0,-0.5407554671968191
Beech Haven Baptist Church,2024-09,286.0,-176.0,-0.38095238095238093
Beech Haven Baptist Church,2024-10,187.0,-99.0,-0.34615384615384615
Beech Haven Baptist Church,2024-11,1044.0,857.0,4.5828877005347595
Beech Haven Baptist Church,2024-12,15.0,-1029.0,-0.985632183908046
Beech Haven Baptist Church,2025-01,250.0,235.0,15.666666666666666
Beech Haven Baptist Church,2025-02,89.0,-161.0,-0.644
Beech Haven Baptist Church,2025-03,409.0,320.0,3.595505617977528
Beech Haven Baptist Church,2025-04,142.0,-267.0,-0.6528117359413202
Beech Haven Baptist Church,2025-05,165.0,23.0,0.1619718309859155
Beech Haven Baptist Church,2025-06,79.0,-86.0,-0.5212121212121212
Beta Upsilon Chi Operational,2022-07,0.0,0.0,
Beta Upsilon Chi Operational,2022-08,0.0,0.0,0.0
Beta Upsilon Chi Operational,2022-09,0.0,0.0,0.0
Beta Upsilon Chi Operational,2022-10,0.0,0.0,0.0
Beta Upsilon Chi Operational,2022-11,0.0,0.0,0.0
Beta Upsilon Chi Operational,2022-12,0.0,0.0,0.0
Beta Upsilon Chi Operational,2023-01,0.0,0.0,0.0
Beta Upsilon Chi Operational,2023-02,0.0,0.0,0.0
Beta Upsilon Chi Operational,2023-03,0.0,0.0,0.0
Beta Upsilon Chi Operational,2023-04,0.0,0.0,0.0
Beta Upsilon Chi Operational,2023-05,0.0,0.0,0.0
Beta Upsilon Chi Operational,2023-06,0.0,0.0,0.0
Beta Upsilon Chi Operational,2023-07,0.0,0.0,0.0
Beta Upsilon Chi Operational,2023-08,0.0,0.0,0.0
Beta Upsilon Chi Operational,2023-09,0.0,0.0,0.0
Beta Upsilon Chi Operational,2023-10,0.0,0.0,0.0
Beta Upsilon Chi Operational,2023-11,0.0,0.0,0.0
Beta Upsilon Chi Operational,2023-12,0.0,0.0,0.0
Beta Upsilon Chi Operational,2024-01,0.0,0.0,0.0
Beta Upsilon Chi Operational,2024-02,23544.0,23544.0,inf
Beta Upsilon Chi Operational,2024-03,488.0,-23056.0,-0.9792728508324838
Beta Upsilon Chi Operational,2024-04,0.0,-488.0,-1.0
Beta Upsilon Chi Operational,2024-05,504.0,504.0,inf
Beta Upsilon Chi Operational,2024-06,0.0,-504.0,-1.0
Beta Upsilon Chi Operational,2024-07,0.0,0.0,0.0
Beta Upsilon Chi Operational,2024-08,14850.0,14850.0,inf
Beta Upsilon Chi Operational,2024-09,18190.0,3340.0,0.2249158249158249
Beta Upsilon Chi Operational,2024-10,430.0,-17760.0,-0.9763606377130292
Beta Upsilon Chi Operational,2024-11,965.0,535.0,1.244186046511628
Beta Upsilon Chi Operational,2024-12,0.0,-965.0,-1.0
Beta Upsilon Chi Operational,2025-01,0.0,0.0,0.0
Beta Upsilon Chi Operational,2025-02,12880.0,12880.0,inf
Beta Upsilon Chi Operational,2025-03,621.0,-12259.0,-0.9517857142857142
Beta Upsilon Chi Operational,2025-04,0.0,-621.0,-1.0
Beta Upsilon Chi Operational,2025-05,0.0,0.0,0.0
Beta Upsilon Chi Operational,2025-06,0.0,0.0,0.0
Bethany Christian Services,2022-07,0.0,0.0,
Bethany Christian Services,2022-08,0.0,0.0,0.0
Bethany Christian Services,2022-09,0.0,0.0,0.0
Bethany Christian Services,2022-10,0.0,0.0,0.0
Bethany Christian Services,2022-11,0.0,0.0,0.0
Bethany Christian Services,2022-12,0.0,0.0,0.0
Bethany Christian Services,2023-01,0.0,0.0,0.0
Bethany Christian Services,2023-02,0.0,0.0,0.0
Bethany Christian Services,2023-03,0.0,0.0,0.0
Bethany Christian Services,2023-04,0.0,0.0,0.0
Bethany Christian Services,2023-05,0.0,0.0,0.0
Bethany Christian Services,2023-06,0.0,0.0,0.0
Bethany Christian Services,2023-07,0.0,0.0,0.0
Bethany Christian Services,2023-08,0.0,0.0,0.0
Bethany Christian Services,2023-09,0.0,0.0,0.0
Bethany Christian Services,2023-10,0.0,0.0,0.0
Bethany Christian Services,2023-11,0.0,0.0,0.0
Bethany Christian Services,2023-12,0.0,0.0,0.0
Bethany Christian Services,2024-01,0.0,0.0,0.0
Bethany Christian Services,2024-02,0.0,0.0,0.0
Bethany Christian Services,2024-03,0.0,0.0,0.0
Bethany Christian Services,2024-04,0.0,0.0,0.0
Bethany Christian Services,2024-05,0.0,0.0,0.0
Bethany Christian Services,2024-06,0.0,0.0,0.0
Bethany Christian Services,2024-07,0.0,0.0,0.0
Bethany Christian Services,2024-08,0.0,0.0,0.0
Bethany Christian Services,2024-09,0.0,0.0,0.0
Bethany Christian Services,2024-10,373.0,373.0,inf
Bethany Christian Services,2024-11,0.0,-373.0,-1.0
Bethany Christian Services,2024-12,0.0,0.0,0.0
Bethany Christian Services,2025-01,639.0,639.0,inf
Bethany Christian Services,2025-02,1528.0,889.0,1.3912363067292646
Bethany Christian Services,2025-03,0.0,-1528.0,-1.0
Bethany Christian Services,2025-04,0.0,0.0,0.0
Bethany Christian Services,2025-05,0.0,0.0,0.0
Bethany Christian Services,2025-06,0.0,0.0,0.0
Boys and Girls Club---H.T. Edwards Building,2022-07,0.0,0.0,
Boys and Girls Club---H.T. Edwards Building,2022-08,0.0,0.0,0.0
Boys and Girls Club---H.T. Edwards Building,2022-09,0.0,0.0,0.0
Boys and Girls Club---H.T. Edwards Building,2022-10,0.0,0.0,0.0
Boys and Girls Club---H.T. Edwards Building,2022-11,0.0,0.0,0.0
Boys and Girls Club---H.T. Edwards Building,2022-12,0.0,0.0,0.0
Boys and Girls Club---H.T. Edwards Building,2023-01,0.0,0.0,0.0
Boys and Girls Club---H.T. Edwards Building,2023-02,0.0,0.0,0.0
Boys and Girls Club---H.T. Edwards Building,2023-03,0.0,0.0,0.0
Boys and Girls Club---H.T. Edwards Building,2023-04,0.0,0.0,0.0
Boys and Girls Club---H.T. Edwards Building,2023-05,0.0,0.0,0.0
Boys and Girls Club---H.T. Edwards Building,2023-06,0.0,0.0,0.0
Boys and Girls Club---H.T. Edwards Building,2023-07,0.0,0.0,0.0
Boys and Girls Club---H.T. Edwards Building,2023-08,0.0,0.0,0.0
Boys and Girls Club---H.T. Edwards Building,2023-09,0.0,0.0,0.0
Boys and Girls Club---H.T. Edwards Building,2023-10,0.0,0.0,0.0
Boys and Girls Club---H.T. Edwards Building,2023-11,14.0,14.0,inf
Boys and Girls Club---H.T. Edwards Building,2023-12,0.0,-14.0,-1.0
Boys and Girls Club---H.T. Edwards Building,2024-01,0.0,0.0,0.0
Boys and Girls Club---H.T. Edwards Building,2024-02,0.0,0.0,0.0
Boys and Girls Club---H.T. Edwards Building,2024-03,0.0,0.0,0.0
Boys and Girls Club---H.T. Edwards Building,2024-04,7025.0,7025.0,inf
Boys and Girls Club---H.T. Edwards Building,2024-05,0.0,-7025.0,-1.0
Boys and Girls Club---H.T. Edwards Building,2024-06,0.0,0.0,0.0
Boys and Girls Club---H.T. Edwards Building,2024-07,0.0,0.0,0.0
Boys and Girls Club---H.T. Edwards Building,2024-08,0.0,0.0,0.0
Boys and Girls Club---H.T. Edwards Building,2024-09,0.0,0.0,0.0
Boys and Girls Club---H.T. Edwards Building,2024-10,8518.0,8518.0,inf
Boys and Girls Club---H.T. Edwards Building,2024-11,0.0,-8518.0,-1.0
Boys and Girls Club---H.T. Edwards Building,2024-12,13420.0,13420.0,inf
Boys and Girls Club---H.T. Edwards Building,2025-01,0.0,-13420.0,-1.0
Boys and Girls Club---H.T. Edwards Building,2025-02,0.0,0.0,0.0
Boys and Girls Club---H.T. Edwards Building,2025-03,0.0,0.0,0.0
Boys and Girls Club---H.T. Edwards Building,2025-04,0.0,0.0,0.0
Boys and Girls Club---H.T. Edwards Building,2025-05,0.0,0.0,0.0
Boys and Girls Club---H.T. Edwards Building,2025-06,0.0,0.0,0.0
Brightpaths,2022-07,0.0,0.0,
Brightpaths,2022-08,0.0,0.0,0.0
Brightpaths,2022-09,0.0,0.0,0.0
Brightpaths,2022-10,0.0,0.0,0.0
Brightpaths,2022-11,0.0,0.0,0.0
Brightpaths,2022-12,0.0,0.0,0.0
Brightpaths,2023-01,0.0,0.0,0.0
Brightpaths,2023-02,0.0,0.0,0.0
Brightpaths,2023-03,0.0,0.0,0.0
Brightpaths,2023-04,0.0,0.0,0.0
Brightpaths,2023-05,0.0,0.0,0.0
Brightpaths,2023-06,0.0,0.0,0.0
Brightpaths,2023-07,0.0,0.0,0.0
Brightpaths,2023-08,0.0,0.0,0.0
Brightpaths,2023-09,0.0,0.0,0.0
Brightpaths,2023-10,0.0,0.0,0.0
Brightpaths,2023-11,0.0,0.0,0.0
Brightpaths,2023-12,0.0,0.0,0.0
Brightpaths,2024-01,0.0,0.0,0.0
Brightpaths,2024-02,0.0,0.0,0.0
Brightpaths,2024-03,0.0,0.0,0.0
Brightpaths,2024-04,0.0,0.0,0.0
Brightpaths,2024-05,0.0,0.0,0.0
Brightpaths,2024-06,0.0,0.0,0.0
Brightpaths,2024-07,0.0,0.0,0.0
Brightpaths,2024-08,0.0,0.0,0.0
Brightpaths,2024-09,0.0,0.0,0.0
Brightpaths,2024-10,0.0,0.0,0.0
Brightpaths,2024-11,0.0,0.0,0.0
Brightpaths,2024-12,0.0,0.0,0.0
Brightpaths,2025-01,0.0,0.0,0.0
Brightpaths,2025-02,0.0,0.0,0.0
Brightpaths,2025-03,729.0,729.0,inf
Brightpaths,2025-04,555.0,-174.0,-0.23868312757201646
Brightpaths,2025-05,0.0,-555.0,-1.0
Brightpaths,2025-06,577.0,577.0,inf
"Campus Kitchen, UGA",2022-07,0.0,0.0,
"Campus Kitchen, UGA",2022-08,0.0,0.0,0.0
"Campus Kitchen, UGA",2022-09,0.0,0.0,0.0
"Campus Kitchen, UGA",2022-10,0.0,0.0,0.0
"Campus Kitchen, UGA",2022-11,0.0,0.0,0.0
"Campus Kitchen, UGA",2022-12,0.0,0.0,0.0
"Campus Kitchen, UGA",2023-01,0.0,0.0,0.0
"Campus Kitchen, UGA",2023-02,0.0,0.0,0.0
"Campus Kitchen, UGA",2023-03,0.0,0.0,0.0
"Campus Kitchen, UGA",2023-04,0.0,0.0,0.0
"Campus Kitchen, UGA",2023-05,0.0,0.0,0.0
"Campus Kitchen, UGA",2023-06,0.0,0.0,0.0
"Campus Kitchen, UGA",2023-07,0.0,0.0,0.0
"Campus Kitchen, UGA",2023-08,0.0,0.0,0.0
"Campus Kitchen, UGA",2023-09,0.0,0.0,0.0
"Campus Kitchen, UGA",2023-10,0.0,0.0,0.0
"Campus Kitchen, UGA",2023-11,0.0,0.0,0.0
"Campus Kitchen, UGA",2023-12,0.0,0.0,0.0
"Campus Kitchen, UGA",2024-01,0.0,0.0,0.0
"Campus Kitchen, UGA",2024-02,0.0,0.0,0.0
"Campus Kitchen, UGA",2024-03,0.0,0.0,0.0
"Campus Kitchen, UGA",2024-04,0.0,0.0,0.0
"Campus Kitchen, UGA",2024-05,2163.0,2163.0,inf
"Campus Kitchen, UGA",2024-06,4041.0,1878.0,0.8682385575589459
"Campus Kitchen, UGA",2024-07,2330.0,-1711.0,-0.42341004701806484
"Campus Kitchen, UGA",2024-08,1205.0,-1125.0,-0.48283261802575106
"Campus Kitchen, UGA",2024-09,2917.0,1712.0,1.420746887966805
"Campus Kitchen, UGA",2024-10,3023.0,106.0,0.03633870414809736
"Campus Kitchen, UGA",2024-11,1667.0,-1356.0,-0.44856103208733045
"Campus Kitchen, UGA",2024-12,1263.0,-404.0,-0.24235152969406118
"Campus Kitchen, UGA",2025-01,2687.0,1424.0,1.1274742676167855
"Campus Kitchen, UGA",2025-02,2550.0,-137.0,-0.05098622999627838
"Campus Kitchen, UGA",2025-03,2790.0,240.0,0.09411764705882353
"Campus Kitchen, UGA",2025-04,3411.0,621.0,0.22258064516129034
"Campus Kitchen, UGA",2025-05,1519.0,-1892.0,-0.554676048079742
"Campus Kitchen, UGA",2025-06,588.0,-931.0,-0.6129032258064516
Catholic Center at UGA,2022-07,367.0,0.0,
Catholic Center at UGA,2022-08,364.0,-3.0,-0.008174386920980926
Catholic Center at UGA,2022-09,836.0,472.0,1.2967032967032968
Catholic Center at UGA,2022-10,1271.0,435.0,0.5203349282296651
Catholic Center at UGA,2022-11,773.0,-498.0,-0.3918174665617624
Catholic Center at UGA,2022-12,319.0,-454.0,-0.5873221216041398
Catholic Center at UGA,2023-01,695.0,376.0,1.1786833855799372
Catholic Center at UGA,2023-02,989.0,294.0,0.42302158273381296
Catholic Center at UGA,2023-03,442.0,-547.0,-0.5530839231547017
Catholic Center at UGA,2023-04,805.0,363.0,0.8212669683257918
Catholic Center at UGA,2023-05,235.0,-570.0,-0.7080745341614907
Catholic Center at UGA,2023-06,0.0,-235.0,-1.0
Catholic Center at UGA,2023-07,0.0,0.0,0.0
Catholic Center at UGA,2023-08,637.0,637.0,inf
Catholic Center at UGA,2023-09,532.0,-105.0,-0.16483516483516483
Catholic Center at UGA,2023-10,1374.0,842.0,1.5827067669172932
Catholic Center at UGA,2023-11,410.0,-964.0,-0.7016011644832606
Catholic Center at UGA,2023-12,236.0,-174.0,-0.424390243902439
Catholic Center at UGA,2024-01,513.0,277.0,1.173728813559322
Catholic Center at UGA,2024-02,1513.0,1000.0,1.949317738791423
Catholic Center at UGA,2024-03,1427.0,-86.0,-0.056840713813615336
Catholic Center at UGA,2024-04,689.0,-738.0,-0.5171688857743518
Catholic Center at UGA,2024-05,705.0,16.0,0.023222060957910014
Catholic Center at UGA,2024-06,78.0,-627.0,-0.8893617021276595
Catholic Center at UGA,2024-07,136.0,58.0,0.7435897435897436
Catholic Center at UGA,2024-08,767.0,631.0,4.639705882352941
Catholic Center at UGA,2024-09,183.0,-584.0,-0.7614080834419817
Catholic Center at UGA,2024-10,889.0,706.0,3.8579234972677594
Catholic Center at UGA,2024-11,499.0,-390.0,-0.43869516310461193
Catholic Center at UGA,2024-12,300.0,-199.0,-0.39879759519038077
Catholic Center at UGA,2025-01,571.0,271.0,0.9033333333333333
Catholic Center at UGA,2025-02,507.0,-64.0,-0.11208406304728546
Catholic Center at UGA,2025-03,662.0,155.0,0.3057199211045365
Catholic Center at UGA,2025-04,320.0,-342.0,-0.5166163141993958
Catholic Center at UGA,2025-05,12221.0,11901.0,37.190625
Catholic Center at UGA,2025-06,14007.0,1786.0,0.14614188691596433
"Church of Pentecost USA, Inc",2022-07,0.0,0.0,
"Church of Pentecost USA, Inc",2022-08,0.0,0.0,0.0
"Church of Pentecost USA, Inc",2022-09,0.0,0.0,0.0
"Church of Pentecost USA, Inc",2022-10,0.0,0.0,0.0
"Church of Pentecost USA, Inc",2022-11,0.0,0.0,0.0
"Church of Pentecost USA, Inc",2022-12,0.0,0.0,0.0
"Church of Pentecost USA, Inc",2023-01,0.0,0.0,0.0
"Church of Pentecost USA, Inc",2023-02,0.0,0.0,0.0
"Church of Pentecost USA, Inc",2023-03,0.0,0.0,0.0
"Church of Pentecost USA, Inc",2023-04,0.0,0.0,0.0
"Church of Pentecost USA, Inc",2023-05,0.0,0.0,0.0
"Church of Pentecost USA, Inc",2023-06,0.0,0.0,0.0
"Church of Pentecost USA, Inc",2023-07,0.0,0.0,0.0
"Church of Pentecost USA, Inc",2023-08,0.0,0.0,0.0
"Church of Pentecost USA, Inc",2023-09,0.0,0.0,0.0
"Church of Pentecost USA, Inc",2023-10,0.0,0.0,0.0
"Church of Pentecost USA, Inc",2023-11,2727.0,2727.0,inf
"Church of Pentecost USA, Inc",2023-12,1825.0,-902.0,-0.33076640997433077
"Church of Pentecost USA, Inc",2024-01,1321.0,-504.0,-0.27616438356164386
"Church of Pentecost USA, Inc",2024-02,6826.0,5505.0,4.167297501892506
"Church of Pentecost USA, Inc",2024-03,4660.0,-2166.0,-0.3173161441547026
"Church of Pentecost USA, Inc",2024-04,9458.0,4798.0,1.0296137339055793
"Church of Pentecost USA, Inc",2024-05,8122.0,-1336.0,-0.14125607950941002
"Church of Pentecost USA, Inc",2024-06,0.0,-8122.0,-1.0
"Church of Pentecost USA, Inc",2024-07,4258.0,4258.0,inf
"Church of Pentecost USA, Inc",2024-08,4042.0,-216.0,-0.050728041333959605
"Church of Pentecost USA, Inc",2024-09,4177.0,135.0,0.033399307273626916
"Church of Pentecost USA, Inc",2024-10,0.0,-4177.0,-1.0
"Church of Pentecost USA, Inc",2024-11,2434.0,2434.0,inf
"Church of Pentecost USA, Inc",2024-12,361.0,-2073.0,-0.8516844700082169
"Church of Pentecost USA, Inc",2025-01,632.0,271.0,0.7506925207756233
"Church of Pentecost USA, Inc",2025-02,2297.0,1665.0,2.634493670886076
"Church of Pentecost USA, Inc",2025-03,1946.0,-351.0,-0.15280801044841097
"Church of Pentecost USA, Inc",2025-04,758.0,-1188.0,-0.6104830421377184
"Church of Pentecost USA, Inc",2025-05,1932.0,1174.0,1.5488126649076517
"Church of Pentecost USA, Inc",2025-06,699.0,-1233.0,-0.6381987577639752
"City of Refuge Athens, INC",2022-07,24472.0,0.0,
"City of Refuge Athens, INC",2022-08,29062.0,4590.0,0.18756129454069959
"City of Refuge Athens, INC",2022-09,31862.0,2800.0,0.0963457435826853
"City of Refuge Athens, INC",2022-10,33268.0,1406.0,0.04412780114242672
"City of Refuge Athens, INC",2022-11,23329.0,-9939.0,-0.2987555608993627
"City of Refuge Athens, INC",2022-12,34956.0,11627.0,0.49839255861802906
"City of Refuge Athens, INC",2023-01,32289.0,-2667.0,-0.07629591486440096
"City of Refuge Athens, INC",2023-02,18127.0,-14162.0,-0.4386013812753569
"City of Refuge Athens, INC",2023-03,30338.0,12211.0,0.6736360125779224
"City of Refuge Athens, INC",2023-04,23459.0,-6879.0,-0.2267453358823917
"City of Refuge Athens, INC",2023-05,18493.0,-4966.0,-0.2116884777697259
"City of Refuge Athens, INC",2023-06,30161.0,11668.0,0.6309414373006003
"City of Refuge Athens, INC",2023-07,34157.0,3996.0,0.13248897582971386
"City of Refuge Athens, INC",2023-08,60250.0,26093.0,0.7639136926545071
"City of Refuge Athens, INC",2023-09,23992.0,-36258.0,-0.6017925311203319
"City of Refuge Athens, INC",2023-10,19494.0,-4498.0,-0.18747915971990664
"City of Refuge Athens, INC",2023-11,31914.0,12420.0,0.6371191135734072
"City of Refuge Athens, INC",2023-12,30070.0,-1844.0,-0.05778028451463307
"City of Refuge Athens, INC",2024-01,56088.0,26018.0,0.8652477552377785
"City of Refuge Athens, INC",2024-02,30005.0,-26083.0,-0.4650370845813721
"City of Refuge Athens, INC",2024-03,24596.0,-5409.0,-0.18026995500749876
"City of Refuge Athens, INC",2024-04,28940.0,4344.0,0.17661408359082778
"City of Refuge Athens, INC",2024-05,58848.0,29908.0,1.0334485141672425
"City of Refuge Athens, INC",2024-06,34975.0,-23873.0,-0.40567224034801525
"City of Refuge Athens, INC",2024-07,48405.0,13430.0,0.38398856325947106
"City of Refuge Athens, INC",2024-08,35807.0,-12598.0,-0.2602623695899184
"City of Refuge Athens, INC",2024-09,32614.0,-3193.0,-0.08917250816879381
"City of Refuge Athens, INC",2024-10,41595.0,8981.0,0.2753725394002576
"City of Refuge Athens, INC",2024-11,27599.0,-13996.0,-0.33648275033056857
"City of Refuge Athens, INC",2024-12,35756.0,8157.0,0.29555418674589656
"City of Refuge Athens, INC",2025-01,45740.0,9984.0,0.27922586419062534
"City of Refuge Athens, INC",2025-02,35906.0,-9834.0,-0.214997813729777
"City of Refuge Athens, INC",2025-03,39838.0,3932.0,0.1095081601960675
"City of Refuge Athens, INC",2025-04,46478.0,6640.0,0.16667503388724333
"City of Refuge Athens, INC",2025-05,64020.0,17542.0,0.37742587891045226
"City of Refuge Athens, INC",2025-06,40756.0,-23264.0,-0.3633864417369572
Clarke Central School Food Pantry,2022-07,0.0,0.0,
Clarke Central School Food Pantry,2022-08,0.0,0.0,0.0
Clarke Central School Food Pantry,2022-09,0.0,0.0,0.0
Clarke Central School Food Pantry,2022-10,240.0,240.0,inf
Clarke Central School Food Pantry,2022-11,0.0,-240.0,-1.0
Clarke Central School Food Pantry,2022-12,0.0,0.0,0.0
Clarke Central School Food Pantry,2023-01,0.0,0.0,0.0
Clarke Central School Food Pantry,2023-02,0.0,0.0,0.0
Clarke Central School Food Pantry,2023-03,0.0,0.0,0.0
Clarke Central School Food Pantry,2023-04,80.0,80.0,inf
Clarke Central School Food Pantry,2023-05,0.0,-80.0,-1.0
Clarke Central School Food Pantry,2023-06,0.0,0.0,0.0
Clarke Central School Food Pantry,2023-07,0.0,0.0,0.0
Clarke Central School Food Pantry,2023-08,0.0,0.0,0.0
Clarke Central School Food Pantry,2023-09,0.0,0.0,0.0
Clarke Central School Food Pantry,2023-10,708.0,708.0,inf
Clarke Central School Food Pantry,2023-11,0.0,-708.0,-1.0
Clarke Central School Food Pantry,2023-12,0.0,0.0,0.0
Clarke Central School Food Pantry,2024-01,0.0,0.0,0.0
Clarke Central School Food Pantry,2024-02,0.0,0.0,0.0
Clarke Central School Food Pantry,2024-03,0.0,0.0,0.0
Clarke Central School Food Pantry,2024-04,0.0,0.0,0.0
Clarke Central School Food Pantry,2024-05,0.0,0.0,0.0
Clarke Central School Food Pantry,2024-06,0.0,0.0,0.0
Clarke Central School Food Pantry,2024-07,0.0,0.0,0.0
Clarke Central School Food Pantry,2024-08,0.0,0.0,0.0
Clarke Central School Food Pantry,2024-09,0.0,0.0,0.0
Clarke Central School Food Pantry,2024-10,0.0,0.0,0.0
Clarke Central School Food Pantry,2024-11,0.0,0.0,0.0
Clarke Central School Food Pantry,2024-12,0.0,0.0,0.0
Clarke Central School Food Pantry,2025-01,0.0,0.0,0.0
Clarke Central School Food Pantry,2025-02,0.0,0.0,0.0
Clarke Central School Food Pantry,2025-03,0.0,0.0,0.0
Clarke Central School Food Pantry,2025-04,0.0,0.0,0.0
Clarke Central School Food Pantry,2025-05,0.0,0.0,0.0
Clarke Central School Food Pantry,2025-06,0.0,0.0,0.0
Clarke County MedLink Georgia,2022-07,0.0,0.0,
Clarke County MedLink Georgia,2022-08,0.0,0.0,0.0
Clarke County MedLink Georgia,2022-09,0.0,0.0,0.0
Clarke County MedLink Georgia,2022-10,0.0,0.0,0.0
Clarke County MedLink Georgia,2022-11,0.0,0.0,0.0
Clarke County MedLink Georgia,2022-12,0.0,0.0,0.0
Clarke County MedLink Georgia,2023-01,0.0,0.0,0.0
Clarke County MedLink Georgia,2023-02,0.0,0.0,0.0
Clarke County MedLink Georgia,2023-03,0.0,0.0,0.0
Clarke County MedLink Georgia,2023-04,0.0,0.0,0.0
Clarke County MedLink Georgia,2023-05,0.0,0.0,0.0
Clarke County MedLink Georgia,2023-06,0.0,0.0,0.0
Clarke County MedLink Georgia,2023-07,0.0,0.0,0.0
Clarke County MedLink Georgia,2023-08,0.0,0.0,0.0
Clarke County MedLink Georgia,2023-09,0.0,0.0,0.0
Clarke County MedLink Georgia,2023-10,0.0,0.0,0.0
Clarke County MedLink Georgia,2023-11,0.0,0.0,0.0
Clarke County MedLink Georgia,2023-12,0.0,0.0,0.0
Clarke County MedLink Georgia,2024-01,0.0,0.0,0.0
Clarke County MedLink Georgia,2024-02,0.0,0.0,0.0
Clarke County MedLink Georgia,2024-03,0.0,0.0,0.0
Clarke County MedLink Georgia,2024-04,0.0,0.0,0.0
Clarke County MedLink Georgia,2024-05,0.0,0.0,0.0
Clarke County MedLink Georgia,2024-06,0.0,0.0,0.0
Clarke County MedLink Georgia,2024-07,0.0,0.0,0.0
Clarke County MedLink Georgia,2024-08,0.0,0.0,0.0
Clarke County MedLink Georgia,2024-09,0.0,0.0,0.0
Clarke County MedLink Georgia,2024-10,0.0,0.0,0.0
Clarke County MedLink Georgia,2024-11,11482.0,11482.0,inf
Clarke County MedLink Georgia,2024-12,0.0,-11482.0,-1.0
Clarke County MedLink Georgia,2025-01,0.0,0.0,0.0
Clarke County MedLink Georgia,2025-02,0.0,0.0,0.0
Clarke County MedLink Georgia,2025-03,0.0,0.0,0.0
Clarke County MedLink Georgia,2025-04,0.0,0.0,0.0
Clarke County MedLink Georgia,2025-05,0.0,0.0,0.0
Clarke County MedLink Georgia,2025-06,0.0,0.0,0.0
Clarke County Sheriff's Office,2022-07,0.0,0.0,
Clarke County Sheriff's Office,2022-08,0.0,0.0,0.0
Clarke County Sheriff's Office,2022-09,0.0,0.0,0.0
Clarke County Sheriff's Office,2022-10,0.0,0.0,0.0
Clarke County Sheriff's Office,2022-11,12382.0,12382.0,inf
Clarke County Sheriff's Office,2022-12,5328.0,-7054.0,-0.5696979486351155
Clarke County Sheriff's Office,2023-01,0.0,-5328.0,-1.0
Clarke County Sheriff's Office,2023-02,0.0,0.0,0.0
Clarke County Sheriff's Office,2023-03,0.0,0.0,0.0
Clarke County Sheriff's Office,2023-04,6710.0,6710.0,inf
Clarke County Sheriff's Office,2023-05,0.0,-6710.0,-1.0
Clarke County Sheriff's Office,2023-06,0.0,0.0,0.0
Clarke County Sheriff's Office,2023-07,5108.0,5108.0,inf
Clarke County Sheriff's Office,2023-08,0.0,-5108.0,-1.0
Clarke County Sheriff's Office,2023-09,0.0,0.0,0.0
Clarke County Sheriff's Office,2023-10,0.0,0.0,0.0
Clarke County Sheriff's Office,2023-11,0.0,0.0,0.0
Clarke County Sheriff's Office,2023-12,0.0,0.0,0.0
Clarke County Sheriff's Office,2024-01,0.0,0.0,0.0
Clarke County Sheriff's Office,2024-02,0.0,0.0,0.0
Clarke County Sheriff's Office,2024-03,0.0,0.0,0.0
Clarke County Sheriff's Office,2024-04,0.0,0.0,0.0
Clarke County Sheriff's Office,2024-05,0.0,0.0,0.0
Clarke County Sheriff's Office,2024-06,0.0,0.0,0.0
Clarke County Sheriff's Office,2024-07,0.0,0.0,0.0
Clarke County Sheriff's Office,2024-08,0.0,0.0,0.0
Clarke County Sheriff's Office,2024-09,0.0,0.0,0.0
Clarke County Sheriff's Office,2024-10,0.0,0.0,0.0
Clarke County Sheriff's Office,2024-11,0.0,0.0,0.0
Clarke County Sheriff's Office,2024-12,0.0,0.0,0.0
Clarke County Sheriff's Office,2025-01,0.0,0.0,0.0
Clarke County Sheriff's Office,2025-02,0.0,0.0,0.0
Clarke County Sheriff's Office,2025-03,0.0,0.0,0.0
Clarke County Sheriff's Office,2025-04,0.0,0.0,0.0
Clarke County Sheriff's Office,2025-05,0.0,0.0,0.0
Clarke County Sheriff's Office,2025-06,0.0,0.0,0.0
Clarke: ACCA Senior Staples Program,2022-07,0.0,0.0,
Clarke: ACCA Senior Staples Program,2022-08,0.0,0.0,0.0
Clarke: ACCA Senior Staples Program,2022-09,0.0,0.0,0.0
Clarke: ACCA Senior Staples Program,2022-10,0.0,0.0,0.0
Clarke: ACCA Senior Staples Program,2022-11,0.0,0.0,0.0
Clarke: ACCA Senior Staples Program,2022-12,0.0,0.0,0.0
Clarke: ACCA Senior Staples Program,2023-01,0.0,0.0,0.0
Clarke: ACCA Senior Staples Program,2023-02,0.0,0.0,0.0
Clarke: ACCA Senior Staples Program,2023-03,1612.0,1612.0,inf
Clarke: ACCA Senior Staples Program,2023-04,4746.0,3134.0,1.9441687344913152
Clarke: ACCA Senior Staples Program,2023-05,0.0,-4746.0,-1.0
Clarke: ACCA Senior Staples Program,2023-06,0.0,0.0,0.0
Clarke: ACCA Senior Staples Program,2023-07,0.0,0.0,0.0
Clarke: ACCA Senior Staples Program,2023-08,4620.0,4620.0,inf
Clarke: ACCA Senior Staples Program,2023-09,148.0,-4472.0,-0.9679653679653679
Clarke: ACCA Senior Staples Program,2023-10,7012.0,6864.0,46.37837837837838
Clarke: ACCA Senior Staples Program,2023-11,272.0,-6740.0,-0.9612093553907587
Clarke: ACCA Senior Staples Program,2023-12,879.0,607.0,2.2316176470588234
Clarke: ACCA Senior Staples Program,2024-01,432.0,-447.0,-0.5085324232081911
Clarke: ACCA Senior Staples Program,2024-02,2493.0,2061.0,4.770833333333333
Clarke: ACCA Senior Staples Program,2024-03,5364.0,2871.0,1.151624548736462
Clarke: ACCA Senior Staples Program,2024-04,3374.0,-1990.0,-0.3709917971662938
Clarke: ACCA Senior Staples Program,2024-05,2586.0,-788.0,-0.23355068168346177
Clarke: ACCA Senior Staples Program,2024-06,2162.0,-424.0,-0.16395978344934262
Clarke: ACCA Senior Staples Program,2024-07,0.0,-2162.0,-1.0
Clarke: ACCA Senior Staples Program,2024-08,0.0,0.0,0.0
Clarke: ACCA Senior Staples Program,2024-09,0.0,0.0,0.0
Clarke: ACCA Senior Staples Program,2024-10,0.0,0.0,0.0
Clarke: ACCA Senior Staples Program,2024-11,0.0,0.0,0.0
Clarke: ACCA Senior Staples Program,2024-12,0.0,0.0,0.0
Clarke: ACCA Senior Staples Program,2025-01,0.0,0.0,0.0
Clarke: ACCA Senior Staples Program,2025-02,0.0,0.0,0.0
Clarke: ACCA Senior Staples Program,2025-03,0.0,0.0,0.0
Clarke: ACCA Senior Staples Program,2025-04,0.0,0.0,0.0
Clarke: ACCA Senior Staples Program,2025-05,0.0,0.0,0.0
Clarke: ACCA Senior Staples Program,2025-06,0.0,0.0,0.0
Clarke: Winterville FBC Senior Staples Program,2022-07,1190.0,0.0,
Clarke: Winterville FBC Senior Staples Program,2022-08,0.0,-1190.0,-1.0
Clarke: Winterville FBC Senior Staples Program,2022-09,1052.0,1052.0,inf
Clarke: Winterville FBC Senior Staples Program,2022-10,607.0,-445.0,-0.4230038022813688
Clarke: Winterville FBC Senior Staples Program,2022-11,2290.0,1683.0,2.772652388797364
Clarke: Winterville FBC Senior Staples Program,2022-12,0.0,-2290.0,-1.0
Clarke: Winterville FBC Senior Staples Program,2023-01,1084.0,1084.0,inf
Clarke: Winterville FBC Senior Staples Program,2023-02,926.0,-158.0,-0.14575645756457564
Clarke: Winterville FBC Senior Staples Program,2023-03,1580.0,654.0,0.7062634989200864
Clarke: Winterville FBC Senior Staples Program,2023-04,0.0,-1580.0,-1.0
Clarke: Winterville FBC Senior Staples Program,2023-05,0.0,0.0,0.0
Clarke: Winterville FBC Senior Staples Program,2023-06,0.0,0.0,0.0
Clarke: Winterville FBC Senior Staples Program,2023-07,0.0,0.0,0.0
Clarke: Winterville FBC Senior Staples Program,2023-08,0.0,0.0,0.0
Clarke: Winterville FBC Senior Staples Program,2023-09,0.0,0.0,0.0
Clarke: Winterville FBC Senior Staples Program,2023-10,0.0,0.0,0.0
Clarke: Winterville FBC Senior Staples Program,2023-11,302.0,302.0,inf
Clarke: Winterville FBC Senior Staples Program,2023-12,0.0,-302.0,-1.0
Clarke: Winterville FBC Senior Staples Program,2024-01,0.0,0.0,0.0
Clarke: Winterville FBC Senior Staples Program,2024-02,0.0,0.0,0.0
Clarke: Winterville FBC Senior Staples Program,2024-03,0.0,0.0,0.0
Clarke: Winterville FBC Senior Staples Program,2024-04,0.0,0.0,0.0
Clarke: Winterville FBC Senior Staples Program,2024-05,0.0,0.0,0.0
Clarke: Winterville FBC Senior Staples Program,2024-06,0.0,0.0,0.0
Clarke: Winterville FBC Senior Staples Program,2024-07,0.0,0.0,0.0
Clarke: Winterville FBC Senior Staples Program,2024-08,0.0,0.0,0.0
Clarke: Winterville FBC Senior Staples Program,2024-09,0.0,0.0,0.0
Clarke: Winterville FBC Senior Staples Program,2024-10,0.0,0.0,0.0
Clarke: Winterville FBC Senior Staples Program,2024-11,0.0,0.0,0.0
Clarke: Winterville FBC Senior Staples Program,2024-12,0.0,0.0,0.0
Clarke: Winterville FBC Senior Staples Program,2025-01,0.0,0.0,0.0
Clarke: Winterville FBC Senior Staples Program,2025-02,0.0,0.0,0.0
Clarke: Winterville FBC Senior Staples Program,2025-03,0.0,0.0,0.0
Clarke: Winterville FBC Senior Staples Program,2025-04,0.0,0.0,0.0
Clarke: Winterville FBC Senior Staples Program,2025-05,0.0,0.0,0.0
Clarke: Winterville FBC Senior Staples Program,2025-06,0.0,0.0,0.0
Cornerstone Food Pantry,2022-07,10966.0,0.0,
Cornerstone Food Pantry,2022-08,32286.0,21320.0,1.944191136239285
Cornerstone Food Pantry,2022-09,33585.0,1299.0,0.04023415721984761
Cornerstone Food Pantry,2022-10,30156.0,-3429.0,-0.10209915140687807
Cornerstone Food Pantry,2022-11,25081.0,-5075.0,-0.16829155060352832
Cornerstone Food Pantry,2022-12,35798.0,10717.0,0.4272955623778956
Cornerstone Food Pantry,2023-01,27342.0,-8456.0,-0.23621431364880718
Cornerstone Food Pantry,2023-02,28045.0,703.0,0.0257113598127423
Cornerstone Food Pantry,2023-03,24627.0,-3418.0,-0.12187555714031022
Cornerstone Food Pantry,2023-04,25859.0,1232.0,0.05002639379542778
Cornerstone Food Pantry,2023-05,23143.0,-2716.0,-0.10503113036080282
Cornerstone Food Pantry,2023-06,28656.0,5513.0,0.23821457892235234
Cornerstone Food Pantry,2023-07,33663.0,5007.0,0.17472780569514237
Cornerstone Food Pantry,2023-08,32424.0,-1239.0,-0.036805988771054274
Cornerstone Food Pantry,2023-09,42115.0,9691.0,0.2988835430545275
Cornerstone Food Pantry,2023-10,48170.0,6055.0,0.14377300249317346
Cornerstone Food Pantry,2023-11,39493.0,-8677.0,-0.18013286277766244
Cornerstone Food Pantry,2023-12,39554.0,61.0,0.0015445775200668473
Cornerstone Food Pantry,2024-01,40144.0,590.0,0.014916316933812004
Cornerstone Food Pantry,2024-02,40569.0,425.0,0.010586887206058191
Cornerstone Food Pantry,2024-03,33417.0,-7152.0,-0.17629224284552245
Cornerstone Food Pantry,2024-04,39439.0,6022.0,0.18020767872639673
Cornerstone Food Pantry,2024-05,44301.0,4862.0,0.1232789878039504
Cornerstone Food Pantry,2024-06,50334.0,6033.0,0.13618202749373604
Cornerstone Food Pantry,2024-07,47231.0,-3103.0,-0.06164819009019748
Cornerstone Food Pantry,2024-08,56178.0,8947.0,0.18943067053418305
Cornerstone Food Pantry,2024-09,55114.0,-1064.0,-0.018939798497632526
Cornerstone Food Pantry,2024-10,51230.0,-3884.0,-0.07047211234894946
Cornerstone Food Pantry,2024-11,51673.0,443.0,0.008647276986140933
Cornerstone Food Pantry,2024-12,54916.0,3243.0,0.0627600487682155
Cornerstone Food Pantry,2025-01,43542.0,-11374.0,-0.20711632311166145
Cornerstone Food Pantry,2025-02,53296.0,9754.0,0.22401359606816407
Cornerstone Food Pantry,2025-03,49726.0,-3570.0,-0.06698438907235064
Cornerstone Food Pantry,2025-04,48008.0,-1718.0,-0.03454933033020955
Cornerstone Food Pantry,2025-05,61474.0,13466.0,0.2804949175137477
Cornerstone Food Pantry,2025-06,64332.0,2858.0,0.04649119953150926
Covenant Presbyterian Church,2022-07,10646.0,0.0,
Covenant Presbyterian Church,2022-08,10707.0,61.0,0.0057298515874506855
Covenant Presbyterian Church,2022-09,15250.0,4543.0,0.4243018585971794
Covenant Presbyterian Church,2022-10,14408.0,-842.0,-0.05521311475409836
Covenant Presbyterian Church,2022-11,8824.0,-5584.0,-0.3875624652970572
Covenant Presbyterian Church,2022-12,15054.0,6230.0,0.706029011786038
Covenant Presbyterian Church,2023-01,10399.0,-4655.0,-0.30922014082635846
Covenant Presbyterian Church,2023-02,9552.0,-847.0,-0.08145013943648428
Covenant Presbyterian Church,2023-03,9658.0,106.0,0.01109715242881072
Covenant Presbyterian Church,2023-04,8404.0,-1254.0,-0.12984054669703873
Covenant Presbyterian Church,2023-05,10792.0,2388.0,0.2841504045692527
Covenant Presbyterian Church,2023-06,13613.0,2821.0,0.2613973313565604
Covenant Presbyterian Church,2023-07,8501.0,-5112.0,-0.37552339675310364
Covenant Presbyterian Church,2023-08,11064.0,2563.0,0.3014939418891895
Covenant Presbyterian Church,2023-09,11198.0,134.0,0.012111352133044108
Covenant Presbyterian Church,2023-10,8743.0,-2455.0,-0.21923557778174674
Covenant Presbyterian Church,2023-11,15552.0,6809.0,0.7787944641427428
Covenant Presbyterian Church,2023-12,10808.0,-4744.0,-0.30504115226337447
Covenant Presbyterian Church,2024-01,12844.0,2036.0,0.18837897853441896
Covenant Presbyterian Church,2024-02,17746.0,4902.0,0.3816568047337278
Covenant Presbyterian Church,2024-03,17362.0,-384.0,-0.021638679138960892
Covenant Presbyterian Church,2024-04,13456.0,-3906.0,-0.22497408132703606
Covenant Presbyterian Church,2024-05,13545.0,89.0,0.0066141498216409035
Covenant Presbyterian Church,2024-06,10421.17,-3123.83,-0.23062606127722407
Covenant Presbyterian Church,2024-07,9215.0,-1206.17,-0.11574228229651758
Covenant Presbyterian Church,2024-08,16530.0,7315.0,0.7938144329896907
Covenant Presbyterian Church,2024-09,10199.0,-6331.0,-0.38300060496067756
Covenant Presbyterian Church,2024-10,10261.0,62.0,0.0060790273556231
Covenant Presbyterian Church,2024-11,14448.0,4187.0,0.4080498976707923
Covenant Presbyterian Church,2024-12,11696.0,-2752.0,-0.19047619047619047
Covenant Presbyterian Church,2025-01,17678.0,5982.0,0.5114569083447332
Covenant Presbyterian Church,2025-02,18672.0,994.0,0.05622808009955877
Covenant Presbyterian Church,2025-03,13121.0,-5551.0,-0.29729005998286206
Covenant Presbyterian Church,2025-04,11954.0,-1167.0,-0.08894139166222087
Covenant Presbyterian Church,2025-05,15813.0,3859.0,0.3228208131169483
Covenant Presbyterian Church,2025-06,9658.12,-6154.879999999999,-0.3892291152848921
Cultivating a Lifetime of Legacy Inc.,2022-07,0.0,0.0,
Cultivating a Lifetime of Legacy Inc.,2022-08,0.0,0.0,0.0
Cultivating a Lifetime of Legacy Inc.,2022-09,0.0,0.0,0.0
Cultivating a Lifetime of Legacy Inc.,2022-10,0.0,0.0,0.0
Cultivating a Lifetime of Legacy Inc.,2022-11,0.0,0.0,0.0
Cultivating a Lifetime of Legacy Inc.,2022-12,0.0,0.0,0.0
Cultivating a Lifetime of Legacy Inc.,2023-01,0.0,0.0,0.0
Cultivating a Lifetime of Legacy Inc.,2023-02,0.0,0.0,0.0
Cultivating a Lifetime of Legacy Inc.,2023-03,0.0,0.0,0.0
Cultivating a Lifetime of Legacy Inc.,2023-04,0.0,0.0,0.0
Cultivating a Lifetime of Legacy Inc.,2023-05,0.0,0.0,0.0
Cultivating a Lifetime of Legacy Inc.,2023-06,0.0,0.0,0.0
Cultivating a Lifetime of Legacy Inc.,2023-07,0.0,0.0,0.0
Cultivating a Lifetime of Legacy Inc.,2023-08,0.0,0.0,0.0
Cultivating a Lifetime of Legacy Inc.,2023-09,0.0,0.0,0.0
Cultivating a Lifetime of Legacy Inc.,2023-10,0.0,0.0,0.0
Cultivating a Lifetime of Legacy Inc.,2023-11,0.0,0.0,0.0
Cultivating a Lifetime of Legacy Inc.,2023-12,0.0,0.0,0.0
Cultivating a Lifetime of Legacy Inc.,2024-01,0.0,0.0,0.0
Cultivating a Lifetime of Legacy Inc.,2024-02,0.0,0.0,0.0
Cultivating a Lifetime of Legacy Inc.,2024-03,0.0,0.0,0.0
Cultivating a Lifetime of Legacy Inc.,2024-04,0.0,0.0,0.0
Cultivating a Lifetime of Legacy Inc.,2024-05,1271.0,1271.0,inf
Cultivating a Lifetime of Legacy Inc.,2024-06,636.0,-635.0,-0.4996066089693155
Cultivating a Lifetime of Legacy Inc.,2024-07,0.0,-636.0,-1.0
Cultivating a Lifetime of Legacy Inc.,2024-08,0.0,0.0,0.0
Cultivating a Lifetime of Legacy Inc.,2024-09,159.0,159.0,inf
Cultivating a Lifetime of Legacy Inc.,2024-10,0.0,-159.0,-1.0
Cultivating a Lifetime of Legacy Inc.,2024-11,0.0,0.0,0.0
Cultivating a Lifetime of Legacy Inc.,2024-12,0.0,0.0,0.0
Cultivating a Lifetime of Legacy Inc.,2025-01,0.0,0.0,0.0
Cultivating a Lifetime of Legacy Inc.,2025-02,0.0,0.0,0.0
Cultivating a Lifetime of Legacy Inc.,2025-03,0.0,0.0,0.0
Cultivating a Lifetime of Legacy Inc.,2025-04,0.0,0.0,0.0
Cultivating a Lifetime of Legacy Inc.,2025-05,0.0,0.0,0.0
Cultivating a Lifetime of Legacy Inc.,2025-06,0.0,0.0,0.0
DECAL Grant Barnett Shoals School,2022-07,0.0,0.0,
DECAL Grant Barnett Shoals School,2022-08,0.0,0.0,0.0
DECAL Grant Barnett Shoals School,2022-09,0.0,0.0,0.0
DECAL Grant Barnett Shoals School,2022-10,0.0,0.0,0.0
DECAL Grant Barnett Shoals School,2022-11,0.0,0.0,0.0
DECAL Grant Barnett Shoals School,2022-12,0.0,0.0,0.0
DECAL Grant Barnett Shoals School,2023-01,0.0,0.0,0.0
DECAL Grant Barnett Shoals School,2023-02,0.0,0.0,0.0
DECAL Grant Barnett Shoals School,2023-03,0.0,0.0,0.0
DECAL Grant Barnett Shoals School,2023-04,0.0,0.0,0.0
DECAL Grant Barnett Shoals School,2023-05,0.0,0.0,0.0
DECAL Grant Barnett Shoals School,2023-06,0.0,0.0,0.0
DECAL Grant Barnett Shoals School,2023-07,0.0,0.0,0.0
DECAL Grant Barnett Shoals School,2023-08,0.0,0.0,0.0
DECAL Grant Barnett Shoals School,2023-09,0.0,0.0,0.0
DECAL Grant Barnett Shoals School,2023-10,0.0,0.0,0.0
DECAL Grant Barnett Shoals School,2023-11,0.0,0.0,0.0
DECAL Grant Barnett Shoals School,2023-12,0.0,0.0,0.0
DECAL Grant Barnett Shoals School,2024-01,0.0,0.0,0.0
DECAL Grant Barnett Shoals School,2024-02,0.0,0.0,0.0
DECAL Grant Barnett Shoals School,2024-03,0.0,0.0,0.0
DECAL Grant Barnett Shoals School,2024-04,0.0,0.0,0.0
DECAL Grant Barnett Shoals School,2024-05,0.0,0.0,0.0
DECAL Grant Barnett Shoals School,2024-06,0.0,0.0,0.0
DECAL Grant Barnett Shoals School,2024-07,0.0,0.0,0.0
DECAL Grant Barnett Shoals School,2024-08,2070.0,2070.0,inf
DECAL Grant Barnett Shoals School,2024-09,699.0,-1371.0,-0.6623188405797101
DECAL Grant Barnett Shoals School,2024-10,622.0,-77.0,-0.11015736766809728
DECAL Grant Barnett Shoals School,2024-11,977.0,355.0,0.5707395498392283
DECAL Grant Barnett Shoals School,2024-12,842.0,-135.0,-0.13817809621289662
DECAL Grant Barnett Shoals School,2025-01,897.0,55.0,0.06532066508313539
DECAL Grant Barnett Shoals School,2025-02,1389.0,492.0,0.5484949832775919
DECAL Grant Barnett Shoals School,2025-03,1410.0,21.0,0.01511879049676026
DECAL Grant Barnett Shoals School,2025-04,3020.0,1610.0,1.1418439716312057
DECAL Grant Barnett Shoals School,2025-05,0.0,-3020.0,-1.0
DECAL Grant Barnett Shoals School,2025-06,0.0,0.0,0.0
DECAL Grant Fowler Elementary School,2022-07,0.0,0.0,
DECAL Grant Fowler Elementary School,2022-08,0.0,0.0,0.0
DECAL Grant Fowler Elementary School,2022-09,0.0,0.0,0.0
DECAL Grant Fowler Elementary School,2022-10,0.0,0.0,0.0
DECAL Grant Fowler Elementary School,2022-11,0.0,0.0,0.0
DECAL Grant Fowler Elementary School,2022-12,0.0,0.0,0.0
DECAL Grant Fowler Elementary School,2023-01,0.0,0.0,0.0
DECAL Grant Fowler Elementary School,2023-02,0.0,0.0,0.0
DECAL Grant Fowler Elementary School,2023-03,0.0,0.0,0.0
DECAL Grant Fowler Elementary School,2023-04,0.0,0.0,0.0
DECAL Grant Fowler Elementary School,2023-05,0.0,0.0,0.0
DECAL Grant Fowler Elementary School,2023-06,0.0,0.0,0.0
DECAL Grant Fowler Elementary School,2023-07,0.0,0.0,0.0
DECAL Grant Fowler Elementary School,2023-08,0.0,0.0,0.0
DECAL Grant Fowler Elementary School,2023-09,0.0,0.0,0.0
DECAL Grant Fowler Elementary School,2023-10,0.0,0.0,0.0
DECAL Grant Fowler Elementary School,2023-11,0.0,0.0,0.0
DECAL Grant Fowler Elementary School,2023-12,0.0,0.0,0.0
DECAL Grant Fowler Elementary School,2024-01,0.0,0.0,0.0
DECAL Grant Fowler Elementary School,2024-02,0.0,0.0,0.0
DECAL Grant Fowler Elementary School,2024-03,0.0,0.0,0.0
DECAL Grant Fowler Elementary School,2024-04,0.0,0.0,0.0
DECAL Grant Fowler Elementary School,2024-05,0.0,0.0,0.0
DECAL Grant Fowler Elementary School,2024-06,0.0,0.0,0.0
DECAL Grant Fowler Elementary School,2024-07,0.0,0.0,0.0
DECAL Grant Fowler Elementary School,2024-08,2096.0,2096.0,inf
DECAL Grant Fowler Elementary School,2024-09,1018.0,-1078.0,-0.5143129770992366
DECAL Grant Fowler Elementary School,2024-10,0.0,-1018.0,-1.0
DECAL Grant Fowler Elementary School,2024-11,680.0,680.0,inf
DECAL Grant Fowler Elementary School,2024-12,0.0,-680.0,-1.0
DECAL Grant Fowler Elementary School,2025-01,0.0,0.0,0.0
DECAL Grant Fowler Elementary School,2025-02,0.0,0.0,0.0
DECAL Grant Fowler Elementary School,2025-03,2558.0,2558.0,inf
DECAL Grant Fowler Elementary School,2025-04,14655.0,12097.0,4.729085222830336
DECAL Grant Fowler Elementary School,2025-05,0.0,-14655.0,-1.0
DECAL Grant Fowler Elementary School,2025-06,0.0,0.0,0.0
DECAL Grant Oglethorpe Elementary School,2022-07,0.0,0.0,
DECAL Grant Oglethorpe Elementary School,2022-08,0.0,0.0,0.0
DECAL Grant Oglethorpe Elementary School,2022-09,0.0,0.0,0.0
DECAL Grant Oglethorpe Elementary School,2022-10,0.0,0.0,0.0
DECAL Grant Oglethorpe Elementary School,2022-11,0.0,0.0,0.0
DECAL Grant Oglethorpe Elementary School,2022-12,0.0,0.0,0.0
DECAL Grant Oglethorpe Elementary School,2023-01,0.0,0.0,0.0
DECAL Grant Oglethorpe Elementary School,2023-02,0.0,0.0,0.0
DECAL Grant Oglethorpe Elementary School,2023-03,0.0,0.0,0.0
DECAL Grant Oglethorpe Elementary School,2023-04,0.0,0.0,0.0
DECAL Grant Oglethorpe Elementary School,2023-05,0.0,0.0,0.0
DECAL Grant Oglethorpe Elementary School,2023-06,0.0,0.0,0.0
DECAL Grant Oglethorpe Elementary School,2023-07,0.0,0.0,0.0
DECAL Grant Oglethorpe Elementary School,2023-08,0.0,0.0,0.0
DECAL Grant Oglethorpe Elementary School,2023-09,0.0,0.0,0.0
DECAL Grant Oglethorpe Elementary School,2023-10,0.0,0.0,0.0
DECAL Grant Oglethorpe Elementary School,2023-11,0.0,0.0,0.0
DECAL Grant Oglethorpe Elementary School,2023-12,0.0,0.0,0.0
DECAL Grant Oglethorpe Elementary School,2024-01,0.0,0.0,0.0
DECAL Grant Oglethorpe Elementary School,2024-02,0.0,0.0,0.0
DECAL Grant Oglethorpe Elementary School,2024-03,0.0,0.0,0.0
DECAL Grant Oglethorpe Elementary School,2024-04,0.0,0.0,0.0
DECAL Grant Oglethorpe Elementary School,2024-05,0.0,0.0,0.0
DECAL Grant Oglethorpe Elementary School,2024-06,0.0,0.0,0.0
DECAL Grant Oglethorpe Elementary School,2024-07,0.0,0.0,0.0
DECAL Grant Oglethorpe Elementary School,2024-08,2070.0,2070.0,inf
DECAL Grant Oglethorpe Elementary School,2024-09,699.0,-1371.0,-0.6623188405797101
DECAL Grant Oglethorpe Elementary School,2024-10,674.0,-25.0,-0.0357653791130186
DECAL Grant Oglethorpe Elementary School,2024-11,1139.0,465.0,0.6899109792284867
DECAL Grant Oglethorpe Elementary School,2024-12,907.0,-232.0,-0.20368744512730466
DECAL Grant Oglethorpe Elementary School,2025-01,897.0,-10.0,-0.011025358324145534
DECAL Grant Oglethorpe Elementary School,2025-02,1258.0,361.0,0.40245261984392416
DECAL Grant Oglethorpe Elementary School,2025-03,940.0,-318.0,-0.2527821939586645
DECAL Grant Oglethorpe Elementary School,2025-04,1427.0,487.0,0.5180851063829788
DECAL Grant Oglethorpe Elementary School,2025-05,1100.0,-327.0,-0.2291520672740014
DECAL Grant Oglethorpe Elementary School,2025-06,0.0,-1100.0,-1.0
Decal Grant Gaines Elementary School,2022-07,0.0,0.0,
Decal Grant Gaines Elementary School,2022-08,0.0,0.0,0.0
Decal Grant Gaines Elementary School,2022-09,0.0,0.0,0.0
Decal Grant Gaines Elementary School,2022-10,0.0,0.0,0.0
Decal Grant Gaines Elementary School,2022-11,0.0,0.0,0.0
Decal Grant Gaines Elementary School,2022-12,0.0,0.0,0.0
Decal Grant Gaines Elementary School,2023-01,0.0,0.0,0.0
Decal Grant Gaines Elementary School,2023-02,0.0,0.0,0.0
Decal Grant Gaines Elementary School,2023-03,0.0,0.0,0.0
Decal Grant Gaines Elementary School,2023-04,0.0,0.0,0.0
Decal Grant Gaines Elementary School,2023-05,0.0,0.0,0.0
Decal Grant Gaines Elementary School,2023-06,0.0,0.0,0.0
Decal Grant Gaines Elementary School,2023-07,0.0,0.0,0.0
Decal Grant Gaines Elementary School,2023-08,0.0,0.0,0.0
Decal Grant Gaines Elementary School,2023-09,0.0,0.0,0.0
Decal Grant Gaines Elementary School,2023-10,0.0,0.0,0.0
Decal Grant Gaines Elementary School,2023-11,0.0,0.0,0.0
Decal Grant Gaines Elementary School,2023-12,0.0,0.0,0.0
Decal Grant Gaines Elementary School,2024-01,0.0,0.0,0.0
Decal Grant Gaines Elementary School,2024-02,0.0,0.0,0.0
Decal Grant Gaines Elementary School,2024-03,0.0,0.0,0.0
Decal Grant Gaines Elementary School,2024-04,0.0,0.0,0.0
Decal Grant Gaines Elementary School,2024-05,0.0,0.0,0.0
Decal Grant Gaines Elementary School,2024-06,0.0,0.0,0.0
Decal Grant Gaines Elementary School,2024-07,0.0,0.0,0.0
Decal Grant Gaines Elementary School,2024-08,1978.0,1978.0,inf
Decal Grant Gaines Elementary School,2024-09,699.0,-1279.0,-0.6466127401415571
Decal Grant Gaines Elementary School,2024-10,1701.0,1002.0,1.4334763948497855
Decal Grant Gaines Elementary School,2024-11,3402.0,1701.0,1.0
Decal Grant Gaines Elementary School,2024-12,0.0,-3402.0,-1.0
Decal Grant Gaines Elementary School,2025-01,0.0,0.0,0.0
Decal Grant Gaines Elementary School,2025-02,1296.0,1296.0,inf
Decal Grant Gaines Elementary School,2025-03,625.0,-671.0,-0.5177469135802469
Decal Grant Gaines Elementary School,2025-04,4285.0,3660.0,5.856
Decal Grant Gaines Elementary School,2025-05,830.0,-3455.0,-0.8063010501750292
Decal Grant Gaines Elementary School,2025-06,0.0,-830.0,-1.0
Decal Grant Stroud Elementary School,2022-07,0.0,0.0,
Decal Grant Stroud Elementary School,2022-08,0.0,0.0,0.0
Decal Grant Stroud Elementary School,2022-09,0.0,0.0,0.0
Decal Grant Stroud Elementary School,2022-10,0.0,0.0,0.0
Decal Grant Stroud Elementary School,2022-11,0.0,0.0,0.0
Decal Grant Stroud Elementary School,2022-12,0.0,0.0,0.0
Decal Grant Stroud Elementary School,2023-01,0.0,0.0,0.0
Decal Grant Stroud Elementary School,2023-02,0.0,0.0,0.0
Decal Grant Stroud Elementary School,2023-03,0.0,0.0,0.0
Decal Grant Stroud Elementary School,2023-04,0.0,0.0,0.0
Decal Grant Stroud Elementary School,2023-05,0.0,0.0,0.0
Decal Grant Stroud Elementary School,2023-06,0.0,0.0,0.0
Decal Grant Stroud Elementary School,2023-07,0.0,0.0,0.0
Decal Grant Stroud Elementary School,2023-08,0.0,0.0,0.0
Decal Grant Stroud Elementary School,2023-09,0.0,0.0,0.0
Decal Grant Stroud Elementary School,2023-10,0.0,0.0,0.0
Decal Grant Stroud Elementary School,2023-11,0.0,0.0,0.0
Decal Grant Stroud Elementary School,2023-12,0.0,0.0,0.0
Decal Grant Stroud Elementary School,2024-01,0.0,0.0,0.0
Decal Grant Stroud Elementary School,2024-02,0.0,0.0,0.0
Decal Grant Stroud Elementary School,2024-03,0.0,0.0,0.0
Decal Grant Stroud Elementary School,2024-04,0.0,0.0,0.0
Decal Grant Stroud Elementary School,2024-05,0.0,0.0,0.0
Decal Grant Stroud Elementary School,2024-06,0.0,0.0,0.0
Decal Grant Stroud Elementary School,2024-07,0.0,0.0,0.0
Decal Grant Stroud Elementary School,2024-08,1992.0,1992.0,inf
Decal Grant Stroud Elementary School,2024-09,699.0,-1293.0,-0.6490963855421686
Decal Grant Stroud Elementary School,2024-10,712.0,13.0,0.01859799713876967
Decal Grant Stroud Elementary School,2024-11,1345.0,633.0,0.8890449438202247
Decal Grant Stroud Elementary School,2024-12,996.0,-349.0,-0.2594795539033457
Decal Grant Stroud Elementary School,2025-01,897.0,-99.0,-0.09939759036144578
Decal Grant Stroud Elementary School,2025-02,1070.0,173.0,0.19286510590858416
Decal Grant Stroud Elementary School,2025-03,1196.0,126.0,0.11775700934579439
Decal Grant Stroud Elementary School,2025-04,4274.0,3078.0,2.5735785953177257
Decal Grant Stroud Elementary School,2025-05,1113.0,-3161.0,-0.7395882077678989
Decal Grant Stroud Elementary School,2025-06,0.0,-1113.0,-1.0
Designing Minds Enterprises INC,2022-07,0.0,0.0,
Designing Minds Enterprises INC,2022-08,0.0,0.0,0.0
Designing Minds Enterprises INC,2022-09,0.0,0.0,0.0
Designing Minds Enterprises INC,2022-10,0.0,0.0,0.0
Designing Minds Enterprises INC,2022-11,0.0,0.0,0.0
Designing Minds Enterprises INC,2022-12,0.0,0.0,0.0
Designing Minds Enterprises INC,2023-01,8786.0,8786.0,inf
Designing Minds Enterprises INC,2023-02,727.0,-8059.0,-0.9172547234236285
Designing Minds Enterprises INC,2023-03,14003.0,13276.0,18.261348005502064
Designing Minds Enterprises INC,2023-04,5755.0,-8248.0,-0.5890166392915803
Designing Minds Enterprises INC,2023-05,13968.0,8213.0,1.4271068635968722
Designing Minds Enterprises INC,2023-06,4056.0,-9912.0,-0.7096219931271478
Designing Minds Enterprises INC,2023-07,8464.0,4408.0,1.086785009861933
Designing Minds Enterprises INC,2023-08,5871.0,-2593.0,-0.3063563327032136
Designing Minds Enterprises INC,2023-09,14071.0,8200.0,1.3966956225515244
Designing Minds Enterprises INC,2023-10,3663.0,-10408.0,-0.7396773505792055
Designing Minds Enterprises INC,2023-11,3939.0,276.0,0.07534807534807535
Designing Minds Enterprises INC,2023-12,3247.0,-692.0,-0.17567910637217568
Designing Minds Enterprises INC,2024-01,9846.0,6599.0,2.0323375423467818
Designing Minds Enterprises INC,2024-02,5588.0,-4258.0,-0.4324598821856592
Designing Minds Enterprises INC,2024-03,3776.0,-1812.0,-0.3242662848962062
Designing Minds Enterprises INC,2024-04,6830.0,3054.0,0.808792372881356
Designing Minds Enterprises INC,2024-05,11947.0,5117.0,0.749194729136164
Designing Minds Enterprises INC,2024-06,1305.0,-10642.0,-0.8907675567087971
Designing Minds Enterprises INC,2024-07,8684.0,7379.0,5.6544061302682
Designing Minds Enterprises INC,2024-08,6738.0,-1946.0,-0.22409028097650852
Designing Minds Enterprises INC,2024-09,4472.0,-2266.0,-0.3363015731671119
Designing Minds Enterprises INC,2024-10,1873.0,-2599.0,-0.5811717352415027
Designing Minds Enterprises INC,2024-11,4543.0,2670.0,1.425520555258943
Designing Minds Enterprises INC,2024-12,6570.0,2027.0,0.4461809377063614
Designing Minds Enterprises INC,2025-01,1146.0,-5424.0,-0.8255707762557077
Designing Minds Enterprises INC,2025-02,740.0,-406.0,-0.3542757417102967
Designing Minds Enterprises INC,2025-03,5267.0,4527.0,6.117567567567567
Designing Minds Enterprises INC,2025-04,1416.0,-3851.0,-0.7311562559331688
Designing Minds Enterprises INC,2025-05,5421.0,4005.0,2.8283898305084745
Designing Minds Enterprises INC,2025-06,3620.0,-1801.0,-0.33222652647113077
Detox ABHS (CSP/CSU),2022-07,0.0,0.0,
Detox ABHS (CSP/CSU),2022-08,0.0,0.0,0.0
Detox ABHS (CSP/CSU),2022-09,0.0,0.0,0.0
Detox ABHS (CSP/CSU),2022-10,267.0,267.0,inf
Detox ABHS (CSP/CSU),2022-11,295.0,28.0,0.10486891385767791
Detox ABHS (CSP/CSU),2022-12,0.0,-295.0,-1.0
Detox ABHS (CSP/CSU),2023-01,0.0,0.0,0.0
Detox ABHS (CSP/CSU),2023-02,0.0,0.0,0.0
Detox ABHS (CSP/CSU),2023-03,0.0,0.0,0.0
Detox ABHS (CSP/CSU),2023-04,0.0,0.0,0.0
Detox ABHS (CSP/CSU),2023-05,0.0,0.0,0.0
Detox ABHS (CSP/CSU),2023-06,0.0,0.0,0.0
Detox ABHS (CSP/CSU),2023-07,0.0,0.0,0.0
Detox ABHS (CSP/CSU),2023-08,0.0,0.0,0.0
Detox ABHS (CSP/CSU),2023-09,0.0,0.0,0.0
Detox ABHS (CSP/CSU),2023-10,0.0,0.0,0.0
Detox ABHS (CSP/CSU),2023-11,0.0,0.0,0.0
Detox ABHS (CSP/CSU),2023-12,0.0,0.0,0.0
Detox ABHS (CSP/CSU),2024-01,0.0,0.0,0.0
Detox ABHS (CSP/CSU),2024-02,0.0,0.0,0.0
Detox ABHS (CSP/CSU),2024-03,0.0,0.0,0.0
Detox ABHS (CSP/CSU),2024-04,0.0,0.0,0.0
Detox ABHS (CSP/CSU),2024-05,0.0,0.0,0.0
Detox ABHS (CSP/CSU),2024-06,0.0,0.0,0.0
Detox ABHS (CSP/CSU),2024-07,0.0,0.0,0.0
Detox ABHS (CSP/CSU),2024-08,0.0,0.0,0.0
Detox ABHS (CSP/CSU),2024-09,0.0,0.0,0.0
Detox ABHS (CSP/CSU),2024-10,0.0,0.0,0.0
Detox ABHS (CSP/CSU),2024-11,0.0,0.0,0.0
Detox ABHS (CSP/CSU),2024-12,0.0,0.0,0.0
Detox ABHS (CSP/CSU),2025-01,0.0,0.0,0.0
Detox ABHS (CSP/CSU),2025-02,0.0,0.0,0.0
Detox ABHS (CSP/CSU),2025-03,0.0,0.0,0.0
Detox ABHS (CSP/CSU),2025-04,0.0,0.0,0.0
Detox ABHS (CSP/CSU),2025-05,0.0,0.0,0.0
Detox ABHS (CSP/CSU),2025-06,0.0,0.0,0.0
"Divergent Recovery Center, Inc",2022-07,0.0,0.0,
"Divergent Recovery Center, Inc",2022-08,0.0,0.0,0.0
"Divergent Recovery Center, Inc",2022-09,0.0,0.0,0.0
"Divergent Recovery Center, Inc",2022-10,0.0,0.0,0.0
"Divergent Recovery Center, Inc",2022-11,0.0,0.0,0.0
"Divergent Recovery Center, Inc",2022-12,0.0,0.0,0.0
"Divergent Recovery Center, Inc",2023-01,0.0,0.0,0.0
"Divergent Recovery Center, Inc",2023-02,0.0,0.0,0.0
"Divergent Recovery Center, Inc",2023-03,0.0,0.0,0.0
"Divergent Recovery Center, Inc",2023-04,0.0,0.0,0.0
"Divergent Recovery Center, Inc",2023-05,0.0,0.0,0.0
"Divergent Recovery Center, Inc",2023-06,0.0,0.0,0.0
"Divergent Recovery Center, Inc",2023-07,0.0,0.0,0.0
"Divergent Recovery Center, Inc",2023-08,0.0,0.0,0.0
"Divergent Recovery Center, Inc",2023-09,0.0,0.0,0.0
"Divergent Recovery Center, Inc",2023-10,890.0,890.0,inf
"Divergent Recovery Center, Inc",2023-11,972.0,82.0,0.09213483146067415
"Divergent Recovery Center, Inc",2023-12,1177.0,205.0,0.2109053497942387
"Divergent Recovery Center, Inc",2024-01,2149.0,972.0,0.8258283772302464
"Divergent Recovery Center, Inc",2024-02,2343.0,194.0,0.09027454630060493
"Divergent Recovery Center, Inc",2024-03,677.0,-1666.0,-0.7110542040119505
"Divergent Recovery Center, Inc",2024-04,2460.0,1783.0,2.633677991137371
"Divergent Recovery Center, Inc",2024-05,977.0,-1483.0,-0.6028455284552846
"Divergent Recovery Center, Inc",2024-06,1738.0,761.0,0.7789150460593655
"Divergent Recovery Center, Inc",2024-07,1755.0,17.0,0.009781357882623706
"Divergent Recovery Center, Inc",2024-08,2583.0,828.0,0.4717948717948718
"Divergent Recovery Center, Inc",2024-09,1664.0,-919.0,-0.35578784359272164
"Divergent Recovery Center, Inc",2024-10,1168.0,-496.0,-0.2980769230769231
"Divergent Recovery Center, Inc",2024-11,1205.0,37.0,0.031678082191780824
"Divergent Recovery Center, Inc",2024-12,1436.0,231.0,0.19170124481327802
"Divergent Recovery Center, Inc",2025-01,2235.0,799.0,0.5564066852367688
"Divergent Recovery Center, Inc",2025-02,1486.0,-749.0,-0.3351230425055928
"Divergent Recovery Center, Inc",2025-03,1622.0,136.0,0.09152086137281291
"Divergent Recovery Center, Inc",2025-04,1776.0,154.0,0.09494451294697903
"Divergent Recovery Center, Inc",2025-05,1781.0,5.0,0.002815315315315315
"Divergent Recovery Center, Inc",2025-06,1611.0,-170.0,-0.09545199326221224
Downtown Ministries,2022-07,0.0,0.0,
Downtown Ministries,2022-08,770.0,770.0,inf
Downtown Ministries,2022-09,18.0,-752.0,-0.9766233766233766
Downtown Ministries,2022-10,103.0,85.0,4.722222222222222
Downtown Ministries,2022-11,0.0,-103.0,-1.0
Downtown Ministries,2022-12,0.0,0.0,0.0
Downtown Ministries,2023-01,126.0,126.0,inf
Downtown Ministries,2023-02,46.0,-80.0,-0.6349206349206349
Downtown Ministries,2023-03,0.0,-46.0,-1.0
Downtown Ministries,2023-04,0.0,0.0,0.0
Downtown Ministries,2023-05,0.0,0.0,0.0
Downtown Ministries,2023-06,0.0,0.0,0.0
Downtown Ministries,2023-07,0.0,0.0,0.0
Downtown Ministries,2023-08,0.0,0.0,0.0
Downtown Ministries,2023-09,455.0,455.0,inf
Downtown Ministries,2023-10,772.0,317.0,0.6967032967032967
Downtown Ministries,2023-11,330.0,-442.0,-0.572538860103627
Downtown Ministries,2023-12,50.0,-280.0,-0.8484848484848485
Downtown Ministries,2024-01,275.0,225.0,4.5
Downtown Ministries,2024-02,369.0,94.0,0.3418181818181818
Downtown Ministries,2024-03,229.0,-140.0,-0.3794037940379404
Downtown Ministries,2024-04,189.0,-40.0,-0.17467248908296942
Downtown Ministries,2024-05,238.0,49.0,0.25925925925925924
Downtown Ministries,2024-06,0.0,-238.0,-1.0
Downtown Ministries,2024-07,0.0,0.0,0.0
Downtown Ministries,2024-08,312.0,312.0,inf
Downtown Ministries,2024-09,404.0,92.0,0.2948717948717949
Downtown Ministries,2024-10,412.0,8.0,0.019801980198019802
Downtown Ministries,2024-11,349.0,-63.0,-0.1529126213592233
Downtown Ministries,2024-12,0.0,-349.0,-1.0
Downtown Ministries,2025-01,170.0,170.0,inf
Downtown Ministries,2025-02,318.0,148.0,0.8705882352941177
Downtown Ministries,2025-03,266.0,-52.0,-0.16352201257861634
Downtown Ministries,2025-04,254.0,-12.0,-0.045112781954887216
Downtown Ministries,2025-05,65.0,-189.0,-0.7440944881889764
Downtown Ministries,2025-06,182.0,117.0,1.8
EADC dba New Dawn,2022-07,0.0,0.0,
EADC dba New Dawn,2022-08,0.0,0.0,0.0
EADC dba New Dawn,2022-09,0.0,0.0,0.0
EADC dba New Dawn,2022-10,0.0,0.0,0.0
EADC dba New Dawn,2022-11,0.0,0.0,0.0
EADC dba New Dawn,2022-12,0.0,0.0,0.0
EADC dba New Dawn,2023-01,0.0,0.0,0.0
EADC dba New Dawn,2023-02,0.0,0.0,0.0
EADC dba New Dawn,2023-03,0.0,0.0,0.0
EADC dba New Dawn,2023-04,0.0,0.0,0.0
EADC dba New Dawn,2023-05,0.0,0.0,0.0
EADC dba New Dawn,2023-06,0.0,0.0,0.0
EADC dba New Dawn,2023-07,0.0,0.0,0.0
EADC dba New Dawn,2023-08,0.0,0.0,0.0
EADC dba New Dawn,2023-09,0.0,0.0,0.0
EADC dba New Dawn,2023-10,96.0,96.0,inf
EADC dba New Dawn,2023-11,1693.0,1597.0,16.635416666666668
EADC dba New Dawn,2023-12,146.0,-1547.0,-0.9137625516834023
EADC dba New Dawn,2024-01,0.0,-146.0,-1.0
EADC dba New Dawn,2024-02,0.0,0.0,0.0
EADC dba New Dawn,2024-03,0.0,0.0,0.0
EADC dba New Dawn,2024-04,0.0,0.0,0.0
EADC dba New Dawn,2024-05,0.0,0.0,0.0
EADC dba New Dawn,2024-06,0.0,0.0,0.0
EADC dba New Dawn,2024-07,0.0,0.0,0.0
EADC dba New Dawn,2024-08,0.0,0.0,0.0
EADC dba New Dawn,2024-09,0.0,0.0,0.0
EADC dba New Dawn,2024-10,0.0,0.0,0.0
EADC dba New Dawn,2024-11,0.0,0.0,0.0
EADC dba New Dawn,2024-12,0.0,0.0,0.0
EADC dba New Dawn,2025-01,0.0,0.0,0.0
EADC dba New Dawn,2025-02,0.0,0.0,0.0
EADC dba New Dawn,2025-03,0.0,0.0,0.0
EADC dba New Dawn,2025-04,0.0,0.0,0.0
EADC dba New Dawn,2025-05,0.0,0.0,0.0
EADC dba New Dawn,2025-06,0.0,0.0,0.0
East Athens Development Corp.,2022-07,491.0,0.0,
East Athens Development Corp.,2022-08,1678.0,1187.0,2.4175152749490834
East Athens Development Corp.,2022-09,1653.0,-25.0,-0.014898688915375448
East Athens Development Corp.,2022-10,477.0,-1176.0,-0.7114337568058077
East Athens Development Corp.,2022-11,0.0,-477.0,-1.0
East Athens Development Corp.,2022-12,0.0,0.0,0.0
East Athens Development Corp.,2023-01,0.0,0.0,0.0
East Athens Development Corp.,2023-02,0.0,0.0,0.0
East Athens Development Corp.,2023-03,0.0,0.0,0.0
East Athens Development Corp.,2023-04,775.0,775.0,inf
East Athens Development Corp.,2023-05,0.0,-775.0,-1.0
East Athens Development Corp.,2023-06,0.0,0.0,0.0
East Athens Development Corp.,2023-07,370.0,370.0,inf
East Athens Development Corp.,2023-08,274.0,-96.0,-0.2594594594594595
East Athens Development Corp.,2023-09,134.0,-140.0,-0.5109489051094891
East Athens Development Corp.,2023-10,0.0,-134.0,-1.0
East Athens Development Corp.,2023-11,289.0,289.0,inf
East Athens Development Corp.,2023-12,0.0,-289.0,-1.0
East Athens Development Corp.,2024-01,296.0,296.0,inf
East Athens Development Corp.,2024-02,0.0,-296.0,-1.0
East Athens Development Corp.,2024-03,0.0,0.0,0.0
East Athens Development Corp.,2024-04,0.0,0.0,0.0
East Athens Development Corp.,2024-05,0.0,0.0,0.0
East Athens Development Corp.,2024-06,0.0,0.0,0.0
East Athens Development Corp.,2024-07,0.0,0.0,0.0
East Athens Development Corp.,2024-08,12959.0,12959.0,inf
East Athens Development Corp.,2024-09,11890.0,-1069.0,-0.08249093294235667
East Athens Development Corp.,2024-10,12121.0,231.0,0.019428090832632465
East Athens Development Corp.,2024-11,11809.0,-312.0,-0.025740450457883014
East Athens Development Corp.,2024-12,11986.0,177.0,0.014988568041324413
East Athens Development Corp.,2025-01,0.0,-11986.0,-1.0
East Athens Development Corp.,2025-02,12428.0,12428.0,inf
East Athens Development Corp.,2025-03,7860.0,-4568.0,-0.3675571290634052
East Athens Development Corp.,2025-04,12426.0,4566.0,0.5809160305343511
East Athens Development Corp.,2025-05,11739.0,-687.0,-0.05528730082085949
East Athens Development Corp.,2025-06,29584.0,17845.0,1.52014652014652
F2K360 CLARKE,2022-07,0.0,0.0,
F2K360 CLARKE,2022-08,0.0,0.0,0.0
F2K360 CLARKE,2022-09,0.0,0.0,0.0
F2K360 CLARKE,2022-10,0.0,0.0,0.0
F2K360 CLARKE,2022-11,0.0,0.0,0.0
F2K360 CLARKE,2022-12,0.0,0.0,0.0
F2K360 CLARKE,2023-01,0.0,0.0,0.0
F2K360 CLARKE,2023-02,0.0,0.0,0.0
F2K360 CLARKE,2023-03,0.0,0.0,0.0
F2K360 CLARKE,2023-04,0.0,0.0,0.0
F2K360 CLARKE,2023-05,0.0,0.0,0.0
F2K360 CLARKE,2023-06,0.0,0.0,0.0
F2K360 CLARKE,2023-07,0.0,0.0,0.0
F2K360 CLARKE,2023-08,0.0,0.0,0.0
F2K360 CLARKE,2023-09,36.0,36.0,inf
F2K360 CLARKE,2023-10,1552.0,1516.0,42.111111111111114
F2K360 CLARKE,2023-11,0.0,-1552.0,-1.0
F2K360 CLARKE,2023-12,10194.0,10194.0,inf
F2K360 CLARKE,2024-01,0.0,-10194.0,-1.0
F2K360 CLARKE,2024-02,0.0,0.0,0.0
F2K360 CLARKE,2024-03,0.0,0.0,0.0
F2K360 CLARKE,2024-04,0.0,0.0,0.0
F2K360 CLARKE,2024-05,0.0,0.0,0.0
F2K360 CLARKE,2024-06,0.0,0.0,0.0
F2K360 CLARKE,2024-07,0.0,0.0,0.0
F2K360 CLARKE,2024-08,0.0,0.0,0.0
F2K360 CLARKE,2024-09,0.0,0.0,0.0
F2K360 CLARKE,2024-10,0.0,0.0,0.0
F2K360 CLARKE,2024-11,0.0,0.0,0.0
F2K360 CLARKE,2024-12,0.0,0.0,0.0
F2K360 CLARKE,2025-01,0.0,0.0,0.0
F2K360 CLARKE,2025-02,0.0,0.0,0.0
F2K360 CLARKE,2025-03,0.0,0.0,0.0
F2K360 CLARKE,2025-04,0.0,0.0,0.0
F2K360 CLARKE,2025-05,0.0,0.0,0.0
F2K360 CLARKE,2025-06,0.0,0.0,0.0
FOOD BANK OF NEGA,2022-07,11683.0,0.0,
FOOD BANK OF NEGA,2022-08,10483.0,-1200.0,-0.10271334417529744
FOOD BANK OF NEGA,2022-09,9177.0,-1306.0,-0.12458265763617285
FOOD BANK OF NEGA,2022-10,25511.0,16334.0,1.7798844938433038
FOOD BANK OF NEGA,2022-11,13753.0,-11758.0,-0.46089921994433775
FOOD BANK OF NEGA,2022-12,57164.0,43411.0,3.156474950919799
FOOD BANK OF NEGA,2023-01,60734.0,3570.0,0.06245189279966412
FOOD BANK OF NEGA,2023-02,11794.0,-48940.0,-0.8058089373332894
FOOD BANK OF NEGA,2023-03,23432.0,11638.0,0.9867729353908767
FOOD BANK OF NEGA,2023-04,6803.0,-16629.0,-0.7096705360191191
FOOD BANK OF NEGA,2023-05,4355.0,-2448.0,-0.35984124650889315
FOOD BANK OF NEGA,2023-06,22428.0,18073.0,4.1499425947187145
FOOD BANK OF NEGA,2023-07,270.0,-22158.0,-0.9879614767255217
FOOD BANK OF NEGA,2023-08,22689.0,22419.0,83.03333333333333
FOOD BANK OF NEGA,2023-09,45188.0,22499.0,0.9916258980122526
FOOD BANK OF NEGA,2023-10,38811.0,-6377.0,-0.14112153669115696
FOOD BANK OF NEGA,2023-11,78129.0,39318.0,1.0130633067944654
FOOD BANK OF NEGA,2023-12,83544.0,5415.0,0.06930845140728795
FOOD BANK OF NEGA,2024-01,28348.0,-55196.0,-0.6606817964186537
FOOD BANK OF NEGA,2024-02,22524.0,-5824.0,-0.20544659235219415
FOOD BANK OF NEGA,2024-03,60484.0,37960.0,1.6853134434381105
FOOD BANK OF NEGA,2024-04,8847.0,-51637.0,-0.8537299120428543
FOOD BANK OF NEGA,2024-05,1319.0,-7528.0,-0.8509099129648469
FOOD BANK OF NEGA,2024-06,10603.0,9284.0,7.038665655799848
FOOD BANK OF NEGA,2024-07,22648.0,12045.0,1.1359992454965575
FOOD BANK OF NEGA,2024-08,42735.0,20087.0,0.8869215824796891
FOOD BANK OF NEGA,2024-09,12958.0,-29777.0,-0.6967824967824968
FOOD BANK OF NEGA,2024-10,23748.0,10790.0,0.8326902299737614
FOOD BANK OF NEGA,2024-11,60112.0,36364.0,1.5312447363988546
FOOD BANK OF NEGA,2024-12,20728.0,-39384.0,-0.655177002927868
FOOD BANK OF NEGA,2025-01,3574.0,-17154.0,-0.8275762253956002
FOOD BANK OF NEGA,2025-02,36221.0,32647.0,9.134583100167879
FOOD BANK OF NEGA,2025-03,100746.0,64525.0,1.7814251401120897
FOOD BANK OF NEGA,2025-04,17968.0,-82778.0,-0.8216504873642626
FOOD BANK OF NEGA,2025-05,3402.0,-14566.0,-0.8106634016028496
FOOD BANK OF NEGA,2025-06,38040.8,34638.8,10.181893004115228
FOOD BANK OF NORTHEAST GEORGIA,2022-07,0.0,0.0,
FOOD BANK OF NORTHEAST GEORGIA,2022-08,0.0,0.0,0.0
FOOD BANK OF NORTHEAST GEORGIA,2022-09,0.0,0.0,0.0
FOOD BANK OF NORTHEAST GEORGIA,2022-10,0.0,0.0,0.0
FOOD BANK OF NORTHEAST GEORGIA,2022-11,0.0,0.0,0.0
FOOD BANK OF NORTHEAST GEORGIA,2022-12,0.0,0.0,0.0
FOOD BANK OF NORTHEAST GEORGIA,2023-01,0.0,0.0,0.0
FOOD BANK OF NORTHEAST GEORGIA,2023-02,0.0,0.0,0.0
FOOD BANK OF NORTHEAST GEORGIA,2023-03,0.0,0.0,0.0
FOOD BANK OF NORTHEAST GEORGIA,2023-04,0.0,0.0,0.0
FOOD BANK OF NORTHEAST GEORGIA,2023-05,0.0,0.0,0.0
FOOD BANK OF NORTHEAST GEORGIA,2023-06,0.0,0.0,0.0
FOOD BANK OF NORTHEAST GEORGIA,2023-07,0.0,0.0,0.0
FOOD BANK OF NORTHEAST GEORGIA,2023-08,0.0,0.0,0.0
FOOD BANK OF NORTHEAST GEORGIA,2023-09,0.0,0.0,0.0
FOOD BANK OF NORTHEAST GEORGIA,2023-10,0.0,0.0,0.0
FOOD BANK OF NORTHEAST GEORGIA,2023-11,0.0,0.0,0.0
FOOD BANK OF NORTHEAST GEORGIA,2023-12,0.0,0.0,0.0
FOOD BANK OF NORTHEAST GEORGIA,2024-01,0.0,0.0,0.0
FOOD BANK OF NORTHEAST GEORGIA,2024-02,0.0,0.0,0.0
FOOD BANK OF NORTHEAST GEORGIA,2024-03,0.0,0.0,0.0
FOOD BANK OF NORTHEAST GEORGIA,2024-04,0.0,0.0,0.0
FOOD BANK OF NORTHEAST GEORGIA,2024-05,0.0,0.0,0.0
FOOD BANK OF NORTHEAST GEORGIA,2024-06,0.0,0.0,0.0
FOOD BANK OF NORTHEAST GEORGIA,2024-07,0.0,0.0,0.0
FOOD BANK OF NORTHEAST GEORGIA,2024-08,2746.0,2746.0,inf
FOOD BANK OF NORTHEAST GEORGIA,2024-09,0.0,-2746.0,-1.0
FOOD BANK OF NORTHEAST GEORGIA,2024-10,0.0,0.0,0.0
FOOD BANK OF NORTHEAST GEORGIA,2024-11,0.0,0.0,0.0
FOOD BANK OF NORTHEAST GEORGIA,2024-12,0.0,0.0,0.0
FOOD BANK OF NORTHEAST GEORGIA,2025-01,0.0,0.0,0.0
FOOD BANK OF NORTHEAST GEORGIA,2025-02,0.0,0.0,0.0
FOOD BANK OF NORTHEAST GEORGIA,2025-03,0.0,0.0,0.0
FOOD BANK OF NORTHEAST GEORGIA,2025-04,0.0,0.0,0.0
FOOD BANK OF NORTHEAST GEORGIA,2025-05,0.0,0.0,0.0
FOOD BANK OF NORTHEAST GEORGIA,2025-06,0.0,0.0,0.0
Faith Today Ministries,2022-07,624.0,0.0,
Faith Today Ministries,2022-08,988.0,364.0,0.5833333333333334
Faith Today Ministries,2022-09,1062.0,74.0,0.07489878542510121
Faith Today Ministries,2022-10,914.0,-148.0,-0.1393596986817326
Faith Today Ministries,2022-11,616.0,-298.0,-0.32603938730853393
Faith Today Ministries,2022-12,712.0,96.0,0.15584415584415584
Faith Today Ministries,2023-01,783.0,71.0,0.0997191011235955
Faith Today Ministries,2023-02,911.0,128.0,0.16347381864623245
Faith Today Ministries,2023-03,765.0,-146.0,-0.1602634467618002
Faith Today Ministries,2023-04,435.0,-330.0,-0.43137254901960786
Faith Today Ministries,2023-05,699.0,264.0,0.6068965517241379
Faith Today Ministries,2023-06,831.0,132.0,0.1888412017167382
Faith Today Ministries,2023-07,986.0,155.0,0.1865222623345367
Faith Today Ministries,2023-08,760.0,-226.0,-0.22920892494929007
Faith Today Ministries,2023-09,841.0,81.0,0.10657894736842105
Faith Today Ministries,2023-10,1049.0,208.0,0.2473246135552913
Faith Today Ministries,2023-11,704.0,-345.0,-0.328884652049571
Faith Today Ministries,2023-12,889.0,185.0,0.2627840909090909
Faith Today Ministries,2024-01,907.0,18.0,0.020247469066366704
Faith Today Ministries,2024-02,686.0,-221.0,-0.24366041896361632
Faith Today Ministries,2024-03,514.0,-172.0,-0.25072886297376096
Faith Today Ministries,2024-04,363.0,-151.0,-0.29377431906614787
Faith Today Ministries,2024-05,1559.0,1196.0,3.2947658402203857
Faith Today Ministries,2024-06,432.0,-1127.0,-0.7228992944194996
Faith Today Ministries,2024-07,309.0,-123.0,-0.2847222222222222
Faith Today Ministries,2024-08,779.0,470.0,1.5210355987055015
Faith Today Ministries,2024-09,664.0,-115.0,-0.14762516046213095
Faith Today Ministries,2024-10,619.0,-45.0,-0.0677710843373494
Faith Today Ministries,2024-11,982.0,363.0,0.5864297253634895
Faith Today Ministries,2024-12,708.0,-274.0,-0.2790224032586558
Faith Today Ministries,2025-01,418.0,-290.0,-0.4096045197740113
Faith Today Ministries,2025-02,603.0,185.0,0.44258373205741625
Faith Today Ministries,2025-03,419.0,-184.0,-0.30514096185737977
Faith Today Ministries,2025-04,791.0,372.0,0.8878281622911695
Faith Today Ministries,2025-05,833.0,42.0,0.05309734513274336
Faith Today Ministries,2025-06,700.0,-133.0,-0.15966386554621848
Family Counseling Service,2022-07,2585.0,0.0,
Family Counseling Service,2022-08,3803.0,1218.0,0.47117988394584137
Family Counseling Service,2022-09,3127.0,-676.0,-0.17775440441756507
Family Counseling Service,2022-10,3097.0,-30.0,-0.009593859929645027
Family Counseling Service,2022-11,3814.0,717.0,0.23151436874394576
Family Counseling Service,2022-12,2374.5,-1439.5,-0.3774252753015207
Family Counseling Service,2023-01,2021.0,-353.5,-0.14887344704148242
Family Counseling Service,2023-02,1846.0,-175.0,-0.08659079663532905
Family Counseling Service,2023-03,3580.0,1734.0,0.9393282773564464
Family Counseling Service,2023-04,2028.0,-1552.0,-0.4335195530726257
Family Counseling Service,2023-05,2077.0,49.0,0.024161735700197237
Family Counseling Service,2023-06,4015.0,1938.0,0.9330765527202696
Family Counseling Service,2023-07,2246.0,-1769.0,-0.4405977584059776
Family Counseling Service,2023-08,4752.0,2506.0,1.1157613535173643
Family Counseling Service,2023-09,3821.0,-931.0,-0.1959175084175084
Family Counseling Service,2023-10,3286.0,-535.0,-0.1400157026956294
Family Counseling Service,2023-11,2123.0,-1163.0,-0.35392574558734025
Family Counseling Service,2023-12,1903.0,-220.0,-0.10362694300518134
Family Counseling Service,2024-01,2009.0,106.0,0.05570152390961639
Family Counseling Service,2024-02,1807.0,-202.0,-0.10054753608760578
Family Counseling Service,2024-03,2287.0,480.0,0.26563364692861097
Family Counseling Service,2024-04,2110.0,-177.0,-0.07739396589418453
Family Counseling Service,2024-05,2517.0,407.0,0.1928909952606635
Family Counseling Service,2024-06,1331.09,-1185.91,-0.47116011124354396
Family Counseling Service,2024-07,1928.0,596.9100000000001,0.448436995244499
Family Counseling Service,2024-08,2910.0,982.0,0.5093360995850622
Family Counseling Service,2024-09,1900.0,-1010.0,-0.3470790378006873
Family Counseling Service,2024-10,1669.0,-231.0,-0.12157894736842105
Family Counseling Service,2024-11,2001.0,332.0,0.19892150988615936
Family Counseling Service,2024-12,1778.0,-223.0,-0.11144427786106946
Family Counseling Service,2025-01,1825.0,47.0,0.026434195725534307
Family Counseling Service,2025-02,1383.0,-442.0,-0.2421917808219178
Family Counseling Service,2025-03,3389.0,2006.0,1.450469992769342
Family Counseling Service,2025-04,1776.0,-1613.0,-0.4759516081439953
Family Counseling Service,2025-05,3566.0,1790.0,1.007882882882883
Family Counseling Service,2025-06,1922.0,-1644.0,-0.46102075154234434
Family Promise Athens,2022-07,0.0,0.0,
Family Promise Athens,2022-08,0.0,0.0,0.0
Family Promise Athens,2022-09,0.0,0.0,0.0
Family Promise Athens,2022-10,0.0,0.0,0.0
Family Promise Athens,2022-11,0.0,0.0,0.0
Family Promise Athens,2022-12,0.0,0.0,0.0
Family Promise Athens,2023-01,0.0,0.0,0.0
Family Promise Athens,2023-02,0.0,0.0,0.0
Family Promise Athens,2023-03,0.0,0.0,0.0
Family Promise Athens,2023-04,0.0,0.0,0.0
Family Promise Athens,2023-05,0.0,0.0,0.0
Family Promise Athens,2023-06,0.0,0.0,0.0
Family Promise Athens,2023-07,0.0,0.0,0.0
Family Promise Athens,2023-08,0.0,0.0,0.0
Family Promise Athens,2023-09,0.0,0.0,0.0
Family Promise Athens,2023-10,0.0,0.0,0.0
Family Promise Athens,2023-11,0.0,0.0,0.0
Family Promise Athens,2023-12,0.0,0.0,0.0
Family Promise Athens,2024-01,0.0,0.0,0.0
Family Promise Athens,2024-02,0.0,0.0,0.0
Family Promise Athens,2024-03,0.0,0.0,0.0
Family Promise Athens,2024-04,0.0,0.0,0.0
Family Promise Athens,2024-05,0.0,0.0,0.0
Family Promise Athens,2024-06,0.0,0.0,0.0
Family Promise Athens,2024-07,0.0,0.0,0.0
Family Promise Athens,2024-08,0.0,0.0,0.0
Family Promise Athens,2024-09,0.0,0.0,0.0
Family Promise Athens,2024-10,0.0,0.0,0.0
Family Promise Athens,2024-11,0.0,0.0,0.0
Family Promise Athens,2024-12,0.0,0.0,0.0
Family Promise Athens,2025-01,0.0,0.0,0.0
Family Promise Athens,2025-02,0.0,0.0,0.0
Family Promise Athens,2025-03,0.0,0.0,0.0
Family Promise Athens,2025-04,0.0,0.0,0.0
Family Promise Athens,2025-05,216.0,216.0,inf
Family Promise Athens,2025-06,263.0,47.0,0.2175925925925926
Farm to Neighborhood,2022-07,0.0,0.0,
Farm to Neighborhood,2022-08,0.0,0.0,0.0
Farm to Neighborhood,2022-09,0.0,0.0,0.0
Farm to Neighborhood,2022-10,0.0,0.0,0.0
Farm to Neighborhood,2022-11,0.0,0.0,0.0
Farm to Neighborhood,2022-12,0.0,0.0,0.0
Farm to Neighborhood,2023-01,0.0,0.0,0.0
Farm to Neighborhood,2023-02,0.0,0.0,0.0
Farm to Neighborhood,2023-03,0.0,0.0,0.0
Farm to Neighborhood,2023-04,0.0,0.0,0.0
Farm to Neighborhood,2023-05,0.0,0.0,0.0
Farm to Neighborhood,2023-06,0.0,0.0,0.0
Farm to Neighborhood,2023-07,0.0,0.0,0.0
Farm to Neighborhood,2023-08,0.0,0.0,0.0
Farm to Neighborhood,2023-09,0.0,0.0,0.0
Farm to Neighborhood,2023-10,0.0,0.0,0.0
Farm to Neighborhood,2023-11,0.0,0.0,0.0
Farm to Neighborhood,2023-12,0.0,0.0,0.0
Farm to Neighborhood,2024-01,3650.0,3650.0,inf
Farm to Neighborhood,2024-02,0.0,-3650.0,-1.0
Farm to Neighborhood,2024-03,13692.0,13692.0,inf
Farm to Neighborhood,2024-04,24945.0,11253.0,0.8218667835232253
Farm to Neighborhood,2024-05,48763.0,23818.0,0.9548206053317299
Farm to Neighborhood,2024-06,40615.0,-8148.0,-0.1670939031642844
Farm to Neighborhood,2024-07,38229.0,-2386.0,-0.05874676843530715
Farm to Neighborhood,2024-08,48813.0,10584.0,0.2768578827591619
Farm to Neighborhood,2024-09,31525.0,-17288.0,-0.3541679470632823
Farm to Neighborhood,2024-10,56767.0,25242.0,0.8006978588421887
Farm to Neighborhood,2024-11,45180.0,-11587.0,-0.20411506685222047
Farm to Neighborhood,2024-12,1657.0,-43523.0,-0.9633244798583444
Farm to Neighborhood,2025-01,53495.0,51838.0,31.28424864212432
Farm to Neighborhood,2025-02,72193.0,18698.0,0.34952799327039913
Farm to Neighborhood,2025-03,61397.0,-10796.0,-0.14954358455805963
Farm to Neighborhood,2025-04,38965.0,-22432.0,-0.3653598710034692
Farm to Neighborhood,2025-05,97254.0,58289.0,1.495932246888233
Farm to Neighborhood,2025-06,106752.0,9498.0,0.0976617928311432
"Feed My Sheep, LTD",2022-07,4706.0,0.0,
"Feed My Sheep, LTD",2022-08,3263.0,-1443.0,-0.30662983425414364
"Feed My Sheep, LTD",2022-09,2073.0,-1190.0,-0.364695065890285
"Feed My Sheep, LTD",2022-10,3013.0,940.0,0.4534491075735649
"Feed My Sheep, LTD",2022-11,2974.0,-39.0,-0.01294390972452705
"Feed My Sheep, LTD",2022-12,13410.0,10436.0,3.5090786819098856
"Feed My Sheep, LTD",2023-01,4744.0,-8666.0,-0.646234153616704
"Feed My Sheep, LTD",2023-02,1989.0,-2755.0,-0.5807335581787522
"Feed My Sheep, LTD",2023-03,2421.0,432.0,0.2171945701357466
"Feed My Sheep, LTD",2023-04,1710.0,-711.0,-0.2936802973977695
"Feed My Sheep, LTD",2023-05,2777.0,1067.0,0.6239766081871345
"Feed My Sheep, LTD",2023-06,3540.0,763.0,0.27475693194094347
"Feed My Sheep, LTD",2023-07,1950.0,-1590.0,-0.4491525423728814
"Feed My Sheep, LTD",2023-08,3654.0,1704.0,0.8738461538461538
"Feed My Sheep, LTD",2023-09,3799.0,145.0,0.03968253968253968
"Feed My Sheep, LTD",2023-10,2916.0,-883.0,-0.23242958673335087
"Feed My Sheep, LTD",2023-11,2393.0,-523.0,-0.17935528120713307
"Feed My Sheep, LTD",2023-12,2602.0,209.0,0.0873380693689929
"Feed My Sheep, LTD",2024-01,4232.0,1630.0,0.6264411990776326
"Feed My Sheep, LTD",2024-02,4040.0,-192.0,-0.045368620037807186
"Feed My Sheep, LTD",2024-03,2955.0,-1085.0,-0.2685643564356436
"Feed My Sheep, LTD",2024-04,4805.0,1850.0,0.626057529610829
"Feed My Sheep, LTD",2024-05,2140.0,-2665.0,-0.554630593132154
"Feed My Sheep, LTD",2024-06,597.18,-1542.8200000000002,-0.7209439252336449
"Feed My Sheep, LTD",2024-07,5901.0,5303.82,8.881442781071033
"Feed My Sheep, LTD",2024-08,5068.0,-833.0,-0.14116251482799524
"Feed My Sheep, LTD",2024-09,1821.0,-3247.0,-0.6406866614048935
"Feed My Sheep, LTD",2024-10,6358.0,4537.0,2.4914881933003845
"Feed My Sheep, LTD",2024-11,2013.0,-4345.0,-0.6833910034602076
"Feed My Sheep, LTD",2024-12,1921.0,-92.0,-0.04570293094883259
"Feed My Sheep, LTD",2025-01,1633.0,-288.0,-0.14992191566892243
"Feed My Sheep, LTD",2025-02,4650.0,3017.0,1.8475199020208206
"Feed My Sheep, LTD",2025-03,7076.0,2426.0,0.5217204301075269
"Feed My Sheep, LTD",2025-04,1587.0,-5489.0,-0.7757207461842849
"Feed My Sheep, LTD",2025-05,1635.0,48.0,0.030245746691871456
"Feed My Sheep, LTD",2025-06,1462.16,-172.83999999999992,-0.10571253822629964
First AME Church of Athens,2022-07,2594.0,0.0,
First AME Church of Athens,2022-08,4706.0,2112.0,0.8141865844255975
First AME Church of Athens,2022-09,3715.0,-991.0,-0.2105822354441139
First AME Church of Athens,2022-10,4273.0,558.0,0.15020188425302827
First AME Church of Athens,2022-11,3266.0,-1007.0,-0.23566580856541072
First AME Church of Athens,2022-12,1087.0,-2179.0,-0.6671769748928352
First AME Church of Athens,2023-01,1518.0,431.0,0.39650413983440663
First AME Church of Athens,2023-02,4104.0,2586.0,1.7035573122529644
First AME Church of Athens,2023-03,4345.0,241.0,0.058723196881091615
First AME Church of Athens,2023-04,3399.0,-946.0,-0.21772151898734177
First AME Church of Athens,2023-05,4104.0,705.0,0.20741394527802295
First AME Church of Athens,2023-06,3258.0,-846.0,-0.20614035087719298
First AME Church of Athens,2023-07,4142.0,884.0,0.2713321055862492
First AME Church of Athens,2023-08,4492.0,350.0,0.08450024142926123
First AME Church of Athens,2023-09,3170.0,-1322.0,-0.29430097951914513
First AME Church of Athens,2023-10,5172.0,2002.0,0.6315457413249211
First AME Church of Athens,2023-11,3614.0,-1558.0,-0.30123743232791955
First AME Church of Athens,2023-12,2425.0,-1189.0,-0.3289983397897067
First AME Church of Athens,2024-01,3137.0,712.0,0.29360824742268044
First AME Church of Athens,2024-02,4137.0,1000.0,0.318775900541919
First AME Church of Athens,2024-03,3948.0,-189.0,-0.04568527918781726
First AME Church of Athens,2024-04,1384.0,-2564.0,-0.6494427558257345
First AME Church of Athens,2024-05,3544.0,2160.0,1.560693641618497
First AME Church of Athens,2024-06,1795.0,-1749.0,-0.49351015801354403
First AME Church of Athens,2024-07,3043.0,1248.0,0.6952646239554318
First AME Church of Athens,2024-08,5315.0,2272.0,0.7466316135392704
First AME Church of Athens,2024-09,4441.0,-874.0,-0.16444026340545626
First AME Church of Athens,2024-10,4969.0,528.0,0.11889214140959244
First AME Church of Athens,2024-11,3024.0,-1945.0,-0.3914268464479775
First AME Church of Athens,2024-12,3196.0,172.0,0.056878306878306875
First AME Church of Athens,2025-01,3509.0,313.0,0.09793491864831039
First AME Church of Athens,2025-02,4416.0,907.0,0.2584781989170704
First AME Church of Athens,2025-03,4734.0,318.0,0.07201086956521739
First AME Church of Athens,2025-04,5042.0,308.0,0.06506125897760878
First AME Church of Athens,2025-05,5195.0,153.0,0.03034510115033717
First AME Church of Athens,2025-06,5107.0,-88.0,-0.01693936477382098
First Baptist Church of Athens,2022-07,0.0,0.0,
First Baptist Church of Athens,2022-08,0.0,0.0,0.0
First Baptist Church of Athens,2022-09,0.0,0.0,0.0
First Baptist Church of Athens,2022-10,0.0,0.0,0.0
First Baptist Church of Athens,2022-11,0.0,0.0,0.0
First Baptist Church of Athens,2022-12,0.0,0.0,0.0
First Baptist Church of Athens,2023-01,0.0,0.0,0.0
First Baptist Church of Athens,2023-02,0.0,0.0,0.0
First Baptist Church of Athens,2023-03,0.0,0.0,0.0
First Baptist Church of Athens,2023-04,0.0,0.0,0.0
First Baptist Church of Athens,2023-05,0.0,0.0,0.0
First Baptist Church of Athens,2023-06,0.0,0.0,0.0
First Baptist Church of Athens,2023-07,0.0,0.0,0.0
First Baptist Church of Athens,2023-08,0.0,0.0,0.0
First Baptist Church of Athens,2023-09,0.0,0.0,0.0
First Baptist Church of Athens,2023-10,0.0,0.0,0.0
First Baptist Church of Athens,2023-11,0.0,0.0,0.0
First Baptist Church of Athens,2023-12,0.0,0.0,0.0
First Baptist Church of Athens,2024-01,0.0,0.0,0.0
First Baptist Church of Athens,2024-02,0.0,0.0,0.0
First Baptist Church of Athens,2024-03,0.0,0.0,0.0
First Baptist Church of Athens,2024-04,0.0,0.0,0.0
First Baptist Church of Athens,2024-05,0.0,0.0,0.0
First Baptist Church of Athens,2024-06,0.0,0.0,0.0
First Baptist Church of Athens,2024-07,0.0,0.0,0.0
First Baptist Church of Athens,2024-08,0.0,0.0,0.0
First Baptist Church of Athens,2024-09,0.0,0.0,0.0
First Baptist Church of Athens,2024-10,0.0,0.0,0.0
First Baptist Church of Athens,2024-11,0.0,0.0,0.0
First Baptist Church of Athens,2024-12,0.0,0.0,0.0
First Baptist Church of Athens,2025-01,0.0,0.0,0.0
First Baptist Church of Athens,2025-02,0.0,0.0,0.0
First Baptist Church of Athens,2025-03,0.0,0.0,0.0
First Baptist Church of Athens,2025-04,0.0,0.0,0.0
First Baptist Church of Athens,2025-05,0.0,0.0,0.0
First Baptist Church of Athens,2025-06,139.0,139.0,inf
First United Methodist Church,2022-07,0.0,0.0,
First United Methodist Church,2022-08,503.0,503.0,inf
First United Methodist Church,2022-09,99.0,-404.0,-0.8031809145129225
First United Methodist Church,2022-10,81.0,-18.0,-0.18181818181818182
First United Methodist Church,2022-11,0.0,-81.0,-1.0
First United Methodist Church,2022-12,0.0,0.0,0.0
First United Methodist Church,2023-01,0.0,0.0,0.0
First United Methodist Church,2023-02,0.0,0.0,0.0
First United Methodist Church,2023-03,0.0,0.0,0.0
First United Methodist Church,2023-04,0.0,0.0,0.0
First United Methodist Church,2023-05,0.0,0.0,0.0
First United Methodist Church,2023-06,0.0,0.0,0.0
First United Methodist Church,2023-07,0.0,0.0,0.0
First United Methodist Church,2023-08,516.0,516.0,inf
First United Methodist Church,2023-09,0.0,-516.0,-1.0
First United Methodist Church,2023-10,595.0,595.0,inf
First United Methodist Church,2023-11,0.0,-595.0,-1.0
First United Methodist Church,2023-12,0.0,0.0,0.0
First United Methodist Church,2024-01,0.0,0.0,0.0
First United Methodist Church,2024-02,0.0,0.0,0.0
First United Methodist Church,2024-03,0.0,0.0,0.0
First United Methodist Church,2024-04,0.0,0.0,0.0
First United Methodist Church,2024-05,0.0,0.0,0.0
First United Methodist Church,2024-06,0.0,0.0,0.0
First United Methodist Church,2024-07,0.0,0.0,0.0
First United Methodist Church,2024-08,0.0,0.0,0.0
First United Methodist Church,2024-09,0.0,0.0,0.0
First United Methodist Church,2024-10,0.0,0.0,0.0
First United Methodist Church,2024-11,0.0,0.0,0.0
First United Methodist Church,2024-12,0.0,0.0,0.0
First United Methodist Church,2025-01,0.0,0.0,0.0
First United Methodist Church,2025-02,0.0,0.0,0.0
First United Methodist Church,2025-03,0.0,0.0,0.0
First United Methodist Church,2025-04,0.0,0.0,0.0
First United Methodist Church,2025-05,0.0,0.0,0.0
First United Methodist Church,2025-06,0.0,0.0,0.0
Food 2 Kids Clarke County,2022-07,0.0,0.0,
Food 2 Kids Clarke County,2022-08,7200.0,7200.0,inf
Food 2 Kids Clarke County,2022-09,2965.0,-4235.0,-0.5881944444444445
Food 2 Kids Clarke County,2022-10,19305.0,16340.0,5.5109612141652615
Food 2 Kids Clarke County,2022-11,10127.0,-9178.0,-0.4754208754208754
Food 2 Kids Clarke County,2022-12,17465.0,7338.0,0.7245976103485732
Food 2 Kids Clarke County,2023-01,10868.0,-6597.0,-0.3777268823361008
Food 2 Kids Clarke County,2023-02,16414.0,5546.0,0.5103054839896946
Food 2 Kids Clarke County,2023-03,14768.0,-1646.0,-0.10028024856829536
Food 2 Kids Clarke County,2023-04,18425.0,3657.0,0.2476300108342362
Food 2 Kids Clarke County,2023-05,10595.0,-7830.0,-0.424966078697422
Food 2 Kids Clarke County,2023-06,15830.0,5235.0,0.49410099103350635
Food 2 Kids Clarke County,2023-07,177.0,-15653.0,-0.9888186986734049
Food 2 Kids Clarke County,2023-08,18543.0,18366.0,103.76271186440678
Food 2 Kids Clarke County,2023-09,32625.0,14082.0,0.7594240414172464
Food 2 Kids Clarke County,2023-10,3916.0,-28709.0,-0.8799693486590038
Food 2 Kids Clarke County,2023-11,13397.0,9481.0,2.4210929519918283
Food 2 Kids Clarke County,2023-12,90.0,-13307.0,-0.9932820780771815
Food 2 Kids Clarke County,2024-01,11947.0,11857.0,131.74444444444444
Food 2 Kids Clarke County,2024-02,11186.0,-761.0,-0.06369799949778188
Food 2 Kids Clarke County,2024-03,8127.0,-3059.0,-0.2734668335419274
Food 2 Kids Clarke County,2024-04,8209.0,82.0,0.010089824043312415
Food 2 Kids Clarke County,2024-05,7267.0,-942.0,-0.11475210135217444
Food 2 Kids Clarke County,2024-06,0.0,-7267.0,-1.0
Food 2 Kids Clarke County,2024-07,21691.0,21691.0,inf
Food 2 Kids Clarke County,2024-08,808.0,-20883.0,-0.9627495274537827
Food 2 Kids Clarke County,2024-09,0.0,-808.0,-1.0
Food 2 Kids Clarke County,2024-10,0.0,0.0,0.0
Food 2 Kids Clarke County,2024-11,600.0,600.0,inf
Food 2 Kids Clarke County,2024-12,0.0,-600.0,-1.0
Food 2 Kids Clarke County,2025-01,0.0,0.0,0.0
Food 2 Kids Clarke County,2025-02,0.0,0.0,0.0
Food 2 Kids Clarke County,2025-03,0.0,0.0,0.0
Food 2 Kids Clarke County,2025-04,0.0,0.0,0.0
Food 2 Kids Clarke County,2025-05,0.0,0.0,0.0
Food 2 Kids Clarke County,2025-06,0.0,0.0,0.0
Food Bank NEGA Senior Staples Program (Athens Warehouse),2022-07,2975.0,0.0,
Food Bank NEGA Senior Staples Program (Athens Warehouse),2022-08,8216.0,5241.0,1.7616806722689076
Food Bank NEGA Senior Staples Program (Athens Warehouse),2022-09,3924.0,-4292.0,-0.5223953261927945
Food Bank NEGA Senior Staples Program (Athens Warehouse),2022-10,6080.0,2156.0,0.5494393476044852
Food Bank NEGA Senior Staples Program (Athens Warehouse),2022-11,3160.0,-2920.0,-0.48026315789473684
Food Bank NEGA Senior Staples Program (Athens Warehouse),2022-12,3247.0,87.0,0.027531645569620254
Food Bank NEGA Senior Staples Program (Athens Warehouse),2023-01,6837.0,3590.0,1.1056359716661535
Food Bank NEGA Senior Staples Program (Athens Warehouse),2023-02,4758.0,-2079.0,-0.30408073716542344
Food Bank NEGA Senior Staples Program (Athens Warehouse),2023-03,0.0,-4758.0,-1.0
Food Bank NEGA Senior Staples Program (Athens Warehouse),2023-04,5581.0,5581.0,inf
Food Bank NEGA Senior Staples Program (Athens Warehouse),2023-05,5610.0,29.0,0.005196201397598996
Food Bank NEGA Senior Staples Program (Athens Warehouse),2023-06,6541.0,931.0,0.1659536541889483
Food Bank NEGA Senior Staples Program (Athens Warehouse),2023-07,6536.0,-5.0,-0.0007644091117566122
Food Bank NEGA Senior Staples Program (Athens Warehouse),2023-08,5584.0,-952.0,-0.1456548347613219
Food Bank NEGA Senior Staples Program (Athens Warehouse),2023-09,7640.0,2056.0,0.3681948424068768
Food Bank NEGA Senior Staples Program (Athens Warehouse),2023-10,11934.0,4294.0,0.5620418848167539
Food Bank NEGA Senior Staples Program (Athens Warehouse),2023-11,8546.0,-3388.0,-0.2838947544829898
Food Bank NEGA Senior Staples Program (Athens Warehouse),2023-12,10645.0,2099.0,0.24561198221390124
Food Bank NEGA Senior Staples Program (Athens Warehouse),2024-01,3486.0,-7159.0,-0.6725223109441052
Food Bank NEGA Senior Staples Program (Athens Warehouse),2024-02,0.0,-3486.0,-1.0
Food Bank NEGA Senior Staples Program (Athens Warehouse),2024-03,24468.0,24468.0,inf
Food Bank NEGA Senior Staples Program (Athens Warehouse),2024-04,0.0,-24468.0,-1.0
Food Bank NEGA Senior Staples Program (Athens Warehouse),2024-05,0.0,0.0,0.0
Food Bank NEGA Senior Staples Program (Athens Warehouse),2024-06,0.0,0.0,0.0
Food Bank NEGA Senior Staples Program (Athens Warehouse),2024-07,0.0,0.0,0.0
Food Bank NEGA Senior Staples Program (Athens Warehouse),2024-08,0.0,0.0,0.0
Food Bank NEGA Senior Staples Program (Athens Warehouse),2024-09,0.0,0.0,0.0
Food Bank NEGA Senior Staples Program (Athens Warehouse),2024-10,0.0,0.0,0.0
Food Bank NEGA Senior Staples Program (Athens Warehouse),2024-11,0.0,0.0,0.0
Food Bank NEGA Senior Staples Program (Athens Warehouse),2024-12,14661.0,14661.0,inf
Food Bank NEGA Senior Staples Program (Athens Warehouse),2025-01,0.0,-14661.0,-1.0
Food Bank NEGA Senior Staples Program (Athens Warehouse),2025-02,993.0,993.0,inf
Food Bank NEGA Senior Staples Program (Athens Warehouse),2025-03,0.0,-993.0,-1.0
Food Bank NEGA Senior Staples Program (Athens Warehouse),2025-04,0.0,0.0,0.0
Food Bank NEGA Senior Staples Program (Athens Warehouse),2025-05,0.0,0.0,0.0
Food Bank NEGA Senior Staples Program (Athens Warehouse),2025-06,0.0,0.0,0.0
Foothills (Clarke) Regional High School,2022-07,64.0,0.0,
Foothills (Clarke) Regional High School,2022-08,65.0,1.0,0.015625
Foothills (Clarke) Regional High School,2022-09,56.0,-9.0,-0.13846153846153847
Foothills (Clarke) Regional High School,2022-10,53.0,-3.0,-0.05357142857142857
Foothills (Clarke) Regional High School,2022-11,54.0,1.0,0.018867924528301886
Foothills (Clarke) Regional High School,2022-12,81.0,27.0,0.5
Foothills (Clarke) Regional High School,2023-01,413.0,332.0,4.098765432098766
Foothills (Clarke) Regional High School,2023-02,0.0,-413.0,-1.0
Foothills (Clarke) Regional High School,2023-03,0.0,0.0,0.0
Foothills (Clarke) Regional High School,2023-04,262.0,262.0,inf
Foothills (Clarke) Regional High School,2023-05,0.0,-262.0,-1.0
Foothills (Clarke) Regional High School,2023-06,38.0,38.0,inf
Foothills (Clarke) Regional High School,2023-07,82.0,44.0,1.1578947368421053
Foothills (Clarke) Regional High School,2023-08,63.0,-19.0,-0.23170731707317074
Foothills (Clarke) Regional High School,2023-09,83.0,20.0,0.31746031746031744
Foothills (Clarke) Regional High School,2023-10,172.0,89.0,1.072289156626506
Foothills (Clarke) Regional High School,2023-11,82.0,-90.0,-0.5232558139534884
Foothills (Clarke) Regional High School,2023-12,0.0,-82.0,-1.0
Foothills (Clarke) Regional High School,2024-01,0.0,0.0,0.0
Foothills (Clarke) Regional High School,2024-02,0.0,0.0,0.0
Foothills (Clarke) Regional High School,2024-03,0.0,0.0,0.0
Foothills (Clarke) Regional High School,2024-04,0.0,0.0,0.0
Foothills (Clarke) Regional High School,2024-05,0.0,0.0,0.0
Foothills (Clarke) Regional High School,2024-06,0.0,0.0,0.0
Foothills (Clarke) Regional High School,2024-07,0.0,0.0,0.0
Foothills (Clarke) Regional High School,2024-08,0.0,0.0,0.0
Foothills (Clarke) Regional High School,2024-09,0.0,0.0,0.0
Foothills (Clarke) Regional High School,2024-10,0.0,0.0,0.0
Foothills (Clarke) Regional High School,2024-11,0.0,0.0,0.0
Foothills (Clarke) Regional High School,2024-12,0.0,0.0,0.0
Foothills (Clarke) Regional High School,2025-01,0.0,0.0,0.0
Foothills (Clarke) Regional High School,2025-02,0.0,0.0,0.0
Foothills (Clarke) Regional High School,2025-03,0.0,0.0,0.0
Foothills (Clarke) Regional High School,2025-04,0.0,0.0,0.0
Foothills (Clarke) Regional High School,2025-05,0.0,0.0,0.0
Foothills (Clarke) Regional High School,2025-06,0.0,0.0,0.0
Fowler's Farmers Market,2022-07,0.0,0.0,
Fowler's Farmers Market,2022-08,0.0,0.0,0.0
Fowler's Farmers Market,2022-09,3380.0,3380.0,inf
Fowler's Farmers Market,2022-10,3754.0,374.0,0.11065088757396449
Fowler's Farmers Market,2022-11,4681.0,927.0,0.2469366009589771
Fowler's Farmers Market,2022-12,5162.0,481.0,0.10275582140568254
Fowler's Farmers Market,2023-01,8315.0,3153.0,0.6108097636574971
Fowler's Farmers Market,2023-02,1760.0,-6555.0,-0.788334335538184
Fowler's Farmers Market,2023-03,1651.0,-109.0,-0.061931818181818185
Fowler's Farmers Market,2023-04,2538.0,887.0,0.5372501514233797
Fowler's Farmers Market,2023-05,5041.0,2503.0,0.9862096138691884
Fowler's Farmers Market,2023-06,1705.0,-3336.0,-0.6617734576472922
Fowler's Farmers Market,2023-07,7282.0,5577.0,3.270967741935484
Fowler's Farmers Market,2023-08,8711.0,1429.0,0.19623729744575666
Fowler's Farmers Market,2023-09,4977.0,-3734.0,-0.4286534267018712
Fowler's Farmers Market,2023-10,6673.0,1696.0,0.34076753064094834
Fowler's Farmers Market,2023-11,14708.0,8035.0,1.2041060992057546
Fowler's Farmers Market,2023-12,11646.0,-3062.0,-0.20818602121294533
Fowler's Farmers Market,2024-01,17506.0,5860.0,0.5031770565000858
Fowler's Farmers Market,2024-02,13131.0,-4375.0,-0.24991431509196846
Fowler's Farmers Market,2024-03,12436.0,-695.0,-0.052928185210570404
Fowler's Farmers Market,2024-04,9804.0,-2632.0,-0.2116436153103892
Fowler's Farmers Market,2024-05,26537.72,16733.72,1.706825785393717
Fowler's Farmers Market,2024-06,0.0,-26537.72,-1.0
Fowler's Farmers Market,2024-07,22257.0,22257.0,inf
Fowler's Farmers Market,2024-08,34233.0,11976.0,0.5380779080738644
Fowler's Farmers Market,2024-09,17678.0,-16555.0,-0.4835976981275378
Fowler's Farmers Market,2024-10,9775.0,-7903.0,-0.447052834030999
Fowler's Farmers Market,2024-11,15957.0,6182.0,0.6324296675191816
Fowler's Farmers Market,2024-12,15934.0,-23.0,-0.0014413736917967036
Fowler's Farmers Market,2025-01,21607.0,5673.0,0.3560311284046693
Fowler's Farmers Market,2025-02,17133.0,-4474.0,-0.20706252603322997
Fowler's Farmers Market,2025-03,6152.0,-10981.0,-0.6409268662814451
Fowler's Farmers Market,2025-04,11756.0,5604.0,0.9109232769830949
Fowler's Farmers Market,2025-05,0.0,-11756.0,-1.0
Fowler's Farmers Market,2025-06,0.0,0.0,0.0
Frais Church,2022-07,0.0,0.0,
Frais Church,2022-08,0.0,0.0,0.0
Frais Church,2022-09,0.0,0.0,0.0
Frais Church,2022-10,0.0,0.0,0.0
Frais Church,2022-11,0.0,0.0,0.0
Frais Church,2022-12,0.0,0.0,0.0
Frais Church,2023-01,0.0,0.0,0.0
Frais Church,2023-02,0.0,0.0,0.0
Frais Church,2023-03,0.0,0.0,0.0
Frais Church,2023-04,0.0,0.0,0.0
Frais Church,2023-05,0.0,0.0,0.0
Frais Church,2023-06,0.0,0.0,0.0
Frais Church,2023-07,0.0,0.0,0.0
Frais Church,2023-08,0.0,0.0,0.0
Frais Church,2023-09,0.0,0.0,0.0
Frais Church,2023-10,0.0,0.0,0.0
Frais Church,2023-11,0.0,0.0,0.0
Frais Church,2023-12,0.0,0.0,0.0
Frais Church,2024-01,0.0,0.0,0.0
Frais Church,2024-02,0.0,0.0,0.0
Frais Church,2024-03,0.0,0.0,0.0
Frais Church,2024-04,0.0,0.0,0.0
Frais Church,2024-05,7641.0,7641.0,inf
Frais Church,2024-06,0.0,-7641.0,-1.0
Frais Church,2024-07,0.0,0.0,0.0
Frais Church,2024-08,0.0,0.0,0.0
Frais Church,2024-09,0.0,0.0,0.0
Frais Church,2024-10,0.0,0.0,0.0
Frais Church,2024-11,0.0,0.0,0.0
Frais Church,2024-12,0.0,0.0,0.0
Frais Church,2025-01,0.0,0.0,0.0
Frais Church,2025-02,0.0,0.0,0.0
Frais Church,2025-03,0.0,0.0,0.0
Frais Church,2025-04,0.0,0.0,0.0
Frais Church,2025-05,0.0,0.0,0.0
Frais Church,2025-06,0.0,0.0,0.0
"Freedom From Bondage, Inc.",2022-07,638.0,0.0,
"Freedom From Bondage, Inc.",2022-08,1697.0,1059.0,1.6598746081504703
"Freedom From Bondage, Inc.",2022-09,992.0,-705.0,-0.41543901001767825
"Freedom From Bondage, Inc.",2022-10,1328.0,336.0,0.3387096774193548
"Freedom From Bondage, Inc.",2022-11,1382.0,54.0,0.04066265060240964
"Freedom From Bondage, Inc.",2022-12,575.0,-807.0,-0.5839363241678727
"Freedom From Bondage, Inc.",2023-01,1319.0,744.0,1.2939130434782609
"Freedom From Bondage, Inc.",2023-02,605.0,-714.0,-0.5413191811978771
"Freedom From Bondage, Inc.",2023-03,1046.0,441.0,0.7289256198347107
"Freedom From Bondage, Inc.",2023-04,1440.0,394.0,0.37667304015296366
"Freedom From Bondage, Inc.",2023-05,1182.0,-258.0,-0.17916666666666667
"Freedom From Bondage, Inc.",2023-06,1432.0,250.0,0.21150592216582065
"Freedom From Bondage, Inc.",2023-07,2294.0,862.0,0.6019553072625698
"Freedom From Bondage, Inc.",2023-08,3042.0,748.0,0.3260680034873583
"Freedom From Bondage, Inc.",2023-09,2262.0,-780.0,-0.2564102564102564
"Freedom From Bondage, Inc.",2023-10,3326.0,1064.0,0.47038019451812557
"Freedom From Bondage, Inc.",2023-11,1348.0,-1978.0,-0.5947083583884546
"Freedom From Bondage, Inc.",2023-12,514.0,-834.0,-0.6186943620178041
"Freedom From Bondage, Inc.",2024-01,675.0,161.0,0.3132295719844358
"Freedom From Bondage, Inc.",2024-02,667.0,-8.0,-0.011851851851851851
"Freedom From Bondage, Inc.",2024-03,1348.0,681.0,1.0209895052473763
"Freedom From Bondage, Inc.",2024-04,1811.0,463.0,0.3434718100890208
"Freedom From Bondage, Inc.",2024-05,613.0,-1198.0,-0.6615129762562121
"Freedom From Bondage, Inc.",2024-06,523.0,-90.0,-0.1468189233278956
"Freedom From Bondage, Inc.",2024-07,583.0,60.0,0.1147227533460803
"Freedom From Bondage, Inc.",2024-08,848.0,265.0,0.45454545454545453
"Freedom From Bondage, Inc.",2024-09,103.0,-745.0,-0.8785377358490566
"Freedom From Bondage, Inc.",2024-10,0.0,-103.0,-1.0
"Freedom From Bondage, Inc.",2024-11,210.0,210.0,inf
"Freedom From Bondage, Inc.",2024-12,0.0,-210.0,-1.0
"Freedom From Bondage, Inc.",2025-01,0.0,0.0,0.0
"Freedom From Bondage, Inc.",2025-02,181.0,181.0,inf
"Freedom From Bondage, Inc.",2025-03,274.0,93.0,0.5138121546961326
"Freedom From Bondage, Inc.",2025-04,410.0,136.0,0.49635036496350365
"Freedom From Bondage, Inc.",2025-05,372.0,-38.0,-0.09268292682926829
"Freedom From Bondage, Inc.",2025-06,266.0,-106.0,-0.2849462365591398
Fresh Wind Recovery Ministry (Men's),2022-07,5270.0,0.0,
Fresh Wind Recovery Ministry (Men's),2022-08,5583.0,313.0,0.059392789373814044
Fresh Wind Recovery Ministry (Men's),2022-09,7390.0,1807.0,0.32366111409636394
Fresh Wind Recovery Ministry (Men's),2022-10,3541.0,-3849.0,-0.5208389715832206
Fresh Wind Recovery Ministry (Men's),2022-11,5030.0,1489.0,0.42050268285794973
Fresh Wind Recovery Ministry (Men's),2022-12,1380.0,-3650.0,-0.7256461232604374
Fresh Wind Recovery Ministry (Men's),2023-01,4477.0,3097.0,2.2442028985507245
Fresh Wind Recovery Ministry (Men's),2023-02,3705.0,-772.0,-0.17243689970962697
Fresh Wind Recovery Ministry (Men's),2023-03,2434.0,-1271.0,-0.3430499325236167
Fresh Wind Recovery Ministry (Men's),2023-04,2417.0,-17.0,-0.006984387838948234
Fresh Wind Recovery Ministry (Men's),2023-05,3558.0,1141.0,0.47207281754240793
Fresh Wind Recovery Ministry (Men's),2023-06,3912.0,354.0,0.09949409780775717
Fresh Wind Recovery Ministry (Men's),2023-07,2936.0,-976.0,-0.24948875255623723
Fresh Wind Recovery Ministry (Men's),2023-08,3348.0,412.0,0.14032697547683923
Fresh Wind Recovery Ministry (Men's),2023-09,1933.0,-1415.0,-0.42264038231780165
Fresh Wind Recovery Ministry (Men's),2023-10,4339.0,2406.0,1.2446973616140713
Fresh Wind Recovery Ministry (Men's),2023-11,3544.0,-795.0,-0.18322194053929478
Fresh Wind Recovery Ministry (Men's),2023-12,3614.0,70.0,0.019751693002257337
Fresh Wind Recovery Ministry (Men's),2024-01,5158.0,1544.0,0.4272274488101826
Fresh Wind Recovery Ministry (Men's),2024-02,1790.0,-3368.0,-0.6529662659945715
Fresh Wind Recovery Ministry (Men's),2024-03,3283.0,1493.0,0.8340782122905028
Fresh Wind Recovery Ministry (Men's),2024-04,1774.0,-1509.0,-0.4596405726469692
Fresh Wind Recovery Ministry (Men's),2024-05,3338.0,1564.0,0.8816234498308907
Fresh Wind Recovery Ministry (Men's),2024-06,4561.0,1223.0,0.3663870581186339
Fresh Wind Recovery Ministry (Men's),2024-07,3566.0,-995.0,-0.2181539136154352
Fresh Wind Recovery Ministry (Men's),2024-08,4354.0,788.0,0.22097588334268087
Fresh Wind Recovery Ministry (Men's),2024-09,4863.0,509.0,0.1169039963252182
Fresh Wind Recovery Ministry (Men's),2024-10,7908.0,3045.0,0.6261566933991364
Fresh Wind Recovery Ministry (Men's),2024-11,4392.0,-3516.0,-0.44461305007587254
Fresh Wind Recovery Ministry (Men's),2024-12,4876.0,484.0,0.11020036429872496
Fresh Wind Recovery Ministry (Men's),2025-01,2624.0,-2252.0,-0.46185397867104183
Fresh Wind Recovery Ministry (Men's),2025-02,2532.0,-92.0,-0.0350609756097561
Fresh Wind Recovery Ministry (Men's),2025-03,2542.0,10.0,0.0039494470774091624
Fresh Wind Recovery Ministry (Men's),2025-04,3992.0,1450.0,0.5704169944925256
Fresh Wind Recovery Ministry (Men's),2025-05,4032.0,40.0,0.01002004008016032
Fresh Wind Recovery Ministry (Men's),2025-06,3038.0,-994.0,-0.2465277777777778
Fresh Wind Recovery Ministry (Women's),2022-07,0.0,0.0,
Fresh Wind Recovery Ministry (Women's),2022-08,0.0,0.0,0.0
Fresh Wind Recovery Ministry (Women's),2022-09,0.0,0.0,0.0
Fresh Wind Recovery Ministry (Women's),2022-10,0.0,0.0,0.0
Fresh Wind Recovery Ministry (Women's),2022-11,0.0,0.0,0.0
Fresh Wind Recovery Ministry (Women's),2022-12,0.0,0.0,0.0
Fresh Wind Recovery Ministry (Women's),2023-01,0.0,0.0,0.0
Fresh Wind Recovery Ministry (Women's),2023-02,0.0,0.0,0.0
Fresh Wind Recovery Ministry (Women's),2023-03,0.0,0.0,0.0
Fresh Wind Recovery Ministry (Women's),2023-04,0.0,0.0,0.0
Fresh Wind Recovery Ministry (Women's),2023-05,0.0,0.0,0.0
Fresh Wind Recovery Ministry (Women's),2023-06,0.0,0.0,0.0
Fresh Wind Recovery Ministry (Women's),2023-07,0.0,0.0,0.0
Fresh Wind Recovery Ministry (Women's),2023-08,0.0,0.0,0.0
Fresh Wind Recovery Ministry (Women's),2023-09,0.0,0.0,0.0
Fresh Wind Recovery Ministry (Women's),2023-10,0.0,0.0,0.0
Fresh Wind Recovery Ministry (Women's),2023-11,460.0,460.0,inf
Fresh Wind Recovery Ministry (Women's),2023-12,1375.0,915.0,1.9891304347826086
Fresh Wind Recovery Ministry (Women's),2024-01,2714.0,1339.0,0.9738181818181818
Fresh Wind Recovery Ministry (Women's),2024-02,2752.0,38.0,0.01400147383935151
Fresh Wind Recovery Ministry (Women's),2024-03,684.0,-2068.0,-0.751453488372093
Fresh Wind Recovery Ministry (Women's),2024-04,1757.0,1073.0,1.5687134502923976
Fresh Wind Recovery Ministry (Women's),2024-05,1824.0,67.0,0.03813318155947638
Fresh Wind Recovery Ministry (Women's),2024-06,576.0,-1248.0,-0.6842105263157895
Fresh Wind Recovery Ministry (Women's),2024-07,773.0,197.0,0.3420138888888889
Fresh Wind Recovery Ministry (Women's),2024-08,879.0,106.0,0.1371280724450194
Fresh Wind Recovery Ministry (Women's),2024-09,1851.0,972.0,1.10580204778157
Fresh Wind Recovery Ministry (Women's),2024-10,2355.0,504.0,0.27228525121555913
Fresh Wind Recovery Ministry (Women's),2024-11,2507.0,152.0,0.06454352441613588
Fresh Wind Recovery Ministry (Women's),2024-12,2941.0,434.0,0.17311527722377343
Fresh Wind Recovery Ministry (Women's),2025-01,2143.0,-798.0,-0.2713362801768106
Fresh Wind Recovery Ministry (Women's),2025-02,1724.0,-419.0,-0.19552029864675688
Fresh Wind Recovery Ministry (Women's),2025-03,1816.0,92.0,0.05336426914153132
Fresh Wind Recovery Ministry (Women's),2025-04,2767.0,951.0,0.5236784140969163
Fresh Wind Recovery Ministry (Women's),2025-05,2396.0,-371.0,-0.13408023129743404
Fresh Wind Recovery Ministry (Women's),2025-06,3556.58,1160.58,0.48438230383973285
GPRGC Clarke Senior Assistance,2022-07,1048.0,0.0,
GPRGC Clarke Senior Assistance,2022-08,0.0,-1048.0,-1.0
GPRGC Clarke Senior Assistance,2022-09,0.0,0.0,0.0
GPRGC Clarke Senior Assistance,2022-10,0.0,0.0,0.0
GPRGC Clarke Senior Assistance,2022-11,0.0,0.0,0.0
GPRGC Clarke Senior Assistance,2022-12,0.0,0.0,0.0
GPRGC Clarke Senior Assistance,2023-01,0.0,0.0,0.0
GPRGC Clarke Senior Assistance,2023-02,0.0,0.0,0.0
GPRGC Clarke Senior Assistance,2023-03,0.0,0.0,0.0
GPRGC Clarke Senior Assistance,2023-04,0.0,0.0,0.0
GPRGC Clarke Senior Assistance,2023-05,1773.0,1773.0,inf
GPRGC Clarke Senior Assistance,2023-06,0.0,-1773.0,-1.0
GPRGC Clarke Senior Assistance,2023-07,0.0,0.0,0.0
GPRGC Clarke Senior Assistance,2023-08,0.0,0.0,0.0
GPRGC Clarke Senior Assistance,2023-09,0.0,0.0,0.0
GPRGC Clarke Senior Assistance,2023-10,0.0,0.0,0.0
GPRGC Clarke Senior Assistance,2023-11,0.0,0.0,0.0
GPRGC Clarke Senior Assistance,2023-12,0.0,0.0,0.0
GPRGC Clarke Senior Assistance,2024-01,0.0,0.0,0.0
GPRGC Clarke Senior Assistance,2024-02,0.0,0.0,0.0
GPRGC Clarke Senior Assistance,2024-03,0.0,0.0,0.0
GPRGC Clarke Senior Assistance,2024-04,0.0,0.0,0.0
GPRGC Clarke Senior Assistance,2024-05,0.0,0.0,0.0
GPRGC Clarke Senior Assistance,2024-06,0.0,0.0,0.0
GPRGC Clarke Senior Assistance,2024-07,0.0,0.0,0.0
GPRGC Clarke Senior Assistance,2024-08,0.0,0.0,0.0
GPRGC Clarke Senior Assistance,2024-09,0.0,0.0,0.0
GPRGC Clarke Senior Assistance,2024-10,0.0,0.0,0.0
GPRGC Clarke Senior Assistance,2024-11,0.0,0.0,0.0
GPRGC Clarke Senior Assistance,2024-12,0.0,0.0,0.0
GPRGC Clarke Senior Assistance,2025-01,0.0,0.0,0.0
GPRGC Clarke Senior Assistance,2025-02,0.0,0.0,0.0
GPRGC Clarke Senior Assistance,2025-03,0.0,0.0,0.0
GPRGC Clarke Senior Assistance,2025-04,0.0,0.0,0.0
GPRGC Clarke Senior Assistance,2025-05,0.0,0.0,0.0
GPRGC Clarke Senior Assistance,2025-06,0.0,0.0,0.0
Gaines Elementary School,2022-07,0.0,0.0,
Gaines Elementary School,2022-08,0.0,0.0,0.0
Gaines Elementary School,2022-09,0.0,0.0,0.0
Gaines Elementary School,2022-10,0.0,0.0,0.0
Gaines Elementary School,2022-11,0.0,0.0,0.0
Gaines Elementary School,2022-12,0.0,0.0,0.0
Gaines Elementary School,2023-01,0.0,0.0,0.0
Gaines Elementary School,2023-02,0.0,0.0,0.0
Gaines Elementary School,2023-03,0.0,0.0,0.0
Gaines Elementary School,2023-04,0.0,0.0,0.0
Gaines Elementary School,2023-05,0.0,0.0,0.0
Gaines Elementary School,2023-06,0.0,0.0,0.0
Gaines Elementary School,2023-07,0.0,0.0,0.0
Gaines Elementary School,2023-08,0.0,0.0,0.0
Gaines Elementary School,2023-09,0.0,0.0,0.0
Gaines Elementary School,2023-10,0.0,0.0,0.0
Gaines Elementary School,2023-11,0.0,0.0,0.0
Gaines Elementary School,2023-12,0.0,0.0,0.0
Gaines Elementary School,2024-01,0.0,0.0,0.0
Gaines Elementary School,2024-02,0.0,0.0,0.0
Gaines Elementary School,2024-03,0.0,0.0,0.0
Gaines Elementary School,2024-04,0.0,0.0,0.0
Gaines Elementary School,2024-05,0.0,0.0,0.0
Gaines Elementary School,2024-06,0.0,0.0,0.0
Gaines Elementary School,2024-07,2779.0,2779.0,inf
Gaines Elementary School,2024-08,17177.0,14398.0,5.181000359841669
Gaines Elementary School,2024-09,4410.0,-12767.0,-0.7432613378354777
Gaines Elementary School,2024-10,9315.0,4905.0,1.1122448979591837
Gaines Elementary School,2024-11,12129.0,2814.0,0.30209339774557165
Gaines Elementary School,2024-12,8706.0,-3423.0,-0.28221617610685135
Gaines Elementary School,2025-01,11860.0,3154.0,0.36227888812313347
Gaines Elementary School,2025-02,17042.0,5182.0,0.43693086003372683
Gaines Elementary School,2025-03,20027.0,2985.0,0.17515549818096468
Gaines Elementary School,2025-04,3107.0,-16920.0,-0.8448594397563289
Gaines Elementary School,2025-05,11763.0,8656.0,2.7859671709044096
Gaines Elementary School,2025-06,0.0,-11763.0,-1.0
"God's Healing Hands, Inc.",2022-07,1104.0,0.0,
"God's Healing Hands, Inc.",2022-08,3283.0,2179.0,1.973731884057971
"God's Healing Hands, Inc.",2022-09,2195.0,-1088.0,-0.33140420347243377
"God's Healing Hands, Inc.",2022-10,3211.0,1016.0,0.46287015945330295
"God's Healing Hands, Inc.",2022-11,2784.0,-427.0,-0.13298037994394268
"God's Healing Hands, Inc.",2022-12,2605.0,-179.0,-0.06429597701149425
"God's Healing Hands, Inc.",2023-01,5613.0,3008.0,1.1547024952015355
"God's Healing Hands, Inc.",2023-02,2785.0,-2828.0,-0.5038303937288438
"God's Healing Hands, Inc.",2023-03,4054.0,1269.0,0.4556552962298025
"God's Healing Hands, Inc.",2023-04,3138.0,-916.0,-0.2259496793290577
"God's Healing Hands, Inc.",2023-05,3724.0,586.0,0.18674314850223073
"God's Healing Hands, Inc.",2023-06,5275.0,1551.0,0.4164876476906552
"God's Healing Hands, Inc.",2023-07,5553.0,278.0,0.05270142180094787
"God's Healing Hands, Inc.",2023-08,4341.0,-1212.0,-0.2182603997839006
"God's Healing Hands, Inc.",2023-09,7155.0,2814.0,0.6482377332411887
"God's Healing Hands, Inc.",2023-10,4092.0,-3063.0,-0.4280922431865828
"God's Healing Hands, Inc.",2023-11,6610.0,2518.0,0.615347018572825
"God's Healing Hands, Inc.",2023-12,4947.0,-1663.0,-0.25158850226928897
"God's Healing Hands, Inc.",2024-01,14164.0,9217.0,1.8631493834647261
"God's Healing Hands, Inc.",2024-02,6724.0,-7440.0,-0.5252753459474725
"God's Healing Hands, Inc.",2024-03,6094.0,-630.0,-0.09369422962522309
"God's Healing Hands, Inc.",2024-04,5062.0,-1032.0,-0.16934689858877586
"God's Healing Hands, Inc.",2024-05,8727.0,3665.0,0.7240221256420387
"God's Healing Hands, Inc.",2024-06,3094.0,-5633.0,-0.6454680875444024
"God's Healing Hands, Inc.",2024-07,5755.0,2661.0,0.8600517129928895
"God's Healing Hands, Inc.",2024-08,7096.0,1341.0,0.23301476976542138
"God's Healing Hands, Inc.",2024-09,8152.0,1056.0,0.1488162344983089
"God's Healing Hands, Inc.",2024-10,6665.0,-1487.0,-0.18240922473012758
"God's Healing Hands, Inc.",2024-11,7431.0,766.0,0.11492873218304576
"God's Healing Hands, Inc.",2024-12,5710.0,-1721.0,-0.2315973624007536
"God's Healing Hands, Inc.",2025-01,7766.0,2056.0,0.36007005253940455
"God's Healing Hands, Inc.",2025-02,6486.0,-1280.0,-0.16482101467937163
"God's Healing Hands, Inc.",2025-03,11205.0,4719.0,0.7275670675300647
"God's Healing Hands, Inc.",2025-04,7086.0,-4119.0,-0.3676037483266399
"God's Healing Hands, Inc.",2025-05,5644.0,-1442.0,-0.2034998588766582
"God's Healing Hands, Inc.",2025-06,5242.0,-402.0,-0.07122608079376329
"God's Helping Hands (Of Athens, GA)",2022-07,810.0,0.0,
"God's Helping Hands (Of Athens, GA)",2022-08,777.0,-33.0,-0.040740740740740744
"God's Helping Hands (Of Athens, GA)",2022-09,379.0,-398.0,-0.5122265122265123
"God's Helping Hands (Of Athens, GA)",2022-10,2130.0,1751.0,4.620052770448549
"God's Helping Hands (Of Athens, GA)",2022-11,4723.0,2593.0,1.2173708920187793
"God's Helping Hands (Of Athens, GA)",2022-12,1463.0,-3260.0,-0.6902392547109888
"God's Helping Hands (Of Athens, GA)",2023-01,0.0,-1463.0,-1.0
"God's Helping Hands (Of Athens, GA)",2023-02,878.0,878.0,inf
"God's Helping Hands (Of Athens, GA)",2023-03,1098.0,220.0,0.2505694760820046
"God's Helping Hands (Of Athens, GA)",2023-04,805.0,-293.0,-0.2668488160291439
"God's Helping Hands (Of Athens, GA)",2023-05,475.0,-330.0,-0.40993788819875776
"God's Helping Hands (Of Athens, GA)",2023-06,400.0,-75.0,-0.15789473684210525
"God's Helping Hands (Of Athens, GA)",2023-07,0.0,-400.0,-1.0
"God's Helping Hands (Of Athens, GA)",2023-08,0.0,0.0,0.0
"God's Helping Hands (Of Athens, GA)",2023-09,0.0,0.0,0.0
"God's Helping Hands (Of Athens, GA)",2023-10,0.0,0.0,0.0
"God's Helping Hands (Of Athens, GA)",2023-11,212.0,212.0,inf
"God's Helping Hands (Of Athens, GA)",2023-12,1185.0,973.0,4.589622641509434
"God's Helping Hands (Of Athens, GA)",2024-01,3768.0,2583.0,2.179746835443038
"God's Helping Hands (Of Athens, GA)",2024-02,1436.0,-2332.0,-0.618895966029724
"God's Helping Hands (Of Athens, GA)",2024-03,898.0,-538.0,-0.3746518105849582
"God's Helping Hands (Of Athens, GA)",2024-04,839.0,-59.0,-0.06570155902004454
"God's Helping Hands (Of Athens, GA)",2024-05,1133.0,294.0,0.3504171632896305
"God's Helping Hands (Of Athens, GA)",2024-06,0.0,-1133.0,-1.0
"God's Helping Hands (Of Athens, GA)",2024-07,768.0,768.0,inf
"God's Helping Hands (Of Athens, GA)",2024-08,1842.0,1074.0,1.3984375
"God's Helping Hands (Of Athens, GA)",2024-09,864.0,-978.0,-0.5309446254071661
"God's Helping Hands (Of Athens, GA)",2024-10,3102.0,2238.0,2.5902777777777777
"God's Helping Hands (Of Athens, GA)",2024-11,2112.0,-990.0,-0.3191489361702128
"God's Helping Hands (Of Athens, GA)",2024-12,1248.0,-864.0,-0.4090909090909091
"God's Helping Hands (Of Athens, GA)",2025-01,2570.0,1322.0,1.0592948717948718
"God's Helping Hands (Of Athens, GA)",2025-02,806.0,-1764.0,-0.6863813229571984
"God's Helping Hands (Of Athens, GA)",2025-03,1415.0,609.0,0.7555831265508685
"God's Helping Hands (Of Athens, GA)",2025-04,3127.0,1712.0,1.2098939929328623
"God's Helping Hands (Of Athens, GA)",2025-05,1988.0,-1139.0,-0.36424688199552285
"God's Helping Hands (Of Athens, GA)",2025-06,1938.0,-50.0,-0.025150905432595575
"Goodwill, Eastside Athens",2022-07,0.0,0.0,
"Goodwill, Eastside Athens",2022-08,0.0,0.0,0.0
"Goodwill, Eastside Athens",2022-09,0.0,0.0,0.0
"Goodwill, Eastside Athens",2022-10,0.0,0.0,0.0
"Goodwill, Eastside Athens",2022-11,0.0,0.0,0.0
"Goodwill, Eastside Athens",2022-12,0.0,0.0,0.0
"Goodwill, Eastside Athens",2023-01,0.0,0.0,0.0
"Goodwill, Eastside Athens",2023-02,0.0,0.0,0.0
"Goodwill, Eastside Athens",2023-03,0.0,0.0,0.0
"Goodwill, Eastside Athens",2023-04,0.0,0.0,0.0
"Goodwill, Eastside Athens",2023-05,0.0,0.0,0.0
"Goodwill, Eastside Athens",2023-06,0.0,0.0,0.0
"Goodwill, Eastside Athens",2023-07,0.0,0.0,0.0
"Goodwill, Eastside Athens",2023-08,0.0,0.0,0.0
"Goodwill, Eastside Athens",2023-09,0.0,0.0,0.0
"Goodwill, Eastside Athens",2023-10,0.0,0.0,0.0
"Goodwill, Eastside Athens",2023-11,0.0,0.0,0.0
"Goodwill, Eastside Athens",2023-12,0.0,0.0,0.0
"Goodwill, Eastside Athens",2024-01,0.0,0.0,0.0
"Goodwill, Eastside Athens",2024-02,0.0,0.0,0.0
"Goodwill, Eastside Athens",2024-03,0.0,0.0,0.0
"Goodwill, Eastside Athens",2024-04,0.0,0.0,0.0
"Goodwill, Eastside Athens",2024-05,0.0,0.0,0.0
"Goodwill, Eastside Athens",2024-06,12594.0,12594.0,inf
"Goodwill, Eastside Athens",2024-07,0.0,-12594.0,-1.0
"Goodwill, Eastside Athens",2024-08,0.0,0.0,0.0
"Goodwill, Eastside Athens",2024-09,0.0,0.0,0.0
"Goodwill, Eastside Athens",2024-10,0.0,0.0,0.0
"Goodwill, Eastside Athens",2024-11,13965.0,13965.0,inf
"Goodwill, Eastside Athens",2024-12,0.0,-13965.0,-1.0
"Goodwill, Eastside Athens",2025-01,0.0,0.0,0.0
"Goodwill, Eastside Athens",2025-02,0.0,0.0,0.0
"Goodwill, Eastside Athens",2025-03,0.0,0.0,0.0
"Goodwill, Eastside Athens",2025-04,0.0,0.0,0.0
"Goodwill, Eastside Athens",2025-05,0.0,0.0,0.0
"Goodwill, Eastside Athens",2025-06,0.0,0.0,0.0
Hill Chapel Baptist Church,2022-07,12618.0,0.0,
Hill Chapel Baptist Church,2022-08,11583.0,-1035.0,-0.08202567760342368
Hill Chapel Baptist Church,2022-09,12136.0,553.0,0.04774238107571441
Hill Chapel Baptist Church,2022-10,15752.0,3616.0,0.2979564930784443
Hill Chapel Baptist Church,2022-11,12937.0,-2815.0,-0.1787074657186389
Hill Chapel Baptist Church,2022-12,10788.0,-2149.0,-0.16611270000772976
Hill Chapel Baptist Church,2023-01,11715.0,927.0,0.08592880978865405
Hill Chapel Baptist Church,2023-02,9780.0,-1935.0,-0.16517285531370038
Hill Chapel Baptist Church,2023-03,10820.0,1040.0,0.10633946830265849
Hill Chapel Baptist Church,2023-04,12106.0,1286.0,0.1188539741219963
Hill Chapel Baptist Church,2023-05,11493.0,-613.0,-0.05063604824054188
Hill Chapel Baptist Church,2023-06,13176.0,1683.0,0.14643696162881753
Hill Chapel Baptist Church,2023-07,14439.0,1263.0,0.09585610200364299
Hill Chapel Baptist Church,2023-08,15031.0,592.0,0.041000069256873745
Hill Chapel Baptist Church,2023-09,13272.0,-1759.0,-0.11702481538154481
Hill Chapel Baptist Church,2023-10,14127.0,855.0,0.06442133815551537
Hill Chapel Baptist Church,2023-11,18489.0,4362.0,0.30877043958377576
Hill Chapel Baptist Church,2023-12,12231.0,-6258.0,-0.33847152360863214
Hill Chapel Baptist Church,2024-01,16037.0,3806.0,0.31117651868203744
Hill Chapel Baptist Church,2024-02,12794.0,-3243.0,-0.2022198665585833
Hill Chapel Baptist Church,2024-03,10541.0,-2253.0,-0.17609817101766453
Hill Chapel Baptist Church,2024-04,14689.0,4148.0,0.3935110520823451
Hill Chapel Baptist Church,2024-05,14069.0,-620.0,-0.04220845530669208
Hill Chapel Baptist Church,2024-06,13021.0,-1048.0,-0.07449001350486886
Hill Chapel Baptist Church,2024-07,16358.0,3337.0,0.25627831963750863
Hill Chapel Baptist Church,2024-08,11878.0,-4480.0,-0.27387211150507396
Hill Chapel Baptist Church,2024-09,12786.0,908.0,0.07644384576528035
Hill Chapel Baptist Church,2024-10,16803.0,4017.0,0.31417175035194744
Hill Chapel Baptist Church,2024-11,15474.0,-1329.0,-0.07909301910373148
Hill Chapel Baptist Church,2024-12,12600.0,-2874.0,-0.18573090345094997
Hill Chapel Baptist Church,2025-01,1953.0,-10647.0,-0.845
Hill Chapel Baptist Church,2025-02,13280.0,11327.0,5.799795186891961
Hill Chapel Baptist Church,2025-03,14938.0,1658.0,0.12484939759036144
Hill Chapel Baptist Church,2025-04,12838.0,-2100.0,-0.14058106841611998
Hill Chapel Baptist Church,2025-05,12632.0,-206.0,-0.01604611310172924
Hill Chapel Baptist Church,2025-06,13185.0,553.0,0.04377770740975301
Holy Cross Lutheran Church,2022-07,0.0,0.0,
Holy Cross Lutheran Church,2022-08,2070.0,2070.0,inf
Holy Cross Lutheran Church,2022-09,4059.0,1989.0,0.9608695652173913
Holy Cross Lutheran Church,2022-10,2021.0,-2038.0,-0.5020941118502094
Holy Cross Lutheran Church,2022-11,3303.0,1282.0,0.6343394359228105
Holy Cross Lutheran Church,2022-12,3425.0,122.0,0.03693611867998789
Holy Cross Lutheran Church,2023-01,2821.0,-604.0,-0.17635036496350365
Holy Cross Lutheran Church,2023-02,3040.0,219.0,0.07763204537398086
Holy Cross Lutheran Church,2023-03,1959.0,-1081.0,-0.3555921052631579
Holy Cross Lutheran Church,2023-04,3312.0,1353.0,0.6906584992343032
Holy Cross Lutheran Church,2023-05,5277.0,1965.0,0.5932971014492754
Holy Cross Lutheran Church,2023-06,0.0,-5277.0,-1.0
Holy Cross Lutheran Church,2023-07,0.0,0.0,0.0
Holy Cross Lutheran Church,2023-08,4708.0,4708.0,inf
Holy Cross Lutheran Church,2023-09,3828.0,-880.0,-0.18691588785046728
Holy Cross Lutheran Church,2023-10,2011.0,-1817.0,-0.47466039707419017
Holy Cross Lutheran Church,2023-11,7454.0,5443.0,2.706613625062158
Holy Cross Lutheran Church,2023-12,4935.0,-2519.0,-0.337939361416689
Holy Cross Lutheran Church,2024-01,10208.0,5273.0,1.0684903748733536
Holy Cross Lutheran Church,2024-02,6013.0,-4195.0,-0.4109521943573668
Holy Cross Lutheran Church,2024-03,5299.0,-714.0,-0.11874272409778813
Holy Cross Lutheran Church,2024-04,5996.0,697.0,0.13153425174561237
Holy Cross Lutheran Church,2024-05,4632.0,-1364.0,-0.2274849899933289
Holy Cross Lutheran Church,2024-06,0.0,-4632.0,-1.0
Holy Cross Lutheran Church,2024-07,0.0,0.0,0.0
Holy Cross Lutheran Church,2024-08,10683.0,10683.0,inf
Holy Cross Lutheran Church,2024-09,4769.0,-5914.0,-0.5535898155948703
Holy Cross Lutheran Church,2024-10,6301.0,1532.0,0.321241350387922
Holy Cross Lutheran Church,2024-11,6044.0,-257.0,-0.04078717663862879
Holy Cross Lutheran Church,2024-12,9284.0,3240.0,0.5360688285903376
Holy Cross Lutheran Church,2025-01,7982.0,-1302.0,-0.14024127531236535
Holy Cross Lutheran Church,2025-02,8884.0,902.0,0.11300425958406414
Holy Cross Lutheran Church,2025-03,9255.0,371.0,0.04176046825754165
Holy Cross Lutheran Church,2025-04,5167.0,-4088.0,-0.4417071853052404
Holy Cross Lutheran Church,2025-05,4528.0,-639.0,-0.12366944068124637
Holy Cross Lutheran Church,2025-06,0.0,-4528.0,-1.0
Hope House Recovery Inc.,2022-07,790.0,0.0,
Hope House Recovery Inc.,2022-08,0.0,-790.0,-1.0
Hope House Recovery Inc.,2022-09,0.0,0.0,0.0
Hope House Recovery Inc.,2022-10,777.0,777.0,inf
Hope House Recovery Inc.,2022-11,258.0,-519.0,-0.667953667953668
Hope House Recovery Inc.,2022-12,865.0,607.0,2.352713178294574
Hope House Recovery Inc.,2023-01,0.0,-865.0,-1.0
Hope House Recovery Inc.,2023-02,1641.0,1641.0,inf
Hope House Recovery Inc.,2023-03,722.0,-919.0,-0.5600243753808654
Hope House Recovery Inc.,2023-04,3601.0,2879.0,3.987534626038781
Hope House Recovery Inc.,2023-05,780.0,-2821.0,-0.7833935018050542
Hope House Recovery Inc.,2023-06,1430.0,650.0,0.8333333333333334
Hope House Recovery Inc.,2023-07,1575.0,145.0,0.10139860139860139
Hope House Recovery Inc.,2023-08,2531.0,956.0,0.606984126984127
Hope House Recovery Inc.,2023-09,2300.0,-231.0,-0.09126827340971948
Hope House Recovery Inc.,2023-10,2095.0,-205.0,-0.0891304347826087
Hope House Recovery Inc.,2023-11,3795.0,1700.0,0.8114558472553699
Hope House Recovery Inc.,2023-12,964.0,-2831.0,-0.7459815546772068
Hope House Recovery Inc.,2024-01,4976.0,4012.0,4.161825726141079
Hope House Recovery Inc.,2024-02,2130.0,-2846.0,-0.5719453376205788
Hope House Recovery Inc.,2024-03,887.0,-1243.0,-0.5835680751173709
Hope House Recovery Inc.,2024-04,521.0,-366.0,-0.41262683201803835
Hope House Recovery Inc.,2024-05,2511.0,1990.0,3.81957773512476
Hope House Recovery Inc.,2024-06,0.0,-2511.0,-1.0
Hope House Recovery Inc.,2024-07,734.0,734.0,inf
Hope House Recovery Inc.,2024-08,802.0,68.0,0.09264305177111716
Hope House Recovery Inc.,2024-09,2075.0,1273.0,1.587281795511222
Hope House Recovery Inc.,2024-10,3652.0,1577.0,0.76
Hope House Recovery Inc.,2024-11,2385.0,-1267.0,-0.34693318729463307
Hope House Recovery Inc.,2024-12,2578.0,193.0,0.08092243186582809
Hope House Recovery Inc.,2025-01,1409.0,-1169.0,-0.4534522885958107
Hope House Recovery Inc.,2025-02,2370.0,961.0,0.6820440028388929
Hope House Recovery Inc.,2025-03,4832.0,2462.0,1.038818565400844
Hope House Recovery Inc.,2025-04,3232.0,-1600.0,-0.33112582781456956
Hope House Recovery Inc.,2025-05,793.0,-2439.0,-0.7546410891089109
Hope House Recovery Inc.,2025-06,984.0,191.0,0.2408575031525851
Iglesia Pentecostal Tabernaculo de Athens,2022-07,6889.0,0.0,
Iglesia Pentecostal Tabernaculo de Athens,2022-08,7235.0,346.0,0.05022499637102627
Iglesia Pentecostal Tabernaculo de Athens,2022-09,4673.0,-2562.0,-0.35411195577055976
Iglesia Pentecostal Tabernaculo de Athens,2022-10,6925.0,2252.0,0.481917397817248
Iglesia Pentecostal Tabernaculo de Athens,2022-11,4374.0,-2551.0,-0.3683754512635379
Iglesia Pentecostal Tabernaculo de Athens,2022-12,3899.0,-475.0,-0.10859625057155921
Iglesia Pentecostal Tabernaculo de Athens,2023-01,12311.0,8412.0,2.157476275968197
Iglesia Pentecostal Tabernaculo de Athens,2023-02,7142.0,-5169.0,-0.4198684103647145
Iglesia Pentecostal Tabernaculo de Athens,2023-03,8035.0,893.0,0.12503500420050406
Iglesia Pentecostal Tabernaculo de Athens,2023-04,6665.0,-1370.0,-0.17050404480398257
Iglesia Pentecostal Tabernaculo de Athens,2023-05,9268.0,2603.0,0.3905476369092273
Iglesia Pentecostal Tabernaculo de Athens,2023-06,6486.0,-2782.0,-0.30017263703064306
Iglesia Pentecostal Tabernaculo de Athens,2023-07,3761.0,-2725.0,-0.42013567684242986
Iglesia Pentecostal Tabernaculo de Athens,2023-08,8596.0,4835.0,1.285562350438713
Iglesia Pentecostal Tabernaculo de Athens,2023-09,4273.0,-4323.0,-0.5029083294555607
Iglesia Pentecostal Tabernaculo de Athens,2023-10,8583.0,4310.0,1.0086590217645681
Iglesia Pentecostal Tabernaculo de Athens,2023-11,7120.0,-1463.0,-0.17045322148432948
Iglesia Pentecostal Tabernaculo de Athens,2023-12,7121.0,1.0,0.0001404494382022472
Iglesia Pentecostal Tabernaculo de Athens,2024-01,4048.0,-3073.0,-0.4315405139727566
Iglesia Pentecostal Tabernaculo de Athens,2024-02,6724.0,2676.0,0.6610671936758893
Iglesia Pentecostal Tabernaculo de Athens,2024-03,7385.0,661.0,0.09830458060678168
Iglesia Pentecostal Tabernaculo de Athens,2024-04,6056.0,-1329.0,-0.17995937711577523
Iglesia Pentecostal Tabernaculo de Athens,2024-05,5555.0,-501.0,-0.08272787318361956
Iglesia Pentecostal Tabernaculo de Athens,2024-06,4957.0,-598.0,-0.10765076507650766
Iglesia Pentecostal Tabernaculo de Athens,2024-07,6135.0,1178.0,0.23764373613072423
Iglesia Pentecostal Tabernaculo de Athens,2024-08,4786.0,-1349.0,-0.21988590057049714
Iglesia Pentecostal Tabernaculo de Athens,2024-09,2709.0,-2077.0,-0.43397409109903884
Iglesia Pentecostal Tabernaculo de Athens,2024-10,5325.0,2616.0,0.9656699889258029
Iglesia Pentecostal Tabernaculo de Athens,2024-11,4159.0,-1166.0,-0.21896713615023475
Iglesia Pentecostal Tabernaculo de Athens,2024-12,3445.0,-714.0,-0.1716758836258716
Iglesia Pentecostal Tabernaculo de Athens,2025-01,6332.0,2887.0,0.8380261248185776
Iglesia Pentecostal Tabernaculo de Athens,2025-02,5281.0,-1051.0,-0.16598231206569805
Iglesia Pentecostal Tabernaculo de Athens,2025-03,4111.0,-1170.0,-0.22154894906267752
Iglesia Pentecostal Tabernaculo de Athens,2025-04,4979.0,868.0,0.21114084164436878
Iglesia Pentecostal Tabernaculo de Athens,2025-05,3614.0,-1365.0,-0.2741514360313316
Iglesia Pentecostal Tabernaculo de Athens,2025-06,3383.0,-231.0,-0.06391809629219701
Inter-Community Council Inc.,2022-07,0.0,0.0,
Inter-Community Council Inc.,2022-08,0.0,0.0,0.0
Inter-Community Council Inc.,2022-09,0.0,0.0,0.0
Inter-Community Council Inc.,2022-10,0.0,0.0,0.0
Inter-Community Council Inc.,2022-11,0.0,0.0,0.0
Inter-Community Council Inc.,2022-12,0.0,0.0,0.0
Inter-Community Council Inc.,2023-01,0.0,0.0,0.0
Inter-Community Council Inc.,2023-02,0.0,0.0,0.0
Inter-Community Council Inc.,2023-03,0.0,0.0,0.0
Inter-Community Council Inc.,2023-04,0.0,0.0,0.0
Inter-Community Council Inc.,2023-05,0.0,0.0,0.0
Inter-Community Council Inc.,2023-06,0.0,0.0,0.0
Inter-Community Council Inc.,2023-07,9590.0,9590.0,inf
Inter-Community Council Inc.,2023-08,0.0,-9590.0,-1.0
Inter-Community Council Inc.,2023-09,0.0,0.0,0.0
Inter-Community Council Inc.,2023-10,119.0,119.0,inf
Inter-Community Council Inc.,2023-11,0.0,-119.0,-1.0
Inter-Community Council Inc.,2023-12,0.0,0.0,0.0
Inter-Community Council Inc.,2024-01,0.0,0.0,0.0
Inter-Community Council Inc.,2024-02,0.0,0.0,0.0
Inter-Community Council Inc.,2024-03,0.0,0.0,0.0
Inter-Community Council Inc.,2024-04,0.0,0.0,0.0
Inter-Community Council Inc.,2024-05,0.0,0.0,0.0
Inter-Community Council Inc.,2024-06,0.0,0.0,0.0
Inter-Community Council Inc.,2024-07,0.0,0.0,0.0
Inter-Community Council Inc.,2024-08,0.0,0.0,0.0
Inter-Community Council Inc.,2024-09,0.0,0.0,0.0
Inter-Community Council Inc.,2024-10,0.0,0.0,0.0
Inter-Community Council Inc.,2024-11,0.0,0.0,0.0
Inter-Community Council Inc.,2024-12,0.0,0.0,0.0
Inter-Community Council Inc.,2025-01,0.0,0.0,0.0
Inter-Community Council Inc.,2025-02,0.0,0.0,0.0
Inter-Community Council Inc.,2025-03,0.0,0.0,0.0
Inter-Community Council Inc.,2025-04,0.0,0.0,0.0
Inter-Community Council Inc.,2025-05,0.0,0.0,0.0
Inter-Community Council Inc.,2025-06,0.0,0.0,0.0
Juvenile Offender Advocate Inc. (JOA),2022-07,0.0,0.0,
Juvenile Offender Advocate Inc. (JOA),2022-08,0.0,0.0,0.0
Juvenile Offender Advocate Inc. (JOA),2022-09,0.0,0.0,0.0
Juvenile Offender Advocate Inc. (JOA),2022-10,0.0,0.0,0.0
Juvenile Offender Advocate Inc. (JOA),2022-11,0.0,0.0,0.0
Juvenile Offender Advocate Inc. (JOA),2022-12,0.0,0.0,0.0
Juvenile Offender Advocate Inc. (JOA),2023-01,0.0,0.0,0.0
Juvenile Offender Advocate Inc. (JOA),2023-02,0.0,0.0,0.0
Juvenile Offender Advocate Inc. (JOA),2023-03,0.0,0.0,0.0
Juvenile Offender Advocate Inc. (JOA),2023-04,0.0,0.0,0.0
Juvenile Offender Advocate Inc. (JOA),2023-05,0.0,0.0,0.0
Juvenile Offender Advocate Inc. (JOA),2023-06,0.0,0.0,0.0
Juvenile Offender Advocate Inc. (JOA),2023-07,0.0,0.0,0.0
Juvenile Offender Advocate Inc. (JOA),2023-08,0.0,0.0,0.0
Juvenile Offender Advocate Inc. (JOA),2023-09,0.0,0.0,0.0
Juvenile Offender Advocate Inc. (JOA),2023-10,0.0,0.0,0.0
Juvenile Offender Advocate Inc. (JOA),2023-11,0.0,0.0,0.0
Juvenile Offender Advocate Inc. (JOA),2023-12,0.0,0.0,0.0
Juvenile Offender Advocate Inc. (JOA),2024-01,0.0,0.0,0.0
Juvenile Offender Advocate Inc. (JOA),2024-02,0.0,0.0,0.0
Juvenile Offender Advocate Inc. (JOA),2024-03,0.0,0.0,0.0
Juvenile Offender Advocate Inc. (JOA),2024-04,0.0,0.0,0.0
Juvenile Offender Advocate Inc. (JOA),2024-05,0.0,0.0,0.0
Juvenile Offender Advocate Inc. (JOA),2024-06,0.0,0.0,0.0
Juvenile Offender Advocate Inc. (JOA),2024-07,0.0,0.0,0.0
Juvenile Offender Advocate Inc. (JOA),2024-08,0.0,0.0,0.0
Juvenile Offender Advocate Inc. (JOA),2024-09,0.0,0.0,0.0
Juvenile Offender Advocate Inc. (JOA),2024-10,0.0,0.0,0.0
Juvenile Offender Advocate Inc. (JOA),2024-11,0.0,0.0,0.0
Juvenile Offender Advocate Inc. (JOA),2024-12,185.0,185.0,inf
Juvenile Offender Advocate Inc. (JOA),2025-01,0.0,-185.0,-1.0
Juvenile Offender Advocate Inc. (JOA),2025-02,0.0,0.0,0.0
Juvenile Offender Advocate Inc. (JOA),2025-03,0.0,0.0,0.0
Juvenile Offender Advocate Inc. (JOA),2025-04,0.0,0.0,0.0
Juvenile Offender Advocate Inc. (JOA),2025-05,0.0,0.0,0.0
Juvenile Offender Advocate Inc. (JOA),2025-06,0.0,0.0,0.0
La Nueva Jerusalem,2022-07,998.0,0.0,
La Nueva Jerusalem,2022-08,403.0,-595.0,-0.5961923847695391
La Nueva Jerusalem,2022-09,843.0,440.0,1.0918114143920596
La Nueva Jerusalem,2022-10,986.0,143.0,0.16963226571767498
La Nueva Jerusalem,2022-11,532.0,-454.0,-0.460446247464503
La Nueva Jerusalem,2022-12,1014.0,482.0,0.9060150375939849
La Nueva Jerusalem,2023-01,866.0,-148.0,-0.14595660749506903
La Nueva Jerusalem,2023-02,397.0,-469.0,-0.5415704387990762
La Nueva Jerusalem,2023-03,691.0,294.0,0.7405541561712846
La Nueva Jerusalem,2023-04,521.0,-170.0,-0.2460202604920405
La Nueva Jerusalem,2023-05,550.0,29.0,0.05566218809980806
La Nueva Jerusalem,2023-06,1032.0,482.0,0.8763636363636363
La Nueva Jerusalem,2023-07,686.0,-346.0,-0.33527131782945735
La Nueva Jerusalem,2023-08,935.0,249.0,0.3629737609329446
La Nueva Jerusalem,2023-09,1066.0,131.0,0.14010695187165775
La Nueva Jerusalem,2023-10,824.0,-242.0,-0.2270168855534709
La Nueva Jerusalem,2023-11,526.0,-298.0,-0.3616504854368932
La Nueva Jerusalem,2023-12,755.0,229.0,0.435361216730038
La Nueva Jerusalem,2024-01,543.0,-212.0,-0.280794701986755
La Nueva Jerusalem,2024-02,649.0,106.0,0.19521178637200737
La Nueva Jerusalem,2024-03,816.0,167.0,0.2573189522342065
La Nueva Jerusalem,2024-04,382.0,-434.0,-0.5318627450980392
La Nueva Jerusalem,2024-05,389.0,7.0,0.01832460732984293
La Nueva Jerusalem,2024-06,523.0,134.0,0.3444730077120823
La Nueva Jerusalem,2024-07,604.0,81.0,0.15487571701720843
La Nueva Jerusalem,2024-08,424.0,-180.0,-0.2980132450331126
La Nueva Jerusalem,2024-09,593.0,169.0,0.39858490566037735
La Nueva Jerusalem,2024-10,271.0,-322.0,-0.5430016863406408
La Nueva Jerusalem,2024-11,363.0,92.0,0.33948339483394835
La Nueva Jerusalem,2024-12,561.0,198.0,0.5454545454545454
La Nueva Jerusalem,2025-01,729.0,168.0,0.2994652406417112
La Nueva Jerusalem,2025-02,625.0,-104.0,-0.14266117969821673
La Nueva Jerusalem,2025-03,553.0,-72.0,-0.1152
La Nueva Jerusalem,2025-04,825.0,272.0,0.4918625678119349
La Nueva Jerusalem,2025-05,1536.0,711.0,0.8618181818181818
La Nueva Jerusalem,2025-06,283.0,-1253.0,-0.8157552083333334
Living Hope Church,2022-07,3092.0,0.0,
Living Hope Church,2022-08,2899.0,-193.0,-0.06241914618369987
Living Hope Church,2022-09,2725.0,-174.0,-0.06002069679199724
Living Hope Church,2022-10,2957.0,232.0,0.08513761467889908
Living Hope Church,2022-11,2075.0,-882.0,-0.2982752789989855
Living Hope Church,2022-12,1232.0,-843.0,-0.40626506024096387
Living Hope Church,2023-01,2092.0,860.0,0.698051948051948
Living Hope Church,2023-02,1287.0,-805.0,-0.3847992351816444
Living Hope Church,2023-03,1417.0,130.0,0.10101010101010101
Living Hope Church,2023-04,1835.0,418.0,0.2949894142554693
Living Hope Church,2023-05,1509.0,-326.0,-0.1776566757493188
Living Hope Church,2023-06,1923.0,414.0,0.27435387673956263
Living Hope Church,2023-07,3180.0,1257.0,0.6536661466458659
Living Hope Church,2023-08,2618.0,-562.0,-0.17672955974842766
Living Hope Church,2023-09,2389.0,-229.0,-0.08747135217723453
Living Hope Church,2023-10,2715.0,326.0,0.13645876935956466
Living Hope Church,2023-11,1822.0,-893.0,-0.3289134438305709
Living Hope Church,2023-12,1558.0,-264.0,-0.14489571899012074
Living Hope Church,2024-01,3219.0,1661.0,1.0661103979460846
Living Hope Church,2024-02,2499.0,-720.0,-0.22367194780987884
Living Hope Church,2024-03,2101.0,-398.0,-0.15926370548219287
Living Hope Church,2024-04,1982.0,-119.0,-0.05663969538315088
Living Hope Church,2024-05,2320.0,338.0,0.1705348133198789
Living Hope Church,2024-06,1197.0,-1123.0,-0.484051724137931
Living Hope Church,2024-07,2267.0,1070.0,0.8939014202172096
Living Hope Church,2024-08,1349.0,-918.0,-0.40494044993383327
Living Hope Church,2024-09,1621.0,272.0,0.2016308376575241
Living Hope Church,2024-10,1805.0,184.0,0.1135101789019124
Living Hope Church,2024-11,1601.0,-204.0,-0.11301939058171745
Living Hope Church,2024-12,1374.0,-227.0,-0.14178638351030606
Living Hope Church,2025-01,1784.0,410.0,0.29839883551673946
Living Hope Church,2025-02,1742.0,-42.0,-0.023542600896860985
Living Hope Church,2025-03,1318.0,-424.0,-0.24339839265212398
Living Hope Church,2025-04,997.0,-321.0,-0.24355083459787558
Living Hope Church,2025-05,2231.0,1234.0,1.2377131394182548
Living Hope Church,2025-06,1035.0,-1196.0,-0.5360824742268041
Living Water Christian Fellowship Church,2022-07,4124.0,0.0,
Living Water Christian Fellowship Church,2022-08,1550.0,-2574.0,-0.6241513094083414
Living Water Christian Fellowship Church,2022-09,1827.0,277.0,0.17870967741935484
Living Water Christian Fellowship Church,2022-10,1894.0,67.0,0.03667214012041598
Living Water Christian Fellowship Church,2022-11,1397.0,-497.0,-0.2624076029567054
Living Water Christian Fellowship Church,2022-12,763.0,-634.0,-0.45382963493199713
Living Water Christian Fellowship Church,2023-01,1420.0,657.0,0.8610747051114024
Living Water Christian Fellowship Church,2023-02,1298.0,-122.0,-0.08591549295774648
Living Water Christian Fellowship Church,2023-03,1530.0,232.0,0.17873651771956856
Living Water Christian Fellowship Church,2023-04,990.0,-540.0,-0.35294117647058826
Living Water Christian Fellowship Church,2023-05,1633.0,643.0,0.6494949494949495
Living Water Christian Fellowship Church,2023-06,1181.0,-452.0,-0.2767911818738518
Living Water Christian Fellowship Church,2023-07,868.0,-313.0,-0.26502963590177814
Living Water Christian Fellowship Church,2023-08,1303.0,435.0,0.5011520737327189
Living Water Christian Fellowship Church,2023-09,1872.0,569.0,0.43668457405986183
Living Water Christian Fellowship Church,2023-10,2400.0,528.0,0.28205128205128205
Living Water Christian Fellowship Church,2023-11,2028.0,-372.0,-0.155
Living Water Christian Fellowship Church,2023-12,1639.0,-389.0,-0.19181459566074952
Living Water Christian Fellowship Church,2024-01,1303.0,-336.0,-0.20500305064063454
Living Water Christian Fellowship Church,2024-02,1623.0,320.0,0.24558710667689945
Living Water Christian Fellowship Church,2024-03,1014.0,-609.0,-0.3752310536044362
Living Water Christian Fellowship Church,2024-04,1822.0,808.0,0.796844181459566
Living Water Christian Fellowship Church,2024-05,3036.0,1214.0,0.6663007683863886
Living Water Christian Fellowship Church,2024-06,1281.0,-1755.0,-0.5780632411067194
Living Water Christian Fellowship Church,2024-07,1428.0,147.0,0.11475409836065574
Living Water Christian Fellowship Church,2024-08,2556.0,1128.0,0.7899159663865546
Living Water Christian Fellowship Church,2024-09,2931.0,375.0,0.1467136150234742
Living Water Christian Fellowship Church,2024-10,3128.0,197.0,0.06721255544182873
Living Water Christian Fellowship Church,2024-11,2176.0,-952.0,-0.30434782608695654
Living Water Christian Fellowship Church,2024-12,2544.0,368.0,0.16911764705882354
Living Water Christian Fellowship Church,2025-01,3196.0,652.0,0.2562893081761006
Living Water Christian Fellowship Church,2025-02,3723.0,527.0,0.16489361702127658
Living Water Christian Fellowship Church,2025-03,2411.0,-1312.0,-0.3524039752887456
Living Water Christian Fellowship Church,2025-04,3168.0,757.0,0.3139776026545002
Living Water Christian Fellowship Church,2025-05,2414.0,-754.0,-0.2380050505050505
Living Water Christian Fellowship Church,2025-06,1260.16,-1153.84,-0.47797845898922947
MULTIPLEchoices-Disabled Veteran's Division,2022-07,0.0,0.0,
MULTIPLEchoices-Disabled Veteran's Division,2022-08,161.0,161.0,inf
MULTIPLEchoices-Disabled Veteran's Division,2022-09,0.0,-161.0,-1.0
MULTIPLEchoices-Disabled Veteran's Division,2022-10,0.0,0.0,0.0
MULTIPLEchoices-Disabled Veteran's Division,2022-11,0.0,0.0,0.0
MULTIPLEchoices-Disabled Veteran's Division,2022-12,0.0,0.0,0.0
MULTIPLEchoices-Disabled Veteran's Division,2023-01,0.0,0.0,0.0
MULTIPLEchoices-Disabled Veteran's Division,2023-02,0.0,0.0,0.0
MULTIPLEchoices-Disabled Veteran's Division,2023-03,0.0,0.0,0.0
MULTIPLEchoices-Disabled Veteran's Division,2023-04,0.0,0.0,0.0
MULTIPLEchoices-Disabled Veteran's Division,2023-05,0.0,0.0,0.0
MULTIPLEchoices-Disabled Veteran's Division,2023-06,0.0,0.0,0.0
MULTIPLEchoices-Disabled Veteran's Division,2023-07,0.0,0.0,0.0
MULTIPLEchoices-Disabled Veteran's Division,2023-08,190.0,190.0,inf
MULTIPLEchoices-Disabled Veteran's Division,2023-09,0.0,-190.0,-1.0
MULTIPLEchoices-Disabled Veteran's Division,2023-10,0.0,0.0,0.0
MULTIPLEchoices-Disabled Veteran's Division,2023-11,0.0,0.0,0.0
MULTIPLEchoices-Disabled Veteran's Division,2023-12,0.0,0.0,0.0
MULTIPLEchoices-Disabled Veteran's Division,2024-01,0.0,0.0,0.0
MULTIPLEchoices-Disabled Veteran's Division,2024-02,0.0,0.0,0.0
MULTIPLEchoices-Disabled Veteran's Division,2024-03,0.0,0.0,0.0
MULTIPLEchoices-Disabled Veteran's Division,2024-04,0.0,0.0,0.0
MULTIPLEchoices-Disabled Veteran's Division,2024-05,0.0,0.0,0.0
MULTIPLEchoices-Disabled Veteran's Division,2024-06,0.0,0.0,0.0
MULTIPLEchoices-Disabled Veteran's Division,2024-07,0.0,0.0,0.0
MULTIPLEchoices-Disabled Veteran's Division,2024-08,0.0,0.0,0.0
MULTIPLEchoices-Disabled Veteran's Division,2024-09,0.0,0.0,0.0
MULTIPLEchoices-Disabled Veteran's Division,2024-10,0.0,0.0,0.0
MULTIPLEchoices-Disabled Veteran's Division,2024-11,0.0,0.0,0.0
MULTIPLEchoices-Disabled Veteran's Division,2024-12,0.0,0.0,0.0
MULTIPLEchoices-Disabled Veteran's Division,2025-01,160.0,160.0,inf
MULTIPLEchoices-Disabled Veteran's Division,2025-02,0.0,-160.0,-1.0
MULTIPLEchoices-Disabled Veteran's Division,2025-03,0.0,0.0,0.0
MULTIPLEchoices-Disabled Veteran's Division,2025-04,0.0,0.0,0.0
MULTIPLEchoices-Disabled Veteran's Division,2025-05,0.0,0.0,0.0
MULTIPLEchoices-Disabled Veteran's Division,2025-06,0.0,0.0,0.0
Marigold Collective Inc.,2022-07,0.0,0.0,
Marigold Collective Inc.,2022-08,0.0,0.0,0.0
Marigold Collective Inc.,2022-09,0.0,0.0,0.0
Marigold Collective Inc.,2022-10,0.0,0.0,0.0
Marigold Collective Inc.,2022-11,0.0,0.0,0.0
Marigold Collective Inc.,2022-12,0.0,0.0,0.0
Marigold Collective Inc.,2023-01,0.0,0.0,0.0
Marigold Collective Inc.,2023-02,0.0,0.0,0.0
Marigold Collective Inc.,2023-03,0.0,0.0,0.0
Marigold Collective Inc.,2023-04,0.0,0.0,0.0
Marigold Collective Inc.,2023-05,0.0,0.0,0.0
Marigold Collective Inc.,2023-06,0.0,0.0,0.0
Marigold Collective Inc.,2023-07,0.0,0.0,0.0
Marigold Collective Inc.,2023-08,0.0,0.0,0.0
Marigold Collective Inc.,2023-09,0.0,0.0,0.0
Marigold Collective Inc.,2023-10,0.0,0.0,0.0
Marigold Collective Inc.,2023-11,0.0,0.0,0.0
Marigold Collective Inc.,2023-12,0.0,0.0,0.0
Marigold Collective Inc.,2024-01,0.0,0.0,0.0
Marigold Collective Inc.,2024-02,992.0,992.0,inf
Marigold Collective Inc.,2024-03,1057.0,65.0,0.0655241935483871
Marigold Collective Inc.,2024-04,385.0,-672.0,-0.6357615894039735
Marigold Collective Inc.,2024-05,373.0,-12.0,-0.03116883116883117
Marigold Collective Inc.,2024-06,407.0,34.0,0.09115281501340483
Marigold Collective Inc.,2024-07,0.0,-407.0,-1.0
Marigold Collective Inc.,2024-08,0.0,0.0,0.0
Marigold Collective Inc.,2024-09,0.0,0.0,0.0
Marigold Collective Inc.,2024-10,186.0,186.0,inf
Marigold Collective Inc.,2024-11,0.0,-186.0,-1.0
Marigold Collective Inc.,2024-12,0.0,0.0,0.0
Marigold Collective Inc.,2025-01,0.0,0.0,0.0
Marigold Collective Inc.,2025-02,0.0,0.0,0.0
Marigold Collective Inc.,2025-03,321.0,321.0,inf
Marigold Collective Inc.,2025-04,0.0,-321.0,-1.0
Marigold Collective Inc.,2025-05,0.0,0.0,0.0
Marigold Collective Inc.,2025-06,0.0,0.0,0.0
Mental Health Residential (ABHS),2022-07,0.0,0.0,
Mental Health Residential (ABHS),2022-08,117.0,117.0,inf
Mental Health Residential (ABHS),2022-09,831.0,714.0,6.102564102564102
Mental Health Residential (ABHS),2022-10,560.0,-271.0,-0.32611311672683513
Mental Health Residential (ABHS),2022-11,453.0,-107.0,-0.19107142857142856
Mental Health Residential (ABHS),2022-12,0.0,-453.0,-1.0
Mental Health Residential (ABHS),2023-01,627.0,627.0,inf
Mental Health Residential (ABHS),2023-02,466.0,-161.0,-0.2567783094098884
Mental Health Residential (ABHS),2023-03,708.0,242.0,0.51931330472103
Mental Health Residential (ABHS),2023-04,1229.0,521.0,0.7358757062146892
Mental Health Residential (ABHS),2023-05,214.0,-1015.0,-0.8258746948738812
Mental Health Residential (ABHS),2023-06,85.0,-129.0,-0.602803738317757
Mental Health Residential (ABHS),2023-07,128.0,43.0,0.5058823529411764
Mental Health Residential (ABHS),2023-08,307.0,179.0,1.3984375
Mental Health Residential (ABHS),2023-09,161.0,-146.0,-0.4755700325732899
Mental Health Residential (ABHS),2023-10,254.0,93.0,0.577639751552795
Mental Health Residential (ABHS),2023-11,245.0,-9.0,-0.03543307086614173
Mental Health Residential (ABHS),2023-12,270.0,25.0,0.10204081632653061
Mental Health Residential (ABHS),2024-01,0.0,-270.0,-1.0
Mental Health Residential (ABHS),2024-02,314.0,314.0,inf
Mental Health Residential (ABHS),2024-03,96.0,-218.0,-0.6942675159235668
Mental Health Residential (ABHS),2024-04,219.0,123.0,1.28125
Mental Health Residential (ABHS),2024-05,732.0,513.0,2.3424657534246576
Mental Health Residential (ABHS),2024-06,499.0,-233.0,-0.31830601092896177
Mental Health Residential (ABHS),2024-07,216.0,-283.0,-0.5671342685370742
Mental Health Residential (ABHS),2024-08,0.0,-216.0,-1.0
Mental Health Residential (ABHS),2024-09,257.0,257.0,inf
Mental Health Residential (ABHS),2024-10,528.0,271.0,1.0544747081712063
Mental Health Residential (ABHS),2024-11,1167.0,639.0,1.2102272727272727
Mental Health Residential (ABHS),2024-12,692.0,-475.0,-0.4070265638389032
Mental Health Residential (ABHS),2025-01,582.0,-110.0,-0.15895953757225434
Mental Health Residential (ABHS),2025-02,401.0,-181.0,-0.31099656357388317
Mental Health Residential (ABHS),2025-03,672.0,271.0,0.6758104738154613
Mental Health Residential (ABHS),2025-04,741.0,69.0,0.10267857142857142
Mental Health Residential (ABHS),2025-05,779.0,38.0,0.05128205128205128
Mental Health Residential (ABHS),2025-06,789.0,10.0,0.012836970474967908
Mercy Health Center,2022-07,0.0,0.0,
Mercy Health Center,2022-08,0.0,0.0,0.0
Mercy Health Center,2022-09,0.0,0.0,0.0
Mercy Health Center,2022-10,0.0,0.0,0.0
Mercy Health Center,2022-11,0.0,0.0,0.0
Mercy Health Center,2022-12,0.0,0.0,0.0
Mercy Health Center,2023-01,0.0,0.0,0.0
Mercy Health Center,2023-02,0.0,0.0,0.0
Mercy Health Center,2023-03,0.0,0.0,0.0
Mercy Health Center,2023-04,0.0,0.0,0.0
Mercy Health Center,2023-05,0.0,0.0,0.0
Mercy Health Center,2023-06,0.0,0.0,0.0
Mercy Health Center,2023-07,0.0,0.0,0.0
Mercy Health Center,2023-08,0.0,0.0,0.0
Mercy Health Center,2023-09,0.0,0.0,0.0
Mercy Health Center,2023-10,0.0,0.0,0.0
Mercy Health Center,2023-11,0.0,0.0,0.0
Mercy Health Center,2023-12,0.0,0.0,0.0
Mercy Health Center,2024-01,21.0,21.0,inf
Mercy Health Center,2024-02,151.0,130.0,6.190476190476191
Mercy Health Center,2024-03,38.0,-113.0,-0.7483443708609272
Mercy Health Center,2024-04,97.0,59.0,1.5526315789473684
Mercy Health Center,2024-05,71.0,-26.0,-0.26804123711340205
Mercy Health Center,2024-06,140.0,69.0,0.971830985915493
Mercy Health Center,2024-07,69.0,-71.0,-0.5071428571428571
Mercy Health Center,2024-08,119.0,50.0,0.7246376811594203
Mercy Health Center,2024-09,133.0,14.0,0.11764705882352941
Mercy Health Center,2024-10,0.0,-133.0,-1.0
Mercy Health Center,2024-11,228.0,228.0,inf
Mercy Health Center,2024-12,183.0,-45.0,-0.19736842105263158
Mercy Health Center,2025-01,64.0,-119.0,-0.6502732240437158
Mercy Health Center,2025-02,148.0,84.0,1.3125
Mercy Health Center,2025-03,59.0,-89.0,-0.6013513513513513
Mercy Health Center,2025-04,258.0,199.0,3.3728813559322033
Mercy Health Center,2025-05,463.0,205.0,0.7945736434108527
Mercy Health Center,2025-06,117.0,-346.0,-0.7473002159827213
Mt. Olive SDA Church,2022-07,83618.0,0.0,
Mt. Olive SDA Church,2022-08,63128.0,-20490.0,-0.24504293333971155
Mt. Olive SDA Church,2022-09,93083.0,29955.0,0.4745121023951337
Mt. Olive SDA Church,2022-10,59298.0,-33785.0,-0.36295564173909306
Mt. Olive SDA Church,2022-11,72698.0,13400.0,0.22597726736146245
Mt. Olive SDA Church,2022-12,113882.0,41184.0,0.5665080194778398
Mt. Olive SDA Church,2023-01,114061.0,179.0,0.0015718023919495617
Mt. Olive SDA Church,2023-02,54283.0,-59778.0,-0.5240879880064176
Mt. Olive SDA Church,2023-03,100870.0,46587.0,0.858224490171877
Mt. Olive SDA Church,2023-04,78949.0,-21921.0,-0.21731932189947456
Mt. Olive SDA Church,2023-05,62565.0,-16384.0,-0.20752637778819238
Mt. Olive SDA Church,2023-06,88141.0,25576.0,0.4087908575081915
Mt. Olive SDA Church,2023-07,60926.0,-27215.0,-0.30876663527756665
Mt. Olive SDA Church,2023-08,119825.0,58899.0,0.9667301316350984
Mt. Olive SDA Church,2023-09,36217.0,-83608.0,-0.6977508867097851
Mt. Olive SDA Church,2023-10,95932.0,59715.0,1.6488113316950603
Mt. Olive SDA Church,2023-11,89699.0,-6233.0,-0.06497310595004795
Mt. Olive SDA Church,2023-12,101225.0,11526.0,0.12849641579058851
Mt. Olive SDA Church,2024-01,97857.0,-3368.0,-0.03327241294146703
Mt. Olive SDA Church,2024-02,100920.0,3063.0,0.03130077562157025
Mt. Olive SDA Church,2024-03,99662.0,-1258.0,-0.012465319064605629
Mt. Olive SDA Church,2024-04,67230.0,-32432.0,-0.3254199193273264
Mt. Olive SDA Church,2024-05,128491.0,61261.0,0.9112152312955526
Mt. Olive SDA Church,2024-06,134246.0,5755.0,0.04478912919971049
Mt. Olive SDA Church,2024-07,120504.0,-13742.0,-0.10236431625523293
Mt. Olive SDA Church,2024-08,123559.0,3055.0,0.02535185554006506
Mt. Olive SDA Church,2024-09,91341.0,-32218.0,-0.2607499251369791
Mt. Olive SDA Church,2024-10,110303.0,18962.0,0.2075957127686362
Mt. Olive SDA Church,2024-11,100664.0,-9639.0,-0.08738656246883585
Mt. Olive SDA Church,2024-12,172023.0,71359.0,0.7088830167686562
Mt. Olive SDA Church,2025-01,160728.0,-11295.0,-0.06565982455834395
Mt. Olive SDA Church,2025-02,137866.0,-22862.0,-0.1422403066049475
Mt. Olive SDA Church,2025-03,104221.0,-33645.0,-0.24404131548024893
Mt. Olive SDA Church,2025-04,64078.0,-40143.0,-0.3851718943399123
Mt. Olive SDA Church,2025-05,38703.0,-25375.0,-0.3960017478697837
Mt. Olive SDA Church,2025-06,38214.0,-489.0,-0.012634679482210682
Nations Church,2022-07,0.0,0.0,
Nations Church,2022-08,0.0,0.0,0.0
Nations Church,2022-09,0.0,0.0,0.0
Nations Church,2022-10,0.0,0.0,0.0
Nations Church,2022-11,0.0,0.0,0.0
Nations Church,2022-12,0.0,0.0,0.0
Nations Church,2023-01,0.0,0.0,0.0
Nations Church,2023-02,0.0,0.0,0.0
Nations Church,2023-03,0.0,0.0,0.0
Nations Church,2023-04,0.0,0.0,0.0
Nations Church,2023-05,0.0,0.0,0.0
Nations Church,2023-06,0.0,0.0,0.0
Nations Church,2023-07,0.0,0.0,0.0
Nations Church,2023-08,0.0,0.0,0.0
Nations Church,2023-09,0.0,0.0,0.0
Nations Church,2023-10,0.0,0.0,0.0
Nations Church,2023-11,0.0,0.0,0.0
Nations Church,2023-12,0.0,0.0,0.0
Nations Church,2024-01,0.0,0.0,0.0
Nations Church,2024-02,0.0,0.0,0.0
Nations Church,2024-03,0.0,0.0,0.0
Nations Church,2024-04,0.0,0.0,0.0
Nations Church,2024-05,0.0,0.0,0.0
Nations Church,2024-06,0.0,0.0,0.0
Nations Church,2024-07,0.0,0.0,0.0
Nations Church,2024-08,0.0,0.0,0.0
Nations Church,2024-09,0.0,0.0,0.0
Nations Church,2024-10,0.0,0.0,0.0
Nations Church,2024-11,2863.0,2863.0,inf
Nations Church,2024-12,3523.0,660.0,0.23052741879147748
Nations Church,2025-01,7029.0,3506.0,0.9951745671302867
Nations Church,2025-02,3869.0,-3160.0,-0.44956608336890025
Nations Church,2025-03,3318.0,-551.0,-0.14241406048074437
Nations Church,2025-04,2246.0,-1072.0,-0.323086196503918
Nations Church,2025-05,0.0,-2246.0,-1.0
Nations Church,2025-06,6168.0,6168.0,inf
Open Hearts,2022-07,0.0,0.0,
Open Hearts,2022-08,212.0,212.0,inf
Open Hearts,2022-09,716.0,504.0,2.3773584905660377
Open Hearts,2022-10,287.0,-429.0,-0.5991620111731844
Open Hearts,2022-11,670.0,383.0,1.3344947735191637
Open Hearts,2022-12,0.0,-670.0,-1.0
Open Hearts,2023-01,57.0,57.0,inf
Open Hearts,2023-02,205.0,148.0,2.5964912280701755
Open Hearts,2023-03,340.0,135.0,0.6585365853658537
Open Hearts,2023-04,0.0,-340.0,-1.0
Open Hearts,2023-05,198.0,198.0,inf
Open Hearts,2023-06,0.0,-198.0,-1.0
Open Hearts,2023-07,0.0,0.0,0.0
Open Hearts,2023-08,0.0,0.0,0.0
Open Hearts,2023-09,0.0,0.0,0.0
Open Hearts,2023-10,166.0,166.0,inf
Open Hearts,2023-11,259.0,93.0,0.5602409638554217
Open Hearts,2023-12,0.0,-259.0,-1.0
Open Hearts,2024-01,0.0,0.0,0.0
Open Hearts,2024-02,0.0,0.0,0.0
Open Hearts,2024-03,244.0,244.0,inf
Open Hearts,2024-04,0.0,-244.0,-1.0
Open Hearts,2024-05,1227.0,1227.0,inf
Open Hearts,2024-06,0.0,-1227.0,-1.0
Open Hearts,2024-07,0.0,0.0,0.0
Open Hearts,2024-08,0.0,0.0,0.0
Open Hearts,2024-09,394.0,394.0,inf
Open Hearts,2024-10,225.0,-169.0,-0.4289340101522843
Open Hearts,2024-11,362.0,137.0,0.6088888888888889
Open Hearts,2024-12,0.0,-362.0,-1.0
Open Hearts,2025-01,207.0,207.0,inf
Open Hearts,2025-02,0.0,-207.0,-1.0
Open Hearts,2025-03,0.0,0.0,0.0
Open Hearts,2025-04,167.0,167.0,inf
Open Hearts,2025-05,0.0,-167.0,-1.0
Open Hearts,2025-06,0.0,0.0,0.0
PINEWOOD ESTATES NORTH---Program,2022-07,15021.0,0.0,
PINEWOOD ESTATES NORTH---Program,2022-08,10585.0,-4436.0,-0.29531988549364224
PINEWOOD ESTATES NORTH---Program,2022-09,9590.0,-995.0,-0.09400094473311289
PINEWOOD ESTATES NORTH---Program,2022-10,13412.0,3822.0,0.39854014598540144
PINEWOOD ESTATES NORTH---Program,2022-11,9384.0,-4028.0,-0.30032806441992244
PINEWOOD ESTATES NORTH---Program,2022-12,11853.0,2469.0,0.2631074168797954
PINEWOOD ESTATES NORTH---Program,2023-01,9792.0,-2061.0,-0.1738800303720577
PINEWOOD ESTATES NORTH---Program,2023-02,9857.0,65.0,0.0066380718954248364
PINEWOOD ESTATES NORTH---Program,2023-03,9770.0,-87.0,-0.008826214872679315
PINEWOOD ESTATES NORTH---Program,2023-04,12964.0,3194.0,0.3269191402251791
PINEWOOD ESTATES NORTH---Program,2023-05,9359.0,-3605.0,-0.2780777537796976
PINEWOOD ESTATES NORTH---Program,2023-06,11719.0,2360.0,0.2521636927022118
PINEWOOD ESTATES NORTH---Program,2023-07,11732.0,13.0,0.0011093096680604147
PINEWOOD ESTATES NORTH---Program,2023-08,15723.0,3991.0,0.34018070235254005
PINEWOOD ESTATES NORTH---Program,2023-09,11176.0,-4547.0,-0.2891941741397952
PINEWOOD ESTATES NORTH---Program,2023-10,11195.0,19.0,0.0017000715819613457
PINEWOOD ESTATES NORTH---Program,2023-11,11765.0,570.0,0.05091558731576597
PINEWOOD ESTATES NORTH---Program,2023-12,11984.0,219.0,0.018614534636634084
PINEWOOD ESTATES NORTH---Program,2024-01,0.0,-11984.0,-1.0
PINEWOOD ESTATES NORTH---Program,2024-02,20337.0,20337.0,inf
PINEWOOD ESTATES NORTH---Program,2024-03,12088.0,-8249.0,-0.40561538083296456
PINEWOOD ESTATES NORTH---Program,2024-04,12577.0,489.0,0.04045334215751158
PINEWOOD ESTATES NORTH---Program,2024-05,11412.0,-1165.0,-0.09262940287826986
PINEWOOD ESTATES NORTH---Program,2024-06,12308.0,896.0,0.07851384507535927
PINEWOOD ESTATES NORTH---Program,2024-07,10028.0,-2280.0,-0.18524536886577836
PINEWOOD ESTATES NORTH---Program,2024-08,13638.0,3610.0,0.35999202233745514
PINEWOOD ESTATES NORTH---Program,2024-09,12032.0,-1606.0,-0.11775920222906584
PINEWOOD ESTATES NORTH---Program,2024-10,12815.0,783.0,0.06507646276595745
PINEWOOD ESTATES NORTH---Program,2024-11,13589.0,774.0,0.06039797112758486
PINEWOOD ESTATES NORTH---Program,2024-12,11670.0,-1919.0,-0.14121716093899478
PINEWOOD ESTATES NORTH---Program,2025-01,12845.0,1175.0,0.10068551842330763
PINEWOOD ESTATES NORTH---Program,2025-02,612.0,-12233.0,-0.9523550019462826
PINEWOOD ESTATES NORTH---Program,2025-03,11986.0,11374.0,18.584967320261438
PINEWOOD ESTATES NORTH---Program,2025-04,12203.0,217.0,0.018104455197730684
PINEWOOD ESTATES NORTH---Program,2025-05,0.0,-12203.0,-1.0
PINEWOOD ESTATES NORTH---Program,2025-06,0.0,0.0,0.0
PLR (People Living in Recovery),2022-07,2686.0,0.0,
PLR (People Living in Recovery),2022-08,2568.0,-118.0,-0.04393149664929263
PLR (People Living in Recovery),2022-09,2260.0,-308.0,-0.11993769470404984
PLR (People Living in Recovery),2022-10,509.0,-1751.0,-0.7747787610619469
PLR (People Living in Recovery),2022-11,631.0,122.0,0.23968565815324164
PLR (People Living in Recovery),2022-12,265.0,-366.0,-0.5800316957210776
PLR (People Living in Recovery),2023-01,435.0,170.0,0.6415094339622641
PLR (People Living in Recovery),2023-02,334.0,-101.0,-0.23218390804597702
PLR (People Living in Recovery),2023-03,308.0,-26.0,-0.07784431137724551
PLR (People Living in Recovery),2023-04,408.0,100.0,0.3246753246753247
PLR (People Living in Recovery),2023-05,794.0,386.0,0.946078431372549
PLR (People Living in Recovery),2023-06,670.0,-124.0,-0.1561712846347607
PLR (People Living in Recovery),2023-07,1046.0,376.0,0.5611940298507463
PLR (People Living in Recovery),2023-08,1515.0,469.0,0.4483747609942639
PLR (People Living in Recovery),2023-09,905.0,-610.0,-0.40264026402640263
PLR (People Living in Recovery),2023-10,843.0,-62.0,-0.06850828729281767
PLR (People Living in Recovery),2023-11,1070.0,227.0,0.269276393831554
PLR (People Living in Recovery),2023-12,290.0,-780.0,-0.7289719626168224
PLR (People Living in Recovery),2024-01,1054.0,764.0,2.6344827586206896
PLR (People Living in Recovery),2024-02,1154.0,100.0,0.09487666034155598
PLR (People Living in Recovery),2024-03,664.0,-490.0,-0.4246100519930676
PLR (People Living in Recovery),2024-04,890.0,226.0,0.34036144578313254
PLR (People Living in Recovery),2024-05,1138.0,248.0,0.2786516853932584
PLR (People Living in Recovery),2024-06,157.0,-981.0,-0.8620386643233744
PLR (People Living in Recovery),2024-07,626.0,469.0,2.9872611464968153
PLR (People Living in Recovery),2024-08,1240.0,614.0,0.9808306709265175
PLR (People Living in Recovery),2024-09,621.0,-619.0,-0.4991935483870968
PLR (People Living in Recovery),2024-10,1257.0,636.0,1.0241545893719808
PLR (People Living in Recovery),2024-11,1047.0,-210.0,-0.16706443914081145
PLR (People Living in Recovery),2024-12,1086.0,39.0,0.03724928366762178
PLR (People Living in Recovery),2025-01,871.0,-215.0,-0.19797421731123388
PLR (People Living in Recovery),2025-02,958.0,87.0,0.09988518943742825
PLR (People Living in Recovery),2025-03,991.0,33.0,0.03444676409185804
PLR (People Living in Recovery),2025-04,803.0,-188.0,-0.18970736629667004
PLR (People Living in Recovery),2025-05,1227.0,424.0,0.5280199252801993
PLR (People Living in Recovery),2025-06,1135.0,-92.0,-0.07497962510187449
Palm House Recovery,2022-07,2108.0,0.0,
Palm House Recovery,2022-08,2617.0,509.0,0.24146110056925996
Palm House Recovery,2022-09,1514.0,-1103.0,-0.4214749713412304
Palm House Recovery,2022-10,970.0,-544.0,-0.35931307793923384
Palm House Recovery,2022-11,1348.0,378.0,0.38969072164948454
Palm House Recovery,2022-12,1280.0,-68.0,-0.050445103857566766
Palm House Recovery,2023-01,991.0,-289.0,-0.22578125
Palm House Recovery,2023-02,1743.0,752.0,0.7588294651866802
Palm House Recovery,2023-03,1254.0,-489.0,-0.28055077452667815
Palm House Recovery,2023-04,588.0,-666.0,-0.5311004784688995
Palm House Recovery,2023-05,946.0,358.0,0.608843537414966
Palm House Recovery,2023-06,539.0,-407.0,-0.43023255813953487
Palm House Recovery,2023-07,706.0,167.0,0.3098330241187384
Palm House Recovery,2023-08,1144.0,438.0,0.6203966005665722
Palm House Recovery,2023-09,772.0,-372.0,-0.32517482517482516
Palm House Recovery,2023-10,617.0,-155.0,-0.20077720207253885
Palm House Recovery,2023-11,1281.0,664.0,1.0761750405186385
Palm House Recovery,2023-12,1183.0,-98.0,-0.07650273224043716
Palm House Recovery,2024-01,869.0,-314.0,-0.2654268808114962
Palm House Recovery,2024-02,474.0,-395.0,-0.45454545454545453
Palm House Recovery,2024-03,868.0,394.0,0.8312236286919831
Palm House Recovery,2024-04,737.0,-131.0,-0.15092165898617513
Palm House Recovery,2024-05,1025.0,288.0,0.39077340569877883
Palm House Recovery,2024-06,598.0,-427.0,-0.4165853658536585
Palm House Recovery,2024-07,840.0,242.0,0.40468227424749165
Palm House Recovery,2024-08,2073.0,1233.0,1.4678571428571427
Palm House Recovery,2024-09,704.0,-1369.0,-0.6603955619874577
Palm House Recovery,2024-10,863.0,159.0,0.22585227272727273
Palm House Recovery,2024-11,940.0,77.0,0.08922363847045191
Palm House Recovery,2024-12,568.0,-372.0,-0.39574468085106385
Palm House Recovery,2025-01,1759.0,1191.0,2.096830985915493
Palm House Recovery,2025-02,1635.0,-124.0,-0.07049459920409323
Palm House Recovery,2025-03,846.0,-789.0,-0.48256880733944957
Palm House Recovery,2025-04,1276.0,430.0,0.508274231678487
Palm House Recovery,2025-05,763.0,-513.0,-0.40203761755485895
Palm House Recovery,2025-06,661.0,-102.0,-0.13368283093053734
Project Safe,2022-07,214.0,0.0,
Project Safe,2022-08,277.0,63.0,0.29439252336448596
Project Safe,2022-09,662.0,385.0,1.3898916967509025
Project Safe,2022-10,219.0,-443.0,-0.6691842900302115
Project Safe,2022-11,465.0,246.0,1.1232876712328768
Project Safe,2022-12,355.0,-110.0,-0.23655913978494625
Project Safe,2023-01,435.0,80.0,0.22535211267605634
Project Safe,2023-02,147.0,-288.0,-0.6620689655172414
Project Safe,2023-03,147.0,0.0,0.0
Project Safe,2023-04,291.0,144.0,0.9795918367346939
Project Safe,2023-05,456.0,165.0,0.5670103092783505
Project Safe,2023-06,413.0,-43.0,-0.09429824561403509
Project Safe,2023-07,542.0,129.0,0.31234866828087166
Project Safe,2023-08,701.0,159.0,0.2933579335793358
Project Safe,2023-09,475.0,-226.0,-0.3223965763195435
Project Safe,2023-10,977.0,502.0,1.0568421052631578
Project Safe,2023-11,536.0,-441.0,-0.45138178096212894
Project Safe,2023-12,301.0,-235.0,-0.43843283582089554
Project Safe,2024-01,288.0,-13.0,-0.04318936877076412
Project Safe,2024-02,1292.0,1004.0,3.486111111111111
Project Safe,2024-03,694.0,-598.0,-0.4628482972136223
Project Safe,2024-04,558.0,-136.0,-0.19596541786743515
Project Safe,2024-05,535.0,-23.0,-0.04121863799283154
Project Safe,2024-06,166.0,-369.0,-0.6897196261682244
Project Safe,2024-07,246.0,80.0,0.4819277108433735
Project Safe,2024-08,709.0,463.0,1.8821138211382114
Project Safe,2024-09,551.0,-158.0,-0.22284908321579688
Project Safe,2024-10,297.0,-254.0,-0.46098003629764067
Project Safe,2024-11,272.0,-25.0,-0.08417508417508418
Project Safe,2024-12,585.0,313.0,1.150735294117647
Project Safe,2025-01,0.0,-585.0,-1.0
Project Safe,2025-02,817.0,817.0,inf
Project Safe,2025-03,498.0,-319.0,-0.390452876376989
Project Safe,2025-04,512.0,14.0,0.028112449799196786
Project Safe,2025-05,287.0,-225.0,-0.439453125
Project Safe,2025-06,282.0,-5.0,-0.017421602787456445
Redeemed Christian Church of God Inc Amazing Grace Parish,2022-07,0.0,0.0,
Redeemed Christian Church of God Inc Amazing Grace Parish,2022-08,666.0,666.0,inf
Redeemed Christian Church of God Inc Amazing Grace Parish,2022-09,1758.0,1092.0,1.6396396396396395
Redeemed Christian Church of God Inc Amazing Grace Parish,2022-10,801.0,-957.0,-0.5443686006825939
Redeemed Christian Church of God Inc Amazing Grace Parish,2022-11,2168.0,1367.0,1.7066167290886392
Redeemed Christian Church of God Inc Amazing Grace Parish,2022-12,503.0,-1665.0,-0.7679889298892989
Redeemed Christian Church of God Inc Amazing Grace Parish,2023-01,1346.0,843.0,1.6759443339960238
Redeemed Christian Church of God Inc Amazing Grace Parish,2023-02,0.0,-1346.0,-1.0
Redeemed Christian Church of God Inc Amazing Grace Parish,2023-03,875.0,875.0,inf
Redeemed Christian Church of God Inc Amazing Grace Parish,2023-04,1031.0,156.0,0.1782857142857143
Redeemed Christian Church of God Inc Amazing Grace Parish,2023-05,0.0,-1031.0,-1.0
Redeemed Christian Church of God Inc Amazing Grace Parish,2023-06,793.0,793.0,inf
Redeemed Christian Church of God Inc Amazing Grace Parish,2023-07,608.0,-185.0,-0.23329129886506936
Redeemed Christian Church of God Inc Amazing Grace Parish,2023-08,3153.0,2545.0,4.185855263157895
Redeemed Christian Church of God Inc Amazing Grace Parish,2023-09,1064.0,-2089.0,-0.6625436092610213
Redeemed Christian Church of God Inc Amazing Grace Parish,2023-10,0.0,-1064.0,-1.0
Redeemed Christian Church of God Inc Amazing Grace Parish,2023-11,2448.0,2448.0,inf
Redeemed Christian Church of God Inc Amazing Grace Parish,2023-12,0.0,-2448.0,-1.0
Redeemed Christian Church of God Inc Amazing Grace Parish,2024-01,0.0,0.0,0.0
Redeemed Christian Church of God Inc Amazing Grace Parish,2024-02,1032.0,1032.0,inf
Redeemed Christian Church of God Inc Amazing Grace Parish,2024-03,1019.0,-13.0,-0.012596899224806201
Redeemed Christian Church of God Inc Amazing Grace Parish,2024-04,1358.0,339.0,0.3326790971540726
Redeemed Christian Church of God Inc Amazing Grace Parish,2024-05,32.0,-1326.0,-0.9764359351988218
Redeemed Christian Church of God Inc Amazing Grace Parish,2024-06,0.0,-32.0,-1.0
Redeemed Christian Church of God Inc Amazing Grace Parish,2024-07,693.0,693.0,inf
Redeemed Christian Church of God Inc Amazing Grace Parish,2024-08,0.0,-693.0,-1.0
Redeemed Christian Church of God Inc Amazing Grace Parish,2024-09,1016.0,1016.0,inf
Redeemed Christian Church of God Inc Amazing Grace Parish,2024-10,1334.0,318.0,0.31299212598425197
Redeemed Christian Church of God Inc Amazing Grace Parish,2024-11,2143.0,809.0,0.6064467766116941
Redeemed Christian Church of God Inc Amazing Grace Parish,2024-12,819.0,-1324.0,-0.6178254783014465
Redeemed Christian Church of God Inc Amazing Grace Parish,2025-01,0.0,-819.0,-1.0
Redeemed Christian Church of God Inc Amazing Grace Parish,2025-02,818.0,818.0,inf
Redeemed Christian Church of God Inc Amazing Grace Parish,2025-03,987.0,169.0,0.20660146699266504
Redeemed Christian Church of God Inc Amazing Grace Parish,2025-04,0.0,-987.0,-1.0
Redeemed Christian Church of God Inc Amazing Grace Parish,2025-05,0.0,0.0,0.0
Redeemed Christian Church of God Inc Amazing Grace Parish,2025-06,891.0,891.0,inf
Salvation Army (Clarke),2022-07,700.0,0.0,
Salvation Army (Clarke),2022-08,0.0,-700.0,-1.0
Salvation Army (Clarke),2022-09,0.0,0.0,0.0
Salvation Army (Clarke),2022-10,0.0,0.0,0.0
Salvation Army (Clarke),2022-11,13043.0,13043.0,inf
Salvation Army (Clarke),2022-12,3604.0,-9439.0,-0.7236832017173963
Salvation Army (Clarke),2023-01,1335.0,-2269.0,-0.6295782463928968
Salvation Army (Clarke),2023-02,0.0,-1335.0,-1.0
Salvation Army (Clarke),2023-03,0.0,0.0,0.0
Salvation Army (Clarke),2023-04,2087.0,2087.0,inf
Salvation Army (Clarke),2023-05,0.0,-2087.0,-1.0
Salvation Army (Clarke),2023-06,2751.0,2751.0,inf
Salvation Army (Clarke),2023-07,0.0,-2751.0,-1.0
Salvation Army (Clarke),2023-08,0.0,0.0,0.0
Salvation Army (Clarke),2023-09,0.0,0.0,0.0
Salvation Army (Clarke),2023-10,0.0,0.0,0.0
Salvation Army (Clarke),2023-11,0.0,0.0,0.0
Salvation Army (Clarke),2023-12,0.0,0.0,0.0
Salvation Army (Clarke),2024-01,0.0,0.0,0.0
Salvation Army (Clarke),2024-02,0.0,0.0,0.0
Salvation Army (Clarke),2024-03,0.0,0.0,0.0
Salvation Army (Clarke),2024-04,1466.0,1466.0,inf
Salvation Army (Clarke),2024-05,175.0,-1291.0,-0.8806275579809004
Salvation Army (Clarke),2024-06,0.0,-175.0,-1.0
Salvation Army (Clarke),2024-07,956.0,956.0,inf
Salvation Army (Clarke),2024-08,0.0,-956.0,-1.0
Salvation Army (Clarke),2024-09,1061.0,1061.0,inf
Salvation Army (Clarke),2024-10,0.0,-1061.0,-1.0
Salvation Army (Clarke),2024-11,0.0,0.0,0.0
Salvation Army (Clarke),2024-12,0.0,0.0,0.0
Salvation Army (Clarke),2025-01,0.0,0.0,0.0
Salvation Army (Clarke),2025-02,0.0,0.0,0.0
Salvation Army (Clarke),2025-03,0.0,0.0,0.0
Salvation Army (Clarke),2025-04,0.0,0.0,0.0
Salvation Army (Clarke),2025-05,0.0,0.0,0.0
Salvation Army (Clarke),2025-06,0.0,0.0,0.0
Sarepta Baptist Missions Network,2022-07,0.0,0.0,
Sarepta Baptist Missions Network,2022-08,0.0,0.0,0.0
Sarepta Baptist Missions Network,2022-09,0.0,0.0,0.0
Sarepta Baptist Missions Network,2022-10,0.0,0.0,0.0
Sarepta Baptist Missions Network,2022-11,0.0,0.0,0.0
Sarepta Baptist Missions Network,2022-12,0.0,0.0,0.0
Sarepta Baptist Missions Network,2023-01,0.0,0.0,0.0
Sarepta Baptist Missions Network,2023-02,0.0,0.0,0.0
Sarepta Baptist Missions Network,2023-03,0.0,0.0,0.0
Sarepta Baptist Missions Network,2023-04,0.0,0.0,0.0
Sarepta Baptist Missions Network,2023-05,0.0,0.0,0.0
Sarepta Baptist Missions Network,2023-06,0.0,0.0,0.0
Sarepta Baptist Missions Network,2023-07,0.0,0.0,0.0
Sarepta Baptist Missions Network,2023-08,0.0,0.0,0.0
Sarepta Baptist Missions Network,2023-09,0.0,0.0,0.0
Sarepta Baptist Missions Network,2023-10,0.0,0.0,0.0
Sarepta Baptist Missions Network,2023-11,0.0,0.0,0.0
Sarepta Baptist Missions Network,2023-12,422.0,422.0,inf
Sarepta Baptist Missions Network,2024-01,1359.0,937.0,2.220379146919431
Sarepta Baptist Missions Network,2024-02,1531.0,172.0,0.12656364974245768
Sarepta Baptist Missions Network,2024-03,1469.0,-62.0,-0.040496407576747225
Sarepta Baptist Missions Network,2024-04,992.0,-477.0,-0.32471068754254595
Sarepta Baptist Missions Network,2024-05,1064.0,72.0,0.07258064516129033
Sarepta Baptist Missions Network,2024-06,443.0,-621.0,-0.5836466165413534
Sarepta Baptist Missions Network,2024-07,347.0,-96.0,-0.21670428893905191
Sarepta Baptist Missions Network,2024-08,189.0,-158.0,-0.4553314121037464
Sarepta Baptist Missions Network,2024-09,279.0,90.0,0.47619047619047616
Sarepta Baptist Missions Network,2024-10,156.0,-123.0,-0.44086021505376344
Sarepta Baptist Missions Network,2024-11,187.0,31.0,0.1987179487179487
Sarepta Baptist Missions Network,2024-12,0.0,-187.0,-1.0
Sarepta Baptist Missions Network,2025-01,117.0,117.0,inf
Sarepta Baptist Missions Network,2025-02,306.0,189.0,1.6153846153846154
Sarepta Baptist Missions Network,2025-03,176.0,-130.0,-0.42483660130718953
Sarepta Baptist Missions Network,2025-04,94.0,-82.0,-0.4659090909090909
Sarepta Baptist Missions Network,2025-05,0.0,-94.0,-1.0
Sarepta Baptist Missions Network,2025-06,0.0,0.0,0.0
Seventh-Day Adventist Church,2022-07,397.0,0.0,
Seventh-Day Adventist Church,2022-08,599.0,202.0,0.5088161209068011
Seventh-Day Adventist Church,2022-09,1234.0,635.0,1.0601001669449082
Seventh-Day Adventist Church,2022-10,505.0,-729.0,-0.5907617504051864
Seventh-Day Adventist Church,2022-11,286.0,-219.0,-0.43366336633663366
Seventh-Day Adventist Church,2022-12,714.0,428.0,1.4965034965034965
Seventh-Day Adventist Church,2023-01,665.0,-49.0,-0.06862745098039216
Seventh-Day Adventist Church,2023-02,384.0,-281.0,-0.42255639097744363
Seventh-Day Adventist Church,2023-03,582.0,198.0,0.515625
Seventh-Day Adventist Church,2023-04,837.0,255.0,0.4381443298969072
Seventh-Day Adventist Church,2023-05,496.0,-341.0,-0.4074074074074074
Seventh-Day Adventist Church,2023-06,888.0,392.0,0.7903225806451613
Seventh-Day Adventist Church,2023-07,797.0,-91.0,-0.10247747747747747
Seventh-Day Adventist Church,2023-08,599.0,-198.0,-0.24843161856963614
Seventh-Day Adventist Church,2023-09,514.0,-85.0,-0.1419031719532554
Seventh-Day Adventist Church,2023-10,1156.0,642.0,1.2490272373540856
Seventh-Day Adventist Church,2023-11,963.0,-193.0,-0.16695501730103807
Seventh-Day Adventist Church,2023-12,946.0,-17.0,-0.017653167185877467
Seventh-Day Adventist Church,2024-01,1130.0,184.0,0.1945031712473573
Seventh-Day Adventist Church,2024-02,657.0,-473.0,-0.41858407079646015
Seventh-Day Adventist Church,2024-03,964.0,307.0,0.4672754946727549
Seventh-Day Adventist Church,2024-04,1316.0,352.0,0.3651452282157676
Seventh-Day Adventist Church,2024-05,572.0,-744.0,-0.5653495440729484
Seventh-Day Adventist Church,2024-06,687.0,115.0,0.20104895104895104
Seventh-Day Adventist Church,2024-07,696.0,9.0,0.013100436681222707
Seventh-Day Adventist Church,2024-08,766.0,70.0,0.10057471264367816
Seventh-Day Adventist Church,2024-09,710.0,-56.0,-0.0731070496083551
Seventh-Day Adventist Church,2024-10,1059.0,349.0,0.4915492957746479
Seventh-Day Adventist Church,2024-11,638.0,-421.0,-0.3975448536355052
Seventh-Day Adventist Church,2024-12,1311.0,673.0,1.054858934169279
Seventh-Day Adventist Church,2025-01,902.0,-409.0,-0.3119755911517925
Seventh-Day Adventist Church,2025-02,417.0,-485.0,-0.5376940133037694
Seventh-Day Adventist Church,2025-03,670.0,253.0,0.6067146282973621
Seventh-Day Adventist Church,2025-04,641.0,-29.0,-0.04328358208955224
Seventh-Day Adventist Church,2025-05,799.0,158.0,0.24648985959438377
Seventh-Day Adventist Church,2025-06,628.0,-171.0,-0.21401752190237797
Sheats Social Services,2022-07,0.0,0.0,
Sheats Social Services,2022-08,0.0,0.0,0.0
Sheats Social Services,2022-09,0.0,0.0,0.0
Sheats Social Services,2022-10,0.0,0.0,0.0
Sheats Social Services,2022-11,0.0,0.0,0.0
Sheats Social Services,2022-12,0.0,0.0,0.0
Sheats Social Services,2023-01,0.0,0.0,0.0
Sheats Social Services,2023-02,0.0,0.0,0.0
Sheats Social Services,2023-03,0.0,0.0,0.0
Sheats Social Services,2023-04,0.0,0.0,0.0
Sheats Social Services,2023-05,0.0,0.0,0.0
Sheats Social Services,2023-06,0.0,0.0,0.0
Sheats Social Services,2023-07,0.0,0.0,0.0
Sheats Social Services,2023-08,0.0,0.0,0.0
Sheats Social Services,2023-09,0.0,0.0,0.0
Sheats Social Services,2023-10,0.0,0.0,0.0
Sheats Social Services,2023-11,0.0,0.0,0.0
Sheats Social Services,2023-12,0.0,0.0,0.0
Sheats Social Services,2024-01,0.0,0.0,0.0
Sheats Social Services,2024-02,0.0,0.0,0.0
Sheats Social Services,2024-03,0.0,0.0,0.0
Sheats Social Services,2024-04,0.0,0.0,0.0
Sheats Social Services,2024-05,0.0,0.0,0.0
Sheats Social Services,2024-06,0.0,0.0,0.0
Sheats Social Services,2024-07,0.0,0.0,0.0
Sheats Social Services,2024-08,0.0,0.0,0.0
Sheats Social Services,2024-09,0.0,0.0,0.0
Sheats Social Services,2024-10,0.0,0.0,0.0
Sheats Social Services,2024-11,1099.0,1099.0,inf
Sheats Social Services,2024-12,728.0,-371.0,-0.3375796178343949
Sheats Social Services,2025-01,0.0,-728.0,-1.0
Sheats Social Services,2025-02,514.0,514.0,inf
Sheats Social Services,2025-03,843.0,329.0,0.6400778210116731
Sheats Social Services,2025-04,827.0,-16.0,-0.018979833926453145
Sheats Social Services,2025-05,375.0,-452.0,-0.5465538089480049
Sheats Social Services,2025-06,452.0,77.0,0.20533333333333334
"Sheriff's Foundation, Clarke County",2022-07,0.0,0.0,
"Sheriff's Foundation, Clarke County",2022-08,0.0,0.0,0.0
"Sheriff's Foundation, Clarke County",2022-09,0.0,0.0,0.0
"Sheriff's Foundation, Clarke County",2022-10,0.0,0.0,0.0
"Sheriff's Foundation, Clarke County",2022-11,0.0,0.0,0.0
"Sheriff's Foundation, Clarke County",2022-12,0.0,0.0,0.0
"Sheriff's Foundation, Clarke County",2023-01,0.0,0.0,0.0
"Sheriff's Foundation, Clarke County",2023-02,0.0,0.0,0.0
"Sheriff's Foundation, Clarke County",2023-03,0.0,0.0,0.0
"Sheriff's Foundation, Clarke County",2023-04,0.0,0.0,0.0
"Sheriff's Foundation, Clarke County",2023-05,0.0,0.0,0.0
"Sheriff's Foundation, Clarke County",2023-06,0.0,0.0,0.0
"Sheriff's Foundation, Clarke County",2023-07,0.0,0.0,0.0
"Sheriff's Foundation, Clarke County",2023-08,0.0,0.0,0.0
"Sheriff's Foundation, Clarke County",2023-09,0.0,0.0,0.0
"Sheriff's Foundation, Clarke County",2023-10,0.0,0.0,0.0
"Sheriff's Foundation, Clarke County",2023-11,0.0,0.0,0.0
"Sheriff's Foundation, Clarke County",2023-12,0.0,0.0,0.0
"Sheriff's Foundation, Clarke County",2024-01,0.0,0.0,0.0
"Sheriff's Foundation, Clarke County",2024-02,0.0,0.0,0.0
"Sheriff's Foundation, Clarke County",2024-03,0.0,0.0,0.0
"Sheriff's Foundation, Clarke County",2024-04,0.0,0.0,0.0
"Sheriff's Foundation, Clarke County",2024-05,0.0,0.0,0.0
"Sheriff's Foundation, Clarke County",2024-06,0.0,0.0,0.0
"Sheriff's Foundation, Clarke County",2024-07,0.0,0.0,0.0
"Sheriff's Foundation, Clarke County",2024-08,0.0,0.0,0.0
"Sheriff's Foundation, Clarke County",2024-09,0.0,0.0,0.0
"Sheriff's Foundation, Clarke County",2024-10,3166.0,3166.0,inf
"Sheriff's Foundation, Clarke County",2024-11,0.0,-3166.0,-1.0
"Sheriff's Foundation, Clarke County",2024-12,14076.0,14076.0,inf
"Sheriff's Foundation, Clarke County",2025-01,0.0,-14076.0,-1.0
"Sheriff's Foundation, Clarke County",2025-02,0.0,0.0,0.0
"Sheriff's Foundation, Clarke County",2025-03,0.0,0.0,0.0
"Sheriff's Foundation, Clarke County",2025-04,0.0,0.0,0.0
"Sheriff's Foundation, Clarke County",2025-05,0.0,0.0,0.0
"Sheriff's Foundation, Clarke County",2025-06,0.0,0.0,0.0
Shiloh Baptist Church,2022-07,12646.0,0.0,
Shiloh Baptist Church,2022-08,0.0,-12646.0,-1.0
Shiloh Baptist Church,2022-09,0.0,0.0,0.0
Shiloh Baptist Church,2022-10,0.0,0.0,0.0
Shiloh Baptist Church,2022-11,2815.0,2815.0,inf
Shiloh Baptist Church,2022-12,0.0,-2815.0,-1.0
Shiloh Baptist Church,2023-01,260.0,260.0,inf
Shiloh Baptist Church,2023-02,1096.0,836.0,3.2153846153846155
Shiloh Baptist Church,2023-03,722.0,-374.0,-0.34124087591240876
Shiloh Baptist Church,2023-04,863.0,141.0,0.19529085872576177
Shiloh Baptist Church,2023-05,0.0,-863.0,-1.0
Shiloh Baptist Church,2023-06,2081.0,2081.0,inf
Shiloh Baptist Church,2023-07,940.0,-1141.0,-0.5482940893801057
Shiloh Baptist Church,2023-08,0.0,-940.0,-1.0
Shiloh Baptist Church,2023-09,1970.0,1970.0,inf
Shiloh Baptist Church,2023-10,2076.0,106.0,0.05380710659898477
Shiloh Baptist Church,2023-11,0.0,-2076.0,-1.0
Shiloh Baptist Church,2023-12,2042.0,2042.0,inf
Shiloh Baptist Church,2024-01,2662.0,620.0,0.3036238981390793
Shiloh Baptist Church,2024-02,828.0,-1834.0,-0.6889556724267468
Shiloh Baptist Church,2024-03,3384.0,2556.0,3.0869565217391304
Shiloh Baptist Church,2024-04,20.0,-3364.0,-0.9940898345153665
Shiloh Baptist Church,2024-05,346.0,326.0,16.3
Shiloh Baptist Church,2024-06,0.0,-346.0,-1.0
Shiloh Baptist Church,2024-07,0.0,0.0,0.0
Shiloh Baptist Church,2024-08,0.0,0.0,0.0
Shiloh Baptist Church,2024-09,0.0,0.0,0.0
Shiloh Baptist Church,2024-10,3269.0,3269.0,inf
Shiloh Baptist Church,2024-11,498.0,-2771.0,-0.8476598348118691
Shiloh Baptist Church,2024-12,0.0,-498.0,-1.0
Shiloh Baptist Church,2025-01,2427.0,2427.0,inf
Shiloh Baptist Church,2025-02,1190.0,-1237.0,-0.5096827358879275
Shiloh Baptist Church,2025-03,1698.0,508.0,0.426890756302521
Shiloh Baptist Church,2025-04,766.0,-932.0,-0.5488810365135454
Shiloh Baptist Church,2025-05,1430.0,664.0,0.8668407310704961
Shiloh Baptist Church,2025-06,555.0,-875.0,-0.6118881118881119
Soul Winner's Ministries,2022-07,0.0,0.0,
Soul Winner's Ministries,2022-08,0.0,0.0,0.0
Soul Winner's Ministries,2022-09,0.0,0.0,0.0
Soul Winner's Ministries,2022-10,580.0,580.0,inf
Soul Winner's Ministries,2022-11,945.0,365.0,0.6293103448275862
Soul Winner's Ministries,2022-12,368.0,-577.0,-0.6105820105820106
Soul Winner's Ministries,2023-01,0.0,-368.0,-1.0
Soul Winner's Ministries,2023-02,0.0,0.0,0.0
Soul Winner's Ministries,2023-03,0.0,0.0,0.0
Soul Winner's Ministries,2023-04,0.0,0.0,0.0
Soul Winner's Ministries,2023-05,0.0,0.0,0.0
Soul Winner's Ministries,2023-06,394.0,394.0,inf
Soul Winner's Ministries,2023-07,0.0,-394.0,-1.0
Soul Winner's Ministries,2023-08,0.0,0.0,0.0
Soul Winner's Ministries,2023-09,258.0,258.0,inf
Soul Winner's Ministries,2023-10,1369.0,1111.0,4.3062015503875966
Soul Winner's Ministries,2023-11,430.0,-939.0,-0.6859021183345507
Soul Winner's Ministries,2023-12,552.0,122.0,0.2837209302325581
Soul Winner's Ministries,2024-01,0.0,-552.0,-1.0
Soul Winner's Ministries,2024-02,0.0,0.0,0.0
Soul Winner's Ministries,2024-03,0.0,0.0,0.0
Soul Winner's Ministries,2024-04,0.0,0.0,0.0
Soul Winner's Ministries,2024-05,53.0,53.0,inf
Soul Winner's Ministries,2024-06,0.0,-53.0,-1.0
Soul Winner's Ministries,2024-07,0.0,0.0,0.0
Soul Winner's Ministries,2024-08,776.0,776.0,inf
Soul Winner's Ministries,2024-09,0.0,-776.0,-1.0
Soul Winner's Ministries,2024-10,0.0,0.0,0.0
Soul Winner's Ministries,2024-11,0.0,0.0,0.0
Soul Winner's Ministries,2024-12,0.0,0.0,0.0
Soul Winner's Ministries,2025-01,0.0,0.0,0.0
Soul Winner's Ministries,2025-02,741.0,741.0,inf
Soul Winner's Ministries,2025-03,843.0,102.0,0.13765182186234817
Soul Winner's Ministries,2025-04,0.0,-843.0,-1.0
Soul Winner's Ministries,2025-05,480.0,480.0,inf
Soul Winner's Ministries,2025-06,0.0,-480.0,-1.0
Sparrows Nest,2022-07,0.0,0.0,
Sparrows Nest,2022-08,315.0,315.0,inf
Sparrows Nest,2022-09,304.0,-11.0,-0.03492063492063492
Sparrows Nest,2022-10,1127.0,823.0,2.7072368421052633
Sparrows Nest,2022-11,0.0,-1127.0,-1.0
Sparrows Nest,2022-12,1038.0,1038.0,inf
Sparrows Nest,2023-01,1826.0,788.0,0.7591522157996147
Sparrows Nest,2023-02,0.0,-1826.0,-1.0
Sparrows Nest,2023-03,2000.0,2000.0,inf
Sparrows Nest,2023-04,1385.0,-615.0,-0.3075
Sparrows Nest,2023-05,0.0,-1385.0,-1.0
Sparrows Nest,2023-06,968.0,968.0,inf
Sparrows Nest,2023-07,93.0,-875.0,-0.9039256198347108
Sparrows Nest,2023-08,589.0,496.0,5.333333333333333
Sparrows Nest,2023-09,400.0,-189.0,-0.32088285229202035
Sparrows Nest,2023-10,0.0,-400.0,-1.0
Sparrows Nest,2023-11,665.0,665.0,inf
Sparrows Nest,2023-12,533.0,-132.0,-0.19849624060150375
Sparrows Nest,2024-01,761.0,228.0,0.4277673545966229
Sparrows Nest,2024-02,425.0,-336.0,-0.44152431011826543
Sparrows Nest,2024-03,615.0,190.0,0.4470588235294118
Sparrows Nest,2024-04,0.0,-615.0,-1.0
Sparrows Nest,2024-05,529.0,529.0,inf
Sparrows Nest,2024-06,496.0,-33.0,-0.062381852551984876
Sparrows Nest,2024-07,0.0,-496.0,-1.0
Sparrows Nest,2024-08,0.0,0.0,0.0
Sparrows Nest,2024-09,0.0,0.0,0.0
Sparrows Nest,2024-10,0.0,0.0,0.0
Sparrows Nest,2024-11,0.0,0.0,0.0
Sparrows Nest,2024-12,644.0,644.0,inf
Sparrows Nest,2025-01,128.0,-516.0,-0.8012422360248447
Sparrows Nest,2025-02,0.0,-128.0,-1.0
Sparrows Nest,2025-03,0.0,0.0,0.0
Sparrows Nest,2025-04,640.0,640.0,inf
Sparrows Nest,2025-05,0.0,-640.0,-1.0
Sparrows Nest,2025-06,0.0,0.0,0.0
Terrapin FBNEGA Mobile Pantry,2022-07,10821.0,0.0,
Terrapin FBNEGA Mobile Pantry,2022-08,10830.0,9.0,0.0008317161075686166
Terrapin FBNEGA Mobile Pantry,2022-09,8682.0,-2148.0,-0.19833795013850417
Terrapin FBNEGA Mobile Pantry,2022-10,9674.0,992.0,0.1142593872379636
Terrapin FBNEGA Mobile Pantry,2022-11,5114.0,-4560.0,-0.4713665495141617
Terrapin FBNEGA Mobile Pantry,2022-12,8616.0,3502.0,0.6847868596010951
Terrapin FBNEGA Mobile Pantry,2023-01,10424.0,1808.0,0.20984215413184773
Terrapin FBNEGA Mobile Pantry,2023-02,9753.0,-671.0,-0.06437068303914044
Terrapin FBNEGA Mobile Pantry,2023-03,7323.0,-2430.0,-0.24915410642879113
Terrapin FBNEGA Mobile Pantry,2023-04,10388.0,3065.0,0.41854431244025675
Terrapin FBNEGA Mobile Pantry,2023-05,9052.0,-1336.0,-0.12860993453985367
Terrapin FBNEGA Mobile Pantry,2023-06,6944.0,-2108.0,-0.2328767123287671
Terrapin FBNEGA Mobile Pantry,2023-07,10193.0,3249.0,0.46788594470046085
Terrapin FBNEGA Mobile Pantry,2023-08,10640.0,447.0,0.04385362503678995
Terrapin FBNEGA Mobile Pantry,2023-09,10978.0,338.0,0.03176691729323308
Terrapin FBNEGA Mobile Pantry,2023-10,10666.0,-312.0,-0.02842047731827291
Terrapin FBNEGA Mobile Pantry,2023-11,9968.0,-698.0,-0.0654415900993812
Terrapin FBNEGA Mobile Pantry,2023-12,11881.0,1913.0,0.19191412520064205
Terrapin FBNEGA Mobile Pantry,2024-01,0.0,-11881.0,-1.0
Terrapin FBNEGA Mobile Pantry,2024-02,0.0,0.0,0.0
Terrapin FBNEGA Mobile Pantry,2024-03,0.0,0.0,0.0
Terrapin FBNEGA Mobile Pantry,2024-04,0.0,0.0,0.0
Terrapin FBNEGA Mobile Pantry,2024-05,0.0,0.0,0.0
Terrapin FBNEGA Mobile Pantry,2024-06,0.0,0.0,0.0
Terrapin FBNEGA Mobile Pantry,2024-07,0.0,0.0,0.0
Terrapin FBNEGA Mobile Pantry,2024-08,0.0,0.0,0.0
Terrapin FBNEGA Mobile Pantry,2024-09,0.0,0.0,0.0
Terrapin FBNEGA Mobile Pantry,2024-10,0.0,0.0,0.0
Terrapin FBNEGA Mobile Pantry,2024-11,0.0,0.0,0.0
Terrapin FBNEGA Mobile Pantry,2024-12,0.0,0.0,0.0
Terrapin FBNEGA Mobile Pantry,2025-01,0.0,0.0,0.0
Terrapin FBNEGA Mobile Pantry,2025-02,0.0,0.0,0.0
Terrapin FBNEGA Mobile Pantry,2025-03,0.0,0.0,0.0
Terrapin FBNEGA Mobile Pantry,2025-04,0.0,0.0,0.0
Terrapin FBNEGA Mobile Pantry,2025-05,0.0,0.0,0.0
Terrapin FBNEGA Mobile Pantry,2025-06,0.0,0.0,0.0
"The Bridge Community Church, Inc.",2022-07,0.0,0.0,
"The Bridge Community Church, Inc.",2022-08,209.0,209.0,inf
"The Bridge Community Church, Inc.",2022-09,0.0,-209.0,-1.0
"The Bridge Community Church, Inc.",2022-10,0.0,0.0,0.0
"The Bridge Community Church, Inc.",2022-11,0.0,0.0,0.0
"The Bridge Community Church, Inc.",2022-12,0.0,0.0,0.0
"The Bridge Community Church, Inc.",2023-01,0.0,0.0,0.0
"The Bridge Community Church, Inc.",2023-02,0.0,0.0,0.0
"The Bridge Community Church, Inc.",2023-03,0.0,0.0,0.0
"The Bridge Community Church, Inc.",2023-04,0.0,0.0,0.0
"The Bridge Community Church, Inc.",2023-05,0.0,0.0,0.0
"The Bridge Community Church, Inc.",2023-06,0.0,0.0,0.0
"The Bridge Community Church, Inc.",2023-07,148.0,148.0,inf
"The Bridge Community Church, Inc.",2023-08,0.0,-148.0,-1.0
"The Bridge Community Church, Inc.",2023-09,210.0,210.0,inf
"The Bridge Community Church, Inc.",2023-10,176.0,-34.0,-0.1619047619047619
"The Bridge Community Church, Inc.",2023-11,121.0,-55.0,-0.3125
"The Bridge Community Church, Inc.",2023-12,110.0,-11.0,-0.09090909090909091
"The Bridge Community Church, Inc.",2024-01,0.0,-110.0,-1.0
"The Bridge Community Church, Inc.",2024-02,0.0,0.0,0.0
"The Bridge Community Church, Inc.",2024-03,0.0,0.0,0.0
"The Bridge Community Church, Inc.",2024-04,181.0,181.0,inf
"The Bridge Community Church, Inc.",2024-05,76.0,-105.0,-0.580110497237569
"The Bridge Community Church, Inc.",2024-06,0.0,-76.0,-1.0
"The Bridge Community Church, Inc.",2024-07,0.0,0.0,0.0
"The Bridge Community Church, Inc.",2024-08,0.0,0.0,0.0
"The Bridge Community Church, Inc.",2024-09,0.0,0.0,0.0
"The Bridge Community Church, Inc.",2024-10,0.0,0.0,0.0
"The Bridge Community Church, Inc.",2024-11,0.0,0.0,0.0
"The Bridge Community Church, Inc.",2024-12,0.0,0.0,0.0
"The Bridge Community Church, Inc.",2025-01,0.0,0.0,0.0
"The Bridge Community Church, Inc.",2025-02,0.0,0.0,0.0
"The Bridge Community Church, Inc.",2025-03,0.0,0.0,0.0
"The Bridge Community Church, Inc.",2025-04,0.0,0.0,0.0
"The Bridge Community Church, Inc.",2025-05,0.0,0.0,0.0
"The Bridge Community Church, Inc.",2025-06,0.0,0.0,0.0
"The Cancer Foundation, INC",2022-07,0.0,0.0,
"The Cancer Foundation, INC",2022-08,0.0,0.0,0.0
"The Cancer Foundation, INC",2022-09,0.0,0.0,0.0
"The Cancer Foundation, INC",2022-10,0.0,0.0,0.0
"The Cancer Foundation, INC",2022-11,0.0,0.0,0.0
"The Cancer Foundation, INC",2022-12,0.0,0.0,0.0
"The Cancer Foundation, INC",2023-01,0.0,0.0,0.0
"The Cancer Foundation, INC",2023-02,0.0,0.0,0.0
"The Cancer Foundation, INC",2023-03,0.0,0.0,0.0
"The Cancer Foundation, INC",2023-04,0.0,0.0,0.0
"The Cancer Foundation, INC",2023-05,0.0,0.0,0.0
"The Cancer Foundation, INC",2023-06,0.0,0.0,0.0
"The Cancer Foundation, INC",2023-07,0.0,0.0,0.0
"The Cancer Foundation, INC",2023-08,0.0,0.0,0.0
"The Cancer Foundation, INC",2023-09,0.0,0.0,0.0
"The Cancer Foundation, INC",2023-10,0.0,0.0,0.0
"The Cancer Foundation, INC",2023-11,0.0,0.0,0.0
"The Cancer Foundation, INC",2023-12,0.0,0.0,0.0
"The Cancer Foundation, INC",2024-01,0.0,0.0,0.0
"The Cancer Foundation, INC",2024-02,282.0,282.0,inf
"The Cancer Foundation, INC",2024-03,320.0,38.0,0.1347517730496454
"The Cancer Foundation, INC",2024-04,12283.0,11963.0,37.384375
"The Cancer Foundation, INC",2024-05,1098.0,-11185.0,-0.9106081576162175
"The Cancer Foundation, INC",2024-06,925.0,-173.0,-0.1575591985428051
"The Cancer Foundation, INC",2024-07,13081.0,12156.0,13.141621621621622
"The Cancer Foundation, INC",2024-08,589.0,-12492.0,-0.9549728614020335
"The Cancer Foundation, INC",2024-09,845.0,256.0,0.43463497453310695
"The Cancer Foundation, INC",2024-10,12678.0,11833.0,14.003550295857988
"The Cancer Foundation, INC",2024-11,778.0,-11900.0,-0.9386338539201767
"The Cancer Foundation, INC",2024-12,12254.0,11476.0,14.75064267352185
"The Cancer Foundation, INC",2025-01,949.0,-11305.0,-0.9225559001142484
"The Cancer Foundation, INC",2025-02,14634.0,13685.0,14.420442571127502
"The Cancer Foundation, INC",2025-03,813.0,-13821.0,-0.9444444444444444
"The Cancer Foundation, INC",2025-04,13816.0,13003.0,15.993849938499386
"The Cancer Foundation, INC",2025-05,1668.0,-12148.0,-0.8792704111175449
"The Cancer Foundation, INC",2025-06,15426.0,13758.0,8.248201438848922
The Extended Table,2022-07,503.0,0.0,
The Extended Table,2022-08,312.0,-191.0,-0.3797216699801193
The Extended Table,2022-09,600.0,288.0,0.9230769230769231
The Extended Table,2022-10,557.0,-43.0,-0.07166666666666667
The Extended Table,2022-11,242.0,-315.0,-0.5655296229802513
The Extended Table,2022-12,591.0,349.0,1.4421487603305785
The Extended Table,2023-01,281.0,-310.0,-0.5245346869712352
The Extended Table,2023-02,149.0,-132.0,-0.4697508896797153
The Extended Table,2023-03,522.0,373.0,2.5033557046979866
The Extended Table,2023-04,419.0,-103.0,-0.19731800766283525
The Extended Table,2023-05,381.0,-38.0,-0.09069212410501193
The Extended Table,2023-06,538.0,157.0,0.4120734908136483
The Extended Table,2023-07,600.0,62.0,0.11524163568773234
The Extended Table,2023-08,897.0,297.0,0.495
The Extended Table,2023-09,437.0,-460.0,-0.5128205128205128
The Extended Table,2023-10,189.0,-248.0,-0.5675057208237986
The Extended Table,2023-11,222.0,33.0,0.1746031746031746
The Extended Table,2023-12,377.0,155.0,0.6981981981981982
The Extended Table,2024-01,286.0,-91.0,-0.2413793103448276
The Extended Table,2024-02,66.0,-220.0,-0.7692307692307693
The Extended Table,2024-03,452.0,386.0,5.848484848484849
The Extended Table,2024-04,99.0,-353.0,-0.7809734513274337
The Extended Table,2024-05,834.0,735.0,7.424242424242424
The Extended Table,2024-06,402.0,-432.0,-0.5179856115107914
The Extended Table,2024-07,384.0,-18.0,-0.04477611940298507
The Extended Table,2024-08,545.0,161.0,0.4192708333333333
The Extended Table,2024-09,333.0,-212.0,-0.3889908256880734
The Extended Table,2024-10,0.0,-333.0,-1.0
The Extended Table,2024-11,312.0,312.0,inf
The Extended Table,2024-12,0.0,-312.0,-1.0
The Extended Table,2025-01,0.0,0.0,0.0
The Extended Table,2025-02,283.0,283.0,inf
The Extended Table,2025-03,329.0,46.0,0.1625441696113074
The Extended Table,2025-04,606.0,277.0,0.8419452887537994
The Extended Table,2025-05,364.0,-242.0,-0.39933993399339934
The Extended Table,2025-06,181.0,-183.0,-0.5027472527472527
The Table UGA,2022-07,359.0,0.0,
The Table UGA,2022-08,0.0,-359.0,-1.0
The Table UGA,2022-09,420.0,420.0,inf
The Table UGA,2022-10,160.0,-260.0,-0.6190476190476191
The Table UGA,2022-11,0.0,-160.0,-1.0
The Table UGA,2022-12,0.0,0.0,0.0
The Table UGA,2023-01,400.0,400.0,inf
The Table UGA,2023-02,134.0,-266.0,-0.665
The Table UGA,2023-03,196.0,62.0,0.4626865671641791
The Table UGA,2023-04,305.0,109.0,0.5561224489795918
The Table UGA,2023-05,204.0,-101.0,-0.33114754098360655
The Table UGA,2023-06,0.0,-204.0,-1.0
The Table UGA,2023-07,0.0,0.0,0.0
The Table UGA,2023-08,509.0,509.0,inf
The Table UGA,2023-09,0.0,-509.0,-1.0
The Table UGA,2023-10,318.0,318.0,inf
The Table UGA,2023-11,149.0,-169.0,-0.5314465408805031
The Table UGA,2023-12,0.0,-149.0,-1.0
The Table UGA,2024-01,396.0,396.0,inf
The Table UGA,2024-02,0.0,-396.0,-1.0
The Table UGA,2024-03,110.0,110.0,inf
The Table UGA,2024-04,166.0,56.0,0.509090909090909
The Table UGA,2024-05,0.0,-166.0,-1.0
The Table UGA,2024-06,0.0,0.0,0.0
The Table UGA,2024-07,0.0,0.0,0.0
The Table UGA,2024-08,0.0,0.0,0.0
The Table UGA,2024-09,100.0,100.0,inf
The Table UGA,2024-10,201.0,101.0,1.01
The Table UGA,2024-11,0.0,-201.0,-1.0
The Table UGA,2024-12,0.0,0.0,0.0
The Table UGA,2025-01,193.0,193.0,inf
The Table UGA,2025-02,0.0,-193.0,-1.0
The Table UGA,2025-03,105.0,105.0,inf
The Table UGA,2025-04,264.0,159.0,1.5142857142857142
The Table UGA,2025-05,127.0,-137.0,-0.5189393939393939
The Table UGA,2025-06,0.0,-127.0,-1.0
"The Twin Angels, Inc. ",2022-07,0.0,0.0,
"The Twin Angels, Inc. ",2022-08,0.0,0.0,0.0
"The Twin Angels, Inc. ",2022-09,0.0,0.0,0.0
"The Twin Angels, Inc. ",2022-10,0.0,0.0,0.0
"The Twin Angels, Inc. ",2022-11,0.0,0.0,0.0
"The Twin Angels, Inc. ",2022-12,0.0,0.0,0.0
"The Twin Angels, Inc. ",2023-01,0.0,0.0,0.0
"The Twin Angels, Inc. ",2023-02,0.0,0.0,0.0
"The Twin Angels, Inc. ",2023-03,0.0,0.0,0.0
"The Twin Angels, Inc. ",2023-04,0.0,0.0,0.0
"The Twin Angels, Inc. ",2023-05,0.0,0.0,0.0
"The Twin Angels, Inc. ",2023-06,0.0,0.0,0.0
"The Twin Angels, Inc. ",2023-07,0.0,0.0,0.0
"The Twin Angels, Inc. ",2023-08,0.0,0.0,0.0
"The Twin Angels, Inc. ",2023-09,0.0,0.0,0.0
"The Twin Angels, Inc. ",2023-10,0.0,0.0,0.0
"The Twin Angels, Inc. ",2023-11,0.0,0.0,0.0
"The Twin Angels, Inc. ",2023-12,0.0,0.0,0.0
"The Twin Angels, Inc. ",2024-01,0.0,0.0,0.0
"The Twin Angels, Inc. ",2024-02,0.0,0.0,0.0
"The Twin Angels, Inc. ",2024-03,0.0,0.0,0.0
"The Twin Angels, Inc. ",2024-04,10625.0,10625.0,inf
"The Twin Angels, Inc. ",2024-05,26763.0,16138.0,1.5188705882352942
"The Twin Angels, Inc. ",2024-06,7830.0,-18933.0,-0.7074319022531106
"The Twin Angels, Inc. ",2024-07,13265.0,5435.0,0.6941251596424011
"The Twin Angels, Inc. ",2024-08,10540.0,-2725.0,-0.20542781756502074
"The Twin Angels, Inc. ",2024-09,5698.0,-4842.0,-0.45939278937381406
"The Twin Angels, Inc. ",2024-10,18805.0,13107.0,2.3002808002808
"The Twin Angels, Inc. ",2024-11,3423.0,-15382.0,-0.8179739431002393
"The Twin Angels, Inc. ",2024-12,4224.0,801.0,0.23400525854513585
"The Twin Angels, Inc. ",2025-01,19533.0,15309.0,3.624289772727273
"The Twin Angels, Inc. ",2025-02,11203.0,-8330.0,-0.42645778938207135
"The Twin Angels, Inc. ",2025-03,41148.0,29945.0,2.6729447469427834
"The Twin Angels, Inc. ",2025-04,0.0,-41148.0,-1.0
"The Twin Angels, Inc. ",2025-05,0.0,0.0,0.0
"The Twin Angels, Inc. ",2025-06,0.0,0.0,0.0
Timothy Baptist Church,2022-07,0.0,0.0,
Timothy Baptist Church,2022-08,3507.0,3507.0,inf
Timothy Baptist Church,2022-09,2990.0,-517.0,-0.14741944682064442
Timothy Baptist Church,2022-10,1605.0,-1385.0,-0.46321070234113715
Timothy Baptist Church,2022-11,2780.0,1175.0,0.7320872274143302
Timothy Baptist Church,2022-12,0.0,-2780.0,-1.0
Timothy Baptist Church,2023-01,0.0,0.0,0.0
Timothy Baptist Church,2023-02,2354.0,2354.0,inf
Timothy Baptist Church,2023-03,2526.0,172.0,0.07306711979609176
Timothy Baptist Church,2023-04,100.0,-2426.0,-0.9604117181314331
Timothy Baptist Church,2023-05,2540.0,2440.0,24.4
Timothy Baptist Church,2023-06,875.0,-1665.0,-0.655511811023622
Timothy Baptist Church,2023-07,1601.0,726.0,0.8297142857142857
Timothy Baptist Church,2023-08,4128.0,2527.0,1.5783885071830106
Timothy Baptist Church,2023-09,1179.0,-2949.0,-0.7143895348837209
Timothy Baptist Church,2023-10,3150.0,1971.0,1.6717557251908397
Timothy Baptist Church,2023-11,3395.0,245.0,0.07777777777777778
Timothy Baptist Church,2023-12,0.0,-3395.0,-1.0
Timothy Baptist Church,2024-01,3233.0,3233.0,inf
Timothy Baptist Church,2024-02,4187.0,954.0,0.29508196721311475
Timothy Baptist Church,2024-03,4810.0,623.0,0.1487938858371149
Timothy Baptist Church,2024-04,5187.0,377.0,0.07837837837837838
Timothy Baptist Church,2024-05,3191.0,-1996.0,-0.3848081742818585
Timothy Baptist Church,2024-06,1669.0,-1522.0,-0.4769664681917894
Timothy Baptist Church,2024-07,1101.0,-568.0,-0.3403235470341522
Timothy Baptist Church,2024-08,5440.0,4339.0,3.940962761126249
Timothy Baptist Church,2024-09,5720.0,280.0,0.051470588235294115
Timothy Baptist Church,2024-10,4897.0,-823.0,-0.14388111888111887
Timothy Baptist Church,2024-11,4646.0,-251.0,-0.05125587094139269
Timothy Baptist Church,2024-12,0.0,-4646.0,-1.0
Timothy Baptist Church,2025-01,4261.0,4261.0,inf
Timothy Baptist Church,2025-02,6067.0,1806.0,0.4238441680356724
Timothy Baptist Church,2025-03,5165.0,-902.0,-0.14867314982693258
Timothy Baptist Church,2025-04,4488.0,-677.0,-0.13107454017424977
Timothy Baptist Church,2025-05,2475.0,-2013.0,-0.4485294117647059
Timothy Baptist Church,2025-06,5272.0,2797.0,1.13010101010101
"True Comfort Care Home, Inc.",2022-07,1256.0,0.0,
"True Comfort Care Home, Inc.",2022-08,1568.0,312.0,0.2484076433121019
"True Comfort Care Home, Inc.",2022-09,6235.0,4667.0,2.97640306122449
"True Comfort Care Home, Inc.",2022-10,2190.0,-4045.0,-0.648757016840417
"True Comfort Care Home, Inc.",2022-11,26602.0,24412.0,11.147031963470319
"True Comfort Care Home, Inc.",2022-12,10543.0,-16059.0,-0.6036764153071198
"True Comfort Care Home, Inc.",2023-01,5053.0,-5490.0,-0.5207246514274875
"True Comfort Care Home, Inc.",2023-02,1389.0,-3664.0,-0.7251137937858698
"True Comfort Care Home, Inc.",2023-03,9386.0,7997.0,5.757379409647228
"True Comfort Care Home, Inc.",2023-04,1896.0,-7490.0,-0.7979970168335819
"True Comfort Care Home, Inc.",2023-05,12043.0,10147.0,5.351793248945148
"True Comfort Care Home, Inc.",2023-06,6640.0,-5403.0,-0.44864236485925435
"True Comfort Care Home, Inc.",2023-07,750.0,-5890.0,-0.8870481927710844
"True Comfort Care Home, Inc.",2023-08,7903.0,7153.0,9.537333333333333
"True Comfort Care Home, Inc.",2023-09,5245.0,-2658.0,-0.33632797671770215
"True Comfort Care Home, Inc.",2023-10,13970.0,8725.0,1.663489037178265
"True Comfort Care Home, Inc.",2023-11,9352.0,-4618.0,-0.3305654974946314
"True Comfort Care Home, Inc.",2023-12,11516.0,2164.0,0.23139435414884515
"True Comfort Care Home, Inc.",2024-01,53269.0,41753.0,3.6256512678013197
"True Comfort Care Home, Inc.",2024-02,12066.0,-41203.0,-0.7734892714336669
"True Comfort Care Home, Inc.",2024-03,8649.0,-3417.0,-0.28319244157135753
"True Comfort Care Home, Inc.",2024-04,17168.0,8519.0,0.9849693606197248
"True Comfort Care Home, Inc.",2024-05,0.0,-17168.0,-1.0
"True Comfort Care Home, Inc.",2024-06,0.0,0.0,0.0
"True Comfort Care Home, Inc.",2024-07,0.0,0.0,0.0
"True Comfort Care Home, Inc.",2024-08,0.0,0.0,0.0
"True Comfort Care Home, Inc.",2024-09,0.0,0.0,0.0
"True Comfort Care Home, Inc.",2024-10,0.0,0.0,0.0
"True Comfort Care Home, Inc.",2024-11,0.0,0.0,0.0
"True Comfort Care Home, Inc.",2024-12,0.0,0.0,0.0
"True Comfort Care Home, Inc.",2025-01,0.0,0.0,0.0
"True Comfort Care Home, Inc.",2025-02,0.0,0.0,0.0
"True Comfort Care Home, Inc.",2025-03,0.0,0.0,0.0
"True Comfort Care Home, Inc.",2025-04,0.0,0.0,0.0
"True Comfort Care Home, Inc.",2025-05,0.0,0.0,0.0
"True Comfort Care Home, Inc.",2025-06,0.0,0.0,0.0
True Holiness Temple Church of God,2022-07,2951.0,0.0,
True Holiness Temple Church of God,2022-08,4177.0,1226.0,0.41545238902067094
True Holiness Temple Church of God,2022-09,2251.0,-1926.0,-0.4610964807277951
True Holiness Temple Church of God,2022-10,3031.0,780.0,0.346512661039538
True Holiness Temple Church of God,2022-11,5658.0,2627.0,0.8667106565489937
True Holiness Temple Church of God,2022-12,7660.0,2002.0,0.3538352774832096
True Holiness Temple Church of God,2023-01,4898.0,-2762.0,-0.36057441253263706
True Holiness Temple Church of God,2023-02,1827.0,-3071.0,-0.6269906084115966
True Holiness Temple Church of God,2023-03,1623.0,-204.0,-0.1116584564860427
True Holiness Temple Church of God,2023-04,1400.0,-223.0,-0.13739987677141097
True Holiness Temple Church of God,2023-05,942.0,-458.0,-0.3271428571428571
True Holiness Temple Church of God,2023-06,2811.0,1869.0,1.984076433121019
True Holiness Temple Church of God,2023-07,2632.0,-179.0,-0.06367840626111704
True Holiness Temple Church of God,2023-08,2321.0,-311.0,-0.11816109422492402
True Holiness Temple Church of God,2023-09,5476.0,3155.0,1.3593278759155536
True Holiness Temple Church of God,2023-10,1943.0,-3533.0,-0.6451789627465303
True Holiness Temple Church of God,2023-11,2187.0,244.0,0.12557900154400412
True Holiness Temple Church of God,2023-12,2139.0,-48.0,-0.02194787379972565
True Holiness Temple Church of God,2024-01,5073.0,2934.0,1.3716690042075736
True Holiness Temple Church of God,2024-02,3432.0,-1641.0,-0.3234772324068598
True Holiness Temple Church of God,2024-03,3380.0,-52.0,-0.015151515151515152
True Holiness Temple Church of God,2024-04,4427.0,1047.0,0.30976331360946746
True Holiness Temple Church of God,2024-05,4067.0,-360.0,-0.08131917777275807
True Holiness Temple Church of God,2024-06,3634.0,-433.0,-0.10646668305876568
True Holiness Temple Church of God,2024-07,4908.0,1274.0,0.35057787561915243
True Holiness Temple Church of God,2024-08,6298.0,1390.0,0.2832110839445803
True Holiness Temple Church of God,2024-09,2969.0,-3329.0,-0.5285805017465862
True Holiness Temple Church of God,2024-10,5353.0,2384.0,0.802963960929606
True Holiness Temple Church of God,2024-11,1774.0,-3579.0,-0.6685970483840837
True Holiness Temple Church of God,2024-12,2638.0,864.0,0.48703494926719276
True Holiness Temple Church of God,2025-01,3033.0,395.0,0.14973464746019713
True Holiness Temple Church of God,2025-02,5516.0,2483.0,0.8186613913616881
True Holiness Temple Church of God,2025-03,3181.0,-2335.0,-0.423313995649021
True Holiness Temple Church of God,2025-04,2042.0,-1139.0,-0.3580635020433826
True Holiness Temple Church of God,2025-05,2263.0,221.0,0.10822722820763957
True Holiness Temple Church of God,2025-06,2594.16,331.15999999999985,0.14633672116659296
UGA Student Food Pantry,2022-07,0.0,0.0,
UGA Student Food Pantry,2022-08,0.0,0.0,0.0
UGA Student Food Pantry,2022-09,0.0,0.0,0.0
UGA Student Food Pantry,2022-10,0.0,0.0,0.0
UGA Student Food Pantry,2022-11,0.0,0.0,0.0
UGA Student Food Pantry,2022-12,0.0,0.0,0.0
UGA Student Food Pantry,2023-01,0.0,0.0,0.0
UGA Student Food Pantry,2023-02,0.0,0.0,0.0
UGA Student Food Pantry,2023-03,0.0,0.0,0.0
UGA Student Food Pantry,2023-04,0.0,0.0,0.0
UGA Student Food Pantry,2023-05,0.0,0.0,0.0
UGA Student Food Pantry,2023-06,0.0,0.0,0.0
UGA Student Food Pantry,2023-07,0.0,0.0,0.0
UGA Student Food Pantry,2023-08,0.0,0.0,0.0
UGA Student Food Pantry,2023-09,0.0,0.0,0.0
UGA Student Food Pantry,2023-10,0.0,0.0,0.0
UGA Student Food Pantry,2023-11,10818.0,10818.0,inf
UGA Student Food Pantry,2023-12,0.0,-10818.0,-1.0
UGA Student Food Pantry,2024-01,0.0,0.0,0.0
UGA Student Food Pantry,2024-02,0.0,0.0,0.0
UGA Student Food Pantry,2024-03,0.0,0.0,0.0
UGA Student Food Pantry,2024-04,0.0,0.0,0.0
UGA Student Food Pantry,2024-05,0.0,0.0,0.0
UGA Student Food Pantry,2024-06,0.0,0.0,0.0
UGA Student Food Pantry,2024-07,0.0,0.0,0.0
UGA Student Food Pantry,2024-08,0.0,0.0,0.0
UGA Student Food Pantry,2024-09,336.0,336.0,inf
UGA Student Food Pantry,2024-10,4865.0,4529.0,13.479166666666666
UGA Student Food Pantry,2024-11,12980.0,8115.0,1.6680369989722508
UGA Student Food Pantry,2024-12,238.0,-12742.0,-0.9816640986132511
UGA Student Food Pantry,2025-01,6792.0,6554.0,27.537815126050422
UGA Student Food Pantry,2025-02,9450.0,2658.0,0.3913427561837456
UGA Student Food Pantry,2025-03,8773.0,-677.0,-0.07164021164021164
UGA Student Food Pantry,2025-04,7868.0,-905.0,-0.10315741479539496
UGA Student Food Pantry,2025-05,2201.0,-5667.0,-0.7202592780884596
UGA Student Food Pantry,2025-06,2971.0,770.0,0.34984098137210357
Unitarian Universalist Fellowship of Athens,2022-07,0.0,0.0,
Unitarian Universalist Fellowship of Athens,2022-08,0.0,0.0,0.0
Unitarian Universalist Fellowship of Athens,2022-09,0.0,0.0,0.0
Unitarian Universalist Fellowship of Athens,2022-10,0.0,0.0,0.0
Unitarian Universalist Fellowship of Athens,2022-11,0.0,0.0,0.0
Unitarian Universalist Fellowship of Athens,2022-12,0.0,0.0,0.0
Unitarian Universalist Fellowship of Athens,2023-01,0.0,0.0,0.0
Unitarian Universalist Fellowship of Athens,2023-02,0.0,0.0,0.0
Unitarian Universalist Fellowship of Athens,2023-03,0.0,0.0,0.0
Unitarian Universalist Fellowship of Athens,2023-04,0.0,0.0,0.0
Unitarian Universalist Fellowship of Athens,2023-05,0.0,0.0,0.0
Unitarian Universalist Fellowship of Athens,2023-06,0.0,0.0,0.0
Unitarian Universalist Fellowship of Athens,2023-07,0.0,0.0,0.0
Unitarian Universalist Fellowship of Athens,2023-08,0.0,0.0,0.0
Unitarian Universalist Fellowship of Athens,2023-09,0.0,0.0,0.0
Unitarian Universalist Fellowship of Athens,2023-10,0.0,0.0,0.0
Unitarian Universalist Fellowship of Athens,2023-11,0.0,0.0,0.0
Unitarian Universalist Fellowship of Athens,2023-12,0.0,0.0,0.0
Unitarian Universalist Fellowship of Athens,2024-01,253.0,253.0,inf
Unitarian Universalist Fellowship of Athens,2024-02,0.0,-253.0,-1.0
Unitarian Universalist Fellowship of Athens,2024-03,77.0,77.0,inf
Unitarian Universalist Fellowship of Athens,2024-04,0.0,-77.0,-1.0
Unitarian Universalist Fellowship of Athens,2024-05,64.0,64.0,inf
Unitarian Universalist Fellowship of Athens,2024-06,0.0,-64.0,-1.0
Unitarian Universalist Fellowship of Athens,2024-07,0.0,0.0,0.0
Unitarian Universalist Fellowship of Athens,2024-08,0.0,0.0,0.0
Unitarian Universalist Fellowship of Athens,2024-09,0.0,0.0,0.0
Unitarian Universalist Fellowship of Athens,2024-10,0.0,0.0,0.0
Unitarian Universalist Fellowship of Athens,2024-11,61.0,61.0,inf
Unitarian Universalist Fellowship of Athens,2024-12,0.0,-61.0,-1.0
Unitarian Universalist Fellowship of Athens,2025-01,100.0,100.0,inf
Unitarian Universalist Fellowship of Athens,2025-02,56.0,-44.0,-0.44
Unitarian Universalist Fellowship of Athens,2025-03,0.0,-56.0,-1.0
Unitarian Universalist Fellowship of Athens,2025-04,73.0,73.0,inf
Unitarian Universalist Fellowship of Athens,2025-05,112.0,39.0,0.5342465753424658
Unitarian Universalist Fellowship of Athens,2025-06,26.0,-86.0,-0.7678571428571429
Virginia Walker Mobile Pantry,2022-07,11269.0,0.0,
Virginia Walker Mobile Pantry,2022-08,10266.0,-1003.0,-0.08900523560209424
Virginia Walker Mobile Pantry,2022-09,11340.0,1074.0,0.10461718293395675
Virginia Walker Mobile Pantry,2022-10,9217.0,-2123.0,-0.18721340388007054
Virginia Walker Mobile Pantry,2022-11,10004.0,787.0,0.08538570033633504
Virginia Walker Mobile Pantry,2022-12,11110.0,1106.0,0.11055577768892443
Virginia Walker Mobile Pantry,2023-01,8627.0,-2483.0,-0.2234923492349235
Virginia Walker Mobile Pantry,2023-02,8883.0,256.0,0.029674278428190565
Virginia Walker Mobile Pantry,2023-03,7973.0,-910.0,-0.1024428684003152
Virginia Walker Mobile Pantry,2023-04,10815.0,2842.0,0.35645302897278314
Virginia Walker Mobile Pantry,2023-05,7730.0,-3085.0,-0.28525196486361537
Virginia Walker Mobile Pantry,2023-06,10408.0,2678.0,0.3464424320827943
Virginia Walker Mobile Pantry,2023-07,10784.0,376.0,0.0361260568793236
Virginia Walker Mobile Pantry,2023-08,7541.0,-3243.0,-0.300723293768546
Virginia Walker Mobile Pantry,2023-09,14216.0,6675.0,0.8851611192149582
Virginia Walker Mobile Pantry,2023-10,11733.0,-2483.0,-0.1746623522791221
Virginia Walker Mobile Pantry,2023-11,11980.0,247.0,0.021051734424273418
Virginia Walker Mobile Pantry,2023-12,12150.0,170.0,0.014190317195325543
Virginia Walker Mobile Pantry,2024-01,11239.0,-911.0,-0.07497942386831276
Virginia Walker Mobile Pantry,2024-02,11867.0,628.0,0.05587685737165228
Virginia Walker Mobile Pantry,2024-03,12858.0,991.0,0.0835088901997135
Virginia Walker Mobile Pantry,2024-04,11738.0,-1120.0,-0.08710530409083839
Virginia Walker Mobile Pantry,2024-05,11904.0,166.0,0.014142102572840348
Virginia Walker Mobile Pantry,2024-06,10867.0,-1037.0,-0.0871135752688172
Virginia Walker Mobile Pantry,2024-07,10502.0,-365.0,-0.03358792675071317
Virginia Walker Mobile Pantry,2024-08,0.0,-10502.0,-1.0
Virginia Walker Mobile Pantry,2024-09,0.0,0.0,0.0
Virginia Walker Mobile Pantry,2024-10,0.0,0.0,0.0
Virginia Walker Mobile Pantry,2024-11,0.0,0.0,0.0
Virginia Walker Mobile Pantry,2024-12,0.0,0.0,0.0
Virginia Walker Mobile Pantry,2025-01,0.0,0.0,0.0
Virginia Walker Mobile Pantry,2025-02,0.0,0.0,0.0
Virginia Walker Mobile Pantry,2025-03,0.0,0.0,0.0
Virginia Walker Mobile Pantry,2025-04,0.0,0.0,0.0
Virginia Walker Mobile Pantry,2025-05,0.0,0.0,0.0
Virginia Walker Mobile Pantry,2025-06,0.0,0.0,0.0
Winterville First Baptist Church,2022-07,6468.0,0.0,
Winterville First Baptist Church,2022-08,6768.0,300.0,0.04638218923933209
Winterville First Baptist Church,2022-09,6848.0,80.0,0.01182033096926714
Winterville First Baptist Church,2022-10,9768.0,2920.0,0.4264018691588785
Winterville First Baptist Church,2022-11,6920.0,-2848.0,-0.2915642915642916
Winterville First Baptist Church,2022-12,6396.0,-524.0,-0.07572254335260116
Winterville First Baptist Church,2023-01,5004.0,-1392.0,-0.2176360225140713
Winterville First Baptist Church,2023-02,4780.0,-224.0,-0.04476418864908074
Winterville First Baptist Church,2023-03,5276.0,496.0,0.10376569037656903
Winterville First Baptist Church,2023-04,3273.0,-2003.0,-0.3796436694465504
Winterville First Baptist Church,2023-05,5333.0,2060.0,0.6293919951115184
Winterville First Baptist Church,2023-06,5838.0,505.0,0.09469341833864617
Winterville First Baptist Church,2023-07,5435.0,-403.0,-0.06903048989379924
Winterville First Baptist Church,2023-08,7963.0,2528.0,0.46513339466421344
Winterville First Baptist Church,2023-09,4045.0,-3918.0,-0.4920256184854954
Winterville First Baptist Church,2023-10,5956.0,1911.0,0.47243510506798514
Winterville First Baptist Church,2023-11,8477.0,2521.0,0.4232706514439221
Winterville First Baptist Church,2023-12,7226.0,-1251.0,-0.14757579332310958
Winterville First Baptist Church,2024-01,6740.0,-486.0,-0.06725712704123997
Winterville First Baptist Church,2024-02,8658.0,1918.0,0.28456973293768545
Winterville First Baptist Church,2024-03,6601.0,-2057.0,-0.23758373758373758
Winterville First Baptist Church,2024-04,6723.0,122.0,0.01848204817451901
Winterville First Baptist Church,2024-05,8496.0,1773.0,0.2637215528781794
Winterville First Baptist Church,2024-06,6911.08,-1584.92,-0.18654896421845577
Winterville First Baptist Church,2024-07,5008.0,-1903.08,-0.2753665129039166
Winterville First Baptist Church,2024-08,8037.0,3029.0,0.604832268370607
Winterville First Baptist Church,2024-09,6062.0,-1975.0,-0.2457384596242379
Winterville First Baptist Church,2024-10,9237.0,3175.0,0.523754536456615
Winterville First Baptist Church,2024-11,11395.0,2158.0,0.23362563602901376
Winterville First Baptist Church,2024-12,8626.0,-2769.0,-0.24300131636682756
Winterville First Baptist Church,2025-01,8160.0,-466.0,-0.054022722003246
Winterville First Baptist Church,2025-02,8554.0,394.0,0.0482843137254902
Winterville First Baptist Church,2025-03,6035.0,-2519.0,-0.2944821136310498
Winterville First Baptist Church,2025-04,5791.0,-244.0,-0.040430820215410106
Winterville First Baptist Church,2025-05,8227.0,2436.0,0.4206527370056985
Winterville First Baptist Church,2025-06,7298.0,-929.0,-0.11292087030509299
Women's Recovery Resources,2022-07,0.0,0.0,
Women's Recovery Resources,2022-08,0.0,0.0,0.0
Women's Recovery Resources,2022-09,0.0,0.0,0.0
Women's Recovery Resources,2022-10,0.0,0.0,0.0
Women's Recovery Resources,2022-11,0.0,0.0,0.0
Women's Recovery Resources,2022-12,0.0,0.0,0.0
Women's Recovery Resources,2023-01,0.0,0.0,0.0
Women's Recovery Resources,2023-02,0.0,0.0,0.0
Women's Recovery Resources,2023-03,0.0,0.0,0.0
Women's Recovery Resources,2023-04,0.0,0.0,0.0
Women's Recovery Resources,2023-05,0.0,0.0,0.0
Women's Recovery Resources,2023-06,0.0,0.0,0.0
Women's Recovery Resources,2023-07,0.0,0.0,0.0
Women's Recovery Resources,2023-08,0.0,0.0,0.0
Women's Recovery Resources,2023-09,0.0,0.0,0.0
Women's Recovery Resources,2023-10,0.0,0.0,0.0
Women's Recovery Resources,2023-11,0.0,0.0,0.0
Women's Recovery Resources,2023-12,0.0,0.0,0.0
Women's Recovery Resources,2024-01,0.0,0.0,0.0
Women's Recovery Resources,2024-02,0.0,0.0,0.0
Women's Recovery Resources,2024-03,1327.0,1327.0,inf
Women's Recovery Resources,2024-04,4177.0,2850.0,2.1477015825169556
Women's Recovery Resources,2024-05,3942.0,-235.0,-0.056260474024419437
Women's Recovery Resources,2024-06,1654.0,-2288.0,-0.580416032470827
Women's Recovery Resources,2024-07,4144.0,2490.0,1.505441354292624
Women's Recovery Resources,2024-08,2551.0,-1593.0,-0.3844111969111969
Women's Recovery Resources,2024-09,3095.0,544.0,0.21324970599764798
Women's Recovery Resources,2024-10,2184.0,-911.0,-0.29434571890145395
Women's Recovery Resources,2024-11,4668.0,2484.0,1.1373626373626373
Women's Recovery Resources,2024-12,3767.0,-901.0,-0.19301628106255356
Women's Recovery Resources,2025-01,3460.0,-307.0,-0.0814972126360499
Women's Recovery Resources,2025-02,2836.0,-624.0,-0.18034682080924855
Women's Recovery Resources,2025-03,4797.0,1961.0,0.6914668547249647
Women's Recovery Resources,2025-04,2914.0,-1883.0,-0.39253700229309985
Women's Recovery Resources,2025-05,2989.0,75.0,0.025737817433081674
Women's Recovery Resources,2025-06,3001.0,12.0,0.004014720642355303
iServe Ministries/Athens,2022-07,37350.0,0.0,
iServe Ministries/Athens,2022-08,31038.0,-6312.0,-0.16899598393574297
iServe Ministries/Athens,2022-09,36407.0,5369.0,0.17298150654036987
iServe Ministries/Athens,2022-10,30761.0,-5646.0,-0.15508006702007857
iServe Ministries/Athens,2022-11,0.0,-30761.0,-1.0
iServe Ministries/Athens,2022-12,0.0,0.0,0.0
iServe Ministries/Athens,2023-01,0.0,0.0,0.0
iServe Ministries/Athens,2023-02,0.0,0.0,0.0
iServe Ministries/Athens,2023-03,0.0,0.0,0.0
iServe Ministries/Athens,2023-04,0.0,0.0,0.0
iServe Ministries/Athens,2023-05,0.0,0.0,0.0
iServe Ministries/Athens,2023-06,0.0,0.0,0.0
iServe Ministries/Athens,2023-07,0.0,0.0,0.0
iServe Ministries/Athens,2023-08,0.0,0.0,0.0
iServe Ministries/Athens,2023-09,0.0,0.0,0.0
iServe Ministries/Athens,2023-10,0.0,0.0,0.0
iServe Ministries/Athens,2023-11,0.0,0.0,0.0
iServe Ministries/Athens,2023-12,0.0,0.0,0.0
iServe Ministries/Athens,2024-01,0.0,0.0,0.0
iServe Ministries/Athens,2024-02,0.0,0.0,0.0
iServe Ministries/Athens,2024-03,0.0,0.0,0.0
iServe Ministries/Athens,2024-04,0.0,0.0,0.0
iServe Ministries/Athens,2024-05,0.0,0.0,0.0
iServe Ministries/Athens,2024-06,0.0,0.0,0.0
iServe Ministries/Athens,2024-07,0.0,0.0,0.0
iServe Ministries/Athens,2024-08,0.0,0.0,0.0
iServe Ministries/Athens,2024-09,0.0,0.0,0.0
iServe Ministries/Athens,2024-10,0.0,0.0,0.0
iServe Ministries/Athens,2024-11,0.0,0.0,0.0
iServe Ministries/Athens,2024-12,0.0,0.0,0.0
iServe Ministries/Athens,2025-01,0.0,0.0,0.0
iServe Ministries/Athens,2025-02,0.0,0.0,0.0
iServe Ministries/Athens,2025-03,0.0,0.0,0.0
iServe Ministries/Athens,2025-04,0.0,0.0,0.0
iServe Ministries/Athens,2025-05,0.0,0.0,0.0
iServe Ministries/Athens,2025-06,0.0,0.0,0.0
