Agency,Time,dist_volume,delta,pct_change
1st Step Program,2022-07 to 2023-01,0.0,0.0,0.0
1st Step Program,2023-02,51.0,51.0,inf
1st Step Program,2023-03,0.0,-51.0,-1.0
1st Step Program,2023-04,0.0,0.0,0.0
1st Step Program,2023-05,580.0,580.0,inf
1st Step Program,2023-06,670.0,90.0,0.155
1st Step Program,2023-07,0.0,-670.0,-1.0
1st Step Program,2023-08 to 2023-09,0.0,0.0,0.0
1st Step Program,2023-10,2031.0,2031.0,inf
1st Step Program,2023-11,0.0,-2031.0,-1.0
1st Step Program,2023-12 to 2025-06,0.0,0.0,0.0
AIDS Athens (Live Forward),2022-07,480.0,0.0,0.0
AIDS Athens (Live Forward),2022-08,0.0,-480.0,-1.0
AIDS Athens (Live Forward),2022-09 to 2022-11,0.0,0.0,0.0
AIDS Athens (Live Forward),2022-12,545.0,545.0,inf
AIDS Athens (Live Forward),2023-01,687.0,142.0,0.261
AIDS Athens (Live Forward),2023-02,399.0,-288.0,-0.419
AIDS Athens (Live Forward),2023-03,320.0,-79.0,-0.198
AIDS Athens (Live Forward),2023-04,319.0,-1.0,-0.003
AIDS Athens (Live Forward),2023-05,389.0,70.0,0.219
AIDS Athens (Live Forward),2023-06,0.0,-389.0,-1.0
AIDS Athens (Live Forward),2023-07,391.0,391.0,inf
AIDS Athens (Live Forward),2023-08,0.0,-391.0,-1.0
AIDS Athens (Live Forward),2023-09,616.0,616.0,inf
AIDS Athens (Live Forward),2023-10,540.0,-76.0,-0.123
AIDS Athens (Live Forward),2023-11,520.0,-20.0,-0.037
AIDS Athens (Live Forward),2023-12,393.0,-127.0,-0.244
AIDS Athens (Live Forward),2024-01,0.0,-393.0,-1.0
AIDS Athens (Live Forward),2024-02 to 2024-05,0.0,0.0,0.0
AIDS Athens (Live Forward),2024-06,708.0,708.0,inf
AIDS Athens (Live Forward),2024-07,0.0,-708.0,-1.0
AIDS Athens (Live Forward),2024-08,524.0,524.0,inf
AIDS Athens (Live Forward),2024-09,481.0,-43.0,-0.082
AIDS Athens (Live Forward),2024-10,376.0,-105.0,-0.218
AIDS Athens (Live Forward),2024-11,0.0,-376.0,-1.0
AIDS Athens (Live Forward),2024-12,756.0,756.0,inf
AIDS Athens (Live Forward),2025-01,0.0,-756.0,-1.0
AIDS Athens (Live Forward),2025-02,699.0,699.0,inf
AIDS Athens (Live Forward),2025-03,485.0,-214.0,-0.306
AIDS Athens (Live Forward),2025-04,411.0,-74.0,-0.153
AIDS Athens (Live Forward),2025-05,0.0,-411.0,-1.0
AIDS Athens (Live Forward),2025-06,0.0,0.0,0.0
Acceptance Recovery Center Inc.,2022-07,1761.0,0.0,0.0
Acceptance Recovery Center Inc.,2022-08,3304.0,1543.0,0.876
Acceptance Recovery Center Inc.,2022-09,1329.0,-1975.0,-0.598
Acceptance Recovery Center Inc.,2022-10,1878.0,549.0,0.413
Acceptance Recovery Center Inc.,2022-11,1259.0,-619.0,-0.33
Acceptance Recovery Center Inc.,2022-12,1352.0,93.0,0.074
Acceptance Recovery Center Inc.,2023-01,2257.0,905.0,0.669
Acceptance Recovery Center Inc.,2023-02,1603.0,-654.0,-0.29
Acceptance Recovery Center Inc.,2023-03,2328.0,725.0,0.452
Acceptance Recovery Center Inc.,2023-04,2066.0,-262.0,-0.113
Acceptance Recovery Center Inc.,2023-05,2035.0,-31.0,-0.015
Acceptance Recovery Center Inc.,2023-06,2051.0,16.0,0.008
Acceptance Recovery Center Inc.,2023-07,1516.0,-535.0,-0.261
Acceptance Recovery Center Inc.,2023-08,2063.0,547.0,0.361
Acceptance Recovery Center Inc.,2023-09,1119.0,-944.0,-0.458
Acceptance Recovery Center Inc.,2023-10,1716.0,597.0,0.534
Acceptance Recovery Center Inc.,2023-11,2419.0,703.0,0.41
Acceptance Recovery Center Inc.,2023-12,1457.0,-962.0,-0.398
Acceptance Recovery Center Inc.,2024-01,1937.0,480.0,0.329
Acceptance Recovery Center Inc.,2024-02,4228.0,2291.0,1.183
Acceptance Recovery Center Inc.,2024-03,1617.0,-2611.0,-0.618
Acceptance Recovery Center Inc.,2024-04,2605.0,988.0,0.611
Acceptance Recovery Center Inc.,2024-05,2184.0,-421.0,-0.162
Acceptance Recovery Center Inc.,2024-06,1304.0,-880.0,-0.403
Acceptance Recovery Center Inc.,2024-07,1875.0,571.0,0.438
Acceptance Recovery Center Inc.,2024-08,3872.0,1997.0,1.065
Acceptance Recovery Center Inc.,2024-09,3149.0,-723.0,-0.187
Acceptance Recovery Center Inc.,2024-10,3075.0,-74.0,-0.023
Acceptance Recovery Center Inc.,2024-11,2043.0,-1032.0,-0.336
Acceptance Recovery Center Inc.,2024-12,1967.0,-76.0,-0.037
Acceptance Recovery Center Inc.,2025-01,3807.0,1840.0,0.935
Acceptance Recovery Center Inc.,2025-02,2023.0,-1784.0,-0.469
Acceptance Recovery Center Inc.,2025-03,3354.0,1331.0,0.658
Acceptance Recovery Center Inc.,2025-04,4328.0,974.0,0.29
Acceptance Recovery Center Inc.,2025-05,3604.0,-724.0,-0.167
Acceptance Recovery Center Inc.,2025-06,2729.4,-874.5999999999999,-0.243
Acceptance Recovery Inc. Men's,2022-07 to 2025-05,0.0,0.0,0.0
Acceptance Recovery Inc. Men's,2025-06,1934.0,1934.0,inf
Advantage Behavioral Health System - Homeless Day Center,2022-07 to 2024-01,0.0,0.0,0.0
Advantage Behavioral Health System - Homeless Day Center,2024-02,685.0,685.0,inf
Advantage Behavioral Health System - Homeless Day Center,2024-03,0.0,-685.0,-1.0
Advantage Behavioral Health System - Homeless Day Center,2024-04,651.0,651.0,inf
Advantage Behavioral Health System - Homeless Day Center,2024-05,0.0,-651.0,-1.0
Advantage Behavioral Health System - Homeless Day Center,2024-06 to 2025-06,0.0,0.0,0.0
Advantage Behavioral Health System - Women's Services,2022-07 to 2022-09,0.0,0.0,0.0
Advantage Behavioral Health System - Women's Services,2022-10,582.0,582.0,inf
Advantage Behavioral Health System - Women's Services,2022-11,0.0,-582.0,-1.0
Advantage Behavioral Health System - Women's Services,2022-12 to 2023-01,0.0,0.0,0.0
Advantage Behavioral Health System - Women's Services,2023-02,259.0,259.0,inf
Advantage Behavioral Health System - Women's Services,2023-03,391.0,132.0,0.51
Advantage Behavioral Health System - Women's Services,2023-04,0.0,-391.0,-1.0
Advantage Behavioral Health System - Women's Services,2023-05 to 2023-06,0.0,0.0,0.0
Advantage Behavioral Health System - Women's Services,2023-07,263.0,263.0,inf
Advantage Behavioral Health System - Women's Services,2023-08,500.0,237.0,0.901
Advantage Behavioral Health System - Women's Services,2023-09,277.0,-223.0,-0.446
Advantage Behavioral Health System - Women's Services,2023-10,0.0,-277.0,-1.0
Advantage Behavioral Health System - Women's Services,2023-11 to 2024-06,0.0,0.0,0.0
Advantage Behavioral Health System - Women's Services,2024-07,1138.0,1138.0,inf
Advantage Behavioral Health System - Women's Services,2024-08,654.0,-484.0,-0.425
Advantage Behavioral Health System - Women's Services,2024-09,537.0,-117.0,-0.179
Advantage Behavioral Health System - Women's Services,2024-10,432.0,-105.0,-0.196
Advantage Behavioral Health System - Women's Services,2024-11,796.0,364.0,0.843
Advantage Behavioral Health System - Women's Services,2024-12,594.0,-202.0,-0.254
Advantage Behavioral Health System - Women's Services,2025-01,414.0,-180.0,-0.303
Advantage Behavioral Health System - Women's Services,2025-02,2846.0,2432.0,5.874
Advantage Behavioral Health System - Women's Services,2025-03,6330.0,3484.0,1.224
Advantage Behavioral Health System - Women's Services,2025-04,2035.0,-4295.0,-0.679
Advantage Behavioral Health System - Women's Services,2025-05,6508.0,4473.0,2.198
Advantage Behavioral Health System - Women's Services,2025-06,2938.2,-3569.8,-0.549
Angels in Motion Learning Center,2022-07 to 2025-04,0.0,0.0,0.0
Angels in Motion Learning Center,2025-05,5270.0,5270.0,inf
Angels in Motion Learning Center,2025-06,11926.0,6656.0,1.263
Athena Athletic F.K.A Gladiator Football Foundation,2022-07,574.0,0.0,0.0
Athena Athletic F.K.A Gladiator Football Foundation,2022-08,4634.0,4060.0,7.073
Athena Athletic F.K.A Gladiator Football Foundation,2022-09,1083.0,-3551.0,-0.766
Athena Athletic F.K.A Gladiator Football Foundation,2022-10,877.0,-206.0,-0.19
Athena Athletic F.K.A Gladiator Football Foundation,2022-11,1873.0,996.0,1.136
Athena Athletic F.K.A Gladiator Football Foundation,2022-12,202.0,-1671.0,-0.892
Athena Athletic F.K.A Gladiator Football Foundation,2023-01,2150.0,1948.0,9.644
Athena Athletic F.K.A Gladiator Football Foundation,2023-02,1209.0,-941.0,-0.438
Athena Athletic F.K.A Gladiator Football Foundation,2023-03,329.0,-880.0,-0.728
Athena Athletic F.K.A Gladiator Football Foundation,2023-04,1212.0,883.0,2.684
Athena Athletic F.K.A Gladiator Football Foundation,2023-05,364.0,-848.0,-0.7
Athena Athletic F.K.A Gladiator Football Foundation,2023-06,650.0,286.0,0.786
Athena Athletic F.K.A Gladiator Football Foundation,2023-07,420.0,-230.0,-0.354
Athena Athletic F.K.A Gladiator Football Foundation,2023-08,3163.0,2743.0,6.531
Athena Athletic F.K.A Gladiator Football Foundation,2023-09,596.0,-2567.0,-0.812
Athena Athletic F.K.A Gladiator Football Foundation,2023-10,1060.0,464.0,0.779
Athena Athletic F.K.A Gladiator Football Foundation,2023-11,1586.0,526.0,0.496
Athena Athletic F.K.A Gladiator Football Foundation,2023-12,1329.0,-257.0,-0.162
Athena Athletic F.K.A Gladiator Football Foundation,2024-01,2675.0,1346.0,1.013
Athena Athletic F.K.A Gladiator Football Foundation,2024-02,3354.0,679.0,0.254
Athena Athletic F.K.A Gladiator Football Foundation,2024-03,209.0,-3145.0,-0.938
Athena Athletic F.K.A Gladiator Football Foundation,2024-04,321.0,112.0,0.536
Athena Athletic F.K.A Gladiator Football Foundation,2024-05,0.0,-321.0,-1.0
Athena Athletic F.K.A Gladiator Football Foundation,2024-06 to 2024-07,0.0,0.0,0.0
Athena Athletic F.K.A Gladiator Football Foundation,2024-08,1422.0,1422.0,inf
Athena Athletic F.K.A Gladiator Football Foundation,2024-09,1053.0,-369.0,-0.259
Athena Athletic F.K.A Gladiator Football Foundation,2024-10,2506.0,1453.0,1.38
Athena Athletic F.K.A Gladiator Football Foundation,2024-11,3190.0,684.0,0.273
Athena Athletic F.K.A Gladiator Football Foundation,2024-12,2890.0,-300.0,-0.094
Athena Athletic F.K.A Gladiator Football Foundation,2025-01,1910.0,-980.0,-0.339
Athena Athletic F.K.A Gladiator Football Foundation,2025-02,2515.0,605.0,0.317
Athena Athletic F.K.A Gladiator Football Foundation,2025-03,2384.0,-131.0,-0.052
Athena Athletic F.K.A Gladiator Football Foundation,2025-04,605.0,-1779.0,-0.746
Athena Athletic F.K.A Gladiator Football Foundation,2025-05,488.0,-117.0,-0.193
Athena Athletic F.K.A Gladiator Football Foundation,2025-06,163.0,-325.0,-0.666
Athens Area Asa Philip Randolph Institute,2022-07,1723.0,0.0,0.0
Athens Area Asa Philip Randolph Institute,2022-08,2292.0,569.0,0.33
Athens Area Asa Philip Randolph Institute,2022-09,2992.0,700.0,0.305
Athens Area Asa Philip Randolph Institute,2022-10,2010.0,-982.0,-0.328
Athens Area Asa Philip Randolph Institute,2022-11,1693.0,-317.0,-0.158
Athens Area Asa Philip Randolph Institute,2022-12,1603.0,-90.0,-0.053
Athens Area Asa Philip Randolph Institute,2023-01,2263.0,660.0,0.412
Athens Area Asa Philip Randolph Institute,2023-02,916.0,-1347.0,-0.595
Athens Area Asa Philip Randolph Institute,2023-03,805.0,-111.0,-0.121
Athens Area Asa Philip Randolph Institute,2023-04,2600.0,1795.0,2.23
Athens Area Asa Philip Randolph Institute,2023-05,3431.0,831.0,0.32
Athens Area Asa Philip Randolph Institute,2023-06,1072.0,-2359.0,-0.688
Athens Area Asa Philip Randolph Institute,2023-07,4191.0,3119.0,2.91
Athens Area Asa Philip Randolph Institute,2023-08,1984.0,-2207.0,-0.527
Athens Area Asa Philip Randolph Institute,2023-09,1021.0,-963.0,-0.485
Athens Area Asa Philip Randolph Institute,2023-10,2936.0,1915.0,1.876
Athens Area Asa Philip Randolph Institute,2023-11,4134.0,1198.0,0.408
Athens Area Asa Philip Randolph Institute,2023-12,5678.0,1544.0,0.373
Athens Area Asa Philip Randolph Institute,2024-01,1948.0,-3730.0,-0.657
Athens Area Asa Philip Randolph Institute,2024-02,1479.0,-469.0,-0.241
Athens Area Asa Philip Randolph Institute,2024-03,759.0,-720.0,-0.487
Athens Area Asa Philip Randolph Institute,2024-04,869.0,110.0,0.145
Athens Area Asa Philip Randolph Institute,2024-05,1364.0,495.0,0.57
Athens Area Asa Philip Randolph Institute,2024-06,242.0,-1122.0,-0.823
Athens Area Asa Philip Randolph Institute,2024-07,2162.0,1920.0,7.934
Athens Area Asa Philip Randolph Institute,2024-08,2244.0,82.0,0.038
Athens Area Asa Philip Randolph Institute,2024-09,3806.0,1562.0,0.696
Athens Area Asa Philip Randolph Institute,2024-10,35472.0,31666.0,8.32
Athens Area Asa Philip Randolph Institute,2024-11,3676.0,-31796.0,-0.896
Athens Area Asa Philip Randolph Institute,2024-12,1753.0,-1923.0,-0.523
Athens Area Asa Philip Randolph Institute,2025-01,1057.0,-696.0,-0.397
Athens Area Asa Philip Randolph Institute,2025-02,993.0,-64.0,-0.061
Athens Area Asa Philip Randolph Institute,2025-03,1113.0,120.0,0.121
Athens Area Asa Philip Randolph Institute,2025-04,2101.0,988.0,0.888
Athens Area Asa Philip Randolph Institute,2025-05,1915.0,-186.0,-0.089
Athens Area Asa Philip Randolph Institute,2025-06,2418.0,503.0,0.263
Athens Area Homeless Shelter,2022-07 to 2023-07,0.0,0.0,0.0
Athens Area Homeless Shelter,2023-08,783.0,783.0,inf
Athens Area Homeless Shelter,2023-09,0.0,-783.0,-1.0
Athens Area Homeless Shelter,2023-10 to 2024-01,0.0,0.0,0.0
Athens Area Homeless Shelter,2024-02,150.0,150.0,inf
Athens Area Homeless Shelter,2024-03,0.0,-150.0,-1.0
Athens Area Homeless Shelter,2024-04,0.0,0.0,0.0
Athens Area Homeless Shelter,2024-05,72.0,72.0,inf
Athens Area Homeless Shelter,2024-06,105.0,33.0,0.458
Athens Area Homeless Shelter,2024-07,53.0,-52.0,-0.495
Athens Area Homeless Shelter,2024-08,181.0,128.0,2.415
Athens Area Homeless Shelter,2024-09,0.0,-181.0,-1.0
Athens Area Homeless Shelter,2024-10 to 2025-03,0.0,0.0,0.0
Athens Area Homeless Shelter,2025-04,118.0,118.0,inf
Athens Area Homeless Shelter,2025-05,0.0,-118.0,-1.0
Athens Area Homeless Shelter,2025-06,0.0,0.0,0.0
Athens Area Humane Society,2022-07 to 2023-12,0.0,0.0,0.0
Athens Area Humane Society,2024-01,1009.0,1009.0,inf
Athens Area Humane Society,2024-02,1014.0,5.0,0.005
Athens Area Humane Society,2024-03,0.0,-1014.0,-1.0
Athens Area Humane Society,2024-04,1098.0,1098.0,inf
Athens Area Humane Society,2024-05,0.0,-1098.0,-1.0
Athens Area Humane Society,2024-06 to 2024-07,0.0,0.0,0.0
Athens Area Humane Society,2024-08,12488.0,12488.0,inf
Athens Area Humane Society,2024-09,0.0,-12488.0,-1.0
Athens Area Humane Society,2024-10,15399.0,15399.0,inf
Athens Area Humane Society,2024-11,0.0,-15399.0,-1.0
Athens Area Humane Society,2024-12 to 2025-01,0.0,0.0,0.0
Athens Area Humane Society,2025-02,228.0,228.0,inf
Athens Area Humane Society,2025-03,1358.0,1130.0,4.956
Athens Area Humane Society,2025-04,648.0,-710.0,-0.523
Athens Area Humane Society,2025-05,0.0,-648.0,-1.0
Athens Area Humane Society,2025-06,0.0,0.0,0.0
Athens Community Council on Aging,2022-07,1420.0,0.0,0.0
Athens Community Council on Aging,2022-08,10929.0,9509.0,6.696
Athens Community Council on Aging,2022-09,1963.0,-8966.0,-0.82
Athens Community Council on Aging,2022-10,13132.0,11169.0,5.69
Athens Community Council on Aging,2022-11,576.0,-12556.0,-0.956
Athens Community Council on Aging,2022-12,0.0,-576.0,-1.0
Athens Community Council on Aging,2023-01,12608.0,12608.0,inf
Athens Community Council on Aging,2023-02,11561.0,-1047.0,-0.083
Athens Community Council on Aging,2023-03,608.0,-10953.0,-0.947
Athens Community Council on Aging,2023-04,8750.0,8142.0,13.391
Athens Community Council on Aging,2023-05,1965.0,-6785.0,-0.775
Athens Community Council on Aging,2023-06,7416.0,5451.0,2.774
Athens Community Council on Aging,2023-07,2570.0,-4846.0,-0.653
Athens Community Council on Aging,2023-08,5894.0,3324.0,1.293
Athens Community Council on Aging,2023-09,670.0,-5224.0,-0.886
Athens Community Council on Aging,2023-10,4207.0,3537.0,5.279
Athens Community Council on Aging,2023-11,1391.0,-2816.0,-0.669
Athens Community Council on Aging,2023-12,827.0,-564.0,-0.405
Athens Community Council on Aging,2024-01,12508.0,11681.0,14.125
Athens Community Council on Aging,2024-02,11442.0,-1066.0,-0.085
Athens Community Council on Aging,2024-03,4250.0,-7192.0,-0.629
Athens Community Council on Aging,2024-04,12423.0,8173.0,1.923
Athens Community Council on Aging,2024-05,1964.0,-10459.0,-0.842
Athens Community Council on Aging,2024-06,14435.0,12471.0,6.35
Athens Community Council on Aging,2024-07,5860.0,-8575.0,-0.594
Athens Community Council on Aging,2024-08,14145.0,8285.0,1.414
Athens Community Council on Aging,2024-09,0.0,-14145.0,-1.0
Athens Community Council on Aging,2024-10,13489.0,13489.0,inf
Athens Community Council on Aging,2024-11,4033.0,-9456.0,-0.701
Athens Community Council on Aging,2024-12,4039.0,6.0,0.001
Athens Community Council on Aging,2025-01,16289.0,12250.0,3.033
Athens Community Council on Aging,2025-02,17773.0,1484.0,0.091
Athens Community Council on Aging,2025-03,4996.0,-12777.0,-0.719
Athens Community Council on Aging,2025-04,15483.0,10487.0,2.099
Athens Community Council on Aging,2025-05,6791.0,-8692.0,-0.561
Athens Community Council on Aging,2025-06,19269.2,12478.2,1.837
Athens Emergency Food Bank,2022-07,532.0,0.0,0.0
Athens Emergency Food Bank,2022-08,1121.0,589.0,1.107
Athens Emergency Food Bank,2022-09,1238.0,117.0,0.104
Athens Emergency Food Bank,2022-10,176.0,-1062.0,-0.858
Athens Emergency Food Bank,2022-11,1329.0,1153.0,6.551
Athens Emergency Food Bank,2022-12,577.0,-752.0,-0.566
Athens Emergency Food Bank,2023-01,775.0,198.0,0.343
Athens Emergency Food Bank,2023-02,800.0,25.0,0.032
Athens Emergency Food Bank,2023-03,1142.0,342.0,0.428
Athens Emergency Food Bank,2023-04,564.0,-578.0,-0.506
Athens Emergency Food Bank,2023-05,848.0,284.0,0.504
Athens Emergency Food Bank,2023-06,542.0,-306.0,-0.361
Athens Emergency Food Bank,2023-07,1123.0,581.0,1.072
Athens Emergency Food Bank,2023-08,1415.0,292.0,0.26
Athens Emergency Food Bank,2023-09,1008.0,-407.0,-0.288
Athens Emergency Food Bank,2023-10,1391.0,383.0,0.38
Athens Emergency Food Bank,2023-11,1830.0,439.0,0.316
Athens Emergency Food Bank,2023-12,670.0,-1160.0,-0.634
Athens Emergency Food Bank,2024-01,1896.0,1226.0,1.83
Athens Emergency Food Bank,2024-02,542.0,-1354.0,-0.714
Athens Emergency Food Bank,2024-03,628.0,86.0,0.159
Athens Emergency Food Bank,2024-04,489.0,-139.0,-0.221
Athens Emergency Food Bank,2024-05,752.0,263.0,0.538
Athens Emergency Food Bank,2024-06,429.0,-323.0,-0.43
Athens Emergency Food Bank,2024-07,1540.0,1111.0,2.59
Athens Emergency Food Bank,2024-08,945.0,-595.0,-0.386
Athens Emergency Food Bank,2024-09,391.0,-554.0,-0.586
Athens Emergency Food Bank,2024-10,333.0,-58.0,-0.148
Athens Emergency Food Bank,2024-11,1483.0,1150.0,3.453
Athens Emergency Food Bank,2024-12,200.0,-1283.0,-0.865
Athens Emergency Food Bank,2025-01,588.0,388.0,1.94
Athens Emergency Food Bank,2025-02,763.0,175.0,0.298
Athens Emergency Food Bank,2025-03,921.0,158.0,0.207
Athens Emergency Food Bank,2025-04,744.0,-177.0,-0.192
Athens Emergency Food Bank,2025-05,1043.0,299.0,0.402
Athens Emergency Food Bank,2025-06,1028.0,-15.0,-0.014
"Athens Parent Wellbeing, Inc.",2022-07 to 2025-05,0.0,0.0,0.0
"Athens Parent Wellbeing, Inc.",2025-06,7.0,7.0,inf
"Athens Pride, INC",2022-07 to 2023-12,0.0,0.0,0.0
"Athens Pride, INC",2024-01,11921.0,11921.0,inf
"Athens Pride, INC",2024-02,13394.0,1473.0,0.124
"Athens Pride, INC",2024-03,11711.0,-1683.0,-0.126
"Athens Pride, INC",2024-04,13992.0,2281.0,0.195
"Athens Pride, INC",2024-05,11014.0,-2978.0,-0.213
"Athens Pride, INC",2024-06,16096.0,5082.0,0.461
"Athens Pride, INC",2024-07,11691.0,-4405.0,-0.274
"Athens Pride, INC",2024-08,11688.0,-3.0,-0.0
"Athens Pride, INC",2024-09,12182.0,494.0,0.042
"Athens Pride, INC",2024-10,12267.0,85.0,0.007
"Athens Pride, INC",2024-11,14749.0,2482.0,0.202
"Athens Pride, INC",2024-12,0.0,-14749.0,-1.0
"Athens Pride, INC",2025-01 to 2025-06,0.0,0.0,0.0
Beech Haven Baptist Church,2022-07 to 2023-04,0.0,0.0,0.0
Beech Haven Baptist Church,2023-05,99.0,99.0,inf
Beech Haven Baptist Church,2023-06,669.0,570.0,5.758
Beech Haven Baptist Church,2023-07,2302.0,1633.0,2.441
Beech Haven Baptist Church,2023-08,186.0,-2116.0,-0.919
Beech Haven Baptist Church,2023-09,90.0,-96.0,-0.516
Beech Haven Baptist Church,2023-10,566.0,476.0,5.289
Beech Haven Baptist Church,2023-11,115.0,-451.0,-0.797
Beech Haven Baptist Church,2023-12,446.0,331.0,2.878
Beech Haven Baptist Church,2024-01,0.0,-446.0,-1.0
Beech Haven Baptist Church,2024-02,76.0,76.0,inf
Beech Haven Baptist Church,2024-03,0.0,-76.0,-1.0
Beech Haven Baptist Church,2024-04,185.0,185.0,inf
Beech Haven Baptist Church,2024-05,324.0,139.0,0.751
Beech Haven Baptist Church,2024-06,872.36,548.36,1.692
Beech Haven Baptist Church,2024-07,1006.0,133.64,0.153
Beech Haven Baptist Church,2024-08,462.0,-544.0,-0.541
Beech Haven Baptist Church,2024-09,286.0,-176.0,-0.381
Beech Haven Baptist Church,2024-10,187.0,-99.0,-0.346
Beech Haven Baptist Church,2024-11,1044.0,857.0,4.583
Beech Haven Baptist Church,2024-12,15.0,-1029.0,-0.986
Beech Haven Baptist Church,2025-01,250.0,235.0,15.667
Beech Haven Baptist Church,2025-02,89.0,-161.0,-0.644
Beech Haven Baptist Church,2025-03,409.0,320.0,3.596
Beech Haven Baptist Church,2025-04,142.0,-267.0,-0.653
Beech Haven Baptist Church,2025-05,165.0,23.0,0.162
Beech Haven Baptist Church,2025-06,79.0,-86.0,-0.521
Beta Upsilon Chi Operational,2022-07 to 2024-01,0.0,0.0,0.0
Beta Upsilon Chi Operational,2024-02,23544.0,23544.0,inf
Beta Upsilon Chi Operational,2024-03,488.0,-23056.0,-0.979
Beta Upsilon Chi Operational,2024-04,0.0,-488.0,-1.0
Beta Upsilon Chi Operational,2024-05,504.0,504.0,inf
Beta Upsilon Chi Operational,2024-06,0.0,-504.0,-1.0
Beta Upsilon Chi Operational,2024-07,0.0,0.0,0.0
Beta Upsilon Chi Operational,2024-08,14850.0,14850.0,inf
Beta Upsilon Chi Operational,2024-09,18190.0,3340.0,0.225
Beta Upsilon Chi Operational,2024-10,430.0,-17760.0,-0.976
Beta Upsilon Chi Operational,2024-11,965.0,535.0,1.244
Beta Upsilon Chi Operational,2024-12,0.0,-965.0,-1.0
Beta Upsilon Chi Operational,2025-01,0.0,0.0,0.0
Beta Upsilon Chi Operational,2025-02,12880.0,12880.0,inf
Beta Upsilon Chi Operational,2025-03,621.0,-12259.0,-0.952
Beta Upsilon Chi Operational,2025-04,0.0,-621.0,-1.0
Beta Upsilon Chi Operational,2025-05 to 2025-06,0.0,0.0,0.0
Bethany Christian Services,2022-07 to 2024-09,0.0,0.0,0.0
Bethany Christian Services,2024-10,373.0,373.0,inf
Bethany Christian Services,2024-11,0.0,-373.0,-1.0
Bethany Christian Services,2024-12,0.0,0.0,0.0
Bethany Christian Services,2025-01,639.0,639.0,inf
Bethany Christian Services,2025-02,1528.0,889.0,1.391
Bethany Christian Services,2025-03,0.0,-1528.0,-1.0
Bethany Christian Services,2025-04 to 2025-06,0.0,0.0,0.0
Boys and Girls Club---H.T. Edwards Building,2022-07 to 2023-10,0.0,0.0,0.0
Boys and Girls Club---H.T. Edwards Building,2023-11,14.0,14.0,inf
Boys and Girls Club---H.T. Edwards Building,2023-12,0.0,-14.0,-1.0
Boys and Girls Club---H.T. Edwards Building,2024-01 to 2024-03,0.0,0.0,0.0
Boys and Girls Club---H.T. Edwards Building,2024-04,7025.0,7025.0,inf
Boys and Girls Club---H.T. Edwards Building,2024-05,0.0,-7025.0,-1.0
Boys and Girls Club---H.T. Edwards Building,2024-06 to 2024-09,0.0,0.0,0.0
Boys and Girls Club---H.T. Edwards Building,2024-10,8518.0,8518.0,inf
Boys and Girls Club---H.T. Edwards Building,2024-11,0.0,-8518.0,-1.0
Boys and Girls Club---H.T. Edwards Building,2024-12,13420.0,13420.0,inf
Boys and Girls Club---H.T. Edwards Building,2025-01,0.0,-13420.0,-1.0
Boys and Girls Club---H.T. Edwards Building,2025-02 to 2025-06,0.0,0.0,0.0
Brightpaths,2022-07 to 2025-02,0.0,0.0,0.0
Brightpaths,2025-03,729.0,729.0,inf
Brightpaths,2025-04,555.0,-174.0,-0.239
Brightpaths,2025-05,0.0,-555.0,-1.0
Brightpaths,2025-06,577.0,577.0,inf
"Campus Kitchen, UGA",2022-07 to 2024-04,0.0,0.0,0.0
"Campus Kitchen, UGA",2024-05,2163.0,2163.0,inf
"Campus Kitchen, UGA",2024-06,4041.0,1878.0,0.868
"Campus Kitchen, UGA",2024-07,2330.0,-1711.0,-0.423
"Campus Kitchen, UGA",2024-08,1205.0,-1125.0,-0.483
"Campus Kitchen, UGA",2024-09,2917.0,1712.0,1.421
"Campus Kitchen, UGA",2024-10,3023.0,106.0,0.036
"Campus Kitchen, UGA",2024-11,1667.0,-1356.0,-0.449
"Campus Kitchen, UGA",2024-12,1263.0,-404.0,-0.242
"Campus Kitchen, UGA",2025-01,2687.0,1424.0,1.127
"Campus Kitchen, UGA",2025-02,2550.0,-137.0,-0.051
"Campus Kitchen, UGA",2025-03,2790.0,240.0,0.094
"Campus Kitchen, UGA",2025-04,3411.0,621.0,0.223
"Campus Kitchen, UGA",2025-05,1519.0,-1892.0,-0.555
"Campus Kitchen, UGA",2025-06,588.0,-931.0,-0.613
Catholic Center at UGA,2022-07,367.0,0.0,0.0
Catholic Center at UGA,2022-08,364.0,-3.0,-0.008
Catholic Center at UGA,2022-09,836.0,472.0,1.297
Catholic Center at UGA,2022-10,1271.0,435.0,0.52
Catholic Center at UGA,2022-11,773.0,-498.0,-0.392
Catholic Center at UGA,2022-12,319.0,-454.0,-0.587
Catholic Center at UGA,2023-01,695.0,376.0,1.179
Catholic Center at UGA,2023-02,989.0,294.0,0.423
Catholic Center at UGA,2023-03,442.0,-547.0,-0.553
Catholic Center at UGA,2023-04,805.0,363.0,0.821
Catholic Center at UGA,2023-05,235.0,-570.0,-0.708
Catholic Center at UGA,2023-06,0.0,-235.0,-1.0
Catholic Center at UGA,2023-07,0.0,0.0,0.0
Catholic Center at UGA,2023-08,637.0,637.0,inf
Catholic Center at UGA,2023-09,532.0,-105.0,-0.165
Catholic Center at UGA,2023-10,1374.0,842.0,1.583
Catholic Center at UGA,2023-11,410.0,-964.0,-0.702
Catholic Center at UGA,2023-12,236.0,-174.0,-0.424
Catholic Center at UGA,2024-01,513.0,277.0,1.174
Catholic Center at UGA,2024-02,1513.0,1000.0,1.949
Catholic Center at UGA,2024-03,1427.0,-86.0,-0.057
Catholic Center at UGA,2024-04,689.0,-738.0,-0.517
Catholic Center at UGA,2024-05,705.0,16.0,0.023
Catholic Center at UGA,2024-06,78.0,-627.0,-0.889
Catholic Center at UGA,2024-07,136.0,58.0,0.744
Catholic Center at UGA,2024-08,767.0,631.0,4.64
Catholic Center at UGA,2024-09,183.0,-584.0,-0.761
Catholic Center at UGA,2024-10,889.0,706.0,3.858
Catholic Center at UGA,2024-11,499.0,-390.0,-0.439
Catholic Center at UGA,2024-12,300.0,-199.0,-0.399
Catholic Center at UGA,2025-01,571.0,271.0,0.903
Catholic Center at UGA,2025-02,507.0,-64.0,-0.112
Catholic Center at UGA,2025-03,662.0,155.0,0.306
Catholic Center at UGA,2025-04,320.0,-342.0,-0.517
Catholic Center at UGA,2025-05,12221.0,11901.0,37.191
Catholic Center at UGA,2025-06,14007.0,1786.0,0.146
"Church of Pentecost USA, Inc",2022-07 to 2023-10,0.0,0.0,0.0
"Church of Pentecost USA, Inc",2023-11,2727.0,2727.0,inf
"Church of Pentecost USA, Inc",2023-12,1825.0,-902.0,-0.331
"Church of Pentecost USA, Inc",2024-01,1321.0,-504.0,-0.276
"Church of Pentecost USA, Inc",2024-02,6826.0,5505.0,4.167
"Church of Pentecost USA, Inc",2024-03,4660.0,-2166.0,-0.317
"Church of Pentecost USA, Inc",2024-04,9458.0,4798.0,1.03
"Church of Pentecost USA, Inc",2024-05,8122.0,-1336.0,-0.141
"Church of Pentecost USA, Inc",2024-06,0.0,-8122.0,-1.0
"Church of Pentecost USA, Inc",2024-07,4258.0,4258.0,inf
"Church of Pentecost USA, Inc",2024-08,4042.0,-216.0,-0.051
"Church of Pentecost USA, Inc",2024-09,4177.0,135.0,0.033
"Church of Pentecost USA, Inc",2024-10,0.0,-4177.0,-1.0
"Church of Pentecost USA, Inc",2024-11,2434.0,2434.0,inf
"Church of Pentecost USA, Inc",2024-12,361.0,-2073.0,-0.852
"Church of Pentecost USA, Inc",2025-01,632.0,271.0,0.751
"Church of Pentecost USA, Inc",2025-02,2297.0,1665.0,2.634
"Church of Pentecost USA, Inc",2025-03,1946.0,-351.0,-0.153
"Church of Pentecost USA, Inc",2025-04,758.0,-1188.0,-0.61
"Church of Pentecost USA, Inc",2025-05,1932.0,1174.0,1.549
"Church of Pentecost USA, Inc",2025-06,699.0,-1233.0,-0.638
"City of Refuge Athens, INC",2022-07,24472.0,0.0,0.0
"City of Refuge Athens, INC",2022-08,29062.0,4590.0,0.188
"City of Refuge Athens, INC",2022-09,31862.0,2800.0,0.096
"City of Refuge Athens, INC",2022-10,33268.0,1406.0,0.044
"City of Refuge Athens, INC",2022-11,23329.0,-9939.0,-0.299
"City of Refuge Athens, INC",2022-12,34956.0,11627.0,0.498
"City of Refuge Athens, INC",2023-01,32289.0,-2667.0,-0.076
"City of Refuge Athens, INC",2023-02,18127.0,-14162.0,-0.439
"City of Refuge Athens, INC",2023-03,30338.0,12211.0,0.674
"City of Refuge Athens, INC",2023-04,23459.0,-6879.0,-0.227
"City of Refuge Athens, INC",2023-05,18493.0,-4966.0,-0.212
"City of Refuge Athens, INC",2023-06,30161.0,11668.0,0.631
"City of Refuge Athens, INC",2023-07,34157.0,3996.0,0.132
"City of Refuge Athens, INC",2023-08,60250.0,26093.0,0.764
"City of Refuge Athens, INC",2023-09,23992.0,-36258.0,-0.602
"City of Refuge Athens, INC",2023-10,19494.0,-4498.0,-0.187
"City of Refuge Athens, INC",2023-11,31914.0,12420.0,0.637
"City of Refuge Athens, INC",2023-12,30070.0,-1844.0,-0.058
"City of Refuge Athens, INC",2024-01,56088.0,26018.0,0.865
"City of Refuge Athens, INC",2024-02,30005.0,-26083.0,-0.465
"City of Refuge Athens, INC",2024-03,24596.0,-5409.0,-0.18
"City of Refuge Athens, INC",2024-04,28940.0,4344.0,0.177
"City of Refuge Athens, INC",2024-05,58848.0,29908.0,1.033
"City of Refuge Athens, INC",2024-06,34975.0,-23873.0,-0.406
"City of Refuge Athens, INC",2024-07,48405.0,13430.0,0.384
"City of Refuge Athens, INC",2024-08,35807.0,-12598.0,-0.26
"City of Refuge Athens, INC",2024-09,32614.0,-3193.0,-0.089
"City of Refuge Athens, INC",2024-10,41595.0,8981.0,0.275
"City of Refuge Athens, INC",2024-11,27599.0,-13996.0,-0.336
"City of Refuge Athens, INC",2024-12,35756.0,8157.0,0.296
"City of Refuge Athens, INC",2025-01,45740.0,9984.0,0.279
"City of Refuge Athens, INC",2025-02,35906.0,-9834.0,-0.215
"City of Refuge Athens, INC",2025-03,39838.0,3932.0,0.11
"City of Refuge Athens, INC",2025-04,46478.0,6640.0,0.167
"City of Refuge Athens, INC",2025-05,64020.0,17542.0,0.377
"City of Refuge Athens, INC",2025-06,40756.0,-23264.0,-0.363
Clarke Central School Food Pantry,2022-07 to 2022-09,0.0,0.0,0.0
Clarke Central School Food Pantry,2022-10,240.0,240.0,inf
Clarke Central School Food Pantry,2022-11,0.0,-240.0,-1.0
Clarke Central School Food Pantry,2022-12 to 2023-03,0.0,0.0,0.0
Clarke Central School Food Pantry,2023-04,80.0,80.0,inf
Clarke Central School Food Pantry,2023-05,0.0,-80.0,-1.0
Clarke Central School Food Pantry,2023-06 to 2023-09,0.0,0.0,0.0
Clarke Central School Food Pantry,2023-10,708.0,708.0,inf
Clarke Central School Food Pantry,2023-11,0.0,-708.0,-1.0
Clarke Central School Food Pantry,2023-12 to 2025-06,0.0,0.0,0.0
Clarke County MedLink Georgia,2022-07 to 2024-10,0.0,0.0,0.0
Clarke County MedLink Georgia,2024-11,11482.0,11482.0,inf
Clarke County MedLink Georgia,2024-12,0.0,-11482.0,-1.0
Clarke County MedLink Georgia,2025-01 to 2025-06,0.0,0.0,0.0
Clarke County Sheriff's Office,2022-07 to 2022-10,0.0,0.0,0.0
Clarke County Sheriff's Office,2022-11,12382.0,12382.0,inf
Clarke County Sheriff's Office,2022-12,5328.0,-7054.0,-0.57
Clarke County Sheriff's Office,2023-01,0.0,-5328.0,-1.0
Clarke County Sheriff's Office,2023-02 to 2023-03,0.0,0.0,0.0
Clarke County Sheriff's Office,2023-04,6710.0,6710.0,inf
Clarke County Sheriff's Office,2023-05,0.0,-6710.0,-1.0
Clarke County Sheriff's Office,2023-06,0.0,0.0,0.0
Clarke County Sheriff's Office,2023-07,5108.0,5108.0,inf
Clarke County Sheriff's Office,2023-08,0.0,-5108.0,-1.0
Clarke County Sheriff's Office,2023-09 to 2025-06,0.0,0.0,0.0
Clarke: ACCA Senior Staples Program,2022-07 to 2023-02,0.0,0.0,0.0
Clarke: ACCA Senior Staples Program,2023-03,1612.0,1612.0,inf
Clarke: ACCA Senior Staples Program,2023-04,4746.0,3134.0,1.944
Clarke: ACCA Senior Staples Program,2023-05,0.0,-4746.0,-1.0
Clarke: ACCA Senior Staples Program,2023-06 to 2023-07,0.0,0.0,0.0
Clarke: ACCA Senior Staples Program,2023-08,4620.0,4620.0,inf
Clarke: ACCA Senior Staples Program,2023-09,148.0,-4472.0,-0.968
Clarke: ACCA Senior Staples Program,2023-10,7012.0,6864.0,46.378
Clarke: ACCA Senior Staples Program,2023-11,272.0,-6740.0,-0.961
Clarke: ACCA Senior Staples Program,2023-12,879.0,607.0,2.232
Clarke: ACCA Senior Staples Program,2024-01,432.0,-447.0,-0.509
Clarke: ACCA Senior Staples Program,2024-02,2493.0,2061.0,4.771
Clarke: ACCA Senior Staples Program,2024-03,5364.0,2871.0,1.152
Clarke: ACCA Senior Staples Program,2024-04,3374.0,-1990.0,-0.371
Clarke: ACCA Senior Staples Program,2024-05,2586.0,-788.0,-0.234
Clarke: ACCA Senior Staples Program,2024-06,2162.0,-424.0,-0.164
Clarke: ACCA Senior Staples Program,2024-07,0.0,-2162.0,-1.0
Clarke: ACCA Senior Staples Program,2024-08 to 2025-06,0.0,0.0,0.0
Clarke: Winterville FBC Senior Staples Program,2022-07,1190.0,0.0,0.0
Clarke: Winterville FBC Senior Staples Program,2022-08,0.0,-1190.0,-1.0
Clarke: Winterville FBC Senior Staples Program,2022-09,1052.0,1052.0,inf
Clarke: Winterville FBC Senior Staples Program,2022-10,607.0,-445.0,-0.423
Clarke: Winterville FBC Senior Staples Program,2022-11,2290.0,1683.0,2.773
Clarke: Winterville FBC Senior Staples Program,2022-12,0.0,-2290.0,-1.0
Clarke: Winterville FBC Senior Staples Program,2023-01,1084.0,1084.0,inf
Clarke: Winterville FBC Senior Staples Program,2023-02,926.0,-158.0,-0.146
Clarke: Winterville FBC Senior Staples Program,2023-03,1580.0,654.0,0.706
Clarke: Winterville FBC Senior Staples Program,2023-04,0.0,-1580.0,-1.0
Clarke: Winterville FBC Senior Staples Program,2023-05 to 2023-10,0.0,0.0,0.0
Clarke: Winterville FBC Senior Staples Program,2023-11,302.0,302.0,inf
Clarke: Winterville FBC Senior Staples Program,2023-12,0.0,-302.0,-1.0
Clarke: Winterville FBC Senior Staples Program,2024-01 to 2025-06,0.0,0.0,0.0
Cornerstone Food Pantry,2022-07,10966.0,0.0,0.0
Cornerstone Food Pantry,2022-08,32286.0,21320.0,1.944
Cornerstone Food Pantry,2022-09,33585.0,1299.0,0.04
Cornerstone Food Pantry,2022-10,30156.0,-3429.0,-0.102
Cornerstone Food Pantry,2022-11,25081.0,-5075.0,-0.168
Cornerstone Food Pantry,2022-12,35798.0,10717.0,0.427
Cornerstone Food Pantry,2023-01,27342.0,-8456.0,-0.236
Cornerstone Food Pantry,2023-02,28045.0,703.0,0.026
Cornerstone Food Pantry,2023-03,24627.0,-3418.0,-0.122
Cornerstone Food Pantry,2023-04,25859.0,1232.0,0.05
Cornerstone Food Pantry,2023-05,23143.0,-2716.0,-0.105
Cornerstone Food Pantry,2023-06,28656.0,5513.0,0.238
Cornerstone Food Pantry,2023-07,33663.0,5007.0,0.175
Cornerstone Food Pantry,2023-08,32424.0,-1239.0,-0.037
Cornerstone Food Pantry,2023-09,42115.0,9691.0,0.299
Cornerstone Food Pantry,2023-10,48170.0,6055.0,0.144
Cornerstone Food Pantry,2023-11,39493.0,-8677.0,-0.18
Cornerstone Food Pantry,2023-12,39554.0,61.0,0.002
Cornerstone Food Pantry,2024-01,40144.0,590.0,0.015
Cornerstone Food Pantry,2024-02,40569.0,425.0,0.011
Cornerstone Food Pantry,2024-03,33417.0,-7152.0,-0.176
Cornerstone Food Pantry,2024-04,39439.0,6022.0,0.18
Cornerstone Food Pantry,2024-05,44301.0,4862.0,0.123
Cornerstone Food Pantry,2024-06,50334.0,6033.0,0.136
Cornerstone Food Pantry,2024-07,47231.0,-3103.0,-0.062
Cornerstone Food Pantry,2024-08,56178.0,8947.0,0.189
Cornerstone Food Pantry,2024-09,55114.0,-1064.0,-0.019
Cornerstone Food Pantry,2024-10,51230.0,-3884.0,-0.07
Cornerstone Food Pantry,2024-11,51673.0,443.0,0.009
Cornerstone Food Pantry,2024-12,54916.0,3243.0,0.063
Cornerstone Food Pantry,2025-01,43542.0,-11374.0,-0.207
Cornerstone Food Pantry,2025-02,53296.0,9754.0,0.224
Cornerstone Food Pantry,2025-03,49726.0,-3570.0,-0.067
Cornerstone Food Pantry,2025-04,48008.0,-1718.0,-0.035
Cornerstone Food Pantry,2025-05,61474.0,13466.0,0.28
Cornerstone Food Pantry,2025-06,64332.0,2858.0,0.046
Covenant Presbyterian Church,2022-07,10646.0,0.0,0.0
Covenant Presbyterian Church,2022-08,10707.0,61.0,0.006
Covenant Presbyterian Church,2022-09,15250.0,4543.0,0.424
Covenant Presbyterian Church,2022-10,14408.0,-842.0,-0.055
Covenant Presbyterian Church,2022-11,8824.0,-5584.0,-0.388
Covenant Presbyterian Church,2022-12,15054.0,6230.0,0.706
Covenant Presbyterian Church,2023-01,10399.0,-4655.0,-0.309
Covenant Presbyterian Church,2023-02,9552.0,-847.0,-0.081
Covenant Presbyterian Church,2023-03,9658.0,106.0,0.011
Covenant Presbyterian Church,2023-04,8404.0,-1254.0,-0.13
Covenant Presbyterian Church,2023-05,10792.0,2388.0,0.284
Covenant Presbyterian Church,2023-06,13613.0,2821.0,0.261
Covenant Presbyterian Church,2023-07,8501.0,-5112.0,-0.376
Covenant Presbyterian Church,2023-08,11064.0,2563.0,0.301
Covenant Presbyterian Church,2023-09,11198.0,134.0,0.012
Covenant Presbyterian Church,2023-10,8743.0,-2455.0,-0.219
Covenant Presbyterian Church,2023-11,15552.0,6809.0,0.779
Covenant Presbyterian Church,2023-12,10808.0,-4744.0,-0.305
Covenant Presbyterian Church,2024-01,12844.0,2036.0,0.188
Covenant Presbyterian Church,2024-02,17746.0,4902.0,0.382
Covenant Presbyterian Church,2024-03,17362.0,-384.0,-0.022
Covenant Presbyterian Church,2024-04,13456.0,-3906.0,-0.225
Covenant Presbyterian Church,2024-05,13545.0,89.0,0.007
Covenant Presbyterian Church,2024-06,10421.17,-3123.83,-0.231
Covenant Presbyterian Church,2024-07,9215.0,-1206.17,-0.116
Covenant Presbyterian Church,2024-08,16530.0,7315.0,0.794
Covenant Presbyterian Church,2024-09,10199.0,-6331.0,-0.383
Covenant Presbyterian Church,2024-10,10261.0,62.0,0.006
Covenant Presbyterian Church,2024-11,14448.0,4187.0,0.408
Covenant Presbyterian Church,2024-12,11696.0,-2752.0,-0.19
Covenant Presbyterian Church,2025-01,17678.0,5982.0,0.511
Covenant Presbyterian Church,2025-02,18672.0,994.0,0.056
Covenant Presbyterian Church,2025-03,13121.0,-5551.0,-0.297
Covenant Presbyterian Church,2025-04,11954.0,-1167.0,-0.089
Covenant Presbyterian Church,2025-05,15813.0,3859.0,0.323
Covenant Presbyterian Church,2025-06,9658.12,-6154.879999999999,-0.389
Cultivating a Lifetime of Legacy Inc.,2022-07 to 2024-04,0.0,0.0,0.0
Cultivating a Lifetime of Legacy Inc.,2024-05,1271.0,1271.0,inf
Cultivating a Lifetime of Legacy Inc.,2024-06,636.0,-635.0,-0.5
Cultivating a Lifetime of Legacy Inc.,2024-07,0.0,-636.0,-1.0
Cultivating a Lifetime of Legacy Inc.,2024-08,0.0,0.0,0.0
Cultivating a Lifetime of Legacy Inc.,2024-09,159.0,159.0,inf
Cultivating a Lifetime of Legacy Inc.,2024-10,0.0,-159.0,-1.0
Cultivating a Lifetime of Legacy Inc.,2024-11 to 2025-06,0.0,0.0,0.0
DECAL Grant Barnett Shoals School,2022-07 to 2024-07,0.0,0.0,0.0
DECAL Grant Barnett Shoals School,2024-08,2070.0,2070.0,inf
DECAL Grant Barnett Shoals School,2024-09,699.0,-1371.0,-0.662
DECAL Grant Barnett Shoals School,2024-10,622.0,-77.0,-0.11
DECAL Grant Barnett Shoals School,2024-11,977.0,355.0,0.571
DECAL Grant Barnett Shoals School,2024-12,842.0,-135.0,-0.138
DECAL Grant Barnett Shoals School,2025-01,897.0,55.0,0.065
DECAL Grant Barnett Shoals School,2025-02,1389.0,492.0,0.548
DECAL Grant Barnett Shoals School,2025-03,1410.0,21.0,0.015
DECAL Grant Barnett Shoals School,2025-04,3020.0,1610.0,1.142
DECAL Grant Barnett Shoals School,2025-05,0.0,-3020.0,-1.0
DECAL Grant Barnett Shoals School,2025-06,0.0,0.0,0.0
DECAL Grant Fowler Elementary School,2022-07 to 2024-07,0.0,0.0,0.0
DECAL Grant Fowler Elementary School,2024-08,2096.0,2096.0,inf
DECAL Grant Fowler Elementary School,2024-09,1018.0,-1078.0,-0.514
DECAL Grant Fowler Elementary School,2024-10,0.0,-1018.0,-1.0
DECAL Grant Fowler Elementary School,2024-11,680.0,680.0,inf
DECAL Grant Fowler Elementary School,2024-12,0.0,-680.0,-1.0
DECAL Grant Fowler Elementary School,2025-01 to 2025-02,0.0,0.0,0.0
DECAL Grant Fowler Elementary School,2025-03,2558.0,2558.0,inf
DECAL Grant Fowler Elementary School,2025-04,14655.0,12097.0,4.729
DECAL Grant Fowler Elementary School,2025-05,0.0,-14655.0,-1.0
DECAL Grant Fowler Elementary School,2025-06,0.0,0.0,0.0
DECAL Grant Oglethorpe Elementary School,2022-07 to 2024-07,0.0,0.0,0.0
DECAL Grant Oglethorpe Elementary School,2024-08,2070.0,2070.0,inf
DECAL Grant Oglethorpe Elementary School,2024-09,699.0,-1371.0,-0.662
DECAL Grant Oglethorpe Elementary School,2024-10,674.0,-25.0,-0.036
DECAL Grant Oglethorpe Elementary School,2024-11,1139.0,465.0,0.69
DECAL Grant Oglethorpe Elementary School,2024-12,907.0,-232.0,-0.204
DECAL Grant Oglethorpe Elementary School,2025-01,897.0,-10.0,-0.011
DECAL Grant Oglethorpe Elementary School,2025-02,1258.0,361.0,0.402
DECAL Grant Oglethorpe Elementary School,2025-03,940.0,-318.0,-0.253
DECAL Grant Oglethorpe Elementary School,2025-04,1427.0,487.0,0.518
DECAL Grant Oglethorpe Elementary School,2025-05,1100.0,-327.0,-0.229
DECAL Grant Oglethorpe Elementary School,2025-06,0.0,-1100.0,-1.0
Decal Grant Gaines Elementary School,2022-07 to 2024-07,0.0,0.0,0.0
Decal Grant Gaines Elementary School,2024-08,1978.0,1978.0,inf
Decal Grant Gaines Elementary School,2024-09,699.0,-1279.0,-0.647
Decal Grant Gaines Elementary School,2024-10,1701.0,1002.0,1.433
Decal Grant Gaines Elementary School,2024-11,3402.0,1701.0,1.0
Decal Grant Gaines Elementary School,2024-12,0.0,-3402.0,-1.0
Decal Grant Gaines Elementary School,2025-01,0.0,0.0,0.0
Decal Grant Gaines Elementary School,2025-02,1296.0,1296.0,inf
Decal Grant Gaines Elementary School,2025-03,625.0,-671.0,-0.518
Decal Grant Gaines Elementary School,2025-04,4285.0,3660.0,5.856
Decal Grant Gaines Elementary School,2025-05,830.0,-3455.0,-0.806
Decal Grant Gaines Elementary School,2025-06,0.0,-830.0,-1.0
Decal Grant Stroud Elementary School,2022-07 to 2024-07,0.0,0.0,0.0
Decal Grant Stroud Elementary School,2024-08,1992.0,1992.0,inf
Decal Grant Stroud Elementary School,2024-09,699.0,-1293.0,-0.649
Decal Grant Stroud Elementary School,2024-10,712.0,13.0,0.019
Decal Grant Stroud Elementary School,2024-11,1345.0,633.0,0.889
Decal Grant Stroud Elementary School,2024-12,996.0,-349.0,-0.259
Decal Grant Stroud Elementary School,2025-01,897.0,-99.0,-0.099
Decal Grant Stroud Elementary School,2025-02,1070.0,173.0,0.193
Decal Grant Stroud Elementary School,2025-03,1196.0,126.0,0.118
Decal Grant Stroud Elementary School,2025-04,4274.0,3078.0,2.574
Decal Grant Stroud Elementary School,2025-05,1113.0,-3161.0,-0.74
Decal Grant Stroud Elementary School,2025-06,0.0,-1113.0,-1.0
Designing Minds Enterprises INC,2022-07 to 2022-12,0.0,0.0,0.0
Designing Minds Enterprises INC,2023-01,8786.0,8786.0,inf
Designing Minds Enterprises INC,2023-02,727.0,-8059.0,-0.917
Designing Minds Enterprises INC,2023-03,14003.0,13276.0,18.261
Designing Minds Enterprises INC,2023-04,5755.0,-8248.0,-0.589
Designing Minds Enterprises INC,2023-05,13968.0,8213.0,1.427
Designing Minds Enterprises INC,2023-06,4056.0,-9912.0,-0.71
Designing Minds Enterprises INC,2023-07,8464.0,4408.0,1.087
Designing Minds Enterprises INC,2023-08,5871.0,-2593.0,-0.306
Designing Minds Enterprises INC,2023-09,14071.0,8200.0,1.397
Designing Minds Enterprises INC,2023-10,3663.0,-10408.0,-0.74
Designing Minds Enterprises INC,2023-11,3939.0,276.0,0.075
Designing Minds Enterprises INC,2023-12,3247.0,-692.0,-0.176
Designing Minds Enterprises INC,2024-01,9846.0,6599.0,2.032
Designing Minds Enterprises INC,2024-02,5588.0,-4258.0,-0.432
Designing Minds Enterprises INC,2024-03,3776.0,-1812.0,-0.324
Designing Minds Enterprises INC,2024-04,6830.0,3054.0,0.809
Designing Minds Enterprises INC,2024-05,11947.0,5117.0,0.749
Designing Minds Enterprises INC,2024-06,1305.0,-10642.0,-0.891
Designing Minds Enterprises INC,2024-07,8684.0,7379.0,5.654
Designing Minds Enterprises INC,2024-08,6738.0,-1946.0,-0.224
Designing Minds Enterprises INC,2024-09,4472.0,-2266.0,-0.336
Designing Minds Enterprises INC,2024-10,1873.0,-2599.0,-0.581
Designing Minds Enterprises INC,2024-11,4543.0,2670.0,1.426
Designing Minds Enterprises INC,2024-12,6570.0,2027.0,0.446
Designing Minds Enterprises INC,2025-01,1146.0,-5424.0,-0.826
Designing Minds Enterprises INC,2025-02,740.0,-406.0,-0.354
Designing Minds Enterprises INC,2025-03,5267.0,4527.0,6.118
Designing Minds Enterprises INC,2025-04,1416.0,-3851.0,-0.731
Designing Minds Enterprises INC,2025-05,5421.0,4005.0,2.828
Designing Minds Enterprises INC,2025-06,3620.0,-1801.0,-0.332
Detox ABHS (CSP/CSU),2022-07 to 2022-09,0.0,0.0,0.0
Detox ABHS (CSP/CSU),2022-10,267.0,267.0,inf
Detox ABHS (CSP/CSU),2022-11,295.0,28.0,0.105
Detox ABHS (CSP/CSU),2022-12,0.0,-295.0,-1.0
Detox ABHS (CSP/CSU),2023-01 to 2025-06,0.0,0.0,0.0
"Divergent Recovery Center, Inc",2022-07 to 2023-09,0.0,0.0,0.0
"Divergent Recovery Center, Inc",2023-10,890.0,890.0,inf
"Divergent Recovery Center, Inc",2023-11,972.0,82.0,0.092
"Divergent Recovery Center, Inc",2023-12,1177.0,205.0,0.211
"Divergent Recovery Center, Inc",2024-01,2149.0,972.0,0.826
"Divergent Recovery Center, Inc",2024-02,2343.0,194.0,0.09
"Divergent Recovery Center, Inc",2024-03,677.0,-1666.0,-0.711
"Divergent Recovery Center, Inc",2024-04,2460.0,1783.0,2.634
"Divergent Recovery Center, Inc",2024-05,977.0,-1483.0,-0.603
"Divergent Recovery Center, Inc",2024-06,1738.0,761.0,0.779
"Divergent Recovery Center, Inc",2024-07,1755.0,17.0,0.01
"Divergent Recovery Center, Inc",2024-08,2583.0,828.0,0.472
"Divergent Recovery Center, Inc",2024-09,1664.0,-919.0,-0.356
"Divergent Recovery Center, Inc",2024-10,1168.0,-496.0,-0.298
"Divergent Recovery Center, Inc",2024-11,1205.0,37.0,0.032
"Divergent Recovery Center, Inc",2024-12,1436.0,231.0,0.192
"Divergent Recovery Center, Inc",2025-01,2235.0,799.0,0.556
"Divergent Recovery Center, Inc",2025-02,1486.0,-749.0,-0.335
"Divergent Recovery Center, Inc",2025-03,1622.0,136.0,0.092
"Divergent Recovery Center, Inc",2025-04,1776.0,154.0,0.095
"Divergent Recovery Center, Inc",2025-05,1781.0,5.0,0.003
"Divergent Recovery Center, Inc",2025-06,1611.0,-170.0,-0.095
Downtown Ministries,2022-07,0.0,0.0,0.0
Downtown Ministries,2022-08,770.0,770.0,inf
Downtown Ministries,2022-09,18.0,-752.0,-0.977
Downtown Ministries,2022-10,103.0,85.0,4.722
Downtown Ministries,2022-11,0.0,-103.0,-1.0
Downtown Ministries,2022-12,0.0,0.0,0.0
Downtown Ministries,2023-01,126.0,126.0,inf
Downtown Ministries,2023-02,46.0,-80.0,-0.635
Downtown Ministries,2023-03,0.0,-46.0,-1.0
Downtown Ministries,2023-04 to 2023-08,0.0,0.0,0.0
Downtown Ministries,2023-09,455.0,455.0,inf
Downtown Ministries,2023-10,772.0,317.0,0.697
Downtown Ministries,2023-11,330.0,-442.0,-0.573
Downtown Ministries,2023-12,50.0,-280.0,-0.848
Downtown Ministries,2024-01,275.0,225.0,4.5
Downtown Ministries,2024-02,369.0,94.0,0.342
Downtown Ministries,2024-03,229.0,-140.0,-0.379
Downtown Ministries,2024-04,189.0,-40.0,-0.175
Downtown Ministries,2024-05,238.0,49.0,0.259
Downtown Ministries,2024-06,0.0,-238.0,-1.0
Downtown Ministries,2024-07,0.0,0.0,0.0
Downtown Ministries,2024-08,312.0,312.0,inf
Downtown Ministries,2024-09,404.0,92.0,0.295
Downtown Ministries,2024-10,412.0,8.0,0.02
Downtown Ministries,2024-11,349.0,-63.0,-0.153
Downtown Ministries,2024-12,0.0,-349.0,-1.0
Downtown Ministries,2025-01,170.0,170.0,inf
Downtown Ministries,2025-02,318.0,148.0,0.871
Downtown Ministries,2025-03,266.0,-52.0,-0.164
Downtown Ministries,2025-04,254.0,-12.0,-0.045
Downtown Ministries,2025-05,65.0,-189.0,-0.744
Downtown Ministries,2025-06,182.0,117.0,1.8
EADC dba New Dawn,2022-07 to 2023-09,0.0,0.0,0.0
EADC dba New Dawn,2023-10,96.0,96.0,inf
EADC dba New Dawn,2023-11,1693.0,1597.0,16.635
EADC dba New Dawn,2023-12,146.0,-1547.0,-0.914
EADC dba New Dawn,2024-01,0.0,-146.0,-1.0
EADC dba New Dawn,2024-02 to 2025-06,0.0,0.0,0.0
East Athens Development Corp.,2022-07,491.0,0.0,0.0
East Athens Development Corp.,2022-08,1678.0,1187.0,2.418
East Athens Development Corp.,2022-09,1653.0,-25.0,-0.015
East Athens Development Corp.,2022-10,477.0,-1176.0,-0.711
East Athens Development Corp.,2022-11,0.0,-477.0,-1.0
East Athens Development Corp.,2022-12 to 2023-03,0.0,0.0,0.0
East Athens Development Corp.,2023-04,775.0,775.0,inf
East Athens Development Corp.,2023-05,0.0,-775.0,-1.0
East Athens Development Corp.,2023-06,0.0,0.0,0.0
East Athens Development Corp.,2023-07,370.0,370.0,inf
East Athens Development Corp.,2023-08,274.0,-96.0,-0.259
East Athens Development Corp.,2023-09,134.0,-140.0,-0.511
East Athens Development Corp.,2023-10,0.0,-134.0,-1.0
East Athens Development Corp.,2023-11,289.0,289.0,inf
East Athens Development Corp.,2023-12,0.0,-289.0,-1.0
East Athens Development Corp.,2024-01,296.0,296.0,inf
East Athens Development Corp.,2024-02,0.0,-296.0,-1.0
East Athens Development Corp.,2024-03 to 2024-07,0.0,0.0,0.0
East Athens Development Corp.,2024-08,12959.0,12959.0,inf
East Athens Development Corp.,2024-09,11890.0,-1069.0,-0.082
East Athens Development Corp.,2024-10,12121.0,231.0,0.019
East Athens Development Corp.,2024-11,11809.0,-312.0,-0.026
East Athens Development Corp.,2024-12,11986.0,177.0,0.015
East Athens Development Corp.,2025-01,0.0,-11986.0,-1.0
East Athens Development Corp.,2025-02,12428.0,12428.0,inf
East Athens Development Corp.,2025-03,7860.0,-4568.0,-0.368
East Athens Development Corp.,2025-04,12426.0,4566.0,0.581
East Athens Development Corp.,2025-05,11739.0,-687.0,-0.055
East Athens Development Corp.,2025-06,29584.0,17845.0,1.52
F2K360 CLARKE,2022-07 to 2023-08,0.0,0.0,0.0
F2K360 CLARKE,2023-09,36.0,36.0,inf
F2K360 CLARKE,2023-10,1552.0,1516.0,42.111
F2K360 CLARKE,2023-11,0.0,-1552.0,-1.0
F2K360 CLARKE,2023-12,10194.0,10194.0,inf
F2K360 CLARKE,2024-01,0.0,-10194.0,-1.0
F2K360 CLARKE,2024-02 to 2025-06,0.0,0.0,0.0
FOOD BANK OF NEGA,2022-07,11683.0,0.0,0.0
FOOD BANK OF NEGA,2022-08,10483.0,-1200.0,-0.103
FOOD BANK OF NEGA,2022-09,9177.0,-1306.0,-0.125
FOOD BANK OF NEGA,2022-10,25511.0,16334.0,1.78
FOOD BANK OF NEGA,2022-11,13753.0,-11758.0,-0.461
FOOD BANK OF NEGA,2022-12,57164.0,43411.0,3.156
FOOD BANK OF NEGA,2023-01,60734.0,3570.0,0.062
FOOD BANK OF NEGA,2023-02,11794.0,-48940.0,-0.806
FOOD BANK OF NEGA,2023-03,23432.0,11638.0,0.987
FOOD BANK OF NEGA,2023-04,6803.0,-16629.0,-0.71
FOOD BANK OF NEGA,2023-05,4355.0,-2448.0,-0.36
FOOD BANK OF NEGA,2023-06,22428.0,18073.0,4.15
FOOD BANK OF NEGA,2023-07,270.0,-22158.0,-0.988
FOOD BANK OF NEGA,2023-08,22689.0,22419.0,83.033
FOOD BANK OF NEGA,2023-09,45188.0,22499.0,0.992
FOOD BANK OF NEGA,2023-10,38811.0,-6377.0,-0.141
FOOD BANK OF NEGA,2023-11,78129.0,39318.0,1.013
FOOD BANK OF NEGA,2023-12,83544.0,5415.0,0.069
FOOD BANK OF NEGA,2024-01,28348.0,-55196.0,-0.661
FOOD BANK OF NEGA,2024-02,22524.0,-5824.0,-0.205
FOOD BANK OF NEGA,2024-03,60484.0,37960.0,1.685
FOOD BANK OF NEGA,2024-04,8847.0,-51637.0,-0.854
FOOD BANK OF NEGA,2024-05,1319.0,-7528.0,-0.851
FOOD BANK OF NEGA,2024-06,10603.0,9284.0,7.039
FOOD BANK OF NEGA,2024-07,22648.0,12045.0,1.136
FOOD BANK OF NEGA,2024-08,42735.0,20087.0,0.887
FOOD BANK OF NEGA,2024-09,12958.0,-29777.0,-0.697
FOOD BANK OF NEGA,2024-10,23748.0,10790.0,0.833
FOOD BANK OF NEGA,2024-11,60112.0,36364.0,1.531
FOOD BANK OF NEGA,2024-12,20728.0,-39384.0,-0.655
FOOD BANK OF NEGA,2025-01,3574.0,-17154.0,-0.828
FOOD BANK OF NEGA,2025-02,36221.0,32647.0,9.135
FOOD BANK OF NEGA,2025-03,100746.0,64525.0,1.781
FOOD BANK OF NEGA,2025-04,17968.0,-82778.0,-0.822
FOOD BANK OF NEGA,2025-05,3402.0,-14566.0,-0.811
FOOD BANK OF NEGA,2025-06,38040.8,34638.8,10.182
FOOD BANK OF NORTHEAST GEORGIA,2022-07 to 2024-07,0.0,0.0,0.0
FOOD BANK OF NORTHEAST GEORGIA,2024-08,2746.0,2746.0,inf
FOOD BANK OF NORTHEAST GEORGIA,2024-09,0.0,-2746.0,-1.0
FOOD BANK OF NORTHEAST GEORGIA,2024-10 to 2025-06,0.0,0.0,0.0
Faith Today Ministries,2022-07,624.0,0.0,0.0
Faith Today Ministries,2022-08,988.0,364.0,0.583
Faith Today Ministries,2022-09,1062.0,74.0,0.075
Faith Today Ministries,2022-10,914.0,-148.0,-0.139
Faith Today Ministries,2022-11,616.0,-298.0,-0.326
Faith Today Ministries,2022-12,712.0,96.0,0.156
Faith Today Ministries,2023-01,783.0,71.0,0.1
Faith Today Ministries,2023-02,911.0,128.0,0.163
Faith Today Ministries,2023-03,765.0,-146.0,-0.16
Faith Today Ministries,2023-04,435.0,-330.0,-0.431
Faith Today Ministries,2023-05,699.0,264.0,0.607
Faith Today Ministries,2023-06,831.0,132.0,0.189
Faith Today Ministries,2023-07,986.0,155.0,0.187
Faith Today Ministries,2023-08,760.0,-226.0,-0.229
Faith Today Ministries,2023-09,841.0,81.0,0.107
Faith Today Ministries,2023-10,1049.0,208.0,0.247
Faith Today Ministries,2023-11,704.0,-345.0,-0.329
Faith Today Ministries,2023-12,889.0,185.0,0.263
Faith Today Ministries,2024-01,907.0,18.0,0.02
Faith Today Ministries,2024-02,686.0,-221.0,-0.244
Faith Today Ministries,2024-03,514.0,-172.0,-0.251
Faith Today Ministries,2024-04,363.0,-151.0,-0.294
Faith Today Ministries,2024-05,1559.0,1196.0,3.295
Faith Today Ministries,2024-06,432.0,-1127.0,-0.723
Faith Today Ministries,2024-07,309.0,-123.0,-0.285
Faith Today Ministries,2024-08,779.0,470.0,1.521
Faith Today Ministries,2024-09,664.0,-115.0,-0.148
Faith Today Ministries,2024-10,619.0,-45.0,-0.068
Faith Today Ministries,2024-11,982.0,363.0,0.586
Faith Today Ministries,2024-12,708.0,-274.0,-0.279
Faith Today Ministries,2025-01,418.0,-290.0,-0.41
Faith Today Ministries,2025-02,603.0,185.0,0.443
Faith Today Ministries,2025-03,419.0,-184.0,-0.305
Faith Today Ministries,2025-04,791.0,372.0,0.888
Faith Today Ministries,2025-05,833.0,42.0,0.053
Faith Today Ministries,2025-06,700.0,-133.0,-0.16
Family Counseling Service,2022-07,2585.0,0.0,0.0
Family Counseling Service,2022-08,3803.0,1218.0,0.471
Family Counseling Service,2022-09,3127.0,-676.0,-0.178
Family Counseling Service,2022-10,3097.0,-30.0,-0.01
Family Counseling Service,2022-11,3814.0,717.0,0.232
Family Counseling Service,2022-12,2374.5,-1439.5,-0.377
Family Counseling Service,2023-01,2021.0,-353.5,-0.149
Family Counseling Service,2023-02,1846.0,-175.0,-0.087
Family Counseling Service,2023-03,3580.0,1734.0,0.939
Family Counseling Service,2023-04,2028.0,-1552.0,-0.434
Family Counseling Service,2023-05,2077.0,49.0,0.024
Family Counseling Service,2023-06,4015.0,1938.0,0.933
Family Counseling Service,2023-07,2246.0,-1769.0,-0.441
Family Counseling Service,2023-08,4752.0,2506.0,1.116
Family Counseling Service,2023-09,3821.0,-931.0,-0.196
Family Counseling Service,2023-10,3286.0,-535.0,-0.14
Family Counseling Service,2023-11,2123.0,-1163.0,-0.354
Family Counseling Service,2023-12,1903.0,-220.0,-0.104
Family Counseling Service,2024-01,2009.0,106.0,0.056
Family Counseling Service,2024-02,1807.0,-202.0,-0.101
Family Counseling Service,2024-03,2287.0,480.0,0.266
Family Counseling Service,2024-04,2110.0,-177.0,-0.077
Family Counseling Service,2024-05,2517.0,407.0,0.193
Family Counseling Service,2024-06,1331.09,-1185.91,-0.471
Family Counseling Service,2024-07,1928.0,596.9100000000001,0.448
Family Counseling Service,2024-08,2910.0,982.0,0.509
Family Counseling Service,2024-09,1900.0,-1010.0,-0.347
Family Counseling Service,2024-10,1669.0,-231.0,-0.122
Family Counseling Service,2024-11,2001.0,332.0,0.199
Family Counseling Service,2024-12,1778.0,-223.0,-0.111
Family Counseling Service,2025-01,1825.0,47.0,0.026
Family Counseling Service,2025-02,1383.0,-442.0,-0.242
Family Counseling Service,2025-03,3389.0,2006.0,1.45
Family Counseling Service,2025-04,1776.0,-1613.0,-0.476
Family Counseling Service,2025-05,3566.0,1790.0,1.008
Family Counseling Service,2025-06,1922.0,-1644.0,-0.461
Family Promise Athens,2022-07 to 2025-04,0.0,0.0,0.0
Family Promise Athens,2025-05,216.0,216.0,inf
Family Promise Athens,2025-06,263.0,47.0,0.218
Farm to Neighborhood,2022-07 to 2023-12,0.0,0.0,0.0
Farm to Neighborhood,2024-01,3650.0,3650.0,inf
Farm to Neighborhood,2024-02,0.0,-3650.0,-1.0
Farm to Neighborhood,2024-03,13692.0,13692.0,inf
Farm to Neighborhood,2024-04,24945.0,11253.0,0.822
Farm to Neighborhood,2024-05,48763.0,23818.0,0.955
Farm to Neighborhood,2024-06,40615.0,-8148.0,-0.167
Farm to Neighborhood,2024-07,38229.0,-2386.0,-0.059
Farm to Neighborhood,2024-08,48813.0,10584.0,0.277
Farm to Neighborhood,2024-09,31525.0,-17288.0,-0.354
Farm to Neighborhood,2024-10,56767.0,25242.0,0.801
Farm to Neighborhood,2024-11,45180.0,-11587.0,-0.204
Farm to Neighborhood,2024-12,1657.0,-43523.0,-0.963
Farm to Neighborhood,2025-01,53495.0,51838.0,31.284
Farm to Neighborhood,2025-02,72193.0,18698.0,0.35
Farm to Neighborhood,2025-03,61397.0,-10796.0,-0.15
Farm to Neighborhood,2025-04,38965.0,-22432.0,-0.365
Farm to Neighborhood,2025-05,97254.0,58289.0,1.496
Farm to Neighborhood,2025-06,106752.0,9498.0,0.098
"Feed My Sheep, LTD",2022-07,4706.0,0.0,0.0
"Feed My Sheep, LTD",2022-08,3263.0,-1443.0,-0.307
"Feed My Sheep, LTD",2022-09,2073.0,-1190.0,-0.365
"Feed My Sheep, LTD",2022-10,3013.0,940.0,0.453
"Feed My Sheep, LTD",2022-11,2974.0,-39.0,-0.013
"Feed My Sheep, LTD",2022-12,13410.0,10436.0,3.509
"Feed My Sheep, LTD",2023-01,4744.0,-8666.0,-0.646
"Feed My Sheep, LTD",2023-02,1989.0,-2755.0,-0.581
"Feed My Sheep, LTD",2023-03,2421.0,432.0,0.217
"Feed My Sheep, LTD",2023-04,1710.0,-711.0,-0.294
"Feed My Sheep, LTD",2023-05,2777.0,1067.0,0.624
"Feed My Sheep, LTD",2023-06,3540.0,763.0,0.275
"Feed My Sheep, LTD",2023-07,1950.0,-1590.0,-0.449
"Feed My Sheep, LTD",2023-08,3654.0,1704.0,0.874
"Feed My Sheep, LTD",2023-09,3799.0,145.0,0.04
"Feed My Sheep, LTD",2023-10,2916.0,-883.0,-0.232
"Feed My Sheep, LTD",2023-11,2393.0,-523.0,-0.179
"Feed My Sheep, LTD",2023-12,2602.0,209.0,0.087
"Feed My Sheep, LTD",2024-01,4232.0,1630.0,0.626
"Feed My Sheep, LTD",2024-02,4040.0,-192.0,-0.045
"Feed My Sheep, LTD",2024-03,2955.0,-1085.0,-0.269
"Feed My Sheep, LTD",2024-04,4805.0,1850.0,0.626
"Feed My Sheep, LTD",2024-05,2140.0,-2665.0,-0.555
"Feed My Sheep, LTD",2024-06,597.18,-1542.8200000000002,-0.721
"Feed My Sheep, LTD",2024-07,5901.0,5303.82,8.881
"Feed My Sheep, LTD",2024-08,5068.0,-833.0,-0.141
"Feed My Sheep, LTD",2024-09,1821.0,-3247.0,-0.641
"Feed My Sheep, LTD",2024-10,6358.0,4537.0,2.491
"Feed My Sheep, LTD",2024-11,2013.0,-4345.0,-0.683
"Feed My Sheep, LTD",2024-12,1921.0,-92.0,-0.046
"Feed My Sheep, LTD",2025-01,1633.0,-288.0,-0.15
"Feed My Sheep, LTD",2025-02,4650.0,3017.0,1.848
"Feed My Sheep, LTD",2025-03,7076.0,2426.0,0.522
"Feed My Sheep, LTD",2025-04,1587.0,-5489.0,-0.776
"Feed My Sheep, LTD",2025-05,1635.0,48.0,0.03
"Feed My Sheep, LTD",2025-06,1462.16,-172.83999999999992,-0.106
First AME Church of Athens,2022-07,2594.0,0.0,0.0
First AME Church of Athens,2022-08,4706.0,2112.0,0.814
First AME Church of Athens,2022-09,3715.0,-991.0,-0.211
First AME Church of Athens,2022-10,4273.0,558.0,0.15
First AME Church of Athens,2022-11,3266.0,-1007.0,-0.236
First AME Church of Athens,2022-12,1087.0,-2179.0,-0.667
First AME Church of Athens,2023-01,1518.0,431.0,0.397
First AME Church of Athens,2023-02,4104.0,2586.0,1.704
First AME Church of Athens,2023-03,4345.0,241.0,0.059
First AME Church of Athens,2023-04,3399.0,-946.0,-0.218
First AME Church of Athens,2023-05,4104.0,705.0,0.207
First AME Church of Athens,2023-06,3258.0,-846.0,-0.206
First AME Church of Athens,2023-07,4142.0,884.0,0.271
First AME Church of Athens,2023-08,4492.0,350.0,0.085
First AME Church of Athens,2023-09,3170.0,-1322.0,-0.294
First AME Church of Athens,2023-10,5172.0,2002.0,0.632
First AME Church of Athens,2023-11,3614.0,-1558.0,-0.301
First AME Church of Athens,2023-12,2425.0,-1189.0,-0.329
First AME Church of Athens,2024-01,3137.0,712.0,0.294
First AME Church of Athens,2024-02,4137.0,1000.0,0.319
First AME Church of Athens,2024-03,3948.0,-189.0,-0.046
First AME Church of Athens,2024-04,1384.0,-2564.0,-0.649
First AME Church of Athens,2024-05,3544.0,2160.0,1.561
First AME Church of Athens,2024-06,1795.0,-1749.0,-0.494
First AME Church of Athens,2024-07,3043.0,1248.0,0.695
First AME Church of Athens,2024-08,5315.0,2272.0,0.747
First AME Church of Athens,2024-09,4441.0,-874.0,-0.164
First AME Church of Athens,2024-10,4969.0,528.0,0.119
First AME Church of Athens,2024-11,3024.0,-1945.0,-0.391
First AME Church of Athens,2024-12,3196.0,172.0,0.057
First AME Church of Athens,2025-01,3509.0,313.0,0.098
First AME Church of Athens,2025-02,4416.0,907.0,0.258
First AME Church of Athens,2025-03,4734.0,318.0,0.072
First AME Church of Athens,2025-04,5042.0,308.0,0.065
First AME Church of Athens,2025-05,5195.0,153.0,0.03
First AME Church of Athens,2025-06,5107.0,-88.0,-0.017
First Baptist Church of Athens,2022-07 to 2025-05,0.0,0.0,0.0
First Baptist Church of Athens,2025-06,139.0,139.0,inf
First United Methodist Church,2022-07,0.0,0.0,0.0
First United Methodist Church,2022-08,503.0,503.0,inf
First United Methodist Church,2022-09,99.0,-404.0,-0.803
First United Methodist Church,2022-10,81.0,-18.0,-0.182
First United Methodist Church,2022-11,0.0,-81.0,-1.0
First United Methodist Church,2022-12 to 2023-07,0.0,0.0,0.0
First United Methodist Church,2023-08,516.0,516.0,inf
First United Methodist Church,2023-09,0.0,-516.0,-1.0
First United Methodist Church,2023-10,595.0,595.0,inf
First United Methodist Church,2023-11,0.0,-595.0,-1.0
First United Methodist Church,2023-12 to 2025-06,0.0,0.0,0.0
Food 2 Kids Clarke County,2022-07,0.0,0.0,0.0
Food 2 Kids Clarke County,2022-08,7200.0,7200.0,inf
Food 2 Kids Clarke County,2022-09,2965.0,-4235.0,-0.588
Food 2 Kids Clarke County,2022-10,19305.0,16340.0,5.511
Food 2 Kids Clarke County,2022-11,10127.0,-9178.0,-0.475
Food 2 Kids Clarke County,2022-12,17465.0,7338.0,0.725
Food 2 Kids Clarke County,2023-01,10868.0,-6597.0,-0.378
Food 2 Kids Clarke County,2023-02,16414.0,5546.0,0.51
Food 2 Kids Clarke County,2023-03,14768.0,-1646.0,-0.1
Food 2 Kids Clarke County,2023-04,18425.0,3657.0,0.248
Food 2 Kids Clarke County,2023-05,10595.0,-7830.0,-0.425
Food 2 Kids Clarke County,2023-06,15830.0,5235.0,0.494
Food 2 Kids Clarke County,2023-07,177.0,-15653.0,-0.989
Food 2 Kids Clarke County,2023-08,18543.0,18366.0,103.763
Food 2 Kids Clarke County,2023-09,32625.0,14082.0,0.759
Food 2 Kids Clarke County,2023-10,3916.0,-28709.0,-0.88
Food 2 Kids Clarke County,2023-11,13397.0,9481.0,2.421
Food 2 Kids Clarke County,2023-12,90.0,-13307.0,-0.993
Food 2 Kids Clarke County,2024-01,11947.0,11857.0,131.744
Food 2 Kids Clarke County,2024-02,11186.0,-761.0,-0.064
Food 2 Kids Clarke County,2024-03,8127.0,-3059.0,-0.273
Food 2 Kids Clarke County,2024-04,8209.0,82.0,0.01
Food 2 Kids Clarke County,2024-05,7267.0,-942.0,-0.115
Food 2 Kids Clarke County,2024-06,0.0,-7267.0,-1.0
Food 2 Kids Clarke County,2024-07,21691.0,21691.0,inf
Food 2 Kids Clarke County,2024-08,808.0,-20883.0,-0.963
Food 2 Kids Clarke County,2024-09,0.0,-808.0,-1.0
Food 2 Kids Clarke County,2024-10,0.0,0.0,0.0
Food 2 Kids Clarke County,2024-11,600.0,600.0,inf
Food 2 Kids Clarke County,2024-12,0.0,-600.0,-1.0
Food 2 Kids Clarke County,2025-01 to 2025-06,0.0,0.0,0.0
Food Bank NEGA Senior Staples Program (Athens Warehouse),2022-07,2975.0,0.0,0.0
Food Bank NEGA Senior Staples Program (Athens Warehouse),2022-08,8216.0,5241.0,1.762
Food Bank NEGA Senior Staples Program (Athens Warehouse),2022-09,3924.0,-4292.0,-0.522
Food Bank NEGA Senior Staples Program (Athens Warehouse),2022-10,6080.0,2156.0,0.549
Food Bank NEGA Senior Staples Program (Athens Warehouse),2022-11,3160.0,-2920.0,-0.48
Food Bank NEGA Senior Staples Program (Athens Warehouse),2022-12,3247.0,87.0,0.028
Food Bank NEGA Senior Staples Program (Athens Warehouse),2023-01,6837.0,3590.0,1.106
Food Bank NEGA Senior Staples Program (Athens Warehouse),2023-02,4758.0,-2079.0,-0.304
Food Bank NEGA Senior Staples Program (Athens Warehouse),2023-03,0.0,-4758.0,-1.0
Food Bank NEGA Senior Staples Program (Athens Warehouse),2023-04,5581.0,5581.0,inf
Food Bank NEGA Senior Staples Program (Athens Warehouse),2023-05,5610.0,29.0,0.005
Food Bank NEGA Senior Staples Program (Athens Warehouse),2023-06,6541.0,931.0,0.166
Food Bank NEGA Senior Staples Program (Athens Warehouse),2023-07,6536.0,-5.0,-0.001
Food Bank NEGA Senior Staples Program (Athens Warehouse),2023-08,5584.0,-952.0,-0.146
Food Bank NEGA Senior Staples Program (Athens Warehouse),2023-09,7640.0,2056.0,0.368
Food Bank NEGA Senior Staples Program (Athens Warehouse),2023-10,11934.0,4294.0,0.562
Food Bank NEGA Senior Staples Program (Athens Warehouse),2023-11,8546.0,-3388.0,-0.284
Food Bank NEGA Senior Staples Program (Athens Warehouse),2023-12,10645.0,2099.0,0.246
Food Bank NEGA Senior Staples Program (Athens Warehouse),2024-01,3486.0,-7159.0,-0.673
Food Bank NEGA Senior Staples Program (Athens Warehouse),2024-02,0.0,-3486.0,-1.0
Food Bank NEGA Senior Staples Program (Athens Warehouse),2024-03,24468.0,24468.0,inf
Food Bank NEGA Senior Staples Program (Athens Warehouse),2024-04,0.0,-24468.0,-1.0
Food Bank NEGA Senior Staples Program (Athens Warehouse),2024-05 to 2024-11,0.0,0.0,0.0
Food Bank NEGA Senior Staples Program (Athens Warehouse),2024-12,14661.0,14661.0,inf
Food Bank NEGA Senior Staples Program (Athens Warehouse),2025-01,0.0,-14661.0,-1.0
Food Bank NEGA Senior Staples Program (Athens Warehouse),2025-02,993.0,993.0,inf
Food Bank NEGA Senior Staples Program (Athens Warehouse),2025-03,0.0,-993.0,-1.0
Food Bank NEGA Senior Staples Program (Athens Warehouse),2025-04 to 2025-06,0.0,0.0,0.0
Foothills (Clarke) Regional High School,2022-07,64.0,0.0,0.0
Foothills (Clarke) Regional High School,2022-08,65.0,1.0,0.016
Foothills (Clarke) Regional High School,2022-09,56.0,-9.0,-0.138
Foothills (Clarke) Regional High School,2022-10,53.0,-3.0,-0.054
Foothills (Clarke) Regional High School,2022-11,54.0,1.0,0.019
Foothills (Clarke) Regional High School,2022-12,81.0,27.0,0.5
Foothills (Clarke) Regional High School,2023-01,413.0,332.0,4.099
Foothills (Clarke) Regional High School,2023-02,0.0,-413.0,-1.0
Foothills (Clarke) Regional High School,2023-03,0.0,0.0,0.0
Foothills (Clarke) Regional High School,2023-04,262.0,262.0,inf
Foothills (Clarke) Regional High School,2023-05,0.0,-262.0,-1.0
Foothills (Clarke) Regional High School,2023-06,38.0,38.0,inf
Foothills (Clarke) Regional High School,2023-07,82.0,44.0,1.158
Foothills (Clarke) Regional High School,2023-08,63.0,-19.0,-0.232
Foothills (Clarke) Regional High School,2023-09,83.0,20.0,0.317
Foothills (Clarke) Regional High School,2023-10,172.0,89.0,1.072
Foothills (Clarke) Regional High School,2023-11,82.0,-90.0,-0.523
Foothills (Clarke) Regional High School,2023-12,0.0,-82.0,-1.0
Foothills (Clarke) Regional High School,2024-01 to 2025-06,0.0,0.0,0.0
Fowler's Farmers Market,2022-07 to 2022-08,0.0,0.0,0.0
Fowler's Farmers Market,2022-09,3380.0,3380.0,inf
Fowler's Farmers Market,2022-10,3754.0,374.0,0.111
Fowler's Farmers Market,2022-11,4681.0,927.0,0.247
Fowler's Farmers Market,2022-12,5162.0,481.0,0.103
Fowler's Farmers Market,2023-01,8315.0,3153.0,0.611
Fowler's Farmers Market,2023-02,1760.0,-6555.0,-0.788
Fowler's Farmers Market,2023-03,1651.0,-109.0,-0.062
Fowler's Farmers Market,2023-04,2538.0,887.0,0.537
Fowler's Farmers Market,2023-05,5041.0,2503.0,0.986
Fowler's Farmers Market,2023-06,1705.0,-3336.0,-0.662
Fowler's Farmers Market,2023-07,7282.0,5577.0,3.271
Fowler's Farmers Market,2023-08,8711.0,1429.0,0.196
Fowler's Farmers Market,2023-09,4977.0,-3734.0,-0.429
Fowler's Farmers Market,2023-10,6673.0,1696.0,0.341
Fowler's Farmers Market,2023-11,14708.0,8035.0,1.204
Fowler's Farmers Market,2023-12,11646.0,-3062.0,-0.208
Fowler's Farmers Market,2024-01,17506.0,5860.0,0.503
Fowler's Farmers Market,2024-02,13131.0,-4375.0,-0.25
Fowler's Farmers Market,2024-03,12436.0,-695.0,-0.053
Fowler's Farmers Market,2024-04,9804.0,-2632.0,-0.212
Fowler's Farmers Market,2024-05,26537.72,16733.72,1.707
Fowler's Farmers Market,2024-06,0.0,-26537.72,-1.0
Fowler's Farmers Market,2024-07,22257.0,22257.0,inf
Fowler's Farmers Market,2024-08,34233.0,11976.0,0.538
Fowler's Farmers Market,2024-09,17678.0,-16555.0,-0.484
Fowler's Farmers Market,2024-10,9775.0,-7903.0,-0.447
Fowler's Farmers Market,2024-11,15957.0,6182.0,0.632
Fowler's Farmers Market,2024-12,15934.0,-23.0,-0.001
Fowler's Farmers Market,2025-01,21607.0,5673.0,0.356
Fowler's Farmers Market,2025-02,17133.0,-4474.0,-0.207
Fowler's Farmers Market,2025-03,6152.0,-10981.0,-0.641
Fowler's Farmers Market,2025-04,11756.0,5604.0,0.911
Fowler's Farmers Market,2025-05,0.0,-11756.0,-1.0
Fowler's Farmers Market,2025-06,0.0,0.0,0.0
Frais Church,2022-07 to 2024-04,0.0,0.0,0.0
Frais Church,2024-05,7641.0,7641.0,inf
Frais Church,2024-06,0.0,-7641.0,-1.0
Frais Church,2024-07 to 2025-06,0.0,0.0,0.0
"Freedom From Bondage, Inc.",2022-07,638.0,0.0,0.0
"Freedom From Bondage, Inc.",2022-08,1697.0,1059.0,1.66
"Freedom From Bondage, Inc.",2022-09,992.0,-705.0,-0.415
"Freedom From Bondage, Inc.",2022-10,1328.0,336.0,0.339
"Freedom From Bondage, Inc.",2022-11,1382.0,54.0,0.041
"Freedom From Bondage, Inc.",2022-12,575.0,-807.0,-0.584
"Freedom From Bondage, Inc.",2023-01,1319.0,744.0,1.294
"Freedom From Bondage, Inc.",2023-02,605.0,-714.0,-0.541
"Freedom From Bondage, Inc.",2023-03,1046.0,441.0,0.729
"Freedom From Bondage, Inc.",2023-04,1440.0,394.0,0.377
"Freedom From Bondage, Inc.",2023-05,1182.0,-258.0,-0.179
"Freedom From Bondage, Inc.",2023-06,1432.0,250.0,0.212
"Freedom From Bondage, Inc.",2023-07,2294.0,862.0,0.602
"Freedom From Bondage, Inc.",2023-08,3042.0,748.0,0.326
"Freedom From Bondage, Inc.",2023-09,2262.0,-780.0,-0.256
"Freedom From Bondage, Inc.",2023-10,3326.0,1064.0,0.47
"Freedom From Bondage, Inc.",2023-11,1348.0,-1978.0,-0.595
"Freedom From Bondage, Inc.",2023-12,514.0,-834.0,-0.619
"Freedom From Bondage, Inc.",2024-01,675.0,161.0,0.313
"Freedom From Bondage, Inc.",2024-02,667.0,-8.0,-0.012
"Freedom From Bondage, Inc.",2024-03,1348.0,681.0,1.021
"Freedom From Bondage, Inc.",2024-04,1811.0,463.0,0.343
"Freedom From Bondage, Inc.",2024-05,613.0,-1198.0,-0.662
"Freedom From Bondage, Inc.",2024-06,523.0,-90.0,-0.147
"Freedom From Bondage, Inc.",2024-07,583.0,60.0,0.115
"Freedom From Bondage, Inc.",2024-08,848.0,265.0,0.455
"Freedom From Bondage, Inc.",2024-09,103.0,-745.0,-0.879
"Freedom From Bondage, Inc.",2024-10,0.0,-103.0,-1.0
"Freedom From Bondage, Inc.",2024-11,210.0,210.0,inf
"Freedom From Bondage, Inc.",2024-12,0.0,-210.0,-1.0
"Freedom From Bondage, Inc.",2025-01,0.0,0.0,0.0
"Freedom From Bondage, Inc.",2025-02,181.0,181.0,inf
"Freedom From Bondage, Inc.",2025-03,274.0,93.0,0.514
"Freedom From Bondage, Inc.",2025-04,410.0,136.0,0.496
"Freedom From Bondage, Inc.",2025-05,372.0,-38.0,-0.093
"Freedom From Bondage, Inc.",2025-06,266.0,-106.0,-0.285
Fresh Wind Recovery Ministry (Men's),2022-07,5270.0,0.0,0.0
Fresh Wind Recovery Ministry (Men's),2022-08,5583.0,313.0,0.059
Fresh Wind Recovery Ministry (Men's),2022-09,7390.0,1807.0,0.324
Fresh Wind Recovery Ministry (Men's),2022-10,3541.0,-3849.0,-0.521
Fresh Wind Recovery Ministry (Men's),2022-11,5030.0,1489.0,0.421
Fresh Wind Recovery Ministry (Men's),2022-12,1380.0,-3650.0,-0.726
Fresh Wind Recovery Ministry (Men's),2023-01,4477.0,3097.0,2.244
Fresh Wind Recovery Ministry (Men's),2023-02,3705.0,-772.0,-0.172
Fresh Wind Recovery Ministry (Men's),2023-03,2434.0,-1271.0,-0.343
Fresh Wind Recovery Ministry (Men's),2023-04,2417.0,-17.0,-0.007
Fresh Wind Recovery Ministry (Men's),2023-05,3558.0,1141.0,0.472
Fresh Wind Recovery Ministry (Men's),2023-06,3912.0,354.0,0.099
Fresh Wind Recovery Ministry (Men's),2023-07,2936.0,-976.0,-0.249
Fresh Wind Recovery Ministry (Men's),2023-08,3348.0,412.0,0.14
Fresh Wind Recovery Ministry (Men's),2023-09,1933.0,-1415.0,-0.423
Fresh Wind Recovery Ministry (Men's),2023-10,4339.0,2406.0,1.245
Fresh Wind Recovery Ministry (Men's),2023-11,3544.0,-795.0,-0.183
Fresh Wind Recovery Ministry (Men's),2023-12,3614.0,70.0,0.02
Fresh Wind Recovery Ministry (Men's),2024-01,5158.0,1544.0,0.427
Fresh Wind Recovery Ministry (Men's),2024-02,1790.0,-3368.0,-0.653
Fresh Wind Recovery Ministry (Men's),2024-03,3283.0,1493.0,0.834
Fresh Wind Recovery Ministry (Men's),2024-04,1774.0,-1509.0,-0.46
Fresh Wind Recovery Ministry (Men's),2024-05,3338.0,1564.0,0.882
Fresh Wind Recovery Ministry (Men's),2024-06,4561.0,1223.0,0.366
Fresh Wind Recovery Ministry (Men's),2024-07,3566.0,-995.0,-0.218
Fresh Wind Recovery Ministry (Men's),2024-08,4354.0,788.0,0.221
Fresh Wind Recovery Ministry (Men's),2024-09,4863.0,509.0,0.117
Fresh Wind Recovery Ministry (Men's),2024-10,7908.0,3045.0,0.626
Fresh Wind Recovery Ministry (Men's),2024-11,4392.0,-3516.0,-0.445
Fresh Wind Recovery Ministry (Men's),2024-12,4876.0,484.0,0.11
Fresh Wind Recovery Ministry (Men's),2025-01,2624.0,-2252.0,-0.462
Fresh Wind Recovery Ministry (Men's),2025-02,2532.0,-92.0,-0.035
Fresh Wind Recovery Ministry (Men's),2025-03,2542.0,10.0,0.004
Fresh Wind Recovery Ministry (Men's),2025-04,3992.0,1450.0,0.57
Fresh Wind Recovery Ministry (Men's),2025-05,4032.0,40.0,0.01
Fresh Wind Recovery Ministry (Men's),2025-06,3038.0,-994.0,-0.247
Fresh Wind Recovery Ministry (Women's),2022-07 to 2023-10,0.0,0.0,0.0
Fresh Wind Recovery Ministry (Women's),2023-11,460.0,460.0,inf
Fresh Wind Recovery Ministry (Women's),2023-12,1375.0,915.0,1.989
Fresh Wind Recovery Ministry (Women's),2024-01,2714.0,1339.0,0.974
Fresh Wind Recovery Ministry (Women's),2024-02,2752.0,38.0,0.014
Fresh Wind Recovery Ministry (Women's),2024-03,684.0,-2068.0,-0.751
Fresh Wind Recovery Ministry (Women's),2024-04,1757.0,1073.0,1.569
Fresh Wind Recovery Ministry (Women's),2024-05,1824.0,67.0,0.038
Fresh Wind Recovery Ministry (Women's),2024-06,576.0,-1248.0,-0.684
Fresh Wind Recovery Ministry (Women's),2024-07,773.0,197.0,0.342
Fresh Wind Recovery Ministry (Women's),2024-08,879.0,106.0,0.137
Fresh Wind Recovery Ministry (Women's),2024-09,1851.0,972.0,1.106
Fresh Wind Recovery Ministry (Women's),2024-10,2355.0,504.0,0.272
Fresh Wind Recovery Ministry (Women's),2024-11,2507.0,152.0,0.065
Fresh Wind Recovery Ministry (Women's),2024-12,2941.0,434.0,0.173
Fresh Wind Recovery Ministry (Women's),2025-01,2143.0,-798.0,-0.271
Fresh Wind Recovery Ministry (Women's),2025-02,1724.0,-419.0,-0.196
Fresh Wind Recovery Ministry (Women's),2025-03,1816.0,92.0,0.053
Fresh Wind Recovery Ministry (Women's),2025-04,2767.0,951.0,0.524
Fresh Wind Recovery Ministry (Women's),2025-05,2396.0,-371.0,-0.134
Fresh Wind Recovery Ministry (Women's),2025-06,3556.58,1160.58,0.484
GPRGC Clarke Senior Assistance,2022-07,1048.0,0.0,0.0
GPRGC Clarke Senior Assistance,2022-08,0.0,-1048.0,-1.0
GPRGC Clarke Senior Assistance,2022-09 to 2023-04,0.0,0.0,0.0
GPRGC Clarke Senior Assistance,2023-05,1773.0,1773.0,inf
GPRGC Clarke Senior Assistance,2023-06,0.0,-1773.0,-1.0
GPRGC Clarke Senior Assistance,2023-07 to 2025-06,0.0,0.0,0.0
Gaines Elementary School,2022-07 to 2024-06,0.0,0.0,0.0
Gaines Elementary School,2024-07,2779.0,2779.0,inf
Gaines Elementary School,2024-08,17177.0,14398.0,5.181
Gaines Elementary School,2024-09,4410.0,-12767.0,-0.743
Gaines Elementary School,2024-10,9315.0,4905.0,1.112
Gaines Elementary School,2024-11,12129.0,2814.0,0.302
Gaines Elementary School,2024-12,8706.0,-3423.0,-0.282
Gaines Elementary School,2025-01,11860.0,3154.0,0.362
Gaines Elementary School,2025-02,17042.0,5182.0,0.437
Gaines Elementary School,2025-03,20027.0,2985.0,0.175
Gaines Elementary School,2025-04,3107.0,-16920.0,-0.845
Gaines Elementary School,2025-05,11763.0,8656.0,2.786
Gaines Elementary School,2025-06,0.0,-11763.0,-1.0
"God's Healing Hands, Inc.",2022-07,1104.0,0.0,0.0
"God's Healing Hands, Inc.",2022-08,3283.0,2179.0,1.974
"God's Healing Hands, Inc.",2022-09,2195.0,-1088.0,-0.331
"God's Healing Hands, Inc.",2022-10,3211.0,1016.0,0.463
"God's Healing Hands, Inc.",2022-11,2784.0,-427.0,-0.133
"God's Healing Hands, Inc.",2022-12,2605.0,-179.0,-0.064
"God's Healing Hands, Inc.",2023-01,5613.0,3008.0,1.155
"God's Healing Hands, Inc.",2023-02,2785.0,-2828.0,-0.504
"God's Healing Hands, Inc.",2023-03,4054.0,1269.0,0.456
"God's Healing Hands, Inc.",2023-04,3138.0,-916.0,-0.226
"God's Healing Hands, Inc.",2023-05,3724.0,586.0,0.187
"God's Healing Hands, Inc.",2023-06,5275.0,1551.0,0.416
"God's Healing Hands, Inc.",2023-07,5553.0,278.0,0.053
"God's Healing Hands, Inc.",2023-08,4341.0,-1212.0,-0.218
"God's Healing Hands, Inc.",2023-09,7155.0,2814.0,0.648
"God's Healing Hands, Inc.",2023-10,4092.0,-3063.0,-0.428
"God's Healing Hands, Inc.",2023-11,6610.0,2518.0,0.615
"God's Healing Hands, Inc.",2023-12,4947.0,-1663.0,-0.252
"God's Healing Hands, Inc.",2024-01,14164.0,9217.0,1.863
"God's Healing Hands, Inc.",2024-02,6724.0,-7440.0,-0.525
"God's Healing Hands, Inc.",2024-03,6094.0,-630.0,-0.094
"God's Healing Hands, Inc.",2024-04,5062.0,-1032.0,-0.169
"God's Healing Hands, Inc.",2024-05,8727.0,3665.0,0.724
"God's Healing Hands, Inc.",2024-06,3094.0,-5633.0,-0.645
"God's Healing Hands, Inc.",2024-07,5755.0,2661.0,0.86
"God's Healing Hands, Inc.",2024-08,7096.0,1341.0,0.233
"God's Healing Hands, Inc.",2024-09,8152.0,1056.0,0.149
"God's Healing Hands, Inc.",2024-10,6665.0,-1487.0,-0.182
"God's Healing Hands, Inc.",2024-11,7431.0,766.0,0.115
"God's Healing Hands, Inc.",2024-12,5710.0,-1721.0,-0.232
"God's Healing Hands, Inc.",2025-01,7766.0,2056.0,0.36
"God's Healing Hands, Inc.",2025-02,6486.0,-1280.0,-0.165
"God's Healing Hands, Inc.",2025-03,11205.0,4719.0,0.728
"God's Healing Hands, Inc.",2025-04,7086.0,-4119.0,-0.368
"God's Healing Hands, Inc.",2025-05,5644.0,-1442.0,-0.203
"God's Healing Hands, Inc.",2025-06,5242.0,-402.0,-0.071
"God's Helping Hands (Of Athens, GA)",2022-07,810.0,0.0,0.0
"God's Helping Hands (Of Athens, GA)",2022-08,777.0,-33.0,-0.041
"God's Helping Hands (Of Athens, GA)",2022-09,379.0,-398.0,-0.512
"God's Helping Hands (Of Athens, GA)",2022-10,2130.0,1751.0,4.62
"God's Helping Hands (Of Athens, GA)",2022-11,4723.0,2593.0,1.217
"God's Helping Hands (Of Athens, GA)",2022-12,1463.0,-3260.0,-0.69
"God's Helping Hands (Of Athens, GA)",2023-01,0.0,-1463.0,-1.0
"God's Helping Hands (Of Athens, GA)",2023-02,878.0,878.0,inf
"God's Helping Hands (Of Athens, GA)",2023-03,1098.0,220.0,0.251
"God's Helping Hands (Of Athens, GA)",2023-04,805.0,-293.0,-0.267
"God's Helping Hands (Of Athens, GA)",2023-05,475.0,-330.0,-0.41
"God's Helping Hands (Of Athens, GA)",2023-06,400.0,-75.0,-0.158
"God's Helping Hands (Of Athens, GA)",2023-07,0.0,-400.0,-1.0
"God's Helping Hands (Of Athens, GA)",2023-08 to 2023-10,0.0,0.0,0.0
"God's Helping Hands (Of Athens, GA)",2023-11,212.0,212.0,inf
"God's Helping Hands (Of Athens, GA)",2023-12,1185.0,973.0,4.59
"God's Helping Hands (Of Athens, GA)",2024-01,3768.0,2583.0,2.18
"God's Helping Hands (Of Athens, GA)",2024-02,1436.0,-2332.0,-0.619
"God's Helping Hands (Of Athens, GA)",2024-03,898.0,-538.0,-0.375
"God's Helping Hands (Of Athens, GA)",2024-04,839.0,-59.0,-0.066
"God's Helping Hands (Of Athens, GA)",2024-05,1133.0,294.0,0.35
"God's Helping Hands (Of Athens, GA)",2024-06,0.0,-1133.0,-1.0
"God's Helping Hands (Of Athens, GA)",2024-07,768.0,768.0,inf
"God's Helping Hands (Of Athens, GA)",2024-08,1842.0,1074.0,1.398
"God's Helping Hands (Of Athens, GA)",2024-09,864.0,-978.0,-0.531
"God's Helping Hands (Of Athens, GA)",2024-10,3102.0,2238.0,2.59
"God's Helping Hands (Of Athens, GA)",2024-11,2112.0,-990.0,-0.319
"God's Helping Hands (Of Athens, GA)",2024-12,1248.0,-864.0,-0.409
"God's Helping Hands (Of Athens, GA)",2025-01,2570.0,1322.0,1.059
"God's Helping Hands (Of Athens, GA)",2025-02,806.0,-1764.0,-0.686
"God's Helping Hands (Of Athens, GA)",2025-03,1415.0,609.0,0.756
"God's Helping Hands (Of Athens, GA)",2025-04,3127.0,1712.0,1.21
"God's Helping Hands (Of Athens, GA)",2025-05,1988.0,-1139.0,-0.364
"God's Helping Hands (Of Athens, GA)",2025-06,1938.0,-50.0,-0.025
"Goodwill, Eastside Athens",2022-07 to 2024-05,0.0,0.0,0.0
"Goodwill, Eastside Athens",2024-06,12594.0,12594.0,inf
"Goodwill, Eastside Athens",2024-07,0.0,-12594.0,-1.0
"Goodwill, Eastside Athens",2024-08 to 2024-10,0.0,0.0,0.0
"Goodwill, Eastside Athens",2024-11,13965.0,13965.0,inf
"Goodwill, Eastside Athens",2024-12,0.0,-13965.0,-1.0
"Goodwill, Eastside Athens",2025-01 to 2025-06,0.0,0.0,0.0
Hill Chapel Baptist Church,2022-07,12618.0,0.0,0.0
Hill Chapel Baptist Church,2022-08,11583.0,-1035.0,-0.082
Hill Chapel Baptist Church,2022-09,12136.0,553.0,0.048
Hill Chapel Baptist Church,2022-10,15752.0,3616.0,0.298
Hill Chapel Baptist Church,2022-11,12937.0,-2815.0,-0.179
Hill Chapel Baptist Church,2022-12,10788.0,-2149.0,-0.166
Hill Chapel Baptist Church,2023-01,11715.0,927.0,0.086
Hill Chapel Baptist Church,2023-02,9780.0,-1935.0,-0.165
Hill Chapel Baptist Church,2023-03,10820.0,1040.0,0.106
Hill Chapel Baptist Church,2023-04,12106.0,1286.0,0.119
Hill Chapel Baptist Church,2023-05,11493.0,-613.0,-0.051
Hill Chapel Baptist Church,2023-06,13176.0,1683.0,0.146
Hill Chapel Baptist Church,2023-07,14439.0,1263.0,0.096
Hill Chapel Baptist Church,2023-08,15031.0,592.0,0.041
Hill Chapel Baptist Church,2023-09,13272.0,-1759.0,-0.117
Hill Chapel Baptist Church,2023-10,14127.0,855.0,0.064
Hill Chapel Baptist Church,2023-11,18489.0,4362.0,0.309
Hill Chapel Baptist Church,2023-12,12231.0,-6258.0,-0.338
Hill Chapel Baptist Church,2024-01,16037.0,3806.0,0.311
Hill Chapel Baptist Church,2024-02,12794.0,-3243.0,-0.202
Hill Chapel Baptist Church,2024-03,10541.0,-2253.0,-0.176
Hill Chapel Baptist Church,2024-04,14689.0,4148.0,0.394
Hill Chapel Baptist Church,2024-05,14069.0,-620.0,-0.042
Hill Chapel Baptist Church,2024-06,13021.0,-1048.0,-0.074
Hill Chapel Baptist Church,2024-07,16358.0,3337.0,0.256
Hill Chapel Baptist Church,2024-08,11878.0,-4480.0,-0.274
Hill Chapel Baptist Church,2024-09,12786.0,908.0,0.076
Hill Chapel Baptist Church,2024-10,16803.0,4017.0,0.314
Hill Chapel Baptist Church,2024-11,15474.0,-1329.0,-0.079
Hill Chapel Baptist Church,2024-12,12600.0,-2874.0,-0.186
Hill Chapel Baptist Church,2025-01,1953.0,-10647.0,-0.845
Hill Chapel Baptist Church,2025-02,13280.0,11327.0,5.8
Hill Chapel Baptist Church,2025-03,14938.0,1658.0,0.125
Hill Chapel Baptist Church,2025-04,12838.0,-2100.0,-0.141
Hill Chapel Baptist Church,2025-05,12632.0,-206.0,-0.016
Hill Chapel Baptist Church,2025-06,13185.0,553.0,0.044
Holy Cross Lutheran Church,2022-07,0.0,0.0,0.0
Holy Cross Lutheran Church,2022-08,2070.0,2070.0,inf
Holy Cross Lutheran Church,2022-09,4059.0,1989.0,0.961
Holy Cross Lutheran Church,2022-10,2021.0,-2038.0,-0.502
Holy Cross Lutheran Church,2022-11,3303.0,1282.0,0.634
Holy Cross Lutheran Church,2022-12,3425.0,122.0,0.037
Holy Cross Lutheran Church,2023-01,2821.0,-604.0,-0.176
Holy Cross Lutheran Church,2023-02,3040.0,219.0,0.078
Holy Cross Lutheran Church,2023-03,1959.0,-1081.0,-0.356
Holy Cross Lutheran Church,2023-04,3312.0,1353.0,0.691
Holy Cross Lutheran Church,2023-05,5277.0,1965.0,0.593
Holy Cross Lutheran Church,2023-06,0.0,-5277.0,-1.0
Holy Cross Lutheran Church,2023-07,0.0,0.0,0.0
Holy Cross Lutheran Church,2023-08,4708.0,4708.0,inf
Holy Cross Lutheran Church,2023-09,3828.0,-880.0,-0.187
Holy Cross Lutheran Church,2023-10,2011.0,-1817.0,-0.475
Holy Cross Lutheran Church,2023-11,7454.0,5443.0,2.707
Holy Cross Lutheran Church,2023-12,4935.0,-2519.0,-0.338
Holy Cross Lutheran Church,2024-01,10208.0,5273.0,1.068
Holy Cross Lutheran Church,2024-02,6013.0,-4195.0,-0.411
Holy Cross Lutheran Church,2024-03,5299.0,-714.0,-0.119
Holy Cross Lutheran Church,2024-04,5996.0,697.0,0.132
Holy Cross Lutheran Church,2024-05,4632.0,-1364.0,-0.227
Holy Cross Lutheran Church,2024-06,0.0,-4632.0,-1.0
Holy Cross Lutheran Church,2024-07,0.0,0.0,0.0
Holy Cross Lutheran Church,2024-08,10683.0,10683.0,inf
Holy Cross Lutheran Church,2024-09,4769.0,-5914.0,-0.554
Holy Cross Lutheran Church,2024-10,6301.0,1532.0,0.321
Holy Cross Lutheran Church,2024-11,6044.0,-257.0,-0.041
Holy Cross Lutheran Church,2024-12,9284.0,3240.0,0.536
Holy Cross Lutheran Church,2025-01,7982.0,-1302.0,-0.14
Holy Cross Lutheran Church,2025-02,8884.0,902.0,0.113
Holy Cross Lutheran Church,2025-03,9255.0,371.0,0.042
Holy Cross Lutheran Church,2025-04,5167.0,-4088.0,-0.442
Holy Cross Lutheran Church,2025-05,4528.0,-639.0,-0.124
Holy Cross Lutheran Church,2025-06,0.0,-4528.0,-1.0
Hope House Recovery Inc.,2022-07,790.0,0.0,0.0
Hope House Recovery Inc.,2022-08,0.0,-790.0,-1.0
Hope House Recovery Inc.,2022-09,0.0,0.0,0.0
Hope House Recovery Inc.,2022-10,777.0,777.0,inf
Hope House Recovery Inc.,2022-11,258.0,-519.0,-0.668
Hope House Recovery Inc.,2022-12,865.0,607.0,2.353
Hope House Recovery Inc.,2023-01,0.0,-865.0,-1.0
Hope House Recovery Inc.,2023-02,1641.0,1641.0,inf
Hope House Recovery Inc.,2023-03,722.0,-919.0,-0.56
Hope House Recovery Inc.,2023-04,3601.0,2879.0,3.988
Hope House Recovery Inc.,2023-05,780.0,-2821.0,-0.783
Hope House Recovery Inc.,2023-06,1430.0,650.0,0.833
Hope House Recovery Inc.,2023-07,1575.0,145.0,0.101
Hope House Recovery Inc.,2023-08,2531.0,956.0,0.607
Hope House Recovery Inc.,2023-09,2300.0,-231.0,-0.091
Hope House Recovery Inc.,2023-10,2095.0,-205.0,-0.089
Hope House Recovery Inc.,2023-11,3795.0,1700.0,0.811
Hope House Recovery Inc.,2023-12,964.0,-2831.0,-0.746
Hope House Recovery Inc.,2024-01,4976.0,4012.0,4.162
Hope House Recovery Inc.,2024-02,2130.0,-2846.0,-0.572
Hope House Recovery Inc.,2024-03,887.0,-1243.0,-0.584
Hope House Recovery Inc.,2024-04,521.0,-366.0,-0.413
Hope House Recovery Inc.,2024-05,2511.0,1990.0,3.82
Hope House Recovery Inc.,2024-06,0.0,-2511.0,-1.0
Hope House Recovery Inc.,2024-07,734.0,734.0,inf
Hope House Recovery Inc.,2024-08,802.0,68.0,0.093
Hope House Recovery Inc.,2024-09,2075.0,1273.0,1.587
Hope House Recovery Inc.,2024-10,3652.0,1577.0,0.76
Hope House Recovery Inc.,2024-11,2385.0,-1267.0,-0.347
Hope House Recovery Inc.,2024-12,2578.0,193.0,0.081
Hope House Recovery Inc.,2025-01,1409.0,-1169.0,-0.453
Hope House Recovery Inc.,2025-02,2370.0,961.0,0.682
Hope House Recovery Inc.,2025-03,4832.0,2462.0,1.039
Hope House Recovery Inc.,2025-04,3232.0,-1600.0,-0.331
Hope House Recovery Inc.,2025-05,793.0,-2439.0,-0.755
Hope House Recovery Inc.,2025-06,984.0,191.0,0.241
Iglesia Pentecostal Tabernaculo de Athens,2022-07,6889.0,0.0,0.0
Iglesia Pentecostal Tabernaculo de Athens,2022-08,7235.0,346.0,0.05
Iglesia Pentecostal Tabernaculo de Athens,2022-09,4673.0,-2562.0,-0.354
Iglesia Pentecostal Tabernaculo de Athens,2022-10,6925.0,2252.0,0.482
Iglesia Pentecostal Tabernaculo de Athens,2022-11,4374.0,-2551.0,-0.368
Iglesia Pentecostal Tabernaculo de Athens,2022-12,3899.0,-475.0,-0.109
Iglesia Pentecostal Tabernaculo de Athens,2023-01,12311.0,8412.0,2.157
Iglesia Pentecostal Tabernaculo de Athens,2023-02,7142.0,-5169.0,-0.42
Iglesia Pentecostal Tabernaculo de Athens,2023-03,8035.0,893.0,0.125
Iglesia Pentecostal Tabernaculo de Athens,2023-04,6665.0,-1370.0,-0.171
Iglesia Pentecostal Tabernaculo de Athens,2023-05,9268.0,2603.0,0.391
Iglesia Pentecostal Tabernaculo de Athens,2023-06,6486.0,-2782.0,-0.3
Iglesia Pentecostal Tabernaculo de Athens,2023-07,3761.0,-2725.0,-0.42
Iglesia Pentecostal Tabernaculo de Athens,2023-08,8596.0,4835.0,1.286
Iglesia Pentecostal Tabernaculo de Athens,2023-09,4273.0,-4323.0,-0.503
Iglesia Pentecostal Tabernaculo de Athens,2023-10,8583.0,4310.0,1.009
Iglesia Pentecostal Tabernaculo de Athens,2023-11,7120.0,-1463.0,-0.17
Iglesia Pentecostal Tabernaculo de Athens,2023-12,7121.0,1.0,0.0
Iglesia Pentecostal Tabernaculo de Athens,2024-01,4048.0,-3073.0,-0.432
Iglesia Pentecostal Tabernaculo de Athens,2024-02,6724.0,2676.0,0.661
Iglesia Pentecostal Tabernaculo de Athens,2024-03,7385.0,661.0,0.098
Iglesia Pentecostal Tabernaculo de Athens,2024-04,6056.0,-1329.0,-0.18
Iglesia Pentecostal Tabernaculo de Athens,2024-05,5555.0,-501.0,-0.083
Iglesia Pentecostal Tabernaculo de Athens,2024-06,4957.0,-598.0,-0.108
Iglesia Pentecostal Tabernaculo de Athens,2024-07,6135.0,1178.0,0.238
Iglesia Pentecostal Tabernaculo de Athens,2024-08,4786.0,-1349.0,-0.22
Iglesia Pentecostal Tabernaculo de Athens,2024-09,2709.0,-2077.0,-0.434
Iglesia Pentecostal Tabernaculo de Athens,2024-10,5325.0,2616.0,0.966
Iglesia Pentecostal Tabernaculo de Athens,2024-11,4159.0,-1166.0,-0.219
Iglesia Pentecostal Tabernaculo de Athens,2024-12,3445.0,-714.0,-0.172
Iglesia Pentecostal Tabernaculo de Athens,2025-01,6332.0,2887.0,0.838
Iglesia Pentecostal Tabernaculo de Athens,2025-02,5281.0,-1051.0,-0.166
Iglesia Pentecostal Tabernaculo de Athens,2025-03,4111.0,-1170.0,-0.222
Iglesia Pentecostal Tabernaculo de Athens,2025-04,4979.0,868.0,0.211
Iglesia Pentecostal Tabernaculo de Athens,2025-05,3614.0,-1365.0,-0.274
Iglesia Pentecostal Tabernaculo de Athens,2025-06,3383.0,-231.0,-0.064
Inter-Community Council Inc.,2022-07 to 2023-06,0.0,0.0,0.0
Inter-Community Council Inc.,2023-07,9590.0,9590.0,inf
Inter-Community Council Inc.,2023-08,0.0,-9590.0,-1.0
Inter-Community Council Inc.,2023-09,0.0,0.0,0.0
Inter-Community Council Inc.,2023-10,119.0,119.0,inf
Inter-Community Council Inc.,2023-11,0.0,-119.0,-1.0
Inter-Community Council Inc.,2023-12 to 2025-06,0.0,0.0,0.0
Juvenile Offender Advocate Inc. (JOA),2022-07 to 2024-11,0.0,0.0,0.0
Juvenile Offender Advocate Inc. (JOA),2024-12,185.0,185.0,inf
Juvenile Offender Advocate Inc. (JOA),2025-01,0.0,-185.0,-1.0
Juvenile Offender Advocate Inc. (JOA),2025-02 to 2025-06,0.0,0.0,0.0
La Nueva Jerusalem,2022-07,998.0,0.0,0.0
La Nueva Jerusalem,2022-08,403.0,-595.0,-0.596
La Nueva Jerusalem,2022-09,843.0,440.0,1.092
La Nueva Jerusalem,2022-10,986.0,143.0,0.17
La Nueva Jerusalem,2022-11,532.0,-454.0,-0.46
La Nueva Jerusalem,2022-12,1014.0,482.0,0.906
La Nueva Jerusalem,2023-01,866.0,-148.0,-0.146
La Nueva Jerusalem,2023-02,397.0,-469.0,-0.542
La Nueva Jerusalem,2023-03,691.0,294.0,0.741
La Nueva Jerusalem,2023-04,521.0,-170.0,-0.246
La Nueva Jerusalem,2023-05,550.0,29.0,0.056
La Nueva Jerusalem,2023-06,1032.0,482.0,0.876
La Nueva Jerusalem,2023-07,686.0,-346.0,-0.335
La Nueva Jerusalem,2023-08,935.0,249.0,0.363
La Nueva Jerusalem,2023-09,1066.0,131.0,0.14
La Nueva Jerusalem,2023-10,824.0,-242.0,-0.227
La Nueva Jerusalem,2023-11,526.0,-298.0,-0.362
La Nueva Jerusalem,2023-12,755.0,229.0,0.435
La Nueva Jerusalem,2024-01,543.0,-212.0,-0.281
La Nueva Jerusalem,2024-02,649.0,106.0,0.195
La Nueva Jerusalem,2024-03,816.0,167.0,0.257
La Nueva Jerusalem,2024-04,382.0,-434.0,-0.532
La Nueva Jerusalem,2024-05,389.0,7.0,0.018
La Nueva Jerusalem,2024-06,523.0,134.0,0.344
La Nueva Jerusalem,2024-07,604.0,81.0,0.155
La Nueva Jerusalem,2024-08,424.0,-180.0,-0.298
La Nueva Jerusalem,2024-09,593.0,169.0,0.399
La Nueva Jerusalem,2024-10,271.0,-322.0,-0.543
La Nueva Jerusalem,2024-11,363.0,92.0,0.339
La Nueva Jerusalem,2024-12,561.0,198.0,0.545
La Nueva Jerusalem,2025-01,729.0,168.0,0.299
La Nueva Jerusalem,2025-02,625.0,-104.0,-0.143
La Nueva Jerusalem,2025-03,553.0,-72.0,-0.115
La Nueva Jerusalem,2025-04,825.0,272.0,0.492
La Nueva Jerusalem,2025-05,1536.0,711.0,0.862
La Nueva Jerusalem,2025-06,283.0,-1253.0,-0.816
Living Hope Church,2022-07,3092.0,0.0,0.0
Living Hope Church,2022-08,2899.0,-193.0,-0.062
Living Hope Church,2022-09,2725.0,-174.0,-0.06
Living Hope Church,2022-10,2957.0,232.0,0.085
Living Hope Church,2022-11,2075.0,-882.0,-0.298
Living Hope Church,2022-12,1232.0,-843.0,-0.406
Living Hope Church,2023-01,2092.0,860.0,0.698
Living Hope Church,2023-02,1287.0,-805.0,-0.385
Living Hope Church,2023-03,1417.0,130.0,0.101
Living Hope Church,2023-04,1835.0,418.0,0.295
Living Hope Church,2023-05,1509.0,-326.0,-0.178
Living Hope Church,2023-06,1923.0,414.0,0.274
Living Hope Church,2023-07,3180.0,1257.0,0.654
Living Hope Church,2023-08,2618.0,-562.0,-0.177
Living Hope Church,2023-09,2389.0,-229.0,-0.087
Living Hope Church,2023-10,2715.0,326.0,0.136
Living Hope Church,2023-11,1822.0,-893.0,-0.329
Living Hope Church,2023-12,1558.0,-264.0,-0.145
Living Hope Church,2024-01,3219.0,1661.0,1.066
Living Hope Church,2024-02,2499.0,-720.0,-0.224
Living Hope Church,2024-03,2101.0,-398.0,-0.159
Living Hope Church,2024-04,1982.0,-119.0,-0.057
Living Hope Church,2024-05,2320.0,338.0,0.171
Living Hope Church,2024-06,1197.0,-1123.0,-0.484
Living Hope Church,2024-07,2267.0,1070.0,0.894
Living Hope Church,2024-08,1349.0,-918.0,-0.405
Living Hope Church,2024-09,1621.0,272.0,0.202
Living Hope Church,2024-10,1805.0,184.0,0.114
Living Hope Church,2024-11,1601.0,-204.0,-0.113
Living Hope Church,2024-12,1374.0,-227.0,-0.142
Living Hope Church,2025-01,1784.0,410.0,0.298
Living Hope Church,2025-02,1742.0,-42.0,-0.024
Living Hope Church,2025-03,1318.0,-424.0,-0.243
Living Hope Church,2025-04,997.0,-321.0,-0.244
Living Hope Church,2025-05,2231.0,1234.0,1.238
Living Hope Church,2025-06,1035.0,-1196.0,-0.536
Living Water Christian Fellowship Church,2022-07,4124.0,0.0,0.0
Living Water Christian Fellowship Church,2022-08,1550.0,-2574.0,-0.624
Living Water Christian Fellowship Church,2022-09,1827.0,277.0,0.179
Living Water Christian Fellowship Church,2022-10,1894.0,67.0,0.037
Living Water Christian Fellowship Church,2022-11,1397.0,-497.0,-0.262
Living Water Christian Fellowship Church,2022-12,763.0,-634.0,-0.454
Living Water Christian Fellowship Church,2023-01,1420.0,657.0,0.861
Living Water Christian Fellowship Church,2023-02,1298.0,-122.0,-0.086
Living Water Christian Fellowship Church,2023-03,1530.0,232.0,0.179
Living Water Christian Fellowship Church,2023-04,990.0,-540.0,-0.353
Living Water Christian Fellowship Church,2023-05,1633.0,643.0,0.649
Living Water Christian Fellowship Church,2023-06,1181.0,-452.0,-0.277
Living Water Christian Fellowship Church,2023-07,868.0,-313.0,-0.265
Living Water Christian Fellowship Church,2023-08,1303.0,435.0,0.501
Living Water Christian Fellowship Church,2023-09,1872.0,569.0,0.437
Living Water Christian Fellowship Church,2023-10,2400.0,528.0,0.282
Living Water Christian Fellowship Church,2023-11,2028.0,-372.0,-0.155
Living Water Christian Fellowship Church,2023-12,1639.0,-389.0,-0.192
Living Water Christian Fellowship Church,2024-01,1303.0,-336.0,-0.205
Living Water Christian Fellowship Church,2024-02,1623.0,320.0,0.246
Living Water Christian Fellowship Church,2024-03,1014.0,-609.0,-0.375
Living Water Christian Fellowship Church,2024-04,1822.0,808.0,0.797
Living Water Christian Fellowship Church,2024-05,3036.0,1214.0,0.666
Living Water Christian Fellowship Church,2024-06,1281.0,-1755.0,-0.578
Living Water Christian Fellowship Church,2024-07,1428.0,147.0,0.115
Living Water Christian Fellowship Church,2024-08,2556.0,1128.0,0.79
Living Water Christian Fellowship Church,2024-09,2931.0,375.0,0.147
Living Water Christian Fellowship Church,2024-10,3128.0,197.0,0.067
Living Water Christian Fellowship Church,2024-11,2176.0,-952.0,-0.304
Living Water Christian Fellowship Church,2024-12,2544.0,368.0,0.169
Living Water Christian Fellowship Church,2025-01,3196.0,652.0,0.256
Living Water Christian Fellowship Church,2025-02,3723.0,527.0,0.165
Living Water Christian Fellowship Church,2025-03,2411.0,-1312.0,-0.352
Living Water Christian Fellowship Church,2025-04,3168.0,757.0,0.314
Living Water Christian Fellowship Church,2025-05,2414.0,-754.0,-0.238
Living Water Christian Fellowship Church,2025-06,1260.16,-1153.84,-0.478
MULTIPLEchoices-Disabled Veteran's Division,2022-07,0.0,0.0,0.0
MULTIPLEchoices-Disabled Veteran's Division,2022-08,161.0,161.0,inf
MULTIPLEchoices-Disabled Veteran's Division,2022-09,0.0,-161.0,-1.0
MULTIPLEchoices-Disabled Veteran's Division,2022-10 to 2023-07,0.0,0.0,0.0
MULTIPLEchoices-Disabled Veteran's Division,2023-08,190.0,190.0,inf
MULTIPLEchoices-Disabled Veteran's Division,2023-09,0.0,-190.0,-1.0
MULTIPLEchoices-Disabled Veteran's Division,2023-10 to 2024-12,0.0,0.0,0.0
MULTIPLEchoices-Disabled Veteran's Division,2025-01,160.0,160.0,inf
MULTIPLEchoices-Disabled Veteran's Division,2025-02,0.0,-160.0,-1.0
MULTIPLEchoices-Disabled Veteran's Division,2025-03 to 2025-06,0.0,0.0,0.0
Marigold Collective Inc.,2022-07 to 2024-01,0.0,0.0,0.0
Marigold Collective Inc.,2024-02,992.0,992.0,inf
Marigold Collective Inc.,2024-03,1057.0,65.0,0.066
Marigold Collective Inc.,2024-04,385.0,-672.0,-0.636
Marigold Collective Inc.,2024-05,373.0,-12.0,-0.031
Marigold Collective Inc.,2024-06,407.0,34.0,0.091
Marigold Collective Inc.,2024-07,0.0,-407.0,-1.0
Marigold Collective Inc.,2024-08 to 2024-09,0.0,0.0,0.0
Marigold Collective Inc.,2024-10,186.0,186.0,inf
Marigold Collective Inc.,2024-11,0.0,-186.0,-1.0
Marigold Collective Inc.,2024-12 to 2025-02,0.0,0.0,0.0
Marigold Collective Inc.,2025-03,321.0,321.0,inf
Marigold Collective Inc.,2025-04,0.0,-321.0,-1.0
Marigold Collective Inc.,2025-05 to 2025-06,0.0,0.0,0.0
Mental Health Residential (ABHS),2022-07,0.0,0.0,0.0
Mental Health Residential (ABHS),2022-08,117.0,117.0,inf
Mental Health Residential (ABHS),2022-09,831.0,714.0,6.103
Mental Health Residential (ABHS),2022-10,560.0,-271.0,-0.326
Mental Health Residential (ABHS),2022-11,453.0,-107.0,-0.191
Mental Health Residential (ABHS),2022-12,0.0,-453.0,-1.0
Mental Health Residential (ABHS),2023-01,627.0,627.0,inf
Mental Health Residential (ABHS),2023-02,466.0,-161.0,-0.257
Mental Health Residential (ABHS),2023-03,708.0,242.0,0.519
Mental Health Residential (ABHS),2023-04,1229.0,521.0,0.736
Mental Health Residential (ABHS),2023-05,214.0,-1015.0,-0.826
Mental Health Residential (ABHS),2023-06,85.0,-129.0,-0.603
Mental Health Residential (ABHS),2023-07,128.0,43.0,0.506
Mental Health Residential (ABHS),2023-08,307.0,179.0,1.398
Mental Health Residential (ABHS),2023-09,161.0,-146.0,-0.476
Mental Health Residential (ABHS),2023-10,254.0,93.0,0.578
Mental Health Residential (ABHS),2023-11,245.0,-9.0,-0.035
Mental Health Residential (ABHS),2023-12,270.0,25.0,0.102
Mental Health Residential (ABHS),2024-01,0.0,-270.0,-1.0
Mental Health Residential (ABHS),2024-02,314.0,314.0,inf
Mental Health Residential (ABHS),2024-03,96.0,-218.0,-0.694
Mental Health Residential (ABHS),2024-04,219.0,123.0,1.281
Mental Health Residential (ABHS),2024-05,732.0,513.0,2.342
Mental Health Residential (ABHS),2024-06,499.0,-233.0,-0.318
Mental Health Residential (ABHS),2024-07,216.0,-283.0,-0.567
Mental Health Residential (ABHS),2024-08,0.0,-216.0,-1.0
Mental Health Residential (ABHS),2024-09,257.0,257.0,inf
Mental Health Residential (ABHS),2024-10,528.0,271.0,1.054
Mental Health Residential (ABHS),2024-11,1167.0,639.0,1.21
Mental Health Residential (ABHS),2024-12,692.0,-475.0,-0.407
Mental Health Residential (ABHS),2025-01,582.0,-110.0,-0.159
Mental Health Residential (ABHS),2025-02,401.0,-181.0,-0.311
Mental Health Residential (ABHS),2025-03,672.0,271.0,0.676
Mental Health Residential (ABHS),2025-04,741.0,69.0,0.103
Mental Health Residential (ABHS),2025-05,779.0,38.0,0.051
Mental Health Residential (ABHS),2025-06,789.0,10.0,0.013
Mercy Health Center,2022-07 to 2023-12,0.0,0.0,0.0
Mercy Health Center,2024-01,21.0,21.0,inf
Mercy Health Center,2024-02,151.0,130.0,6.19
Mercy Health Center,2024-03,38.0,-113.0,-0.748
Mercy Health Center,2024-04,97.0,59.0,1.553
Mercy Health Center,2024-05,71.0,-26.0,-0.268
Mercy Health Center,2024-06,140.0,69.0,0.972
Mercy Health Center,2024-07,69.0,-71.0,-0.507
Mercy Health Center,2024-08,119.0,50.0,0.725
Mercy Health Center,2024-09,133.0,14.0,0.118
Mercy Health Center,2024-10,0.0,-133.0,-1.0
Mercy Health Center,2024-11,228.0,228.0,inf
Mercy Health Center,2024-12,183.0,-45.0,-0.197
Mercy Health Center,2025-01,64.0,-119.0,-0.65
Mercy Health Center,2025-02,148.0,84.0,1.312
Mercy Health Center,2025-03,59.0,-89.0,-0.601
Mercy Health Center,2025-04,258.0,199.0,3.373
Mercy Health Center,2025-05,463.0,205.0,0.795
Mercy Health Center,2025-06,117.0,-346.0,-0.747
Mt. Olive SDA Church,2022-07,83618.0,0.0,0.0
Mt. Olive SDA Church,2022-08,63128.0,-20490.0,-0.245
Mt. Olive SDA Church,2022-09,93083.0,29955.0,0.475
Mt. Olive SDA Church,2022-10,59298.0,-33785.0,-0.363
Mt. Olive SDA Church,2022-11,72698.0,13400.0,0.226
Mt. Olive SDA Church,2022-12,113882.0,41184.0,0.567
Mt. Olive SDA Church,2023-01,114061.0,179.0,0.002
Mt. Olive SDA Church,2023-02,54283.0,-59778.0,-0.524
Mt. Olive SDA Church,2023-03,100870.0,46587.0,0.858
Mt. Olive SDA Church,2023-04,78949.0,-21921.0,-0.217
Mt. Olive SDA Church,2023-05,62565.0,-16384.0,-0.208
Mt. Olive SDA Church,2023-06,88141.0,25576.0,0.409
Mt. Olive SDA Church,2023-07,60926.0,-27215.0,-0.309
Mt. Olive SDA Church,2023-08,119825.0,58899.0,0.967
Mt. Olive SDA Church,2023-09,36217.0,-83608.0,-0.698
Mt. Olive SDA Church,2023-10,95932.0,59715.0,1.649
Mt. Olive SDA Church,2023-11,89699.0,-6233.0,-0.065
Mt. Olive SDA Church,2023-12,101225.0,11526.0,0.128
Mt. Olive SDA Church,2024-01,97857.0,-3368.0,-0.033
Mt. Olive SDA Church,2024-02,100920.0,3063.0,0.031
Mt. Olive SDA Church,2024-03,99662.0,-1258.0,-0.012
Mt. Olive SDA Church,2024-04,67230.0,-32432.0,-0.325
Mt. Olive SDA Church,2024-05,128491.0,61261.0,0.911
Mt. Olive SDA Church,2024-06,134246.0,5755.0,0.045
Mt. Olive SDA Church,2024-07,120504.0,-13742.0,-0.102
Mt. Olive SDA Church,2024-08,123559.0,3055.0,0.025
Mt. Olive SDA Church,2024-09,91341.0,-32218.0,-0.261
Mt. Olive SDA Church,2024-10,110303.0,18962.0,0.208
Mt. Olive SDA Church,2024-11,100664.0,-9639.0,-0.087
Mt. Olive SDA Church,2024-12,172023.0,71359.0,0.709
Mt. Olive SDA Church,2025-01,160728.0,-11295.0,-0.066
Mt. Olive SDA Church,2025-02,137866.0,-22862.0,-0.142
Mt. Olive SDA Church,2025-03,104221.0,-33645.0,-0.244
Mt. Olive SDA Church,2025-04,64078.0,-40143.0,-0.385
Mt. Olive SDA Church,2025-05,38703.0,-25375.0,-0.396
Mt. Olive SDA Church,2025-06,38214.0,-489.0,-0.013
Nations Church,2022-07 to 2024-10,0.0,0.0,0.0
Nations Church,2024-11,2863.0,2863.0,inf
Nations Church,2024-12,3523.0,660.0,0.231
Nations Church,2025-01,7029.0,3506.0,0.995
Nations Church,2025-02,3869.0,-3160.0,-0.45
Nations Church,2025-03,3318.0,-551.0,-0.142
Nations Church,2025-04,2246.0,-1072.0,-0.323
Nations Church,2025-05,0.0,-2246.0,-1.0
Nations Church,2025-06,6168.0,6168.0,inf
Open Hearts,2022-07,0.0,0.0,0.0
Open Hearts,2022-08,212.0,212.0,inf
Open Hearts,2022-09,716.0,504.0,2.377
Open Hearts,2022-10,287.0,-429.0,-0.599
Open Hearts,2022-11,670.0,383.0,1.334
Open Hearts,2022-12,0.0,-670.0,-1.0
Open Hearts,2023-01,57.0,57.0,inf
Open Hearts,2023-02,205.0,148.0,2.596
Open Hearts,2023-03,340.0,135.0,0.659
Open Hearts,2023-04,0.0,-340.0,-1.0
Open Hearts,2023-05,198.0,198.0,inf
Open Hearts,2023-06,0.0,-198.0,-1.0
Open Hearts,2023-07 to 2023-09,0.0,0.0,0.0
Open Hearts,2023-10,166.0,166.0,inf
Open Hearts,2023-11,259.0,93.0,0.56
Open Hearts,2023-12,0.0,-259.0,-1.0
Open Hearts,2024-01 to 2024-02,0.0,0.0,0.0
Open Hearts,2024-03,244.0,244.0,inf
Open Hearts,2024-04,0.0,-244.0,-1.0
Open Hearts,2024-05,1227.0,1227.0,inf
Open Hearts,2024-06,0.0,-1227.0,-1.0
Open Hearts,2024-07 to 2024-08,0.0,0.0,0.0
Open Hearts,2024-09,394.0,394.0,inf
Open Hearts,2024-10,225.0,-169.0,-0.429
Open Hearts,2024-11,362.0,137.0,0.609
Open Hearts,2024-12,0.0,-362.0,-1.0
Open Hearts,2025-01,207.0,207.0,inf
Open Hearts,2025-02,0.0,-207.0,-1.0
Open Hearts,2025-03,0.0,0.0,0.0
Open Hearts,2025-04,167.0,167.0,inf
Open Hearts,2025-05,0.0,-167.0,-1.0
Open Hearts,2025-06,0.0,0.0,0.0
PINEWOOD ESTATES NORTH---Program,2022-07,15021.0,0.0,0.0
PINEWOOD ESTATES NORTH---Program,2022-08,10585.0,-4436.0,-0.295
PINEWOOD ESTATES NORTH---Program,2022-09,9590.0,-995.0,-0.094
PINEWOOD ESTATES NORTH---Program,2022-10,13412.0,3822.0,0.399
PINEWOOD ESTATES NORTH---Program,2022-11,9384.0,-4028.0,-0.3
PINEWOOD ESTATES NORTH---Program,2022-12,11853.0,2469.0,0.263
PINEWOOD ESTATES NORTH---Program,2023-01,9792.0,-2061.0,-0.174
PINEWOOD ESTATES NORTH---Program,2023-02,9857.0,65.0,0.007
PINEWOOD ESTATES NORTH---Program,2023-03,9770.0,-87.0,-0.009
PINEWOOD ESTATES NORTH---Program,2023-04,12964.0,3194.0,0.327
PINEWOOD ESTATES NORTH---Program,2023-05,9359.0,-3605.0,-0.278
PINEWOOD ESTATES NORTH---Program,2023-06,11719.0,2360.0,0.252
PINEWOOD ESTATES NORTH---Program,2023-07,11732.0,13.0,0.001
PINEWOOD ESTATES NORTH---Program,2023-08,15723.0,3991.0,0.34
PINEWOOD ESTATES NORTH---Program,2023-09,11176.0,-4547.0,-0.289
PINEWOOD ESTATES NORTH---Program,2023-10,11195.0,19.0,0.002
PINEWOOD ESTATES NORTH---Program,2023-11,11765.0,570.0,0.051
PINEWOOD ESTATES NORTH---Program,2023-12,11984.0,219.0,0.019
PINEWOOD ESTATES NORTH---Program,2024-01,0.0,-11984.0,-1.0
PINEWOOD ESTATES NORTH---Program,2024-02,20337.0,20337.0,inf
PINEWOOD ESTATES NORTH---Program,2024-03,12088.0,-8249.0,-0.406
PINEWOOD ESTATES NORTH---Program,2024-04,12577.0,489.0,0.04
PINEWOOD ESTATES NORTH---Program,2024-05,11412.0,-1165.0,-0.093
PINEWOOD ESTATES NORTH---Program,2024-06,12308.0,896.0,0.079
PINEWOOD ESTATES NORTH---Program,2024-07,10028.0,-2280.0,-0.185
PINEWOOD ESTATES NORTH---Program,2024-08,13638.0,3610.0,0.36
PINEWOOD ESTATES NORTH---Program,2024-09,12032.0,-1606.0,-0.118
PINEWOOD ESTATES NORTH---Program,2024-10,12815.0,783.0,0.065
PINEWOOD ESTATES NORTH---Program,2024-11,13589.0,774.0,0.06
PINEWOOD ESTATES NORTH---Program,2024-12,11670.0,-1919.0,-0.141
PINEWOOD ESTATES NORTH---Program,2025-01,12845.0,1175.0,0.101
PINEWOOD ESTATES NORTH---Program,2025-02,612.0,-12233.0,-0.952
PINEWOOD ESTATES NORTH---Program,2025-03,11986.0,11374.0,18.585
PINEWOOD ESTATES NORTH---Program,2025-04,12203.0,217.0,0.018
PINEWOOD ESTATES NORTH---Program,2025-05,0.0,-12203.0,-1.0
PINEWOOD ESTATES NORTH---Program,2025-06,0.0,0.0,0.0
PLR (People Living in Recovery),2022-07,2686.0,0.0,0.0
PLR (People Living in Recovery),2022-08,2568.0,-118.0,-0.044
PLR (People Living in Recovery),2022-09,2260.0,-308.0,-0.12
PLR (People Living in Recovery),2022-10,509.0,-1751.0,-0.775
PLR (People Living in Recovery),2022-11,631.0,122.0,0.24
PLR (People Living in Recovery),2022-12,265.0,-366.0,-0.58
PLR (People Living in Recovery),2023-01,435.0,170.0,0.642
PLR (People Living in Recovery),2023-02,334.0,-101.0,-0.232
PLR (People Living in Recovery),2023-03,308.0,-26.0,-0.078
PLR (People Living in Recovery),2023-04,408.0,100.0,0.325
PLR (People Living in Recovery),2023-05,794.0,386.0,0.946
PLR (People Living in Recovery),2023-06,670.0,-124.0,-0.156
PLR (People Living in Recovery),2023-07,1046.0,376.0,0.561
PLR (People Living in Recovery),2023-08,1515.0,469.0,0.448
PLR (People Living in Recovery),2023-09,905.0,-610.0,-0.403
PLR (People Living in Recovery),2023-10,843.0,-62.0,-0.069
PLR (People Living in Recovery),2023-11,1070.0,227.0,0.269
PLR (People Living in Recovery),2023-12,290.0,-780.0,-0.729
PLR (People Living in Recovery),2024-01,1054.0,764.0,2.634
PLR (People Living in Recovery),2024-02,1154.0,100.0,0.095
PLR (People Living in Recovery),2024-03,664.0,-490.0,-0.425
PLR (People Living in Recovery),2024-04,890.0,226.0,0.34
PLR (People Living in Recovery),2024-05,1138.0,248.0,0.279
PLR (People Living in Recovery),2024-06,157.0,-981.0,-0.862
PLR (People Living in Recovery),2024-07,626.0,469.0,2.987
PLR (People Living in Recovery),2024-08,1240.0,614.0,0.981
PLR (People Living in Recovery),2024-09,621.0,-619.0,-0.499
PLR (People Living in Recovery),2024-10,1257.0,636.0,1.024
PLR (People Living in Recovery),2024-11,1047.0,-210.0,-0.167
PLR (People Living in Recovery),2024-12,1086.0,39.0,0.037
PLR (People Living in Recovery),2025-01,871.0,-215.0,-0.198
PLR (People Living in Recovery),2025-02,958.0,87.0,0.1
PLR (People Living in Recovery),2025-03,991.0,33.0,0.034
PLR (People Living in Recovery),2025-04,803.0,-188.0,-0.19
PLR (People Living in Recovery),2025-05,1227.0,424.0,0.528
PLR (People Living in Recovery),2025-06,1135.0,-92.0,-0.075
Palm House Recovery,2022-07,2108.0,0.0,0.0
Palm House Recovery,2022-08,2617.0,509.0,0.241
Palm House Recovery,2022-09,1514.0,-1103.0,-0.421
Palm House Recovery,2022-10,970.0,-544.0,-0.359
Palm House Recovery,2022-11,1348.0,378.0,0.39
Palm House Recovery,2022-12,1280.0,-68.0,-0.05
Palm House Recovery,2023-01,991.0,-289.0,-0.226
Palm House Recovery,2023-02,1743.0,752.0,0.759
Palm House Recovery,2023-03,1254.0,-489.0,-0.281
Palm House Recovery,2023-04,588.0,-666.0,-0.531
Palm House Recovery,2023-05,946.0,358.0,0.609
Palm House Recovery,2023-06,539.0,-407.0,-0.43
Palm House Recovery,2023-07,706.0,167.0,0.31
Palm House Recovery,2023-08,1144.0,438.0,0.62
Palm House Recovery,2023-09,772.0,-372.0,-0.325
Palm House Recovery,2023-10,617.0,-155.0,-0.201
Palm House Recovery,2023-11,1281.0,664.0,1.076
Palm House Recovery,2023-12,1183.0,-98.0,-0.077
Palm House Recovery,2024-01,869.0,-314.0,-0.265
Palm House Recovery,2024-02,474.0,-395.0,-0.455
Palm House Recovery,2024-03,868.0,394.0,0.831
Palm House Recovery,2024-04,737.0,-131.0,-0.151
Palm House Recovery,2024-05,1025.0,288.0,0.391
Palm House Recovery,2024-06,598.0,-427.0,-0.417
Palm House Recovery,2024-07,840.0,242.0,0.405
Palm House Recovery,2024-08,2073.0,1233.0,1.468
Palm House Recovery,2024-09,704.0,-1369.0,-0.66
Palm House Recovery,2024-10,863.0,159.0,0.226
Palm House Recovery,2024-11,940.0,77.0,0.089
Palm House Recovery,2024-12,568.0,-372.0,-0.396
Palm House Recovery,2025-01,1759.0,1191.0,2.097
Palm House Recovery,2025-02,1635.0,-124.0,-0.07
Palm House Recovery,2025-03,846.0,-789.0,-0.483
Palm House Recovery,2025-04,1276.0,430.0,0.508
Palm House Recovery,2025-05,763.0,-513.0,-0.402
Palm House Recovery,2025-06,661.0,-102.0,-0.134
Project Safe,2022-07,214.0,0.0,0.0
Project Safe,2022-08,277.0,63.0,0.294
Project Safe,2022-09,662.0,385.0,1.39
Project Safe,2022-10,219.0,-443.0,-0.669
Project Safe,2022-11,465.0,246.0,1.123
Project Safe,2022-12,355.0,-110.0,-0.237
Project Safe,2023-01,435.0,80.0,0.225
Project Safe,2023-02,147.0,-288.0,-0.662
Project Safe,2023-03,147.0,0.0,0.0
Project Safe,2023-04,291.0,144.0,0.98
Project Safe,2023-05,456.0,165.0,0.567
Project Safe,2023-06,413.0,-43.0,-0.094
Project Safe,2023-07,542.0,129.0,0.312
Project Safe,2023-08,701.0,159.0,0.293
Project Safe,2023-09,475.0,-226.0,-0.322
Project Safe,2023-10,977.0,502.0,1.057
Project Safe,2023-11,536.0,-441.0,-0.451
Project Safe,2023-12,301.0,-235.0,-0.438
Project Safe,2024-01,288.0,-13.0,-0.043
Project Safe,2024-02,1292.0,1004.0,3.486
Project Safe,2024-03,694.0,-598.0,-0.463
Project Safe,2024-04,558.0,-136.0,-0.196
Project Safe,2024-05,535.0,-23.0,-0.041
Project Safe,2024-06,166.0,-369.0,-0.69
Project Safe,2024-07,246.0,80.0,0.482
Project Safe,2024-08,709.0,463.0,1.882
Project Safe,2024-09,551.0,-158.0,-0.223
Project Safe,2024-10,297.0,-254.0,-0.461
Project Safe,2024-11,272.0,-25.0,-0.084
Project Safe,2024-12,585.0,313.0,1.151
Project Safe,2025-01,0.0,-585.0,-1.0
Project Safe,2025-02,817.0,817.0,inf
Project Safe,2025-03,498.0,-319.0,-0.39
Project Safe,2025-04,512.0,14.0,0.028
Project Safe,2025-05,287.0,-225.0,-0.439
Project Safe,2025-06,282.0,-5.0,-0.017
Redeemed Christian Church of God Inc Amazing Grace Parish,2022-07,0.0,0.0,0.0
Redeemed Christian Church of God Inc Amazing Grace Parish,2022-08,666.0,666.0,inf
Redeemed Christian Church of God Inc Amazing Grace Parish,2022-09,1758.0,1092.0,1.64
Redeemed Christian Church of God Inc Amazing Grace Parish,2022-10,801.0,-957.0,-0.544
Redeemed Christian Church of God Inc Amazing Grace Parish,2022-11,2168.0,1367.0,1.707
Redeemed Christian Church of God Inc Amazing Grace Parish,2022-12,503.0,-1665.0,-0.768
Redeemed Christian Church of God Inc Amazing Grace Parish,2023-01,1346.0,843.0,1.676
Redeemed Christian Church of God Inc Amazing Grace Parish,2023-02,0.0,-1346.0,-1.0
Redeemed Christian Church of God Inc Amazing Grace Parish,2023-03,875.0,875.0,inf
Redeemed Christian Church of God Inc Amazing Grace Parish,2023-04,1031.0,156.0,0.178
Redeemed Christian Church of God Inc Amazing Grace Parish,2023-05,0.0,-1031.0,-1.0
Redeemed Christian Church of God Inc Amazing Grace Parish,2023-06,793.0,793.0,inf
Redeemed Christian Church of God Inc Amazing Grace Parish,2023-07,608.0,-185.0,-0.233
Redeemed Christian Church of God Inc Amazing Grace Parish,2023-08,3153.0,2545.0,4.186
Redeemed Christian Church of God Inc Amazing Grace Parish,2023-09,1064.0,-2089.0,-0.663
Redeemed Christian Church of God Inc Amazing Grace Parish,2023-10,0.0,-1064.0,-1.0
Redeemed Christian Church of God Inc Amazing Grace Parish,2023-11,2448.0,2448.0,inf
Redeemed Christian Church of God Inc Amazing Grace Parish,2023-12,0.0,-2448.0,-1.0
Redeemed Christian Church of God Inc Amazing Grace Parish,2024-01,0.0,0.0,0.0
Redeemed Christian Church of God Inc Amazing Grace Parish,2024-02,1032.0,1032.0,inf
Redeemed Christian Church of God Inc Amazing Grace Parish,2024-03,1019.0,-13.0,-0.013
Redeemed Christian Church of God Inc Amazing Grace Parish,2024-04,1358.0,339.0,0.333
Redeemed Christian Church of God Inc Amazing Grace Parish,2024-05,32.0,-1326.0,-0.976
Redeemed Christian Church of God Inc Amazing Grace Parish,2024-06,0.0,-32.0,-1.0
Redeemed Christian Church of God Inc Amazing Grace Parish,2024-07,693.0,693.0,inf
Redeemed Christian Church of God Inc Amazing Grace Parish,2024-08,0.0,-693.0,-1.0
Redeemed Christian Church of God Inc Amazing Grace Parish,2024-09,1016.0,1016.0,inf
Redeemed Christian Church of God Inc Amazing Grace Parish,2024-10,1334.0,318.0,0.313
Redeemed Christian Church of God Inc Amazing Grace Parish,2024-11,2143.0,809.0,0.606
Redeemed Christian Church of God Inc Amazing Grace Parish,2024-12,819.0,-1324.0,-0.618
Redeemed Christian Church of God Inc Amazing Grace Parish,2025-01,0.0,-819.0,-1.0
Redeemed Christian Church of God Inc Amazing Grace Parish,2025-02,818.0,818.0,inf
Redeemed Christian Church of God Inc Amazing Grace Parish,2025-03,987.0,169.0,0.207
Redeemed Christian Church of God Inc Amazing Grace Parish,2025-04,0.0,-987.0,-1.0
Redeemed Christian Church of God Inc Amazing Grace Parish,2025-05,0.0,0.0,0.0
Redeemed Christian Church of God Inc Amazing Grace Parish,2025-06,891.0,891.0,inf
Salvation Army (Clarke),2022-07,700.0,0.0,0.0
Salvation Army (Clarke),2022-08,0.0,-700.0,-1.0
Salvation Army (Clarke),2022-09 to 2022-10,0.0,0.0,0.0
Salvation Army (Clarke),2022-11,13043.0,13043.0,inf
Salvation Army (Clarke),2022-12,3604.0,-9439.0,-0.724
Salvation Army (Clarke),2023-01,1335.0,-2269.0,-0.63
Salvation Army (Clarke),2023-02,0.0,-1335.0,-1.0
Salvation Army (Clarke),2023-03,0.0,0.0,0.0
Salvation Army (Clarke),2023-04,2087.0,2087.0,inf
Salvation Army (Clarke),2023-05,0.0,-2087.0,-1.0
Salvation Army (Clarke),2023-06,2751.0,2751.0,inf
Salvation Army (Clarke),2023-07,0.0,-2751.0,-1.0
Salvation Army (Clarke),2023-08 to 2024-03,0.0,0.0,0.0
Salvation Army (Clarke),2024-04,1466.0,1466.0,inf
Salvation Army (Clarke),2024-05,175.0,-1291.0,-0.881
Salvation Army (Clarke),2024-06,0.0,-175.0,-1.0
Salvation Army (Clarke),2024-07,956.0,956.0,inf
Salvation Army (Clarke),2024-08,0.0,-956.0,-1.0
Salvation Army (Clarke),2024-09,1061.0,1061.0,inf
Salvation Army (Clarke),2024-10,0.0,-1061.0,-1.0
Salvation Army (Clarke),2024-11 to 2025-06,0.0,0.0,0.0
Sarepta Baptist Missions Network,2022-07 to 2023-11,0.0,0.0,0.0
Sarepta Baptist Missions Network,2023-12,422.0,422.0,inf
Sarepta Baptist Missions Network,2024-01,1359.0,937.0,2.22
Sarepta Baptist Missions Network,2024-02,1531.0,172.0,0.127
Sarepta Baptist Missions Network,2024-03,1469.0,-62.0,-0.04
Sarepta Baptist Missions Network,2024-04,992.0,-477.0,-0.325
Sarepta Baptist Missions Network,2024-05,1064.0,72.0,0.073
Sarepta Baptist Missions Network,2024-06,443.0,-621.0,-0.584
Sarepta Baptist Missions Network,2024-07,347.0,-96.0,-0.217
Sarepta Baptist Missions Network,2024-08,189.0,-158.0,-0.455
Sarepta Baptist Missions Network,2024-09,279.0,90.0,0.476
Sarepta Baptist Missions Network,2024-10,156.0,-123.0,-0.441
Sarepta Baptist Missions Network,2024-11,187.0,31.0,0.199
Sarepta Baptist Missions Network,2024-12,0.0,-187.0,-1.0
Sarepta Baptist Missions Network,2025-01,117.0,117.0,inf
Sarepta Baptist Missions Network,2025-02,306.0,189.0,1.615
Sarepta Baptist Missions Network,2025-03,176.0,-130.0,-0.425
Sarepta Baptist Missions Network,2025-04,94.0,-82.0,-0.466
Sarepta Baptist Missions Network,2025-05,0.0,-94.0,-1.0
Sarepta Baptist Missions Network,2025-06,0.0,0.0,0.0
Seventh-Day Adventist Church,2022-07,397.0,0.0,0.0
Seventh-Day Adventist Church,2022-08,599.0,202.0,0.509
Seventh-Day Adventist Church,2022-09,1234.0,635.0,1.06
Seventh-Day Adventist Church,2022-10,505.0,-729.0,-0.591
Seventh-Day Adventist Church,2022-11,286.0,-219.0,-0.434
Seventh-Day Adventist Church,2022-12,714.0,428.0,1.497
Seventh-Day Adventist Church,2023-01,665.0,-49.0,-0.069
Seventh-Day Adventist Church,2023-02,384.0,-281.0,-0.423
Seventh-Day Adventist Church,2023-03,582.0,198.0,0.516
Seventh-Day Adventist Church,2023-04,837.0,255.0,0.438
Seventh-Day Adventist Church,2023-05,496.0,-341.0,-0.407
Seventh-Day Adventist Church,2023-06,888.0,392.0,0.79
Seventh-Day Adventist Church,2023-07,797.0,-91.0,-0.102
Seventh-Day Adventist Church,2023-08,599.0,-198.0,-0.248
Seventh-Day Adventist Church,2023-09,514.0,-85.0,-0.142
Seventh-Day Adventist Church,2023-10,1156.0,642.0,1.249
Seventh-Day Adventist Church,2023-11,963.0,-193.0,-0.167
Seventh-Day Adventist Church,2023-12,946.0,-17.0,-0.018
Seventh-Day Adventist Church,2024-01,1130.0,184.0,0.195
Seventh-Day Adventist Church,2024-02,657.0,-473.0,-0.419
Seventh-Day Adventist Church,2024-03,964.0,307.0,0.467
Seventh-Day Adventist Church,2024-04,1316.0,352.0,0.365
Seventh-Day Adventist Church,2024-05,572.0,-744.0,-0.565
Seventh-Day Adventist Church,2024-06,687.0,115.0,0.201
Seventh-Day Adventist Church,2024-07,696.0,9.0,0.013
Seventh-Day Adventist Church,2024-08,766.0,70.0,0.101
Seventh-Day Adventist Church,2024-09,710.0,-56.0,-0.073
Seventh-Day Adventist Church,2024-10,1059.0,349.0,0.492
Seventh-Day Adventist Church,2024-11,638.0,-421.0,-0.398
Seventh-Day Adventist Church,2024-12,1311.0,673.0,1.055
Seventh-Day Adventist Church,2025-01,902.0,-409.0,-0.312
Seventh-Day Adventist Church,2025-02,417.0,-485.0,-0.538
Seventh-Day Adventist Church,2025-03,670.0,253.0,0.607
Seventh-Day Adventist Church,2025-04,641.0,-29.0,-0.043
Seventh-Day Adventist Church,2025-05,799.0,158.0,0.246
Seventh-Day Adventist Church,2025-06,628.0,-171.0,-0.214
Sheats Social Services,2022-07 to 2024-10,0.0,0.0,0.0
Sheats Social Services,2024-11,1099.0,1099.0,inf
Sheats Social Services,2024-12,728.0,-371.0,-0.338
Sheats Social Services,2025-01,0.0,-728.0,-1.0
Sheats Social Services,2025-02,514.0,514.0,inf
Sheats Social Services,2025-03,843.0,329.0,0.64
Sheats Social Services,2025-04,827.0,-16.0,-0.019
Sheats Social Services,2025-05,375.0,-452.0,-0.547
Sheats Social Services,2025-06,452.0,77.0,0.205
"Sheriff's Foundation, Clarke County",2022-07 to 2024-09,0.0,0.0,0.0
"Sheriff's Foundation, Clarke County",2024-10,3166.0,3166.0,inf
"Sheriff's Foundation, Clarke County",2024-11,0.0,-3166.0,-1.0
"Sheriff's Foundation, Clarke County",2024-12,14076.0,14076.0,inf
"Sheriff's Foundation, Clarke County",2025-01,0.0,-14076.0,-1.0
"Sheriff's Foundation, Clarke County",2025-02 to 2025-06,0.0,0.0,0.0
Shiloh Baptist Church,2022-07,12646.0,0.0,0.0
Shiloh Baptist Church,2022-08,0.0,-12646.0,-1.0
Shiloh Baptist Church,2022-09 to 2022-10,0.0,0.0,0.0
Shiloh Baptist Church,2022-11,2815.0,2815.0,inf
Shiloh Baptist Church,2022-12,0.0,-2815.0,-1.0
Shiloh Baptist Church,2023-01,260.0,260.0,inf
Shiloh Baptist Church,2023-02,1096.0,836.0,3.215
Shiloh Baptist Church,2023-03,722.0,-374.0,-0.341
Shiloh Baptist Church,2023-04,863.0,141.0,0.195
Shiloh Baptist Church,2023-05,0.0,-863.0,-1.0
Shiloh Baptist Church,2023-06,2081.0,2081.0,inf
Shiloh Baptist Church,2023-07,940.0,-1141.0,-0.548
Shiloh Baptist Church,2023-08,0.0,-940.0,-1.0
Shiloh Baptist Church,2023-09,1970.0,1970.0,inf
Shiloh Baptist Church,2023-10,2076.0,106.0,0.054
Shiloh Baptist Church,2023-11,0.0,-2076.0,-1.0
Shiloh Baptist Church,2023-12,2042.0,2042.0,inf
Shiloh Baptist Church,2024-01,2662.0,620.0,0.304
Shiloh Baptist Church,2024-02,828.0,-1834.0,-0.689
Shiloh Baptist Church,2024-03,3384.0,2556.0,3.087
Shiloh Baptist Church,2024-04,20.0,-3364.0,-0.994
Shiloh Baptist Church,2024-05,346.0,326.0,16.3
Shiloh Baptist Church,2024-06,0.0,-346.0,-1.0
Shiloh Baptist Church,2024-07 to 2024-09,0.0,0.0,0.0
Shiloh Baptist Church,2024-10,3269.0,3269.0,inf
Shiloh Baptist Church,2024-11,498.0,-2771.0,-0.848
Shiloh Baptist Church,2024-12,0.0,-498.0,-1.0
Shiloh Baptist Church,2025-01,2427.0,2427.0,inf
Shiloh Baptist Church,2025-02,1190.0,-1237.0,-0.51
Shiloh Baptist Church,2025-03,1698.0,508.0,0.427
Shiloh Baptist Church,2025-04,766.0,-932.0,-0.549
Shiloh Baptist Church,2025-05,1430.0,664.0,0.867
Shiloh Baptist Church,2025-06,555.0,-875.0,-0.612
Soul Winner's Ministries,2022-07 to 2022-09,0.0,0.0,0.0
Soul Winner's Ministries,2022-10,580.0,580.0,inf
Soul Winner's Ministries,2022-11,945.0,365.0,0.629
Soul Winner's Ministries,2022-12,368.0,-577.0,-0.611
Soul Winner's Ministries,2023-01,0.0,-368.0,-1.0
Soul Winner's Ministries,2023-02 to 2023-05,0.0,0.0,0.0
Soul Winner's Ministries,2023-06,394.0,394.0,inf
Soul Winner's Ministries,2023-07,0.0,-394.0,-1.0
Soul Winner's Ministries,2023-08,0.0,0.0,0.0
Soul Winner's Ministries,2023-09,258.0,258.0,inf
Soul Winner's Ministries,2023-10,1369.0,1111.0,4.306
Soul Winner's Ministries,2023-11,430.0,-939.0,-0.686
Soul Winner's Ministries,2023-12,552.0,122.0,0.284
Soul Winner's Ministries,2024-01,0.0,-552.0,-1.0
Soul Winner's Ministries,2024-02 to 2024-04,0.0,0.0,0.0
Soul Winner's Ministries,2024-05,53.0,53.0,inf
Soul Winner's Ministries,2024-06,0.0,-53.0,-1.0
Soul Winner's Ministries,2024-07,0.0,0.0,0.0
Soul Winner's Ministries,2024-08,776.0,776.0,inf
Soul Winner's Ministries,2024-09,0.0,-776.0,-1.0
Soul Winner's Ministries,2024-10 to 2025-01,0.0,0.0,0.0
Soul Winner's Ministries,2025-02,741.0,741.0,inf
Soul Winner's Ministries,2025-03,843.0,102.0,0.138
Soul Winner's Ministries,2025-04,0.0,-843.0,-1.0
Soul Winner's Ministries,2025-05,480.0,480.0,inf
Soul Winner's Ministries,2025-06,0.0,-480.0,-1.0
Sparrows Nest,2022-07,0.0,0.0,0.0
Sparrows Nest,2022-08,315.0,315.0,inf
Sparrows Nest,2022-09,304.0,-11.0,-0.035
Sparrows Nest,2022-10,1127.0,823.0,2.707
Sparrows Nest,2022-11,0.0,-1127.0,-1.0
Sparrows Nest,2022-12,1038.0,1038.0,inf
Sparrows Nest,2023-01,1826.0,788.0,0.759
Sparrows Nest,2023-02,0.0,-1826.0,-1.0
Sparrows Nest,2023-03,2000.0,2000.0,inf
Sparrows Nest,2023-04,1385.0,-615.0,-0.308
Sparrows Nest,2023-05,0.0,-1385.0,-1.0
Sparrows Nest,2023-06,968.0,968.0,inf
Sparrows Nest,2023-07,93.0,-875.0,-0.904
Sparrows Nest,2023-08,589.0,496.0,5.333
Sparrows Nest,2023-09,400.0,-189.0,-0.321
Sparrows Nest,2023-10,0.0,-400.0,-1.0
Sparrows Nest,2023-11,665.0,665.0,inf
Sparrows Nest,2023-12,533.0,-132.0,-0.198
Sparrows Nest,2024-01,761.0,228.0,0.428
Sparrows Nest,2024-02,425.0,-336.0,-0.442
Sparrows Nest,2024-03,615.0,190.0,0.447
Sparrows Nest,2024-04,0.0,-615.0,-1.0
Sparrows Nest,2024-05,529.0,529.0,inf
Sparrows Nest,2024-06,496.0,-33.0,-0.062
Sparrows Nest,2024-07,0.0,-496.0,-1.0
Sparrows Nest,2024-08 to 2024-11,0.0,0.0,0.0
Sparrows Nest,2024-12,644.0,644.0,inf
Sparrows Nest,2025-01,128.0,-516.0,-0.801
Sparrows Nest,2025-02,0.0,-128.0,-1.0
Sparrows Nest,2025-03,0.0,0.0,0.0
Sparrows Nest,2025-04,640.0,640.0,inf
Sparrows Nest,2025-05,0.0,-640.0,-1.0
Sparrows Nest,2025-06,0.0,0.0,0.0
Terrapin FBNEGA Mobile Pantry,2022-07,10821.0,0.0,0.0
Terrapin FBNEGA Mobile Pantry,2022-08,10830.0,9.0,0.001
Terrapin FBNEGA Mobile Pantry,2022-09,8682.0,-2148.0,-0.198
Terrapin FBNEGA Mobile Pantry,2022-10,9674.0,992.0,0.114
Terrapin FBNEGA Mobile Pantry,2022-11,5114.0,-4560.0,-0.471
Terrapin FBNEGA Mobile Pantry,2022-12,8616.0,3502.0,0.685
Terrapin FBNEGA Mobile Pantry,2023-01,10424.0,1808.0,0.21
Terrapin FBNEGA Mobile Pantry,2023-02,9753.0,-671.0,-0.064
Terrapin FBNEGA Mobile Pantry,2023-03,7323.0,-2430.0,-0.249
Terrapin FBNEGA Mobile Pantry,2023-04,10388.0,3065.0,0.419
Terrapin FBNEGA Mobile Pantry,2023-05,9052.0,-1336.0,-0.129
Terrapin FBNEGA Mobile Pantry,2023-06,6944.0,-2108.0,-0.233
Terrapin FBNEGA Mobile Pantry,2023-07,10193.0,3249.0,0.468
Terrapin FBNEGA Mobile Pantry,2023-08,10640.0,447.0,0.044
Terrapin FBNEGA Mobile Pantry,2023-09,10978.0,338.0,0.032
Terrapin FBNEGA Mobile Pantry,2023-10,10666.0,-312.0,-0.028
Terrapin FBNEGA Mobile Pantry,2023-11,9968.0,-698.0,-0.065
Terrapin FBNEGA Mobile Pantry,2023-12,11881.0,1913.0,0.192
Terrapin FBNEGA Mobile Pantry,2024-01,0.0,-11881.0,-1.0
Terrapin FBNEGA Mobile Pantry,2024-02 to 2025-06,0.0,0.0,0.0
"The Bridge Community Church, Inc.",2022-07,0.0,0.0,0.0
"The Bridge Community Church, Inc.",2022-08,209.0,209.0,inf
"The Bridge Community Church, Inc.",2022-09,0.0,-209.0,-1.0
"The Bridge Community Church, Inc.",2022-10 to 2023-06,0.0,0.0,0.0
"The Bridge Community Church, Inc.",2023-07,148.0,148.0,inf
"The Bridge Community Church, Inc.",2023-08,0.0,-148.0,-1.0
"The Bridge Community Church, Inc.",2023-09,210.0,210.0,inf
"The Bridge Community Church, Inc.",2023-10,176.0,-34.0,-0.162
"The Bridge Community Church, Inc.",2023-11,121.0,-55.0,-0.312
"The Bridge Community Church, Inc.",2023-12,110.0,-11.0,-0.091
"The Bridge Community Church, Inc.",2024-01,0.0,-110.0,-1.0
"The Bridge Community Church, Inc.",2024-02 to 2024-03,0.0,0.0,0.0
"The Bridge Community Church, Inc.",2024-04,181.0,181.0,inf
"The Bridge Community Church, Inc.",2024-05,76.0,-105.0,-0.58
"The Bridge Community Church, Inc.",2024-06,0.0,-76.0,-1.0
"The Bridge Community Church, Inc.",2024-07 to 2025-06,0.0,0.0,0.0
"The Cancer Foundation, INC",2022-07 to 2024-01,0.0,0.0,0.0
"The Cancer Foundation, INC",2024-02,282.0,282.0,inf
"The Cancer Foundation, INC",2024-03,320.0,38.0,0.135
"The Cancer Foundation, INC",2024-04,12283.0,11963.0,37.384
"The Cancer Foundation, INC",2024-05,1098.0,-11185.0,-0.911
"The Cancer Foundation, INC",2024-06,925.0,-173.0,-0.158
"The Cancer Foundation, INC",2024-07,13081.0,12156.0,13.142
"The Cancer Foundation, INC",2024-08,589.0,-12492.0,-0.955
"The Cancer Foundation, INC",2024-09,845.0,256.0,0.435
"The Cancer Foundation, INC",2024-10,12678.0,11833.0,14.004
"The Cancer Foundation, INC",2024-11,778.0,-11900.0,-0.939
"The Cancer Foundation, INC",2024-12,12254.0,11476.0,14.751
"The Cancer Foundation, INC",2025-01,949.0,-11305.0,-0.923
"The Cancer Foundation, INC",2025-02,14634.0,13685.0,14.42
"The Cancer Foundation, INC",2025-03,813.0,-13821.0,-0.944
"The Cancer Foundation, INC",2025-04,13816.0,13003.0,15.994
"The Cancer Foundation, INC",2025-05,1668.0,-12148.0,-0.879
"The Cancer Foundation, INC",2025-06,15426.0,13758.0,8.248
The Extended Table,2022-07,503.0,0.0,0.0
The Extended Table,2022-08,312.0,-191.0,-0.38
The Extended Table,2022-09,600.0,288.0,0.923
The Extended Table,2022-10,557.0,-43.0,-0.072
The Extended Table,2022-11,242.0,-315.0,-0.566
The Extended Table,2022-12,591.0,349.0,1.442
The Extended Table,2023-01,281.0,-310.0,-0.525
The Extended Table,2023-02,149.0,-132.0,-0.47
The Extended Table,2023-03,522.0,373.0,2.503
The Extended Table,2023-04,419.0,-103.0,-0.197
The Extended Table,2023-05,381.0,-38.0,-0.091
The Extended Table,2023-06,538.0,157.0,0.412
The Extended Table,2023-07,600.0,62.0,0.115
The Extended Table,2023-08,897.0,297.0,0.495
The Extended Table,2023-09,437.0,-460.0,-0.513
The Extended Table,2023-10,189.0,-248.0,-0.568
The Extended Table,2023-11,222.0,33.0,0.175
The Extended Table,2023-12,377.0,155.0,0.698
The Extended Table,2024-01,286.0,-91.0,-0.241
The Extended Table,2024-02,66.0,-220.0,-0.769
The Extended Table,2024-03,452.0,386.0,5.848
The Extended Table,2024-04,99.0,-353.0,-0.781
The Extended Table,2024-05,834.0,735.0,7.424
The Extended Table,2024-06,402.0,-432.0,-0.518
The Extended Table,2024-07,384.0,-18.0,-0.045
The Extended Table,2024-08,545.0,161.0,0.419
The Extended Table,2024-09,333.0,-212.0,-0.389
The Extended Table,2024-10,0.0,-333.0,-1.0
The Extended Table,2024-11,312.0,312.0,inf
The Extended Table,2024-12,0.0,-312.0,-1.0
The Extended Table,2025-01,0.0,0.0,0.0
The Extended Table,2025-02,283.0,283.0,inf
The Extended Table,2025-03,329.0,46.0,0.163
The Extended Table,2025-04,606.0,277.0,0.842
The Extended Table,2025-05,364.0,-242.0,-0.399
The Extended Table,2025-06,181.0,-183.0,-0.503
The Table UGA,2022-07,359.0,0.0,0.0
The Table UGA,2022-08,0.0,-359.0,-1.0
The Table UGA,2022-09,420.0,420.0,inf
The Table UGA,2022-10,160.0,-260.0,-0.619
The Table UGA,2022-11,0.0,-160.0,-1.0
The Table UGA,2022-12,0.0,0.0,0.0
The Table UGA,2023-01,400.0,400.0,inf
The Table UGA,2023-02,134.0,-266.0,-0.665
The Table UGA,2023-03,196.0,62.0,0.463
The Table UGA,2023-04,305.0,109.0,0.556
The Table UGA,2023-05,204.0,-101.0,-0.331
The Table UGA,2023-06,0.0,-204.0,-1.0
The Table UGA,2023-07,0.0,0.0,0.0
The Table UGA,2023-08,509.0,509.0,inf
The Table UGA,2023-09,0.0,-509.0,-1.0
The Table UGA,2023-10,318.0,318.0,inf
The Table UGA,2023-11,149.0,-169.0,-0.531
The Table UGA,2023-12,0.0,-149.0,-1.0
The Table UGA,2024-01,396.0,396.0,inf
The Table UGA,2024-02,0.0,-396.0,-1.0
The Table UGA,2024-03,110.0,110.0,inf
The Table UGA,2024-04,166.0,56.0,0.509
The Table UGA,2024-05,0.0,-166.0,-1.0
The Table UGA,2024-06 to 2024-08,0.0,0.0,0.0
The Table UGA,2024-09,100.0,100.0,inf
The Table UGA,2024-10,201.0,101.0,1.01
The Table UGA,2024-11,0.0,-201.0,-1.0
The Table UGA,2024-12,0.0,0.0,0.0
The Table UGA,2025-01,193.0,193.0,inf
The Table UGA,2025-02,0.0,-193.0,-1.0
The Table UGA,2025-03,105.0,105.0,inf
The Table UGA,2025-04,264.0,159.0,1.514
The Table UGA,2025-05,127.0,-137.0,-0.519
The Table UGA,2025-06,0.0,-127.0,-1.0
"The Twin Angels, Inc. ",2022-07 to 2024-03,0.0,0.0,0.0
"The Twin Angels, Inc. ",2024-04,10625.0,10625.0,inf
"The Twin Angels, Inc. ",2024-05,26763.0,16138.0,1.519
"The Twin Angels, Inc. ",2024-06,7830.0,-18933.0,-0.707
"The Twin Angels, Inc. ",2024-07,13265.0,5435.0,0.694
"The Twin Angels, Inc. ",2024-08,10540.0,-2725.0,-0.205
"The Twin Angels, Inc. ",2024-09,5698.0,-4842.0,-0.459
"The Twin Angels, Inc. ",2024-10,18805.0,13107.0,2.3
"The Twin Angels, Inc. ",2024-11,3423.0,-15382.0,-0.818
"The Twin Angels, Inc. ",2024-12,4224.0,801.0,0.234
"The Twin Angels, Inc. ",2025-01,19533.0,15309.0,3.624
"The Twin Angels, Inc. ",2025-02,11203.0,-8330.0,-0.426
"The Twin Angels, Inc. ",2025-03,41148.0,29945.0,2.673
"The Twin Angels, Inc. ",2025-04,0.0,-41148.0,-1.0
"The Twin Angels, Inc. ",2025-05 to 2025-06,0.0,0.0,0.0
Timothy Baptist Church,2022-07,0.0,0.0,0.0
Timothy Baptist Church,2022-08,3507.0,3507.0,inf
Timothy Baptist Church,2022-09,2990.0,-517.0,-0.147
Timothy Baptist Church,2022-10,1605.0,-1385.0,-0.463
Timothy Baptist Church,2022-11,2780.0,1175.0,0.732
Timothy Baptist Church,2022-12,0.0,-2780.0,-1.0
Timothy Baptist Church,2023-01,0.0,0.0,0.0
Timothy Baptist Church,2023-02,2354.0,2354.0,inf
Timothy Baptist Church,2023-03,2526.0,172.0,0.073
Timothy Baptist Church,2023-04,100.0,-2426.0,-0.96
Timothy Baptist Church,2023-05,2540.0,2440.0,24.4
Timothy Baptist Church,2023-06,875.0,-1665.0,-0.656
Timothy Baptist Church,2023-07,1601.0,726.0,0.83
Timothy Baptist Church,2023-08,4128.0,2527.0,1.578
Timothy Baptist Church,2023-09,1179.0,-2949.0,-0.714
Timothy Baptist Church,2023-10,3150.0,1971.0,1.672
Timothy Baptist Church,2023-11,3395.0,245.0,0.078
Timothy Baptist Church,2023-12,0.0,-3395.0,-1.0
Timothy Baptist Church,2024-01,3233.0,3233.0,inf
Timothy Baptist Church,2024-02,4187.0,954.0,0.295
Timothy Baptist Church,2024-03,4810.0,623.0,0.149
Timothy Baptist Church,2024-04,5187.0,377.0,0.078
Timothy Baptist Church,2024-05,3191.0,-1996.0,-0.385
Timothy Baptist Church,2024-06,1669.0,-1522.0,-0.477
Timothy Baptist Church,2024-07,1101.0,-568.0,-0.34
Timothy Baptist Church,2024-08,5440.0,4339.0,3.941
Timothy Baptist Church,2024-09,5720.0,280.0,0.051
Timothy Baptist Church,2024-10,4897.0,-823.0,-0.144
Timothy Baptist Church,2024-11,4646.0,-251.0,-0.051
Timothy Baptist Church,2024-12,0.0,-4646.0,-1.0
Timothy Baptist Church,2025-01,4261.0,4261.0,inf
Timothy Baptist Church,2025-02,6067.0,1806.0,0.424
Timothy Baptist Church,2025-03,5165.0,-902.0,-0.149
Timothy Baptist Church,2025-04,4488.0,-677.0,-0.131
Timothy Baptist Church,2025-05,2475.0,-2013.0,-0.449
Timothy Baptist Church,2025-06,5272.0,2797.0,1.13
"True Comfort Care Home, Inc.",2022-07,1256.0,0.0,0.0
"True Comfort Care Home, Inc.",2022-08,1568.0,312.0,0.248
"True Comfort Care Home, Inc.",2022-09,6235.0,4667.0,2.976
"True Comfort Care Home, Inc.",2022-10,2190.0,-4045.0,-0.649
"True Comfort Care Home, Inc.",2022-11,26602.0,24412.0,11.147
"True Comfort Care Home, Inc.",2022-12,10543.0,-16059.0,-0.604
"True Comfort Care Home, Inc.",2023-01,5053.0,-5490.0,-0.521
"True Comfort Care Home, Inc.",2023-02,1389.0,-3664.0,-0.725
"True Comfort Care Home, Inc.",2023-03,9386.0,7997.0,5.757
"True Comfort Care Home, Inc.",2023-04,1896.0,-7490.0,-0.798
"True Comfort Care Home, Inc.",2023-05,12043.0,10147.0,5.352
"True Comfort Care Home, Inc.",2023-06,6640.0,-5403.0,-0.449
"True Comfort Care Home, Inc.",2023-07,750.0,-5890.0,-0.887
"True Comfort Care Home, Inc.",2023-08,7903.0,7153.0,9.537
"True Comfort Care Home, Inc.",2023-09,5245.0,-2658.0,-0.336
"True Comfort Care Home, Inc.",2023-10,13970.0,8725.0,1.663
"True Comfort Care Home, Inc.",2023-11,9352.0,-4618.0,-0.331
"True Comfort Care Home, Inc.",2023-12,11516.0,2164.0,0.231
"True Comfort Care Home, Inc.",2024-01,53269.0,41753.0,3.626
"True Comfort Care Home, Inc.",2024-02,12066.0,-41203.0,-0.773
"True Comfort Care Home, Inc.",2024-03,8649.0,-3417.0,-0.283
"True Comfort Care Home, Inc.",2024-04,17168.0,8519.0,0.985
"True Comfort Care Home, Inc.",2024-05,0.0,-17168.0,-1.0
"True Comfort Care Home, Inc.",2024-06 to 2025-06,0.0,0.0,0.0
True Holiness Temple Church of God,2022-07,2951.0,0.0,0.0
True Holiness Temple Church of God,2022-08,4177.0,1226.0,0.415
True Holiness Temple Church of God,2022-09,2251.0,-1926.0,-0.461
True Holiness Temple Church of God,2022-10,3031.0,780.0,0.347
True Holiness Temple Church of God,2022-11,5658.0,2627.0,0.867
True Holiness Temple Church of God,2022-12,7660.0,2002.0,0.354
True Holiness Temple Church of God,2023-01,4898.0,-2762.0,-0.361
True Holiness Temple Church of God,2023-02,1827.0,-3071.0,-0.627
True Holiness Temple Church of God,2023-03,1623.0,-204.0,-0.112
True Holiness Temple Church of God,2023-04,1400.0,-223.0,-0.137
True Holiness Temple Church of God,2023-05,942.0,-458.0,-0.327
True Holiness Temple Church of God,2023-06,2811.0,1869.0,1.984
True Holiness Temple Church of God,2023-07,2632.0,-179.0,-0.064
True Holiness Temple Church of God,2023-08,2321.0,-311.0,-0.118
True Holiness Temple Church of God,2023-09,5476.0,3155.0,1.359
True Holiness Temple Church of God,2023-10,1943.0,-3533.0,-0.645
True Holiness Temple Church of God,2023-11,2187.0,244.0,0.126
True Holiness Temple Church of God,2023-12,2139.0,-48.0,-0.022
True Holiness Temple Church of God,2024-01,5073.0,2934.0,1.372
True Holiness Temple Church of God,2024-02,3432.0,-1641.0,-0.323
True Holiness Temple Church of God,2024-03,3380.0,-52.0,-0.015
True Holiness Temple Church of God,2024-04,4427.0,1047.0,0.31
True Holiness Temple Church of God,2024-05,4067.0,-360.0,-0.081
True Holiness Temple Church of God,2024-06,3634.0,-433.0,-0.106
True Holiness Temple Church of God,2024-07,4908.0,1274.0,0.351
True Holiness Temple Church of God,2024-08,6298.0,1390.0,0.283
True Holiness Temple Church of God,2024-09,2969.0,-3329.0,-0.529
True Holiness Temple Church of God,2024-10,5353.0,2384.0,0.803
True Holiness Temple Church of God,2024-11,1774.0,-3579.0,-0.669
True Holiness Temple Church of God,2024-12,2638.0,864.0,0.487
True Holiness Temple Church of God,2025-01,3033.0,395.0,0.15
True Holiness Temple Church of God,2025-02,5516.0,2483.0,0.819
True Holiness Temple Church of God,2025-03,3181.0,-2335.0,-0.423
True Holiness Temple Church of God,2025-04,2042.0,-1139.0,-0.358
True Holiness Temple Church of God,2025-05,2263.0,221.0,0.108
True Holiness Temple Church of God,2025-06,2594.16,331.15999999999985,0.146
UGA Student Food Pantry,2022-07 to 2023-10,0.0,0.0,0.0
UGA Student Food Pantry,2023-11,10818.0,10818.0,inf
UGA Student Food Pantry,2023-12,0.0,-10818.0,-1.0
UGA Student Food Pantry,2024-01 to 2024-08,0.0,0.0,0.0
UGA Student Food Pantry,2024-09,336.0,336.0,inf
UGA Student Food Pantry,2024-10,4865.0,4529.0,13.479
UGA Student Food Pantry,2024-11,12980.0,8115.0,1.668
UGA Student Food Pantry,2024-12,238.0,-12742.0,-0.982
UGA Student Food Pantry,2025-01,6792.0,6554.0,27.538
UGA Student Food Pantry,2025-02,9450.0,2658.0,0.391
UGA Student Food Pantry,2025-03,8773.0,-677.0,-0.072
UGA Student Food Pantry,2025-04,7868.0,-905.0,-0.103
UGA Student Food Pantry,2025-05,2201.0,-5667.0,-0.72
UGA Student Food Pantry,2025-06,2971.0,770.0,0.35
Unitarian Universalist Fellowship of Athens,2022-07 to 2023-12,0.0,0.0,0.0
Unitarian Universalist Fellowship of Athens,2024-01,253.0,253.0,inf
Unitarian Universalist Fellowship of Athens,2024-02,0.0,-253.0,-1.0
Unitarian Universalist Fellowship of Athens,2024-03,77.0,77.0,inf
Unitarian Universalist Fellowship of Athens,2024-04,0.0,-77.0,-1.0
Unitarian Universalist Fellowship of Athens,2024-05,64.0,64.0,inf
Unitarian Universalist Fellowship of Athens,2024-06,0.0,-64.0,-1.0
Unitarian Universalist Fellowship of Athens,2024-07 to 2024-10,0.0,0.0,0.0
Unitarian Universalist Fellowship of Athens,2024-11,61.0,61.0,inf
Unitarian Universalist Fellowship of Athens,2024-12,0.0,-61.0,-1.0
Unitarian Universalist Fellowship of Athens,2025-01,100.0,100.0,inf
Unitarian Universalist Fellowship of Athens,2025-02,56.0,-44.0,-0.44
Unitarian Universalist Fellowship of Athens,2025-03,0.0,-56.0,-1.0
Unitarian Universalist Fellowship of Athens,2025-04,73.0,73.0,inf
Unitarian Universalist Fellowship of Athens,2025-05,112.0,39.0,0.534
Unitarian Universalist Fellowship of Athens,2025-06,26.0,-86.0,-0.768
Virginia Walker Mobile Pantry,2022-07,11269.0,0.0,0.0
Virginia Walker Mobile Pantry,2022-08,10266.0,-1003.0,-0.089
Virginia Walker Mobile Pantry,2022-09,11340.0,1074.0,0.105
Virginia Walker Mobile Pantry,2022-10,9217.0,-2123.0,-0.187
Virginia Walker Mobile Pantry,2022-11,10004.0,787.0,0.085
Virginia Walker Mobile Pantry,2022-12,11110.0,1106.0,0.111
Virginia Walker Mobile Pantry,2023-01,8627.0,-2483.0,-0.223
Virginia Walker Mobile Pantry,2023-02,8883.0,256.0,0.03
Virginia Walker Mobile Pantry,2023-03,7973.0,-910.0,-0.102
Virginia Walker Mobile Pantry,2023-04,10815.0,2842.0,0.356
Virginia Walker Mobile Pantry,2023-05,7730.0,-3085.0,-0.285
Virginia Walker Mobile Pantry,2023-06,10408.0,2678.0,0.346
Virginia Walker Mobile Pantry,2023-07,10784.0,376.0,0.036
Virginia Walker Mobile Pantry,2023-08,7541.0,-3243.0,-0.301
Virginia Walker Mobile Pantry,2023-09,14216.0,6675.0,0.885
Virginia Walker Mobile Pantry,2023-10,11733.0,-2483.0,-0.175
Virginia Walker Mobile Pantry,2023-11,11980.0,247.0,0.021
Virginia Walker Mobile Pantry,2023-12,12150.0,170.0,0.014
Virginia Walker Mobile Pantry,2024-01,11239.0,-911.0,-0.075
Virginia Walker Mobile Pantry,2024-02,11867.0,628.0,0.056
Virginia Walker Mobile Pantry,2024-03,12858.0,991.0,0.084
Virginia Walker Mobile Pantry,2024-04,11738.0,-1120.0,-0.087
Virginia Walker Mobile Pantry,2024-05,11904.0,166.0,0.014
Virginia Walker Mobile Pantry,2024-06,10867.0,-1037.0,-0.087
Virginia Walker Mobile Pantry,2024-07,10502.0,-365.0,-0.034
Virginia Walker Mobile Pantry,2024-08,0.0,-10502.0,-1.0
Virginia Walker Mobile Pantry,2024-09 to 2025-06,0.0,0.0,0.0
Winterville First Baptist Church,2022-07,6468.0,0.0,0.0
Winterville First Baptist Church,2022-08,6768.0,300.0,0.046
Winterville First Baptist Church,2022-09,6848.0,80.0,0.012
Winterville First Baptist Church,2022-10,9768.0,2920.0,0.426
Winterville First Baptist Church,2022-11,6920.0,-2848.0,-0.292
Winterville First Baptist Church,2022-12,6396.0,-524.0,-0.076
Winterville First Baptist Church,2023-01,5004.0,-1392.0,-0.218
Winterville First Baptist Church,2023-02,4780.0,-224.0,-0.045
Winterville First Baptist Church,2023-03,5276.0,496.0,0.104
Winterville First Baptist Church,2023-04,3273.0,-2003.0,-0.38
Winterville First Baptist Church,2023-05,5333.0,2060.0,0.629
Winterville First Baptist Church,2023-06,5838.0,505.0,0.095
Winterville First Baptist Church,2023-07,5435.0,-403.0,-0.069
Winterville First Baptist Church,2023-08,7963.0,2528.0,0.465
Winterville First Baptist Church,2023-09,4045.0,-3918.0,-0.492
Winterville First Baptist Church,2023-10,5956.0,1911.0,0.472
Winterville First Baptist Church,2023-11,8477.0,2521.0,0.423
Winterville First Baptist Church,2023-12,7226.0,-1251.0,-0.148
Winterville First Baptist Church,2024-01,6740.0,-486.0,-0.067
Winterville First Baptist Church,2024-02,8658.0,1918.0,0.285
Winterville First Baptist Church,2024-03,6601.0,-2057.0,-0.238
Winterville First Baptist Church,2024-04,6723.0,122.0,0.018
Winterville First Baptist Church,2024-05,8496.0,1773.0,0.264
Winterville First Baptist Church,2024-06,6911.08,-1584.92,-0.187
Winterville First Baptist Church,2024-07,5008.0,-1903.08,-0.275
Winterville First Baptist Church,2024-08,8037.0,3029.0,0.605
Winterville First Baptist Church,2024-09,6062.0,-1975.0,-0.246
Winterville First Baptist Church,2024-10,9237.0,3175.0,0.524
Winterville First Baptist Church,2024-11,11395.0,2158.0,0.234
Winterville First Baptist Church,2024-12,8626.0,-2769.0,-0.243
Winterville First Baptist Church,2025-01,8160.0,-466.0,-0.054
Winterville First Baptist Church,2025-02,8554.0,394.0,0.048
Winterville First Baptist Church,2025-03,6035.0,-2519.0,-0.294
Winterville First Baptist Church,2025-04,5791.0,-244.0,-0.04
Winterville First Baptist Church,2025-05,8227.0,2436.0,0.421
Winterville First Baptist Church,2025-06,7298.0,-929.0,-0.113
Women's Recovery Resources,2022-07 to 2024-02,0.0,0.0,0.0
Women's Recovery Resources,2024-03,1327.0,1327.0,inf
Women's Recovery Resources,2024-04,4177.0,2850.0,2.148
Women's Recovery Resources,2024-05,3942.0,-235.0,-0.056
Women's Recovery Resources,2024-06,1654.0,-2288.0,-0.58
Women's Recovery Resources,2024-07,4144.0,2490.0,1.505
Women's Recovery Resources,2024-08,2551.0,-1593.0,-0.384
Women's Recovery Resources,2024-09,3095.0,544.0,0.213
Women's Recovery Resources,2024-10,2184.0,-911.0,-0.294
Women's Recovery Resources,2024-11,4668.0,2484.0,1.137
Women's Recovery Resources,2024-12,3767.0,-901.0,-0.193
Women's Recovery Resources,2025-01,3460.0,-307.0,-0.081
Women's Recovery Resources,2025-02,2836.0,-624.0,-0.18
Women's Recovery Resources,2025-03,4797.0,1961.0,0.691
Women's Recovery Resources,2025-04,2914.0,-1883.0,-0.393
Women's Recovery Resources,2025-05,2989.0,75.0,0.026
Women's Recovery Resources,2025-06,3001.0,12.0,0.004
iServe Ministries/Athens,2022-07,37350.0,0.0,0.0
iServe Ministries/Athens,2022-08,31038.0,-6312.0,-0.169
iServe Ministries/Athens,2022-09,36407.0,5369.0,0.173
iServe Ministries/Athens,2022-10,30761.0,-5646.0,-0.155
iServe Ministries/Athens,2022-11,0.0,-30761.0,-1.0
iServe Ministries/Athens,2022-12 to 2025-06,0.0,0.0,0.0
